,1_NRAS,2_DNMT3A,2_SF3B1,2_IDH1,3_GATA2,4_KIT,4_TET2,5_NPM1,7_EZH2,9_JAK2,11_WT1,12_KRAS,12_PTPN11,13_FLT3,15_IDH2,17_TP53,17_SRSF2,20_ASXL1,21_RUNX1,21_U2AF1
0,67,462,99,56,20,393,1140,0,503,40,380,8,266,465,13,315,49,330,182,80
1,381,2921,168,43,238,619,2741,19,987,88,558,476,868,1045,93,917,71,1042,1070,421
2,407,4753,1235,93,66,1224,9170,260,1490,67,1620,589,1631,1897,453,2617,44,1750,795,366
3,212,1736,401,165,148,766,3353,17,815,40,875,140,915,1750,88,797,98,678,376,341
4,88,2120,286,188,87,358,2276,5,979,18,495,206,607,758,111,694,26,802,212,140
5,305,2256,184,189,189,687,2044,141,1764,28,889,178,917,1000,174,766,44,783,321,356
6,100,1005,459,42,98,305,2274,131,515,19,416,78,494,513,91,681,3,465,338,86
7,147,2483,401,182,56,995,4217,41,1607,36,933,315,861,1448,228,1134,77,1154,650,471
8,113,925,147,123,135,131,1241,5,628,9,487,106,247,745,65,373,21,405,143,213
9,491,4444,392,225,189,1213,9950,204,1307,67,2103,387,1413,2774,671,2514,30,1714,1727,585
10,91,617,152,42,14,166,1616,66,233,15,264,161,217,311,25,311,3,184,132,55
11,364,2671,610,137,165,856,7328,87,1163,67,764,458,1101,1692,397,1127,16,1665,982,332
12,280,3413,706,310,320,958,8609,20,1493,128,1832,413,1418,2132,136,2159,49,1974,1184,598
13,280,2521,801,6,363,661,6659,145,1923,53,582,814,1093,1035,210,574,5,998,314,182
14,512,3396,945,59,177,1425,10492,269,1799,63,1856,913,1520,2569,438,2530,138,1677,1319,522
15,148,1815,296,117,2,544,2870,11,690,19,664,109,529,1197,26,750,35,922,359,102
16,237,2934,189,125,84,682,6152,90,2007,55,1064,703,958,1604,132,1350,40,1364,922,272
17,1032,10493,2152,370,465,2820,17552,692,5664,1,3695,1003,3544,4859,838,4443,78,3515,3421,688
18,639,5909,1260,405,830,2027,15636,404,4088,16,2482,1462,2525,3328,256,3068,55,3172,1521,1094
19,392,4542,1118,243,231,1199,10673,436,354,16,1908,491,1230,1776,710,2579,83,1854,690,500
20,127,2326,691,85,430,877,5683,203,2390,2,1391,655,639,1513,407,1294,5,1153,753,285
21,448,4691,964,354,360,1529,11042,33,3586,10,1815,1212,1602,3112,349,3159,56,2232,1434,849
22,690,5631,1022,261,234,1676,12000,268,3676,138,2330,1273,2113,3116,426,2709,109,2279,1585,628
23,72,735,217,47,4,172,1864,80,199,3,407,51,257,396,57,458,7,380,113,114
24,421,3528,811,305,160,928,7880,178,1524,123,1484,287,1479,2223,401,1847,58,2096,909,569
25,163,1905,404,98,63,597,3541,4,567,4,555,149,666,904,252,967,67,680,748,308
26,752,7435,1500,253,346,1895,14390,226,4509,166,2756,1697,2285,3391,477,3369,54,2595,563,767
27,375,5753,455,179,202,979,10685,83,1210,85,1086,414,1144,1270,166,1404,26,2048,1061,646
28,239,2931,680,152,178,946,3713,154,1448,62,710,347,1065,1701,104,1241,20,1437,810,265
29,780,7555,1400,218,121,1792,14821,170,2477,100,1954,1005,2704,3320,571,2930,85,2788,2055,802
30,318,2449,1027,275,329,1336,7157,1,1542,104,1559,512,1564,1350,446,2456,12,2114,869,609
31,61,962,187,79,78,264,1215,0,772,11,488,140,521,571,19,298,10,391,163,121
32,305,2402,545,254,223,981,4616,17,1445,71,1002,43,922,1192,74,432,7,1198,306,291
33,228,4791,919,191,359,1782,11289,143,3406,89,1962,1342,1806,2504,302,1383,3,1961,1169,390
34,417,4276,1098,76,251,1057,9681,52,3274,115,1731,821,1434,1683,302,2251,16,1950,1583,354
35,467,3444,749,112,386,1377,6264,31,2353,112,1402,790,1147,1364,115,1435,31,1756,1283,468
36,107,2394,424,74,84,359,5240,160,952,47,962,153,784,1088,161,685,8,767,673,243
37,905,5988,1543,110,199,1593,12072,204,2399,203,2530,874,2123,2861,731,3101,135,2894,2161,631
38,375,2844,594,312,301,1140,3652,32,833,101,1603,229,800,1714,57,1751,37,1854,1235,384
39,368,2133,488,130,50,927,4063,207,1295,7,1091,581,676,984,42,975,32,842,507,194
40,513,3219,890,228,195,416,784,273,835,22,967,597,1129,2047,116,1538,15,705,1244,278
41,123,710,179,34,78,282,1912,26,713,3,379,289,264,290,99,386,1,281,281,85
42,630,4683,886,306,234,852,12065,403,579,10,2323,437,1599,2984,469,2919,17,3081,1962,258
43,244,2374,422,132,182,852,3985,77,1614,26,1138,536,430,1171,191,1439,33,1196,927,163
44,331,3629,1454,272,469,1027,14504,431,1627,93,1684,9,1731,2467,224,2823,21,1480,629,489
45,288,3025,534,182,258,952,5898,54,1917,72,1257,410,1035,1957,303,899,26,1103,675,568
46,145,1531,316,116,109,756,3459,19,1535,25,948,453,768,1507,152,986,31,919,607,229
47,759,8421,1476,364,857,1659,14090,131,5696,120,2790,1608,2147,3860,725,3507,31,2941,1792,1002
48,282,2769,579,189,3,911,4658,25,797,60,1232,329,1077,973,97,1402,39,911,1042,314
49,301,4789,1193,231,464,1604,8057,62,2757,132,1776,414,1566,2121,357,2283,7,1795,781,680
50,475,3516,528,165,222,1228,8639,255,1825,122,1239,688,1346,1877,213,2029,44,1140,867,363
51,81,1180,231,87,52,218,724,8,322,27,320,257,280,408,40,252,4,329,267,190
52,559,5512,385,242,285,1734,10973,201,1705,115,1459,596,1534,1250,414,2230,17,2569,1914,407
53,127,1360,430,122,129,430,1980,41,982,16,708,123,459,1061,113,532,12,613,534,220
54,368,2291,562,139,169,805,3278,25,1350,96,905,529,754,1365,69,1426,44,1126,692,496
55,667,5111,1094,287,511,847,10985,119,4185,35,1752,1434,2130,2720,330,2430,27,2497,1958,456
56,228,2287,299,62,141,606,4348,24,725,7,878,21,1001,892,104,885,92,926,694,277
57,195,3274,424,174,80,950,6995,183,954,91,1305,279,1169,1235,363,945,23,1281,934,454
58,163,2600,457,222,100,668,5072,62,2102,58,1113,468,827,1452,67,1480,13,1358,629,430
59,97,1735,295,110,207,498,3788,4,1380,6,503,469,763,1253,66,947,9,947,374,219
60,505,4645,869,213,447,1334,8209,110,3329,89,1503,886,1355,1921,358,2454,83,1824,1275,386
61,800,7875,2018,258,431,1167,16052,358,2043,228,3074,1248,2145,3307,659,4123,56,3793,1939,558
62,257,2634,279,29,136,749,5434,69,723,20,1301,265,1128,1353,412,1504,25,1545,595,478
63,687,5334,987,248,93,1620,9077,304,1575,122,2120,732,865,2691,409,2810,50,1873,1041,544
64,147,1099,325,90,46,178,2866,105,495,47,395,269,190,636,109,726,13,489,59,112
65,373,2269,683,128,381,726,3638,70,2289,37,898,612,823,764,108,1198,7,1042,807,252
66,789,12024,1860,581,1316,2695,24243,877,4110,142,3584,989,3401,4682,643,5981,59,5110,2921,1475
67,142,980,78,81,61,346,921,0,197,6,445,92,298,33,25,328,21,460,236,123
68,341,2294,913,132,0,632,6193,250,1634,98,1389,470,1712,2069,421,2097,0,2474,985,505
69,495,5039,1283,270,310,839,9750,175,1241,79,1330,755,1482,1794,427,1832,15,1746,975,467
70,69,2232,295,131,270,429,4905,106,639,25,1037,284,398,606,144,812,24,777,553,167
71,187,759,297,33,220,424,2968,24,411,17,633,175,443,714,148,753,21,514,285,63
72,91,481,153,26,30,253,1593,41,591,4,290,139,243,527,164,383,3,411,352,129
73,875,7068,1533,493,83,2383,14963,467,3907,131,3095,2201,2466,4079,975,3849,33,3203,1484,660
74,472,3761,792,207,129,1218,5084,23,1280,11,1174,638,1235,2263,194,1586,24,1465,186,541
75,360,3432,713,159,232,845,7530,326,1359,29,1258,477,930,1856,276,1489,25,1101,748,275
76,195,2056,285,117,0,559,3077,18,630,34,726,109,726,1282,131,907,47,896,634,38
77,251,1508,325,108,52,499,2353,1,122,15,871,296,636,1018,76,406,44,897,333,262
78,344,2569,199,109,73,718,3173,5,1499,24,987,364,664,1118,239,1229,51,1002,882,207
79,396,4633,799,180,483,1450,7046,520,2270,52,1672,499,1201,2233,420,2346,61,1631,1238,547
80,187,1512,199,39,138,548,3948,15,862,42,891,342,523,667,161,802,27,412,320,311
81,705,3369,444,167,314,1469,6301,125,1804,55,1426,359,1746,1879,288,1216,56,1357,721,567
82,146,878,259,133,18,635,1800,6,421,60,370,88,430,701,50,228,85,385,268,146
83,350,4557,1143,183,630,1041,10561,228,2558,33,1321,793,1254,1915,165,2130,9,2114,1767,430
84,402,2837,1059,243,302,1058,7848,358,1154,65,1657,569,678,1686,298,1872,9,1600,1314,440
85,733,4717,863,316,195,1486,9138,75,2556,115,2223,855,1495,2738,284,2797,74,2157,1222,631
86,849,6489,1732,403,372,2584,14474,344,3258,123,2969,512,2627,3064,258,3572,96,2419,1912,811
87,216,1314,253,90,39,591,3146,38,837,51,449,363,634,840,203,807,19,837,478,67
88,119,847,127,39,23,433,923,8,306,7,365,73,412,569,65,394,20,286,253,189
89,331,3801,579,213,460,895,9573,224,3379,62,1129,1175,1530,2149,462,2322,23,1505,981,236
90,236,1537,413,134,61,488,3867,31,700,20,890,403,708,631,121,925,2,1015,192,238
91,144,1021,448,7,181,453,4285,61,1297,20,644,548,692,743,149,891,5,805,471,119
92,298,2822,388,178,176,1022,6348,196,2217,123,1600,746,1245,1473,172,1529,35,1229,990,518
93,154,1603,146,72,79,418,2641,48,358,43,618,181,485,947,241,1000,40,552,450,157
94,119,1054,212,65,12,524,2403,15,515,32,568,160,506,834,0,515,23,683,369,240
95,101,2250,287,91,228,942,3790,8,84,3,797,186,622,1600,7,1029,18,848,785,555
96,102,1184,237,32,130,279,2728,37,738,13,570,397,307,679,82,576,9,337,221,102
97,147,701,117,178,164,322,5210,124,1263,25,625,261,772,1148,248,842,11,684,520,261
98,204,1232,156,108,49,574,1450,5,694,34,556,82,652,850,22,407,52,570,273,135
99,188,2289,255,161,130,819,2838,24,1147,55,959,538,1062,1532,72,935,51,1032,804,444
100,150,1112,277,133,127,487,1666,1,668,41,323,96,700,941,26,698,12,613,268,69
101,185,1667,249,72,72,975,6656,28,1023,73,1344,507,722,1172,314,867,26,1095,656,256
102,459,3933,522,169,313,1139,5451,13,1622,61,1397,518,816,1902,107,1713,67,1404,744,326
103,575,4385,1006,281,114,950,9178,434,1540,60,1682,661,1489,1326,172,2700,62,1679,1276,468
104,230,1790,451,143,114,673,4863,130,726,14,753,2,629,810,48,1074,37,1142,235,265
105,161,1909,326,128,3,425,3396,12,258,79,714,318,551,4113,86,857,36,800,886,268
106,593,6459,1595,272,216,1992,13760,2,2268,130,2234,23,2224,3022,664,2652,39,1568,1209,670
107,221,2272,550,65,75,601,4605,69,591,12,639,99,584,1178,149,1041,16,851,455,45
108,461,3752,983,189,279,484,9532,313,1247,42,1614,470,1033,1913,287,2254,12,1476,1387,614
109,1054,9814,1808,412,358,3371,20490,185,3822,236,3945,1419,3954,4596,954,4369,77,4393,2159,1252
110,188,1438,431,32,215,601,4081,69,363,17,185,127,367,713,67,460,10,610,764,81
111,325,2616,466,87,0,1225,6054,104,793,61,630,267,1136,1296,135,705,40,1548,697,531
112,109,2342,477,142,113,682,3465,52,744,48,987,247,757,1386,181,1602,16,1078,1138,416
113,245,324,732,170,344,647,5996,37,1278,57,606,786,826,630,143,1248,0,1425,388,395
114,335,3551,814,183,238,1096,7726,68,2503,67,757,871,1423,1907,57,1576,31,906,1154,384
115,1210,6866,1868,447,1032,3923,23191,178,7296,310,4052,1611,3902,4844,517,5628,187,4756,2791,1287
116,595,4844,1069,273,215,1129,11534,235,3407,142,2429,1251,1922,2194,622,2468,21,2401,1054,554
117,140,544,149,87,35,374,1431,16,376,22,529,91,369,794,49,655,123,615,357,127
118,1000,7500,811,212,678,1940,16072,334,2401,117,1364,1162,2647,2063,298,2356,67,2181,1629,939
119,38,2597,102,10,238,89,725,14,118,3,113,47,76,127,5,162,0,86,64,12
120,547,4215,763,231,324,1469,7899,101,1459,127,1270,348,808,2387,314,2128,54,2237,1447,262
121,30,895,196,59,45,125,2039,46,633,6,377,216,55,260,41,374,0,347,218,64
122,496,5346,1038,308,541,1832,5856,100,4569,114,1876,1363,2551,2034,531,2813,82,2246,435,240
123,280,2279,516,159,126,773,4372,30,485,23,1122,265,806,1591,148,1283,16,929,818,233
124,103,578,169,104,33,270,1343,16,493,15,370,138,336,486,27,356,29,286,116,200
125,170,1906,278,124,25,565,4234,36,936,37,937,126,572,933,102,889,83,1070,673,262
126,1056,7129,2394,462,748,2114,20767,820,5731,151,2941,2367,3054,784,969,4882,52,3900,1403,1382
127,441,2727,692,242,522,893,6249,117,2044,1,1047,927,1137,1907,460,2125,36,1943,641,395
128,394,2375,490,212,107,890,3600,17,968,48,1353,150,760,1383,166,585,1,1399,547,340
129,884,7293,1058,421,517,1786,14761,705,3084,131,2074,943,2639,3566,646,3440,73,3427,1561,429
130,388,1918,600,196,65,1269,4000,156,2496,113,1669,717,864,1881,358,1759,54,587,295,412
131,209,1742,561,98,65,533,4487,37,790,28,531,357,857,1420,253,695,6,701,622,140
132,25,2182,581,212,82,1188,5606,69,1700,37,498,302,778,1534,82,896,1,933,1068,108
133,350,4472,868,365,304,1544,9148,20,3561,55,2122,971,1676,3551,266,2073,123,2059,1123,482
134,583,4800,1258,193,32,2170,14063,171,1738,55,2528,212,2028,2550,538,2362,55,2797,1440,406
135,180,1657,270,46,62,629,1668,19,567,22,421,10,707,834,28,711,43,740,356,218
136,563,3875,421,123,437,1160,8276,382,1322,29,1722,449,1639,2267,139,2620,16,2249,594,495
137,405,2831,431,245,145,1417,4543,45,1002,3,1158,257,1052,1586,126,1185,56,1376,857,258
138,87,2610,412,225,117,709,5896,148,1208,23,980,382,838,1546,280,1231,6,1012,619,500
139,103,557,61,77,28,321,1569,3,422,11,649,117,402,766,64,214,74,514,496,156
140,500,4826,288,254,154,1245,9155,97,1668,49,1782,513,1418,1470,585,2347,98,2104,1418,316
141,124,714,70,72,71,224,1064,30,486,26,129,149,369,383,61,335,5,219,149,106
142,137,1117,116,71,22,406,1180,5,406,58,486,59,323,796,20,482,18,557,342,204
143,63,662,162,23,53,201,2012,82,583,8,366,121,156,225,51,465,7,433,238,88
144,555,5076,757,176,710,1196,12319,139,1064,19,1886,247,1431,2244,88,2495,32,1876,1090,205
145,150,805,139,75,54,197,1466,50,389,11,322,150,407,291,91,422,4,297,188,97
146,728,6022,1315,271,310,1971,12810,413,3030,71,2740,1514,2567,3668,701,3928,32,3117,1678,856
147,306,1419,742,127,134,919,4691,91,727,54,980,254,993,1588,199,1156,3,1172,660,218
148,719,7551,786,577,328,2058,3776,325,2733,191,2433,959,2008,3680,799,2531,8,2847,1968,495
149,276,2731,448,303,152,1023,6213,110,875,92,1134,175,1363,2054,363,1709,34,1398,593,555
150,318,3160,713,124,127,854,4270,30,1918,37,1364,611,1013,1078,195,1657,11,1568,1102,342
151,405,3935,448,137,506,1295,7311,51,2760,62,1293,376,1445,2359,329,2556,24,722,868,349
152,46,577,105,48,18,155,1049,2,481,7,270,88,288,355,14,310,23,203,266,89
153,583,5426,1060,313,452,1903,9393,117,2753,191,2146,577,1902,2716,508,2772,100,2373,1939,839
154,63,906,133,43,0,303,864,0,233,12,504,9,400,456,15,150,6,356,177,64
155,668,4077,1486,344,251,1820,8652,506,3218,69,2779,942,1681,2849,172,3274,40,2114,1314,426
156,738,5235,890,314,341,1282,10266,195,2074,95,2046,831,1308,1700,423,3128,13,2128,1358,710
157,138,805,276,62,79,356,2311,29,519,32,459,231,372,670,72,573,2,305,248,91
158,171,1470,234,120,0,490,2585,28,544,54,631,139,537,544,37,843,15,737,582,238
159,212,1919,357,254,192,708,4875,71,1404,26,836,294,862,1112,68,846,11,1113,860,263
160,154,1114,137,50,53,181,1595,103,394,16,387,7,377,597,35,495,19,459,190,81
161,263,2092,236,17,216,569,4462,121,985,48,476,232,823,1314,24,1049,6,1063,728,241
162,88,348,207,27,45,224,2023,244,180,8,544,64,352,604,23,610,4,421,242,12
163,103,793,201,76,2,372,1600,9,333,45,304,144,333,796,23,424,38,469,167,78
164,485,4442,707,183,436,1052,9546,343,2580,63,1311,1134,1298,1888,367,1785,27,1621,1342,431
165,409,2086,389,121,159,754,6556,349,1152,48,1130,258,1183,1006,269,834,3,1153,468,281
166,565,4066,552,156,285,1619,9883,60,1934,175,1896,604,2033,2726,382,2148,50,2978,1693,679
167,344,3396,451,124,255,1090,7197,53,2161,68,830,891,1230,1161,39,1521,89,981,432,293
168,196,1961,531,176,281,580,5103,123,1744,13,299,494,946,824,243,1504,38,657,880,217
169,229,2664,472,335,131,956,3769,46,1292,24,1055,343,879,2047,102,1392,53,1197,875,266
170,608,5140,954,399,29,1495,11672,97,1411,121,2272,771,2588,2978,253,3026,91,2562,1719,759
171,695,5782,847,405,152,1557,12643,111,2285,42,2518,510,2205,2725,293,2549,53,2696,1387,430
172,348,3119,518,94,144,879,7255,6,1750,1,1413,429,854,1611,292,1525,34,1385,1338,364
173,991,6876,1856,598,763,2461,18389,381,6513,1,3290,1818,3152,4759,858,4545,106,3778,2699,1335
174,65,419,164,24,17,310,1704,80,119,17,204,271,289,515,88,321,6,394,235,123
175,402,3185,423,205,234,1229,4775,82,1781,31,1267,349,755,1217,313,1231,29,1300,686,454
176,357,4009,775,121,98,1179,7179,48,1388,1,1510,336,1416,2256,198,1804,13,1716,814,280
177,199,2355,490,134,45,1226,6227,9,1277,96,1120,73,1095,983,132,1259,11,1223,759,433
178,166,1480,437,225,58,565,2522,6,637,38,730,71,758,975,180,937,37,788,588,212
179,459,2389,166,134,500,1221,8528,139,1276,51,1181,275,1011,2061,373,2161,31,1573,927,252
180,328,3627,596,321,170,990,6047,74,1629,30,1400,802,973,1049,198,2309,16,1057,899,143
181,773,6609,1112,326,549,1968,11926,381,3979,102,1299,1469,2030,2434,308,2907,58,2865,1550,616
182,453,2939,429,172,172,676,5918,59,1248,40,1152,237,1251,1611,35,1945,48,1171,913,420
183,304,2051,368,142,1,635,3879,3,474,89,373,270,809,859,79,878,77,915,404,256
184,68,660,441,105,100,184,3764,9,1324,22,1192,295,628,1010,84,724,18,517,674,307
185,940,7008,2023,510,1073,1332,7678,257,4040,55,3405,1482,2330,4682,696,4562,43,2645,1392,549
186,475,3948,763,308,211,1007,8629,171,2974,200,1898,892,1252,2003,369,2089,19,1497,965,323
187,896,10247,1573,763,648,3106,19535,283,3833,278,3034,539,3638,5106,690,3960,220,4886,2964,1682
188,388,1242,493,195,140,1029,7528,74,1441,44,1678,420,1122,1649,197,1422,35,1559,756,274
189,218,2221,501,166,90,494,5975,40,329,47,1004,197,832,1323,208,1029,13,1018,701,329
190,108,938,72,46,73,365,2320,0,635,38,433,58,319,717,6,404,15,682,498,174
191,109,1903,202,224,112,739,1435,17,1357,25,799,436,439,505,45,934,50,522,535,300
192,1200,11435,2273,771,1353,4960,23321,191,128,309,4344,1365,4313,5229,1870,6396,21,6604,3047,1928
193,461,2118,778,168,226,939,7122,134,288,68,1315,661,952,2187,217,2587,7,1769,867,295
194,593,5064,704,323,440,1042,11014,84,2130,100,1971,1230,1691,2678,328,844,53,1807,1026,406
195,177,1724,459,107,114,970,3232,36,470,54,733,230,915,1204,138,1362,33,879,705,350
196,257,942,40,97,0,530,2830,4,678,12,1000,161,473,1043,96,552,21,762,530,193
197,87,660,129,69,83,193,1488,0,606,16,412,161,354,415,65,627,8,472,154,113
198,222,2402,616,154,138,948,56,20,1087,22,986,449,832,1646,160,1310,3,1150,1009,263
199,191,1545,231,186,121,494,1569,10,1379,32,549,240,474,980,101,658,29,772,406,305
200,660,4526,1035,208,165,1421,5087,75,2653,72,1634,774,1323,1795,462,2353,57,882,931,557
201,457,2211,463,181,222,1086,7941,124,2407,90,1530,973,1381,1452,183,813,5,1618,751,611
202,229,1375,382,100,40,407,3159,258,352,14,647,71,578,614,107,791,26,751,517,102
203,746,5167,821,203,578,2077,13141,434,1628,98,2019,808,2270,3972,558,3427,15,2854,1463,330
204,272,3374,565,164,18,1107,4334,21,1921,50,1279,746,1025,1551,189,1168,19,846,504,411
205,558,6757,1167,476,262,1867,10880,323,489,30,2162,759,2111,3055,567,3382,31,2394,1885,941
206,182,1751,324,110,114,680,3983,35,1408,74,875,433,795,1133,43,782,61,806,487,347
207,552,6328,1096,272,480,836,14652,387,1303,143,1819,716,1664,1559,576,3083,28,1862,1074,1002
208,282,1619,158,108,123,861,3359,10,529,4,501,122,736,1568,9,886,16,736,489,81
209,663,6551,1148,277,234,2410,12904,460,3800,77,2510,689,2157,2698,289,2640,138,1671,1427,710
210,461,3316,450,139,0,821,7104,219,1142,41,1235,356,1063,1622,316,1483,60,1330,1077,255
211,132,2853,641,145,121,1081,5887,28,985,40,1109,406,852,1856,218,1188,109,1228,885,306
212,95,839,296,147,32,292,2178,18,582,21,509,259,348,574,63,541,11,671,383,161
213,486,4978,765,272,95,1265,7476,72,1728,121,1970,374,1678,2112,163,2328,40,1999,1356,624
214,83,556,102,82,74,143,1268,3,348,19,366,29,471,864,42,346,12,331,318,98
215,437,3157,609,451,151,1637,7994,199,1426,7,2385,389,2093,2400,2,1222,54,1746,1430,880
216,573,3093,1159,233,249,1773,8833,222,2079,149,1746,774,1657,1994,692,2201,76,1710,1174,356
217,379,3211,636,129,114,874,5810,9,1273,28,1198,382,1078,1737,91,1419,18,1298,671,573
218,540,4655,919,221,275,1593,10670,116,1397,79,2336,609,1820,2221,308,3148,20,2517,1410,652
219,227,3014,251,306,97,845,6647,92,1098,91,1245,270,837,1611,218,1569,61,1362,414,452
220,553,5297,962,268,660,1502,12544,139,2175,66,1638,1317,1437,2168,39,2425,72,1987,1399,532
221,677,11806,2417,561,1154,3915,18571,523,6212,163,3709,1277,3898,4698,907,4468,71,3957,2229,1260
222,376,1359,694,80,180,727,6247,234,2188,37,892,672,755,1408,104,1517,12,1108,429,251
223,353,3067,673,188,198,1019,3024,53,1983,26,1236,219,1208,1726,317,1677,19,1136,1245,307
224,426,2321,663,211,185,961,5103,35,1012,45,1167,747,891,1976,307,1514,21,1149,541,258
225,423,4324,749,232,136,895,9270,182,1946,49,1351,300,1558,2054,393,1889,32,2277,741,534
226,431,2793,934,146,312,931,4918,24,1642,81,1209,148,913,1589,79,1561,16,947,874,383
227,105,469,165,69,32,253,2511,84,330,19,347,126,329,514,89,595,9,504,215,184
228,413,2692,500,117,339,787,4698,59,1841,111,1262,711,800,1880,106,1121,30,691,562,449
229,222,1072,487,71,185,637,4226,108,1376,42,746,313,690,1120,150,903,14,468,566,136
230,134,1472,383,106,76,560,1853,8,946,1,558,261,532,1035,46,440,32,446,371,145
231,531,4549,1065,370,130,2345,8331,187,2115,107,2169,966,2033,2166,556,2538,28,1828,1362,498
232,245,1916,439,149,287,391,3155,86,1519,66,743,480,1090,1146,296,611,14,981,613,279
233,341,2734,247,161,203,715,3143,8,1520,40,1226,270,669,1124,65,1379,57,1205,763,491
234,135,871,251,38,93,226,2038,27,40,7,341,209,279,605,97,464,4,338,213,153
235,217,1967,511,139,81,549,6376,56,917,34,949,18,701,954,253,1231,24,887,511,219
236,404,4440,431,305,269,1101,6636,4,2601,92,1099,1016,1118,2163,396,1791,46,1806,1280,405
237,390,406,603,206,101,1157,6120,45,936,40,1198,568,1019,1517,213,1771,82,1966,1394,604
238,303,2101,854,269,223,763,7632,298,1426,14,1312,713,1169,1809,300,2014,30,719,491,233
239,471,5067,1129,152,531,1514,7663,288,969,73,1778,701,1547,2184,290,2037,7,2415,1411,638
240,569,5612,1823,394,440,1811,13739,452,3310,101,2724,1711,2047,2783,299,3462,34,2476,2172,659
241,258,380,298,115,197,874,2853,9,1259,30,613,212,702,1163,58,740,24,860,593,252
242,388,3121,677,175,22,1162,7815,7,2575,34,2103,1017,1241,2303,349,1721,17,1999,68,424
243,165,1462,297,72,122,527,2949,4,1071,26,770,322,646,1240,34,692,53,856,589,180
244,237,4742,772,156,323,1822,8621,2,2732,137,1622,1038,1270,2173,295,2234,33,891,1202,482
245,1103,11039,1708,522,932,2119,20963,774,6740,223,3193,2065,3335,4805,907,5466,9,3529,2197,1235
246,174,1430,484,103,142,452,3124,20,1450,22,558,264,453,956,75,898,5,609,525,145
247,343,2188,289,246,93,723,4627,28,728,41,861,198,1118,1052,50,1043,26,1165,125,395
248,184,1592,141,70,100,440,2549,3,834,6,617,189,569,890,152,692,3,671,309,159
249,640,5214,1330,358,387,1703,12266,119,1821,89,2299,651,1879,3081,294,3031,51,1904,1145,640
250,132,801,109,75,12,230,827,7,244,1,331,30,287,513,6,216,15,259,203,100
251,190,1241,192,154,132,444,3097,116,1065,13,700,209,673,894,180,627,27,670,466,144
252,974,6577,1269,457,660,2692,13556,90,4538,194,2664,1381,2202,4589,480,3173,41,2139,1898,683
253,419,3300,752,182,215,1298,8576,100,1456,40,1406,516,1350,2114,321,2090,24,1748,790,535
254,532,5648,1228,144,63,1556,7705,142,1432,77,2018,435,1779,2035,199,1968,49,1741,1238,590
255,455,4796,1347,406,71,1730,11659,165,1838,154,2214,826,1887,3353,481,2851,0,2584,1454,753
256,231,1363,413,110,123,564,3183,35,956,39,670,399,605,774,67,606,8,777,245,94
257,109,1071,158,30,62,340,2327,77,432,3,399,112,410,538,131,505,9,516,124,228
258,154,1194,238,20,159,334,3186,86,442,16,320,107,302,828,10,702,2,497,381,77
259,272,3317,657,194,150,805,3347,135,1059,57,1452,430,1225,1639,349,1200,44,1153,1142,385
260,59,564,156,45,85,144,1265,0,285,10,298,147,222,298,35,349,4,211,108,79
261,209,1481,359,154,73,835,1608,4,507,14,982,75,870,944,62,1088,176,591,434,304
262,817,3293,1331,417,547,2005,11290,145,3623,69,1486,1180,1901,3097,368,3258,71,2833,1008,842
263,620,5113,1174,294,509,1443,13475,95,1491,64,2342,984,2199,3605,757,3039,41,2638,1031,582
264,263,1615,508,264,152,434,5134,179,1551,43,1069,317,1051,1960,111,1658,41,1447,204,561
265,178,636,100,59,0,199,704,0,587,6,523,91,208,597,16,173,14,460,375,151
266,66,427,69,74,74,453,1859,5,283,48,316,216,522,626,9,619,32,326,256,236
267,130,1292,142,71,49,282,2053,4,370,6,666,149,235,695,59,557,9,586,349,165
268,219,1438,220,133,127,589,3118,94,580,6,849,211,788,788,89,957,6,758,731,173
269,180,3136,475,109,259,900,3972,117,1427,7,1060,793,1151,1750,177,1426,30,1169,583,0
270,735,4907,1073,484,174,877,7094,174,2785,40,1947,1702,1770,2895,385,2782,44,2417,878,818
271,106,1439,185,129,42,206,2086,6,699,62,629,174,343,1070,61,264,58,440,805,199
272,111,2185,150,154,0,687,3568,30,679,67,913,94,946,1289,96,1105,50,693,752,346
273,225,3338,735,87,204,1060,7191,124,2360,73,1447,450,1346,1163,53,1662,31,1619,976,482
274,125,696,236,69,72,431,1737,5,734,3,528,222,527,752,45,228,23,504,330,115
275,554,3243,896,285,529,881,10541,66,3300,108,1769,1250,1584,2212,288,1022,64,2173,1675,861
276,487,4884,1035,196,7,1603,9857,199,2490,117,2050,1268,1687,2498,659,2853,15,2093,987,274
277,46,615,119,41,74,218,1451,43,230,14,201,25,235,408,52,300,1,284,154,108
278,408,4246,970,199,260,1297,3666,268,1610,101,1609,193,1322,2594,197,2409,36,1349,1121,615
279,114,779,196,45,83,222,2118,25,690,11,421,145,350,742,57,507,10,272,122,78
280,323,2739,693,198,234,425,5142,69,1689,46,968,455,1084,1465,108,933,52,1365,1042,369
281,96,937,177,127,10,415,1862,4,278,71,500,121,554,864,31,341,7,491,249,73
282,111,1017,161,100,18,386,1260,4,395,28,784,87,490,3061,35,616,1,446,295,151
283,111,845,250,60,19,617,2309,20,415,29,441,111,472,580,190,414,41,711,399,174
284,127,1610,230,94,65,790,2735,2,908,64,786,173,794,910,68,674,42,340,376,315
285,459,2842,709,183,243,1039,7668,50,1995,66,1300,318,994,2051,24,1067,6,787,1080,391
286,179,3220,776,153,33,974,3412,66,1981,56,1654,734,847,1492,124,1169,8,1371,786,438
287,656,5268,1163,358,640,955,10543,347,3475,95,2616,1528,2205,1983,301,2924,66,2084,1669,561
288,342,3561,748,233,143,996,4528,162,1371,20,1605,515,1276,1541,187,1393,73,1488,1067,218
289,1105,11910,2138,277,991,4045,22358,619,6322,297,3542,2109,4689,4461,937,6101,84,6543,2520,2120
290,592,5935,1024,260,729,1877,13493,290,4387,156,2425,1443,1921,2925,615,2882,102,2534,988,853
291,381,4724,591,226,450,1202,6868,578,3583,155,1571,934,1371,1875,348,2912,39,1295,938,295
292,95,989,235,110,105,507,1605,4,388,28,358,99,342,732,8,519,31,577,350,202
293,963,9783,2615,448,335,2339,21149,751,6777,167,3940,1274,3946,5047,1101,5328,31,4419,2262,1184
294,393,2416,75,152,166,776,4601,64,1843,21,1374,365,910,1396,80,746,59,1215,745,260
295,238,1207,369,112,49,882,2470,10,1625,48,1076,487,795,1309,155,1101,59,1038,901,353
296,108,1817,591,185,78,738,6032,41,2162,12,1315,578,761,2007,160,1373,25,1518,592,395
297,233,1916,369,125,143,968,3233,14,1292,47,1066,385,853,974,86,739,14,888,548,217
298,412,3066,817,234,119,1161,7251,60,1218,75,839,490,1269,1473,262,1593,32,1217,1090,442
299,932,5394,1713,310,479,1739,18799,107,2966,61,1164,940,1979,3263,86,1258,33,3187,1063,830
300,387,3846,688,265,332,1172,5633,143,2246,56,1083,877,1133,2194,260,1619,75,1377,1188,424
301,581,5528,729,269,457,1104,7865,120,2379,180,1547,723,1129,1982,493,2041,91,1580,990,753
302,314,4388,697,285,97,1469,8740,29,1712,130,1392,381,1429,2005,82,2103,78,1947,1780,456
303,131,1823,185,221,29,746,3776,40,782,27,557,123,503,996,103,573,67,542,674,181
304,642,4324,1555,121,290,1375,12708,304,1212,23,2283,395,1706,2803,467,3060,37,1954,2519,772
305,583,5689,1114,242,283,2233,10688,217,2896,176,1799,1641,2310,1255,319,3163,9,2482,1232,631
306,225,1251,411,150,102,825,5059,38,895,32,1040,330,1067,1387,358,1489,0,1436,793,295
307,103,1809,345,145,77,639,2249,129,723,78,889,266,905,1183,196,1029,11,872,563,231
308,305,1444,611,269,26,733,6225,72,2012,25,1342,195,1262,1368,248,1020,6,1183,688,469
309,369,3960,570,274,376,1064,8507,116,2312,99,1719,1005,1733,2133,227,2164,80,1882,1093,317
310,135,1159,116,116,61,496,3122,0,332,25,337,81,464,1029,119,794,97,721,552,118
311,442,2017,176,339,211,896,4031,16,1031,62,1103,334,1014,1179,122,1064,84,688,977,428
312,88,2320,240,84,60,487,4719,0,1474,21,716,370,549,1156,130,918,10,897,197,247
313,568,11072,1711,568,307,3128,17169,1156,4024,172,3984,1501,3229,5210,1255,4858,59,4807,2635,1220
314,69,975,220,64,33,355,2451,12,417,23,325,153,396,508,67,521,11,317,432,163
315,135,1787,558,36,54,782,5467,72,1132,60,805,425,1076,1489,209,1660,39,1579,719,274
316,428,4116,540,137,194,1325,5291,52,1353,50,1129,457,1451,1562,300,1516,9,2270,1048,735
317,359,2499,928,137,332,1090,3065,91,2676,51,1173,857,1541,1951,294,1629,34,1965,1120,411
318,753,6787,1143,318,435,1537,13551,173,1869,160,2406,539,2232,2780,477,3479,19,3304,2612,1011
319,96,345,624,126,53,925,3622,21,544,0,560,1,677,892,79,619,2,1348,309,318
320,166,1347,136,82,80,326,1298,8,1328,25,515,176,540,1013,76,376,3,801,468,182
321,239,1742,339,74,42,450,4191,41,1165,1,719,193,586,985,91,776,10,788,665,253
322,293,1766,558,147,160,1263,6142,117,609,28,1302,425,794,1803,203,973,23,1319,967,253
323,384,1712,267,233,128,716,3963,10,722,112,1087,339,924,1133,87,910,22,966,630,344
324,137,470,131,18,65,419,631,3,686,32,400,47,293,617,30,558,10,459,324,164
325,364,6000,1072,343,1,1307,13242,63,1850,228,2000,878,2499,2686,341,2633,123,1566,1426,1065
326,134,814,325,24,79,343,3470,108,708,13,450,279,497,602,132,581,10,557,286,94
327,208,2247,538,136,0,624,2673,25,1221,31,1006,244,743,1076,105,799,38,916,705,212
328,266,3127,532,118,301,1165,6085,67,2268,11,1382,622,1202,24,222,827,3,1618,1054,323
329,171,1773,236,171,54,691,2683,1,405,6,923,108,678,1093,79,1089,19,1077,689,173
330,119,1101,262,38,45,180,1832,50,321,13,420,1,397,335,83,552,2,337,373,111
331,124,2674,536,70,206,593,2265,107,1261,36,919,435,907,1700,412,1310,21,1477,959,454
332,264,2646,436,65,304,742,5085,55,1771,41,646,367,899,994,228,990,15,568,685,189
333,406,6969,925,419,460,1578,14277,400,2492,171,2662,982,2309,3510,233,3592,21,3285,1990,688
334,351,3154,709,201,235,1008,4757,58,391,56,1509,377,1304,1789,575,1843,84,894,1100,414
335,217,2027,312,127,46,617,2817,5,1358,41,1041,154,533,1038,154,800,18,1027,812,280
336,64,526,70,80,47,339,1223,2,550,22,276,4,410,168,13,253,18,172,418,155
337,213,2689,320,167,318,587,4499,51,945,50,1110,300,716,1200,321,930,29,954,1017,200
338,479,4227,805,162,671,1128,3478,347,1141,24,1410,537,1585,1523,352,2605,4,1917,1676,276
339,30,369,149,86,11,461,1169,9,122,28,176,69,482,387,47,505,11,432,325,125
340,320,5416,1342,222,635,1580,6996,440,3550,166,2052,455,1942,2484,428,2240,16,1959,1123,312
341,315,3106,951,45,306,1161,5957,129,2473,129,1522,233,1107,1627,230,1585,40,1482,1175,442
342,1031,6715,1212,250,778,1760,13746,586,4418,28,1420,1942,1995,2748,707,2796,16,2824,1675,418
343,422,3251,284,204,361,945,7678,211,2045,93,1093,1018,1208,1691,313,1700,32,1475,853,342
344,1111,8587,1488,446,376,2378,15876,232,2706,285,3946,877,3320,3863,629,2227,63,4208,1700,1316
345,242,1270,255,143,74,560,3096,137,1010,30,585,269,765,1105,305,1366,6,1012,465,323
346,395,3833,939,286,194,1283,7372,204,2579,68,1657,1002,1584,2035,277,2130,47,1637,790,499
347,374,1842,188,139,243,647,5129,274,1430,69,753,617,995,908,194,1429,23,875,449,290
348,138,1376,333,79,75,629,4262,53,630,93,664,163,850,720,39,903,14,791,562,205
349,393,3801,841,132,280,1040,6085,179,2513,53,1131,301,1279,1840,192,2180,47,1677,855,436
350,599,3486,1011,318,228,1344,7306,145,2310,122,2309,705,1600,1928,459,1847,26,1861,1648,421
351,225,1951,467,122,121,583,3852,8,627,9,750,190,697,1078,96,675,21,931,526,312
352,877,10142,1657,309,476,3187,16072,628,3828,244,2482,1312,2984,4093,925,4081,29,4233,2867,1356
353,329,3734,996,115,208,1373,8742,118,1159,65,1611,240,1439,1290,163,2018,8,1398,1160,248
354,394,3423,463,176,166,702,7208,37,2155,52,1646,792,1182,1498,280,859,30,1411,1176,345
355,511,4829,1305,95,335,1417,8045,181,3937,186,1176,525,1753,2691,350,2444,24,1428,1711,600
356,182,1689,194,54,146,466,1324,141,1346,9,682,310,579,470,141,760,3,431,543,202
357,516,4073,750,106,353,964,11280,186,1998,41,1179,510,1584,1948,155,2203,16,537,1318,339
358,433,6302,1295,193,145,1628,13176,277,2015,71,1973,363,1812,3163,365,2414,181,2899,2326,656
359,252,1746,174,119,0,516,1485,2,647,57,381,168,702,964,65,715,39,596,531,204
360,1025,15090,2755,965,1840,4303,32261,456,7011,312,5629,2041,5212,7089,1764,7277,187,6576,3187,1800
361,137,727,478,131,3,519,1199,7,775,7,1012,110,795,753,149,1128,61,1254,520,260
362,207,2062,693,54,204,248,5012,148,199,0,800,35,826,941,147,1079,2,585,662,74
363,316,3947,812,260,537,1062,6088,122,2981,69,1188,389,967,984,238,2260,33,1910,560,536
364,437,2570,374,82,0,1068,2987,27,802,85,1296,52,1133,1612,101,943,84,1178,954,470
365,440,2964,1000,371,234,1591,6022,176,2021,172,1921,663,1861,2675,345,2470,0,1782,1800,941
366,779,5946,1186,309,120,1946,4487,351,1539,193,2414,650,1874,2230,250,3593,97,2521,1820,888
367,108,1624,348,99,168,348,2926,311,699,40,794,231,583,1040,232,983,8,932,580,141
368,121,1670,345,59,115,644,2634,0,1436,15,755,373,669,814,77,837,12,721,509,342
369,505,3484,563,122,192,1210,8138,36,1125,24,756,466,1143,1720,235,963,20,1354,1150,329
370,183,1924,315,179,162,849,3908,15,1230,52,854,219,812,1059,78,1116,40,989,364,317
371,270,4143,423,136,256,1074,7726,270,2408,25,1298,473,1468,1907,321,2059,25,1633,1633,476
372,202,2170,360,128,43,649,4131,44,742,84,925,247,876,1086,56,915,90,919,853,220
373,69,505,169,30,37,155,1050,20,509,33,228,107,273,300,49,236,3,280,205,41
374,138,2281,561,59,217,692,6295,152,1015,38,422,113,709,1350,414,1192,21,1130,459,150
375,680,6406,1549,255,858,1483,12146,492,4581,24,2494,1462,1444,2950,589,3208,43,2115,1897,325
376,167,1372,280,110,56,520,1978,3,622,19,705,129,577,1084,86,535,28,595,458,260
377,30,1283,334,101,171,272,871,25,957,36,495,120,401,450,108,521,6,733,246,196
378,48,732,83,30,19,392,851,0,618,17,481,80,462,643,29,412,15,338,336,92
379,143,1266,142,50,105,391,2011,2,890,20,553,204,257,767,102,869,25,634,385,156
380,85,829,73,135,21,494,946,1,751,2,526,129,292,491,17,409,4,75,189,181
381,351,1921,472,290,88,1134,3934,121,1988,63,1351,571,1093,741,91,1836,58,971,318,423
382,670,606,1170,105,703,1214,7786,742,444,97,2096,161,2201,2554,580,2856,15,1192,1541,205
383,213,2172,420,183,2,548,4131,51,678,82,829,213,975,1015,46,1124,37,1052,915,119
384,128,669,139,94,94,212,960,2,565,26,350,36,449,350,33,346,3,396,99,101
385,226,2286,261,136,150,697,3564,28,1443,56,756,367,818,994,112,998,23,834,502,281
386,82,2402,393,182,141,619,4454,73,1211,92,905,364,723,1083,87,1179,9,629,698,288
387,433,2214,552,184,20,622,6929,76,968,29,880,251,959,1196,118,1243,56,1089,760,386
388,276,1609,530,225,319,823,3980,29,858,64,1027,324,1137,1151,85,1331,60,1407,1049,337
389,633,6353,1503,376,182,1169,11635,46,3650,100,1904,205,1658,2943,618,2760,36,2732,1504,665
390,592,5088,760,248,353,1154,10921,304,1825,95,1356,194,2219,1804,291,2250,26,2471,1297,672
391,245,2515,368,239,242,782,4803,56,1905,82,1260,347,1380,991,86,1242,26,1235,1149,294
392,403,5213,492,225,660,1104,11354,183,3805,29,2001,832,1549,2735,639,2857,27,2040,1209,486
393,338,2748,582,262,286,983,5799,77,2009,9,1297,583,1321,1387,346,1433,10,1087,918,181
394,396,2765,620,108,368,857,7627,238,1580,53,1309,659,1336,1539,273,1385,4,1538,807,423
395,257,2226,376,174,2,694,4582,11,956,67,1055,193,629,1233,73,1250,63,833,1185,365
396,309,3731,980,159,98,1359,6221,483,3392,26,1388,395,1631,1757,408,2247,49,2208,1501,504
397,319,3248,587,120,462,975,6516,194,1022,17,1644,397,1140,1846,85,1651,13,1438,1212,326
398,207,3213,389,212,148,677,5360,188,1521,82,1354,497,945,1269,168,1779,92,1388,1001,368
399,454,4533,1137,344,269,1981,9888,229,1965,65,689,338,1606,2775,599,2286,17,2131,1274,349
400,142,2221,456,97,70,736,3135,9,607,12,723,153,737,1040,129,971,39,924,570,270
401,131,1274,146,104,22,320,1711,0,56,23,656,56,406,722,22,463,67,372,345,169
402,870,5360,941,319,721,1497,6517,6,3610,140,2401,1006,1497,2610,608,2200,100,2248,1388,673
403,149,1133,293,190,46,783,1852,9,463,58,548,114,418,723,35,579,85,573,428,189
404,367,2270,704,283,145,1033,5679,24,1173,115,1216,322,1216,1250,159,1464,27,1471,978,430
405,95,1027,102,111,39,334,1155,0,97,3,374,73,368,482,52,222,17,430,330,88
406,81,672,280,27,52,176,1992,61,316,8,271,91,226,320,51,365,0,246,180,43
407,401,2734,485,228,195,1085,4675,43,2617,35,937,937,1399,1615,370,1459,0,1631,1003,507
408,58,644,261,22,57,190,1777,57,327,6,251,77,238,358,24,414,1,233,200,45
409,314,3509,780,89,435,1317,5563,0,1643,27,1510,357,1031,1565,214,1865,26,1186,935,448
410,323,3945,1100,174,418,921,6334,160,2685,19,1389,1079,1434,1872,330,1703,60,1695,707,466
411,366,2342,336,175,69,807,4108,8,926,83,837,205,913,1375,50,1396,51,1301,847,390
412,227,2863,617,103,154,687,3674,87,1082,67,1018,266,686,1503,223,1085,18,1187,696,196
413,871,6335,831,259,1076,1487,10331,435,3255,130,1869,1030,1776,2094,383,2785,60,2068,857,622
414,234,4751,592,156,240,1221,9326,380,1306,78,1800,2,1372,2371,161,2035,13,1772,1007,424
415,715,4003,1067,293,424,1262,8146,68,2495,122,1472,593,1341,2371,389,2751,111,1851,1485,686
416,318,2276,246,185,1,785,4226,3,676,24,720,178,763,1179,120,971,74,1158,714,175
417,170,2867,309,206,152,898,3967,26,1153,177,1315,258,1056,1486,118,1150,63,1497,605,299
418,76,816,9,65,15,394,1511,0,693,15,555,93,416,370,88,468,15,295,232,195
419,880,9772,1714,744,725,3845,15539,37,3471,160,3376,704,3148,5484,537,5154,209,4112,2124,440
420,327,1937,342,132,89,1013,3865,21,802,33,1094,66,961,1459,144,1079,61,1413,1086,559
421,363,1290,661,41,102,821,3587,18,664,42,919,164,927,1411,81,1274,8,1160,852,152
422,100,824,137,118,29,346,1521,9,740,40,584,122,487,557,28,615,25,591,212,238
423,172,1585,334,81,142,397,3461,70,896,9,685,300,563,860,147,863,6,646,276,155
424,541,3934,535,124,304,1244,7022,99,1405,65,1366,288,1061,1526,205,2063,26,1924,1167,544
425,537,4434,935,327,167,2010,7894,136,1958,115,1467,365,1737,1412,152,2297,30,2035,1333,654
426,98,900,196,65,33,297,1185,5,658,15,401,116,368,552,13,307,16,364,343,53
427,507,5592,840,402,314,1875,8404,157,1752,2,1997,622,1857,2443,497,2837,34,2050,788,676
428,296,2953,389,318,112,1218,5398,54,2075,125,1495,483,1480,2262,210,1484,24,1140,913,570
429,733,4545,730,280,655,1852,15295,403,2607,72,2220,1823,2002,2868,443,3631,1,2342,1604,653
430,676,2229,999,226,819,1416,11398,351,3646,74,1679,668,2175,2574,331,2166,13,2376,1389,629
431,296,7334,1872,447,307,1250,16190,157,72,210,2681,850,1899,3775,828,4096,108,3779,2083,1273
432,663,5013,691,288,157,1950,11847,29,1905,51,2508,555,1809,3022,181,3645,53,2082,1708,525
433,196,2591,688,76,6,1040,4178,25,685,46,1494,117,1225,1552,117,1857,2,1046,666,239
434,188,2910,955,143,461,1069,7853,51,2527,64,1155,797,1298,1655,126,1760,61,1822,1385,462
435,441,2860,1388,119,717,1581,11169,287,2665,143,1622,523,2178,1806,390,3116,30,2549,740,422
436,441,3092,604,260,168,959,6743,49,1413,24,1634,372,1055,1807,387,1369,24,1300,913,527
437,310,2756,511,191,4,921,4596,26,304,105,1414,468,886,1789,125,1581,55,1305,1167,436
438,748,7901,1312,440,623,2196,10397,327,5259,221,2033,1664,2030,2093,799,3293,47,2577,1356,675
439,343,1657,564,124,522,687,5770,33,2612,40,1322,580,816,1744,12,2256,71,651,258,426
440,276,274,445,124,4,497,4631,23,1350,11,684,421,938,917,69,986,34,478,304,215
441,354,4799,704,292,173,2186,7386,3,826,15,1122,205,1352,2188,581,2447,28,2568,1109,430
442,136,112,208,90,96,347,1726,3,304,0,587,157,394,768,67,513,15,498,312,135
443,767,4952,783,287,615,1531,8361,287,3525,7,2001,1379,1294,2607,104,2044,51,1296,1743,478
444,666,5703,590,291,1,1504,8120,231,1093,41,1758,414,1534,2306,523,2324,26,2297,1551,163
445,792,6365,938,354,544,1632,13787,282,4384,134,2105,1561,2290,3090,700,3545,43,3156,991,635
446,948,10118,1451,558,0,2659,19477,319,5850,235,3603,2743,3035,2598,1507,5195,24,4628,2157,1481
447,342,2732,476,146,235,856,6104,202,1783,65,1010,552,1218,1253,293,1636,15,1256,465,333
448,348,4106,776,184,346,1219,7107,16,1532,101,1457,702,1290,1743,362,1942,38,1589,1250,367
449,55,1479,195,123,53,507,1006,11,858,2,480,345,501,425,65,381,55,487,330,201
450,540,3081,876,249,175,1199,11442,766,1625,171,2210,874,2149,2684,333,2674,28,2120,1432,716
451,218,1370,333,93,75,402,2837,249,1164,11,397,185,687,696,120,535,0,660,77,152
452,379,3238,777,117,287,977,6648,319,1975,58,994,803,1323,1622,357,1628,19,1450,775,551
453,87,734,317,23,47,178,2186,50,350,8,299,106,234,366,19,389,4,301,205,59
454,138,392,289,97,7,406,1385,6,182,27,424,43,337,485,16,280,8,378,250,180
455,264,2396,564,170,246,583,2483,8,890,27,1295,442,835,926,336,2080,6,843,696,206
456,446,3901,826,210,510,1261,5700,198,2599,86,1240,901,1696,2117,443,2117,62,1827,1338,416
457,514,4214,661,345,455,1101,7857,53,2897,120,1701,1000,1487,2458,449,2255,7,1747,1317,642
458,250,3384,264,223,283,1017,6758,70,925,89,1665,15,1297,1959,350,1666,23,1701,1123,371
459,362,45,979,199,895,1289,5104,528,3178,68,2134,1345,1938,2392,166,2572,5,2086,875,440
460,438,2863,458,167,225,945,6659,8,1684,7,1297,454,1172,1722,128,1768,40,1247,1316,460
461,630,7200,1399,382,474,1916,11822,37,4497,185,2506,1545,1935,3414,296,3083,82,760,1122,821
462,339,2182,894,245,395,537,7199,134,3268,49,1889,656,1014,2419,350,1780,61,1626,1108,596
463,817,6919,944,301,598,1888,14478,71,4305,134,2723,1848,2527,2858,126,2517,18,3199,1556,662
464,135,938,374,79,108,236,3120,147,518,16,349,221,522,448,168,641,3,461,375,152
465,143,1210,177,103,72,356,1801,186,819,21,520,506,432,695,282,699,16,649,242,167
466,185,1281,125,28,23,305,2066,0,157,25,483,276,451,715,70,785,4,428,383,119
467,277,2332,517,321,132,704,3893,14,761,84,1309,324,1039,1455,308,1689,32,1806,994,480
468,784,5580,1125,240,421,2179,10178,128,4239,184,2078,997,2313,2334,312,2178,19,1271,1323,541
469,488,2185,997,110,393,764,8426,484,2124,36,803,1028,1743,1697,372,2093,9,1718,145,554
470,813,6606,856,466,556,2153,14884,109,1412,204,2653,1735,2399,2829,893,3345,90,3147,1319,781
471,607,5532,1156,331,471,1896,12649,74,3471,148,1573,1069,1516,2696,400,2321,43,1318,614,715
472,529,4101,764,330,629,546,7957,148,1014,56,1519,429,1342,1791,379,1440,77,1749,1320,235
473,130,1258,314,102,74,811,3500,7,665,58,623,81,719,791,177,612,89,727,680,343
474,848,8160,1473,126,627,2584,19191,772,1339,90,3853,1723,3668,4083,993,3651,3,4350,1219,829
475,131,933,304,81,86,458,2653,17,1010,13,991,261,555,946,100,632,23,765,440,241
476,283,2202,926,230,117,992,7400,47,1023,67,1540,193,1559,1996,262,1335,58,1554,585,281
477,119,716,261,46,33,245,1805,30,280,11,361,41,268,428,36,327,8,396,338,125
478,172,2121,365,200,105,603,1814,5,985,95,768,163,669,1146,78,921,105,780,726,276
479,90,744,128,97,59,410,1255,11,784,20,400,39,360,817,29,435,31,430,347,177
480,197,2352,489,148,259,607,4832,7,2048,45,1310,354,910,1192,218,1474,26,1063,640,248
481,608,6373,1200,240,586,1991,11281,103,4137,108,1636,1353,2158,930,663,3193,77,2766,1555,699
482,642,5729,1988,441,992,1611,15347,115,4233,71,1923,1803,2310,2577,450,1859,49,2747,1554,1009
483,176,1113,220,133,51,318,1033,1,538,26,309,79,472,702,15,433,25,398,340,157
484,247,1347,242,141,130,526,1064,12,1087,29,356,282,519,823,54,599,18,512,356,93
485,193,2693,393,71,296,1274,7614,41,2232,73,1627,589,1187,1893,271,902,30,1283,1304,295
486,141,1504,443,89,92,557,3437,0,1520,69,1049,303,700,998,88,938,57,749,799,264
487,307,3988,820,64,228,933,7930,158,1341,45,505,475,1010,1643,141,1529,36,1335,1044,330
488,178,1211,97,192,38,717,1093,9,553,23,568,106,759,632,45,509,24,686,609,141
489,35,709,92,29,11,258,1197,5,174,12,251,1,299,518,58,213,52,231,260,88
490,417,3430,758,97,72,1077,3709,49,1090,32,466,121,1061,1692,236,1552,22,1211,748,328
491,106,1158,277,121,103,362,1724,10,778,45,623,54,341,696,36,440,42,462,418,157
492,218,1848,268,181,214,945,5817,58,893,65,1322,150,907,1087,258,1449,16,1370,1153,317
493,442,4049,589,357,153,1682,7797,52,2914,58,1753,746,1578,2498,354,1552,58,1765,1204,858
494,188,945,203,99,0,247,2321,0,305,1,555,47,747,854,61,438,22,539,459,113
495,414,3240,440,155,477,962,5852,51,2130,55,1388,606,1140,1851,218,1301,45,829,534,176
496,485,1259,674,154,3,889,4337,152,1372,43,1488,839,989,1225,290,1613,48,1388,792,434
497,268,1977,346,193,156,1039,2863,14,586,40,954,232,984,1337,121,1205,71,720,730,394
498,522,5665,894,237,321,1378,7066,374,1636,174,1647,181,1346,2271,247,1925,81,2026,579,814
499,213,1698,400,111,131,300,3072,61,800,4,679,119,539,645,154,759,2,719,395,149
500,754,5194,1098,337,333,1888,12273,126,1828,95,2083,516,1789,2572,544,2846,69,2377,1187,690
501,323,2765,400,77,38,941,4776,1,621,42,1062,134,559,1127,70,1284,0,719,255,308
502,27,543,183,42,19,288,1570,7,310,21,499,74,348,493,56,522,5,376,354,84
503,193,2194,332,175,98,838,4813,17,1073,63,675,411,916,1309,271,1382,73,1189,710,406
504,355,2986,942,134,319,781,6116,147,1576,17,917,614,899,1351,119,1295,4,814,863,280
505,650,4216,619,344,67,1425,5190,50,1525,116,1482,118,1471,2185,254,1893,174,2013,1378,610
506,78,915,143,86,129,266,1048,32,816,3,484,216,456,87,54,221,23,476,114,136
507,619,5689,749,90,128,1139,8351,359,1609,57,1499,700,1276,2123,156,2753,7,1715,923,377
508,433,3916,1237,204,539,1655,11503,228,2802,74,2009,1435,1963,2640,314,2556,41,2187,1745,355
509,105,2113,216,196,104,459,2847,24,433,27,929,354,444,984,114,1286,49,836,678,11
510,116,2238,531,224,188,940,5959,10,929,1,1433,454,862,1424,145,1456,24,1061,709,206
511,136,744,95,42,72,416,1810,4,327,12,196,95,403,460,42,451,18,479,368,219
512,499,1927,688,198,188,1155,4966,90,2727,52,1559,728,1493,1568,329,1531,51,1278,821,420
513,44,635,268,37,34,343,1875,20,303,20,384,66,391,589,53,399,15,500,416,192
514,690,4408,729,222,313,1150,7336,77,3439,37,2322,477,1557,2499,157,2367,71,1531,1520,671
515,220,1684,324,144,16,782,2531,20,519,51,597,83,683,1484,63,749,32,802,410,356
516,338,3368,574,170,157,916,5759,118,2182,89,840,518,1140,1682,116,1669,56,1107,645,419
517,644,4264,862,253,631,1078,8259,57,2999,93,971,1149,1482,2244,298,1161,48,1255,972,700
518,956,6317,2019,397,204,1823,8667,192,1814,139,2509,873,3017,2812,328,3226,12,2691,1356,695
519,609,3657,823,60,252,638,8634,282,1225,52,1665,436,1233,1868,350,2111,31,1684,1137,465
520,98,781,108,170,52,327,1043,7,660,7,455,146,385,420,33,421,31,460,203,42
521,330,2333,165,77,88,630,3298,89,682,12,760,399,954,1434,170,791,15,1003,877,259
522,198,2067,201,72,241,857,3428,62,1157,27,499,134,1069,1387,185,1416,43,1178,640,356
523,70,609,168,12,50,155,1384,48,222,0,228,20,231,334,64,338,2,186,184,61
524,851,6857,1071,354,298,1660,14073,122,4556,80,2822,1301,2148,3247,303,3128,50,2591,2483,691
525,263,1316,343,87,131,847,4127,5,646,37,926,375,717,1398,107,1013,33,973,1049,325
526,284,1238,10,107,119,598,2047,1,464,74,925,101,480,621,37,927,8,816,509,156
527,162,1456,341,113,73,554,1892,6,396,10,749,55,552,877,39,633,45,777,518,264
528,821,5317,1355,309,233,2432,11910,306,2232,15,2588,481,2541,3346,565,3035,175,2972,2407,825
529,189,2029,368,244,98,747,2664,12,693,69,1059,111,889,1540,68,834,54,946,879,204
530,288,2763,565,92,75,1199,4009,0,1847,81,1010,633,751,1537,99,1071,54,1517,907,285
531,297,1450,430,118,103,700,3853,2,726,31,1163,117,615,1131,147,935,27,598,926,322
532,432,6172,1457,324,718,216,12402,29,3481,169,2369,631,1829,2763,261,2632,0,2325,1496,357
533,344,3937,1109,205,149,877,8814,304,2321,86,477,829,1397,1764,214,2349,13,1432,909,683
534,445,3254,194,171,287,955,3714,34,1619,22,1287,293,939,1569,261,883,18,1257,798,305
535,165,1840,234,242,86,873,2229,8,1145,25,750,237,741,1194,52,467,25,632,378,261
536,728,6652,1008,277,735,2053,10163,137,4442,95,2003,435,1498,2052,448,3481,62,2701,1559,779
537,206,982,153,154,58,312,1394,2,577,14,270,178,366,498,22,432,23,313,345,122
538,283,1466,252,185,211,590,4932,283,1724,46,736,440,1038,1075,157,1062,0,1040,489,158
539,480,5500,1276,154,182,1442,11004,141,1656,173,1472,418,1737,3090,499,567,38,2073,1282,612
540,346,1462,440,173,209,767,3926,28,619,106,1138,128,875,1317,60,1420,87,1394,857,360
541,401,422,423,62,110,828,2094,75,847,25,950,233,710,1208,99,410,8,685,790,328
542,1112,9251,2034,654,685,3832,20719,212,6253,195,4746,1990,4254,6581,897,4912,91,5040,2951,1526
543,347,4480,913,225,221,1583,12560,375,1687,35,1703,631,1204,1552,284,2165,5,2011,828,606
544,469,3866,415,274,287,1274,6370,63,1928,87,1091,460,980,2063,239,1639,37,1414,1060,154
545,142,2113,522,126,73,654,2941,63,641,41,848,105,660,1132,132,668,40,871,828,210
546,1010,7896,2097,721,515,2293,19651,515,4602,281,3559,1318,3319,4591,699,5199,91,4632,2494,1482
547,469,4284,631,218,150,1375,8458,70,1974,110,1835,273,2055,2630,64,2477,102,2275,1452,372
548,398,2426,645,146,321,1259,5215,60,2733,41,1531,758,1541,1758,469,2215,42,1505,896,243
549,742,3725,833,255,652,1280,13123,176,3098,18,1689,918,1554,2450,249,3213,16,1503,1395,767
550,74,567,176,44,52,221,1404,19,548,0,300,132,281,451,70,335,5,270,184,38
551,93,1660,269,168,87,733,943,1,177,42,530,69,423,986,39,562,14,725,239,229
552,220,3131,488,111,104,899,3957,295,913,5,1077,410,749,1475,180,1482,17,1208,828,173
553,111,1547,348,173,19,622,3191,39,1080,74,479,305,805,983,97,652,28,602,518,119
554,349,2946,598,163,225,938,7433,163,2587,55,1193,750,1055,2140,243,1689,1,1446,1311,360
555,151,1324,204,94,55,590,1629,25,1015,2,628,287,394,824,79,317,7,339,214,141
556,600,3556,945,393,654,1304,13607,368,3476,108,2531,1656,1576,2369,287,3526,20,2420,847,794
557,761,7357,1343,305,419,1803,16177,1151,2484,72,3060,754,2231,2920,440,3819,16,3083,1933,568
558,222,2949,406,229,200,1014,5723,114,752,47,1086,198,936,1545,79,1560,41,1192,826,315
559,470,4164,853,191,350,1011,6746,427,1840,58,1769,1132,1714,1956,426,2005,0,866,1019,168
560,370,3342,193,134,241,1025,4324,14,1974,69,941,358,1124,1948,86,1519,24,1735,1342,571
561,249,3592,433,257,106,1372,8029,127,1651,38,1559,273,1195,1738,64,1274,27,1654,574,304
562,390,3947,759,118,459,1000,6126,0,2188,59,1574,1080,1390,1704,187,1016,1,1092,722,19
563,131,651,70,31,92,285,997,7,374,2,420,62,312,445,3,307,13,383,137,193
564,431,3057,629,335,447,1551,10720,453,3070,64,1914,922,1692,2069,161,2626,13,2101,1514,508
565,959,5607,837,262,304,2291,12990,380,2064,123,2733,811,1935,3029,365,3197,59,2502,716,541
566,200,1899,713,123,82,1021,6998,73,1835,23,727,953,702,1721,256,1325,4,1316,28,272
567,783,5567,1510,120,174,1696,10826,313,140,154,2279,773,1959,2435,321,2864,44,2296,1581,583
568,707,5148,930,267,484,1441,11661,440,1480,68,2232,1103,1743,3116,161,3376,27,1907,1560,963
569,270,3166,454,164,253,745,6228,183,1239,74,1181,265,584,2066,173,1150,34,951,971,351
570,423,1723,805,198,193,1320,5387,117,3178,47,1494,1167,1044,2308,410,2106,31,1631,739,540
571,492,2841,915,371,90,1837,9997,250,3401,53,1889,978,1702,2392,572,2248,27,1500,1013,691
572,624,3648,273,254,396,1038,7091,134,2488,180,618,375,1625,2142,125,2296,77,1974,1384,934
573,477,2244,516,191,141,1332,7090,132,1087,188,1531,226,1204,6516,279,1726,0,1769,1089,632
574,690,9970,2079,573,926,2780,22604,123,6661,228,4178,1664,4116,6386,808,4923,91,4795,3295,1512
575,480,2758,519,238,71,968,5608,13,524,1,1333,353,1306,1114,124,880,76,1605,648,360
576,296,3528,656,101,363,974,6357,139,1254,103,1292,401,665,1433,165,1916,35,1043,1087,408
577,86,937,132,201,44,551,1848,0,488,19,531,70,537,818,104,637,72,335,613,93
578,47,951,95,79,32,316,2266,9,483,23,341,194,451,615,59,670,12,310,203,100
579,433,4926,899,244,449,1542,7564,154,2864,81,1817,1253,1449,2871,650,1672,61,2325,921,714
580,53,687,157,45,52,228,1576,33,360,7,287,129,340,473,95,499,7,285,226,100
581,627,4172,1066,337,201,1435,11713,163,1838,39,2161,335,1682,2838,526,2545,31,1611,1798,302
582,489,6438,1127,336,572,1773,12052,375,4056,65,2074,1181,2235,2938,330,2878,78,1612,1659,758
583,103,752,96,54,61,299,1610,24,732,29,263,248,273,427,28,391,0,365,163,55
584,97,488,84,67,31,186,1391,4,359,6,371,53,263,405,28,346,17,247,252,43
585,222,2150,147,119,315,458,3715,3,1513,108,1033,327,640,1151,169,1085,0,1030,409,413
586,90,268,207,79,24,278,923,8,317,12,475,59,317,678,25,467,17,454,347,161
587,171,2136,427,148,205,549,3512,1,1303,30,962,422,800,1101,30,938,35,746,675,189
588,590,5087,1092,54,615,1416,8110,267,620,72,2069,296,1727,2077,205,3623,9,1561,1024,632
589,816,9438,1511,284,270,1308,15755,795,2864,18,3063,1566,2973,3149,772,4164,42,3739,1956,807
590,126,1987,761,164,190,351,2864,390,1245,90,578,692,908,938,142,1202,5,1116,601,141
591,299,2040,279,68,138,620,5385,67,1757,34,993,575,586,946,5,1206,13,1216,690,392
592,403,4862,866,75,455,1162,10537,421,2760,59,2090,1337,1543,1781,171,2338,7,1882,1190,439
593,186,2277,704,200,348,1068,5178,129,2086,34,771,519,813,1552,247,1386,51,1132,797,373
594,720,8825,1148,445,710,3804,14995,187,4284,107,4520,1825,3944,4673,997,4676,89,4442,2388,1985
595,93,1132,229,1,72,348,1379,22,313,19,322,20,385,671,81,453,6,379,376,203
596,357,2037,236,154,25,622,3333,73,460,58,920,95,934,1086,65,971,1,692,510,156
597,96,526,124,65,40,226,1664,9,336,13,536,76,368,689,53,485,14,429,337,164
598,388,6307,1081,213,255,1060,9969,70,422,60,2396,802,1983,2765,684,3203,32,2332,1658,840
599,521,3991,1167,129,341,1257,12947,282,2136,28,2147,681,1556,2523,291,2967,15,1741,1529,392
600,356,3673,445,101,317,959,7612,50,932,39,577,396,1233,1152,219,1727,12,1161,1008,254
601,545,5038,1195,324,1006,1523,8886,189,3556,18,1570,1180,1237,2340,457,3122,130,2528,1409,532
602,226,1083,274,55,323,929,4551,38,916,53,688,244,562,1075,94,795,35,551,772,167
603,344,2023,238,124,157,823,3872,10,1738,93,637,387,1161,1303,134,1074,31,1158,1048,281
604,213,1336,285,116,123,564,2279,4,942,31,710,224,488,966,58,698,29,746,356,195
605,545,3957,532,485,464,1248,9070,342,1454,37,1992,821,1708,2940,535,1711,66,1431,1608,378
606,85,1288,341,46,67,312,1469,5,619,24,472,85,309,648,31,603,31,539,270,151
607,87,1500,184,94,1,585,2866,9,522,22,787,139,388,1005,78,341,26,735,725,149
608,195,1121,293,204,217,760,2054,2,984,24,665,261,479,623,42,605,67,507,146,158
609,94,1083,229,102,40,374,2467,5,888,0,543,251,320,794,125,424,35,476,249,243
610,279,2659,693,219,183,1093,4327,39,1338,83,1236,338,907,1122,99,1540,111,1571,908,333
611,541,5019,777,53,379,1295,8313,236,2852,9,1907,905,1372,1970,491,2240,41,2100,551,431
612,232,2653,451,126,158,748,3945,0,1103,64,505,352,987,520,207,781,25,1076,1086,265
613,949,3213,1251,227,667,1041,15645,172,3404,86,1437,1490,2069,2613,573,3264,18,1992,590,494
614,384,3685,614,39,475,259,8065,343,68,50,1163,929,1592,1327,474,1602,13,795,1139,574
615,444,5426,657,220,401,1390,8690,143,2764,114,2362,773,1521,2389,201,991,11,1771,1496,660
616,783,5563,1209,211,535,1513,11127,429,3813,120,2175,1582,2035,2904,649,2884,77,2770,1410,684
617,155,918,219,56,35,226,894,2,463,1,333,153,254,342,10,232,35,311,318,63
618,774,4297,770,140,722,1307,12359,415,1969,19,1061,56,1935,3387,567,3388,14,2664,2429,222
619,51,650,347,65,48,258,2212,48,976,38,651,259,650,531,42,507,5,610,278,128
620,151,764,202,88,67,180,1925,60,724,10,266,272,380,388,66,455,5,418,102,80
621,345,2378,271,147,112,504,4564,158,1526,52,976,478,956,1316,275,1439,32,644,598,174
622,195,1697,537,115,308,686,2581,47,1050,65,680,351,530,594,158,557,8,487,681,183
623,305,4078,618,142,193,1096,8636,139,1129,47,79,677,1396,1446,396,1416,23,1302,1408,289
624,96,1035,102,27,127,136,1868,82,599,9,321,147,304,923,65,532,18,583,245,81
625,100,1348,203,99,56,323,2851,5,1083,28,495,184,434,536,77,622,38,728,401,134
626,104,668,68,41,32,328,1301,0,215,17,340,83,272,365,6,300,14,323,119,190
627,203,1590,399,176,172,742,3783,28,1289,21,1008,229,941,1173,106,1180,24,844,505,438
628,224,1980,504,137,145,669,4537,40,590,32,996,245,793,926,132,952,9,1044,649,147
629,204,2698,466,44,4,647,3721,5,937,34,655,172,498,1022,168,1182,38,1199,677,224
630,315,2797,258,122,264,459,5930,181,659,36,636,107,779,1318,96,1522,9,656,718,282
631,503,5716,620,175,676,1975,11909,28,1562,11,1221,527,734,2291,216,2277,109,2020,1634,579
632,265,1934,315,76,67,597,2664,3,783,33,574,79,720,1381,81,935,35,794,464,161
633,812,7445,1483,215,448,1695,13723,125,3557,92,2787,1240,2020,3120,409,3252,0,2734,1264,648
634,98,759,241,18,66,205,2026,59,384,8,307,120,257,383,46,433,1,269,193,63
635,309,2197,265,120,98,797,2536,4,1031,28,684,152,736,937,34,833,41,931,700,220
636,124,635,79,6,26,195,804,3,671,13,395,168,263,746,44,293,5,367,182,123
637,206,1559,316,149,95,614,3510,76,1575,72,867,316,576,974,30,1097,3,749,558,239
638,446,4602,774,257,606,1179,7415,88,2264,44,1767,1247,1763,1730,274,2376,22,1391,945,402
639,231,2130,357,119,69,658,1668,25,804,56,1003,2,511,1081,197,830,24,1089,878,317
640,520,6415,892,253,79,2270,11100,268,4242,202,2355,1744,2208,2395,681,2975,31,3036,2240,554
641,631,1325,573,37,25,1369,8436,161,1003,73,1270,480,1395,1525,160,1895,32,1837,1008,470
642,657,6625,954,261,777,1852,11899,240,4291,119,2109,1806,1411,2504,528,2000,7,1320,945,635
643,419,4180,769,231,491,788,8466,308,3225,49,1943,956,1695,1829,303,2181,25,1745,575,266
644,181,1666,252,126,168,401,4653,138,704,21,717,278,838,923,158,659,26,659,577,314
645,186,1692,210,182,66,598,2285,6,364,22,806,71,812,760,108,904,16,790,417,290
646,212,4808,756,278,383,217,9148,35,1091,81,1868,69,921,2026,503,2135,0,2048,974,149
647,161,1691,403,116,95,573,3331,67,601,33,727,165,700,1114,132,833,24,430,663,289
648,174,977,117,92,37,368,1476,1,815,10,450,136,319,563,51,408,2,323,253,104
649,91,868,442,81,227,363,3382,68,1322,16,664,413,491,610,191,908,0,508,249,92
650,354,5289,1292,247,105,1417,12517,416,3578,149,2758,1159,1281,2816,627,2489,43,2340,1058,274
651,300,4946,1290,348,195,423,8308,288,730,103,1473,653,1517,1919,167,2096,37,1386,1224,480
652,102,1097,615,47,99,398,3818,170,684,4,362,230,306,614,4,870,3,323,326,38
653,95,707,106,12,108,202,1648,31,568,3,264,175,172,215,87,315,0,273,140,105
654,202,3679,841,224,128,952,6843,201,999,32,1457,291,1266,1943,129,1943,65,1714,920,233
655,192,1972,360,65,3,647,4990,131,679,25,752,1,707,1051,142,1023,4,564,557,221
656,427,4433,764,246,141,839,9981,57,1001,121,1970,481,1135,1976,278,1697,71,1946,1643,484
657,182,2877,216,250,223,626,3820,11,1923,58,1271,372,985,1532,88,1419,60,1099,484,237
658,767,6992,887,270,5,1395,8244,191,1921,48,2336,553,2324,2645,391,2403,8,2878,1083,440
659,291,3053,245,322,536,1821,8998,125,3888,86,1994,61,1737,2112,468,1712,7,806,1288,664
660,486,6176,935,117,201,2144,12311,203,1399,54,2073,625,2176,2796,327,2884,23,2189,1503,594
661,72,873,251,38,26,286,1294,67,388,16,681,133,359,599,104,426,8,358,268,101
662,293,2427,359,174,47,652,6044,103,847,5,662,297,1073,1410,449,1383,26,677,711,567
663,560,3631,527,241,272,1079,6472,53,845,77,1295,287,1344,1641,259,2314,41,1631,870,269
664,910,10091,964,227,451,3406,8316,480,3510,228,3300,1351,3571,4286,1143,5355,7,4498,2152,1729
665,283,2624,966,70,139,379,3342,107,1514,14,828,490,704,1171,137,1266,5,569,436,158
666,105,751,141,29,35,310,933,22,52,22,444,23,99,438,30,334,10,269,332,73
667,294,2527,399,157,109,443,4101,22,354,21,994,130,841,677,108,964,0,860,1027,292
668,344,1552,221,129,41,686,2338,11,191,23,459,74,508,1331,34,819,0,807,864,194
669,129,1724,181,213,114,820,3516,10,1295,48,805,375,625,1084,118,1133,72,862,335,526
670,51,196,142,91,68,608,1701,21,847,24,477,184,520,632,65,728,41,726,539,178
671,309,1230,383,252,274,927,5381,150,1239,58,1297,709,1217,1445,152,1576,49,1244,653,405
672,273,2855,337,242,124,821,4066,15,1240,62,1042,301,1108,1109,113,997,20,1321,792,297
673,281,1719,349,63,107,1094,5151,6,891,20,995,124,872,1686,238,1600,73,1065,699,395
674,516,7250,971,315,48,1859,6700,687,5198,121,2862,1480,1948,3770,644,4006,49,2835,1098,756
675,193,3425,307,154,149,763,6194,393,1349,32,564,499,1342,1382,81,1315,7,641,946,484
676,272,1047,622,168,118,917,3510,64,1870,27,1115,203,1005,1129,202,1274,6,877,791,251
677,635,165,1319,203,447,704,9986,0,1942,121,1947,739,1836,2576,484,2886,8,2534,2127,531
678,65,669,254,21,60,186,1689,47,282,4,260,66,228,309,34,342,3,271,183,47
679,366,3154,586,238,198,1202,7085,92,1241,61,1510,256,1097,1748,438,1467,6,1689,1256,196
680,928,10437,1545,411,690,3152,20591,231,5130,272,3761,1235,3458,4156,742,4816,55,4019,2883,1424
681,186,931,201,70,125,549,2378,6,1377,15,997,163,626,845,66,327,39,563,399,136
682,499,4546,950,312,614,1394,9632,332,3639,118,1716,1207,1874,2169,667,2373,136,2547,1370,953
683,226,1888,314,158,225,587,4727,36,1621,72,1179,280,537,1249,148,871,0,1166,561,277
684,679,5150,566,302,143,1671,12745,142,2109,88,2057,796,1955,2958,379,2795,23,2959,792,968
685,95,2298,405,212,269,406,4440,19,1688,30,868,472,902,1483,338,958,26,1074,572,419
686,276,1863,399,67,2,109,5003,80,917,72,836,307,747,996,200,975,34,881,806,149
687,49,446,334,51,14,154,1879,124,429,38,324,100,245,416,66,415,3,114,212,77
688,405,5805,930,374,144,1728,10826,14,1615,105,1866,428,1642,2351,705,2119,44,1114,1188,701
689,392,5801,969,439,517,1844,7170,108,3414,167,1564,94,1737,3017,503,1342,59,2716,1016,1091
690,150,2097,949,173,428,372,7001,118,2798,97,1002,362,1085,1650,242,1793,83,1616,1192,432
691,662,5184,755,259,236,1460,7833,57,3447,159,1649,757,1750,2589,238,2363,182,1715,1592,449
692,281,2398,291,157,80,493,3231,26,826,48,963,93,815,1334,196,1220,35,368,832,216
693,375,3048,594,289,36,865,2780,89,1151,73,1699,38,1241,1475,145,1254,122,1477,1040,547
694,280,3017,510,90,0,926,6165,25,707,88,625,396,674,1285,54,1291,64,1746,619,337
695,290,3102,606,190,266,867,4468,328,873,43,798,198,885,3860,277,1665,4,1586,1022,232
696,146,916,98,62,26,236,976,0,407,49,561,47,373,626,24,436,37,430,400,165
697,750,4576,1168,178,176,1027,10124,339,1293,138,1595,253,1843,1714,331,1218,17,1839,957,789
698,143,2317,388,88,66,530,4147,17,1455,36,905,219,734,1509,146,593,18,455,403,189
699,77,1134,179,75,22,366,1486,7,617,8,644,62,523,808,62,619,33,579,413,222
700,811,7432,1791,480,836,2406,12524,354,5240,104,2263,1158,2098,3599,586,3627,90,3054,2461,311
701,142,1527,189,94,202,569,4751,10,1423,15,497,417,645,637,185,740,12,784,526,149
702,203,1832,353,112,185,271,4064,220,586,22,656,227,614,812,78,930,8,900,453,169
703,208,2250,272,151,130,794,5016,10,343,78,1078,247,884,1218,148,1421,70,1006,663,327
704,575,4383,429,205,533,1264,7161,114,2471,20,1163,868,1348,1599,267,1872,9,1639,932,409
705,53,4406,734,272,143,1270,6975,9,1771,72,1902,502,1321,1823,296,2525,42,1895,943,524
706,137,1015,183,45,103,235,2105,42,857,11,382,306,339,593,55,670,11,512,275,119
707,333,2952,353,196,138,1005,4466,95,272,65,1389,313,723,1773,166,1253,23,1025,575,379
708,82,1292,212,160,0,460,1347,22,512,8,425,128,926,664,44,531,29,619,458,242
709,748,5205,788,267,240,1621,8114,185,1759,113,1367,253,1448,2532,365,2716,15,2138,1435,482
710,525,7053,1211,389,826,1237,7971,159,3827,54,2342,1137,2197,2999,426,3011,41,1766,1415,645
711,820,5883,787,324,416,1476,12601,84,4361,178,2300,1309,2517,3872,231,3038,34,2601,1335,912
712,58,949,211,61,22,341,1585,14,215,51,482,75,467,577,13,227,9,398,322,147
713,333,4932,1126,252,341,1528,10594,63,1495,111,2356,583,1671,2166,465,2788,17,2064,614,757
714,479,5268,1158,351,642,1995,12247,27,4154,139,2292,1474,2160,3286,642,2742,38,2976,2004,904
715,587,4372,1281,206,308,1630,8955,228,2785,39,1840,1155,2136,2355,276,2215,29,1515,1240,642
716,117,928,266,92,36,435,1389,0,517,11,439,57,477,742,30,390,17,644,353,151
717,178,1213,277,57,6,518,2302,17,115,40,248,0,587,673,58,370,16,532,115,110
718,299,4078,513,184,520,595,6655,247,2308,47,1242,1103,1352,2188,295,1808,44,1560,1132,404
719,744,4866,729,226,454,1323,9342,297,3258,57,1861,789,1467,3103,652,1921,37,2128,623,415
720,256,2734,276,26,76,1026,5041,5,754,29,486,298,837,1061,108,1327,51,498,1113,383
721,79,872,69,129,1,345,1259,2,251,22,419,27,256,578,10,327,46,294,129,164
722,696,6256,1516,309,239,1296,13582,211,2270,159,2483,609,2511,1829,505,3207,80,2751,1538,758
723,439,2631,339,117,334,926,5996,181,1145,109,1164,554,1318,1503,328,1771,29,951,474,395
724,412,2608,501,154,15,782,4397,65,1222,29,1001,141,427,1129,254,1074,89,681,820,303
725,294,2449,387,191,188,1313,3654,4,2424,117,1135,640,1252,1772,132,1554,94,1306,935,311
726,14,600,181,20,25,175,1285,2,246,5,139,92,228,376,72,353,17,300,189,58
727,727,5695,1061,297,555,1572,8903,394,2605,132,1817,1389,1507,1661,420,2765,2,2540,1597,721
728,208,1892,314,212,118,730,3715,9,667,51,993,240,974,1428,68,892,53,779,901,271
729,313,2727,582,291,174,1147,3287,27,1153,105,1634,122,1174,1821,127,1480,59,1136,920,524
730,571,2837,687,125,11,1559,7343,182,1453,31,1572,454,1171,1636,243,2209,18,1738,917,268
731,207,1258,190,160,53,506,2807,3,1072,10,642,184,594,1013,59,532,11,812,731,101
732,605,3549,1129,492,781,1880,14811,294,5422,166,2380,1797,2244,3194,609,3135,34,3375,1846,1009
733,658,9532,1749,378,545,2851,18633,1029,228,290,1839,1320,3015,3979,710,4863,0,3205,2214,1054
734,327,3522,754,261,51,1050,5121,131,1251,112,1289,412,1145,1417,324,1504,92,1369,1014,483
735,665,5634,1441,226,524,1553,12892,272,1494,117,2040,806,1812,2232,245,2341,32,1633,908,538
736,230,1989,513,228,103,1052,6646,37,1270,162,1579,557,1330,1821,179,1832,42,819,1024,590
737,437,2451,762,198,291,1380,6530,62,957,46,1541,257,1135,2136,219,1880,138,1543,894,285
738,327,2923,657,339,288,1138,7170,123,1767,109,1016,392,1440,1935,265,2056,32,1372,1312,508
739,146,587,256,176,14,460,2531,0,458,33,585,67,694,1032,49,679,25,722,489,142
740,423,3466,898,252,360,1746,12631,589,1986,123,2217,910,1623,2723,272,2272,37,2462,1303,434
741,655,4757,1311,121,294,1291,8138,117,2441,6,1166,532,912,2237,412,1750,0,1803,1408,495
742,370,2628,457,206,33,1038,3043,4,934,60,1095,259,1077,1503,116,1254,72,1250,685,68
743,510,2900,475,123,163,501,5209,66,480,40,987,221,803,1434,372,1512,18,568,660,236
744,141,796,176,36,50,165,1543,24,158,17,250,42,239,473,128,535,2,157,203,78
745,690,7686,1250,506,451,1982,14595,172,2630,111,3266,905,2623,3573,363,4014,49,1996,891,700
746,111,1574,171,59,80,470,2424,9,395,13,368,65,547,633,30,631,17,588,317,183
747,208,3156,805,193,334,709,5539,29,998,51,1422,244,1099,1442,335,1562,18,1606,453,542
748,850,1542,1122,431,477,1838,12951,59,1965,88,3183,910,2460,3064,183,3530,91,1651,1003,185
749,447,2873,1400,284,224,1673,9474,726,3388,57,1394,608,1566,2308,349,2528,46,1271,575,488
750,356,3928,801,157,107,1559,6887,117,1405,98,1378,343,1277,2651,252,2092,114,1150,1313,411
751,281,3478,702,198,0,960,7932,149,1326,78,1571,451,1006,1580,153,1874,13,1576,1015,408
752,147,4093,657,241,257,888,5905,105,1153,47,1419,541,1137,1362,336,1766,25,1498,1248,369
753,296,2776,369,104,213,927,5654,6,1083,65,1242,295,936,1611,0,921,50,1877,1149,244
754,253,2651,194,178,22,553,4404,16,1626,72,635,528,637,1483,102,1018,8,955,628,324
755,520,3411,518,364,128,1560,10070,212,1668,95,1867,707,2192,2880,359,2281,60,2083,1455,343
756,141,1563,273,127,101,702,2848,20,1253,20,794,233,299,852,29,398,22,913,443,204
757,444,6108,1006,229,365,990,13018,414,2712,27,2009,1380,2101,2481,440,1877,21,2550,1173,546
758,208,1488,345,166,50,793,4746,14,311,0,883,231,881,1251,136,1163,6,1371,676,516
759,689,6610,476,107,682,1868,10864,47,1860,90,1378,454,2437,3029,154,3593,181,2606,2056,555
760,340,3917,1029,331,28,1528,8227,164,1536,79,1542,6,1575,2495,206,2026,33,1655,1351,443
761,344,5447,526,273,210,1152,9428,130,2163,50,1589,441,1645,2808,317,2228,25,2120,1955,450
762,279,2232,398,190,150,820,4089,19,948,49,1076,171,635,892,115,436,9,1062,453,210
763,103,1789,243,113,38,449,3932,9,530,32,899,31,605,529,134,1041,9,954,591,239
764,930,7120,1199,179,633,1737,12718,249,3621,72,2222,1267,2362,2089,405,3569,54,2910,1572,783
765,355,2477,674,258,125,1078,6374,136,1061,95,1000,235,1014,1720,186,1142,40,892,668,442
766,290,3241,511,137,77,738,4462,73,806,10,1149,292,962,885,76,1514,0,656,575,414
767,510,4303,1391,71,181,1555,10570,309,1627,48,1982,86,1608,2315,274,2465,40,1951,1552,488
768,656,5201,477,162,236,827,6498,97,3028,70,915,376,1041,1632,331,1879,7,1690,901,300
769,182,6219,1653,98,1,1680,14112,112,251,20,2583,984,1421,2820,568,1937,5,1097,1361,230
770,103,2009,421,187,58,184,2682,21,24,83,689,22,636,974,144,1033,0,644,321,279
771,170,1429,365,101,77,760,3001,17,1635,4,837,454,886,776,115,1021,32,580,389,404
772,453,3808,975,199,274,582,10370,177,3115,24,1141,959,1180,1756,372,1210,26,678,1917,351
773,508,3687,815,223,91,1083,8823,391,1661,49,1210,651,1759,1698,496,2193,35,1219,519,325
774,314,2589,649,289,78,969,6169,82,2045,89,905,779,1047,1468,171,1506,7,1385,1021,271
775,150,1769,302,141,159,473,4421,12,806,75,691,248,714,1328,56,841,21,908,496,253
776,713,5872,1440,199,290,1536,11543,220,2479,116,2521,1455,1437,2957,374,2579,25,1683,1072,602
777,157,1368,309,47,99,473,4006,27,1360,10,678,264,925,1316,37,1205,20,531,494,315
778,386,3708,680,156,53,1131,5459,138,1098,65,1544,179,1155,1924,290,1310,32,1319,836,412
779,31,670,69,35,28,191,1202,4,157,9,257,56,230,390,26,340,17,284,243,75
780,218,4375,1319,286,524,1350,14129,362,2449,208,2453,956,1299,3388,494,2564,70,2568,1513,679
781,202,1410,446,136,55,826,2978,29,798,29,952,228,792,1384,52,580,4,722,520,203
782,684,2953,1247,314,176,1476,12102,550,3109,112,1741,1093,1848,2251,615,2664,17,2493,1552,366
783,444,1687,383,164,251,647,3313,144,1089,50,1089,654,1102,1421,326,759,2,1050,778,317
784,99,723,153,67,33,260,1594,1,248,18,397,64,238,569,23,506,5,376,148,134
785,230,1629,649,65,139,442,4989,133,868,17,738,273,588,848,63,962,2,618,498,98
786,83,585,163,63,0,252,1486,50,270,25,461,105,442,475,7,397,15,476,191,82
787,1217,8030,966,449,630,2157,9292,512,4582,300,3259,1979,2553,3189,660,2275,15,2366,1481,1068
788,244,2378,301,235,117,906,4945,15,740,65,1285,213,785,1459,137,1279,32,1103,839,369
789,497,4778,1191,258,530,1774,12208,658,2367,115,727,1250,2036,1889,353,2479,24,1576,1196,270
790,85,564,264,41,43,166,1848,47,349,7,234,83,210,334,29,371,1,206,173,38
791,508,2369,467,251,30,833,7497,157,2998,132,1518,597,785,2049,387,2019,63,1776,1004,587
792,161,1689,366,90,117,480,3535,121,925,69,530,384,546,735,181,968,0,598,346,83
793,424,4496,1193,176,995,1460,11270,471,2837,55,1033,1250,1543,1758,468,2561,21,1709,854,401
794,112,1134,304,32,83,321,2642,131,580,68,400,232,408,477,111,809,0,397,234,65
795,180,1985,178,95,91,527,587,7,434,17,706,44,398,751,15,380,17,677,435,115
796,544,3987,1580,378,228,2160,15024,708,2382,65,2240,629,2069,3253,298,3698,9,2432,1290,370
797,128,1473,202,57,74,181,1886,109,1063,37,387,307,394,745,74,540,6,514,227,81
798,172,3986,748,244,488,1023,5469,21,2609,121,1646,741,1253,1747,107,1503,139,1439,392,600
799,388,3988,868,200,284,1477,7587,193,3090,108,1501,824,1693,2491,301,2393,26,1915,1446,480
800,199,2269,423,90,57,759,4759,33,725,23,483,8,625,1384,68,1153,16,968,1056,210
801,366,2263,606,206,116,912,5503,29,760,82,1346,334,1090,1672,226,1506,12,1438,1051,393
802,734,2407,437,230,334,1145,9981,72,3809,121,1899,1138,1413,2443,447,1825,10,2489,796,722
803,736,6078,1458,119,371,1963,14501,285,2291,64,2907,1159,2400,3309,938,3102,69,3033,1479,916
804,654,4124,1187,527,703,1879,12613,356,4066,203,2990,1710,2465,4334,301,2770,9,2994,1527,224
805,485,4294,1392,309,636,967,11574,197,3118,12,1742,889,1216,1638,253,2621,20,1958,723,530
806,193,976,263,121,100,674,3458,8,1417,31,618,299,655,958,70,1044,47,865,429,168
807,258,1855,314,147,97,881,3209,6,577,31,670,238,735,694,66,853,165,802,629,421
808,151,1714,335,214,38,776,1964,27,693,51,959,17,620,1262,46,754,61,929,469,187
809,268,1536,517,280,60,938,6034,2,1151,78,1153,220,1328,1876,178,1231,77,1339,695,342
810,77,652,41,72,12,103,1461,0,305,25,401,61,259,472,41,261,3,333,282,100
811,136,1363,350,152,119,559,2694,14,1350,46,715,533,637,943,39,735,24,580,524,185
812,650,4824,789,251,461,1350,11649,182,1903,86,1601,530,2009,1834,481,2139,85,2523,1610,597
813,252,2316,389,129,147,387,6118,185,932,25,1233,457,820,1171,113,1295,77,1269,660,361
814,275,3473,598,55,151,1072,6152,21,764,31,1199,137,880,1667,447,1418,28,1521,1341,385
815,246,2119,17,127,263,951,7555,474,434,18,738,106,1231,1737,171,1591,7,1283,1097,359
816,109,2399,684,171,553,760,5141,197,2511,93,1289,644,1262,2163,332,1964,51,1402,1431,272
817,146,1331,240,143,36,481,1907,3,421,49,417,85,557,754,104,610,107,503,398,286
818,257,1435,148,166,226,668,3755,53,1556,37,469,558,1044,1297,268,1156,1,1121,219,298
819,581,5261,986,483,439,1396,12506,184,3467,87,2536,1235,2095,2769,538,3005,89,3324,933,720
820,632,4007,556,324,151,1638,10210,77,1726,34,1307,376,1629,1984,477,2194,101,2012,988,412
821,231,2326,1028,225,241,1032,5059,11,1029,58,1172,498,860,1108,153,687,0,1122,847,399
822,1123,9699,1623,686,567,2687,21615,595,5848,306,4520,1870,4083,5806,1217,5092,124,5634,2592,2243
823,29,323,224,18,38,51,1696,13,552,9,589,33,305,549,2,63,0,67,74,5
824,781,6273,1581,432,468,1001,9280,355,3434,7,2020,1329,2103,3215,452,3081,1,2241,802,675
825,317,4138,571,220,181,1295,6820,63,956,136,1140,360,1234,1769,420,1833,68,1555,1295,445
826,243,1621,388,36,100,357,3659,46,676,11,472,99,600,1071,25,666,28,807,729,171
827,616,8258,1665,340,422,1487,15959,313,2033,143,2768,987,2400,6984,644,4041,13,3306,1745,931
828,773,8274,1212,445,19,2225,10381,103,3062,158,2013,1302,1538,3335,492,2435,37,3302,2371,817
829,263,1649,638,112,204,712,5798,138,862,47,778,269,980,1195,208,1546,7,963,856,185
830,408,5092,387,288,6,911,11045,278,1963,230,2189,802,1717,2285,156,2377,15,2371,1012,614
831,215,2412,307,43,80,752,3341,43,653,7,668,158,517,821,79,957,18,877,1110,278
832,299,2198,559,121,4,871,4240,71,592,62,994,168,917,1278,84,997,22,1122,834,379
833,254,2883,571,138,79,1068,6182,81,925,42,1311,347,997,1359,299,1292,68,1510,789,513
834,832,9326,1126,485,445,2210,14952,267,2023,172,2926,957,2808,4510,883,4210,86,2596,2575,1132
835,342,3593,300,199,81,1023,5678,139,1503,50,1302,591,1365,518,257,1596,9,1723,893,558
836,288,3906,780,207,170,1213,8118,135,1144,39,991,362,819,1690,381,1274,27,1895,1141,545
837,96,701,262,95,73,164,2091,4,898,7,469,194,377,580,165,390,15,331,176,108
838,365,4541,933,324,445,1276,7550,144,1288,129,1796,638,1467,2223,411,2084,108,1775,1208,645
839,198,1886,317,81,33,811,3489,24,544,79,742,4,498,1371,17,1290,21,1058,725,151
840,191,2652,520,191,204,608,3322,35,1496,96,893,319,741,932,116,1160,21,834,653,273
841,159,2384,542,99,200,958,4557,65,1310,12,917,351,988,1499,169,1157,36,1131,787,146
842,76,1090,80,120,37,454,1291,2,421,21,458,74,297,609,12,250,75,280,495,122
843,121,1093,277,103,47,293,2565,19,493,16,503,110,463,539,62,558,23,507,311,194
844,522,1907,718,275,118,982,7749,102,678,49,1894,205,1589,2350,588,2441,139,2293,848,615
845,485,4544,707,260,565,1231,9139,398,1342,76,2259,16,1915,1252,445,2238,58,2387,1486,84
846,138,1363,179,125,67,403,1945,10,383,17,742,71,569,712,141,620,17,669,440,160
847,123,982,352,67,127,402,2479,60,1054,14,577,237,369,793,97,599,17,305,292,116
848,752,2382,1104,270,177,1537,1716,155,3608,211,1281,1207,1359,1676,309,2089,61,1327,1219,365
849,389,3521,567,152,92,924,7419,156,2234,53,1079,989,954,1586,384,1656,20,1309,736,338
850,270,3027,855,196,478,1458,6539,109,1400,62,1769,516,928,2387,337,1842,53,1832,1382,411
851,253,2237,220,224,154,616,2842,47,968,74,840,0,827,1588,292,1314,37,950,690,361
852,664,5887,886,234,306,1780,11764,176,1881,113,2372,469,1627,2654,407,2296,28,2330,2014,618
853,251,990,202,163,25,482,913,6,322,5,517,178,402,2509,62,476,1,384,401,203
854,172,3215,646,248,146,730,6107,49,1769,10,1394,740,1073,1394,102,1427,23,1636,1055,383
855,53,638,98,111,18,194,1288,5,197,6,272,2,267,351,11,305,8,253,142,124
856,52,1356,224,48,75,228,2226,56,609,32,534,202,153,594,95,344,0,555,180,173
857,390,3442,810,216,82,1213,8614,103,1209,39,1335,395,1457,2040,527,2089,51,991,1426,496
858,140,1571,493,176,103,649,4110,34,1151,68,872,333,761,1166,57,1004,21,442,549,236
859,193,2375,620,91,65,627,5024,101,1096,33,792,351,658,937,183,1276,7,618,610,181
860,586,4264,472,210,257,962,9593,94,1490,29,1266,929,1497,2253,292,1845,57,1339,1054,634
861,92,849,81,63,41,279,953,10,383,28,320,122,285,436,32,285,9,417,201,165
862,402,2180,730,225,225,1014,7891,46,2015,110,1571,1407,902,2400,154,2361,8,1522,1190,264
863,401,58,614,220,370,1297,8165,121,2536,64,973,1046,1431,1833,534,1892,61,1883,1358,414
864,469,4935,985,223,497,1461,12799,361,3305,37,2163,1154,1117,1920,364,2674,8,2231,1564,598
865,97,685,215,94,53,521,2634,8,914,1,593,81,531,748,65,540,17,535,420,160
866,604,5572,949,279,743,1733,11965,334,2724,22,1350,831,2162,2589,264,1985,63,2596,775,753
867,413,2556,699,213,394,967,7411,83,2093,24,1461,952,1247,2110,452,2281,24,1778,1090,284
868,793,2749,82,194,751,1655,13721,158,4487,122,2237,834,1568,2979,5,3518,48,2433,2139,480
869,480,4243,507,275,0,1063,9032,254,2707,53,1100,708,1535,1624,311,2264,28,1756,907,396
870,314,2965,337,177,322,1191,4184,23,2197,92,1091,488,1352,2363,170,1488,43,1602,1061,284
871,181,1602,188,131,157,529,3641,15,1264,25,899,472,696,1117,172,773,16,947,466,262
872,68,742,43,49,53,248,1475,13,499,19,311,131,316,421,27,432,3,446,201,86
873,95,991,312,59,30,279,1979,91,930,23,500,224,403,649,168,527,7,507,326,175
874,108,798,113,53,26,332,1658,10,438,15,497,53,449,658,69,358,14,322,154,157
875,562,2499,708,127,262,1355,7121,147,1680,139,1749,444,823,1939,121,1889,56,1599,1041,473
876,263,2687,521,186,88,697,4174,34,950,24,1687,288,916,1391,278,980,128,1181,462,426
877,56,1293,216,39,59,363,2110,11,456,35,1023,208,778,1129,138,1083,8,785,767,181
878,254,591,108,141,68,278,1092,10,727,7,276,93,473,379,20,515,0,534,95,70
879,90,914,95,20,84,323,781,8,234,5,193,32,263,476,7,273,21,346,207,59
880,213,1101,184,182,91,581,1926,13,679,25,397,158,675,783,72,660,64,417,242,331
881,388,3305,790,160,390,1242,6057,76,2139,80,973,954,1105,2132,295,1871,28,1392,1242,358
882,889,8916,1211,380,269,2266,16882,360,2666,138,3545,1028,2619,3369,726,4010,29,4147,2333,1167
883,390,2767,520,105,129,950,2611,53,1713,66,983,479,1021,1484,172,1446,17,1269,606,416
884,648,7606,1278,390,537,2200,12828,327,3020,203,2829,555,2902,3513,940,3917,221,4042,1922,1069
885,638,2883,1158,367,443,1855,13040,103,4305,112,2324,1084,1931,2649,553,2884,72,2419,1907,575
886,447,4682,1239,437,663,1900,16158,1040,4812,266,2244,2298,2634,3064,598,3124,68,3055,2066,730
887,231,967,149,155,58,373,1863,14,407,50,294,70,546,721,9,477,0,336,296,68
888,1224,11941,1276,236,707,4454,27990,515,4356,310,3164,1037,4664,5275,320,6453,105,4093,3524,1559
889,168,1813,174,165,3,540,2247,11,538,36,838,102,931,951,84,589,9,603,770,233
890,104,982,247,117,94,272,1726,56,690,7,168,97,472,619,83,595,45,508,377,238
891,279,2477,527,125,232,754,5476,82,1865,76,1246,461,605,1256,365,1245,30,880,801,214
892,559,5163,899,72,0,1517,12683,344,1535,78,2228,750,1088,2365,431,2922,36,1838,1114,631
893,786,7318,818,571,547,2392,14910,292,3203,180,3025,1378,2965,4294,744,4311,26,3561,2552,980
894,616,5422,1010,346,172,1645,8005,373,1880,87,2501,688,1841,2561,275,3131,23,1529,1537,584
895,381,2614,500,123,252,620,5771,126,2463,51,1069,324,1022,1589,228,1297,7,1292,841,362
896,324,4536,115,304,269,1196,7639,150,215,15,1365,181,1349,2121,126,1948,0,1941,1056,615
897,262,1947,567,109,37,593,2773,84,607,78,1220,212,627,1228,28,1107,18,1035,308,388
898,249,5226,1637,153,278,1332,11368,504,1435,45,2356,636,2158,1715,541,2145,40,2522,1282,409
899,357,3174,800,145,118,840,5809,120,809,48,1019,510,788,1070,244,1383,4,1330,948,206
900,333,5170,621,134,254,308,10135,189,1224,13,1800,140,958,2141,227,1937,11,282,974,118
901,281,2171,435,177,9,840,4395,39,1521,39,837,368,1097,852,76,896,14,1081,604,255
902,621,5757,1002,327,223,1496,11821,416,2734,94,2088,961,1787,2739,679,2261,30,2380,1618,732
903,502,5742,801,172,467,1256,10663,216,1361,45,1673,560,1227,2242,515,1364,19,2083,676,498
904,355,1736,622,129,438,771,6733,179,1631,55,1080,578,993,1258,194,1455,4,999,778,185
905,202,1825,232,82,151,771,3112,1,856,61,1052,221,668,1551,31,1234,47,587,755,382
906,280,3465,760,178,32,1059,7929,152,2734,28,1121,743,1051,1190,306,2356,27,881,1033,554
907,196,5470,1236,260,194,1035,6530,162,2520,93,2025,1179,1514,2576,379,2681,16,2187,1607,380
908,280,2015,35,103,4,504,2676,20,503,80,385,7,782,978,123,829,43,799,495,294
909,873,6141,1848,539,713,3091,18935,254,2816,202,2751,1008,3478,4400,357,5082,49,4355,1969,916
910,306,2227,293,60,265,827,5237,36,1120,75,502,279,1415,1866,107,1650,59,1349,988,555
911,92,735,275,27,61,220,2157,70,358,7,332,81,272,400,32,404,2,307,225,63
912,241,2026,298,38,130,700,3032,8,1156,58,397,145,536,924,65,473,0,510,396,117
913,346,4355,489,195,1,910,7753,132,769,36,1573,274,1019,1578,225,1855,34,1294,971,287
914,653,7079,1362,246,56,1749,13406,198,2545,144,2222,521,1955,2823,361,2746,55,2723,753,451
915,318,6017,451,327,926,1943,11617,197,4218,35,2511,878,2667,3296,885,3033,62,3314,1866,824
916,115,1875,335,182,114,868,3095,6,1423,58,1123,314,838,1232,112,785,48,1066,557,231
917,155,3025,414,98,74,1151,4546,24,1058,54,926,201,1030,1236,269,1299,19,1302,1051,415
918,658,4026,1109,339,322,1735,11538,271,1979,25,1205,501,1692,2634,175,1567,8,2626,1053,496
919,212,3382,758,298,84,1063,9588,103,1365,95,1628,503,1324,1860,241,2147,28,1461,1462,378
920,311,3416,787,222,220,1177,7267,52,2717,115,1509,489,1268,1975,362,1544,2,1302,941,689
921,426,3986,827,417,93,1359,8804,7,3404,107,1221,969,1771,2579,384,2393,176,1996,1104,847
922,300,2729,662,134,179,632,1225,152,1759,38,1265,482,983,1138,197,1226,33,1092,558,331
923,373,4797,711,111,341,1088,6020,2,2185,108,1956,971,1403,1981,398,2606,58,1489,1077,534
924,131,3380,812,128,256,769,7225,294,1217,79,1275,400,1359,1910,516,1341,13,879,1127,531
925,349,4186,988,78,755,692,8632,194,3090,36,1457,901,1541,2342,535,2479,66,1867,1363,430
926,590,4489,1103,143,315,1796,9561,471,3603,74,2276,1344,1325,2566,24,2304,28,1631,1054,343
927,609,4304,793,250,156,1446,8367,128,1843,157,884,225,1204,1692,436,2173,95,2076,1713,579
928,367,3190,789,236,247,1459,5560,13,1890,44,2104,609,1212,1632,48,1957,73,911,732,298
929,344,3257,283,170,228,1033,7207,109,1161,71,1235,332,1338,1798,287,1442,15,1079,753,353
930,273,3244,471,144,119,768,6535,180,1066,29,996,125,1055,1686,354,1676,18,611,1214,407
931,169,1120,224,89,0,764,2882,10,1185,16,844,151,734,790,88,914,12,540,501,266
932,433,4253,780,249,220,1760,8092,136,1604,113,1959,458,1256,2259,169,1893,42,1591,918,425
933,368,2882,630,173,269,784,5450,148,1734,69,1316,381,922,1509,141,1264,58,867,732,310
934,388,1995,1007,371,121,1163,8870,143,2435,70,959,1081,570,2639,458,2041,31,2254,1111,547
935,524,3376,625,212,9,1301,2940,263,1714,74,1575,0,1076,2228,311,1798,24,1749,1000,507
936,364,4448,773,266,505,1454,8534,104,3322,59,1578,788,1398,2162,405,1991,10,1942,1366,495
937,305,3101,219,65,274,604,5401,445,757,0,1278,135,640,577,126,1516,25,1130,567,170
938,386,3527,761,356,2,1333,6325,308,911,106,1692,603,1208,2278,448,1665,33,816,404,320
939,269,2360,139,164,74,692,3430,15,100,39,829,82,679,1137,53,1124,50,771,372,265
940,698,3994,1270,225,133,1430,13734,151,952,93,1542,1102,1577,2300,432,2616,14,2334,391,334
941,546,5246,949,383,551,1672,6643,35,3852,132,1804,1278,1924,2672,53,3588,57,2338,829,604
942,196,1267,436,85,154,529,3033,29,830,20,705,236,501,629,174,739,2,565,399,157
943,146,799,348,131,68,633,2481,10,610,26,732,250,615,525,86,857,22,690,486,173
944,276,3048,892,245,209,906,6827,14,2730,63,1353,982,1144,1680,187,1807,23,1686,1158,366
945,27,979,162,31,37,173,2177,6,105,6,494,86,386,468,68,561,18,269,291,138
946,835,6636,1416,277,307,2356,12432,861,3876,94,2112,1457,1863,2516,359,3089,10,2349,1581,528
947,1051,7411,131,347,366,1466,14815,570,2067,73,2451,837,2275,3234,0,3749,14,1965,885,818
948,195,1539,442,144,78,507,5658,252,593,26,902,93,1000,1092,238,1080,7,997,552,337
949,93,1511,195,190,60,495,2988,6,1327,30,790,197,742,1115,12,850,36,924,373,306
950,217,2443,573,107,91,828,5238,138,612,59,1034,283,879,950,435,1400,3,1088,496,249
951,130,1089,273,63,45,259,2523,42,340,1,466,187,475,499,86,617,29,636,305,183
952,105,648,128,16,52,348,1347,0,118,1,217,60,292,579,13,400,9,315,165,79
953,303,2570,556,119,116,628,5561,54,736,1,858,473,852,1271,246,1104,13,769,647,281
954,838,4409,504,216,387,944,10705,203,1703,13,2195,466,1341,2488,433,2680,20,1749,1168,372
955,243,2828,537,246,144,935,4791,48,2229,66,1238,653,1036,1720,369,1511,10,1410,1037,300
956,163,2293,580,167,224,994,1595,66,1538,47,651,721,1047,1084,110,484,9,845,259,306
957,346,2409,314,97,165,289,2972,31,1856,31,780,303,1109,1483,234,1294,96,1025,558,338
958,258,2651,428,184,429,849,5232,139,1819,36,1463,477,1010,1477,125,1204,28,730,792,449
959,257,8606,909,331,41,2276,13056,399,2769,80,1630,605,2532,3097,486,3307,108,3230,1855,845
960,213,1524,530,31,56,529,3239,51,566,27,916,88,739,745,103,1177,15,830,398,245
961,80,4093,555,135,516,1155,6751,9,838,43,979,303,1148,2459,152,2059,120,2095,1417,750
962,283,1977,184,158,77,1149,1479,44,841,61,615,115,832,1184,183,1053,34,1185,420,198
963,425,4705,530,165,404,1190,6766,39,2358,30,613,896,847,1762,286,1474,79,1026,1579,393
964,62,624,609,61,83,664,4536,82,1852,50,759,218,879,1358,13,1359,22,593,501,292
965,733,6099,582,422,681,544,12804,307,4768,113,2597,1033,2345,2847,601,2943,46,2178,1993,753
966,850,8149,1599,209,710,2277,16567,808,4958,64,2280,1537,3016,3225,321,3210,14,2872,1673,770
967,182,1008,227,120,44,452,2023,8,555,26,884,254,732,841,119,794,76,876,545,260
968,419,3963,796,198,248,1015,9265,748,1629,51,1229,101,1590,1434,93,2613,10,1553,1346,423
969,190,2079,421,145,101,593,5420,108,651,30,909,291,694,1114,241,1035,0,730,492,278
970,203,2571,271,45,55,220,2968,5,1215,63,970,530,802,1101,159,1113,63,470,253,236
971,432,5856,932,406,579,1753,5689,336,2760,45,2618,1527,1641,2651,512,1506,89,2516,1684,780
972,607,4627,1136,233,123,1748,8741,285,3209,189,1832,971,1729,2534,318,2099,57,2619,1030,597
973,611,5217,1018,323,261,1761,10290,129,3273,88,1390,950,1655,1641,415,3174,26,2707,1693,593
974,121,834,333,37,142,254,3123,72,742,29,490,334,594,569,156,847,8,616,285,141
975,320,6269,933,263,429,1687,12687,189,2694,80,2334,880,1497,2639,612,2420,21,2477,1637,653
976,295,3220,794,206,211,1187,5009,54,2256,8,1151,388,1248,1877,115,1318,46,305,1235,282
977,252,1690,501,132,6,581,4364,12,832,53,779,207,611,1047,102,776,42,838,759,243
978,255,3308,552,125,115,771,5840,25,1504,26,562,779,906,1595,155,1248,12,1263,1026,381
979,86,678,330,55,53,413,2821,47,554,9,379,165,478,717,140,834,0,559,252,94
980,65,800,137,40,49,146,2091,3,567,0,346,194,248,315,33,403,1,230,227,25
981,82,1223,267,109,2,511,2157,5,356,65,331,162,706,831,58,568,30,401,293,155
982,520,2383,1136,130,470,1165,12547,270,1785,28,1596,433,1830,2230,120,2768,21,1171,1520,253
983,769,5232,1082,104,241,1657,10356,383,1371,56,2079,641,1532,2587,290,2389,9,1742,754,613
984,987,8367,2316,535,774,1716,19927,739,4557,181,3005,1723,2473,5258,808,5013,63,4447,1386,1449
985,89,766,110,91,45,346,1021,5,354,32,358,52,406,323,16,391,37,405,244,114
986,165,1300,404,62,211,361,3175,29,902,9,606,247,397,686,86,697,4,524,203,114
987,371,3839,665,80,126,1033,7353,5,1244,88,913,1,1002,1725,150,1729,63,1741,1404,415
988,142,1082,298,51,84,245,2633,78,545,25,430,156,332,312,115,644,8,459,226,132
989,304,3713,1205,113,428,702,8897,274,1893,38,1860,244,1198,917,184,1951,7,653,830,315
990,76,628,203,16,65,214,1332,40,524,16,230,93,444,420,121,380,5,303,68,125
991,271,1894,310,181,210,785,5204,128,1910,57,885,340,816,1423,132,1153,25,685,848,207
992,325,2697,764,74,334,922,5300,214,2277,49,1359,466,980,2064,219,1482,8,1126,1052,168
993,916,6703,1695,327,344,1508,12850,192,3903,190,1880,1624,3126,2612,888,3825,86,3999,730,814
994,480,3861,522,202,359,1120,7123,154,1173,75,741,295,1324,1774,122,1723,73,1738,602,428
995,78,671,52,88,50,373,808,5,366,0,463,143,265,630,6,286,0,375,198,100
996,410,3391,766,223,159,1631,6635,82,2169,33,955,605,1681,1683,222,899,30,1481,708,248
997,156,2141,504,143,175,1058,6665,215,1346,7,695,486,1164,1364,261,1356,2,1211,442,450
998,93,1037,307,133,30,508,2046,8,734,36,665,130,441,637,55,667,10,579,396,104
999,181,1771,562,169,94,735,5221,76,1051,38,882,284,821,1376,99,955,51,1032,918,357
1000,271,2822,633,215,210,1168,6594,54,1628,12,1143,792,1180,1349,158,1395,18,1620,839,354
1001,75,1996,231,186,173,560,3375,10,1472,4,835,441,786,1144,115,882,8,770,825,250
1002,207,3197,817,252,471,1387,9402,260,1234,128,2034,447,1577,2541,264,2060,47,1561,756,651
1003,225,1833,327,131,143,1033,5212,25,774,31,1235,297,899,1889,116,1451,10,1162,376,315
1004,251,2651,629,96,301,904,6125,29,1094,87,1113,778,1455,1659,108,968,13,1460,805,117
1005,164,2489,644,223,174,677,5411,118,900,31,1024,28,928,992,187,1390,51,1412,682,311
1006,155,426,198,83,44,244,1720,0,594,46,451,57,569,709,35,437,14,610,458,141
1007,141,608,193,42,3,407,1740,0,563,10,433,89,592,688,14,374,0,505,121,205
1008,370,2914,570,237,135,1347,6879,264,895,138,1486,310,1428,2103,362,2259,185,1641,1222,345
1009,181,1299,220,110,86,670,1796,3,742,61,738,134,449,710,12,511,54,464,418,232
1010,138,1593,140,93,0,474,2756,68,192,24,777,256,628,863,17,785,33,665,234,267
1011,230,4079,822,93,366,1375,6071,133,1339,34,1502,408,625,1972,225,1682,16,2027,1165,408
1012,458,4672,1318,226,807,1139,10685,854,3893,137,1911,1141,1633,1216,463,1687,23,1042,1021,230
1013,619,7623,1428,414,708,2436,16906,329,2756,153,2843,351,2976,3933,603,4512,30,3580,1670,1289
1014,407,3088,831,159,120,901,5864,142,1317,64,1009,251,961,1883,224,1014,15,897,768,270
1015,195,2308,487,126,99,720,3189,8,545,42,962,128,655,1126,129,763,38,1006,629,287
1016,123,962,125,148,41,149,1045,3,874,22,674,113,535,665,94,554,27,591,259,203
1017,298,2501,438,125,226,418,3467,61,2303,32,930,262,1270,771,210,1326,72,1136,413,295
1018,50,1080,136,54,104,422,2272,9,775,9,342,161,365,652,109,623,40,348,175,62
1019,99,720,174,73,18,252,1187,1,349,21,317,21,225,445,22,444,32,331,216,116
1020,292,4078,285,165,235,1101,6126,66,2414,117,1289,474,1281,1524,355,1438,64,1698,878,584
1021,413,2746,705,141,169,755,5399,51,736,12,1103,259,668,1208,117,961,0,871,793,167
1022,2670,26543,4992,1468,1928,7887,42943,445,13999,513,9555,3875,8991,13278,1638,11660,421,11526,7537,3374
1023,253,1859,174,109,68,719,3867,139,863,15,666,321,661,756,158,989,29,941,509,209
1024,161,1132,329,129,19,522,1657,1,463,9,697,42,452,478,23,484,22,641,295,229
1025,275,3599,653,177,238,869,7236,141,583,68,1473,414,1484,1574,220,1812,9,1597,774,454
1026,98,1324,631,76,99,488,2671,155,516,11,525,83,595,1066,226,980,9,773,714,146
1027,757,6664,1217,397,305,2102,14178,277,383,63,2242,502,2180,2807,436,1988,75,3260,1060,659
1028,136,1105,265,31,30,367,1938,1,580,26,587,100,283,782,47,492,27,611,534,239
1029,670,5445,894,397,302,1789,12637,202,1401,59,2344,640,1926,2624,342,3546,28,2461,867,664
1030,290,3127,819,207,226,1007,7147,197,1738,9,1641,592,1981,2085,257,1825,53,1799,595,647
1031,536,5809,855,140,396,1355,13622,293,3962,126,2679,1392,1756,2714,476,1516,10,1959,1316,381
1032,1135,11065,2631,519,934,3631,22932,691,4474,209,3426,1817,3745,4328,1128,5131,76,4534,2835,1401
1033,142,2035,234,194,140,847,2823,37,1627,38,1006,394,720,715,117,691,70,673,738,245
1034,595,4263,1304,178,342,1497,6825,396,2755,122,2045,628,1336,2543,209,1585,8,1674,412,174
1035,129,149,51,104,83,374,912,6,543,10,228,162,217,419,24,404,3,239,204,176
1036,476,4543,726,234,314,1006,7259,55,1132,16,1267,200,1248,1932,287,1396,26,1967,1212,331
1037,335,3325,694,189,241,1288,9728,22,1401,99,1249,301,1085,2312,454,1366,10,1831,1296,599
1038,494,2133,826,136,48,1313,7489,72,2425,74,1259,925,1279,1954,226,2026,37,1498,1054,475
1039,115,1641,340,178,113,594,1471,18,1150,23,333,214,791,747,67,661,22,690,929,92
1040,1026,6788,1939,325,377,1884,14908,50,2335,146,2304,485,1155,3074,649,2800,55,2336,1639,688
1041,219,3086,667,235,203,465,7098,31,1968,46,1168,803,848,866,234,1882,9,1341,980,444
1042,701,4640,1450,379,561,1089,1271,620,4333,110,2476,1077,1830,3277,247,3804,27,2327,1822,384
1043,343,3132,646,46,190,633,6569,13,857,10,879,221,987,1567,95,641,38,695,1388,441
1044,437,4882,1367,326,357,1950,11160,111,3340,90,2429,1208,2434,3190,223,2847,40,1803,1059,747
1045,226,2072,211,105,10,446,4945,18,743,76,391,110,469,985,22,1060,6,1006,330,340
1046,445,6249,940,356,258,1625,9611,70,321,56,1282,818,1556,2232,323,2371,16,2122,1594,320
1047,657,3172,1311,264,374,1299,11911,476,1819,31,2110,393,1412,2663,333,2437,9,2761,1081,485
1048,118,1737,600,96,161,951,4775,91,1792,33,1097,311,962,1403,168,1171,15,1116,826,195
1049,311,2787,449,192,101,1007,5305,33,833,117,1057,270,1106,1583,332,1249,39,728,862,486
1050,66,547,92,39,68,531,1509,10,511,16,448,77,177,382,7,329,31,399,234,106
1051,281,3015,981,371,159,1030,6481,103,1372,22,1600,194,700,1872,72,1658,114,1172,1088,662
1052,81,6934,1471,306,606,1223,12427,69,2706,18,1631,572,1882,2500,432,3317,0,2481,823,330
1053,467,6132,1204,261,445,945,12010,257,3367,76,2449,1057,2142,2462,575,3062,58,1586,519,982
1054,91,2019,402,95,108,458,3257,8,712,20,668,148,787,1056,182,863,87,373,462,254
1055,273,4116,953,156,175,1348,7024,5,1589,40,1901,592,1643,1409,167,2130,18,1857,1399,480
1056,116,943,326,55,21,297,3359,41,740,73,580,109,695,739,72,802,28,538,231,248
1057,528,3475,773,339,282,1203,9821,97,1107,87,1561,649,992,2228,456,1994,96,2378,1207,795
1058,738,7609,1274,391,305,1802,13946,120,2152,63,2277,518,2666,2991,548,3983,46,1370,1389,1077
1059,58,775,115,111,79,309,1103,3,339,17,323,87,428,559,28,458,44,479,274,144
1060,736,4970,1367,372,534,2369,9209,132,3484,160,2003,466,2379,2919,473,2653,265,3180,2008,896
1061,927,5351,863,272,308,1981,13718,124,2295,230,2263,846,2303,2827,513,3951,162,3232,1464,1032
1062,122,650,61,75,8,339,1188,0,163,36,301,8,238,2065,30,401,13,359,231,162
1063,744,5464,649,473,41,1967,11794,100,1863,140,1757,724,1619,1796,644,2730,61,2150,1829,622
1064,413,3655,656,123,0,1333,8207,180,1262,98,1395,472,1467,1031,392,1649,11,2307,920,674
1065,98,899,162,60,82,490,1698,10,708,11,447,166,376,769,19,327,14,342,396,163
1066,64,684,71,24,103,172,1495,21,538,5,323,194,264,232,117,202,0,139,233,97
1067,1289,11748,2258,548,931,3547,21800,533,5004,205,4298,2106,4673,6235,1181,6304,92,4866,2287,1768
1068,700,6334,1401,399,531,1687,10082,401,2679,80,2183,979,1909,2879,315,3362,31,2303,1326,459
1069,447,3735,423,246,210,1262,9006,50,2950,22,2044,858,1106,2142,549,2790,86,1569,1108,450
1070,1088,10584,1808,684,597,3725,19209,272,3502,218,4239,862,4135,5871,755,4853,140,5103,3148,1672
1071,303,2323,557,127,248,1139,6012,5,1271,20,888,501,1278,2163,286,1484,181,1697,791,436
1072,324,1752,316,138,132,731,3514,17,1212,59,796,294,889,1381,156,851,31,790,554,378
1073,775,3643,1255,408,0,1929,12205,195,2492,62,2511,509,2317,3241,337,3044,19,2623,2129,589
1074,936,7681,996,359,499,1919,14974,26,3880,161,2946,1088,2793,3790,712,3755,50,3343,2084,939
1075,164,1850,513,125,156,255,4366,80,835,23,1078,301,763,1267,150,939,14,771,850,229
1076,304,1552,373,143,151,977,2975,15,1951,16,1125,239,929,1581,218,1276,32,1134,607,243
1077,525,3232,883,169,355,1268,5560,270,1713,44,1558,598,1410,2303,343,2319,6,998,1029,264
1078,240,4204,303,119,260,1071,9198,32,1282,23,889,502,1357,1719,245,1801,77,1114,1273,494
1079,536,2747,488,171,3,1582,5153,24,3566,139,1885,978,1592,2460,238,1792,47,875,1431,515
1080,516,2750,866,228,307,1291,9989,243,1630,68,1757,238,1421,2430,213,1848,58,2087,1061,513
1081,532,4436,824,158,100,1330,6191,29,806,155,1951,251,1924,2256,313,2027,25,1503,1687,665
1082,191,2476,441,218,163,775,6166,95,2074,52,1058,478,1244,1572,294,1231,56,1395,480,280
1083,308,1877,309,76,1,811,2554,25,112,13,802,4,548,670,39,362,30,467,652,347
1084,254,1524,304,103,36,618,4039,18,717,91,959,445,629,1013,117,657,56,539,426,197
1085,175,1886,259,157,89,826,2754,10,538,39,789,68,647,1096,80,634,60,924,539,309
1086,158,911,412,132,0,490,1089,8,750,37,955,27,681,975,13,665,18,871,478,330
1087,578,2171,989,200,326,1114,6373,31,1928,83,1532,747,1265,1917,561,1209,19,1352,598,510
1088,295,2626,311,282,124,1138,2953,27,1073,85,1225,456,1276,1500,81,1291,68,1121,915,347
1089,178,1832,426,174,61,765,3904,11,590,27,1015,218,813,1427,144,1107,59,1110,957,84
1090,172,2582,144,252,10,1163,4739,10,622,96,1303,388,850,888,183,1459,110,1323,890,510
1091,984,7998,1234,388,613,1231,12445,286,2440,199,1733,1027,2598,1718,516,4083,41,3195,1692,1075
1092,375,2108,661,253,263,1270,7309,133,1312,70,1045,590,1584,1438,255,1607,99,1573,586,555
1093,145,789,125,64,53,414,1170,10,689,10,219,194,431,717,29,318,0,429,167,190
1094,126,771,67,56,57,242,1327,8,224,15,561,32,338,528,7,427,8,189,229,89
1095,478,2693,725,211,622,586,9242,335,3071,63,1323,441,1225,2074,180,2356,2,1605,1173,303
1096,196,640,136,44,39,650,2712,3,575,8,795,97,550,994,44,563,46,515,370,207
1097,113,1132,377,62,144,329,3243,13,878,11,537,98,461,901,57,876,2,503,416,181
1098,347,2048,404,137,323,668,4502,172,1812,56,1033,371,1024,1142,358,1211,32,716,625,387
1099,114,989,228,77,16,447,1627,5,313,2,557,85,437,724,13,521,21,490,302,264
1100,496,1994,767,196,329,973,3821,108,2562,39,1441,798,1239,1935,278,1172,63,1268,885,369
1101,153,768,278,99,80,571,1897,9,792,10,295,112,524,861,95,612,44,901,449,326
1102,140,2116,358,201,140,854,3392,11,1080,48,948,179,597,1470,44,740,5,1169,941,322
1103,137,1020,94,162,63,354,1323,1,420,12,356,85,403,545,23,288,17,418,292,187
1104,115,635,70,63,21,213,909,1,509,14,290,110,274,559,25,238,50,332,129,109
1105,370,2435,772,263,165,1399,7448,83,1993,79,1707,645,1271,1856,84,1894,65,1346,788,649
1106,106,105,147,153,22,554,1575,2,961,17,677,127,465,822,49,512,7,410,286,304
1107,233,2418,390,216,132,827,5221,78,1075,78,1469,597,845,1413,298,1410,47,1375,1132,278
1108,529,4735,815,347,682,1612,10539,176,1604,135,1982,1055,1454,3198,316,3214,21,1718,1810,865
1109,432,1992,511,213,310,992,4796,89,1856,44,1303,394,1125,1532,166,1336,29,783,986,407
1110,596,3940,1118,451,484,1808,13087,320,3635,118,2139,1433,2295,3047,844,2575,54,3001,1598,967
1111,221,852,292,150,57,557,3022,119,1309,12,686,456,718,998,142,795,5,953,388,333
1112,324,2588,766,54,168,923,3509,118,1230,136,661,68,896,1414,188,1708,107,1400,1201,362
1113,98,967,216,24,102,331,1644,3,757,10,510,128,741,851,50,678,51,467,338,265
1114,451,6234,1190,257,677,1639,3929,172,2925,117,2415,617,1957,2781,674,4461,61,1729,2059,586
1115,94,946,147,117,23,290,1774,24,187,23,853,134,377,667,57,319,35,423,222,75
1116,237,1557,388,107,176,594,4078,69,1330,27,664,412,705,800,186,820,19,710,492,248
1117,56,642,137,28,23,174,1959,19,272,8,432,199,318,340,39,374,2,343,124,76
1118,120,895,242,104,16,489,1790,0,475,71,605,134,459,713,11,569,24,462,194,78
1119,294,2949,564,64,124,873,6064,65,2262,71,1042,501,932,1105,132,1327,10,749,778,431
1120,579,5210,935,334,3,1004,3612,95,3287,44,1855,265,1778,2121,323,2551,13,1892,1134,449
1121,405,4856,722,279,746,1217,8232,633,2760,66,1880,963,1703,2261,141,2312,22,767,988,584
1122,308,1983,449,134,122,504,4191,58,679,30,813,451,624,1060,26,984,27,810,469,159
1123,59,640,134,94,51,473,1064,4,186,1,359,2,313,424,3,388,20,347,430,60
1124,124,935,157,82,94,207,1969,0,340,10,485,196,163,558,32,597,0,325,173,52
1125,136,962,97,101,41,267,1074,0,147,15,296,69,369,787,25,405,45,409,189,139
1126,542,5622,847,392,605,1939,10856,595,3566,112,2155,1215,1271,2811,409,3167,37,2203,1668,655
1127,386,1293,1000,193,17,1176,7231,172,1217,55,1947,487,1446,2130,80,2136,76,1868,996,542
1128,526,4425,997,141,282,1874,10643,69,2902,69,1715,1025,1286,1516,290,2885,76,2103,1739,838
1129,58,1975,539,152,136,1103,5640,36,900,74,1412,236,935,1495,135,1401,65,1227,980,248
1130,219,1210,430,153,92,556,2526,102,560,45,674,284,744,1066,92,721,45,535,593,346
1131,325,1735,202,82,240,961,5100,203,1158,109,712,222,860,1353,54,1322,53,1449,875,362
1132,227,933,151,119,116,544,1400,4,770,40,826,166,875,814,55,614,51,694,363,287
1133,135,1758,137,82,171,476,2127,10,887,18,554,192,453,1074,39,938,37,705,207,107
1134,204,1106,713,34,41,320,3779,21,468,8,324,79,300,719,49,869,4,483,614,64
1135,453,2494,752,254,0,756,7490,228,1232,27,1117,413,1165,1368,154,1561,75,1142,1053,424
1136,612,4890,652,192,346,1943,10199,337,1912,128,1313,290,1927,2840,187,2878,69,2654,2121,436
1137,223,2372,275,152,42,745,1794,2,870,35,971,186,220,1319,104,957,58,951,650,131
1138,115,951,98,52,45,310,1291,0,391,21,373,112,393,649,100,582,15,397,308,142
1139,397,2249,337,255,246,864,4701,54,1437,54,888,419,844,1185,64,971,36,941,669,256
1140,434,3239,672,174,136,1351,6472,15,2959,69,1884,641,1361,2626,176,2250,58,1258,1223,597
1141,66,788,224,77,0,241,1761,32,501,15,367,93,412,570,22,387,5,205,106,208
1142,504,6371,1128,306,699,1493,9231,87,3740,95,1857,1285,2209,2824,513,2767,29,1148,1310,573
1143,350,5931,734,244,275,1068,8976,639,3217,62,1941,1386,1567,2290,264,1746,11,1617,1007,512
1144,320,3999,909,180,227,1174,9537,41,1037,28,1666,599,1273,1877,278,1516,22,1915,1510,294
1145,95,862,345,60,4,605,2626,4,1282,2,816,160,572,826,144,758,49,386,381,341
1146,277,2339,501,94,403,676,4874,12,2116,8,1127,248,766,1417,188,981,69,868,789,441
1147,311,2408,478,147,92,1003,4121,58,251,23,770,266,788,1236,96,823,62,821,737,195
1148,815,7628,1402,413,727,1944,16282,642,4610,176,2934,1341,3048,4336,424,3930,4,3231,1502,1090
1149,239,2135,523,89,237,538,5099,120,1640,38,827,225,757,900,360,1101,10,500,644,307
1150,1027,9139,2338,443,1090,2824,20765,371,6083,233,3600,2141,2577,4042,636,4362,34,3728,2999,822
1151,280,4664,689,377,615,1372,8023,181,2578,174,1830,612,1020,1916,432,2392,117,1678,1631,483
1152,357,5325,1232,182,865,1716,13227,472,3136,78,1950,1063,1350,2664,93,1431,17,1798,1093,396
1153,93,674,173,30,70,194,1076,21,690,7,206,288,304,525,54,450,0,313,165,66
1154,164,1557,12,77,173,401,3460,231,1240,0,820,388,226,1135,140,1013,1,705,306,209
1155,450,5674,736,245,388,1490,9027,64,1982,101,1588,991,1087,1926,86,1370,42,1772,1288,495
1156,128,683,145,101,32,235,943,2,114,21,268,38,251,601,21,275,12,433,191,89
1157,206,2620,425,195,415,915,6740,50,2225,40,832,351,1022,1603,160,1545,11,696,441,162
1158,617,3321,980,300,185,1145,8950,326,1402,97,1700,276,1781,1739,64,2444,27,984,1371,585
1159,373,8476,1168,379,481,1061,13387,248,4476,184,1660,2012,1628,3791,850,3563,170,3514,1215,898
1160,528,2877,1085,181,808,982,11529,179,2904,33,1783,739,1334,2559,243,2182,2,1567,1064,422
1161,938,9499,2008,459,797,2124,12660,153,3969,268,3322,969,3291,3736,1249,2469,35,3071,2213,1044
1162,1020,11682,2093,832,567,2831,27156,462,4321,327,4586,1910,4509,4954,1088,6264,95,5896,2735,1116
1163,456,4481,578,298,331,1248,3490,96,3353,65,1403,964,1338,2256,427,2232,46,1943,1494,571
1164,142,3816,873,287,378,1201,9846,269,2615,81,1801,468,1463,2454,428,2351,71,1880,1149,438
1165,400,4171,964,338,405,1838,8820,204,2861,99,2266,734,2235,2616,390,2293,76,2787,1247,675
1166,598,4188,1212,286,596,1259,10481,143,3330,30,1905,403,1634,1982,102,1662,2,1977,656,425
1167,510,4593,1022,185,84,1336,9825,165,3130,146,1695,454,1551,1330,337,2985,16,1230,501,532
1168,106,1160,519,50,68,709,2206,41,1156,74,387,107,1076,894,59,581,27,394,332,283
1169,531,2957,745,246,225,1102,6899,130,2660,26,1560,494,1189,1739,80,1596,15,1407,1276,237
1170,160,2526,487,40,155,747,6845,65,498,9,763,278,527,642,40,1179,5,695,506,104
1171,158,682,134,103,67,241,1968,14,798,20,545,214,667,729,54,621,28,350,341,205
1172,436,3315,1377,227,350,1494,11362,729,1502,56,1823,864,1149,1128,404,2838,3,1715,1648,569
1173,2,1383,282,52,311,362,2610,55,1189,8,671,366,529,603,108,821,6,604,355,256
1174,537,4744,1369,220,198,1496,6822,62,3538,56,1439,504,1671,2685,255,2194,8,1927,1822,770
1175,822,8393,1553,642,683,2897,22688,842,4908,177,4295,1961,3594,5129,1045,5583,89,5129,2555,1492
1176,355,3058,557,169,241,1114,5238,156,2533,72,1627,570,1391,1660,521,1734,35,1566,1002,272
1177,353,3551,937,265,189,1739,6134,69,1056,86,1528,127,1023,1684,98,1426,66,1615,1177,458
1178,494,5263,546,372,251,1385,11227,181,1944,140,1983,413,1847,2512,298,2675,74,2065,925,657
1179,87,485,129,8,47,195,946,6,472,9,481,77,272,378,47,291,3,269,151,154
1180,275,1226,687,137,148,754,4385,74,1215,36,1340,319,826,1081,40,1352,23,1095,606,390
1181,411,4292,364,259,351,1893,7848,109,1624,115,1460,452,1286,2205,435,2355,30,1821,1122,638
1182,238,1472,309,189,104,353,2924,15,1029,61,957,248,865,585,96,875,0,850,206,164
1183,134,711,100,83,34,511,1119,1,317,10,578,43,242,615,15,328,15,442,382,85
1184,640,3192,1321,68,125,1759,10032,101,1387,95,1805,743,1393,2244,106,2397,30,2384,457,552
1185,79,971,254,145,73,443,2048,3,1087,33,436,200,500,684,110,457,1,608,222,176
1186,109,1152,107,25,83,294,2756,89,278,10,182,408,401,593,100,521,0,287,196,126
1187,895,6966,1762,587,508,2991,13457,199,4642,272,3224,865,2958,3932,496,4180,42,3889,2659,982
1188,230,2214,311,116,171,547,3266,0,839,70,449,297,730,1212,257,1133,56,966,631,281
1189,655,4003,557,286,0,1224,11412,558,1755,70,1909,727,2290,1727,589,1332,20,2218,1023,551
1190,197,2017,525,151,0,797,4736,48,858,16,754,141,753,1218,281,964,46,838,710,304
1191,203,1590,399,107,188,416,3195,21,1210,39,929,262,783,1162,120,263,38,1128,453,220
1192,93,1505,348,36,162,316,2757,122,558,15,559,393,555,1010,59,792,1,569,226,122
1193,186,2780,512,134,47,955,5075,6,633,27,797,57,678,1119,108,1310,59,890,773,516
1194,948,6532,809,320,643,1571,10563,258,2073,208,2803,0,1358,2948,533,3268,14,2735,1421,600
1195,266,3043,478,332,250,1279,5790,67,1897,55,1541,786,1300,1775,84,1865,121,1133,831,295
1196,151,1947,329,140,55,797,3804,46,741,49,986,261,939,899,40,994,29,1065,959,303
1197,358,925,568,59,3,370,3964,187,606,21,567,3,927,1122,79,1415,2,415,410,186
1198,566,4360,907,320,191,1749,6345,121,2328,157,1539,706,1816,1950,364,2426,43,1967,1328,440
1199,567,5286,881,400,299,2094,12408,217,2972,165,2017,901,2406,3000,302,3239,98,2828,1577,976
1200,473,3659,476,130,265,835,7990,176,2246,74,1093,355,1299,1801,411,1792,2,1734,864,575
1201,511,3388,652,166,267,825,5240,85,2126,62,1003,992,940,1872,348,1339,9,1327,1627,220
1202,318,4237,531,191,296,1041,7427,75,1052,47,1426,503,1185,2089,144,1662,32,1311,1248,450
1203,215,1821,315,152,130,760,4003,25,819,58,869,151,579,933,68,722,34,769,485,208
1204,295,2339,285,83,94,704,3205,76,516,91,677,379,884,822,100,877,80,1036,656,485
1205,538,4296,922,379,267,1453,7601,404,3048,116,2280,1161,1802,2187,437,2645,11,1650,1744,546
1206,292,2271,307,226,25,488,2799,13,1198,16,906,261,1048,1603,130,758,37,549,661,220
1207,279,2556,400,205,194,881,5336,75,1999,136,1207,532,1277,1458,243,1185,42,1331,368,370
1208,342,4074,889,190,233,1502,7574,390,1355,118,1456,557,1443,1930,340,1694,14,1971,907,251
1209,651,6161,1208,381,644,1643,12995,225,3723,131,2515,1275,2179,2764,159,2483,81,3027,1207,789
1210,148,811,174,94,64,425,1402,11,580,22,369,103,392,509,33,418,5,444,383,99
1211,264,2894,542,161,63,705,5781,243,1059,78,926,359,964,1070,399,1389,8,1021,845,234
1212,243,2422,363,105,61,1008,3778,126,1091,5,760,153,1075,1526,270,1675,19,1674,751,298
1213,418,4656,1249,254,380,2229,14071,392,2895,87,2228,1166,2095,3341,421,3302,33,2885,2098,557
1214,487,5220,840,196,292,1554,11733,215,1946,120,1665,306,2075,2861,389,2772,37,2543,1353,635
1215,375,3802,646,189,396,1117,7958,156,3041,56,1071,1056,1444,1875,284,1604,61,2052,1006,497
1216,122,1661,309,133,51,471,3642,7,689,44,631,296,630,910,142,664,26,703,662,198
1217,110,1842,309,121,130,604,3776,45,692,23,361,264,554,702,52,406,23,851,814,252
1218,973,6012,859,230,553,1971,7935,599,4784,136,2708,1866,2013,2343,382,47,94,3376,1443,411
1219,441,4085,1052,280,2,952,6503,200,1154,82,1674,562,1081,1745,231,2664,45,1734,806,377
1220,399,3352,729,321,98,987,8562,54,2417,93,999,964,1997,2158,178,1809,8,1327,1223,640
1221,370,2643,780,194,295,705,5194,286,2164,82,1003,584,1245,1288,254,1505,37,1187,331,289
1222,38,1562,473,310,134,808,4190,53,1108,90,1165,426,692,1570,184,857,16,1077,971,367
1223,210,2979,410,112,225,651,6524,57,1656,10,1136,593,1154,1607,290,1116,15,1269,718,337
1224,207,1561,334,85,139,328,3848,1,1543,43,808,549,927,862,192,1071,4,987,362,94
1225,293,2909,910,85,139,795,4793,201,1098,98,1461,669,1218,1259,388,1612,28,1542,1251,330
1226,646,6572,1255,296,302,1343,6269,117,1448,42,2014,1040,1722,2147,201,2657,30,869,1414,527
1227,251,3794,1049,226,352,1116,2413,172,2008,57,1316,635,1022,1636,168,1754,54,1448,1003,379
1228,65,960,210,105,106,564,2775,1,418,19,416,89,420,1207,234,917,21,1112,411,245
1229,599,4615,1016,259,189,797,10609,288,1772,194,2255,511,1947,2388,462,2684,242,1300,1375,536
1230,575,3296,944,150,270,1157,9132,353,1298,60,2196,352,1546,2069,322,2115,13,1339,1488,341
1231,525,1752,817,206,283,1542,8473,138,1042,63,1938,406,1367,2223,194,2069,16,1707,1393,651
1232,239,2978,764,205,218,1210,8107,78,1286,50,1317,352,1250,1727,257,1752,68,1533,1182,468
1233,192,2039,232,182,74,914,4831,62,1936,38,1042,327,845,1710,125,1075,63,1188,512,468
1234,277,2113,410,152,208,1129,5610,74,1818,31,1227,777,1037,1310,232,1152,28,1273,1005,307
1235,626,4833,482,332,454,1737,8261,393,4754,188,1866,1216,2029,2644,649,3577,28,2914,1267,743
1236,559,3844,970,139,355,934,5911,389,1553,31,1283,181,862,1649,124,1754,2,1384,978,204
1237,319,2226,393,166,140,814,4854,127,779,44,645,428,838,1309,127,1417,16,921,781,263
1238,418,2352,1046,325,548,936,9775,155,4119,107,2397,1572,1877,2392,438,2329,92,2972,1315,636
1239,79,766,302,41,58,219,2156,66,333,5,341,99,288,402,40,502,1,310,206,77
1240,705,6495,923,266,0,1915,16421,658,2343,140,2564,790,2438,3268,492,2108,38,3019,1842,823
1241,505,3504,834,254,1,1341,7810,133,1485,44,1703,364,1652,1073,140,1545,60,1730,312,609
1242,337,3441,800,112,186,1023,3644,74,781,79,1669,305,922,1307,212,1684,21,1296,775,485
1243,176,913,147,82,40,396,831,5,207,17,400,45,384,486,17,479,11,448,316,179
1244,68,657,186,29,47,168,1688,55,274,4,228,80,216,286,46,373,0,244,188,39
1245,316,2559,481,142,215,880,4622,10,1738,98,986,539,807,1286,282,1184,24,1408,777,477
1246,266,2951,527,264,0,743,5758,108,733,78,1106,141,931,1403,245,1380,29,1097,697,344
1247,434,3038,1012,337,240,1438,6773,29,1338,131,2171,710,1931,2340,414,1994,35,1334,562,596
1248,460,5138,869,343,405,1723,10435,562,2307,128,2065,928,2306,1190,308,3092,11,2183,1628,536
1249,418,6902,1704,300,175,1551,9262,503,2268,145,1439,642,2497,2802,555,2237,4,3010,1811,642
1250,195,2938,669,132,132,759,6217,36,947,42,1167,379,796,801,263,1304,26,1152,648,199
1251,373,3591,953,112,587,389,9627,236,2323,46,1279,1301,1232,1679,219,1572,33,1515,1263,402
1252,59,1047,83,123,24,264,1563,0,254,42,560,94,328,632,56,488,5,525,225,116
1253,389,4488,774,175,246,732,4943,293,1067,63,998,885,1242,283,305,2360,36,1399,553,265
1254,515,6094,1632,323,157,2171,11809,151,2076,106,2729,613,1906,2583,278,2858,99,2421,1444,930
1255,305,3378,138,317,242,1331,5713,31,2367,26,1525,376,1359,1036,112,1560,4,1023,240,348
1256,316,4369,1255,196,1002,1630,13059,107,2858,52,2148,926,1787,2909,408,2615,58,1848,1165,331
1257,170,803,61,119,21,361,1079,6,109,9,648,114,395,456,33,356,30,568,283,136
1258,194,2029,371,121,35,781,4429,22,995,65,1018,149,469,1250,107,971,10,1117,764,321
1259,219,2845,603,73,154,1113,4914,48,872,26,421,132,638,1336,97,1047,34,615,604,348
1260,329,2475,481,158,68,1132,4665,36,627,41,669,90,691,609,263,1173,77,932,721,291
1261,188,1338,225,71,26,554,2654,11,587,13,746,45,719,1025,41,793,8,593,481,161
1262,212,2222,460,110,0,753,3744,38,944,96,480,169,823,1031,40,789,19,876,418,121
1263,334,3832,998,191,409,859,7846,448,2537,2,1107,980,1605,1677,222,1813,10,1401,1333,666
1264,786,6928,908,228,423,1790,10341,204,2135,47,2341,1056,1523,2037,653,2766,33,2744,1025,860
1265,249,3163,358,150,8,572,4316,36,898,45,1289,212,612,1631,237,1409,71,721,524,367
1266,281,3414,801,233,379,565,6793,77,1627,71,988,788,1231,1936,301,1519,10,1839,687,458
1267,192,1682,188,140,122,427,3509,36,525,31,851,191,677,1134,95,923,20,819,720,254
1268,538,1340,726,94,255,1101,3730,29,785,8,1049,279,996,936,107,1231,44,1134,886,397
1269,293,4042,672,293,124,1381,4652,112,1299,45,1477,199,1469,1521,206,1559,27,1364,1240,655
1270,374,3196,324,200,147,1060,7268,35,1266,160,1636,266,1410,1765,276,2021,49,1477,882,538
1271,58,459,83,79,32,152,917,0,376,1,345,63,333,566,22,435,20,414,250,148
1272,400,2663,491,281,66,351,5068,57,1827,80,1243,856,1076,1534,385,1394,39,1409,801,469
1273,374,2730,377,252,156,1160,4496,33,2072,61,1096,643,1089,1853,167,1080,102,1333,700,492
1274,209,2103,990,227,428,1400,9840,15,3235,125,2404,566,1732,2999,306,3431,41,1683,799,496
1275,137,1172,459,59,65,331,2855,73,800,18,494,383,261,632,99,800,8,415,225,118
1276,469,2775,283,191,368,951,7370,258,1283,106,1544,461,1017,2166,268,1573,43,1708,1504,537
1277,457,3844,774,283,512,719,12144,267,3813,2,1305,956,1912,2157,598,2291,27,1897,844,429
1278,567,5146,1223,211,479,1685,10746,439,2807,33,2150,1275,1587,2537,319,2808,4,881,2008,575
1279,57,665,131,79,52,293,1322,16,225,4,356,82,176,460,83,482,21,339,201,66
1280,104,696,85,83,0,404,1546,5,246,3,518,49,354,583,3,425,14,478,406,198
1281,106,889,225,108,66,529,1366,7,339,5,286,190,463,577,9,409,60,436,265,181
1282,68,581,219,21,51,169,1676,46,293,4,226,88,206,354,33,354,4,220,173,39
1283,353,2667,532,137,420,1147,3607,75,3019,54,1912,471,666,2073,124,1559,55,927,943,431
1284,192,2616,395,185,191,799,5058,165,747,54,660,231,1058,1168,398,918,58,934,733,135
1285,465,3309,580,258,70,1113,8004,20,1220,68,1923,458,1038,2266,538,1668,29,1922,1257,263
1286,656,2808,1633,238,454,864,10665,565,2593,29,1452,618,1131,1965,378,2865,57,1935,961,489
1287,558,3956,876,158,336,1362,9226,170,2495,28,1120,948,1408,1991,62,2269,5,1133,543,291
1288,483,2479,654,243,223,1332,10460,425,729,48,1201,1,587,1203,372,1323,2,822,976,390
1289,180,4954,1193,221,15,1514,1572,249,1824,74,2109,470,1723,2593,407,3128,35,2262,1691,431
1290,200,1847,523,123,142,587,4179,151,1711,33,715,487,657,1355,228,1100,11,616,427,241
1291,193,1343,928,39,250,874,5593,163,1462,27,1444,174,1236,1919,178,1465,57,1338,1007,270
1292,623,3108,937,420,299,1546,10707,334,1502,76,1399,724,2194,2824,404,2887,8,2812,1248,730
1293,843,6169,2166,366,992,2896,16045,408,5715,115,3091,1791,2871,3649,713,4196,24,3211,1759,894
1294,123,924,77,42,10,696,1771,9,626,61,328,75,417,1070,9,417,51,417,510,245
1295,227,2071,888,97,223,406,2206,65,1019,11,447,335,625,1189,48,1183,9,535,411,66
1296,121,899,360,25,87,298,2212,144,615,3,481,206,294,560,72,500,1,347,233,74
1297,654,4571,1343,179,481,1339,9361,276,732,55,1292,639,1925,2775,275,2155,13,1725,1257,510
1298,257,1868,322,269,155,718,3958,10,804,64,1075,179,706,1384,11,1217,98,1037,724,429
1299,302,2411,658,106,167,1043,8292,59,2122,75,1617,707,1042,1382,198,1857,24,1557,924,356
1300,96,1711,403,74,175,443,2656,60,1072,10,662,260,757,759,167,309,11,682,327,111
1301,295,3017,367,159,126,986,2706,20,1870,75,1208,404,1099,1564,304,1147,84,1266,688,280
1302,496,3681,466,266,232,1384,10116,98,1753,132,2267,616,1818,2997,425,2191,40,929,1456,701
1303,61,831,155,59,30,357,1033,13,181,8,297,99,311,527,3,250,6,396,234,26
1304,44,786,22,81,28,292,1018,0,266,39,236,39,223,503,2,321,16,279,168,51
1305,621,5484,1224,324,438,1807,10915,433,1754,114,2303,801,1519,2441,571,3093,40,862,1665,670
1306,743,3746,757,339,308,864,8428,453,2183,2,1643,413,2241,2410,213,2430,10,2449,725,618
1307,603,4884,788,152,193,1942,10937,196,1216,163,1623,667,1826,2599,318,2772,13,3119,1355,897
1308,476,4537,588,115,72,1775,8256,38,1546,204,1770,817,1811,1364,209,1172,119,1943,1456,500
1309,1592,14600,3117,865,1179,3890,24670,644,6736,241,5464,2200,5880,7009,1236,7638,70,6134,3710,1651
1310,57,2589,538,259,173,834,6739,27,2161,48,1377,560,925,1207,169,1773,14,1397,864,188
1311,485,5155,856,330,443,1922,7514,36,3319,15,2042,867,1819,2493,351,2480,51,1896,1204,622
1312,98,261,76,89,41,333,1295,7,443,0,351,62,173,468,12,308,24,247,216,37
1313,142,2367,736,50,176,625,5759,363,1156,6,1059,479,884,1389,225,1382,11,1122,498,302
1314,218,1078,314,107,168,857,3160,39,1544,49,989,280,645,796,89,769,26,1072,858,329
1315,127,484,154,48,78,429,864,2,82,6,402,93,260,440,147,233,15,383,130,50
1316,226,2331,353,147,208,668,3090,25,1346,35,666,586,731,1180,53,963,39,572,764,276
1317,431,6725,1444,258,314,1710,13129,68,2007,71,2876,1045,1785,3248,531,2926,31,2633,1344,832
1318,358,2887,946,178,166,929,6682,41,1013,35,1294,429,1067,1060,279,900,15,1187,1163,237
1319,283,4203,621,226,97,1009,4358,173,111,49,1734,621,1133,1887,69,1965,0,1638,1073,208
1320,913,5605,1033,408,473,2342,11948,453,5036,147,1450,1087,2079,2893,726,3237,72,3386,1457,872
1321,88,993,171,44,16,236,1771,3,571,27,364,283,413,489,17,561,12,613,247,162
1322,749,5821,732,383,241,1928,10448,32,3149,25,1999,926,1705,2393,523,2640,134,1989,2103,694
1323,290,2548,504,65,96,730,2590,3,1270,18,1108,209,360,1519,112,833,31,1045,363,362
1324,668,6752,1634,477,352,2035,11594,255,3788,81,2346,718,2488,3293,520,3432,30,2547,1646,786
1325,217,2823,160,181,190,450,4601,38,1726,41,1043,378,1064,1022,202,1523,9,926,471,310
1326,76,703,182,97,60,209,1010,3,325,16,215,115,234,423,7,224,22,189,211,99
1327,162,2047,265,205,162,606,1749,17,1403,60,717,130,837,759,122,906,75,535,257,210
1328,313,3904,912,203,291,1196,5197,168,2493,36,1691,747,1018,964,344,1916,9,1137,551,236
1329,118,205,394,119,195,374,4428,15,1645,36,861,236,307,370,212,125,0,701,531,243
1330,439,2427,1015,387,361,1490,8136,216,3334,60,1626,995,1682,2490,422,2268,37,1419,1398,541
1331,112,1826,369,67,164,586,1585,22,1141,9,723,265,593,845,82,1099,76,576,973,171
1332,210,767,203,93,51,326,2249,4,1160,10,631,169,641,1086,30,536,17,491,379,151
1333,362,4414,1228,285,151,1488,10307,274,1298,58,1022,334,1789,1986,227,2181,33,1861,1002,561
1334,133,1749,261,142,29,610,4278,10,336,65,878,1,737,1208,134,915,13,634,599,291
1335,187,736,130,134,28,662,1753,0,471,20,668,179,523,749,76,648,16,583,665,203
1336,558,2668,659,223,565,1456,8077,60,3123,44,1240,929,1292,2179,348,1674,17,1344,1252,589
1337,211,2934,470,149,197,400,5870,40,2299,9,1366,442,1173,2044,72,1650,45,1263,1174,374
1338,113,1905,505,44,188,488,2597,110,701,26,722,215,355,838,120,919,9,717,477,157
1339,161,1562,269,107,54,530,3212,40,1045,11,669,430,456,839,57,764,3,619,419,229
1340,644,5168,1037,219,437,937,11303,448,3781,63,1836,1238,2046,2659,470,2607,18,2344,1414,270
1341,560,6271,1343,496,603,1976,14291,141,2894,105,2434,6,2774,3632,485,3097,43,3377,2421,1017
1342,213,1548,211,166,80,688,3870,17,649,9,1008,306,510,794,117,1266,40,423,925,292
1343,164,1217,117,156,25,367,2157,3,298,31,591,50,505,754,51,587,37,616,245,185
1344,58,3136,774,148,425,1210,4331,34,2294,52,1057,599,969,1505,321,1431,33,1447,813,471
1345,185,1809,210,37,193,334,4376,86,504,8,739,117,300,855,99,835,19,560,584,74
1346,99,431,198,44,49,313,1236,27,530,24,266,254,234,386,51,327,3,156,154,48
1347,511,4888,1186,210,586,1816,10626,566,2914,68,1909,563,1776,1987,566,1943,0,2304,1396,681
1348,209,1204,238,141,81,805,3315,11,1011,110,735,192,554,1040,9,1092,28,720,596,365
1349,453,3673,435,183,207,732,6766,27,1447,70,1595,383,827,2226,388,2076,21,1991,1325,46
1350,393,4509,577,150,200,1302,7582,34,2062,47,2236,558,1475,1053,460,1910,77,1762,1090,294
1351,200,2700,560,167,81,795,2743,9,781,102,1050,228,899,1064,163,1320,52,1820,1003,416
1352,547,4517,639,132,616,1205,5845,94,1986,30,1766,647,953,1858,136,1410,7,1965,1929,249
1353,737,7112,1388,475,715,2522,13844,306,4321,151,2683,1238,2663,3725,558,3458,156,2967,1609,1074
1354,69,817,102,47,49,288,1206,0,144,41,350,47,204,486,8,415,6,279,194,69
1355,304,2918,531,166,225,885,5568,16,989,82,1481,187,1075,1689,171,1397,79,1642,819,527
1356,172,1008,177,66,51,553,2769,23,378,9,843,143,427,1019,46,874,18,642,393,237
1357,825,2667,844,200,1,1406,9861,50,3351,130,1988,2,1661,978,90,2292,6,2003,1032,306
1358,104,1031,167,55,53,313,2092,39,243,12,380,55,290,501,133,551,28,463,268,90
1359,114,947,494,17,24,230,2868,8,360,3,249,243,205,251,11,450,2,237,342,29
1360,257,1344,345,144,75,805,2858,8,1377,47,955,146,895,1394,82,740,32,862,731,260
1361,199,3453,693,161,80,1213,7373,12,1384,118,286,274,1259,1474,219,1357,30,1653,1136,622
1362,339,2385,645,0,30,1491,4402,4,1278,139,1407,492,1502,2130,331,1660,121,1688,1468,693
1363,502,5476,1143,237,91,2097,15832,101,2346,171,1842,489,2324,2572,824,3218,44,3371,1720,624
1364,149,1398,228,62,54,388,3081,75,533,18,736,143,547,851,118,348,11,508,304,176
1365,283,3282,682,163,339,1119,5369,56,2279,72,1524,733,1018,2065,361,787,63,1878,730,268
1366,524,3475,715,240,325,1212,5039,83,1296,99,1463,176,1211,2135,339,2429,58,1494,1401,361
1367,506,5412,1290,257,522,1317,12620,326,1998,0,2165,512,1964,2251,413,2519,31,1988,1879,531
1368,274,3178,502,0,8,1465,11484,135,1733,215,2509,521,1937,2748,324,3464,88,2438,985,813
1369,102,831,98,9,67,348,2131,33,407,37,160,98,347,263,50,458,2,267,151,116
1370,736,6992,1407,606,653,2397,13162,50,4367,62,3063,1284,1777,3685,714,3673,86,3376,1469,1311
1371,100,1139,250,76,137,432,2401,52,923,14,478,219,549,660,110,569,25,546,381,277
1372,438,1904,636,162,38,1452,7395,110,1156,23,1639,319,1640,1927,434,1793,61,1729,646,550
1373,222,2710,396,174,155,1063,4599,88,1717,17,1220,216,1032,1535,122,757,38,502,957,316
1374,680,5177,1181,300,259,1691,9602,118,1966,0,2526,1138,1800,2463,526,2904,51,2496,925,617
1375,250,1903,272,84,59,596,3425,69,628,57,705,306,666,1433,113,684,24,927,613,349
1376,151,740,136,86,0,325,1338,3,509,32,444,39,617,691,29,361,19,436,368,114
1377,214,2975,454,164,99,1108,4928,65,1166,20,1323,155,1169,2141,143,1677,33,1221,954,291
1378,577,6840,1068,146,659,1931,7248,540,2197,88,1843,619,1953,2874,233,3175,25,2287,1959,761
1379,91,1088,209,106,104,370,780,17,630,16,505,110,311,774,22,334,26,737,493,190
1380,128,1323,233,113,159,222,1820,45,1195,35,487,48,596,1294,75,736,44,671,303,227
1381,83,1251,197,113,43,419,1541,1,367,31,414,11,656,905,75,569,51,249,560,196
1382,473,2954,370,294,145,931,6158,108,742,78,1671,675,886,1704,184,1720,58,1396,993,225
1383,332,4309,1073,271,159,1201,7565,125,1977,66,1303,409,1290,1764,98,1734,5,1575,796,240
1384,698,5811,1269,218,582,1668,14887,129,4107,139,2249,1647,2395,2873,753,3566,33,2808,732,753
1385,138,1189,79,90,100,660,1713,2,317,46,588,107,641,796,19,345,11,549,367,219
1386,155,2982,453,333,60,1073,6585,5,1408,62,741,553,1276,1933,330,2299,56,1681,1101,516
1387,316,1625,226,110,60,551,2840,21,413,31,1044,192,552,1174,111,855,36,572,779,169
1388,353,4746,826,174,762,1342,10200,258,3220,68,1292,585,1394,2065,220,2636,60,2112,692,235
1389,332,3475,682,273,74,1622,6132,41,1557,79,1681,481,1045,1953,129,1374,97,1651,922,544
1390,490,3596,571,216,340,1270,10285,239,1991,55,1540,1029,1192,1792,353,1685,9,1389,277,410
1391,591,6205,1194,253,397,1480,14035,59,532,166,2175,212,2003,2463,712,2842,35,2390,1106,851
1392,368,4577,441,119,158,764,4515,335,159,20,877,360,197,333,38,513,26,75,256,471
1393,130,3333,1461,306,603,695,10153,394,1055,97,1558,1142,2148,2969,543,3232,53,2634,1085,507
1394,180,3666,708,303,66,1391,6190,101,2589,10,1558,773,1523,2198,457,1929,58,1849,1046,610
1395,449,5352,847,294,8,1343,9248,135,1713,25,1981,607,1403,2169,109,2275,34,2169,1591,548
1396,104,759,252,33,57,219,2036,65,355,12,302,93,262,416,58,403,2,293,211,40
1397,780,8198,1178,392,174,2972,22194,827,3602,81,2927,1673,2044,4394,1477,5460,43,4054,2684,676
1398,198,1031,322,141,90,554,2115,141,455,3,455,47,575,484,187,418,6,482,129,186
1399,61,509,140,55,26,299,1082,2,304,2,268,124,170,532,40,250,39,293,264,135
1400,391,2132,590,159,109,1000,5099,15,806,1,1073,474,1020,1391,223,1550,35,1380,977,453
1401,371,3267,741,244,242,704,7965,32,2700,35,1321,667,1328,1225,137,1413,54,1497,1033,607
1402,185,1263,297,64,30,574,2401,8,481,36,822,80,741,1109,188,833,15,452,353,314
1403,210,1382,217,84,13,597,2138,0,451,15,696,156,464,919,39,583,10,804,831,245
1404,386,2577,591,298,84,1575,7039,496,1631,84,1548,418,1470,1578,287,2344,7,2099,651,322
1405,109,2436,370,167,122,599,3324,61,749,20,591,122,723,836,123,996,42,1118,487,396
1406,117,740,313,22,110,339,2788,124,608,12,420,335,374,606,34,698,1,359,324,102
1407,802,5495,1073,255,390,1683,12714,1036,1273,47,1732,545,1716,2436,234,3282,14,2357,1471,632
1408,484,4589,900,121,298,1375,9295,47,1495,63,2082,876,1937,1263,297,1703,43,1394,704,397
1409,427,1221,775,77,221,1053,6655,219,2311,26,1039,436,781,1977,352,1122,19,1263,399,335
1410,396,4154,546,393,186,1292,6455,23,1333,0,1246,796,1369,1634,434,2083,71,2060,827,475
1411,54,647,237,60,18,133,1504,1,236,1,189,0,172,770,28,270,14,400,87,25
1412,187,3026,623,167,224,850,4263,67,2370,80,1273,453,846,1421,375,1515,92,1581,839,441
1413,299,2994,286,195,127,963,3864,113,611,66,1560,278,1004,1555,105,1164,78,1339,557,245
1414,58,454,213,77,27,196,1009,12,298,38,300,125,256,499,82,441,25,249,131,171
1415,325,3277,1020,234,472,1259,9956,249,1732,55,2081,647,1617,2097,327,2002,8,1978,1505,483
1416,295,1758,378,152,227,525,3461,117,1714,54,780,315,987,836,224,693,20,594,706,177
1417,130,541,161,1,1,26,1707,1,288,22,201,51,168,498,17,337,16,199,148,90
1418,132,608,114,37,57,274,2039,6,644,20,602,248,285,957,72,665,19,405,100,72
1419,1052,11128,1960,271,850,2647,13429,997,3871,103,2799,819,2373,3368,788,4597,34,3689,1989,463
1420,73,827,159,77,106,255,1193,8,882,16,525,110,503,553,13,654,7,361,342,212
1421,1134,7388,1299,411,484,2407,16695,225,2492,160,2739,1237,3098,4326,595,4238,46,3117,1744,885
1422,303,2199,301,89,110,481,3112,17,1480,33,868,256,679,1253,95,1032,20,742,601,174
1423,458,3433,446,195,222,1171,5174,5,1435,68,1338,267,1100,2050,168,1460,69,1515,1416,423
1424,516,2347,583,156,130,1282,8676,145,1503,104,1372,326,1285,1959,77,2189,20,1802,1346,503
1425,136,1886,368,116,251,478,1942,77,1676,10,697,367,499,809,211,929,2,405,215,149
1426,202,2326,400,133,71,789,4661,7,810,49,1550,82,914,946,72,1262,64,1365,1001,354
1427,134,868,178,107,44,359,1344,0,568,5,392,77,297,349,33,347,19,558,396,46
1428,469,18,1179,245,257,890,9354,448,2588,73,2432,1524,2647,2354,416,2770,61,2640,1279,594
1429,523,1397,650,234,345,938,4280,67,1673,128,1669,597,1126,1604,465,1896,54,1114,590,546
1430,206,6339,1159,500,553,764,14231,466,2818,99,2657,1377,2194,3228,10,3897,31,2923,1127,1150
1431,678,7784,2054,357,767,2700,13080,674,1697,79,2212,582,1952,3283,361,2737,58,3895,1572,315
1432,472,3121,1399,261,222,1596,12333,647,679,71,2713,5,598,3549,96,1802,9,1059,1616,442
1433,342,2010,373,81,124,681,3685,201,754,20,792,78,989,860,123,1341,11,751,588,175
1434,51,854,156,27,18,196,1111,68,281,10,285,106,200,341,68,483,12,236,110,79
1435,464,3208,617,278,220,849,6292,61,1097,76,1784,385,1465,1893,315,1702,103,1365,1220,536
1436,462,4925,772,216,598,1711,10037,180,3551,14,1550,514,1927,2587,482,1362,99,2383,692,751
1437,461,2239,548,243,183,1119,7293,74,1474,14,808,313,1337,1614,378,1718,64,1722,395,493
1438,625,5950,1639,347,828,2160,13693,306,4408,51,2970,1428,2093,3662,451,3860,37,3268,912,672
1439,76,584,240,107,104,473,3162,13,1065,11,699,201,656,600,61,906,1,376,242,171
1440,481,4371,872,91,360,1801,10530,179,3044,44,1975,1070,1563,1886,221,2566,40,1379,1170,609
1441,156,3393,555,181,240,997,5940,83,2245,29,1150,464,862,1345,130,1539,33,1140,642,318
1442,440,5219,1252,345,271,2054,12063,1,1966,127,2019,273,2139,2746,279,2053,56,2535,1460,470
1443,131,2093,244,115,138,507,3938,19,1730,0,920,335,349,759,167,1343,34,391,586,169
1444,197,763,20,7,33,380,1162,3,369,72,692,216,512,720,103,524,21,599,497,183
1445,336,1977,389,94,48,675,2232,18,298,16,1027,162,702,1312,95,929,89,956,748,144
1446,896,7838,1655,379,2,1341,14604,633,2826,212,2916,741,2961,4239,771,3368,71,3772,2028,1389
1447,88,502,100,139,6,383,1268,9,260,4,415,94,331,582,15,452,15,349,261,105
1448,260,1822,228,106,64,821,3662,9,715,28,732,250,815,1449,38,1087,38,1241,860,293
1449,126,1397,456,48,152,318,2826,88,1502,6,723,279,370,651,143,767,4,283,370,127
1450,68,970,151,109,45,346,897,12,228,10,424,49,302,474,68,244,3,159,400,74
1451,111,651,174,17,135,362,1663,19,433,34,401,402,541,760,61,615,25,279,350,79
1452,242,3547,639,292,309,1435,6545,56,2448,98,1766,672,1589,1857,314,1185,16,1465,799,218
1453,141,934,154,121,66,298,1421,2,899,7,575,166,440,811,38,422,0,674,330,292
1454,143,898,19,111,57,302,1002,26,642,20,628,86,449,277,10,531,7,7,230,221
1455,802,4611,688,280,1,1290,10996,241,151,195,1983,425,1824,2843,455,2934,26,2340,1101,541
1456,675,6661,1135,313,256,1779,10221,413,2315,68,2595,457,1904,2036,645,3086,67,2471,1768,593
1457,78,764,244,35,79,213,2153,73,368,10,300,91,274,375,34,425,1,320,218,55
1458,318,2012,313,80,207,922,8019,135,2332,19,1134,247,1183,4804,267,1798,31,1370,1019,334
1459,171,2166,366,148,264,412,2423,3,1426,49,964,247,719,1232,37,910,13,782,595,188
1460,228,3013,542,181,265,1023,7072,148,1350,93,1488,915,1189,2100,203,2079,43,1096,566,246
1461,677,3658,1559,281,159,2083,13644,373,2418,138,2371,249,1535,3236,662,2857,21,2614,1712,248
1462,798,6917,1306,308,1437,1707,14456,670,4397,50,2805,645,2040,2553,330,2744,35,2743,1710,772
1463,327,1153,466,212,157,450,4986,11,345,44,1310,279,758,1619,173,1590,66,626,590,287
1464,321,2281,6,221,247,902,5177,77,958,127,521,11,1316,1797,54,1310,37,1495,805,373
1465,91,603,169,47,0,297,1191,4,244,3,68,64,251,432,19,280,15,278,242,110
1466,525,4909,926,362,434,1662,10468,57,3411,61,2113,1277,1833,1139,428,2556,34,2233,1523,332
1467,130,1949,438,73,139,955,3969,24,825,113,773,258,939,1017,142,901,5,1286,777,276
1468,157,939,422,57,71,302,1003,27,939,3,415,57,527,700,0,882,7,507,382,156
1469,127,1247,153,138,45,500,878,2,952,37,847,110,639,696,69,796,21,243,313,166
1470,560,6333,1382,344,383,907,13376,338,2680,76,2118,822,2450,2280,514,3196,0,2848,771,384
1471,119,1313,134,131,82,295,1989,3,476,27,830,85,545,810,6,396,44,666,432,265
1472,409,5205,697,289,172,1659,10269,110,1134,30,1734,368,1394,1665,120,1916,0,2387,1701,281
1473,139,1123,258,86,21,350,1713,17,399,29,488,64,378,836,33,581,13,550,250,170
1474,135,1525,41,73,126,586,3660,83,1190,22,432,355,525,733,111,696,7,609,414,115
1475,785,7128,1498,303,380,1646,13982,353,3737,74,2237,1608,2095,3032,534,3246,17,1506,1973,198
1476,95,622,397,25,58,302,3012,137,886,14,401,230,583,260,117,846,36,486,310,146
1477,540,5569,1197,266,752,1680,13553,493,4066,66,2185,1698,2362,3054,629,2525,3,2256,1322,387
1478,322,1429,333,202,187,606,2269,53,1253,57,1131,356,653,532,86,694,22,1045,384,278
1479,554,3496,1466,154,168,2092,15258,290,497,125,3169,648,2081,2864,294,2166,61,1939,1824,692
1480,108,998,85,102,50,283,2435,116,560,2,345,104,451,471,127,431,27,511,254,151
1481,385,4796,905,373,423,1323,10034,23,3359,0,1699,1124,1520,2419,437,2471,66,1070,1257,683
1482,694,6957,1266,307,969,2154,13313,321,2853,9,2526,1528,2337,3281,579,1360,29,2591,698,417
1483,639,4657,858,290,213,1505,4741,250,2908,20,1957,692,1566,2623,144,2593,41,1304,729,688
1484,77,444,147,71,50,205,1777,2,670,0,419,169,402,530,62,607,2,258,81,67
1485,181,1539,248,149,76,260,1569,2,962,3,718,155,499,523,14,561,13,586,449,131
1486,67,472,224,32,34,208,1916,64,215,0,284,95,293,400,16,374,0,254,273,57
1487,392,1974,416,265,59,659,4289,2,613,65,906,342,1195,1399,178,1287,46,1094,831,427
1488,53,1619,249,112,49,345,3104,12,1052,19,784,218,303,439,5,487,23,768,374,206
1489,193,1491,95,136,132,533,2036,19,900,12,785,224,358,856,78,644,5,575,340,106
1490,118,1214,325,81,103,351,2496,1,552,43,550,54,317,813,188,778,41,423,182,178
1491,185,2258,331,68,119,711,3733,81,554,32,1004,298,828,768,135,913,15,847,376,190
1492,354,5296,203,125,464,1117,9155,46,1261,31,913,479,1361,2316,254,2100,55,2224,1298,539
1493,157,904,236,39,145,475,2484,3,302,66,660,382,565,873,109,859,26,554,538,256
1494,165,2171,412,172,21,724,2627,108,739,28,927,268,703,1166,356,1217,27,903,842,264
1495,863,6759,2263,497,607,2593,18940,683,2854,125,3348,544,2982,3847,857,3889,90,3426,1646,914
1496,375,1969,881,50,347,1018,7850,162,2340,63,814,448,356,1906,272,1759,12,978,604,361
1497,446,3859,700,220,32,615,8096,254,1366,55,1422,135,1577,1629,342,1915,13,1590,837,314
1498,382,3451,702,289,531,1056,9038,232,2474,107,1767,868,1139,2398,293,2259,17,1716,1026,496
1499,180,958,203,168,146,272,1673,5,351,0,623,225,683,604,77,656,22,641,259,260
1500,277,2066,506,116,122,675,5045,267,1512,16,690,474,854,1148,209,989,21,1105,561,279
1501,199,2474,473,110,89,959,4551,100,1390,7,686,345,1059,1443,137,1440,31,1221,419,467
1502,548,3752,344,294,438,1098,8372,275,1540,42,1248,673,1185,1156,249,1777,14,1271,795,541
1503,307,1807,421,128,96,914,4829,133,1639,69,961,241,753,758,225,1118,21,944,593,308
1504,166,1621,267,213,66,429,2475,21,573,23,676,219,717,934,13,831,33,487,236,295
1505,334,3297,489,165,139,1139,6174,57,839,19,375,554,1084,1527,247,1501,13,881,1061,204
1506,679,3436,999,215,496,1532,12504,519,1799,35,1003,672,1909,2848,66,2408,29,2344,1062,571
1507,465,2545,1253,254,365,2506,11292,138,1582,114,2302,882,1735,2908,549,3119,74,2666,1438,886
1508,444,5087,865,310,171,1459,10739,197,1547,79,1996,516,1378,2371,268,2604,48,1607,987,527
1509,744,5453,1405,191,515,1578,13240,214,3888,59,2050,1173,1244,2155,427,2149,22,2082,1208,481
1510,25,1072,115,59,118,497,1811,26,806,28,437,157,344,858,67,378,31,582,363,95
1511,201,2659,494,129,459,876,5171,49,2011,31,1027,624,1037,1372,316,1763,50,1239,997,290
1512,230,6310,1514,362,478,1793,12003,97,4610,6,2335,1782,2478,2759,725,3049,26,2485,2426,338
1513,212,1701,704,80,161,592,4692,182,769,31,712,210,775,1204,309,1110,36,890,1031,208
1514,251,1148,455,35,212,314,6319,54,1773,30,1561,722,865,1928,163,1743,10,1243,773,316
1515,247,4172,807,254,288,1214,7315,82,2749,32,1583,1048,1163,1440,224,2346,30,1493,724,591
1516,289,3732,758,249,163,1111,4199,0,1314,76,1171,527,1794,1577,235,1694,31,985,537,389
1517,425,4625,716,191,250,1489,9320,56,2046,136,2303,562,1692,2001,735,2014,61,2066,943,448
1518,167,732,227,149,54,381,2386,9,529,15,676,105,521,672,73,507,6,584,294,283
1519,685,5726,1022,393,738,1610,8763,179,2734,70,1457,1063,1857,2746,420,3122,10,2520,1711,595
1520,112,1266,255,188,1,779,3121,6,479,15,643,198,462,1026,56,508,50,719,596,282
1521,109,754,62,73,17,415,1489,3,269,37,421,63,233,540,18,217,5,319,149,107
1522,627,5528,939,140,327,1516,11259,430,935,93,1982,1071,1179,2447,406,2340,27,1399,1242,456
1523,684,5103,1437,145,926,1170,12444,557,3086,0,2112,1423,1820,2165,444,3213,26,1179,354,543
1524,184,1634,391,81,64,630,1869,5,1118,40,801,193,645,1012,31,340,46,598,690,233
1525,858,6780,908,216,908,1775,11604,385,4803,21,2914,2028,2819,3337,553,3809,8,1396,1100,731
1526,133,862,80,184,108,532,1229,7,527,32,422,106,470,791,11,570,29,442,257,196
1527,107,756,148,184,27,445,1514,1,279,49,729,37,614,851,46,496,45,457,315,142
1528,364,2965,477,267,306,1248,7582,231,1918,163,1663,707,1315,2248,718,2671,33,2031,1121,410
1529,236,2025,401,104,195,589,2455,91,1310,20,602,287,708,1188,68,960,19,760,499,30
1530,643,2893,1163,97,288,1491,12511,155,1951,218,1419,403,1531,1608,553,2784,70,2636,1388,732
1531,786,6349,1674,188,13,1585,13620,491,1701,38,2024,897,1275,2520,316,3006,21,2228,1191,515
1532,422,4521,871,263,368,1425,10053,15,2108,53,1696,641,1605,2123,221,2382,139,2011,1146,455
1533,441,5058,1036,304,484,1584,10694,401,3182,145,1600,1195,1946,2592,429,2425,11,2071,1656,553
1534,316,1078,1089,170,277,947,4320,127,3114,86,1507,505,1115,1653,160,1923,14,2061,1060,588
1535,371,3017,541,138,207,1051,5112,21,1923,89,1233,401,1036,1425,207,1544,117,1132,1142,191
1536,723,6088,861,380,630,2288,15487,211,1935,76,2459,815,2067,3432,666,3496,22,2600,2537,631
1537,89,1478,237,116,69,599,2309,13,118,15,706,164,215,1015,26,334,25,632,305,183
1538,436,4,396,105,98,1095,7429,110,1777,57,1187,721,1161,1413,215,897,18,1303,558,384
1539,1072,8349,1906,465,764,1912,17725,127,5144,145,3156,1366,1945,3387,542,3397,41,3707,2144,632
1540,372,2453,966,183,119,1054,6681,106,1079,11,1010,138,986,1855,286,1937,44,1396,1001,243
1541,133,636,135,39,0,412,1851,1,369,16,412,85,387,768,51,404,43,691,294,93
1542,131,1104,194,186,15,215,848,2,259,54,261,44,412,503,32,297,113,390,348,185
1543,63,1031,147,60,63,240,1544,1,921,62,347,329,403,648,35,616,3,653,243,147
1544,537,5148,571,268,0,1389,11700,231,2042,85,1372,791,1509,1266,460,1480,6,1972,1545,550
1545,163,1489,573,182,1,917,3991,41,81,77,982,291,803,754,226,1045,83,880,924,352
1546,47,651,157,29,16,282,1574,51,196,4,303,43,311,379,20,426,14,232,125,126
1547,520,5364,256,109,106,858,12089,417,2154,88,2104,468,1810,3021,430,2632,6,2485,1170,510
1548,299,2729,442,230,73,1246,5799,40,835,109,1154,531,993,1597,89,1016,11,1148,360,278
1549,479,3439,672,182,202,1312,7365,38,2881,38,1542,885,1030,1855,274,1464,54,1237,865,384
1550,66,543,125,34,30,224,1413,28,283,11,255,71,326,239,70,294,0,266,189,91
1551,60,570,140,19,5,214,1853,4,282,9,193,138,248,541,40,431,21,318,200,139
1552,753,7032,1110,272,513,1471,14960,380,5334,174,2963,993,2301,3028,838,3147,67,3011,862,1151
1553,270,2791,813,84,346,1039,8240,74,2662,58,1349,745,1205,1445,271,1803,14,1438,1011,364
1554,385,3501,700,212,0,990,6593,80,2388,51,1533,980,740,2077,293,1597,5,748,1327,182
1555,569,4586,1473,334,474,2001,12821,506,3151,81,2369,907,2080,2705,487,2849,107,3418,1582,804
1556,504,4504,746,369,585,1953,12278,326,2213,136,1300,593,2142,3348,595,2745,24,2677,1663,705
1557,37,790,70,73,21,346,719,0,363,11,353,107,247,362,16,246,30,308,195,104
1558,186,1824,366,131,233,537,3493,67,1747,16,822,235,856,1141,278,1452,21,822,352,380
1559,270,1984,191,183,74,551,1718,121,1472,17,852,136,418,887,219,170,2,816,272,299
1560,301,2210,1006,23,64,469,6636,188,1211,25,895,600,776,1229,69,1157,1,718,850,107
1561,371,1909,672,189,125,652,4701,48,1017,36,926,159,1102,766,39,1315,26,1193,880,513
1562,63,2114,301,107,60,908,4237,36,823,40,816,225,775,762,256,879,10,1023,642,264
1563,120,1539,363,127,89,443,3929,42,623,29,936,165,527,732,127,879,7,670,427,293
1564,124,834,363,93,50,430,970,8,133,47,602,202,497,961,59,638,44,590,433,256
1565,159,659,100,60,32,308,1221,5,345,10,618,55,479,545,8,487,0,643,217,216
1566,360,3727,727,142,188,807,7461,170,2531,40,1032,533,1145,1701,268,351,6,1383,1040,355
1567,342,4049,595,122,133,1145,8149,328,1266,71,1587,531,1013,2417,397,2252,11,1511,1071,372
1568,264,1995,206,126,43,652,2752,73,480,47,744,294,713,1273,102,714,104,902,800,310
1569,187,1362,344,105,175,728,6274,5,731,54,862,304,382,1363,334,1427,8,700,612,144
1570,188,2247,330,170,2,889,4242,22,722,44,890,8,1149,1393,234,1204,95,1388,932,311
1571,213,1544,228,140,94,416,3169,69,620,83,901,207,619,1246,144,1115,79,1186,547,48
1572,438,2516,372,291,219,1040,3496,41,1610,28,860,851,830,1041,119,1139,7,841,992,119
1573,137,2022,435,112,158,787,4830,198,1729,53,866,197,928,554,81,1142,4,979,752,361
1574,281,2481,371,254,153,681,4676,34,849,61,816,95,994,1938,80,1547,68,1366,844,524
1575,129,1372,216,253,73,567,2249,24,959,33,799,164,615,1164,144,720,18,557,190,262
1576,214,2586,326,120,178,672,3966,13,904,72,1071,194,905,1942,196,1073,9,812,799,209
1577,82,2168,394,138,173,692,2801,12,1303,56,714,271,861,900,149,1225,15,807,242,261
1578,54,944,213,8,20,409,2435,11,368,27,763,101,475,781,49,410,9,811,507,238
1579,90,1440,362,29,209,144,2301,63,279,7,276,120,369,316,141,571,0,574,237,190
1580,1010,8363,2309,545,587,2013,19874,672,4515,136,3797,2022,3446,4667,864,5004,44,4487,2037,1346
1581,138,2808,219,153,265,1385,6220,154,1076,81,2061,515,1570,1951,263,1403,103,2017,935,436
1582,100,956,166,17,20,311,1474,47,360,13,254,67,338,401,44,324,10,309,363,150
1583,89,563,72,44,79,154,1179,6,457,28,329,123,272,442,13,244,12,170,121,35
1584,461,3771,1325,313,600,1156,11307,267,1924,52,2025,309,1563,2433,375,2723,6,2627,1137,358
1585,249,2079,395,90,75,620,3383,126,1349,17,970,118,717,903,121,861,25,947,539,238
1586,86,848,34,38,37,314,860,1,187,1,223,100,263,516,20,238,11,357,217,77
1587,232,1121,563,242,326,1056,3170,26,1240,3,973,369,1036,1122,93,1092,82,661,92,289
1588,59,1501,282,85,52,832,2726,10,370,57,909,45,681,964,78,992,46,768,484,267
1589,257,1945,252,161,248,753,3165,10,1225,52,483,286,586,976,169,1082,22,1221,337,358
1590,242,4415,770,196,537,1497,6800,103,1806,71,1651,839,1350,1856,333,2093,96,2014,1161,588
1591,540,5042,1173,104,234,1344,14071,380,2202,263,2255,978,2749,3045,1033,2880,81,2478,1678,544
1592,199,2425,397,194,143,765,4076,17,1432,96,1196,750,591,586,37,1010,0,1017,915,430
1593,395,3855,536,234,205,1229,8480,84,1423,49,1234,173,1472,2074,508,1720,62,1728,867,428
1594,227,3815,948,195,302,914,4056,243,2319,39,1067,1324,664,1728,175,1974,7,491,903,344
1595,301,2415,553,211,283,611,6164,41,584,30,980,647,885,1206,190,1401,18,1178,429,340
1596,1493,16066,2942,1045,1534,5071,24608,1173,9615,308,5644,3170,6162,7709,1281,8969,104,6131,3780,2348
1597,464,5014,847,199,92,1563,9891,419,1676,39,1965,767,1265,2317,470,2363,20,1913,1697,494
1598,109,983,134,26,90,312,1591,0,890,22,562,30,312,463,30,298,13,424,307,22
1599,116,1378,172,123,35,431,2534,0,967,3,514,171,462,849,60,675,29,399,393,146
1600,58,1122,218,61,78,340,1942,8,573,35,361,91,471,539,38,588,3,354,372,105
1601,664,3984,3,273,661,1816,18207,1055,5461,61,1796,1258,2754,3867,916,3066,12,3488,913,334
1602,158,3707,1259,221,281,1756,8526,30,1715,64,1782,529,1497,2684,352,2395,85,1784,1317,521
1603,447,3694,453,200,480,986,7742,88,2615,10,1375,448,1209,2495,216,1450,54,1714,1196,292
1604,19,967,142,30,44,365,2085,2,700,3,421,213,331,548,139,518,9,269,130,134
1605,67,576,225,23,39,156,1630,43,268,6,253,100,155,286,14,322,1,181,155,42
1606,805,5977,1724,462,276,1823,14002,256,2123,89,2037,920,2067,3348,684,2493,28,3088,2297,477
1607,81,1106,283,63,51,515,2246,35,398,11,496,72,266,758,61,417,17,503,386,142
1608,201,1568,379,93,2,468,1300,1,612,53,698,117,622,956,9,818,3,1045,621,121
1609,531,3760,648,185,159,1220,7934,191,2349,85,1742,812,1280,2167,354,1040,42,2041,966,374
1610,49,907,110,74,17,316,593,2,453,18,355,0,279,478,7,326,18,415,228,98
1611,144,2009,379,221,84,1214,2796,18,1392,19,1222,502,1177,1283,209,1107,18,665,722,326
1612,556,5512,585,260,382,1624,10079,57,3449,90,2321,728,1542,2832,561,2451,43,2057,1408,686
1613,297,3494,459,140,183,1009,9067,246,1445,69,1834,433,918,2150,186,1858,50,1476,1132,368
1614,92,601,70,46,18,227,1310,16,307,10,225,72,222,396,28,298,5,363,133,68
1615,617,3162,928,415,1066,1868,11447,128,4073,77,2160,618,1383,2063,576,3088,41,2265,1039,616
1616,374,3399,482,156,102,1221,6840,10,1229,33,1067,494,1258,1589,227,1754,11,1570,1202,536
1617,212,2789,956,192,346,740,3756,205,2141,58,769,1040,850,1669,480,1280,14,1274,589,347
1618,139,538,110,92,16,280,861,1,264,36,298,57,322,388,10,297,7,337,122,133
1619,204,2030,952,0,111,767,3731,2,1340,0,46,299,1028,604,173,792,9,515,491,127
1620,31,1262,162,97,52,508,1153,12,369,51,811,124,668,631,27,515,37,567,604,174
1621,401,2891,929,181,108,598,8875,555,1365,45,1307,646,1481,1312,348,1818,17,1519,1074,461
1622,148,1215,269,114,29,361,2195,38,592,18,798,59,551,914,121,889,34,568,360,192
1623,93,1285,220,60,40,426,2256,46,347,38,439,9,377,825,60,362,15,505,244,171
1624,1093,6215,2066,426,739,2627,20019,492,4487,115,3827,1409,3286,4395,380,4873,34,4718,2490,1534
1625,261,2953,313,135,110,842,5239,87,580,37,1076,378,914,5138,120,988,16,1226,554,460
1626,653,3545,864,261,200,1238,7345,83,1625,19,1550,479,1410,2123,320,951,140,1534,870,564
1627,249,4543,633,186,395,1029,8393,172,1491,79,1574,3,1192,2118,373,2019,22,1109,1077,374
1628,497,3393,872,347,318,1468,9663,43,1602,124,2213,517,2045,2060,534,2517,62,2348,1320,745
1629,80,599,253,24,42,171,1788,41,348,4,230,105,194,302,25,349,0,204,178,46
1630,314,4583,493,343,314,1164,8079,36,2645,193,2041,1007,2022,2491,355,2766,70,2324,1462,606
1631,141,1304,235,90,72,388,3474,46,1040,50,571,247,596,692,261,908,42,551,354,187
1632,328,3179,564,231,66,525,6084,103,2375,80,1193,550,1381,1774,91,1787,30,1528,1103,521
1633,78,504,91,20,75,284,1525,6,512,8,192,140,208,353,88,379,0,444,202,56
1634,394,3913,976,160,529,1221,9439,293,3179,77,1284,957,1646,2199,485,1641,6,1829,664,527
1635,318,2099,456,170,104,882,4812,12,954,25,1004,156,613,1259,127,1113,82,1226,630,290
1636,476,4782,754,250,340,1417,8997,258,3036,140,1137,1062,1688,2243,535,2230,0,2069,1213,825
1637,766,6769,1096,322,127,1819,12236,153,2917,151,2838,774,2288,2729,534,2277,52,2082,1365,612
1638,117,1053,280,54,97,778,4089,97,697,99,791,215,1017,1277,154,951,37,967,648,449
1639,296,2532,324,232,197,1113,4471,152,1566,85,966,328,869,1040,196,765,75,1122,1083,451
1640,255,3209,664,107,276,925,6152,9,1769,50,1261,543,909,1562,305,582,51,1094,564,198
1641,69,627,197,26,5,176,1783,21,148,18,343,79,264,375,91,461,14,176,126,70
1642,522,5750,1065,311,214,1877,12718,124,2616,34,2100,863,1990,2556,265,2697,126,2166,1756,712
1643,114,2961,530,274,203,1245,4346,52,1552,47,357,450,1409,1314,105,1594,49,1102,849,240
1644,625,5936,1414,245,460,2048,11175,707,1684,97,2294,720,1779,2462,309,3515,36,2381,1506,425
1645,654,4780,804,421,318,1259,2864,152,1832,136,1299,880,1432,2332,215,1752,31,1606,1285,396
1646,267,2636,434,105,227,456,1283,213,1706,26,441,747,562,678,144,525,32,337,544,195
1647,315,3946,563,271,536,1259,10693,66,1155,95,1306,702,1489,2385,484,2052,59,1601,1369,552
1648,338,2562,416,223,113,1513,4603,48,1132,163,1040,188,1212,940,173,1357,87,1267,700,252
1649,154,1432,316,110,66,432,3571,44,1016,13,517,674,769,717,131,1096,10,615,443,320
1650,326,2136,414,264,242,699,7011,8,1281,99,1220,124,1170,1720,173,1148,67,908,1048,485
1651,462,2429,395,194,105,1056,4451,3,587,156,1035,227,775,803,176,1146,65,1228,686,384
1652,129,1392,298,156,47,504,2422,7,200,30,821,56,533,665,47,736,33,492,627,84
1653,697,5803,1830,123,380,1460,8229,126,3278,34,1859,1447,2195,2392,501,3498,14,3000,806,308
1654,151,1357,141,39,34,336,2889,5,1051,15,635,150,526,730,169,805,9,648,363,202
1655,605,4842,400,217,114,1542,10376,131,2013,60,2003,877,1718,2633,515,3073,52,1802,1522,664
1656,831,5222,1070,85,495,1979,7455,146,3677,116,2487,1049,2054,2155,299,3020,33,2624,1557,792
1657,1868,11243,2179,714,758,3847,29635,847,5296,429,6118,2053,6132,7553,1592,8971,158,7216,3740,2086
1658,2,1400,680,97,409,591,3564,44,1306,55,922,225,431,1455,201,1467,53,1028,1028,274
1659,273,2136,407,143,228,1257,6537,113,2292,81,1005,819,1126,1722,280,1316,34,1187,553,359
1660,118,1348,399,79,72,643,3599,6,811,40,530,41,638,897,69,794,28,872,377,262
1661,230,1412,214,95,57,558,1813,9,405,19,724,47,659,765,78,553,51,715,491,260
1662,145,1545,309,121,52,456,3008,9,482,22,688,108,635,915,96,804,9,712,411,215
1663,215,1424,285,158,127,597,2327,19,1392,30,642,108,788,1164,85,617,87,729,518,373
1664,296,2191,429,234,116,1146,1288,1,666,37,831,333,772,1662,84,920,4,913,807,267
1665,298,1780,322,196,92,426,3458,57,486,53,653,248,874,1086,156,966,6,955,546,222
1666,128,1517,242,129,13,692,2952,4,521,20,744,179,870,865,10,866,15,449,277,259
1667,689,4502,786,194,139,1208,11114,399,1458,31,1852,2,1372,2090,139,2666,28,2455,1114,636
1668,116,1080,253,161,17,282,1911,20,273,51,492,156,467,673,23,668,11,718,592,119
1669,78,964,96,85,57,258,1855,7,782,24,496,232,158,381,37,459,39,434,220,85
1670,608,5447,1141,291,409,1614,9346,228,2317,101,1997,748,1892,2731,424,2829,49,2385,1663,728
1671,99,1428,314,166,62,403,2832,27,511,38,776,169,488,1012,25,797,42,552,351,138
1672,541,4243,429,138,598,1130,8955,310,1858,151,700,1023,1577,2275,490,2149,48,1577,660,72
1673,127,2052,208,170,83,712,872,2,1203,28,781,174,543,836,75,559,17,573,208,76
1674,557,3845,538,296,366,1359,11006,125,3029,104,1579,500,1867,2499,405,2533,17,1575,823,431
1675,467,3392,447,202,349,1039,8364,105,1190,75,1077,338,1005,1573,79,2250,52,1578,1454,282
1676,180,1346,271,85,163,209,3641,60,964,28,668,205,533,733,116,565,12,621,358,170
1677,141,781,90,51,134,398,1072,7,754,22,436,58,420,444,21,388,38,621,267,107
1678,430,2619,778,395,5,1857,7750,22,1579,271,1576,649,1860,2020,605,2668,51,2557,1783,955
1679,444,7665,1103,317,126,1254,14318,158,1626,154,2531,663,3093,885,402,4739,9,3411,805,1172
1680,243,1701,283,187,26,722,2800,19,1481,21,832,258,706,1481,36,732,6,1050,310,349
1681,222,1445,350,148,48,854,2272,18,844,35,826,71,736,1019,94,959,108,551,950,393
1682,666,5101,1221,310,303,1620,11088,80,3754,46,2051,636,1944,2743,165,1746,46,2163,1327,405
1683,332,2748,321,133,174,893,5227,82,1347,0,1124,563,1168,1365,97,1300,62,1358,981,363
1684,189,1558,197,88,188,523,4160,125,1216,77,563,423,536,1015,162,957,12,657,279,177
1685,214,3346,995,162,333,1168,9402,278,1701,125,1706,4,1279,2102,304,2324,35,1162,934,371
1686,103,503,346,89,58,236,1094,5,594,35,327,244,328,682,8,496,6,522,146,134
1687,84,780,210,40,32,192,1737,16,281,27,321,78,327,362,36,210,0,438,251,84
1688,1291,11328,2187,707,838,4213,18392,588,6166,374,4804,1961,4822,6736,1393,5926,70,6763,2539,1657
1689,222,1347,291,63,241,560,6831,54,1306,61,627,298,1363,1529,160,1475,6,1317,678,517
1690,258,2877,497,205,285,928,6497,48,1108,46,1552,204,1094,1780,194,1796,39,1553,1009,540
1691,115,1512,303,120,106,833,5589,49,1008,23,1109,363,975,1014,177,1647,29,1509,990,293
1692,335,2403,103,132,209,933,4889,65,1243,69,844,385,1125,1057,155,1087,70,955,501,394
1693,123,1235,286,74,81,529,2115,13,700,24,479,366,397,625,67,621,28,519,301,233
1694,355,1843,569,89,334,1115,6226,116,897,53,1444,976,1175,2157,74,1474,80,1887,969,234
1695,36,627,205,66,16,264,1528,21,327,9,320,78,349,443,40,342,9,393,247,98
1696,387,1698,378,214,94,864,3559,24,602,27,997,102,560,1007,93,1137,35,748,621,210
1697,111,1163,304,114,26,423,1478,1,831,35,740,143,502,700,53,259,7,606,459,192
1698,339,4175,692,249,32,1112,4662,134,2525,69,783,900,1639,2289,155,1804,15,1905,1182,625
1699,420,3610,677,122,218,1499,9048,100,1241,34,1401,707,587,2043,354,1846,55,1106,1497,294
1700,121,898,69,104,26,478,2630,11,379,30,450,181,439,861,43,599,19,628,599,132
1701,150,1864,390,69,99,462,3093,13,1094,12,684,181,520,1021,77,700,54,710,463,121
1702,325,2993,466,101,167,845,3717,14,865,13,864,113,927,1753,122,1341,38,1050,1017,277
1703,156,956,366,113,58,406,2211,63,716,18,548,123,630,799,277,653,31,636,397,0
1704,308,2176,567,249,252,669,6914,44,2701,116,946,1012,1098,1348,87,1050,19,793,996,571
1705,317,2524,484,178,56,690,4808,26,843,13,759,198,823,1299,109,1447,54,1086,739,170
1706,368,2221,690,199,312,884,6362,234,2111,52,1549,642,1354,1757,158,1439,85,845,948,455
1707,214,2134,288,186,228,71,4470,16,1820,31,1110,454,550,611,138,796,94,844,493,349
1708,158,794,157,105,104,329,1529,14,581,46,610,158,450,836,40,442,12,379,636,181
1709,267,2283,565,219,183,915,5167,102,2059,11,916,786,712,1554,143,900,49,1059,991,408
1710,102,703,84,87,40,374,1312,3,575,62,413,35,352,555,17,390,18,413,147,112
1711,86,693,168,22,24,288,1413,11,232,5,282,208,366,527,47,405,0,407,110,52
1712,489,3259,744,239,189,1127,4255,12,1570,89,1497,494,1017,1906,292,1902,68,1391,913,485
1713,431,4369,1212,297,210,1693,7978,219,1351,51,1610,346,1480,2424,122,2029,60,2072,1349,656
1714,155,2091,248,183,176,620,4682,11,973,0,890,359,522,1095,207,963,11,821,1004,274
1715,208,2864,275,155,81,729,3951,18,841,11,891,283,822,1669,91,814,24,936,701,339
1716,359,3067,703,105,442,1020,6706,116,2289,8,1387,806,1151,1193,96,1282,52,1126,1044,236
1717,584,2233,470,98,275,848,2927,9,1993,68,1074,709,933,1431,129,1263,23,841,606,403
1718,132,1158,297,121,99,302,2643,17,1095,11,436,298,378,716,78,484,20,584,457,127
1719,530,3399,760,176,319,962,6046,273,1834,40,1139,770,840,1579,59,1716,19,1035,1108,260
1720,104,1144,136,0,127,415,2896,43,415,17,756,140,559,800,58,561,23,507,407,139
1721,255,2852,770,141,134,967,6033,10,686,35,1579,208,521,1491,285,1388,21,1360,998,418
1722,338,2735,351,191,84,1305,7426,8,985,35,1885,240,845,1651,167,1352,81,1879,980,543
1723,116,1731,232,52,114,584,3013,22,791,33,890,222,244,1222,201,725,14,789,754,132
1724,348,3985,838,169,60,899,8695,71,841,31,1045,712,675,1958,67,1860,3,934,705,362
1725,399,4037,421,181,130,1124,8083,153,1516,37,1282,74,1138,1657,366,1761,14,1407,1003,420
1726,350,3025,659,199,72,1093,6952,72,954,91,1583,306,1198,2030,193,1827,21,1224,635,445
1727,57,1280,225,29,20,230,2806,35,292,22,333,146,319,571,77,422,1,326,233,178
1728,292,3460,583,170,269,1067,7374,120,1547,81,1286,280,1233,1755,274,1084,62,1253,1305,368
1729,298,2894,566,201,46,684,6645,18,1166,1,1524,171,1177,1787,69,1684,19,1747,982,384
1730,218,1000,203,149,118,521,2972,11,1071,2,897,252,761,984,124,574,71,735,698,193
1731,239,881,275,103,99,540,3046,36,1223,28,754,588,416,404,97,524,14,657,785,223
1732,53,1055,242,113,21,262,1620,10,494,31,352,139,306,617,109,400,4,351,316,115
1733,67,348,87,86,39,355,1610,3,361,10,561,76,310,661,16,331,14,479,233,112
1734,110,764,288,38,106,266,2138,67,354,8,316,86,262,348,43,508,5,324,235,78
1735,365,3784,754,177,38,1424,8189,184,1588,45,1483,436,1420,2100,193,1336,68,1022,1408,356
1736,419,4867,1498,242,527,2003,11207,408,4672,98,2204,1360,1778,3082,591,3335,97,3357,1545,502
1737,449,3061,1537,193,490,454,10101,73,2943,69,1437,637,892,1888,393,2420,0,938,936,148
1738,284,2058,273,92,63,1026,4183,77,754,20,910,128,1015,1354,95,1082,27,1089,936,430
1739,236,1716,389,160,210,593,3541,95,1473,19,1185,300,1138,1025,75,1212,71,964,569,297
1740,356,3958,1004,101,295,1322,8391,250,1048,3,1578,244,1523,2010,110,1927,0,1791,317,497
1741,110,2550,534,192,98,255,1999,85,1076,12,846,718,792,1273,91,721,7,547,304,241
1742,63,705,151,50,102,317,1830,28,574,9,211,165,299,490,37,414,1,309,78,116
1743,352,3318,597,172,0,1152,6780,109,1005,39,1184,371,1174,2142,253,1668,36,1437,1354,363
1744,295,787,663,143,186,1219,5592,84,951,43,853,476,932,1388,178,1269,15,543,648,201
1745,838,5535,1464,309,1222,851,14180,501,3184,49,3302,2061,2826,3166,489,3747,36,1513,1042,571
1746,133,804,214,41,51,341,2545,47,479,10,476,133,382,807,16,610,9,399,187,158
1747,599,6606,1011,205,379,2076,8313,544,1956,117,3103,1179,1929,2839,631,3374,61,1799,2062,894
1748,532,5421,1100,205,230,1330,9217,279,821,35,1930,558,1362,1739,96,2415,17,2372,1837,491
1749,313,2664,161,186,117,952,5503,37,555,49,711,256,1072,1482,197,1274,122,1165,1215,254
1750,370,2267,521,158,105,546,4499,65,795,54,1096,118,1147,1699,99,1100,55,921,300,258
1751,202,2287,278,76,36,391,3434,15,914,47,752,194,760,667,116,969,38,789,830,184
1752,198,1288,115,148,39,662,2938,9,515,27,803,88,448,1236,80,693,91,542,214,170
1753,501,3386,886,243,1,1171,10345,89,1462,42,1594,820,1332,1980,357,1552,70,1498,1165,648
1754,300,2651,467,171,128,761,5524,22,2015,38,874,746,1032,1383,233,1455,19,866,451,188
1755,87,785,286,36,69,232,2445,62,367,13,332,114,303,420,48,477,3,319,221,66
1756,294,2417,199,129,159,1001,5082,44,1656,92,790,372,715,1003,135,1198,22,662,1060,224
1757,126,1493,305,133,68,403,2954,56,712,59,792,118,935,1221,185,836,22,911,474,443
1758,524,5897,1327,313,658,1161,11925,0,3943,182,1898,1106,1895,2536,646,2439,44,2503,1468,590
1759,344,3589,84,245,362,1796,10613,349,2161,78,1776,477,2288,2432,350,3116,60,2514,1605,482
1760,257,2233,516,259,152,1103,4868,2,2160,45,1528,224,1070,879,150,1249,119,1571,372,236
1761,722,3001,53,196,455,651,5076,211,1370,24,1223,572,1621,2185,541,2314,76,939,1487,675
1762,626,3586,687,167,240,1421,7934,70,1563,20,1909,830,1220,2007,158,1785,59,1780,933,505
1763,129,799,93,97,37,434,1590,3,271,40,376,55,644,596,11,806,32,749,233,0
1764,184,3151,248,145,132,820,3797,45,1014,48,1428,266,1416,1456,256,1033,33,1357,680,211
1765,530,3583,593,235,116,827,8837,262,1190,86,1619,433,679,1421,443,1947,26,1507,1008,453
1766,89,1228,296,100,33,487,2600,101,510,109,521,102,558,685,81,549,1,506,140,144
1767,210,1037,279,93,92,616,2340,2,855,30,809,221,422,1143,73,753,22,560,413,156
1768,132,1372,275,112,27,434,1989,110,696,20,497,158,621,751,122,968,44,605,573,256
1769,738,5996,1379,356,350,1847,14148,336,2150,154,2486,1006,2344,3422,620,2767,96,3071,1384,737
1770,355,2365,498,261,129,850,5783,82,1405,53,1164,331,809,1267,181,1225,102,1209,560,311
1771,521,4856,788,205,574,1428,9712,178,3371,77,1836,897,2149,2619,225,2518,18,2737,1118,517
1772,460,3028,585,129,53,642,7113,64,1028,26,1077,343,1123,1459,400,1444,28,1529,627,475
1773,204,1028,410,118,85,906,3139,12,370,45,841,166,726,999,87,885,54,931,513,183
1774,239,1678,244,204,94,667,2502,17,1439,103,1225,327,982,1351,46,1171,63,1058,669,352
1775,82,5595,1160,342,122,1442,10482,62,1507,61,1662,925,1503,2761,124,3451,17,1510,1135,484
1776,108,1170,217,88,68,549,1792,11,409,25,465,40,200,835,28,448,16,452,432,219
1777,444,3514,755,175,94,1037,8325,238,886,62,840,136,1202,1798,216,1472,40,1470,1504,382
1778,273,3706,647,217,231,1055,3816,23,2991,57,1549,582,1235,1610,352,1974,19,1678,1389,344
1779,205,3111,581,187,260,1247,6144,200,1706,65,1234,706,1393,1858,155,1383,21,1227,1223,435
1780,178,1288,113,118,107,523,1239,9,909,5,345,56,480,867,78,658,35,626,71,238
1781,190,3069,454,220,332,1068,2347,12,907,138,760,602,983,1382,316,1168,53,1394,491,396
1782,264,2462,374,200,136,1000,6520,191,970,91,1475,208,1480,1631,180,1513,29,1193,1326,345
1783,507,1409,474,170,86,684,4740,29,1034,34,487,180,615,1423,181,1463,32,952,983,271
1784,162,1051,435,103,421,431,5586,137,909,35,395,320,408,772,87,1250,7,708,290,109
1785,220,2629,392,212,163,575,3584,116,681,44,698,385,1025,1314,164,1017,16,708,707,274
1786,496,4599,656,176,78,1448,9167,206,2020,133,1715,369,1968,2558,426,1402,41,2463,1007,437
1787,418,3384,843,79,316,1031,8394,135,2490,46,2070,675,1428,1838,346,1707,67,1612,1205,450
1788,79,750,276,58,62,162,1369,3,530,8,347,85,273,461,20,344,12,451,208,89
1789,150,1501,332,19,77,459,1080,56,498,0,643,138,600,624,81,826,0,483,387,176
1790,434,3990,481,34,292,1124,6498,55,2121,55,1500,298,1035,1814,329,2354,30,1246,1166,468
1791,51,414,124,60,25,353,1511,17,530,13,346,80,286,441,22,346,15,342,112,37
1792,50,1354,172,69,66,619,1322,8,472,36,763,45,490,772,125,768,72,666,278,254
1793,379,5525,1009,471,234,1898,6785,251,1870,101,2144,715,2473,2752,360,3210,128,2526,1498,735
1794,236,1032,452,222,169,1053,4273,37,743,41,998,125,802,1304,102,474,91,1058,529,288
1795,164,966,56,64,72,514,1614,33,786,0,434,196,519,437,141,727,32,246,179,105
1796,506,3332,1005,318,8,1213,9760,409,1513,2,1541,587,1697,2103,395,1669,40,1455,2112,502
1797,365,4188,687,277,318,780,10431,69,1550,7,2412,702,1868,1829,219,1524,9,739,1320,234
1798,334,2353,281,172,157,1078,2296,31,2002,6,1120,506,475,1512,57,1413,73,1245,623,169
1799,121,1715,237,183,71,589,1726,34,719,24,967,128,616,913,107,618,53,769,531,242
1800,326,4842,996,207,315,647,11070,474,1582,78,1801,568,1390,2211,358,1571,0,1287,1054,426
1801,192,1167,347,136,69,227,3186,18,475,21,586,222,678,664,72,618,30,818,296,168
1802,80,1823,203,99,148,871,4042,17,1423,68,831,341,753,687,40,1157,20,765,326,358
1803,463,6052,1483,500,733,1686,14515,84,6507,230,3411,2337,2304,3554,448,5164,99,2160,1280,1097
1804,62,1151,205,86,4,303,1636,11,660,32,697,190,438,631,35,594,51,463,95,117
1805,739,6972,1195,271,340,1859,13494,604,3769,69,2129,1862,1973,2736,324,3357,36,2654,1401,717
1806,401,3000,440,291,131,933,6738,107,1452,47,1309,344,1305,2032,224,1037,28,1430,731,432
1807,107,748,105,84,50,377,701,0,518,35,401,164,365,756,28,358,1,280,309,165
1808,420,3594,477,337,435,716,7273,38,2671,184,1456,396,1245,1953,292,2114,17,2237,1084,803
1809,932,10691,1435,681,728,2880,9622,680,3527,128,3691,1756,3709,4227,1011,5155,38,5537,2459,1174
1810,197,694,92,192,59,537,1353,0,955,4,539,249,393,825,20,463,28,391,296,103
1811,212,1173,128,135,30,521,1836,7,928,73,587,169,518,679,30,638,19,431,350,253
1812,190,1598,345,213,87,616,2546,14,1514,11,1047,307,750,1160,56,818,31,812,898,312
1813,406,4269,305,102,195,1057,9100,48,1482,109,1494,178,1447,1983,412,2167,11,1521,1225,568
1814,402,2039,408,275,7,649,3079,45,2972,36,1562,986,1253,2421,393,1525,91,1699,1149,393
1815,212,678,230,254,81,670,3110,9,467,46,599,133,648,775,51,764,77,711,461,184
1816,343,2914,817,155,274,1110,7725,226,1093,97,1710,1,1069,1445,137,2131,24,1334,1005,488
1817,173,1353,333,90,52,516,3025,32,786,34,500,21,588,696,56,601,11,500,333,169
1818,456,4749,425,279,253,1705,10812,412,1863,121,1837,557,2104,1695,393,3579,63,2172,1283,834
1819,352,2756,399,278,226,962,4395,238,812,88,872,14,729,1681,116,1733,19,1009,826,513
1820,146,1973,400,164,89,754,3601,10,944,42,821,514,725,1300,68,701,40,681,503,199
1821,232,2623,355,106,135,471,4566,56,1028,103,929,196,694,836,235,1111,33,1276,845,407
1822,319,38,467,171,106,1285,4030,12,907,55,1347,128,1295,1361,19,979,30,1353,668,460
1823,396,3284,774,248,130,1133,9622,155,1827,90,1438,600,1950,2296,111,2164,20,1776,831,630
1824,316,2727,619,97,534,576,6902,48,1311,9,905,425,645,1044,59,1367,1,951,796,147
1825,160,2147,460,132,87,522,4121,143,650,24,412,7,936,1185,169,1010,11,1359,746,351
1826,514,5198,1157,330,489,1468,11898,120,3972,67,2047,1232,1925,2817,277,3334,41,1656,1458,736
1827,360,3530,467,218,200,1083,5494,20,2541,136,1065,371,1057,1107,254,1757,62,1221,304,660
1828,742,4209,1463,598,270,2558,18680,392,4925,263,3339,2071,3398,3476,925,4814,118,4287,1982,1451
1829,446,4206,640,179,112,1341,9365,101,1584,109,1361,468,1420,2841,381,1984,57,1976,1578,621
1830,721,4399,444,231,410,1734,9169,142,1322,219,1201,165,1989,2186,198,2143,100,2636,1643,905
1831,439,3563,233,271,118,409,5761,44,1119,60,1853,244,991,1293,521,1558,55,1459,1364,282
1832,144,1698,154,101,211,846,3093,20,1482,15,742,181,708,1179,151,780,57,849,698,179
1833,409,5349,1251,173,434,1471,9604,228,1502,82,1841,262,1612,2680,420,1665,7,1742,1869,480
1834,116,644,554,71,197,342,4033,360,1069,8,552,395,356,752,111,590,1,573,441,90
1835,316,1454,395,198,358,1127,7456,32,1865,45,1246,1072,1202,1507,176,1606,34,1083,835,288
1836,254,3466,521,113,13,1364,3974,79,965,75,1562,197,1400,1736,218,2148,36,1353,1430,467
1837,1125,13359,2438,701,1238,2817,25468,644,7483,316,3841,1548,4222,6729,881,7118,108,5718,4156,1616
1838,189,1285,71,97,107,606,2562,5,648,5,505,137,550,750,67,583,30,542,528,158
1839,94,613,242,45,39,226,1034,1,289,8,335,39,294,570,63,225,26,252,199,129
1840,534,5251,564,325,202,1539,9792,71,4020,17,2102,1395,1813,2668,829,2263,54,1659,706,849
1841,123,418,183,48,12,167,1586,88,209,17,187,158,345,354,22,347,2,315,159,113
1842,346,2300,323,255,89,853,4137,39,1073,83,1178,148,1401,1550,71,1324,110,1230,721,609
1843,218,2344,397,119,324,879,7825,140,1291,19,931,804,1152,2003,93,1474,28,1732,856,460
1844,335,3182,620,194,393,1032,3894,26,1648,11,1167,532,944,1147,151,1753,30,1289,478,289
1845,269,3396,763,109,121,1307,3687,115,1113,75,1708,272,1185,1969,315,1392,63,1294,904,387
1846,214,1856,472,129,0,1089,5360,49,1021,70,854,540,1230,900,185,1787,47,1384,820,232
1847,707,4585,1286,150,110,1461,13364,223,2535,128,2674,1027,1491,3089,329,1947,31,2562,1146,690
1848,573,5419,892,283,237,1182,10861,336,1537,110,1800,600,1617,1533,729,2587,38,1748,1279,419
1849,151,341,162,85,50,479,1671,2,736,30,550,101,455,693,38,416,55,325,340,92
1850,167,3058,429,221,76,1143,5617,19,1025,104,1339,327,1273,1636,369,1573,108,1903,756,626
1851,706,5438,1157,349,29,1946,11812,79,2010,61,2064,374,1526,3653,479,1740,79,2733,1426,848
1852,233,1354,457,132,155,708,3138,9,1109,7,839,415,413,850,101,1125,15,391,406,303
1853,400,3324,581,122,452,1242,697,68,2666,67,1724,398,1060,1571,103,1731,43,1382,765,214
1854,167,5344,1093,182,584,1545,12617,341,3474,44,1256,1089,1659,2613,524,2558,0,2213,1202,569
1855,391,2700,427,229,148,1147,3371,38,1544,63,1063,404,976,1195,161,1441,74,1210,1093,462
1856,1013,6277,1246,337,233,2212,10498,318,1969,109,1256,560,2362,1890,446,3107,32,2338,1104,734
1857,999,6131,1250,57,266,1708,13044,354,1539,43,2015,1139,1970,2001,438,3787,23,2227,1924,556
1858,1103,7328,1809,315,419,2159,11835,733,2905,112,2943,928,2163,2088,620,3953,16,2930,1449,715
1859,96,979,125,142,17,272,1248,0,141,8,524,15,420,499,21,411,23,366,195,153
1860,125,2703,461,225,76,252,2531,75,1124,49,496,77,385,4,109,717,18,595,378,91
1861,29,707,126,104,57,140,696,3,361,12,293,63,479,339,13,395,3,394,211,21
1862,73,707,222,40,57,186,1938,62,333,12,290,97,240,344,50,405,0,245,217,60
1863,121,1065,337,39,95,299,2897,100,441,24,378,130,363,570,58,642,2,450,298,72
1864,591,3217,524,116,594,948,8510,53,1371,94,945,249,1404,2138,212,2183,20,1800,1727,557
1865,186,1331,351,55,68,874,2759,63,667,41,866,134,676,1044,50,570,10,894,713,134
1866,288,1982,516,159,105,585,3498,2,840,28,974,57,678,981,67,877,0,629,336,297
1867,664,5438,1150,162,120,1680,10978,404,844,93,1950,380,1733,2170,59,2269,37,1969,1562,322
1868,99,2304,292,209,95,556,4860,22,1017,44,1038,107,1006,1254,123,1079,98,1163,1015,278
1869,394,5791,1184,189,1,1794,10452,141,1896,53,1908,758,1873,2580,624,1117,30,2477,1609,358
1870,759,9383,2280,454,594,1731,20554,277,7266,156,3940,2485,3431,4294,968,4626,26,3812,1609,580
1871,329,2582,274,239,158,1028,5399,27,2283,89,1104,722,1195,1378,335,1760,106,1092,734,409
1872,124,458,204,67,27,342,491,5,276,51,532,68,504,555,16,415,34,398,331,256
1873,44,732,402,104,156,901,2428,42,672,65,1113,67,905,822,76,942,29,776,633,270
1874,81,1165,256,33,87,291,1735,30,494,81,375,0,395,487,116,546,6,444,396,178
1875,259,2259,329,225,90,862,3854,43,1099,92,1041,222,965,1254,167,1121,109,1131,465,518
1876,421,3958,740,399,271,643,10780,336,1860,101,2132,466,1671,1973,758,2377,17,1781,1207,477
1877,474,4433,916,234,328,1521,9435,31,1920,121,1965,758,1632,2536,185,1597,42,2094,1728,492
1878,286,3256,624,272,128,788,9342,116,1409,12,2190,333,1178,1565,202,2175,26,1625,148,556
1879,319,2931,357,196,118,1124,5872,93,973,14,1633,326,930,1343,147,1059,46,1508,787,208
1880,763,7952,1078,524,404,2443,13846,398,2719,103,3111,297,1587,3573,565,3313,115,3358,1730,628
1881,343,4349,279,232,425,840,9048,452,2610,38,1258,944,1634,2478,421,2276,3,1823,1100,564
1882,111,1309,199,47,88,195,17,14,613,0,4,0,268,6,44,678,30,725,3,1
1883,210,2680,659,207,136,950,2229,84,741,1,1025,111,438,1070,134,1160,14,1147,562,105
1884,503,3849,799,175,669,950,10735,144,2867,49,1115,1129,1362,1553,535,1988,14,1985,1026,351
1885,203,2058,534,255,53,1307,8988,93,1563,56,1862,221,721,1701,527,1502,62,976,1215,473
1886,185,1538,544,135,166,942,4748,54,1543,64,1233,632,1151,1018,200,1362,17,847,748,274
1887,560,6425,950,162,1033,827,11339,405,3326,66,1883,841,1311,2783,337,1977,0,1065,885,307
1888,252,2649,618,185,177,1004,5396,300,2104,82,500,573,1082,1601,236,1462,26,1108,943,336
1889,222,3060,502,145,102,764,6750,255,916,36,1354,349,971,1402,201,1311,10,984,608,358
1890,750,6072,1163,205,322,1624,11658,164,1818,126,2273,892,2375,2602,644,3068,36,2519,1524,867
1891,734,6620,1210,311,632,1594,15373,568,2299,56,2537,799,2106,1699,639,3453,0,3548,2194,602
1892,549,3345,1647,476,464,2398,14291,168,3441,109,2964,834,2252,3524,88,3559,26,3055,1654,472
1893,131,592,243,152,74,482,1339,14,1099,8,564,166,486,627,54,268,38,740,356,178
1894,294,1351,216,201,79,542,3421,1,574,17,632,106,681,943,145,290,71,959,509,265
1895,127,1246,347,76,42,474,1820,45,1049,0,575,242,209,540,136,374,8,573,155,84
1896,205,3995,652,259,328,1265,8014,49,2478,87,1378,787,1399,1647,471,1904,36,1149,1607,218
1897,494,2668,1018,177,457,1336,9375,158,843,39,1864,555,968,1866,410,1921,9,1176,1337,337
1898,85,891,170,107,62,469,2445,1,227,30,667,209,314,677,85,506,46,333,309,300
1899,621,2188,467,365,370,1353,8162,106,3116,167,1533,958,1267,1765,252,1870,73,1917,1239,569
1900,200,1574,312,229,78,768,1658,1,1031,41,812,344,522,636,44,647,45,523,592,235
1901,164,1361,314,76,97,407,3283,62,1409,55,638,377,717,986,172,611,40,678,401,258
1902,412,6275,1306,373,346,1725,10427,176,3399,176,1794,731,2111,3255,428,2395,66,2644,1469,1045
1903,120,882,261,34,112,291,895,198,721,31,365,188,556,509,35,392,1,467,385,62
1904,192,1942,504,83,156,518,4064,102,498,32,586,178,524,813,57,937,23,668,356,177
1905,392,3402,566,188,130,667,8455,89,1159,21,1315,254,1196,1451,51,1454,8,1051,935,383
1906,139,1058,199,72,77,205,2462,167,500,25,371,310,341,274,61,518,0,338,59,82
1907,137,3447,459,257,322,1031,5088,11,2330,36,1601,885,1329,2433,297,1250,43,1947,1029,417
1908,56,414,130,31,80,180,1671,95,317,0,191,191,306,337,100,237,2,268,115,50
1909,119,1619,310,98,60,474,2805,355,870,60,927,87,847,1269,218,943,2,945,524,153
1910,464,3305,557,178,306,982,8187,197,2407,26,1307,897,915,1441,293,1480,3,1359,1215,294
1911,384,2502,773,200,44,1147,8055,231,918,69,1478,232,1515,1786,461,2027,4,1145,1412,447
1912,2078,18518,3081,994,1424,5186,32771,527,9339,335,6506,3223,6441,8300,1603,8802,449,9593,4401,2952
1913,477,3925,1179,210,403,1590,7535,96,1053,125,1431,395,1484,2287,308,2268,31,1953,1628,388
1914,84,527,109,78,60,233,1134,0,611,6,368,103,228,497,21,299,13,346,371,109
1915,556,3705,729,134,260,780,9337,169,1729,38,1606,820,1091,1497,315,2332,10,1541,911,296
1916,272,4280,354,352,156,1089,10373,138,1619,142,2163,464,1680,2734,414,2341,21,2096,827,868
1917,718,5461,837,271,428,2127,10090,407,3896,180,1936,733,2239,2844,580,2920,28,2338,1051,499
1918,894,9407,2057,553,671,2844,12693,784,6915,313,3786,2121,3262,3022,1129,4245,105,3995,1808,1596
1919,599,5624,1422,442,422,1933,10560,155,4657,138,2670,819,1857,3298,345,2910,59,2350,2042,790
1920,398,4379,345,319,421,1676,9617,186,1829,4,1646,910,1580,2323,122,2376,30,1461,1071,362
1921,304,1885,440,66,256,1008,3954,71,1126,15,670,507,721,1369,62,1213,40,804,318,433
1922,515,5793,578,330,286,1201,12704,30,1882,13,2400,568,1969,2960,353,3114,25,815,1814,577
1923,129,886,242,167,97,461,2305,17,780,10,615,77,727,845,14,598,31,902,517,134
1924,546,3817,572,71,261,966,8424,25,2755,135,1094,1149,1011,1693,177,1980,111,1743,814,498
1925,407,4840,1096,343,711,1649,7142,259,3302,87,2374,306,1958,2501,343,3134,65,2825,781,705
1926,57,746,190,122,15,242,838,0,510,17,280,88,301,305,8,389,10,156,236,87
1927,747,7266,557,223,3,1816,14716,691,1731,87,3180,988,2870,3154,398,3325,43,2961,1269,730
1928,146,894,135,40,82,321,1074,7,499,16,430,108,169,378,26,302,31,559,247,101
1929,552,3259,897,253,266,1158,9072,139,3095,8,1956,556,1584,1295,407,1573,23,387,1071,566
1930,356,5231,1065,418,551,1399,6727,222,3775,36,2206,1369,2182,2491,389,2177,84,2670,889,289
1931,690,4507,1658,224,210,895,10579,235,2352,69,2830,627,2090,2901,838,3682,21,2934,456,568
1932,104,897,353,72,144,263,2676,31,808,17,487,261,400,746,125,600,12,609,313,143
1933,464,4006,287,171,302,981,3894,92,1359,43,1439,394,976,1719,99,1619,40,1495,1348,540
1934,288,2321,299,123,118,735,4510,37,1186,67,1043,141,847,1177,149,1051,3,999,501,282
1935,641,3320,868,379,391,1453,8599,166,1888,136,2028,707,2015,2644,319,2968,63,2497,856,523
1936,192,1073,246,124,13,386,2149,2,452,23,465,105,371,713,91,444,26,676,410,136
1937,899,7029,1079,379,293,2112,13692,247,4661,33,2632,1432,2219,3029,342,3172,122,2716,1225,772
1938,131,1863,315,142,39,567,3163,38,576,28,808,234,636,929,73,644,42,756,840,256
1939,240,2647,728,136,143,701,6321,340,999,16,889,297,1018,1542,174,1313,1,917,922,223
1940,337,2077,679,103,219,347,5097,128,744,33,745,0,465,739,256,1108,4,1012,583,241
1941,163,1328,92,140,42,579,1182,8,847,69,488,34,599,918,48,565,47,370,307,148
1942,374,3598,787,179,203,1262,6857,69,2269,115,1132,697,1448,2210,255,1414,39,1794,1297,615
1943,85,1009,251,74,12,383,1822,19,328,11,425,97,409,682,54,190,28,473,142,121
1944,218,1335,522,82,106,614,3143,142,1114,12,807,583,653,836,132,880,10,702,547,79
1945,224,1044,131,47,125,463,4106,12,952,17,648,280,748,1012,207,803,2,558,484,252
1946,579,4527,966,268,174,1242,4024,131,2900,35,1597,731,1728,1050,251,2206,65,1632,759,560
1947,128,630,101,95,73,316,1224,8,298,20,415,41,365,515,31,313,16,394,208,67
1948,94,1232,51,134,86,251,2021,5,711,22,518,212,550,755,76,454,7,619,496,109
1949,96,1960,216,87,3,677,1783,0,403,3,911,216,425,590,114,628,34,156,506,111
1950,263,2230,139,95,289,539,2792,3,1156,23,700,473,619,1009,63,650,71,840,493,369
1951,170,1083,260,117,76,590,3667,49,8,42,321,153,636,1164,35,632,20,821,646,210
1952,439,4012,509,290,94,1126,8247,31,1317,104,2038,473,1242,1200,250,888,59,1701,988,639
1953,342,3620,782,167,396,905,8085,393,2640,59,946,900,882,1627,395,1765,27,791,645,327
1954,342,3950,546,146,324,1041,6916,54,1655,33,1440,532,1086,1805,178,1760,65,1862,760,427
1955,314,1837,219,87,113,966,3460,4,916,16,1006,151,744,1776,117,913,14,1130,556,238
1956,201,2044,418,137,53,919,3302,42,1326,45,328,60,618,1113,63,56,1,777,483,92
1957,220,1523,260,192,95,536,3533,5,458,10,751,208,547,881,46,898,15,979,870,197
1958,596,6142,1298,478,346,1696,14761,416,2010,180,2884,923,2431,2835,323,2847,112,2806,1660,650
1959,62,1827,296,125,91,365,1418,19,973,43,369,134,311,900,85,538,2,696,493,408
1960,621,6016,1135,377,338,1839,12565,205,2083,44,2153,793,1909,3220,491,2900,32,2118,827,772
1961,79,586,129,55,56,202,834,7,219,10,279,26,334,1655,7,288,51,269,261,122
1962,174,3477,1071,183,218,1293,9073,146,3192,33,1520,909,1060,1759,335,1031,52,1505,1152,592
1963,131,1443,257,40,137,517,4055,12,1773,64,663,87,622,936,98,840,31,711,476,280
1964,230,1053,284,96,188,723,3776,281,923,6,825,329,912,951,214,974,4,1074,510,189
1965,349,5996,977,325,503,963,805,162,2411,141,2094,1017,2199,1889,541,2708,73,1072,819,787
1966,118,982,49,78,23,281,839,8,466,5,306,116,246,461,13,270,13,151,151,110
1967,485,2242,815,201,334,1399,10575,545,1838,23,2359,546,1616,2591,509,2948,34,2246,1356,698
1968,49,492,134,56,34,247,1398,40,523,14,383,132,266,404,25,271,15,267,248,104
1969,398,2192,380,140,274,938,6849,387,1984,75,1042,538,1146,1091,342,1662,15,1185,588,150
1970,194,1790,298,90,207,490,2079,112,668,0,732,257,656,774,34,953,12,719,491,132
1971,430,3287,654,228,315,1190,8726,397,1097,40,991,582,1493,1744,253,2574,12,1070,1043,198
1972,163,1301,161,109,94,549,2742,135,234,49,964,165,907,1171,103,772,17,263,599,189
1973,73,493,114,32,49,212,1353,45,469,23,205,110,241,338,55,338,0,160,102,76
1974,40,741,186,30,17,287,1736,51,284,21,464,157,282,503,142,395,0,353,181,51
1975,372,5274,1226,201,643,1398,8964,94,3247,31,1614,921,1257,1726,509,1797,0,1801,1018,544
1976,344,3877,634,252,421,1323,8098,288,1408,70,1374,678,914,1819,261,1856,31,1182,807,388
1977,244,3538,617,187,118,1020,5780,164,1373,22,783,99,1446,2106,256,1281,49,1336,1098,395
1978,165,1034,165,99,102,314,1897,6,790,20,357,208,493,636,145,642,18,223,152,134
1979,289,3164,701,240,194,586,6372,123,2212,71,1338,875,1146,1845,265,1993,52,1613,962,691
1980,184,2362,580,192,0,988,4974,35,351,21,988,0,921,1405,115,1192,15,1110,887,273
1981,269,3059,786,173,164,889,8085,151,1338,42,1453,1041,1208,1709,72,1490,25,1210,922,437
1982,779,4949,1185,381,241,1293,12896,112,663,103,1865,635,1246,3025,520,2626,57,2109,1993,498
1983,159,1815,276,96,111,572,2927,17,1356,116,657,304,661,1004,257,1405,49,1251,912,147
1984,176,1561,210,98,50,574,1359,22,608,50,757,192,703,656,72,764,75,654,659,275
1985,356,2418,613,268,137,1004,4062,13,156,72,1880,74,911,1398,201,2448,43,1443,1033,238
1986,924,4798,1237,549,8,2552,17471,1118,3179,152,3104,1046,3305,4017,965,5098,38,4129,2610,694
1987,283,1936,337,189,64,853,4482,68,634,38,379,258,615,1161,200,1041,25,840,502,382
1988,189,2041,847,171,95,1053,5485,157,2512,82,1891,576,1210,1867,287,1319,31,1611,1072,246
1989,385,3609,369,208,126,882,8237,104,1450,162,1189,515,1418,1716,173,1947,21,1465,911,353
1990,195,2814,705,107,67,998,5883,71,840,13,1176,175,1058,1653,135,1268,20,1156,716,112
1991,406,3299,535,261,199,1339,5158,125,1572,26,1340,491,1306,1876,355,1529,35,1340,1077,271
1992,94,566,51,64,22,336,1111,0,234,16,341,44,266,513,13,231,7,259,154,67
1993,67,1627,331,119,156,398,3103,18,902,51,546,357,711,821,334,890,6,709,479,203
1994,183,1628,334,69,149,423,2964,29,1026,42,566,318,565,925,143,938,18,844,349,193
1995,107,2218,313,108,138,628,3415,96,1099,21,466,245,581,1055,69,1158,4,420,256,115
1996,679,4126,953,199,133,1232,8139,180,1584,43,1469,670,2064,2035,227,2322,56,2726,1814,389
1997,857,4981,1031,428,416,1842,13541,322,1814,144,2598,749,2308,3606,405,2788,55,2338,2166,763
1998,127,1028,191,65,35,354,1948,5,794,22,480,189,494,537,57,439,7,485,413,69
1999,349,2683,543,173,258,1080,4897,207,2056,24,1166,731,1169,949,278,730,76,1730,1011,503
2000,292,3816,914,308,403,1404,7260,54,2528,148,1901,183,1597,2150,322,1578,72,2381,836,647
2001,628,5349,738,307,256,1419,11899,974,1450,132,1541,609,1904,2116,319,2321,15,1825,726,318
2002,772,6608,1266,371,247,1712,11510,290,2243,5,2293,831,1959,3213,428,2325,24,2440,1469,775
2003,114,801,268,35,66,255,2106,80,334,5,296,93,252,437,29,433,2,310,248,39
2004,492,2950,724,319,244,1539,6650,233,3560,125,1378,1423,1858,1808,475,2220,24,2521,1430,526
2005,351,3147,664,129,43,1094,3758,0,2151,60,1244,130,1075,822,139,1379,90,1173,1227,349
2006,483,3159,485,145,98,906,5221,25,2499,58,1255,364,814,2212,50,1411,15,1291,926,371
2007,66,750,85,124,36,257,1632,1,254,6,239,45,356,539,47,396,23,392,192,37
2008,238,4011,832,144,634,1637,10703,294,2744,81,2531,704,1058,2352,473,2750,13,2194,1140,410
2009,140,1868,357,86,32,630,3555,57,1303,2,857,557,727,1173,102,978,25,754,386,305
2010,241,2535,394,212,187,1207,7885,67,736,64,1135,307,798,1509,183,2082,162,1744,627,713
2011,420,3054,777,320,636,2045,13356,371,3680,59,1929,403,2054,2053,319,3509,45,3181,1560,663
2012,82,589,260,20,36,165,1851,51,352,11,245,97,223,351,20,348,1,235,178,36
2013,521,2836,459,219,269,871,7243,50,1661,87,1353,655,1118,1542,195,1708,4,826,815,166
2014,346,3451,1013,249,140,1446,4808,181,1569,79,960,354,816,1893,148,2368,4,2346,872,618
2015,68,2638,451,148,120,826,4916,30,865,72,1278,236,1013,1312,340,853,25,682,1217,3
2016,163,3814,693,209,6,982,8728,4,1728,84,1408,532,1087,2378,222,2207,101,1874,859,365
2017,1625,14374,1659,1180,1176,5082,32190,540,7279,388,5713,1513,5144,7509,1206,6407,96,5628,3555,2561
2018,431,3445,479,106,179,886,2848,257,2240,57,1207,297,611,2039,193,2101,37,1515,780,241
2019,492,4516,911,313,489,1591,11218,385,2038,121,1718,9,2138,2633,644,2630,43,2327,1601,476
2020,735,4843,671,264,1,1212,9505,106,1397,29,1617,498,748,2121,388,2010,26,2002,1354,422
2021,337,2925,526,228,557,876,6056,5,1815,4,1765,470,1276,1599,133,1533,11,1158,864,111
2022,610,6064,996,339,112,1510,11412,221,2115,137,1428,987,2279,3330,362,2592,44,2426,1741,581
2023,89,1754,312,219,211,873,2758,25,1170,51,764,515,430,963,52,786,21,808,525,202
2024,333,4266,93,238,1,518,6079,283,1655,21,1627,342,1139,2170,230,1405,23,1503,838,382
2025,509,3404,861,149,121,1052,4244,135,1619,56,906,66,847,1753,94,1438,98,1670,596,311
2026,282,3696,722,229,135,1406,7396,68,1247,15,1310,166,1243,1919,249,1408,41,1551,583,501
2027,450,6375,975,457,126,1967,8885,97,2110,195,2331,844,2467,2893,896,2962,20,2502,2138,761
2028,306,3416,429,392,53,1115,5959,43,2933,149,1314,781,1292,1713,124,1328,0,650,1008,443
2029,303,3254,620,225,281,1080,6813,118,1896,28,1044,526,1223,1730,250,1886,0,608,490,345
2030,375,5182,1072,380,518,1101,10557,550,2204,177,2314,1279,2188,2835,783,1925,53,1724,2136,637
2031,52,729,40,93,30,145,988,4,321,22,386,87,311,316,25,231,12,284,285,174
2032,450,4639,641,103,199,1322,10347,184,3065,172,1564,917,1530,2725,585,796,73,1168,1083,425
2033,112,1411,289,45,39,481,2877,17,582,10,465,133,511,1145,73,633,30,792,427,295
2034,290,3280,818,109,163,1216,6145,188,1066,55,827,429,1211,2023,125,1973,13,1577,1578,380
2035,16,3338,259,68,242,759,6395,156,905,69,993,951,844,1827,166,1757,23,1667,981,606
2036,531,5765,707,295,399,1262,12657,193,3282,55,1858,152,1755,2559,301,2716,41,2121,1513,485
2037,400,5612,1301,233,361,1123,11005,430,1705,64,1446,610,1384,2838,503,2942,4,1803,1539,455
2038,646,1908,387,117,1,501,5034,1,2081,2,657,208,223,1543,345,1432,45,287,279,304
2039,36,715,185,35,21,263,1509,41,129,16,285,45,265,374,10,213,8,408,165,94
2040,191,1870,262,149,38,512,2770,0,667,32,523,83,598,997,120,782,16,578,640,231
2041,264,3350,865,128,381,1298,7430,509,1467,133,1151,343,1167,1544,176,1659,3,909,1130,445
2042,88,744,74,42,40,453,1475,8,535,21,740,24,588,915,10,399,48,309,415,221
2043,528,6034,446,299,349,1731,10975,188,3455,144,2359,1151,2075,2582,529,2154,31,1893,1637,625
2044,94,1433,106,128,43,635,2401,82,900,1,617,178,652,360,182,769,22,96,391,192
2045,310,2991,508,158,142,973,7518,265,756,26,1060,444,1089,1906,408,1896,36,1393,924,336
2046,508,4940,519,429,182,1734,12729,89,1610,61,1870,663,1905,2961,379,1951,46,2586,610,836
2047,619,3201,393,290,413,1433,10456,108,3913,125,2220,1173,1577,2813,526,2380,15,2403,1627,615
2048,704,6622,793,403,558,2581,11616,157,4957,173,2562,1878,2822,3184,676,2990,93,2984,2231,1025
2049,85,1115,272,66,54,390,2693,11,473,32,456,191,342,674,53,545,16,394,374,219
2050,467,5340,767,267,0,1404,9469,226,1614,93,2022,942,1637,2396,554,2530,64,2259,1106,599
2051,239,1125,277,115,170,534,5547,77,1210,80,1047,455,979,1704,238,925,37,886,276,202
2052,216,1922,299,97,92,719,3009,16,812,55,1059,242,729,1188,133,750,79,934,522,459
2053,220,794,416,160,111,467,3733,8,812,53,835,2,857,1118,126,779,51,774,370,224
2054,77,634,285,23,48,169,2022,51,378,16,288,94,226,383,29,347,2,267,196,40
2055,123,3735,836,137,154,1361,7709,331,1143,56,1507,352,974,1874,328,1535,23,1339,1374,333
2056,204,1749,556,264,374,920,5706,111,1729,44,1276,742,1410,1439,323,1970,45,2045,848,636
2057,708,5067,1385,356,94,1691,10305,150,1864,233,1432,441,886,2562,688,2288,102,1369,1973,794
2058,405,3085,1037,261,406,598,8262,580,2738,52,1529,461,1506,881,185,1795,18,1282,578,381
2059,395,2119,228,202,97,881,5693,47,1022,50,412,9,1188,3696,307,1398,50,1346,985,333
2060,463,5699,877,251,409,1686,10906,292,1030,41,2223,713,1459,2362,585,2532,40,2422,1184,731
2061,196,1834,341,48,115,482,2914,46,473,24,563,112,500,700,146,659,5,539,553,180
2062,256,1130,531,185,77,724,2941,43,810,1,729,305,1017,1133,75,825,51,1196,338,144
2063,142,1532,654,54,82,356,3978,10,405,12,596,7,357,833,149,769,1,414,698,108
2064,763,6596,1019,416,1004,1323,11106,356,1801,98,2684,681,3011,3222,353,2280,66,3638,1708,379
2065,322,2712,609,316,666,1622,9643,99,1787,182,1859,404,2206,1955,441,2078,62,2234,1569,824
2066,239,3092,483,235,145,992,5108,0,1299,95,1109,481,796,1583,171,910,48,1045,692,340
2067,442,5489,1434,296,365,968,12469,255,3232,46,2302,971,1753,3042,265,2948,48,2209,1908,418
2068,622,5396,1028,424,261,1351,14330,138,2342,71,2648,834,1878,3999,483,2252,61,2929,1261,750
2069,410,3280,845,199,157,952,6655,136,1963,63,1271,1004,1120,1566,206,1541,0,1222,488,326
2070,284,2272,418,145,420,696,6606,216,1831,28,1123,541,1085,1332,109,1444,0,730,312,184
2071,138,1581,270,156,64,817,4455,23,681,43,957,165,682,941,23,1167,6,1169,642,348
2072,380,2476,127,275,99,775,4043,40,1465,48,1504,266,951,1250,192,1301,96,905,954,283
2073,667,6090,1205,309,602,582,10124,50,4312,113,2388,1277,1747,2842,317,3147,24,1397,1323,493
2074,543,4312,1386,393,3,979,12277,90,1974,168,2284,816,1975,2255,445,3436,58,2469,1675,1059
2075,192,1011,524,164,151,762,5083,51,945,45,1147,399,965,1208,240,1055,17,1559,872,516
2076,527,3655,1002,325,337,1909,11095,356,4054,103,2077,1091,1845,2048,425,3142,48,1956,1247,718
2077,726,4637,1137,123,544,970,12525,202,3815,22,2372,1338,1765,2580,406,2523,30,2517,1556,657
2078,175,1144,158,67,68,303,2960,52,381,32,361,524,559,810,46,611,1,488,261,77
2079,575,5331,478,318,12,1958,11844,74,1985,96,1191,626,2419,2659,668,3121,131,2582,1013,1166
2080,760,5345,1774,277,1,1494,10338,339,1121,90,2454,609,2400,1959,433,2982,12,2831,1034,624
2081,166,1836,199,98,85,484,3064,49,480,92,944,169,623,1004,88,567,20,1006,707,340
2082,117,1050,292,171,101,809,2642,15,541,69,701,192,834,1501,173,825,31,516,489,289
2083,227,1987,352,137,115,755,3020,9,1452,79,739,459,799,1014,28,1073,33,1009,661,307
2084,640,3483,1192,258,612,1664,11192,410,3765,140,2518,1014,2158,2538,288,1814,34,1799,1490,644
2085,326,2641,487,194,351,920,7600,222,2176,39,893,679,1231,1410,278,1026,21,1816,715,559
2086,367,3563,897,183,192,827,7216,376,1543,74,1498,906,1356,1696,215,2083,13,908,959,178
2087,321,5399,1020,285,159,839,5908,82,2258,27,1513,1038,1133,2914,342,2349,12,929,1039,347
2088,204,3589,530,349,234,1228,7981,188,3073,29,1682,508,1231,1911,189,1854,34,1429,1338,407
2089,504,5814,716,253,299,1966,12333,298,2019,42,2104,484,2169,2835,346,2885,12,3087,2153,632
2090,961,7047,1771,467,551,2541,20598,296,4033,236,3218,883,2961,4927,808,3939,96,4000,2170,1346
2091,212,2836,531,168,331,990,6138,146,2183,63,1696,941,972,1529,88,1380,37,1389,867,352
2092,328,2196,438,186,167,888,4575,42,948,29,863,233,1064,1580,105,1331,31,1229,1293,354
2093,34,526,114,44,52,175,1597,6,449,7,313,134,285,537,67,359,2,378,208,37
2094,384,4383,950,127,454,925,9472,135,3424,79,1784,1592,1313,2335,464,2142,12,2012,1299,596
2095,380,4753,1536,308,469,1424,12137,186,3483,117,2029,626,2381,2717,318,2812,103,2355,2084,532
2096,199,2392,337,135,187,556,4821,41,1006,67,955,273,994,1109,257,1283,54,1159,751,218
2097,56,603,237,21,49,165,1900,27,358,5,204,103,191,316,30,349,1,224,185,39
2098,440,2278,254,113,133,1194,4704,45,994,60,1186,119,868,2041,414,1223,91,1662,1212,650
2099,281,3000,741,90,90,849,5645,62,504,62,688,476,1043,1561,126,1604,36,1586,1098,483
2100,129,1339,168,170,84,524,2555,13,920,19,403,247,413,1161,56,633,6,603,525,222
2101,513,3575,549,305,84,1138,7197,356,1027,79,1618,547,1405,1791,341,2513,27,1846,1022,455
2102,461,2105,761,170,339,1490,10240,128,3246,79,1926,1117,1255,2587,350,2444,38,2176,1686,760
2103,870,10128,1736,469,370,2636,18729,166,2423,124,1787,339,2965,2839,726,5030,99,3779,2194,1302
2104,181,1068,403,278,48,1107,2696,59,1284,119,938,288,900,715,147,1181,64,939,547,219
2105,552,3122,871,328,399,1210,6750,237,2854,151,1769,676,1351,1765,141,2768,70,1543,877,692
2106,212,1877,561,179,3,727,2199,120,1508,29,805,414,613,1292,128,879,9,1065,522,304
2107,597,5278,802,224,57,862,7058,130,2942,30,1526,535,1099,1553,190,2106,37,1615,1025,356
2108,323,2872,323,79,71,661,5077,9,694,56,1078,110,1337,1248,58,1527,30,967,1168,680
2109,381,3627,303,131,273,1333,8962,238,1679,56,1055,433,1615,1845,529,1214,0,1661,943,576
2110,534,5797,124,149,382,1744,11219,23,1225,129,1740,300,1833,2649,455,2436,92,2259,1267,508
2111,180,1557,154,92,116,604,1520,9,981,38,734,265,568,1051,102,409,8,631,281,149
2112,81,848,230,33,41,201,2023,38,521,17,368,184,413,448,106,578,2,519,372,85
2113,105,647,186,38,41,233,1382,54,385,13,235,99,325,408,134,484,1,176,144,74
2114,253,3098,701,167,396,864,8441,150,2724,37,1208,729,1221,1132,163,1833,3,1408,710,323
2115,168,805,127,137,42,401,1265,11,264,16,470,66,394,667,22,262,8,607,277,120
2116,81,704,306,31,56,221,2183,59,390,7,285,128,257,357,34,404,0,255,194,45
2117,626,5147,1175,66,464,1536,12920,302,3667,80,2072,1339,1985,2742,242,2872,31,1276,1256,542
2118,283,2865,562,188,124,385,3036,32,2014,52,1177,280,587,1176,213,1242,8,1280,448,262
2119,366,4397,1261,216,141,1024,5663,265,1866,57,1649,331,1098,2556,196,1763,17,1810,1124,474
2120,565,5505,1488,222,221,1322,9570,282,1878,35,1986,908,1400,1716,667,2133,14,2553,1300,458
2121,26,432,124,122,43,365,1391,3,619,5,433,124,478,346,15,355,26,440,279,166
2122,507,5719,1658,473,610,2111,11736,85,3312,138,2981,1172,1895,2310,441,2438,36,2726,1673,617
2123,112,1061,291,66,141,566,2241,81,703,14,475,327,475,790,182,638,3,648,182,199
2124,325,2545,944,138,232,896,5767,85,1139,92,1274,217,1052,1263,89,1699,22,1201,624,324
2125,610,3848,842,286,115,1005,7248,41,1294,40,1163,389,1028,1716,296,2084,39,1853,1067,574
2126,297,1135,251,152,85,861,6001,2,1037,86,1560,178,1258,1459,115,1022,81,1319,562,517
2127,203,2747,315,226,149,918,6266,105,795,41,699,410,1109,1820,233,1882,8,1526,1111,320
2128,235,1383,258,133,172,409,4707,70,1249,33,787,408,672,563,227,531,19,650,328,224
2129,461,5133,1066,260,451,1348,7885,185,4265,168,2504,1211,1820,2687,438,2709,35,2289,1268,876
2130,713,7531,1089,348,404,2485,9465,297,2360,159,2720,877,1994,1503,632,2267,22,3559,1786,982
2131,262,3036,441,241,214,1460,7954,80,2341,163,1199,780,557,1789,92,1655,0,1316,885,476
2132,339,3880,686,487,490,1807,9258,84,1692,112,2100,1313,1770,1458,216,2655,93,2539,889,739
2133,104,1015,115,34,44,415,1500,1,287,27,537,51,280,410,16,416,3,574,244,154
2134,600,4945,731,343,243,1508,11157,255,1219,7,1500,202,1514,1808,428,1870,6,1719,855,285
2135,587,5221,960,249,116,1313,9413,82,1597,79,2177,443,1750,1750,223,2272,38,2136,435,541
2136,776,5982,908,362,493,1948,11257,151,3825,66,2357,1538,2433,2899,455,2296,93,2895,1951,976
2137,331,6559,915,289,391,2115,10718,87,2351,147,1768,1196,2071,1687,595,1438,57,3044,1564,864
2138,259,2254,475,191,543,1265,6133,5,2733,27,1196,997,1318,1031,282,2349,99,813,631,501
2139,353,3400,363,62,319,674,5977,26,1223,58,860,955,1012,1156,80,420,55,836,597,238
2140,445,3839,780,283,207,1345,9374,440,1599,119,1875,55,1813,2053,231,2028,13,1855,1584,668
2141,236,2153,258,123,35,874,1826,20,755,13,822,201,625,1259,93,857,68,844,572,185
2142,277,2099,133,76,191,742,4697,83,1507,19,1014,505,870,1086,171,1341,9,1318,331,399
2143,249,2806,954,205,681,683,10286,97,1791,39,1650,484,1073,1387,479,1231,43,945,813,501
2144,319,2433,580,132,88,927,5767,19,88,32,682,128,1100,1563,213,1601,55,1058,879,228
2145,334,4278,689,288,268,1136,9644,165,2500,162,1490,854,1799,1909,332,2038,0,1743,1122,686
2146,303,1755,525,190,59,649,4518,88,912,104,1344,254,991,1458,160,1293,21,1083,748,329
2147,200,2361,282,137,203,762,4788,119,1063,57,1227,409,1266,993,227,819,112,1005,803,286
2148,174,2621,354,196,130,1041,5653,71,676,55,1302,387,608,1645,277,1455,54,648,765,379
2149,317,3939,485,227,4,1139,7325,180,1225,4,1812,223,1251,1784,470,1537,126,1001,1598,531
2150,193,2916,430,193,208,493,3481,34,881,14,1230,169,880,1908,280,1206,21,1317,843,335
2151,124,1166,265,41,18,301,1468,54,496,25,433,50,565,345,47,508,0,408,379,125
2152,304,2596,344,174,447,943,6911,121,2229,5,1214,662,1050,1785,78,1677,22,1142,853,476
2153,267,2670,425,99,251,740,3241,27,1484,61,779,142,875,1293,156,1285,20,1005,569,436
2154,237,1763,81,138,180,435,2480,31,1447,5,757,269,591,645,123,937,6,825,663,249
2155,170,2282,544,114,176,551,2805,30,2200,11,643,296,1202,1352,181,1301,69,1444,907,392
2156,496,4466,910,30,390,1061,7006,130,2918,39,1252,411,1287,1734,386,1836,22,1991,356,481
2157,557,6010,898,291,479,1805,11415,92,195,136,2384,654,1725,2712,576,2594,68,2574,1285,762
2158,130,564,110,39,27,216,1295,26,533,14,183,98,269,297,61,173,6,334,145,55
2159,71,632,62,85,19,188,1520,4,645,5,405,183,288,487,35,381,12,236,211,82
2160,149,1926,522,194,330,366,5196,239,1037,0,752,942,882,1411,245,119,4,1000,495,273
2161,126,1655,358,88,22,584,3480,28,179,12,774,159,616,1097,42,770,18,956,517,200
2162,690,4772,1408,230,224,1123,9622,386,1418,151,1488,521,1303,1858,285,2008,15,1058,1356,354
2163,299,2542,277,154,50,961,4635,17,740,41,1270,231,926,1587,159,1157,7,1387,811,483
2164,93,844,92,31,54,432,1127,1,434,19,364,120,249,466,75,287,20,387,279,151
2165,217,1614,533,115,189,448,3819,70,1158,7,833,542,735,807,97,945,3,693,341,197
2166,462,4836,1165,205,452,1709,10482,391,3361,77,1031,918,1972,2449,579,2260,25,1963,1264,472
2167,74,1386,344,37,123,312,2026,66,491,16,735,15,398,635,20,730,12,322,227,238
2168,191,706,177,60,66,300,1171,2,214,11,413,41,298,615,35,416,3,417,342,88
2169,521,4577,854,122,3,1749,5791,14,1590,26,1651,737,1286,2599,172,2666,4,2333,1649,541
2170,36,1102,288,58,104,295,1654,57,346,12,515,25,258,558,39,570,12,236,229,160
2171,33,594,98,31,35,257,1763,23,334,19,219,54,192,371,70,289,0,175,184,84
2172,137,996,257,73,58,310,2522,87,909,27,391,286,385,618,147,658,1,527,309,125
2173,104,713,175,116,1,205,2027,1,881,28,615,147,494,543,19,719,8,374,102,248
2174,362,3778,987,42,234,1275,8230,295,1256,134,1521,399,1708,2212,471,2458,39,1303,1223,671
2175,709,6744,1669,282,511,2067,13277,261,1597,135,2989,849,2466,3446,433,3223,32,2741,1686,643
2176,304,3114,531,129,87,1074,6360,57,1249,143,1443,203,884,1938,180,1989,56,1812,937,583
2177,203,1148,225,114,0,520,2090,6,438,35,652,72,412,1000,22,530,45,527,360,93
2178,452,4678,1091,336,208,1562,6555,82,1788,77,1511,480,1481,2401,308,1858,101,1438,1227,408
2179,453,3273,738,194,98,55,4394,105,2338,14,1058,676,1175,1837,308,2284,89,1070,882,427
2180,472,5107,1454,196,1,1445,11189,207,1198,63,1245,213,1334,2043,260,1993,45,2129,1239,381
2181,256,622,788,197,174,692,5174,106,2419,36,1379,805,1485,2217,129,1827,33,1109,648,570
2182,53,686,53,69,0,328,1391,15,280,21,470,35,302,626,16,335,8,461,481,89
2183,265,715,204,0,193,960,5378,26,942,29,680,326,1113,1143,142,1637,32,1337,948,335
2184,540,2870,632,374,191,1935,8541,281,1632,62,1566,7,1128,2694,595,2474,74,2506,1591,750
2185,72,556,250,18,48,178,1688,55,295,2,249,100,171,298,29,357,0,240,187,42
2186,360,3909,1289,273,712,1158,8008,265,1138,114,1527,702,1773,2256,83,2525,21,1138,894,440
2187,245,3471,1233,141,590,1312,7218,44,3087,125,1576,538,1677,1815,525,2295,21,1332,1143,560
2188,631,7225,1531,48,599,1777,14145,415,3952,128,2113,1644,2288,2858,793,3509,10,3387,1486,1193
2189,415,2660,706,189,208,1052,5601,109,2486,67,1326,759,1123,1471,221,1521,70,679,766,405
2190,452,3299,830,340,607,523,8544,144,2797,51,1406,705,1257,1957,427,1500,86,1917,531,476
2191,106,692,178,80,23,353,763,5,226,23,383,32,284,493,10,322,10,262,246,106
2192,286,2498,361,209,98,953,3136,62,944,57,855,23,1024,1686,230,1328,45,965,798,259
2193,271,2015,233,144,92,337,3088,16,1547,108,1196,345,494,1463,50,716,10,1397,508,383
2194,1231,4346,1347,279,404,2110,7014,1069,2957,99,3080,721,2581,3008,429,4007,45,3250,1800,819
2195,303,2122,479,113,396,926,5859,34,1265,27,761,497,642,1441,122,1191,22,1400,459,154
2196,140,1727,489,182,129,518,3185,16,1435,6,643,313,516,891,73,1098,21,716,541,148
2197,667,5200,605,359,162,2000,9861,131,2944,126,2140,960,2225,1756,422,2206,92,2669,1556,580
2198,228,3701,696,282,384,1283,7033,123,1323,45,1182,498,1594,2363,292,1965,19,983,874,481
2199,378,4017,930,243,186,1471,9309,346,2720,96,1507,1097,1325,1855,374,2019,0,1774,484,518
2200,418,3118,760,250,212,1709,4508,208,2641,53,2092,1005,1531,2152,327,2256,47,1695,1372,725
2201,142,1256,263,156,28,569,3348,14,953,40,716,191,713,979,37,564,30,690,807,246
2202,281,1896,609,236,26,325,6486,148,2086,29,952,277,888,1542,305,685,43,1082,660,462
2203,389,4383,444,122,292,890,7974,106,1085,52,1599,218,1342,1624,168,1050,95,1717,1115,625
2204,590,4862,1088,188,6,1376,9647,222,1125,57,995,728,1402,2171,144,2536,14,1996,1053,442
2205,360,3953,878,236,329,1346,7551,230,1064,50,1602,240,1068,1551,289,1765,35,1385,841,566
2206,158,1293,271,63,80,338,2684,28,1102,21,468,316,684,895,166,548,8,476,386,258
2207,152,3147,533,71,103,1041,4588,88,873,17,1068,388,862,1551,123,742,25,1105,964,361
2208,88,913,185,61,50,285,1268,10,327,15,413,45,361,456,65,438,7,455,434,103
2209,484,3098,431,166,332,813,7473,12,1671,64,1155,92,827,1700,106,1472,22,1647,702,574
2210,84,625,399,39,80,168,1945,49,776,27,260,260,316,426,92,252,0,606,227,93
2211,110,1793,319,137,32,494,4425,60,693,14,726,284,513,1174,186,977,2,849,628,122
2212,635,4151,537,283,413,1381,9090,157,2877,89,2006,911,2103,2048,503,2303,47,2156,1395,1024
2213,114,866,261,254,138,612,1958,12,775,47,700,141,484,773,24,588,7,860,370,215
2214,622,5537,960,418,317,1934,11516,184,2163,148,2198,925,2087,2888,191,2397,93,2971,1374,967
2215,595,5375,739,297,569,1896,12315,279,2921,166,1497,908,2329,3488,334,3409,21,3354,2050,656
2216,315,2437,116,120,245,799,2512,20,1699,56,1150,307,642,1107,206,991,38,1012,723,215
2217,331,6147,874,104,723,1565,4356,420,3768,132,2532,954,1322,2865,330,2399,24,2411,694,787
2218,132,1824,278,109,110,732,3171,44,1491,56,952,314,695,1154,24,1062,53,1137,773,189
2219,425,3666,871,298,211,730,6879,169,1016,127,1576,212,1295,1822,158,2218,24,1515,1238,537
2220,111,1403,202,94,67,281,3485,64,1083,47,655,100,715,794,118,599,27,799,333,111
2221,79,822,224,14,5,111,1837,6,494,4,218,173,296,477,21,478,0,361,254,50
2222,353,4387,320,313,365,1028,10088,10,3517,81,1760,1415,1464,2100,363,2383,87,2309,888,755
2223,146,1090,227,89,1,266,2018,39,502,20,349,125,433,567,78,545,27,450,300,192
2224,65,1740,202,99,155,601,3557,14,1684,64,489,255,793,842,117,809,14,837,375,198
2225,201,2001,416,113,104,831,3098,96,1761,11,832,530,487,1399,75,1353,0,1034,327,109
2226,349,3621,573,292,239,601,5174,59,2178,65,1688,316,1215,1818,304,2223,144,2131,917,700
2227,319,3115,293,279,155,905,5525,8,277,48,1077,145,1160,2155,123,1840,18,1569,1278,337
2228,259,1364,187,43,47,466,1170,3,134,36,296,74,523,754,89,686,10,406,238,208
2229,66,620,228,20,44,202,1604,75,286,6,266,75,214,331,30,416,2,249,187,55
2230,158,831,111,129,0,504,2342,12,651,20,818,99,589,1061,27,876,34,879,599,241
2231,99,1698,800,310,224,1059,8164,153,1526,69,1857,283,1402,2417,304,2013,35,1944,883,543
2232,292,2982,772,144,105,1004,6816,54,1348,94,1438,158,972,1651,175,1302,35,1468,545,194
2233,452,4381,713,337,659,1379,4502,59,3047,56,1860,1154,1529,2389,464,1709,137,2223,784,545
2234,354,3714,675,184,244,1119,6222,93,2042,98,1257,400,1333,1886,106,1923,17,1794,1118,598
2235,119,714,100,35,66,183,1024,6,620,31,455,48,306,378,25,277,24,344,205,176
2236,61,456,142,79,37,235,1475,81,577,15,444,109,345,571,9,494,17,540,263,149
2237,566,4286,780,246,429,1606,9824,3,3445,184,1592,1129,1801,2384,543,2584,0,2279,1094,622
2238,313,3562,483,164,186,955,7572,105,1461,65,1137,526,1298,2088,354,1744,21,1591,1234,234
2239,305,2412,702,156,238,521,3759,53,2127,21,968,481,786,1935,124,1475,25,1216,420,271
2240,100,1473,401,104,73,542,2797,92,973,26,596,440,676,997,158,733,9,740,407,270
2241,517,5474,608,282,279,1264,11291,304,3413,85,1517,242,1271,1989,485,784,13,1617,641,676
2242,626,4356,852,344,228,1414,9152,164,1432,242,1187,505,1722,1960,576,990,36,2033,1777,490
2243,500,6379,1767,410,448,257,15863,526,4127,127,2125,2234,1617,1559,755,2741,24,2603,988,658
2244,427,3093,533,307,156,1292,5836,98,2713,80,1517,529,1498,1826,262,1610,59,1931,816,583
2245,238,5691,886,275,329,1757,6765,332,1864,47,1838,349,1805,2764,304,2820,73,2533,1472,665
2246,227,1162,336,129,4,570,2468,7,399,42,581,137,740,755,99,958,61,803,647,270
2247,135,1780,331,164,134,903,4008,11,737,41,510,197,757,762,154,973,24,1018,352,337
2248,412,4955,752,238,488,1584,10330,285,2331,102,1462,471,1345,2345,557,2865,66,1973,1426,808
2249,946,9238,1939,532,645,3063,20002,364,3643,268,3229,1431,3682,4708,1080,4556,56,3919,2803,1326
2250,152,2136,285,44,126,521,5021,283,696,5,762,293,601,874,90,529,6,839,683,223
2251,218,1128,264,65,116,431,1470,24,461,31,454,154,383,551,20,296,10,848,294,237
2252,430,4585,715,228,294,1714,8353,308,916,52,1949,1039,1824,2254,276,2767,56,2156,1683,443
2253,401,2659,873,100,9,765,7209,207,921,78,1475,591,1302,1991,219,2221,16,1428,1209,556
2254,387,3481,639,169,275,971,6817,28,2306,97,1150,591,1139,1071,255,1766,4,1314,979,363
2255,235,2753,428,93,244,608,2935,46,1623,80,1264,440,985,1019,106,1366,27,1403,931,414
2256,466,3343,545,203,270,501,4979,146,2238,27,1444,782,1101,1783,371,1073,34,1002,742,257
2257,432,3511,868,242,432,1278,8742,275,2938,56,1646,879,1709,2115,514,2106,61,2153,1081,610
2258,161,2225,395,40,75,573,2734,173,1330,26,785,443,675,954,73,1075,8,982,508,176
2259,92,852,109,26,47,302,1725,21,215,23,314,52,448,485,102,321,8,304,149,180
2260,573,3846,1127,165,337,494,10325,571,994,47,1719,747,1299,1653,134,2123,10,1475,809,310
2261,675,5404,979,258,96,1153,7812,123,2090,258,1789,702,1874,1579,343,2272,72,1933,1896,637
2262,175,1585,300,186,72,642,3254,22,1606,65,1147,303,684,1085,102,946,9,806,489,267
2263,890,5737,1107,302,475,1528,12250,585,3680,199,2177,885,2351,1887,433,2724,85,2252,1951,869
2264,271,2924,478,235,167,771,5592,48,799,93,1120,495,701,1645,197,1439,35,1118,489,239
2265,104,760,187,102,39,364,646,18,702,17,518,143,291,575,12,206,9,392,302,171
2266,173,604,212,86,50,342,2013,31,363,1,116,94,443,922,44,368,39,530,315,190
2267,680,6253,1058,267,302,1695,12386,39,1676,65,1978,719,1800,2164,676,2755,97,2711,1037,689
2268,483,3072,1324,244,792,973,6804,308,2879,73,2616,1100,1568,2516,359,1656,0,1470,1394,575
2269,89,760,113,84,54,372,1128,8,637,40,243,61,204,746,26,431,31,232,194,65
2270,432,3255,684,122,215,789,5892,4,658,7,1318,36,616,679,152,1060,13,883,592,279
2271,902,6529,1580,385,458,2640,15439,147,4360,115,2482,1186,2641,3521,290,3709,85,3370,2220,909
2272,468,3823,701,193,103,1105,9286,392,1526,120,1222,360,954,1869,464,2019,36,1791,601,490
2273,217,858,386,232,103,678,4215,4,830,80,701,136,762,843,52,856,34,1187,839,229
2274,586,3061,433,262,347,1191,6738,417,1257,54,2005,461,1460,2383,348,2103,30,1822,1111,414
2275,290,1748,215,41,77,685,4208,2,834,37,1484,335,940,983,196,1026,30,1150,651,190
2276,803,4162,1108,315,494,1067,10455,63,3164,47,1985,1265,1974,2167,530,2551,23,1954,1128,434
2277,293,2858,540,138,190,1365,5509,205,2335,74,1553,971,1371,1587,334,1479,31,1330,1203,329
2278,153,1877,326,148,87,881,3734,63,86,9,988,144,567,1200,39,1314,59,732,988,222
2279,217,2683,488,198,326,437,4342,69,1807,42,753,456,949,1272,237,1558,10,1502,535,190
2280,925,7353,1213,494,361,2124,16909,30,4824,234,3367,1047,2379,4397,575,4491,158,3470,1787,1361
2281,577,4141,984,310,383,1352,11518,463,3375,67,2000,1226,1463,2102,235,2031,6,1876,1254,447
2282,289,4075,852,243,192,1500,9879,260,1660,76,1661,395,1055,2011,284,2396,21,2044,1170,590
2283,129,2495,357,196,69,701,4829,50,1087,14,911,623,1138,1237,132,963,57,778,932,256
2284,138,1462,276,144,123,609,1639,16,1068,37,838,245,445,767,126,596,7,682,384,334
2285,172,2056,507,110,120,419,2961,39,747,54,1133,275,724,723,276,1155,107,1157,686,252
2286,693,3835,943,282,14,1451,4929,41,1438,152,1437,1004,1388,1837,202,2015,39,1914,1099,568
2287,381,4546,465,237,244,1077,7413,220,1496,80,1780,624,1095,1732,422,1589,0,979,1547,582
2288,219,888,384,131,56,809,2725,78,1469,90,769,269,694,998,193,598,40,891,502,244
2289,463,2637,815,126,202,1180,7565,46,2652,51,1551,570,940,1837,342,2211,28,1670,923,367
2290,541,4796,627,316,259,1328,7900,139,1443,47,1488,583,1362,2416,396,2680,100,2054,1485,528
2291,108,366,169,52,73,177,969,0,263,1,254,67,316,215,164,500,1,584,184,114
2292,595,4228,934,225,271,1174,5071,245,1526,32,1589,300,1507,1627,271,1984,21,2146,731,189
2293,583,4488,1178,14,685,1006,11662,337,2911,30,1879,1417,1541,2256,287,2596,3,2078,1333,177
2294,426,3667,718,172,109,957,7989,157,1111,59,772,394,1265,1480,199,1600,21,1563,978,296
2295,242,1482,228,107,86,320,4045,26,1557,15,741,410,584,820,129,1053,22,776,850,143
2296,238,2402,501,179,126,778,3974,119,1590,47,1201,597,1093,1431,88,1155,60,1156,762,434
2297,105,816,202,157,26,567,1954,22,386,20,618,93,431,754,19,520,22,501,341,115
2298,522,3391,846,236,462,1638,10327,312,1762,103,1763,872,2015,2627,485,2560,72,2628,1230,992
2299,486,3176,307,177,233,530,3814,14,983,77,1308,277,907,1418,217,1408,34,1074,594,385
2300,423,2469,533,302,316,1595,7571,371,1168,140,954,360,1439,1796,439,2349,30,1952,885,702
2301,397,3539,387,245,143,1496,7086,131,2650,19,1826,905,1564,2097,388,1351,67,1638,571,295
2302,192,1434,588,62,58,445,3768,43,1172,21,791,331,696,663,167,894,14,765,437,248
2303,203,1580,252,68,102,764,2516,20,395,52,707,21,349,832,11,673,47,750,360,327
2304,86,789,70,161,85,324,1270,9,344,29,310,21,382,589,41,318,6,533,406,162
2305,792,4748,947,163,449,1414,7724,273,4244,57,1635,350,1790,2775,192,1998,23,1117,1093,287
2306,202,2582,811,44,140,518,3769,61,1946,26,279,439,921,1220,81,1272,7,827,821,185
2307,399,2257,683,130,138,386,5641,67,918,56,1188,184,901,1324,232,1397,10,1161,838,220
2308,285,3534,131,173,361,1185,5622,14,1015,106,592,328,1219,1549,43,1559,43,1418,924,522
2309,724,6104,783,218,274,1611,14153,199,3566,76,2808,1503,2454,2208,706,1739,93,2684,861,754
2310,246,1790,454,18,46,427,5224,7,776,46,555,224,401,1149,200,780,14,884,439,206
2311,819,7822,1270,241,810,1666,17613,293,3197,67,2656,597,2690,4503,542,4199,13,2890,1614,1024
2312,95,981,191,92,45,382,1707,4,50,18,366,72,447,501,36,519,28,462,400,230
2313,336,2662,698,163,180,1333,6109,3,2714,116,547,1027,1360,2301,208,720,70,1799,652,496
2314,558,6640,1587,381,526,2096,11842,387,4183,99,2781,905,1797,2512,555,2791,49,1017,1667,726
2315,259,2774,643,173,85,688,7471,0,2481,3,940,754,999,1006,230,1960,12,1576,414,488
2316,141,608,140,83,1,345,1703,1,498,34,478,186,319,828,7,376,14,175,220,110
2317,127,840,112,108,75,445,1813,4,652,25,629,227,472,469,29,540,40,517,300,85
2318,519,4613,1118,163,492,1358,9986,134,1979,87,1479,1280,1441,1964,394,930,16,1695,1610,438
2319,128,712,63,85,18,232,1063,5,617,14,281,72,288,363,7,278,20,436,140,111
2320,258,1280,366,189,102,529,5241,55,1357,15,696,505,667,973,185,1220,5,1070,284,174
2321,782,9714,1403,501,474,2606,17906,283,4671,220,3507,1293,3140,4995,1105,3579,107,3060,2049,934
2322,129,2706,550,273,316,764,4462,49,2231,83,1177,785,1256,2252,251,1516,62,861,1130,333
2323,269,2798,405,159,111,760,4367,38,1064,49,945,296,890,1252,263,1379,40,1044,705,393
2324,594,5199,551,231,306,1367,12028,247,552,71,2770,1136,1609,1926,418,1604,46,2486,1296,570
2325,541,3554,1227,85,183,1348,6977,62,1210,89,2045,559,1861,6665,275,1736,32,1599,1841,666
2326,148,1433,618,214,307,1209,6017,105,2193,30,1368,464,1008,1317,131,1582,5,1089,693,439
2327,243,2755,472,225,236,1022,4763,67,1900,26,1273,468,690,1515,206,1353,72,656,649,422
2328,352,3220,376,224,308,1126,5808,35,2026,43,1084,377,1047,1592,266,1311,68,1581,735,277
2329,520,5227,916,420,259,1396,6617,284,2893,133,2457,1085,2013,2563,193,2461,28,2640,1411,879
2330,167,4373,804,229,123,1097,8019,34,181,40,1520,471,958,2021,329,1420,47,1325,843,190
2331,253,1364,126,119,52,385,2733,212,438,27,306,139,372,738,149,586,8,468,254,67
2332,1484,13307,3057,737,1111,4322,32356,464,6393,380,5682,2643,4912,6507,1235,6684,102,6670,4262,1969
2333,345,2384,466,140,0,841,7245,389,1025,35,1149,230,1214,1665,154,1192,9,969,1027,288
2334,517,6303,928,266,379,1586,12896,59,1750,92,2060,691,1430,2180,543,3028,102,2116,1636,399
2335,443,5183,1181,228,225,1441,11848,383,1494,59,2093,2,1691,2055,385,2771,12,2093,1215,685
2336,389,3319,235,188,479,904,7168,7,1095,12,1074,726,662,1257,258,1540,7,1873,1104,557
2337,264,4149,1166,244,191,1383,8617,247,2777,194,1842,1043,1607,2250,122,2359,33,1861,1348,411
2338,839,5114,986,301,273,1943,15157,498,2515,201,2478,825,2425,3162,103,3571,60,3101,2257,1122
2339,129,484,236,93,37,385,1598,9,677,15,536,216,504,654,41,243,3,508,175,168
2340,213,1724,324,124,86,348,2127,26,1217,16,646,400,608,835,293,972,5,820,422,109
2341,244,4337,736,239,203,1770,6263,109,1587,82,1452,432,1541,2076,466,2155,90,2073,1225,725
2342,119,1184,139,154,48,531,2676,26,286,2,718,42,567,782,73,265,10,554,331,170
2343,455,4894,639,2,378,1697,10472,326,1282,71,878,3,1810,2600,9,2538,63,1580,1088,554
2344,452,4371,606,176,183,1677,8420,133,1700,69,1809,374,1994,2144,248,2414,71,1607,377,774
2345,86,564,72,92,33,379,982,5,272,7,261,36,477,307,22,257,0,303,145,164
2346,301,4532,1008,94,128,1024,9868,191,1380,36,998,536,1744,2065,158,2110,35,1873,751,229
2347,156,2582,213,254,104,858,4200,13,1175,79,949,162,971,803,211,996,43,894,747,517
2348,345,2272,1092,271,645,1173,10500,595,3301,81,1480,1893,1704,2402,133,2397,10,1763,1098,537
2349,150,870,83,100,49,236,1491,8,809,45,192,175,337,462,27,284,33,602,398,70
2350,569,5151,1572,249,722,1464,6039,282,3439,94,1431,546,1665,2165,500,2213,18,2364,835,414
2351,374,4525,733,141,648,894,10377,48,3436,74,1685,1457,1717,2119,461,2332,3,1969,1186,300
2352,422,4583,1122,222,91,1345,9687,93,1180,0,1782,532,1687,1898,301,1533,19,1862,1443,547
2353,442,6369,1451,355,1014,1345,14949,256,4217,23,2772,859,2181,2452,534,3363,30,1629,621,778
2354,87,4,264,48,79,440,1974,0,4,94,443,4,691,3,16,594,29,982,682,401
2355,149,1757,336,96,73,300,1690,4,1142,0,855,366,709,783,102,752,23,368,606,227
2356,218,1120,431,71,136,537,2824,6,1105,33,645,32,730,846,29,564,3,460,456,230
2357,367,5635,891,229,221,1519,7695,279,1989,52,1515,202,2122,2130,315,2461,93,1791,1711,504
2358,81,1972,348,138,39,652,3191,33,570,101,777,183,906,1007,97,1104,56,785,228,375
2359,198,1438,715,141,203,1033,5397,61,943,37,1153,201,558,1602,102,1475,25,1066,798,83
2360,555,3486,703,245,259,1230,5150,144,1319,53,1261,609,1387,1032,436,1836,14,2357,585,355
2361,436,4295,1202,143,162,1048,9545,380,1685,63,1476,382,1823,2035,290,2129,22,1022,705,406
2362,142,394,20,112,94,416,2711,5,966,28,595,221,611,775,47,800,34,273,512,236
2363,6,3151,533,122,12,720,3663,13,475,13,1102,191,970,664,77,1354,0,385,495,375
2364,154,1391,206,86,23,460,2995,21,417,24,548,0,530,665,68,453,2,540,481,157
2365,309,2151,561,100,136,541,5425,121,899,48,1018,320,697,959,76,1346,35,1091,775,232
2366,470,2055,778,271,270,1093,9355,492,1531,40,1176,668,1496,2153,269,2003,8,1824,1409,191
2367,763,7206,1435,225,449,2003,13868,481,2811,44,2062,606,1700,3063,432,4281,22,459,1969,984
2368,1627,16204,2647,576,1308,4632,20528,783,8650,265,5738,2087,5334,7396,1431,4944,86,6859,4438,2226
2369,80,681,300,37,66,194,2099,85,415,4,301,125,228,382,40,378,1,261,207,50
2370,279,1861,222,62,185,722,4722,77,1501,39,953,536,1027,1076,206,1378,41,875,472,316
2371,700,7733,1509,450,348,2268,12571,15,4093,212,3032,1507,2673,3033,555,3096,33,3547,2071,704
2372,262,2184,466,90,258,593,4838,190,1535,50,494,461,681,952,150,1015,3,1136,643,244
2373,642,7665,1486,270,248,2221,15863,859,2844,13,2539,783,1926,3042,733,2800,32,2301,2278,854
2374,479,6377,1534,315,563,2425,13154,587,4473,91,2537,896,1883,3014,254,2997,6,2241,1462,455
2375,354,1053,470,136,0,724,4223,6,607,46,326,32,994,1018,136,1107,72,1061,246,333
2376,496,4983,1112,183,124,1578,10964,135,1071,71,1848,183,1313,2191,378,2227,21,1050,1438,382
2377,478,4028,956,217,214,1691,8133,7,2420,69,1802,752,1721,2242,105,1618,81,1985,1357,339
2378,421,4790,930,270,383,1246,9782,227,2561,66,1153,762,1314,1836,352,1948,29,2018,575,292
2379,265,1851,213,94,268,650,2466,38,1479,51,662,565,683,1138,105,600,2,1146,434,297
2380,756,4282,1046,546,447,2141,10801,311,3825,209,2303,1263,2329,3402,400,3360,148,3301,1840,1126
2381,80,2073,195,99,198,587,2465,20,1203,22,1010,487,846,901,91,446,15,847,413,355
2382,295,4829,1354,146,452,1025,12631,215,1509,27,1758,733,1379,2840,433,1934,37,2588,1887,496
2383,541,5149,1284,262,289,1756,12111,118,1737,27,1893,525,1535,2446,226,2831,77,2848,1447,424
2384,128,869,128,150,88,256,1877,23,468,1,472,208,233,727,122,489,16,559,272,168
2385,297,4396,434,196,220,1007,5713,47,3067,25,2192,604,1340,2519,281,2514,24,1594,840,576
2386,271,1257,121,147,82,640,753,3,727,7,783,190,484,1082,56,687,27,872,439,279
2387,243,1787,419,143,98,727,5235,51,857,36,845,361,894,1539,258,1267,23,1123,303,351
2388,703,4868,866,279,754,1014,12514,53,2168,79,1747,489,1715,2567,523,3031,12,2427,1524,554
2389,358,3344,864,185,116,563,7321,245,818,34,1125,309,1095,1717,177,1566,6,1380,1030,274
2390,117,728,186,83,19,241,1613,33,198,18,308,74,180,398,51,336,7,392,220,120
2391,332,2790,501,235,180,1215,4932,11,2477,65,1254,703,1394,1960,163,1734,25,1794,956,565
2392,447,2342,624,234,268,977,9390,280,2442,135,1369,1059,1370,1723,298,2440,48,1848,887,683
2393,888,6185,1606,265,76,1734,14203,477,2597,138,2399,41,2378,3525,751,2966,49,1849,1407,778
2394,393,3374,658,230,432,1142,8495,134,2165,61,1685,439,716,1253,294,2140,31,1607,889,189
2395,198,2189,497,217,72,758,4130,24,840,10,957,197,970,1042,179,958,84,962,996,344
2396,350,2398,647,218,51,815,3196,11,702,64,1105,57,916,1386,124,1187,4,1010,960,291
2397,598,3919,346,164,377,1418,9206,140,1620,56,1419,723,1544,2420,120,2322,17,1883,1453,294
2398,146,2118,414,224,179,670,4907,42,1394,69,996,448,868,844,261,1098,4,1392,857,332
2399,220,3501,550,286,124,1079,6936,14,1624,156,1572,548,1495,1959,180,2134,80,2099,921,542
2400,78,668,242,20,50,184,1823,44,341,2,223,92,214,343,32,367,0,263,213,44
2401,391,2578,499,211,131,881,2880,39,2146,77,947,456,994,808,178,1273,16,698,578,405
2402,62,802,117,91,36,383,2011,44,634,33,531,222,298,589,22,461,41,474,314,147
2403,245,2725,724,225,40,1109,1455,29,1029,49,1302,498,1117,1144,228,1224,57,921,905,51
2404,66,397,166,12,9,239,1586,22,220,24,320,61,215,512,94,208,5,395,238,84
2405,602,5552,583,296,125,1644,11428,486,2056,139,2026,1008,1750,2958,481,2448,54,2501,1939,685
2406,351,4072,773,261,160,1422,9232,195,2878,118,1467,775,1850,2043,250,2401,57,2078,1195,671
2407,444,4007,528,359,203,1210,6380,54,1421,154,2074,760,1479,1744,430,2018,68,1820,878,507
2408,310,3122,552,171,300,1165,5539,21,2178,23,991,514,1028,1430,66,1236,54,1265,620,310
2409,40,723,176,56,12,91,878,57,389,14,382,132,301,479,11,175,5,376,154,104
2410,376,4835,818,287,333,1378,10553,228,3115,91,1706,781,1284,2278,297,1778,15,768,1136,520
2411,44,980,160,84,28,351,1676,5,884,34,402,113,366,602,46,521,18,556,256,123
2412,14,866,83,58,54,394,1108,2,248,18,495,82,240,465,40,420,16,398,222,117
2413,792,7646,1239,326,846,1910,13043,146,3182,159,2566,935,2849,2584,929,4522,48,3978,1103,849
2414,248,2637,50,184,117,747,3459,36,561,30,584,129,648,1202,116,1182,46,1220,678,209
2415,205,1675,371,106,20,561,4405,3,413,30,867,183,817,1147,103,696,77,766,768,470
2416,277,66,531,54,89,606,4241,66,1619,59,911,522,499,1082,111,1037,20,1264,921,357
2417,123,3453,457,213,96,409,3425,177,1401,35,726,27,904,1477,368,1505,33,1606,503,539
2418,436,4213,440,296,373,1032,8263,81,1289,137,1249,608,1416,1464,271,2118,29,1330,516,452
2419,140,1952,271,191,123,469,4535,120,811,91,1185,320,614,923,177,1131,9,958,1183,353
2420,102,2114,539,162,156,688,3686,31,1734,34,959,346,960,1385,55,1380,25,842,1077,199
2421,553,5186,1090,175,584,1309,10632,29,3766,150,1742,1252,1592,2065,454,2088,0,2110,1190,763
2422,261,2872,514,180,317,851,4979,88,966,36,904,289,1098,1190,242,1656,36,302,731,473
2423,184,2911,426,262,0,871,4364,32,446,66,1171,371,1091,1323,208,1053,87,1526,808,476
2424,318,3120,822,280,99,1477,5046,19,1358,58,1253,605,1549,1911,302,2285,72,1667,1309,569
2425,443,3173,1017,214,92,1161,9672,156,2569,43,2414,872,1533,2386,243,2113,77,1541,1248,464
2426,1098,8618,1986,528,530,2326,19743,390,4728,128,2735,2191,3265,3052,791,4797,28,4267,2126,1030
2427,187,2923,791,109,187,876,6154,57,993,39,1322,396,893,1521,166,1495,5,1404,522,292
2428,130,1471,236,132,35,740,2752,6,711,57,1085,246,428,1179,66,889,14,1049,565,317
2429,104,1038,287,196,49,552,2825,7,1139,37,1034,287,359,1040,123,730,5,868,264,255
2430,104,286,317,24,51,250,2384,52,897,11,437,197,298,390,76,453,1,432,206,103
2431,1242,9541,1374,829,103,2972,19126,137,3526,298,4662,831,3554,5250,597,5071,134,4687,2543,1406
2432,626,3458,1040,116,223,897,6183,148,1536,13,1669,963,1313,1571,167,2059,0,1613,1498,254
2433,214,2845,939,177,220,941,4762,210,675,29,855,347,1103,1914,290,1269,34,1238,1157,391
2434,307,2235,571,231,114,946,7937,217,2557,0,1028,979,1145,1995,267,1503,26,814,498,497
2435,299,3904,508,338,281,1363,9305,212,1470,54,855,485,1797,3066,354,2870,82,1286,1206,346
2436,6,3918,599,266,9,1223,8314,44,1918,32,1608,975,1149,1657,180,1878,17,1834,884,340
2437,392,1454,515,264,338,1083,2849,32,2028,103,980,646,1322,1113,198,1393,36,1360,1180,420
2438,354,1482,655,143,167,1142,4655,136,1275,44,921,339,834,1210,101,1056,20,1159,1049,453
2439,613,6155,1647,327,273,1778,10421,117,2688,148,1695,450,2093,3248,353,2330,35,3322,1573,599
2440,186,1982,856,221,308,1051,8045,103,2568,76,1671,661,1230,2148,252,1526,36,1513,931,327
2441,177,2643,351,89,70,730,3221,19,773,56,1127,320,1011,1313,106,841,25,1046,679,323
2442,221,1432,190,114,51,625,1731,13,182,40,592,82,633,1078,51,568,70,580,543,266
2443,75,591,264,26,50,186,1761,65,284,3,224,109,179,277,25,350,0,246,199,52
2444,1265,9151,2116,764,962,2958,19798,454,2482,230,3389,1147,4293,6520,860,5957,124,5767,2917,1452
2445,51,783,82,40,19,186,2304,0,250,18,316,23,273,586,46,433,5,397,208,84
2446,524,4672,895,369,539,1280,9959,44,2202,127,1808,460,1264,2707,290,1563,156,2620,1329,576
2447,90,643,269,34,69,167,2012,39,310,3,285,115,239,329,24,386,0,240,170,43
2448,194,2247,414,109,190,693,4761,21,1246,2,913,637,1189,1133,324,1183,35,1269,835,181
2449,414,3694,612,100,460,896,6274,216,2166,46,1375,779,814,1607,364,1378,36,1450,1314,424
2450,226,1552,301,166,67,502,3101,0,822,56,861,197,533,906,71,816,10,635,473,191
2451,363,22,646,192,152,1052,6854,104,1063,63,1480,629,1196,1346,298,1964,16,2057,764,421
2452,87,515,196,41,46,269,1958,7,86,28,356,98,377,442,126,425,13,205,187,106
2453,741,5825,841,337,192,922,12338,334,2502,106,2006,1693,1243,2673,463,1909,59,2072,1241,651
2454,171,1171,203,50,68,410,2305,24,698,24,561,237,557,754,23,466,51,618,380,249
2455,314,4686,1211,283,264,1714,11149,371,3560,23,1964,1453,2072,2554,178,2128,49,1568,1735,684
2456,275,1431,283,154,54,252,2796,9,609,34,803,258,576,1102,33,747,58,762,339,350
2457,551,4148,935,199,150,1071,9500,38,1567,86,1554,657,1792,2080,396,2527,13,2320,1556,420
2458,133,2025,302,192,210,608,4149,20,1278,35,413,471,681,990,161,1026,28,985,413,348
2459,359,1642,326,158,131,683,3758,6,1260,18,1149,149,884,1253,108,986,3,1181,355,234
2460,1450,8415,2118,888,597,3562,21657,1435,6463,221,4552,1661,4909,4615,807,6106,63,5172,2559,2080
2461,181,1791,310,78,51,657,2700,10,225,55,961,45,611,826,62,795,45,672,612,229
2462,510,3552,595,148,232,690,5114,124,2043,61,1436,364,1115,1622,346,1796,35,1694,1384,491
2463,437,3169,325,96,514,969,8905,153,2515,95,1254,666,1466,1951,173,1924,39,1603,660,367
2464,229,1484,310,91,174,712,1449,9,1153,40,539,136,579,884,47,790,12,874,350,291
2465,540,2722,462,230,95,1527,8918,123,1933,49,1870,620,1763,2339,90,2421,61,1349,1348,668
2466,364,2957,630,135,119,926,3938,422,1986,3,1582,1107,1020,1467,417,1122,14,955,405,381
2467,139,1590,196,102,75,472,3441,21,447,44,469,114,588,897,59,751,18,862,576,354
2468,283,2481,608,201,153,1060,5769,116,815,53,1250,477,1420,970,157,1237,64,1385,942,440
2469,209,2317,452,243,141,771,4452,70,1574,30,908,369,968,791,31,1411,28,762,796,304
2470,99,2048,329,188,15,599,2236,17,257,28,340,272,800,1372,108,812,91,818,674,244
2471,793,4860,1191,191,772,1691,10874,175,4493,15,2178,1029,1774,3453,662,3824,35,1892,1042,136
2472,305,3166,522,153,83,1169,6503,70,1068,64,1360,178,1433,1696,97,996,3,1758,810,529
2473,301,2833,791,166,162,1246,6584,84,1402,39,1492,519,1448,2081,181,1952,57,1971,1405,495
2474,564,4379,717,265,145,1407,6073,8,1444,23,1855,146,1363,2026,325,2153,44,1979,807,853
2475,100,1154,186,70,34,256,1447,13,61,6,537,162,343,757,69,563,76,401,260,178
2476,893,7672,1683,375,193,2436,17004,188,2416,188,3411,912,2503,3914,637,3443,82,3334,2365,688
2477,64,579,240,27,45,165,1625,52,298,2,200,66,158,297,19,342,0,177,167,41
2478,193,1501,523,174,88,608,4340,125,703,25,723,184,686,1301,271,520,1,782,508,262
2479,515,6788,1493,269,188,2171,8694,497,3187,27,2503,1083,2386,2530,640,2166,0,2120,1314,473
2480,198,1776,224,243,38,337,1515,56,1095,53,900,221,440,811,27,839,23,785,405,212
2481,113,1517,219,70,17,460,2179,83,592,38,574,202,536,770,146,809,34,703,526,280
2482,390,3073,883,303,269,1156,7702,82,1258,95,1082,3,1067,1991,151,1491,10,1442,1352,430
2483,115,946,154,94,2,553,1170,6,345,20,229,101,264,469,53,369,4,180,331,130
2484,578,8760,1469,213,596,3315,15258,141,3773,125,2612,623,3375,2674,1076,6318,111,4301,1798,648
2485,288,3973,1829,71,322,820,10953,553,1771,27,1259,671,747,1579,63,2365,0,1288,1103,73
2486,184,1718,265,84,78,505,3698,29,206,72,745,145,810,1182,14,359,65,544,452,216
2487,473,4920,853,343,234,1374,9885,35,1733,76,1328,834,1634,1695,351,2623,41,2179,1662,692
2488,283,2006,432,207,1,885,2327,67,559,83,706,176,763,1287,144,1185,19,931,701,427
2489,329,2589,799,133,111,768,6728,91,304,40,598,457,984,1014,354,1675,24,1161,92,232
2490,261,1322,12,124,74,528,2432,3,818,12,663,3,286,1031,98,696,4,555,367,297
2491,252,2664,356,53,110,767,5854,136,1026,42,1145,395,1253,1383,132,906,11,1258,854,219
2492,931,8422,1371,563,1000,2423,15251,501,5678,211,3407,1313,2938,3683,910,4448,50,3108,2703,970
2493,180,1278,209,124,139,467,3733,19,1117,32,804,326,593,1147,179,1045,43,909,630,217
2494,603,7038,1404,281,404,1120,15097,345,2280,56,2779,468,2046,3654,156,2571,88,3502,1862,998
2495,270,1614,545,185,117,743,4391,36,1130,100,1026,443,925,1404,126,938,27,1021,875,343
2496,148,2743,306,154,36,341,1497,13,308,14,646,14,972,768,77,916,24,892,743,361
2497,165,1807,231,92,95,438,4769,179,176,30,553,300,653,939,137,803,1,873,510,149
2498,143,3400,127,171,220,982,4436,148,1284,46,1202,729,1180,1864,205,930,26,440,958,316
2499,220,2898,744,155,333,916,8294,292,626,74,1323,396,988,1851,197,1718,21,628,1124,388
2500,484,2550,508,177,386,505,6344,60,2238,51,1548,763,905,1473,195,1473,21,1273,954,453
2501,372,3096,740,280,274,896,10833,376,3524,7,1770,400,1734,2851,759,1100,61,2911,1093,419
2502,102,1391,405,80,143,657,3247,7,1007,18,735,403,331,449,87,672,32,337,607,251
2503,244,2946,530,331,117,1071,6429,76,78,55,1328,274,814,1764,117,1668,0,802,762,469
2504,84,822,230,25,23,191,1412,15,249,3,416,116,328,472,56,353,1,245,297,55
2505,160,1571,560,130,70,377,3301,40,648,17,703,298,690,1059,158,932,18,857,431,259
2506,60,724,177,62,45,181,1368,34,423,9,191,105,297,340,74,400,15,309,116,75
2507,111,1575,351,88,62,462,2161,16,792,68,844,190,913,1134,18,827,12,1020,483,326
2508,29,1742,267,42,84,570,3355,70,1295,46,753,424,676,1106,203,554,7,1000,230,172
2509,339,6012,1159,470,408,2002,12808,336,2275,118,2475,437,1827,3215,653,3209,76,3850,1932,1031
2510,466,2242,502,147,152,777,4888,104,1144,38,1193,189,990,1303,170,1068,36,1061,821,415
2511,157,1424,248,67,39,708,3047,29,759,66,801,154,487,1291,62,737,30,584,754,176
2512,280,3226,310,192,110,1319,4959,89,1232,35,1203,8,1188,1843,321,1574,100,1716,958,398
2513,54,525,361,8,10,152,1963,3,229,0,133,30,102,274,11,297,1,100,228,31
2514,309,1784,357,125,96,1059,5063,136,853,58,1650,323,1039,1873,130,837,18,683,1296,421
2515,299,2486,504,259,190,806,1987,5,872,60,1156,343,782,1416,101,1199,30,1315,1014,317
2516,279,2438,750,153,55,976,7959,35,1316,40,1018,287,970,1453,88,1183,21,1078,1169,268
2517,428,2956,911,123,250,870,7793,82,1797,50,1164,686,599,1732,124,1820,0,1296,509,366
2518,144,1461,189,65,12,571,2345,7,433,60,858,84,607,1021,140,424,57,801,502,294
2519,579,3242,502,442,216,1415,6882,88,1542,50,1685,246,1516,2396,352,2320,91,2364,854,398
2520,314,4050,773,233,1,1613,8688,296,1669,60,1511,121,1329,2397,253,1890,39,1661,1176,521
2521,218,2147,309,127,242,923,1929,5,973,28,1015,339,790,1197,116,948,9,931,218,307
2522,69,439,116,42,11,138,1178,6,327,9,300,118,291,332,51,345,2,276,177,94
2523,131,783,122,47,34,445,1231,2,361,20,562,53,312,568,9,469,4,620,422,151
2524,160,1362,233,105,55,559,1696,21,603,20,918,102,497,1133,46,621,32,623,339,295
2525,46,1833,275,99,58,707,2936,8,498,51,703,10,569,1132,80,1008,93,778,623,160
2526,140,2245,16,103,122,402,4810,41,727,70,705,328,1203,817,151,467,12,923,590,288
2527,424,4831,1298,344,228,1392,7389,253,77,31,1642,801,1513,2445,414,2360,15,1811,1182,266
2528,278,2833,570,195,250,768,3195,71,1494,49,985,345,821,1281,185,1453,32,1029,1012,297
2529,407,3828,892,178,375,455,6511,141,1221,86,1360,685,1055,1764,301,1073,20,358,814,494
2530,166,1539,277,130,38,308,2717,23,225,2,669,5,486,358,31,967,0,570,243,170
2531,260,3204,729,258,259,1183,5713,1,1759,29,1367,388,515,1393,223,1831,52,1662,1033,186
2532,95,909,125,130,60,254,887,0,223,18,319,62,314,511,37,296,15,406,269,155
2533,125,2832,283,300,108,1076,4667,18,788,51,1148,404,843,1145,179,1057,61,1092,1014,282
2534,300,2713,340,65,39,488,6006,92,2258,14,1125,653,933,1611,261,1397,32,1100,618,271
2535,37,769,38,72,24,296,1082,2,247,1,290,64,257,400,9,212,9,226,236,182
2536,441,5545,1603,236,516,1651,12245,702,2347,84,1732,887,1791,2184,305,2809,17,2312,1425,579
2537,214,2622,447,170,239,1012,5296,79,2150,26,1283,593,733,1682,163,749,16,883,341,313
2538,117,984,417,49,97,274,2824,83,510,15,404,162,294,536,38,606,4,329,285,66
2539,223,820,254,109,106,825,2539,6,561,9,907,316,498,803,114,695,46,672,510,265
2540,543,4907,1021,205,0,1306,9387,164,227,137,1504,554,1468,1855,301,2179,19,1685,1794,308
2541,566,5465,1085,400,989,1576,14185,271,2327,97,2491,1418,2059,3464,453,3177,36,2814,1622,277
2542,655,7376,1560,333,778,2303,13726,361,4905,119,2971,1334,2104,4260,638,3510,38,2728,2041,792
2543,654,4779,950,198,401,1345,9658,124,1679,72,553,434,1564,923,498,1949,59,2116,1003,464
2544,424,4777,981,191,217,1519,6667,109,1505,37,2005,666,1634,1597,482,2476,72,2359,1619,537
2545,186,1877,474,96,95,689,4313,55,1104,56,713,393,796,908,232,1240,14,1055,448,192
2546,357,6099,451,381,69,1593,8447,117,2187,106,1910,494,1994,3184,501,2594,45,2606,1318,723
2547,286,3941,839,177,2,1260,9449,30,1772,58,1365,407,1141,1819,379,2050,34,1740,973,618
2548,309,4702,705,104,317,1872,8709,263,1493,151,1947,893,1934,2631,308,2129,51,2316,1141,312
2549,434,4342,779,146,297,1550,8571,396,1752,109,1452,189,1662,2218,482,2275,60,1372,690,549
2550,155,2393,290,180,47,742,2383,4,1414,33,941,419,861,1139,65,618,63,804,850,301
2551,201,2606,271,230,3,855,4532,20,938,49,1641,282,1028,995,154,1532,65,1109,933,155
2552,794,6919,1277,325,803,1874,14425,236,5135,70,2334,708,2172,3186,563,3728,40,3198,1158,1124
2553,222,2832,581,100,339,1013,3870,215,1932,23,1123,684,903,1405,243,1344,49,1391,1101,378
2554,144,1428,132,140,34,607,1504,13,483,58,536,374,864,1275,77,906,21,287,599,274
2555,129,1126,131,114,73,231,1078,5,695,5,441,112,351,369,15,522,40,460,375,122
2556,515,3683,846,350,119,1299,9522,62,1703,84,1894,188,1626,2417,433,1764,105,1730,1318,532
2557,89,838,57,18,16,378,961,2,422,8,337,54,410,481,4,304,27,331,148,211
2558,147,1224,159,86,8,547,1704,1,409,38,253,10,383,649,14,490,77,495,167,110
2559,80,627,123,30,37,194,1384,1,298,45,242,65,149,404,1,339,18,169,93,94
2560,177,1374,285,85,124,635,2019,16,1011,41,680,80,421,944,15,567,36,548,395,159
2561,268,2851,615,116,57,1109,5452,34,1111,9,1111,384,753,1688,117,995,38,1204,1200,212
2562,152,989,117,128,60,521,1398,8,581,47,526,173,576,723,15,495,25,540,497,259
2563,352,3204,655,146,169,804,5309,67,1190,75,973,31,1112,1682,236,1535,64,1381,410,225
2564,763,4510,701,209,309,1369,7493,214,3789,84,1670,1273,1785,2958,291,2424,71,1932,441,608
2565,395,2687,407,304,186,1242,5112,59,1507,76,1316,363,1090,1854,267,1629,53,1551,773,571
2566,300,3147,568,95,215,988,6161,39,2317,42,1417,710,934,1675,125,1575,38,1351,795,235
2567,1243,9660,1904,534,693,2723,16319,239,5402,231,3652,1511,3777,4999,602,5408,60,4128,2653,1543
2568,484,3916,812,156,43,1069,6353,118,1270,110,874,298,1017,1793,63,1721,60,1494,1540,374
2569,292,2693,784,181,155,811,4469,108,2024,100,1171,426,678,1773,211,1586,32,1652,684,363
2570,192,1164,152,101,0,472,1901,8,462,15,580,72,400,394,10,539,1,486,173,292
2571,90,1111,504,88,59,477,1884,3,1237,10,718,75,616,707,97,667,36,682,211,185
2572,181,1236,326,74,94,446,3341,31,769,1,563,277,404,893,107,710,3,671,141,160
2573,339,3463,965,212,111,1159,7752,133,1370,57,1438,571,1189,1934,394,703,21,1334,971,306
2574,414,6051,671,425,492,1985,14040,22,4533,19,1740,983,2303,2286,570,2360,44,3047,1820,705
2575,290,3305,139,183,228,830,7159,211,1270,7,1440,367,1243,1527,88,1408,51,1635,994,675
2576,327,2416,816,234,263,967,5508,68,1847,32,890,593,1264,1824,43,1690,113,1065,577,347
2577,204,1857,419,98,20,500,4333,6,770,1,775,131,518,1209,141,1195,7,714,578,211
2578,168,2205,594,157,230,661,2775,25,786,5,825,354,623,1141,113,1107,23,916,440,319
2579,453,3300,1122,304,183,1360,9805,245,1861,35,1974,56,1591,3074,386,2661,6,1230,654,1078
2580,215,3849,486,104,292,862,3966,78,1666,11,844,163,694,900,199,1281,64,1529,662,418
2581,647,2053,1484,277,228,1371,7554,176,1973,104,1554,199,1774,1671,882,2851,51,1590,1144,0
2582,333,3049,724,233,104,1251,6931,145,2678,80,1504,352,1176,1910,221,1577,40,1254,909,543
2583,238,2741,132,138,166,919,5958,44,1123,43,962,203,1107,1913,128,718,12,965,1351,250
2584,466,2357,554,332,148,1354,7271,38,1799,60,1760,441,1445,2350,106,1569,116,1340,1043,589
2585,68,501,249,20,38,156,1633,57,330,9,223,81,198,258,12,311,0,190,159,51
2586,327,2549,1054,188,153,1354,9826,227,1212,56,218,485,1282,2076,353,2516,17,1878,796,381
2587,129,650,245,24,26,81,1241,9,186,0,544,1,313,575,42,444,6,307,402,53
2588,206,1980,363,122,113,737,2836,33,721,42,862,155,748,960,162,801,25,829,786,207
2589,508,4249,1063,64,443,1628,7081,355,1350,137,1914,345,1757,2610,636,1934,24,2542,1440,397
2590,510,6292,978,231,331,1511,14272,481,269,61,2315,962,1515,2888,608,2710,40,2511,1960,457
2591,152,1361,190,222,169,707,2030,37,1025,5,534,386,460,812,101,273,20,234,525,80
2592,137,1144,140,140,46,502,1562,21,261,43,479,53,463,734,26,385,113,622,357,122
2593,397,2617,195,93,229,1113,4386,17,833,73,769,156,763,1543,29,968,55,1289,1035,372
2594,475,5499,962,139,305,1918,11695,144,946,44,1387,245,915,2856,307,2495,40,2092,1842,431
2595,241,2968,56,190,664,1344,5661,206,1470,107,846,772,1011,1902,242,2332,20,1854,1725,554
2596,262,741,112,125,49,802,1540,2,441,9,569,64,540,649,41,266,61,435,443,199
2597,197,1005,200,109,51,524,1271,14,485,44,574,88,562,921,160,695,40,576,468,176
2598,257,2293,454,151,151,662,5680,454,1307,48,470,34,959,1067,219,1435,17,978,718,305
2599,203,1448,559,135,8,507,4316,216,717,24,447,187,636,918,219,714,7,628,324,112
2600,147,995,205,100,14,340,1264,19,380,2,537,19,417,501,26,463,6,606,260,98
2601,202,2142,421,131,71,516,4603,166,11,5,918,172,929,964,174,1049,6,861,534,290
2602,409,2758,604,188,389,1266,5702,31,2500,19,1199,693,1296,1832,304,2031,46,1158,969,451
2603,295,3226,610,38,115,723,5952,123,1189,28,1054,274,355,1508,125,1504,30,909,565,162
2604,516,5880,1403,455,246,1565,11952,254,3793,167,2432,1188,1852,2435,444,2885,91,2711,982,452
2605,354,4332,538,213,175,1268,7450,78,2354,94,1663,473,1665,2034,637,1865,31,1552,1314,376
2606,99,1448,271,53,191,408,2305,79,708,22,618,171,723,369,135,786,15,320,89,219
2607,148,193,232,115,90,422,1704,23,797,14,508,120,461,818,49,577,12,343,234,143
2608,146,1127,182,47,35,355,2040,51,378,32,580,62,491,637,39,532,60,552,399,157
2609,342,3775,557,181,177,1011,8382,27,1019,4,1374,51,1086,1994,252,1482,10,1380,441,544
2610,508,5244,1046,320,555,1207,12058,218,2652,36,1735,1256,1435,2430,173,2743,20,2364,1182,358
2611,291,3304,403,132,308,804,6573,346,2411,18,1642,790,1149,1146,346,1486,20,1705,723,404
2612,504,4402,1513,286,240,1151,8565,120,1637,67,1502,16,1358,1965,402,2425,13,1500,1396,393
2613,479,5311,1183,274,247,1240,8228,110,1576,11,2071,487,1878,2563,486,2700,0,1584,1381,443
2614,981,7759,1430,500,1016,3161,16234,539,6358,332,3519,1499,3651,3583,707,4875,72,3373,2069,1503
2615,158,4430,626,178,343,1103,9031,253,2854,61,1527,791,1004,1674,622,2065,13,1603,627,658
2616,161,573,239,85,83,319,2400,36,751,32,532,354,372,499,81,597,40,417,306,115
2617,292,4545,874,177,76,1371,8340,122,3209,97,2033,803,1737,2201,177,1645,98,1858,1357,471
2618,293,4101,1525,86,209,993,9186,451,2363,51,1568,811,1428,1701,70,1648,4,916,1098,263
2619,224,2073,262,159,123,516,4021,69,668,27,963,77,431,1126,54,856,9,733,781,214
2620,72,658,188,42,42,357,1799,2,423,32,327,107,368,629,35,340,9,570,173,214
2621,91,534,270,81,50,407,2013,42,607,10,506,255,439,532,60,621,24,401,404,139
2622,264,4016,330,202,147,1253,5205,19,1487,41,1694,267,1288,2223,340,1546,72,1921,749,276
2623,127,1058,375,31,86,288,2848,86,480,12,434,131,360,537,73,606,3,433,321,92
2624,127,1939,304,49,137,591,2695,4,506,5,605,90,562,856,69,489,17,658,212,170
2625,518,3258,718,188,490,1202,6472,2,1714,95,1665,997,1331,1395,209,1732,21,1922,963,393
2626,206,2120,287,199,4,885,3876,18,1490,51,1037,544,833,1280,159,1408,48,579,743,399
2627,577,4039,765,202,345,1028,5325,146,1574,6,1484,371,1223,1720,368,1740,16,881,1360,459
2628,355,3363,557,119,58,845,6215,2,1877,167,1043,441,896,1215,131,1673,45,904,979,438
2629,633,4759,1148,342,803,2288,12938,380,2915,59,3103,1529,2639,2491,646,3103,34,2578,2080,786
2630,105,925,138,94,88,297,1215,0,605,31,506,164,299,373,12,392,3,398,176,141
2631,438,4247,691,285,335,1262,4926,35,1152,76,1076,540,949,1242,372,1999,38,1398,1020,415
2632,489,2982,941,394,382,1425,10143,221,2015,25,1874,534,1675,2528,542,839,22,2049,1633,809
2633,370,3925,1041,182,291,1184,9275,196,3085,39,1755,1200,1481,1910,467,1864,20,1735,907,606
2634,719,6792,1541,365,909,2089,14207,245,3633,77,2101,1494,2392,3525,244,3333,16,3005,1867,786
2635,831,6117,1002,375,355,2056,10603,390,1742,18,2534,721,1932,2447,523,2568,48,2813,1755,839
2636,602,6790,728,393,17,1816,8925,28,729,89,2004,596,1071,3175,515,2601,110,1623,696,794
2637,227,2802,501,187,110,1026,4550,34,1951,70,1068,623,418,858,73,1183,34,1094,687,378
2638,238,2267,425,237,163,762,3769,100,1421,31,521,453,572,1307,140,918,57,1117,436,192
2639,74,823,198,70,14,279,959,25,456,14,693,14,341,667,54,368,12,415,326,152
2640,1195,9274,1651,497,587,3675,13730,784,7566,282,4019,2463,3524,5000,607,5573,96,4375,2508,1483
2641,196,1662,422,173,115,674,3437,70,1731,20,800,410,705,1312,223,735,0,297,496,368
2642,563,5852,780,258,93,1370,12461,216,1164,39,2330,1016,2054,3090,441,2735,39,2126,1849,599
2643,329,3232,780,171,315,765,6360,28,2354,56,1502,957,1081,1892,228,1010,17,993,1102,294
2644,197,1858,417,75,111,607,4013,17,1501,2,323,610,600,1146,122,811,27,660,343,339
2645,78,2198,322,105,110,392,3430,6,1570,4,903,416,684,1390,127,945,26,1094,893,202
2646,394,4046,921,152,276,974,3187,32,1752,48,1148,1157,1134,1605,164,738,39,930,761,478
2647,765,8602,1216,334,500,2621,14532,184,5523,46,3005,2156,3116,3370,890,2187,62,3223,1540,909
2648,305,2533,482,166,169,1048,5567,45,1430,1,494,539,968,821,175,1121,31,767,586,218
2649,335,4806,833,226,415,1413,9160,340,1360,79,1427,400,1774,2257,269,2245,75,1426,1094,559
2650,625,6549,686,340,638,1457,7163,203,2171,265,2089,636,2169,2521,444,2834,209,2798,1861,988
2651,59,1309,425,27,57,307,2605,119,410,36,277,68,479,628,85,837,4,669,168,134
2652,106,569,233,65,80,462,2386,6,1080,61,715,103,603,808,133,703,21,581,428,182
2653,280,2966,580,194,37,704,3090,350,2329,108,1173,350,1298,1869,161,733,50,897,495,107
2654,80,879,251,70,41,415,1211,10,432,7,513,90,295,558,35,439,10,349,355,85
2655,391,3877,570,232,247,1087,7251,405,1368,112,1223,192,1272,1718,447,2162,11,1192,911,679
2656,600,4102,724,452,417,1907,6138,71,3484,82,2222,661,1823,2393,313,1873,98,1679,1737,710
2657,347,2429,919,218,834,948,6160,209,2567,72,1371,1244,1224,1642,396,1733,62,1854,773,751
2658,395,5039,492,281,379,1675,10867,526,3166,63,1494,414,1666,2072,244,2653,26,2522,899,739
2659,59,736,254,68,40,232,2348,144,301,38,399,153,401,453,115,537,13,385,300,122
2660,145,1276,269,57,39,413,3022,60,503,10,554,177,615,833,95,781,6,606,316,125
2661,97,1177,259,104,129,597,1500,3,988,27,662,151,657,1380,97,216,40,787,569,231
2662,221,1561,336,134,39,631,2592,12,856,33,732,166,522,1054,38,792,49,456,660,218
2663,120,1517,339,127,170,381,3756,24,1512,41,609,490,548,1073,53,892,7,664,680,193
2664,115,2200,364,172,65,857,3434,6,1336,53,442,511,1048,814,0,1008,60,869,534,266
2665,339,1109,294,194,163,740,3064,64,592,23,896,206,752,1167,128,1168,63,917,642,107
2666,73,641,214,23,61,212,1695,74,282,8,248,107,217,329,28,420,1,244,183,45
2667,168,1852,319,128,83,493,2554,18,1170,65,696,293,742,1121,44,964,6,903,355,300
2668,392,3818,601,144,3,842,6003,410,1286,49,1112,398,1190,1408,334,1696,12,1348,833,428
2669,210,4915,1253,240,412,1286,11360,263,3906,72,2160,1060,1681,2662,367,2654,13,2300,1641,536
2670,73,1623,355,65,71,377,2352,25,459,19,754,182,533,676,162,798,11,608,287,178
2671,237,1807,168,340,128,713,3570,31,1412,51,822,377,451,1635,116,989,35,1015,930,273
2672,184,1730,381,139,104,499,4243,27,1109,25,1058,321,891,1287,128,785,22,670,490,257
2673,284,3012,712,84,256,1012,4203,283,1248,164,1543,8,1200,1539,49,1940,20,1417,983,149
2674,920,8116,494,414,1049,3024,17593,323,6012,177,3123,1980,2916,4097,147,2611,40,3688,527,617
2675,396,3960,837,228,99,1203,8631,189,1573,146,1677,4,1413,2175,136,1710,37,1156,1443,494
2676,464,4294,341,162,441,1126,4616,271,2938,7,1691,897,1421,2090,10,1335,41,1283,813,513
2677,548,5325,1197,281,348,860,11475,327,1905,124,1613,829,1874,2142,538,2023,4,1558,825,537
2678,134,447,99,68,79,258,942,0,534,1,358,73,307,421,5,286,4,358,123,100
2679,274,2374,530,134,161,838,5267,4,1844,59,792,644,1031,1529,240,1939,50,1115,846,341
2680,495,4377,1093,206,614,1581,9529,281,3818,146,2226,1387,1882,2408,503,1402,33,1924,2265,605
2681,171,1641,181,139,50,399,1337,3,1071,33,591,172,420,766,126,535,18,722,157,172
2682,135,1848,134,67,100,858,1338,5,999,10,758,68,577,499,13,969,22,1078,421,75
2683,1038,6725,1597,414,356,2257,12290,64,5005,29,2773,1593,1882,3244,493,4255,40,3008,1077,1034
2684,346,3508,531,169,96,862,5471,58,833,36,1467,167,916,1077,106,1438,7,586,907,219
2685,188,323,131,131,30,460,1029,2,351,10,466,46,432,818,34,385,22,444,281,210
2686,283,3283,360,142,149,1159,5024,62,578,87,889,91,884,1758,126,1980,47,893,800,311
2687,297,2477,775,288,305,1120,8879,86,3167,102,1295,571,1499,1332,390,1301,77,2308,1225,521
2688,723,7123,1285,439,347,1724,14479,310,4093,36,2402,1825,2241,3440,440,3127,99,2932,2151,740
2689,526,2194,274,329,202,1005,6107,7,1542,23,1505,746,1421,1545,61,1593,126,1468,1198,510
2690,516,3345,951,233,507,1269,10494,96,760,44,1894,459,2059,2224,390,2391,20,1748,1242,490
2691,249,1885,138,128,93,594,2567,6,1225,0,727,318,659,966,206,702,29,893,666,293
2692,397,2911,794,209,82,969,5192,27,2059,10,836,595,597,1063,148,1153,74,356,823,329
2693,401,1233,474,102,126,1145,4192,63,1664,60,1166,629,1057,849,42,1217,33,1121,454,418
2694,390,4006,1206,311,315,1512,7807,496,1392,9,1367,1406,1521,1691,231,1822,15,1963,969,564
2695,65,602,193,33,8,86,1352,3,450,14,299,143,362,422,59,188,7,377,168,106
2696,471,5513,975,254,716,1485,9779,603,3990,58,1861,1421,1487,3103,295,2999,5,2503,994,306
2697,60,804,162,43,29,529,1611,4,362,8,311,18,392,350,38,306,15,343,321,175
2698,440,4779,579,280,319,1606,7085,60,2932,12,1150,1029,1480,1668,304,2201,42,2265,918,765
2699,618,3399,472,252,0,1227,8022,42,1759,112,1643,524,1580,2156,234,1994,104,2417,1436,515
2700,247,1918,396,81,105,415,4213,79,681,15,676,389,616,914,116,1152,22,700,446,155
2701,647,5742,933,226,834,1848,10540,400,2369,167,1916,1582,1636,2595,413,2812,40,2490,1305,546
2702,455,6551,560,112,460,1666,13656,666,1877,133,779,738,2440,2676,733,1799,0,2658,1627,892
2703,443,5257,1031,357,578,1657,7234,627,3645,66,2218,1259,2134,2865,1052,2751,13,2823,2016,735
2704,473,3007,864,283,79,999,7692,81,1972,131,1700,713,1825,2126,401,2434,45,1896,1271,505
2705,154,1272,235,196,32,532,2310,11,432,10,887,67,574,1022,18,582,55,404,443,104
2706,178,922,261,99,30,859,3200,11,470,45,787,227,629,1379,29,718,48,632,763,205
2707,82,1426,499,179,240,671,3036,54,1440,59,890,447,474,602,185,1352,24,852,342,345
2708,543,5986,1090,309,503,1514,11218,687,3878,29,2249,1139,1852,3138,446,3418,19,2451,1270,472
2709,377,2398,536,208,72,331,4541,51,1683,63,1206,486,1018,1367,196,1233,53,493,1148,461
2710,425,3294,438,194,106,947,6501,31,1260,37,1636,401,1012,1608,228,1512,14,1226,1054,530
2711,265,2882,404,202,336,1417,3477,51,2687,114,1542,827,696,2159,12,1379,46,1502,808,560
2712,748,6402,1334,431,430,2645,15373,79,3913,149,2895,812,2537,3864,443,3030,110,3685,2093,976
2713,537,2725,586,161,185,845,7253,248,927,30,1213,597,1181,1530,311,1958,13,1100,708,270
2714,377,3196,424,86,229,846,5568,65,2032,48,1311,798,1205,1153,288,1506,25,1015,958,307
2715,110,1120,97,122,1,215,1919,20,1017,19,485,139,552,570,34,570,14,418,253,168
2716,534,8618,1404,440,161,2990,10028,653,2722,258,3071,651,2267,4214,644,1178,21,1969,2472,789
2717,112,860,36,44,36,419,571,5,161,20,438,126,245,313,28,309,9,401,526,85
2718,606,4435,1465,191,421,808,8978,563,2737,49,1923,789,1630,2075,291,1277,28,1754,1324,514
2719,469,4022,957,203,288,1933,6956,136,1769,95,1997,449,1876,2097,173,1706,102,2063,1730,602
2720,664,5031,928,341,604,2138,9253,269,2748,94,2420,1155,2259,2708,995,2648,12,3139,1258,711
2721,910,7660,1606,412,222,2452,8815,586,3127,107,3060,876,2394,2587,249,3423,31,2240,2319,1079
2722,577,6376,1150,430,225,1873,12491,181,2109,30,1656,231,1647,1599,469,3119,60,2637,1540,409
2723,631,3983,1405,453,400,1926,15506,113,1822,129,2175,937,2854,3499,975,3706,147,3373,1312,900
2724,211,773,462,192,93,784,3650,74,204,29,896,202,849,489,116,540,1,789,609,254
2725,183,1044,199,81,17,242,1445,6,201,2,359,35,600,466,49,596,17,539,377,140
2726,174,2479,643,111,171,348,3749,119,784,31,516,126,547,1435,68,1394,10,977,332,155
2727,232,2379,489,203,137,1020,4105,59,604,100,765,43,467,1687,196,1104,4,512,881,373
2728,160,905,127,87,32,408,1552,13,392,13,573,123,537,849,68,445,13,471,477,223
2729,98,584,82,103,38,270,626,7,416,9,313,48,317,469,17,350,20,427,201,77
2730,163,713,133,101,49,239,1024,4,457,17,509,144,362,417,17,358,15,298,187,131
2731,79,1738,352,164,176,699,3059,7,566,46,896,174,533,1101,170,935,0,1178,592,355
2732,688,9875,1308,338,1014,2627,21447,625,4929,77,3128,1729,2741,4461,727,4760,3,2948,2432,696
2733,182,1479,226,33,153,442,3773,60,442,75,623,20,767,588,332,805,10,861,266,230
2734,295,2165,336,176,90,724,4355,167,768,114,1075,208,1036,1294,219,1307,67,1338,682,473
2735,307,3872,975,133,146,1198,5541,207,947,72,1451,301,968,1826,413,1777,16,1300,1282,260
2736,196,2091,506,195,183,733,1850,65,1499,21,518,268,738,688,152,1045,76,747,652,216
2737,718,7101,1469,284,589,1726,15769,641,1835,138,2375,1028,1727,2307,300,2961,32,2627,1896,600
2738,420,1738,1118,298,379,1172,10902,97,3237,95,1901,770,2213,2710,401,3033,44,2172,1421,224
2739,361,2408,351,149,69,1103,5430,69,1208,84,1695,593,1435,1524,407,1532,67,1280,1068,451
2740,380,2138,590,180,168,583,5214,11,1828,51,755,350,835,1329,6,1241,30,888,1028,269
2741,480,3594,515,109,137,795,7728,148,1290,36,1464,542,1314,1997,287,1829,58,1350,847,379
2742,269,4109,791,150,512,818,8662,234,2234,71,1319,790,1305,1596,211,1746,28,1650,1113,434
2743,311,2052,1030,193,329,1253,8599,108,1367,13,2314,3,1556,2400,276,2457,45,1918,1475,330
2744,138,1009,153,146,23,557,1647,10,210,26,429,62,334,630,24,473,93,437,381,169
2745,678,6227,1130,527,574,1992,13858,113,2483,184,2939,1166,2847,2901,339,4166,96,3546,1708,683
2746,343,2427,833,99,67,637,6361,80,904,56,1382,357,1095,1719,107,1550,44,1340,912,313
2747,274,6513,1359,470,432,1421,10388,231,4724,128,2632,1093,2416,2724,440,3739,39,2559,718,508
2748,511,4761,548,247,277,1766,10687,204,1776,28,1932,555,1545,2603,460,2508,80,1877,1812,577
2749,72,856,178,23,50,263,874,10,501,0,312,144,274,426,71,480,0,366,238,76
2750,446,5188,512,68,477,1347,6927,729,3885,116,2202,1264,2141,2553,652,2181,79,2610,1076,548
2751,433,1208,373,158,135,887,5223,130,641,22,1182,288,932,1509,105,1286,19,917,913,165
2752,418,3255,912,312,318,1420,7795,364,2611,38,1376,1225,1133,1398,413,1810,18,1446,1192,389
2753,69,745,132,80,66,287,970,32,425,31,311,147,213,207,9,358,3,369,190,134
2754,94,859,111,44,17,248,1156,0,504,70,323,85,349,389,51,299,20,273,175,155
2755,137,1378,583,96,49,521,2962,44,876,22,582,123,663,825,91,814,18,579,536,178
2756,366,2968,832,191,276,1397,7450,40,2510,60,1691,768,1460,1733,199,1980,46,1912,1168,592
2757,324,4045,527,278,261,623,9218,174,3273,168,2095,774,1268,1794,284,1060,4,1200,1210,914
2758,547,4647,948,260,314,1024,8585,258,3181,100,1799,1280,1353,2705,142,2415,4,1797,1563,465
2759,276,3628,944,226,252,1139,8520,168,2361,57,1455,952,1196,1663,205,1808,44,1225,825,282
2760,120,861,315,107,38,351,1842,5,384,38,442,92,442,572,57,457,14,457,349,216
2761,263,3334,755,295,115,1234,4398,148,1851,71,1593,492,1007,1719,313,1053,12,1570,1149,481
2762,151,4080,551,297,135,1538,4380,30,572,38,1009,224,1406,1679,253,2260,15,1510,1094,261
2763,410,3472,754,271,225,1161,5519,80,2428,72,1458,885,1327,2067,311,1835,62,1680,939,162
2764,723,5294,1617,311,701,2350,12634,638,1831,175,1535,1007,2088,2539,223,2943,18,2784,1574,596
2765,261,3393,549,173,152,1511,5605,39,1196,75,820,327,937,1961,99,1758,93,1407,1250,238
2766,374,4660,883,316,479,1715,6697,90,3696,73,1935,828,1833,2330,455,2494,63,2076,1340,577
2767,213,1332,433,75,136,317,1422,28,1097,52,545,130,100,931,14,920,6,511,567,166
2768,453,4574,803,154,415,890,10289,69,1645,34,1409,615,1725,1954,389,2514,3,1822,860,290
2769,109,975,427,270,74,1018,3912,14,371,40,767,41,523,866,192,880,35,1036,271,313
2770,119,1021,362,130,100,688,3189,45,1027,18,716,153,667,1022,128,790,19,519,322,195
2771,74,787,130,40,33,211,1398,22,524,1,369,81,326,283,91,422,5,196,362,85
2772,512,6315,1214,382,351,1792,11916,82,1526,28,2244,1204,1964,2830,302,3124,137,2108,884,345
2773,245,2462,563,117,81,513,5224,44,45,57,868,232,1142,744,158,1054,30,868,975,328
2774,124,778,94,38,67,305,826,6,620,25,329,65,364,529,28,245,51,328,267,92
2775,57,1918,284,109,35,669,2792,14,703,45,990,63,553,930,104,713,52,821,687,356
2776,76,1381,318,53,41,384,1839,32,27,0,574,19,686,740,45,638,1,555,445,45
2777,230,2084,349,131,245,466,3095,34,1491,154,875,575,1104,1454,338,726,66,948,805,131
2778,523,76,966,248,324,1427,9680,33,2624,59,1579,915,1540,2527,51,2020,17,1731,1103,246
2779,337,5102,1328,366,445,1421,12803,83,3654,27,1915,1597,2176,2578,405,2933,21,2716,1506,593
2780,134,904,248,53,63,324,1404,17,774,32,262,301,318,358,76,614,21,296,99,148
2781,95,679,176,38,51,263,1259,35,484,14,412,201,221,384,43,380,22,322,189,109
2782,365,2663,650,231,50,556,5610,39,1008,22,1042,346,1396,1507,143,1382,73,1265,1082,338
2783,442,5538,408,231,705,1675,11297,222,3642,95,1744,1722,2036,2423,458,2717,58,1707,1370,396
2784,127,1058,306,76,122,285,3284,48,676,16,615,93,313,743,108,738,4,648,283,112
2785,567,4459,887,131,305,1040,10773,491,1645,50,1790,871,1449,2296,413,2339,9,1560,990,312
2786,221,1200,230,142,123,654,3204,9,1272,14,788,357,472,1297,150,831,34,633,495,203
2787,545,3255,895,153,338,1779,6207,63,2731,77,1628,958,1800,1820,376,2938,23,2031,1199,731
2788,564,4507,870,161,339,1447,8036,237,2938,80,1678,755,1471,2281,480,2477,38,1861,1106,613
2789,108,992,178,94,36,338,1705,2,374,0,407,70,28,525,58,604,8,268,296,3
2790,62,837,87,74,27,416,1114,10,258,28,406,74,270,438,17,339,8,375,101,105
2791,207,664,219,173,160,542,3086,7,1485,72,683,283,808,1024,29,791,24,840,344,266
2792,712,4699,1463,602,25,2111,16374,278,5077,116,3216,1601,2712,3245,265,4055,43,3582,493,525
2793,56,187,90,20,41,229,1273,32,304,17,383,76,341,286,27,375,7,260,186,136
2794,539,4557,640,246,410,1046,7318,170,3060,43,1563,736,1518,1862,377,1511,7,2228,1353,544
2795,154,964,68,200,100,459,2672,36,1284,94,482,105,653,1274,172,665,28,683,631,277
2796,653,2904,868,295,0,776,7446,297,1387,29,1327,470,1533,2106,458,2611,14,1889,1316,307
2797,199,676,195,59,75,665,3781,21,676,52,900,247,794,1031,75,788,12,854,791,280
2798,62,587,205,37,44,146,1740,69,265,12,236,109,167,304,37,334,0,221,165,30
2799,54,402,203,89,14,254,1382,19,604,10,310,172,259,581,121,409,8,343,178,77
2800,157,1771,299,103,36,757,2467,24,525,74,568,212,772,1103,122,485,6,881,172,188
2801,145,1716,261,141,107,474,2070,16,819,19,704,219,526,641,48,627,68,698,296,256
2802,182,840,140,150,116,588,2582,6,672,62,714,24,541,1011,69,658,14,747,469,182
2803,180,234,211,134,60,403,992,1,372,0,487,85,439,569,83,512,12,337,253,34
2804,292,1851,307,162,10,840,4361,21,674,21,1056,205,628,1134,163,281,44,952,657,292
2805,256,1818,721,177,416,1053,7860,230,2709,8,954,982,1209,1874,260,2149,37,1841,762,364
2806,289,1932,342,69,56,809,5025,40,1004,37,1302,464,906,1367,218,1101,45,956,862,392
2807,293,3852,576,212,130,996,6947,34,2047,38,1419,643,1372,1523,279,1454,42,1707,781,633
2808,736,5875,1155,150,420,1815,14014,705,1611,45,2509,773,1986,2957,688,2944,15,2794,991,689
2809,778,4669,506,170,521,1373,10058,86,2687,132,2046,968,1451,1236,362,1955,35,2041,1105,632
2810,679,2218,820,200,200,1556,8091,171,1593,97,1782,857,1725,2551,392,2650,35,2300,1069,530
2811,105,1668,253,37,198,495,2866,17,760,17,395,229,466,915,22,722,22,374,694,191
2812,236,1198,221,148,61,503,2609,37,620,30,548,111,562,771,34,561,52,699,330,101
2813,104,681,333,98,67,386,2146,6,376,6,532,114,387,970,62,487,21,482,203,77
2814,85,740,139,63,39,241,1329,7,653,3,359,122,344,633,35,354,24,355,218,33
2815,99,828,314,30,70,206,2541,81,428,12,349,102,292,459,42,541,2,302,271,57
2816,756,6480,1668,337,450,1681,8009,365,1363,99,2860,744,1819,2976,567,2771,41,2704,1630,805
2817,298,2112,537,138,251,892,4115,26,1379,22,1655,4,1560,888,136,1408,25,1832,1063,511
2818,115,1702,275,94,42,578,2257,23,820,114,779,287,513,544,76,862,46,1026,566,213
2819,332,1942,173,121,205,873,4320,20,955,33,728,408,789,937,86,953,43,873,987,130
2820,66,633,230,26,52,194,1850,57,296,13,259,80,240,330,36,410,1,275,208,56
2821,231,2419,237,184,125,799,3043,62,708,22,598,155,763,948,83,767,12,735,569,280
2822,65,364,158,60,27,226,1291,2,84,0,158,25,295,496,45,329,5,239,347,125
2823,440,3260,859,271,101,986,6846,130,1167,55,1352,589,1344,1890,120,1762,73,1349,1077,537
2824,174,5115,1305,192,462,1251,9215,264,1691,71,1381,655,1343,2185,220,2237,22,2071,333,420
2825,396,3268,306,159,273,685,7681,28,1441,45,2235,480,1152,931,42,2125,70,1628,1148,461
2826,72,1464,181,55,92,511,1111,14,492,21,690,153,359,721,19,545,25,646,475,172
2827,349,2543,535,98,152,822,3954,17,1851,4,904,695,649,1241,29,1321,15,556,755,542
2828,276,4682,934,297,175,1275,10727,236,1770,32,1662,724,1940,2402,174,2705,34,1880,1357,345
2829,122,786,201,62,54,430,1426,8,819,22,482,92,363,558,49,334,20,447,332,208
2830,83,810,214,16,66,211,1879,36,161,23,307,123,134,503,120,461,6,406,392,76
2831,118,845,96,46,98,199,2064,79,605,21,238,201,402,665,35,465,6,404,310,106
2832,625,7164,1071,231,401,1718,10599,227,2794,137,2431,889,1111,3025,498,1848,75,2607,1701,487
2833,254,2119,500,76,162,787,5282,77,1940,74,707,590,684,1232,119,1280,15,1163,563,332
2834,294,2870,692,219,106,590,2362,236,594,25,1273,242,961,1198,189,977,27,910,968,276
2835,243,2091,511,137,90,665,4132,69,1120,29,709,246,1059,1177,131,750,24,1093,974,338
2836,143,908,234,78,120,363,3093,114,639,28,578,429,510,802,72,634,18,705,350,171
2837,52,950,187,123,61,505,3453,40,572,31,619,91,561,429,92,950,31,741,322,367
2838,272,3205,372,125,188,878,6465,17,1573,45,696,141,926,2116,81,1349,49,1036,1136,412
2839,350,2312,634,165,171,870,6706,96,1987,23,640,575,1062,1387,150,1234,70,1233,949,414
2840,114,1344,572,125,291,552,4251,71,1480,16,590,384,654,605,257,958,20,446,447,204
2841,69,2101,952,194,254,849,6715,36,2648,18,923,892,798,1604,286,1439,31,1079,696,462
2842,173,1466,431,123,114,445,3349,20,572,16,432,148,577,452,69,625,5,492,570,142
2843,106,898,160,24,97,175,2037,92,665,18,160,226,358,508,85,278,1,454,280,74
2844,877,39,979,260,430,1218,7093,54,2658,27,1820,1393,1590,1665,242,2756,51,1471,1354,369
2845,438,2793,947,127,186,815,7980,127,912,115,1254,257,1023,1035,96,1190,4,1333,1039,448
2846,321,2598,468,118,360,102,6023,162,1629,26,1125,399,1205,1314,218,1356,5,789,281,353
2847,717,6395,1341,236,450,1326,12243,209,2584,38,2078,947,1825,2042,370,1316,22,2943,893,664
2848,61,1535,327,14,57,457,3015,8,1070,12,825,285,306,743,49,532,7,529,504,95
2849,573,4447,752,307,467,1313,7388,18,2585,54,1315,863,2117,2367,355,2710,76,1654,1363,260
2850,505,5063,1008,265,304,994,8357,422,2668,114,1976,642,1904,2225,263,2538,43,2414,1379,809
2851,589,4916,837,307,243,1265,5805,250,945,86,1934,754,1701,2108,513,1544,12,1278,1271,503
2852,149,1934,497,273,150,1081,3850,23,826,35,783,329,535,979,110,1220,7,456,974,265
2853,543,4680,814,324,591,1539,12756,177,3887,46,1529,1683,1995,2010,324,2580,14,2195,2172,466
2854,400,4765,262,196,161,1607,7725,151,3122,88,1751,910,1526,2757,136,2316,66,2009,1426,388
2855,240,1282,198,109,123,435,2178,9,975,45,588,223,747,369,97,436,11,586,460,118
2856,438,4078,1606,253,516,2137,14811,622,2529,177,3194,17,2329,3416,377,2827,58,2341,2227,711
2857,1170,6987,1221,394,708,2660,17774,168,3316,265,2770,1129,2984,3719,532,4222,54,3331,1910,839
2858,257,3210,347,267,136,1246,5352,21,2121,105,1471,425,1185,2359,139,1376,32,1247,853,188
2859,462,5107,916,208,158,1223,6440,226,1524,61,1401,530,1359,2179,223,1754,24,1367,1243,512
2860,735,5368,821,187,742,1456,10249,138,2886,133,662,1081,1418,2170,202,2290,64,1861,1033,595
2861,352,2803,600,296,50,645,6286,24,851,19,873,462,1522,1188,225,1704,115,1650,705,323
2862,285,2170,458,214,24,1037,6055,42,1171,70,908,382,1051,1266,244,1535,35,1276,618,517
2863,960,10642,2067,611,371,3324,22909,607,3013,348,4307,1119,4337,4877,1109,4538,96,5233,2548,1384
2864,96,1933,263,183,19,831,2815,21,578,82,1005,224,806,1059,34,1101,13,1035,399,329
2865,70,1985,0,95,98,511,2055,1,1251,38,707,411,628,1016,19,911,30,819,317,140
2866,142,1883,413,133,88,722,4096,50,698,55,881,77,749,950,92,368,43,749,662,252
2867,865,8064,1522,464,313,1729,15878,436,2714,242,2398,656,2726,4016,658,3802,43,3860,2195,951
2868,58,1074,309,73,155,419,2397,53,785,25,450,137,357,615,73,544,0,367,309,161
2869,76,680,134,54,27,225,1571,37,72,16,293,108,315,328,57,352,2,291,127,84
2870,46,719,162,35,8,204,2088,98,797,3,324,152,244,496,40,356,6,375,255,81
2871,462,4198,608,22,398,1208,9642,332,2513,32,2337,952,849,1834,328,2044,0,1378,461,512
2872,482,4721,910,282,531,667,9247,76,2158,68,1682,817,1439,1530,411,2657,16,1848,719,592
2873,670,4958,828,306,366,1002,10912,75,3688,115,1636,1212,1789,2308,368,1938,0,865,653,609
2874,192,1609,401,221,33,931,3412,54,1135,66,870,185,637,829,212,1724,47,1414,1189,717
2875,396,2040,446,169,95,1222,5427,145,715,48,1198,182,911,742,127,1410,41,1494,680,273
2876,225,1165,225,131,158,637,2491,28,1210,38,914,203,635,780,47,748,31,828,757,189
2877,346,3500,621,237,332,468,8660,210,2146,120,1073,700,1423,1740,111,1842,66,963,468,492
2878,392,2148,848,81,172,747,6537,195,670,36,1078,288,686,1276,199,1241,26,1169,951,231
2879,339,2070,400,319,90,580,7792,35,1333,46,1638,973,1398,1890,199,1469,3,1630,1111,348
2880,458,2585,393,132,121,652,5493,333,1608,73,1046,469,907,1640,194,1123,12,1149,731,170
2881,313,4447,752,273,251,1310,9727,76,1656,101,1743,798,1589,1628,333,1892,48,1838,1670,533
2882,378,2974,570,223,213,1371,6731,33,2216,80,1366,752,556,2033,480,1535,73,1882,1094,411
2883,127,4668,515,269,190,1093,8451,231,2840,178,1634,411,1164,1853,189,1803,50,620,470,403
2884,479,3040,396,127,294,1243,7588,88,1450,69,1042,525,1374,1671,76,1413,5,1376,1448,410
2885,835,6394,963,275,689,1141,12898,540,3837,116,2420,574,2270,3274,581,2595,23,3163,1730,659
2886,364,2597,636,84,111,907,5033,11,126,66,800,267,511,1502,314,1420,67,1136,842,376
2887,517,2236,571,158,189,515,6876,60,1558,78,1279,412,1175,3132,309,2108,0,1039,638,336
2888,285,1508,203,163,80,519,3256,12,916,84,1194,333,546,1532,65,337,77,981,299,393
2889,486,3171,797,180,186,1058,5133,87,1299,62,1764,409,653,815,105,1500,29,1493,1055,292
2890,374,1208,645,208,46,1410,7133,174,655,109,1684,406,1411,1926,114,1445,130,1017,1264,412
2891,159,1048,212,57,25,505,1102,0,1025,14,520,441,471,856,64,644,30,518,453,99
2892,445,1637,383,155,3,936,6920,463,1166,75,1066,462,1257,1318,288,1858,31,1298,831,424
2893,871,6329,1461,308,251,2064,15112,235,2780,58,2584,1082,2332,3403,608,3578,49,2944,1603,937
2894,352,2326,921,172,482,1397,8468,311,2766,71,1695,1179,983,2057,231,1715,10,1491,505,474
2895,301,2939,1314,121,352,1275,8239,155,933,9,1404,368,1277,887,192,1943,22,1520,736,387
2896,592,6426,1389,390,275,1842,13004,201,2661,161,2513,272,2138,3208,553,3275,146,3137,1395,1056
2897,59,780,176,57,13,387,1336,4,252,7,467,70,353,647,0,411,7,219,334,121
2898,274,2120,374,180,147,665,5047,5,916,42,1130,189,737,1140,103,1128,31,1090,510,311
2899,896,8411,1686,366,757,1881,12845,466,4825,310,3069,849,2254,2513,595,3623,39,2417,679,693
2900,922,6800,2522,290,444,2906,13978,442,2878,88,2698,1033,2604,4778,522,3572,48,3504,1928,591
2901,191,1593,346,169,50,685,3066,23,780,8,644,147,687,612,61,864,103,406,450,373
2902,505,6824,1358,158,207,1460,7972,254,1770,46,1614,400,1915,3197,464,3524,24,2992,1049,634
2903,300,1406,205,262,87,480,2993,1,1178,1,585,215,410,1178,58,600,53,940,609,251
2904,401,2195,612,224,243,1152,4563,61,1134,46,1068,353,1190,1002,99,1004,53,1337,524,319
2905,226,3399,169,116,40,928,7078,136,903,26,1231,2,482,1793,333,702,40,1166,1232,185
2906,288,3707,365,221,123,876,4380,87,740,23,1502,576,1470,1289,604,1659,14,1552,778,545
2907,200,1460,222,186,129,1112,4307,77,782,69,521,31,1186,1497,231,1339,75,1233,379,479
2908,674,6464,938,327,370,1777,14216,329,2944,169,2001,820,2127,3416,515,2981,102,3029,1288,723
2909,123,897,82,47,57,291,979,3,495,17,365,38,410,468,48,450,34,299,279,223
2910,370,3327,614,120,141,849,7979,5,804,46,1415,379,1002,1641,158,1730,16,1251,1496,392
2911,824,4517,500,492,307,1980,6948,29,3708,0,2205,968,1736,2483,75,3135,87,2121,931,601
2912,619,3607,747,354,2,1389,13773,130,1967,87,2691,165,1739,2996,163,2675,34,2028,1350,787
2913,180,1016,140,122,49,349,1619,4,581,10,499,140,343,912,20,500,7,505,276,168
2914,153,990,278,115,52,443,2107,13,808,42,641,78,663,453,72,394,23,665,548,118
2915,375,2331,384,166,30,693,3931,20,1632,36,960,479,991,1065,53,1119,51,1000,1041,159
2916,743,5905,1331,288,413,1856,10663,724,3830,76,1691,1373,1509,3086,488,2650,31,2744,1367,515
2917,371,5483,828,381,522,1497,11434,77,3735,82,1702,1331,1308,2317,622,2786,78,1247,1318,694
2918,118,5197,1226,141,267,1161,11481,271,2685,60,1435,890,1642,2367,266,2249,1,1210,1444,333
2919,206,1706,251,165,99,372,2463,6,509,8,575,55,487,957,60,616,29,873,626,114
2920,458,6098,1146,355,841,2052,12425,314,3547,219,2645,1644,2330,3364,489,3499,44,2537,1705,855
2921,285,2238,361,266,400,1091,5534,70,1279,92,1085,461,908,1701,244,1385,108,925,666,138
2922,306,3686,684,158,464,909,7977,186,2296,60,1695,925,747,1988,155,1406,23,787,939,583
2923,237,1696,1003,308,178,966,3974,36,1406,76,1558,262,1098,1898,85,1549,36,1240,1167,424
2924,764,4556,766,325,366,1545,9753,55,2941,106,979,1137,1310,2136,242,1875,10,1233,1411,646
2925,83,939,112,94,68,237,1218,49,572,16,470,211,166,682,47,527,8,178,146,102
2926,478,2831,849,97,208,1015,6243,275,982,13,1230,436,775,1530,214,1798,15,1472,696,580
2927,570,2499,585,119,308,1124,10469,404,1377,66,1846,418,1087,2195,229,2249,7,1562,1299,246
2928,245,1383,195,146,211,542,4076,14,1450,22,927,328,701,1178,51,950,57,405,587,280
2929,221,1277,320,89,71,479,2367,16,967,13,382,169,771,840,129,804,24,869,402,148
2930,89,588,273,28,60,188,1839,52,311,3,231,104,198,332,37,342,3,193,197,47
2931,400,4734,817,442,563,414,6683,77,2728,112,2241,423,2163,2632,594,2015,50,1516,749,896
2932,572,3396,1439,163,207,1568,13250,262,2570,59,2118,1502,1301,2298,26,1851,24,2311,895,672
2933,334,3602,843,152,327,1733,5071,236,3194,148,1153,1266,1486,1584,249,2289,55,1887,998,211
2934,375,1734,450,40,147,1170,4225,153,1737,86,1080,294,1245,1220,225,1603,60,1704,547,380
2935,611,5308,1300,154,789,1012,8157,309,1543,18,1900,1207,1667,1339,206,2863,81,2289,657,675
2936,7,818,99,54,83,296,1173,2,548,5,459,132,451,523,57,258,15,325,149,83
2937,889,6590,1457,228,401,1937,11064,312,1739,121,2643,737,2252,1970,518,4188,0,2602,1585,529
2938,877,6140,1360,609,547,640,12093,133,2778,271,3478,1365,2927,3087,632,5095,46,3259,1801,887
2939,251,2622,746,186,248,1123,4874,68,1051,29,897,277,1252,1350,460,1524,66,698,845,445
2940,510,5209,1077,318,282,1538,9817,130,3958,139,1000,1380,1564,2184,565,2769,55,2680,1774,686
2941,82,1198,261,110,123,423,1211,125,851,18,568,301,505,656,202,691,3,562,270,128
2942,305,4221,555,253,696,1336,5216,657,3107,63,1736,1337,2077,2109,217,2400,13,1989,439,418
2943,541,5455,1326,203,534,985,10482,102,2786,14,2086,932,1252,1797,380,2097,9,607,401,340
2944,450,6492,761,147,380,2271,11489,75,1909,54,2316,688,2342,2843,349,2454,85,2343,1166,917
2945,588,5246,586,314,842,1675,10703,91,1859,64,1565,567,2006,3071,307,3718,34,2850,1807,838
2946,387,4649,193,321,279,1200,5888,182,2415,112,1770,957,1760,1844,555,2641,42,1943,476,578
2947,211,3232,578,286,352,1077,9710,343,1471,119,1715,453,1637,1472,369,2101,40,1752,1347,434
2948,986,7445,1019,314,488,2246,14593,365,4702,123,2722,1454,1897,3452,436,4252,63,2945,1450,458
2949,126,1040,316,47,62,292,3079,82,375,10,509,237,569,693,117,524,29,494,189,131
2950,140,1459,248,132,32,577,2908,17,498,45,607,86,620,1088,69,700,45,744,535,273
2951,442,4467,745,302,205,1395,9036,65,1480,95,1117,350,1270,2444,548,2297,24,1367,959,341
2952,245,3587,637,258,123,956,5807,235,920,93,1204,194,1517,1516,390,1551,0,1465,709,466
2953,269,227,503,107,174,816,5816,150,2169,28,972,223,1006,1468,200,1336,33,1104,939,347
2954,687,5705,1282,219,549,1134,10410,367,1809,71,1931,534,1332,1966,334,2536,27,2237,1302,439
2955,153,1423,265,83,56,542,3318,16,579,33,773,5,538,707,62,782,45,805,328,223
2956,375,3762,740,261,179,1557,6642,44,2549,65,1568,572,1662,2352,105,1486,62,2255,1419,472
2957,95,1119,163,149,80,347,1517,2,295,14,664,48,381,1005,43,673,85,634,395,65
2958,82,920,223,61,104,268,1090,34,236,29,500,42,444,591,35,630,9,390,305,212
2959,274,1543,124,168,67,491,2244,5,646,35,581,169,226,925,28,670,60,608,561,14
2960,830,7921,1708,450,348,1891,15852,75,2390,87,3029,553,2995,3524,571,4040,156,3904,2093,1004
2961,168,2506,568,264,74,1094,5890,146,1381,84,1607,418,1177,1833,178,1646,37,1622,1049,179
2962,226,1320,300,36,69,633,2576,95,44,20,808,2,563,959,96,834,2,680,370,214
2963,50,1318,74,112,63,258,1368,0,681,15,426,121,208,416,121,336,26,526,356,184
2964,129,2140,438,9,266,393,5865,50,625,0,704,459,738,840,128,918,5,860,297,241
2965,120,863,44,98,20,476,2078,13,193,8,428,43,378,396,25,334,0,456,237,129
2966,76,980,389,230,136,634,3196,16,909,12,918,313,481,941,115,662,39,922,573,113
2967,312,2844,489,156,149,1029,5589,32,1399,45,1226,304,855,1539,291,1371,138,1009,945,454
2968,386,4578,745,183,198,1392,6948,80,2226,45,1497,393,1214,2321,323,2254,85,1218,1558,686
2969,223,1042,373,45,212,579,4015,241,615,12,978,117,462,1050,77,878,7,954,694,156
2970,439,4131,886,252,437,1263,7528,10,3565,160,2163,836,1420,2340,382,2694,47,1601,647,500
2971,465,3496,910,220,259,1200,8174,98,2017,38,1524,642,1283,2163,433,913,21,1446,686,200
2972,152,1543,392,64,89,449,3713,14,954,27,797,221,740,940,77,649,28,867,308,260
2973,117,1107,383,79,55,470,3043,98,464,21,410,129,446,828,191,644,5,588,412,104
2974,148,1460,190,127,140,583,2138,21,1112,10,598,309,590,649,65,754,22,355,230,224
2975,522,2592,680,198,105,1226,5622,37,1667,46,1111,231,1489,1704,340,1586,100,1637,936,455
2976,205,1836,238,192,46,1270,3626,21,751,53,1099,180,978,1215,135,1208,62,811,918,515
2977,170,2229,328,107,220,659,5178,18,1698,22,838,648,763,796,250,1285,20,1238,492,382
2978,226,4013,916,250,538,542,6506,231,3401,69,1641,496,1823,2468,263,2392,40,1437,1329,718
2979,280,3082,351,266,138,1105,4707,58,2115,58,1152,625,1203,2072,166,1263,52,1349,502,537
2980,371,4396,1043,260,206,1124,8774,101,2519,73,2050,591,1561,2511,300,2299,48,1807,1356,360
2981,42,445,124,41,45,155,1575,10,569,11,325,100,229,271,44,229,0,199,111,98
2982,69,961,180,40,30,298,1760,11,286,19,257,84,218,179,9,367,12,438,176,62
2983,101,819,149,118,19,287,934,0,209,1,494,95,366,509,26,290,14,265,222,107
2984,175,661,321,84,23,327,1893,17,569,15,559,107,427,841,88,701,40,272,263,79
2985,246,1720,136,69,98,484,3456,59,874,104,1004,278,736,716,111,709,117,693,748,292
2986,75,779,301,34,54,252,1331,0,776,12,149,114,332,475,51,399,17,279,432,92
2987,384,3491,910,135,320,375,7748,114,1059,21,1280,384,1006,1499,141,1889,0,1099,1050,290
2988,149,359,371,66,141,189,2818,78,697,0,339,32,334,798,183,569,0,366,193,149
2989,360,3310,1126,415,414,1721,12038,246,1465,127,1686,793,1557,2531,408,2835,22,1681,1329,723
2990,319,3467,412,110,509,1059,6009,96,2099,55,1497,735,853,1450,143,1752,58,1381,912,515
2991,436,3731,473,358,341,1119,3136,29,2500,50,1358,394,1499,2499,155,1702,42,1855,1361,683
2992,161,1246,236,123,70,377,1455,21,391,47,544,58,496,395,42,314,28,536,403,214
2993,168,2250,282,144,0,503,5017,96,564,36,912,170,734,1459,69,1076,79,922,544,273
2994,327,3055,326,55,119,908,6411,99,1060,87,1445,355,1328,1542,133,1016,15,1128,547,271
2995,213,2439,448,86,156,639,6358,155,118,51,789,195,727,1342,176,1303,14,1063,745,373
2996,432,2919,725,87,269,613,6316,115,2296,66,1416,410,1266,1771,258,820,8,1144,767,348
2997,111,981,133,104,38,252,2828,107,470,11,362,117,363,667,114,570,7,526,377,140
2998,529,6740,1349,596,244,1972,14802,52,2661,106,2552,1180,1682,2669,773,4301,142,3710,2096,994
2999,529,4263,678,96,545,1016,9995,443,2136,113,1807,1099,1678,2280,323,1981,22,1721,1037,220
3000,71,3216,793,171,242,1572,8052,396,1460,159,1321,176,1273,1469,393,1683,37,1295,1238,556
3001,186,543,556,80,222,934,1975,16,1091,77,947,297,935,1271,7,998,0,210,290,201
3002,400,4009,998,178,211,1151,9253,114,38,96,1750,757,1465,2265,363,1929,63,1920,1407,168
3003,545,4461,943,209,3,1554,8543,367,2233,70,2178,534,1596,2380,508,2306,45,2047,1415,437
3004,17,647,127,116,42,295,675,4,546,12,407,34,302,394,6,458,16,288,244,90
3005,752,5898,866,291,188,1942,11275,177,1507,77,2192,879,1911,2739,472,3135,27,2197,1440,715
3006,390,1897,1074,258,288,1762,9324,163,1448,68,1491,337,1510,2200,133,2874,26,1193,987,391
3007,706,4030,1241,240,593,1353,4736,398,1529,63,1936,462,951,1714,140,2682,31,1641,1053,375
3008,191,2451,604,77,83,372,6309,12,1239,139,1534,443,1125,2244,251,1823,31,1749,1122,473
3009,223,1717,307,89,97,510,3316,100,479,50,483,98,692,1044,195,733,18,493,464,221
3010,345,2219,533,282,211,969,3568,48,1735,90,595,281,595,1166,146,1549,32,792,715,425
3011,169,1216,127,95,45,327,2802,93,946,39,490,284,612,752,142,446,5,429,321,108
3012,322,5232,578,98,261,2304,6665,61,1512,80,1503,292,1973,2829,700,3255,39,2309,1507,795
3013,269,2141,512,88,3,775,3705,5,530,10,901,205,825,975,108,1090,72,973,664,107
3014,410,5331,1601,254,766,1671,7603,468,2695,52,1770,1113,1587,2595,415,2742,42,1525,1570,546
3015,949,8587,1770,621,358,3330,13295,559,3792,108,3919,1278,3151,6710,845,4885,52,3978,2623,1206
3016,380,4806,105,162,1,1085,11194,375,1902,173,1742,683,1706,2464,369,2651,39,2017,715,611
3017,235,3509,710,216,307,1409,7954,246,972,104,1484,417,1845,1828,402,2525,35,1500,1039,428
3018,189,1203,232,167,18,597,2450,12,705,67,672,59,486,903,122,584,23,531,443,182
3019,449,3612,132,321,224,1338,5739,106,1618,9,1405,723,1637,1514,398,1941,87,2345,1039,435
3020,451,2074,949,97,523,574,7821,21,3072,42,1300,451,1289,1660,346,2021,36,148,1084,626
3021,272,2443,288,115,111,1088,3635,8,1098,66,1038,94,726,1131,113,1081,0,1103,954,282
3022,55,1081,117,47,1,363,1382,9,195,10,528,66,408,788,37,374,16,485,168,214
3023,264,2634,464,88,178,850,4551,58,793,23,924,142,452,478,105,1521,54,1192,591,272
3024,320,3719,318,57,194,1132,6717,66,1865,106,1189,563,1306,1716,195,1874,28,1401,1502,451
3025,1040,7051,720,363,1107,1699,14189,731,4233,124,1961,488,2263,3602,747,3625,15,1516,1137,651
3026,376,2764,370,134,49,779,4559,89,1007,8,500,129,817,1128,191,1296,51,1017,599,259
3027,782,6552,1076,536,917,2037,7902,217,4553,161,2770,1588,2395,3460,947,4197,119,3536,1373,951
3028,285,3024,581,142,105,1090,5859,29,1394,31,1354,140,1189,1652,295,1746,16,1857,1235,521
3029,121,1117,506,51,92,262,2884,90,428,3,394,151,293,346,60,601,1,449,519,61
3030,98,903,215,44,66,324,1982,64,447,8,522,196,361,2,64,466,7,472,236,181
3031,173,2013,346,83,185,579,3407,105,323,5,751,412,315,706,215,497,13,596,175,162
3032,782,6803,969,364,852,2297,14698,684,2615,85,2615,1078,2280,3068,502,3994,43,3124,2612,803
3033,245,1615,705,79,99,538,3501,143,1958,46,855,445,901,1750,212,685,19,1415,844,271
3034,91,1569,164,115,48,461,1622,4,362,0,297,73,629,641,32,271,19,723,310,108
3035,100,2732,422,134,262,688,4203,90,1776,0,889,517,991,1373,136,1450,18,812,756,289
3036,346,2563,454,127,58,905,2995,11,1107,16,1271,262,1103,1417,253,1594,25,1736,1144,483
3037,328,1868,469,166,135,430,3805,55,1950,32,948,394,1039,1053,137,1543,16,1199,848,334
3038,138,1661,284,131,0,246,2296,105,439,50,752,130,342,558,155,882,26,764,559,324
3039,763,8840,1210,368,232,2383,17317,231,3374,183,3245,1261,3051,3843,1074,4209,88,3804,1331,1195
3040,536,5684,976,224,3,1231,10563,177,1582,14,1459,655,1440,2251,282,2693,31,1809,1494,638
3041,309,1502,405,152,137,876,4311,13,360,49,864,254,942,496,95,861,34,1018,922,289
3042,502,3472,1080,119,0,1478,9477,122,1817,81,1476,803,1688,2166,212,2673,32,1682,1124,463
3043,658,9503,1590,309,699,2705,17771,697,4769,167,1895,2108,3522,3599,635,4473,11,3799,1984,399
3044,95,1675,439,119,106,605,3411,66,749,10,642,156,856,788,117,1027,28,860,728,67
3045,90,726,185,75,80,301,263,2,532,10,494,119,272,601,16,346,13,300,177,85
3046,785,6343,1395,527,1030,1787,16416,448,4196,149,3118,1001,3153,4595,587,3175,64,3153,1851,687
3047,395,2671,782,201,602,1383,8762,458,2953,34,1331,1300,1695,2629,67,1824,3,2079,1323,391
3048,140,997,214,124,31,436,1589,4,188,13,485,116,546,705,33,554,18,166,228,267
3049,171,1637,296,108,74,630,2696,7,849,52,727,120,627,743,41,716,45,712,582,358
3050,155,1164,273,22,191,372,3010,82,499,35,577,174,378,777,65,732,10,767,404,107
3051,592,3695,652,78,138,1058,8591,226,1385,84,1612,553,1715,2322,322,1777,8,1079,1088,373
3052,113,1103,82,58,20,420,1777,0,882,22,561,161,262,666,59,334,6,264,406,197
3053,813,7242,1134,291,302,1635,13491,324,4742,84,2659,1956,2116,2680,345,3232,56,2957,2285,542
3054,213,1999,252,137,96,834,3274,7,1322,5,704,302,737,882,206,967,26,753,423,287
3055,383,3371,900,142,298,1474,9184,44,3175,32,1682,1443,1553,1051,203,1769,11,1779,833,225
3056,107,3769,826,143,521,1343,5901,100,2525,63,1352,1078,1246,2017,233,1735,19,1745,1396,500
3057,411,2838,654,272,395,1083,8116,181,2787,88,1978,866,1531,1605,129,1789,107,2089,426,577
3058,446,3594,538,193,263,1146,7460,152,1418,55,1730,451,831,2132,256,1869,55,1392,1004,498
3059,89,626,106,36,52,234,1575,10,448,21,320,151,249,312,67,389,6,313,166,100
3060,326,2138,504,51,123,1049,4673,67,981,40,835,344,813,1306,161,1133,19,1207,552,219
3061,345,2548,214,91,238,1366,5655,68,924,28,676,330,1118,2156,86,989,57,1633,922,562
3062,732,6754,1360,343,192,2515,15473,161,2867,18,2613,865,2578,3673,568,3880,171,3645,2327,685
3063,101,979,373,2,87,295,1984,25,1050,2,580,285,228,671,117,33,0,246,158,109
3064,581,4849,1020,337,678,1522,10289,0,1959,40,1816,1151,1461,2252,334,2251,35,2035,1445,487
3065,259,2539,493,153,38,742,4883,73,1166,7,1055,503,634,808,165,522,24,571,578,391
3066,95,1371,99,98,94,338,2041,42,597,4,534,181,334,688,96,402,39,592,339,140
3067,452,2772,794,333,262,1342,8779,65,1200,47,1526,65,1199,1797,302,2085,0,1283,1368,576
3068,327,3457,818,208,409,858,7748,525,2502,62,1943,1078,1097,1487,249,676,26,1183,469,382
3069,152,1594,64,157,0,551,3100,1,628,83,767,183,591,635,113,882,84,719,578,273
3070,360,1376,250,116,69,986,5435,50,238,87,1156,280,1073,1409,47,1572,12,1328,510,352
3071,287,3343,594,381,290,1323,6769,105,1216,71,1481,398,1114,2160,273,1404,46,1530,1265,389
3072,688,7188,980,588,384,2563,12840,103,4522,280,2897,737,2848,4369,365,3006,238,3781,2428,1327
3073,141,621,347,112,53,483,2950,71,599,65,815,152,718,951,138,611,6,673,416,220
3074,326,4321,1072,202,404,1131,5270,139,2256,76,1082,869,1269,1292,249,1852,20,1693,1428,295
3075,87,642,404,62,123,417,3062,111,468,5,651,173,571,640,166,790,0,609,287,132
3076,617,4744,1172,110,520,1780,13630,142,2596,203,2512,673,2288,2885,810,2944,2,2384,2422,616
3077,207,2153,93,166,115,496,2229,26,944,61,592,269,730,998,58,542,24,817,551,309
3078,87,1255,286,164,22,407,2973,60,431,21,504,90,511,612,138,474,31,459,202,254
3079,553,3265,708,180,147,1181,4088,42,1549,18,1432,392,1164,1506,298,1503,81,1254,926,179
3080,293,2659,551,376,47,1124,5643,39,774,89,1431,578,1479,2077,396,1803,188,2028,554,650
3081,217,2246,646,181,94,847,5435,32,953,51,1318,584,809,1421,72,1234,37,1198,1098,309
3082,374,2922,844,109,292,577,6537,139,1490,20,1462,297,1244,1089,145,258,21,926,253,359
3083,426,4602,1028,256,246,1513,6154,82,1936,49,2043,629,1378,1026,380,1916,61,1535,1241,561
3084,341,3856,568,261,302,1204,10547,106,1409,39,2618,1060,1567,3049,659,2578,45,1618,1441,591
3085,205,1169,350,158,112,469,3149,122,1357,13,725,441,687,1204,95,830,5,700,245,213
3086,656,5958,912,439,189,1471,12722,183,2054,24,1764,540,2123,2196,392,3025,46,2996,1664,705
3087,561,5056,757,137,322,1790,10034,160,1032,85,875,555,1888,2836,225,2503,38,2715,1420,701
3088,490,5510,1051,369,994,1763,13707,353,4253,34,2113,1443,2304,3143,1045,3026,20,2449,1308,597
3089,245,3362,605,145,284,858,7466,203,1347,31,1037,795,981,1312,178,1311,6,1379,710,330
3090,185,490,52,77,41,592,1361,6,377,15,288,93,396,783,17,238,40,331,384,183
3091,112,1251,213,68,43,334,2160,3,340,19,712,97,542,609,8,656,16,722,342,183
3092,70,1028,137,50,21,342,1534,5,345,13,355,55,428,688,35,574,2,441,434,167
3093,194,2080,570,119,234,351,3464,101,543,15,594,322,515,1056,52,981,7,579,365,201
3094,162,938,172,117,35,767,1115,10,547,35,877,236,608,1095,19,543,44,616,323,136
3095,317,2493,612,196,226,1275,5743,23,1086,63,1399,230,1317,1853,458,2207,68,1693,850,777
3096,192,1562,203,119,62,724,3182,6,803,91,638,91,692,931,25,804,119,919,634,175
3097,591,4618,1136,263,331,449,10381,53,1628,93,1566,305,1133,2290,406,2309,30,2020,1056,612
3098,274,4150,680,199,367,604,9960,220,1127,50,810,314,1119,1234,18,1808,3,1403,778,185
3099,303,3379,626,158,329,1231,5848,56,2184,26,1230,384,562,1701,235,1679,36,1589,1314,411
3100,390,2650,561,220,177,993,7595,77,1101,54,1436,1,1076,2023,448,1705,56,1047,964,343
3101,210,2153,292,123,68,697,5431,196,484,41,868,160,773,1297,130,504,5,439,660,206
3102,355,3061,636,263,81,1338,7003,84,1304,155,1393,331,1630,1033,280,1842,2,1444,1140,546
3103,157,866,371,33,40,371,233,86,933,19,455,89,344,764,100,475,10,500,236,35
3104,500,4011,1018,154,173,1054,7986,106,1480,99,1875,314,1295,1847,338,1428,4,818,923,195
3105,238,2895,799,167,180,809,7501,106,958,55,1522,296,599,1732,145,1265,6,1027,353,74
3106,103,2527,433,134,65,680,5187,49,1042,58,889,29,764,1407,146,1023,63,907,628,166
3107,744,5699,1157,243,187,1565,12460,284,2157,38,1888,966,1717,2186,337,2719,59,2254,1780,715
3108,90,1485,332,145,20,487,4103,61,1008,0,664,134,638,754,81,860,15,919,331,267
3109,196,1646,152,131,90,429,2623,5,361,20,582,141,542,794,80,721,27,792,671,194
3110,265,3426,601,287,170,922,6468,26,1175,156,1727,187,1326,1948,218,1881,52,1897,655,546
3111,274,3018,413,196,143,950,4019,42,1948,26,1113,426,1011,1302,276,1020,37,895,433,260
3112,968,5724,419,237,883,1881,8852,273,2878,34,871,11,2258,2291,503,3160,49,2583,1055,600
3113,906,8105,1384,548,512,2296,16929,179,3816,224,3228,824,2153,3372,868,4470,48,3367,1773,1032
3114,419,2282,409,163,354,442,7253,139,1981,0,1325,653,768,1206,149,1476,32,1115,684,141
3115,511,4870,1025,180,383,1555,11192,73,1642,69,2415,542,1803,3107,419,2518,69,2140,1113,460
3116,537,3982,1207,355,571,1402,11519,277,2098,71,2389,1645,2145,2917,828,3455,75,2434,2056,902
3117,182,1643,475,159,214,546,3647,17,1360,36,697,373,770,1003,224,1040,9,528,130,309
3118,795,5985,449,317,472,1733,10484,140,3231,116,1756,1007,2154,2486,475,3041,77,2385,1779,692
3119,376,3419,621,154,74,868,3459,24,939,21,1357,1,913,1952,50,1650,28,1483,929,235
3120,98,759,200,75,84,276,1497,21,596,14,306,161,276,445,23,403,6,313,158,90
3121,115,406,25,0,0,275,872,0,155,1,734,175,342,127,391,238,54,0,205,550
3122,93,711,252,75,21,305,642,7,232,9,441,17,296,364,23,349,0,434,151,120
3123,244,1704,417,186,109,714,3278,25,775,56,804,70,565,919,64,898,38,914,547,167
3124,610,6590,1270,356,455,1427,12568,259,4033,104,2546,791,1806,3577,619,2543,19,2746,1214,751
3125,201,1419,389,173,102,435,4172,113,1628,39,879,357,656,1255,281,1040,8,804,346,113
3126,277,3707,720,238,176,944,7016,23,2247,78,1491,760,1349,1361,524,1911,47,1524,806,436
3127,226,5048,775,288,589,1317,9959,221,2042,82,1911,48,2153,2706,458,2682,52,2216,847,799
3128,441,5191,889,185,245,1088,5653,50,900,67,1517,277,1132,1011,349,1597,31,2673,1492,337
3129,90,677,149,71,21,282,1308,2,510,8,548,118,398,474,102,294,14,435,254,106
3130,96,729,86,34,35,318,1369,0,559,13,264,126,345,581,9,305,20,321,350,82
3131,192,1923,217,159,47,640,2759,8,646,57,563,85,412,1037,66,840,16,735,700,297
3132,59,732,311,25,46,206,2178,75,400,11,310,129,261,415,37,450,0,239,207,47
3133,271,2437,647,150,232,781,4996,234,1256,54,993,493,1267,1463,308,1507,15,1693,703,497
3134,125,3202,925,142,413,704,6094,178,1300,112,1284,442,660,120,246,1836,2,1239,437,138
3135,347,7743,1185,435,564,2365,16097,500,3102,106,3056,1294,2333,4411,765,4158,24,4611,1963,1488
3136,410,2279,1029,173,195,1219,7454,282,1189,61,1337,551,936,1849,201,1627,35,1516,1186,365
3137,65,707,156,73,59,166,1557,27,180,6,219,121,360,246,55,410,0,157,55,44
3138,152,2008,115,86,108,574,3408,52,1397,28,842,306,413,1478,183,929,55,1141,600,179
3139,239,1995,182,153,1,863,4286,3,855,74,918,210,748,957,179,1055,12,1121,416,246
3140,212,2218,410,111,141,805,3995,44,1360,55,780,391,538,1108,64,900,36,668,633,336
3141,269,3917,615,182,160,728,6378,134,2102,111,1143,374,776,1934,300,1876,39,164,554,364
3142,70,698,169,47,74,242,2250,57,356,5,266,102,374,502,63,393,0,323,203,43
3143,375,2301,694,272,97,613,4704,183,1705,43,1450,423,1227,2220,381,1608,127,1823,1410,643
3144,117,1058,159,156,28,188,1120,1,286,14,414,107,422,532,5,397,15,328,431,75
3145,495,3866,734,301,90,1440,9001,241,1529,141,1628,315,1493,2281,129,2453,82,1640,1291,548
3146,210,1751,222,166,0,494,3030,12,569,44,764,80,664,1056,89,767,45,828,287,151
3147,601,3870,1015,353,484,1570,11957,174,2051,130,1957,940,1935,2545,776,3072,79,1559,1308,310
3148,113,1153,221,53,43,331,2993,179,460,11,336,181,400,690,122,649,16,594,127,167
3149,112,1906,244,211,61,627,3652,17,1535,20,448,344,667,317,149,841,34,680,606,234
3150,540,6168,1129,340,394,1580,13019,62,2965,59,2235,1029,1676,2338,100,2757,32,2765,884,495
3151,310,2994,761,324,125,1336,9725,42,1661,91,1684,540,1696,2692,312,1866,86,1853,1722,390
3152,424,6519,1218,357,246,1912,9939,466,3969,88,3146,732,2478,2528,463,3366,68,1194,1158,1085
3153,118,559,228,60,57,461,1835,9,388,2,325,5,405,488,94,238,10,525,188,131
3154,859,6338,997,350,366,1683,12394,98,3913,167,2616,586,2212,3547,520,2473,47,2642,1468,791
3155,268,2399,388,157,263,989,2327,62,1451,54,920,331,1126,1297,241,1173,12,490,960,125
3156,413,2337,517,95,149,359,3713,29,1102,21,853,228,828,836,91,988,10,1200,422,135
3157,563,4935,650,349,152,1698,8420,274,1864,95,2020,703,2029,2130,302,2362,98,2791,695,504
3158,310,2433,413,138,197,722,3671,30,1736,42,1330,454,985,1410,109,760,101,1165,1035,347
3159,364,6762,1418,182,459,1546,15541,848,3908,198,2756,1690,2607,2237,483,3081,17,2951,1561,695
3160,353,4797,1052,168,109,957,5559,12,2054,72,668,458,1481,1727,251,1518,64,1965,1434,336
3161,262,1696,412,139,52,655,3309,17,876,30,802,239,588,1231,80,465,21,569,708,285
3162,579,2493,740,306,3,718,6535,34,243,101,1716,675,1578,2126,297,2498,61,1436,767,288
3163,776,6700,1225,301,700,1087,14628,432,4499,73,2609,717,2520,2794,183,1941,6,1404,205,12
3164,315,3095,377,267,349,849,6551,10,2152,28,1477,505,1282,1644,240,584,83,1059,663,495
3165,107,760,406,28,57,224,2344,77,364,14,312,154,272,412,50,430,2,288,215,36
3166,673,2102,1143,51,169,850,5054,182,681,46,1884,740,1665,2391,563,1551,38,1927,1025,259
3167,169,1451,117,136,15,635,1529,9,499,62,697,92,437,473,36,602,25,703,524,228
3168,418,3655,797,214,162,1383,7640,125,204,12,1363,211,1424,1829,171,2433,78,1686,673,614
3169,326,1834,559,308,176,970,4531,120,876,8,1355,94,664,1805,246,1427,34,1132,1266,278
3170,686,2145,851,254,2,754,7325,9,846,5,1236,718,1137,1969,393,1648,39,2151,1212,521
3171,265,4912,796,292,261,1211,10040,132,2694,29,2028,711,1845,2475,356,1973,47,1727,1751,546
3172,954,5206,856,316,480,1774,9692,76,3356,64,1929,1153,1968,2477,669,2597,23,906,1123,683
3173,293,2209,286,295,200,778,2072,121,1145,7,1085,279,818,1548,234,788,74,771,815,377
3174,67,976,110,70,33,482,1230,1,302,12,383,20,338,370,10,434,44,380,215,126
3175,1067,10793,2480,567,875,4384,22372,858,6544,221,4522,1526,3748,5769,1129,6984,62,5594,3234,1531
3176,168,1625,507,111,261,503,5285,9,1342,18,718,434,893,1148,125,1025,1,522,584,201
3177,275,3413,1174,138,273,899,7540,124,811,61,627,100,897,1459,392,1725,19,1046,678,13
3178,571,5901,948,333,388,1631,12005,279,3899,49,2154,1033,2083,3245,700,2682,115,2432,1768,758
3179,147,977,253,56,58,219,2665,130,857,6,403,135,391,634,49,459,2,383,298,143
3180,167,5086,768,177,681,1226,10510,12,3156,144,1432,484,1382,2553,428,2385,50,2188,607,196
3181,120,1342,165,208,0,768,2296,8,539,58,764,146,739,834,22,553,85,799,508,280
3182,291,2057,506,110,142,643,4097,165,1348,12,848,202,644,979,154,1003,20,831,402,335
3183,370,2351,301,134,123,732,4156,2,869,23,926,285,648,1083,246,897,35,721,1231,270
3184,403,2791,531,138,243,1094,5317,152,2387,109,1428,634,1032,1761,172,1527,1,1151,1041,525
3185,415,5611,1018,288,437,1476,11049,60,2238,121,2256,685,2159,2078,544,2559,37,2706,1497,850
3186,206,1151,247,116,53,592,2995,12,649,51,476,133,592,908,93,855,9,753,554,175
3187,199,1191,115,48,52,215,3155,50,780,16,597,109,454,646,111,673,1,616,500,157
3188,332,4560,1187,197,220,883,8910,74,1669,118,1633,529,1486,2326,253,2597,36,1499,1396,542
3189,406,4058,718,220,166,1073,6600,181,1915,56,1921,1132,1497,1555,335,2026,45,652,501,303
3190,693,5791,1246,274,82,1472,11000,43,1532,43,2035,670,1931,3212,279,2631,73,2119,1574,779
3191,177,2489,788,150,123,637,6795,72,859,60,1540,505,690,1838,176,1598,79,1128,595,134
3192,176,1217,137,115,34,542,2933,15,599,39,736,96,430,842,79,678,26,737,374,235
3193,503,3908,711,173,498,1057,8321,43,3031,57,1626,970,1275,2223,454,2240,19,1886,704,495
3194,371,2939,390,295,3,1147,5652,177,1632,86,1558,3,1305,1938,350,1694,45,1495,891,431
3195,94,2131,206,40,228,609,4599,31,1744,24,566,270,495,1092,171,953,10,683,541,148
3196,635,3869,1958,312,546,1772,14430,308,2365,144,2572,808,2534,6284,314,3903,12,2819,1588,494
3197,99,700,189,51,9,247,1527,25,253,14,193,80,311,683,26,346,0,387,254,112
3198,345,2962,413,282,15,1424,9385,176,1474,134,1741,241,1134,1983,220,2198,27,1816,1311,284
3199,454,6049,1306,238,527,2026,13413,261,1774,110,2510,686,2194,2981,412,2833,31,2596,1453,410
3200,337,2593,565,229,306,1192,6939,215,2147,64,1605,699,1100,2016,329,1042,33,1374,1017,477
3201,571,5053,1150,99,105,1661,11753,77,1929,57,2021,856,1746,2450,357,2621,22,2490,1532,704
3202,220,2398,395,128,196,560,4509,14,1918,47,1033,134,1028,1463,74,1137,8,731,536,452
3203,580,5082,1037,213,25,1897,10342,262,1312,53,1647,428,1922,2601,255,2951,18,2131,1520,403
3204,349,2388,555,252,168,1215,5286,54,1763,45,1018,397,1056,1694,103,1322,32,1419,784,278
3205,807,3437,832,360,437,1458,10722,445,2455,80,1593,658,2181,2770,280,3095,47,1236,1116,751
3206,654,7139,2257,236,360,1911,10481,308,2148,55,1552,315,2453,3624,250,3223,9,2693,1972,656
3207,181,1958,431,139,106,503,3942,44,1454,24,727,408,758,1556,321,683,29,961,557,219
3208,402,4099,562,223,2,1544,8465,77,1818,107,1562,533,1641,1801,468,2175,115,2391,1550,828
3209,549,4874,963,280,444,1338,9748,162,1990,38,2065,1093,1372,1820,96,1905,23,2051,1162,387
3210,475,3005,605,201,74,943,6736,30,634,60,1611,185,1561,1905,195,2195,78,1349,1058,372
3211,282,1759,469,270,135,892,1514,206,2027,13,1101,476,849,1157,228,1035,24,744,449,419
3212,224,3742,1321,218,381,1133,7406,115,962,102,1084,569,1436,2184,139,1047,22,1486,1018,372
3213,566,6157,1268,366,378,1696,10937,567,4216,207,2453,1218,2467,2919,716,1709,37,1568,1533,483
3214,237,2275,694,150,78,1198,4557,28,1038,59,1536,347,932,1595,487,1171,67,1108,399,398
3215,1148,11145,1427,753,572,3087,23183,295,6643,230,4138,1799,4588,4186,1079,6170,44,3131,3382,1084
3216,896,6237,308,317,490,2124,8088,79,4899,110,2823,2054,2873,3961,594,3394,0,2789,1851,621
3217,625,5906,1196,498,143,2948,15375,102,2910,98,3188,728,2401,4244,669,3097,45,3666,2467,1040
3218,301,3304,740,246,34,911,6835,274,2212,67,1098,1013,1357,1642,166,2239,38,1670,926,570
3219,657,6601,1414,305,100,2181,14206,259,2596,12,2455,65,2320,2919,172,3065,56,1692,1890,635
3220,270,4664,1361,360,441,1595,8546,124,2600,112,1662,1146,1587,2595,289,2593,97,2485,1281,571
3221,497,2547,506,222,369,366,9467,93,1363,73,1390,323,1557,2157,301,2816,33,297,885,539
3222,355,3174,438,162,144,1258,5269,57,1945,72,911,530,988,1132,20,1755,87,1337,334,459
3223,597,4144,1101,276,336,1131,10756,171,1861,55,1494,469,1352,2679,279,922,2,1736,1426,461
3224,565,5450,1319,370,722,1552,13052,280,3536,94,1319,917,2167,3001,381,2690,38,2783,1376,654
3225,328,3715,655,90,231,1336,7380,22,1042,48,818,380,1131,1601,217,1848,74,1894,1618,387
3226,346,2849,425,112,68,830,5034,24,1762,100,1285,332,843,1365,134,1527,24,702,670,273
3227,361,2603,1329,159,120,1155,10172,320,1350,36,1855,598,1435,2035,475,2417,39,1839,637,440
3228,511,3836,703,285,2,764,4616,50,1550,61,1863,610,1417,1882,225,1542,42,2077,267,477
3229,200,1165,565,225,73,153,5717,1,1753,32,946,148,971,943,81,969,27,745,694,428
3230,253,3267,459,198,163,1023,5338,18,1035,30,531,257,602,1333,180,1017,23,1298,398,318
3231,776,3404,1294,361,627,1427,9514,35,3662,110,3097,1466,2490,3059,643,3089,26,2087,1475,514
3232,367,2524,698,224,121,771,2383,101,947,71,1048,359,705,880,336,1211,89,1541,641,237
3233,183,1701,464,148,170,969,6801,55,1145,85,615,228,942,1152,194,1432,53,1607,761,419
3234,72,3510,984,426,63,1127,6452,64,3144,1,1836,428,1312,2361,561,1903,94,2367,1217,673
3235,907,5879,1711,362,128,2767,18515,364,3234,118,4334,1151,3779,4137,921,3958,80,4378,2288,1066
3236,467,4155,999,183,287,1299,5582,306,1224,28,1640,416,1601,2370,324,2422,16,1766,1163,201
3237,204,3823,491,300,305,1341,8901,44,3027,70,1522,378,1419,2353,222,2551,17,950,1571,580
3238,93,1277,309,84,187,400,3705,23,546,13,530,14,656,756,148,870,4,603,516,156
3239,83,559,243,27,36,152,1689,53,316,6,196,97,163,311,22,317,1,229,169,31
3240,367,5327,1077,298,239,1317,9703,95,3605,143,694,1007,1791,2247,252,1887,111,2009,1547,428
3241,481,7033,858,218,382,2195,15556,236,1774,95,1583,298,1485,3037,380,3656,50,3280,2112,723
3242,231,812,189,52,55,438,1300,11,358,5,277,69,350,748,40,412,22,262,186,118
3243,349,4392,532,320,280,1417,5967,102,1326,0,1184,366,1060,1625,413,1908,0,1513,1235,657
3244,988,5737,1579,390,230,1874,17218,706,2426,169,2978,1257,2416,3996,739,3897,30,3318,1848,752
3245,689,5675,1162,253,688,1384,14510,480,3995,106,1632,1233,1658,2800,431,3174,37,2068,1196,547
3246,1300,8080,2057,609,603,3363,25400,395,6533,241,4420,1956,4113,4635,963,6003,54,5247,2312,1329
3247,203,927,106,136,81,201,1533,7,429,38,350,99,359,536,24,283,32,299,282,187
3248,386,2702,724,125,418,1296,8187,261,2075,149,999,260,1387,1685,148,2140,24,1701,982,330
3249,139,1178,196,89,63,337,2129,41,845,23,725,247,508,628,82,497,14,472,199,157
3250,172,1255,203,125,55,697,1846,11,1144,35,938,70,488,803,35,693,16,832,355,127
3251,339,3617,524,224,146,1309,4564,8,1425,29,964,321,802,1818,254,1665,103,1153,764,484
3252,584,4087,585,140,397,1496,7341,56,1315,43,1507,435,1225,2131,365,1891,15,1615,1536,201
3253,514,1601,439,131,377,741,3946,89,1008,79,1312,423,938,1589,211,1384,32,759,701,270
3254,177,4030,608,302,99,1146,7447,136,2383,6,1567,686,1693,2104,299,1711,79,1629,1471,348
3255,226,1860,317,45,149,398,4089,68,640,28,594,306,664,1013,227,1004,7,748,490,227
3256,94,1427,308,250,122,825,2848,63,1293,45,854,123,937,872,26,806,37,941,444,311
3257,406,2896,962,220,0,1303,9003,245,1531,31,1380,564,1529,2118,328,872,39,1448,661,517
3258,205,3256,680,252,320,1120,6205,43,2360,46,1396,903,1336,2132,69,1718,21,1663,1409,502
3259,155,1152,283,82,120,387,2584,9,880,10,477,271,412,715,91,560,28,281,375,100
3260,388,2324,365,242,97,960,5982,15,1152,29,1234,279,1052,1455,116,1035,54,1477,857,342
3261,115,1584,554,130,0,785,5539,81,705,23,955,193,903,1269,232,1174,42,1754,552,251
3262,606,3486,528,402,20,1486,7101,109,1520,83,1732,401,1691,1844,163,2245,5,1038,1534,462
3263,735,3136,1373,281,421,1899,13400,119,506,58,2399,582,2281,2640,282,2490,21,2465,667,458
3264,426,2241,1088,80,308,622,9068,169,2056,31,1158,599,837,1555,70,1806,2,792,748,348
3265,226,1521,599,174,224,695,6184,153,239,27,1157,338,871,1564,154,701,36,1217,609,297
3266,862,7523,1367,183,535,1697,16314,290,4369,136,2767,592,2274,3534,713,4163,41,3174,1834,608
3267,203,777,137,74,5,304,1891,13,1072,55,604,222,381,524,0,589,48,519,280,145
3268,216,2455,404,101,0,1026,5631,98,957,45,1078,251,1056,1178,189,1155,99,1123,983,422
3269,2,6942,634,138,2,1013,9913,152,4216,45,1643,1160,1700,1703,583,3328,14,2483,1304,658
3270,113,1105,358,86,119,338,3535,26,414,18,289,59,528,992,160,788,8,684,446,243
3271,94,1260,344,117,118,348,2997,36,327,19,519,171,294,693,105,650,5,631,193,128
3272,391,1639,749,189,334,895,7684,35,2210,59,1263,764,1061,1546,409,1382,6,1375,974,405
3273,163,934,137,90,32,235,576,1,244,22,523,114,388,741,66,437,34,268,544,188
3274,377,1724,1035,238,299,1113,8914,45,2940,27,1008,388,1302,1141,154,2052,14,576,785,506
3275,116,1101,306,47,95,482,2536,52,838,87,541,344,706,929,99,817,27,721,597,297
3276,134,545,137,63,30,187,1202,60,452,3,287,84,312,398,31,357,3,296,174,42
3277,744,4957,1464,170,109,1119,11183,564,2315,98,1951,889,1976,2119,182,1678,10,2037,1433,328
3278,353,4746,993,133,935,1523,9657,476,3396,62,1611,1077,1708,2389,398,1767,20,431,688,514
3279,347,5744,1150,367,149,1208,11937,14,2017,230,1737,412,2400,2453,714,2614,57,2913,1787,159
3280,591,3717,950,238,398,1603,8069,262,3290,68,1573,868,1864,1535,509,2218,92,1081,1313,403
3281,101,685,78,20,37,220,1284,7,807,13,554,144,320,405,52,336,31,467,221,168
3282,415,2686,422,180,336,1459,5949,30,2781,69,1844,1410,1534,2418,401,1594,3,1070,1104,271
3283,263,3550,737,257,254,981,7290,21,2431,20,1355,882,1260,1266,189,1849,5,2021,602,575
3284,335,2553,630,82,263,1087,6469,49,1187,46,1160,434,1108,1393,150,1355,55,1232,569,212
3285,794,5430,888,260,200,1105,11369,116,1252,16,1951,411,1696,2111,314,2345,33,1856,1740,541
3286,225,1705,184,250,106,596,3683,11,531,40,857,142,699,1272,103,604,45,926,642,265
3287,116,1141,361,102,104,237,3148,51,850,6,475,320,376,607,40,789,4,436,213,185
3288,487,2188,281,125,30,1280,6605,9,1088,83,1619,470,1134,2253,148,1394,66,1396,1200,655
3289,370,4040,1085,248,224,1308,7913,71,1406,80,1383,232,1309,1445,343,2292,14,1011,654,89
3290,263,3355,200,153,98,672,7643,73,797,0,1281,465,732,1095,211,2417,2,1513,188,320
3291,693,5855,1154,216,249,1681,9260,133,5005,135,1822,761,2003,2387,277,3116,31,2183,694,927
3292,757,5693,672,103,284,1891,14285,117,2480,216,1648,995,2811,3755,164,3564,100,2981,1330,1132
3293,400,4892,937,193,519,749,11982,67,1402,167,1411,854,1715,2398,452,2374,35,2614,474,553
3294,213,2643,396,42,81,806,3399,211,739,106,1226,67,1001,1580,185,1242,0,1261,911,464
3295,175,1484,419,103,36,228,2684,11,835,27,684,69,586,901,13,339,22,759,222,137
3296,452,3878,498,333,264,802,7719,151,2675,115,1465,1142,1606,2313,317,1921,44,2009,1263,421
3297,182,1035,559,45,0,417,2536,136,689,9,471,188,633,900,187,700,8,458,307,180
3298,119,1136,174,67,33,227,3323,46,956,30,313,237,537,801,120,516,1,552,217,187
3299,1209,12085,1814,652,5,3014,20659,771,3691,397,3719,1617,2416,4953,492,5010,22,4143,1870,1855
3300,92,652,136,60,76,132,1616,34,255,30,175,48,294,278,45,402,10,313,286,90
3301,112,825,122,128,24,264,936,2,540,21,286,75,260,440,8,324,19,312,221,48
3302,121,960,72,101,62,362,616,2,637,12,432,46,361,495,37,359,38,278,223,74
3303,661,4310,823,111,131,1775,4634,47,2812,65,1398,700,855,2207,318,2506,52,921,1244,272
3304,365,5014,1239,136,203,1311,9973,149,1876,77,1736,715,1511,2320,182,2444,23,1550,1558,447
3305,234,2061,329,265,0,811,4238,102,1025,23,1107,32,815,914,1,792,17,135,437,185
3306,175,2602,369,160,162,512,5471,277,1685,44,983,734,628,1243,197,1203,24,1299,489,422
3307,647,5536,678,348,264,1651,11041,14,1789,152,1229,590,1680,2621,833,2576,58,1367,466,686
3308,43,664,178,21,23,331,1295,1,252,8,328,82,244,761,43,317,11,453,244,200
3309,78,939,179,60,18,196,1738,38,337,7,390,240,361,552,89,607,22,359,317,96
3310,434,4352,783,192,286,945,8938,28,2842,96,1583,51,1399,2391,347,1961,20,2201,635,432
3311,320,5528,1000,192,559,1793,9964,258,2235,110,1715,681,1453,2601,445,2489,98,1458,1221,362
3312,478,4146,1309,62,437,1050,3077,272,2716,38,2050,943,1209,1476,237,1745,36,877,820,122
3313,726,4831,1156,238,9,410,12194,353,1808,84,2172,846,1923,2398,351,2513,110,2485,1399,537
3314,430,4284,712,137,279,1225,7624,266,1934,6,1661,931,1334,1832,391,1945,21,850,1314,541
3315,215,1131,325,133,0,872,4097,12,1463,24,700,100,663,1168,284,902,32,1146,748,208
3316,102,876,229,60,90,376,1638,2,862,19,579,158,343,789,23,573,34,563,316,82
3317,432,3600,623,175,152,1171,6050,24,1276,56,1351,86,1228,2416,160,1327,62,1514,1178,519
3318,364,2454,970,1,3,505,22,64,485,28,242,199,391,572,0,684,73,730,215,86
3319,141,3588,276,384,42,1391,6496,166,1303,84,1242,348,1720,1757,411,1673,68,1645,1021,518
3320,378,1239,640,202,59,894,5226,10,762,44,1069,563,987,1954,342,1263,23,1314,508,299
3321,645,7651,2107,574,665,2564,19522,439,6314,177,3985,2462,3510,4121,1164,4241,27,4059,2316,1115
3322,328,3080,666,224,203,891,5927,64,2093,35,1159,632,1132,1433,309,1252,19,1291,976,399
3323,255,2007,385,152,120,771,3344,7,740,80,704,269,577,988,85,847,16,937,753,51
3324,97,527,82,22,77,182,1249,41,455,6,329,127,304,393,45,182,4,323,116,69
3325,130,1335,267,91,113,398,3100,84,805,18,589,322,764,805,191,862,14,680,435,172
3326,133,1500,388,65,27,510,3890,232,630,44,784,212,527,864,140,835,4,611,358,143
3327,464,3934,972,253,141,452,6585,212,2244,75,1996,781,1500,2025,270,2102,75,262,1263,505
3328,127,993,191,61,52,311,2374,75,787,6,467,177,342,678,19,432,14,494,338,182
3329,179,1551,398,171,46,571,2507,21,1605,63,723,137,875,679,61,833,8,863,479,190
3330,400,2515,191,148,77,1050,5386,4,976,13,1008,276,921,1264,119,1063,38,930,979,120
3331,262,2792,527,210,16,1207,6385,84,1366,89,1078,320,839,1320,110,1128,53,1174,1290,167
3332,856,7291,1329,303,342,2146,14558,771,2175,59,2554,685,2415,942,309,3138,17,2539,1931,357
3333,126,947,42,121,45,401,1395,0,774,13,602,190,296,513,28,498,15,457,353,96
3334,335,3344,755,201,109,958,6908,110,1178,58,1366,304,1153,2097,141,1699,71,1129,786,401
3335,1018,8705,1979,477,82,2707,19037,442,3114,149,3205,1056,3634,4190,475,3552,48,3035,2530,1036
3336,353,4083,436,279,153,1398,6321,16,1447,40,1493,514,1382,1642,450,1803,64,1804,1522,624
3337,610,1426,920,396,547,1494,13200,344,4043,27,2032,1015,1723,2586,375,2004,39,1958,1287,565
3338,398,4598,702,170,325,1337,9923,275,3255,129,1814,870,1380,2207,159,2688,7,1416,1359,402
3339,427,4242,1630,145,624,1101,11228,550,1457,52,1436,722,1288,1828,278,2303,1,1748,1413,328
3340,24,881,166,119,32,481,1948,8,1152,6,834,115,320,823,39,635,48,537,352,232
3341,314,3017,438,184,112,778,4703,27,923,42,445,240,923,1562,78,1336,0,969,579,518
3342,793,6537,721,387,158,1239,12362,302,2201,0,2764,85,1335,1897,197,2614,52,1645,1573,586
3343,542,4208,1067,156,344,1432,8041,88,3216,25,1881,697,1435,2207,263,1825,36,1778,1143,589
3344,216,1297,256,122,58,561,2146,22,648,76,731,47,715,885,56,566,5,1062,605,239
3345,280,1955,613,93,114,551,6564,184,1092,28,971,233,1028,1006,224,1284,1,1158,546,347
3346,529,5044,1103,246,165,1510,11269,391,1642,54,1711,678,1388,2680,193,2664,33,1605,1857,436
3347,212,1895,324,238,69,897,5067,1,953,83,963,324,758,1386,194,978,1,763,676,297
3348,171,1757,235,182,106,767,2613,14,644,3,814,86,694,1170,110,796,28,819,733,401
3349,266,2035,674,184,280,1286,6470,66,2229,51,1624,670,1460,2115,408,1941,32,584,546,93
3350,508,4513,884,230,478,1741,10962,90,2976,147,1817,1287,2276,2548,350,2600,21,2282,959,611
3351,632,4616,1001,318,236,1745,8641,377,1726,134,2043,287,2281,2703,92,2851,150,2308,1430,284
3352,1323,8214,1530,545,399,2529,18219,317,5697,157,3377,1584,2391,4983,693,5272,62,4917,1869,1255
3353,237,1592,591,68,176,509,3389,19,2255,46,1243,523,1187,1348,150,1413,20,927,693,379
3354,310,1916,336,84,182,694,4974,58,856,24,792,439,781,1075,265,801,22,1095,484,170
3355,149,2343,733,176,1,627,4908,247,441,5,1012,459,609,731,135,1184,3,1188,354,261
3356,114,1023,58,30,37,273,2095,133,509,6,310,275,277,575,30,176,1,251,80,82
3357,501,5615,1380,250,167,1479,9986,222,1379,107,2020,764,1453,2228,272,3105,61,2272,1254,394
3358,613,6212,1186,317,271,1568,10353,293,2460,122,2311,892,2258,2590,567,2366,23,3286,1508,961
3359,82,840,110,132,58,279,1265,0,494,10,347,164,189,540,27,330,16,193,157,40
3360,114,1226,244,134,1,334,2423,53,203,27,554,131,430,659,107,535,29,493,356,178
3361,141,1269,105,70,93,592,1987,6,787,13,830,169,443,978,36,516,40,335,367,284
3362,75,933,68,43,4,398,1595,9,229,16,251,52,288,598,25,476,54,446,382,94
3363,294,2322,506,182,71,941,3305,19,809,12,982,485,820,1541,194,1512,71,1319,733,269
3364,385,4238,551,249,275,1213,6709,120,1628,85,1220,148,1708,1962,299,1487,57,1603,355,355
3365,408,4734,980,145,190,1674,8583,473,2656,76,1481,1262,1579,1647,317,2386,8,2425,1313,434
3366,110,1623,336,43,101,517,2091,28,1120,0,576,91,599,1050,7,772,20,581,349,120
3367,596,6220,1262,375,136,1965,7764,14,2186,109,2267,472,2128,3433,632,1833,39,3139,1383,393
3368,290,3509,357,207,218,1060,3128,26,1793,57,1055,174,658,1390,258,1511,69,1085,899,259
3369,380,1716,472,165,321,1060,6144,114,2061,18,1428,537,980,1649,300,1396,35,1585,705,315
3370,584,5891,1294,354,437,1439,10047,493,4858,175,2205,1262,2731,3442,858,4061,75,3126,1324,970
3371,477,5228,973,276,412,1451,11440,29,691,58,2527,552,1974,2821,716,3343,3,2283,1119,602
3372,258,2971,372,75,462,939,6866,91,1024,32,551,474,1005,1442,209,1201,25,1097,960,339
3373,310,2531,664,126,79,1110,6630,178,1178,59,1257,181,1010,1472,309,1505,19,1270,812,306
3374,184,1490,406,63,53,341,2982,51,399,19,337,280,434,582,36,448,5,398,415,105
3375,440,2516,923,211,390,543,7445,132,2434,27,1230,881,1036,1529,175,1782,35,1561,1040,225
3376,378,2915,532,174,106,341,333,6,1523,52,917,315,1157,1361,64,1395,0,733,504,449
3377,24,1398,194,82,196,256,2753,7,1269,8,646,135,495,838,132,902,0,322,147,229
3378,452,2356,592,185,248,1113,6692,188,2430,63,1579,1179,1387,2254,268,1810,9,1765,1064,391
3379,320,1392,602,127,379,1045,7345,16,2047,32,1305,743,1129,1514,253,1682,8,1463,727,450
3380,84,774,171,32,58,163,2086,44,331,4,463,117,259,440,43,356,4,331,239,59
3381,574,4516,433,207,267,1079,9184,107,3637,86,1814,1002,1901,2067,223,2553,23,1994,2050,569
3382,61,2148,403,104,74,748,4370,27,826,88,880,239,803,1129,96,640,79,1091,812,273
3383,391,3460,565,231,151,757,5804,37,939,19,1259,630,969,1675,386,1270,18,1008,795,479
3384,1015,10102,2026,402,1068,2667,22781,845,5849,187,4375,1770,3313,4836,1242,5296,67,4802,2599,1330
3385,299,3742,760,204,119,531,7842,235,1004,32,1313,545,1312,2152,232,1506,15,1361,855,228
3386,495,4655,295,255,261,1371,7977,86,1299,66,1699,526,1702,1906,454,2267,54,1166,994,478
3387,64,985,288,89,94,259,1889,9,783,55,758,237,497,539,33,672,11,694,295,232
3388,284,2194,386,267,69,529,4647,165,766,47,1310,249,996,1294,78,882,90,1157,528,320
3389,53,692,162,34,13,315,1802,52,654,11,318,147,227,331,22,421,8,304,120,92
3390,539,6614,1419,134,393,1491,14390,740,2112,33,2487,957,2299,2561,271,3667,25,2298,1993,548
3391,1154,7726,1700,545,544,2357,14855,101,2169,120,2834,319,2439,3190,575,3292,73,2629,2004,840
3392,55,1458,221,116,37,473,2279,4,553,6,614,210,563,835,75,644,22,522,303,199
3393,227,3095,646,150,57,755,5159,144,712,39,1280,242,1140,1448,140,1115,25,1844,873,323
3394,841,8879,1444,329,61,1685,16327,141,890,146,3256,1051,2484,3294,682,3369,58,2838,1203,720
3395,416,5804,1245,362,523,1771,13616,215,1977,53,2196,1490,1817,1883,578,2411,14,2686,816,449
3396,310,3413,998,71,318,832,7992,40,1183,41,1112,406,1412,1438,82,1866,22,1554,977,422
3397,202,1228,178,92,108,182,4912,9,408,48,474,213,951,875,112,949,60,1180,584,447
3398,170,4843,849,129,576,1298,5211,24,3049,59,1838,929,1443,2506,606,1656,47,1536,1269,512
3399,143,664,78,97,50,183,823,4,575,6,338,123,243,533,25,306,15,268,305,148
3400,277,3747,953,164,204,1225,5254,27,2702,34,819,1037,1387,1452,312,1714,12,1196,1205,386
3401,430,2243,683,99,241,509,6418,354,1691,13,969,276,654,1010,140,1692,27,608,489,336
3402,261,1788,435,220,111,380,2675,16,2131,0,767,284,1173,1150,35,1665,7,719,617,315
3403,74,765,183,61,15,183,1457,41,272,5,304,145,192,385,75,355,2,346,238,70
3404,136,1361,262,73,54,450,2783,80,1007,32,417,217,459,827,81,701,9,583,351,161
3405,239,4176,798,187,532,1209,10768,365,3219,56,1228,1330,1658,2119,478,2478,2,1660,822,448
3406,305,1916,359,79,267,507,3531,5,1600,21,1185,237,840,1271,88,806,37,917,613,249
3407,337,2652,352,244,37,952,2706,29,775,163,1369,119,1261,1625,127,804,79,1203,664,338
3408,172,1285,379,99,93,167,2804,34,962,31,555,292,470,830,113,909,20,719,387,220
3409,81,612,284,14,59,180,1882,59,355,7,242,91,198,370,20,364,1,258,223,37
3410,266,3137,260,297,2,1340,1897,7,844,0,1125,370,1827,1262,159,1992,47,1035,607,97
3411,320,4753,1372,201,219,2222,11010,272,1651,119,1729,433,2008,2806,255,2806,40,2433,823,488
3412,415,2676,407,192,1,1038,6544,83,1255,74,1305,224,1433,1013,38,1276,56,1410,969,507
3413,282,2080,324,149,38,591,4242,120,1702,71,606,559,876,1112,327,1422,35,931,635,292
3414,85,867,213,60,47,425,1726,0,638,30,547,91,470,683,33,555,16,483,385,208
3415,174,1516,239,91,117,548,2452,27,1010,24,670,245,475,927,135,836,17,845,454,162
3416,54,439,99,78,34,314,986,5,227,23,312,57,360,425,54,348,31,417,180,107
3417,120,1048,141,47,1,316,1103,4,426,37,309,150,309,545,63,323,9,357,229,69
3418,165,1508,269,148,65,655,1785,5,1232,22,489,25,593,1066,24,608,20,324,667,299
3419,209,2540,247,85,409,527,4901,159,2206,27,847,731,933,1082,224,1053,58,1009,661,186
3420,204,912,273,38,113,87,2797,299,568,33,463,302,470,460,127,505,0,457,248,81
3421,303,4046,698,189,109,1076,8432,50,2028,73,1968,863,1566,2497,148,1168,38,1963,1449,504
3422,97,1532,179,174,79,591,2001,116,1046,30,780,275,530,527,62,568,19,521,245,102
3423,374,3380,630,307,233,1116,7579,65,1497,58,1243,38,1566,1547,342,1467,29,2246,1018,778
3424,539,3658,994,139,101,1158,6958,26,637,1,1766,321,1067,2316,392,1748,4,1546,1134,352
3425,342,2858,337,302,132,1055,4948,11,867,79,1329,461,1285,1508,371,1459,32,1578,1128,526
3426,255,3095,471,154,6,947,6385,47,921,85,1099,258,825,1532,104,1366,57,1492,651,358
3427,84,777,324,32,70,211,2242,64,389,5,249,121,244,366,31,408,1,283,224,67
3428,321,1781,205,243,39,709,3168,52,36,90,1645,421,1525,1841,441,1206,100,1761,1091,244
3429,151,2106,454,184,47,1098,2992,10,859,30,896,123,821,1119,24,1002,71,1089,722,391
3430,346,2714,536,196,117,1295,5621,91,2019,61,1346,340,1287,1474,155,1592,24,1303,558,480
3431,255,3648,867,151,266,1288,4912,169,2565,24,1599,540,1434,2475,170,1475,30,1629,951,455
3432,379,4422,327,316,112,1410,4082,118,977,2,1534,453,1027,1149,483,552,60,1661,1174,824
3433,519,3255,372,131,119,1166,5473,29,1564,49,1155,544,961,1795,191,1332,24,1501,1036,274
3434,926,7144,1518,630,217,2331,15294,535,3518,290,2570,605,3230,4435,779,4004,186,2235,1617,1019
3435,281,1355,202,183,39,568,4296,116,390,18,790,306,625,1018,116,986,33,555,532,362
3436,101,1029,156,71,51,309,1441,1,540,32,588,100,245,802,22,563,26,489,303,181
3437,791,5634,1173,326,334,1678,13935,389,3354,110,2073,1044,2441,3487,552,3319,62,2791,1748,1061
3438,100,1524,209,75,76,395,3007,88,602,45,509,63,492,774,92,496,10,642,277,216
3439,308,2513,1057,267,249,1455,8466,297,1612,92,1810,30,1610,1032,159,2341,83,1649,1608,732
3440,246,2533,532,137,143,709,4499,147,738,42,559,341,923,1056,188,614,56,1011,479,257
3441,303,2496,413,177,87,1044,5694,194,1279,58,1474,233,1262,1434,209,1324,11,1042,757,399
3442,81,1065,270,100,204,684,2485,8,859,9,666,256,403,805,19,618,29,337,394,151
3443,74,539,257,23,57,181,1702,35,269,5,219,101,181,282,18,313,0,213,160,41
3444,30,1006,179,138,16,589,1753,42,505,26,1007,187,695,1064,54,858,17,391,525,233
3445,64,598,57,88,20,193,1799,60,572,21,367,109,328,414,130,494,4,148,124,128
3446,95,684,77,72,28,230,1376,80,425,19,184,96,257,386,152,451,6,297,163,107
3447,483,4703,1077,165,699,1086,13602,796,3729,84,2301,1648,2197,2384,299,2837,38,1165,1512,616
3448,378,4044,918,218,222,510,7181,114,1442,68,1445,516,1484,1917,125,823,5,1607,1131,251
3449,264,5262,22,75,2,1587,9043,134,1817,23,1815,255,1763,2111,828,2336,55,2170,1525,1007
3450,249,2031,641,56,128,927,4066,42,972,17,1661,33,1017,910,237,1163,4,947,869,306
3451,204,2715,482,132,138,992,5875,21,2032,71,1210,642,976,1512,216,985,6,826,779,238
3452,1070,8258,1406,430,198,1901,10456,448,5090,178,2748,1520,2356,3482,845,3678,167,3885,1087,973
3453,237,2729,525,100,337,756,6731,34,1795,21,1019,815,1016,1345,290,1025,6,944,549,302
3454,518,3698,732,161,314,463,4803,181,2515,64,1332,3,221,2247,652,1981,60,718,563,629
3455,141,1803,485,129,35,615,3552,75,1678,31,490,433,391,750,56,842,17,478,614,214
3456,771,5314,855,300,182,1824,8049,204,2056,67,1925,402,1681,2439,333,2378,96,1398,1996,590
3457,421,5612,1269,197,611,739,9035,71,2973,105,2117,1160,1119,2059,80,2052,19,2038,1689,253
3458,133,2557,380,166,80,884,3470,7,1886,30,1107,444,1281,1472,103,1430,30,1349,833,283
3459,657,6998,1557,333,459,2181,13510,139,2782,99,2411,1168,2137,3494,544,2829,81,3244,1616,694
3460,282,2590,435,189,87,811,5461,92,1796,142,860,710,805,1278,10,1131,22,661,614,427
3461,182,3370,931,53,416,837,8417,242,2470,24,1302,448,1059,2045,281,1430,9,1361,580,400
3462,853,3440,1362,298,306,1933,13404,177,1851,98,1924,606,1275,2095,238,3185,96,2534,1544,650
3463,291,2052,348,93,20,487,2957,47,681,53,454,93,635,1249,155,951,11,733,837,129
3464,333,2929,533,248,196,903,6284,60,2713,115,1799,413,1326,1349,135,1734,100,820,771,403
3465,504,2254,368,120,37,763,4206,103,2005,46,1037,718,1265,1478,289,1297,50,1245,918,389
3466,191,2510,715,185,223,856,3490,14,1723,87,1091,637,905,1454,194,1131,32,1061,701,335
3467,169,1675,278,106,29,574,3674,11,206,47,848,223,733,935,161,783,22,812,361,238
3468,89,1138,308,89,43,307,2629,56,385,30,421,179,419,2250,66,596,7,558,384,135
3469,633,3501,1161,366,459,1722,14514,213,2472,102,1599,505,2199,2848,471,3278,35,3349,931,337
3470,54,936,399,24,143,229,3428,273,1054,39,401,318,467,826,172,732,6,481,161,14
3471,379,2933,487,282,146,813,6379,31,1375,96,995,308,1389,1848,156,1380,29,494,1053,333
3472,626,7590,1647,458,281,2412,11574,207,3665,94,2910,897,2776,4108,489,3684,121,3394,2340,783
3473,196,1298,749,104,270,1254,4974,88,950,48,869,616,1089,543,156,1377,8,1147,594,404
3474,338,2171,223,144,248,936,5306,9,1126,121,915,92,1164,1260,181,1708,27,792,940,668
3475,270,3906,1061,369,156,1005,9437,134,1333,97,1689,485,1547,1735,264,2145,68,2617,1680,471
3476,99,1290,311,49,81,390,3257,93,523,10,688,167,116,726,160,885,6,360,364,137
3477,452,3116,868,68,72,756,7720,178,2328,37,1377,457,1450,1612,401,1736,0,1455,246,433
3478,430,3384,528,244,301,1233,8858,90,736,1,1603,373,988,1985,254,2017,39,1269,760,379
3479,335,3684,1201,125,331,1120,10232,360,2481,61,1096,729,754,1117,369,1976,5,800,860,287
3480,1010,7671,798,175,466,2125,14843,673,5304,128,2743,1344,2098,2886,671,3155,72,2734,2276,883
3481,210,1427,39,36,64,351,2386,8,830,25,377,119,597,560,42,879,1,987,179,1
3482,433,3424,1132,141,21,348,4994,159,1024,12,772,371,632,1138,205,1217,6,471,817,48
3483,378,4422,669,342,29,1127,7561,240,1140,91,780,395,1479,1808,107,1578,67,1809,602,374
3484,197,1198,408,152,67,212,1797,4,489,53,381,39,536,483,97,674,61,455,460,138
3485,290,2786,521,205,153,1032,6312,114,2353,128,1187,555,1287,1829,277,1573,18,1496,1102,530
3486,112,1043,252,57,22,343,1745,54,347,20,455,117,428,487,109,517,12,384,339,34
3487,88,855,249,129,16,324,1609,0,370,37,487,122,429,584,24,377,1,585,263,125
3488,467,4008,775,124,88,1251,7750,95,1297,67,676,513,1570,1207,352,1844,14,1432,1058,424
3489,84,1856,390,224,58,557,3431,83,1184,65,946,501,1236,1833,184,999,20,1600,792,488
3490,63,739,93,83,10,196,1287,22,300,11,309,102,404,494,31,267,13,209,145,116
3491,652,6036,1025,219,110,1682,11212,256,630,159,1993,147,1522,3121,198,2730,52,2027,1837,440
3492,416,2408,862,204,194,1224,7833,118,1968,110,1530,556,1527,2364,230,2113,98,1702,1023,450
3493,250,2445,366,126,158,849,4750,140,1646,51,758,518,1127,1233,172,1095,10,1186,648,317
3494,107,1727,90,158,149,823,2840,38,811,48,851,215,908,899,149,1421,11,1094,931,255
3495,59,890,121,66,0,358,1145,1,362,1,550,132,411,783,20,433,17,167,217,200
3496,349,1489,444,186,3,1251,4343,136,1180,66,1077,394,1322,1842,354,1574,30,1222,1063,495
3497,353,4152,362,267,397,705,6232,72,2611,58,1145,900,796,1708,132,1689,32,695,802,362
3498,419,5243,1216,187,677,1211,11547,119,2697,57,1518,1129,1756,2103,9,2183,17,1994,1142,348
3499,258,2258,263,0,121,703,3784,67,1197,80,1048,504,466,1147,140,920,84,1148,545,499
3500,89,843,192,57,47,221,1178,178,658,35,567,207,575,404,143,492,2,300,113,104
3501,330,6412,1189,187,734,1760,12823,238,4141,65,2163,1537,1877,2753,304,3229,0,2687,2134,698
3502,141,1690,287,105,104,700,2985,10,959,9,757,350,828,666,42,784,48,1110,762,199
3503,138,1191,236,87,52,329,2098,12,390,2,487,98,563,889,100,636,1,510,543,122
3504,634,3555,1119,321,176,1023,5482,95,2392,64,1852,519,808,1841,342,1205,48,1617,1051,510
3505,401,2521,800,289,254,428,4164,10,2829,98,1689,340,962,1286,176,996,57,1788,599,90
3506,234,1326,110,209,35,562,2279,6,356,82,539,111,622,1181,59,767,0,541,451,195
3507,367,2961,750,105,287,544,4424,237,1127,17,1212,130,750,1210,19,1325,9,919,927,110
3508,85,851,166,57,63,305,2311,45,731,6,491,118,415,639,108,501,6,336,276,91
3509,155,1145,206,92,97,381,2606,1,416,19,748,68,409,1034,63,663,0,316,300,168
3510,94,657,155,59,57,229,1826,21,273,33,405,105,261,444,60,392,6,306,130,63
3511,123,948,148,41,24,438,1831,27,351,16,289,150,237,633,75,518,18,434,247,72
3512,138,1176,216,149,69,370,1925,18,1307,19,495,155,401,742,100,598,46,632,538,93
3513,161,608,92,81,43,362,837,2,350,16,307,119,215,375,8,355,21,338,256,111
3514,289,2119,544,112,95,549,4359,5,2206,56,1015,740,820,1664,241,1137,9,854,472,352
3515,177,2527,734,133,235,968,6787,103,1698,98,772,429,1208,1205,99,1490,23,773,957,106
3516,701,6593,1502,377,313,1236,4204,844,2074,142,2210,739,2368,2952,767,3262,41,2735,1497,687
3517,136,844,127,51,26,232,1723,31,218,2,463,192,299,517,42,336,23,407,181,141
3518,187,3388,634,164,295,1063,6366,55,2507,64,1324,643,1178,1776,273,1416,24,1503,742,246
3519,330,2993,588,183,52,1031,5678,118,1314,137,1277,357,1089,1369,101,1386,47,1305,652,590
3520,735,5388,1127,258,647,1538,11827,285,3351,54,1428,568,1624,1792,285,2868,25,1364,972,493
3521,100,1384,144,94,78,240,958,6,1450,128,820,145,178,954,38,832,10,362,500,269
3522,756,5315,990,301,255,2167,12063,0,1746,177,2870,12,1700,2631,745,3299,53,2460,1166,625
3523,344,3095,797,34,378,390,6547,61,1966,12,445,473,990,1249,219,1477,16,1316,264,195
3524,337,3829,613,212,0,1365,6160,2,1636,144,1812,597,1573,1691,153,2006,0,2619,630,564
3525,144,1042,325,73,34,533,2126,34,428,17,393,35,501,620,136,770,8,324,212,167
3526,446,3412,803,122,421,920,5184,59,2668,69,904,1235,880,2138,127,1859,23,1569,692,400
3527,819,6740,1369,309,439,2617,13106,222,2263,125,1953,715,1925,3356,469,2572,54,2650,2382,742
3528,299,2235,457,152,85,959,3437,20,1644,74,1213,179,887,1106,114,1045,14,956,1047,289
3529,545,6063,965,365,189,1215,9686,173,2259,29,2042,297,1841,1246,201,2565,22,2115,1864,585
3530,208,1225,369,142,143,780,4714,70,2002,43,1139,509,684,987,47,1191,25,1088,452,411
3531,222,2148,404,227,138,1006,4061,39,1836,82,936,200,1071,1158,122,1141,20,1175,1037,324
3532,701,4252,108,139,653,1120,10855,294,3176,31,1867,430,1557,1306,355,2503,15,1140,1290,257
3533,68,690,91,43,38,236,1458,18,280,40,443,54,329,534,50,430,5,409,253,121
3534,461,4764,992,360,588,1771,10504,2,2231,137,1740,1317,2120,2710,202,2567,100,1964,1352,806
3535,598,5089,852,447,471,1586,11879,93,3494,175,2090,1072,1902,3095,473,2506,47,2679,1678,872
3536,409,2770,658,117,273,728,3824,240,1685,46,1007,498,952,1122,234,1650,12,1102,770,400
3537,247,1872,140,50,130,465,3819,47,871,8,601,343,646,455,104,475,0,236,424,290
3538,66,1118,218,76,56,633,1621,20,246,27,612,45,478,594,34,436,53,636,345,181
3539,523,4111,782,254,505,1354,9910,256,2576,38,1214,914,1594,1973,181,2257,23,1264,1158,520
3540,52,595,120,48,70,130,1301,40,555,0,377,191,314,398,43,509,20,172,106,115
3541,199,1291,353,87,45,589,1874,35,1021,0,649,257,764,809,32,659,10,805,603,186
3542,430,3573,644,190,310,1082,6024,186,2769,52,1698,1116,983,1470,260,1622,31,1418,744,132
3543,124,1208,504,50,69,320,3486,86,570,11,484,160,405,598,63,633,2,440,340,84
3544,427,3116,1067,98,369,558,6659,53,2140,44,1413,930,864,1546,37,1501,5,941,1399,167
3545,213,1537,559,208,3,1387,4615,44,1236,25,1394,209,1275,763,152,409,0,792,540,227
3546,333,3113,578,319,65,940,4838,19,881,135,1075,402,1297,1887,202,1604,92,1438,860,477
3547,529,3051,972,117,148,665,8056,122,2726,32,1082,760,1181,2075,195,1787,0,1235,1006,365
3548,704,5888,821,350,146,1608,11519,186,2259,131,2589,549,2112,3092,537,2528,67,2165,1853,719
3549,82,719,114,60,50,324,976,21,229,37,147,21,281,631,32,334,9,314,300,174
3550,441,3686,979,195,96,1476,6351,239,1298,93,2067,507,1610,2500,282,2380,41,1958,1363,619
3551,98,521,119,119,41,287,1751,16,1075,11,596,184,412,681,57,474,6,699,347,260
3552,494,3425,634,308,145,1082,7734,245,764,111,940,482,880,1836,597,1839,16,1771,501,204
3553,218,1819,257,93,0,556,729,160,509,32,680,266,821,1146,150,703,10,839,441,185
3554,122,1488,649,35,0,397,3561,540,975,50,577,377,447,923,140,325,4,435,357,60
3555,347,2780,361,210,219,926,6886,68,2284,29,1443,537,874,1957,282,1496,36,1343,1073,352
3556,232,2549,544,44,80,964,5748,64,1138,48,872,432,814,1656,62,784,15,1356,750,115
3557,130,875,125,69,78,213,2339,87,511,18,285,112,423,796,125,620,10,535,252,189
3558,36,744,53,75,22,310,1786,36,366,8,353,62,316,417,101,451,35,436,154,190
3559,357,3288,393,235,354,1223,9004,101,1402,111,928,632,1360,1711,203,1746,11,1881,452,351
3560,611,3993,525,141,454,839,7883,48,1430,0,1377,687,1089,2216,657,2564,76,626,834,442
3561,92,771,132,106,131,349,1391,11,693,12,352,127,260,457,35,387,23,346,165,87
3562,365,4939,1252,144,144,674,10747,177,1452,70,1290,342,1721,1773,259,2485,5,1649,719,212
3563,806,3700,954,114,278,1802,15322,448,2584,162,1584,218,1941,3150,429,2510,44,3331,2062,624
3564,109,815,115,57,35,257,1667,0,526,16,374,96,365,526,47,447,15,540,260,133
3565,254,3308,826,228,469,529,6753,114,1579,45,1668,627,1173,1795,169,1587,15,863,384,279
3566,180,2265,352,91,83,614,3923,26,845,63,811,131,1051,1335,78,717,16,1002,637,304
3567,269,3862,807,114,165,1721,7256,149,1193,121,1320,533,1480,1896,243,1695,22,1565,779,297
3568,208,1476,218,23,40,492,2069,6,1221,7,291,196,516,702,101,617,19,739,590,237
3569,560,5083,1288,308,778,1687,8571,198,4283,50,2599,1220,2247,2968,784,3183,58,2433,1624,565
3570,568,5042,243,179,697,1781,9035,335,2970,3,1088,1138,1916,1380,264,2627,103,1481,1146,322
3571,780,4941,1248,317,609,1911,12048,75,4131,24,2650,750,2062,2703,337,2973,24,2579,1611,383
3572,388,2439,207,194,1,921,4538,20,1170,47,1060,496,1183,1480,66,1273,20,1187,592,462
3573,311,3948,703,329,193,1107,7513,230,328,37,1845,392,1511,1577,17,1922,29,1691,1171,210
3574,455,1392,582,117,130,837,7736,338,2689,67,1268,584,1034,1811,156,1233,8,1149,598,426
3575,82,514,178,20,62,168,1560,49,328,4,194,107,160,237,24,275,1,182,141,33
3576,287,1585,349,142,239,421,3434,31,1062,20,271,261,480,950,130,827,26,498,730,179
3577,126,1211,370,64,8,417,1107,6,357,53,630,102,626,686,110,758,14,373,337,142
3578,476,5566,904,174,293,1432,8417,210,2337,118,1739,1095,1409,2442,476,2382,1,1473,1338,729
3579,479,4269,1145,256,116,1406,9914,249,1344,76,1922,584,1351,1915,354,1561,29,2049,789,522
3580,776,6453,1271,280,478,1464,15878,469,1446,27,1967,1027,2232,3214,273,2610,37,1935,1675,593
3581,80,966,132,53,72,305,491,7,749,4,491,145,428,574,77,521,15,514,250,47
3582,440,3670,342,91,33,1403,8306,253,1649,55,683,424,1344,2085,462,1948,34,1758,1091,534
3583,121,2323,1005,62,34,506,4949,179,804,11,881,328,784,1262,112,1240,10,910,688,209
3584,128,199,442,45,193,371,3251,211,632,29,529,378,400,563,198,837,17,450,363,118
3585,110,809,82,69,60,222,1140,0,39,4,292,46,141,667,48,370,0,203,169,69
3586,261,3382,639,262,12,1294,7171,16,924,162,1017,323,1686,1896,276,1532,85,1832,1262,433
3587,394,4561,869,349,223,1543,10267,67,3418,110,1809,775,2282,2753,375,3100,97,2529,1583,1113
3588,117,1718,449,119,141,513,4302,157,670,27,845,155,442,1078,158,960,4,715,618,201
3589,890,5114,1126,242,147,1605,12444,926,1751,37,1306,771,2022,3513,368,2163,8,2045,1166,462
3590,410,3936,872,286,119,1474,6674,216,3193,78,1642,535,1405,2356,355,1730,97,2119,1275,597
3591,271,3540,362,129,338,727,6992,69,2224,3,1396,660,1112,2004,148,1968,18,1697,740,202
3592,718,4835,1155,230,133,1207,11600,317,3731,192,1753,1019,1513,2069,194,2577,35,1961,1014,687
3593,69,650,157,35,101,397,1723,41,489,12,350,111,279,325,53,430,8,318,200,153
3594,872,7090,1274,504,702,3054,17098,651,4292,265,2962,1332,3578,4961,1120,4994,54,4026,2103,1492
3595,264,1337,345,286,52,1045,6009,95,748,43,1385,276,884,1589,80,1513,33,1101,905,291
3596,856,8264,1997,333,889,2826,14630,414,2843,137,2750,1065,3114,4024,738,4791,8,3586,2489,554
3597,70,204,56,24,35,305,1757,26,268,34,400,120,376,423,166,560,0,386,303,141
3598,590,5358,882,366,623,1558,9599,372,5531,164,2265,501,2275,2621,453,2403,43,1966,1608,633
3599,258,2887,499,142,165,947,3504,16,1219,67,1105,315,509,113,109,955,53,853,827,378
3600,542,4397,865,285,143,1564,9229,494,1190,107,1656,445,1759,2551,425,2578,53,2167,1084,447
3601,96,833,232,108,13,453,1134,3,398,48,294,160,329,774,17,264,14,416,205,97
3602,555,3528,1192,332,183,1499,12112,197,2661,144,1882,852,2826,2060,748,3083,32,3123,1894,784
3603,288,1791,302,164,0,841,5502,36,459,99,1102,482,1155,1410,113,779,17,1046,426,267
3604,619,4652,1480,263,294,2168,14884,387,3657,115,1865,1376,2388,3301,742,2516,47,3179,2315,709
3605,943,11018,1997,747,671,2738,21380,476,5911,270,4278,1729,3595,4704,1278,4213,73,4513,3189,1278
3606,532,5761,1426,267,170,1274,12341,312,2313,81,2363,1139,1650,1988,395,3373,28,2149,1338,395
3607,427,5296,1121,334,412,1449,9990,115,911,77,2348,274,2084,3002,477,2445,43,2730,1802,569
3608,166,1013,403,35,126,310,3248,19,803,7,480,251,456,305,16,546,10,547,460,103
3609,161,1058,194,128,15,380,1657,2,395,27,529,54,269,709,20,573,32,494,309,209
3610,46,2328,617,197,79,809,6244,21,947,11,1234,289,908,1715,282,1136,29,1145,1052,358
3611,462,5341,711,322,111,1826,8026,34,2342,130,2182,706,2190,2937,271,2323,160,2083,1403,1003
3612,383,5244,660,339,500,1120,11614,173,2236,164,2495,426,1792,3121,376,2595,27,2088,1575,773
3613,90,3310,578,161,340,833,4572,257,2572,84,1405,245,1233,1338,233,1394,26,1166,1501,406
3614,126,1001,245,57,1,218,2364,42,174,3,255,38,207,462,38,294,1,224,253,59
3615,383,4068,871,170,265,1018,6862,77,2483,4,1250,925,1134,789,82,1722,37,1448,904,343
3616,432,1044,528,173,59,966,2851,76,1087,45,1484,266,1150,1680,172,1246,78,1149,612,111
3617,96,1861,156,63,49,493,2406,1,398,52,749,25,501,544,45,618,41,591,541,223
3618,139,2302,456,101,1,423,4871,149,640,79,863,189,867,1424,287,1451,42,1132,813,229
3619,368,3661,621,250,140,1516,6197,28,791,40,1536,131,1223,2164,196,1869,107,1737,1092,332
3620,127,1224,222,115,112,447,2106,0,1149,16,424,114,485,996,110,482,30,664,583,164
3621,430,2858,567,237,0,1192,5234,56,1061,25,1380,383,922,1728,59,1527,7,799,736,348
3622,254,1909,549,123,63,694,6686,105,889,22,838,136,652,923,158,807,3,654,617,185
3623,297,1889,961,344,379,1249,6629,294,2436,106,1405,1030,1137,897,302,1360,45,1045,784,457
3624,366,3256,777,166,123,791,7133,209,874,42,1134,15,1084,1733,257,1593,2,1271,760,362
3625,377,6508,1197,306,274,1194,12479,401,1920,131,2050,405,1977,2559,259,1877,53,2208,1105,887
3626,400,2244,555,274,240,931,6104,13,2325,69,1369,420,1400,2079,183,1470,23,1421,748,576
3627,433,4292,787,208,101,1356,9001,118,1483,153,1683,516,1637,1968,217,2043,34,2050,1204,631
3628,491,4271,1110,188,287,1037,8090,599,1233,37,1357,313,1292,1769,170,2636,11,1719,1145,95
3629,94,789,364,37,71,228,2602,80,423,4,362,151,312,366,45,474,2,286,217,57
3630,137,896,236,103,71,455,3552,48,488,7,323,25,467,713,42,734,11,462,192,215
3631,350,4419,974,200,56,1487,9403,249,1234,64,1832,276,916,2059,323,2156,102,2278,1524,450
3632,135,1704,343,224,183,443,2269,19,1003,27,687,93,574,934,100,858,28,602,442,203
3633,268,4480,656,336,348,1464,9152,79,3540,67,2206,700,1677,1524,220,2559,68,2815,1402,910
3634,192,2861,736,140,58,1252,2797,6,302,57,635,163,1060,946,175,1120,27,1211,850,393
3635,122,1700,387,41,90,470,3800,58,562,15,699,184,533,456,83,1127,9,840,403,237
3636,698,7706,1238,424,949,1545,14657,765,5171,204,2266,1363,2794,3524,90,3491,0,3505,1999,630
3637,148,779,117,93,53,373,1069,0,603,49,325,221,275,559,10,312,22,281,252,98
3638,381,4053,932,222,360,1157,5625,220,291,26,1069,1210,1161,1263,168,2209,7,1511,1106,217
3639,211,1613,340,110,169,687,1914,10,1189,55,604,152,650,1006,47,922,22,697,691,203
3640,84,641,253,13,55,217,1842,59,306,5,268,96,203,310,30,358,0,238,196,53
3641,121,821,149,50,51,292,1058,1,532,36,454,98,332,434,5,347,0,355,322,95
3642,436,3009,786,212,93,1349,9466,441,1602,29,1209,319,1395,1910,312,1887,44,1913,1240,453
3643,155,1259,452,72,179,395,2215,25,1295,51,862,304,475,575,138,526,16,478,640,96
3644,628,5516,586,170,481,1772,18753,283,2529,75,2135,583,2265,2887,476,3009,44,2836,1970,738
3645,173,2677,410,175,187,719,4526,245,730,42,733,526,811,1076,254,1431,6,1128,111,167
3646,435,3105,646,231,84,816,5552,47,2046,64,1411,469,819,1787,365,1472,40,1255,1081,462
3647,460,3486,1085,252,658,731,12972,583,3779,119,1700,1075,1771,2646,240,2641,1,2057,1337,524
3648,207,1651,367,100,123,540,4673,63,828,10,853,334,948,889,105,858,45,861,671,271
3649,143,1851,324,154,124,510,3639,20,1256,65,635,327,588,815,92,890,38,737,862,317
3650,223,1557,247,195,219,1129,3734,11,2260,103,1466,188,720,1724,108,1036,106,1601,703,337
3651,475,3263,948,208,262,1335,8327,153,2138,25,1326,583,1134,1783,258,1573,5,1261,850,391
3652,49,1661,342,84,105,348,3854,63,174,40,900,385,575,552,188,840,1,698,313,150
3653,144,1123,462,22,91,325,2950,91,586,7,387,197,324,520,53,658,0,386,294,57
3654,674,5118,1034,441,346,1661,7962,229,2382,54,2179,620,2098,2337,386,2803,81,2439,1403,607
3655,942,7664,2303,624,110,2318,14819,403,3554,135,2111,1034,3206,2959,1147,4228,19,3581,2125,1355
3656,270,3427,384,149,272,983,6050,61,1846,10,700,811,1115,1492,218,1070,36,1060,964,253
3657,323,5435,719,344,305,1346,12665,94,1756,50,2341,489,1142,2546,591,2648,31,2032,875,557
3658,766,5719,1080,199,257,1639,9713,155,1839,162,2061,483,1900,3157,269,2623,28,3048,1608,790
3659,288,3445,394,224,66,1380,5566,49,1661,37,1452,468,1201,1905,229,1188,100,1329,866,321
3660,372,3082,699,201,168,1063,5261,82,2187,72,1260,474,588,1786,306,1168,21,1142,606,410
3661,354,3321,318,305,149,1117,5511,3,1030,71,1684,291,1200,1705,114,1626,72,1594,1433,549
3662,722,5649,1217,315,281,1293,11355,102,3697,8,1692,1029,1242,2324,333,2601,78,1424,1502,406
3663,504,5428,1176,696,340,1130,13314,865,5727,41,3151,2048,2900,3028,557,3092,12,4056,1110,1151
3664,460,1834,751,117,22,726,6005,82,1097,4,788,492,1289,1345,111,1164,53,1129,988,568
3665,290,1710,483,81,101,894,4443,70,771,3,649,206,970,1345,169,1505,13,504,358,229
3666,282,2634,373,156,80,1133,3449,45,1744,91,809,621,1114,1257,109,1222,95,1285,640,306
3667,586,6256,1720,326,496,1707,11101,736,2039,49,2899,539,2184,2635,447,2930,11,1866,1616,460
3668,67,611,191,80,31,368,1388,19,361,36,263,105,233,513,70,435,59,218,122,47
3669,807,3013,1077,157,3,1553,9957,659,1874,181,2160,420,1694,1482,528,2817,50,2203,1795,730
3670,808,11430,1155,467,1075,2015,15029,555,3385,197,1393,587,4202,5026,484,5535,178,5739,2289,1766
3671,371,3145,807,198,511,1236,5381,162,2180,23,1744,479,879,1517,244,2097,44,1334,918,352
3672,305,2305,688,286,176,824,5688,49,1217,98,1489,248,1118,1340,77,1682,28,1194,268,432
3673,581,5142,1094,247,609,1133,10691,328,1107,76,2061,703,1611,3088,426,2870,119,843,1609,656
3674,184,3659,713,220,347,952,7210,38,2104,110,1071,671,1429,1594,339,1836,35,1389,805,359
3675,233,3846,723,291,211,1700,8477,38,1633,45,1054,126,1563,1604,277,1828,89,2046,1097,601
3676,181,722,306,106,101,140,1857,29,1155,10,655,211,479,748,75,559,36,342,444,342
3677,118,857,371,28,81,234,2418,86,447,14,361,168,293,459,32,509,1,264,251,48
3678,504,4082,987,215,249,1243,10696,180,1146,54,1809,353,1144,1962,518,1983,24,1755,793,236
3679,119,505,151,45,46,256,1170,37,549,20,397,185,322,565,208,497,4,456,355,132
3680,455,4755,789,218,888,1322,9520,372,1458,111,1909,684,1619,2058,348,1857,58,999,1804,325
3681,555,3916,925,55,130,1118,4613,317,2592,76,1004,542,1362,1882,333,2049,40,2252,1266,127
3682,267,2204,497,128,68,425,4436,50,803,56,643,271,755,841,130,840,24,842,478,370
3683,355,3001,605,190,170,1128,5992,75,2332,113,1435,684,703,1676,301,1392,49,1341,1076,439
3684,435,5596,1050,370,383,1714,10248,224,2045,205,2321,518,2116,3314,736,3839,169,2462,1571,693
3685,85,772,154,52,131,196,2115,8,353,34,388,74,392,560,77,123,10,452,185,0
3686,71,1042,145,56,25,364,2579,52,340,10,436,79,354,732,83,570,0,487,276,159
3687,201,2456,420,79,145,419,5265,34,1080,42,1323,465,730,972,191,1074,17,1051,661,445
3688,217,1007,172,97,96,313,2479,0,1173,67,817,326,315,911,46,558,25,941,505,130
3689,169,1929,375,117,36,704,5378,99,1299,46,830,303,1150,1248,251,1168,13,775,515,398
3690,88,1085,307,121,78,353,1825,4,14,1,392,4,461,643,33,664,14,563,239,187
3691,78,884,265,89,43,703,1202,3,308,85,606,97,598,786,72,448,6,607,390,140
3692,496,3124,631,117,125,1202,6940,78,1480,81,1579,337,1292,1187,228,1794,19,1855,1264,548
3693,695,5451,532,172,218,1247,11661,21,2036,146,2426,725,1937,2315,157,2668,18,2271,1491,627
3694,541,4629,981,298,90,1345,8831,46,1527,92,1581,568,857,1933,176,1817,23,1417,1118,567
3695,497,2101,1043,193,105,1339,9796,169,839,83,1540,491,1275,2538,304,469,24,1840,976,460
3696,287,2274,572,45,141,928,5249,67,1699,28,856,547,920,1285,99,1255,14,1235,845,110
3697,236,4600,1901,279,12,1478,12064,128,1822,93,1151,398,2052,2161,420,2842,43,1785,1553,629
3698,129,807,66,88,41,334,1095,0,421,36,411,50,428,540,54,299,12,704,410,109
3699,189,1576,394,59,106,624,3139,3,511,17,742,148,488,1194,135,241,7,867,1035,263
3700,318,3177,782,174,127,1083,7423,160,1560,33,1088,617,1213,1782,294,1448,13,1151,757,339
3701,966,7441,1581,381,625,1787,14079,151,6019,88,3098,2092,3246,3746,735,4126,34,2143,1854,1284
3702,643,5599,1237,268,548,1359,8517,465,1994,126,2175,404,2112,3113,568,2599,2,2404,1142,398
3703,1218,7591,1559,439,5,2497,16358,365,5875,186,2698,1933,2693,4009,408,2891,22,3492,1955,980
3704,257,3319,836,199,316,1397,6044,35,2096,57,1570,1240,1302,1951,184,1896,66,1709,914,557
3705,313,3409,667,127,237,1283,7655,8,849,49,884,735,901,1406,318,1427,84,2081,1504,469
3706,602,2316,1163,149,370,537,11976,525,2166,97,1476,863,1229,1852,164,1161,3,1849,681,206
3707,835,3492,1529,314,261,1631,10881,1041,1925,106,1764,826,2042,2670,450,3307,9,2286,1652,692
3708,180,2054,408,168,57,863,3458,25,753,39,1082,134,832,1088,117,1123,28,956,665,267
3709,842,8547,1643,278,223,2352,14942,274,3282,173,3005,847,2750,3518,424,4335,57,3520,2243,1086
3710,822,6517,1180,373,431,1914,14624,241,3272,39,2681,768,2393,2532,534,3337,38,2907,1380,784
3711,817,6291,1253,232,248,2339,11524,161,2696,152,2958,658,2440,3168,355,3048,115,3328,2127,995
3712,400,2435,426,97,120,297,5437,151,627,21,582,270,846,1001,233,599,24,843,686,207
3713,45,831,333,16,92,129,2479,19,425,16,426,91,423,495,100,472,4,352,231,37
3714,330,1965,548,366,346,1277,8047,2,3305,167,1334,370,1356,1399,345,2036,78,1913,1831,442
3715,592,4525,793,652,253,2373,7973,21,2809,153,2826,801,2458,3658,201,2644,108,2363,1502,1195
3716,112,790,120,87,41,437,1239,0,570,14,440,113,341,566,35,341,23,490,450,185
3717,3,1073,157,82,168,398,3776,123,979,6,188,459,225,990,84,1009,6,879,320,228
3718,337,2806,611,175,408,1283,9587,84,2598,37,1732,526,1605,1333,322,2339,53,2116,1310,493
3719,515,2370,838,272,180,1369,9074,596,3028,48,1654,1180,1687,1818,272,1191,10,1688,748,394
3720,603,5187,1093,292,356,1244,10713,226,1402,113,1657,701,1470,1421,290,2484,2,2116,1400,507
3721,354,4171,727,191,261,1385,8853,14,1173,83,1703,232,1566,2692,423,1780,89,1788,1342,156
3722,557,6109,887,450,923,1875,11063,158,4474,170,2351,1124,2674,3121,573,2055,50,2807,675,951
3723,243,2330,695,188,336,821,9904,157,2887,97,1563,645,1382,2404,175,1064,11,1461,1048,429
3724,93,855,186,77,56,227,1744,29,239,33,474,124,411,414,55,534,12,424,125,204
3725,345,2757,680,254,4,1122,5794,83,489,58,1400,100,1132,1129,218,1391,0,940,1141,355
3726,272,2286,272,168,274,687,3227,210,1074,38,772,423,1245,1266,261,1223,38,1112,257,205
3727,253,2965,646,158,310,1864,7519,150,1004,88,1047,560,849,2451,309,1925,35,1883,986,361
3728,281,2890,590,153,201,901,6579,17,2102,52,986,475,1197,1711,181,1282,36,1130,1171,287
3729,442,4282,1027,73,274,1090,10310,200,1434,64,1795,604,1411,2237,220,2113,8,1328,1194,394
3730,96,2133,123,226,213,859,3723,9,833,13,1116,321,966,1409,70,856,35,502,269,58
3731,362,3629,896,358,265,1192,11979,276,1057,64,1321,353,1016,1485,403,2397,81,2167,1802,566
3732,116,827,258,10,60,608,1852,65,353,25,736,115,521,1064,70,705,16,1033,460,207
3733,579,4405,1055,411,299,2027,9536,62,2121,100,2254,664,1803,2492,530,2490,24,2526,1667,650
3734,160,1682,385,114,89,615,3321,11,1335,43,761,322,826,1007,83,1311,22,1034,601,387
3735,1115,7292,1698,594,800,2032,15914,637,1679,40,3050,1177,2540,3341,701,3906,67,3557,2507,816
3736,334,3268,643,216,670,1244,7990,224,2571,129,1755,632,1235,1793,193,1870,24,1644,1241,779
3737,476,6719,1259,344,1080,2157,7516,410,4933,225,2682,1324,2387,2537,209,3610,23,3225,1559,898
3738,356,2958,458,204,46,576,3319,20,1645,22,856,365,956,1250,120,1332,100,1277,960,405
3739,387,3176,548,195,441,836,6719,207,2342,49,1202,558,1014,1929,275,1623,58,939,1227,201
3740,132,3275,814,283,206,916,6496,328,1143,59,1392,539,1387,1025,295,1995,30,988,844,567
3741,368,2441,1021,163,393,406,7921,196,2253,40,1380,499,1115,1689,354,1797,7,1345,693,223
3742,78,661,243,18,60,186,1852,48,324,6,308,72,262,338,41,385,0,238,170,49
3743,1002,8316,1649,512,1024,2626,24930,574,6916,49,4893,2139,4073,4562,2038,6887,18,5430,2133,2169
3744,388,4361,1453,177,102,1152,11548,390,1556,42,1539,667,1255,2394,209,2276,15,1717,767,204
3745,130,1283,165,141,74,383,2662,17,457,35,805,77,539,742,39,652,29,873,507,209
3746,224,650,632,156,113,673,5084,43,1035,16,689,183,1158,654,76,1209,74,978,578,190
3747,246,2065,238,151,42,643,3511,6,1589,55,980,615,929,1442,170,1204,25,1075,664,239
3748,302,3916,1104,256,334,1455,5570,150,2433,36,1544,613,1307,1591,291,2459,11,2022,1201,429
3749,298,1886,584,171,96,720,5022,82,1053,28,1091,278,640,1364,201,1156,10,942,545,229
3750,61,479,88,60,54,231,1097,4,459,7,335,56,259,362,9,286,18,356,269,71
3751,680,3854,1251,378,219,1433,11873,171,2233,96,1652,833,866,2544,343,2466,1,2099,1109,152
3752,391,4133,1279,284,1,1299,9412,15,1563,106,1991,503,1367,1857,305,1611,12,1697,1330,362
3753,107,1027,272,121,88,493,3015,4,1071,16,696,286,713,689,23,725,40,812,482,249
3754,427,969,274,62,31,599,4396,313,507,20,373,241,626,1034,140,969,5,600,598,19
3755,305,3189,480,78,108,936,4086,38,458,23,1109,132,824,1304,157,597,57,1154,837,466
3756,348,5407,695,203,231,1435,5473,365,1776,34,1877,852,1528,1770,427,2493,0,1465,1425,503
3757,260,4022,678,269,168,690,8797,191,1248,25,1608,249,1129,2141,342,2296,64,1712,1161,679
3758,416,4527,908,297,25,1150,8702,291,1472,15,1444,406,1891,2427,362,2244,94,2137,1391,723
3759,203,1398,321,109,98,597,1842,2,740,47,663,80,866,941,75,792,25,917,408,265
3760,535,4384,689,309,38,1728,9491,141,1630,62,1706,697,1323,2051,314,2046,29,1810,1005,562
3761,294,2873,417,103,371,881,6951,132,2176,37,1070,768,951,1308,254,1173,5,1519,661,416
3762,201,1779,670,183,88,675,3007,92,552,46,778,177,603,1115,174,642,17,972,459,227
3763,186,1368,220,122,155,589,1819,10,763,36,507,147,688,774,19,583,24,702,514,249
3764,267,3249,567,31,119,1195,6404,23,652,34,1101,226,1138,1723,67,1013,76,1380,1001,303
3765,158,1777,204,133,38,531,2106,2,293,35,769,61,661,899,16,602,18,773,502,173
3766,498,4854,1081,272,515,1547,11436,163,3532,139,2480,1249,1837,2637,373,3390,25,1148,792,728
3767,239,4270,529,195,157,1022,9062,39,1273,53,1806,332,1222,2147,326,2218,36,1480,699,288
3768,496,5321,1326,342,187,341,11498,98,2874,93,2072,910,1489,2546,213,2404,51,2439,1473,588
3769,421,3010,980,220,161,797,6320,91,926,31,1122,163,1273,1564,288,1642,26,558,1206,408
3770,123,1887,507,129,101,749,4283,18,321,11,505,199,555,1171,55,421,3,769,422,198
3771,207,4388,720,170,1,1152,7589,145,1082,29,1231,334,1197,1463,265,1953,58,1811,1049,415
3772,357,3186,502,214,1,1353,7475,64,1084,70,1967,385,1106,1717,114,2032,29,1108,864,518
3773,358,1965,560,315,185,1043,7504,124,1215,214,490,204,1528,1957,140,1724,60,1689,904,420
3774,46,673,150,50,14,347,981,3,518,21,374,76,266,394,16,351,14,497,273,138
3775,113,1632,68,27,135,602,2239,0,461,16,296,174,467,799,40,705,9,379,429,225
3776,195,1693,635,86,101,656,4555,79,667,4,638,204,667,956,209,1128,8,764,214,123
3777,228,2086,420,178,150,701,2584,12,531,26,676,3,818,802,115,790,55,992,411,230
3778,544,4229,1157,0,336,1644,12252,314,1490,24,1846,903,1423,2347,250,2186,36,1789,1543,494
3779,558,5147,1415,212,363,1811,6904,69,3299,67,2191,524,2273,2834,367,2959,37,2155,1024,438
3780,64,645,237,32,42,195,1886,62,283,6,227,93,232,364,31,403,2,262,227,70
3781,337,2163,468,223,65,851,4325,3,1795,21,1181,316,901,574,60,1138,39,903,547,264
3782,164,1953,359,108,93,791,1574,23,446,28,688,281,804,926,203,420,30,1072,495,322
3783,361,3915,694,195,83,1165,4358,164,91,16,2222,263,1090,1103,297,1586,3,1588,1180,241
3784,164,1540,377,78,97,415,3471,76,737,66,629,250,741,876,83,807,34,703,483,110
3785,362,2290,283,122,171,596,3987,141,2086,34,1156,657,867,1074,147,658,36,646,608,155
3786,46,944,202,49,0,226,2201,62,283,27,358,116,350,485,115,483,3,316,388,99
3787,96,637,195,49,52,256,1647,20,159,26,328,65,88,401,53,289,10,422,152,98
3788,177,1501,249,69,69,464,4202,84,825,8,651,85,321,868,175,741,15,476,467,269
3789,210,1039,579,135,395,467,6560,291,1760,12,994,182,902,1488,134,1240,2,1062,655,65
3790,146,2356,439,164,132,730,3908,38,746,74,915,151,959,1368,117,1006,46,1077,699,320
3791,160,1071,240,130,49,532,2148,2,423,9,659,3,503,1073,36,467,74,594,579,202
3792,133,1402,437,87,140,396,1333,40,1267,11,800,378,499,1182,169,843,1,615,482,117
3793,336,1511,536,161,116,941,3827,10,1253,72,996,230,1032,1489,219,869,45,1348,693,264
3794,718,5737,1197,338,333,1630,12209,466,2111,164,1985,678,2820,3325,758,3271,112,3267,1155,1318
3795,728,4714,956,320,396,1294,12026,780,1821,179,1887,522,2232,2462,293,2425,8,372,1135,703
3796,89,526,217,13,36,187,1766,58,281,4,269,79,196,326,30,304,2,221,197,33
3797,242,2853,446,132,135,735,5801,5,1986,34,1282,539,933,1522,156,1242,27,1003,825,305
3798,92,1424,167,59,182,513,2081,0,1321,25,678,319,541,1274,237,745,25,620,539,202
3799,148,1316,285,124,59,529,2640,37,1252,46,686,377,655,1147,37,813,15,779,722,195
3800,106,384,53,83,60,425,891,3,510,15,266,138,279,539,5,268,10,268,213,48
3801,474,3118,328,142,127,1156,5125,172,2181,68,612,669,984,1867,95,1256,14,1121,1345,461
3802,250,1708,310,107,22,599,3971,0,723,38,792,204,896,1024,229,780,41,1159,308,396
3803,475,3113,791,107,233,611,5729,98,2592,79,1978,928,1089,2479,173,2042,10,1672,963,499
3804,114,927,196,81,110,399,2756,124,725,12,580,293,422,614,50,709,15,745,319,204
3805,479,7055,760,208,670,1719,9351,112,2424,191,1550,975,2229,3647,345,3230,89,2051,2138,769
3806,437,1231,607,171,139,1049,7740,47,935,87,1669,2,273,1670,200,1215,64,1691,1027,333
3807,136,1378,360,71,188,353,2168,17,324,15,502,203,534,887,68,629,16,476,537,146
3808,1001,7153,824,186,1106,2322,8945,414,1915,194,1394,554,2426,3505,3,4028,24,2518,2090,893
3809,236,2347,707,258,172,740,5852,112,1207,29,959,215,1149,1129,167,1244,28,1381,357,409
3810,859,6384,1348,213,337,1709,12562,226,2454,183,2444,1124,2611,4373,1246,4009,64,3096,2535,794
3811,220,1341,231,80,2,659,3388,162,675,27,414,148,530,960,87,649,0,700,389,212
3812,514,3539,527,4,604,1362,5711,17,2055,109,1186,563,1134,2413,278,1286,36,968,644,343
3813,386,1713,497,234,364,989,6095,165,2077,40,1150,637,679,1513,369,1656,8,1126,512,211
3814,24,4931,713,273,294,1875,9685,181,2283,18,2666,395,1712,1683,331,2366,51,1954,1157,439
3815,117,1730,207,211,98,283,3893,46,606,103,992,37,657,942,255,799,47,809,365,377
3816,508,5879,583,260,0,1607,13309,150,2166,143,2592,510,2307,2611,8,3381,12,2764,794,669
3817,482,5016,920,397,106,1361,10633,230,768,98,1948,502,1597,3114,514,2531,77,2422,1598,441
3818,245,3281,412,160,101,978,6365,63,766,65,1306,234,621,849,297,1665,20,954,460,318
3819,270,5211,952,397,247,1820,11887,107,1451,132,1385,234,2055,1812,159,1768,16,2125,1460,701
3820,1111,7413,1393,462,558,3085,21849,623,4180,161,3466,767,3843,4236,880,5371,0,3163,2855,1186
3821,228,1430,223,125,90,393,3932,26,859,22,692,130,510,767,92,1047,0,754,478,358
3822,200,1628,404,108,106,585,2832,26,1167,54,696,443,734,743,174,951,22,777,379,302
3823,224,2322,532,139,59,852,4149,35,457,48,778,106,797,597,87,1156,13,804,681,223
3824,731,6775,1382,343,711,1460,14096,185,5417,176,2137,1689,2382,3006,641,3168,41,2425,1994,570
3825,137,894,180,116,33,350,1715,4,625,13,569,120,303,624,26,384,17,381,348,177
3826,406,4752,550,267,142,1064,6609,284,3235,74,1714,1451,1594,2198,448,1740,18,1872,1359,307
3827,528,3350,752,198,33,1238,7148,48,351,142,1569,537,1002,1182,146,1562,44,757,1327,439
3828,210,1200,611,157,158,707,4456,193,1784,84,919,600,895,1268,77,1158,2,1099,848,272
3829,287,4913,995,264,350,1921,8555,519,256,110,2709,538,1562,2693,421,3018,20,2375,1368,480
3830,393,3602,518,203,119,1163,5967,36,1689,71,1679,334,1211,1982,374,1962,39,2022,848,571
3831,131,1903,787,168,111,908,5499,16,1966,53,781,616,887,1364,176,1204,11,1070,831,389
3832,288,2687,718,241,238,1318,8928,223,2031,34,1534,291,1282,2038,206,1976,42,1461,843,531
3833,110,2045,40,258,1,730,3893,2,1028,11,923,186,755,1637,168,1094,10,882,654,323
3834,64,1398,244,282,62,634,3200,27,1431,45,851,398,747,1047,131,1061,81,1117,361,288
3835,542,2950,1008,362,735,1814,14123,166,2089,89,1773,701,2206,2660,671,4001,28,2255,1365,557
3836,303,2742,1005,277,385,1081,8031,274,3166,82,1568,1187,1490,2504,474,2088,49,1948,1504,602
3837,118,3193,717,185,37,290,6416,204,2071,11,1175,500,875,909,211,1595,25,1203,340,384
3838,494,4916,576,183,154,1401,8454,32,1341,59,2412,412,1608,2374,378,1916,98,2316,1316,592
3839,465,3758,1382,208,274,837,10926,405,703,185,2128,535,2154,1724,229,2267,27,1467,1163,606
3840,184,1554,376,116,84,575,3514,27,1160,84,743,659,661,820,84,734,58,778,301,243
3841,833,6887,1411,401,448,2675,16458,200,2028,151,3006,1129,1487,3829,597,3977,98,2951,2122,731
3842,80,4091,722,167,66,1416,7611,234,1197,80,1344,240,1176,1675,451,2000,22,1688,586,624
3843,799,10950,1281,257,385,1812,14081,705,3965,65,877,615,2448,3700,997,5563,130,3756,2037,970
3844,282,2737,713,280,397,1081,7911,250,2654,112,1111,953,1143,1392,297,1426,19,1487,987,324
3845,297,3079,1098,154,238,576,8021,249,972,9,1687,310,1118,1440,106,2128,9,912,1288,376
3846,26,1770,281,78,159,352,3070,18,758,3,549,382,298,924,18,573,0,372,221,192
3847,27,1529,193,61,98,496,2973,55,528,6,505,255,408,892,236,530,2,689,674,158
3848,165,1591,287,127,66,461,3651,17,772,27,999,112,842,1219,82,822,13,956,157,285
3849,475,3136,615,132,233,843,5229,19,984,75,1200,201,1093,1467,188,1243,20,1179,714,314
3850,316,3512,607,302,126,1036,5014,116,1129,54,859,374,1483,1296,296,2408,46,1572,800,684
3851,292,3622,932,274,261,1419,5343,138,1901,86,1403,1129,1677,1191,278,1742,117,1995,1174,538
3852,203,2766,505,198,80,1331,5629,63,762,49,1631,192,1346,1742,137,1589,33,1069,1525,341
3853,134,1459,281,42,80,589,4738,34,596,28,828,210,721,716,270,637,1,876,400,176
3854,160,1245,304,21,147,319,3865,38,679,10,632,210,418,961,84,621,5,660,397,78
3855,360,5726,1111,228,478,1162,12915,303,2009,113,2382,554,1934,2207,533,2068,36,2375,1682,491
3856,345,2982,537,157,94,814,6183,55,926,38,1138,393,813,1427,0,1491,9,1121,944,361
3857,957,8791,2317,438,568,2768,15928,401,4242,189,3824,1868,3164,4287,669,4061,69,3114,2094,985
3858,77,1776,319,94,89,678,3333,10,850,29,955,8,718,906,36,716,52,736,405,230
3859,277,1693,255,160,5,1112,3306,60,653,14,1105,114,849,1201,141,1120,80,864,739,284
3860,213,1615,234,243,102,606,2278,7,691,53,914,67,690,1017,116,948,12,1215,356,211
3861,60,570,30,75,33,292,997,3,404,27,469,94,356,176,36,346,33,219,289,145
3862,127,1847,269,151,104,593,1754,12,1153,18,778,316,221,1134,56,828,45,121,926,287
3863,174,2926,402,113,101,1303,6222,150,1066,53,1261,304,981,1690,126,1487,53,802,969,333
3864,188,1390,211,31,174,378,3594,148,1347,6,517,219,367,636,6,664,2,403,490,76
3865,521,5030,655,295,227,1803,9164,33,1917,111,1575,172,1886,2500,243,1956,81,2311,1645,914
3866,46,3327,946,144,82,623,7429,24,2076,27,745,756,1118,2168,194,1703,44,409,1612,335
3867,425,5134,1025,360,135,1427,9848,491,1614,187,2023,204,1438,2197,315,2591,37,882,989,759
3868,78,1129,239,127,115,292,1591,7,636,49,366,188,316,490,12,614,14,551,436,177
3869,425,2199,581,109,147,1078,4081,92,2117,80,1402,693,903,1130,267,1045,12,1181,865,457
3870,290,2454,188,134,9,706,5103,67,1114,99,758,339,907,1375,328,1268,64,1116,662,169
3871,163,2693,500,176,40,797,5501,77,1221,21,1490,95,1127,1437,85,1312,24,1121,856,378
3872,446,3102,646,317,29,1304,6796,63,1520,59,1615,592,1551,2133,362,1547,37,1938,899,666
3873,325,2707,663,52,308,786,4581,0,1423,34,1099,403,464,345,343,871,54,654,1050,427
3874,181,1416,86,85,13,503,3084,39,593,43,247,97,494,750,109,644,28,783,271,62
3875,371,5989,1219,371,397,1804,8045,363,3276,93,2527,749,1659,3110,328,1756,68,3255,1383,762
3876,196,2906,1015,269,190,954,9912,343,381,35,1865,345,1074,2490,403,2653,32,1896,879,309
3877,394,3118,457,120,345,1152,7044,84,2266,104,1275,398,1556,1764,106,1229,9,1622,1346,445
3878,337,1737,569,224,143,1185,4577,72,2515,130,1883,754,1152,2277,386,1856,30,959,877,203
3879,441,5153,1023,206,310,1379,10678,573,2995,93,1482,611,1806,1898,376,2530,38,1964,905,475
3880,203,1978,495,90,1,388,5067,68,637,25,455,318,587,965,159,913,5,616,912,195
3881,184,1215,487,142,175,124,4046,175,841,25,509,234,447,188,124,769,2,466,204,68
3882,646,3160,575,194,652,1101,10656,282,3664,91,1818,570,1413,2701,348,2641,37,1241,1136,646
3883,463,2273,641,134,198,461,4287,110,631,74,700,318,1075,1474,198,1128,16,1185,693,534
3884,95,530,205,23,39,176,1930,73,290,5,251,116,173,368,23,344,1,229,194,45
3885,115,979,159,62,78,269,2275,55,808,9,427,264,356,621,184,686,2,264,214,128
3886,291,3592,703,174,502,1534,5076,40,1709,71,1354,1000,1489,2158,684,2009,10,1264,910,316
3887,279,3006,638,304,124,879,5965,75,1453,56,1623,570,1071,1366,242,1785,0,1146,1150,373
3888,247,1429,683,110,70,631,6181,93,572,41,890,454,613,1221,267,948,0,878,464,141
3889,697,5750,1118,287,115,1343,13300,321,3620,141,1652,2210,1826,1927,329,1967,0,2265,783,540
3890,208,1594,216,110,25,323,4008,147,586,9,586,246,677,825,221,469,8,632,327,125
3891,28,1346,121,132,116,521,2240,14,946,33,693,194,236,722,70,507,13,743,344,94
3892,175,1877,293,127,212,689,3929,75,1388,31,1190,382,685,1159,131,848,31,1051,316,289
3893,147,1249,173,160,24,117,2193,16,495,14,598,168,500,702,54,546,12,258,241,197
3894,182,512,313,90,60,419,1966,30,1058,19,610,301,507,1133,143,619,1,479,564,119
3895,107,1299,58,41,23,533,1706,13,424,11,262,75,386,739,38,402,25,548,363,151
3896,100,817,146,84,74,267,1625,18,780,0,389,69,341,555,30,402,21,263,221,96
3897,352,2669,493,194,150,1083,4791,26,2207,54,1000,424,978,1683,133,1270,69,1366,700,427
3898,851,6382,1781,300,571,2339,16731,621,2251,115,2381,1189,2397,3851,605,3758,35,3017,1624,1005
3899,155,864,248,149,5,643,2221,8,1144,32,844,62,609,878,36,712,10,795,568,287
3900,197,2214,246,303,149,853,3340,9,1350,71,1163,279,997,1706,92,1337,41,1202,1052,415
3901,165,981,108,83,56,492,1578,2,1028,11,238,241,428,667,38,419,5,671,421,164
3902,600,4932,893,263,319,1848,10291,168,3538,51,1685,1169,1413,2825,235,2864,29,2153,1521,435
3903,276,2861,423,202,301,717,5693,36,1482,40,1541,408,845,1750,159,1611,29,1082,1121,190
3904,421,5220,1424,265,218,1133,10605,265,3130,33,1783,824,1111,2454,198,1953,46,2074,758,325
3905,233,1663,345,85,50,594,4452,62,670,14,805,282,974,940,236,993,12,701,457,315
3906,690,6603,1447,304,144,1670,10239,169,1997,99,2664,1286,1788,2815,628,3484,30,2211,1758,817
3907,242,1144,126,37,66,344,1866,33,911,7,739,185,556,770,70,407,31,722,244,171
3908,249,3020,525,191,208,889,7862,380,1116,74,1467,488,857,1867,340,1999,6,1353,704,335
3909,125,881,163,117,58,583,1672,10,999,3,540,273,467,840,57,872,0,745,451,309
3910,852,5588,1649,377,377,2371,17336,290,5789,121,3008,1598,2590,2976,813,3997,21,3115,1695,963
3911,462,3324,755,286,238,865,9012,56,1260,80,1390,288,1504,1638,137,759,46,1522,1252,440
3912,950,5367,821,224,4,1903,9802,746,3430,14,1783,971,2860,4112,1006,2141,27,3830,1315,813
3913,323,2345,454,176,0,1033,5870,29,1030,26,1042,202,807,1609,166,1563,42,1590,488,342
3914,436,3629,884,234,218,1059,8414,416,2941,98,1344,510,1660,1836,301,1568,9,1748,760,497
3915,509,5190,1181,315,261,1950,9695,236,2935,131,2061,894,1766,2589,453,2580,49,2171,1614,883
3916,352,2021,435,132,431,833,6468,40,2221,121,1347,930,430,1183,309,1693,3,758,623,150
3917,444,5208,981,295,322,1185,8852,359,3824,111,1661,1201,1829,2598,403,2560,43,1316,1824,705
3918,343,3214,554,191,236,1086,5676,32,2210,21,1347,436,1180,1847,293,1171,53,1199,549,283
3919,892,7335,1620,208,537,2483,15857,149,5906,247,3230,1605,2446,2870,477,4113,7,2544,596,974
3920,224,3603,640,201,116,660,7201,58,2692,59,1107,1001,1359,1916,207,1389,38,1261,797,442
3921,192,1073,254,142,50,564,1941,2,962,52,828,143,664,1014,38,606,17,666,319,290
3922,79,336,159,121,58,605,1450,8,555,43,599,126,514,750,5,520,69,531,374,191
3923,309,3538,437,216,169,1487,9195,448,1329,50,1390,125,1318,1594,177,994,31,1544,882,500
3924,559,4389,1382,363,64,1509,13650,209,1220,83,1741,281,1668,2875,185,3181,35,2391,2042,674
3925,179,1909,373,144,140,747,3769,11,510,1,601,192,610,1156,174,803,7,837,490,317
3926,204,1307,306,102,12,424,2892,3,486,45,608,68,409,816,102,898,53,649,529,69
3927,182,782,106,48,0,294,2542,7,689,13,361,294,373,707,108,515,19,462,257,103
3928,104,492,61,41,49,181,1089,2,404,25,165,104,275,348,69,362,6,255,276,152
3929,159,672,79,81,39,316,698,7,627,21,452,0,339,615,25,247,13,266,207,160
3930,581,1983,855,188,142,703,7268,459,2641,94,1520,440,352,2142,318,2048,7,1436,1580,217
3931,156,2721,471,251,103,927,5566,62,746,60,1093,264,1193,1622,132,1419,55,972,1032,408
3932,114,795,227,56,72,268,2617,23,728,36,518,321,400,494,100,672,24,323,222,120
3933,93,1649,269,115,151,633,2552,43,1286,40,961,228,425,983,62,977,5,823,560,252
3934,557,2525,1729,353,414,787,7913,52,975,71,1823,1738,2132,2839,499,2999,9,2404,1582,562
3935,262,2860,325,148,87,1002,3447,45,2043,68,1033,320,998,1155,232,993,0,1200,966,195
3936,76,572,121,38,22,240,1872,123,668,13,225,164,333,379,31,407,0,269,194,61
3937,183,1637,149,75,79,432,2470,2,836,24,549,239,650,738,51,461,24,708,510,183
3938,794,6564,706,311,480,2087,15384,404,5945,103,2235,1181,2915,3647,971,2806,1,3456,1842,838
3939,237,2611,651,223,227,544,5363,134,2783,59,1313,680,943,1544,133,1337,7,1275,998,271
3940,308,4452,1313,205,186,1397,9803,353,1194,50,1680,637,1673,1670,393,2416,44,1933,1289,149
3941,578,4800,668,346,565,1270,8266,86,1683,132,1832,804,1914,2294,475,1393,23,2363,827,420
3942,530,5554,894,319,173,1845,9134,104,2240,96,2504,615,1939,2951,371,2554,148,2963,2009,474
3943,398,3162,450,241,145,1007,6078,174,979,53,912,135,1079,1355,201,1314,43,1469,781,343
3944,365,2332,258,209,110,551,2392,52,661,48,810,420,785,676,84,1205,52,823,663,254
3945,582,4788,686,137,293,1880,11106,475,2245,118,2269,754,1421,5564,482,2833,8,2737,1495,468
3946,136,2507,1148,116,480,383,2146,47,3323,163,2241,992,1463,2415,45,1467,44,383,531,332
3947,641,5177,688,93,588,1730,10022,517,3289,57,1889,522,1654,2332,225,1153,0,1612,1343,305
3948,346,2997,959,114,201,1038,5957,157,852,134,1379,2,1099,1204,226,1871,49,1887,1284,298
3949,292,3174,498,280,207,1140,5429,126,1723,35,1563,796,1058,1121,221,1769,69,1231,1035,244
3950,177,1494,239,138,38,472,2800,26,1159,67,804,327,615,1098,85,699,35,761,449,196
3951,94,546,45,31,12,171,964,4,176,13,397,59,341,513,6,481,22,454,254,50
3952,297,3223,474,221,92,590,4436,2,1278,66,1412,332,1098,2036,244,1456,68,1103,914,349
3953,500,8065,1944,220,260,1426,18941,568,3004,145,3250,594,2711,3092,574,4139,110,3676,1701,460
3954,722,5261,473,129,0,1021,9167,29,1633,79,1896,683,1886,2381,225,2246,66,1850,1656,285
3955,603,3570,542,256,106,1109,7215,14,920,101,1363,225,1825,2631,148,1629,38,2097,1265,700
3956,642,6428,962,267,335,1981,13905,401,2015,153,3227,722,2089,3103,230,3882,37,1963,1529,322
3957,166,1777,8,68,65,603,2823,4,450,54,401,15,581,1122,48,785,33,657,569,370
3958,524,1712,853,153,262,1262,11373,491,2719,110,2209,1398,857,2439,117,2751,46,1780,1777,427
3959,357,1679,790,55,113,717,6156,248,837,15,1097,74,932,1552,140,1261,12,1140,766,294
3960,76,685,133,92,36,288,1262,11,329,10,216,46,240,454,17,358,38,228,215,74
3961,401,3355,545,108,208,1077,8652,204,2673,33,1492,839,1201,1970,95,1380,4,1397,821,394
3962,678,5121,342,313,274,1016,8360,60,132,38,2009,532,1761,1781,291,2861,12,1788,1009,328
3963,391,2138,571,93,103,607,4144,39,500,17,955,205,692,1408,68,1111,52,922,686,205
3964,272,3581,31,170,284,967,7479,90,2043,116,1305,528,1189,1450,199,1622,11,1560,671,202
3965,455,3006,752,335,263,1334,9652,214,2831,53,1865,825,1500,2455,373,2356,8,1577,1176,827
3966,341,2109,365,238,134,645,3915,9,773,51,966,221,503,1344,36,1155,26,869,924,421
3967,223,1381,301,76,48,528,2806,19,538,13,535,31,235,502,75,698,14,329,529,140
3968,157,1266,707,177,163,715,3407,121,1415,22,479,424,767,1021,138,993,26,913,515,185
3969,645,4829,1296,311,522,1867,7553,113,3027,133,2278,611,2244,2531,303,2850,182,2603,1771,866
3970,230,1599,555,260,83,875,6030,39,2352,88,1278,543,825,1691,355,1692,62,1380,1002,509
3971,668,7265,2137,426,1031,2266,15964,956,5118,117,2966,1144,2663,3333,343,3348,74,3107,866,593
3972,264,1642,112,139,53,619,2712,46,543,20,1179,317,786,1120,86,884,52,892,586,164
3973,489,2547,686,181,149,1164,9417,160,1584,114,1726,799,1702,2756,355,1724,20,2079,1722,406
3974,414,3482,779,121,88,1108,7815,158,2696,39,1441,850,1020,2217,150,1686,0,1136,1130,425
3975,845,6617,1295,177,360,1273,12291,102,2117,170,2595,1098,2042,2828,600,2991,67,2067,1517,709
3976,408,2786,828,305,133,818,7047,144,2764,47,1148,1124,1491,2398,247,1989,8,2145,462,436
3977,100,1914,411,198,39,618,3674,101,1001,40,1065,260,822,993,39,917,69,737,609,297
3978,749,5907,666,133,191,1655,9761,239,3672,73,2174,1099,2156,2086,474,2639,56,1416,1724,714
3979,226,2099,333,160,108,667,3861,27,1913,10,1107,298,967,1338,408,1173,36,730,543,373
3980,252,2498,535,155,42,831,3536,62,806,22,865,305,1038,1085,22,1207,18,1299,1113,238
3981,81,753,162,69,54,312,2107,30,399,25,553,147,443,410,53,548,10,449,288,145
3982,353,2101,742,234,371,321,7745,13,3489,42,1604,504,1395,2008,307,2088,44,1333,440,527
3983,97,586,145,78,20,190,1393,11,364,26,398,16,301,606,37,121,2,328,564,153
3984,454,3930,819,210,1,1290,8965,64,1311,106,1355,252,1408,1572,446,864,46,1778,1167,353
3985,259,3163,548,147,98,1409,7685,67,1202,83,807,171,1045,1992,364,1965,93,1840,1359,469
3986,118,1833,429,80,30,850,1626,4,507,10,77,211,707,459,94,673,23,721,734,259
3987,339,2123,147,180,127,434,3942,14,1001,38,472,213,1024,1564,155,743,50,800,753,339
3988,137,1186,342,41,45,289,2640,59,403,29,437,89,299,579,141,548,12,493,320,157
3989,444,2916,1365,153,260,554,5105,18,2181,30,752,778,1409,1269,210,2317,9,1105,925,562
3990,892,6283,1171,378,327,1948,15127,111,2671,196,2845,1053,2771,2991,460,3062,128,3087,1778,1169
3991,269,2585,462,120,220,854,8196,18,757,35,1218,210,885,1200,186,1203,18,1193,799,310
3992,247,1394,282,124,49,300,2711,1,901,23,1041,91,591,525,20,600,16,426,369,56
3993,368,4595,1027,306,147,1271,9635,347,993,74,1933,526,1630,2762,482,2494,26,1776,1456,455
3994,259,2363,416,141,116,810,5540,6,1942,49,1417,553,1092,1895,104,1548,33,864,482,343
3995,213,1737,597,87,175,553,3554,57,1342,3,737,422,664,1215,185,827,12,710,733,177
3996,295,2834,661,68,0,725,6549,79,2107,77,1088,632,1047,1551,441,1474,31,1248,752,388
3997,84,726,131,71,50,278,989,1,276,24,437,54,291,334,33,248,20,299,297,49
3998,254,4238,648,140,187,1363,7907,205,1662,46,1439,248,1190,1258,308,1677,37,1503,1275,346
3999,505,4599,378,227,1,1238,11273,542,434,27,1564,335,1302,1012,342,2330,7,1635,1372,198
4000,369,4108,721,220,288,1566,9219,213,3628,106,1600,848,1755,2542,147,2348,54,1456,773,371
4001,312,1803,948,50,97,594,5422,231,973,8,202,317,413,738,59,981,3,684,340,167
4002,268,1421,547,194,295,704,6544,89,1862,44,773,170,894,1376,139,1334,8,1061,690,349
4003,312,2918,915,173,98,1133,7535,180,2326,88,1372,294,1434,1167,195,1994,63,1182,1351,597
4004,93,735,23,49,141,164,1459,84,512,5,278,79,125,518,52,466,4,303,242,81
4005,43,1121,191,119,47,447,1434,0,686,33,301,65,464,592,24,407,30,336,224,269
4006,121,823,255,64,101,334,1728,7,466,23,387,49,328,456,46,408,23,316,176,73
4007,113,557,132,109,41,501,1144,2,370,2,465,76,452,932,26,555,29,298,432,45
4008,548,6072,1198,327,405,2128,17487,350,5094,49,1907,1785,3417,2523,654,3470,25,3085,1216,692
4009,535,5199,1079,297,250,934,10401,21,1432,39,1725,626,1490,1178,279,2162,171,1699,1362,299
4010,402,2484,637,175,114,814,4992,31,916,119,1186,322,1238,1509,51,1285,31,705,989,386
4011,69,2092,532,148,161,940,4201,63,897,25,1059,154,1112,1255,191,1153,19,1131,714,348
4012,551,3196,1082,315,324,997,11631,482,3916,130,1907,1636,1865,2595,656,2732,9,1859,1239,649
4013,608,5982,1219,376,423,1757,14038,176,2140,185,1353,476,2648,3792,488,3678,37,2871,2016,751
4014,804,6866,1745,90,387,1656,16645,251,913,82,1926,451,1513,2209,81,2378,23,2761,2155,933
4015,624,6005,1110,326,264,1811,13167,68,1959,108,2357,448,2000,2292,589,2516,42,1666,1601,367
4016,80,607,194,25,95,245,2673,126,268,6,541,16,315,543,31,501,0,344,291,123
4017,443,3780,802,128,206,921,4705,320,2510,76,1669,984,1579,1968,440,1830,33,1546,1111,508
4018,166,575,150,56,0,199,1505,56,117,15,254,138,178,412,72,346,0,207,257,52
4019,122,824,234,83,34,349,1204,3,1080,1,382,54,491,487,20,401,31,355,153,160
4020,149,736,125,43,61,329,1900,70,610,17,335,235,369,440,34,359,6,352,280,84
4021,288,2311,294,58,67,563,3974,28,1220,32,770,391,812,1397,81,1002,45,782,978,314
4022,308,6930,1194,368,156,1669,12399,323,1870,135,2554,502,2171,2559,527,2660,49,2935,1117,298
4023,1,3015,674,0,0,1,19,0,10,0,1,1,707,5,300,1536,0,6,585,3
4024,107,752,226,77,44,262,1437,3,854,38,566,135,263,535,32,437,6,431,331,210
4025,85,604,166,30,6,261,1116,3,284,6,278,23,223,337,16,325,24,246,229,117
4026,187,1399,196,139,105,372,2405,214,610,41,588,281,569,827,73,593,4,734,336,176
4027,207,2498,635,130,86,1163,7800,61,2640,65,1640,462,1075,2278,295,1810,13,1768,627,322
4028,799,4661,578,320,149,1177,10550,98,1871,26,1771,342,2404,3828,788,2928,58,3198,1151,922
4029,303,2349,597,131,115,431,4927,113,1924,45,1280,450,732,1313,228,1304,5,946,571,239
4030,321,3870,1100,176,192,1127,8454,306,1960,82,1719,1329,1342,1727,352,1734,1,1638,1145,404
4031,391,6283,1076,301,547,1711,8562,108,3437,106,2357,728,2400,2755,647,2792,68,3086,1604,779
4032,367,4375,571,240,171,1088,8110,51,1609,107,1116,392,910,1732,441,1765,82,1566,1383,415
4033,533,5721,1253,350,312,1205,10659,581,1727,101,2406,465,1671,2261,24,2853,29,2021,1307,539
4034,323,2954,459,224,20,734,6107,67,1596,44,429,356,836,1278,97,1792,71,1266,601,615
4035,298,2824,514,204,118,1267,4036,76,972,160,1365,351,1474,1758,234,1258,14,1587,1065,435
4036,647,4651,375,14,160,1387,10626,77,3558,55,1870,535,1605,2255,245,2570,29,1755,986,370
4037,255,3151,756,155,202,989,6619,36,2186,116,876,331,1405,2001,258,1573,14,1080,1241,405
4038,135,1066,86,24,117,273,2689,138,420,27,314,146,475,769,186,569,0,652,320,229
4039,233,1381,432,52,94,582,1688,34,910,17,446,223,502,814,14,761,7,875,336,154
4040,92,827,364,39,59,218,2502,71,443,8,363,127,296,410,43,481,0,316,216,54
4041,383,4347,1029,390,193,1341,9302,62,1367,164,1141,404,1424,1693,255,1829,33,1741,1088,559
4042,426,2839,293,161,75,653,4341,145,1908,24,803,741,880,1356,236,1194,61,887,604,295
4043,188,2490,333,120,332,704,4556,20,1672,23,796,372,544,1045,187,933,0,562,370,316
4044,241,3263,1369,116,601,813,7932,174,1221,12,820,736,894,1660,148,1552,6,1227,849,196
4045,228,1850,257,75,39,856,2944,20,682,30,518,78,527,658,77,742,15,862,340,184
4046,305,4249,713,170,168,1285,7797,223,2981,32,796,790,1462,2297,296,2214,20,1970,1605,312
4047,243,1480,310,69,89,519,2518,31,687,33,713,154,670,1059,208,764,12,646,526,146
4048,71,1108,560,49,58,491,1029,15,761,1,446,18,354,807,41,771,0,539,214,158
4049,311,2009,501,167,89,782,4041,95,991,35,973,315,1082,1371,180,1275,62,1232,967,432
4050,152,1343,168,136,73,594,2399,30,1083,40,539,214,593,1008,53,677,43,476,350,115
4051,373,1443,839,76,366,641,6950,101,1769,16,1027,584,780,1100,220,1264,4,829,675,161
4052,227,4056,920,136,193,1087,9168,236,2199,3,1650,578,1355,1822,360,2041,23,1560,901,473
4053,79,541,182,28,35,144,1521,58,266,7,244,67,203,284,22,301,1,239,158,45
4054,297,3969,953,186,181,1112,8190,211,1615,66,1670,391,1567,1665,321,2145,22,2222,1080,586
4055,231,1828,554,146,146,1066,6906,119,1036,67,1180,202,965,1753,280,1204,21,1561,821,436
4056,82,560,214,59,52,299,2110,43,236,28,346,57,306,471,92,365,9,398,257,119
4057,254,1054,539,136,0,821,3195,21,1765,16,933,170,940,1223,307,951,8,1221,408,287
4058,185,2449,473,182,80,123,4955,55,601,39,1146,258,1123,1195,63,1237,53,899,883,373
4059,488,3330,996,266,175,1549,13661,485,1489,126,2801,46,2222,2095,289,2791,73,2855,1076,575
4060,88,961,263,109,3,331,1721,8,783,31,563,189,244,434,40,446,24,613,132,114
4061,679,6342,2596,81,372,1365,9405,374,3200,18,1474,1190,1516,1661,275,3061,3,1441,1268,302
4062,613,6887,1058,250,428,999,10326,334,1723,56,1672,877,1295,1618,184,2150,23,2384,1620,554
4063,75,300,60,71,7,201,1009,1,473,31,312,66,320,418,11,377,15,289,166,196
4064,251,2378,470,185,59,874,3578,53,1215,65,1145,132,1341,1477,237,1207,18,652,577,331
4065,352,4504,627,280,188,1186,5611,89,1354,100,1900,364,1334,1941,102,1987,25,1602,1434,423
4066,413,3772,382,176,514,1040,6521,212,2606,43,1350,776,1217,1890,92,1513,20,1201,630,325
4067,237,2230,389,205,194,836,6339,38,1255,44,1062,224,894,1626,300,1344,62,1293,401,320
4068,210,3092,327,196,221,1389,6915,2,1211,70,821,91,677,1974,224,1491,58,1561,1136,490
4069,256,3602,1199,157,430,1259,10222,107,1470,37,1121,316,1410,1713,264,2077,16,1381,1098,426
4070,89,553,165,39,66,169,1077,76,232,1,241,122,250,643,65,431,0,272,283,98
4071,75,1002,225,29,16,166,997,47,170,17,365,186,280,509,318,188,9,306,175,184
4072,37,790,51,50,40,159,1022,2,536,11,307,120,264,603,35,335,16,416,242,84
4073,179,1342,204,132,57,701,2610,7,509,30,933,138,622,755,26,560,24,690,459,184
4074,296,2992,499,101,16,469,5994,0,824,22,1280,298,437,1186,381,720,2,861,730,261
4075,331,2348,463,56,152,506,5578,362,1943,14,971,295,834,1108,168,1022,3,272,894,260
4076,376,3749,785,181,0,525,5623,186,1219,13,1182,0,1109,1999,231,1763,98,1261,1162,262
4077,981,10082,2741,336,1294,2470,22667,481,6280,112,3739,2369,3457,4383,566,4937,7,3633,2719,777
4078,148,2181,480,116,108,650,3639,19,1537,7,1009,341,725,1114,155,891,31,773,910,178
4079,389,2737,542,141,204,920,4994,2,2141,21,1032,371,753,1522,74,1351,30,1196,703,266
4080,25,702,134,99,51,186,2139,51,142,29,319,30,283,463,139,235,0,424,119,86
4081,655,8017,1702,324,9,2538,17789,463,1451,238,2768,394,2325,3578,1027,4309,35,3427,2406,911
4082,151,800,61,97,7,380,1068,0,220,22,402,22,353,472,36,341,17,256,145,227
4083,216,3093,412,212,158,845,4404,17,1838,45,1212,458,1217,1407,152,1361,44,1110,969,370
4084,76,908,337,34,158,207,2028,42,278,11,304,150,195,457,10,378,0,361,212,28
4085,418,3247,713,236,316,1063,7520,105,2515,104,1367,1003,1127,1051,486,1223,3,1314,522,225
4086,313,2113,574,91,79,1149,4762,14,1105,36,1334,260,857,1654,160,907,27,1373,800,162
4087,478,4753,893,317,232,1486,5728,89,1419,80,1998,398,1624,2219,164,1697,123,1859,1477,280
4088,74,573,223,25,53,184,1709,33,286,6,235,93,207,310,31,358,0,230,210,37
4089,541,4747,935,295,396,1624,10584,314,3384,76,2107,557,2102,2870,209,2657,52,2502,1457,767
4090,473,4610,988,307,404,2280,7325,172,2273,138,1465,633,1892,3137,561,3326,102,2914,1547,836
4091,146,1285,203,131,77,490,1626,16,0,109,532,73,644,411,26,637,8,651,407,232
4092,253,2382,349,145,253,588,4488,47,1869,44,1101,215,1059,1377,112,1470,35,965,748,426
4093,362,1734,997,259,546,1002,8389,48,3033,153,1445,1068,1564,2502,305,2224,123,2367,1006,427
4094,908,7812,934,58,532,912,12637,359,2764,0,2481,1013,1393,3261,619,279,14,2728,1737,788
4095,245,2258,585,150,121,544,5192,123,892,53,1053,272,933,1246,145,1242,49,1135,501,383
4096,351,3015,781,194,259,1267,5664,84,1608,95,1793,384,1119,1778,227,1781,12,1370,1065,557
4097,340,3343,741,181,134,561,7211,60,2156,147,1578,650,1328,1437,51,1916,78,1906,576,483
4098,313,2127,20,129,143,576,1731,96,1941,85,1378,62,901,1682,83,1146,34,986,601,371
4099,306,982,320,139,183,850,4819,24,854,66,1397,470,974,1453,45,532,64,1348,402,523
4100,114,857,221,91,26,488,2256,30,408,22,671,109,553,676,87,573,26,507,313,112
4101,262,2085,616,173,271,785,5541,297,1783,101,1403,572,1115,1144,364,1318,42,1256,787,465
4102,134,1486,216,154,25,617,2411,18,627,52,644,191,740,842,43,671,13,766,432,96
4103,202,2463,515,188,118,758,5833,63,947,45,952,322,911,1387,150,1097,24,1160,658,354
4104,99,2964,577,183,216,937,3887,26,2221,72,937,406,913,1519,180,832,32,1120,659,427
4105,863,8467,1933,356,582,1794,17068,282,2531,119,3233,411,2425,3109,695,3406,29,2714,1772,799
4106,908,6065,1223,385,150,701,12156,277,1966,59,1525,1171,1585,3303,616,3123,49,2765,583,164
4107,928,7079,1711,364,666,2321,10959,513,2335,138,2632,451,2529,2000,731,4033,112,3458,2176,527
4108,229,2026,285,69,40,249,2002,43,1010,18,1033,339,762,716,166,724,81,958,337,353
4109,320,2271,551,192,196,581,4918,33,1596,126,331,263,774,1283,96,497,75,1105,818,164
4110,238,1997,149,128,87,960,4445,29,881,73,639,172,880,1028,204,775,64,922,540,383
4111,398,3150,1254,223,178,1418,7160,235,1338,100,1471,282,1027,1293,307,1441,27,2296,1079,547
4112,201,1562,287,84,0,307,3607,22,402,21,686,106,473,1102,112,605,24,845,667,92
4113,371,5180,947,231,181,1642,12272,35,2262,103,2084,542,1528,2340,377,3243,30,2252,1359,669
4114,345,4238,234,204,442,1089,8242,35,1078,28,1185,587,1183,2377,431,2094,20,1488,1168,458
4115,89,727,107,57,0,410,1253,13,246,38,538,19,327,589,12,469,10,492,367,155
4116,611,2950,1007,296,424,1151,8588,69,2643,25,2079,965,899,2085,488,2804,67,1772,1430,404
4117,669,5690,897,315,249,863,5227,102,2718,145,1227,701,1517,1921,496,2639,23,1936,1374,838
4118,45,768,102,52,35,275,1623,72,413,7,246,111,273,250,40,437,1,369,141,89
4119,630,4574,757,300,461,1495,9901,302,3821,76,2020,1683,2370,2621,365,2270,22,2523,1062,416
4120,486,5706,870,420,393,1573,12951,422,3635,156,2031,772,2506,2862,383,3042,9,2747,1452,550
4121,114,610,104,58,36,273,928,4,394,4,248,63,294,400,11,270,19,290,148,59
4122,434,2990,955,180,308,1092,5707,140,2333,42,478,684,845,1577,154,1506,13,876,659,300
4123,48,774,124,74,30,190,1613,32,510,16,242,77,286,264,68,444,3,384,176,103
4124,234,2914,763,307,320,1259,7627,216,2941,116,1557,648,813,1804,236,1422,55,1938,772,461
4125,200,1999,481,256,41,664,5947,92,1111,51,1162,374,967,1526,150,1348,21,1219,767,432
4126,369,3122,506,179,226,861,5059,126,2599,77,990,623,1286,1688,279,1599,37,1565,915,489
4127,100,762,303,30,50,240,2055,86,394,7,283,80,247,426,47,451,2,306,247,60
4128,193,1374,240,106,33,536,2140,1,1087,49,690,291,783,869,106,360,53,778,308,227
4129,332,2890,444,246,488,1056,8298,23,1453,16,930,845,1037,1903,308,1898,38,1595,1008,417
4130,286,5348,1183,203,427,1313,11441,638,1569,22,2191,254,1844,5881,644,2782,21,2372,560,527
4131,230,1609,394,61,128,516,4369,195,1239,13,560,316,545,674,276,767,10,563,354,252
4132,163,837,123,107,70,335,1292,0,397,29,601,61,345,612,28,415,31,442,249,90
4133,781,5666,1153,232,263,2266,9939,40,2202,85,2663,468,2057,3146,371,3394,102,2381,1954,767
4134,440,1789,505,263,6,936,6106,158,870,80,1209,490,1131,1955,178,1577,33,1455,1256,379
4135,470,3065,317,271,0,1315,7210,57,1109,144,962,431,1683,2224,185,1576,68,595,1618,713
4136,255,784,377,223,69,691,3467,16,878,72,974,236,651,1087,282,1180,29,1037,667,528
4137,284,1034,415,165,148,636,4254,51,1518,64,972,634,681,1125,162,1394,7,1033,325,415
4138,402,5549,1271,366,318,1047,12113,331,3764,160,1761,1221,1638,2693,392,2675,28,2465,1161,565
4139,40,611,202,55,9,405,1409,7,334,6,517,88,247,518,17,332,35,419,261,79
4140,263,2026,93,145,114,712,4165,7,1678,55,1018,222,688,1348,210,1145,17,735,535,303
4141,214,3420,549,156,265,822,7306,53,1468,59,1226,351,1206,1451,200,1494,29,1673,811,694
4142,173,1098,461,106,74,443,3399,21,1795,35,994,336,754,930,66,872,19,868,208,307
4143,262,3921,843,162,265,1321,9588,174,1600,150,1675,265,1631,2658,407,2197,47,1670,1308,555
4144,123,805,87,23,4,233,632,0,427,24,282,173,446,309,23,299,33,152,230,29
4145,301,1514,273,112,31,430,1721,4,846,30,447,131,622,796,50,735,30,529,376,208
4146,51,868,401,61,108,160,2133,67,815,6,258,175,371,626,117,559,1,580,224,120
4147,49,959,212,51,80,423,1420,1,563,29,573,45,346,455,33,479,37,378,106,171
4148,29,778,310,31,59,394,2254,13,775,1,364,327,315,560,30,398,1,402,397,196
4149,589,2797,760,292,269,1794,9229,70,1869,105,2138,636,1744,2644,327,1299,109,1851,1498,2
4150,672,5234,1146,359,245,1843,13268,272,4390,186,2472,1136,1780,2608,229,2169,74,2839,1785,948
4151,433,5388,843,223,350,1577,10914,12,3523,119,1639,1130,1781,2518,513,2748,13,2710,1466,555
4152,202,1696,299,176,86,1068,3073,35,558,42,932,68,920,1842,20,1049,139,1359,794,335
4153,288,3165,940,214,538,1052,10210,256,2746,13,1231,653,940,2084,403,1922,13,954,1131,306
4154,1286,11142,2099,700,472,3896,22155,673,5800,323,4326,1471,4049,6227,732,5902,222,5601,4031,1281
4155,443,4616,1283,218,372,1749,10698,184,2155,59,1820,876,1932,3224,376,2656,28,2239,1756,610
4156,317,2556,544,185,77,1579,6973,217,1296,104,1514,507,1420,2081,247,1676,141,2015,1217,549
4157,116,1459,192,134,81,632,2328,11,476,52,860,132,505,1113,80,613,44,855,539,199
4158,416,6113,910,273,364,1211,8047,213,4101,71,1465,741,2083,3274,296,2669,28,2597,711,638
4159,552,3772,856,295,214,1275,8270,48,1502,85,1352,507,1214,2213,487,1719,45,1880,1271,555
4160,348,2867,380,252,4,1190,4855,44,981,56,1071,283,1185,1601,128,1642,75,1326,697,245
4161,423,2919,555,271,419,995,7568,33,2742,46,1496,816,1690,1987,325,1640,80,962,829,627
4162,138,1582,180,141,30,670,2851,29,472,11,874,77,679,1150,38,494,3,449,541,158
4163,414,2615,901,185,253,762,9415,85,1470,31,1325,621,1264,1857,69,1836,20,1499,987,390
4164,673,7060,1958,427,575,837,11741,78,3994,312,1933,1560,2219,3573,593,2663,91,2485,1217,866
4165,695,175,840,209,518,573,2747,146,3116,81,1491,683,965,2532,171,2190,2,1727,1311,243
4166,357,4659,537,195,171,1439,8061,55,1186,112,1185,63,1566,2162,210,1818,62,1200,1553,549
4167,318,1899,419,205,52,581,3110,15,662,22,558,229,503,1087,153,1112,79,1183,831,268
4168,125,1064,74,86,118,520,1694,6,48,12,236,53,544,766,54,404,15,543,483,271
4169,241,2339,312,139,188,770,3875,8,1852,113,794,393,957,1568,103,1449,68,889,783,636
4170,340,3834,592,205,232,1295,7746,21,959,60,1329,263,1705,1922,176,1072,84,1487,942,606
4171,221,1777,337,118,146,612,3387,22,661,71,756,220,309,844,164,786,2,555,479,250
4172,267,1035,400,189,31,804,4157,15,1137,56,941,349,578,882,78,1018,63,514,431,337
4173,63,543,224,20,46,153,1685,63,312,7,200,113,192,268,28,316,0,196,161,45
4174,754,3066,1295,264,627,1371,8535,319,4235,83,2729,1436,2674,3364,116,3780,88,2417,1098,839
4175,0,6803,901,170,1,1034,8335,68,1807,28,6,135,2690,11,633,3273,31,1534,6,1
4176,389,3154,423,290,110,1002,7015,170,2328,23,1780,879,1177,1736,386,1563,32,1735,1006,704
4177,172,793,119,103,43,157,757,9,707,31,502,91,336,287,40,391,6,411,265,73
4178,725,5459,917,327,10,2416,15381,354,4813,58,2155,761,2424,1490,263,3634,38,2769,1178,744
4179,430,6028,983,181,369,1697,11616,60,2292,87,2297,584,1850,2513,390,2883,83,1562,1764,940
4180,263,1304,489,94,189,685,4628,145,1669,41,895,332,834,1387,158,903,20,794,558,386
4181,435,5332,1432,264,239,1400,12451,42,2157,104,2050,815,1820,2368,490,2611,26,2138,1090,516
4182,710,6453,1243,392,575,1742,12591,31,5152,83,2249,1654,2311,3183,120,2974,96,2621,2676,707
4183,507,3483,732,209,493,1879,13298,160,3995,139,2241,1079,1545,2521,683,2635,50,2146,1636,342
4184,165,685,239,72,197,173,2919,87,933,32,535,377,578,539,170,638,18,687,306,142
4185,710,4959,539,173,244,1441,10374,151,1335,68,1968,677,1642,2426,586,2170,13,1776,1345,567
4186,303,1319,592,145,47,658,5028,67,795,76,942,309,1051,1620,62,1149,55,1089,985,350
4187,465,3001,982,280,119,1621,10522,58,1141,61,1594,670,1687,1862,462,2428,6,1639,1468,446
4188,445,4806,1023,293,63,1625,11703,391,2014,59,1098,351,1653,2259,454,1035,1,1904,1718,641
4189,370,5253,881,155,554,1283,7707,413,1592,57,1497,468,1094,1256,434,2047,27,1066,1026,275
4190,250,1163,245,124,107,530,2332,54,642,32,597,228,467,537,125,579,13,650,499,195
4191,267,4769,596,191,259,947,4482,45,2516,18,1412,642,808,1723,404,1353,17,1096,808,450
4192,755,5445,1387,393,872,2082,15495,660,4519,130,2796,1663,2436,3054,568,2549,31,3047,1543,628
4193,38,1032,115,26,22,342,1171,11,645,31,461,110,427,674,34,471,7,389,309,179
4194,209,1699,495,113,66,524,3357,63,1066,103,1214,223,737,1423,108,998,88,877,670,305
4195,338,3159,429,197,73,929,4890,5,1858,109,1301,402,936,1779,203,1472,50,1253,177,343
4196,91,1168,75,58,33,465,648,2,282,29,479,75,374,595,9,378,68,476,410,172
4197,206,1998,430,157,61,902,4198,14,790,63,959,177,899,1379,113,1299,67,1220,825,228
4198,74,1006,166,72,25,357,1267,3,232,34,464,39,302,646,8,441,19,313,324,173
4199,171,1676,441,66,105,445,2685,77,1087,39,628,259,616,1008,122,917,9,749,408,150
4200,163,1045,100,59,68,395,1151,1,240,77,608,89,472,992,24,356,14,624,321,252
4201,82,637,279,27,52,200,1963,53,371,5,252,104,182,378,23,359,0,231,211,35
4202,110,675,194,73,31,258,1766,52,310,30,470,40,296,371,35,593,3,226,209,83
4203,208,4334,884,142,557,1748,9483,84,3294,81,1815,1210,1458,1976,469,1607,43,2160,1247,531
4204,224,2004,464,106,86,128,2456,34,1606,11,301,478,713,826,149,911,21,553,323,151
4205,1001,6863,2041,279,275,1963,11154,594,1847,63,2648,1131,2518,3199,540,3104,79,3150,2114,612
4206,431,2747,657,151,188,1108,3698,20,1030,33,1299,240,1096,1659,363,1639,140,1400,1083,479
4207,305,2889,273,84,149,598,5613,46,670,10,684,455,919,1207,297,1403,16,997,776,357
4208,885,6789,1606,456,924,1727,11960,312,4226,175,3378,2595,3061,2766,912,5539,11,650,2097,1026
4209,105,1520,442,208,121,695,3910,14,888,34,422,270,873,1030,166,888,45,1161,447,299
4210,75,619,242,25,57,134,1751,63,302,6,246,105,188,354,25,297,3,198,199,20
4211,186,1533,509,70,0,375,3717,146,673,6,558,130,468,712,177,620,0,659,443,200
4212,350,4176,777,185,431,1360,5914,109,1894,72,1452,419,1026,2120,186,1498,36,1289,1597,348
4213,482,5108,1332,315,309,2016,13108,366,2044,155,2585,539,1604,2705,116,2791,54,2134,1632,742
4214,112,1068,314,25,54,501,1445,3,628,32,475,360,451,674,50,675,26,44,355,197
4215,127,1782,483,194,51,954,1670,5,822,48,462,113,931,1323,191,1142,8,523,1017,411
4216,528,4891,1091,262,350,1529,5750,208,516,130,1866,451,1742,2051,508,2588,147,2379,1393,724
4217,227,3356,444,35,282,1261,6671,45,2834,45,1480,820,1052,1951,274,1572,41,1086,1105,372
4218,108,2610,598,228,66,938,6105,130,477,43,1291,367,1096,983,132,1649,23,1437,997,446
4219,342,3889,1463,135,368,1280,8705,304,2538,15,1818,750,1248,2211,280,1910,17,1437,1185,335
4220,375,2164,643,301,25,1264,4404,109,797,77,1046,288,1142,1557,189,1252,143,1377,1103,307
4221,115,1699,144,136,28,539,2719,4,392,23,569,128,372,832,107,576,31,630,409,243
4222,415,4745,715,326,229,1523,7625,171,1649,151,2711,359,1840,2557,469,2422,50,2418,1859,567
4223,680,4876,995,24,401,883,10318,461,1387,39,2075,484,1554,2027,255,2513,9,2128,1420,461
4224,139,626,356,103,243,247,4082,86,1232,10,773,251,513,720,220,543,5,381,323,77
4225,171,2296,446,90,54,350,2387,155,710,8,811,198,555,1191,132,973,9,799,555,105
4226,118,448,216,40,20,220,1209,4,421,31,375,37,302,652,68,417,0,424,174,122
4227,423,3387,635,288,454,1561,6861,95,2813,53,1643,861,1024,1616,253,2348,99,1977,1071,648
4228,95,1196,161,57,14,466,1718,9,303,16,360,73,387,849,30,592,12,381,251,120
4229,71,461,242,22,36,169,1634,42,288,4,259,90,206,270,29,307,0,225,184,29
4230,504,2196,688,260,120,1078,9006,211,1023,84,1858,788,1314,2146,375,2256,23,1329,859,189
4231,314,4113,837,204,75,1220,7918,97,1086,57,1787,289,820,1793,334,1687,31,1321,1048,349
4232,145,1551,190,37,31,271,2437,42,458,31,345,112,373,586,192,783,4,605,363,142
4233,253,2958,273,228,104,825,4275,4,807,64,917,150,1057,1190,248,1218,69,1214,1268,443
4234,218,3381,666,125,178,709,6319,135,2893,168,887,833,1329,1790,391,1989,40,1296,824,686
4235,366,2618,442,225,282,602,7068,42,2038,62,939,675,802,1375,374,1593,14,1115,612,367
4236,476,3415,277,310,93,1217,2979,76,1099,117,1124,317,922,2180,301,1383,76,1292,1216,332
4237,81,1241,204,63,39,360,2148,50,450,13,488,177,449,567,102,683,14,379,326,90
4238,361,3582,802,271,235,900,6480,106,3018,54,1443,1059,916,1329,195,1297,0,1015,291,80
4239,341,3915,646,195,132,1445,8544,133,446,98,1444,467,1598,1910,429,1875,20,2134,748,211
4240,594,5263,1209,413,774,551,10250,481,3381,202,2598,1519,2026,3067,367,3213,45,1882,1776,692
4241,94,736,190,100,86,271,1697,24,361,27,367,47,360,522,46,399,13,377,386,133
4242,263,2099,801,137,54,463,5545,184,629,50,861,232,622,1120,259,1137,4,851,819,205
4243,222,1355,338,54,67,412,3709,39,613,27,649,144,695,871,104,772,5,614,374,224
4244,99,1065,130,80,69,369,2253,8,366,3,455,151,266,456,46,525,15,633,336,228
4245,226,1624,464,214,157,935,5903,35,1641,4,1915,402,1105,2082,169,1321,21,1445,932,374
4246,797,4404,921,250,299,1610,11672,285,2819,105,1724,435,2048,2474,434,2548,54,2421,1810,824
4247,283,1884,471,278,108,1046,6560,13,1371,51,1153,296,1163,1120,237,1366,128,1644,811,476
4248,171,1597,212,110,79,209,3292,34,758,39,731,135,581,737,123,927,22,440,586,267
4249,34,1102,174,70,95,732,3259,15,971,0,806,166,601,1065,118,922,8,613,586,274
4250,230,1829,567,98,6,834,4680,210,703,102,751,444,926,1214,65,1258,3,915,866,265
4251,116,2426,293,253,77,697,5759,42,91,18,951,190,901,1220,176,1198,91,1000,968,317
4252,516,3169,527,221,369,1062,7277,65,1422,33,933,429,836,1586,293,1700,85,1603,1312,226
4253,350,1644,700,251,386,736,7739,3,2126,68,1104,508,1136,2121,87,1985,15,1654,1203,449
4254,100,1369,289,135,3,463,1339,1,434,25,542,124,553,914,19,607,7,682,525,197
4255,59,1089,113,85,66,379,1159,0,487,26,336,120,225,628,43,321,0,356,261,86
4256,374,3789,969,186,1,724,9015,354,1299,35,1721,518,1057,2025,200,1885,44,1907,1264,481
4257,147,1440,441,55,73,391,4148,49,586,12,858,221,540,835,123,907,12,651,351,185
4258,79,3062,510,246,52,920,4017,22,643,8,1068,205,862,1832,126,1213,53,1166,716,350
4259,453,3601,661,217,255,1359,8489,159,3020,59,1557,898,1067,1707,298,1611,77,1428,784,371
4260,226,2819,565,105,102,762,5134,44,937,78,1218,190,1345,1218,184,1268,124,1529,732,423
4261,503,6808,1320,326,651,2327,15826,925,2625,55,569,740,1954,4097,536,3573,29,1990,905,886
4262,322,2408,281,116,199,969,2927,194,807,15,440,122,676,1222,44,1588,40,839,562,442
4263,545,3439,778,220,144,1343,6581,28,1583,44,1202,305,1623,1839,281,1796,50,1953,631,434
4264,57,5488,1016,298,432,1754,11834,410,1317,63,2276,812,1963,1794,166,2408,10,2296,1884,535
4265,297,3386,832,168,65,1281,7544,68,1571,57,2078,360,1452,1760,195,2084,97,1369,1398,468
4266,438,2804,771,377,208,1824,9316,288,3738,68,2168,1104,1425,2973,592,2604,28,1443,1499,739
4267,363,1169,657,252,315,634,3202,12,1637,50,751,237,786,1261,139,615,27,825,737,240
4268,264,1404,280,166,105,467,3028,14,1266,67,738,122,800,696,37,998,8,629,686,174
4269,632,4657,1661,392,210,1807,15738,327,1113,195,3161,792,2639,3745,372,2398,33,3343,1932,479
4270,514,5384,942,323,609,1618,10348,162,3752,90,2247,1374,1533,2331,450,2341,28,2269,931,482
4271,398,2297,453,151,84,941,6024,23,883,28,952,316,1113,5121,193,662,51,743,710,180
4272,542,5808,697,208,104,1255,7881,86,2003,31,1668,543,1232,2739,422,2542,12,2342,1420,705
4273,826,5271,1047,227,880,1766,5093,531,3764,201,2065,341,1941,2374,352,2790,8,1410,1823,627
4274,526,4721,1038,162,248,977,9161,70,2052,151,1972,406,1389,2390,95,2221,70,1835,1392,685
4275,70,1998,455,147,147,436,5224,115,1665,34,527,488,1041,1105,241,1387,16,1070,781,201
4276,337,2139,739,162,166,1176,5429,136,2149,36,1718,321,1036,363,229,1632,31,1349,1093,454
4277,391,3906,1133,287,151,1607,9615,199,1711,59,1905,616,1233,2644,238,2519,37,1931,1119,536
4278,28,660,48,79,36,375,1138,0,495,5,405,68,337,626,16,217,5,347,149,138
4279,178,1359,236,64,69,550,3119,141,518,68,485,165,485,662,110,662,9,425,388,208
4280,797,4264,992,348,271,1926,3151,98,3848,196,2634,969,948,2902,792,2920,93,2676,1568,767
4281,226,1083,307,96,197,466,2542,90,650,30,616,224,543,604,114,567,23,441,259,199
4282,197,2338,518,250,151,710,6187,96,1861,43,994,353,690,753,246,1104,48,1271,400,248
4283,82,665,199,44,73,183,1802,53,299,8,318,83,292,370,37,420,4,268,165,51
4284,441,3035,1361,229,323,1460,7475,214,1214,3,1580,711,1578,2346,269,1870,17,1924,984,132
4285,246,2420,572,93,177,1007,2136,8,1234,34,670,508,715,1324,142,1059,20,760,569,188
4286,652,4343,1426,133,132,1517,6129,64,2165,97,2374,201,2408,2828,573,2950,155,3092,1561,717
4287,132,869,326,19,17,180,2537,8,322,9,268,137,329,562,112,521,9,363,291,129
4288,205,1664,108,96,131,396,2524,10,807,48,743,253,565,814,96,512,13,758,422,171
4289,154,1336,308,150,104,269,1227,8,946,65,587,231,516,727,55,565,79,328,300,184
4290,234,1121,413,122,186,884,4617,32,669,56,667,290,752,1123,124,813,39,1220,848,460
4291,339,2770,624,137,429,783,5372,92,2165,75,1682,404,1082,1430,149,1683,21,1112,1085,362
4292,461,7138,1508,353,203,2737,9637,209,5670,130,2952,1216,2968,3005,578,3759,74,2918,1868,741
4293,380,2341,621,171,240,1006,3921,63,2308,11,444,347,880,1380,219,1512,6,1336,881,321
4294,114,1019,131,121,36,524,965,3,1191,56,567,249,408,961,20,677,20,305,419,112
4295,144,2141,278,259,28,667,3257,18,535,88,967,198,489,565,40,733,66,955,713,446
4296,375,4873,953,375,467,1911,13232,422,3325,189,2024,1045,2383,3232,926,2536,89,3096,1731,689
4297,394,4901,1079,470,174,1473,8582,282,1796,166,1240,527,2016,2649,477,3179,13,2491,1643,575
4298,183,967,572,167,106,833,4604,16,1473,52,1141,296,772,1528,129,1096,35,1190,720,450
4299,87,886,84,43,2,428,994,0,242,8,436,59,249,512,10,248,7,168,166,55
4300,519,5865,1643,510,230,1966,14977,52,3865,83,2133,1869,1834,2985,596,2428,62,1636,1516,908
4301,113,502,95,66,19,168,976,2,506,9,300,157,188,400,10,295,11,310,255,125
4302,552,4807,812,243,411,1428,9592,110,3283,95,1631,790,1494,2496,448,2102,78,2329,1078,699
4303,126,930,99,90,21,308,828,3,345,13,346,78,231,516,54,289,30,355,165,105
4304,177,1333,419,78,81,550,3439,82,1241,11,515,471,552,576,65,651,15,512,350,65
4305,464,4352,1104,263,2,980,9478,138,1214,65,1718,546,1727,2445,277,2112,65,1798,1324,220
4306,305,1155,849,259,89,671,7278,138,2482,18,1290,568,761,1941,106,1744,0,1358,1257,206
4307,167,1795,386,130,167,867,1680,44,640,31,1095,216,724,792,60,717,35,902,633,286
4308,127,1270,229,38,63,316,3028,33,516,7,573,155,551,577,62,887,11,602,217,72
4309,488,5909,1188,301,279,1701,8098,182,3103,70,2850,1519,2055,2263,414,2823,20,2414,1505,741
4310,140,1078,182,107,50,460,1582,5,689,39,503,202,326,739,93,463,24,330,314,72
4311,92,824,120,46,74,326,1492,0,341,25,293,98,211,585,29,447,20,433,202,92
4312,99,768,302,36,63,203,2224,55,341,10,295,91,310,372,34,476,0,297,189,68
4313,196,1438,348,54,34,639,3086,30,863,31,746,186,553,912,111,783,27,855,585,199
4314,211,1109,238,18,43,501,1589,0,408,25,513,62,487,833,12,840,17,614,565,89
4315,118,854,182,101,0,539,2203,19,264,32,673,128,449,766,38,459,0,341,472,181
4316,56,564,219,54,21,370,1213,5,365,16,467,82,273,792,32,370,1,304,250,90
4317,71,865,113,80,45,290,1423,30,344,25,323,88,324,439,39,375,3,555,321,147
4318,357,1821,547,110,238,1234,7202,148,2327,23,1455,309,1381,1046,250,1559,0,917,663,426
4319,469,2647,598,103,121,1042,5370,89,1076,15,1745,246,810,1701,195,1681,8,1296,1262,359
4320,312,1933,400,201,252,669,1797,60,1033,47,940,449,889,943,98,483,68,860,364,157
4321,235,2883,535,226,143,866,5787,131,970,23,1118,682,777,1634,54,1604,47,1031,999,402
4322,513,2060,682,54,365,1029,8065,83,1984,26,1582,459,1395,2324,325,1835,25,1530,1090,330
4323,95,1187,271,49,102,415,3034,49,511,27,667,276,427,963,100,850,24,287,166,160
4324,497,3177,863,472,107,1514,10137,66,4308,23,2717,980,1715,2038,258,2648,55,2353,1515,867
4325,139,985,147,69,37,494,1245,17,266,22,541,102,472,673,72,529,54,270,384,218
4326,253,2243,467,207,290,869,3571,98,2547,108,1268,470,1052,1387,375,1571,45,1163,721,573
4327,214,1539,404,74,125,650,3854,95,800,54,705,240,622,940,97,1168,15,963,439,293
4328,524,2121,787,241,401,1559,8161,109,2648,156,1885,1040,1554,2064,508,2073,35,2243,1199,1
4329,382,2282,508,102,83,475,3723,30,741,16,725,270,711,1560,139,660,56,936,671,278
4330,288,2334,837,73,230,725,6109,95,1786,76,1332,272,1025,1729,148,780,43,1150,1319,415
4331,864,5907,1059,146,321,1951,12101,100,3342,181,2321,964,2378,3231,424,2590,65,2799,2099,880
4332,150,951,289,77,80,409,841,48,583,25,529,256,494,698,125,581,13,642,207,152
4333,395,5098,967,111,159,967,5917,41,819,33,1165,336,1081,1719,494,1279,47,2097,1820,777
4334,348,3493,618,311,3,1501,7396,53,1557,35,959,248,1167,1654,241,1890,72,1878,1426,536
4335,121,1404,373,118,58,337,3898,114,1298,34,709,185,641,847,130,808,12,193,556,247
4336,13,780,104,20,0,250,1288,32,240,22,242,97,138,338,38,329,16,300,173,41
4337,435,2054,639,89,334,1306,4219,64,1804,76,1418,1041,1351,2078,265,2264,23,1946,1040,248
4338,483,2729,596,230,214,851,6281,64,1019,99,1241,150,1118,1413,202,1398,76,1357,1014,388
4339,1162,8901,1700,435,641,3276,20794,223,6661,202,4218,2484,3517,4963,916,5142,58,4697,3154,1137
4340,43,728,225,37,72,163,2604,47,318,4,327,176,302,488,59,502,7,352,257,86
4341,150,2019,306,47,131,853,3786,24,1461,98,1173,288,788,887,107,672,0,1097,992,264
4342,82,747,94,108,50,338,1330,1,636,37,360,123,191,477,56,307,5,349,264,155
4343,237,1588,383,133,271,689,3719,63,1266,29,809,446,894,1165,188,1203,62,922,754,196
4344,213,6228,772,302,322,1578,6061,205,1528,11,1817,42,1264,2013,681,1899,86,2078,1202,724
4345,112,993,85,65,92,387,1598,5,409,12,283,102,333,843,28,551,11,621,455,153
4346,967,8237,1250,489,619,1927,14141,126,4259,39,2164,1267,2268,2854,398,3373,7,2470,1893,798
4347,102,777,45,42,68,233,1868,128,774,28,312,218,281,461,68,512,1,369,257,153
4348,308,1256,711,128,350,340,5751,37,1170,8,598,423,828,578,208,923,14,987,408,262
4349,249,4299,702,278,156,1446,9492,13,1673,65,1729,411,1164,2890,461,1317,24,1476,1181,334
4350,81,839,87,30,9,226,997,2,142,11,528,87,302,571,21,365,14,341,258,53
4351,66,3909,788,145,1,874,7658,248,982,125,1127,667,1438,1921,318,1814,41,1110,1360,516
4352,649,6845,788,237,327,1689,11456,317,2211,59,2517,1167,2191,2917,548,3668,54,1892,1788,815
4353,878,10499,1307,658,1292,2559,21756,422,6205,379,3642,2510,3732,5517,1027,4459,152,4377,2972,1685
4354,151,2558,426,216,325,973,4827,15,1372,21,819,366,1044,1424,164,574,58,1126,579,322
4355,133,860,336,45,72,268,2559,96,462,10,352,106,298,454,51,527,2,355,266,48
4356,207,2481,369,203,210,1193,5481,42,2160,133,1104,586,733,1658,224,1289,71,1432,1048,228
4357,262,2227,392,227,41,828,4537,17,460,30,478,211,389,1030,91,1080,20,919,421,184
4358,684,5276,868,414,150,1181,12327,91,3905,222,2196,650,2366,3283,641,2628,91,2113,1857,852
4359,727,5812,1052,98,468,1008,12169,305,2870,109,1965,625,2058,2094,306,2923,44,1638,1489,748
4360,731,5303,934,152,525,1618,11620,139,1503,24,2232,781,1857,2558,390,1738,25,2445,1505,405
4361,183,1763,403,77,16,799,1961,13,379,27,821,234,571,910,156,594,31,1355,647,289
4362,452,3815,985,131,102,1266,7727,261,1243,39,1351,447,754,1682,240,1721,40,1300,1456,312
4363,392,4789,426,305,601,1234,11008,287,4072,72,2096,1130,2131,2469,465,2502,50,2448,1520,670
4364,78,981,200,75,26,351,1247,1,210,9,366,109,351,595,22,305,22,479,255,70
4365,634,6223,806,172,512,1626,14546,819,3520,61,2343,1658,980,2411,332,2978,19,1700,894,690
4366,80,610,217,33,48,184,1739,47,316,6,221,90,198,293,19,305,1,207,177,34
4367,494,1886,1234,188,193,877,7493,356,1740,40,1720,568,903,1946,393,2051,0,1508,514,373
4368,515,2493,1093,252,166,887,11750,97,1665,86,1485,280,835,1512,545,1788,12,1932,776,564
4369,84,949,119,114,27,351,1526,10,330,2,556,79,391,675,19,464,14,445,375,95
4370,427,3191,594,476,822,1849,14270,413,2620,47,2235,1297,2309,3303,562,3094,22,1480,814,510
4371,88,818,138,73,40,281,1903,11,635,6,371,75,285,623,38,372,23,297,187,132
4372,344,3025,911,274,228,1022,7326,188,1574,116,1894,371,1388,2105,500,2147,72,1509,1464,362
4373,350,5261,1137,250,373,1647,10482,528,3155,110,2092,891,1718,2347,428,2577,41,2236,1316,540
4374,386,3931,972,403,33,1285,9987,74,1704,20,1895,217,1490,1950,531,2340,89,1844,1276,369
4375,104,1566,129,144,98,785,4036,5,1477,110,1084,127,822,1361,126,904,64,589,523,275
4376,137,772,283,59,70,610,2453,8,981,51,705,183,567,996,118,906,39,669,219,356
4377,624,4980,1013,172,516,1424,8350,309,1291,56,1553,305,1457,2508,142,2374,20,1646,1290,176
4378,136,898,239,71,35,376,2164,91,726,11,302,127,527,494,193,416,0,532,350,83
4379,141,1533,255,170,132,506,1676,16,940,0,914,233,621,472,92,691,51,528,298,194
4380,128,784,60,45,40,344,1014,3,473,0,237,44,254,463,18,228,5,309,167,27
4381,338,2419,408,111,331,311,5127,17,1738,31,1125,392,708,1180,394,1257,8,537,475,215
4382,414,2785,516,111,142,1053,7173,121,2077,51,1636,550,1331,1866,81,1594,2,1440,1051,151
4383,175,1184,367,82,150,551,2204,27,1014,16,919,51,515,486,81,700,25,384,373,110
4384,215,1757,305,73,138,751,4969,69,1924,43,823,516,870,1483,133,953,3,588,460,154
4385,249,2205,237,202,76,967,4829,37,2149,64,1262,392,1523,1711,135,635,34,1319,680,458
4386,355,3508,351,300,433,887,7663,65,2763,76,1336,861,1306,1405,31,1765,62,1184,464,476
4387,507,5762,1171,302,371,1714,4407,335,3652,74,1994,1087,2045,2862,444,2331,15,2128,1630,682
4388,307,2792,569,127,350,892,6218,101,1293,30,1123,457,1103,1409,219,1078,11,1250,791,361
4389,215,1940,324,113,134,825,3917,14,1013,19,974,474,794,1056,137,908,30,897,658,302
4390,205,1319,349,69,56,943,5172,58,1026,11,1258,2,853,1325,88,1280,23,1380,1198,174
4391,807,6715,1981,404,546,2028,12877,468,4223,171,3010,1467,2841,3398,384,2873,32,2141,3180,809
4392,490,4280,805,267,369,1152,7011,105,3105,48,2106,1006,2207,2400,382,2777,97,2297,1699,691
4393,176,17,366,91,117,331,1678,8,632,17,615,45,747,553,80,758,76,489,338,289
4394,164,1940,252,150,69,720,2298,32,152,43,344,35,1084,4585,129,828,31,849,516,313
4395,34,959,137,10,76,225,1629,2,809,24,301,211,401,723,10,353,33,235,153,110
4396,337,2591,754,102,176,594,5946,83,1268,52,1058,397,878,1585,317,1164,1,789,430,233
4397,476,4027,1043,209,275,1332,8956,16,1563,110,1663,432,1445,2182,262,935,31,1561,1479,222
4398,182,4134,755,218,407,1002,9920,159,1218,55,1879,578,1646,1962,143,1964,14,1625,544,386
4399,691,5706,1201,415,139,1789,12544,227,1840,140,1762,316,1731,2880,518,2770,71,2327,1733,254
4400,251,2007,76,16,0,706,3217,10,669,61,910,108,820,916,228,844,64,818,548,142
4401,410,3049,475,39,190,797,6304,240,1957,19,760,179,590,1391,445,723,3,920,712,181
4402,80,947,247,35,0,151,1390,30,505,39,552,46,319,559,15,501,1,456,128,41
4403,357,5862,1600,203,533,1335,12727,435,1845,60,1766,665,1358,2215,379,2776,23,2831,1531,629
4404,210,2206,314,130,254,685,4538,59,1353,52,877,457,627,1014,120,674,51,537,523,351
4405,364,3122,706,210,291,612,4720,35,1018,53,1668,147,1511,1713,93,1996,23,1361,853,349
4406,178,2509,623,136,66,554,3055,6,1049,46,747,339,962,1072,78,1144,64,739,1014,328
4407,144,814,194,131,86,453,1519,13,618,39,598,187,546,807,54,520,8,417,317,249
4408,353,3766,1095,211,617,1550,9705,67,3791,98,993,960,1126,1715,451,2750,25,2237,951,883
4409,592,4923,738,156,421,1564,10523,292,1682,106,1838,294,1699,2170,354,2281,11,2042,1335,430
4410,130,2507,430,251,124,1058,4996,100,1992,43,1001,524,909,1151,336,1324,56,934,812,256
4411,117,955,333,45,66,408,2104,38,403,25,303,146,482,712,84,588,4,274,236,102
4412,343,2435,359,197,277,1038,6748,19,2719,90,1111,480,1223,1904,82,1710,43,1619,1296,360
4413,361,596,536,88,190,691,3526,12,1825,50,850,547,918,1219,26,786,61,1142,534,197
4414,199,3740,326,217,4,982,6083,4,1180,81,1037,315,1001,1529,249,1458,33,1313,1052,446
4415,41,2921,1388,375,167,1805,13434,582,1879,141,2104,480,2245,3590,582,3397,47,2742,2042,683
4416,129,1769,427,151,53,596,4732,152,1554,10,627,358,750,873,98,833,1,905,583,164
4417,46,5072,917,246,0,992,10255,275,1510,68,1516,578,1506,2355,284,2897,17,2325,867,268
4418,90,2157,353,199,15,780,5246,49,737,38,972,390,784,1010,155,745,45,1347,657,321
4419,233,3421,718,122,232,963,5727,115,1539,47,1408,996,401,2074,142,1694,45,1805,389,253
4420,414,1265,398,274,101,1029,3731,5,768,60,964,235,1095,1353,72,1194,79,1232,846,208
4421,473,2708,446,192,180,1027,5871,10,1780,33,978,477,1011,1051,324,1151,43,1462,557,202
4422,66,636,199,37,65,182,1425,59,427,17,240,215,252,280,35,380,5,192,242,65
4423,361,3424,607,340,76,1162,6731,110,1237,26,1487,321,985,2044,199,1038,67,1872,1232,728
4424,76,677,297,14,28,186,1767,50,291,6,255,107,207,330,25,334,0,233,182,48
4425,641,5644,1697,366,243,1702,14240,195,3968,100,2348,1638,2059,2243,1,2742,6,2836,1027,688
4426,431,1962,603,209,148,998,2968,216,2541,105,1469,866,1286,1,252,1918,0,1463,950,480
4427,123,531,143,86,0,274,2041,10,314,17,264,114,304,467,50,425,5,353,199,97
4428,610,5168,768,208,398,706,11261,328,4103,164,2333,774,1835,2804,429,2751,0,2085,1417,29
4429,164,1421,193,45,64,175,2717,51,392,32,544,106,463,744,29,609,6,658,501,139
4430,147,1706,323,113,53,579,2892,7,1269,21,681,381,672,970,53,620,24,882,658,105
4431,617,3606,678,379,214,1852,7074,39,1244,131,1484,301,1686,2210,362,1818,112,2327,876,555
4432,163,58,359,111,118,674,1256,32,1623,15,725,372,737,996,141,1087,42,431,314,314
4433,320,2873,721,176,131,791,5461,37,1185,18,1251,19,911,1387,194,1366,7,1095,914,251
4434,326,6806,1347,380,666,2409,15556,544,2692,183,2909,1146,2795,3532,262,3747,38,3828,1204,703
4435,198,1252,161,155,92,395,3386,69,419,20,893,232,591,966,214,718,62,539,380,169
4436,77,761,53,75,37,379,1130,8,568,24,367,100,358,561,14,476,0,444,278,70
4437,646,8967,1441,507,464,2554,18484,351,3040,110,3191,1406,3202,3769,849,4485,39,3593,2240,928
4438,291,2388,471,159,251,562,6848,106,1554,40,1029,179,1160,1070,202,1487,4,1341,596,276
4439,86,689,204,48,97,155,2246,31,541,12,253,52,426,285,71,499,1,407,158,103
4440,333,3233,808,168,274,1092,3493,84,2046,42,1463,820,1554,1076,356,2160,27,180,497,307
4441,348,2538,309,294,167,505,5400,35,1056,5,1189,294,878,1176,53,1149,64,1412,957,474
4442,128,1482,286,70,81,342,3845,24,356,12,885,204,440,1092,139,514,38,414,354,270
4443,353,2172,492,215,360,1158,7881,137,2502,5,1465,1139,1152,2551,140,2328,34,1633,1148,16
4444,331,4731,537,266,78,1244,7059,15,1303,3,2029,267,1447,1824,640,1550,20,1232,1475,470
4445,387,3063,351,126,285,1145,5430,22,1264,61,1437,665,1199,1700,247,1433,52,1299,346,63
4446,577,4740,865,404,352,1763,9947,86,3774,99,1741,848,2057,2561,441,2172,13,2396,699,743
4447,210,845,170,27,56,403,1317,1,330,38,383,36,431,652,23,232,47,484,337,192
4448,129,1407,157,192,35,545,2756,47,1298,20,519,244,567,600,38,781,29,490,202,352
4449,672,4130,784,36,162,1256,8184,0,3110,36,1640,894,1319,1367,252,624,8,1472,1242,420
4450,272,2233,187,76,171,634,3504,36,1499,61,812,485,796,1320,111,1516,88,999,423,287
4451,171,842,118,65,21,324,1619,3,518,3,148,128,354,561,21,328,3,306,429,118
4452,281,3059,277,215,243,888,4901,28,1713,54,1404,630,1110,1880,296,1599,40,1155,462,409
4453,119,970,161,109,35,402,957,0,279,13,380,81,365,564,45,234,42,655,315,150
4454,340,2424,500,186,122,918,4265,47,2432,54,1106,439,930,1559,161,1258,54,1341,845,251
4455,121,1110,364,90,130,475,3072,163,890,35,462,431,580,676,49,760,8,735,127,87
4456,90,706,123,56,17,239,1238,2,24,14,439,14,360,674,34,402,19,444,300,109
4457,206,1135,227,110,38,590,3201,20,541,25,1080,52,516,1085,169,1226,8,978,568,116
4458,46,1240,244,73,31,243,2095,2,851,47,452,218,473,345,54,469,13,221,235,229
4459,127,730,203,41,41,215,911,0,368,10,367,40,304,486,28,357,1,293,181,83
4460,416,3402,469,140,102,1114,7038,122,1158,19,1483,289,1270,2005,327,1396,44,1533,1019,474
4461,618,4195,869,255,298,1234,8456,375,2896,156,1717,843,1183,1070,199,1003,42,2128,396,525
4462,171,1308,196,90,63,626,1556,6,535,22,529,174,462,996,34,807,15,595,459,212
4463,213,2226,505,153,272,778,4756,54,1965,11,957,128,757,1170,66,1228,11,1135,859,204
4464,123,2063,478,36,89,581,5147,216,716,91,793,401,815,1534,200,1338,20,1216,530,289
4465,222,1811,161,215,131,678,3598,10,747,97,890,123,669,1253,59,1042,54,1113,457,263
4466,372,3554,1166,209,175,806,9317,212,1275,23,348,350,1112,1041,393,1791,5,596,483,442
4467,144,442,221,39,71,217,1271,8,844,8,322,110,284,434,4,373,25,332,212,74
4468,98,818,40,25,33,337,1256,1,312,8,157,96,377,723,37,308,10,399,245,101
4469,477,2221,511,79,6,883,7256,156,1089,82,1093,183,1526,1755,409,998,18,1433,679,302
4470,357,3260,680,267,252,1124,6796,107,2312,57,1097,755,835,2043,149,1948,39,2006,1163,401
4471,227,592,224,14,68,581,3880,60,636,23,666,90,918,681,27,794,10,664,404,307
4472,982,8018,1955,524,948,2092,17943,584,7010,82,3057,2601,3315,4911,1006,5511,95,2933,3143,1001
4473,137,1832,208,62,95,479,2852,99,677,14,752,128,710,840,175,783,2,727,650,234
4474,343,3591,739,192,221,1085,7850,48,2479,7,900,673,1410,2374,476,1792,28,1015,623,193
4475,589,7323,1470,321,2,1921,13167,295,2624,163,2773,985,2909,3393,526,3550,22,2804,1985,836
4476,418,2916,1184,328,302,1776,14113,895,71,109,2156,1117,1730,2748,580,2539,16,2427,1403,487
4477,195,2468,317,216,131,1082,4553,14,1625,68,1100,380,1120,1520,162,1308,35,1266,754,490
4478,474,6348,995,402,452,1809,11820,235,2412,71,2179,846,2413,4161,539,1913,141,2478,1522,1224
4479,307,5220,1036,306,717,1893,12622,315,3685,141,1753,965,1806,2228,507,2480,3,2367,995,549
4480,302,2663,1021,139,235,767,4110,248,235,115,1452,529,1119,1067,411,1883,10,1430,813,347
4481,278,2155,524,121,92,624,5448,26,771,64,1226,453,926,1437,199,1241,41,879,858,260
4482,353,3408,329,106,323,829,4228,80,773,44,871,339,850,1546,220,1328,101,1394,733,338
4483,151,2495,579,236,167,398,5123,133,585,28,902,312,589,1346,145,1339,4,1086,741,178
4484,234,2197,1120,274,95,1262,8573,130,960,0,1985,592,1000,2303,146,2673,1,929,1069,14
4485,419,4069,1056,188,199,1186,8098,172,1002,40,1547,340,1449,1271,68,1747,15,1018,794,351
4486,117,2276,712,104,101,967,5504,4,973,40,1529,155,866,1556,203,1381,56,1162,953,268
4487,385,4128,994,147,351,977,9147,119,2227,26,826,583,1122,1469,317,1795,3,1130,1486,246
4488,138,1610,332,131,92,433,2891,52,1306,16,927,604,701,1395,48,804,32,708,568,179
4489,434,4028,563,264,183,1553,6188,201,937,21,742,476,865,1899,383,2558,84,936,1650,449
4490,377,4571,1266,172,289,1839,10157,120,1303,65,2146,602,1232,2201,119,2701,30,1876,528,210
4491,225,1653,187,91,62,487,1284,22,557,41,817,110,534,496,70,495,45,585,628,192
4492,192,3367,478,235,170,1036,6551,94,1432,65,740,72,1137,1717,225,1462,1,1484,1032,289
4493,202,2603,138,160,137,690,4324,8,474,56,947,244,557,1450,160,1303,63,1129,684,262
4494,872,6789,533,363,327,2140,13369,179,2878,96,1525,614,1587,3947,156,2972,43,2913,2011,512
4495,428,3361,491,155,198,1491,8441,160,1795,30,1027,382,1439,2532,304,1904,31,2077,1362,555
4496,119,1497,132,96,62,465,1604,3,382,14,701,2,381,921,69,553,64,675,280,144
4497,425,3089,609,160,223,1007,7392,46,1771,45,1388,595,1279,1318,91,1743,45,1309,957,338
4498,529,3805,1101,138,245,943,9042,457,2246,82,1752,958,1388,1529,300,1775,10,1580,1187,465
4499,214,1898,332,201,80,587,3696,4,1394,25,447,352,757,1006,47,973,58,1043,398,317
4500,356,2171,312,177,72,693,3343,16,620,37,1019,192,821,1563,84,932,76,822,894,218
4501,45,590,149,68,5,218,1246,15,707,18,326,79,490,519,56,503,5,97,191,42
4502,70,580,261,22,46,177,1753,46,303,3,232,113,173,309,28,351,0,226,202,48
4503,468,3336,763,258,256,1142,4328,154,2572,44,1857,641,866,1786,224,2428,19,1877,899,284
4504,508,2241,778,296,513,1003,6550,149,1983,207,1499,442,1398,1203,343,1818,56,1222,1250,604
4505,403,3679,723,118,160,730,8189,11,925,85,1750,304,1465,2007,276,1306,121,1712,803,331
4506,313,2141,452,127,7,1151,3638,65,454,69,1054,100,1142,957,84,1364,68,1026,769,262
4507,196,1927,464,129,70,626,4350,62,951,8,982,405,1219,1549,195,1190,13,1249,928,351
4508,237,3381,671,275,72,633,4072,173,2116,42,1216,1044,1091,1381,282,1737,0,833,915,444
4509,182,771,269,142,45,631,3251,10,1424,52,357,211,622,1254,41,810,0,901,999,207
4510,156,1431,290,79,126,487,4006,196,543,21,716,170,760,815,176,744,3,522,227,213
4511,82,638,159,40,60,192,1316,47,324,52,218,88,284,370,30,325,10,411,62,112
4512,784,3906,1216,254,232,1257,13882,404,3066,60,1874,852,1662,2592,543,2748,41,1684,1537,538
4513,216,2094,399,126,183,621,4017,64,581,20,934,103,930,1148,276,1355,37,1036,984,311
4514,403,2759,460,343,149,935,5434,11,818,9,1018,246,1129,1631,128,1671,22,838,977,374
4515,191,3680,1047,183,209,1394,10746,238,1099,13,1574,829,1499,2137,511,2215,29,1882,1495,736
4516,833,7320,1703,427,162,2034,14155,145,4763,130,2272,1576,2684,3459,926,4284,93,3755,2209,764
4517,223,2207,398,174,344,591,5315,44,1745,23,825,708,864,1063,244,936,32,1294,461,146
4518,89,776,159,88,21,315,1097,16,609,16,166,277,385,522,19,449,20,259,96,169
4519,141,1204,262,13,82,239,2151,89,775,6,237,322,506,494,78,570,0,282,265,95
4520,39,1195,352,177,160,721,2742,27,867,14,566,231,436,1294,21,373,2,684,245,229
4521,112,794,298,46,87,263,1366,71,376,12,304,24,403,411,50,475,1,420,287,63
4522,655,7891,1344,458,387,2092,17450,887,2262,143,2246,1061,2316,3768,330,3397,81,3482,1473,889
4523,344,2793,425,140,89,557,4946,13,2332,111,1139,329,1003,1251,95,1494,96,1462,620,61
4524,58,539,118,12,13,147,1541,32,317,4,213,65,240,584,20,305,0,235,99,28
4525,952,7024,1005,162,1006,1504,13020,262,3601,37,1718,1288,2047,2333,483,3260,28,2014,2226,555
4526,157,2625,391,175,258,1102,4491,7,1754,68,1104,182,1114,1194,50,1245,3,1453,1129,326
4527,340,1303,309,151,96,648,1876,4,516,63,997,94,709,888,18,943,52,886,567,278
4528,264,2865,375,269,139,1268,5632,43,1059,103,1286,345,941,1241,168,1113,79,1087,301,373
4529,913,8534,1278,404,732,2651,19076,774,6048,92,3336,2361,3143,3698,479,2152,44,2455,1227,864
4530,747,6970,1097,248,405,2255,13785,540,2159,208,1305,837,2126,2606,512,3331,117,1572,1576,911
4531,431,2697,404,184,0,1367,5937,60,643,62,791,334,1047,1327,51,1523,40,1330,1136,409
4532,308,3180,909,147,281,1000,7779,105,1870,78,1535,914,1282,2083,492,1615,11,1248,848,159
4533,165,2323,233,153,162,660,3602,55,2042,15,1603,264,886,1235,245,885,48,810,718,268
4534,461,2054,906,198,201,1293,7429,87,2466,132,1106,1619,995,1685,343,2086,22,2236,852,551
4535,203,2448,444,163,107,1081,3439,19,549,75,759,176,900,1009,106,1095,15,1044,963,424
4536,314,2919,362,209,169,871,6666,143,1114,76,1568,692,1194,2143,252,1695,58,1702,997,489
4537,394,2685,484,114,106,903,6304,135,660,10,984,243,1091,1428,122,882,58,1092,509,287
4538,198,3451,715,134,166,1189,6372,176,1197,67,1468,531,1147,1595,291,1795,18,1458,1192,286
4539,146,2209,271,190,71,305,1864,68,610,43,906,237,708,896,150,1000,35,894,844,329
4540,304,6505,495,153,341,1463,12547,143,2153,119,1309,714,1892,1811,338,3491,18,1014,1515,959
4541,119,1069,270,104,140,467,3773,48,1016,37,539,280,621,995,184,711,17,731,386,278
4542,407,7435,1186,317,233,2153,14763,51,2778,41,2424,517,2455,2971,698,3829,0,3175,2290,941
4543,337,3661,587,242,0,822,9195,34,1046,57,1586,437,987,1370,201,1938,34,1992,725,198
4544,518,6302,914,134,175,1727,12789,366,1478,83,2535,1165,1948,1938,518,2887,0,2056,921,539
4545,8,817,106,48,23,289,1676,0,350,39,396,143,261,499,32,148,21,342,313,158
4546,167,1607,179,67,37,562,2568,9,559,30,568,122,608,906,79,713,51,359,226,257
4547,356,1947,698,143,473,834,4339,29,2384,39,1326,564,1013,1473,271,1260,32,1376,903,349
4548,44,873,222,94,70,592,1779,4,1205,11,714,130,641,930,145,299,36,508,577,176
4549,588,2111,645,105,359,888,3875,26,1202,49,1241,589,1510,1173,248,1700,65,1184,897,425
4550,254,1643,346,195,88,935,5654,20,967,30,678,199,936,1443,197,1248,26,998,749,284
4551,146,1634,296,119,146,617,3923,5,1215,7,626,275,651,901,71,837,14,909,479,215
4552,215,3354,834,224,67,1254,8002,59,1809,111,1123,271,1476,2147,437,1744,54,1937,907,586
4553,723,7528,1629,242,769,2178,13570,298,4845,74,2734,1613,2699,3502,652,3304,55,3255,2122,801
4554,223,1555,322,92,27,718,3576,12,775,99,1000,74,655,1306,89,956,37,779,704,357
4555,795,5478,821,303,446,1256,13791,282,3770,90,2667,1123,1995,3110,606,2238,69,2999,1536,739
4556,118,692,241,56,40,434,1874,14,629,2,389,134,519,920,31,518,6,448,413,171
4557,328,1472,244,133,38,526,2134,50,373,37,559,188,348,1042,111,547,43,778,523,422
4558,618,4368,916,344,186,1589,8065,250,2597,103,2393,657,1553,3151,279,2432,72,2790,1416,790
4559,283,3016,433,241,141,903,4455,4,873,34,1206,194,1112,1139,80,1513,54,1269,983,272
4560,209,3363,602,289,157,656,6636,134,2290,89,1555,1141,1551,1284,276,1684,50,1809,1014,328
4561,777,4964,879,364,3,1165,5008,96,281,6,1833,1154,2176,2262,550,2601,34,2036,1608,795
4562,213,1948,338,289,206,420,4275,26,1272,37,1035,332,682,1115,162,984,14,943,668,329
4563,97,613,161,155,41,123,1403,0,289,7,796,100,269,611,16,468,31,194,444,213
4564,294,1852,480,86,161,888,4557,70,1605,33,1086,486,592,1207,67,940,16,1143,488,339
4565,72,529,170,60,31,149,1490,79,293,19,306,65,269,352,91,296,2,250,160,72
4566,147,1308,202,66,81,545,1384,51,582,30,451,242,369,745,15,501,27,476,371,170
4567,376,3052,250,139,1,858,4521,1,785,67,947,265,592,1050,113,1815,55,1139,960,324
4568,381,4766,895,265,597,1021,10121,290,2826,11,1709,1092,1429,1510,393,2376,23,2413,1061,683
4569,87,2224,234,145,131,843,3675,27,720,60,900,216,630,1050,75,897,20,879,885,150
4570,533,3553,908,273,323,1111,9825,106,1288,91,2299,544,1463,1691,197,2736,91,1888,1416,409
4571,233,1793,310,97,70,486,2965,30,567,71,1086,163,679,911,74,902,45,800,698,300
4572,780,6961,1329,327,338,2414,14299,98,4109,379,3415,1301,3112,3969,687,3049,89,4495,2052,1638
4573,583,5333,1097,332,216,1884,12836,333,2024,117,1931,1018,2505,1154,434,1840,3,3000,1345,842
4574,230,2097,555,122,99,1033,4257,17,1133,10,1100,192,763,1270,133,854,53,927,530,335
4575,86,1296,285,42,98,273,2752,74,843,30,383,323,392,661,181,702,7,447,295,86
4576,652,6404,991,238,265,1782,10925,871,2392,100,1887,860,1737,2490,492,2889,36,2453,1630,616
4577,604,4508,945,176,414,1056,10108,121,3067,8,1894,911,1066,2250,274,1641,39,1887,1386,364
4578,721,4341,804,347,337,2089,11418,363,3762,190,2391,525,2420,2854,372,2571,66,2629,1761,624
4579,368,1543,204,101,274,558,5216,60,1629,15,1019,378,833,1092,192,771,36,596,296,206
4580,779,7625,1184,449,795,2555,14621,394,4449,131,3476,1160,2480,4148,625,3323,84,2716,2377,1026
4581,130,1452,239,138,108,371,1882,5,1058,33,676,253,598,506,109,809,32,362,163,177
4582,617,4626,1338,300,543,1679,12586,773,4783,187,2039,1418,2629,1830,184,2894,24,2606,1483,969
4583,92,439,213,71,36,122,1596,42,576,13,418,148,482,542,16,398,4,328,251,104
4584,178,1290,359,100,46,646,3721,169,1616,83,767,229,564,913,185,859,12,450,592,241
4585,382,3209,752,117,74,694,5306,70,1290,23,658,692,605,983,198,1609,48,743,381,240
4586,62,788,165,44,1,203,1821,91,293,5,372,8,323,458,61,391,0,231,224,69
4587,69,1376,498,66,154,621,2878,31,759,20,740,360,522,896,67,1025,29,452,281,266
4588,349,2779,520,224,97,955,3550,34,740,49,1264,170,1385,1955,124,1312,91,1268,1156,314
4589,582,3517,1259,162,490,543,5897,156,2684,30,1292,390,1217,1948,307,2086,2,1193,1200,375
4590,210,1661,479,64,66,400,3848,99,603,32,816,196,768,1212,206,743,7,763,479,175
4591,748,6481,933,450,691,1692,12456,619,4118,144,1740,549,1999,2532,465,3286,57,2545,1884,538
4592,385,2578,541,189,96,1311,7929,45,1737,90,1313,530,1203,1942,154,1378,37,1802,929,532
4593,852,6096,1808,277,145,1964,14819,304,4803,86,2628,1272,1980,2622,622,2876,23,3060,2073,565
4594,378,3964,867,116,241,1246,7346,72,2553,80,1501,1028,501,2211,361,1733,36,1234,562,320
4595,75,612,93,90,41,202,1104,0,289,4,323,35,281,411,43,297,31,322,135,94
4596,494,2732,650,293,154,1401,7160,193,2912,80,1882,1061,1797,2718,427,2371,0,1371,1055,611
4597,226,1333,105,119,101,631,2380,10,1018,63,342,161,485,875,49,824,38,678,384,165
4598,106,855,108,47,24,375,1099,3,245,5,390,75,320,233,16,229,15,116,205,2
4599,1068,7165,1299,488,357,1887,14844,118,5917,76,3028,1605,2686,3806,622,3309,72,2871,1875,807
4600,98,668,286,28,57,173,2097,65,373,6,306,116,212,351,26,400,0,252,230,41
4601,370,3151,316,168,61,858,5432,36,1092,8,1199,202,719,1229,137,1553,30,1120,1123,94
4602,270,2428,461,246,74,488,5531,15,646,65,949,458,904,1337,142,1310,33,1164,1027,293
4603,96,484,105,50,0,156,1720,16,388,9,294,158,271,354,105,244,6,203,176,119
4604,301,5303,1306,183,384,1004,11648,392,842,83,500,372,2082,2117,457,2948,47,1983,1309,634
4605,357,4665,1319,32,406,915,5414,90,769,42,1651,146,1064,1903,389,2388,2,1419,435,362
4606,78,666,222,43,2,397,1279,4,367,11,482,72,359,713,9,301,46,234,300,79
4607,383,3383,513,123,64,749,4359,100,1080,55,1003,439,970,1542,233,1282,26,1084,1200,127
4608,84,675,133,47,30,189,2150,24,338,29,313,100,386,414,107,503,2,350,271,137
4609,220,2673,474,175,98,1381,5592,98,871,128,1425,196,1119,1652,297,1136,19,1437,510,465
4610,238,3008,499,108,170,1183,5403,128,812,162,1602,381,940,1826,109,1505,62,1389,675,265
4611,272,3584,777,164,203,1058,7749,126,326,26,1416,318,1594,1849,88,1861,10,1088,614,270
4612,608,5315,696,301,405,2051,5884,273,1831,54,2012,767,1800,2720,260,3105,183,2687,1857,778
4613,440,480,1536,326,248,2250,11941,31,3381,24,1604,810,2136,2622,386,3559,22,1859,1308,440
4614,291,2030,479,90,116,452,4579,331,639,37,635,275,561,1401,127,878,9,758,458,112
4615,226,1546,510,192,102,536,3570,27,922,36,1044,271,958,1007,107,898,24,1145,652,236
4616,194,1700,174,172,2,783,3677,44,717,60,714,129,871,1051,198,889,90,632,459,235
4617,577,1129,790,240,219,1007,6395,136,1422,34,1771,130,1589,1525,369,2488,50,1173,1728,326
4618,263,2380,241,154,142,822,3975,25,1798,112,842,339,1074,1450,169,837,64,1019,658,476
4619,385,3114,783,149,238,1164,8619,153,3411,27,1172,832,1866,1056,170,2050,34,774,785,349
4620,379,3318,617,150,102,307,6329,40,998,52,1182,402,1116,1518,172,1432,48,1260,923,502
4621,72,1040,166,83,122,385,3408,260,518,22,507,194,517,644,91,705,7,459,349,171
4622,140,2206,455,206,137,961,4847,117,1055,66,702,416,1077,771,20,1080,12,1115,1138,334
4623,316,2863,513,347,336,1069,6258,48,3292,35,1943,941,1629,1680,241,1514,8,1859,637,409
4624,442,6973,1235,516,246,2302,11794,231,2185,296,2838,858,2602,3175,406,3266,49,2914,1663,1137
4625,98,859,130,1,29,394,2130,67,268,0,443,162,483,490,16,259,14,279,213,102
4626,436,3957,1431,259,10,1458,10841,255,1832,173,1144,68,1371,1473,291,3022,42,2304,1714,54
4627,115,1568,242,102,37,409,3355,57,636,41,655,127,302,1037,80,867,15,567,466,195
4628,96,792,336,69,40,276,2728,50,412,32,498,114,691,629,109,495,16,508,249,177
4629,178,1194,233,152,37,601,2667,0,1133,45,667,135,509,882,40,648,29,885,602,295
4630,579,6328,639,371,329,1906,13016,170,3905,98,1957,1067,2195,2782,305,2817,21,2314,1722,603
4631,343,3313,950,123,0,799,9109,133,1367,46,1308,226,1433,1775,199,1180,6,1421,1235,443
4632,478,4587,832,282,502,1513,8788,196,3035,34,1340,907,1185,2405,386,2880,0,1937,431,666
4633,165,4033,197,335,198,1498,10210,71,1827,110,1822,688,1918,2057,261,2358,45,2165,1449,365
4634,291,2784,700,301,234,1164,6945,119,1686,48,2186,841,1121,1206,54,1268,70,1603,967,536
4635,1021,7926,1051,213,631,2614,20581,863,3303,174,1820,1288,3625,4793,272,4484,3,3826,2716,619
4636,155,1047,305,113,87,309,2752,103,511,61,440,104,390,729,71,652,14,484,218,182
4637,201,2017,300,201,55,960,1643,4,1726,4,1104,429,687,780,35,812,95,818,460,136
4638,698,6913,1208,300,301,1078,10168,171,2156,166,1775,876,2073,2545,604,3407,90,2537,758,619
4639,522,3173,704,92,159,688,8095,157,918,59,1476,503,1169,1393,225,1799,3,1634,1160,282
4640,600,4951,716,323,426,2057,11946,177,2370,123,1267,342,2871,3241,448,3394,75,2684,2549,1132
4641,225,2061,395,101,62,651,4126,37,1455,129,1013,439,899,1461,154,974,12,720,844,324
4642,281,2452,1285,43,288,709,5693,397,603,16,1040,269,781,1039,88,1365,0,914,862,198
4643,537,5968,1366,408,416,1113,6241,315,734,71,1821,703,1839,2788,522,2752,74,519,1658,391
4644,136,1572,475,179,63,500,2023,31,1315,21,993,114,645,1108,42,646,34,717,485,310
4645,1227,9170,2948,404,792,2586,23214,771,3754,114,3608,1593,3012,4780,744,4217,39,3277,2691,798
4646,418,4566,1159,204,171,1561,8335,245,2005,125,1894,559,1860,2405,434,1987,22,1893,1078,583
4647,284,6037,1034,66,330,1749,10491,631,2174,60,2312,1087,1984,3529,567,2849,3,2122,1910,664
4648,248,2864,570,221,140,845,5520,88,1088,35,1120,443,1114,819,178,1584,32,1015,981,256
4649,592,5308,1017,185,559,1343,13463,589,1780,158,2637,668,692,1800,212,1666,44,2492,1180,352
4650,321,2459,563,132,280,665,4630,84,1076,78,1133,609,865,1387,364,1315,7,1175,709,314
4651,231,1877,720,187,306,477,8468,264,2866,64,1745,641,1190,1735,412,1529,9,1832,1117,379
4652,127,849,86,78,53,264,1025,7,285,9,378,56,292,601,16,304,6,395,240,31
4653,621,3978,604,233,358,985,6537,30,2829,13,1751,745,1289,2206,515,1675,39,2233,638,479
4654,81,478,149,31,25,221,975,0,524,8,408,132,269,464,20,305,27,210,274,77
4655,433,4455,929,292,382,1144,8373,53,3351,58,2306,443,1794,2320,329,1763,92,1372,1556,301
4656,314,2269,520,150,247,742,7071,51,1602,92,1021,699,686,1307,160,890,47,990,307,175
4657,218,1418,243,123,50,493,1596,8,517,27,727,94,428,984,82,632,34,909,310,208
4658,288,3789,796,77,103,559,6877,144,1264,59,1299,372,1218,1851,345,1341,25,1495,1049,473
4659,645,6608,800,322,452,1954,13338,1,2128,190,1880,592,2021,3000,337,3234,30,3267,1282,974
4660,309,3446,794,230,273,1407,6514,180,1186,33,1433,374,822,1532,412,1676,50,1276,1183,472
4661,74,638,61,40,49,299,2038,33,561,0,342,241,155,563,86,295,15,141,63,29
4662,148,4196,817,102,408,750,10069,17,1674,67,2274,285,1750,1862,367,2344,9,2031,515,353
4663,226,1897,537,177,76,708,3257,68,576,2,1192,52,763,1240,77,642,45,832,699,252
4664,333,2058,975,165,127,987,7535,214,2190,16,1277,467,1187,1121,180,1812,14,1305,728,355
4665,82,582,243,22,36,188,1456,18,394,2,203,84,331,388,38,299,5,261,116,85
4666,127,995,117,145,52,514,884,1,575,28,232,59,382,756,43,417,39,494,344,129
4667,314,3696,292,65,476,200,3497,66,1207,81,1707,204,1019,1986,177,1256,82,1119,924,635
4668,382,2011,513,235,260,1010,8581,246,979,87,1439,494,1198,1713,158,1724,19,1712,814,160
4669,64,591,177,25,35,165,1634,56,287,9,239,77,212,283,32,388,0,242,177,47
4670,780,5459,998,279,229,1264,12074,457,2028,96,1869,965,1756,2185,276,2928,81,2322,1644,635
4671,146,1530,353,98,53,459,2667,63,854,16,722,421,582,992,159,735,38,683,364,238
4672,85,789,153,58,35,385,982,0,264,6,340,57,319,617,26,356,1,260,230,166
4673,372,3081,656,117,366,721,7125,82,2077,50,966,421,1150,1747,300,1596,22,1090,1319,285
4674,537,3965,601,122,277,1405,7647,138,2974,158,1391,503,1444,2411,177,1975,92,1480,1016,786
4675,562,4201,648,92,242,1472,8868,255,957,67,1316,482,1005,1097,444,2185,32,1240,995,483
4676,279,2877,522,96,24,1175,5258,89,1157,38,1034,401,817,1067,100,1299,25,1179,800,263
4677,556,5467,1196,310,235,1803,8608,154,4399,1,1975,1267,2002,2632,445,2889,14,2038,1825,506
4678,261,2106,320,147,35,971,3512,5,211,71,736,53,616,927,43,289,28,926,505,413
4679,230,3224,395,135,367,615,5807,154,2227,60,1687,1229,1192,1573,182,1831,39,1414,699,350
4680,392,3994,1022,222,407,1343,9662,185,2451,40,1565,783,1470,2297,34,2409,28,1834,1168,497
4681,108,1250,203,59,94,381,2212,8,861,38,434,125,370,1382,106,538,21,540,279,188
4682,242,2232,605,77,211,878,6198,178,2220,73,1246,583,1106,1540,52,1455,7,691,731,371
4683,707,5214,1192,260,333,1907,6581,121,3036,160,2282,1000,1814,2512,147,2680,17,2751,1457,363
4684,768,5994,1522,457,405,2208,15962,256,1397,121,3217,693,2274,2719,745,2858,83,3812,1697,1161
4685,123,1849,195,91,93,469,4504,79,721,36,337,165,388,1251,145,795,6,815,616,228
4686,359,3911,1054,147,722,1025,7598,96,1449,218,2117,811,3340,1923,77,1844,62,1739,1291,456
4687,73,1111,41,47,34,309,1367,0,667,8,472,175,475,689,22,446,15,448,396,188
4688,339,2130,667,127,262,1389,10213,113,2508,0,1960,1158,1416,2123,249,2676,54,1142,1279,505
4689,493,4152,847,181,0,1285,7245,444,2874,130,1659,1115,1455,1703,436,1889,40,1865,661,469
4690,387,3055,750,280,151,1318,6340,74,1451,89,1551,244,1028,2184,179,1529,82,1570,1484,381
4691,717,6244,810,331,465,1816,13070,75,3622,160,2431,659,1220,3003,603,2688,54,2434,1049,539
4692,237,1571,600,171,170,770,4589,92,1628,23,1095,757,782,1212,118,1117,31,879,134,248
4693,338,3152,816,149,232,864,6633,63,1282,22,1194,518,760,1720,333,1553,0,952,589,365
4694,387,4431,1127,316,325,1493,9301,140,2197,95,1970,617,1806,2437,533,2225,58,2131,1451,510
4695,24,583,163,26,15,192,1307,17,344,3,186,81,207,302,19,326,11,190,213,110
4696,682,6165,1999,277,84,2090,15127,244,1857,40,2486,102,1559,2601,551,1886,10,2374,1930,389
4697,541,1637,339,194,515,1219,5501,86,2196,44,1123,965,656,1711,157,1601,32,1176,481,330
4698,84,556,270,18,47,169,1737,47,281,3,231,87,185,278,21,309,0,204,180,34
4699,693,5520,1005,348,266,1686,12981,136,1867,52,2506,755,2030,2758,417,2215,18,2498,2005,577
4700,1109,9197,1545,563,708,2362,14799,421,4002,147,2949,458,3626,4328,1514,4208,32,3664,1487,1083
4701,157,1417,322,61,57,660,3389,11,1224,35,833,180,683,1035,65,887,51,812,636,278
4702,352,3641,904,267,118,1147,7315,205,1694,55,1643,477,2159,1751,287,2433,6,2741,747,412
4703,293,1953,252,158,91,927,2789,24,847,59,1092,320,1074,1464,150,870,70,990,308,424
4704,211,1376,360,97,261,594,3514,84,1602,15,1089,239,702,1091,104,1291,84,364,673,343
4705,148,1304,273,118,18,369,1773,9,24,22,532,84,689,841,40,415,17,544,302,235
4706,52,1064,240,31,174,177,3522,0,786,7,522,364,513,575,104,541,11,659,442,171
4707,265,2017,318,115,266,371,3416,5,547,21,990,345,774,1467,100,887,29,713,826,308
4708,4,2829,661,186,102,795,5254,79,644,25,886,326,598,1706,148,990,18,1046,916,190
4709,504,3876,876,339,252,1378,10721,98,2729,47,1850,612,1569,2659,486,1789,0,1749,1373,407
4710,70,788,165,77,9,228,1211,11,436,33,381,55,281,588,37,133,32,477,180,147
4711,760,3164,1290,368,797,1081,12109,326,3241,23,2304,1271,1970,1732,3,2905,16,1879,1192,471
4712,427,5897,1315,285,187,1990,12617,565,1499,124,2155,687,1270,2765,500,1836,3,2467,1608,577
4713,545,3198,667,158,367,796,8461,22,2644,63,1626,1000,1273,2131,93,2168,18,1634,1306,360
4714,132,1515,272,67,47,425,3106,74,534,30,581,35,465,761,101,610,28,656,363,127
4715,222,1308,155,154,59,558,2306,20,597,49,369,54,542,833,51,537,25,792,521,254
4716,234,1525,369,56,82,474,3865,34,645,11,675,263,539,921,191,980,4,673,269,162
4717,461,4668,987,514,292,998,9513,180,1996,123,1721,318,2141,2394,371,1996,72,2228,1467,760
4718,724,9908,2223,531,601,2959,19104,518,3841,238,4180,810,3745,3843,1011,5201,80,3998,2931,1091
4719,719,6488,1260,243,511,1523,13761,554,3648,129,1883,1074,2258,2776,503,2826,17,2313,2146,791
4720,270,2488,615,111,90,669,5298,239,830,57,772,78,975,1181,145,1107,40,1047,550,180
4721,52,1137,302,30,181,333,2292,54,541,10,285,107,296,425,60,435,2,270,42,79
4722,39,1025,188,58,58,254,2004,41,130,3,310,81,368,471,99,407,2,196,372,76
4723,155,1875,762,199,278,783,4348,59,1369,31,1232,256,731,1490,207,1527,34,1689,322,290
4724,294,2782,544,447,192,718,5839,53,2147,38,1989,337,1426,1603,194,1878,96,1936,1675,557
4725,497,5375,697,251,348,1518,10994,303,3391,61,1824,1135,1630,1465,457,2501,11,1432,1386,449
4726,772,8490,1295,545,394,2956,16110,111,4740,292,3037,1670,3076,4124,717,3112,126,4378,2375,1336
4727,116,982,114,39,1,346,1369,3,250,24,249,91,366,744,37,312,24,307,325,188
4728,213,2311,655,133,175,539,6381,61,904,11,1034,448,925,1644,265,943,52,736,838,225
4729,350,2722,856,173,103,824,4991,281,1240,46,1328,146,1155,1837,158,1667,3,1208,613,209
4730,138,847,130,73,6,190,1189,13,277,15,191,76,249,497,22,379,8,233,251,118
4731,211,3228,588,226,0,1263,6175,63,1290,126,1418,674,1502,1735,297,2268,22,1699,1996,394
4732,205,3037,759,250,45,768,5470,78,1117,61,836,223,1073,1145,199,1811,30,871,878,495
4733,79,532,190,49,54,200,1303,33,249,27,319,67,315,428,32,366,10,178,156,77
4734,404,2127,362,117,124,387,3585,0,1272,38,625,198,619,611,180,1213,43,936,738,206
4735,676,8211,1401,371,742,1769,14276,311,3549,141,3089,1110,2652,3206,473,2160,22,2926,1651,723
4736,140,308,223,73,67,329,2789,104,625,7,447,78,476,685,50,602,16,522,333,121
4737,274,4918,404,86,334,1465,7789,166,1394,11,863,503,1186,2395,146,2070,47,1775,1309,367
4738,153,2199,400,70,0,617,4268,103,695,1,834,199,702,1107,56,967,29,759,699,214
4739,319,3052,436,31,216,1005,1870,60,782,13,938,286,1163,1309,358,1353,72,1567,805,91
4740,92,1557,231,135,22,572,2592,11,1120,1,544,280,607,790,31,748,0,533,590,72
4741,372,6523,477,272,396,2434,10796,326,1109,62,876,435,595,2610,458,3622,149,3172,1149,914
4742,208,1197,640,88,468,855,3529,66,2208,77,1326,536,1004,1760,185,1751,47,1134,935,452
4743,398,3273,787,190,61,1355,7410,70,1176,157,1219,478,1519,1947,173,1542,108,1320,1568,412
4744,588,4604,903,48,385,1283,11203,72,1697,88,742,709,1525,1034,357,2270,11,1706,755,501
4745,45,976,145,71,39,291,1593,5,471,21,362,81,399,951,9,489,26,463,236,123
4746,1089,8319,1043,214,200,2754,17801,437,6300,271,3555,1375,2467,3686,431,4477,53,3444,1814,1967
4747,234,2206,661,153,287,763,6480,130,1211,20,1266,737,681,1519,130,1355,14,1162,623,227
4748,1026,12320,1557,378,300,2892,20829,199,3111,201,2554,783,3672,4344,1173,4257,128,5635,2140,1846
4749,97,1235,251,96,22,474,1758,1,524,61,562,178,605,429,52,523,47,305,425,251
4750,169,1715,249,65,121,541,3070,15,504,59,337,298,529,904,64,689,28,940,408,189
4751,75,323,184,17,59,154,1452,38,483,10,313,141,191,448,61,350,1,317,167,37
4752,415,7415,1425,482,576,3079,17826,569,3124,169,3058,413,2505,1509,544,4328,89,4339,2579,1066
4753,1267,9203,2364,599,936,3052,22492,702,7818,222,4162,1933,3753,4222,836,5942,41,4788,2462,1711
4754,251,1872,299,177,60,632,2727,25,429,99,1097,215,637,1152,53,848,76,1077,170,400
4755,669,6072,1509,493,511,1775,13374,518,2463,76,2593,978,1881,3408,769,3325,45,3096,1931,684
4756,335,3308,954,241,8,1225,7731,94,951,22,1408,378,1578,1995,543,1497,52,1223,976,384
4757,330,5428,855,220,296,809,12071,230,1886,80,895,882,1626,2529,393,3101,25,1928,1136,473
4758,733,7368,1226,442,489,1896,16589,389,5868,79,3420,1541,3276,3896,335,3728,18,3641,1201,1144
4759,455,3159,831,108,186,1103,8261,463,1317,50,1434,593,796,1922,158,2002,0,1339,793,243
4760,225,2332,239,54,47,771,5082,122,1002,46,759,315,511,1189,175,830,0,1096,495,299
4761,277,1623,733,159,107,708,6896,117,2193,49,1111,879,980,1798,252,1793,26,1240,1048,236
4762,444,3746,764,199,1,1153,7952,34,952,77,1237,381,1267,1774,212,1276,22,1427,1014,394
4763,606,5441,770,171,385,1500,11673,577,3658,77,2112,1322,1978,2116,642,3040,26,2121,2091,475
4764,359,6395,957,246,351,2085,11071,80,1683,53,2339,893,1502,3112,632,3453,52,2242,1953,860
4765,102,828,293,116,223,507,4718,55,1033,37,325,150,913,728,166,1045,11,835,532,207
4766,271,2446,393,172,203,813,4409,19,2044,58,1340,451,793,1444,113,1227,10,905,888,292
4767,674,4722,883,69,200,1644,9811,503,2114,26,1336,903,2185,2923,381,3532,34,2534,1898,396
4768,310,1734,200,171,26,393,1658,1,430,31,789,107,514,932,48,851,40,841,264,214
4769,121,1232,281,191,36,539,2212,5,419,20,676,145,431,636,28,355,29,530,269,161
4770,383,1957,204,161,131,805,3897,27,1118,35,987,304,1010,1011,206,927,26,879,503,198
4771,594,2841,999,208,255,1169,10049,2,1470,65,1680,487,1252,1047,315,1031,45,1855,665,211
4772,167,2031,398,222,98,641,4106,60,880,45,877,184,800,1080,66,811,16,1055,601,423
4773,353,1093,277,59,249,505,1783,54,961,107,569,81,892,1111,56,1077,43,958,800,303
4774,135,1774,490,103,56,610,2544,94,536,18,889,46,589,1281,183,823,40,598,327,258
4775,508,3791,808,167,370,996,4666,351,2398,92,1286,626,1193,1556,144,1837,64,828,909,579
4776,536,4466,1051,273,199,1227,8397,80,2921,52,1766,324,1239,2408,437,1981,2,956,804,324
4777,169,902,325,254,76,416,2805,9,486,31,711,225,763,1185,37,840,0,758,634,193
4778,572,6864,755,206,609,1670,14650,202,3713,106,1900,678,2213,3355,460,3048,8,3034,1430,761
4779,381,3465,727,177,213,891,6492,138,2169,99,1064,479,1031,1167,300,1678,30,1449,982,470
4780,426,2825,462,223,466,1100,7037,216,2889,143,1287,801,1389,1206,334,1907,25,1227,920,480
4781,533,4343,3428,688,314,2090,14028,447,3080,86,2930,1082,2322,2960,839,2015,41,2296,1492,665
4782,356,1727,396,176,41,1082,5004,101,867,86,1298,202,866,1372,253,1127,53,883,585,321
4783,127,982,110,66,60,410,905,9,592,26,585,239,459,642,73,505,6,505,253,138
4784,92,828,237,32,35,471,2340,31,353,49,293,80,359,774,102,585,13,561,237,105
4785,404,4362,434,212,402,973,7855,220,3091,128,1161,818,1184,1769,143,1015,21,1815,1232,439
4786,524,4583,782,230,508,1311,8686,30,2893,131,1971,608,1308,1928,226,1449,50,1747,1595,647
4787,661,4362,751,214,441,1184,9475,107,2314,51,1614,1121,1218,1778,192,2526,10,1499,988,381
4788,382,2735,368,130,187,834,4899,40,1357,79,1204,416,1180,1522,188,1579,54,1588,1119,451
4789,78,815,112,111,74,361,1767,8,617,13,410,126,404,597,49,327,13,442,330,173
4790,88,1060,290,87,27,300,1542,14,407,32,461,61,382,646,168,673,8,552,338,45
4791,359,3563,667,205,211,1593,7735,53,1826,135,1368,564,1258,1549,255,2225,88,1948,995,665
4792,122,1278,469,60,117,392,3273,100,456,28,520,0,556,597,87,818,13,497,369,193
4793,741,3617,1156,287,634,1739,12901,682,3209,143,1992,1199,2038,3133,501,3014,31,2645,1108,343
4794,284,824,436,189,93,816,3337,3,1494,30,857,233,736,1276,119,957,36,944,460,331
4795,369,2219,391,58,250,928,5639,127,1916,72,951,584,773,1498,195,1260,21,1048,681,436
4796,359,2181,268,228,219,1422,5402,18,1170,154,1028,199,1238,1441,77,984,46,1324,852,161
4797,337,5017,1056,368,209,1745,6674,47,1725,156,1617,954,1668,2580,301,2416,17,2231,1160,580
4798,274,2838,745,64,222,834,5009,21,1394,84,1288,362,1087,1260,175,1065,44,835,308,230
4799,63,493,329,94,135,231,2446,38,1244,51,746,298,449,1014,123,1164,18,268,430,327
4800,189,1827,374,103,115,457,2445,92,1117,35,505,231,473,891,131,754,0,585,382,106
4801,600,4619,1243,259,619,1777,10178,214,2001,7,1643,1194,1715,2215,455,2817,61,2263,1423,337
4802,515,3688,846,274,178,1535,10176,392,1753,99,1519,1026,1314,2010,279,2492,41,480,691,563
4803,533,4091,800,463,588,2688,15690,295,6679,284,2115,1582,2709,3804,654,3387,255,4086,1549,1020
4804,629,4904,1241,174,399,1113,11609,210,3498,147,2285,1012,1426,2181,448,2375,32,1935,1131,543
4805,99,940,67,126,47,306,1348,18,730,40,497,119,376,215,23,338,20,473,333,121
4806,610,5168,1223,284,361,1241,13192,195,105,108,2045,706,1819,3011,309,2990,42,2658,1784,786
4807,1948,9864,3484,750,1180,4506,30897,1694,9623,281,5418,2777,5212,6395,1212,7356,27,5173,3610,1549
4808,120,1447,448,122,135,685,3974,20,1856,45,787,367,839,1200,223,1553,6,992,809,237
4809,519,1677,857,196,114,815,6920,30,221,59,1110,224,1097,1620,310,1366,47,1532,985,372
4810,461,4711,751,191,651,1516,7291,52,2133,10,1465,459,1366,1774,252,1736,0,1195,665,390
4811,371,1681,633,36,152,844,4835,45,1570,1,596,433,443,1063,87,1122,17,588,595,342
4812,476,4950,1213,328,734,1566,14300,519,3664,58,1859,1509,1777,2073,751,1814,41,2638,1195,627
4813,95,1215,196,56,37,535,1892,0,375,13,681,153,423,794,54,640,19,349,757,133
4814,485,4239,897,220,151,1253,7777,130,1339,149,1146,531,1234,2412,322,2164,73,2126,1322,497
4815,171,1500,368,214,104,659,4079,6,1107,91,990,475,598,1072,79,1239,4,870,358,221
4816,550,1573,502,181,165,1041,7451,210,1413,16,1527,549,1263,1620,357,2118,7,1496,1141,467
4817,565,4967,1044,411,53,1606,8304,60,1679,11,1535,432,1442,2350,587,1552,14,1686,1630,764
4818,317,2739,421,145,127,810,6482,28,973,78,1369,389,1206,1912,245,1712,31,2009,886,732
4819,404,4039,1176,348,517,1989,9818,300,4120,213,2901,2014,2138,3137,746,2673,29,3353,1304,877
4820,432,3637,865,231,18,1217,9020,287,2671,94,1826,767,1405,2171,450,2150,31,1963,837,360
4821,220,1519,110,63,123,440,1338,3,1146,18,844,219,480,851,57,684,74,720,443,321
4822,542,6069,1091,330,85,2012,11780,292,2204,103,2403,1051,2383,2884,509,2875,46,2901,1713,897
4823,246,3490,805,198,227,852,7192,166,1226,76,1437,350,1232,1485,274,1496,35,831,1348,363
4824,207,4351,431,158,125,1443,6355,74,2624,1,1174,596,887,949,366,659,0,1195,563,350
4825,320,2187,309,119,3,655,4982,13,638,52,659,14,691,1077,85,960,64,639,773,249
4826,171,2374,558,121,273,339,4746,77,288,38,942,333,888,1158,352,1534,18,962,537,242
4827,230,1531,299,142,29,752,2097,1,576,53,893,138,847,672,31,790,10,679,420,145
4828,449,4311,975,157,3,1063,9009,66,1442,122,1946,433,1625,2611,198,2344,39,1122,1671,559
4829,307,2105,574,165,131,670,4804,126,821,42,1081,393,1032,1455,123,1306,25,1070,924,286
4830,204,2404,593,113,68,870,7233,4,787,16,1265,346,893,1432,158,1294,1,1164,650,160
4831,374,3014,333,158,103,969,3733,57,882,48,1136,155,1253,1419,115,1326,40,1169,755,315
4832,158,1106,246,60,37,439,2131,12,393,14,391,72,584,579,7,580,26,382,403,271
4833,150,2107,326,187,47,688,1946,48,1901,40,852,237,559,1117,38,871,14,765,565,323
4834,874,7628,2570,221,573,1981,18497,184,3536,79,2636,1598,2966,3787,476,4416,7,3736,2386,632
4835,420,2609,454,228,237,850,8333,197,2691,60,1452,800,1050,1755,512,1695,32,1968,1010,307
4836,131,3880,394,131,151,267,7062,9,251,57,691,119,611,1514,148,917,53,1630,522,144
4837,86,646,153,83,14,195,1210,3,249,10,319,23,309,612,40,493,25,193,194,63
4838,329,1654,365,315,2,802,5771,155,1899,125,1376,391,920,1733,280,1211,49,1274,888,398
4839,850,9990,1442,301,482,2491,17789,835,3225,108,3158,780,2663,3961,586,3967,32,3460,2628,1122
4840,195,1385,213,108,23,669,2069,22,333,17,612,63,498,954,32,524,55,407,304,108
4841,233,2166,335,149,114,949,3754,5,196,95,927,55,1017,1127,39,1225,124,961,449,263
4842,378,3927,446,218,616,1178,7530,4,2625,87,1502,996,1550,2792,35,1880,0,904,1107,327
4843,13,775,137,37,16,184,963,1,365,8,244,157,281,430,36,190,8,288,208,83
4844,790,5578,1037,313,311,1796,11912,404,3768,43,1387,1579,1869,2460,461,823,0,1851,1115,643
4845,765,4181,1523,436,312,2801,14064,176,3089,125,2777,735,2085,3255,214,3476,79,2600,1048,329
4846,307,2078,415,164,95,1025,4456,12,1064,80,1126,299,761,1642,132,973,99,1216,1224,440
4847,607,5991,1356,283,111,1194,11373,164,2593,145,2492,990,1415,2953,375,2686,20,2037,1924,546
4848,99,788,63,92,84,325,1740,5,746,39,324,154,430,729,70,392,17,369,239,121
4849,717,5258,1234,252,400,1202,10995,89,1965,72,2306,112,1559,1766,416,3342,8,1901,692,483
4850,216,1198,258,135,78,528,2121,13,347,16,657,233,667,825,133,571,24,576,527,220
4851,364,3404,749,192,367,889,6897,44,1829,68,1361,660,1306,2345,154,1940,45,1224,548,103
4852,142,1172,327,44,52,163,3092,39,994,31,561,194,556,399,100,22,6,320,252,129
4853,19,932,212,128,46,223,1968,11,305,13,478,59,268,736,103,379,14,528,232,196
4854,348,2659,533,241,71,1213,5767,218,1083,77,1343,412,1005,1984,172,1183,34,1503,1109,300
4855,682,4517,1386,375,282,1755,12491,67,1889,81,2093,864,1740,2583,430,2462,44,2717,1262,714
4856,648,1585,488,148,341,1121,7460,59,2555,132,1434,880,1321,1994,237,1810,51,1089,1400,495
4857,124,1053,88,94,42,488,1826,5,777,15,752,153,411,688,44,483,27,692,437,172
4858,382,2712,576,155,144,931,5762,18,1118,82,1202,307,1024,1764,61,1573,30,1107,1506,379
4859,533,7941,1326,560,538,2154,16906,31,3067,254,2548,1639,2377,3996,122,2166,70,2485,1579,970
4860,1244,8930,1628,395,472,2368,13600,753,2669,287,1536,1446,2957,4224,382,4518,17,4503,2478,1205
4861,164,427,67,83,74,256,1626,2,290,25,399,61,508,555,53,500,38,364,291,191
4862,337,3583,607,161,96,1131,8984,58,685,43,1266,261,1271,1854,278,1276,48,2358,1088,646
4863,89,1494,473,113,11,677,3704,24,749,24,400,231,472,1102,146,624,0,848,329,143
4864,817,7670,1701,595,480,2844,15695,309,5088,200,3549,1080,3177,3643,318,3753,115,3691,2495,1277
4865,155,1258,268,65,52,443,1619,12,478,8,517,86,412,652,60,595,23,442,211,85
4866,244,2434,329,186,176,1344,7160,186,1137,81,1270,394,1017,2197,241,1783,32,1261,858,624
4867,220,1957,539,172,44,717,3615,175,874,19,952,200,788,958,147,879,12,794,563,240
4868,302,2671,366,241,246,876,4579,21,1088,37,1127,389,1028,1052,196,652,5,1350,573,316
4869,291,5436,853,198,193,1439,8807,238,1648,53,1553,759,1622,2541,237,2246,73,1657,1693,666
4870,108,1857,318,97,34,745,2401,19,589,28,808,122,738,813,10,839,48,1040,474,371
4871,616,5702,1081,273,446,1469,7883,210,2644,51,2230,1424,2412,3032,783,2616,5,1958,2179,522
4872,162,1414,290,89,27,591,2109,79,533,58,785,128,672,755,82,796,0,822,661,184
4873,361,5441,1024,187,299,695,10189,80,3372,62,2096,804,1478,1650,361,3061,25,1877,983,617
4874,374,4617,863,85,603,481,11188,613,2777,159,1713,556,1195,2188,106,2621,16,2065,1355,480
4875,182,1344,21,70,0,543,3882,4,641,59,574,131,453,1157,119,793,7,1087,647,116
4876,308,4880,734,309,165,1404,10343,169,1948,204,2192,436,1578,1143,325,2479,20,2062,1045,759
4877,284,5372,1448,180,239,1285,11980,312,1962,84,2111,1,1822,3164,342,2919,23,953,725,556
4878,292,4098,874,318,246,822,9790,1,2707,73,1330,393,1665,1862,271,1503,27,729,806,360
4879,671,5043,794,182,290,1963,10793,330,2305,43,2235,731,2207,2651,352,2604,17,2409,1115,698
4880,126,2569,387,182,235,1147,5071,77,1633,92,807,567,1135,865,47,1461,15,1083,1043,180
4881,220,1895,428,143,111,569,2674,11,1337,39,986,281,875,1342,51,651,31,769,898,195
4882,261,4169,1064,142,7,590,9578,354,2831,53,1450,1125,1603,2004,261,2062,15,1693,1148,144
4883,449,4769,733,208,584,956,6964,98,362,94,1127,780,1471,2115,285,2655,21,2019,947,617
4884,1,1108,91,55,99,472,1494,1,579,47,528,113,475,407,44,442,22,545,170,145
4885,211,4580,861,218,174,1009,5790,96,1426,122,1177,688,1558,2231,425,2063,64,2427,1456,928
4886,43,834,160,58,60,170,1906,11,719,5,432,184,433,542,33,475,8,577,406,218
4887,639,6207,1607,0,193,1119,10927,283,1253,65,2218,94,1341,2382,247,2520,17,1968,1415,226
4888,980,3883,828,263,7,1789,15661,427,2178,143,2952,898,2223,3249,752,3169,30,3309,1814,371
4889,243,1725,199,172,175,667,3214,33,757,22,1267,298,744,1128,90,878,2,1219,411,341
4890,80,942,169,109,38,363,524,0,405,17,276,143,356,601,19,520,12,359,169,105
4891,342,2182,592,144,85,775,4365,15,1454,56,840,387,1051,1299,148,929,1,900,213,328
4892,210,1957,332,147,121,638,3888,48,1407,137,1169,524,968,864,46,1175,0,1259,708,319
4893,430,3071,771,274,385,1202,7088,180,1118,65,960,478,1124,1813,149,920,10,1621,685,130
4894,613,6415,754,379,1013,1737,14265,110,4441,0,1489,1548,1834,2754,515,3214,31,2778,2515,242
4895,750,5953,885,277,764,1581,7052,815,3239,55,2231,1523,1600,1904,377,2427,6,1956,485,373
4896,189,2945,557,141,222,1065,5171,142,2068,120,974,362,1354,1560,125,1480,64,1399,1014,411
4897,133,720,262,60,68,250,1854,4,773,4,444,222,347,498,102,463,8,431,141,117
4898,439,5116,1291,125,1,789,5906,678,2054,125,1876,830,1631,2806,203,2782,46,2434,2070,733
4899,1416,10915,2754,505,759,4383,21565,626,6379,109,5723,1534,4367,6497,1467,6715,79,5019,3581,1485
4900,188,4755,1418,61,250,1107,10105,186,3134,2,1304,929,1381,1851,163,2009,3,1656,1263,451
4901,278,1865,403,133,62,686,3906,23,1119,7,1153,206,958,1432,180,1320,93,1233,733,175
4902,45,844,224,12,30,242,2418,28,228,5,306,74,346,412,71,428,8,361,464,128
4903,155,1072,93,55,10,422,1988,16,85,15,684,68,411,773,40,455,27,476,556,148
4904,714,5132,1558,301,0,1846,5123,495,1959,4,2335,1061,2585,3151,381,2442,43,2999,1633,780
4905,326,3539,822,243,605,903,9434,233,1758,4,1567,474,1701,2534,332,2180,21,1590,1300,516
4906,359,4378,335,210,209,1322,6053,113,2705,15,1497,549,1281,1994,199,1382,112,1675,1461,392
4907,496,3695,505,57,296,1229,8107,326,1229,83,1009,831,1633,2318,208,2143,19,729,943,719
4908,439,2822,553,48,132,1073,6982,299,2195,81,1201,970,1025,1462,169,1653,23,1153,612,209
4909,204,1400,424,72,20,311,3867,43,720,53,578,51,653,1026,149,763,3,727,410,119
4910,402,3053,637,129,325,1418,7982,29,1718,61,1961,949,1343,1179,328,1456,70,1813,1087,788
4911,309,3619,994,353,404,2156,5538,646,4462,93,2320,1006,2160,2486,409,2948,66,2027,1776,668
4912,917,8116,1364,518,427,2284,18287,297,6356,122,2958,1513,3607,3262,786,5025,54,2492,1265,206
4913,318,4395,534,291,91,1600,10933,120,402,34,1691,449,1516,2233,301,2771,12,1778,1019,560
4914,187,2039,414,78,196,548,5564,186,655,26,884,235,552,1264,201,1317,10,871,535,161
4915,158,839,34,113,28,175,1131,1,669,11,378,98,381,568,33,255,9,293,122,64
4916,494,5387,699,312,199,1255,8993,299,1648,88,1442,903,1176,2592,476,2392,45,2433,1409,489
4917,62,552,131,49,75,257,1393,30,461,21,172,131,198,193,8,286,17,206,143,149
4918,421,2227,826,156,94,543,7007,50,1900,36,1716,514,1365,1473,206,1702,22,1353,615,307
4919,144,1299,351,187,204,438,4121,20,1647,27,905,206,311,1044,36,857,13,1051,668,200
4920,111,1066,298,61,104,245,2423,75,578,5,372,184,308,511,102,564,0,411,233,56
4921,299,1567,257,119,133,517,2748,14,660,5,1091,74,774,1308,118,617,62,554,547,315
4922,591,6189,1477,251,676,1467,15182,89,1925,5,1067,1700,1804,2467,394,2767,5,1065,1444,461
4923,186,1764,270,52,165,853,3450,47,1396,8,1082,447,694,1285,170,792,14,758,312,365
4924,757,5807,742,150,615,1290,5498,275,1984,40,1741,812,1875,1931,495,2475,16,2242,1742,455
4925,224,2204,424,181,30,499,5051,197,719,46,880,154,322,1333,88,909,18,840,374,243
4926,165,1253,134,151,11,570,1713,6,523,34,585,78,314,806,67,550,42,544,474,130
4927,338,5436,879,132,207,1231,8566,246,1486,57,2230,583,1571,2316,350,2149,21,1706,1330,358
4928,118,9239,1068,540,707,2575,16528,229,2263,179,3232,5,3527,3606,860,4286,23,3756,2112,1112
4929,317,2136,347,153,86,554,4453,123,1905,21,1007,405,997,1390,233,1379,12,1164,679,304
4930,433,5089,743,302,288,959,8560,179,2120,92,1768,585,920,2328,262,2069,83,2000,785,496
4931,155,1236,58,125,39,487,2244,2,756,58,617,69,434,627,4,653,21,539,560,183
4932,441,3448,563,236,210,1544,9029,143,2671,92,1484,646,978,1886,250,2062,33,1297,585,403
4933,90,811,265,40,25,370,1346,13,467,31,511,110,402,476,52,273,22,497,352,127
4934,157,3003,701,188,51,482,3878,293,2043,77,1023,710,611,1436,133,1543,23,1053,578,348
4935,393,1767,548,135,161,643,4445,31,2237,44,1285,106,880,1564,43,652,19,986,1035,340
4936,197,1994,359,179,2,530,3403,10,823,28,728,197,375,574,164,851,11,583,387,333
4937,187,2076,227,217,1,520,3085,8,599,53,229,29,976,1415,145,829,42,1064,599,457
4938,179,2147,313,192,6,1044,3731,10,795,86,1080,107,837,1418,4,1051,46,880,743,249
4939,547,3711,679,212,157,1500,6548,32,1225,125,1363,174,1258,1551,286,1596,31,1857,709,497
4940,422,3628,764,106,2,1534,8986,108,1694,167,1610,374,1543,2370,306,2190,52,999,578,540
4941,115,1011,77,86,5,319,1566,10,513,9,528,88,357,193,50,462,8,345,213,108
4942,203,2088,454,63,95,806,4732,18,635,45,680,319,773,1607,191,1029,48,1374,778,335
4943,295,1739,602,138,178,747,5429,189,1109,65,947,246,939,1254,126,1020,10,1082,584,280
4944,505,4090,789,309,410,1026,6131,102,2043,112,393,544,1349,1789,113,1593,93,1932,897,453
4945,71,1186,169,39,7,310,2034,70,323,32,523,140,596,659,98,653,31,627,214,131
4946,344,2574,553,188,84,1037,8576,374,1437,60,1159,546,1202,2085,126,1701,16,1532,518,280
4947,182,1818,471,80,134,662,3023,51,1110,6,789,109,766,1065,58,589,28,827,502,280
4948,359,969,254,156,72,899,5655,46,763,68,852,170,808,1043,123,1431,89,1285,874,243
4949,469,4590,680,387,724,1289,8420,244,3726,30,1426,817,2009,2336,335,3020,0,2363,1136,542
4950,151,1216,220,64,37,326,1817,13,257,31,564,178,489,735,67,574,21,468,390,112
4951,498,6623,1101,284,414,1773,13337,416,1260,134,2914,896,1951,2600,199,1857,82,3108,1728,578
4952,85,1909,278,179,14,740,3044,5,627,3,659,93,698,980,39,732,7,756,423,223
4953,305,2426,611,112,91,925,5480,190,1033,39,1107,184,979,1832,211,892,1,902,343,378
4954,165,1396,459,86,89,411,3506,31,588,14,682,221,470,776,215,743,5,569,275,232
4955,218,2659,532,199,180,997,6314,94,315,33,917,94,536,1577,311,1312,7,1101,639,306
4956,148,445,702,260,0,1156,5616,284,843,115,1758,62,1241,1495,263,1950,62,1225,915,190
4957,215,3686,758,168,455,926,10661,141,1398,93,1111,1454,1254,2049,480,2219,22,1462,673,0
4958,476,4593,941,195,129,1051,7826,200,1273,70,1269,740,1378,1661,434,1848,29,1465,1377,289
4959,49,725,133,87,18,237,589,7,456,3,281,50,204,582,8,302,3,312,210,76
4960,217,2547,812,148,408,817,6782,116,2491,83,1492,694,1172,1676,242,1962,18,1112,856,366
4961,397,4164,848,115,252,1289,8774,251,2880,70,1289,979,883,1481,147,1865,3,899,770,523
4962,411,3838,603,184,142,1021,5763,75,1181,43,1313,181,1146,1753,35,2019,91,1476,1185,533
4963,12,2374,402,143,295,1168,4411,28,1010,90,1271,463,1100,1253,231,1658,45,1512,1091,395
4964,499,4085,714,274,271,972,5993,122,1054,31,1904,569,681,1425,188,2119,54,319,930,406
4965,210,2208,393,176,342,647,3857,10,2100,63,1195,411,530,1466,102,1262,121,1093,666,215
4966,551,5044,862,229,382,1736,11411,279,2125,26,2124,99,2323,2519,90,2870,31,2225,1761,769
4967,310,2625,698,163,192,667,4873,77,2330,45,661,416,980,1311,103,703,70,1156,506,344
4968,646,3345,1368,135,548,1586,10730,100,2855,108,1535,1084,1704,2503,417,2550,24,1636,972,600
4969,285,4646,915,240,403,1358,7279,263,1640,25,2001,642,1247,2137,426,1963,110,1933,1128,758
4970,427,2719,536,143,521,1518,7609,279,1901,41,1722,687,1476,2352,474,2095,35,1598,674,461
4971,666,5320,1562,294,429,1947,11803,300,1914,58,1991,774,2609,2702,430,4542,8,2925,1879,934
4972,368,3202,487,267,214,1074,8294,84,929,78,1360,627,1087,1822,301,1903,99,2059,1192,445
4973,416,2329,485,196,108,1291,2355,11,1583,93,882,332,1100,1641,136,1518,142,1207,648,394
4974,591,3316,474,169,230,1552,7814,69,1174,58,1911,566,1115,1676,155,1934,17,2267,829,455
4975,77,576,248,17,35,170,1668,54,288,0,236,84,157,285,23,301,1,204,163,28
4976,214,953,140,131,87,606,2495,55,773,0,551,349,478,544,99,582,0,785,213,334
4977,47,852,123,131,22,362,977,4,620,13,371,33,176,591,10,154,55,460,231,112
4978,195,1473,196,30,51,496,3970,104,469,7,692,115,627,799,102,691,3,759,290,143
4979,194,1968,635,175,83,965,3409,25,1071,118,1224,641,1250,1204,126,1046,29,966,501,252
4980,244,3178,542,207,317,1128,8094,65,1329,108,1178,532,765,1515,318,804,40,1791,1193,428
4981,297,3167,531,387,213,912,5090,42,1287,186,1672,766,1150,1953,228,1840,89,1919,915,418
4982,322,3007,488,40,53,675,2196,11,882,1,1074,119,655,1143,23,897,34,986,839,277
4983,135,1108,252,127,57,628,1320,5,866,22,356,175,687,550,124,480,9,657,378,184
4984,424,3230,1042,159,6,989,4340,12,1535,100,1155,89,1510,1174,348,1236,39,927,930,10
4985,165,4359,629,98,239,1239,10423,13,1592,35,1517,103,1555,2089,161,2076,14,1940,1008,362
4986,931,9398,1392,490,918,2688,19070,674,3882,145,3621,1764,3154,4071,720,4783,34,4191,2722,967
4987,66,591,90,31,15,245,1561,26,318,10,280,109,242,472,87,393,3,311,296,144
4988,632,4402,1185,398,249,1312,11027,191,3550,72,2192,1165,1812,2444,551,2904,17,1876,1981,704
4989,339,2948,883,195,336,1547,7055,320,2554,22,1625,1077,1094,1133,199,2690,7,1685,894,265
4990,927,7963,1688,317,510,2308,15265,639,3499,190,3328,1128,3045,3856,632,4389,76,3669,1983,1012
4991,225,2185,185,178,154,865,2746,0,1609,14,981,415,688,729,45,980,47,994,410,98
4992,533,4713,720,314,217,1488,8798,89,2706,118,2016,963,2304,2501,261,2347,84,1846,718,627
4993,52,715,131,32,33,180,1353,20,290,13,107,59,214,377,58,391,0,363,238,59
4994,749,4199,438,130,164,1665,10774,171,2029,110,1659,665,2237,2671,293,2491,35,2345,528,493
4995,316,2640,445,89,153,384,2651,4,1365,44,1085,673,729,1282,172,993,32,316,576,302
4996,242,1240,260,80,243,488,4360,71,544,47,904,263,612,1000,185,894,6,734,449,153
4997,858,5497,1611,301,836,2210,13396,278,4919,86,1906,1127,2144,3435,786,3610,0,1711,1286,772
4998,204,1774,400,108,114,752,1989,0,1485,73,1062,420,779,885,161,372,21,239,323,206
4999,181,1431,155,48,197,436,1200,0,1103,20,545,267,505,757,120,1032,5,702,356,101
5000,105,646,82,30,41,314,1553,20,485,0,330,87,331,240,118,395,5,309,234,154
5001,240,1108,376,120,152,799,3288,9,776,1,611,228,687,1083,35,801,44,801,327,224
5002,206,1929,392,206,0,1358,3960,16,58,7,1563,172,989,1916,167,1340,49,1318,1275,232
5003,229,1940,683,78,293,984,3460,29,961,8,1214,256,913,1281,238,561,19,780,411,319
5004,178,2900,555,42,3,1221,5585,34,173,20,1347,312,1221,1672,172,1922,32,1134,733,330
5005,146,1220,160,11,90,440,1498,2,435,18,519,128,510,510,41,415,22,468,616,186
5006,234,2595,1042,159,273,735,6550,225,1147,6,1117,357,996,1258,334,1499,12,636,1216,347
5007,40,1723,303,145,83,640,3570,0,492,2,751,138,800,1066,119,666,9,578,736,203
5008,432,3315,541,256,347,1566,7342,66,1717,1,1418,727,862,2322,394,2040,17,569,1074,435
5009,215,1966,377,111,57,627,3038,50,634,60,680,384,788,1093,292,1289,12,1215,730,92
5010,730,5333,1354,292,435,1122,10763,95,3508,166,2360,1343,2037,2715,436,3075,14,1681,1186,416
5011,173,1733,433,117,40,801,1613,9,708,95,790,111,1080,1471,34,982,9,1066,746,438
5012,477,4302,751,190,396,1419,8599,178,2404,69,1045,904,1246,2069,253,2007,0,1398,826,503
5013,55,519,184,25,31,149,1466,58,275,9,223,63,187,277,33,332,0,219,164,46
5014,532,5230,633,227,456,1222,7449,49,1529,90,2296,791,1878,1996,392,2419,42,1662,1139,592
5015,96,1191,199,76,43,548,1811,7,440,43,468,110,497,932,162,545,17,240,229,223
5016,573,3967,1094,158,170,1318,12185,212,1416,112,1117,451,1101,2441,35,2115,62,2356,1258,552
5017,971,6076,866,275,1071,2765,16866,375,875,243,2820,1390,3000,4039,1495,6269,86,2281,1631,940
5018,812,6392,1613,244,384,2282,9836,668,1216,204,2412,4,2515,3023,416,3451,4,2780,1687,660
5019,172,1922,181,92,96,798,3193,116,687,58,649,147,821,1348,24,940,74,562,455,281
5020,544,2286,998,283,498,1150,8292,317,2539,18,1827,365,1650,1494,377,2967,52,2530,1088,636
5021,214,2363,346,78,305,565,4885,112,1587,27,958,264,746,1016,171,956,4,756,182,148
5022,972,9028,1346,336,247,2957,20373,982,3419,205,2864,785,3634,4434,1344,4987,88,3823,2614,678
5023,416,3395,485,297,0,1248,6550,115,258,123,1608,550,1042,1322,388,1397,109,1643,876,496
5024,251,1156,127,97,103,343,2678,35,932,25,508,408,486,714,74,652,55,668,291,132
5025,268,2791,286,65,219,892,5487,26,1491,61,541,317,1168,1832,41,1530,41,993,930,480
5026,896,8853,1165,284,514,2292,17002,424,1735,97,2776,774,2539,3371,67,4592,109,4456,2282,932
5027,165,3546,613,238,263,830,7344,92,1608,40,1465,1416,1192,2232,265,2386,25,1622,609,237
5028,552,3682,785,374,160,1414,5299,84,1352,46,1931,255,1559,2397,446,1231,74,1846,1688,378
5029,426,3123,656,326,178,889,8105,84,1415,146,1948,421,1383,1800,259,1925,5,1277,1282,158
5030,275,1559,370,216,31,912,5108,32,654,59,979,213,803,1201,202,1350,96,1202,758,450
5031,270,2148,152,33,237,679,4326,198,744,26,511,162,739,508,189,874,31,244,750,130
5032,1702,15640,3396,1069,1387,4839,35632,560,9437,367,5785,2549,6868,9209,2095,9062,264,8407,4938,2853
5033,135,3088,478,257,126,1266,2379,25,889,124,1120,251,1032,1460,87,1493,69,1057,617,531
5034,861,9270,1840,477,631,2539,15846,209,4832,231,3716,1454,3301,4735,570,3856,83,3444,2596,1269
5035,285,4905,884,122,405,1066,7362,204,3318,115,1379,1103,799,1897,457,1607,48,1625,955,563
5036,339,2415,473,67,179,611,4254,18,796,45,889,104,1045,1602,126,1164,84,1143,456,345
5037,238,2096,229,72,1,554,2332,280,675,16,737,208,494,823,144,451,2,706,496,225
5038,436,6412,1803,485,422,2754,13656,656,1929,135,1880,1118,2982,3341,890,2525,75,5084,2667,1117
5039,687,7542,1444,343,454,2039,13284,231,4212,75,2576,1238,2005,3353,521,1798,76,2865,1449,726
5040,1253,8384,2415,473,367,3617,17648,880,4106,224,3814,1258,3534,4340,659,5276,71,4872,2386,1207
5041,565,1733,930,247,272,1581,3802,104,2389,1,1820,1019,1354,1743,325,2179,12,1538,1639,581
5042,110,767,339,32,58,196,2092,62,375,9,254,132,218,371,39,390,0,281,221,59
5043,594,3972,866,215,427,1414,10751,645,3196,44,1736,860,2053,2526,212,2440,11,2155,1337,201
5044,338,4338,1043,365,470,2188,10236,88,3877,121,2096,1024,2283,3095,286,3144,206,2925,2297,633
5045,541,6689,1801,197,779,1725,12763,416,4827,27,2463,1432,2402,2502,433,3575,25,2647,2287,740
5046,300,2830,689,276,0,1324,10761,391,2905,5,2506,715,1874,2255,340,1240,38,1982,1397,536
5047,44,552,196,47,48,211,1972,20,428,15,321,71,346,499,107,479,52,279,251,120
5048,432,2776,1091,356,774,1987,11071,405,4253,49,1989,782,2030,2507,281,2391,0,2571,1162,547
5049,642,5091,1555,328,588,1223,17143,622,2991,62,2152,1141,1845,3491,578,3810,22,2865,1533,914
5050,281,1767,211,106,52,751,2136,16,698,61,782,77,541,1089,19,859,22,849,438,256
5051,142,1532,300,137,30,421,2073,10,379,57,801,173,392,768,23,526,34,561,564,213
5052,423,3369,793,216,232,1478,6783,115,1140,31,1826,407,1265,1812,411,1354,60,1327,953,571
5053,747,5825,1592,165,359,1896,13931,363,4729,107,1687,1731,2027,1516,472,2757,32,1197,2062,665
5054,979,11138,2126,541,757,3936,24861,1141,2390,185,2735,943,3810,3709,504,4671,20,5684,2648,1661
5055,135,1026,411,9,63,348,2791,108,313,18,551,135,336,454,106,568,0,422,363,95
5056,995,9510,2410,336,889,2713,20139,692,3716,208,3175,38,2346,4447,531,5050,27,3960,1667,646
5057,303,2140,353,63,42,523,3286,107,654,20,761,280,583,750,190,862,10,586,622,209
5058,44,766,96,92,33,268,842,9,206,4,358,27,324,537,16,366,11,504,234,176
5059,227,2595,297,114,10,713,3048,17,1713,105,1027,400,985,1724,128,1025,48,1271,940,320
5060,716,6542,1310,332,221,2291,9001,637,5428,232,1792,1341,2599,2544,435,1872,89,3045,1579,789
5061,45,830,43,39,44,309,1702,54,427,23,273,0,357,488,58,555,0,434,301,46
5062,631,4061,772,191,471,1710,7429,60,1951,160,2395,487,1926,2788,734,2495,65,2475,1508,579
5063,97,978,9,137,110,261,2713,7,889,8,511,288,617,751,144,235,17,605,433,5
5064,42,1038,95,89,109,309,756,2,661,9,440,57,378,762,44,451,0,48,334,184
5065,427,2436,515,249,94,1246,7970,0,2413,59,1789,747,1551,1427,132,713,30,1669,1492,627
5066,486,4794,1160,396,285,1492,12180,168,3969,96,1671,382,1793,2431,180,1700,4,2743,1175,532
5067,419,4831,836,221,298,1128,11982,574,1560,130,1482,652,1253,2562,201,2259,52,1665,1794,452
5068,692,2909,929,231,163,1638,10615,228,2647,75,2157,1155,2030,2705,326,2279,43,2271,1713,521
5069,471,5699,986,342,140,1528,13044,258,4325,136,2289,1120,2069,2549,104,2405,49,2164,1522,943
5070,189,1088,99,108,55,484,1681,2,419,35,500,5,465,1067,37,510,25,544,380,149
5071,370,5152,201,127,22,2000,7958,107,1687,108,401,672,1714,1913,111,2512,30,2733,1296,598
5072,730,3344,957,375,302,1783,10896,227,2402,116,1455,1088,1930,2564,491,2672,48,2784,1866,625
5073,364,1909,341,83,253,793,4741,8,502,16,762,404,496,1074,56,883,23,407,466,219
5074,211,2913,367,138,50,910,4112,39,1632,156,869,515,861,1384,102,833,21,1408,527,418
5075,224,1020,192,115,45,714,2963,5,751,30,889,88,887,1222,41,613,25,835,707,195
5076,398,7060,334,363,424,1210,7102,146,1831,2,1800,354,1332,3254,381,2559,69,2167,805,663
5077,221,3167,620,111,213,267,6579,42,1021,12,683,228,646,1712,221,981,14,1221,979,251
5078,152,710,136,25,71,378,525,3,642,16,326,99,340,601,47,434,38,161,328,144
5079,320,2748,720,188,42,1207,7365,129,2341,61,1234,955,1255,1768,148,1528,60,1532,1113,393
5080,393,3695,344,189,120,1097,7080,64,2077,43,1132,752,1129,1856,272,1132,55,1051,870,280
5081,332,4187,952,284,230,1356,4571,356,1642,31,1964,695,1710,2082,286,2183,13,1907,838,430
5082,203,5293,1087,306,663,1517,9985,159,3237,1,1915,1419,1593,1933,402,2656,12,1979,924,641
5083,306,1720,419,181,251,1159,7661,39,2850,96,1674,873,1257,1533,123,1555,32,1606,689,475
5084,470,4033,717,268,491,1274,4937,179,2601,42,1430,422,1185,1832,207,1893,56,1771,1365,354
5085,230,7,551,83,69,693,5427,13,1022,34,796,35,739,1412,171,1028,16,816,781,286
5086,208,2158,293,105,49,767,5634,51,326,57,796,288,953,1355,311,1030,4,881,485,292
5087,520,4347,820,231,3,1014,9056,443,2770,68,1620,871,1573,1492,393,2017,8,1221,1000,229
5088,129,1031,264,67,46,350,1513,205,758,24,397,146,413,598,44,711,7,423,305,48
5089,276,2094,359,163,180,642,4898,354,2016,1,925,821,1137,1217,246,1345,4,843,608,204
5090,248,2824,490,161,271,1013,7150,51,990,45,1212,17,1041,1027,71,1485,21,846,186,65
5091,459,5279,1207,268,263,1439,11231,419,1205,44,1901,558,2291,2404,583,2459,35,3087,1611,708
5092,112,1323,218,107,42,508,2865,40,854,10,854,265,611,863,57,806,8,932,482,220
5093,103,1066,208,35,71,221,2430,35,854,40,271,196,404,56,119,556,1,313,275,113
5094,191,4819,681,99,316,992,12434,263,1988,4,2248,364,1443,1605,102,2121,40,2357,984,498
5095,232,2098,426,144,266,920,3916,43,1630,66,1125,455,843,1750,201,1059,78,786,625,529
5096,354,2218,552,146,348,818,4128,36,2005,105,1096,347,792,1666,267,1031,38,1301,789,134
5097,395,2574,790,164,476,1229,8424,394,2318,64,1265,725,1360,1829,381,1688,6,1810,829,398
5098,468,4851,458,271,132,1627,9258,180,945,208,1827,602,1630,2698,389,2471,53,2485,1362,450
5099,213,4140,967,139,524,1105,7640,86,2229,29,1664,294,1503,2162,227,1756,0,1789,1133,274
5100,132,1133,261,16,11,313,3209,25,617,15,386,119,571,445,148,700,6,375,402,134
5101,195,2335,239,75,22,810,6384,147,1326,60,689,527,715,1397,316,1296,8,1007,1234,259
5102,120,1191,210,142,81,756,2636,2,506,41,1039,272,574,782,86,568,15,725,349,228
5103,345,2939,397,251,93,1183,4069,82,1012,42,1295,354,686,1539,210,1764,63,1198,516,629
5104,28,673,196,38,3,288,1861,32,198,4,358,168,281,515,26,522,35,356,228,65
5105,367,3573,626,290,287,1016,7088,64,1133,138,1446,298,1270,1836,292,1676,0,1523,969,337
5106,759,5716,1020,143,133,1413,11131,122,2140,170,2000,1025,1747,2998,428,3053,26,2198,1329,746
5107,565,5418,1131,302,270,1127,10759,313,1872,18,1757,639,1630,2211,800,1977,22,1937,1314,409
5108,390,1990,910,207,424,1166,6651,8,1245,100,1726,169,1388,1726,238,2349,55,1861,1184,437
5109,136,845,130,65,101,345,1516,4,662,17,497,106,312,471,34,417,9,271,315,67
5110,391,2262,413,322,142,1173,4884,8,2334,118,1422,345,1199,1627,118,1398,91,1540,624,412
5111,155,1396,235,110,60,415,3050,198,86,51,398,399,643,745,121,693,3,613,399,224
5112,442,1852,1034,252,335,1395,8013,33,1772,62,2045,939,1264,2164,290,1888,40,1692,1205,360
5113,462,4491,1039,203,560,1097,12751,393,3185,55,1943,1511,2175,1770,4,2348,0,1736,948,557
5114,279,1890,457,116,96,464,4857,216,1719,33,1182,704,362,1286,295,1408,11,1017,730,235
5115,233,2567,473,137,257,754,6644,71,850,62,960,355,990,1937,147,1254,4,1042,805,78
5116,203,1855,336,111,131,871,4294,28,1463,43,866,276,1003,1230,125,1062,68,521,845,339
5117,139,2292,511,113,178,387,5463,73,950,38,1141,315,934,1458,76,1180,78,1264,621,155
5118,122,1110,249,82,91,287,2210,32,451,28,530,90,450,537,92,538,18,488,426,219
5119,217,1707,366,110,62,488,3817,30,718,35,837,285,651,1098,180,919,12,796,497,224
5120,119,718,109,104,16,213,973,1,181,23,355,15,302,539,25,306,22,298,340,69
5121,245,2276,379,71,181,975,4164,33,2189,71,1136,264,1000,1436,65,1077,30,694,603,414
5122,168,1690,344,64,24,584,3315,34,529,70,831,130,666,1064,45,839,57,818,976,129
5123,142,1289,175,93,1,525,2282,11,475,9,662,1,439,526,26,606,14,422,580,164
5124,87,727,297,18,77,215,2121,46,350,7,301,114,200,357,36,409,1,235,183,56
5125,206,1964,250,136,50,759,3315,32,909,20,957,47,938,1065,218,852,126,972,578,335
5126,276,1342,194,89,79,449,1350,41,613,11,659,60,595,1095,103,563,23,773,774,255
5127,275,2631,417,132,194,865,5422,42,815,36,1124,349,1043,1728,149,1124,6,1268,672,367
5128,723,3532,1451,243,324,978,6134,282,3413,110,1816,604,1807,2599,78,1503,71,2240,1816,448
5129,443,3536,1279,325,277,1679,7247,99,1190,2,2434,488,599,2373,200,1853,24,2588,2184,373
5130,990,9345,2170,548,632,3929,21010,499,4922,188,3388,1474,3605,4010,899,4526,86,4840,3181,1622
5131,329,5006,549,180,339,1168,10314,221,2885,21,1215,438,1279,2305,228,1812,13,1568,1144,280
5132,260,3133,808,163,151,606,7978,74,2175,80,1346,584,917,1246,178,1426,19,1381,1184,401
5133,358,2212,634,158,134,1031,3570,40,765,19,1055,48,743,1377,117,691,11,989,1104,326
5134,462,5470,1123,167,305,1169,11617,326,1604,24,1403,761,1584,2755,423,3291,21,1894,1609,787
5135,72,618,228,22,38,185,1813,69,307,5,258,96,219,297,35,350,0,202,203,43
5136,275,3510,395,303,102,759,4155,55,1207,43,1251,290,1193,1092,138,973,101,1564,911,595
5137,961,3297,1139,250,170,2243,14145,682,1751,31,2386,912,2506,1724,403,3262,56,3152,1411,575
5138,504,3623,698,292,162,1132,7355,63,1079,196,1590,632,1188,2470,134,1758,46,1859,1580,371
5139,422,2174,753,213,55,575,9175,145,3115,15,1558,619,593,1827,274,1516,20,904,1062,174
5140,275,1523,421,269,1,424,1947,20,683,15,956,268,1038,1040,87,1260,27,1099,669,425
5141,810,5207,1625,403,524,1387,16029,869,1675,132,2421,916,1835,2369,521,3061,23,3068,1490,797
5142,192,2142,533,72,89,988,4037,9,922,35,880,31,835,1402,89,996,35,1098,942,242
5143,233,2483,284,138,232,911,4436,21,2041,66,1076,344,696,1070,133,1094,5,1218,935,380
5144,28,603,185,18,0,142,1443,37,240,11,244,124,327,281,92,434,1,281,167,55
5145,308,1706,635,148,2,919,6796,53,405,14,668,419,1199,1931,242,1384,16,1486,680,459
5146,114,678,179,44,24,305,1559,12,529,10,253,176,226,392,83,425,15,373,247,142
5147,436,4708,1040,221,439,1152,9602,353,1428,77,1578,437,1379,2303,525,2498,38,1817,1406,496
5148,99,1391,168,204,68,521,2245,24,867,40,588,155,612,850,140,480,16,790,471,228
5149,181,1621,397,85,35,611,2910,5,575,12,575,224,552,665,3,684,6,884,597,107
5150,714,5429,922,323,895,1353,9474,338,2957,46,1816,904,1655,2092,477,2521,35,1247,1898,687
5151,158,2986,537,103,188,1035,5210,46,926,104,954,174,1014,1729,219,1160,46,977,885,458
5152,169,1815,378,95,141,1120,4787,27,1106,9,629,238,1102,1031,1,1555,55,1055,606,551
5153,815,7380,1940,243,547,1436,16748,197,2951,78,2364,724,1772,2560,310,3273,6,2694,1696,713
5154,148,1789,282,156,114,823,2662,53,1217,65,666,242,843,1011,121,697,42,792,322,362
5155,177,1857,398,218,125,623,4815,26,558,60,907,352,1016,1355,313,835,62,1221,1200,258
5156,447,3768,653,315,325,1128,5796,93,1361,75,1965,472,1693,2150,409,2326,35,1999,899,742
5157,125,1063,88,62,73,304,2333,27,511,24,603,268,493,883,45,445,12,441,420,174
5158,224,1236,202,139,85,631,1552,10,355,18,454,102,522,738,80,704,62,875,205,182
5159,1135,6983,1493,588,313,2566,16509,259,5533,241,3090,1356,2670,3759,936,4041,54,2608,1212,1074
5160,77,905,90,130,43,341,1089,15,760,52,458,126,322,846,59,665,41,368,215,81
5161,185,2235,485,150,237,654,4784,156,1575,51,865,290,792,1381,36,1005,24,980,576,133
5162,360,2670,534,220,103,781,4660,15,1343,62,1125,237,768,1471,181,1254,110,959,789,370
5163,256,2160,272,38,74,925,3448,46,1017,16,1301,225,717,1132,76,594,43,1058,970,238
5164,129,832,388,50,86,364,2128,160,473,2,455,82,425,110,158,698,1,367,218,110
5165,107,985,93,42,25,328,2565,114,362,19,430,78,452,526,81,532,10,455,366,115
5166,132,943,170,48,13,757,1309,13,294,17,605,106,597,815,28,633,41,684,443,245
5167,128,929,115,83,24,339,1882,2,314,34,325,93,439,713,40,587,51,444,360,246
5168,262,3369,709,349,435,1041,4856,198,2607,23,1236,821,1711,1262,204,1732,112,2295,1047,627
5169,43,663,126,91,9,301,593,3,682,6,362,76,352,411,18,377,22,440,186,95
5170,71,2428,242,107,110,1125,5293,120,765,12,1215,411,1262,1610,140,927,48,890,738,355
5171,148,1519,254,106,104,406,2138,4,936,9,608,168,642,864,60,533,28,373,345,105
5172,482,1691,1027,252,110,1045,7516,164,1434,22,1515,369,1402,1963,181,1782,20,1483,962,442
5173,616,4773,1456,287,493,1594,11756,793,2414,170,1171,591,1780,2464,502,2690,26,2597,1624,245
5174,368,4787,1006,348,211,1793,10709,109,3455,108,1195,1270,1491,1605,380,2427,22,2126,1614,357
5175,291,3101,622,165,103,945,6403,92,1009,45,1448,314,1169,1634,96,1684,26,1402,768,345
5176,307,2421,413,116,61,938,4044,21,2373,0,1097,174,1215,1524,163,1398,0,2027,583,700
5177,61,535,225,13,38,188,1697,57,282,5,239,83,208,331,25,375,1,195,147,43
5178,92,967,259,106,38,207,1799,2,367,14,184,56,395,442,67,396,2,399,410,107
5179,187,2543,662,199,124,939,5479,96,1266,65,1012,246,523,1713,199,1552,13,1424,778,398
5180,194,1757,588,208,364,996,7368,194,2130,71,1439,383,1073,1330,257,1311,6,1215,707,136
5181,310,3921,790,419,156,813,6343,4,3332,83,1682,403,1325,2185,289,996,58,1928,866,664
5182,20,893,217,88,33,303,1835,28,369,41,439,33,336,550,92,274,12,323,161,173
5183,377,3245,713,128,375,603,7354,69,683,8,1392,352,1094,1390,267,1022,14,1207,1046,368
5184,298,2461,342,194,159,1098,3146,109,1942,13,1431,494,971,1252,47,787,8,760,860,258
5185,301,3851,371,94,248,1070,7869,178,2527,103,1661,548,1469,1366,383,2055,7,1876,1251,102
5186,124,614,56,75,25,239,1135,12,248,1,299,41,243,444,12,278,5,335,264,114
5187,889,7469,1779,307,612,2108,17844,415,1512,104,3161,1370,2925,3488,598,4485,12,3041,1833,1122
5188,101,1181,169,35,22,272,2059,9,354,16,420,85,429,710,107,392,16,413,187,134
5189,249,2233,473,136,81,669,3721,8,1001,65,802,1,871,1155,48,1263,10,898,514,246
5190,360,5237,844,270,125,1888,9609,101,1564,183,1468,532,1616,2334,382,2850,51,1977,1339,430
5191,1845,16905,3545,986,955,5816,32546,234,8750,534,7178,3709,6520,8717,1536,8322,112,8469,4623,2651
5192,209,1586,488,46,176,899,5038,67,875,36,833,366,1136,1521,63,1120,43,1066,684,184
5193,400,3368,468,187,128,1181,6299,17,828,124,1536,97,1010,1504,158,1357,39,1251,777,161
5194,223,2067,426,143,138,645,4228,37,1614,50,1140,483,519,1051,198,843,31,473,1006,193
5195,161,2019,384,148,62,175,2067,0,751,8,1112,167,818,1249,133,952,21,1072,473,141
5196,77,673,169,55,62,165,1657,3,254,17,253,54,372,436,52,396,0,328,159,77
5197,61,877,171,53,63,432,2232,20,390,25,480,69,365,313,74,544,62,572,387,162
5198,70,643,50,64,34,291,976,26,494,12,408,92,288,351,68,468,13,303,89,167
5199,350,1941,834,193,284,844,4139,77,2156,50,1479,1161,988,1546,172,1611,25,979,1059,217
5200,332,1152,219,109,111,743,2962,22,1192,84,956,360,929,1269,74,1125,22,992,468,259
5201,108,2857,484,249,75,615,2797,83,1573,24,1040,276,953,1280,83,1341,194,1409,641,464
5202,218,1968,527,234,89,1072,6235,15,1218,48,1406,32,1413,2091,250,1339,59,1138,982,392
5203,361,4617,1085,55,335,1331,5359,131,1595,36,1473,789,1502,2588,195,2509,79,1394,1482,371
5204,217,950,253,92,101,535,2790,15,500,14,862,110,269,1080,74,928,45,710,1452,583
5205,235,1336,399,145,121,920,5636,42,1017,30,1159,275,934,1643,21,1358,50,1002,519,372
5206,311,5488,556,243,201,1459,11110,299,1578,70,1835,339,1898,2600,445,2487,18,1179,1826,351
5207,268,2172,336,205,81,1001,5627,18,1045,83,1382,276,1071,1157,147,1433,76,1258,752,508
5208,452,3057,359,148,225,959,5868,59,255,48,1152,357,1109,1468,312,1178,103,969,1432,482
5209,141,766,340,72,1,256,1740,38,710,20,424,456,402,695,32,530,5,679,422,186
5210,112,1469,188,70,95,425,1371,4,352,8,263,128,415,428,35,602,42,732,331,158
5211,316,6374,31,298,429,1496,8165,228,1137,16,1910,137,1701,2707,369,2569,82,2224,1602,718
5212,341,1184,662,50,220,949,5600,58,786,85,820,335,1088,1287,179,1144,62,1603,784,336
5213,718,5265,805,282,563,1453,12212,165,4029,105,2326,1337,1996,2900,254,2392,11,2182,1248,340
5214,80,756,150,83,45,367,1093,3,343,20,370,39,134,206,24,288,3,327,241,133
5215,104,951,78,124,9,427,1955,20,524,12,624,94,400,570,57,525,5,450,264,163
5216,547,6215,733,462,257,1400,12221,217,3652,173,2103,940,2266,2803,544,3128,28,1905,1477,701
5217,93,2472,319,81,229,821,4984,14,858,13,962,3,968,1428,11,1153,27,1175,561,169
5218,1040,3724,514,166,473,1847,12728,459,2169,142,1557,982,1905,2997,700,3021,13,2454,1111,458
5219,459,3105,694,108,358,951,3979,29,609,0,1276,416,552,1042,39,1522,11,714,670,450
5220,286,1967,798,90,120,532,6887,114,2077,38,1218,159,902,1452,213,651,18,1398,1035,457
5221,292,1089,125,74,103,500,3260,23,1230,16,681,150,724,988,39,927,23,661,455,375
5222,234,3706,563,116,0,449,5469,27,565,62,1494,347,1217,1514,128,1586,3,1075,642,377
5223,335,2916,806,260,48,1025,7728,47,791,28,1362,704,1004,1860,148,1045,19,1408,841,219
5224,284,1126,373,98,52,339,5266,200,818,41,1030,128,782,1052,279,1027,8,995,410,291
5225,378,5116,1439,369,230,1608,9493,108,3381,162,1891,933,1888,2105,182,2323,16,2834,1322,543
5226,335,2580,623,122,61,884,5895,47,1133,77,1396,383,922,1459,194,1323,20,1198,863,442
5227,129,375,346,105,15,337,2198,32,734,12,532,229,295,654,93,394,22,401,205,139
5228,472,2415,1240,260,155,1929,8771,243,2187,79,1190,501,1825,2729,561,2786,81,2124,1235,737
5229,170,1625,287,116,45,535,3589,44,1256,38,496,357,511,868,127,658,8,781,603,201
5230,310,4320,361,289,158,1264,8015,60,1685,117,1589,171,899,2057,102,991,65,1755,1024,421
5231,324,1896,1003,149,208,983,8687,213,2390,14,1571,565,650,1142,492,1765,14,1596,612,316
5232,389,4056,1199,270,15,1102,12351,112,1791,38,1826,566,1584,1892,401,1346,13,2111,1518,330
5233,531,2375,1193,137,0,1207,11215,338,1254,41,1562,529,1463,2632,358,2796,8,2295,1523,517
5234,785,8381,1346,384,237,2958,12455,177,2636,167,3499,529,3083,3204,795,4473,52,3839,2112,1125
5235,126,1448,383,139,146,426,2426,0,850,0,858,206,366,946,100,413,12,863,479,78
5236,539,5540,696,228,195,1512,12032,278,1744,86,1731,545,1750,2406,492,2503,18,1353,1809,760
5237,33,675,112,81,20,301,1408,15,310,12,361,57,319,398,31,199,7,351,77,94
5238,539,3063,831,185,84,1509,7664,65,1813,193,1813,250,1464,1638,334,1784,102,1783,969,431
5239,366,3456,528,202,159,1083,5930,32,1861,3,1615,828,1164,1697,183,1763,42,1328,910,412
5240,807,7171,1029,333,842,2049,13880,292,2398,169,2812,1283,2159,3685,488,3308,59,2939,1929,801
5241,185,1476,304,251,140,672,3920,17,1708,31,1133,441,870,1643,49,906,26,935,614,289
5242,327,2208,659,93,193,848,5372,69,967,24,1183,820,880,1603,165,1307,13,1062,562,275
5243,651,6145,1562,327,573,2101,12969,547,3730,21,1331,1843,1793,3125,228,3154,13,2189,1954,613
5244,498,3450,897,195,21,1091,8705,411,2511,91,1811,582,1491,2284,189,2114,8,1649,1502,487
5245,326,4641,819,197,328,1363,6463,251,3226,55,1617,688,1330,2032,331,1995,20,1756,1080,443
5246,634,3774,619,116,247,1061,8228,219,1496,10,575,493,1259,1712,352,1961,29,1473,1408,397
5247,298,3296,678,100,100,1423,7976,113,878,83,1767,404,1360,1659,33,1470,48,1724,1058,612
5248,212,1435,544,90,133,561,4401,24,1513,49,1078,437,891,1025,263,622,31,929,689,298
5249,457,4402,1039,134,23,1327,10062,268,1295,143,1967,824,1330,1809,318,2439,89,1981,1289,558
5250,883,7879,1824,350,719,1843,15137,356,3793,90,3382,1455,2301,4068,673,4099,42,3075,1411,594
5251,262,2930,585,153,0,919,195,49,1009,12,839,213,932,612,68,1285,23,535,510,385
5252,348,2926,1015,256,90,960,4453,68,1489,79,1418,424,1731,2369,148,2217,32,2668,1257,249
5253,254,1666,244,163,39,626,3580,143,1340,78,566,215,503,1095,59,1049,7,344,608,162
5254,75,1785,282,146,122,427,4381,87,1379,13,780,415,758,840,104,871,18,906,448,126
5255,556,3581,819,283,381,1238,6350,153,2214,79,1698,581,1357,1726,261,2146,20,1395,809,480
5256,181,1863,565,67,107,654,3241,115,518,2,481,195,611,1055,193,855,5,763,388,116
5257,558,5702,931,455,427,1768,10856,83,2524,85,1849,1136,2767,2864,520,2887,69,2823,1039,1074
5258,121,355,224,146,19,636,1803,4,389,34,574,67,341,802,67,549,33,509,602,157
5259,395,4284,909,307,263,1195,6683,142,3404,44,1144,396,1199,1745,338,1325,36,1753,1213,132
5260,551,3555,993,193,94,1277,8978,41,1109,114,988,434,1594,1644,367,1670,59,1458,1057,384
5261,432,2189,789,269,194,1094,4860,67,1251,21,1646,730,1441,2006,138,2226,15,1214,1101,257
5262,698,6786,1421,530,358,1344,16067,314,5328,202,3058,1673,3119,4336,893,3124,59,3207,1147,1270
5263,256,4646,906,295,591,1425,5338,327,3245,56,1788,1110,1711,1642,524,2766,0,2449,1014,617
5264,175,1641,385,71,114,401,4964,22,1389,6,766,632,663,811,131,966,2,756,343,46
5265,139,953,140,147,90,454,1799,14,917,20,662,252,355,473,6,560,21,477,153,86
5266,151,629,179,98,38,410,1555,8,446,34,543,57,424,633,40,325,38,538,233,104
5267,523,2168,738,307,113,1383,7977,36,1623,168,1416,383,1932,1816,320,1625,174,1885,1270,538
5268,81,1857,415,155,73,703,3919,114,374,25,763,249,668,609,49,961,18,764,533,205
5269,599,5225,1481,442,497,717,12443,87,3163,191,1778,1440,2079,1416,427,2197,28,1711,1272,988
5270,539,5009,571,192,314,835,8714,60,1494,81,1674,243,1368,2046,618,2253,20,1799,947,454
5271,45,657,136,51,48,185,989,10,256,18,263,61,268,400,50,306,12,369,238,132
5272,1131,10010,1715,478,969,3075,26393,410,6454,316,4958,1806,4503,5142,1031,4228,92,5392,2593,1399
5273,72,997,153,61,88,188,1349,1,733,18,652,64,195,744,86,406,4,359,362,59
5274,562,6378,1502,348,492,1531,15631,322,3464,151,1906,1073,1974,3305,486,2966,31,2050,1315,759
5275,176,2788,760,146,309,1142,5791,340,1081,40,1216,558,784,1339,131,1566,6,118,283,185
5276,162,1089,242,79,32,423,2518,12,445,26,506,68,388,156,169,648,3,422,148,156
5277,540,3892,956,224,232,906,9957,109,1370,53,1661,518,1661,2468,173,1914,12,1570,1204,442
5278,305,2675,622,223,76,833,6927,140,1178,24,903,297,988,1558,231,1412,52,1326,1055,220
5279,114,2082,203,76,202,723,3138,65,1023,38,675,147,691,873,105,917,27,1008,376,147
5280,263,2535,351,152,38,464,5138,13,732,67,1349,267,863,1511,98,870,27,787,666,231
5281,213,1602,579,94,90,652,4265,97,959,49,815,268,848,887,183,1032,24,904,568,278
5282,153,930,342,74,53,471,2719,65,443,46,750,73,410,1186,43,568,7,646,336,73
5283,78,624,156,42,0,301,2448,5,257,2,309,32,449,698,42,315,18,449,296,157
5284,408,4233,890,197,415,1003,9315,372,2786,12,1727,988,759,1915,381,2063,13,1886,1587,545
5285,345,4724,982,249,372,1351,9184,80,3096,76,1724,251,1785,2555,200,2055,57,2192,1081,360
5286,347,3120,1294,180,5,887,7141,180,1485,78,1418,784,866,1037,109,2380,26,2220,1245,515
5287,516,4991,772,318,114,1098,10434,115,2124,90,2010,593,2049,1969,521,2304,44,1518,1374,868
5288,440,4097,1547,121,582,1401,10916,371,3024,53,1784,982,1051,1717,590,1771,12,1647,1227,206
5289,113,904,188,57,56,229,1990,90,387,8,298,170,161,186,105,423,4,430,200,81
5290,135,1126,108,85,96,395,1514,3,747,36,339,184,443,677,53,457,21,490,366,140
5291,402,3256,785,292,144,1232,5150,55,2026,55,1795,235,1651,2275,129,1757,113,1796,289,556
5292,295,2156,643,47,144,740,4498,82,1017,57,1434,591,658,1351,176,1257,28,608,869,431
5293,539,7997,1453,347,414,2203,15433,55,2511,65,2679,524,2774,3837,1106,3803,66,1245,1743,906
5294,90,1740,392,82,92,402,4233,215,349,46,666,372,655,1103,118,747,22,661,501,184
5295,409,2801,653,254,184,1233,7874,25,1446,69,1184,427,1660,2474,532,988,62,1309,1077,175
5296,219,2543,655,264,240,879,4288,20,1702,0,991,393,1009,902,100,1195,149,1332,256,371
5297,122,893,272,47,100,159,1809,30,287,6,280,104,246,728,80,356,0,182,178,52
5298,488,6133,1307,380,153,1962,11062,586,2156,72,2086,640,1825,2334,393,3245,28,2371,1221,729
5299,453,3438,815,336,223,1013,8202,97,13,100,1525,651,513,1254,172,1044,33,1867,1096,618
5300,342,2734,430,164,241,618,6355,137,2022,0,1120,733,1223,1701,339,1448,13,1431,623,389
5301,353,1715,154,131,289,804,7280,15,1492,48,1540,395,1185,1901,56,1521,43,1462,1431,470
5302,881,6096,879,199,669,1615,13560,264,5139,115,2674,1817,2101,3493,571,1655,40,3147,2146,964
5303,207,1429,189,109,1,544,2971,46,453,12,627,74,823,815,0,556,33,591,495,138
5304,101,385,59,25,89,225,1591,21,624,3,347,210,207,356,58,374,5,352,182,93
5305,317,3025,717,167,233,998,7185,341,1848,4,1212,353,1074,1544,30,1420,11,996,983,379
5306,257,1752,203,122,51,164,930,10,593,21,799,104,699,732,135,906,36,538,511,312
5307,248,2488,413,212,77,813,4867,28,905,38,807,742,963,1617,199,1334,50,908,604,523
5308,232,2076,295,179,85,865,3730,48,848,60,718,329,1135,1519,130,471,59,1357,1206,355
5309,240,2690,639,134,0,898,6432,60,988,45,1744,147,1208,1794,108,1006,49,1515,1285,382
5310,206,526,517,67,118,493,3850,88,1174,17,519,317,541,1008,50,561,11,682,412,157
5311,409,7013,1708,255,1101,2108,15711,197,5239,86,2779,1799,2750,3129,760,2450,31,3930,1132,425
5312,90,2121,521,188,181,865,3301,64,1593,71,1226,426,982,1197,73,1079,55,902,907,224
5313,654,3826,1248,357,702,2251,11893,318,1910,75,2533,878,2042,1591,560,3560,34,2582,1426,750
5314,532,2996,1116,292,399,1209,9266,90,1706,0,932,504,1584,1990,374,2416,46,2059,870,738
5315,475,4530,973,295,341,1785,9500,135,1433,88,1593,571,1788,2577,338,2429,53,1767,1251,717
5316,210,1497,266,107,94,576,3923,83,1488,20,709,463,696,845,112,1002,10,1066,588,155
5317,540,5253,975,215,626,1567,10126,116,2837,82,1981,1002,1663,2949,266,1802,59,2038,1779,724
5318,73,975,138,54,43,265,1340,9,746,14,420,135,325,613,61,412,7,308,209,68
5319,222,1064,699,175,147,969,7046,241,2352,45,1130,571,1062,1878,363,1659,85,1265,1237,361
5320,167,641,66,78,52,379,1008,0,255,13,227,18,228,580,22,327,18,324,228,111
5321,548,5605,1231,242,438,1457,10256,265,2883,102,1887,1003,1659,2317,607,2769,13,2175,1119,712
5322,221,4284,641,173,4,1032,7158,19,1124,82,1574,267,1310,1606,353,2144,33,1609,1155,497
5323,371,2934,903,255,153,1438,140,181,1183,48,2165,558,1430,1643,285,2002,8,1708,1159,507
5324,481,5005,1238,329,149,2693,16432,98,1460,162,1657,571,1673,4540,715,3629,128,3587,1760,1095
5325,163,780,274,54,28,531,1901,11,172,36,619,141,497,856,55,798,29,405,444,178
5326,419,3008,622,280,95,1069,6044,54,1774,52,1206,805,966,1671,146,1137,37,1315,1145,374
5327,487,4784,884,318,156,2098,7058,34,2449,35,2015,684,1474,3172,205,1435,103,1518,1126,538
5328,675,2443,717,225,620,1174,7726,90,1607,13,582,728,1388,2173,112,2065,97,1273,1161,445
5329,339,3630,496,121,77,676,7417,22,1107,106,883,335,1040,1431,113,1641,3,778,496,250
5330,77,713,98,93,29,224,963,7,88,7,348,62,282,467,35,311,3,413,339,40
5331,123,851,147,63,39,500,734,1,598,50,565,122,403,708,61,335,7,409,354,119
5332,63,496,227,20,40,144,1671,54,291,2,236,91,172,274,18,287,0,195,174,35
5333,248,2564,455,129,265,669,3045,119,2410,76,1236,353,796,1636,304,1711,42,854,591,368
5334,493,3375,739,145,408,1011,8011,263,1999,51,1304,873,1281,1917,75,1722,46,1489,467,295
5335,202,2184,557,139,6,412,5649,47,741,77,590,198,832,1515,116,1318,15,803,744,265
5336,504,4959,761,201,438,1480,7321,82,1874,150,1800,956,1399,2231,361,2058,19,2433,698,631
5337,280,547,352,86,187,260,1822,148,1271,5,375,398,358,1008,116,1030,0,751,520,182
5338,181,1259,117,73,76,214,3194,15,1036,3,796,180,413,631,80,564,16,710,306,179
5339,150,2083,459,155,221,684,2779,115,1240,49,831,188,504,758,171,1074,93,365,551,211
5340,320,3622,646,98,306,945,6782,33,2381,0,1186,564,1137,1340,248,1383,0,802,673,435
5341,162,1509,266,197,131,561,2812,3,935,69,522,322,735,787,14,769,86,694,483,332
5342,267,3854,1123,118,333,1119,7465,41,3019,76,1818,989,922,1855,128,2507,14,874,868,337
5343,137,2973,634,61,96,586,6088,177,637,41,1204,82,1042,1074,144,1348,24,1251,748,195
5344,360,1260,542,104,222,770,6175,62,1150,68,1452,489,1000,1834,220,1432,35,1192,1041,380
5345,951,7772,1165,488,621,2341,17109,85,6761,299,3387,2294,2554,4642,846,4777,135,3714,1450,1387
5346,150,1021,242,32,126,479,1874,2,1254,12,601,208,513,782,172,589,9,570,223,260
5347,252,1198,215,230,111,582,1745,5,1305,33,895,106,277,1230,41,710,17,598,244,204
5348,130,1182,387,131,45,693,3402,3,1324,41,958,138,539,1294,43,917,33,753,472,228
5349,149,1307,235,41,84,236,2460,131,845,32,443,162,419,597,98,653,0,463,167,140
5350,248,3190,745,107,216,931,6218,243,2208,98,1466,866,1332,1737,425,1941,10,1562,1022,330
5351,251,2568,670,242,5,918,5506,25,1311,75,1381,311,1036,1934,206,1441,39,1105,715,413
5352,203,1152,417,111,170,441,5274,124,1551,58,958,680,655,1784,203,1130,17,1170,752,189
5353,19,1074,318,72,80,181,1166,15,30,28,413,81,456,465,69,541,14,492,182,102
5354,147,1514,118,14,33,492,2305,3,1158,68,605,367,563,649,50,465,62,864,519,138
5355,290,2083,344,155,163,711,3210,22,1273,21,854,298,737,1444,59,512,131,990,450,254
5356,323,2668,422,273,107,525,6275,77,2410,110,893,912,826,1358,497,1364,58,1626,822,391
5357,140,2439,770,213,94,1228,5980,184,1449,46,952,295,1287,2039,345,1115,47,1218,989,323
5358,421,2734,380,135,118,923,5178,166,493,17,1183,1,921,1636,215,793,71,772,685,191
5359,367,3919,771,172,332,907,5751,162,1890,49,1089,613,1541,1547,160,1492,24,1301,947,469
5360,379,2476,634,106,145,524,4628,155,884,35,1099,349,558,1312,182,1244,19,938,843,361
5361,178,1433,363,135,6,823,2802,89,1005,16,321,497,615,930,31,653,52,581,172,67
5362,367,3245,658,242,198,979,7125,94,1402,16,926,498,1034,1450,383,1669,30,1334,663,327
5363,832,3037,932,98,163,1101,13798,542,3710,104,1968,1480,2193,2714,126,2918,27,1474,1169,588
5364,197,1382,455,78,56,181,1602,16,424,17,568,47,383,673,43,714,5,470,532,159
5365,429,3350,697,253,368,1329,9543,324,1210,42,1600,514,1270,1519,75,1668,12,1160,905,84
5366,638,5463,1835,414,268,1855,12839,312,2090,16,2653,391,2433,3319,410,3042,43,3029,1394,829
5367,166,1088,258,72,0,518,3504,68,1180,0,801,293,531,583,167,1016,0,443,497,200
5368,158,1688,287,154,86,706,4286,35,1557,25,1036,156,714,1253,0,779,31,790,514,266
5369,268,4078,1122,236,233,1524,10660,472,1619,119,1974,302,1854,2202,284,2069,59,1659,1169,460
5370,615,5660,605,212,318,940,11543,180,2590,132,2286,520,2432,2421,716,2965,11,1281,1054,814
5371,222,2219,162,102,121,660,5203,223,1003,18,670,440,998,1045,153,1236,0,910,720,208
5372,617,6149,1005,438,273,1783,9535,278,3584,38,2146,776,2127,2990,619,3361,114,2642,1764,887
5373,408,2177,886,259,188,1108,10753,247,568,5,1665,458,1489,1567,476,2257,8,2105,1045,563
5374,95,790,131,81,0,281,1451,15,346,5,321,104,185,575,112,369,13,420,239,145
5375,423,3079,626,205,348,1312,7585,344,1757,37,1763,297,1459,2097,176,1853,7,1550,1150,465
5376,108,1042,68,29,53,372,2193,69,491,3,341,170,316,475,105,370,0,404,286,89
5377,533,3961,655,387,341,1203,10678,141,2264,5,2735,835,1931,2755,815,2764,44,1544,1372,728
5378,93,742,155,36,7,295,1016,1,374,7,422,94,365,515,22,374,4,294,10,132
5379,349,3343,469,251,194,1048,6937,97,1324,91,1001,32,971,1771,233,1556,31,1390,925,335
5380,223,1571,514,128,31,890,1664,148,2076,52,725,366,1044,1609,269,1300,45,1263,440,218
5381,236,2118,542,98,97,971,4623,35,691,81,927,65,1054,1102,193,716,62,838,609,228
5382,68,953,226,117,4,360,1880,18,302,60,756,145,582,835,67,244,90,633,299,253
5383,115,803,57,60,76,316,1293,5,726,3,633,157,437,503,49,336,10,392,435,162
5384,313,3753,1000,87,2,928,6359,48,240,46,1308,1032,1188,2190,185,2366,7,1620,451,173
5385,283,3525,619,231,294,1654,6020,27,1244,78,1419,64,1722,1915,272,2166,44,2095,1436,354
5386,256,2695,784,107,71,762,5658,6,1619,30,939,428,1139,1234,173,1073,15,1031,612,262
5387,255,3087,732,192,128,796,4492,19,1882,49,1494,565,814,1313,157,1663,59,995,708,389
5388,476,5152,911,334,208,1465,10767,319,1802,52,1774,772,1393,2244,242,2137,45,2169,2062,243
5389,385,3309,613,291,140,1226,4937,17,1886,76,1259,551,1143,1727,165,1610,72,1560,932,382
5390,264,2371,98,169,155,1060,4607,74,1239,100,1018,534,1660,1781,242,1477,48,2113,810,347
5391,68,715,181,47,18,298,1976,32,266,15,460,47,258,407,81,410,0,237,281,70
5392,159,1501,189,101,166,203,2291,36,966,44,647,147,454,866,55,523,57,538,248,150
5393,412,3610,639,189,239,1185,6338,54,2215,4,1521,1068,1128,1646,224,1634,15,977,1394,397
5394,266,3789,411,254,182,1721,8852,177,1433,191,1452,456,1356,2289,113,2067,37,2138,1164,710
5395,563,4847,1123,302,506,1283,11088,42,3052,1,2127,1914,1322,2610,234,2555,17,3144,1039,543
5396,584,3836,1372,323,198,1293,10846,495,2744,52,2122,970,1985,2657,471,2329,20,2027,1136,451
5397,320,4250,714,230,282,1633,7173,71,609,216,1745,536,1511,2114,262,2060,48,2031,1268,576
5398,155,1365,295,116,82,528,2948,50,445,23,557,170,757,872,122,632,21,534,466,192
5399,206,3702,779,186,147,1215,7460,196,1450,67,1334,263,1101,1901,202,1512,43,1822,1111,375
5400,431,1807,745,288,218,1471,7504,68,1234,76,1672,77,1313,1949,139,2086,72,2033,1313,460
5401,373,1333,472,99,284,1278,8449,215,1846,24,1483,690,620,1618,196,1775,30,1838,1279,217
5402,190,2942,234,258,86,782,5160,40,1269,89,1295,135,1038,1577,89,1176,56,1336,834,292
5403,119,1323,336,68,106,482,3178,83,775,29,641,300,655,851,74,699,12,597,426,115
5404,227,1336,227,44,45,264,2989,54,278,27,236,301,395,565,204,535,10,336,282,120
5405,143,1697,484,80,145,558,3760,68,1275,26,703,165,675,581,84,512,0,845,446,256
5406,653,3789,6,167,543,1113,6424,88,1482,50,1151,222,1254,2101,335,817,24,747,1035,558
5407,195,2339,630,128,104,854,3995,113,888,30,941,192,436,1282,221,600,13,1002,655,273
5408,481,5914,1436,228,240,1619,10192,509,1982,79,1287,822,2060,2056,669,2329,42,2955,988,278
5409,218,2477,300,134,45,813,3620,69,818,40,1236,265,1060,782,205,536,42,1402,623,349
5410,141,1655,524,96,197,351,2752,597,1577,8,587,118,784,899,216,847,2,237,368,153
5411,513,5426,1262,393,96,1541,10096,112,3252,92,2157,465,2006,3689,357,2305,41,2163,992,572
5412,312,4527,737,279,311,1108,9405,257,2528,5,1879,1321,1174,2628,549,1919,25,1758,833,504
5413,362,5806,819,201,180,409,9041,178,1723,164,1414,27,1849,2215,410,2230,79,1458,334,427
5414,525,4712,941,280,128,794,8308,32,2780,78,1891,633,1434,2206,342,2524,88,2021,1071,552
5415,314,1844,551,109,84,621,3712,198,1347,9,864,307,939,1304,231,1056,23,885,531,266
5416,431,3630,581,273,4,1302,8206,34,2626,72,1092,1290,1239,2104,198,2039,32,1974,1234,172
5417,472,3240,925,222,232,813,3946,255,1844,48,1325,677,616,1992,227,1480,20,1621,1482,223
5418,90,1038,84,61,81,356,876,2,294,24,280,107,346,438,8,393,19,373,248,83
5419,967,9096,2292,508,73,2402,19698,0,3160,243,2805,1427,3748,3844,546,4286,23,4356,2688,563
5420,808,3435,1018,244,187,2181,12614,31,1073,105,2592,528,2369,3289,125,2581,13,2438,1900,776
5421,762,6352,1432,381,255,2154,7485,246,1858,274,1839,83,1679,2484,538,2504,24,2244,1429,970
5422,24,540,117,93,54,82,985,0,346,25,255,97,229,712,10,276,13,212,290,69
5423,52,650,175,59,44,344,1618,0,311,10,289,25,476,828,84,334,2,425,324,155
5424,132,2114,303,199,222,704,2726,30,1464,8,343,413,784,920,250,849,29,830,670,310
5425,543,6871,1326,213,321,1572,12980,198,2045,113,2115,35,1383,2734,425,2617,17,2777,1826,745
5426,256,2513,521,123,226,962,5280,72,2173,108,1147,779,1167,1643,58,810,24,1085,614,261
5427,71,766,113,55,35,355,1210,0,489,29,625,154,356,493,35,229,47,339,305,171
5428,437,2262,435,182,88,454,5633,51,1474,0,1615,883,1234,1614,108,969,26,882,1058,307
5429,246,4846,381,373,340,1720,9433,150,1712,108,2125,535,1787,1688,497,1898,36,2129,1320,836
5430,480,2490,662,276,471,1625,6432,97,1151,86,1206,721,1511,2157,365,1203,36,1747,802,325
5431,51,1841,238,156,183,605,3409,57,784,19,690,207,613,942,80,7,21,381,519,52
5432,313,1456,620,162,85,673,4579,19,893,33,1053,129,984,1651,330,663,32,1129,716,366
5433,551,3910,890,295,211,1126,9534,172,1725,61,1788,444,1501,2229,196,2053,44,1676,1305,334
5434,315,1905,355,163,395,756,4345,31,1566,62,1409,584,1169,1226,241,985,51,449,673,210
5435,414,7534,1224,399,2,2010,13963,58,2737,144,3384,876,2411,3598,842,3253,126,3399,1559,830
5436,12,1243,370,26,62,17,2683,21,750,32,649,103,621,757,80,486,39,541,822,69
5437,261,2027,926,159,262,1315,7648,32,1917,83,1100,968,1230,1681,236,1859,27,753,1123,284
5438,511,3690,682,405,148,1788,7698,53,2752,28,2766,976,2265,3012,204,1874,56,2155,1395,748
5439,294,2105,242,171,122,1370,4784,38,1014,134,1172,217,922,1134,76,1617,56,1307,827,517
5440,122,1094,150,44,23,334,1565,5,302,7,360,87,383,495,19,582,57,448,389,119
5441,615,6531,1870,293,639,1088,15528,416,1759,76,3174,512,2651,3366,514,4240,37,2858,662,684
5442,193,2166,611,104,14,744,5771,13,808,8,1084,157,772,1508,132,1263,33,1176,737,237
5443,132,1694,262,163,0,493,2880,8,461,0,764,67,666,860,71,703,13,547,427,141
5444,761,8485,1107,365,705,2134,17534,405,3706,2,2869,1302,2677,3566,341,4376,45,4074,1127,1115
5445,337,4074,1276,21,170,1041,10197,60,1658,49,1934,682,1079,2230,305,2669,6,1857,1201,477
5446,143,946,192,33,55,374,1977,4,332,20,605,132,551,740,55,401,26,488,257,144
5447,613,8926,1235,52,1,1509,14740,223,2579,27,3086,765,2877,3276,657,3889,24,3500,1168,1252
5448,217,2464,527,52,285,685,4473,96,1947,27,1124,577,847,1217,314,1280,31,1291,517,150
5449,529,5506,1259,421,161,1565,13832,167,2750,146,2842,1014,2426,3591,555,2642,19,3445,1721,845
5450,425,2233,405,91,123,922,6007,28,963,30,1143,380,1026,1591,280,1522,42,1528,1278,495
5451,389,4752,639,339,107,1620,9063,51,1633,55,1420,751,1602,1863,421,1985,53,2036,1428,625
5452,663,4646,799,233,230,1336,12044,407,3920,120,1758,1181,1342,2049,284,2997,42,2317,541,291
5453,218,919,112,107,94,376,1428,1,423,10,962,111,481,113,54,534,1,469,187,149
5454,270,2611,399,168,36,891,4020,24,1606,49,1583,565,783,1922,189,1179,78,1530,1262,425
5455,527,3914,1019,192,113,1346,9522,75,1081,88,1319,232,1719,1957,329,1733,15,1611,852,382
5456,219,1298,218,21,80,348,1947,7,474,13,437,83,364,920,86,538,38,331,366,201
5457,89,928,138,97,65,329,2051,24,442,17,436,147,302,825,121,518,20,335,217,110
5458,114,1513,279,135,128,772,2970,17,1223,40,629,82,862,905,92,449,47,859,327,260
5459,101,1289,178,94,79,578,1351,4,559,84,789,60,439,943,45,701,31,522,652,247
5460,64,889,102,81,47,214,1088,6,116,13,353,23,330,402,40,309,11,289,263,65
5461,171,1111,100,83,19,304,966,1,287,27,403,98,395,351,49,445,4,472,257,79
5462,294,2927,551,213,155,976,5574,102,2602,24,1535,522,1452,1675,98,824,96,1531,1194,414
5463,385,3191,548,0,330,845,8110,80,1027,29,455,641,825,1825,69,1042,15,1312,301,247
5464,147,1292,340,55,159,280,2420,88,645,21,456,395,529,852,133,701,0,471,227,195
5465,171,1133,138,231,84,321,1289,9,424,26,113,138,317,633,9,365,8,353,570,69
5466,162,316,74,73,63,340,923,0,397,30,361,148,340,483,19,247,17,290,182,140
5467,153,2491,337,142,61,698,5443,135,1797,44,837,888,965,1481,232,1496,35,948,338,163
5468,468,5629,1391,409,370,1472,11447,357,4170,97,1697,1123,1385,2352,604,2649,0,2599,1654,479
5469,315,4703,497,347,447,977,7124,35,3642,95,1719,372,1389,2227,370,2061,111,2599,903,589
5470,93,1188,269,147,59,408,3524,4,682,80,1080,297,419,1023,154,1012,17,952,596,249
5471,165,2429,399,114,0,474,3502,6,2009,107,802,416,921,966,77,482,10,1176,749,204
5472,447,4750,1162,302,246,1222,10829,462,2611,67,1090,721,2058,2538,596,2724,42,1938,1188,427
5473,187,1224,348,91,118,792,2155,26,1062,69,616,481,638,188,37,873,50,1192,689,251
5474,390,4867,1462,313,889,2358,11667,341,4311,106,2605,1245,2225,3478,481,3533,87,2620,1839,859
5475,474,5346,1473,182,587,1257,9360,184,3642,139,2708,1123,2002,2290,455,3505,79,2432,937,747
5476,286,3591,881,196,315,1269,8303,173,2719,33,1190,825,1252,2356,379,2460,28,1989,1057,125
5477,192,3717,726,182,116,858,3030,242,527,31,1429,313,1257,1461,149,1671,99,1428,1228,168
5478,210,4866,556,248,369,904,7832,72,1483,0,1680,135,503,2351,240,1483,13,262,1166,404
5479,265,3610,426,256,540,1208,9095,103,1885,21,997,1056,1477,2383,491,2148,16,992,660,396
5480,686,3043,834,244,298,1149,8364,84,2761,44,2021,1219,1507,1964,211,2596,34,2184,909,401
5481,780,5610,1574,449,977,2286,17533,560,4369,181,3003,1617,3014,3937,698,4166,65,3821,1724,1408
5482,206,1489,194,122,174,485,2946,83,705,57,311,186,646,877,179,798,34,823,555,221
5483,280,1835,232,162,28,477,3663,23,317,21,1005,228,915,1186,48,1261,45,1017,349,334
5484,736,7332,1786,425,306,1806,15120,341,3539,92,2028,530,2734,2206,857,3340,78,3364,2331,707
5485,555,3463,1333,159,94,1470,12222,204,1817,134,1967,419,1437,2072,326,1276,14,1591,617,648
5486,237,3038,325,44,136,1162,4915,54,773,40,738,136,1173,1349,126,1691,48,1425,662,458
5487,86,914,232,53,9,185,2083,24,373,38,398,233,251,392,52,404,28,340,276,108
5488,46,716,239,37,50,305,2147,33,334,13,269,76,254,298,126,540,7,320,238,96
5489,102,1421,132,141,1,387,2258,19,322,29,497,4,586,982,79,560,38,711,406,94
5490,96,566,101,51,41,343,1375,10,610,7,341,131,353,484,12,328,9,234,207,105
5491,56,439,125,115,84,482,1490,8,402,13,581,2,357,547,20,265,23,238,451,166
5492,305,2403,178,237,60,954,5410,103,1162,19,1411,246,1188,1532,91,1236,19,956,1057,181
5493,255,2742,660,180,112,1005,6481,8,1003,74,1344,265,854,1379,310,1345,19,190,520,368
5494,287,1370,190,145,107,444,1607,5,599,58,457,97,523,1193,65,743,26,885,611,198
5495,564,3126,838,189,666,1793,11403,499,3433,74,1640,905,1930,1574,276,2589,11,2417,865,552
5496,32,1470,209,74,39,260,564,1,475,20,323,64,276,486,22,476,63,248,102,84
5497,172,1530,335,63,56,653,3205,14,802,23,769,126,657,687,151,672,16,1329,316,277
5498,458,956,795,130,307,1131,4356,63,2580,125,1848,378,1114,923,288,1974,88,1466,494,340
5499,16,722,40,71,13,213,1636,6,454,9,225,80,304,477,27,186,25,278,179,140
5500,812,7073,1126,358,528,2324,9379,276,1384,148,2322,930,1740,2506,305,3094,51,2816,1987,692
5501,480,4189,1365,320,542,2697,9191,118,2090,62,2665,1029,2248,2749,477,3074,38,2171,774,407
5502,73,921,137,65,29,544,1598,5,316,27,587,116,428,707,30,319,42,467,548,103
5503,496,6682,1309,272,650,1455,12075,289,2252,32,2620,1284,1740,3033,660,3227,53,1463,1810,95
5504,350,3379,555,222,324,1379,5666,67,2482,59,1340,437,416,1289,280,1422,26,1348,872,453
5505,194,2468,411,175,60,750,2218,5,1240,80,914,298,665,963,186,1033,83,621,429,314
5506,152,2256,392,197,198,741,5487,44,1756,19,1135,592,960,1364,154,689,49,1364,616,323
5507,147,1318,591,152,1,1039,4223,25,814,85,1118,305,752,735,145,930,114,1257,1013,334
5508,141,723,158,112,9,315,1615,0,209,15,514,145,294,568,53,348,15,364,302,134
5509,779,7016,1370,349,414,1882,7260,620,1504,153,2388,895,2439,2505,591,3138,20,2408,959,5
5510,305,1341,667,166,0,877,4481,104,1020,134,1341,1,543,1762,308,1047,32,1283,798,313
5511,388,3939,658,224,290,858,10614,202,1487,139,1717,165,1584,2360,232,1196,51,1791,837,481
5512,513,6568,1668,349,441,1654,13298,43,1604,49,2392,1165,1934,1859,521,2872,36,2015,877,824
5513,120,529,310,81,193,130,1570,0,872,29,397,8,438,551,128,506,2,318,113,69
5514,287,1416,412,162,0,218,5143,151,941,64,688,150,790,1352,264,1231,18,931,496,185
5515,31,790,199,52,153,224,1780,28,757,18,341,71,263,440,49,397,8,243,185,126
5516,319,4803,614,291,424,1395,9206,29,1572,75,1803,487,2101,2657,564,2915,11,1998,1704,466
5517,493,2900,422,264,223,1081,5765,228,2254,36,1117,560,1161,1877,165,1309,78,1134,642,196
5518,305,2542,376,234,210,598,4217,11,1563,67,754,575,1091,880,199,969,32,1254,818,352
5519,333,3710,1019,225,337,1000,7865,145,1154,38,1234,517,1246,1409,161,1578,47,1221,1387,391
5520,463,4362,1215,223,283,1097,9324,125,1565,89,1563,629,1702,2133,457,2324,11,1874,718,357
5521,123,2567,1105,202,154,1039,6682,69,1430,34,925,381,1014,1843,184,1982,23,1075,813,204
5522,324,2197,275,88,115,717,2807,4,434,75,868,209,675,1084,10,736,16,705,677,247
5523,300,1590,451,200,1,648,2944,20,299,86,779,165,803,1035,41,698,58,610,464,290
5524,182,1048,99,134,111,330,2313,4,476,13,483,214,616,610,77,829,0,701,387,92
5525,680,2653,596,113,485,1043,11845,375,3853,62,1353,532,1089,2281,352,2427,13,2056,1619,458
5526,193,1855,485,179,123,998,5949,122,948,75,1345,434,1114,1331,341,1722,38,403,1303,300
5527,210,2616,545,226,107,595,5072,33,1057,83,1268,243,867,1716,29,1347,21,994,716,321
5528,782,8570,1654,385,465,2199,14601,533,4547,161,2984,1312,3408,3722,823,2569,70,3935,1305,873
5529,126,1330,238,114,78,293,2394,5,1188,12,805,218,643,955,12,696,25,571,245,177
5530,1006,8357,1158,423,381,2358,14941,166,3432,196,2756,1394,2783,3774,813,2535,89,3944,1216,806
5531,269,1539,716,46,188,630,4115,9,1172,13,578,153,458,847,68,802,21,580,448,177
5532,82,891,82,62,69,316,1266,2,464,14,338,44,213,551,55,271,7,502,258,72
5533,306,1631,510,95,331,528,4524,91,1574,16,615,550,817,987,164,1011,11,630,606,86
5534,488,4739,776,227,222,1434,7430,22,1656,115,1581,427,1404,1976,296,1683,133,2075,1087,486
5535,48,253,107,20,31,238,1419,11,500,5,259,141,210,340,38,342,8,332,119,73
5536,88,1028,163,0,73,287,799,61,519,3,331,327,285,283,8,363,0,188,323,89
5537,118,1531,292,92,38,351,2755,14,577,16,717,113,593,1143,64,679,13,573,576,135
5538,309,1169,393,132,289,528,4500,21,1529,17,1151,369,848,919,124,1207,52,1503,672,392
5539,291,3511,729,178,518,1009,6782,292,2656,60,880,916,1332,1805,125,1776,50,1702,1005,197
5540,517,2564,387,90,26,1021,2511,208,197,58,900,374,1342,1320,351,1076,11,908,1560,270
5541,226,1145,64,60,17,422,1024,5,507,43,477,76,518,764,77,336,49,456,535,199
5542,385,3418,575,108,5,1138,6420,133,1181,85,1184,230,1394,1722,326,1344,70,1599,785,503
5543,569,6675,1477,381,400,1299,10483,69,3209,141,2496,848,1724,3466,758,2730,84,2965,1964,1031
5544,174,1643,120,147,68,707,2872,27,1138,64,822,225,656,1337,119,973,87,783,633,158
5545,440,4489,736,258,336,899,6593,138,2486,44,1324,435,1329,2713,423,1576,25,1565,1173,470
5546,127,1252,240,76,35,496,861,4,354,28,461,195,553,828,114,538,29,675,607,148
5547,589,7486,1293,369,435,2373,13555,541,2536,194,2506,288,2569,3320,809,3007,28,3353,2161,986
5548,340,3290,281,149,521,1187,9122,294,1239,43,1473,520,1353,1437,287,2390,34,1271,1805,333
5549,117,882,107,68,34,365,1048,8,406,29,300,76,379,608,31,296,34,357,129,105
5550,334,4494,1225,162,2,1235,10026,201,2564,25,1261,497,1541,1119,316,2308,18,1818,1297,379
5551,121,802,140,76,45,425,222,0,257,3,608,72,336,668,8,330,27,581,243,93
5552,305,4581,1403,153,315,1218,8282,154,1826,42,1418,542,823,1182,265,1984,12,1774,1200,340
5553,343,3477,921,42,276,1134,4641,41,1112,10,1537,535,1118,1414,279,1521,13,742,530,240
5554,318,2145,687,177,182,1004,4767,18,15,16,1271,191,1238,1455,97,1052,15,1553,615,626
5555,141,1178,300,128,117,819,1591,0,860,37,499,120,538,889,55,597,39,548,288,191
5556,266,3189,555,189,266,868,5774,47,793,7,882,7,971,1801,244,1295,21,1261,789,306
5557,562,5841,1502,175,652,845,8214,387,3310,69,1910,1243,1191,2196,421,2450,10,887,2131,319
5558,266,2417,575,162,221,781,3979,47,1593,33,1225,813,1125,938,173,925,32,1084,761,137
5559,206,1998,429,47,91,614,2310,56,898,13,911,66,615,1055,73,770,26,381,789,222
5560,189,3771,1263,446,185,1068,6811,64,935,112,2415,242,1531,6719,305,1958,32,1785,920,573
5561,782,3081,1054,257,264,1381,13592,266,2040,51,1874,943,2083,2759,440,2834,40,2896,1918,704
5562,105,1420,126,45,116,561,1704,0,971,8,683,255,435,555,74,556,43,661,355,110
5563,427,2648,525,192,125,863,3783,41,783,43,1004,340,1041,1482,93,1236,28,779,945,382
5564,845,10227,1447,409,1233,2146,15450,208,2642,149,3701,1262,2718,4350,475,3738,136,3292,2552,979
5565,33,680,114,24,14,134,1262,45,456,2,224,210,270,369,90,366,4,215,112,77
5566,270,1858,718,153,64,641,4149,66,938,28,1024,187,743,1058,196,778,28,970,422,224
5567,336,1665,727,258,180,877,7186,236,1572,72,622,676,1351,1848,215,1580,8,1138,746,400
5568,417,2467,247,46,90,1000,5425,43,915,28,1240,214,1135,1219,303,1301,51,1019,631,422
5569,770,3855,375,334,267,1561,14241,290,2580,160,1267,1108,2255,1717,952,3876,66,3407,1896,690
5570,535,5506,1208,325,140,1777,6170,226,2234,73,2018,685,1644,2624,398,2214,46,1480,1578,619
5571,90,1109,344,78,125,482,2307,29,787,26,524,145,436,714,159,532,7,656,273,137
5572,75,1340,346,76,10,475,3133,279,1122,23,660,434,589,857,61,792,1,782,118,268
5573,545,5035,1134,117,400,1736,11869,560,1975,66,1390,460,1749,2395,227,2913,20,2037,1425,332
5574,631,8178,1624,560,331,2714,14543,831,2267,109,2534,921,1975,3762,539,4428,51,4247,2467,1155
5575,483,4527,907,202,210,1286,6453,119,1255,78,1494,335,863,2034,201,1855,118,1714,1129,117
5576,750,6885,1568,325,737,2574,13580,204,4323,128,2767,1685,2438,3242,431,3489,20,2666,2177,979
5577,1682,15610,2327,669,420,2841,28122,604,4902,354,5017,2057,5462,6315,1439,6524,113,5160,3443,2025
5578,361,4294,758,248,0,692,4580,179,829,46,1979,452,1518,1706,413,772,95,2212,1250,644
5579,78,1585,404,135,198,630,1759,24,1283,60,974,438,679,908,80,905,15,753,643,276
5580,467,4459,1295,145,195,407,9903,56,735,23,1588,577,1928,2485,132,2104,39,2523,968,812
5581,695,3899,820,190,522,1128,8301,87,740,11,1207,1195,1702,1956,317,1799,44,1799,815,342
5582,665,4182,1497,427,313,1654,11744,474,1460,104,2234,644,1738,2143,259,2479,51,2681,1443,509
5583,457,5784,348,179,9,1288,8527,254,1235,85,1613,314,2060,1711,452,1481,12,2089,884,352
5584,133,832,51,50,5,300,704,1,546,23,243,108,317,263,26,281,28,322,297,88
5585,103,946,162,62,35,373,1717,8,7,0,443,82,345,492,38,433,32,427,381,156
5586,753,4213,805,285,149,1239,11213,35,1897,135,2004,0,2383,3064,338,2579,84,2741,1369,591
5587,626,6229,1400,352,769,1756,14462,353,5842,89,2820,1401,2225,3258,698,3288,118,3255,1781,906
5588,235,3252,682,196,243,987,5444,217,1457,70,1310,270,1260,2143,226,2008,31,1806,773,420
5589,474,2506,436,128,262,1029,8352,329,1109,67,1300,667,920,2186,191,1838,6,1229,814,286
5590,302,2495,1089,125,194,917,5263,48,1684,7,906,394,784,1329,149,1028,13,1072,674,161
5591,343,4817,552,133,38,1232,9619,142,1545,90,1012,84,1530,3960,48,2047,38,2072,850,455
5592,99,903,115,47,2,389,1322,0,306,24,583,62,358,699,27,431,42,520,231,132
5593,101,987,361,55,78,286,2851,97,497,7,385,129,363,556,59,638,0,388,264,57
5594,57,569,175,59,13,256,1036,2,408,7,261,64,240,513,8,217,0,383,167,53
5595,97,2228,566,57,139,1028,3921,57,1387,101,570,265,1067,1064,224,1084,26,817,466,125
5596,653,4285,1414,295,50,427,10896,394,2111,153,2067,240,2410,3212,418,2619,25,1500,893,17
5597,371,2503,873,105,175,832,7803,81,1385,29,1235,421,1291,2010,162,1518,11,1268,835,369
5598,83,1559,182,88,74,547,1511,6,1387,22,546,318,759,1217,61,705,57,801,451,241
5599,298,2472,451,184,204,829,5241,76,1800,52,839,545,471,963,91,874,38,1023,985,211
5600,113,191,149,90,0,521,1935,9,551,1,396,171,470,537,3,128,27,265,71,90
5601,268,2458,420,41,32,891,3481,45,907,108,1006,348,1234,1207,106,1165,33,1458,608,394
5602,76,705,264,19,60,185,2034,67,340,5,293,136,238,347,28,381,0,248,193,45
5603,148,1776,238,140,74,594,2454,17,540,16,882,87,614,1038,98,731,49,739,500,134
5604,393,2622,281,188,203,889,6442,306,1071,84,1424,379,1042,1665,303,1164,34,1214,916,393
5605,409,5462,1218,319,398,1457,10097,135,3659,80,1760,924,1250,2118,507,1936,31,1852,901,239
5606,606,4825,1012,173,257,1206,6958,320,2001,73,1860,543,1376,2561,298,2613,35,1567,1332,289
5607,480,4244,723,224,124,1528,6544,60,1765,99,1465,409,1587,2485,459,864,77,1653,1473,837
5608,125,904,188,79,16,271,1308,8,237,13,189,72,294,580,26,265,1,416,344,155
5609,78,744,207,24,50,261,1165,76,353,10,302,58,253,343,54,418,9,257,209,57
5610,322,2699,464,209,50,962,3464,72,1159,90,1228,201,1017,1140,198,1565,36,951,870,230
5611,364,3939,1880,160,745,2087,11695,356,4343,220,2382,1842,2633,3513,698,3477,26,2314,1463,962
5612,480,3840,866,401,212,1117,11235,218,3345,16,2040,881,1577,2541,216,2518,5,1940,848,310
5613,343,3442,624,303,108,1626,6261,46,1498,57,2309,521,1610,2702,242,1279,134,2137,1454,606
5614,503,4374,960,205,351,1478,10074,291,3447,72,1703,523,1723,2729,388,2732,28,1708,1478,570
5615,586,6508,912,319,442,1436,13633,549,1781,159,2865,442,2188,3388,309,2963,29,2583,910,540
5616,517,4116,725,195,160,1444,6340,100,1276,86,1578,429,1457,1786,75,1127,52,1736,1231,663
5617,136,1126,321,54,54,278,2955,15,813,28,455,240,483,710,56,514,10,535,202,83
5618,929,2388,1551,241,459,1752,11456,375,3172,172,1696,1148,1644,2858,461,3019,30,2170,1445,200
5619,268,1325,410,153,32,455,1734,10,475,27,700,178,559,941,78,565,18,925,358,230
5620,93,873,250,45,72,258,2319,85,430,15,393,139,372,479,57,517,2,318,224,62
5621,447,3658,969,185,132,1149,4497,193,1213,39,1701,692,1173,1891,359,2024,42,1595,1515,159
5622,235,2362,605,174,194,662,4861,14,1583,6,803,87,423,1364,108,1014,9,1293,369,279
5623,507,5112,1599,213,404,1852,9977,121,3559,78,2065,1036,1503,2657,384,2445,36,1937,1055,458
5624,161,1919,682,126,149,912,7622,25,1073,48,1078,263,1236,1536,166,1418,81,926,1231,376
5625,142,576,133,99,11,173,1526,4,656,28,379,114,298,642,25,609,10,442,347,218
5626,330,1980,484,120,75,853,4120,26,712,7,797,207,984,1086,193,978,25,928,1095,192
5627,295,2160,2,177,154,616,6163,81,107,72,646,250,934,1795,226,1406,46,1615,750,405
5628,201,1619,318,153,155,710,2681,10,962,65,500,189,479,821,87,744,47,606,537,77
5629,521,6626,650,323,613,1195,11133,172,4718,145,2451,1401,1893,3703,472,2957,182,3006,1869,548
5630,347,4069,852,295,432,1139,5858,211,2722,21,1617,659,1866,2268,352,1560,82,1667,1015,703
5631,533,4741,594,321,714,1343,9726,94,3126,68,1913,1095,1642,1121,248,2295,23,1838,1538,270
5632,781,10299,2435,522,762,2021,22075,715,6797,234,3670,2301,3355,4958,710,3606,60,4712,2650,806
5633,31,750,49,96,43,334,760,9,553,7,292,147,328,492,16,315,8,289,194,45
5634,164,1411,264,57,118,356,3250,195,431,38,328,517,480,738,82,779,1,507,202,169
5635,361,3919,379,222,232,1094,5782,450,3648,84,2071,964,1787,2230,330,2421,57,1475,967,534
5636,200,2248,547,130,106,883,4742,296,1751,61,932,358,500,994,339,1202,8,1492,782,287
5637,117,1304,185,171,11,380,1671,1,434,33,718,34,503,739,24,440,11,637,264,52
5638,142,1263,363,73,44,155,3218,16,890,4,409,277,271,524,30,744,7,493,286,174
5639,762,7456,1697,250,486,1701,11766,588,2984,72,2287,1246,1930,2086,440,3589,39,2826,2546,587
5640,248,1806,156,48,57,495,2621,31,720,40,836,158,710,950,68,700,48,567,689,227
5641,97,1505,257,197,129,754,4935,183,955,40,988,242,811,1296,308,915,3,1004,621,236
5642,74,936,192,46,15,392,930,3,426,4,396,25,201,264,15,197,57,289,194,111
5643,154,1684,296,90,2,528,2995,23,503,93,737,82,578,1044,130,722,20,582,636,160
5644,127,3144,750,118,498,1322,7009,38,1454,76,1250,1170,865,1973,207,1633,1,1448,786,375
5645,389,3212,723,138,245,640,3384,66,2677,118,1522,481,895,1571,568,1247,10,1425,388,432
5646,111,1087,351,80,119,367,3163,96,857,9,556,340,568,656,120,602,2,508,334,135
5647,150,967,87,37,68,406,2475,13,818,43,579,198,495,851,25,459,12,585,185,143
5648,432,4485,891,245,115,1170,9231,175,3051,91,1527,761,512,2186,208,1660,76,1321,762,452
5649,187,2503,250,148,191,1037,5808,110,891,17,937,304,622,1303,181,1519,40,1248,825,446
5650,268,4558,1371,261,194,1824,10115,391,1564,183,2120,508,1989,2599,400,3101,87,1948,1273,876
5651,699,1408,1546,260,0,1072,8794,223,1993,50,1830,595,1542,2381,545,2427,40,1812,1706,440
5652,919,11219,2068,786,483,3535,23412,328,6169,275,3203,1932,3278,5253,834,3277,169,4952,3389,1507
5653,611,5159,614,184,683,1697,11289,142,1255,172,898,724,1137,2708,234,1892,1,1516,1164,537
5654,601,6610,878,456,840,2165,6228,388,4415,150,2801,1337,2232,1723,403,3333,59,2087,1213,518
5655,450,2416,1092,212,301,1373,4382,44,1911,169,1275,368,1156,2203,252,2001,50,1670,574,528
5656,473,2191,717,193,253,1493,9869,309,1615,47,1487,744,1235,1211,186,2024,13,1766,1430,461
5657,509,3976,614,237,337,1367,4782,71,3068,72,1414,528,1734,2004,226,2225,12,2186,1023,494
5658,150,1392,399,168,83,289,2469,37,584,29,797,63,560,956,63,781,16,661,601,182
5659,1189,12214,2338,546,670,4526,23261,813,6653,212,4381,2038,4105,6193,1098,6456,63,5755,2422,1510
5660,86,1457,308,91,40,475,3214,102,603,17,728,256,531,856,0,661,3,690,341,163
5661,44,645,74,73,42,278,750,2,470,19,287,126,231,586,19,351,5,342,80,100
5662,131,1066,167,102,81,403,2404,18,1006,15,511,106,463,552,21,130,18,553,158,219
5663,431,6553,1397,314,294,997,13731,595,2352,73,1958,956,1838,1447,279,3341,24,2987,1559,682
5664,169,2608,298,206,82,941,4867,55,247,54,1045,155,720,1564,112,1017,26,979,466,356
5665,407,1872,563,263,304,1230,8014,80,2709,96,1679,667,1563,1817,223,1386,10,1115,1386,395
5666,248,883,211,136,147,581,3995,55,797,58,462,137,574,837,95,1072,34,589,534,193
5667,565,4887,967,219,612,1243,12547,114,1890,51,1381,764,1562,2662,633,2319,28,2003,1568,421
5668,195,2212,351,107,81,627,4276,21,575,78,984,203,443,945,199,1237,5,1117,567,253
5669,230,2862,356,168,13,941,5160,82,1348,21,848,660,915,763,311,822,56,1483,301,484
5670,415,3914,816,196,230,695,7452,135,1640,47,1509,416,1207,1276,162,2057,15,1112,728,285
5671,213,1715,615,105,235,452,3589,95,1162,41,768,387,766,1134,191,1031,3,874,682,314
5672,383,4152,1242,261,817,763,6841,183,3801,82,1218,1231,757,2050,411,2104,19,805,627,584
5673,129,1267,158,88,46,282,1660,8,870,17,510,135,269,672,33,402,13,673,535,156
5674,1026,10052,1781,322,907,2778,10156,71,3478,116,3408,769,2975,2857,926,5667,44,4553,2311,1211
5675,210,2064,617,128,495,799,5961,8,1399,44,1022,702,744,1314,175,1638,28,899,728,177
5676,488,4563,733,434,262,1862,9740,56,3308,77,1877,891,2048,3318,353,2952,55,1244,869,758
5677,627,2419,423,199,418,1151,5696,154,3706,37,1729,836,1186,2649,369,2352,47,1709,1215,556
5678,226,2446,490,135,81,751,4593,22,593,50,1078,282,905,1534,136,1362,33,1101,793,217
5679,351,3032,674,178,145,1475,4381,140,1957,74,954,537,1310,1477,156,1565,65,1400,760,586
5680,236,1721,203,88,99,585,2138,0,1069,48,449,262,589,1340,8,716,40,690,262,224
5681,410,3291,560,211,272,1068,6261,20,2322,40,1383,673,1074,945,105,1407,21,980,910,292
5682,633,4614,1860,102,2,1463,15868,613,1526,75,1423,776,2704,2957,753,3609,0,2133,1659,533
5683,267,4577,756,181,266,1081,8449,26,1347,176,724,359,1403,1861,472,1980,89,1407,1444,319
5684,614,4032,781,371,45,1719,10207,45,1395,53,1279,585,1703,2041,314,2435,31,1790,993,601
5685,104,1215,244,99,9,777,2226,6,516,24,675,38,580,775,13,668,41,412,550,216
5686,403,5996,842,279,176,1468,2443,141,3088,20,1353,797,1687,2315,292,2245,79,2425,1224,481
5687,234,3486,184,281,543,871,5355,163,1563,2,1393,878,1066,1748,81,1543,24,1788,915,218
5688,463,4852,646,209,190,1588,10638,258,3050,58,2173,937,1770,2670,165,2387,19,1378,1293,458
5689,514,1577,609,197,80,865,3089,140,1363,65,913,469,945,1434,225,1202,20,1375,688,283
5690,307,2568,333,182,0,898,5183,24,750,19,780,229,634,1180,326,1242,75,1318,808,350
5691,420,5620,1296,187,658,1886,12206,470,4379,103,1525,1189,2157,2881,577,2756,19,2520,1903,722
5692,536,2689,535,166,150,1189,7801,24,1150,44,1168,105,1366,1363,227,1810,26,1879,935,610
5693,234,2500,301,111,183,774,5244,48,1207,41,1271,194,1128,1542,162,1037,60,1276,950,250
5694,447,4390,482,249,579,875,9283,270,1451,25,993,166,1439,2003,326,1883,3,2088,1557,604
5695,53,1098,177,105,16,472,1853,1,619,41,520,226,524,882,38,502,59,625,433,153
5696,95,542,217,107,71,323,2366,59,659,32,433,211,465,682,41,504,4,456,157,164
5697,87,1543,262,101,78,536,887,1,1004,5,663,260,331,561,78,528,13,619,621,184
5698,363,450,665,180,87,921,7401,33,1237,15,1247,499,1067,2204,45,1676,77,1423,1014,213
5699,470,6224,1434,293,516,2195,13151,223,2759,137,2664,837,2098,3106,700,3173,112,2979,1096,1032
5700,246,1988,300,146,58,634,2731,2,617,32,639,167,929,968,108,833,64,824,569,363
5701,1029,8867,705,132,396,1900,10570,591,2823,88,1301,806,2507,3562,629,3507,2,3297,1900,512
5702,229,2108,535,106,97,740,5774,141,1287,115,1082,249,904,1465,107,1383,24,883,674,244
5703,378,2762,876,155,361,1060,11222,85,3049,15,1995,1407,1979,2364,144,2501,45,2178,1114,514
5704,308,3162,547,284,210,1082,6053,84,2336,45,1447,655,1216,1794,260,1042,54,1274,877,303
5705,88,671,153,94,104,151,1893,57,301,39,235,75,342,304,24,470,1,462,328,138
5706,141,1095,241,42,74,478,1996,5,364,20,590,77,319,691,127,518,41,513,278,126
5707,141,885,291,56,53,136,2393,164,268,3,161,8,379,366,174,383,10,417,211,124
5708,115,1167,307,42,28,243,1470,1,236,13,396,73,272,218,59,637,13,271,263,62
5709,161,2437,388,173,53,800,3189,61,826,26,1241,394,940,1278,163,1298,5,920,343,216
5710,554,2644,1552,331,728,849,12029,306,3765,145,2172,1316,1567,1551,506,1986,41,1121,1412,796
5711,368,3587,898,152,183,1023,7375,349,2267,61,1514,410,1069,1309,221,859,18,1531,1007,501
5712,620,4309,449,273,272,1371,7506,82,1821,120,987,588,1569,2022,349,1974,29,1992,1818,786
5713,518,4236,1021,370,300,1387,10189,16,4419,184,2515,1551,1798,2598,679,1917,0,2121,2065,607
5714,103,619,280,21,55,161,1846,62,332,7,277,140,186,351,21,357,2,244,181,35
5715,262,3425,629,231,259,1296,8767,332,1082,32,1419,524,1051,1761,278,1078,49,1540,1352,180
5716,390,3551,633,185,232,1057,7389,135,1172,117,1593,282,1200,1964,347,1913,96,1648,832,287
5717,559,7783,912,227,881,1775,16913,340,2807,156,1360,933,2686,2541,749,3845,57,3149,1899,506
5718,194,1839,199,93,29,826,1402,10,721,24,482,9,545,1299,107,623,10,434,514,226
5719,380,4788,851,213,334,1418,9391,230,3030,94,1674,1442,1469,2283,644,2597,12,2490,1118,475
5720,751,8206,1179,385,452,2322,15682,361,3328,173,1459,449,2592,4044,710,4120,52,3476,1574,1047
5721,327,5865,1317,380,521,2005,14236,821,3326,121,1978,1894,2194,2814,681,3456,34,3102,1682,508
5722,692,6579,1300,186,752,2332,16466,124,5113,172,3201,1087,2607,2701,471,3283,16,3564,1234,791
5723,155,791,142,101,38,618,1647,0,864,7,584,237,455,812,79,570,20,346,299,222
5724,717,6126,1167,308,487,2244,13394,230,3814,111,2113,1232,1972,3296,562,2887,43,2678,1650,911
5725,510,6184,1254,142,128,1197,4134,190,1958,83,1645,3,1647,2567,287,2743,47,1664,925,541
5726,802,5477,1006,497,449,1633,12441,100,2279,161,2133,518,2278,2842,528,3214,144,3426,1400,886
5727,319,2280,466,103,166,1087,3316,55,1921,38,762,726,837,1365,153,739,20,1262,768,298
5728,450,2162,768,115,7,1096,7683,40,728,93,1001,695,1326,2153,424,2466,1,1806,539,351
5729,213,1561,427,95,101,757,2015,10,578,43,1130,202,840,1319,91,962,84,980,693,446
5730,306,2371,647,122,290,1153,3451,117,681,86,1313,837,1341,1931,338,2002,4,1349,1365,328
5731,219,2956,512,190,185,1150,4347,21,2353,90,701,344,1434,1267,114,1320,17,1416,714,221
5732,525,6962,1253,423,231,2068,12324,301,2292,118,2614,302,2386,2356,391,3675,91,3360,1326,785
5733,264,1356,403,79,160,473,4422,57,236,30,624,215,726,1066,116,1062,0,790,424,146
5734,119,655,115,17,52,338,634,8,780,22,372,87,311,489,33,325,36,303,242,54
5735,99,1026,85,147,19,453,641,0,430,18,422,30,526,573,7,211,30,374,241,109
5736,471,5422,1553,234,289,1530,12722,436,2070,73,2794,1102,1774,3342,534,2930,42,2307,1336,539
5737,249,1977,293,105,39,392,3781,102,646,4,713,348,745,1116,184,969,13,803,764,246
5738,323,6654,1967,349,229,1034,11925,552,1469,78,2354,336,2129,3101,528,2954,18,1858,1910,780
5739,119,534,99,72,46,303,875,1,528,11,363,104,307,414,19,390,12,211,218,117
5740,413,3378,893,205,226,1086,6927,113,2166,39,997,424,849,1857,291,1545,27,1511,1329,292
5741,188,1032,174,47,66,459,1469,2,617,12,580,60,331,634,44,422,18,267,390,155
5742,158,3476,759,177,173,1041,5473,289,1902,135,1357,720,1098,1689,225,1491,64,741,664,350
5743,743,7596,1860,179,476,2184,16426,211,2435,58,1375,1118,1972,4214,366,3976,29,2607,2411,31
5744,186,1985,369,216,143,816,2832,7,1528,53,866,258,712,1116,63,1012,80,1186,384,304
5745,31,1387,248,176,104,826,2061,3,999,13,756,252,454,763,45,815,28,789,614,238
5746,60,566,90,19,25,179,1491,54,281,6,350,88,293,386,47,351,4,357,265,85
5747,263,2415,240,128,82,1055,2072,136,1649,9,993,404,745,1249,66,1234,69,1276,503,599
5748,375,4319,695,202,346,1264,11153,168,3386,113,2011,864,1309,2840,624,2817,32,1663,1498,370
5749,530,2967,718,277,213,1233,8571,94,727,116,1674,388,1597,2022,134,1864,27,1678,1076,599
5750,691,5398,1095,488,136,2555,10004,156,2541,133,2518,731,2551,3275,539,3650,122,2622,1495,1064
5751,457,3535,952,344,46,1163,8075,192,1504,53,692,697,1202,2241,279,1977,24,1644,1304,495
5752,134,2830,536,247,121,1012,6873,127,1003,80,1142,545,1454,1596,208,1699,37,938,1329,534
5753,833,4134,640,152,219,1220,10928,510,1658,76,2294,850,1697,2175,473,3391,64,1780,1027,793
5754,586,5243,448,109,2,1799,9557,92,1291,126,1899,549,1505,2138,155,2069,28,2200,1870,576
5755,732,7385,1757,359,605,1928,8990,652,4509,16,2821,1411,2576,3051,520,3307,27,3545,1767,384
5756,424,3208,909,149,138,935,6547,80,2068,54,1296,571,1041,1278,43,1942,19,1427,1492,462
5757,71,864,262,43,53,454,2248,2,458,32,585,47,402,497,40,528,12,583,393,105
5758,28,1076,233,14,41,111,2339,3,924,18,406,319,287,569,46,309,13,544,291,87
5759,1364,11168,1791,471,474,2997,24236,469,3728,211,4034,1007,1607,4827,1113,5503,50,2706,1389,1330
5760,184,1508,291,174,21,644,2037,19,980,9,692,195,688,950,93,425,50,539,260,193
5761,233,2204,448,33,148,718,4820,153,1674,27,1256,569,879,1393,229,1147,20,1047,594,155
5762,545,3309,942,257,381,1189,9523,164,3236,114,2234,598,1770,2555,489,2050,15,2189,1141,559
5763,42,730,212,61,0,339,917,30,241,23,474,78,391,361,81,476,3,445,283,114
5764,353,3756,793,202,370,1102,11810,204,3045,146,1674,961,1673,2416,463,2208,32,1756,1328,647
5765,530,5194,1096,221,621,926,8400,189,2969,3,1877,488,1377,2966,474,2401,10,1820,1266,272
5766,517,2783,682,102,299,958,4517,66,657,100,1367,251,1005,1862,274,1775,0,1506,1145,181
5767,347,1317,374,160,19,777,3225,2,408,87,931,54,794,1199,62,49,46,432,763,504
5768,208,1805,437,151,200,609,3421,72,1486,11,882,195,1068,1086,225,1019,10,1134,437,207
5769,331,3229,531,149,135,808,5556,14,99,51,752,430,984,942,166,1264,22,1137,977,444
5770,222,2226,424,215,192,761,2333,55,1676,7,968,359,723,939,110,1384,25,720,708,245
5771,493,3588,1197,328,321,1433,11845,147,1556,62,1968,1017,2002,2129,404,2538,46,2273,1381,534
5772,182,1455,299,151,25,627,2991,39,362,43,688,133,832,845,32,773,39,581,444,205
5773,284,2640,610,316,117,1167,5430,29,804,97,1402,220,1030,1762,230,1421,90,1317,1078,350
5774,222,2087,229,163,99,397,3621,4,1299,54,1216,16,991,587,58,796,63,917,726,375
5775,63,607,189,27,44,160,1590,54,260,2,261,74,199,308,39,325,1,223,143,60
5776,294,3664,2,248,136,671,6425,67,848,95,1545,327,1060,1802,193,1470,41,1886,778,331
5777,332,2491,470,147,23,956,4432,17,1979,43,1016,613,1030,1591,134,1231,29,647,692,371
5778,178,3609,851,116,120,927,5613,51,3101,62,2051,682,1270,1886,167,1113,4,1115,1480,321
5779,113,370,152,45,45,235,2091,18,363,18,518,67,387,562,23,554,1,262,137,164
5780,127,2745,390,146,67,638,5334,72,905,12,870,259,784,1364,278,1117,1,540,412,39
5781,205,1890,419,201,106,790,5047,60,748,82,1027,435,1140,1770,337,1276,55,1257,346,453
5782,624,6539,1022,409,264,2057,13989,374,2395,190,2492,1095,2357,3497,304,2998,17,2593,1651,730
5783,931,10160,1562,402,664,2267,23843,909,5439,120,4541,2289,3558,5488,727,5764,24,4141,2575,1188
5784,151,1517,255,100,34,439,3427,26,1136,8,418,129,446,1019,250,888,6,725,686,178
5785,194,1346,214,122,0,368,2744,42,558,31,505,127,623,595,212,611,12,533,220,172
5786,366,3098,856,195,131,971,6977,108,999,72,1333,665,975,1619,382,1538,80,1845,1226,542
5787,837,8296,1164,378,474,2685,12596,191,1528,127,2851,1047,3019,4271,512,3555,101,3722,2147,1039
5788,712,4565,886,323,208,1674,8028,719,1649,102,2261,770,2091,2502,464,3066,76,2994,1521,590
5789,91,1259,229,50,157,404,2593,102,1016,8,428,148,279,516,82,517,23,412,347,121
5790,280,2553,384,268,105,557,4563,31,1889,49,1070,345,708,1376,176,922,47,1295,711,541
5791,654,5728,223,325,456,1427,11419,523,1592,100,2219,669,1911,2666,511,2735,44,1721,1482,563
5792,214,749,401,175,214,644,4297,97,1616,12,1047,460,386,1327,151,1262,20,1012,656,232
5793,212,1699,491,128,154,588,3826,69,1438,33,689,458,532,1082,116,989,4,753,292,211
5794,214,2013,361,109,376,784,3386,266,1002,31,511,351,711,1592,224,1278,4,793,559,215
5795,506,2307,557,162,209,1026,8038,90,3167,101,1441,433,1499,2359,673,1530,16,2173,1197,678
5796,499,3687,761,230,76,1264,6319,135,1396,24,1407,294,1283,1785,140,1353,13,1533,1233,379
5797,130,868,84,57,33,518,962,2,839,53,451,151,348,481,24,441,4,497,308,89
5798,368,3875,432,195,0,911,5681,227,1471,0,714,635,732,1548,355,1104,0,718,580,201
5799,86,1099,268,73,67,455,1659,3,843,29,256,53,432,636,24,664,16,635,548,283
5800,405,3826,995,182,650,839,8881,106,2614,62,1748,677,1483,2535,315,2084,43,1112,1332,426
5801,622,4684,986,228,172,1280,10412,151,1124,32,1816,703,1168,1607,346,2400,17,1192,1928,452
5802,439,4141,1035,274,428,1370,4654,87,3170,113,1501,1002,1212,2506,469,1981,97,1514,1012,419
5803,41,359,128,38,87,382,1647,9,740,17,411,43,401,548,8,442,12,493,103,163
5804,230,2481,296,121,118,851,4796,80,1033,35,1325,175,736,1447,209,1134,14,1060,533,372
5805,65,620,236,29,44,167,1781,55,268,8,229,79,227,300,43,338,0,244,188,39
5806,699,8592,637,312,1075,3019,17058,379,3025,120,2757,1782,3273,3167,425,2601,85,3464,1880,809
5807,290,2783,576,189,90,873,5852,105,2084,10,1483,860,1093,1514,160,1368,24,1127,897,378
5808,336,3050,594,179,198,743,3893,115,2010,123,1167,192,1173,1940,171,1138,39,1478,753,385
5809,154,1186,575,164,88,665,3411,67,1683,36,775,494,787,1376,170,906,32,783,692,355
5810,400,1536,352,280,164,1210,2550,28,1415,93,1023,412,1238,1633,231,1996,28,1677,971,183
5811,62,789,51,55,44,337,1227,2,235,13,373,101,405,651,22,347,7,264,345,78
5812,109,1330,189,60,170,307,1782,89,856,36,539,401,475,412,147,570,10,442,136,94
5813,156,852,212,27,39,132,1777,20,430,6,450,135,268,328,18,489,7,353,347,68
5814,358,2760,452,159,50,918,2774,36,978,11,1848,38,971,1526,273,1530,54,1326,731,320
5815,77,631,176,48,96,140,1373,9,555,5,288,63,246,639,25,250,10,278,206,62
5816,54,641,100,64,8,258,1057,3,486,17,211,86,199,389,10,273,20,284,129,63
5817,597,5804,1283,292,128,1261,11348,846,239,20,1866,418,1707,2252,309,3077,30,2442,653,521
5818,105,938,248,96,54,345,1774,7,633,23,304,52,502,589,20,390,4,289,378,87
5819,352,3714,973,263,98,915,11368,242,1452,103,2293,312,1477,1993,267,2276,30,2241,1308,487
5820,639,2924,1337,281,306,1096,10667,89,2260,115,1365,1544,1253,3016,604,1450,23,1539,772,567
5821,17,696,105,85,11,154,880,2,197,22,396,48,243,615,20,312,20,280,314,25
5822,309,2564,130,172,232,1137,4937,121,1512,8,1403,336,1253,1751,363,1954,52,1407,962,421
5823,519,5321,1113,316,678,1322,11863,465,3405,21,1815,1062,972,2603,195,2680,34,2107,1209,17
5824,132,2112,316,233,23,843,3689,58,625,47,854,4,1012,1052,248,868,118,1202,492,535
5825,474,6881,1714,481,178,1607,11839,332,2588,283,1809,878,2412,3244,558,3322,102,2936,1489,1194
5826,448,3273,430,296,132,845,7649,96,1035,35,1234,91,1428,2126,176,1478,60,1481,634,219
5827,570,6392,825,241,261,1837,6548,424,2032,43,1715,375,2337,2619,124,3279,4,2091,1102,513
5828,475,5023,519,363,168,1537,8836,40,2678,152,2416,628,1687,2759,474,2401,86,2312,1868,824
5829,592,6358,871,337,336,1599,9522,422,1499,233,2457,511,1419,1930,411,2666,57,1613,1416,865
5830,666,5864,721,121,285,1144,7230,106,4404,134,2343,473,2134,3230,436,3668,30,2785,1544,1327
5831,355,1625,771,139,109,1218,4783,12,1246,67,1156,369,1216,1647,183,618,93,1313,1082,502
5832,406,3835,651,331,260,977,6106,21,2308,106,1079,473,1309,2037,149,1641,44,1270,1538,310
5833,83,1378,263,133,21,316,1935,26,716,29,640,294,554,653,75,916,19,582,351,107
5834,613,5387,1232,490,288,1812,11964,277,3745,94,2425,1354,2507,2461,411,1799,7,1581,1411,468
5835,401,2901,629,216,239,771,5930,23,1419,29,1263,249,997,1397,232,1371,24,1295,919,320
5836,55,1249,371,34,118,421,2538,5,424,1,453,134,436,780,120,830,11,419,475,122
5837,1779,16952,3547,1062,1239,5742,35786,501,7383,524,6382,2104,6725,7648,1200,8376,425,8627,5011,2966
5838,249,1084,385,130,24,624,2771,26,1024,37,845,292,386,912,96,751,0,799,198,315
5839,480,5128,952,321,490,1355,9684,381,4063,68,1418,731,1688,2732,238,2698,61,2213,1735,308
5840,644,4214,1204,374,397,1465,15252,156,1257,140,1567,396,1249,2082,629,3805,62,3298,1740,924
5841,286,2669,851,201,178,1207,2891,36,2170,75,1155,598,1325,2288,315,1399,40,1840,1020,370
5842,737,7342,1125,424,231,1818,8067,39,2881,164,2948,1324,2642,3772,447,3350,82,3479,1884,1117
5843,261,2356,429,152,76,558,4374,23,1847,34,1174,423,855,1229,189,758,37,922,664,376
5844,738,6678,1634,462,1511,2180,16961,548,3771,1,1356,1362,2456,1856,541,2411,0,2413,874,691
5845,158,1410,348,6,264,399,2673,68,521,7,488,204,526,834,244,890,4,617,393,140
5846,502,4004,853,108,476,1429,9217,140,2729,51,1620,826,1239,1778,285,2228,22,995,566,392
5847,266,2496,314,162,22,740,4003,70,105,71,995,188,1078,1210,59,1049,6,953,628,504
5848,339,3382,616,210,134,1054,6922,95,1365,10,1302,431,1418,1571,86,1520,89,1555,1045,226
5849,214,1048,163,110,96,394,1252,0,485,0,561,32,282,363,59,412,18,473,189,85
5850,118,921,159,42,60,295,1916,16,493,22,428,158,432,554,49,601,16,469,274,147
5851,393,2429,285,186,284,887,5565,43,1834,2,1334,482,749,1489,180,1167,27,1200,969,364
5852,359,3871,704,268,25,1219,7530,52,3090,35,1508,569,1513,992,121,2250,25,1155,1100,339
5853,405,1679,475,189,111,963,2885,19,1043,82,378,250,1013,1185,101,585,57,1168,497,220
5854,647,4508,1180,467,546,2235,14584,222,4236,72,2807,339,2746,2772,192,3778,92,2345,1236,818
5855,479,5020,1007,169,206,1735,8847,102,1787,98,1112,68,1555,2445,365,1769,11,1836,1887,527
5856,402,2493,346,198,595,913,8190,126,2318,61,1147,926,1010,1317,284,1771,47,1579,627,408
5857,223,1561,293,148,105,990,5042,36,306,93,1285,177,1310,1270,232,1794,37,1343,1237,561
5858,56,680,219,40,27,197,1439,17,275,19,198,17,371,312,61,324,0,257,293,126
5859,826,6800,1078,303,476,1249,15725,305,5748,168,2763,1415,2665,3548,336,2581,33,2935,1733,485
5860,154,1391,226,233,144,465,2572,0,612,20,319,171,632,684,47,523,10,719,309,305
5861,191,2791,33,300,175,1524,5878,161,662,54,1691,496,1208,1796,110,1966,19,375,556,582
5862,137,1489,118,158,7,411,1858,4,298,77,951,117,697,910,33,422,47,525,375,229
5863,87,445,160,120,57,260,691,0,530,9,320,45,274,564,21,322,10,340,180,98
5864,520,3669,971,291,355,856,10859,75,3633,29,1878,1290,1419,2139,287,2376,61,1091,1112,478
5865,73,612,251,29,53,152,1992,47,290,9,214,97,196,316,25,349,1,221,178,33
5866,535,3219,1079,276,231,1187,13545,326,2106,67,1948,400,1496,2119,349,2364,22,1725,1792,387
5867,424,3071,526,165,140,1115,7344,116,2008,129,1105,512,1110,1876,358,1774,38,1556,1063,237
5868,219,1685,395,149,58,550,3985,77,1289,14,907,247,395,679,101,545,0,622,268,339
5869,294,3296,409,118,138,1008,5286,96,2031,41,1081,396,1075,1854,215,1371,63,759,270,240
5870,179,449,261,25,102,365,1967,64,225,10,504,58,392,477,77,605,15,266,197,35
5871,128,768,285,82,89,296,1475,41,827,5,438,137,414,625,88,644,3,411,109,55
5872,692,5801,879,269,31,1097,11761,304,2209,2,2148,214,1421,1984,497,2610,78,2038,1154,474
5873,99,1535,206,196,53,640,2840,9,842,54,284,181,610,935,132,680,13,1156,475,287
5874,112,613,93,101,33,159,1352,2,455,21,126,71,330,609,40,350,50,345,303,116
5875,298,4845,1109,246,252,1142,10051,221,1616,44,1007,401,1765,2119,282,1943,8,1850,1572,714
5876,340,1923,360,160,97,591,4878,1,972,0,649,228,617,1108,131,787,86,851,621,348
5877,455,3779,738,115,139,1359,4951,142,1625,108,1931,555,1232,924,332,2223,77,1838,1011,451
5878,238,1610,260,154,76,452,794,20,408,41,391,98,544,875,39,814,59,686,603,210
5879,111,609,212,86,0,304,1519,8,560,15,429,52,413,621,67,350,52,526,397,44
5880,308,2184,970,232,455,629,7555,201,2241,83,1084,56,1421,2263,407,1848,15,1375,921,472
5881,88,735,102,26,92,241,1675,93,573,10,389,147,243,394,102,332,5,240,163,81
5882,243,2532,343,148,1,907,5138,15,1040,46,607,364,1191,1279,181,1314,59,1361,624,373
5883,319,2042,649,216,57,573,5004,14,1628,61,784,403,866,1770,69,1515,64,1136,507,359
5884,154,821,305,178,44,531,2125,4,560,30,516,321,586,690,55,878,52,891,518,263
5885,96,784,103,42,32,240,1040,2,489,9,352,77,327,525,60,373,11,333,212,99
5886,71,523,133,87,48,248,1470,0,234,32,412,92,319,381,6,217,8,304,134,132
5887,129,356,309,57,57,212,2115,24,330,4,374,89,317,560,78,493,0,385,188,143
5888,339,2972,641,182,103,843,5538,45,1383,129,1449,276,596,1748,134,1362,36,1367,954,467
5889,395,4487,761,110,229,1117,9372,212,1636,150,1865,306,1296,2490,357,2233,22,2013,1394,479
5890,102,1220,229,145,23,719,1792,4,457,18,665,38,588,631,42,551,75,477,301,235
5891,529,4783,1189,241,40,1733,12218,287,2323,183,2265,522,2234,2849,411,3602,89,2554,1428,502
5892,653,4919,1164,303,151,1369,9907,122,2749,96,2041,929,1993,2718,426,3061,94,2202,1434,538
5893,332,3413,678,299,228,763,6402,319,1494,51,874,476,812,1562,275,1549,55,1483,1002,152
5894,182,2810,520,182,156,705,3839,5,1574,21,1010,572,892,1486,50,806,42,886,239,11
5895,369,4352,810,88,548,501,7761,399,2878,53,1278,1311,1831,2565,265,1961,23,1760,925,552
5896,447,5239,1406,369,308,1882,11081,363,1496,114,1976,477,1750,2977,413,2958,113,2320,1188,758
5897,751,6721,1473,186,524,1331,9946,347,5027,0,1853,768,1260,3031,893,2802,17,2135,1136,608
5898,99,1510,350,126,31,460,2210,27,492,23,674,217,479,910,182,666,14,654,310,220
5899,283,2990,488,61,16,1005,4415,272,2187,17,1521,1113,893,2430,538,2091,12,1855,461,248
5900,523,3688,257,196,262,1075,5648,18,2948,68,1618,839,1722,1642,258,1382,31,1124,1493,114
5901,157,896,275,40,41,477,3050,24,292,44,737,163,618,781,113,832,2,291,326,140
5902,652,4676,817,280,460,1306,10434,103,1943,102,1650,484,2096,2820,538,2069,45,2420,1586,1058
5903,594,5182,1051,70,240,1244,8748,107,3738,156,1371,147,2024,2304,533,1457,16,2269,828,535
5904,295,1591,264,140,1,623,4314,24,740,8,651,202,749,1074,71,844,86,669,251,213
5905,183,3098,289,114,182,742,4365,2,596,68,1033,449,867,948,144,940,39,1050,976,419
5906,658,7310,912,209,915,1570,11649,349,3505,70,2036,1529,1286,2343,614,2844,22,2502,1407,608
5907,172,4622,846,457,500,1287,14843,448,4583,197,3098,9,932,3724,545,2327,8,2020,1010,748
5908,219,2711,736,103,189,565,6076,97,2001,34,757,681,744,1298,142,1119,7,565,816,315
5909,197,2026,221,39,44,695,1622,23,775,38,963,83,745,1097,159,898,30,1133,726,250
5910,150,1346,164,109,74,399,2126,10,378,32,543,130,557,350,33,591,55,441,221,231
5911,156,4093,489,185,532,1124,4649,268,3020,108,1332,641,1270,2139,236,2089,7,1199,511,467
5912,1115,7709,1404,419,780,2656,20733,845,4943,112,3143,2048,3132,4058,212,4212,54,3804,2926,1193
5913,414,2397,730,172,288,1043,8776,412,1662,70,1727,11,1291,1871,541,1827,0,1126,651,548
5914,441,2600,229,176,139,892,5223,36,2453,45,912,504,768,1144,80,1136,64,1319,986,388
5915,347,2270,517,222,5,1038,3916,22,171,79,593,292,833,1786,159,1379,60,1427,720,373
5916,113,4600,1152,285,407,1552,6570,265,3334,28,2001,914,1492,2999,94,2942,31,2384,1136,538
5917,91,986,166,94,50,81,1499,2,794,7,450,127,249,578,80,387,10,398,208,123
5918,929,9544,2056,412,609,2375,10970,401,6441,225,3456,1922,2776,3432,483,4911,8,4617,2278,821
5919,77,602,99,76,97,415,1267,4,246,7,377,25,279,454,17,414,21,306,178,220
5920,133,1147,205,53,30,332,2346,62,299,37,538,124,481,272,162,548,40,507,346,219
5921,123,801,174,92,95,496,3303,87,513,19,300,209,509,536,52,743,12,518,346,163
5922,482,4412,586,211,189,1297,4848,33,773,53,871,388,1098,1341,151,2040,16,1062,990,415
5923,198,1763,441,111,4,540,5001,127,756,35,781,255,601,1013,272,1114,6,846,604,217
5924,293,2365,286,122,141,734,3342,39,1355,58,935,353,713,1159,90,983,144,554,420,232
5925,280,3837,926,174,68,1564,8644,126,1457,78,1363,398,1502,2186,440,1761,83,1320,1594,524
5926,186,1263,392,107,142,580,3677,34,841,49,804,128,860,1174,43,991,71,783,578,349
5927,2,2865,1245,178,253,1094,5939,265,1054,22,1292,510,1119,1745,66,2405,20,1629,320,281
5928,718,4858,787,238,2,1485,9843,215,1484,32,1493,1004,1530,2265,211,1977,27,1351,1369,440
5929,265,3022,420,153,278,1059,4365,45,1802,57,934,570,703,1845,168,1349,74,1479,604,333
5930,178,1437,498,91,119,308,3772,27,597,21,738,252,718,1058,70,822,27,675,482,341
5931,231,1630,336,107,120,824,3772,9,969,25,785,61,905,1114,188,728,62,1308,751,615
5932,343,1645,328,150,37,671,2735,1,755,24,541,170,762,857,42,728,17,1035,274,263
5933,581,4171,1097,305,289,1216,10019,669,1754,109,1632,479,1386,2090,121,2271,30,1825,867,497
5934,387,3095,763,59,426,591,7673,286,2042,63,1245,404,689,1516,241,1505,11,1504,746,346
5935,154,928,378,111,91,518,2680,4,378,111,675,143,483,1098,107,937,30,598,373,225
5936,459,5074,1206,68,163,1548,10347,161,488,96,1815,588,1558,2191,383,1978,57,1455,1729,443
5937,441,1947,613,162,165,487,4540,192,230,39,1059,436,901,1107,163,1459,24,1079,658,405
5938,84,2752,819,109,747,642,9360,15,2327,19,1360,580,1374,1775,116,2178,0,1009,553,335
5939,186,2722,597,177,207,957,4150,32,1379,14,993,488,1018,1620,256,1113,0,1141,826,393
5940,177,757,402,46,71,309,2625,131,449,4,537,68,470,774,130,669,2,308,261,248
5941,553,4660,1047,386,130,1559,11297,189,2075,74,1946,481,1809,2309,288,2182,92,2492,1848,465
5942,218,4377,922,196,200,1573,6768,184,670,59,1614,476,1878,2415,256,2423,47,2300,1721,759
5943,1436,13429,2080,807,733,4353,28709,737,6303,358,5236,1852,5162,7003,1353,6960,115,6732,4399,2084
5944,123,1129,169,113,27,450,1581,10,775,17,354,270,438,409,32,489,17,671,277,119
5945,155,1274,747,171,189,399,5010,55,1003,66,757,456,955,1515,287,839,53,1514,1377,208
5946,155,881,129,23,2,254,1819,106,385,18,539,40,343,916,116,730,2,354,412,141
5947,261,2339,867,113,309,655,5796,69,1655,27,1228,501,787,1418,182,1143,4,892,478,208
5948,567,4389,1521,636,690,2514,19624,1002,4346,12,3124,1968,3219,2743,1048,3657,39,4096,1440,1226
5949,273,2873,657,204,102,857,7601,146,1078,48,1176,172,1176,1732,128,1602,12,1369,890,307
5950,64,510,184,95,1,251,1244,14,359,48,581,82,264,401,1,433,3,429,208,121
5951,123,1087,275,41,26,313,1511,60,321,4,461,48,309,775,69,394,21,356,253,123
5952,113,1035,215,92,74,455,2546,0,131,30,630,104,514,976,77,685,20,590,458,262
5953,388,6522,1191,298,142,1672,9324,186,2543,127,2417,791,1818,2142,529,3243,27,2521,1516,902
5954,247,2919,974,94,275,694,6937,1,1850,19,940,454,880,1554,228,1312,9,1205,983,163
5955,801,5041,1337,158,669,2437,14916,565,3322,301,2213,2179,3197,3605,864,4335,0,3730,1954,1330
5956,184,1707,244,95,41,225,3291,20,395,50,538,168,519,1245,137,826,25,782,533,182
5957,64,902,156,128,16,311,1121,8,246,2,298,82,293,524,11,264,11,311,262,87
5958,194,1782,444,55,59,331,4468,243,1155,24,363,440,634,991,275,1057,19,540,500,333
5959,482,4752,619,229,383,1453,11093,269,3082,76,1711,956,1455,2106,322,2127,0,1604,1215,554
5960,728,5510,1398,298,399,1246,12190,261,3838,122,2259,1385,1742,2644,354,2907,48,2800,1762,640
5961,166,522,201,52,117,332,2124,146,982,21,434,424,543,912,127,984,14,768,416,87
5962,212,1902,451,86,146,706,3687,32,1099,13,868,165,810,1044,35,645,8,833,807,234
5963,829,4789,874,330,247,790,10324,91,1545,147,2140,667,1812,2570,301,2735,31,2402,1718,466
5964,172,1853,321,124,46,613,3407,32,624,26,755,130,730,1063,93,822,13,704,710,237
5965,101,1173,164,49,52,502,1761,2,340,30,478,66,553,643,19,638,19,297,258,260
5966,70,230,183,30,44,254,1034,24,497,9,356,91,285,431,61,357,10,373,212,85
5967,465,3248,1015,137,236,1391,7153,52,2231,93,1494,948,1285,1762,227,2152,31,963,980,587
5968,290,2540,606,179,73,900,6223,12,1057,37,1244,348,769,1727,228,1751,99,1579,874,430
5969,229,3095,243,192,366,1071,6414,107,1602,8,1396,352,856,1755,153,1763,0,698,389,348
5970,217,456,378,193,76,647,2488,17,1015,38,817,152,745,897,26,671,29,646,494,241
5971,208,1653,276,22,145,620,3912,68,1605,19,874,376,572,617,51,888,24,898,414,187
5972,315,3247,371,234,278,852,4414,45,1019,43,1313,699,1198,1152,148,1134,27,1053,782,438
5973,253,1761,327,178,0,543,3320,6,607,43,537,286,548,1133,167,732,32,703,526,241
5974,387,3736,590,270,497,1045,8343,157,1604,100,1139,1002,1696,1925,557,1361,52,2204,1552,415
5975,848,6213,715,261,1182,2695,18487,385,3110,178,1248,864,3101,3790,167,4204,13,3826,2527,898
5976,56,609,117,56,8,404,1004,5,14,19,299,56,367,666,22,473,11,413,70,65
5977,509,3245,1483,192,209,898,7548,175,1018,86,1552,760,1886,2335,36,2211,24,1731,1692,530
5978,208,4395,1408,200,422,1325,11903,159,1492,46,1139,827,1213,2168,319,2283,24,1748,1424,354
5979,301,4759,669,293,262,1012,9214,98,1144,55,1428,340,1361,1975,533,1724,28,2031,969,714
5980,110,887,229,95,22,372,686,0,290,4,507,54,501,703,21,424,14,441,304,102
5981,173,1964,378,118,183,650,2184,40,748,28,898,115,766,1402,43,928,19,1003,435,358
5982,39,1416,77,85,122,413,2486,48,396,21,848,154,568,731,80,511,9,433,507,73
5983,111,1427,317,92,55,287,3499,42,1126,16,555,493,653,824,122,742,13,735,497,218
5984,134,803,140,82,31,211,1349,15,309,19,457,96,432,642,23,422,26,540,316,166
5985,774,4801,1094,298,258,1362,5316,71,1293,148,2159,404,701,2359,305,2989,20,1943,1665,385
5986,425,4631,918,155,240,606,7798,185,941,49,1388,496,1071,1894,28,1722,40,1645,1279,454
5987,262,3862,516,172,145,1357,6682,119,1237,79,1500,4,1648,2143,174,1839,62,1992,1377,491
5988,211,4493,1104,254,173,1221,7013,308,2208,163,2014,928,1651,2500,308,2806,57,697,1194,525
5989,230,3150,414,138,188,944,6762,242,1954,59,1281,792,1196,1550,397,807,26,1548,834,529
5990,299,3045,713,126,74,1082,6086,114,1994,63,1477,769,1055,1691,150,736,17,782,1264,321
5991,569,4842,787,233,117,1672,9791,127,2079,219,1741,786,2073,2799,479,3149,32,2985,1706,893
5992,639,6960,1735,250,401,2007,12493,243,3909,126,2836,1103,2006,3204,409,2797,61,3466,1398,405
5993,217,1309,413,114,23,285,1564,67,397,26,562,181,495,434,241,555,5,683,323,179
5994,23,958,95,32,41,362,1398,14,580,9,490,187,407,545,50,326,10,611,343,124
5995,233,3360,558,272,90,1068,6116,39,872,18,1391,285,831,1454,199,1321,3,1582,1350,478
5996,827,7489,731,396,340,2232,14446,418,1970,70,1811,596,2216,3187,803,3793,60,3478,1906,775
5997,87,866,125,111,41,365,1030,2,597,14,528,228,331,556,28,376,7,265,360,88
5998,284,3372,585,251,130,859,5756,93,1032,30,927,450,1074,1522,335,1688,31,1327,1156,350
5999,324,1935,442,109,68,517,5620,379,732,33,889,250,750,1105,114,837,23,923,594,236
6000,848,3943,1255,362,179,1815,14765,602,2020,143,2798,680,2157,2748,633,3373,25,3170,934,865
6001,172,1515,251,178,113,637,2486,3,1358,13,646,292,630,904,98,636,23,705,490,111
6002,238,3685,500,346,231,1330,6849,36,2445,81,1719,700,1579,1954,305,1494,14,1876,707,568
6003,122,2709,178,163,172,920,6585,118,1035,114,1348,193,1014,1851,425,1962,36,1471,919,609
6004,614,2627,431,204,414,933,6639,155,954,77,923,434,1284,2031,216,1718,27,1295,1565,549
6005,387,4552,1000,30,61,919,8376,117,69,71,1185,694,998,1632,382,2129,11,1439,1400,189
6006,450,3902,297,66,611,1117,8773,215,3109,90,1461,1126,1634,2233,395,1827,4,1876,1011,438
6007,277,6370,1248,266,267,1838,13538,399,2115,56,2630,1077,2273,1728,546,3199,1,2632,1296,791
6008,415,2172,831,338,0,1023,10282,129,1584,19,1871,712,1496,2344,666,2172,0,2297,1568,410
6009,114,1037,147,62,17,346,1174,5,303,13,489,84,211,581,78,427,38,500,430,148
6010,789,5567,1208,332,359,1848,6765,122,1932,219,1659,395,1322,2431,321,2635,203,2302,1137,661
6011,1,3900,495,188,185,736,7684,438,1229,81,1167,500,880,1594,296,1683,8,814,784,236
6012,508,3516,772,188,621,1251,9187,42,1998,18,914,678,1270,1766,263,928,12,1680,1043,188
6013,129,1276,321,101,58,331,2911,3,562,36,524,247,563,1000,64,890,41,695,381,149
6014,195,2098,478,49,216,736,3163,14,1636,8,866,312,825,1296,81,957,29,875,336,286
6015,99,1229,212,55,14,700,2411,3,597,31,597,108,627,655,26,677,2,666,410,107
6016,261,1249,374,166,104,567,2272,9,609,42,707,123,823,1054,33,1069,82,825,510,407
6017,4,1862,543,163,18,595,5039,57,1666,97,668,335,689,1508,124,1245,27,806,593,220
6018,776,7450,1371,361,215,2596,13429,279,3362,90,2425,757,2708,3700,538,2947,42,2950,1665,985
6019,221,2035,769,196,176,1119,3625,55,1654,19,1233,406,1162,2023,127,1532,74,1075,925,502
6020,388,4564,824,297,392,1844,10363,60,3152,125,2200,754,1759,2011,422,2810,22,1480,1273,680
6021,176,1021,212,171,60,447,1848,0,466,39,516,260,551,931,62,554,6,493,252,205
6022,499,4267,1267,229,345,1064,11481,158,1756,94,1586,755,1621,2676,351,1824,17,1087,1147,258
6023,416,11954,2323,317,1120,3145,23665,1,1036,74,2335,1065,2164,2830,859,3293,31,3652,2730,912
6024,453,3063,663,125,0,997,8339,32,2113,62,1105,807,724,1890,219,2011,0,1488,744,360
6025,470,7228,941,448,428,2100,15139,364,2068,9,2016,780,2031,3089,427,3102,35,2725,1968,364
6026,1210,11127,2287,689,390,3327,21387,345,4123,117,4247,1308,3363,5236,778,3828,40,5254,2357,1089
6027,752,5670,1933,370,432,1840,12955,139,1835,171,2398,463,2347,2885,403,3684,17,2794,1714,547
6028,636,11040,1988,352,647,3135,18448,1071,2975,204,3930,1293,3277,4108,723,6103,48,4391,2474,1488
6029,591,4314,848,240,94,1640,11724,45,1803,128,1979,685,1832,2833,491,2261,72,1894,1546,831
6030,1166,6584,789,591,284,1723,17284,438,2984,215,2907,705,2494,3779,692,3891,117,3864,1563,593
6031,1112,12202,3464,592,681,3744,28683,948,8960,138,4890,2918,3490,5639,815,6876,22,1122,2997,1488
6032,718,5312,1205,468,849,1829,12023,101,4077,66,2125,1226,2635,3749,565,2943,111,1633,1940,813
6033,890,8744,601,582,396,2448,17072,148,3279,28,2657,593,2368,4635,1022,4945,112,3956,2789,1297
6034,351,3850,765,315,137,1674,7261,159,1064,159,1352,789,1390,2250,187,2431,130,1860,1598,360
6035,274,2405,974,164,130,1064,5055,95,410,61,1194,359,1335,1491,143,1256,44,926,777,275
6036,412,3482,859,133,245,1184,8760,661,2552,14,1261,639,857,2213,589,1987,4,1551,556,342
6037,543,4027,827,208,178,1617,9054,334,393,137,1911,534,1038,2053,300,2302,40,1913,1180,398
6038,2209,12316,3967,647,1614,5752,42580,1475,7758,266,3975,2360,6798,10400,1856,8834,129,10089,5053,2217
6039,1501,15052,2781,953,919,4345,27495,525,4744,405,5652,1384,6498,5285,980,7598,97,7882,3700,2606
6040,311,2529,235,229,46,871,2588,2,440,55,948,86,562,1533,157,974,33,1106,527,223
6041,186,2723,401,177,79,1166,6080,24,2058,58,1251,455,724,2143,13,1199,64,1605,560,387
6042,95,953,188,79,116,357,2476,97,795,16,208,205,417,441,104,527,3,545,147,194
6043,0,3905,1536,0,124,1234,9476,0,0,0,1312,0,926,2552,0,2372,0,1,998,519
6044,159,2176,411,123,46,784,3140,4,659,21,795,144,771,1623,35,1114,29,960,1018,256
6045,429,4592,402,265,469,1344,7154,34,3094,43,2446,679,1211,1986,93,2137,128,1841,796,589
6046,435,7587,1558,425,364,2418,13382,91,2336,76,2505,991,2395,3412,688,2715,32,3090,1881,1043
6047,740,6280,1682,403,240,1881,15431,25,2049,134,1327,718,2202,2716,430,3403,68,3023,1314,714
6048,344,5011,1040,229,327,2289,11312,41,2430,126,2691,668,2600,3612,350,1958,102,2598,1311,604
6049,289,1968,223,92,78,619,3803,0,546,18,935,144,613,1128,131,1004,14,1137,786,437
6050,955,7792,1285,430,444,1921,18093,129,3471,167,2188,377,2751,4286,608,3767,51,4094,1774,723
6051,741,8811,1799,292,685,2610,16413,254,3026,67,3183,1107,2632,4722,871,3399,20,3915,2873,977
6052,774,7975,2177,351,32,1891,19156,420,2328,105,1800,720,1915,3780,397,4376,24,3376,1578,2
6053,984,9277,1159,328,488,2605,15785,237,2346,157,2921,2239,3431,3657,769,4815,50,3865,2662,743
6054,102,10559,1814,482,335,3567,15115,212,3254,162,3144,743,2966,5979,734,5055,205,3827,2911,1382
6055,92,956,187,112,2,416,1329,0,297,14,550,57,444,650,20,286,19,461,436,117
6056,84,938,307,22,112,287,3396,44,203,9,150,85,150,396,82,680,5,371,131,62
6057,125,1266,75,130,67,448,1871,3,123,22,644,24,512,757,25,488,26,367,371,355
6058,488,2532,831,191,331,1141,10161,79,1945,145,1260,425,1436,1660,381,1864,5,1886,1558,30
6059,334,2416,220,230,35,638,2495,5,506,55,1066,125,812,765,69,1002,50,778,464,198
6060,652,8616,2127,525,594,2975,13270,107,5054,239,3539,2214,3470,4998,512,5251,60,3729,3452,460
6061,574,5515,1088,512,604,2412,14486,251,2148,76,2811,788,2287,3265,490,4071,29,3066,1738,730
6062,525,5771,1666,338,226,2178,15724,181,1930,114,1894,757,1554,4205,639,2186,100,3080,2282,767
6063,1020,11748,1967,638,1500,2149,13080,59,6284,195,2368,1587,2085,6281,816,4234,117,5504,2818,657
6064,115,1211,316,40,217,252,1401,5,601,28,272,122,328,482,118,593,17,562,245,76
6065,385,6786,1355,407,1646,3399,19672,800,2746,247,3196,1567,2377,3301,840,4454,113,4115,2105,516
6066,1108,6175,1896,515,1233,3522,17055,114,2287,106,2671,479,2541,4821,1540,7046,25,6378,1393,774
6067,770,7471,813,243,371,2163,19856,819,3163,37,2800,1115,1585,4025,676,3541,22,2269,2182,744
6068,376,1587,481,116,0,721,4773,164,835,28,653,112,726,858,112,422,3,667,390,217
6069,385,7558,1689,333,384,1846,18681,380,2540,75,2780,961,2120,3371,614,3732,78,3696,2059,411
6070,492,3246,1121,419,215,2411,10001,127,1573,217,2508,354,1977,2874,187,1373,61,2009,2312,616
6071,84,7608,2998,405,932,2773,19999,576,3326,142,3838,722,3229,3761,526,4490,21,2994,1378,1070
6072,509,8860,1283,506,465,3106,18295,148,3871,139,3834,1189,3877,4896,657,4267,133,5070,1420,1389
6073,1026,7555,1323,265,750,3065,19448,162,3169,225,3518,1407,3345,2313,722,5396,61,2899,1727,1101
6074,422,3694,900,194,189,1095,7497,73,1461,72,1547,198,1090,7130,302,2097,39,1588,1066,418
6075,750,3543,1204,319,257,2536,11227,310,2558,109,1519,866,1931,3763,428,3612,56,3172,2107,933
6076,243,984,669,333,363,1041,6213,102,2531,141,1489,312,1357,1946,268,1473,78,2004,1204,487
6077,303,4471,731,133,266,1082,8404,266,1525,43,1476,421,1226,1987,209,1693,13,1600,684,371
6078,1950,14095,3394,580,1172,4893,40468,1399,4500,223,4797,2145,5709,8818,1063,8506,130,7124,4671,1557
6079,957,8353,1731,335,1073,3065,16925,95,2009,32,3279,1088,2370,4735,814,4028,72,3595,1514,936
6080,833,7360,1216,632,334,2308,15050,409,2742,274,2710,444,3021,3712,780,3744,108,4020,2330,568
6081,191,1578,217,140,0,324,3070,12,454,20,497,108,523,858,123,720,21,508,266,265
6082,251,812,199,2,37,506,943,1,568,33,180,80,801,837,17,502,19,583,262,220
6083,275,2835,637,336,237,723,6162,10,1246,87,1278,439,1283,2230,219,1258,49,1098,986,289
6084,852,11467,1387,465,318,2674,21346,68,7750,425,3553,2161,3638,5261,839,4717,0,4379,1525,1210
6085,526,3077,1186,144,258,1128,7849,242,2841,64,1470,712,1354,1854,172,1649,14,1781,1426,373
6086,132,1211,173,62,51,392,2604,21,565,28,683,118,563,737,107,485,7,486,344,190
6087,663,7646,1905,459,358,2513,14113,152,3468,240,3483,594,3297,3222,447,4053,31,1945,2621,1214
6088,313,4012,472,239,108,1556,5753,99,612,105,1352,357,858,7941,153,1345,100,1181,878,526
6089,889,8573,1881,398,418,2955,20153,65,132,19,2555,189,2687,4341,276,3087,37,3501,3717,575
6090,154,1826,408,162,53,718,2781,79,711,9,770,192,615,996,87,916,101,946,398,270
6091,870,11686,2295,526,852,3927,21788,447,2806,210,3816,950,3608,4418,796,5649,132,5317,2815,1020
6092,180,1747,100,186,107,648,2008,11,396,26,818,51,775,1205,4,391,41,403,459,276
6093,1190,4667,2027,185,490,1589,24693,731,6398,1,974,2533,2614,4337,367,2887,14,673,2015,391
6094,1100,11349,1745,406,1400,2459,27393,904,5256,190,2217,2020,3728,5885,827,5454,20,4526,1384,1548
6095,488,4740,690,358,73,1316,7943,98,466,174,2070,323,1691,1807,68,1868,125,1509,1102,627
6096,551,9626,892,574,193,1897,14948,129,1573,91,2802,638,2710,3528,412,2968,111,3627,2354,452
6097,514,3239,479,254,39,947,4489,7,694,98,216,353,1464,1404,111,1347,25,1078,702,419
6098,131,1381,360,49,125,441,2980,63,491,22,467,184,577,642,162,765,9,544,298,170
6099,1152,14773,2362,782,1984,4716,26663,405,4732,267,4965,1460,5062,7244,1182,6506,191,6276,3797,1656
6100,689,7456,1896,399,561,1566,8238,280,1883,63,2880,573,1896,2866,511,3563,23,2801,1890,705
6101,483,4157,546,264,90,1356,9046,141,471,64,1793,338,1669,2229,194,2328,80,1718,1644,622
6102,892,9060,1690,546,439,2389,14408,213,1430,245,3863,443,3239,3211,728,4003,0,4000,2999,715
6103,97,1336,219,115,50,456,2574,23,513,46,691,90,496,650,93,581,14,466,361,178
6104,740,4452,779,486,89,2303,8867,78,1953,149,2616,77,2429,3659,306,1952,90,2605,1476,655
6105,920,13912,1188,520,757,3569,27518,998,3389,472,4486,1592,4627,5793,1185,6599,0,5510,2999,1250
6106,292,2982,837,216,154,925,7075,200,1112,73,1220,595,983,1370,119,2076,17,1547,644,261
6107,1474,12931,2639,576,1841,3224,23104,1273,8492,281,5150,3634,4352,4783,1450,6565,143,6176,2801,1890
6108,969,7679,2221,325,483,2662,17767,301,2088,35,2904,221,2703,3601,677,1273,7,2403,2466,653
6109,219,1379,278,45,55,401,3678,82,975,11,362,338,524,907,181,579,10,607,350,148
6110,361,5674,632,258,165,1450,10894,16,2122,154,2128,586,1649,2822,157,2231,71,2808,983,1070
6111,69,1307,281,37,45,494,3117,57,482,13,322,125,370,696,115,603,0,469,361,180
6112,1320,10038,634,380,1108,3745,20890,436,3400,208,2168,1450,3912,4731,509,4688,241,4416,2673,1048
6113,52,1363,127,20,65,343,1157,0,72,23,461,45,430,518,29,574,8,351,394,102
6114,61,1500,480,61,0,223,3243,47,0,31,651,207,609,1077,108,619,9,762,416,140
6115,160,1352,196,97,17,426,1315,1,329,11,445,82,583,946,44,776,28,713,417,193
6116,90,1006,145,35,136,240,2133,17,288,47,188,4,417,436,44,372,4,380,353,175
6117,170,1945,408,127,45,781,1872,8,533,40,1113,142,914,1186,137,762,6,1029,617,340
6118,639,7031,1080,497,7,2028,5778,197,1940,80,2879,1040,2545,4304,143,2972,73,2582,1655,649
6119,317,2019,412,115,207,890,2280,39,1997,106,826,536,928,773,192,1001,25,759,344,57
6120,125,1533,292,77,195,523,3351,85,315,19,323,402,554,961,168,710,1,586,620,106
6121,1578,12741,1117,399,1192,4139,24508,1125,2915,184,3724,2269,4161,5069,883,5105,22,3536,3445,619
6122,318,3919,758,186,32,732,7725,1,343,13,1834,231,825,747,296,1610,11,1508,428,528
6123,515,4906,1114,430,398,1818,10111,242,3125,9,1979,1094,1898,2891,131,2502,63,2402,1364,313
6124,664,6165,1749,209,301,1697,16141,369,5108,178,2056,1838,1452,3486,308,3328,24,2732,1347,128
6125,550,6720,1227,293,103,1675,13511,83,1862,45,3366,645,2427,3331,739,4205,34,3587,1830,909
6126,722,4627,743,229,206,1433,6888,198,1631,75,1467,457,2290,2255,259,2219,69,2287,815,832
6127,332,1630,542,41,220,686,3464,21,1414,16,1002,159,732,1276,111,1108,0,858,489,253
6128,180,1937,154,164,164,730,2549,1,1224,29,942,192,693,1215,82,575,51,925,526,334
6129,280,2891,646,63,328,1019,10963,102,525,20,807,257,485,1364,242,1682,3,1364,395,207
6130,676,3648,560,225,47,892,8645,198,1671,88,1471,183,2106,3509,495,1913,20,2938,1550,474
6131,471,4008,603,368,80,1382,4036,37,1635,53,1785,7,1332,2040,289,1715,31,1557,1522,432
6132,755,7056,952,402,214,2075,12157,164,1559,113,2427,271,2246,3795,152,2322,23,1637,1731,668
6133,139,853,317,139,55,706,5101,171,869,16,976,113,769,1415,198,1116,2,1087,616,248
6134,143,1163,316,44,123,403,2864,42,507,18,533,70,481,760,101,568,10,479,449,125
6135,891,10205,1205,379,704,2893,10838,60,5215,95,3672,1411,2733,3192,872,4566,132,4072,2411,845
6136,1432,15893,3205,565,1012,3744,23043,653,6388,152,4096,2246,5108,7829,1324,6669,111,7092,3023,1094
6137,1032,14210,2757,724,573,4715,31267,474,5243,327,5412,1766,4838,6688,1237,7705,235,7137,4358,1738
6138,391,3743,602,368,573,952,7417,12,2800,102,1614,384,1417,1866,265,2250,113,1871,968,300
6139,1637,12855,3110,344,785,3240,28453,733,4310,229,4377,1187,3423,6355,1051,2678,84,4016,3191,1233
6140,1108,4246,2101,352,816,1827,8644,211,2177,5,1413,779,2156,3004,737,3390,26,3314,2163,346
6141,959,6347,713,251,153,2078,14220,38,1511,83,2780,586,2342,2680,564,3830,55,2461,2496,393
6142,171,2435,335,240,67,1034,3748,78,770,135,487,181,1426,1785,146,1479,4,962,405,239
6143,862,7858,1752,509,320,2589,14545,199,1138,74,3580,466,2740,4579,328,3762,123,2683,1676,821
6144,1322,8047,1360,338,237,2302,17637,534,2881,120,4072,254,2871,4379,385,4414,0,3926,2852,506
6145,410,4554,973,296,133,948,8621,63,1078,116,1775,338,1488,2394,32,2027,141,1858,1464,343
6146,637,9631,1140,594,502,2165,11388,608,2749,144,2137,532,2607,4591,300,4748,62,3439,874,917
6147,980,8638,1475,400,553,2411,15728,337,2871,71,3198,1222,2332,4549,568,4677,28,3398,3042,620
6148,648,10565,2525,388,81,3767,23155,794,3143,259,4308,1381,2423,4649,1049,5175,33,2002,2515,828
6149,358,1955,591,181,76,1003,7884,10,1499,44,1017,210,1062,1687,126,1168,67,1602,540,425
6150,1192,9508,2356,401,220,1852,18738,318,3578,82,2716,887,2902,4452,634,6040,24,3950,2909,543
6151,1197,9905,2661,603,1037,2752,12082,975,2713,103,3687,750,2692,4550,1166,4793,46,3728,517,939
6152,97,774,271,26,63,206,1961,97,265,4,247,92,226,388,38,392,0,276,218,50
6153,494,4734,1566,401,286,1579,7725,455,3664,62,2630,362,2313,3535,439,3430,61,3015,1123,958
6154,1022,6818,1762,230,0,2612,20275,343,2739,225,1313,1127,2549,4506,820,3446,44,2704,2419,627
6155,72,680,273,17,32,172,1739,81,237,2,258,62,222,338,22,355,2,274,154,68
6156,937,10027,1257,522,260,2855,19911,19,6686,130,4611,2299,3003,5583,631,5279,54,4222,2679,1062
6157,373,6763,1396,235,715,1592,15468,114,2915,163,2173,975,2188,3771,516,3119,32,3318,2015,1081
6158,854,5025,1975,176,398,2522,16529,420,3168,170,3535,1148,2548,3464,748,3300,19,3039,2510,1255
6159,61,1577,98,176,49,525,2100,1,418,50,511,19,465,931,47,506,15,454,343,269
6160,304,3952,788,210,242,1989,4949,140,1292,44,2065,246,1806,2113,228,2207,46,1642,941,359
6161,592,5990,1321,371,360,2415,11723,140,2269,245,2538,528,2789,2603,448,2751,48,1624,1183,814
6162,265,2634,371,208,124,934,3658,31,997,61,1090,84,1007,1354,14,1005,15,1711,731,741
6163,827,7821,1019,432,1368,2330,20249,885,2643,166,3433,838,2553,3756,652,4682,10,1444,2550,634
6164,921,3847,1061,289,298,2208,13459,220,2003,143,1499,92,1412,1206,442,3097,17,2705,2286,1107
6165,563,4499,1502,206,808,1212,11328,441,3699,79,1365,964,1385,2643,412,2227,22,1987,1431,599
6166,1426,10427,2618,379,0,2964,27546,1461,2009,122,4840,1006,4309,5421,950,6151,32,4971,1993,1092
6167,176,820,26,33,48,293,1027,7,192,54,408,29,364,586,22,365,31,626,262,101
6168,66,1040,182,92,57,307,1679,7,344,6,395,61,255,844,22,411,12,682,173,65
6169,890,5619,1414,293,275,1935,15467,388,1807,54,2431,62,1793,2310,312,3267,69,2711,1314,502
6170,83,755,209,16,59,179,1746,66,201,10,201,71,168,337,17,451,4,285,167,57
6171,1158,13718,3695,335,438,4160,31418,691,223,286,7601,2191,3860,6377,1059,8939,43,5327,4994,1180
6172,985,8092,1567,329,2,2772,15015,263,2209,167,1410,1200,2312,4217,566,3949,180,3231,1903,830
6173,1104,13401,2690,382,670,3353,16432,421,5827,31,2932,220,4972,7796,836,8935,129,4616,4855,1102
6174,269,5558,1211,429,354,1771,12331,0,1700,50,2759,657,1823,3256,523,3982,11,2678,2026,683
6175,304,3193,629,171,89,1092,6884,89,1123,10,1211,254,1422,1391,325,1813,35,1852,1150,417
6176,113,1507,534,103,30,147,4381,6,351,0,293,8,416,978,95,771,2,911,325,114
6177,642,4400,1792,397,360,2085,17382,525,2994,187,3021,1201,2566,3948,444,3907,31,2921,1810,490
6178,463,5145,1535,418,480,1622,12366,216,3378,48,2060,706,2091,2892,292,2649,61,1515,2372,682
6179,866,6004,1054,224,293,2454,10446,12,2248,150,2976,389,1883,3378,397,2086,149,1899,2462,912
6180,412,6662,1925,127,389,2000,8262,162,2058,42,842,615,1440,3551,769,2686,27,3315,1698,454
6181,434,4133,857,175,194,842,9448,318,609,32,1430,402,1399,1094,318,2389,11,1359,1316,434
6182,251,2561,395,285,57,1116,3446,19,902,66,1588,100,1365,1672,63,916,21,1023,704,420
6183,1031,10120,1588,356,509,2882,10107,249,3010,124,1987,623,1925,4249,312,4717,50,2939,2109,840
6184,458,5785,1204,282,389,1699,10598,5,1660,18,2239,263,1688,1410,119,2979,57,1960,1458,566
6185,1512,8387,2215,761,1053,2592,3413,185,7793,198,1496,1670,2460,5685,919,4681,81,5176,2016,263
6186,660,7404,1767,486,607,2481,17568,251,3115,146,2509,870,3101,3804,97,5194,53,3630,1582,904
6187,242,2482,576,102,0,1118,4331,14,1147,80,1346,238,1267,1423,48,970,174,1431,986,460
6188,621,5481,435,332,867,1194,10951,411,4663,76,1927,436,1867,3163,326,1815,61,2630,1738,1051
6189,976,11342,2273,340,265,2966,22216,591,3909,245,4150,1277,3796,4233,254,5752,92,4860,3002,1392
6190,860,10125,2207,455,725,3959,23220,627,4917,121,3897,2850,3567,5296,901,5251,37,4413,2286,772
6191,962,6016,1317,474,884,2218,13529,296,5123,96,2774,1485,2463,3095,561,2582,59,4157,1551,1041
6192,1309,10427,2928,576,527,3743,22977,861,3917,311,3433,1075,4272,5877,758,5425,103,4325,2854,1193
6193,2227,17388,4407,696,1042,3836,37930,1186,5727,93,4933,1810,5018,6599,1041,8408,85,7108,4339,1671
6194,1568,16577,4077,587,783,5085,31775,1130,6043,337,5982,1861,5948,8064,1198,6721,25,5419,5043,1900
6195,574,3102,1084,281,155,1613,7177,57,1112,120,1860,178,1438,2143,111,686,137,928,954,606
6196,370,2178,293,46,237,847,4250,90,1082,19,518,230,409,1307,141,588,38,1364,667,278
6197,88,1761,732,59,79,461,3632,29,452,15,586,139,539,646,139,1125,7,733,624,151
6198,209,6683,1248,272,441,1953,14717,506,2781,40,2100,931,2396,3707,446,3317,27,3008,1736,684
6199,524,8631,1528,510,470,2083,14578,553,2831,39,2428,543,2722,3239,395,4033,28,2277,1287,264
6200,62,616,175,53,21,157,1788,27,200,9,264,84,190,346,102,327,1,271,204,64
6201,672,6461,1576,364,114,1837,16707,238,2015,105,2202,680,1714,3686,722,3316,31,2850,1864,720
6202,140,1164,197,66,46,464,1138,0,704,8,514,68,456,1054,4,620,44,626,301,194
6203,496,6389,853,285,380,1767,11429,24,1812,262,1886,376,2341,2251,249,3116,255,2606,1928,772
6204,707,5985,1614,402,345,2898,13456,266,2869,174,3291,574,2941,3917,668,3553,322,3536,2044,1269
6205,501,10828,1967,330,1022,4307,17369,743,2661,57,4101,579,3042,5477,387,5040,148,6403,2913,832
6206,402,3039,861,89,69,1106,6620,150,1257,20,1569,393,769,1850,395,2069,12,1178,606,499
6207,1205,12680,2392,489,881,4219,31031,460,6233,152,4717,2101,5545,5852,1035,6552,63,6746,2445,1706
6208,90,902,318,33,33,260,2134,79,281,2,353,98,240,474,36,520,1,341,187,49
6209,7,6926,715,377,1,1712,12290,347,2561,146,2534,1114,2270,3309,716,3453,39,2181,2542,0
6210,838,7592,2564,660,2263,3757,22798,220,3192,71,2914,1644,3376,5929,1021,4932,124,2534,3201,1228
6211,1604,12410,2909,547,1278,4041,27703,882,4218,234,4693,1444,3644,5412,1481,6896,68,5807,3541,1157
6212,879,7822,1146,524,498,1704,16396,236,2416,173,2657,1262,2889,4362,643,3478,35,3353,2558,840
6213,726,4962,2856,259,203,2403,17020,414,2808,155,2301,692,2779,1820,290,5218,120,1986,2622,705
6214,873,7200,1573,376,99,1066,15925,320,1395,99,1437,1114,2119,2361,358,2566,0,2390,1812,556
6215,494,10367,2781,263,1823,3156,14435,1026,6392,133,3560,2060,3110,4928,292,4083,14,3723,2701,331
6216,858,4399,1085,312,318,1862,9209,246,2295,103,2737,874,1959,2709,750,2919,24,2666,1384,1039
6217,186,735,649,40,260,318,4976,109,730,9,541,234,563,784,149,976,1,701,576,57
6218,262,2391,577,147,398,871,5994,416,2009,31,807,556,1006,1409,238,1325,6,1183,830,289
6219,1257,10295,2021,613,1,3234,18985,174,3903,223,3070,1240,3675,4941,754,5157,58,5733,1536,888
6220,59,1816,574,126,193,683,4818,321,904,35,883,509,769,1150,280,832,9,707,336,286
6221,970,7862,1686,295,606,2535,17406,151,3019,136,3277,383,2358,12348,533,1861,98,3239,2471,665
6222,297,1648,342,94,172,310,4527,121,579,6,674,185,479,970,144,827,7,695,554,99
6223,1140,11269,2239,448,430,4068,19557,857,2616,162,2228,1141,2870,4319,417,4569,60,3962,2562,622
6224,2388,2773,3733,1088,3226,7043,31658,1429,10027,318,7375,4453,6010,10252,2709,12001,233,6518,3257,3653
6225,89,840,289,28,54,232,2178,83,281,13,275,88,247,389,37,471,0,306,215,64
6226,1438,12485,1123,1035,1439,3121,34483,988,4368,114,4317,1399,3291,5586,1294,4184,42,3989,1343,1752
6227,327,2834,338,293,170,954,6935,40,1347,99,1558,257,1414,2455,281,1557,72,1978,1125,549
6228,1217,9950,2703,533,759,3460,23863,226,4516,215,4556,595,3624,6360,411,5567,122,4827,3368,1090
6229,1198,12019,1930,330,3,2888,21474,195,25,115,3959,1937,2997,4823,372,5368,95,4889,2617,1223
6230,855,6696,1239,677,357,3081,13309,30,2813,213,3440,501,3090,3366,347,3257,223,3647,1112,951
6231,905,8347,776,364,133,3196,25134,598,3707,117,3483,1098,3711,3980,262,6225,13,4134,2641,800
6232,1110,18732,4479,1046,1882,3221,34260,1570,6471,366,5936,2673,5684,8196,1261,8545,189,5829,4136,2253
6233,424,5070,828,371,132,1475,4501,28,3015,89,1380,1004,1109,2854,309,1946,102,2611,1485,583
6234,1131,9219,1875,411,1151,2324,20913,571,6220,186,3766,1922,2246,3404,668,4849,14,3063,2725,830
6235,1725,15037,3321,487,626,3720,27481,1168,5128,181,4739,2010,3701,5321,905,6949,30,5271,3222,1312
6236,822,8501,1824,463,836,3257,18813,311,6499,131,2623,1388,3173,4086,1040,3996,7,3703,2275,1062
6237,271,2304,623,139,120,847,6329,234,1118,42,1346,462,1089,1473,266,1157,14,1227,699,339
6238,327,3777,357,350,328,1309,6402,102,2911,65,1486,402,1217,1350,263,996,116,1673,591,571
6239,296,2039,408,238,30,904,3088,40,706,32,1162,284,1175,1626,89,1302,67,955,498,333
6240,406,4087,1177,190,0,1953,8767,117,790,46,1395,442,1180,2227,342,1681,15,1496,1739,493
6241,584,3389,1911,427,444,3176,14424,172,1717,179,1614,550,2507,4625,699,4260,229,4445,896,1386
6242,463,4895,1052,344,0,2133,20269,147,2274,145,3472,962,3128,5487,1044,3343,37,3561,2404,815
6243,249,882,460,137,58,588,2882,5,689,9,631,136,813,784,6,1144,71,1002,388,242
6244,2345,24647,3899,1320,860,8274,45618,683,6863,564,8525,2799,8679,8026,1862,11031,551,11043,5240,3105
6245,1852,12689,2374,513,779,3460,27417,914,3767,97,5283,1827,4305,6247,647,5225,5,4301,2895,1338
6246,654,7032,1362,254,253,1432,12286,678,1280,191,2496,132,1657,2801,158,2983,24,2093,1065,185
6247,1079,5595,1867,263,895,3202,20760,118,2607,125,3045,612,3093,4574,466,4473,78,3958,2306,1312
6248,981,7415,1281,599,399,2185,10497,249,2786,86,2975,27,2893,3461,637,3350,0,3319,2647,1012
6249,77,1208,339,43,33,279,2079,30,371,21,442,100,366,619,34,452,3,534,208,101
6250,1488,9333,2539,379,1297,2050,21065,518,5859,95,3741,2600,3053,4390,743,4693,19,3043,2348,960
6251,44,527,231,18,26,239,1471,254,349,18,233,72,182,514,35,370,0,234,244,95
6252,406,5365,1356,243,317,1750,12651,85,4006,49,1693,1250,2053,3277,477,3064,23,2380,1152,379
6253,104,1828,920,78,65,445,4064,47,494,24,738,174,738,617,129,1315,12,821,671,168
6254,204,1610,568,117,97,859,2495,4,834,47,617,83,729,1264,82,357,77,697,434,248
6255,461,4834,1357,258,480,1796,12233,294,2237,87,2190,481,1937,2598,8,3287,58,1957,1789,648
6256,190,2965,312,201,121,672,5613,9,651,22,673,231,889,1524,94,1309,50,1271,731,285
6257,555,6005,1446,290,726,2393,11766,81,3868,30,2741,1156,2244,2829,642,2554,29,2491,1699,825
6258,317,3903,301,128,30,872,4826,96,1137,10,2119,625,1320,2245,480,133,68,2057,408,614
6259,535,3410,692,171,488,1625,11049,394,1910,132,1668,929,2023,3168,165,3325,57,2957,1226,899
6260,1011,6976,1527,542,786,2062,16407,141,2128,142,2041,1145,2191,3125,714,3733,50,2577,1082,935
6261,713,9241,2442,405,863,2747,23075,182,3554,153,2762,534,2268,4641,919,4394,55,5069,2653,977
6262,99,647,229,59,82,362,1785,3,488,16,473,50,447,598,26,434,11,397,191,234
6263,942,5411,1423,485,620,2352,5713,239,2418,121,3341,958,2882,3214,743,5287,0,4157,1250,1267
6264,783,6100,1160,250,347,1590,7948,42,2352,64,2396,163,2914,3365,589,2294,92,3908,2725,1769
6265,144,941,203,67,27,212,1728,25,459,25,246,108,242,856,89,449,5,690,266,70
6266,625,4148,1156,298,435,1142,5059,358,2126,96,1078,772,2004,3075,444,2708,2,1363,1271,564
6267,146,667,195,40,92,164,2293,20,777,24,314,150,348,620,62,412,2,466,317,125
6268,235,4156,472,216,85,1756,5980,17,3151,88,1642,728,1847,1785,39,2248,60,899,595,756
6269,399,4505,1157,275,317,1163,8756,5,1128,91,1641,511,1437,2494,352,1142,11,1414,639,346
6270,1218,11174,1685,165,1372,1685,11039,437,5007,285,2289,1203,4078,2916,642,5944,27,3578,1578,934
6271,716,8650,1735,305,1133,1817,19211,771,2701,111,3275,1873,2823,3901,991,4079,5,2118,2481,693
6272,369,3807,508,209,140,829,4440,29,680,26,1421,157,1386,1793,0,1582,34,980,902,432
6273,862,9510,1665,466,831,3050,19250,231,3504,136,2919,975,2848,4422,569,4011,28,3294,2689,922
6274,419,4633,519,324,241,2159,8264,69,1813,23,1594,447,919,2809,135,2366,58,2220,1564,793
6275,730,8585,1899,492,914,3104,18542,591,2908,180,3313,1224,2639,6568,270,3396,133,4181,2350,756
6276,905,10698,1611,421,948,2990,21916,422,3561,129,4188,1690,3240,5046,932,4824,124,4310,3773,1233
6277,1093,12286,742,931,656,2900,23890,980,6061,225,3024,3242,3951,3701,827,4622,51,5372,2034,1660
6278,927,7113,2576,522,565,2467,19672,511,2933,176,3946,234,2127,2382,283,4226,14,3378,827,1023
6279,2550,25682,3998,699,4,7304,53434,2681,8949,469,5962,2318,7926,8026,2319,11681,132,11339,6272,2445
6280,1508,6464,3051,481,238,3498,21568,835,3422,131,3478,983,3430,4316,1022,4213,91,4641,2441,1036
6281,232,3009,332,178,83,843,4765,11,768,44,1072,319,824,1681,233,976,106,1345,1130,511
6282,1044,12402,1877,586,761,3080,16864,385,4450,91,3510,1101,3376,4431,1398,6287,115,4964,2030,957
6283,753,5464,1544,223,237,2720,14802,292,1722,114,3929,1199,2470,4094,162,3153,40,2927,1835,759
6284,751,6411,1575,250,855,2992,21899,378,2748,225,4069,872,4157,5379,1158,6124,27,4073,2314,591
6285,294,1921,415,175,101,1250,2803,4,784,65,1103,132,561,1053,138,868,72,1178,833,260
6286,603,6735,1322,537,257,2800,15140,115,3350,158,2742,818,2650,3915,411,3127,84,3668,2563,874
6287,283,4681,914,287,346,905,9864,147,1319,2,1040,248,1370,3068,360,1716,23,1856,570,852
6288,626,14949,3127,539,1028,5793,28077,1027,5612,390,4878,914,5010,8134,1565,8599,23,6089,2768,2012
6289,307,2653,536,168,265,949,6368,60,1226,60,869,420,1182,2010,200,1508,34,1754,879,542
6290,1660,10773,2125,961,581,4157,26139,472,4668,246,4900,1626,5497,5006,927,7533,95,6562,2992,685
6291,287,1539,573,153,149,469,6340,212,865,26,967,347,691,1378,166,967,0,873,567,241
6292,314,6995,1979,554,507,1707,17600,256,2143,66,2237,861,1853,3285,511,2936,51,2379,1935,588
6293,480,5103,1066,169,520,2064,12556,67,1495,73,2081,162,1508,1683,355,2467,18,1775,1578,286
6294,1049,5210,2353,314,4,2643,16173,748,822,177,4429,1183,3057,4839,735,4514,72,3743,2399,1223
6295,237,2648,545,134,4,681,5817,76,896,15,869,276,734,1235,138,1262,16,972,792,235
6296,1010,10559,3069,267,1,2824,25995,15,3591,114,3668,771,3716,5036,685,5702,7,4133,3017,932
6297,1412,12001,2534,490,481,2739,23860,210,2878,134,4635,316,3002,5909,833,5291,29,3860,2832,585
6298,798,12047,2317,359,458,2856,22494,572,2917,152,3020,1085,1706,4923,450,5896,33,784,2505,707
6299,172,4495,1332,349,177,661,8816,66,1427,71,1811,490,1638,1863,135,2340,102,1881,874,435
6300,470,7022,1464,248,331,2448,12221,24,1735,94,1969,376,1886,3481,334,2570,28,2235,2196,470
6301,1135,11660,1990,535,653,2293,22982,388,3369,0,3636,1472,3511,4546,749,5711,8,4317,1290,1304
6302,401,6579,729,338,629,2785,14445,63,2608,106,2571,312,2066,12699,324,2891,97,3177,2222,579
6303,2,7283,2641,497,1182,2788,9932,0,3616,0,2217,496,1828,6752,1259,3969,44,2544,1691,1021
6304,114,1372,508,54,53,411,1778,24,462,21,633,59,328,716,73,693,18,602,420,157
6305,362,2816,362,101,364,1466,8005,239,2996,18,810,178,963,2440,364,1793,107,1752,1283,637
6306,281,3291,819,192,12,1152,4699,36,1013,53,798,403,1036,1621,125,1539,45,1047,1091,262
6307,474,3637,948,197,162,955,5976,51,1232,23,2139,469,1005,1812,237,1068,53,1131,1211,462
6308,163,1707,187,181,63,500,1625,4,362,13,533,49,584,979,48,718,14,817,426,252
6309,723,8733,2525,413,457,1454,4400,299,5863,111,2910,1535,3182,4398,217,4115,51,3769,2461,526
6310,952,8639,2008,367,343,1348,21352,169,2888,70,3294,1652,1915,4253,85,3756,39,3199,980,706
6311,713,5589,1723,180,357,1347,13294,391,1829,35,1802,476,1595,2292,231,2747,1,1735,1434,302
6312,689,9270,1498,358,394,1843,17207,146,2788,202,2577,363,2974,3853,611,3302,14,3327,2124,916
6313,881,7208,1280,466,248,3264,13234,107,1906,140,3189,511,3115,2361,635,3503,40,3726,1174,1200
6314,785,6827,1984,250,438,1662,19470,628,1981,75,2524,732,2128,3371,431,3223,13,1422,2053,337
6315,101,1573,338,183,61,636,3409,87,685,31,661,280,575,1126,179,692,24,352,468,243
6316,1253,8621,2666,757,951,4304,26578,241,4037,297,4240,784,3536,6865,1318,6435,149,4965,2114,1475
6317,779,8178,1648,347,632,3493,19457,469,3991,138,3836,1460,2222,4823,784,3960,16,3508,2278,1056
6318,167,558,224,214,47,906,4353,2,869,33,1113,272,810,1562,50,810,52,1223,776,211
6319,716,6402,1084,223,226,1958,12006,170,2191,205,2918,634,1561,3741,448,3410,75,2555,2760,417
6320,618,4708,936,293,583,1521,12239,259,3827,24,2194,697,1290,3061,471,2492,5,1741,684,682
6321,1465,17165,3106,812,968,5146,36328,698,784,1,4200,2055,5610,6814,1399,6283,44,7365,2888,2226
6322,207,1786,267,211,46,668,3415,8,826,32,964,74,905,1395,37,460,62,1045,647,157
6323,1268,9133,2178,365,1443,3093,13123,879,5478,222,3808,2229,2381,4223,728,4218,15,3702,2134,971
6324,485,6029,645,399,833,1858,11869,370,1765,173,2688,631,2189,3650,1017,3031,167,3723,1232,1112
6325,1111,7321,675,307,0,2296,15021,314,1450,190,2291,569,1217,2235,556,3741,30,3267,1933,439
6326,1582,13209,2770,543,1285,3198,26791,688,4462,129,5161,858,3285,4169,1290,4831,63,4953,3194,776
6327,113,1947,443,148,122,526,4346,22,244,0,436,162,488,757,150,1134,2,740,383,199
6328,1791,8004,2998,522,2,3048,23475,996,5117,176,5181,633,4364,4704,755,6071,0,7060,1607,1859
6329,205,1884,498,199,143,546,5374,116,1081,50,685,273,1088,1289,351,1066,3,892,502,312
6330,197,2129,418,240,76,1053,3852,5,806,9,1032,147,1077,1080,66,1037,68,1361,770,296
6331,174,1036,55,54,39,373,1433,1,351,53,307,64,387,485,11,230,27,482,260,129
6332,380,6245,1678,347,153,1771,9311,29,3276,17,1610,658,1918,2939,362,1004,66,2321,993,488
6333,287,8299,2119,543,1,3018,19362,562,2684,44,3405,976,2290,3854,949,5055,43,2731,2334,712
6334,148,1960,429,57,139,459,4560,108,750,11,824,350,564,986,127,1023,4,821,313,189
6335,1413,13444,3125,481,447,4303,30480,1020,4192,156,4920,1365,2528,6287,1429,4885,42,3711,3427,1333
6336,199,3221,293,127,103,1528,6412,45,1695,33,1534,313,1174,1993,116,1509,13,1593,797,588
6337,135,1044,181,105,84,299,2588,31,670,30,500,101,336,864,101,750,6,752,332,182
6338,623,5644,1043,293,94,2369,9441,18,1679,79,1808,455,1709,3028,63,2725,105,2883,916,361
6339,552,3826,924,201,535,900,6631,30,2675,76,1090,644,1565,2436,43,762,90,1422,1430,405
6340,179,994,169,96,1,617,2091,1,421,45,648,40,621,771,18,674,64,529,370,206
6341,842,10629,2622,252,29,3095,24401,462,4328,189,2654,1469,3518,4833,599,4247,25,1983,2477,1072
6342,1459,12758,3069,598,1375,4622,30640,556,10547,322,5170,3185,5268,7115,1373,5707,54,5806,2644,1785
6343,652,4476,620,473,315,2002,8032,2,1111,217,2159,597,1751,2999,116,2288,61,2310,1795,323
6344,429,1688,727,184,195,1205,4946,8,2559,186,2100,418,1770,2064,127,1423,103,1537,917,321
6345,1536,20008,3828,990,1892,5072,41609,695,8632,181,6853,2333,5555,9121,1370,7035,58,6996,4795,2073
6346,265,1914,239,69,13,652,3268,11,279,35,1054,52,705,598,8,980,64,695,629,197
6347,666,6171,857,302,277,1699,13470,440,1939,57,2272,385,1867,2607,455,1951,32,2889,1411,546
6348,379,2826,450,156,196,635,5872,123,1127,39,1094,189,959,1145,193,1467,164,1521,689,148
6349,208,2099,323,175,51,1152,2619,26,418,55,1396,60,1372,1024,72,968,30,1261,530,436
6350,805,18769,4064,852,1110,4025,51767,920,8410,190,3899,3347,8636,8579,1861,10130,142,11119,4971,3223
6351,326,2518,891,163,0,904,5481,19,751,15,1036,372,1248,699,221,1535,7,517,676,183
6352,608,4411,989,101,174,1389,8866,137,3705,126,1600,1195,1837,2740,311,2425,48,2121,733,301
6353,309,3085,519,184,158,888,4764,14,897,35,1403,378,1012,1860,153,1262,64,1185,818,239
6354,958,10510,2093,339,659,2334,22919,181,3495,92,2941,1475,1810,4850,318,2724,52,3121,4055,917
6355,495,8879,1310,420,452,3284,16633,46,6108,288,2690,1478,2551,4492,1125,4243,29,3307,3332,551
6356,1084,20403,2545,887,1027,4920,40045,514,6681,409,6019,2242,6347,8985,1936,4936,49,4287,4607,2016
6357,420,4164,556,311,152,1169,6212,82,1210,115,1975,117,1590,1069,514,1044,26,1449,1593,539
6358,675,8092,1722,555,145,2867,15917,245,2662,215,3172,962,2976,3613,367,3891,84,3580,2787,1457
6359,718,5057,493,429,295,1931,10817,140,3289,58,1779,1090,1294,2662,281,3133,48,2058,1061,673
6360,929,11866,1365,1241,1026,4662,35410,996,5440,235,5329,1837,5153,7160,726,8572,230,7658,2432,989
6361,195,2421,479,220,0,1029,3738,16,1023,33,1345,167,1121,1547,95,934,70,1010,838,295
6362,298,5697,647,260,262,1106,5698,48,1241,34,915,217,1638,2241,335,2658,28,2722,908,916
6363,286,2128,374,71,386,391,6307,117,1055,64,1144,363,982,1229,154,2237,21,1227,798,333
6364,1343,10825,1936,706,374,2192,21341,331,3401,425,3903,1942,2925,5684,334,5187,57,4519,2492,1228
6365,1669,12273,3237,482,1363,2210,34576,1182,11527,227,6382,3783,5090,8797,1295,6710,53,5959,3481,1996
6366,255,2862,412,129,54,855,7650,106,1300,80,922,295,1022,980,308,1298,13,938,488,304
6367,212,1424,480,85,35,552,4131,119,466,0,267,249,402,983,96,628,12,493,377,129
6368,980,7369,1483,527,142,2611,13434,361,2385,165,2554,512,2730,3274,727,3803,70,3154,2389,1228
6369,163,1109,109,162,3,625,2288,4,648,75,720,67,1002,1241,11,1014,30,672,169,99
6370,1210,9324,1986,567,2,2711,30683,979,3607,232,4324,1524,4436,6208,193,6566,117,1237,2735,1671
6371,332,3383,983,223,16,1506,7027,272,1315,120,1145,288,1354,1883,355,856,91,1563,781,422
6372,288,2848,264,101,164,824,5122,109,938,38,879,359,931,1307,173,1259,20,919,600,172
6373,973,7508,1151,397,550,2734,22029,103,2921,142,1577,615,3252,4459,502,5773,74,4188,2687,460
6374,686,3844,411,118,486,1254,7559,8,2988,47,1222,316,1227,2341,88,1832,75,2401,960,326
6375,134,1113,424,26,100,284,3027,90,370,10,367,107,303,523,44,590,0,378,253,67
6376,372,3774,891,156,87,1098,8057,208,635,17,1258,365,1190,1566,252,2150,0,1274,844,245
6377,257,7004,1132,412,386,1846,15714,231,4871,223,3070,1801,2657,3129,277,1697,101,1798,2081,520
6378,1106,8763,3226,456,1173,2746,26161,779,3457,93,4362,875,2971,4986,774,2563,11,3432,2377,1044
6379,86,1147,509,39,37,290,2394,30,294,5,358,69,364,407,57,648,1,454,375,88
6380,102,1552,863,57,39,509,3434,43,476,10,617,135,511,604,94,1034,6,677,548,153
6381,354,7033,1100,470,682,1929,12330,21,2815,48,2025,1068,2164,3181,171,1814,50,2812,1723,380
6382,159,2161,225,336,94,1139,3384,16,760,45,1014,104,931,1726,40,862,42,791,642,358
6383,645,4406,491,209,374,1731,7746,37,1282,104,707,197,2106,2903,132,1911,66,2250,1486,644
6384,350,2082,635,341,103,1310,3677,36,945,64,737,309,1288,1336,72,939,88,1331,786,320
6385,669,10110,1769,312,544,3399,22751,318,3154,140,4278,946,3146,3971,250,4911,40,4475,3396,1507
6386,769,11919,2106,796,1039,3588,19749,152,3922,17,4789,791,4316,6355,1601,6523,99,5182,2110,2012
6387,1389,19003,3730,651,1366,4717,37398,578,6444,436,6487,1842,5465,9480,2066,8797,117,6934,4238,915
6388,768,9963,2923,437,771,3061,22667,759,3366,142,3591,1125,3832,4863,771,6400,44,3681,3129,1174
6389,416,2142,1057,144,209,817,9803,405,1378,108,977,203,1185,1846,98,1519,12,984,761,363
6390,804,4809,991,694,262,2162,14089,121,4043,164,2480,1189,2647,3514,284,3091,58,3557,1397,1118
6391,333,2587,617,66,108,550,6283,280,698,1,796,258,773,1303,56,1026,5,846,588,150
6392,780,4208,976,442,374,1800,11917,79,2347,148,2100,862,2471,3693,604,2652,252,2985,1583,803
6393,922,8408,1372,341,906,2682,17012,181,4201,89,2147,1496,2285,3285,483,4221,38,2521,1467,556
6394,193,6268,1095,568,290,1796,13498,348,1787,14,3071,233,1822,2668,690,3485,81,2925,1625,650
6395,1195,9600,2190,206,501,3386,15457,424,2463,249,3935,1662,3329,5843,228,4737,37,3406,1481,981
6396,917,6023,1035,351,389,1741,13370,55,4435,60,2447,1213,2039,2583,117,1975,30,2066,1200,959
6397,1202,8374,1950,330,870,1935,19116,698,3008,81,1341,1209,2443,3242,896,4138,0,3440,2689,456
6398,803,8318,852,395,327,2105,15001,1208,2142,135,3344,721,2445,3831,230,3989,80,2923,2839,970
6399,880,9924,950,214,989,2872,17792,401,2878,236,1601,34,3615,3881,478,3812,18,3406,2611,1014
6400,422,5392,288,482,12,3574,15015,1,1202,3,3005,46,2919,2120,633,3144,30,2402,2464,1042
6401,374,4574,1259,197,626,949,8505,89,1392,108,1853,542,1361,1384,258,1578,47,1165,1105,385
6402,554,1984,1665,691,301,2057,17644,39,2762,80,3333,941,2265,4797,830,3887,91,3407,2152,1110
6403,935,9264,2006,357,513,3930,20173,522,2951,134,4072,1320,3701,4154,1061,4187,59,3588,2057,1350
6404,83,3174,428,110,199,990,4814,26,848,34,1396,94,1230,1868,146,1562,45,1396,635,149
6405,1288,12692,3286,367,457,1939,18272,1359,2633,144,4275,979,3089,5036,890,6338,12,4076,1895,659
6406,215,1152,263,67,3,202,3570,11,362,23,486,174,443,746,180,681,6,396,292,208
6407,967,7983,1539,361,896,2417,21204,736,6714,29,3362,1907,3438,4109,716,3729,86,3922,1890,1268
6408,655,7011,2033,494,781,1824,20810,405,3198,104,3060,836,2096,4754,610,4235,26,2934,2910,884
6409,1605,14267,3566,478,632,3176,31419,1358,5273,187,5281,2024,4394,6315,1258,6027,10,5812,2578,1154
6410,791,6565,527,505,507,1873,15938,417,2162,293,3197,794,2961,4616,599,4488,163,4426,1317,1882
6411,430,2995,1498,268,291,1488,16426,103,2652,25,2322,618,2319,2759,159,2930,91,2802,2322,694
6412,1061,8380,1655,437,336,2628,17629,195,3856,81,3415,1071,2648,4683,659,3116,99,3419,2085,825
6413,1608,16933,4542,855,1801,6312,31395,414,10092,300,2848,2355,4177,7785,1518,12865,84,9557,3669,1969
6414,305,12230,2379,440,1205,1398,25039,663,4057,138,2296,923,2648,4669,738,6168,45,4654,1587,594
6415,694,7261,1175,424,1123,1982,17171,461,4730,128,1421,1372,2736,3586,359,4163,36,2984,1974,1033
6416,705,11119,2627,173,639,2688,21631,288,2993,73,3569,898,2569,4187,417,5255,16,2185,3156,450
6417,1135,10355,2487,478,406,2893,22443,95,2904,44,3534,882,2778,4612,724,4989,46,3745,2511,840
6418,680,8737,1609,444,729,2900,16737,649,3148,91,2701,1060,2670,4114,881,3365,57,2669,2340,838
6419,197,3053,501,253,124,1178,5053,54,1353,14,1131,235,909,1752,45,1373,196,1289,1352,450
6420,279,4109,789,112,350,1304,5706,392,688,37,790,684,947,1662,374,643,9,1791,994,401
6421,1052,8292,739,300,388,2049,13263,145,2203,143,2576,935,1898,4322,249,3748,76,2946,2184,717
6422,408,5448,631,177,412,1660,7776,143,1494,71,1069,260,1279,1800,353,2019,23,2435,1871,479
6423,91,2519,461,166,100,598,1693,15,424,14,449,60,699,1355,83,919,25,892,745,260
6424,680,8064,1840,353,1022,2673,21007,695,5783,45,3363,1790,2699,4871,310,3577,7,3662,2848,623
6425,386,5123,2247,271,364,1408,11223,334,1449,30,2170,441,1272,2378,136,2983,12,1694,774,350
6426,311,2808,355,306,35,1106,5452,30,713,31,1149,150,1073,1430,145,1180,41,1349,1098,449
6427,714,7407,1244,481,254,1840,10144,239,2279,37,2144,248,2395,3427,819,1451,53,2559,2326,541
6428,53,1544,724,54,126,798,3721,25,654,40,1012,80,645,1117,171,1028,16,1011,943,149
6429,168,1613,303,61,52,580,3129,29,589,44,512,106,736,1162,32,895,65,781,399,407
6430,240,2319,424,83,25,1427,4805,63,1801,50,826,339,732,1188,163,562,90,977,817,155
6431,578,6647,1352,320,240,1652,13897,347,3433,104,2001,1019,1693,3013,366,2818,31,2399,1955,262
6432,260,1304,121,101,54,242,844,4,303,21,525,0,591,340,57,303,2,370,176,122
6433,217,3155,748,156,403,946,7119,27,2091,5,1326,598,1043,2119,345,2088,23,714,672,502
6434,192,7106,1713,642,172,3451,18930,216,3729,167,3696,882,2917,4447,471,5013,71,3273,3184,968
6435,468,9307,2427,230,3,2622,18869,292,2694,152,2892,285,2325,3922,544,5223,32,3507,2728,619
6436,383,3936,732,293,126,1474,5668,51,3178,117,1677,890,1432,2226,90,1593,75,1632,1245,382
6437,1403,17485,2525,977,655,4129,36631,598,4732,424,6242,1835,4697,6315,1361,8034,56,5638,3275,1066
6438,42,1085,272,68,44,609,1379,14,253,24,459,156,395,698,9,636,17,735,404,132
6439,85,699,237,13,46,152,1802,57,215,6,223,89,157,308,29,378,0,251,170,53
6440,62,951,456,54,31,360,2142,28,251,10,347,84,354,395,48,589,4,455,306,85
6441,1655,14148,3475,712,892,4432,25660,381,4725,149,5225,1566,4435,7908,1012,6501,101,5782,3492,1148
6442,968,10255,2378,388,2,2841,13853,68,3044,178,3079,893,2297,2939,567,2791,33,3538,2856,719
6443,907,7783,2419,263,718,2395,23072,1029,2827,92,2901,452,2658,3733,289,4706,13,3621,2325,753
6444,725,6160,1149,201,524,1543,11672,604,1812,161,801,368,2038,2189,638,2996,45,2337,1206,715
6445,184,617,294,76,76,566,1659,1,332,7,514,26,411,940,31,519,37,660,498,110
6446,1035,7813,1628,168,854,2487,21602,392,2906,105,2548,1202,2387,5214,382,4346,40,3555,2715,454
6447,858,6856,1494,243,252,2243,15157,266,2250,216,2246,608,2727,3041,778,2728,55,3479,1247,570
6448,1228,13914,3207,509,1793,2653,28996,1549,9220,199,4471,2508,3649,4248,1251,5572,41,5412,2070,1022
6449,609,3847,782,295,253,991,8580,63,836,20,1577,428,1286,2554,255,1566,15,2278,1315,432
6450,268,2591,378,219,85,1067,4317,17,1870,3,1061,385,873,1722,92,1015,63,915,800,222
6451,698,8602,1746,581,565,2657,17116,187,3487,48,2745,1164,2779,4366,546,3799,22,2087,3080,1077
6452,379,4445,238,337,825,2062,15096,642,2704,0,2203,19,2211,3909,376,4040,9,2793,2889,580
6453,693,6712,1391,398,522,2187,14613,189,2009,81,2285,181,2760,5615,684,3111,179,3469,3086,206
6454,451,5626,1577,148,269,1603,10239,335,1752,75,2405,112,1931,2718,284,3004,10,1813,1652,486
6455,385,7405,2963,761,334,4027,35074,1273,4086,234,6327,3,5078,8170,806,7965,46,6964,3219,907
6456,917,5762,1043,404,199,1754,9187,45,2075,96,2199,678,2167,2827,317,2106,224,1687,1828,694
6457,1056,10483,3381,448,596,4383,20113,942,2159,136,3644,2523,3399,5298,645,5274,52,3799,4411,697
6458,960,12512,2566,414,1340,3809,21153,938,9254,214,5104,3571,3933,6281,1429,2558,0,5415,3970,1431
6459,871,9585,2355,263,372,1873,19584,267,2488,20,1976,908,2123,3510,667,4202,25,3444,2902,583
6460,1972,17564,4616,1353,1787,6822,36960,810,8580,1,6151,2353,8445,12098,2884,12404,265,9605,6365,2739
6461,886,14434,2313,537,1285,4367,30226,830,9979,288,6005,2943,4349,6801,832,6677,109,5892,3505,1198
6462,2179,15988,4229,673,997,4532,32689,1327,3425,365,5387,1570,3980,6525,1526,7535,70,5718,3322,1340
6463,539,5167,1696,355,586,1659,11985,184,1702,44,628,574,1964,3370,536,3045,4,2139,1603,677
6464,1463,11235,2039,759,511,3146,23784,1233,7183,402,4627,3066,3063,6515,1417,5167,113,4371,3461,821
6465,294,3418,385,204,326,1540,6152,27,1194,43,1208,223,1252,2388,42,1127,83,1417,604,366
6466,332,2960,469,219,222,1535,1849,0,588,62,1200,102,821,1375,57,1840,145,946,793,371
6467,953,10124,1929,664,993,2518,17092,502,3832,112,2999,1305,2997,4850,852,4717,148,3574,1209,1186
6468,1070,5523,2432,571,577,3641,22681,657,3785,175,3938,1572,2149,5277,400,4156,30,4387,2399,728
6469,1485,12060,2290,716,0,3696,27796,559,3124,165,4967,1473,3936,5040,771,5737,0,5606,3903,1432
6470,482,4732,1479,133,215,1168,11278,423,1557,21,1498,423,1400,1978,194,2200,3,1447,1334,249
6471,429,3147,1155,181,457,1276,6837,38,2666,24,1844,1088,1860,2045,314,1187,36,1807,1119,574
6472,452,4542,1027,181,337,790,12978,298,1829,55,2026,496,1495,2937,602,2710,8,1920,1321,532
6473,421,7919,2040,365,329,1547,16477,110,3048,107,2601,1471,2637,4433,655,4736,7,3426,2134,870
6474,128,921,45,50,2,336,1205,1,98,2,394,50,317,827,9,160,2,512,321,104
6475,150,2319,988,154,81,1245,2746,48,609,56,958,241,1006,1904,175,2061,40,723,544,99
6476,470,3946,845,136,75,1270,7666,100,1419,105,1235,341,1082,2080,382,1672,7,897,1265,175
6477,147,1618,353,47,51,338,3836,39,270,5,501,144,383,708,79,746,2,533,337,71
6478,1559,14351,2207,789,1069,3745,23501,685,3852,336,5108,2256,5515,5173,564,6738,113,5186,2142,1598
6479,355,3871,823,255,255,2116,6239,41,1132,127,1515,394,1486,2252,191,1915,61,1535,1490,577
6480,1204,5612,2073,220,482,2744,22834,887,2662,207,3159,3,3442,4682,910,5785,61,3869,2924,524
6481,1489,13881,2334,259,1234,4235,27137,640,4891,203,4878,2163,5263,7371,1023,6249,158,6923,2434,956
6482,280,2739,958,141,282,788,5385,111,1144,41,1284,414,1224,2017,267,1310,6,1332,530,237
6483,452,5414,1172,416,178,1779,11248,72,2123,130,1580,552,1959,3168,355,2083,57,2342,1213,402
6484,163,2403,567,94,234,1090,5929,15,1926,80,1484,777,874,2061,148,1799,55,1549,942,328
6485,360,3068,930,188,379,1070,8090,112,1025,43,963,236,733,1831,306,1882,12,1322,780,317
6486,789,9640,580,289,762,2521,18860,110,3459,123,3665,1356,3160,3881,1227,3583,162,4906,2772,1241
6487,459,5298,1048,290,431,2032,9760,120,3091,150,1155,1001,1646,2060,306,2679,74,2404,1532,793
6488,1287,12290,2985,442,548,3066,25241,1150,3661,122,3960,1510,3683,5502,440,5735,26,3060,3068,541
6489,1032,9088,1520,570,741,2502,26981,1048,3882,109,4374,1708,2901,3594,920,5949,91,4774,1710,1372
6490,698,6839,1144,328,136,1709,13366,36,1701,164,2390,618,2594,2850,377,2342,91,3604,2380,1134
6491,572,5263,1502,472,785,2188,11566,900,1844,189,2749,604,2258,3230,455,3515,25,2638,1597,882
6492,919,1633,678,451,613,2448,10363,300,3063,172,2423,1907,2214,3813,625,3501,47,2574,2657,817
6493,723,10940,2366,273,1040,3846,16016,847,7477,142,4409,2962,3923,5523,1160,4957,88,5880,2003,1152
6494,466,4364,843,345,557,2153,10981,24,2091,218,2761,990,2032,3389,446,2990,155,2347,1868,709
6495,788,12470,2696,624,1171,3467,27420,1204,4855,196,5166,1320,5469,5214,1093,6256,76,5477,4242,1211
6496,271,2407,811,148,411,920,7490,114,2388,36,1122,1080,1238,1890,279,1532,16,1218,849,318
6497,1389,9522,3647,430,903,3670,25576,850,5295,523,3001,3187,5016,5922,835,5328,97,5554,3227,2226
6498,503,6090,681,507,525,1934,14734,207,2077,196,2480,916,1540,3276,289,3205,11,3070,2085,558
6499,814,10094,1084,301,965,2824,19138,617,2838,151,1609,960,2632,3745,397,3950,39,3685,2954,885
6500,89,765,41,107,68,329,1295,2,498,18,285,40,348,556,36,316,30,453,206,119
6501,627,9404,2042,328,732,2399,18676,90,3305,108,2343,747,2528,4178,379,3719,67,2972,1931,667
6502,440,5219,1283,340,17,2222,12064,113,1978,29,2548,59,2066,3301,566,3217,17,2371,1899,545
6503,349,2445,295,54,82,1332,3869,58,1085,89,1451,188,988,2242,110,1193,36,1563,597,149
6504,1040,12102,2478,854,1333,5010,26061,760,4413,70,5734,1812,4834,4995,961,5909,251,6335,3536,524
6505,1157,21654,3585,607,1121,6277,30100,870,3312,147,4573,1804,4653,6357,1126,10517,269,7198,4563,1803
6506,591,6263,1926,401,648,3279,19661,536,891,215,3549,1023,3810,4993,907,4907,115,2947,2696,1140
6507,77,1104,195,55,8,133,2373,17,290,6,440,29,204,771,19,368,7,590,303,81
6508,698,9053,3049,427,769,2380,19731,367,2933,52,3207,483,2746,3884,649,4650,8,3566,2636,814
6509,597,5312,1381,385,485,2110,15846,413,2273,118,2405,1030,2436,3978,704,3377,15,3572,1605,502
6510,850,7674,2272,793,739,3401,20808,1213,4601,333,5612,9,4205,5059,737,4528,122,5726,1628,1223
6511,247,2156,622,239,92,617,6010,26,927,32,922,325,921,1893,42,1265,24,1287,478,414
6512,511,4517,1247,164,342,1533,4899,103,1847,61,2130,246,1906,2621,337,2602,59,1396,1362,831
6513,33,3641,2128,143,193,1082,12898,601,1807,30,2110,615,1695,2802,453,1372,12,794,1363,478
6514,809,11156,3211,454,484,2641,27261,681,3279,88,4704,1152,2680,4460,637,5070,28,5125,2325,1078
6515,1039,8108,1224,508,538,3022,15741,40,2034,27,3358,1219,3258,5124,517,3125,154,4317,2472,1121
6516,984,10116,1664,464,30,3042,23137,630,3254,138,3502,910,2385,4563,1043,6748,15,5290,3464,1109
6517,699,10811,2828,424,904,3723,21108,411,2918,114,4172,1424,2890,4653,1100,5893,44,4803,2529,1271
6518,995,9998,868,271,946,4800,27598,614,3649,237,4353,1035,3851,4308,554,3752,54,5303,3685,822
6519,989,9898,3047,346,503,1519,25715,532,3439,160,3098,1542,3173,4566,531,4340,19,3137,2023,791
6520,747,7384,1268,407,564,1628,15010,169,5512,189,2491,1315,2826,3493,801,3330,129,3626,2052,1101
6521,448,7509,1575,447,682,2788,11639,206,1664,44,3110,561,2424,2882,485,4333,110,3470,1504,1321
6522,314,8696,1722,602,0,3750,13975,734,3191,201,3165,942,3318,5507,530,4481,82,4019,3127,863
6523,1126,10796,2936,434,481,3061,18886,908,3651,244,4223,1640,3650,5500,820,6376,88,5384,2664,838
6524,511,6726,1601,277,401,638,13706,19,1082,76,2189,359,1730,2789,320,3292,26,2478,1315,757
6525,371,3258,462,238,80,1176,6098,27,1437,76,1661,474,1017,1891,261,1342,76,1742,1329,629
6526,1370,11359,2353,755,487,2430,14150,553,3189,215,4022,943,2936,6111,769,2932,92,5582,3197,1117
6527,91,1351,254,129,59,520,3033,8,1406,98,502,129,492,883,116,558,11,531,275,254
6528,740,7614,1047,289,201,2073,13050,160,2155,70,2257,1008,2183,2442,365,2920,40,3455,1535,662
6529,94,674,93,104,66,293,948,1,474,21,417,205,302,808,9,438,12,505,342,45
6530,644,5810,2122,191,30,3072,16078,312,2382,71,2907,936,3024,4907,851,3714,196,2361,2096,879
6531,1386,16638,3191,609,1324,4822,26233,632,3100,231,6333,2510,5350,6606,684,8008,88,5945,4728,1866
6532,361,2933,998,92,287,1107,7595,153,948,34,1459,349,1093,1628,121,1919,19,1307,1048,411
6533,101,8982,1075,478,815,2601,2473,56,2295,50,3615,221,2507,5471,257,3920,20,5189,1365,1229
6534,284,4527,1040,328,176,1848,10593,60,1928,143,2350,528,1505,3235,548,1877,73,1891,698,351
6535,1289,9098,3249,180,1384,2781,24315,5,7109,20,3010,1894,3887,3392,1077,4940,49,4418,2994,1077
6536,401,2043,306,107,47,712,4625,197,1225,10,942,218,803,1347,137,1181,9,1018,242,158
6537,1511,10304,2777,266,986,2785,22403,309,3847,13,3427,1563,4422,5172,1577,6193,19,5069,2920,779
6538,139,1790,290,103,223,602,4599,37,1254,11,551,355,539,1021,89,1252,7,574,736,111
6539,1377,18019,3674,432,1490,4719,23016,325,8230,166,5236,1354,6305,6254,1946,8781,52,8673,3629,1810
6540,406,10018,2024,268,588,2323,21377,920,2547,59,2535,714,2442,2711,1076,4590,27,2420,1748,836
6541,589,4310,625,223,113,1541,5250,33,1244,72,1375,86,1325,1302,100,1954,20,1437,1674,389
6542,854,5412,1731,167,326,1086,13637,72,1633,20,2246,974,2259,2492,392,2520,20,2245,785,609
6543,868,9243,1545,449,576,2266,20738,134,2047,179,2396,1340,3168,4133,345,4083,62,3068,2908,1154
6544,105,989,158,26,46,340,1994,119,445,19,391,137,356,568,84,504,9,491,322,50
6545,196,1415,337,157,125,1020,6630,15,831,2,896,85,1007,1379,168,991,65,1053,894,399
6546,603,9374,2018,342,367,1522,21877,472,3290,109,1248,0,1921,4188,510,4194,4,3724,1465,662
6547,886,11451,2307,642,369,2829,23473,524,4346,26,4212,1052,3520,5745,1250,6049,59,3803,2465,1177
6548,199,2492,433,93,67,626,5606,127,625,27,824,211,763,1114,90,1537,2,845,302,120
6549,313,3714,493,290,153,398,5134,52,549,52,1325,341,1295,1594,220,1571,25,1445,441,304
6550,307,3746,545,100,404,1148,6342,79,2274,77,1055,637,1289,2320,130,2002,48,1653,1265,535
6551,663,8014,1565,320,461,1505,9403,147,2605,194,3570,760,2209,3289,391,3343,117,2590,1490,759
6552,60,859,31,114,42,260,849,0,262,11,510,50,370,707,19,363,9,364,130,126
6553,303,2155,930,67,186,789,4474,141,884,117,1344,427,1062,1637,219,1881,17,844,434,350
6554,925,20297,4004,684,1081,5137,38562,1560,2812,49,4775,702,5290,5901,1182,9158,38,8581,2053,1938
6555,1033,10157,2006,575,520,1846,24184,853,2615,124,3614,972,3481,3645,1151,4004,18,4124,2381,692
6556,175,1475,417,62,145,488,3447,13,430,38,713,184,577,734,45,769,4,655,429,143
6557,302,2478,376,251,118,805,3495,4,846,46,1395,116,871,1826,81,990,54,1023,755,494
6558,1061,6246,1756,340,252,2843,13410,169,1661,97,1442,703,2565,4153,198,4348,28,3001,1840,521
6559,694,6404,1227,308,190,2411,12948,106,2148,191,2990,712,2435,3322,174,1252,69,2756,1299,889
6560,763,7527,3381,460,1500,1793,16739,351,6300,1,3759,1590,3356,4758,1094,5972,44,3452,3010,403
6561,570,5510,1419,244,336,1911,13183,375,1830,129,2315,190,1766,2912,358,3136,13,2489,1584,480
6562,405,3026,456,387,2,1157,6510,114,1521,68,1313,276,1354,2156,322,1277,73,1597,892,442
6563,442,7977,1560,165,346,2145,12382,121,2842,140,2946,629,2101,3577,308,3007,79,2831,1213,856
6564,993,11852,2326,361,1669,3022,25140,814,9124,67,4316,1624,2902,6024,746,4861,50,4713,2071,1474
6565,802,8764,2513,379,520,2342,17716,812,3093,19,1929,150,3592,1911,664,2631,31,3195,1112,786
6566,968,12408,2582,854,332,4208,25263,31,1741,214,4348,851,4476,5311,436,6885,76,5827,2570,1322
6567,943,4698,463,193,188,1590,4912,5,1937,160,1851,493,1806,2018,323,2427,7,3044,1685,759
6568,501,3181,1115,231,248,2007,8388,209,3992,125,1836,1183,1743,3471,530,2062,20,2411,1765,719
6569,210,1009,347,183,0,684,4966,36,308,65,901,201,728,959,176,746,17,890,745,152
6570,631,4040,877,388,32,3285,19928,306,2277,54,3619,1281,1684,4184,585,3989,33,2445,2067,770
6571,2110,12428,3033,705,1001,3231,33191,842,6051,154,5072,1863,5489,5197,516,7034,34,5461,3807,1332
6572,1386,11274,1991,752,831,3834,23105,626,4104,176,4886,777,3665,5204,805,5601,171,4671,3514,1223
6573,2315,17395,3896,1186,1714,6029,34934,1242,4829,548,8479,2594,6966,8275,1783,11174,240,5550,3745,2622
6574,164,3094,654,64,45,876,2638,23,1274,45,457,12,1361,2532,39,1301,48,1550,667,471
6575,400,2245,853,213,139,1178,8354,62,1106,27,822,428,1226,2396,157,1834,79,680,1297,385
6576,392,4058,660,198,476,1302,8773,336,3161,65,1597,711,1470,2255,324,1909,20,1501,462,703
6577,593,4449,957,72,146,1312,11860,433,1102,56,2149,397,1331,2931,215,2880,29,1788,2070,542
6578,657,7905,1701,461,960,2487,14056,238,5528,105,3094,972,1656,2077,460,5228,28,3148,1175,739
6579,164,1130,69,40,132,317,1704,21,1068,18,473,186,382,480,86,545,53,684,382,160
6580,745,8161,1219,328,675,2224,12883,314,2447,185,3209,741,2563,3729,333,3585,76,2955,2201,650
6581,185,2324,525,116,118,493,4840,104,646,20,867,273,614,1336,133,1130,4,853,575,175
6582,216,5692,1719,127,0,1470,7727,173,1682,38,2044,779,1319,2819,406,2626,19,936,1884,453
6583,1008,6205,1305,168,232,1931,13646,184,2023,8,2288,1075,2373,3608,849,3011,26,1896,2570,503
6584,392,4580,741,260,178,1251,8572,369,1647,97,1214,371,1764,2438,295,2222,23,2035,771,413
6585,782,8155,675,126,1204,1927,18487,705,2744,4,1865,582,2548,3440,214,3806,59,1356,1098,505
6586,846,7505,1567,313,620,2131,20901,336,2649,75,2606,618,2585,3206,513,3024,69,2360,1850,412
6587,470,5146,822,255,4,1129,9068,175,1399,19,1252,637,1282,2546,260,2316,26,1484,1087,401
6588,632,4246,620,150,579,1095,10930,253,1478,62,655,675,1426,2302,71,2291,2,1252,1246,140
6589,849,6564,2299,199,1455,1199,15547,343,1595,57,1877,31,1345,3620,433,3599,10,2895,1619,667
6590,375,2042,650,65,196,526,5677,251,950,69,829,616,632,1205,172,770,3,995,471,186
6591,1362,6472,1751,274,5,3403,26482,1502,3282,189,4173,943,2892,5030,825,4186,59,4472,2946,1134
6592,623,8297,1743,283,543,2250,15895,679,1779,77,2133,531,2474,3348,290,3945,29,1598,2059,603
6593,825,10434,2439,322,233,2918,24548,1248,2744,111,3404,1362,3261,4738,756,5642,0,3920,1876,1108
6594,958,8795,1442,435,477,1643,16857,580,2211,119,3207,647,3196,3495,615,3977,110,3834,1822,870
6595,745,5715,1837,187,643,1973,17881,297,2406,72,2165,958,1735,3502,375,3207,12,1841,1536,682
6596,732,7473,1436,386,612,3556,13343,159,2004,128,2678,535,3713,4405,471,4578,171,3613,1929,725
6597,439,3701,833,315,292,1503,7232,104,2355,90,1135,817,1183,2734,287,1744,81,1694,1820,373
6598,1146,7382,1664,167,743,2636,16489,605,2442,130,2563,682,3116,4252,426,5243,160,4009,2182,892
6599,482,6734,1429,444,556,1685,7624,210,1879,82,2250,383,2076,2263,345,2356,11,2865,2312,456
6600,456,3247,479,455,267,1054,8089,187,1439,150,1915,246,1621,2678,338,2510,144,2165,1207,614
6601,355,5370,712,100,0,1768,6065,34,1420,91,1822,45,1531,2190,24,2103,59,2379,1488,439
6602,605,6208,1678,170,498,1660,17660,50,1613,106,2505,862,2240,1764,584,3264,7,2341,1506,875
6603,1004,13632,2223,389,797,1751,23777,276,3798,240,4850,926,3762,4219,935,7094,85,5883,2369,915
6604,423,4077,759,175,127,1897,9389,126,2008,74,2098,434,1430,2348,343,2415,77,2439,1169,542
6605,717,11666,1641,912,663,2755,21464,618,5175,332,4574,2056,5418,6882,1418,6696,195,5117,3890,2112
6606,645,6693,1303,393,57,2651,9426,29,2029,101,2123,581,1435,3628,303,1737,79,3163,2395,576
6607,57,1081,118,34,77,156,1140,64,465,14,397,66,417,377,48,407,17,719,177,183
6608,1181,8115,977,464,877,3137,18317,472,5906,219,3557,1302,2766,4493,953,3387,34,3458,2712,1085
6609,555,4689,1148,294,326,1521,5628,202,2160,17,1458,518,1745,2361,287,2240,6,2122,1235,510
6610,899,9052,1805,557,207,2032,14131,276,751,116,2988,385,3205,4611,354,3915,56,3877,1871,863
6611,277,3009,555,312,113,1015,6374,10,828,128,1535,207,1399,2312,365,1503,240,1446,905,348
6612,162,1179,175,40,48,320,1355,23,464,57,358,131,255,304,131,470,5,464,397,133
6613,850,10229,2170,810,610,2910,20972,144,4168,363,4339,751,3006,4607,739,3812,106,4914,2749,1528
6614,301,7424,1699,287,241,2455,18878,493,1413,31,3695,1112,2396,3563,356,4179,12,3397,2102,478
6615,1162,8251,2303,227,866,3080,19951,614,2609,53,3260,872,2717,4569,185,3812,11,4193,2587,1484
6616,1194,10224,3392,341,552,2774,27192,843,3699,70,3371,1000,2939,4726,504,5181,12,3645,2763,567
6617,558,262,1724,147,857,1475,14111,184,1448,96,2569,474,1746,3244,316,2301,1,1938,2604,532
6618,1352,8093,1972,149,0,2201,22111,636,2299,115,3317,76,2156,4467,405,3710,35,3251,2043,519
6619,599,5588,759,305,1089,2202,15478,145,2621,215,1779,1200,3167,4465,323,3678,81,2597,2351,537
6620,828,7278,1354,235,343,1694,15055,545,2480,112,2503,797,2631,3877,745,3471,24,3331,1492,929
6621,1199,6986,2741,384,621,2575,12644,958,1874,149,3248,530,2377,4683,415,2370,5,3320,1548,481
6622,756,10188,1762,444,791,2864,14632,975,2272,57,3250,1074,2775,3587,574,4686,184,4176,1525,1075
6623,550,4946,1025,211,228,1757,9567,14,2321,86,2376,492,1175,1935,270,3349,79,2262,819,377
6624,540,10162,2019,475,12,2437,22959,499,1897,167,3102,1433,2746,4758,942,3684,140,4237,2076,875
6625,151,1467,479,182,77,847,5366,58,1032,64,728,288,939,1490,144,1258,20,1015,794,351
6626,275,1043,123,219,27,790,1913,22,458,31,907,44,483,673,28,854,18,548,378,301
6627,489,1953,450,62,40,383,6306,428,1195,65,1132,444,733,1442,111,1545,6,1426,991,128
6628,1339,10562,3124,320,593,4053,29936,1136,3721,255,3651,1459,3786,5780,686,5172,88,4844,1783,1006
6629,869,6454,1784,245,1676,2148,16892,287,3872,57,2472,665,3038,2719,720,4484,84,3702,2898,756
6630,436,3158,354,288,42,1126,6029,33,1078,39,1311,306,915,733,140,1259,82,1295,876,324
6631,829,13509,2334,422,544,4660,12091,245,2499,83,3369,1324,2183,5403,807,6190,92,4365,3422,953
6632,789,6144,1910,694,235,2885,18917,105,3032,127,1625,685,3370,5215,583,5089,104,3208,2939,1645
6633,1105,9140,1221,302,332,2387,15965,277,2765,65,4239,983,2397,4339,245,3684,14,3409,1707,694
6634,127,723,43,100,83,341,1026,0,541,1,336,79,289,905,18,340,13,386,363,126
6635,1630,14597,1931,955,639,3807,31754,394,1171,353,6346,1849,5366,22974,1285,7805,26,5905,2698,2006
6636,176,3078,883,180,223,1428,5888,9,1171,9,1072,220,1112,1732,300,1781,65,2557,1652,407
6637,672,7025,1389,225,1024,2348,10716,111,5626,57,2615,824,2541,3429,624,3776,15,3109,1559,853
6638,215,1244,399,92,121,721,4428,108,1825,38,974,387,545,1195,70,881,19,716,622,347
6639,331,2757,438,105,214,976,7395,21,1030,49,980,211,810,1519,308,1568,15,1277,906,337
6640,209,2352,807,87,258,781,5549,89,954,48,992,252,865,1452,182,1422,15,1071,846,206
6641,467,5226,980,199,422,1796,7279,108,1619,145,1933,992,1745,2840,601,3110,8,1988,1932,468
6642,713,7738,1582,600,438,2093,18014,493,1006,76,3217,544,2441,4269,692,3751,108,4290,2302,765
6643,355,8159,1126,460,765,1891,10927,88,5078,231,2262,1628,2654,4646,296,3744,86,3671,3033,1190
6644,787,8877,1898,477,639,1800,10420,598,1793,64,3538,766,2614,2706,310,3506,29,2718,2428,686
6645,265,2859,876,152,387,762,7687,371,2143,51,1385,661,1146,1333,113,1480,8,230,553,337
6646,778,10309,1660,249,304,3281,14615,353,1819,249,3322,930,2825,3611,793,3578,41,3582,2379,770
6647,546,4632,1188,77,242,1457,4615,184,1483,124,1651,505,1781,2545,320,2324,16,1246,1374,412
6648,96,1150,640,88,0,829,5249,100,19,8,842,475,770,569,159,822,18,1161,457,202
6649,71,1246,241,61,41,381,2188,44,345,2,511,245,208,357,171,388,1,521,276,76
6650,338,5631,1525,233,256,2048,8567,127,2247,96,2764,811,1757,3406,489,3107,38,2535,1997,401
6651,1221,8648,1702,563,722,3046,21833,408,2688,165,3263,702,3298,3367,843,4282,129,4829,1744,1022
6652,1122,9905,1360,363,580,2952,19537,382,3531,116,3273,1882,2845,4086,232,3625,7,3765,1333,1065
6653,111,823,290,30,76,242,2388,97,345,11,306,101,259,400,25,458,5,308,253,70
6654,502,2416,334,232,347,1271,4618,18,1418,87,1167,418,888,1607,85,1790,158,1496,1228,808
6655,146,3170,312,185,6,1559,6224,32,1405,73,1059,325,1223,1982,194,1298,79,1197,1124,272
6656,1118,9824,1842,413,249,3142,20977,278,3672,102,3603,1430,3669,4564,474,4507,54,4395,2569,1240
6657,1022,12524,2046,442,298,3352,13806,411,1570,175,2113,721,2475,5145,799,4850,78,4495,3425,1087
6658,454,5280,1246,39,436,2150,9181,239,3585,96,2303,1276,2135,3022,766,2866,99,2146,1408,620
6659,942,5496,1288,417,599,1248,8469,58,1075,35,2553,658,1388,2169,276,3059,3,2609,952,536
6660,381,3405,877,239,179,1253,6972,105,1185,24,1382,209,1044,1897,188,1544,15,1159,1276,476
6661,1295,11566,2758,1307,732,6083,32949,492,6867,473,5003,1460,5507,8430,871,8732,67,8147,4037,2347
6662,363,10557,2090,607,379,3259,24695,438,3307,166,3077,1350,3330,5113,927,6018,67,4359,2853,1529
6663,250,1026,347,153,82,496,4376,235,835,39,702,462,728,1624,285,1108,0,964,636,325
6664,599,6773,1679,218,277,1731,15319,450,1379,64,1996,1045,1744,1488,506,2918,32,2388,1260,361
6665,341,2601,451,276,231,594,3269,52,1636,17,1006,402,919,1811,71,1023,111,987,814,488
6666,202,1896,240,112,0,504,4193,30,779,67,784,142,549,1300,119,1149,9,1044,464,177
6667,657,4441,920,124,99,1291,8928,25,256,55,1497,700,1264,3029,331,1754,77,2158,1059,491
6668,473,3072,780,310,788,1846,9467,90,3566,117,2219,733,2005,2676,421,2068,47,2362,1476,680
6669,373,1830,138,185,68,444,3392,21,499,28,1034,217,891,1196,107,774,54,919,614,293
6670,310,4976,557,162,575,1637,9377,221,1919,55,1465,690,1680,1373,21,2301,36,1573,2292,304
6671,824,6038,1682,278,691,2070,15648,229,2698,138,3350,1184,2470,3712,465,3468,19,2673,2741,569
6672,749,9686,1656,276,1012,1972,18141,480,6139,114,2789,1600,2530,4005,626,3118,54,3251,1786,928
6673,1591,14383,4887,455,852,3408,37447,1277,4944,104,4883,1302,4381,5804,738,7330,10,4835,3387,897
6674,825,5968,1256,371,237,2065,13339,66,2460,100,2050,972,1802,2934,297,2791,33,2686,1590,550
6675,536,5166,1676,152,259,1206,13373,408,1682,44,1530,462,1404,2165,222,2401,1,1717,1547,297
6676,276,1544,439,91,161,536,4178,118,545,34,571,156,588,3198,178,629,14,688,688,91
6677,569,7084,678,334,546,2194,11878,152,5327,86,2115,913,1601,3350,382,2544,23,3319,2038,474
6678,342,3839,783,177,0,953,7448,177,1119,37,1561,379,974,1899,247,1484,2,1381,786,253
6679,336,3055,662,185,8,993,7068,153,1275,102,1291,7,1120,1753,262,1892,20,1104,710,324
6680,177,2127,938,85,122,562,1971,52,522,6,568,117,409,806,70,812,10,1050,717,255
6681,434,3828,1062,199,196,1073,4670,38,1769,124,1818,1084,1370,2602,390,1523,39,1902,1150,367
6682,450,6307,950,241,365,1446,11472,17,2226,236,2561,1037,2022,2768,959,2430,92,3186,1825,1002
6683,967,9021,1694,495,352,1610,18454,564,2477,8,2803,1366,1331,3673,650,4234,76,3057,2930,859
6684,407,4668,1017,61,291,1924,13020,412,1466,67,2188,455,1016,3275,187,2580,20,2570,2137,556
6685,743,11443,1753,394,1885,1844,21801,721,6695,243,4128,1531,4594,3576,1251,6762,302,5527,2705,1393
6686,69,3418,1547,123,289,883,10050,237,1583,22,819,248,915,1976,144,2157,3,1252,1464,184
6687,599,4246,1597,427,334,1822,14795,545,2466,140,2016,1291,2321,3793,680,3518,14,3108,1721,840
6688,720,3874,464,283,343,1274,12116,163,1994,58,1848,557,1970,2979,376,2866,19,2156,1484,751
6689,862,8264,2332,152,545,2756,19685,351,3409,230,3482,1029,2814,4277,684,4003,3,2662,1554,369
6690,278,2846,777,129,229,706,6504,201,1163,63,883,322,1244,1922,199,1320,12,1209,773,422
6691,529,5534,1127,405,303,1915,12052,3,1973,208,2459,641,1899,2798,310,2818,34,3154,764,942
6692,1740,8625,1402,386,1670,3873,28416,1270,5557,291,3048,0,5537,7245,707,7608,45,7289,988,2277
6693,279,3956,333,244,17,1156,4894,13,1578,49,1300,209,741,2293,147,941,20,1265,1031,305
6694,692,8298,787,603,354,2030,21984,521,2413,217,3393,1074,2842,4076,52,4015,20,2839,1702,714
6695,179,1445,399,74,100,347,3361,79,558,12,620,80,285,776,166,848,0,560,293,163
6696,319,2607,337,146,128,943,6462,95,1061,78,1215,480,1134,1573,429,1279,16,1457,591,382
6697,329,2287,395,158,41,926,3427,6,866,8,814,139,946,1275,104,1003,42,658,1330,246
6698,774,10232,2037,493,984,2569,13875,984,3378,59,3240,836,2425,4646,686,4979,49,3769,2679,815
6699,532,8812,1286,377,627,2841,17011,490,3586,41,3060,1565,3164,2860,727,4466,49,2961,2780,1071
6700,754,8536,3217,380,550,2197,20620,75,5905,52,3001,1416,2598,4262,660,4729,11,2126,2902,686
6701,495,5899,766,338,275,1790,8870,387,3549,88,2122,936,1809,3203,263,2729,55,2196,2019,589
6702,1168,10275,2618,405,411,2782,23129,1324,2921,179,3952,1004,2673,5132,592,5583,55,4592,2544,483
6703,90,686,272,19,56,166,1797,63,262,3,232,84,189,324,14,363,1,263,192,43
6704,1487,16718,4273,1150,1290,7822,18710,1823,9083,279,9247,2640,6607,11632,1439,12577,166,12302,5406,3181
6705,201,2217,624,215,17,1001,3897,19,951,23,1461,14,687,1480,87,1020,65,783,730,433
6706,345,2147,243,209,111,705,5008,98,936,69,1143,279,1159,2353,239,1108,32,965,640,86
6707,472,2523,641,85,360,1161,7349,358,489,62,1326,933,1327,2160,358,2437,2,1862,509,480
6708,374,3250,597,231,139,1089,3323,26,994,14,1126,269,920,1068,167,1551,20,798,1253,402
6709,550,3898,1412,442,630,2224,22704,379,2987,88,3263,962,2182,2689,540,4092,50,4045,1310,814
6710,356,5316,1180,402,440,1235,13654,32,1687,0,722,634,1201,1622,880,2782,106,2231,614,425
6711,1228,7265,1873,464,929,2046,8935,1122,4033,122,2414,769,2881,4030,542,3552,33,3395,2019,511
6712,1201,7033,1384,269,460,3625,24235,849,4578,178,4714,1613,4220,5957,1433,5722,179,5636,1974,1653
6713,188,1172,120,169,121,1052,4929,18,1447,3,1779,365,968,1425,123,1032,61,1182,641,3
6714,838,10024,2189,524,397,4670,18323,150,2232,85,1870,994,2304,6594,464,2810,99,5586,3388,1117
6715,62,883,122,84,43,325,953,7,507,9,315,80,330,398,26,356,23,270,244,120
6716,1052,4323,1104,206,470,2045,20317,1281,3147,189,3628,1221,2813,3940,323,3972,30,3327,2099,1057
6717,175,3434,908,124,422,689,6401,255,1160,43,885,80,957,1312,173,1363,15,1267,772,291
6718,126,1788,460,138,148,483,4137,278,897,86,1396,144,990,1139,256,1249,7,1084,646,324
6719,239,3504,669,181,75,1411,2713,5,596,87,737,191,1183,1299,29,1803,62,1565,586,512
6720,1290,13030,2567,427,486,2919,25044,967,2542,77,1330,1219,3362,4715,553,6322,17,3637,2306,1207
6721,750,7053,970,226,547,1688,14359,378,5727,18,3517,1723,1746,3864,106,3696,24,1683,2151,613
6722,1617,12294,2228,666,1564,3942,25895,543,9759,97,4029,4000,4199,5644,1278,5366,24,6235,3365,1279
6723,848,4589,2050,141,182,2041,11857,409,2902,108,2820,1093,2040,4017,621,3537,29,2603,2056,686
6724,252,5813,943,318,721,1081,5582,185,1963,37,2381,514,1955,2946,616,3262,42,1520,1551,491
6725,1365,11609,2233,546,714,3427,24074,878,4584,134,3764,282,4353,5773,929,5960,64,4075,3262,1497
6726,288,1716,221,96,321,604,6036,118,971,55,708,284,1271,279,315,1510,11,1001,491,456
6727,539,5002,869,295,537,1650,9150,304,2139,75,1772,269,1644,2737,188,2767,80,1843,690,513
6728,256,815,303,183,37,688,2590,3,423,28,1239,110,436,1106,62,612,85,938,365,254
6729,1122,19337,827,396,1431,4264,28125,926,4265,49,2954,70,4079,5841,959,4506,169,4934,2661,494
6730,764,8192,935,300,143,2004,13382,4,153,144,1738,941,2521,3866,894,3353,88,2907,1177,669
6731,473,7513,1497,430,36,2208,11011,154,1633,66,2232,638,1881,2839,524,3002,291,2934,1163,835
6732,278,2938,293,181,109,897,2758,10,974,34,1197,385,812,870,106,899,73,870,895,329
6733,378,2554,727,206,345,1297,5278,2,1875,87,1761,408,1082,1015,49,1415,115,200,745,302
6734,281,1794,448,260,43,1347,2672,16,2677,53,1287,375,1010,2018,208,1470,13,1497,604,484
6735,60,678,146,63,34,288,1661,30,325,9,273,87,375,418,53,389,3,383,132,85
6736,521,9505,1804,264,515,3022,22952,801,3868,225,4008,1373,4060,4888,1094,5203,27,4543,2911,963
6737,1275,11610,1892,512,260,2125,19288,1080,2997,113,3422,1599,3794,2893,735,5614,45,4757,4063,916
6738,211,4334,813,233,293,1216,6160,49,1485,70,1010,441,1451,2022,328,1691,26,2145,1012,582
6739,953,9123,1948,459,1673,2574,24861,349,6857,99,3285,1474,2806,4498,1032,4502,22,4059,2734,856
6740,1002,9184,2608,538,252,2424,23209,617,2936,97,3343,65,3331,4639,551,4385,1,2808,2545,1003
6741,1132,10739,1762,237,305,2528,24354,1010,3782,148,3330,1408,2381,4511,551,4529,47,3922,1979,1159
6742,122,1991,138,221,106,759,2725,3,620,15,900,110,581,1323,35,811,38,1156,542,233
6743,185,1102,354,44,143,312,3382,113,450,7,437,243,401,580,51,963,0,494,504,109
6744,582,6695,941,457,210,1288,9188,41,1418,148,2584,516,1555,3383,385,2311,172,2298,1302,527
6745,803,5653,1423,384,322,2702,10163,32,1726,188,2839,629,2357,3070,237,3385,111,2476,2422,967
6746,110,1405,357,1,65,406,3651,19,1138,4,467,390,538,922,49,893,0,424,108,99
6747,479,3913,701,473,258,1781,9474,63,1386,180,1922,291,2509,3068,304,2432,242,1544,1584,1068
6748,438,4801,1082,335,0,1698,10772,117,1691,122,2424,444,1435,2984,271,2473,144,2848,999,850
6749,457,5801,689,345,260,1978,10610,78,1900,24,2048,589,1900,2755,629,2025,156,2197,1389,499
6750,1270,6690,959,554,1494,2811,21286,747,4800,252,3572,8,3476,5503,1114,4002,41,3648,1400,784
6751,695,6637,1262,327,490,1667,14910,177,2183,116,1871,90,2326,2992,908,3478,4,2984,1695,685
6752,597,6730,1311,297,366,1277,12422,592,2212,70,2255,636,2196,2567,666,3004,56,2643,1359,714
6753,315,2460,468,171,42,812,5925,146,844,92,707,245,884,1502,296,1697,31,1073,534,298
6754,594,8947,1684,562,111,3426,15481,179,3272,158,4270,1795,2646,4803,795,3503,68,3949,2913,921
6755,1105,9085,1689,516,808,2411,19512,301,3120,81,3099,810,2732,4310,626,4230,50,2921,1935,816
6756,1122,7510,2198,710,784,3555,27063,762,6819,300,4283,3982,3003,5770,1174,4856,64,4402,4215,1776
6757,608,9661,2143,133,1003,2929,25164,153,6724,222,3877,2288,2824,5004,643,5030,42,5010,2945,896
6758,249,2954,620,216,78,899,4285,13,1175,43,1273,262,909,1985,41,1338,0,1516,1241,186
6759,441,6214,742,237,506,1729,8378,11,4363,254,1197,507,2161,1595,488,3002,194,2155,1074,1114
6760,500,6366,796,398,337,1362,15395,197,2230,199,3069,812,2595,2940,802,3100,50,3317,1908,700
6761,331,2139,238,91,0,1023,1889,6,740,46,511,109,701,1474,8,943,16,542,487,217
6762,591,4919,785,352,486,1644,9912,5,3940,22,1661,1145,1834,2663,387,3125,97,2435,954,600
6763,491,4430,1436,247,174,1860,11998,105,1937,171,3121,1,1920,3077,343,2853,99,2316,1590,858
6764,964,5830,1327,345,492,1401,14545,515,2083,41,2857,1009,2492,3263,595,3596,20,2683,1224,415
6765,143,3628,615,168,147,622,6871,368,1074,48,1318,430,1158,2048,45,1471,6,1110,750,285
6766,102,1019,220,62,47,238,1971,43,390,0,262,40,332,476,47,515,1,334,182,115
6767,380,5281,1388,342,710,977,13927,178,4071,37,2564,924,1791,2351,283,2510,9,1893,1480,183
6768,1244,8618,1429,556,577,2577,17706,121,2592,111,3268,734,3213,4279,590,4800,18,2397,2008,538
6769,132,1587,489,43,77,670,3431,155,1166,52,728,181,604,696,82,563,3,517,335,68
6770,879,11134,2709,457,385,2442,22084,301,4111,109,4056,1200,3182,5005,1064,5064,33,4135,2726,1100
6771,1354,10203,2838,518,992,2891,12856,643,6659,253,4245,1670,4653,5114,1009,5086,88,5080,3159,1568
6772,599,13870,1795,363,1173,3624,17284,885,1810,156,3287,252,2172,5855,873,5679,48,4575,2049,1471
6773,902,3160,811,467,273,2870,16273,350,2477,201,2841,749,2546,3196,650,3358,70,4010,2481,1487
6774,768,6620,1031,383,309,3277,10596,107,1100,121,1636,829,1828,3220,292,1843,165,2818,2008,890
6775,635,10201,1757,430,15,2512,17380,245,3258,152,3325,1288,1995,4290,696,4444,84,3739,1602,847
6776,278,3739,884,288,294,1185,8780,179,1133,68,1573,520,1644,2233,431,1830,111,1182,1199,454
6777,265,2715,325,143,58,1128,4217,0,288,141,931,145,1074,1535,98,1201,110,1417,807,229
6778,838,7192,1819,396,235,2717,14489,150,2202,180,3232,679,2332,4826,702,3584,52,3611,2905,921
6779,155,2082,455,212,144,1252,3045,13,1277,23,612,314,723,1079,45,1039,26,882,516,204
6780,319,1238,0,78,54,414,1968,58,20,32,711,102,484,773,61,4,12,311,101,92
6781,1134,8525,1453,592,449,2305,19355,95,3901,139,2914,903,3308,4136,256,5331,49,2903,2086,489
6782,1131,6968,695,230,423,1892,14301,643,1991,131,1731,1168,2459,3430,560,3199,1,2493,1567,683
6783,531,2406,785,155,734,1505,9910,157,2754,32,1715,604,873,2256,290,1372,8,1833,311,393
6784,861,8452,2272,408,361,2597,14865,736,2378,102,2407,867,2484,3252,342,3895,12,2941,2312,651
6785,325,4241,954,263,148,1810,10477,15,903,18,1524,0,1400,2716,325,1921,55,2105,981,255
6786,111,520,184,79,37,401,1968,21,324,23,398,52,331,556,67,498,26,420,359,84
6787,1727,15373,2409,314,906,4901,34435,703,6770,55,3648,988,3709,7560,615,4520,74,5429,3464,1067
6788,55,854,126,49,42,290,2047,16,364,23,274,164,307,352,55,401,3,422,187,107
6789,771,7242,1380,325,848,1909,16226,507,3046,145,2886,731,3296,2573,789,3804,46,2470,1501,1149
6790,345,3011,922,359,287,2255,12420,212,199,55,2358,1075,1386,3165,214,2107,7,2074,2337,773
6791,1072,10531,1687,374,608,2803,15806,304,2808,49,3513,706,3125,5345,199,4512,113,3267,1822,1192
6792,430,3534,926,256,85,1089,8811,37,1636,63,2014,404,1520,2277,311,2036,5,1509,665,259
6793,580,7773,2028,427,214,2190,18908,377,2616,206,3469,803,3541,4491,1192,3947,77,3252,1783,504
6794,722,5947,1298,653,6,1850,6352,128,2044,193,3190,1855,1938,2289,323,3761,59,3858,1280,1108
6795,579,7266,1981,263,317,1351,19307,487,4808,49,2150,1282,2229,3659,252,3322,75,3430,2415,769
6796,478,3450,230,121,82,593,3642,20,436,41,1297,149,894,1238,42,996,50,1300,1098,444
6797,241,1444,383,133,106,242,4311,100,1577,38,967,346,705,1084,182,889,8,638,483,308
6798,2100,16807,2773,871,286,5517,29459,1687,6768,338,6781,2800,4358,8755,1896,8201,55,5784,4817,2368
6799,685,6522,1087,444,394,803,7568,146,1931,87,2005,1,2168,3135,521,1414,1,1610,1770,922
6800,1025,8958,1679,548,644,2975,20112,376,3260,176,3088,920,2930,4606,603,3262,344,3768,3027,1118
6801,918,7844,1710,534,372,2856,13474,153,2943,80,4046,595,3069,4575,610,4536,169,3980,2724,1236
6802,1183,15280,3232,414,3404,3704,24640,1,4568,185,2853,1570,3714,5351,1333,7880,85,4687,3779,1489
6803,148,655,1,0,1,175,3762,113,291,0,4,1,295,659,8,778,0,144,353,0
6804,881,2366,1135,495,171,2434,15759,399,4700,242,2894,2205,2128,4554,64,3918,71,3892,1812,1390
6805,1530,12823,2521,770,799,4425,20886,1265,4048,99,4770,1087,4110,5087,641,5913,66,4170,3778,1021
6806,851,11506,2072,362,1423,2249,28319,619,4501,167,4452,2062,4390,4312,758,9589,16,6878,2604,1692
6807,744,7384,1769,437,484,2934,18810,311,3390,183,2989,550,2496,3923,838,3143,145,2750,1689,1326
6808,288,3263,1419,55,130,848,7302,122,669,9,954,79,635,1135,112,1548,1,1055,709,185
6809,923,11759,2387,445,425,2728,19332,479,2914,113,2794,1475,3339,5586,729,5529,19,4206,2332,893
6810,112,1826,241,52,121,447,2076,1,746,11,831,115,480,957,12,471,64,771,328,318
6811,114,947,335,38,71,201,2553,82,373,7,313,112,270,463,33,483,0,342,235,73
6812,1421,10193,2874,333,577,3038,22582,291,3202,251,3680,244,3056,3975,919,4130,30,3946,3134,1255
6813,129,656,400,36,104,295,1789,9,491,5,218,140,537,292,151,704,38,863,354,129
6814,451,3497,709,132,155,1270,6604,33,1266,89,1564,407,1486,2067,235,2112,183,1532,1267,449
6815,1117,13284,1715,393,1169,2970,31771,1484,4375,226,3016,1445,3435,6052,811,5923,19,6479,2022,1449
6816,287,2586,256,234,196,1233,5383,37,886,69,690,215,1332,1940,306,1038,105,1699,880,519
6817,987,16275,2718,368,1392,3563,24098,934,4789,122,4520,2026,3983,5721,548,6865,184,6845,2948,1360
6818,766,8386,2110,410,279,3206,19907,474,3170,92,4229,833,3147,4805,973,4613,30,3359,2634,729
6819,106,824,295,29,71,211,2180,95,295,5,278,73,233,411,49,486,1,293,211,55
6820,609,7868,1322,276,637,1520,18334,349,2420,96,2987,520,2154,3133,416,3217,76,2762,2035,666
6821,687,4763,1119,334,411,2282,11001,195,2287,93,2100,428,2102,3003,235,3100,95,1959,2002,1182
6822,1273,10720,3799,173,632,3567,17041,389,1036,82,3235,1275,2433,4398,693,5962,29,4084,2353,801
6823,694,6359,1473,441,0,1814,17627,212,1954,148,2277,1227,2700,4344,580,3502,56,2437,2429,908
6824,295,3405,516,104,113,1387,5051,48,1119,85,1536,157,1258,1945,160,2018,31,1748,1027,381
6825,166,3153,760,173,219,917,6270,51,1223,39,1021,649,1417,585,332,1916,29,1062,968,224
6826,571,5084,740,70,388,1231,7972,71,1624,33,723,541,1546,2723,166,2169,116,2301,1492,316
6827,1089,8330,1424,306,884,2604,21793,235,2527,94,3327,870,2530,3801,428,3019,21,2867,2022,638
6828,788,7850,1443,438,155,2594,14715,253,2079,145,3032,1119,2644,3463,494,3961,70,3326,2296,944
6829,1084,7633,1487,291,98,1950,13931,229,2324,64,1574,810,1682,3612,341,1438,76,1616,2891,482
6830,921,7912,758,578,1331,2796,6230,343,6721,152,3356,1612,2852,2987,532,3795,0,3886,1454,1387
6831,1855,15911,3327,910,0,3970,28637,840,5728,283,5213,1643,5841,8362,2001,9242,66,7240,3402,2510
6832,744,5188,865,192,75,764,5141,23,1729,75,2039,568,1548,2988,371,1484,1,1201,1469,293
6833,750,10166,2279,576,755,2487,19567,343,3575,109,1936,988,3432,4676,707,4664,90,3499,2733,1343
6834,1025,9784,2024,320,934,2990,16352,488,2720,148,2936,1281,3122,4266,902,5720,0,4637,1959,1082
6835,1279,15308,2003,595,1127,4716,21687,592,3513,241,3087,1066,4996,6197,1779,5828,195,7519,2038,1148
6836,874,8969,1714,452,679,3557,21207,226,3494,319,2121,1216,2836,4392,765,5628,115,3425,3020,429
6837,361,1506,298,156,192,796,3396,0,842,84,1185,310,1028,1367,56,1377,27,1107,1117,367
6838,166,679,234,139,27,336,1420,1,313,16,412,19,516,730,5,481,28,651,203,164
6839,72,668,210,106,76,591,1762,10,495,14,419,78,310,776,17,541,11,355,424,90
6840,76,883,37,83,29,382,900,5,361,23,350,51,268,599,55,368,31,377,123,45
6841,433,4738,1062,163,336,1378,10252,43,1168,64,2347,267,1630,2594,222,2411,41,2071,1476,470
6842,713,6580,1533,446,23,2322,15533,483,2209,152,2683,194,2070,3486,950,3006,36,2968,2361,683
6843,744,8087,1892,432,0,2709,16606,649,4376,128,3045,697,2204,4090,895,3517,29,2158,1140,265
6844,1511,14729,4807,693,1861,5004,23837,1373,5559,223,2157,964,3471,8679,1479,9282,105,4431,3398,1099
6845,868,8204,2313,228,1106,3818,15107,971,3277,168,4800,1439,3455,5112,958,5954,44,4086,2864,1385
6846,508,6542,1455,347,549,1787,8519,173,3480,110,829,1479,2263,3227,428,2631,54,3104,2198,721
6847,418,2670,626,204,122,959,5891,87,944,39,1061,14,1367,2084,146,1338,71,1554,1086,389
6848,1120,8272,1480,541,846,1374,23358,337,2221,102,3284,694,2664,4625,283,5451,28,3400,2829,968
6849,337,2073,403,301,169,1044,4359,62,771,36,1231,356,1070,1624,42,1400,51,771,806,382
6850,859,7618,2167,306,0,2470,13929,661,1676,43,846,515,1882,3387,604,2972,0,2294,457,542
6851,349,5369,894,566,469,2074,11800,103,1407,43,2089,468,1326,2368,454,2025,61,2176,1587,639
6852,614,7482,1199,142,836,1187,17937,75,1411,19,1581,721,1522,1849,154,3522,9,2656,1611,137
6853,361,3970,788,263,383,1269,7633,123,2667,49,1388,796,1457,2019,233,1888,20,1829,702,352
6854,903,7831,1231,465,346,1915,11507,161,4069,114,2432,778,2398,7757,625,5610,93,4408,2673,770
6855,481,3810,771,184,294,1286,8136,39,161,69,1365,365,1375,2239,247,2232,34,1975,820,242
6856,1290,13202,2633,639,1139,3768,27516,442,6373,278,5382,1716,4070,6594,807,5561,82,3311,3827,1874
6857,684,9839,896,470,535,2203,23268,142,6016,172,2474,2812,3331,5130,698,5311,8,4251,1826,353
6858,961,11075,2320,708,637,3198,24505,803,4094,242,4117,1747,2591,5966,972,5861,19,5457,2037,1342
6859,125,765,94,69,46,374,1222,5,428,13,226,94,304,496,12,222,39,390,276,142
6860,129,855,183,156,96,528,2342,2,503,21,805,89,633,1149,69,556,39,814,551,386
6861,1874,14735,4593,538,1143,4870,41223,441,4881,200,4197,1462,3654,6499,1177,7851,17,5279,4701,1340
6862,1031,5604,2091,511,482,3679,23654,277,2890,207,4032,1601,3059,5623,548,5073,37,4655,2429,1162
6863,822,9001,1378,421,882,1903,19550,157,2653,214,2906,782,3228,4555,725,4148,55,3606,2310,912
6864,878,10333,1978,394,759,2879,19641,712,2792,86,2914,50,2395,3700,648,4445,8,3374,1899,721
6865,515,7557,1085,327,313,2213,16161,248,2281,118,2558,694,1741,2914,834,2604,17,3363,1695,547
6866,84,1267,684,263,270,1356,5581,1,977,83,840,363,1250,1687,128,1213,98,1101,988,605
6867,729,9334,2541,344,513,1897,22101,145,2214,110,2751,549,2182,3696,410,3642,7,3819,753,758
6868,748,8720,2095,310,684,2125,18589,370,4724,33,2759,1826,2224,3672,468,4333,28,2775,2426,630
6869,958,7559,803,364,447,2604,16697,202,2597,96,2190,752,954,1794,792,1458,19,3573,1657,842
6870,1014,9475,1852,532,530,2655,17933,994,3201,166,2933,458,2747,4389,434,4261,196,3380,2333,857
6871,363,1252,460,123,153,656,4527,127,2015,65,898,632,937,1195,212,1085,6,676,452,156
6872,867,6624,2676,299,8,2557,19767,614,2313,160,2372,978,3057,3543,799,4536,29,2940,2295,523
6873,1821,25483,5012,1248,968,6681,43609,1648,6935,278,8111,2340,8006,10614,2221,11495,103,9176,5734,2673
6874,399,3099,1010,152,363,521,7752,157,1891,12,1017,666,1120,1968,181,1734,13,455,982,482
6875,820,6527,1299,297,30,230,8988,45,2354,92,2333,250,2723,2571,433,2848,0,2538,1507,846
6876,7723,56510,9720,2394,7306,18537,79833,4973,20288,520,18522,8749,19439,27577,4924,28375,80,22798,13275,6071
6877,415,3423,665,192,194,1936,8493,68,1371,71,1615,248,2184,2691,389,1855,97,1931,1469,628
6878,112,1002,180,60,4,352,2347,21,366,10,529,212,332,808,73,726,3,427,182,130
6879,128,1300,262,49,46,51,2264,72,282,18,479,108,361,589,61,275,6,576,348,78
6880,1188,11692,2827,583,672,3086,22175,754,3598,170,4213,1369,3540,6537,1465,4203,76,5845,2700,1318
6881,506,7765,1475,409,482,2681,12591,99,1487,130,2551,498,1231,2715,398,2585,51,2923,1260,443
6882,1216,11046,1940,349,840,2650,20239,629,3831,230,2389,1012,2297,4575,713,4695,98,3777,3172,549
6883,740,5186,1436,275,565,1214,11447,161,3275,72,2252,399,2214,2606,176,2802,12,2540,1496,885
6884,78,1133,239,150,20,458,1093,5,286,7,640,113,449,959,44,441,73,552,441,95
6885,167,906,180,98,133,398,1613,0,645,15,312,340,577,929,90,626,35,23,382,157
6886,365,2912,811,134,203,1788,4802,34,1250,63,1616,373,1737,2752,148,2592,24,2565,1751,707
6887,445,3213,732,278,10,1351,2343,9,1181,31,1952,276,751,1718,225,1395,55,1794,1279,380
6888,787,7580,1321,393,478,2832,16556,220,2546,10,2236,974,3611,3279,639,3390,72,4362,2361,551
6889,178,2204,511,92,88,592,2570,133,843,20,313,73,638,1214,167,1060,13,795,750,91
6890,858,10244,1103,366,291,2334,18728,292,3353,138,3324,1063,3472,4410,522,3324,45,4205,2364,1515
6891,161,559,312,88,165,251,2849,45,610,6,422,235,377,558,105,665,1,413,118,73
6892,800,6942,478,191,287,1791,16782,697,1658,104,2307,1000,2406,3080,354,3354,22,2809,1393,381
6893,284,1681,324,64,0,584,3787,128,467,73,354,171,470,713,41,749,0,587,265,248
6894,1699,19933,2016,347,2197,4631,28857,602,6208,464,3987,2783,5696,8678,827,9589,288,8941,5144,2360
6895,786,3337,869,459,7,1406,9180,141,1370,125,1202,392,831,2155,207,1249,0,1298,771,570
6896,490,3637,874,189,56,1060,7286,54,1470,147,1749,340,1232,1766,251,1753,78,2384,1001,615
6897,148,1831,235,119,84,939,3623,6,1070,21,1080,97,822,1288,64,1133,75,974,928,450
6898,1334,8637,1834,413,349,2414,12885,606,3304,99,3060,1751,3311,4070,1096,4975,36,1985,2632,574
6899,673,7986,1346,322,229,1449,16541,437,2943,157,2936,1177,2217,3821,193,3647,0,4123,1960,873
6900,458,3833,1080,197,0,848,6697,18,1102,23,1543,42,1069,11,286,1701,0,1237,334,326
6901,710,5581,2394,391,599,3758,25353,937,2726,103,3189,947,731,2912,471,4657,48,3904,2127,863
6902,609,8432,1394,468,636,1558,16061,203,1831,25,2222,925,2398,3086,485,3848,54,2153,1507,726
6903,709,2247,535,195,234,495,5960,81,1136,42,852,246,1255,1400,313,1853,5,1318,854,406
6904,523,4648,1169,323,221,1508,11936,276,1801,69,1451,675,1384,2732,575,2149,19,2310,792,525
6905,562,3939,844,275,140,1262,6712,4,167,61,1474,533,1603,2640,370,2125,26,2278,1414,465
6906,713,5098,1225,372,180,2006,5817,190,1858,160,2053,639,1996,2354,267,3052,31,2139,712,885
6907,970,10287,2215,413,662,2888,21674,258,3389,175,3433,1150,2839,3720,1029,3809,0,3808,3118,629
6908,929,12373,1104,226,1089,3427,22643,344,3474,162,2479,1290,3651,5467,376,4436,139,4898,4035,933
6909,1088,9183,1843,239,945,3067,25324,789,8082,300,3209,2729,3117,4160,1123,5571,0,4366,3620,360
6910,127,1133,211,118,1,473,3911,16,793,41,814,225,519,430,82,405,12,731,363,100
6911,59,1026,53,58,86,397,868,1,209,5,250,48,389,650,20,638,17,427,152,205
6912,420,7518,1542,348,464,2126,17538,352,2964,84,2865,915,2545,3554,755,4121,44,2675,2541,312
6913,328,3274,829,149,296,1517,8065,16,1488,66,1934,327,1346,2209,275,1542,127,1335,1156,503
6914,818,8008,1296,384,703,2917,23967,63,2709,295,3463,956,4079,4429,819,5499,23,4351,1982,1077
6915,118,916,328,20,108,221,2692,95,376,3,340,100,294,461,41,483,1,327,247,50
6916,344,8339,1172,464,361,1471,17586,373,2105,94,2768,556,3101,3403,742,4267,63,3075,1917,609
6917,1545,12983,4611,857,1284,6339,40912,1099,6939,429,6362,3227,5091,8385,1268,9276,57,9320,5022,2613
6918,433,3301,605,92,305,1086,7677,11,1059,42,1572,274,1382,1869,175,1192,107,1825,1254,517
6919,284,3175,618,273,353,1296,8106,40,1269,67,1398,428,1590,1514,108,2119,74,1717,674,460
6920,809,3325,1428,218,0,2034,11847,86,1650,66,2089,1,2044,3232,372,1923,5,1855,1478,577
6921,154,1974,321,111,1,1019,3602,11,944,53,1196,172,1209,1711,77,1039,9,823,794,305
6922,263,1835,308,106,125,799,3102,38,143,80,515,353,845,1234,109,833,28,889,701,254
6923,1000,15940,3744,536,581,3660,34741,1073,4427,175,4908,1691,3790,7150,1104,7161,9,5736,3585,1198
6924,1162,5475,3704,329,643,2418,23258,575,1594,43,4088,716,2786,3652,221,4878,5,3439,1841,279
6925,107,1028,194,21,50,223,1550,20,288,1,364,137,267,410,52,296,0,287,145,92
6926,708,4335,1735,537,885,1407,17619,333,6857,112,2292,2549,3245,4817,1028,3330,28,4123,1413,1519
6927,650,4486,1189,447,690,2210,8755,71,4409,62,3182,1971,2413,4470,629,3273,149,2128,1882,1012
6928,1332,13906,1866,587,1447,5697,33946,1060,4494,106,6764,1759,6157,7793,1093,8274,124,6816,1533,2282
6929,994,7287,2044,209,156,1403,18558,611,1814,66,2289,585,2300,3501,380,2998,4,2507,2446,465
6930,101,625,263,10,81,134,1901,61,229,11,322,118,213,301,38,465,0,265,240,37
6931,751,7868,1032,313,5,2722,17410,2,2677,198,2130,1296,2412,3398,539,3945,100,3469,2279,701
6932,1440,14009,3716,551,1115,5105,29630,1625,7265,463,3789,1808,5356,7793,2128,6658,123,7963,3242,1708
6933,57,760,183,25,33,301,2185,13,409,32,418,44,249,414,97,503,0,350,237,117
6934,769,8852,1173,571,255,2550,15524,422,2723,63,3651,843,2797,3803,502,4010,50,3133,2327,908
6935,572,6421,1446,402,1,1982,12400,288,2252,38,2548,1617,2535,3765,544,3426,9,1775,868,460
6936,275,5518,1535,307,214,1396,14208,250,2706,70,1940,1455,1686,2542,628,3013,6,2764,1841,174
6937,900,4517,822,182,547,1821,13244,311,2270,98,3145,1141,2054,3703,781,3871,4,2619,1578,708
6938,302,2963,574,235,141,762,5208,90,1236,53,863,224,958,1240,277,1022,12,1538,654,579
6939,732,5893,1375,400,231,1863,10289,227,2910,225,2132,439,2638,3141,518,2777,0,2922,1943,946
6940,190,1753,534,60,170,409,5115,93,1035,43,1038,282,848,1614,220,1250,47,768,693,375
6941,1295,12246,3061,575,778,4541,28324,100,3791,81,5314,1131,3366,6246,968,6070,19,5863,1497,1767
6942,679,9493,1205,498,524,2534,9957,36,1657,18,2656,952,2267,3372,638,5373,100,4889,2146,1669
6943,912,10946,2819,462,907,2869,16370,289,7189,141,3960,2044,2825,5258,478,4575,17,3619,2117,782
6944,1376,8187,1672,229,452,2933,22019,492,3285,135,4187,1985,3591,5011,490,4905,52,2226,3817,1081
6945,531,4583,1062,141,376,1430,9982,206,1372,152,833,395,1641,2265,274,2555,55,2043,1444,366
6946,378,3664,912,350,289,1676,7372,26,1322,40,1739,130,2098,1658,370,2174,73,2493,1920,782
6947,246,2197,625,141,54,630,3517,158,1007,0,677,367,776,1043,171,1058,6,886,528,120
6948,583,4399,945,194,304,1872,7517,38,1523,91,2086,553,1126,2901,397,2138,103,2236,1498,679
6949,1129,6110,2883,689,957,2864,23807,517,4239,99,3995,807,2907,5397,892,5154,97,5062,3611,514
6950,463,3523,520,133,171,1415,8136,236,1191,19,1431,491,1505,1542,758,1914,6,1888,607,352
6951,640,7551,1650,394,475,2243,12865,378,3315,77,2329,1177,1897,3472,644,3424,28,2178,2345,718
6952,1373,11112,2436,723,41,4730,30505,1103,4537,206,5480,1543,5363,7289,1089,7435,90,3636,3542,2189
6953,408,7430,1663,399,308,2047,16089,167,5323,129,2888,2170,2742,2670,640,2069,40,4007,2009,1155
6954,1117,10350,2220,325,1068,2233,19830,110,2841,127,4116,1089,3807,3917,384,4299,11,4910,2344,1361
6955,227,1665,445,221,81,1098,4108,14,743,63,953,174,818,1102,19,1232,176,851,805,339
6956,585,4604,1636,174,706,2127,5241,365,792,101,2322,761,2005,2775,543,3349,40,2585,1634,815
6957,381,2373,664,88,43,797,7196,145,410,6,887,125,690,1255,59,1230,3,813,444,170
6958,507,3478,1207,165,257,1139,9593,305,1361,37,909,617,1394,1909,287,2325,10,1715,1412,444
6959,981,10875,2726,436,903,2632,22653,1012,4209,96,3861,890,3334,5449,1214,5246,6,4666,2290,984
6960,1180,36,2259,311,756,2978,22800,73,3607,170,4737,1170,2353,3214,956,5439,42,4455,2413,289
6961,529,5090,805,305,365,1294,10902,206,2869,104,1945,1059,2345,2861,34,2233,109,2170,260,726
6962,89,769,210,53,60,400,2784,95,227,7,289,135,159,534,43,433,0,514,259,83
6963,659,6749,1962,280,425,1674,8486,239,2001,5,3023,414,2110,3353,831,3187,39,2648,1757,431
6964,174,1235,356,66,0,195,2607,139,450,0,479,23,459,248,120,305,0,367,243,111
6965,604,9637,1784,326,542,2873,14886,629,6195,121,3101,1945,2638,2892,393,2902,10,3031,1848,760
6966,196,1412,120,101,57,497,1881,3,360,18,501,42,384,729,5,695,39,475,245,203
6967,1482,12769,1732,390,1201,3629,15502,502,6927,175,4905,914,3171,4780,754,4405,101,3713,2373,497
6968,585,6479,1343,216,0,1769,14711,189,1278,39,1835,403,1041,1460,46,1721,19,2181,1720,195
6969,133,1143,337,32,71,283,1910,56,106,6,520,185,406,775,89,702,0,288,170,34
6970,1137,10446,2245,277,435,3216,23538,373,3743,24,3964,993,3027,3629,591,2792,61,4375,3174,1185
6971,272,1813,749,121,164,1039,9010,88,1164,18,1557,186,1249,1569,363,1717,17,1787,1338,244
6972,429,3067,756,174,282,1517,14282,417,2434,92,2730,802,1988,7628,624,3422,78,2060,822,438
6973,484,4257,646,280,48,1094,6211,6,1125,0,884,272,1063,2011,210,891,14,1824,581,525
6974,652,4485,921,240,127,1712,12396,58,2078,152,2261,667,2111,3303,452,2237,100,2501,1272,594
6975,1506,16459,3683,1098,1092,4642,35687,1091,11753,170,4126,2956,6886,8663,1503,8148,61,7083,5149,2106
6976,592,5696,929,335,177,1797,8838,26,2017,61,2277,631,2049,2996,168,2419,90,2280,2015,818
6977,1069,7725,2210,589,846,4264,16962,523,3703,119,3478,718,3792,4989,924,2262,89,5425,3554,1457
6978,337,2413,251,163,127,725,4738,108,804,46,877,1,983,1266,205,1757,2,660,916,427
6979,648,6481,1247,258,413,2067,15848,416,2089,86,2736,1,1574,3164,413,2546,38,3057,1577,768
6980,1,6337,0,0,0,1234,22,691,5,0,1,4112,1287,5349,1,1,8,4492,3,0
6981,457,4119,1229,114,315,1022,9329,220,785,155,1491,802,1782,1850,532,2422,11,2082,1323,523
6982,109,557,267,67,102,179,2328,167,557,5,397,97,308,562,133,467,3,359,363,56
6983,73,843,371,124,89,534,4281,89,431,24,677,0,749,1138,213,1115,27,657,418,201
6984,520,3977,560,137,184,1074,9931,183,1423,80,1605,329,1362,2635,264,2271,33,2112,1103,355
6985,1060,14153,1946,189,817,4206,21020,108,3665,165,4168,957,1774,5598,1590,6140,274,5004,2561,978
6986,340,1897,387,93,89,435,3808,159,717,17,582,270,597,1126,183,1043,11,791,468,158
6987,1328,4298,1497,437,827,2923,25124,104,3760,217,4134,1112,3961,5280,421,4696,55,4475,2224,1525
6988,599,9466,1778,336,394,3302,13693,201,570,81,1679,1177,2170,3389,730,3865,75,3746,2425,1221
6989,346,2416,482,315,11,1300,4258,24,692,114,1232,151,1189,1614,34,1061,46,1161,860,629
6990,777,9075,1531,355,290,1455,17789,750,2473,196,2838,794,2976,2553,669,2174,71,2491,2403,664
6991,415,7115,1828,323,634,2248,17508,265,2434,83,3328,1073,2441,4606,317,2617,94,3333,1538,1266
6992,336,3066,627,134,181,744,7028,158,1035,70,1340,672,1112,1428,181,1644,20,892,313,380
6993,301,838,387,75,77,475,3620,48,453,3,389,233,586,659,107,713,1,560,500,187
6994,329,2522,1082,188,167,814,2352,219,1513,41,1205,678,1185,1685,86,1431,21,1795,986,361
6995,21,784,141,49,55,211,2106,9,359,5,131,59,342,486,67,452,4,444,119,122
6996,434,2503,490,259,353,1331,10466,180,3024,40,1787,1003,412,2432,266,2121,7,1930,786,541
6997,750,5861,742,67,229,1423,6867,283,3151,46,1975,961,2045,2821,154,1631,45,2004,2264,887
6998,402,5560,710,378,311,2034,8847,152,1289,113,1363,711,2015,2804,530,2439,11,2757,1335,578
6999,356,1789,596,98,36,561,4035,167,802,12,841,108,793,871,358,679,11,926,546,327
7000,814,5593,1169,377,717,1920,12705,354,1766,42,2734,816,1602,4232,512,3559,17,3488,1431,631
7001,45,2782,918,66,250,1018,7301,269,1269,13,734,441,1227,1643,228,1758,8,1071,1014,474
7002,911,6288,1260,404,525,3970,11564,86,1863,233,2625,608,4563,5448,315,4746,134,5726,2187,1130
7003,181,2671,593,107,97,885,7261,222,867,30,1339,285,962,1539,333,1680,18,1516,738,457
7004,923,7152,1354,427,529,1907,16778,211,2290,59,2423,1039,2732,3558,637,2887,55,2915,1972,1017
7005,729,7277,1407,272,639,1852,14193,221,2850,119,2189,966,2462,4150,400,3580,55,2795,2739,755
7006,398,6625,571,112,472,2223,15455,519,2411,109,1199,395,2327,4015,206,3371,26,2705,1541,742
7007,772,7008,1412,222,638,2402,13477,71,2574,150,2266,522,2301,2927,482,3170,183,2973,1825,365
7008,2343,21797,4800,1339,2035,4812,45939,1541,9287,562,8641,2416,7352,10116,1892,11042,39,10285,3986,3190
7009,738,6657,764,368,322,2348,12712,106,1568,95,1744,868,1614,3109,530,2767,145,2225,1321,735
7010,265,2495,751,94,132,573,5925,68,899,67,980,215,869,1279,262,1136,36,896,595,491
7011,310,2966,837,117,0,621,7445,291,1111,34,1374,286,1220,6269,201,1645,7,1085,562,177
7012,668,5750,1048,205,135,1717,12997,426,926,97,2097,934,1974,2724,142,3011,17,1607,2454,327
7013,343,1026,437,264,56,1108,2770,62,707,39,850,213,1167,937,61,1125,65,840,378,519
7014,547,7025,1586,171,457,2116,14239,483,4254,111,1943,865,2377,2005,435,3486,24,2845,1533,766
7015,191,1438,154,125,115,706,4092,84,1032,0,713,239,682,1104,65,705,6,656,222,283
7016,1279,12683,1557,971,1009,3192,23218,605,3163,115,2446,1109,4049,2766,785,6427,327,6268,2553,1935
7017,1554,9273,1710,248,577,2202,27875,219,6604,125,3306,2770,3479,6191,1008,5680,79,5705,2753,921
7018,967,7136,2441,243,1003,1733,19407,620,4301,55,2425,1087,1666,3724,294,1204,4,2660,1698,384
7019,702,7253,225,122,889,2965,18217,287,2414,27,1633,156,2287,2733,604,4235,54,2129,2278,457
7020,769,9801,2565,310,1004,2736,22808,950,2638,173,3503,1570,3005,4905,335,3988,36,2351,3720,504
7021,734,8616,2092,203,1498,3123,30445,661,1534,115,2157,654,1772,3486,775,5906,15,4233,1169,640
7022,687,4493,859,563,413,1564,9142,9,1973,178,1691,163,1555,2361,279,1913,63,2093,1003,1107
7023,1517,12146,1927,472,686,3750,25625,93,2090,153,5241,711,4282,6101,351,4779,41,4842,1994,1006
7024,335,6193,1304,504,351,476,12929,25,2531,314,2177,866,3819,3452,529,3578,60,2914,2549,803
7025,1251,13994,2000,406,1259,4074,33970,669,4951,347,6047,1377,3527,6846,1154,7699,52,7921,3078,1196
7026,317,2549,521,112,121,1071,6062,73,1606,45,1755,525,1204,2111,114,1682,69,1881,1443,576
7027,432,4378,1224,231,2,1707,10361,199,1393,86,1400,512,1140,2507,396,2319,21,2222,1060,389
7028,243,2631,336,273,239,1591,4603,8,1798,53,1198,628,1077,2164,102,1437,19,1410,767,256
7029,307,3312,626,216,143,1109,4936,198,2396,39,1326,571,1416,1996,165,1477,25,699,991,376
7030,123,950,305,52,7,367,2275,69,303,25,182,69,344,385,93,517,3,463,185,117
7031,703,6027,1783,781,507,2140,13485,68,3087,180,2600,1430,3249,5233,930,4824,96,5281,2489,267
7032,1079,11518,2711,469,677,3897,27527,441,4029,204,2877,1768,3979,5894,1087,5755,113,4544,1403,945
7033,572,2839,756,225,254,1127,8292,245,2760,73,989,651,1240,1653,275,1463,29,972,881,527
7034,419,3908,1356,208,259,1093,10127,434,2408,48,1610,636,1466,2286,332,1734,6,1704,992,473
7035,627,2249,1402,307,96,1548,9939,151,1630,69,2738,462,1680,2632,247,3262,0,2897,2080,748
7036,1691,12507,1778,1064,766,3943,24013,295,4824,420,4760,628,5108,5182,1274,6374,1,6085,3605,2003
7037,1631,12777,3224,883,817,4846,35444,1619,2327,303,4655,31,5332,6792,2350,7031,50,6423,4379,2731
7038,496,4865,714,242,154,1376,8569,242,1445,83,1734,853,1707,2405,527,2132,7,1813,818,573
7039,1490,6383,1712,260,493,3796,27320,1356,3978,280,4778,1736,4183,5711,874,5822,0,6071,2990,1277
7040,163,3231,715,97,330,1055,6967,207,1056,21,1026,547,1003,1212,273,1448,4,1226,658,329
7041,453,6343,632,111,557,1862,13289,248,4822,237,2241,1705,2178,1603,550,2665,28,2924,1379,633
7042,351,3032,457,199,306,794,4284,12,1839,17,662,444,516,1293,93,950,29,1053,261,273
7043,374,3404,399,67,222,890,4576,51,1122,0,846,111,994,2324,34,1506,8,1352,604,310
7044,657,4234,1436,280,745,1486,13777,54,4172,125,2182,1614,1656,3787,12,1336,78,1978,1548,338
7045,776,7668,1407,517,454,1263,17135,564,2594,79,3310,1104,3146,3567,671,5095,64,707,2104,922
7046,73,1153,183,72,46,168,2240,38,370,2,372,85,609,468,75,923,12,96,242,142
7047,1737,12644,1784,323,880,3767,26727,600,2955,9,3099,1322,3630,5002,428,5636,17,2950,3774,971
7048,1017,7101,1672,445,1038,1722,14792,78,4811,80,2813,1215,2410,3882,459,4037,112,2488,2373,736
7049,809,6901,1201,207,638,2220,14169,137,2967,195,2558,1349,2299,3796,736,3582,228,3506,1628,940
7050,471,5667,1454,248,444,2062,3322,271,3234,203,2122,660,1372,1926,659,2933,76,2403,1862,654
7051,342,4619,823,291,102,801,5487,0,1105,55,1591,359,1024,1785,157,506,15,1767,1863,800
7052,105,2295,389,165,59,1115,3863,45,1806,52,1129,376,1026,1865,107,586,89,587,542,311
7053,330,2061,378,250,177,1073,4142,2,1658,60,889,276,1102,1443,147,987,48,1003,815,213
7054,2681,17744,4968,1675,1766,8904,46225,1317,15463,524,6636,3230,7888,13494,2355,13349,193,12698,5904,4158
7055,173,4607,1157,189,617,1001,5642,15,1877,49,1168,535,1499,1661,315,2311,60,2135,1212,385
7056,815,9233,1693,460,293,2876,18426,153,1618,105,2442,552,1406,4811,590,4638,36,4482,2402,828
7057,453,4936,995,173,466,1070,10185,77,2942,48,1160,849,1374,1857,263,2414,125,1398,928,377
7058,188,1594,348,36,157,668,2847,15,1097,6,895,133,514,1018,73,815,2,695,406,165
7059,1973,18693,3142,933,2097,5196,42616,1798,7063,292,2781,1516,6564,8311,1702,10348,86,8874,3433,2750
7060,1177,7573,2387,342,4,3186,18528,146,3678,162,2687,998,3280,3869,774,4895,0,3669,2711,883
7061,1193,12716,2317,422,919,2729,24730,1050,3911,193,4631,1796,3099,3589,907,5209,0,5523,3240,921
7062,462,5078,338,335,373,1499,8764,14,1767,55,2199,4,1404,2997,159,2467,165,2431,1347,667
7063,372,2143,611,106,182,793,5928,185,1440,50,1021,867,1258,435,195,1579,22,1657,609,422
7064,213,2576,792,119,105,757,6143,308,737,22,1015,167,773,826,189,693,1,896,779,165
7065,515,4322,886,146,272,1165,9233,216,1351,109,1801,619,1027,1404,436,1704,26,1803,1398,627
7066,800,7594,1775,382,1148,1775,16507,295,4317,47,1674,1615,1673,3503,467,2246,3,2304,1482,573
7067,303,3400,1079,290,190,1644,9867,25,106,33,942,404,1833,2812,565,2924,187,2436,796,633
7068,636,3754,775,167,207,1342,10267,5,2084,33,1678,764,1955,2231,157,1259,9,2145,1506,427
7069,770,8592,1552,463,410,3502,14073,162,3284,196,4374,510,3920,4630,705,4886,65,3973,2219,1162
7070,656,3122,1367,266,489,9,6075,216,1586,43,1370,714,2470,3339,640,3196,44,2749,1355,542
7071,526,4491,684,278,821,1400,11041,158,1650,68,1536,272,1884,2178,320,2481,82,1191,1657,325
7072,308,1184,448,88,167,520,5014,199,544,10,982,289,735,823,75,924,3,572,447,123
7073,494,4070,799,112,208,1378,7720,48,1513,79,1584,284,1562,1805,212,1077,55,1691,1556,456
7074,84,1419,141,113,104,686,2339,3,1166,29,835,210,489,841,76,612,26,97,294,139
7075,936,7082,1602,260,198,2075,13546,208,2641,77,1156,884,2240,2738,269,3034,35,2792,1794,618
7076,440,3204,756,283,449,1600,11477,203,2145,45,2014,460,2118,2639,455,2297,102,1154,741,476
7077,666,6433,1132,270,1060,1958,24355,87,1118,43,2131,990,2081,4156,550,4081,51,4015,1567,718
7078,705,5604,1211,279,367,1904,11299,268,2088,123,1415,947,1962,2514,207,2739,131,2798,1050,668
7079,538,5335,1639,79,283,1356,12138,453,1439,76,1787,408,1240,2806,83,2447,14,1332,1015,262
7080,542,7371,1902,97,631,3077,17437,557,2457,31,2807,1220,2537,4316,341,4342,11,4039,2661,808
7081,418,5797,1013,290,412,2052,10940,135,1732,97,2869,610,2120,2986,198,1773,54,2633,1847,627
7082,622,5746,1626,263,443,1121,4357,324,1520,7,1813,407,1996,1678,284,3167,26,2701,1166,410
7083,187,2315,420,103,52,805,2733,1,964,40,875,181,802,1430,100,1111,57,1258,808,322
7084,411,2925,649,235,0,963,10090,202,1843,133,1217,512,1513,2495,392,2344,9,1833,1312,512
7085,0,1114,399,39,81,342,2093,96,288,5,393,139,347,524,109,533,3,195,260,70
7086,822,7165,1216,357,0,1868,18847,206,1793,51,2183,723,2311,1093,672,3690,50,2434,1673,761
7087,655,6096,1472,358,589,1423,11083,156,4506,149,2191,641,2085,2061,514,2506,125,1960,1845,228
7088,461,4403,698,508,344,1439,6417,111,1408,161,1761,374,1804,2639,231,1760,125,1759,1058,449
7089,283,7768,1570,526,432,1575,12896,169,2428,97,2846,640,2528,4861,566,3720,115,3555,2085,904
7090,86,563,290,110,76,315,2548,11,432,22,685,135,585,584,39,437,53,706,424,286
7091,194,4128,729,452,197,1303,7775,10,1151,65,1572,600,1472,2292,180,1560,82,1689,1394,410
7092,1157,11589,2080,610,539,2820,10618,532,3054,136,3768,730,2721,4051,676,4996,209,3978,3039,1238
7093,86,3423,1142,333,415,1102,8535,67,2382,74,2684,318,2444,2746,548,1834,178,1136,1247,605
7094,1200,12206,2509,624,637,3376,28613,614,3518,149,4851,1809,3843,5429,984,6522,157,5272,2321,1232
7095,671,7937,2242,398,10,1665,17044,875,2291,166,1848,1,2347,3353,324,4623,33,2311,1892,260
7096,1457,9495,2070,396,571,2429,26335,133,8412,187,4512,577,3861,5355,658,4108,106,5131,3697,1323
7097,322,4320,319,335,580,2018,5456,116,975,83,170,361,1498,2364,24,1984,27,1504,1351,382
7098,438,5062,759,342,429,1549,8765,28,3237,65,1885,835,2041,2612,169,1887,100,2085,1476,701
7099,599,8499,1417,396,660,2291,13448,296,5493,144,2335,1263,1959,3803,764,4460,74,2621,2111,1013
7100,54,864,189,41,124,215,1649,26,612,25,298,116,213,390,100,530,17,302,218,145
7101,1547,7903,1866,454,358,3366,24256,734,3818,84,2955,1393,3815,5504,380,5795,83,2891,4453,1053
7102,394,3724,180,284,228,648,7388,38,944,17,1342,176,1414,1617,214,1878,102,1527,216,296
7103,1380,11637,3042,501,706,2958,27326,1053,4311,33,2544,1899,3902,5557,209,5600,56,3371,2026,659
7104,300,1827,525,195,62,607,4448,135,1053,7,1313,142,1001,1523,224,1495,4,1325,482,395
7105,662,5689,1790,478,562,1434,14020,75,1936,224,3288,228,3385,3136,619,3371,121,3602,1294,1230
7106,771,5178,719,122,229,1959,8254,24,896,139,2306,690,1957,2579,668,2595,193,3033,2335,588
7107,496,5691,753,319,422,1722,13936,258,2173,42,1510,1093,1809,2596,332,2835,20,2757,1642,342
7108,1049,9331,1411,517,230,3200,15659,83,2164,149,3394,930,3117,4643,448,4602,338,4402,2234,730
7109,170,1361,85,142,8,397,1723,2,303,29,530,0,509,779,18,406,25,287,428,119
7110,209,5567,1023,215,146,1997,8388,27,1745,57,2154,453,1779,3125,212,2449,73,1944,2012,538
7111,736,6405,1531,199,0,2177,17230,177,2655,94,2749,1075,1781,4217,818,2696,53,4358,2781,387
7112,1467,8924,2132,520,1389,1701,8160,764,6206,141,2219,2105,5057,6592,1309,7643,54,4566,1552,699
7113,923,8635,1673,443,443,2375,17391,166,3163,91,3826,862,2923,3251,532,3987,162,3702,2387,1334
7114,821,6601,1534,258,347,1206,12148,542,2252,79,1938,560,1867,2401,397,3057,11,2107,1481,312
7115,572,7833,1761,335,729,1948,19363,379,2912,92,2946,1064,2136,2630,598,3252,34,3229,1766,705
7116,138,1796,355,56,123,775,4120,58,1019,13,515,301,652,1018,135,974,1,407,551,129
7117,242,4333,1126,117,220,1189,6160,147,1376,88,999,704,1884,1896,230,1858,2,1811,789,674
7118,591,5926,1002,572,297,1773,9369,346,1057,18,2913,650,2777,1800,197,3438,75,2184,1683,448
7119,1021,12795,2542,494,856,3075,32377,1167,5375,226,4421,2471,4747,6310,1494,7121,46,6328,3236,1205
7120,416,4655,869,183,201,1296,10705,0,2698,49,1777,467,670,2022,151,1225,36,519,1185,709
7121,521,5814,1249,347,517,1357,14553,151,1920,94,2358,496,1796,1651,792,3010,20,2742,2266,794
7122,781,10484,1234,416,1749,3379,19362,512,6524,144,3551,1406,2393,4201,667,4633,8,3544,2178,878
7123,460,7043,1157,411,493,1966,13967,421,2430,175,2960,600,2017,3016,240,3289,98,3289,2017,800
7124,1492,9594,1807,244,24,3259,26062,500,3964,142,3211,1915,3793,2474,1222,6941,81,4824,4349,859
7125,369,3966,652,184,407,399,6799,165,2936,11,1636,815,1589,2010,112,2452,27,1436,1032,610
7126,1241,5329,1897,566,1230,2435,13063,369,2749,110,1816,1116,2183,3623,455,3040,0,4210,1975,1226
7127,506,5103,880,332,598,1773,17448,255,2873,68,1279,391,2560,2099,513,2721,139,2653,1202,437
7128,339,3028,929,70,166,672,7629,252,1023,27,1030,258,802,1243,134,1566,4,1010,705,158
7129,287,1946,729,42,191,388,6053,178,719,19,735,394,676,1020,112,1358,0,938,803,102
7130,224,1818,396,143,223,669,5797,214,987,76,1042,294,1009,1260,261,1480,27,1103,585,394
7131,949,7945,1994,306,769,1854,19954,233,2551,87,3810,1728,2058,3335,807,4180,4,2860,2852,90
7132,754,3515,1863,112,81,751,9475,492,98,43,1178,122,935,1881,111,2431,0,1659,1391,247
7133,592,4248,1070,308,0,1320,9879,47,1830,88,1936,586,1395,1823,571,2383,31,1951,521,386
7134,218,4208,973,257,153,1669,8454,3,3607,8,1557,680,1482,2597,38,2317,13,2022,1998,483
7135,971,10834,1907,752,230,2628,23632,320,3696,238,2833,1523,4132,5264,740,4862,42,5174,2375,1113
7136,710,9363,1456,645,501,2783,23519,1761,3523,311,3702,1420,3509,4638,876,1771,47,3096,1540,967
7137,77,1006,223,55,125,395,4104,56,184,9,310,98,186,476,95,663,1,574,119,75
7138,1078,14592,2259,563,1148,2187,13599,518,11203,382,4151,2607,4335,6632,881,6692,190,7591,3338,1408
7139,1087,9778,2057,573,321,4673,22488,1214,1900,110,4449,733,6472,5515,1419,7309,78,3991,2631,1315
7140,588,8055,1193,357,49,2893,15014,102,2777,193,3225,565,2588,4014,343,2498,93,4028,2343,617
7141,454,8473,2557,274,405,2426,19125,280,2639,148,2940,733,2769,4603,738,4369,22,1457,938,784
7142,326,5149,885,164,4,1787,7120,48,1130,118,1887,8,2003,2397,216,2414,46,2153,1769,598
7143,103,1202,86,66,33,286,1575,2,219,12,543,105,448,992,34,412,39,610,437,141
7144,732,9632,2588,539,4,2528,19187,889,4198,119,4227,829,3351,4563,805,5486,38,810,1617,1359
7145,1439,14874,3036,411,1590,3658,29494,1147,3932,78,4043,2496,4129,6665,1048,6942,19,5734,2575,178
7146,281,3123,682,58,153,727,7264,64,939,11,1020,192,835,1427,136,1582,10,965,626,280
7147,390,4839,996,197,401,1188,10087,54,1806,88,1691,378,1761,2252,416,1610,16,1635,792,394
7148,2041,11786,2953,480,11,2790,28378,891,3461,205,4056,1376,4054,5255,1823,6466,61,5748,3031,1188
7149,814,8932,1962,160,258,2667,19939,296,6959,182,3547,1870,2873,3575,838,2236,14,3088,2270,788
7150,568,6770,2338,309,1224,2478,16123,981,4606,214,2916,1629,2838,3919,887,3489,87,3462,1219,570
7151,656,8125,2103,390,334,2557,14417,113,1287,81,3520,1584,1876,3293,583,3364,72,3228,2958,831
7152,567,3893,645,256,250,1579,7656,161,1010,27,2085,569,1661,2398,86,1657,69,480,1609,99
7153,68,688,270,25,55,197,2001,68,274,3,260,78,223,345,52,426,3,270,205,64
7154,2066,13060,2116,656,48,4648,18862,985,5621,419,4798,1288,5119,7262,678,7625,26,6628,3160,1870
7155,1479,13907,2513,713,392,4163,28048,534,4623,294,3779,2107,4558,6361,1264,6402,75,5499,3434,1494
7156,824,9241,1276,219,292,922,18248,435,2363,169,2766,880,2721,4269,551,4238,11,3251,2241,584
7157,426,1554,1516,195,842,953,9687,385,2425,22,1510,858,1589,1662,83,2007,21,1904,380,294
7158,1044,5814,1067,347,242,2080,11529,271,2270,119,2507,830,2268,3735,484,3989,143,2943,2334,1458
7159,541,6184,1138,210,580,1480,10968,24,2999,96,2369,702,1904,2830,330,3652,215,2643,2489,684
7160,415,3793,961,436,159,1287,6179,12,1243,93,1903,199,1500,3475,259,1905,35,2416,1123,562
7161,841,5760,784,307,543,1868,14227,205,4684,21,2617,1822,2407,4133,619,3397,32,3285,2034,634
7162,306,3136,340,248,113,959,4863,25,1174,163,1797,320,1288,1169,312,1137,103,1478,882,77
7163,108,1060,216,45,161,486,3311,41,1004,12,540,181,442,701,145,656,19,573,285,112
7164,1486,13359,2727,729,930,4237,28574,555,4652,109,4091,1115,4246,6572,813,7087,67,4043,4815,1045
7165,211,1025,557,64,154,599,3790,103,614,41,850,172,736,665,138,1112,3,1032,395,421
7166,544,6696,2121,416,826,1688,15140,400,3987,83,2451,847,2119,3503,198,2870,33,2155,1620,953
7167,1132,11053,2208,329,292,2361,16376,620,3934,171,3199,871,3777,4053,815,4833,50,2561,2751,798
7168,724,4796,1026,175,275,2539,9988,277,457,171,1722,594,2193,2862,331,3179,106,2676,1790,516
7169,714,5525,1541,273,129,1345,12174,249,1097,43,1935,368,1455,2127,345,3119,3,1586,1315,290
7170,699,4558,711,287,3,1604,12979,153,3542,20,2643,262,1735,2527,666,3480,129,1889,2361,998
7171,941,5695,1351,172,438,2307,15092,181,2006,77,3329,1062,2951,3936,379,3496,27,3002,1465,1122
7172,789,4246,1689,169,302,1437,11931,2,2679,176,2970,0,1809,2464,1246,4260,34,2007,1435,0
7173,623,7140,2197,274,5,1281,14440,598,87,0,2710,992,2100,2570,314,1447,9,1779,1761,274
7174,474,5862,936,230,95,1247,11529,21,3316,22,1637,699,916,3270,208,2577,32,1868,2225,767
7175,565,5776,1333,262,442,2172,14265,355,2243,82,2195,1,1517,2833,295,2993,25,2899,1441,551
7176,737,11492,2159,750,403,3281,16234,595,3944,149,3662,1799,4123,2995,408,5187,112,5786,3027,1420
7177,1247,11658,2325,578,202,3147,26077,521,5202,194,4688,1259,3776,5864,1167,5471,49,5005,2749,982
7178,579,6035,1029,393,251,1454,9995,44,1542,280,2459,554,2248,4375,267,2911,25,2703,2242,1442
7179,1007,7739,1515,343,556,1921,18270,684,1983,70,2537,1678,2438,3890,456,3250,38,3286,1893,727
7180,204,2149,505,105,257,562,7814,133,798,24,995,208,607,642,140,1366,0,776,502,61
7181,45,629,128,32,33,179,1170,118,209,109,297,79,203,308,120,415,0,431,372,60
7182,82,665,172,39,150,233,1533,159,479,0,240,194,254,230,50,333,4,256,160,63
7183,751,7635,1611,399,639,2209,18077,457,2954,196,2754,34,2779,2107,419,3695,34,2933,1863,585
7184,253,2487,417,70,147,1132,5399,36,1221,29,1511,201,1153,1784,45,893,36,1435,1067,395
7185,941,7058,2169,339,0,2123,20511,490,1787,114,2259,73,2100,3594,402,4048,10,2816,1729,732
7186,853,10010,2166,533,605,3292,24437,712,2620,149,4309,918,2279,4786,603,5283,6,4612,3021,855
7187,93,1241,266,38,28,375,1446,50,354,20,373,101,318,495,60,525,1,508,218,133
7188,609,9610,2059,647,360,2252,20940,473,2737,121,2954,1021,3203,5171,723,4446,33,3268,2486,610
7189,954,6363,2174,641,318,2734,20648,265,3043,64,3813,1211,3032,2964,1009,4968,25,4285,1736,1025
7190,1531,10136,2688,724,292,3116,23622,626,2805,103,4705,1978,4126,6419,780,5908,63,4011,2788,761
7191,756,8079,1307,452,900,2486,17357,608,6223,107,1794,2118,3110,4304,290,4359,132,5195,1232,963
7192,64,1176,133,74,20,527,1621,3,160,16,312,71,391,522,37,486,10,462,605,105
7193,962,9875,1095,316,241,2260,14248,70,2668,102,3205,953,3575,4563,244,3779,50,3938,2050,1784
7194,1693,9239,1940,715,1470,3188,21172,401,8552,391,3806,2992,4309,5159,1418,4620,230,5806,2495,1287
7195,1050,8485,1890,389,559,2187,17292,329,2548,119,2795,1086,2296,4056,469,3747,99,1763,3102,1035
7196,959,6572,1612,295,0,1696,19534,117,3439,76,2452,1326,2475,3421,720,4067,185,3666,2196,858
7197,602,7859,1970,366,0,2861,22608,1094,4118,167,2989,1255,3253,4854,951,3347,12,2709,2253,652
7198,854,8857,1871,417,292,2491,22505,133,2314,62,4135,879,2861,5350,749,4887,49,3509,2757,868
7199,718,14556,2277,516,1233,3211,22923,365,9145,233,3217,3194,3873,5560,596,5140,59,4318,4028,852
7200,460,4690,1201,188,260,1726,11198,29,2223,169,1628,759,1668,2992,45,2533,89,1925,1767,739
7201,170,2187,963,110,151,1499,5135,19,983,68,1407,145,1653,1979,136,2355,64,1787,1093,298
7202,346,3020,516,188,69,1160,4241,3,506,17,1373,0,838,1562,48,979,85,997,1034,372
7203,324,6161,1310,351,324,2288,12655,101,1195,163,1408,558,2019,3413,660,2843,60,3324,1019,775
7204,1264,9822,2017,423,766,1940,11161,824,1295,35,3485,1348,2560,3783,574,2513,12,3783,1653,815
7205,1013,7,4,0,0,2759,10530,340,2,149,1857,950,2277,6059,0,4,0,4270,1235,643
7206,116,875,100,36,24,370,849,4,671,28,446,79,595,597,17,129,6,472,285,185
7207,1203,5284,1833,332,413,2410,20815,91,3408,159,3665,865,3097,4655,792,4284,63,3292,1870,975
7208,623,5327,495,449,486,1743,2399,62,1989,6,1992,931,1494,3328,208,2692,65,2592,2217,576
7209,574,6719,1786,138,303,1590,16124,148,1494,51,1692,928,1770,2737,130,2726,12,2538,1709,381
7210,480,5321,544,346,2,1852,8381,12,1514,103,2130,299,1519,2640,17,1026,91,1890,1520,1125
7211,1048,13190,1969,338,611,3297,13885,293,1652,72,1674,2179,3258,4494,485,2743,46,4463,3200,978
7212,296,3061,241,244,170,1511,4603,39,1828,73,1855,661,1567,1790,73,2013,35,1191,1072,608
7213,274,4343,751,271,0,1412,8055,14,71,53,1846,472,1524,2932,496,1797,53,1694,1326,224
7214,126,863,306,26,58,251,2439,106,312,5,332,91,261,416,46,499,0,288,219,73
7215,226,1727,587,75,231,705,4532,75,624,22,669,200,586,995,34,991,17,759,563,153
7216,1577,19179,4871,1121,1732,5021,54770,868,8739,501,8906,2856,7822,9602,2517,11677,102,10700,4415,3309
7217,338,6846,1445,460,182,2005,14848,816,2166,44,2632,978,2215,3438,247,2691,8,2524,1407,237
7218,1046,14925,2300,203,958,3454,27530,655,5814,258,4945,388,3865,7088,746,5573,18,4398,3978,1909
7219,189,3071,299,121,322,587,3183,26,1167,41,680,289,514,1087,258,1211,50,1408,665,373
7220,578,5534,1106,61,644,1484,14289,180,4102,57,1723,1373,2387,3101,215,2557,59,2784,825,804
7221,528,5228,2397,546,823,2411,19578,589,5140,117,2220,2465,2511,3644,532,3048,34,3045,3176,713
7222,245,1854,685,53,180,483,5055,197,665,16,653,216,550,923,96,1031,0,658,423,125
7223,1726,14230,1629,329,347,3097,31911,235,3920,232,4742,1645,3036,4883,890,4557,27,4437,3321,1124
7224,429,4406,926,169,194,1452,7074,115,1573,58,1513,549,1103,1789,294,1075,42,2251,1087,536
7225,1460,12150,3535,531,806,2966,24834,86,3035,85,4137,1475,4092,5053,1336,7481,72,6233,2596,936
7226,432,3556,1361,336,369,1112,11276,305,1709,88,1655,759,1731,941,443,1885,22,1402,1070,569
7227,240,1126,159,160,3,265,1311,1,237,64,300,26,458,480,19,347,78,584,466,121
7228,391,2378,262,234,92,1410,7542,16,1242,16,1351,199,1893,2419,56,2615,13,1813,1083,282
7229,507,6492,1619,252,485,1583,17554,278,1798,56,2868,894,2267,3871,444,3653,13,3511,1192,445
7230,824,7846,1445,330,247,2949,15546,352,2432,73,2677,753,2380,4246,436,3302,100,2640,2229,1124
7231,244,2890,649,214,110,821,5948,32,1094,102,1384,223,1399,1862,131,1230,6,1303,478,318
7232,240,1027,311,59,163,656,3971,20,1538,15,349,361,586,1043,200,600,29,809,477,175
7233,966,11940,2148,431,1634,2749,25183,920,7152,209,4560,2925,3611,5134,71,5760,2,4886,3223,1003
7234,331,3505,984,117,134,1311,10794,183,1404,6,1659,466,1787,2532,292,2522,9,1799,1307,521
7235,416,4567,991,155,271,1325,10576,10,1285,100,1913,389,1387,2770,175,2278,26,2170,1266,514
7236,719,7781,1581,234,224,1969,8898,277,2292,14,2126,618,1843,3380,233,3529,79,3435,2240,611
7237,1699,9293,1728,594,1018,2289,19352,258,3689,284,3313,1421,3507,5051,812,4673,57,2630,2337,640
7238,1405,10920,2662,1310,884,5975,38621,673,7117,232,7325,2831,5455,9116,1349,9157,160,6068,3451,1443
7239,87,1589,549,152,166,930,5982,27,850,44,998,515,884,1581,341,1196,36,1063,1226,417
7240,93,1101,490,48,57,267,1091,11,270,4,263,108,213,498,29,398,3,544,334,148
7241,577,5649,1339,377,207,1651,9913,191,1142,92,1482,1050,1941,2192,278,2479,170,2392,1119,570
7242,1873,15459,4296,832,589,5627,38789,365,6872,348,5143,2432,5445,7989,1253,9009,49,6352,4280,1919
7243,95,1071,249,95,6,522,1107,2,562,11,517,108,405,709,28,340,67,418,308,118
7244,611,4868,913,272,248,1346,8999,41,1622,74,2233,628,1954,2339,321,2597,107,1239,1038,522
7245,762,6029,1699,252,254,1484,13397,413,1096,53,1967,592,1842,2387,380,3373,6,1826,1671,352
7246,866,6093,1216,306,191,1831,15337,462,1282,104,2345,410,2538,3507,168,3995,95,2824,1426,687
7247,883,6734,1429,165,437,1084,16046,120,2444,66,1502,476,1913,2961,334,3775,20,3417,2081,632
7248,1098,11175,5150,1273,134,2718,13410,464,4031,173,3983,832,3120,5286,653,3090,67,4448,2737,1120
7249,1236,15262,2945,874,1256,5313,33176,828,9565,311,6803,2660,5138,7174,1106,4982,86,7382,4126,1673
7250,459,6091,995,150,291,2425,13692,97,2530,114,2926,1455,2196,4586,948,3101,42,1976,2139,1115
7251,348,3586,637,343,105,1249,5855,24,1439,86,1431,258,2049,1227,7,1317,164,1889,1039,649
7252,458,5379,942,402,300,2476,8673,12,2733,29,2101,464,1725,2911,488,2989,139,2959,1600,1080
7253,241,2648,658,204,151,1146,5670,74,1060,69,979,499,1068,1728,358,1833,5,1490,825,514
7254,141,1552,792,135,57,709,5792,271,691,64,790,403,1018,1014,154,1087,8,704,480,135
7255,1970,11740,3521,507,807,5084,29293,399,4440,283,5477,1952,4272,5631,697,7762,107,4981,4364,1036
7256,420,4990,594,373,86,1645,7370,55,1076,62,2063,592,1666,2557,120,874,165,1848,1225,711
7257,761,7369,1263,490,345,2374,7336,154,2943,96,2150,523,2567,4089,592,3254,82,3133,2330,1000
7258,1034,11496,2142,521,442,2987,25185,569,4243,211,4405,1018,3876,5648,217,4865,74,4730,2603,1169
7259,2695,24813,7869,751,1350,6223,52797,2385,8255,168,8047,2104,7393,9526,1230,11879,10,8324,6534,1501
7260,1393,233,2099,369,237,3278,18519,712,3454,121,3923,663,3330,5023,1054,5346,32,3724,2118,995
7261,290,1699,591,56,2,230,3509,36,578,14,617,62,596,885,26,1359,9,159,291,237
7262,240,1358,174,169,36,550,1703,2,366,11,905,164,657,909,47,585,16,711,505,204
7263,891,14989,3299,449,909,3865,30934,1344,4292,184,4238,1357,3755,5624,986,5913,61,3974,4444,1211
7264,464,2763,916,226,53,701,9886,32,1136,26,1473,294,902,1373,193,1318,0,1568,1012,35
7265,627,8615,1602,355,357,2930,15484,165,2623,129,1633,385,2821,3195,727,3670,101,3415,3080,909
7266,129,1275,237,38,46,500,2370,88,384,32,521,201,396,601,72,507,9,540,297,96
7267,1121,10864,2575,504,465,2867,25188,1219,3390,76,3625,1409,2821,4917,520,5369,24,4286,2515,1338
7268,777,8059,1625,343,775,1021,9359,165,5910,64,2270,2365,2280,4017,262,3962,81,3513,2689,1041
7269,533,8474,1804,349,515,2038,12051,199,2236,110,1897,536,2300,3283,736,4620,67,3893,2025,619
7270,468,2689,1123,168,237,1997,10573,10,1203,44,1111,484,1034,2900,427,3131,30,2432,482,852
7271,736,6854,1279,228,737,2225,14509,409,544,22,2291,750,2136,3211,742,4038,35,2632,1684,759
7272,920,6889,1896,343,533,1589,14698,410,2168,178,2993,736,2317,3008,641,2472,18,2996,2406,913
7273,792,5123,1015,485,231,2410,11584,172,2004,75,1844,305,2636,3247,629,3820,133,3033,1265,592
7274,1044,3761,1491,550,290,2067,17224,58,2760,86,2342,1199,2573,4453,669,3135,39,3595,1988,909
7275,1383,12925,2685,779,305,5219,22282,309,5224,45,5285,953,3875,7386,792,6231,106,5512,3941,2415
7276,182,800,242,16,37,262,2574,25,611,1,299,202,442,502,28,305,0,472,519,89
7277,881,7422,1000,497,310,2198,15331,106,3585,191,3860,1280,2650,4069,1232,4204,205,3712,1478,1299
7278,980,9339,1560,271,251,2947,15242,125,2861,157,2550,735,2765,4601,601,3583,62,3405,1852,1331
7279,925,7251,2457,812,1341,2556,24119,252,8304,125,1062,1450,3070,5329,858,4796,118,5054,3527,1312
7280,660,6148,1737,213,170,1479,11613,331,1877,221,2221,926,2286,3163,301,2915,23,2876,1964,662
7281,864,7094,1109,290,342,1778,18351,189,2388,149,3449,945,2111,3859,685,2648,82,3622,1951,1104
7282,700,5418,777,135,325,2078,12286,209,2481,78,2164,1000,2112,3442,968,2600,251,2924,1268,428
7283,803,7097,1672,250,234,1178,12029,107,1784,50,2329,355,1613,3833,392,2569,76,3060,2188,920
7284,228,2380,202,184,102,878,2697,5,493,38,981,87,577,854,39,803,107,855,582,385
7285,546,3963,497,175,74,1013,8663,88,899,104,1742,439,1389,2263,53,2209,84,1815,1040,492
7286,303,1441,764,148,264,930,7671,853,1351,57,1614,369,1058,1816,264,2367,25,1187,818,243
7287,1280,13658,3010,834,572,4938,25715,484,5016,128,5654,1986,4326,6918,858,4912,77,6115,3917,1169
7288,112,3351,851,101,230,1130,5353,261,1717,3,1129,468,1059,2593,288,1483,7,1838,459,485
7289,307,6423,1529,390,26,2127,5767,7,2140,65,659,195,1695,2788,460,3207,148,2740,1028,861
7290,469,3910,702,216,50,1128,8433,277,1118,110,910,498,1279,1793,287,2106,24,1361,1085,460
7291,608,4891,1210,218,331,2153,480,154,2072,72,2773,859,1530,3022,509,1972,122,2448,1023,748
7292,462,6891,930,367,235,2103,13678,150,2163,175,2595,556,2097,3696,545,2459,92,3658,2097,381
7293,571,8506,1501,369,487,1428,13950,432,2280,232,2406,488,2212,2856,1016,4534,52,2965,2284,894
7294,758,4874,1241,336,312,1945,11014,467,2556,85,1163,834,1408,3170,492,2951,114,2538,2135,312
7295,1002,10435,1719,595,1010,3141,16202,440,7133,118,3534,1376,2622,4707,318,4666,123,2868,2363,1262
7296,128,1042,71,43,10,291,1125,19,25,28,611,22,296,861,23,383,25,660,288,60
7297,332,1901,281,164,37,733,2491,0,635,25,757,173,847,1099,11,860,18,854,446,229
7298,102,1681,456,131,0,762,4296,35,826,54,833,256,924,1378,181,1100,27,629,613,403
7299,403,3898,240,211,213,1262,9024,246,1479,54,1268,135,1451,2547,466,2022,102,1983,1258,443
7300,231,3094,762,300,113,614,5527,10,347,35,864,180,856,1515,182,1787,27,1334,813,231
7301,266,2129,289,118,47,705,2048,3,603,102,1639,29,590,1290,120,1101,82,1332,643,472
7302,216,3427,338,375,100,1417,4954,25,2308,34,1698,968,1073,2043,133,1278,57,1972,865,443
7303,249,1801,133,86,283,717,7338,86,357,17,668,230,644,1647,458,2303,9,1340,706,386
7304,81,590,124,96,24,404,1291,3,487,30,604,23,445,719,0,348,11,388,349,125
7305,2567,20563,5159,911,1709,7171,43707,1177,10706,460,7718,3347,7429,9938,1688,10363,170,9408,5800,2281
7306,329,4221,445,405,100,411,7005,183,1922,60,2020,626,1648,2799,356,2738,56,2700,1619,1026
7307,463,3990,934,384,269,1482,9583,87,1847,257,2123,762,1713,1950,188,2461,104,1266,1828,554
7308,123,838,311,43,18,256,2250,51,427,13,385,92,417,639,86,448,1,456,311,118
7309,142,847,157,132,21,368,1066,5,2078,9,512,39,443,763,15,436,9,513,249,195
7310,116,886,128,122,73,449,1632,0,543,43,520,92,531,285,4,457,52,201,425,201
7311,1459,27415,3635,1175,674,8149,45189,1110,6054,330,6085,1888,5718,11627,2284,8923,31,8152,2835,1834
7312,798,12367,2151,547,450,3600,15662,214,2518,45,2706,1135,3306,4987,1491,6620,125,5933,2159,2229
7313,487,1932,915,184,184,1122,8103,167,1491,85,1228,476,1548,1782,330,2195,21,1927,783,464
7314,164,1455,162,88,0,134,972,1,221,18,512,16,359,585,6,490,40,424,473,83
7315,1320,14880,2862,740,441,3667,30319,901,5161,239,5529,2334,4987,5380,1155,6688,58,5762,3570,1923
7316,407,4507,1287,342,39,1063,8869,96,1961,95,1844,378,1575,2474,371,1518,67,1887,1809,601
7317,443,3605,1034,246,197,1729,6080,43,1618,58,1831,635,1777,2949,555,2220,62,2039,1352,343
7318,408,3360,416,152,326,1637,8095,43,1675,104,1272,262,850,2039,86,2132,239,1420,1058,794
7319,311,3053,804,273,311,1439,7447,25,1084,13,1535,596,1413,2399,315,2135,105,1938,861,799
7320,1423,12906,3229,503,879,2893,21127,1059,4175,29,4975,886,3984,5146,597,4644,58,2680,3855,615
7321,316,4780,1011,149,136,1647,9724,219,1935,1,1609,824,1559,2439,528,1518,27,1805,794,402
7322,691,4128,1249,357,662,2534,11556,34,2149,123,2817,758,1610,3512,150,3286,0,1705,1094,467
7323,1140,5454,2015,358,842,1984,21313,283,2716,165,3600,1360,3203,2846,700,4617,4,4542,2674,714
7324,1485,5704,2447,665,931,1612,19716,616,4602,274,3949,607,4095,5980,736,5702,0,5280,2432,1500
7325,201,3916,851,92,58,1181,8945,0,1305,50,1941,474,1260,2203,328,2252,96,1417,1564,810
7326,411,3378,820,413,269,1051,5910,82,1454,2,1699,315,1420,1924,30,2416,109,1637,1821,477
7327,1218,11314,2682,279,630,1767,27875,981,7226,125,4278,2125,3611,5680,739,5825,27,1152,2421,722
7328,737,18582,3711,806,525,5022,19809,1171,2672,410,3064,2647,3864,6997,760,7502,135,5534,4449,1809
7329,451,10282,1870,573,666,1538,18459,6,2555,177,3345,1387,3056,4122,448,4546,38,3403,2672,628
7330,417,2448,808,165,80,875,3572,212,1352,75,1187,359,1047,1579,319,1607,15,1450,1028,286
7331,706,11610,1686,607,1442,3226,25348,398,4369,188,4563,1442,4615,6092,1556,4856,147,6015,2502,1647
7332,509,6881,1111,410,308,2378,13634,136,1761,233,2534,584,1928,2391,428,2982,149,2836,2242,668
7333,33,946,104,62,46,317,844,3,296,50,587,47,266,665,28,372,5,587,200,103
7334,688,6458,1992,175,516,2042,14870,262,2118,59,2630,511,1253,3490,492,2949,15,2552,1543,430
7335,877,4000,960,268,876,2670,12364,61,3508,111,2562,977,2430,3088,390,2880,174,1498,1736,657
7336,246,5048,1026,178,429,1434,8561,188,1143,61,1198,319,1926,2832,780,1545,29,2697,1378,525
7337,1130,6182,826,280,699,2378,12424,23,2141,7,2203,696,1559,4012,178,2785,94,1251,1410,427
7338,104,698,140,81,47,313,889,4,565,4,267,74,242,460,10,424,15,338,138,120
7339,159,2602,771,104,194,740,6221,192,1096,32,787,0,1096,1969,197,1464,0,867,359,271
7340,967,9314,1272,597,106,1585,7096,458,2897,126,3277,114,930,4026,666,2851,27,3601,2189,1177
7341,1458,5846,2689,337,1101,3916,23726,1105,2588,63,4187,1453,2789,4333,358,6105,15,4753,2516,474
7342,1169,11100,1956,481,822,4017,24270,403,2717,311,4007,1478,3343,5135,468,5634,25,5968,3952,1069
7343,492,6906,1384,265,188,1834,14166,205,2164,76,1841,893,1917,3256,563,2490,117,2472,1877,754
7344,478,7082,1360,424,236,2233,15141,293,2204,109,2522,1423,2120,3405,487,1638,35,2926,2025,529
7345,996,3787,1442,416,279,1845,14925,175,2426,188,1924,709,2332,3301,609,3150,0,2805,1684,1214
7346,590,5535,1479,387,190,1784,11908,76,1865,93,2427,655,1910,2609,617,2457,77,2548,1558,628
7347,561,4900,696,271,417,1281,7986,35,1476,202,1255,492,1788,2711,122,2049,0,1844,1142,565
7348,512,7320,1717,274,203,3164,7762,27,4662,94,2721,735,3129,3845,785,3995,83,4244,2156,977
7349,292,6281,657,323,137,2005,5314,93,1931,81,2401,447,2582,2765,562,2419,117,2669,850,620
7350,264,2810,604,201,309,553,7636,107,2623,39,1267,713,1384,1576,174,1634,27,1599,692,763
7351,593,3008,550,151,326,1149,9595,440,2832,20,1960,1145,1534,1532,57,2663,5,1553,920,299
7352,194,1848,209,161,197,845,2622,16,715,39,508,200,778,1145,61,707,62,1137,847,451
7353,586,7599,640,293,315,1769,14483,687,2621,169,2075,141,3055,4097,574,3016,126,2844,1994,919
7354,316,5624,1176,150,219,507,4820,12,1850,35,1971,877,2066,2935,629,1917,26,2228,1131,673
7355,1245,8971,1840,351,234,2873,21127,0,3479,46,3594,1749,3528,4230,674,4800,87,3575,3478,941
7356,338,3566,815,115,325,1141,6028,229,2384,79,1097,557,949,1692,212,426,20,1140,1200,350
7357,292,2812,666,255,57,1194,4462,19,1051,48,1653,81,1147,1494,110,1093,90,1336,768,652
7358,364,4952,948,227,413,1190,9626,62,3553,88,1670,763,2358,2695,590,1808,79,2209,1065,702
7359,253,4977,790,438,135,1236,9634,25,2060,43,1838,0,1871,2452,458,2901,104,2466,1768,757
7360,637,5654,947,409,207,2075,6636,151,1973,119,3180,577,1953,2409,126,3094,44,2818,1646,601
7361,918,9742,2413,318,298,2818,20183,372,3131,104,2513,1182,2577,5063,701,4016,3,2796,2826,876
7362,206,1787,356,129,40,483,3688,16,606,46,659,87,627,1030,88,938,25,775,584,373
7363,480,7310,1378,540,259,2374,9280,103,4516,125,1933,1717,2144,3342,488,1415,87,2817,1597,777
7364,1442,12734,2429,580,975,3388,25285,444,3070,173,4331,1646,3650,4224,926,5732,55,4276,2916,763
7365,431,3698,570,127,484,2605,8517,93,1582,101,1910,684,1471,2160,217,1691,84,2048,1308,530
7366,777,5178,1446,208,292,1253,12960,38,44,33,1636,541,1584,1998,263,2267,28,1972,1537,686
7367,66,1672,282,135,74,369,2460,9,637,22,696,90,611,1092,110,648,36,670,205,206
7368,280,2297,226,231,64,852,5392,23,880,87,1734,229,810,1404,151,1011,104,1440,930,345
7369,191,1384,187,154,94,627,1914,4,423,52,824,0,519,729,23,550,20,647,234,289
7370,67,909,152,80,36,275,969,10,253,0,283,33,341,562,25,315,1,527,254,173
7371,247,1811,399,109,310,918,4066,11,1216,48,949,255,869,1180,65,1090,24,1171,1247,340
7372,756,5165,1354,275,547,1786,13858,223,2161,20,2605,1099,2212,3674,559,2700,0,2554,1781,651
7373,1211,503,793,221,648,1423,13216,231,5627,74,2748,2501,2743,3843,920,4027,22,3329,2194,602
7374,257,1732,378,98,60,489,2982,20,715,7,604,193,494,769,137,735,25,658,702,263
7375,280,1578,536,207,45,769,4168,57,848,5,1211,154,601,1125,313,1358,13,1192,714,329
7376,516,6058,1102,210,585,1243,13928,34,1405,87,2314,921,1755,3847,232,3709,67,3202,1930,450
7377,116,684,123,92,26,349,1711,2,212,27,477,151,404,806,67,471,27,468,381,101
7378,330,1404,165,166,29,491,2239,8,470,1,817,156,727,938,21,585,24,776,476,200
7379,605,6159,1150,155,593,2061,12484,116,4459,186,3014,877,2483,3764,416,1950,26,2853,1405,700
7380,315,5210,967,277,167,1979,11237,76,1798,135,2381,758,1968,3171,368,2687,100,2013,1291,799
7381,199,1208,95,22,94,287,1993,59,426,20,248,85,463,740,12,567,6,636,298,174
7382,702,5081,1062,254,349,1395,12182,105,2232,197,2488,735,1914,3793,297,3501,63,2359,1899,854
7383,114,984,158,51,78,251,2550,35,231,9,378,3,326,632,171,530,1,456,519,86
7384,1083,10276,2205,546,647,2926,22305,508,7125,226,4456,2132,2729,5067,1181,5857,37,3271,3106,986
7385,1152,11159,1951,257,1146,2267,23663,434,1231,129,2029,1248,3029,4549,650,4768,39,4015,2163,598
7386,381,3518,925,220,158,1435,8405,82,2971,50,1467,1437,1288,2627,176,2012,87,1658,1468,330
7387,153,2785,554,189,268,912,7292,159,1076,30,1141,554,1292,1517,343,1585,3,1388,575,418
7388,426,13275,1849,341,793,3473,17026,374,2361,151,2586,523,3014,4129,780,5593,65,5076,1481,1402
7389,752,5648,868,304,560,1937,13600,179,4693,99,1376,1448,1711,2794,600,3514,36,2285,1770,617
7390,949,8199,2091,378,413,2558,10301,1023,2615,163,2284,653,2324,3943,413,3875,86,3667,2375,710
7391,373,4206,623,212,126,1587,9820,335,1674,58,1206,421,778,2902,351,1805,22,1594,1444,214
7392,135,547,204,129,35,450,1817,8,428,20,320,118,306,573,20,305,15,321,267,141
7393,366,2127,127,111,76,912,3365,18,566,19,955,180,675,1557,10,777,22,1210,634,238
7394,443,4276,554,197,246,1730,8791,99,2015,5,1040,1544,653,2621,605,2193,89,1976,1810,779
7395,321,6269,1084,243,311,1257,8861,275,1681,81,1839,673,1913,3083,334,2654,13,2378,1941,899
7396,659,3285,1253,462,227,2209,12460,67,1862,30,2841,1382,1885,2978,281,2800,116,2218,1403,1140
7397,1251,4039,2472,486,413,1960,18154,349,1096,115,1251,946,2105,3887,459,3319,21,1542,1482,863
7398,91,967,192,84,41,359,1599,14,219,18,377,4,347,432,61,464,33,424,321,104
7399,34,3027,571,275,203,946,5347,71,452,24,1501,195,1148,1555,94,706,5,1542,579,237
7400,1467,10985,2488,739,367,3784,22792,260,3849,139,4547,1482,2799,5169,971,5785,81,4192,2676,1158
7401,1858,19316,1768,763,1001,6132,37610,399,7356,443,4566,1809,6605,10295,757,9068,450,9073,4338,3003
7402,176,1288,410,74,49,556,3084,32,507,25,687,169,497,535,157,889,20,566,381,183
7403,914,12156,2842,512,2,2654,23291,589,3297,103,3642,527,3851,4908,170,5530,23,4890,2270,878
7404,534,4472,1056,430,127,1411,12458,165,2048,134,2685,525,1971,2773,318,2809,63,1999,1936,898
7405,609,6188,1272,382,260,1832,9322,164,2493,105,2350,217,2461,2790,576,2607,39,2644,1641,937
7406,392,3614,742,396,9,1423,5940,1,1277,47,1399,87,1003,2069,155,2141,5,1306,983,653
7407,314,2962,287,275,114,1723,7477,15,2062,93,2011,635,921,1965,110,2309,56,1294,1332,549
7408,1094,9871,1858,545,480,2452,19948,190,3681,41,3743,1141,3044,2921,1154,4657,87,4128,2843,1108
7409,651,7893,1757,350,270,2354,3007,305,3426,52,2824,1003,3485,4260,323,3988,51,2023,2955,823
7410,464,6416,636,240,361,1240,13477,371,1716,119,1735,875,2039,3141,445,2306,132,2585,2243,448
7411,450,4670,1546,77,339,1855,12093,332,2187,121,2601,628,2371,2932,491,2766,48,2755,2042,867
7412,757,6050,930,444,543,2347,23448,739,7752,133,4097,2610,3748,5831,844,2727,63,5574,1167,2005
7413,124,970,228,88,89,374,2095,10,478,20,413,156,539,460,26,414,25,409,264,163
7414,1843,17601,3168,920,827,4565,27403,1205,7651,399,4155,2143,6065,6806,1573,7756,107,8394,3065,2319
7415,192,3512,413,203,29,1021,3972,13,724,98,1251,386,806,1667,21,1591,128,1299,835,436
7416,1058,7887,1822,419,372,1678,17843,442,3077,150,3626,5,2976,3918,468,4624,82,3644,2427,994
7417,154,869,95,156,4,394,1034,1,432,14,463,50,272,597,39,353,22,376,278,74
7418,1369,9457,2265,571,712,3654,25778,558,4523,339,4308,1487,3501,6385,1468,5193,94,4721,3889,1288
7419,1422,13304,4466,347,727,3414,34451,1034,4927,79,4434,1419,3937,5815,584,6537,8,4768,3772,831
7420,1040,5864,2286,362,957,1901,2291,1138,3611,216,3101,1102,1325,4687,585,4235,24,4053,1826,346
7421,601,1731,397,356,27,1832,5972,8,990,41,1772,222,1157,1843,63,901,59,1623,801,205
7422,1508,11516,2766,983,458,6137,33625,923,4750,310,4833,1759,4464,6253,1106,6939,98,6085,3343,1445
7423,700,8337,1456,271,18,2586,10084,127,2330,156,2844,309,2012,3224,454,3936,53,2644,3083,744
7424,89,1008,400,28,29,348,2466,147,268,32,352,138,348,482,37,380,0,378,497,45
7425,476,4732,687,362,95,842,9864,20,2156,168,1913,549,1245,2571,112,2315,61,2340,973,645
7426,1038,8719,3015,280,567,2123,22158,645,3002,36,2762,744,2609,3416,446,4536,6,2815,2268,548
7427,943,10438,1950,344,646,2250,19241,626,3226,111,3472,1008,3207,5270,853,4799,86,2829,2605,1282
7428,637,4458,1234,291,0,1625,15443,810,1787,154,1105,701,1592,1623,198,2677,24,2432,566,575
7429,548,3998,1311,65,288,880,10251,359,1510,118,1536,294,1233,1993,544,2386,14,1787,832,614
7430,1164,8888,1941,333,1037,2968,27419,614,4983,153,4720,985,4362,4007,735,4934,30,5112,1142,1972
7431,763,10238,1497,704,371,3208,19983,332,3555,423,4556,1120,3849,5820,682,4454,252,3453,3117,1184
7432,162,845,187,28,70,413,1708,41,210,15,284,80,341,535,152,303,4,491,183,165
7433,1022,10850,2543,475,494,3515,23424,419,3411,235,3649,617,3515,5000,200,4392,53,4305,2659,1194
7434,358,2299,747,309,158,890,4591,29,714,134,811,156,1070,2188,63,847,194,1238,1016,283
7435,1631,16244,3310,715,1392,3333,30594,1830,6307,179,3011,1686,4007,6595,1286,6803,41,4709,2656,892
7436,162,3836,585,136,103,1097,6134,97,2027,37,1232,533,1313,2016,545,2046,84,1514,697,441
7437,415,5202,1534,107,280,61,7332,176,1683,123,1542,472,579,1712,142,2431,20,1297,520,358
7438,641,7249,1353,208,874,2043,10464,621,2411,91,2395,711,1510,3270,463,3455,38,2645,1433,642
7439,618,4808,874,351,149,2262,4952,160,1374,91,1997,273,1565,2380,177,2680,113,2231,1125,889
7440,713,3550,2230,339,716,1530,13164,788,503,9,2340,584,530,4139,180,2702,13,669,1670,633
7441,645,3935,1891,326,554,2039,13097,184,2403,113,3019,1154,2371,3423,304,2393,26,2806,1952,653
7442,476,4157,763,155,128,1171,8663,156,1269,153,1566,679,1742,2500,223,1254,40,1719,1007,1020
7443,306,3250,803,144,331,916,5356,139,970,32,1082,386,763,1472,342,1270,5,745,985,262
7444,842,7742,1374,200,528,2462,15950,110,2795,66,3207,413,2432,3723,867,3631,7,2744,1907,710
7445,511,6211,2237,334,390,2888,17416,777,2797,82,3260,1408,2176,4290,583,4664,31,3215,2091,783
7446,796,5757,2118,373,861,2793,18919,401,1976,11,2731,955,2629,2193,805,3881,15,2853,1795,750
7447,1420,8692,2153,564,430,3220,21749,850,3434,304,4326,3,3279,4727,566,4964,62,4678,2127,1199
7448,841,13944,2000,601,1013,2646,35209,899,1434,162,2635,688,5020,6120,1186,7148,108,5667,2681,1434
7449,1212,10815,1142,482,544,2786,25097,407,4652,363,4488,1815,3219,5904,919,6651,72,5331,2755,1266
7450,458,5114,1122,355,136,2554,10316,43,1966,21,1487,499,1870,2456,317,2674,56,2577,1883,681
7451,1599,15053,2332,591,1945,5109,25887,658,11688,312,5162,2314,5558,7750,1434,7497,116,8182,4707,2109
7452,814,9654,1763,320,150,2965,13384,126,4026,149,3077,1169,3344,5637,629,4990,306,4257,3122,1207
7453,710,9901,2768,345,828,2999,15291,289,2614,177,1705,702,2444,4830,910,2934,63,3165,2330,1294
7454,174,2703,358,113,68,643,4000,39,1072,48,1320,154,1025,1861,76,1222,54,595,1424,83
7455,508,10066,1862,383,175,3688,21424,60,3627,246,4346,1150,4143,5028,1098,3494,0,3914,2005,1417
7456,966,9112,1777,251,609,1986,22610,367,2201,23,3890,266,3229,2703,783,5794,9,4192,1744,797
7457,379,478,653,353,186,1162,7425,96,1284,220,1550,210,1565,1017,121,2092,56,1876,1162,757
7458,49,1133,305,35,79,370,2693,74,517,5,217,89,463,662,92,790,1,400,258,189
7459,295,5343,706,184,3,1402,12376,350,1908,113,1956,961,1916,2849,569,3018,59,2154,1811,649
7460,857,4542,1717,334,709,1915,18484,233,5625,203,2039,2273,2808,3369,545,4046,85,3395,1430,1023
7461,276,9394,965,310,462,2905,14106,417,3733,98,1192,415,2194,4134,892,4019,148,3868,1634,961
7462,639,6585,1001,350,231,2176,11565,13,2369,112,2404,777,2253,3588,248,2765,169,2688,2395,735
7463,1377,17052,2581,916,873,4849,38739,671,7477,495,6544,1888,5730,7441,864,8284,122,7607,4308,2439
7464,1351,10364,2759,626,692,879,22205,224,3559,3,2196,684,2744,4226,209,2649,89,2216,2702,970
7465,218,2484,1748,162,277,1723,10361,79,169,47,1258,307,1268,2499,71,2674,1,1839,1259,323
7466,1002,9355,2265,446,232,2899,16300,118,3214,306,3583,877,2875,1565,1239,5361,115,4296,2609,1482
7467,867,9720,1568,414,140,2413,16961,162,3809,166,4218,1080,3179,4735,706,5021,87,4107,2991,941
7468,992,5321,2518,448,133,2929,19458,576,2455,135,3186,1437,2707,13856,713,4532,92,3702,2183,969
7469,620,5391,1638,617,309,2592,20152,355,0,103,2520,1016,2362,3748,263,3266,47,3304,1420,704
7470,172,917,288,46,88,214,2493,6,888,18,430,173,423,957,163,541,13,635,369,148
7471,190,477,327,81,22,489,2690,6,409,11,501,66,638,856,15,597,32,661,471,238
7472,169,1807,194,89,60,570,3559,19,852,47,553,263,555,991,183,774,28,795,452,255
7473,216,1165,481,25,125,442,3617,28,1218,53,860,262,773,938,101,810,49,1098,432,294
7474,52,782,157,36,86,135,1650,40,249,11,234,101,265,294,50,427,1,298,189,54
7475,948,10540,1770,759,741,3824,20356,541,4381,116,3785,1928,4056,5263,749,5726,21,4092,3115,1195
7476,329,2399,852,148,92,578,6169,34,1412,96,1606,208,1460,2733,176,2092,0,2295,1291,441
7477,1254,8260,2015,563,610,3428,20989,181,3587,91,1904,1146,2849,5757,1004,4224,69,2652,3515,1029
7478,760,4273,1460,335,185,1491,11548,232,1535,90,2809,866,1344,3595,302,4188,12,2919,2534,383
7479,313,4285,890,267,195,1123,7738,276,1755,81,1729,560,1203,2174,60,2254,72,1386,627,598
7480,67,618,123,30,33,233,1683,12,78,15,279,115,265,316,42,375,7,446,175,83
7481,1135,14126,795,462,675,5391,16826,541,3005,172,1840,1031,3038,6469,1148,6884,277,6866,3230,806
7482,1205,9800,2130,325,755,3239,19004,2280,3649,248,3569,1902,3432,5249,612,4143,12,4450,3465,954
7483,705,9507,1892,504,749,3112,17821,273,3662,187,2946,1131,2104,3305,683,3834,48,1875,2320,610
7484,267,5220,2437,115,397,1301,11353,723,1531,7,2066,101,738,2754,73,2713,0,2430,941,373
7485,80,1033,207,20,104,479,3857,60,160,5,271,46,162,520,73,722,2,693,149,77
7486,767,6301,1041,237,211,2084,14733,108,2514,105,3172,852,2498,4214,537,3191,145,3203,2572,733
7487,235,3650,703,343,99,1098,8017,84,3008,95,1351,736,1268,1867,108,1468,37,1863,674,247
7488,341,2024,135,59,164,61,5278,144,784,8,344,261,439,1000,191,1094,9,914,458,179
7489,1584,5505,3179,450,544,2950,23857,828,3379,97,4303,1376,3708,6361,995,6278,26,5014,3897,1010
7490,749,11856,2152,557,63,3479,31303,817,671,113,6171,1164,4668,6540,1240,6601,120,4193,2553,2176
7491,1508,11543,2137,264,1466,3286,11256,595,9642,193,5071,1497,4129,7191,1269,6200,1,4923,3395,2197
7492,1159,13267,2952,453,1223,3903,15958,455,3860,103,4583,1952,3929,5258,694,4891,66,4699,3118,695
7493,101,1155,188,79,0,251,2346,176,687,6,564,149,473,700,86,513,2,614,447,48
7494,557,10170,3697,326,1080,2991,18080,924,2109,123,3378,649,4602,2975,993,5445,23,6267,3046,1078
7495,818,8253,683,394,247,2569,15507,502,2582,173,3171,863,3115,3726,535,2390,24,3626,1926,976
7496,145,1055,78,149,24,559,1502,1,351,17,738,47,446,850,90,488,29,648,528,157
7497,1482,11811,2942,557,1086,4691,23353,364,6714,125,4175,2761,3809,5452,522,4805,57,5007,4349,1026
7498,261,2971,835,285,226,1311,7523,63,1138,39,1139,419,995,1528,146,1707,67,1381,1099,281
7499,142,1768,497,138,91,741,3022,13,785,83,782,212,740,1205,82,736,32,1320,552,248
7500,910,7910,1950,889,737,3129,19127,97,3395,322,3202,1100,2881,3694,710,4828,34,4026,2524,1169
7501,242,5072,1141,196,272,1552,14799,142,1086,76,1465,434,1754,3241,239,2427,12,2546,1640,425
7502,535,3519,352,15,80,1302,9347,196,1429,7,2053,293,1261,2783,196,2254,100,2063,387,610
7503,710,7222,1633,295,237,2098,16538,572,2770,94,1410,1060,2472,2992,477,3774,13,2851,2172,390
7504,1058,9781,1819,432,539,2457,16971,474,4277,242,3331,1468,2878,5110,1317,4786,56,2417,3237,1197
7505,305,2887,506,169,90,1233,4929,16,1073,40,1210,261,779,1657,119,1463,60,1018,754,240
7506,759,7906,1686,357,271,2663,16214,74,1725,31,3867,936,2486,4745,490,3486,46,3224,3198,936
7507,566,10134,2230,430,1005,2911,22778,1353,3057,75,3212,2145,3204,3942,834,4453,72,3579,2305,1091
7508,270,4204,1150,189,121,1706,9376,41,1009,78,1620,229,1372,2213,177,1383,57,1233,1075,439
7509,895,8627,2694,444,777,1973,22774,388,6000,172,4520,2294,3593,5458,985,5302,56,3787,3637,1303
7510,1634,15578,2473,609,1384,3140,23743,304,7670,288,4316,3801,3360,5783,2156,7098,121,4414,3439,1669
7511,429,3958,545,300,234,1321,5501,7,1201,73,840,309,1273,2130,521,2161,48,1987,646,784
7512,156,1368,280,42,103,494,2904,6,424,18,436,58,426,617,41,484,7,555,368,99
7513,965,3697,1222,259,423,2499,15530,81,4007,177,2045,1264,2535,4002,589,3127,45,3054,2296,765
7514,281,3827,454,188,116,1006,5240,1,1239,82,1696,0,964,2391,107,1067,10,1813,1275,361
7515,65,1424,641,38,56,361,2829,34,416,30,447,99,426,447,66,778,11,542,440,118
7516,1630,12394,2047,368,870,3823,17085,186,7111,227,4245,2687,3710,5934,1286,5323,16,4614,2600,1683
7517,63,596,166,21,54,148,1535,58,576,5,289,100,210,313,24,304,2,311,223,53
7518,417,3801,716,141,218,948,7434,194,1352,102,1155,443,1438,2313,170,2287,23,1580,1156,315
7519,120,1007,364,41,67,256,2602,89,370,2,315,100,287,386,47,490,0,399,260,74
7520,953,8760,2059,523,507,2440,21459,727,3365,156,3437,809,3348,4581,757,3929,30,3993,2887,1070
7521,890,7385,1039,581,265,2194,15430,90,3235,274,2918,969,3279,4239,775,3131,85,2994,2384,1197
7522,332,3412,408,286,95,1464,6617,10,1126,59,1750,312,1461,2111,133,1002,79,1488,1406,531
7523,75,1941,148,58,82,625,3644,622,689,120,630,175,443,745,328,845,0,936,383,109
7524,229,1507,161,41,13,659,849,6,459,11,546,108,418,915,7,444,18,432,561,206
7525,203,2450,385,133,59,1112,4194,19,952,92,855,24,838,1285,59,1270,19,1178,752,299
7526,1034,13327,2981,657,1,3642,39681,1838,6235,285,5550,3196,5392,8687,1547,9005,65,5861,3407,1704
7527,601,7470,2272,474,0,3276,18513,592,2156,204,3169,672,2588,2971,630,4509,62,2598,2462,1435
7528,897,5189,577,68,34,2202,7130,75,396,78,959,454,1948,2622,232,3050,112,2306,1892,487
7529,729,6200,1060,423,170,2285,10322,118,1704,142,2508,539,2147,3229,417,3213,298,2875,1834,984
7530,346,1751,664,353,7,1699,7560,134,1451,61,1689,282,1290,1911,51,1613,78,1648,1372,386
7531,1594,13245,2668,659,771,2438,25919,720,3306,300,4083,1169,3878,3809,249,6409,77,4255,1937,1557
7532,182,1416,248,215,19,659,2433,8,432,28,542,147,595,890,32,615,23,758,662,262
7533,224,3643,521,209,131,867,3131,4,1629,67,1139,316,1271,1705,273,1004,179,1645,663,339
7534,309,3302,1002,213,370,1517,7890,223,2688,88,1949,901,1345,2326,203,1745,27,1951,1354,798
7535,931,7941,1019,257,602,1745,13347,288,2806,107,1891,680,2239,3340,215,2737,265,3331,1825,905
7536,351,1987,590,103,286,870,6109,115,1012,133,919,470,925,1248,17,1427,40,1222,539,430
7537,140,861,340,26,78,198,2281,94,310,13,338,104,262,457,41,480,0,314,220,57
7538,1045,8207,1547,269,728,3229,19561,191,4884,92,3716,2025,3048,4358,387,4204,81,3691,2338,1151
7539,417,10278,2673,398,573,2251,28062,1004,3665,57,2606,356,3006,3709,1113,3729,52,3949,2683,385
7540,1585,11149,935,615,658,2667,24940,1042,2814,206,3993,975,3054,6045,683,6005,0,3637,3159,1088
7541,911,9945,2582,527,626,2272,19772,108,3063,215,3955,1488,2589,4623,953,2432,174,3979,2286,903
7542,176,1391,766,28,111,415,3329,27,362,5,555,19,322,548,28,707,0,538,458,99
7543,1415,11619,2211,376,840,3171,26290,1295,4780,151,3633,2177,2935,4868,999,5982,29,5080,2897,1176
7544,729,7278,2109,471,250,2313,17052,480,2952,247,3234,968,2192,3477,485,3702,78,2047,2554,603
7545,136,1027,249,95,63,199,2489,14,382,2,376,85,302,555,41,490,5,405,322,93
7546,441,7065,1441,204,501,2425,18018,313,2533,158,2978,1137,2018,3222,429,4118,49,3318,2108,653
7547,443,3191,1167,234,368,1948,8407,308,1862,98,1754,15,1958,2506,353,2283,123,1976,958,682
7548,2133,16014,4214,1116,1089,6078,31244,617,5484,266,6228,1582,5612,6753,740,8907,275,8141,4972,1767
7549,739,6611,1785,310,366,3336,16550,46,2490,124,3161,832,3314,5004,648,5202,39,4273,2925,1059
7550,806,7926,1888,341,288,2086,18159,443,5317,76,2588,1870,2272,3551,257,5067,27,2638,1645,887
7551,678,5761,1235,260,0,1171,8948,153,1636,122,1846,378,1528,2573,562,2304,22,807,1592,576
7552,1169,13099,1049,730,5,1120,22585,981,3749,260,138,1840,5318,6631,306,3625,0,3766,1841,174
7553,747,6297,1279,458,280,2008,14143,86,1901,185,2806,618,1706,3102,436,3181,92,3420,1732,829
7554,1065,4575,1301,682,366,2643,14164,52,2774,200,3260,760,2570,4359,569,2736,141,3397,2442,764
7555,776,14326,2625,928,465,3925,29234,444,5131,149,4182,748,4684,6400,687,6290,133,5879,2953,1695
7556,750,8062,2155,614,0,1897,14330,503,632,66,2782,678,2551,3790,207,4066,29,2948,985,626
7557,625,6321,771,169,280,1088,11695,82,2103,41,2071,874,2062,3176,336,2529,39,2725,1064,971
7558,64,1024,389,70,53,285,2767,31,644,28,434,130,328,829,146,589,2,541,220,128
7559,574,2220,712,323,279,2568,12421,294,2117,36,1655,761,1537,4318,141,3193,74,1932,2227,1024
7560,821,14747,1707,499,630,3514,13543,806,4653,609,2546,1116,4379,5912,839,6379,300,6980,3508,1332
7561,1350,8208,2785,435,611,3485,23977,186,4202,300,4667,2717,4175,5545,1541,5509,43,4526,2459,1433
7562,221,1303,224,133,49,552,2136,8,922,21,637,258,654,915,37,393,36,539,346,158
7563,428,6998,1623,71,65,2299,14887,267,2446,180,3198,358,2971,3998,733,4292,159,3557,1815,1145
7564,962,9562,1521,341,993,2723,19341,323,5095,36,3130,1531,2852,4461,655,2608,14,3624,2570,486
7565,425,3953,1320,270,345,1609,10748,102,1147,41,1560,276,1842,2587,833,2260,71,3983,1110,1702
7566,590,6252,1537,269,128,1880,14453,638,1897,49,3073,869,2435,2996,448,3713,39,1899,1588,653
7567,252,813,326,130,27,587,1595,22,10,9,422,104,429,1336,47,922,33,885,779,252
7568,438,4183,616,300,246,1411,7072,30,1511,69,1872,203,1557,2157,141,1775,67,1899,1442,344
7569,440,2086,757,329,58,1471,8401,3,1538,43,1898,491,1853,2375,456,1479,46,2251,1471,868
7570,870,7808,1202,336,980,2303,18870,714,5503,24,3429,1130,2374,4330,680,4238,28,3641,1948,751
7571,245,6,1346,125,0,542,5,219,0,36,2,70,297,959,1,1064,0,673,977,217
7572,715,7836,674,327,742,2358,14419,101,526,90,2525,1086,1792,3655,620,3198,52,2521,1837,443
7573,1082,7104,1761,311,564,3238,15815,458,2188,18,3772,625,2573,4335,501,4363,0,3538,2542,518
7574,1178,7405,2942,319,1402,2637,23967,148,6695,290,4570,2031,2009,4957,250,4471,41,4913,3280,881
7575,359,2772,439,71,151,916,4926,76,1310,30,978,260,956,1881,286,1653,3,1132,996,278
7576,329,4846,727,199,453,1145,5387,161,1754,98,1754,385,1803,2134,282,2381,76,2428,1136,675
7577,294,3419,869,128,124,869,8846,158,1669,111,1353,421,1053,2534,271,1925,14,1612,931,357
7578,1452,8840,1854,1038,1122,3169,33471,1220,5428,123,6661,1250,5254,7913,1514,7758,112,5861,4754,2486
7579,792,6433,1776,230,137,1425,15929,632,1148,68,1984,792,1912,2411,536,2488,6,2308,1701,593
7580,1339,10531,1858,434,798,2945,12258,726,3548,127,1878,1420,3052,4203,848,4784,45,4037,2429,1037
7581,61,3547,337,268,160,1505,11200,24,729,51,1100,267,1331,1366,208,1474,66,1822,564,516
7582,2115,21778,4441,1260,1515,4505,47947,675,7769,628,6559,1864,7346,9952,1880,13113,67,8096,5686,2562
7583,214,2178,305,90,304,698,4126,11,1345,32,874,471,888,2044,59,1187,57,929,911,437
7584,1311,7397,907,603,409,2595,13725,8,5468,258,3061,651,3656,4654,1260,3487,55,4028,2675,740
7585,1220,9078,2712,509,254,2646,14766,24,2645,206,3087,682,3252,3637,455,3648,97,3432,3480,1150
7586,82,712,231,29,63,157,1919,67,249,11,239,76,181,337,23,419,1,249,162,57
7587,968,7201,1115,422,250,2013,15500,9,2023,176,3429,1232,2652,3016,556,2895,103,3140,2276,655
7588,146,1001,216,74,44,533,1267,1,489,22,432,220,432,760,75,481,8,497,303,201
7589,165,2199,316,91,43,617,3367,35,511,8,585,309,692,1064,82,679,0,869,399,106
7590,509,2184,734,181,150,1585,6147,17,2153,59,1471,514,1088,2162,42,1448,29,1072,1011,111
7591,128,756,326,23,94,199,2290,73,337,7,286,105,243,395,44,457,0,272,205,44
7592,1124,13231,2407,377,1515,4269,29677,960,7476,243,3991,2066,5273,6997,903,6597,60,5617,5149,1155
7593,290,4451,518,393,327,1664,6597,51,2894,141,2079,722,1144,2364,225,1753,69,2069,1716,351
7594,120,2704,207,139,338,824,4165,42,1885,0,933,1024,1136,1871,345,1039,48,1255,238,469
7595,636,6028,855,323,307,1524,13162,48,2535,0,1569,569,2607,3125,386,3185,63,1372,1363,927
7596,400,5939,677,484,661,1963,10689,111,4424,50,1546,1263,2199,3210,184,2888,102,1815,1468,545
7597,187,2672,675,112,176,946,7440,201,1075,34,986,521,1083,1688,231,1692,13,1397,650,249
7598,222,2141,537,399,164,1066,4839,14,1860,104,931,516,994,1883,38,1149,22,1119,776,327
7599,292,3552,642,252,165,1064,5744,570,1550,38,1933,617,1718,2002,484,2090,12,1224,1519,280
7600,948,5058,1496,159,461,1861,15890,162,2593,67,2662,415,1944,4018,567,4150,46,2274,1992,841
7601,903,5982,1192,342,56,2212,11784,212,2257,83,2821,434,2297,2959,577,2702,38,2819,2200,591
7602,130,1870,191,216,69,758,1523,0,957,77,760,182,508,899,26,621,26,703,536,259
7603,112,1034,144,76,17,317,1821,14,686,12,411,155,352,576,54,378,1,518,202,135
7604,217,1035,156,226,2,972,1563,16,570,21,1003,7,611,870,104,771,36,914,591,133
7605,620,9529,2249,363,343,2305,16248,960,2158,87,2865,1161,2810,3642,749,5183,1,3331,1985,862
7606,355,4428,722,274,198,1010,7429,61,2873,144,1618,959,1386,2809,392,1962,96,1914,722,720
7607,862,7720,1530,468,705,1748,16975,128,26,97,2705,1095,2577,3613,321,4314,7,3485,1799,733
7608,411,5723,1346,385,512,2175,14532,27,2068,217,2070,885,2138,3675,677,3819,129,2787,1521,1161
7609,239,887,137,62,70,386,1746,8,412,8,670,125,306,733,40,593,18,624,642,143
7610,853,8613,2582,212,496,2068,12568,860,2858,56,2316,107,2057,4034,750,2889,26,3600,1706,969
7611,270,1843,309,31,217,444,5176,156,1834,55,1018,517,750,571,207,826,3,872,567,163
7612,454,2549,634,358,175,1779,11026,31,1794,94,1670,687,1965,1616,291,2463,30,2017,1498,718
7613,1836,13890,2561,776,497,5195,37043,811,5416,250,6435,676,5470,7319,1201,8790,303,7226,4767,1674
7614,937,10438,2713,1,753,3728,16650,416,1,138,3101,2035,5285,5740,470,8522,98,6994,3071,1880
7615,336,2121,384,261,221,1245,6336,16,1218,83,923,380,1115,2149,251,1848,62,2101,1352,652
7616,684,7891,1150,482,544,2319,14284,474,5697,152,2862,1603,2767,3593,864,3851,95,3265,1869,912
7617,529,6411,2735,262,166,910,11622,188,2022,37,1865,633,1964,3126,594,2858,10,3182,1459,455
7618,156,477,79,22,37,492,1631,14,480,38,556,26,375,757,47,800,8,583,399,154
7619,1559,16012,3557,750,673,3500,38463,693,5160,69,6026,1629,6151,4261,1387,7750,54,7224,3166,2026
7620,604,7481,1396,373,0,1617,14940,254,2363,154,1857,594,2533,3874,295,3104,211,3256,1873,911
7621,661,6242,1404,231,360,1474,15186,348,743,77,2011,817,1868,2807,511,3011,19,2729,1398,826
7622,864,7925,1207,376,973,2045,12236,126,4670,168,2683,1643,2842,4612,1090,3775,119,3449,1864,1304
7623,716,7917,1672,368,702,2432,16882,108,2893,132,3205,934,2415,3656,385,4012,56,2715,2389,656
7624,1069,9930,2716,461,1179,2046,15657,275,6895,149,2817,1863,2896,5311,773,3762,42,4433,2804,867
7625,836,6361,1434,554,499,3218,22558,239,3765,146,4054,1488,3413,5376,672,4785,141,3589,3244,3
7626,1539,13767,2565,774,972,2319,28881,949,7797,228,4747,3347,4280,6331,1156,7515,44,5781,3570,1161
7627,522,5701,892,374,282,1544,12159,123,1999,40,1446,636,2449,1994,397,3405,91,2826,1499,731
7628,1031,8640,1587,269,618,3365,22425,976,3509,52,4440,356,3290,5216,658,5237,52,4551,2120,515
7629,81,683,232,28,55,173,1951,62,261,7,235,71,217,341,35,428,3,245,193,42
7630,604,10196,2802,280,49,2981,23130,545,3730,206,3749,1003,1746,4749,696,5240,16,3985,2681,460
7631,207,3023,261,188,91,907,3332,14,766,47,1500,272,1162,1546,101,565,19,1089,560,386
7632,1346,12467,2908,440,1173,3867,25930,968,2918,109,4480,1362,4283,6559,1169,5675,86,5567,3706,1092
7633,180,2315,214,170,212,826,2419,14,1546,10,960,157,836,1283,18,605,19,1005,277,229
7634,841,8348,1653,306,132,2509,16330,253,2895,123,2651,847,3049,3941,723,3370,77,3603,2077,961
7635,1454,8061,1999,342,547,2458,18473,524,2894,183,3625,413,2687,2500,569,2614,41,3761,2962,373
7636,447,8775,895,347,339,2053,16328,221,3395,260,3206,0,3027,5083,513,4786,108,4049,1217,750
7637,936,9332,1760,330,510,3170,18745,148,3565,130,2788,920,1819,3843,759,3684,99,3290,2523,369
7638,323,15060,3605,421,1233,1462,29304,788,3064,194,5104,1764,4118,3831,382,6483,32,5905,3043,1134
7639,31,1891,293,146,166,464,2221,9,328,19,649,65,642,905,28,747,31,608,489,310
7640,824,5052,1129,407,353,2421,7037,32,1659,112,2106,682,1908,3493,466,4191,27,2082,1177,557
7641,241,2260,522,198,266,418,7774,111,1538,76,1033,431,1253,2086,182,1427,18,1676,712,387
7642,231,1725,391,100,32,937,1846,9,360,35,536,111,738,1407,66,629,32,667,371,281
7643,184,4261,788,185,2,1168,2900,176,2375,25,999,565,486,2029,353,2387,0,805,963,136
7644,1568,10719,2166,575,2,2191,37066,1238,6635,352,6325,2193,6491,10125,2147,8815,97,7747,3223,2474
7645,849,5853,2013,709,305,3004,16913,309,2738,175,1554,1008,2985,5217,590,3927,49,2905,3172,640
7646,615,9956,1731,330,737,1658,14677,379,6841,266,1734,1822,3531,2092,579,4232,82,3283,2012,933
7647,632,9813,950,474,401,2736,19318,224,2824,112,3307,717,3208,2940,385,4233,60,4363,2485,982
7648,1083,8586,472,284,655,3418,19688,123,3257,154,3549,2375,3130,5276,897,4209,18,3313,2069,745
7649,231,2536,503,58,251,557,5736,109,508,14,732,320,736,778,140,1210,9,1109,556,188
7650,813,6188,785,259,530,1353,11207,99,1912,156,2584,1036,1768,2999,564,1151,123,2357,2298,217
7651,514,4757,647,220,185,1659,8056,68,1508,88,1473,765,1087,2388,271,2199,41,1657,738,642
7652,433,10295,1496,551,919,3612,11362,135,6096,101,3672,1680,3278,4852,323,4735,82,5179,2095,722
7653,1291,10227,2128,610,398,3425,20117,486,3096,250,4214,1445,3806,5262,616,5201,242,3500,3003,895
7654,298,2286,755,266,97,1416,7679,102,1124,122,2136,157,1424,2422,173,1749,150,1841,874,631
7655,1177,8428,1311,309,1133,2279,18155,425,4322,134,1156,1534,3049,5819,906,5869,46,3886,3369,1210
7656,848,7996,1315,451,1048,2185,18488,136,4600,74,2177,1686,2440,3438,922,3550,82,3262,2755,596
7657,963,16307,6,0,0,2096,22612,993,5551,0,6504,0,2286,1289,1389,4475,35,1035,2161,1482
7658,572,5667,658,177,259,1026,11517,226,2101,97,2129,7,1152,2852,521,1738,33,2714,1186,719
7659,281,16789,3394,777,1017,3636,34744,385,4362,184,4144,697,3531,5188,713,8474,104,6942,2896,1528
7660,767,6589,1499,465,307,2534,17384,193,2594,45,3550,808,2387,4548,397,3563,157,2883,2512,781
7661,90,1846,493,74,0,427,2115,62,538,23,845,8,416,1007,89,709,6,600,418,46
7662,629,7522,1373,503,0,2209,14499,64,2107,165,2193,901,2088,2344,21,4066,166,3008,1470,993
7663,922,6176,1048,581,435,1996,15009,259,2625,193,2451,613,2280,3355,811,1822,304,3519,1340,1473
7664,1381,10771,2826,12,910,3804,20627,213,1785,179,3995,1290,3377,3555,875,4860,37,3150,2491,1240
7665,195,1616,352,103,91,445,2913,90,290,15,636,228,267,1073,60,607,15,500,486,266
7666,362,2056,229,311,270,1187,5106,6,2502,97,983,347,1125,2328,155,881,68,1215,490,519
7667,1125,7701,1685,403,0,2656,18599,978,405,157,2009,854,1999,2225,642,3081,4,3190,907,540
7668,460,3023,494,68,278,415,5198,13,1988,27,813,489,888,1644,23,1647,32,1015,1138,386
7669,1317,8055,2082,222,2564,2763,24547,570,3117,58,1813,947,2969,4604,520,5685,14,3552,2093,804
7670,1088,10010,1495,315,347,3667,17479,106,3075,277,2842,1191,2767,5265,584,6621,97,4468,2337,1149
7671,680,5451,1370,248,265,1158,11207,29,1679,38,2400,705,1750,2217,400,2401,17,1846,2041,508
7672,960,11482,2367,754,1454,2671,27306,1238,8901,167,5092,3746,4015,4023,1313,5558,20,5662,2189,1744
7673,1280,12910,2063,569,471,3395,16722,699,4014,97,2376,927,3869,5162,884,6950,103,5411,4144,1456
7674,333,4904,1520,197,488,1500,10714,196,3193,35,2073,932,1062,2936,293,2267,42,1584,2173,438
7675,167,1304,294,35,112,480,1769,52,198,15,463,3,647,848,108,458,7,411,295,77
7676,36,885,206,55,12,272,1272,58,23,3,475,93,252,569,53,443,0,242,289,106
7677,1217,9859,1768,494,1094,2558,17400,266,5995,171,4125,2305,2930,4691,685,3701,28,2288,2982,701
7678,941,8983,1800,642,1466,3120,20811,191,7344,225,2751,2607,3187,2974,1332,5244,33,5221,2635,670
7679,1027,8376,1018,348,668,2086,22048,1069,792,177,2637,1044,2120,3974,673,4608,0,3834,2468,642
7680,349,1789,675,200,374,1500,8975,116,1107,135,1467,414,1795,3322,753,3388,0,2837,1359,435
7681,840,8483,1679,414,785,2374,19010,138,2983,13,3081,1698,2786,4570,912,4366,34,3424,2245,482
7682,268,2449,818,224,178,969,5826,26,1801,4,801,616,769,1578,84,779,36,952,814,369
7683,1986,27741,4526,1707,2035,6681,45395,831,8923,199,9130,2260,8475,10932,1832,12908,120,10280,4254,3497
7684,534,3963,688,453,89,1538,3588,39,1269,94,1886,388,1676,2597,284,2712,127,2491,573,785
7685,1170,12987,3284,271,1415,4808,31417,819,6143,281,5381,1625,4385,5415,1178,7814,103,4168,3188,1775
7686,828,4464,2550,410,1270,2531,23186,588,3152,204,2905,1370,2541,4220,1345,5627,0,3697,2536,665
7687,369,4547,865,254,205,1717,6430,177,1254,28,1541,477,1258,2292,259,2104,6,1318,1518,560
7688,1095,6444,2684,628,680,3477,26320,226,3567,105,4044,2071,2662,4655,926,4867,9,2992,2805,904
7689,1438,11927,2249,850,856,2603,21706,1022,4786,297,4987,2152,4875,6500,286,6040,6,5298,3204,1138
7690,717,8413,2129,356,588,1002,24224,401,2705,61,2513,1414,2449,4068,444,4943,12,3070,3200,521
7691,708,5895,1162,382,1,2040,13283,205,399,42,2470,220,2229,3028,483,3011,129,2481,2521,1192
7692,153,8506,1433,431,741,3231,7217,220,6085,8,3326,2945,2984,4561,960,5707,52,4746,2498,1388
7693,553,5532,879,342,734,1427,12995,111,2274,83,2558,955,1946,3048,393,3570,44,2236,1501,239
7694,1246,11029,2081,445,1172,3094,22799,328,3088,119,3046,1108,2949,4738,581,6069,54,4918,3374,1052
7695,310,2914,728,188,278,735,7082,166,2257,34,1077,625,1156,1563,293,1374,11,1619,855,263
7696,218,1665,339,52,267,599,3613,11,801,15,949,47,818,1319,77,1331,22,577,696,184
7697,770,6507,1296,292,541,2331,14216,42,2450,27,2660,876,2915,3910,880,4711,170,3235,1341,1407
7698,286,1964,300,88,190,365,3820,77,743,57,953,95,633,793,113,328,28,727,293,14
7699,1333,7532,3022,446,551,3958,27101,448,5507,203,4455,602,4533,5551,1608,6467,108,3283,2064,1833
7700,632,4591,1284,134,213,1251,11983,238,2434,61,1040,451,1711,2453,322,2810,15,2417,1353,560
7701,685,4656,1019,387,210,1880,6865,119,1591,135,2264,356,1628,2013,118,1840,119,2105,1160,847
7702,648,6972,1366,459,0,2860,15218,26,2179,127,2254,922,2228,3117,514,4036,206,3064,1919,984
7703,1180,9268,1944,451,669,2958,20662,335,2833,142,3595,1092,3548,4582,1095,4902,97,2325,2149,784
7704,1795,16590,3296,441,1918,4456,27464,1805,4866,374,6841,3478,5652,7136,454,7191,33,7658,3354,2127
7705,583,6366,2520,227,425,1613,19078,780,2520,64,1675,956,1937,2888,536,3299,6,3229,2208,679
7706,252,1757,514,70,144,640,2610,74,400,10,486,227,717,797,184,1015,13,916,363,273
7707,876,8920,2174,333,51,1425,24772,363,3743,163,3001,1366,2692,4172,1017,4605,38,5155,2295,1068
7708,968,10641,2806,419,858,3838,25175,575,4655,184,3224,1462,4305,5801,1047,5552,155,5012,3224,1381
7709,564,7356,1680,379,641,2647,18321,338,2440,127,2228,46,1881,4125,645,3730,35,2958,1496,779
7710,489,4443,1426,131,234,1022,11452,338,1434,27,1384,408,1228,1949,158,2095,2,1626,1320,260
7711,41,1005,124,49,0,271,2897,118,373,11,438,186,534,545,78,518,2,432,177,83
7712,387,5118,1148,303,3,1781,12003,159,2066,66,1994,683,1069,3341,512,2442,22,2561,1613,304
7713,100,765,296,19,60,188,2005,90,267,3,279,89,190,310,39,433,0,244,171,36
7714,137,1377,129,65,36,257,3128,93,467,32,669,151,665,639,5,1286,0,752,332,147
7715,1978,22166,5463,728,1840,7518,45684,723,8418,299,7036,3145,8688,10713,2122,11672,75,9042,4951,2414
7716,588,5487,2121,464,757,3234,15228,850,3761,119,3785,834,2664,2467,525,5874,63,4531,2398,1113
7717,601,5833,1411,328,1,1474,9371,32,1867,134,1907,622,1642,3126,635,2415,20,2134,1827,637
7718,714,6481,630,365,244,1823,11352,124,1311,39,2007,510,1832,2683,466,2032,132,2601,708,868
7719,318,2904,653,100,247,758,6168,26,1861,103,1129,664,1008,1271,54,1397,52,1206,839,431
7720,482,4885,444,225,130,1346,6566,26,1453,8,1200,11,1765,2297,256,2539,48,2132,1139,501
7721,555,3039,1104,214,367,1233,11255,50,2823,90,1388,1301,1482,1413,183,2429,23,1739,899,339
7722,337,3540,1978,43,203,855,6545,145,836,9,1354,48,804,958,93,1835,3,922,693,233
7723,258,2034,413,38,95,661,3973,68,231,34,570,76,619,961,166,1450,32,1034,470,304
7724,222,3293,290,241,145,986,4765,14,622,74,1435,227,887,1057,15,1295,118,1232,777,415
7725,329,3332,609,69,328,1156,4296,50,627,146,887,359,1156,1678,51,1443,181,1551,1036,465
7726,596,4059,938,280,361,894,8196,48,1029,51,1249,525,1186,1883,527,1956,3,1980,1046,477
7727,193,1709,457,32,144,591,3169,125,730,37,514,109,581,890,187,1249,38,1198,658,218
7728,123,1102,216,127,0,317,1506,10,262,52,528,28,537,739,7,197,1,252,187,59
7729,124,939,137,87,25,615,1932,2,441,27,622,69,414,874,18,660,15,696,211,159
7730,818,4907,758,276,225,1546,7720,121,1117,31,1437,167,1518,3169,308,1975,46,1963,1068,573
7731,932,6078,1307,567,280,2626,13448,170,2300,101,4143,776,2554,3459,504,4016,165,3629,1779,1032
7732,490,3726,593,225,44,1285,6100,39,1646,53,1225,333,1233,1919,83,1790,46,1610,1073,537
7733,1629,17951,3834,1030,1591,5664,28815,879,9687,365,6533,2400,6151,8404,1799,7856,100,6907,2700,1520
7734,791,6164,1467,205,2,2486,10256,91,1570,118,2467,562,2222,3297,492,3408,94,2649,2599,612
7735,454,3331,1093,235,142,1300,5440,150,3583,104,92,726,1702,3065,185,2434,65,2104,827,735
7736,499,4701,732,168,148,1554,7905,54,1757,95,2103,431,1746,2726,358,2518,86,2305,969,612
7737,641,6684,616,515,311,1432,11109,50,1813,109,2666,915,2367,2980,706,4271,11,2980,2427,914
7738,549,10285,1928,508,1283,3095,18957,657,4566,63,3973,630,3629,5778,801,4671,134,4060,2019,1690
7739,768,5051,2110,268,668,2130,16104,178,2397,7,2798,1026,2050,3754,407,3481,27,2960,2092,591
7740,86,601,114,70,67,105,1437,34,255,1,287,62,258,1447,47,239,5,283,141,124
7741,440,6195,1840,186,569,2137,17859,210,2706,98,2606,1809,2054,2070,88,4096,18,1489,2008,572
7742,395,3141,511,181,158,1222,3724,25,1156,59,837,314,828,2305,197,1621,27,1181,1075,581
7743,662,5928,1620,248,889,1438,13667,241,3943,92,2443,1371,2021,2926,322,3326,53,2881,1028,559
7744,599,6756,1117,460,170,2145,14446,165,1868,106,2610,615,2082,2574,414,2743,41,3158,1596,819
7745,767,3653,1298,300,1,1738,15999,302,2517,205,2440,1143,2277,3981,935,3767,26,2538,2431,966
7746,893,7319,2089,421,166,1970,14580,97,3201,83,1654,568,2506,4000,517,2961,35,2926,2460,714
7747,738,4314,520,336,191,2327,17118,302,492,331,3498,756,2834,3087,342,3566,115,3529,1886,1567
7748,695,4229,1386,61,680,1261,13004,374,3866,71,1496,960,1924,2080,236,2694,46,1920,1080,566
7749,721,19898,1470,841,2456,1468,18767,563,5315,330,5553,1403,4959,4363,1816,4675,91,7350,4342,2735
7750,94,997,100,145,46,238,1535,0,318,34,362,0,199,266,54,306,15,336,224,150
7751,395,5255,1013,332,211,1458,6192,370,1687,81,1975,591,1530,2182,486,2652,39,1957,1280,503
7752,934,7393,1792,462,560,2025,16541,417,2477,137,3433,873,1894,5204,638,4601,80,3258,2943,1124
7753,281,1048,464,148,234,832,3453,74,1327,36,775,189,682,1489,59,586,87,893,730,355
7754,174,1446,404,177,62,574,3784,0,1076,95,782,260,753,795,41,798,2,720,463,236
7755,131,1576,376,119,75,478,2673,45,1154,25,717,220,631,651,59,769,22,743,530,197
7756,48,550,229,20,0,266,2035,15,187,8,222,78,276,405,45,136,0,476,102,71
7757,190,2336,310,257,95,934,3595,38,967,53,1422,205,815,1427,67,414,38,1161,1275,390
7758,846,6708,1931,416,594,3318,7128,500,3862,259,4060,14,3365,4263,594,4683,202,4380,3716,954
7759,1009,15737,4640,652,2505,2987,40511,1493,3349,326,4850,1187,5617,8233,2318,12199,81,10114,3855,2810
7760,210,999,165,77,143,512,3341,60,1081,53,616,423,651,854,260,713,27,614,383,282
7761,939,8997,1465,174,439,2846,13165,44,2875,116,4116,1260,2943,4495,524,3627,197,3447,2191,863
7762,345,8285,1252,331,694,3084,20434,693,3883,73,3978,1351,3006,4368,751,4821,31,3675,3376,778
7763,109,895,167,45,32,274,1815,37,310,13,270,79,399,464,90,455,15,308,264,96
7764,1003,11050,3404,574,152,4199,31342,1170,4430,189,4312,940,4864,7245,744,6937,11,5903,2513,1348
7765,28,11660,2986,681,12,2606,12127,1510,4161,125,2576,1661,1641,6347,863,6003,18,3277,179,1050
7766,1012,10548,1220,223,632,2798,20202,646,3160,173,3553,11,4047,5013,556,2253,179,4467,3196,1302
7767,1172,13259,2816,975,31,3982,23868,158,4150,298,3471,1582,5128,4560,1087,6738,123,5808,3196,2209
7768,424,5046,1555,303,324,1479,11699,234,3270,60,1549,1317,1748,2290,498,2755,23,1847,1715,564
7769,1095,9021,2350,622,923,4242,27520,875,5352,187,3576,742,3423,6503,1140,5592,195,6212,3039,1545
7770,400,3600,679,315,142,1803,9259,32,757,32,1668,163,736,2679,165,2018,8,1872,1507,354
7771,1215,10221,2505,200,421,2182,22342,328,3071,193,3202,586,3576,5263,1438,5163,67,2473,3215,1119
7772,468,2355,673,161,167,997,2858,14,1688,38,1252,259,1063,816,95,1302,45,882,766,482
7773,184,1292,690,72,170,450,3809,64,393,8,407,50,370,698,95,815,0,213,421,135
7774,527,3321,522,177,528,1676,11296,158,2972,79,1584,709,2175,2537,584,2776,12,2484,990,815
7775,121,3718,467,211,111,1051,4280,11,964,106,1521,123,1305,1579,176,1481,99,2178,1546,454
7776,1119,8916,2300,457,812,2104,21534,250,2638,102,3279,1109,2016,4392,600,4036,45,3861,3125,1137
7777,1083,8612,1739,670,1025,4384,20798,363,7611,260,4753,1575,3702,5765,696,4970,224,4949,3891,1120
7778,400,6034,2165,200,852,2658,18978,811,2499,144,2977,295,1284,4147,490,2923,2,2868,2177,420
7779,208,1462,148,96,0,337,3459,10,506,9,537,110,336,1426,62,878,0,827,572,161
7780,1003,9009,1294,394,480,2969,19805,276,3338,84,2579,869,3006,4281,231,3404,119,3612,2148,1206
7781,1157,11461,2432,566,481,3565,20328,881,2719,167,3573,1567,3555,4884,913,4751,55,3618,2955,433
7782,129,964,136,51,93,404,2434,31,420,9,448,287,415,665,46,710,0,396,125,136
7783,165,1038,197,106,15,431,2176,8,400,30,666,93,401,650,72,388,5,535,336,162
7784,568,3902,883,88,213,1255,8174,175,1718,105,2149,364,1933,2874,413,3290,1,1126,1350,497
7785,1186,4847,1512,806,636,3952,24197,578,4109,296,2307,1077,4161,5254,1163,5465,256,5361,2441,1440
7786,70,785,223,67,28,222,2368,53,353,3,548,243,193,339,45,604,17,426,252,205
7787,1064,13195,3333,615,1987,4349,30191,356,5144,226,4449,3160,5665,5969,726,7644,15,6202,2753,1819
7788,345,3351,1104,435,22,1713,10811,25,1689,25,2009,414,1692,3302,168,2603,65,2309,1551,765
7789,1368,20172,4222,499,1467,4498,29537,702,5101,307,3896,2882,4150,5648,721,9703,21,7569,3458,1422
7790,250,2435,423,148,120,1189,5052,27,975,78,690,390,953,2006,54,1392,16,1045,1223,448
7791,384,1981,581,255,45,1445,5314,9,768,168,761,110,1253,1928,101,1726,68,1430,884,682
7792,822,3458,422,485,537,1789,11253,339,3951,155,2467,1208,1981,1274,602,2703,50,1204,1535,965
7793,654,6508,1176,246,49,2042,13243,53,1146,45,1695,1033,2252,2953,599,2765,35,2391,1396,173
7794,103,691,168,48,24,327,1000,17,227,20,333,107,263,623,91,390,14,500,109,118
7795,1045,7834,813,362,747,2450,10649,110,6104,212,3345,2640,2866,4669,772,3791,199,2195,1232,646
7796,1412,9769,2549,590,480,3231,25409,705,4296,177,4414,1841,3831,5113,517,6131,61,4280,2943,751
7797,1064,12002,1617,271,1555,4109,19240,669,7735,186,3295,1062,4339,5314,689,5794,188,4900,2697,1246
7798,1321,12865,1522,629,457,4686,24934,312,3538,181,4844,1078,3704,6410,1011,5193,100,2748,4367,1851
7799,531,4545,904,236,394,1654,10125,34,2969,122,2128,1199,1579,1927,218,2329,62,747,1497,513
7800,87,769,204,55,19,427,1378,22,323,8,381,73,375,372,94,368,32,558,350,26
7801,123,852,246,153,37,336,1782,1,232,3,89,31,407,1118,64,340,29,796,255,105
7802,822,6740,1675,135,55,1682,16421,668,2220,47,2324,783,2208,2758,254,2723,18,2245,1738,371
7803,327,4639,925,387,352,1408,8594,229,3364,177,1894,227,1299,2432,289,1955,27,1781,1530,809
7804,315,3596,781,354,132,820,5616,28,441,39,1349,295,1390,2701,182,1665,85,937,1671,358
7805,170,1786,286,101,96,410,2852,41,636,35,805,226,472,970,99,737,30,634,509,127
7806,294,2419,462,254,204,1238,4648,17,1272,50,1204,344,910,1203,120,1319,57,1465,1076,380
7807,443,13860,1622,445,318,5219,18198,699,4153,35,3063,944,3710,5629,1076,4618,46,5958,2227,790
7808,600,15250,3807,439,826,4092,20962,519,4380,253,2890,885,3651,7138,978,3223,178,5545,2584,1901
7809,1367,14873,3501,480,1354,4346,33616,667,4867,169,5075,1764,5648,6619,553,7341,151,3980,3800,1132
7810,163,3440,615,133,231,566,4593,25,860,36,1384,513,1027,1481,70,1194,23,1183,728,339
7811,79,2057,321,73,130,352,2644,15,395,20,759,214,590,809,33,820,22,750,385,210
7812,1627,8643,2788,278,541,2241,23790,1393,2470,65,3732,1025,3498,4526,699,4772,24,3657,2330,679
7813,417,2547,1320,192,25,1430,5650,0,1370,99,1834,362,1563,1462,345,2023,7,459,1291,187
7814,544,6795,1919,341,530,2386,19274,221,1743,47,2745,387,1876,3490,592,4252,16,2767,1082,610
7815,197,2,3,0,545,2,4,182,3014,105,2515,1093,2691,2,0,3987,116,2,1143,450
7816,746,4357,1483,450,81,3128,12442,150,3183,129,2856,563,3064,4004,568,3400,87,2538,2304,1108
7817,943,8354,1619,485,792,2747,14407,381,5049,145,2614,1870,2675,3440,465,3130,25,2986,2658,587
7818,174,2048,189,114,71,497,3397,0,768,25,779,350,529,1065,187,1150,120,818,926,213
7819,383,5572,1105,434,228,2114,10927,288,2046,163,1747,675,1718,2717,186,2342,50,1989,1280,532
7820,407,5323,1023,490,162,2103,11538,22,1975,87,2114,436,1672,3254,348,2690,80,2258,1948,978
7821,70,442,521,103,117,443,1942,34,484,26,662,143,461,491,58,675,2,256,379,179
7822,143,693,201,33,29,278,2088,57,463,10,470,208,306,353,49,417,1,353,326,32
7823,787,5369,1943,519,838,2392,18065,878,2769,151,3035,946,3215,3941,305,3058,20,3452,1577,621
7824,1412,15821,1175,511,1396,4212,31718,281,4081,221,3088,1588,3734,6068,464,6817,25,5203,2762,1454
7825,475,4925,1046,294,283,1432,8347,407,1362,103,1509,578,1556,1836,374,2117,52,1840,1344,574
7826,392,2220,338,210,110,803,3552,11,923,102,1345,0,767,1764,125,877,100,1162,690,462
7827,690,8425,1053,403,155,3154,8909,509,2471,82,3227,916,2621,3231,619,3532,96,3070,1930,952
7828,281,2105,468,19,221,746,5107,195,911,20,947,188,987,1528,211,1256,15,627,507,144
7829,1442,13953,2288,872,2591,3350,31992,1216,8229,224,4873,3091,3481,6610,949,3742,193,7050,1610,1561
7830,1133,7090,1269,262,1,1423,4601,709,3512,74,2796,982,1614,513,181,3001,1,2538,1680,510
7831,1120,7861,753,222,593,3048,20373,680,3029,166,1857,935,2473,3544,699,3649,36,5483,1997,949
7832,684,4317,473,232,541,2152,9301,246,1321,85,997,201,1911,2655,26,2403,81,2726,1352,649
7833,1165,7877,2389,528,446,3751,22775,154,4108,238,4345,1500,4971,6345,883,5954,51,5987,2777,2131
7834,1308,15043,3408,680,203,4918,19248,656,4110,143,4364,2444,4462,6489,1104,7305,100,7170,4243,1241
7835,637,7305,1439,569,837,3264,19586,728,3741,132,3543,1324,3145,4633,289,4526,16,4842,2893,402
7836,1030,7177,2044,405,483,1600,14690,301,1593,88,1796,8,1391,2816,871,3035,31,2252,1314,653
7837,610,7965,1586,366,970,2882,24748,216,3077,48,3132,1640,2579,5017,0,4822,36,3603,1318,789
7838,58,551,297,23,49,182,2105,23,498,8,427,204,297,494,45,176,7,356,124,62
7839,90,847,173,41,62,252,1783,33,300,13,324,70,256,527,68,385,6,342,245,71
7840,430,3893,464,446,255,1426,4421,79,2427,126,1437,610,1360,1717,50,1770,64,1700,875,405
7841,847,5110,1461,478,192,2357,14308,828,2592,145,3157,497,2244,3878,203,3421,0,3390,1888,1230
7842,1143,13814,4804,560,1502,3083,37811,649,6083,304,6680,979,6008,6615,1322,6050,80,4588,3554,1017
7843,339,2919,485,233,88,852,6416,13,1238,75,1042,482,1093,1745,272,1159,19,1236,741,397
7844,414,5712,1098,296,453,1892,6162,112,2369,124,2172,963,2125,2425,297,2277,79,1872,1308,765
7845,743,5862,1235,279,271,1983,10183,94,1294,144,2056,901,1650,2816,628,2273,32,1436,2206,717
7846,340,5497,916,138,373,1457,6331,96,1785,12,1756,212,1546,3322,58,2198,21,1005,1915,685
7847,302,2412,759,111,214,670,6803,213,958,51,1560,306,938,1800,293,1597,3,1432,1015,172
7848,259,5950,1357,354,209,1915,13137,44,1791,133,2091,897,1832,2723,272,3128,33,2909,1746,706
7849,130,747,252,196,13,464,1555,0,373,22,484,41,537,1060,27,562,38,727,511,305
7850,179,1989,361,289,104,1016,5786,2,2268,57,1396,421,1139,1587,174,1153,22,1353,705,240
7851,316,7626,1178,328,808,2243,10131,145,2169,85,2222,681,1476,2992,554,3696,108,3185,1788,801
7852,525,2500,691,261,168,1350,9572,92,1520,113,1509,489,1646,3059,323,2361,17,2259,1372,432
7853,649,452,1150,332,122,2305,11364,183,2192,189,1847,639,2150,2067,579,2774,125,2565,1502,515
7854,512,7844,1558,303,483,2050,7919,166,3367,99,1623,1283,2606,4681,576,3561,126,2529,2805,1709
7855,377,3282,527,86,250,583,7416,133,2217,63,242,953,1342,1528,319,1555,25,1417,793,358
7856,350,2641,378,124,171,977,7225,65,1254,37,1127,172,1073,1701,157,1600,27,1116,626,466
7857,1751,16626,2221,654,1,4892,29192,777,6345,414,4551,2692,3937,7405,1616,6582,60,6527,2779,1978
7858,498,3464,367,326,167,1275,4762,16,750,25,1464,272,1092,1654,374,1239,25,1599,796,581
7859,175,1282,288,61,86,477,2043,11,341,34,365,140,607,549,49,540,18,592,155,272
7860,865,4755,1883,381,284,2668,20411,741,2413,95,1880,981,2784,4342,479,3643,21,3024,1541,484
7861,836,5511,1133,293,660,2299,22505,50,1411,103,2731,1046,3087,5805,804,5235,65,4142,3212,1022
7862,1298,1618,2820,738,589,3082,28104,1096,4116,150,3907,1791,3552,5873,1150,5323,27,4924,2769,1095
7863,171,577,456,28,124,249,4018,96,543,19,393,135,429,522,208,596,0,443,284,77
7864,652,11192,2733,692,562,3349,29729,565,958,26,3145,930,2016,3338,386,6177,67,2514,2222,963
7865,1393,10776,2687,484,757,1816,25140,451,2341,153,3400,1125,3533,3838,1018,4856,22,4679,2109,608
7866,171,1255,145,92,97,622,1957,0,537,21,821,84,466,924,11,499,29,579,582,262
7867,200,2289,531,93,55,631,6560,88,533,18,991,212,660,1125,165,1446,2,742,841,138
7868,1344,10304,1743,268,612,2817,20664,684,3886,177,4265,331,2034,3756,614,5177,33,3723,2903,852
7869,1289,8347,1865,446,794,2822,20990,687,1922,206,4164,1373,2412,4300,452,4296,1,3551,2706,278
7870,263,1187,760,66,12,378,3371,148,29,8,459,88,282,723,43,721,1,598,381,81
7871,882,4363,1186,286,574,2620,19215,217,3407,185,3139,1498,2906,4781,608,5419,37,3255,2280,311
7872,499,3486,844,152,287,896,9260,95,1495,66,1409,454,1369,2627,156,1813,40,962,597,549
7873,683,6544,1912,326,454,2374,8866,1220,2125,106,2732,284,3312,2295,366,4091,9,2624,1173,605
7874,370,2356,891,204,21,886,7285,160,469,118,1307,623,1394,1616,309,1976,25,1448,561,230
7875,92,704,176,48,77,397,2821,1,266,38,388,32,301,486,30,465,37,225,123,214
7876,522,3040,399,129,381,673,7695,115,1927,43,1376,584,801,1054,455,1221,15,1266,821,340
7877,646,6596,1452,751,216,1104,16385,186,1704,32,3514,49,2897,3473,476,3966,32,3499,1844,588
7878,514,272,524,164,80,895,5958,18,1402,47,1287,299,1272,2034,223,1532,39,1702,811,531
7879,906,9840,1489,390,626,2861,20668,454,2871,91,3254,721,2063,5188,917,4589,69,3228,1676,970
7880,171,1985,110,78,42,397,2923,10,698,55,1052,44,403,919,29,904,29,1157,448,284
7881,517,3528,1370,210,382,1131,12562,173,1918,59,1750,225,1878,1980,89,3078,14,1343,853,351
7882,536,3359,988,207,206,1518,5879,93,821,70,1757,303,1526,2288,42,1711,17,1467,847,394
7883,348,2514,785,105,116,805,4373,271,595,35,1087,325,844,1611,224,1188,14,1355,411,216
7884,2838,20019,4608,1310,2,6426,27499,1243,6532,391,8047,3733,5992,8993,2727,8305,45,9511,4929,3047
7885,53,1018,358,24,50,226,1369,34,487,46,295,80,536,592,189,496,14,502,480,164
7886,1265,15718,3528,447,324,3981,30472,644,4132,72,4997,1301,3936,5676,1321,5708,83,5731,4007,1153
7887,827,9582,2794,545,299,3374,20142,787,3651,83,3533,1261,2965,4331,793,4997,24,4096,3394,899
7888,799,9337,2061,361,579,2313,23740,605,3696,201,1709,1282,4506,4145,480,6290,73,3359,1611,1788
7889,752,8546,2229,224,740,2428,14840,222,3892,36,2326,595,1299,3326,674,4250,47,4826,1995,819
7890,280,3128,719,348,1,813,4502,21,849,40,1161,194,1119,1464,88,1105,47,788,1005,332
7891,1452,9293,2237,690,39,3672,16181,316,4279,430,4413,1469,4147,5851,888,6281,168,5616,2277,1426
7892,576,3653,1164,262,279,939,10598,168,1659,80,1435,529,1335,1967,214,2038,12,1471,925,427
7893,916,3599,1873,686,241,3043,20274,479,602,84,2226,806,2217,3604,317,3559,53,2275,1465,911
7894,67,1510,375,27,42,342,4595,151,1331,13,648,277,665,1052,79,1025,9,898,215,191
7895,747,4353,1005,350,241,1432,8222,239,259,97,2057,0,1480,2036,126,2465,57,2739,1235,833
7896,1617,9282,3024,473,549,3038,28717,706,4239,269,3752,1058,4227,5521,974,5007,101,5669,3344,381
7897,399,3275,819,209,225,1207,5388,17,784,20,1762,275,871,1824,99,568,77,513,922,465
7898,562,5410,850,335,54,1789,8703,64,1841,121,1982,4,1932,3120,726,1979,89,2423,1829,876
7899,707,6189,838,272,857,2022,16512,619,5025,88,2188,1767,2242,3170,549,3980,2,3050,2045,726
7900,228,4193,524,221,189,854,8488,99,1321,0,795,413,1314,2185,453,2277,10,1237,1016,403
7901,858,8993,2649,280,48,1940,25860,944,2853,167,3197,621,2668,3708,718,4684,35,4140,2546,869
7902,776,8704,1288,537,522,3022,18850,72,2564,378,3287,35,2791,4881,750,3701,212,3618,2316,875
7903,241,8281,570,582,1,1019,17730,722,1406,123,3210,138,2301,4300,269,4490,53,976,1554,1099
7904,591,5078,1459,278,241,2836,9870,12,2408,122,2695,884,2691,3986,299,3137,41,2943,2521,687
7905,1505,12032,2050,602,509,3523,18158,992,2919,131,4207,2205,3330,4946,484,5185,59,2542,3569,1061
7906,304,4106,835,234,343,935,7728,32,1839,38,1838,775,1800,2377,413,2078,24,1749,1433,454
7907,440,3071,778,316,32,1650,6858,24,1176,31,1723,150,1659,2291,156,1889,118,1474,1055,530
7908,612,4910,1513,229,440,1241,11009,627,3737,98,898,1455,1641,2471,263,2266,12,1784,1246,310
7909,577,3650,605,293,123,1387,6178,85,1402,203,1551,317,1097,2013,452,1475,281,1753,982,367
7910,597,7192,1844,309,518,2261,12028,81,5132,217,3156,1765,2322,3730,993,2466,41,3241,2190,1009
7911,915,9339,2508,599,591,2801,13189,564,3416,381,3872,980,3380,5184,843,4192,44,4920,2219,1217
7912,1500,13194,977,527,511,2867,26052,342,3892,462,4261,1717,4626,6346,804,4892,29,4805,2118,1098
7913,88,1629,279,228,42,279,684,5,543,1,734,58,427,708,62,364,0,446,522,153
7914,326,1251,104,285,38,719,2783,7,800,32,1148,116,467,1187,50,652,36,1064,449,331
7915,1020,7650,1251,591,346,2975,14704,78,2383,106,3230,410,2724,4499,365,3710,207,3688,2338,1263
7916,581,11096,1760,745,685,4192,23264,592,7839,309,4368,2865,3838,6567,567,5562,99,4657,2525,1613
7917,606,14787,2946,783,524,3292,25873,576,4211,67,3794,1244,4326,5511,1050,6586,161,6312,3325,1922
7918,595,6275,1480,490,200,2004,8991,52,1665,134,2731,831,1994,2809,194,3313,205,2991,1677,1053
7919,272,3403,1315,111,165,538,7861,135,1161,33,1598,489,636,1402,113,1020,0,1268,972,162
7920,356,119,537,163,156,498,6598,161,1177,41,1545,501,1025,1758,356,1582,14,1176,556,267
7921,725,9544,1321,327,734,2827,14460,402,2235,61,3685,378,3169,2602,808,2223,140,4387,1085,956
7922,546,4951,1737,147,241,1600,9827,124,2167,57,1801,216,2163,2672,481,1878,35,2059,1799,301
7923,759,9429,2244,489,434,2457,14076,356,3545,38,3330,1296,3605,3070,800,4282,70,3963,1412,761
7924,348,1814,538,144,124,706,4774,172,785,3,687,166,589,1096,106,994,7,379,408,149
7925,603,6372,1894,272,308,2270,13790,322,3150,71,3060,525,1748,3345,596,3879,59,3347,1546,1131
7926,164,645,69,157,0,1099,5737,109,0,16,875,134,467,906,237,1690,19,1084,1012,232
7927,890,6853,844,543,359,2611,15837,573,2401,112,2929,670,2187,3573,753,3650,92,3053,1491,1101
7928,504,2493,971,179,400,1150,8166,12,3168,34,1215,491,1437,2453,166,1997,18,1540,1016,306
7929,1933,13732,3735,1017,2676,3193,31961,909,9049,373,3801,2456,4073,8362,1360,11320,146,8473,1925,2007
7930,325,3433,518,172,50,1237,5661,68,1443,94,1554,299,1119,630,161,1261,36,1355,1497,463
7931,540,11052,3061,559,325,3281,19138,182,2505,52,3962,1,3109,3168,723,4047,1,4271,2740,726
7932,1799,17804,3856,660,914,4718,45981,749,8782,159,6967,2026,5222,8107,1469,8862,190,9366,4746,1982
7933,135,1125,259,133,84,370,3084,4,519,3,398,95,640,1009,40,298,62,370,449,92
7934,1331,13311,3736,643,938,3141,30319,1165,4956,269,5400,1866,4509,5976,844,6011,65,5380,4116,1274
7935,794,13065,2002,440,763,2214,11504,1094,1459,285,3600,0,1968,3742,540,2289,0,3084,2431,955
7936,1281,7661,1530,539,0,3372,19241,270,5200,28,3134,1082,2461,4636,350,4071,77,2197,2465,322
7937,829,4642,1659,226,441,1977,17496,470,2307,47,1881,932,2159,3802,143,2931,0,2246,2814,669
7938,87,831,191,51,19,179,2397,6,476,9,433,66,315,492,29,505,1,231,598,71
7939,340,1644,246,277,134,871,2394,9,1407,30,654,164,924,704,35,621,8,971,428,240
7940,2107,27657,2518,1129,3044,6509,51919,783,9174,566,7030,3774,9477,11812,2966,14346,330,12331,6002,4602
7941,93,851,182,70,47,207,1573,33,303,20,302,118,223,400,89,328,4,349,184,53
7942,371,4920,1740,282,204,1056,11514,606,1300,93,2026,84,1466,1836,396,2693,15,2100,1209,403
7943,1167,13375,3097,541,1433,4020,32662,594,4698,205,5358,819,4691,6324,1353,7403,17,5707,3743,1585
7944,359,3260,889,155,195,704,6604,181,2124,18,1193,801,843,1730,204,1563,5,1342,1296,213
7945,1470,12261,2791,539,1353,3855,29287,657,4327,240,4455,1891,3905,5926,854,5457,29,3169,2129,716
7946,245,2230,264,121,110,722,2452,4,1175,13,1028,377,731,674,32,609,45,255,391,341
7947,500,4457,231,351,309,1369,5925,41,2843,51,1991,739,1407,2554,221,1767,141,2317,1467,363
7948,233,2301,312,236,124,763,2216,5,517,56,954,93,672,892,55,829,80,968,1038,199
7949,416,3692,707,185,294,1391,11341,232,1598,155,1377,567,1343,2197,290,2135,49,1269,1000,527
7950,1470,12392,2269,535,1607,3870,23516,472,8064,250,4367,1919,3370,6125,552,4711,45,4431,3150,858
7951,156,913,169,33,51,235,2123,46,271,4,207,288,164,408,51,265,1,301,244,68
7952,402,4432,574,341,0,1179,8267,6,1070,46,1329,319,1653,2284,316,1308,230,1877,1925,820
7953,350,2564,792,176,176,786,7662,169,963,7,970,179,937,1924,0,1648,13,939,1028,206
7954,1156,10587,1786,448,0,3174,16999,420,2760,71,3746,1001,2886,4128,674,4127,15,3549,2304,1217
7955,459,4771,1254,363,44,806,14525,409,1519,110,1564,761,2135,2022,345,2271,1,2077,1694,545
7956,817,7414,1495,85,315,1583,14398,652,1674,11,1974,26,1207,3365,167,3084,12,2317,1494,484
7957,759,5073,703,153,4,1749,15514,122,4738,61,1904,1692,1402,2199,660,3499,6,1423,1397,262
7958,308,3897,1145,90,293,942,8637,2,1342,125,1994,634,1604,2230,134,1715,98,2544,556,242
7959,372,2461,689,133,175,1225,7392,125,2907,116,1695,496,1539,546,257,1773,37,1693,923,673
7960,593,3343,506,83,380,1311,5384,45,1502,52,641,200,1466,2731,46,1946,181,1480,1093,593
7961,197,1734,171,129,0,796,2290,10,678,33,716,66,576,1161,29,581,60,1053,459,199
7962,405,10593,2537,294,454,2132,19264,545,7645,94,3387,2471,3692,5644,560,5529,57,3460,1648,201
7963,463,3183,743,211,93,1167,7422,84,1359,44,1335,298,1474,2002,249,1467,92,1779,376,466
7964,90,1333,241,70,80,482,1574,11,872,16,457,129,494,453,171,549,54,528,247,98
7965,417,4869,1315,189,198,1449,12512,101,1948,57,2318,21,1344,2445,608,2377,12,2349,983,619
7966,310,5065,1269,170,218,1560,6423,132,2101,45,1994,815,1135,2411,220,2551,4,1715,1350,484
7967,90,355,171,31,43,202,1835,62,279,4,286,85,339,355,41,351,0,266,276,66
7968,354,3608,1364,119,0,856,9723,95,1841,25,819,412,1069,1916,367,1912,11,1367,417,527
7969,597,4760,1488,208,649,1714,15746,110,3627,88,1878,1635,2964,3998,609,1801,63,2055,1866,656
7970,972,7703,1978,209,521,1904,9626,27,1656,51,1255,746,1840,2858,129,4031,7,2010,1705,343
7971,1332,11795,2298,658,1190,4063,27756,1047,4455,19,5491,2107,4138,6196,912,5846,20,5411,2677,1452
7972,91,1189,199,41,40,614,687,0,885,10,205,146,137,963,20,446,11,492,355,92
7973,919,9159,1995,290,1698,2171,14819,343,4423,206,3278,2259,2536,3738,570,3912,92,3128,1549,864
7974,1268,10532,2287,480,617,2978,20841,181,4031,129,2798,367,3562,4735,110,4258,19,3981,1379,665
7975,86,1199,197,105,1,256,1505,42,268,30,240,224,321,543,29,315,0,203,186,98
7976,2310,20523,3619,1169,1406,4448,46007,1167,12849,209,6638,3755,4526,7071,1892,11094,140,10030,5172,3059
7977,1008,11929,2180,766,420,4146,25849,660,4455,316,3968,952,3448,5435,722,5053,27,5281,3755,1610
7978,139,421,442,30,124,219,3219,63,361,4,491,204,350,506,151,677,2,385,254,59
7979,455,4075,1003,441,510,1686,12112,64,1646,174,2236,172,2302,3728,278,1968,39,2389,1481,495
7980,70,802,312,47,55,292,1833,83,152,10,336,32,245,441,60,523,0,149,222,82
7981,1898,17151,2454,1074,1017,5156,32500,321,5536,468,6809,1211,5975,8917,1051,7853,234,7999,4341,2437
7982,257,4640,660,229,297,1218,6160,59,2031,111,1911,648,1547,1826,149,1955,221,709,1301,735
7983,654,4682,615,262,190,1512,7583,152,1537,23,2019,460,1788,2775,216,1941,74,2509,1490,689
7984,1199,10364,2529,324,583,2772,24262,376,3175,217,2800,1739,1474,5502,1142,5303,37,4181,1310,601
7985,292,1280,293,141,327,1075,7236,20,2382,120,1369,620,1122,2078,127,1718,78,1492,1070,576
7986,2613,18920,3537,1062,1023,5074,33156,802,5752,142,6814,1966,6201,9496,1382,7584,310,9027,5496,3345
7987,2060,22799,4737,1396,765,7566,47684,918,10251,491,9737,3451,9112,13103,2581,10783,166,11066,5516,3346
7988,445,7747,1899,197,568,2111,16734,158,3107,94,2406,954,2664,3515,436,3652,23,2731,1651,793
7989,81,368,431,14,110,128,2848,40,274,0,310,118,311,410,84,557,0,291,272,50
7990,117,939,199,34,45,153,3313,34,221,8,313,94,291,487,40,232,4,352,357,80
7991,404,4185,1080,117,265,1777,6084,114,1344,52,2065,0,1346,2515,331,1967,19,1341,639,427
7992,736,7953,1745,478,322,2561,18046,159,2967,112,2457,1589,2575,3138,366,4107,98,3282,2805,631
7993,629,5240,798,357,0,1484,14483,293,1794,118,2288,475,2008,3038,588,2654,10,2169,813,480
7994,96,722,281,18,76,199,1847,66,234,5,227,69,207,320,18,402,2,246,159,32
7995,234,3159,392,220,192,1073,8035,55,1251,55,1001,421,1639,2551,181,1520,146,1670,730,436
7996,1933,12498,2319,515,1166,1607,28399,1503,3639,111,5296,2428,3592,6324,634,6384,42,4594,2484,850
7997,1341,10257,3872,475,511,3093,14116,1210,3557,79,3415,1418,3403,5313,687,5481,10,4043,3609,794
7998,365,2882,975,149,0,1018,7986,230,241,25,1068,608,1075,1906,176,1843,4,975,891,227
7999,429,2158,1349,231,348,1619,13357,125,1364,51,2129,846,1681,3038,379,3279,13,2193,1726,157
8000,606,4667,1072,302,486,911,11030,55,3161,61,1633,954,1273,2333,475,1749,20,1788,1684,568
8001,540,5405,771,326,166,1519,9846,86,1191,108,2085,199,1892,1109,151,2827,168,2871,1254,703
8002,788,9778,1466,440,361,2675,16965,572,1628,33,3310,81,2663,4226,615,4376,141,4129,2565,677
8003,1481,13223,2568,400,554,3897,27055,787,2678,166,4592,1549,3602,5911,447,5917,36,5042,3029,1273
8004,529,5646,1271,201,156,1810,11384,283,1628,67,1806,360,1556,1334,514,2583,41,2172,1058,461
8005,422,3799,1049,193,96,1306,5999,24,513,5,1646,236,1290,2014,185,2051,109,1022,1248,369
8006,759,7098,1476,336,31,2123,14469,114,4440,48,2240,2019,1195,2291,623,2868,29,1574,1443,338
8007,165,553,221,201,64,733,1845,1,733,17,743,279,435,948,25,398,8,672,389,144
8008,115,788,334,21,81,233,2478,89,306,9,321,109,261,418,38,538,3,316,196,54
8009,2072,14685,2031,535,1159,5550,30766,657,5577,639,3039,1353,6340,7777,1775,7880,252,6794,4315,3084
8010,204,2206,504,143,330,993,4297,18,940,44,1176,90,957,1474,140,1081,56,1016,784,447
8011,95,765,266,30,125,190,2267,65,260,9,251,90,207,395,33,478,1,271,191,47
8012,345,3035,355,285,113,1518,6648,5,1333,81,1768,375,1232,2135,77,1537,137,1952,1467,463
8013,78,704,273,25,69,185,1871,78,264,4,236,60,193,297,29,378,0,222,164,45
8014,667,4540,967,272,279,1818,11721,743,1285,50,1718,582,2106,2987,387,3202,36,2834,1383,419
8015,398,7674,1527,527,1225,2978,16507,274,3328,43,1636,1230,2955,5955,1414,3509,21,5282,2850,795
8016,660,6671,1548,318,509,2345,14628,186,4079,131,2698,1620,2677,2676,422,2649,27,2070,2353,667
8017,282,3926,504,313,199,1546,7836,90,1245,115,1800,261,1310,2481,355,1583,121,1522,1551,288
8018,869,6765,1328,388,485,1637,12590,217,2350,68,2299,751,2298,3195,559,3307,58,2800,2316,635
8019,194,2084,424,57,276,499,3174,81,1449,17,534,192,628,547,20,1013,2,578,518,141
8020,218,4799,570,357,301,1170,8850,247,1266,125,2677,16,1728,8982,313,2782,96,728,915,557
8021,260,6011,1143,273,295,1697,10247,179,867,24,889,336,1743,1962,212,2738,71,2368,1679,581
8022,529,3427,823,210,180,1135,7610,77,1250,48,1247,189,736,1770,390,1309,18,1332,1248,257
8023,567,7836,1655,516,355,2673,11079,53,3670,63,1090,543,2678,3525,528,4441,186,4352,2002,1683
8024,35,748,207,27,67,213,1692,15,96,2,158,63,262,295,22,520,9,352,207,113
8025,128,1078,366,46,89,306,2965,125,376,6,411,124,358,534,39,673,1,426,331,76
8026,1470,9689,1881,313,778,4129,24999,648,4488,151,4205,1547,4689,6505,948,6924,208,4544,3807,1171
8027,608,9232,1560,337,513,3261,10836,541,3129,110,2147,410,3264,3101,621,4668,59,3639,1264,939
8028,1374,14117,3675,783,552,4364,31005,1178,4458,195,5457,2107,4258,6617,1380,7379,182,6041,3767,982
8029,1318,8666,2603,762,1225,3508,15826,57,7812,250,4223,2092,4178,5837,733,5783,101,5669,2780,2065
8030,690,15088,84,830,1659,5172,30599,317,9634,157,5995,2347,5375,6234,1014,3862,41,6110,3424,1908
8031,1123,11526,2100,601,850,2821,18165,477,2937,252,3704,935,4236,2433,605,4493,103,2784,2922,1311
8032,483,4357,682,283,192,833,5946,9,1316,48,997,522,1430,1870,221,2092,110,853,1358,409
8033,141,1452,258,205,29,599,2661,2,522,14,728,174,483,946,10,492,63,832,759,137
8034,1208,11075,1788,518,1146,3527,14010,1213,3740,60,4135,1792,3453,6365,502,4897,0,5062,1990,1015
8035,507,5141,426,256,396,1748,8034,73,1701,139,1338,335,1488,2745,395,2009,102,1057,873,573
8036,229,1032,204,54,114,770,6698,63,738,82,551,133,1094,1701,198,1131,32,875,810,193
8037,518,8553,810,368,791,2750,16019,108,2450,139,3049,762,1942,3993,408,3848,77,3159,2289,1049
8038,70,817,125,42,39,207,1250,29,272,19,320,46,219,566,46,421,0,383,154,89
8039,212,1278,415,100,68,359,4043,285,761,90,718,362,748,1264,101,1188,0,471,166,204
8040,5,1445,39,106,91,386,2224,5,860,44,473,90,418,661,38,368,26,403,299,47
8041,1284,19156,2953,748,33,3019,24240,503,1621,229,5589,1114,5409,7689,1718,6737,116,7554,5215,1549
8042,1587,14472,4291,807,2269,3713,38934,1029,11566,294,6424,4313,5386,8741,1092,7929,2,6703,3657,1381
8043,1258,7963,1217,327,522,1980,17730,237,2881,273,1070,1222,3315,4851,293,3988,257,4035,2338,1233
8044,215,810,96,251,38,327,884,4,492,3,607,75,773,799,0,478,61,709,197,42
8045,440,2214,1150,261,255,1099,8412,239,1291,44,962,543,1318,1688,220,2068,38,1826,821,320
8046,1071,7522,1332,366,368,2611,16343,177,2951,224,3245,897,2646,3580,624,3295,4,3345,1866,755
8047,64,972,215,57,48,298,2655,36,761,64,370,329,356,727,112,490,3,452,365,154
8048,1124,9384,2022,342,582,2179,17461,1055,1812,49,2756,1129,2522,1789,723,4463,7,2924,2144,1070
8049,879,4841,1572,31,257,2705,18114,698,2775,204,2567,962,1946,3256,956,3539,67,2744,1752,924
8050,512,4041,468,246,276,1341,6143,53,2246,104,1555,608,1600,2456,182,2034,82,1888,1342,503
8051,67,1625,151,39,30,334,1010,99,68,23,685,123,602,574,0,470,4,349,233,142
8052,1004,10764,2573,555,439,3002,19732,517,6617,281,3451,2133,3139,2813,399,2915,41,3556,2804,418
8053,616,7321,884,237,372,2346,14779,344,1333,80,2729,803,2534,3638,101,3868,129,3112,2168,834
8054,272,2221,375,314,192,846,4906,25,2275,43,1104,332,1021,1552,25,960,49,746,534,294
8055,341,3663,1035,105,165,1172,11274,284,3214,29,1823,605,1436,2229,156,2010,5,1426,1211,253
8056,1006,9649,2619,528,439,2902,22801,758,2470,226,4115,998,2921,5167,18,5276,67,3627,3080,1120
8057,472,3448,906,155,246,1011,10048,235,1504,57,1493,284,1151,2493,246,2077,7,1855,1630,426
8058,232,1880,563,72,48,470,4821,167,603,15,1003,306,513,1193,187,1083,8,692,657,129
8059,531,5799,853,248,0,1248,9869,88,1723,67,1813,375,1481,2203,401,1015,99,1581,1203,839
8060,102,853,280,33,49,184,2434,76,267,2,242,78,231,364,38,471,1,327,211,56
8061,352,2153,336,205,117,970,3426,10,689,62,1286,103,1187,1682,37,1091,66,1113,632,355
8062,657,3650,1870,281,382,2270,19846,247,2688,66,2584,864,2812,3876,499,4921,71,3153,2303,723
8063,104,718,242,22,41,130,1826,69,506,2,288,189,264,315,43,225,2,303,357,46
8064,43,1214,281,137,105,406,2302,143,351,18,524,137,526,713,143,689,16,416,287,105
8065,534,6308,1182,181,369,1752,11723,111,2951,25,1247,1318,1984,3076,212,3309,80,2452,1227,678
8066,723,3398,1057,263,411,962,10608,114,1815,37,1530,445,1731,3467,468,1638,7,2152,1299,589
8067,1136,5880,2322,356,1024,1778,20465,177,6309,150,3404,1148,3149,3350,384,4250,46,3075,1940,766
8068,1099,10875,1562,525,0,2508,24924,376,16,125,3239,976,3580,5657,818,6081,31,4509,3352,1539
8069,622,7032,1336,377,19,2626,13022,49,1972,106,2997,556,2308,3434,586,3026,83,2231,1684,536
8070,155,2112,373,120,118,849,2883,18,563,9,483,79,690,1373,22,884,85,797,750,181
8071,47,889,246,34,44,206,2255,66,397,25,449,131,354,426,58,375,5,450,226,116
8072,737,9012,1556,644,459,3745,20466,391,3641,197,3992,1047,3415,5246,798,4700,84,4534,3358,1310
8073,933,7450,1894,334,671,2040,14181,71,3074,155,4248,625,2981,3910,606,3982,34,3034,1869,1050
8074,575,5294,963,99,320,365,10700,569,835,61,1097,160,1647,2123,321,2242,33,1834,1250,511
8075,774,4706,1186,423,233,1457,12447,143,3360,13,2541,1239,1661,3118,172,2220,68,2535,1824,954
8076,214,2296,344,149,63,1091,4385,0,572,27,1107,81,586,799,126,879,49,988,544,444
8077,779,6920,1526,492,302,2757,12179,533,2230,237,2751,453,2851,3244,485,3732,107,3132,1995,830
8078,550,5502,1162,362,320,2158,8152,85,1682,73,2053,88,2306,2694,435,3313,10,2357,1250,273
8079,982,12964,2510,676,1057,3290,27577,392,3874,191,4855,941,3608,4912,725,5411,78,5630,2808,729
8080,629,4969,1500,313,170,705,13877,146,1733,82,2276,792,1803,2198,520,3208,16,2465,1094,677
8081,449,4931,1048,234,390,1482,11296,60,2040,124,1707,644,1538,2883,191,2524,36,2118,1568,468
8082,87,633,264,18,81,195,1929,70,260,1,233,66,198,380,41,361,0,241,199,40
8083,1051,8236,1525,398,189,2060,19923,201,3076,243,3120,1115,3362,5181,1127,4277,93,3602,2457,1431
8084,236,1313,168,116,1,473,3758,143,699,16,575,112,504,703,82,830,0,588,519,143
8085,386,4198,691,160,9,1289,7562,7,1277,68,1891,254,1408,2727,242,1581,108,1125,1742,289
8086,411,6007,1309,260,215,2012,12557,170,4397,108,2965,1269,2360,3031,293,2032,58,1224,1248,684
8087,1930,15474,2679,691,574,5185,33687,1695,5485,259,4728,2343,4817,5628,446,9141,100,5817,4307,1605
8088,532,4163,1215,385,1,2318,18089,229,3069,67,2140,1083,2009,4033,959,3256,52,2871,2475,774
8089,239,3701,2370,276,762,1752,17952,1077,4512,9,3178,1665,2305,4693,442,2335,72,3143,2234,544
8090,365,4395,596,223,220,2033,8265,47,4015,114,1759,583,1183,2235,156,980,159,2130,578,730
8091,792,9707,2225,411,525,3191,7299,241,2909,98,2976,475,2379,4171,892,4381,42,2644,2748,667
8092,131,766,285,26,94,165,2605,71,323,2,319,162,285,341,33,669,1,330,459,66
8093,526,8204,1524,536,339,2086,16969,455,2925,135,3032,879,2729,3156,813,3642,130,4008,1728,861
8094,290,3273,875,246,121,1339,7852,81,1879,126,1209,739,1470,1156,496,2209,70,1495,1150,557
8095,151,2264,462,179,89,403,5215,223,990,41,783,398,869,1729,168,1130,8,1001,771,334
8096,80,771,325,12,29,179,1997,21,120,0,243,51,197,260,0,362,5,238,196,64
8097,749,9340,1389,328,283,2160,18860,460,3101,110,3614,838,2348,4241,823,4347,41,3533,1945,1330
8098,330,1194,390,199,1,766,2807,4,1476,17,997,218,876,1469,125,373,66,823,520,284
8099,649,10782,2506,422,477,3367,22506,847,2992,184,3563,1269,3741,5107,536,5182,31,4671,2943,898
8100,1520,13012,3189,730,471,4794,24381,840,2970,197,4392,1183,4987,6343,934,4122,48,5940,3678,1436
8101,238,4123,868,65,0,1188,9571,196,991,137,1881,339,1292,2242,376,1113,38,1281,1399,455
8102,1336,10334,1949,774,8,3311,20078,293,9619,358,5162,3274,4179,7025,1127,5154,163,5398,2224,1554
8103,992,12536,2768,918,806,4610,33008,537,1657,180,4497,1998,4941,7133,862,7648,158,8054,2819,2222
8104,367,7301,1579,469,610,1306,13799,86,2076,52,1310,445,1922,2599,408,3090,120,2808,1856,755
8105,1233,9390,1625,500,27,2687,21451,608,4089,88,2382,1229,3197,4275,429,4691,0,3856,1893,1703
8106,1043,11802,2126,471,522,3472,23677,282,2456,143,4724,914,2590,4129,686,5771,9,1827,3395,930
8107,106,715,306,32,139,197,2272,58,634,12,405,249,308,648,89,571,4,482,248,88
8108,750,3966,924,301,389,1531,14157,288,2296,143,2369,1195,1799,3151,681,3159,18,345,1679,1004
8109,704,8833,1632,512,796,2981,22751,385,3432,131,3971,1092,3923,5726,603,5740,25,4283,3111,1461
8110,851,6463,1375,245,245,1894,13325,159,1907,58,2342,492,1899,3733,276,3091,36,2962,1522,830
8111,328,3081,606,158,115,911,3972,290,1349,43,929,367,726,1832,269,1663,73,1402,796,431
8112,122,877,425,27,22,211,1896,40,203,5,277,20,179,384,13,432,0,377,181,85
8113,339,4784,933,289,339,1477,14491,200,1422,85,2054,1031,2184,3195,856,3402,71,1741,2001,1341
8114,654,2521,1904,423,497,1668,11183,375,2796,263,3273,891,2451,4262,380,3622,22,3643,2140,690
8115,1461,19624,2358,971,1015,5154,36671,418,6012,342,5891,1754,6083,8040,1940,8763,105,6234,3771,2085
8116,130,1924,296,123,36,515,4026,53,775,63,809,207,673,1095,122,949,54,699,476,202
8117,1088,7228,2896,554,663,2764,23768,1035,3442,242,3498,1006,3837,4292,1007,5506,52,4492,2724,1127
8118,815,8009,2140,186,2,2691,12508,558,5321,143,3160,2278,2740,4105,608,3627,36,3985,2327,1209
8119,926,10831,666,141,965,3165,23199,375,6733,102,3009,2710,3455,4033,973,4194,47,1417,1752,439
8120,383,3724,618,326,314,1296,5331,44,1834,0,1159,440,1779,2349,71,2064,137,1870,1238,211
8121,410,3298,380,360,48,1230,2631,13,1468,129,1927,306,1569,2067,110,1409,156,1492,1412,365
8122,181,2990,985,180,545,888,7369,21,2322,76,1501,855,1509,1878,237,1442,29,1343,725,460
8123,394,3077,520,205,176,1583,8023,148,3079,91,1476,964,1266,2862,73,1851,100,1903,1082,606
8124,491,3399,1302,255,247,2161,12648,352,2371,107,2469,857,2083,3992,534,2818,27,2097,2654,518
8125,333,3366,740,220,104,1312,7514,59,979,52,1611,230,977,2363,161,2063,54,1050,1104,520
8126,2113,19420,4283,1062,1000,5836,28633,1083,5485,266,6820,2359,6831,9014,1767,9422,86,9138,3638,2687
8127,1361,8812,1513,349,854,2992,24893,431,7445,65,4200,2199,3555,5316,1133,5805,0,3567,2071,1102
8128,211,2142,887,118,332,358,6232,148,1574,16,967,542,941,1755,56,1497,3,814,454,315
8129,393,3073,809,238,251,761,6503,48,197,26,1242,356,1341,2129,275,1764,98,1720,1532,554
8130,789,10125,1487,476,0,2583,11908,127,2753,293,2440,445,2730,4239,676,4799,40,3190,2533,1127
8131,644,8962,1459,383,375,2398,17452,351,2521,109,2012,564,2432,3690,464,2820,69,2501,1815,907
8132,266,3905,920,404,443,2180,9581,338,1869,272,2516,843,2609,3162,650,3022,43,2763,1987,659
8133,552,6417,1147,252,258,1938,8244,79,1989,194,1987,622,1627,2369,129,2666,42,2405,1934,629
8134,1162,11893,3361,643,1621,2768,19572,1098,9079,338,4282,3045,4760,5165,1219,5613,0,4414,2425,1756
8135,1096,8905,2151,386,1466,2515,22339,193,4101,103,2671,901,2542,3271,701,4432,35,3757,2344,908
8136,814,7481,1607,798,260,2137,18934,268,2902,236,2949,1314,3152,2787,457,4214,213,4515,2167,1265
8137,1051,9908,1232,578,339,1965,18333,336,3639,129,2952,672,2646,4162,1314,3815,111,4592,1865,1031
8138,210,2680,340,142,114,584,4664,101,1027,74,761,295,968,1113,191,1580,31,1174,721,496
8139,440,3559,574,307,56,1439,5908,10,1472,139,2082,0,1202,2310,131,1641,45,1452,803,414
8140,35,1116,330,69,20,489,2697,5,562,24,534,92,585,1083,84,621,4,550,357,105
8141,614,5042,904,287,185,1257,13314,170,1851,90,2173,583,1838,3057,209,1851,27,2315,1185,747
8142,73,2148,269,123,128,605,4067,60,1122,22,780,175,797,640,482,1001,28,937,185,260
8143,1015,6632,1084,233,295,2479,17954,240,2377,30,2790,849,2784,3599,650,3843,248,2114,2057,1119
8144,966,9374,1821,310,369,1772,23091,587,2358,29,2647,849,2469,4015,248,3429,20,3424,2334,684
8145,470,4642,788,356,154,1548,8621,80,1677,112,2072,337,1105,2497,559,2303,77,2327,1334,704
8146,1783,19554,4812,1403,2424,6254,42087,1471,11521,250,6454,1518,6785,10900,1379,9647,130,8373,5028,2566
