,SF3B1_pK700E,GATA2_pN297S,PTPN11_pA72V,PTPN11_pE76G,PTPN11_pG503A,PTPN11_intronic,RUNX1_pQ335H
0,0,-1,0,0,-1,-1,-1
1,0,-1,0,0,0,-1,-1
2,0,-1,0,0,0,-1,-1
3,0,1,0,0,-1,1,-1
4,0,0,0,0,0,-1,0
5,0,1,0,0,0,1,-1
6,0,0,0,0,0,1,1
7,0,1,0,0,0,1,-1
8,0,-1,0,0,-1,-1,-1
9,0,-1,0,0,1,1,-1
10,0,1,1,0,1,1,-1
11,0,1,0,0,0,1,0
12,0,1,0,0,1,1,-1
13,0,-1,0,0,1,1,-1
14,0,-1,0,0,1,1,-1
15,0,-1,0,0,1,1,-1
16,0,1,0,0,1,1,-1
17,0,1,0,0,1,1,-1
18,0,-1,0,0,-1,-1,-1
19,0,1,0,1,0,-1,-1
20,0,-1,0,0,1,1,-1
21,0,-1,0,0,1,-1,-1
22,0,-1,0,0,-1,-1,0
23,0,-1,0,0,0,1,0
24,0,-1,0,0,1,0,-1
25,0,-1,0,0,1,1,-1
26,0,1,0,0,1,1,-1
27,0,1,0,0,1,1,-1
28,0,-1,0,-1,1,1,-1
29,0,-1,0,0,1,1,-1
30,0,-1,0,0,0,-1,-1
31,0,-1,0,0,0,1,0
32,0,1,0,0,0,-1,-1
33,0,-1,0,-1,0,-1,0
34,0,-1,0,0,-1,0,-1
35,0,-1,0,0,0,1,-1
36,0,-1,0,0,1,1,-1
37,0,-1,0,0,0,1,-1
38,0,1,0,0,0,-1,-1
39,0,1,0,0,-1,-1,0
40,0,-1,0,0,0,-1,-1
41,0,-1,0,0,1,-1,-1
42,0,1,0,0,0,1,-1
43,0,-1,0,0,0,-1,0
44,0,-1,0,0,0,-1,0
45,0,-1,0,0,1,0,1
46,0,-1,0,0,-1,1,-1
47,0,-1,0,0,0,-1,-1
48,0,-1,0,0,0,-1,0
49,0,1,0,0,1,1,-1
50,0,1,0,0,1,-1,-1
51,0,-1,0,0,1,-1,-1
52,0,-1,0,0,0,1,-1
53,0,-1,0,0,-1,-1,-1
54,0,1,0,0,1,1,-1
55,0,1,0,0,1,1,-1
56,0,-1,0,0,0,1,0
57,0,-1,0,0,0,-1,0
58,0,-1,0,0,0,-1,-1
59,0,1,-1,0,0,1,0
60,0,1,0,0,1,1,-1
61,0,-1,0,0,0,1,-1
62,0,-1,0,0,1,-1,0
63,0,-1,0,0,-1,-1,-1
64,0,0,0,0,0,1,0
65,0,-1,0,0,0,-1,-1
66,0,1,0,0,0,-1,0
67,0,1,0,0,-1,-1,0
68,0,-1,0,0,1,1,-1
69,0,1,0,0,1,1,-1
70,0,-1,0,0,0,1,-1
71,0,1,0,0,1,1,0
72,0,-1,0,0,1,-1,-1
73,0,-1,0,0,0,-1,0
74,0,1,0,0,0,1,-1
75,0,-1,0,0,0,-1,0
76,0,-1,0,0,-1,-1,0
77,0,-1,0,0,0,1,0
78,0,-1,0,0,1,1,-1
79,0,-1,0,0,-1,-1,-1
80,0,1,-1,0,1,1,-1
81,0,-1,0,0,-1,-1,-1
82,0,1,0,0,1,-1,-1
83,0,1,1,0,-1,-1,0
84,0,-1,0,0,-1,-1,-1
85,0,-1,0,0,1,1,1
86,0,1,0,1,0,1,-1
87,0,-1,0,0,1,1,-1
88,0,1,0,0,1,1,-1
89,0,-1,0,0,-1,-1,-1
90,0,1,0,0,1,1,-1
91,0,-1,0,0,0,-1,-1
92,0,1,0,0,1,-1,1
93,0,-1,0,0,0,1,-1
94,0,1,1,0,0,1,-1
95,0,-1,0,0,1,1,-1
96,0,-1,0,0,0,1,-1
97,0,-1,0,0,0,1,-1
98,0,-1,0,0,1,1,-1
99,0,1,0,0,1,1,0
100,0,-1,0,0,1,1,0
101,0,-1,0,0,0,1,-1
102,0,-1,0,0,1,1,0
103,0,-1,1,0,0,1,-1
104,0,-1,0,0,1,1,-1
105,0,-1,0,0,0,-1,0
106,0,1,0,0,0,-1,-1
107,0,-1,0,0,-1,-1,-1
108,0,1,0,0,1,-1,-1
109,0,1,-1,0,1,1,-1
110,0,1,0,0,0,-1,0
111,0,1,0,0,1,1,-1
112,0,-1,0,0,0,1,-1
113,0,-1,0,0,0,-1,-1
114,0,1,0,0,0,1,-1
115,0,-1,0,0,1,1,-1
116,0,-1,0,0,1,1,-1
117,0,-1,0,0,-1,-1,0
118,0,1,0,0,1,-1,-1
119,0,1,0,0,0,1,0
120,0,-1,0,0,1,-1,-1
121,0,-1,-1,0,0,1,0
122,0,-1,0,0,1,1,-1
123,0,-1,0,0,-1,-1,-1
124,0,-1,0,0,1,-1,0
125,0,-1,0,0,0,-1,0
126,0,-1,0,0,1,-1,-1
127,0,-1,0,0,-1,-1,-1
128,0,-1,0,0,-1,-1,-1
129,0,-1,-1,0,-1,-1,-1
130,0,1,0,0,1,1,-1
131,0,1,0,0,0,1,0
132,0,1,0,0,1,-1,-1
133,0,-1,0,0,1,-1,-1
134,0,1,0,0,-1,-1,-1
135,0,-1,0,0,1,-1,-1
136,0,1,0,0,1,1,0
137,0,-1,0,0,0,-1,0
138,0,-1,0,0,-1,-1,-1
139,0,-1,0,0,0,1,0
140,0,0,0,0,0,-1,1
141,0,1,0,0,1,1,-1
142,0,1,0,0,0,1,-1
143,0,-1,0,0,-1,-1,-1
144,0,-1,0,0,0,-1,-1
145,0,1,0,0,1,1,-1
146,0,-1,0,0,1,1,-1
147,0,-1,0,0,1,1,-1
148,0,-1,0,0,1,1,-1
149,0,1,0,0,0,-1,-1
150,0,1,0,0,0,1,-1
151,0,-1,0,0,0,-1,-1
152,0,-1,0,0,-1,-1,-1
153,0,-1,0,0,-1,-1,1
154,0,-1,0,0,1,1,-1
155,0,-1,0,0,1,-1,-1
156,0,-1,0,0,1,-1,-1
157,0,-1,0,0,0,-1,-1
158,0,1,0,0,1,1,-1
159,0,-1,0,0,1,1,-1
160,0,1,0,0,0,-1,-1
161,0,1,0,0,1,1,-1
162,0,1,0,0,1,-1,-1
163,0,-1,0,0,0,1,-1
164,0,-1,1,0,-1,-1,0
165,0,1,0,0,1,1,-1
166,0,-1,1,0,0,-1,0
167,0,-1,0,0,0,1,0
168,0,-1,0,0,-1,-1,-1
169,0,-1,0,0,-1,-1,-1
170,0,1,0,0,0,1,-1
171,0,-1,0,0,1,-1,-1
172,0,-1,0,0,0,-1,-1
173,0,-1,0,0,-1,-1,-1
174,0,1,1,0,-1,-1,0
175,0,-1,0,0,-1,-1,0
176,0,-1,0,0,-1,-1,0
177,0,1,0,0,1,-1,0
178,0,1,0,0,0,1,0
179,0,-1,0,-1,0,-1,-1
180,0,1,0,0,1,-1,-1
181,0,-1,0,0,0,-1,0
182,0,-1,0,0,1,1,-1
183,0,-1,0,0,0,-1,-1
184,0,-1,0,0,1,-1,0
185,0,1,0,0,1,1,1
186,0,1,0,0,0,1,0
187,0,-1,-1,0,1,-1,-1
188,0,0,0,0,-1,1,-1
189,0,-1,0,0,1,-1,0
190,0,-1,-1,-1,-1,-1,-1
191,0,-1,0,0,0,-1,0
192,0,1,0,0,0,-1,-1
193,0,-1,0,0,-1,-1,-1
194,0,1,0,0,1,-1,-1
195,0,1,0,0,0,1,0
196,0,1,0,0,0,1,-1
197,0,1,-1,0,-1,-1,0
198,0,1,0,0,1,1,-1
199,0,-1,0,0,0,0,-1
200,0,-1,0,0,0,1,-1
201,0,1,0,0,0,-1,-1
202,0,-1,0,0,-1,-1,-1
203,0,1,0,0,0,-1,-1
204,0,1,0,0,-1,-1,-1
205,0,-1,0,0,0,1,-1
206,0,1,0,0,0,1,0
207,0,-1,0,0,0,-1,-1
208,0,-1,0,0,0,-1,0
209,0,1,0,0,1,-1,-1
210,0,1,0,0,1,1,0
211,0,1,0,0,0,-1,1
212,0,-1,0,0,-1,-1,-1
213,0,-1,0,0,0,-1,-1
214,0,-1,0,0,1,-1,-1
215,0,1,0,0,1,1,1
216,0,1,0,0,1,1,1
217,0,1,0,0,1,0,-1
218,0,1,0,0,1,1,-1
219,0,1,0,0,0,1,0
220,0,-1,0,0,1,-1,-1
221,0,1,0,0,0,1,-1
222,0,-1,0,0,-1,-1,-1
223,0,-1,0,0,-1,-1,-1
224,0,1,0,0,0,-1,0
225,0,-1,0,0,1,-1,0
226,0,1,0,0,-1,-1,-1
227,0,-1,0,0,0,1,-1
228,0,-1,0,0,-1,-1,-1
229,0,1,0,0,1,-1,-1
230,0,-1,0,0,1,0,-1
231,0,-1,0,0,1,1,1
232,0,-1,0,0,-1,-1,-1
233,0,-1,0,0,1,1,-1
234,0,-1,0,0,-1,-1,-1
235,0,1,0,0,1,1,-1
236,0,-1,0,0,1,-1,-1
237,0,1,0,0,0,-1,0
238,0,1,0,0,1,-1,-1
239,0,-1,1,0,-1,-1,-1
240,0,-1,0,0,0,1,0
241,0,-1,0,0,0,-1,-1
242,0,-1,0,0,1,1,-1
243,0,-1,1,0,0,1,-1
244,0,-1,0,0,1,1,-1
245,0,1,0,0,1,1,-1
246,0,1,0,0,1,1,0
247,0,-1,0,0,0,-1,-1
248,0,1,1,0,0,1,0
249,0,1,0,0,1,-1,-1
250,0,-1,0,0,0,-1,-1
251,0,-1,0,0,-1,-1,-1
252,0,1,0,0,0,1,-1
253,0,1,0,0,1,1,-1
254,0,1,1,0,0,0,-1
255,0,1,0,0,1,-1,-1
256,0,0,0,0,0,0,-1
257,0,1,0,0,1,1,-1
258,0,-1,0,0,-1,-1,-1
259,0,-1,0,0,1,1,-1
260,0,1,0,0,0,-1,-1
261,0,1,0,0,1,1,-1
262,0,-1,0,0,1,1,1
263,0,-1,0,0,-1,-1,0
264,0,-1,0,0,1,1,-1
265,0,1,1,0,0,1,0
266,0,1,0,0,1,-1,-1
267,0,-1,0,0,1,1,-1
268,0,1,0,0,0,1,-1
269,0,-1,0,0,-1,-1,-1
270,0,1,0,0,1,1,-1
271,0,-1,1,0,0,1,0
272,0,-1,0,0,-1,1,-1
273,0,-1,0,0,1,1,-1
274,0,-1,1,0,0,1,-1
275,0,-1,0,0,1,1,-1
276,0,1,0,0,1,-1,-1
277,0,-1,0,0,0,-1,-1
278,0,-1,0,0,-1,-1,-1
279,0,-1,-1,0,1,-1,-1
280,0,-1,0,0,1,1,-1
281,0,1,0,0,0,1,-1
282,0,1,0,0,1,1,-1
283,0,1,1,-1,0,1,-1
284,0,1,0,0,1,1,-1
285,0,-1,0,0,1,-1,-1
286,0,1,0,0,1,1,-1
287,0,1,0,0,0,1,-1
288,0,1,0,0,1,1,-1
289,0,-1,0,0,-1,-1,-1
290,0,-1,0,0,0,1,-1
291,0,-1,0,0,0,-1,0
292,0,-1,0,0,1,-1,-1
293,0,-1,0,0,0,-1,-1
294,0,-1,0,0,0,-1,0
295,0,-1,0,0,-1,-1,-1
296,0,1,0,0,1,1,-1
297,0,-1,0,0,1,1,-1
298,0,1,0,0,1,1,-1
299,0,1,0,0,1,1,0
300,0,1,0,0,1,1,-1
301,0,1,0,0,0,-1,0
302,0,1,0,0,0,-1,-1
303,0,0,0,0,0,1,-1
304,0,-1,0,1,0,1,-1
305,0,-1,0,0,0,0,0
306,0,1,0,0,1,1,-1
307,0,1,0,0,1,-1,-1
308,0,-1,0,0,0,1,-1
309,0,1,0,0,1,1,-1
310,0,1,0,0,1,1,-1
311,0,-1,0,0,1,1,-1
312,0,1,0,0,0,1,-1
313,0,1,0,0,1,1,-1
314,0,-1,0,0,-1,-1,0
315,0,-1,0,0,-1,1,-1
316,0,-1,0,0,-1,-1,-1
317,0,-1,0,0,0,-1,-1
318,0,-1,1,0,0,1,-1
319,0,-1,0,0,1,1,1
320,0,1,0,0,-1,1,0
321,0,-1,0,0,1,-1,-1
322,0,-1,0,0,1,-1,-1
323,0,-1,0,0,0,-1,0
324,0,-1,0,0,-1,-1,1
325,0,-1,0,0,1,1,-1
326,0,-1,0,0,1,1,-1
327,0,-1,0,0,0,-1,0
328,0,-1,0,-1,-1,-1,-1
329,0,1,0,0,0,-1,-1
330,0,1,0,0,1,1,-1
331,0,1,0,0,1,1,0
332,0,0,-1,-1,0,1,0
333,0,-1,0,0,-1,-1,-1
334,0,-1,0,0,0,1,-1
335,0,-1,0,0,0,-1,0
336,0,1,0,0,1,1,-1
337,0,-1,0,0,1,1,-1
338,0,-1,0,0,-1,1,-1
339,0,-1,1,0,0,-1,-1
340,0,1,0,1,0,1,-1
341,0,1,0,0,1,1,-1
342,0,-1,0,0,1,1,-1
343,0,1,0,0,-1,1,0
344,0,-1,0,0,0,-1,0
345,0,1,0,0,1,1,-1
346,0,-1,0,0,1,1,-1
347,0,-1,0,0,0,1,-1
348,0,0,0,0,0,1,-1
349,0,-1,0,0,1,1,-1
350,0,1,0,0,1,1,-1
351,0,1,0,0,0,-1,-1
352,0,1,0,1,0,1,-1
353,0,-1,0,0,-1,-1,-1
354,0,-1,0,0,-1,-1,0
355,0,1,0,1,0,-1,-1
356,0,1,0,0,0,1,-1
357,0,-1,0,0,1,-1,-1
358,0,-1,0,0,1,1,-1
359,0,-1,0,0,0,0,0
360,0,-1,0,0,1,1,-1
361,0,-1,0,0,-1,-1,-1
362,0,-1,0,0,-1,-1,0
363,0,-1,0,0,0,-1,0
364,0,1,0,0,1,-1,-1
365,0,1,0,0,1,1,-1
366,0,-1,0,0,0,1,-1
367,0,1,0,0,0,1,-1
368,0,-1,0,0,0,-1,-1
369,0,-1,0,0,1,1,-1
370,0,1,-1,0,1,1,-1
371,0,-1,0,0,-1,-1,-1
372,0,1,0,0,-1,-1,0
373,0,-1,0,0,0,-1,0
374,0,1,-1,-1,0,-1,-1
375,0,1,0,0,-1,-1,0
376,0,-1,0,0,1,-1,-1
377,0,-1,0,0,-1,-1,-1
378,0,-1,0,0,1,1,-1
379,0,-1,-1,-1,1,1,-1
380,0,1,0,-1,-1,-1,-1
381,0,-1,0,0,0,-1,0
382,0,1,0,0,-1,1,-1
383,0,-1,0,0,1,0,-1
384,0,-1,0,0,-1,-1,-1
385,0,1,0,0,0,1,0
386,0,-1,0,0,1,1,-1
387,0,1,0,0,-1,-1,-1
388,0,-1,0,0,1,-1,-1
389,0,-1,0,0,1,-1,-1
390,0,-1,0,0,0,-1,-1
391,0,-1,0,0,0,-1,0
392,0,1,1,0,-1,-1,-1
393,0,-1,0,0,0,-1,-1
394,0,-1,0,0,0,1,-1
395,0,1,1,0,0,-1,-1
396,0,-1,0,0,0,1,1
397,0,-1,0,0,1,1,-1
398,0,-1,1,0,-1,-1,-1
399,0,-1,0,0,0,1,-1
400,0,-1,0,0,0,1,-1
401,0,-1,0,0,-1,-1,-1
402,0,-1,0,0,1,1,-1
403,0,-1,0,0,1,1,1
404,0,-1,0,0,-1,-1,-1
405,0,-1,0,1,0,1,-1
406,0,-1,0,0,-1,-1,0
407,0,-1,0,0,1,1,-1
408,0,-1,0,0,0,-1,-1
409,0,-1,0,0,-1,-1,-1
410,0,1,0,0,0,1,-1
411,0,-1,0,0,1,-1,-1
412,0,-1,0,0,0,-1,-1
413,0,-1,0,0,1,-1,-1
414,0,-1,0,0,1,1,0
415,0,1,0,0,1,-1,1
416,0,-1,0,0,-1,-1,0
417,0,-1,0,0,-1,-1,-1
418,0,-1,0,1,0,-1,-1
419,0,-1,0,0,-1,-1,1
420,0,-1,0,0,1,-1,-1
421,0,1,0,0,0,-1,-1
422,0,1,-1,0,-1,-1,-1
423,0,1,0,0,1,1,-1
424,0,1,0,0,1,1,-1
425,0,-1,0,0,1,-1,1
426,0,1,0,0,-1,-1,1
427,0,-1,-1,0,0,1,-1
428,0,-1,0,0,0,1,-1
429,0,-1,0,0,1,1,-1
430,0,0,0,0,0,-1,-1
431,0,-1,0,0,0,1,-1
432,0,-1,0,0,1,1,-1
433,0,1,0,0,1,1,-1
434,0,-1,1,0,0,1,0
435,0,-1,0,0,-1,-1,0
436,0,-1,0,0,1,1,-1
437,0,-1,0,0,1,-1,-1
438,0,-1,0,0,0,-1,-1
439,0,1,0,0,0,0,-1
440,0,1,0,0,0,1,0
441,0,-1,0,0,1,1,-1
442,0,-1,0,0,1,1,-1
443,0,-1,0,0,0,1,-1
444,0,-1,1,0,0,-1,0
445,0,1,0,0,-1,1,-1
446,0,-1,0,0,1,-1,-1
447,0,-1,0,0,1,-1,-1
448,0,1,0,0,1,1,1
449,0,-1,0,0,-1,-1,0
450,0,-1,1,0,0,1,-1
451,0,-1,0,0,-1,-1,-1
452,0,-1,0,0,1,1,-1
453,0,1,0,0,1,1,0
454,0,-1,0,0,1,-1,-1
455,0,-1,0,0,0,-1,-1
456,0,-1,1,0,0,-1,-1
457,0,-1,0,0,-1,-1,-1
458,0,-1,0,0,-1,-1,-1
459,0,-1,0,0,-1,-1,1
460,0,-1,0,0,0,-1,0
461,0,1,0,0,1,1,1
462,0,-1,0,0,1,1,-1
463,0,1,0,0,1,1,-1
464,0,1,0,0,1,1,-1
465,0,-1,0,0,0,-1,0
466,0,-1,0,0,1,1,-1
467,0,1,0,0,1,1,-1
468,0,-1,0,0,1,-1,-1
469,0,-1,0,0,0,-1,-1
470,0,-1,0,0,0,1,0
471,0,-1,0,0,1,0,-1
472,0,-1,0,0,0,1,-1
473,0,-1,0,0,1,-1,-1
474,0,1,0,0,-1,-1,-1
475,0,-1,0,0,-1,-1,-1
476,0,-1,0,0,-1,-1,-1
477,0,1,0,0,1,1,-1
478,0,-1,0,0,0,1,-1
479,0,1,0,0,1,-1,0
480,0,-1,0,0,1,0,-1
481,0,-1,0,0,1,1,-1
482,0,-1,0,0,1,1,-1
483,0,-1,0,0,-1,-1,0
484,0,-1,0,0,0,-1,0
485,0,-1,1,0,0,1,-1
486,0,-1,0,0,1,-1,-1
487,0,-1,0,0,1,1,-1
488,0,1,0,0,1,1,-1
489,0,-1,0,0,1,1,-1
490,0,-1,0,0,1,1,-1
491,0,1,0,-1,0,1,0
492,0,-1,0,0,1,1,0
493,0,1,0,0,1,1,-1
494,0,-1,0,0,0,-1,-1
495,0,-1,0,0,1,-1,-1
496,0,1,0,1,0,1,-1
497,0,-1,0,0,-1,-1,-1
498,0,1,0,0,0,1,0
499,0,-1,0,0,0,-1,-1
500,0,-1,0,0,0,-1,-1
501,0,1,0,0,1,1,-1
502,0,1,0,0,1,-1,-1
503,0,1,0,0,1,1,0
504,0,-1,0,0,0,1,-1
505,0,-1,0,0,0,1,-1
506,0,1,0,0,1,-1,-1
507,0,-1,0,0,1,1,-1
508,0,1,0,0,1,1,-1
509,0,1,0,0,1,-1,-1
510,0,1,0,0,1,1,0
511,0,1,0,0,1,1,-1
512,0,-1,0,0,-1,-1,-1
513,0,-1,0,-1,1,1,-1
514,0,-1,0,0,0,-1,-1
515,0,-1,0,0,1,-1,-1
516,0,-1,0,0,-1,-1,0
517,0,1,0,0,-1,1,0
518,0,-1,0,0,1,-1,0
519,0,-1,0,0,0,-1,0
520,0,-1,0,0,-1,-1,1
521,0,-1,0,0,1,-1,-1
522,0,-1,0,0,1,1,-1
523,0,-1,0,0,1,1,0
524,0,-1,1,0,0,-1,0
525,0,-1,0,0,1,-1,-1
526,0,-1,0,0,1,-1,-1
527,0,-1,-1,0,0,1,-1
528,0,-1,0,0,-1,-1,-1
529,0,-1,0,0,-1,-1,-1
530,0,0,0,0,0,1,1
531,0,1,0,0,-1,-1,-1
532,0,-1,0,0,1,1,-1
533,0,1,0,0,0,-1,0
534,0,-1,0,0,0,1,-1
535,0,-1,0,0,-1,-1,-1
536,0,-1,0,0,-1,-1,-1
537,0,-1,0,0,1,1,0
538,0,1,0,0,1,1,-1
539,0,-1,0,0,1,1,-1
540,0,-1,0,0,1,1,-1
541,0,-1,0,0,-1,-1,0
542,0,-1,0,0,-1,-1,0
543,0,1,0,0,0,-1,-1
544,0,-1,0,0,0,-1,-1
545,0,1,0,0,1,1,0
546,0,-1,0,0,0,-1,0
547,0,-1,0,0,-1,-1,-1
548,0,-1,0,1,0,1,-1
549,0,-1,0,0,1,-1,-1
550,0,1,0,0,0,1,-1
551,0,-1,0,0,-1,-1,-1
552,0,1,0,0,1,1,-1
553,0,1,0,0,-1,-1,-1
554,0,1,0,0,1,1,-1
555,0,-1,0,0,1,1,-1
556,0,-1,0,0,1,1,-1
557,0,-1,0,0,1,1,-1
558,0,1,0,0,1,-1,-1
559,0,1,0,0,1,1,-1
560,0,-1,1,0,0,1,-1
561,0,-1,0,0,-1,-1,-1
562,0,1,0,0,1,1,-1
563,0,1,0,0,1,-1,-1
564,0,-1,0,1,0,1,-1
565,0,1,0,0,1,1,0
566,0,1,0,0,-1,-1,0
567,0,-1,0,0,-1,-1,-1
568,0,1,0,0,0,1,-1
569,0,1,0,0,-1,1,-1
570,0,1,0,0,1,1,-1
571,0,-1,0,0,0,-1,0
572,0,-1,0,0,1,1,0
573,0,1,0,0,-1,-1,0
574,0,-1,0,0,0,1,-1
575,0,-1,0,0,-1,-1,-1
576,0,1,0,0,-1,-1,-1
577,0,-1,0,0,0,1,-1
578,0,-1,0,0,1,1,-1
579,0,-1,0,0,1,1,0
580,0,-1,0,0,1,-1,-1
581,0,1,-1,0,1,1,0
582,0,1,0,0,-1,-1,-1
583,0,-1,0,0,0,-1,-1
584,0,-1,0,0,0,1,0
585,0,-1,0,0,0,1,0
586,0,-1,0,0,1,-1,-1
587,0,-1,0,0,1,1,-1
588,0,1,0,0,0,1,-1
589,0,-1,0,0,1,1,-1
590,0,-1,0,0,0,1,-1
591,0,-1,0,0,0,-1,-1
592,0,-1,0,0,0,1,0
593,0,1,0,0,-1,1,-1
594,0,-1,0,0,1,1,0
595,0,1,0,0,0,1,-1
596,0,-1,0,0,-1,-1,-1
597,0,1,0,0,1,1,-1
598,0,-1,0,0,0,1,-1
599,0,-1,0,0,1,-1,-1
600,0,-1,0,0,0,-1,0
601,0,-1,0,0,1,1,1
602,0,-1,0,0,1,-1,-1
603,0,1,0,0,1,-1,-1
604,0,-1,0,0,1,-1,-1
605,0,1,0,0,1,1,-1
606,0,1,0,0,1,1,-1
607,0,1,0,0,1,1,-1
608,0,-1,0,0,1,1,-1
609,0,-1,0,0,0,1,-1
610,0,-1,0,0,0,-1,0
611,0,-1,0,0,-1,-1,-1
612,0,-1,0,0,0,1,-1
613,0,1,1,0,0,1,-1
614,0,-1,0,1,0,1,-1
615,0,-1,0,0,1,-1,0
616,0,-1,0,0,-1,-1,0
617,0,-1,0,1,0,1,0
618,0,1,0,0,0,1,0
619,0,1,0,0,1,-1,-1
620,0,1,0,0,-1,-1,-1
621,0,1,0,0,1,1,-1
622,0,-1,0,0,0,-1,-1
623,0,1,0,0,1,-1,0
624,0,-1,0,0,-1,-1,-1
625,0,1,0,0,-1,-1,-1
626,0,-1,1,0,0,1,0
627,0,1,0,0,-1,-1,0
628,0,1,0,0,1,1,-1
629,0,1,0,0,1,1,-1
630,0,-1,0,0,1,-1,-1
631,0,1,0,0,0,-1,-1
632,0,-1,0,0,1,1,-1
633,0,-1,0,0,1,1,-1
634,0,-1,0,0,0,-1,-1
635,0,-1,0,0,-1,-1,-1
636,0,-1,0,-1,0,-1,-1
637,0,-1,0,0,-1,-1,-1
638,0,-1,0,0,0,1,-1
639,0,-1,0,0,1,-1,-1
640,0,-1,0,0,1,1,-1
641,0,1,0,0,-1,-1,-1
642,0,-1,0,0,0,1,-1
643,0,-1,0,0,-1,-1,-1
644,0,1,0,0,0,-1,-1
645,0,-1,0,0,1,1,-1
646,0,-1,1,0,0,-1,-1
647,0,-1,0,0,0,1,-1
648,0,-1,0,0,1,-1,-1
649,0,-1,0,0,1,1,-1
650,0,1,0,1,0,1,-1
651,0,1,1,0,0,1,-1
652,0,1,0,0,-1,-1,-1
653,0,1,0,0,1,1,-1
654,0,1,0,0,1,1,-1
655,0,1,0,0,1,1,-1
656,0,-1,-1,-1,-1,1,-1
657,0,1,0,0,1,1,-1
658,0,-1,0,0,-1,-1,-1
659,0,1,0,0,1,1,-1
660,0,-1,0,0,1,1,0
661,0,1,0,0,1,-1,-1
662,0,-1,0,0,0,-1,0
663,0,-1,0,0,0,1,-1
664,0,-1,0,0,-1,-1,-1
665,0,-1,0,0,1,1,-1
666,0,-1,0,0,1,1,-1
667,0,-1,0,0,0,1,-1
668,0,1,0,0,-1,-1,-1
669,0,-1,0,0,1,1,1
670,0,-1,0,0,0,-1,-1
671,0,-1,0,0,0,1,0
672,0,1,0,0,1,1,0
673,0,-1,0,0,1,1,-1
674,0,1,0,0,0,1,-1
675,0,-1,0,0,0,-1,-1
676,0,-1,0,0,1,1,-1
677,0,1,0,0,-1,1,-1
678,0,0,0,0,0,-1,-1
679,0,-1,0,0,1,1,-1
680,0,-1,0,0,1,-1,0
681,0,1,0,0,1,-1,-1
682,0,-1,0,0,0,-1,-1
683,0,-1,0,0,0,1,-1
684,0,-1,0,0,1,-1,-1
685,0,-1,0,0,0,-1,-1
686,0,-1,1,0,0,1,0
687,0,-1,0,0,1,0,-1
688,0,-1,0,0,1,1,0
689,0,1,0,0,-1,-1,-1
690,0,-1,0,0,0,-1,0
691,0,1,0,0,0,-1,-1
692,0,-1,0,0,1,-1,-1
693,0,1,0,0,1,1,-1
694,0,-1,0,0,0,1,0
695,0,-1,0,0,1,1,-1
696,0,-1,0,0,1,1,-1
697,0,1,0,0,1,1,-1
698,0,1,0,0,1,1,-1
699,0,-1,0,0,-1,-1,-1
700,0,1,0,0,-1,1,0
701,0,1,0,0,0,-1,0
702,0,-1,0,0,1,-1,-1
703,0,-1,0,0,0,1,-1
704,0,1,0,0,1,1,-1
705,0,-1,0,0,1,1,0
706,0,1,0,0,1,1,0
707,0,-1,0,0,-1,-1,-1
708,0,-1,0,1,0,-1,-1
709,0,1,0,0,1,1,-1
710,0,-1,0,0,1,-1,-1
711,0,1,0,0,0,1,-1
712,0,-1,0,0,1,-1,-1
713,0,-1,0,0,0,1,-1
714,0,1,0,0,0,-1,-1
715,0,1,0,0,1,1,-1
716,0,-1,0,0,1,1,-1
717,0,-1,0,0,-1,-1,-1
718,0,1,0,0,0,-1,0
719,0,-1,0,0,0,-1,-1
720,0,1,0,0,1,1,0
721,0,-1,-1,0,0,-1,-1
722,0,-1,0,0,-1,-1,-1
723,0,1,0,0,0,1,0
724,0,1,0,0,1,1,-1
725,0,1,0,0,1,1,-1
726,0,-1,0,0,-1,-1,-1
727,0,-1,-1,0,1,1,1
728,0,-1,0,0,1,1,-1
729,0,-1,0,-1,1,1,-1
730,0,-1,0,0,1,1,0
731,0,-1,0,0,1,1,-1
732,0,1,0,0,1,1,-1
733,0,-1,0,0,1,-1,1
734,0,-1,0,0,1,1,-1
735,0,-1,0,0,0,0,-1
736,0,1,0,0,1,1,-1
737,0,-1,0,0,1,-1,-1
738,0,1,0,0,0,1,-1
739,0,-1,0,1,0,1,-1
740,0,-1,1,0,-1,-1,-1
741,0,1,0,0,1,-1,-1
742,0,-1,0,0,1,1,-1
743,0,-1,0,0,1,1,-1
744,0,1,0,0,1,-1,-1
745,0,-1,0,0,1,1,-1
746,0,-1,0,0,1,1,0
747,0,-1,0,0,0,1,0
748,0,1,0,0,0,-1,-1
749,0,1,0,0,1,-1,-1
750,0,1,0,0,-1,-1,-1
751,0,-1,0,0,-1,-1,-1
752,0,-1,0,0,0,1,-1
753,0,-1,0,0,-1,-1,-1
754,0,1,0,0,1,-1,-1
755,0,1,0,0,1,1,0
756,0,-1,0,0,-1,-1,-1
757,0,0,0,0,0,-1,-1
758,0,1,0,0,-1,-1,-1
759,0,1,0,0,0,1,0
760,0,-1,0,0,-1,-1,0
761,0,-1,0,0,0,1,-1
762,0,1,0,0,0,0,-1
763,0,1,0,0,1,1,0
764,0,1,0,0,1,-1,0
765,0,1,0,0,0,1,-1
766,0,-1,0,-1,1,1,-1
767,0,-1,0,0,1,1,0
768,0,1,0,0,1,1,-1
769,0,1,0,0,1,1,-1
770,0,1,1,0,0,1,-1
771,0,-1,0,0,0,-1,-1
772,0,1,0,0,1,-1,0
773,0,-1,0,-1,0,-1,-1
774,0,1,0,0,1,1,0
775,0,1,0,0,1,1,-1
776,0,-1,0,0,0,-1,-1
777,0,-1,0,0,-1,-1,-1
778,0,1,0,0,0,-1,-1
779,0,1,0,0,-1,-1,0
780,0,-1,0,0,0,1,-1
781,0,1,0,0,0,1,0
782,0,-1,0,0,0,1,0
783,0,0,0,0,-1,-1,0
784,0,1,0,0,1,1,-1
785,0,1,0,0,0,-1,-1
786,0,1,0,0,0,-1,-1
787,0,-1,0,0,-1,-1,-1
788,0,1,0,0,1,1,-1
789,0,-1,0,0,1,-1,-1
790,0,-1,0,0,1,-1,-1
791,0,-1,0,0,1,1,1
792,0,-1,1,0,0,1,-1
793,0,1,0,0,1,1,0
794,0,1,0,0,1,1,0
795,0,1,0,0,0,1,-1
796,0,-1,0,0,-1,-1,-1
797,0,-1,0,0,0,1,-1
798,0,-1,0,0,-1,-1,0
799,0,1,0,0,1,-1,-1
800,0,-1,0,0,0,1,0
801,0,-1,0,-1,-1,-1,-1
802,0,1,0,0,-1,-1,0
803,0,1,0,0,1,-1,-1
804,0,-1,0,0,1,-1,-1
805,0,-1,0,-1,-1,-1,-1
806,0,1,0,0,-1,-1,-1
807,0,1,0,0,1,1,0
808,0,1,0,0,-1,-1,-1
809,0,1,0,0,0,1,-1
810,0,-1,0,0,-1,-1,-1
811,0,-1,0,0,1,1,-1
812,0,1,0,0,1,-1,-1
813,0,-1,0,0,1,-1,0
814,0,1,1,0,0,1,-1
815,0,-1,0,0,1,-1,-1
816,0,1,0,0,0,-1,0
817,0,-1,0,0,1,1,0
818,0,1,0,0,0,-1,0
819,0,-1,0,0,1,1,-1
820,0,-1,0,0,1,1,-1
821,0,-1,0,1,1,1,-1
822,0,-1,0,0,1,1,0
823,0,-1,0,0,1,-1,-1
824,0,1,0,0,1,-1,-1
825,0,-1,0,0,0,1,-1
826,0,1,0,0,1,1,-1
827,0,-1,0,0,0,1,-1
828,0,1,0,0,1,0,0
829,0,1,0,0,1,1,-1
830,0,-1,0,0,0,1,0
831,0,-1,0,1,0,1,1
832,0,-1,0,0,0,1,-1
833,0,-1,0,0,0,-1,0
834,0,1,0,0,1,1,-1
835,0,-1,0,0,0,-1,0
836,0,-1,0,0,0,1,0
837,0,1,0,0,-1,-1,-1
838,0,0,0,0,0,1,-1
839,0,-1,0,0,1,1,0
840,0,-1,0,0,-1,-1,0
841,0,1,1,0,0,1,0
842,0,-1,0,0,-1,-1,0
843,0,-1,0,0,-1,-1,-1
844,0,1,0,0,-1,-1,0
845,0,1,0,0,1,-1,1
846,0,-1,0,0,0,1,-1
847,0,-1,0,-1,0,1,-1
848,0,-1,0,0,0,1,-1
849,0,-1,0,0,1,-1,-1
850,0,1,0,0,1,-1,-1
851,0,-1,0,0,-1,-1,-1
852,0,1,0,0,-1,-1,-1
853,0,-1,0,0,0,0,-1
854,0,1,0,0,1,1,0
855,0,-1,0,0,0,-1,-1
856,0,-1,0,0,0,1,0
857,0,1,0,0,1,1,0
858,0,1,0,0,1,-1,-1
859,0,-1,0,0,1,-1,-1
860,0,1,0,0,-1,-1,-1
861,0,-1,0,0,0,-1,0
862,0,-1,0,0,0,1,0
863,0,-1,0,0,0,-1,-1
864,0,1,0,0,1,1,-1
865,0,1,0,0,1,1,-1
866,0,-1,0,0,-1,-1,0
867,0,-1,0,0,1,1,-1
868,0,-1,0,0,1,1,-1
869,0,-1,0,0,1,-1,-1
870,0,-1,0,0,-1,-1,0
871,0,-1,1,0,-1,1,-1
872,0,1,0,0,1,1,-1
873,0,1,0,0,-1,1,-1
874,0,1,0,0,-1,-1,-1
875,0,1,0,0,0,1,-1
876,0,-1,0,0,1,-1,-1
877,0,1,0,0,-1,-1,-1
878,0,-1,0,0,0,1,-1
879,0,-1,0,0,1,-1,0
880,0,1,0,0,0,1,-1
881,0,-1,0,0,1,-1,-1
882,0,-1,0,0,0,1,0
883,0,-1,0,-1,-1,1,-1
884,0,1,0,0,0,1,-1
885,0,1,0,0,1,1,-1
886,0,1,0,-1,-1,-1,0
887,0,-1,0,0,0,-1,0
888,0,1,0,1,-1,-1,-1
889,0,1,0,0,1,-1,-1
890,0,-1,0,0,-1,-1,-1
891,0,-1,0,0,-1,-1,-1
892,0,1,0,0,-1,-1,-1
893,0,1,0,0,1,1,-1
894,0,-1,0,0,1,-1,0
895,0,1,0,0,0,1,0
896,0,-1,0,0,-1,-1,-1
897,0,1,0,0,0,-1,0
898,0,1,0,0,0,1,0
899,0,-1,0,0,1,-1,-1
900,0,1,0,0,-1,-1,0
901,0,-1,0,0,1,1,-1
902,0,-1,0,0,0,-1,0
903,0,-1,0,0,-1,-1,-1
904,0,-1,-1,0,-1,-1,0
905,0,-1,0,0,1,1,-1
906,0,1,0,0,1,1,-1
907,0,1,0,0,1,1,-1
908,0,-1,0,0,-1,-1,0
909,0,-1,0,1,0,0,-1
910,0,-1,0,0,1,1,1
911,0,-1,-1,0,-1,-1,-1
912,0,-1,0,0,0,-1,-1
913,0,-1,0,0,-1,-1,0
914,0,1,0,0,1,1,-1
915,0,-1,0,0,0,-1,-1
916,0,-1,0,0,0,1,-1
917,0,1,0,0,1,-1,-1
918,0,1,0,0,0,1,-1
919,0,1,0,0,1,-1,-1
920,0,1,0,0,1,1,-1
921,0,-1,0,0,-1,-1,0
922,0,-1,0,0,-1,-1,-1
923,0,-1,0,0,0,1,-1
924,0,-1,0,0,0,-1,-1
925,0,-1,0,0,-1,-1,-1
926,0,-1,0,1,0,1,-1
927,0,-1,0,0,0,1,0
928,0,-1,0,0,1,1,-1
929,0,1,0,0,1,1,-1
930,0,-1,0,0,0,-1,-1
931,0,-1,0,0,-1,-1,0
932,0,1,0,0,1,-1,-1
933,0,-1,0,0,0,-1,-1
934,0,-1,0,0,1,1,-1
935,0,-1,0,0,0,1,0
936,0,-1,1,0,-1,-1,-1
937,0,-1,0,0,0,-1,0
938,0,-1,0,0,0,-1,-1
939,0,-1,0,0,1,1,-1
940,0,-1,0,0,0,-1,-1
941,0,1,0,0,1,-1,-1
942,0,-1,0,0,0,-1,-1
943,0,-1,0,0,-1,-1,-1
944,0,1,0,0,0,1,-1
945,0,-1,0,0,1,1,-1
946,0,-1,0,0,-1,1,0
947,0,1,0,0,1,1,0
948,0,1,1,0,0,-1,-1
949,0,-1,0,0,-1,-1,0
950,0,1,0,0,0,1,-1
951,0,-1,0,0,1,-1,0
952,0,1,0,0,-1,-1,-1
953,0,-1,0,0,-1,-1,0
954,0,1,0,0,1,1,-1
955,0,1,0,0,-1,-1,-1
956,0,-1,1,0,-1,-1,0
957,0,1,0,0,0,1,-1
958,0,1,0,0,1,1,0
959,0,1,0,0,0,1,-1
960,0,-1,0,0,1,1,0
961,0,1,0,0,1,1,-1
962,0,-1,0,0,0,1,0
963,0,1,0,0,1,-1,-1
964,0,1,0,0,0,1,0
965,0,-1,0,0,0,-1,-1
966,0,1,0,0,-1,-1,0
967,0,-1,0,0,0,1,-1
968,0,-1,0,0,0,1,-1
969,0,-1,0,0,1,-1,0
970,0,-1,0,-1,1,1,0
971,0,1,0,0,0,1,-1
972,0,1,0,0,1,1,-1
973,0,1,0,0,0,1,0
974,0,-1,0,0,0,-1,-1
975,0,-1,0,0,1,-1,-1
976,0,0,0,0,0,1,-1
977,0,-1,1,0,0,-1,0
978,0,1,0,0,1,1,-1
979,0,1,0,0,-1,1,-1
980,0,1,0,0,1,1,-1
981,0,-1,0,0,0,-1,-1
982,0,1,0,-1,1,1,-1
983,0,1,0,0,0,1,-1
984,0,1,0,1,0,-1,0
985,0,-1,0,0,-1,-1,0
986,0,-1,0,0,0,-1,-1
987,0,-1,0,0,1,1,-1
988,0,1,0,0,1,1,-1
989,0,-1,0,0,1,1,-1
990,0,-1,0,0,1,0,-1
991,0,-1,0,0,-1,-1,-1
992,0,-1,0,0,-1,-1,0
993,0,-1,0,0,0,1,-1
994,0,1,0,0,1,1,-1
995,0,-1,0,0,1,1,-1
996,0,-1,0,0,1,1,-1
997,0,-1,0,0,0,1,-1
998,0,-1,0,0,0,1,-1
999,0,1,0,0,0,1,-1
1000,0,-1,0,0,-1,-1,-1
1001,0,-1,0,0,1,1,-1
1002,0,-1,0,0,0,1,-1
1003,0,-1,0,0,1,1,-1
1004,0,-1,0,0,0,1,-1
1005,0,-1,0,0,0,1,-1
1006,0,-1,0,0,0,-1,-1
1007,0,1,0,0,-1,-1,-1
1008,0,1,0,0,1,1,-1
1009,0,-1,0,0,-1,-1,-1
1010,0,1,0,0,0,1,-1
1011,0,1,0,0,1,1,-1
1012,0,-1,0,0,-1,-1,-1
1013,0,-1,0,0,1,1,-1
1014,0,1,0,0,1,-1,0
1015,0,-1,0,0,0,1,-1
1016,0,1,0,0,1,-1,-1
1017,0,1,0,0,0,1,0
1018,0,-1,0,0,-1,-1,-1
1019,0,-1,-1,0,0,1,-1
1020,0,-1,0,0,0,1,-1
1021,0,-1,0,0,0,-1,-1
1022,0,-1,0,0,1,-1,-1
1023,0,1,0,0,-1,-1,-1
1024,0,1,0,0,0,1,-1
1025,0,1,0,0,-1,1,-1
1026,0,-1,0,0,-1,-1,-1
1027,0,-1,0,1,0,-1,-1
1028,0,-1,0,0,-1,1,-1
1029,0,1,0,0,1,1,-1
1030,0,-1,-1,-1,0,-1,0
1031,0,-1,0,0,1,-1,-1
1032,0,-1,0,0,0,1,0
1033,0,-1,0,0,0,1,-1
1034,0,-1,0,0,-1,-1,0
1035,0,-1,0,0,1,-1,0
1036,0,-1,0,0,1,-1,-1
1037,0,0,0,0,0,1,-1
1038,0,-1,0,0,1,1,0
1039,0,-1,0,0,1,-1,1
1040,0,1,0,0,-1,-1,-1
1041,0,-1,0,0,1,1,-1
1042,0,1,0,0,0,1,0
1043,0,1,0,0,1,1,-1
1044,0,1,0,0,0,1,0
1045,0,1,0,0,1,1,-1
1046,0,1,0,0,1,-1,-1
1047,0,1,0,0,1,-1,0
1048,0,-1,0,1,0,1,0
1049,0,-1,0,0,-1,-1,0
1050,0,-1,0,0,1,1,-1
1051,0,-1,0,0,1,1,-1
1052,0,-1,0,0,0,1,0
1053,0,-1,0,0,1,1,-1
1054,0,-1,0,0,1,0,-1
1055,0,-1,0,0,-1,-1,0
1056,0,1,0,0,1,1,-1
1057,0,1,0,0,-1,-1,-1
1058,0,1,0,0,0,1,-1
1059,0,1,0,0,0,-1,0
1060,0,1,0,0,0,1,-1
1061,0,1,0,0,1,-1,-1
1062,0,-1,0,0,-1,-1,-1
1063,0,1,0,0,0,-1,-1
1064,0,1,0,0,1,1,0
1065,0,1,0,0,-1,1,-1
1066,0,1,0,0,1,1,-1
1067,0,1,0,0,0,1,-1
1068,0,-1,0,0,1,1,-1
1069,0,-1,0,0,0,0,-1
1070,0,-1,0,1,0,-1,-1
1071,0,-1,0,0,1,-1,1
1072,0,1,0,0,0,-1,-1
1073,0,-1,0,0,-1,1,-1
1074,0,-1,0,0,1,1,-1
1075,0,1,0,0,1,1,-1
1076,0,0,0,0,0,1,0
1077,0,-1,0,0,-1,-1,-1
1078,0,-1,0,0,1,0,-1
1079,0,-1,0,0,-1,-1,-1
1080,0,-1,0,0,0,-1,-1
1081,0,1,0,0,-1,-1,-1
1082,0,-1,0,0,1,-1,-1
1083,0,1,0,0,-1,-1,-1
1084,0,-1,0,0,1,1,0
1085,0,-1,0,0,0,-1,-1
1086,0,1,-1,-1,1,1,-1
1087,0,0,0,0,0,1,-1
1088,0,-1,0,0,0,1,-1
1089,0,-1,0,0,0,1,0
1090,0,-1,0,0,1,1,-1
1091,0,-1,0,0,1,1,-1
1092,0,-1,0,0,0,1,0
1093,0,-1,-1,-1,0,1,0
1094,0,-1,0,0,-1,-1,0
1095,0,1,0,0,-1,-1,0
1096,0,1,0,0,0,1,-1
1097,0,-1,0,0,1,0,-1
1098,0,1,0,0,-1,1,-1
1099,0,1,0,0,0,-1,0
1100,0,-1,0,0,-1,-1,0
1101,0,-1,0,0,0,1,-1
1102,0,-1,0,0,1,1,-1
1103,0,-1,0,0,0,-1,-1
1104,0,-1,0,0,-1,-1,-1
1105,0,-1,0,0,0,-1,-1
1106,0,1,1,0,0,-1,-1
1107,0,1,0,0,-1,-1,-1
1108,0,1,0,0,1,1,-1
1109,0,-1,0,0,1,-1,-1
1110,0,-1,0,0,1,-1,-1
1111,0,-1,0,0,1,1,-1
1112,0,-1,0,1,1,1,0
1113,0,-1,0,0,1,-1,-1
1114,0,1,0,0,1,-1,-1
1115,0,-1,0,0,1,-1,0
1116,0,-1,0,0,1,-1,0
1117,0,-1,0,0,-1,-1,-1
1118,0,-1,0,0,1,1,-1
1119,0,1,0,0,0,1,-1
1120,0,1,0,1,-1,-1,1
1121,0,1,0,0,1,-1,-1
1122,0,1,0,0,1,-1,0
1123,0,1,0,1,0,1,-1
1124,0,1,0,0,-1,-1,-1
1125,0,1,0,0,1,-1,-1
1126,0,1,0,0,-1,-1,-1
1127,0,-1,0,0,-1,1,-1
1128,0,1,0,0,1,-1,-1
1129,0,1,0,0,0,1,-1
1130,0,0,0,0,0,-1,-1
1131,0,-1,0,0,1,1,-1
1132,0,1,0,0,1,0,0
1133,0,0,0,0,0,-1,0
1134,0,-1,0,0,0,-1,-1
1135,0,-1,0,0,0,-1,-1
1136,0,1,0,1,0,-1,-1
1137,0,1,0,0,1,0,-1
1138,0,-1,0,1,0,1,-1
1139,0,-1,0,0,0,1,0
1140,0,-1,0,1,-1,-1,-1
1141,0,-1,0,0,1,1,-1
1142,0,-1,0,0,1,-1,-1
1143,0,1,0,0,1,1,-1
1144,0,-1,0,0,0,-1,-1
1145,0,1,0,0,0,1,-1
1146,0,-1,0,0,-1,-1,-1
1147,0,-1,1,0,0,-1,-1
1148,0,1,0,0,1,-1,-1
1149,0,-1,0,0,0,-1,-1
1150,0,1,0,0,1,-1,-1
1151,0,-1,0,0,1,1,-1
1152,0,-1,0,0,-1,1,0
1153,0,1,0,0,0,1,-1
1154,0,-1,0,1,-1,-1,-1
1155,0,-1,0,0,1,-1,-1
1156,0,-1,0,0,-1,-1,-1
1157,0,0,0,0,0,1,-1
1158,0,-1,0,0,0,-1,-1
1159,0,1,0,0,1,1,-1
1160,0,-1,0,-1,0,-1,0
1161,0,1,0,0,0,-1,-1
1162,0,-1,0,0,0,1,-1
1163,0,1,0,0,1,1,-1
1164,0,-1,0,0,0,-1,0
1165,0,1,0,0,0,-1,-1
1166,0,1,0,0,1,-1,-1
1167,0,-1,0,0,1,1,-1
1168,0,1,0,0,1,1,0
1169,0,-1,0,0,1,1,-1
1170,0,1,0,0,1,1,-1
1171,0,-1,0,0,1,1,0
1172,0,-1,0,0,1,1,-1
1173,0,-1,0,0,0,1,0
1174,0,-1,0,0,-1,-1,-1
1175,0,-1,0,0,-1,-1,-1
1176,0,-1,0,0,1,1,-1
1177,0,-1,0,0,0,0,-1
1178,0,-1,0,0,0,0,0
1179,0,1,0,0,1,-1,-1
1180,0,-1,0,0,-1,1,-1
1181,0,1,0,0,1,1,-1
1182,0,-1,0,0,-1,-1,-1
1183,0,-1,0,0,0,-1,-1
1184,0,1,0,0,-1,-1,-1
1185,0,-1,0,0,-1,-1,-1
1186,0,1,0,0,1,1,-1
1187,0,1,0,0,1,-1,-1
1188,0,-1,0,0,-1,1,-1
1189,0,1,0,-1,0,-1,-1
1190,0,-1,0,0,1,1,-1
1191,0,-1,0,0,-1,-1,-1
1192,0,-1,0,0,0,1,-1
1193,0,-1,0,0,1,-1,-1
1194,0,-1,0,0,0,1,0
1195,0,1,0,0,0,1,-1
1196,0,-1,0,0,1,1,-1
1197,0,1,0,0,-1,-1,-1
1198,0,-1,0,0,1,1,-1
1199,0,-1,0,0,1,-1,-1
1200,0,1,0,0,1,1,-1
1201,0,-1,0,1,-1,-1,-1
1202,0,-1,0,0,0,-1,-1
1203,0,1,0,0,1,1,-1
1204,0,-1,0,0,-1,-1,-1
1205,0,-1,1,0,0,1,-1
1206,0,1,0,0,1,1,-1
1207,0,1,0,0,0,-1,-1
1208,0,1,1,0,0,1,-1
1209,0,-1,0,0,0,-1,-1
1210,0,-1,1,0,0,1,0
1211,0,1,0,0,1,-1,-1
1212,0,1,0,0,0,1,-1
1213,0,-1,0,0,1,-1,-1
1214,0,1,0,0,0,1,-1
1215,0,1,0,0,1,-1,0
1216,0,-1,0,0,-1,-1,-1
1217,0,-1,0,0,-1,-1,-1
1218,0,1,0,1,1,1,0
1219,0,-1,0,0,0,1,-1
1220,0,-1,0,0,-1,-1,-1
1221,0,-1,0,0,1,-1,-1
1222,0,-1,0,0,1,-1,-1
1223,0,-1,0,0,0,-1,0
1224,0,1,0,0,1,1,-1
1225,0,1,0,0,0,1,-1
1226,0,-1,0,0,-1,-1,-1
1227,0,1,1,0,0,-1,0
1228,0,-1,0,0,1,1,-1
1229,0,-1,1,0,0,-1,-1
1230,0,-1,0,0,-1,-1,-1
1231,0,-1,0,0,1,-1,0
1232,0,-1,0,0,0,-1,0
1233,0,1,0,0,1,1,0
1234,0,-1,0,-1,1,1,-1
1235,0,-1,0,0,-1,-1,-1
1236,0,-1,0,0,0,1,0
1237,0,-1,0,0,0,-1,-1
1238,0,-1,0,0,1,1,-1
1239,0,1,0,0,1,-1,-1
1240,0,1,0,0,1,-1,-1
1241,0,1,0,0,0,-1,-1
1242,0,-1,0,0,0,1,0
1243,0,1,0,0,1,-1,0
1244,0,-1,0,-1,1,1,-1
1245,0,-1,0,0,-1,-1,-1
1246,0,1,0,0,-1,-1,-1
1247,0,-1,0,0,1,1,-1
1248,0,1,0,0,1,1,-1
1249,0,-1,0,0,0,1,-1
1250,0,1,0,0,0,1,-1
1251,0,-1,0,0,1,1,-1
1252,0,-1,0,-1,1,-1,-1
1253,0,-1,1,0,0,1,-1
1254,0,-1,0,0,-1,-1,-1
1255,0,-1,0,0,-1,1,-1
1256,0,1,0,0,0,-1,0
1257,0,1,0,0,-1,-1,0
1258,0,-1,0,0,1,-1,-1
1259,0,1,0,1,0,1,-1
1260,0,1,0,0,1,1,-1
1261,0,-1,0,0,0,-1,-1
1262,0,-1,0,0,0,1,0
1263,0,-1,0,0,-1,-1,-1
1264,0,-1,0,0,0,1,-1
1265,0,-1,0,0,1,-1,-1
1266,0,1,0,0,1,1,-1
1267,0,-1,1,0,-1,-1,-1
1268,0,1,1,0,0,1,-1
1269,0,1,0,0,1,-1,0
1270,0,-1,0,0,1,1,-1
1271,0,-1,0,0,-1,-1,-1
1272,0,-1,0,0,1,-1,-1
1273,0,-1,1,0,-1,-1,0
1274,0,1,0,0,1,-1,-1
1275,0,-1,0,0,-1,-1,-1
1276,0,-1,0,0,-1,-1,-1
1277,0,1,0,0,1,1,-1
1278,0,-1,0,0,-1,-1,-1
1279,0,1,0,0,1,1,-1
1280,0,-1,0,0,0,1,0
1281,0,1,0,0,1,1,-1
1282,0,-1,0,0,1,1,-1
1283,0,-1,0,0,1,-1,-1
1284,0,-1,0,0,-1,-1,-1
1285,0,1,0,0,0,1,0
1286,0,1,0,0,0,1,0
1287,0,1,0,0,1,1,-1
1288,0,-1,-1,0,1,-1,-1
1289,0,-1,0,0,0,-1,-1
1290,0,-1,0,0,0,1,0
1291,0,1,0,0,0,1,-1
1292,0,-1,0,0,1,1,0
1293,0,-1,0,0,1,1,-1
1294,0,-1,0,0,-1,-1,-1
1295,0,-1,0,0,1,-1,-1
1296,0,1,0,0,0,1,0
1297,0,-1,-1,0,0,1,-1
1298,0,-1,0,0,1,-1,-1
1299,0,-1,0,0,0,-1,-1
1300,0,-1,1,0,0,-1,0
1301,0,-1,0,0,0,-1,-1
1302,0,-1,0,0,0,-1,0
1303,0,1,0,0,0,1,-1
1304,0,-1,0,0,0,-1,-1
1305,0,-1,0,0,0,1,-1
1306,0,-1,0,0,1,1,-1
1307,0,-1,0,0,-1,-1,0
1308,0,-1,0,0,1,1,-1
1309,0,1,0,0,1,1,0
1310,0,-1,0,0,1,1,-1
1311,0,-1,0,0,-1,-1,0
1312,0,1,0,0,1,1,-1
1313,0,-1,0,0,-1,-1,-1
1314,0,1,0,-1,1,1,-1
1315,0,-1,0,0,1,-1,-1
1316,0,1,0,0,0,1,-1
1317,0,1,0,0,0,-1,-1
1318,0,1,0,0,1,-1,0
1319,0,-1,0,0,1,-1,-1
1320,0,-1,0,0,0,-1,0
1321,0,-1,0,0,0,1,-1
1322,0,1,0,0,1,-1,-1
1323,0,1,0,0,1,1,0
1324,0,-1,0,0,0,1,0
1325,0,-1,0,0,1,1,-1
1326,0,1,0,0,1,-1,0
1327,0,-1,0,0,-1,-1,-1
1328,0,-1,0,0,-1,-1,0
1329,0,-1,-1,0,0,-1,-1
1330,0,1,0,0,0,1,0
1331,0,-1,0,0,0,1,0
1332,0,-1,0,0,0,1,0
1333,0,-1,0,0,0,-1,-1
1334,0,-1,0,0,0,1,-1
1335,0,-1,0,1,0,1,-1
1336,0,1,0,0,0,-1,-1
1337,0,1,0,0,1,1,-1
1338,0,1,0,0,1,1,-1
1339,0,1,0,0,1,-1,1
1340,0,-1,0,0,1,-1,-1
1341,0,1,0,0,-1,-1,-1
1342,0,-1,0,0,1,0,-1
1343,0,-1,0,0,-1,-1,-1
1344,0,-1,0,0,0,-1,-1
1345,0,1,0,0,0,1,-1
1346,0,-1,0,0,-1,-1,-1
1347,0,1,0,0,0,1,-1
1348,0,-1,0,0,0,1,-1
1349,0,-1,0,0,0,1,-1
1350,0,1,0,0,1,-1,-1
1351,0,-1,1,0,0,1,-1
1352,0,-1,0,0,-1,-1,-1
1353,0,-1,0,0,-1,-1,-1
1354,0,-1,0,0,1,1,-1
1355,0,-1,0,0,1,1,-1
1356,0,1,0,0,1,1,-1
1357,0,-1,0,0,1,-1,0
1358,0,1,0,0,1,1,-1
1359,0,-1,0,0,1,-1,-1
1360,0,-1,0,0,1,1,-1
1361,0,-1,0,0,0,-1,0
1362,0,1,0,0,1,1,-1
1363,0,1,0,0,0,1,0
1364,0,1,0,0,1,-1,-1
1365,0,1,0,0,1,1,-1
1366,0,-1,0,0,0,1,0
1367,0,-1,0,0,1,1,0
1368,0,-1,0,0,1,1,-1
1369,0,-1,0,0,1,-1,0
1370,0,1,0,0,1,1,-1
1371,0,-1,0,0,-1,1,1
1372,0,1,0,0,-1,-1,0
1373,0,-1,0,0,1,-1,-1
1374,0,-1,0,0,1,1,0
1375,0,1,0,0,1,1,-1
1376,0,1,0,0,1,1,-1
1377,0,-1,0,0,-1,-1,-1
1378,0,-1,0,0,1,1,-1
1379,0,-1,0,0,1,1,-1
1380,0,1,0,0,0,1,0
1381,0,-1,0,0,-1,-1,-1
1382,0,1,0,0,1,1,-1
1383,0,1,0,0,1,-1,-1
1384,0,-1,0,0,-1,-1,-1
1385,0,1,0,0,-1,-1,-1
1386,0,1,0,0,0,-1,-1
1387,0,-1,0,0,1,1,0
1388,0,1,0,1,0,1,-1
1389,0,-1,0,0,1,1,0
1390,0,1,0,0,0,1,0
1391,0,1,0,0,0,1,-1
1392,0,-1,0,0,-1,-1,-1
1393,0,-1,0,0,1,-1,-1
1394,0,-1,0,0,1,1,-1
1395,0,1,0,0,1,1,-1
1396,0,-1,0,0,0,-1,0
1397,0,-1,0,1,0,1,1
1398,0,1,0,0,1,1,-1
1399,0,1,0,0,1,-1,-1
1400,0,-1,0,0,0,-1,-1
1401,0,1,0,-1,1,1,-1
1402,0,-1,0,0,-1,-1,0
1403,0,-1,0,0,1,1,-1
1404,0,1,0,0,1,-1,0
1405,0,-1,0,0,0,1,0
1406,0,-1,0,0,-1,-1,-1
1407,0,-1,0,0,-1,-1,-1
1408,0,1,0,0,1,1,-1
1409,0,-1,0,0,0,-1,0
1410,0,-1,0,0,1,1,1
1411,0,1,0,0,1,1,0
1412,0,1,0,0,1,1,-1
1413,0,-1,0,0,1,1,-1
1414,0,-1,1,0,0,1,0
1415,0,-1,0,0,0,1,-1
1416,0,1,0,0,1,1,-1
1417,0,-1,0,0,-1,-1,-1
1418,0,1,0,0,-1,-1,1
1419,0,-1,0,0,1,-1,-1
1420,0,1,1,0,0,-1,0
1421,0,-1,0,0,0,-1,-1
1422,0,-1,0,0,-1,-1,-1
1423,0,-1,0,0,1,1,-1
1424,0,-1,0,1,0,1,-1
1425,0,1,0,0,0,1,-1
1426,0,-1,0,0,1,-1,-1
1427,0,1,0,0,-1,-1,0
1428,0,-1,0,0,0,1,-1
1429,0,-1,0,0,1,1,-1
1430,0,1,-1,-1,1,-1,-1
1431,0,-1,0,0,1,1,0
1432,0,-1,0,0,-1,-1,-1
1433,0,1,0,0,-1,-1,-1
1434,0,1,1,0,1,1,1
1435,0,1,0,0,1,-1,-1
1436,0,-1,0,0,0,1,0
1437,0,-1,0,0,-1,-1,-1
1438,0,1,0,0,1,0,0
1439,0,-1,0,0,1,1,-1
1440,0,-1,0,0,1,1,-1
1441,0,1,0,0,-1,-1,0
1442,0,-1,0,0,1,-1,-1
1443,0,-1,0,0,1,1,1
1444,0,1,0,0,1,1,1
1445,0,-1,0,0,-1,-1,0
1446,0,-1,0,0,0,-1,-1
1447,0,1,0,0,1,1,-1
1448,0,1,0,0,1,1,-1
1449,0,-1,0,0,-1,1,-1
1450,0,1,-1,0,-1,-1,-1
1451,0,1,0,0,1,1,0
1452,0,-1,0,0,1,1,-1
1453,0,-1,1,0,0,1,-1
1454,0,-1,0,0,1,1,-1
1455,0,1,0,0,0,1,0
1456,0,1,0,0,1,-1,-1
1457,0,-1,0,0,1,1,-1
1458,0,-1,0,0,1,1,-1
1459,0,1,0,0,-1,-1,-1
1460,0,-1,0,0,0,1,0
1461,0,1,0,0,1,1,-1
1462,0,1,0,0,-1,-1,-1
1463,0,-1,0,0,1,-1,0
1464,0,-1,0,0,0,0,-1
1465,0,-1,0,0,1,-1,-1
1466,0,-1,0,0,1,-1,-1
1467,0,-1,0,0,-1,-1,-1
1468,0,1,0,0,1,1,-1
1469,0,-1,0,0,0,1,-1
1470,0,-1,0,0,0,1,-1
1471,0,1,0,0,1,1,-1
1472,0,1,0,0,1,-1,-1
1473,0,-1,0,0,0,1,-1
1474,0,-1,0,0,0,-1,-1
1475,0,-1,0,0,0,1,-1
1476,0,-1,0,0,1,1,-1
1477,0,1,1,0,0,-1,0
1478,0,-1,0,0,0,-1,-1
1479,0,1,0,0,0,1,-1
1480,0,-1,0,0,0,1,-1
1481,0,-1,0,0,0,1,-1
1482,0,1,0,0,1,1,-1
1483,0,1,0,0,1,1,-1
1484,0,-1,0,-1,-1,-1,0
1485,0,1,0,0,1,1,-1
1486,0,-1,0,0,1,1,-1
1487,0,1,0,0,0,-1,-1
1488,0,-1,0,0,-1,-1,1
1489,0,-1,0,0,-1,-1,0
1490,0,-1,0,0,0,-1,0
1491,0,-1,0,0,0,1,-1
1492,0,-1,0,0,1,-1,-1
1493,0,-1,0,0,1,1,-1
1494,0,-1,0,0,1,-1,-1
1495,0,1,0,0,-1,-1,0
1496,0,-1,0,0,0,-1,-1
1497,0,1,0,0,1,-1,-1
1498,0,-1,0,-1,0,1,-1
1499,0,-1,0,0,1,1,-1
1500,0,-1,0,0,1,0,-1
1501,0,1,0,0,0,1,0
1502,0,-1,0,0,0,-1,0
1503,0,1,0,0,0,-1,-1
1504,0,-1,0,0,1,1,-1
1505,0,-1,0,0,-1,-1,-1
1506,0,0,0,0,-1,-1,-1
1507,0,-1,0,0,-1,-1,0
1508,0,1,0,0,0,1,0
1509,0,1,0,0,-1,-1,-1
1510,0,-1,0,-1,-1,-1,-1
1511,0,1,0,0,0,0,0
1512,0,-1,0,0,1,-1,-1
1513,0,-1,0,0,-1,-1,0
1514,0,-1,0,0,-1,-1,-1
1515,0,-1,0,0,1,1,-1
1516,0,-1,0,0,-1,-1,-1
1517,0,-1,0,0,0,1,-1
1518,0,1,0,0,1,1,-1
1519,0,-1,0,0,1,1,-1
1520,0,-1,0,0,1,1,-1
1521,0,1,0,0,0,1,0
1522,0,-1,0,1,0,1,0
1523,0,-1,0,0,1,1,-1
1524,0,1,0,0,1,-1,-1
1525,0,1,0,0,0,-1,-1
1526,0,-1,0,0,-1,-1,-1
1527,0,-1,0,0,-1,-1,-1
1528,0,-1,0,0,-1,-1,-1
1529,0,-1,0,0,0,1,-1
1530,0,-1,0,0,0,1,-1
1531,0,1,0,0,0,1,-1
1532,0,-1,0,0,-1,-1,-1
1533,0,1,0,0,-1,1,-1
1534,0,-1,1,0,0,-1,0
1535,0,1,0,0,0,-1,-1
1536,0,-1,0,0,0,-1,-1
1537,0,-1,0,0,0,1,0
1538,0,-1,0,0,1,1,0
1539,0,-1,0,0,0,1,-1
1540,0,1,1,0,0,1,0
1541,0,-1,0,0,0,1,0
1542,0,1,0,0,1,1,-1
1543,0,-1,1,0,0,-1,-1
1544,0,1,0,0,1,1,-1
1545,0,-1,0,0,1,1,0
1546,0,-1,0,0,0,-1,-1
1547,0,-1,0,0,1,1,0
1548,0,-1,0,0,0,1,-1
1549,0,1,0,1,0,1,-1
1550,0,1,0,0,-1,-1,-1
1551,0,1,0,0,-1,-1,-1
1552,0,1,0,0,0,1,-1
1553,0,-1,0,0,0,-1,0
1554,0,1,0,0,-1,-1,-1
1555,0,-1,-1,0,-1,-1,-1
1556,0,-1,0,1,0,1,-1
1557,0,1,0,0,1,1,-1
1558,0,-1,0,0,1,1,-1
1559,0,-1,0,0,0,-1,-1
1560,0,-1,0,0,-1,-1,-1
1561,0,-1,0,0,0,-1,-1
1562,0,1,0,0,0,-1,0
1563,0,1,0,0,0,-1,-1
1564,0,-1,0,0,1,1,-1
1565,0,1,0,0,1,1,-1
1566,0,-1,0,0,0,-1,1
1567,0,1,0,0,0,-1,-1
1568,0,-1,0,0,0,1,-1
1569,0,1,0,0,1,1,0
1570,0,1,0,0,1,1,-1
1571,0,1,0,0,1,1,-1
1572,0,-1,0,0,-1,-1,-1
1573,0,1,0,0,0,1,-1
1574,0,-1,0,1,-1,-1,0
1575,0,-1,0,0,1,-1,-1
1576,0,-1,0,0,0,1,-1
1577,0,-1,0,0,1,1,0
1578,0,-1,0,0,1,-1,-1
1579,0,1,0,0,0,1,-1
1580,0,-1,0,0,-1,-1,-1
1581,0,1,0,0,1,1,-1
1582,0,1,0,0,1,1,-1
1583,0,1,0,0,1,1,-1
1584,0,-1,0,-1,0,1,-1
1585,0,1,0,0,1,1,-1
1586,0,-1,0,0,1,-1,-1
1587,0,-1,0,0,-1,-1,-1
1588,0,-1,0,0,1,-1,0
1589,0,-1,0,0,-1,-1,-1
1590,0,1,0,0,1,-1,-1
1591,0,1,0,0,-1,1,-1
1592,0,1,0,1,1,-1,-1
1593,0,-1,0,0,1,-1,-1
1594,0,1,0,0,0,1,-1
1595,0,1,0,0,0,1,-1
1596,0,1,1,0,0,1,-1
1597,0,1,0,0,1,1,-1
1598,0,1,-1,0,0,1,0
1599,0,1,0,0,1,1,0
1600,0,-1,0,0,-1,-1,-1
1601,0,-1,0,0,-1,-1,-1
1602,0,-1,0,0,0,1,-1
1603,0,-1,0,0,0,1,-1
1604,0,-1,1,0,0,1,-1
1605,0,1,0,0,1,1,-1
1606,0,1,0,0,1,1,0
1607,0,1,0,0,0,1,-1
1608,0,-1,0,0,1,1,0
1609,0,-1,0,0,-1,-1,-1
1610,0,-1,0,0,1,-1,0
1611,0,1,0,0,1,1,-1
1612,0,1,0,0,1,1,-1
1613,0,1,0,1,1,1,-1
1614,0,1,0,0,1,1,0
1615,0,-1,0,0,0,1,-1
1616,0,-1,0,0,1,-1,-1
1617,0,1,0,0,0,-1,-1
1618,0,-1,0,0,1,-1,-1
1619,0,-1,0,0,1,1,1
1620,0,-1,0,0,1,-1,-1
1621,0,-1,0,-1,0,1,0
1622,0,1,0,0,0,1,1
1623,0,1,0,0,1,1,-1
1624,0,-1,0,0,0,1,-1
1625,0,-1,0,0,-1,-1,-1
1626,0,-1,0,0,-1,-1,-1
1627,0,1,0,0,0,1,-1
1628,0,1,0,0,1,1,-1
1629,0,-1,0,0,0,1,-1
1630,0,-1,1,0,0,1,-1
1631,0,-1,0,0,1,1,-1
1632,0,-1,0,0,1,1,-1
1633,0,-1,0,0,1,1,-1
1634,0,-1,0,0,0,1,-1
1635,0,-1,0,0,-1,-1,0
1636,0,1,0,0,1,1,-1
1637,0,-1,0,0,0,-1,0
1638,0,-1,0,0,-1,-1,-1
1639,0,-1,0,0,1,1,-1
1640,0,-1,0,0,1,1,-1
1641,0,-1,0,0,-1,-1,-1
1642,0,1,0,0,-1,-1,-1
1643,0,-1,0,0,-1,-1,-1
1644,0,1,0,0,1,-1,-1
1645,0,-1,0,0,1,1,-1
1646,0,-1,0,0,1,1,-1
1647,0,1,0,0,-1,-1,-1
1648,0,-1,0,0,0,1,-1
1649,0,1,0,0,0,1,0
1650,0,-1,0,0,-1,-1,-1
1651,0,-1,0,0,-1,-1,-1
1652,0,1,0,0,1,1,0
1653,0,-1,0,0,-1,-1,-1
1654,0,1,0,0,1,1,-1
1655,0,-1,0,0,0,1,0
1656,0,-1,0,0,1,-1,-1
1657,0,-1,0,0,1,-1,-1
1658,0,-1,0,0,1,-1,-1
1659,0,-1,0,0,1,-1,-1
1660,0,1,0,0,-1,-1,-1
1661,0,1,0,0,0,-1,-1
1662,0,1,0,0,1,1,0
1663,0,-1,0,0,1,-1,-1
1664,0,1,0,0,0,1,-1
1665,0,-1,0,0,1,-1,1
1666,0,-1,0,1,-1,-1,-1
1667,0,1,1,0,0,1,0
1668,0,-1,0,0,-1,0,-1
1669,0,1,0,0,0,1,-1
1670,0,0,0,0,0,1,-1
1671,0,1,0,0,-1,-1,-1
1672,0,1,0,0,0,1,-1
1673,0,1,0,0,1,1,-1
1674,0,-1,0,0,1,1,-1
1675,0,1,0,0,1,1,-1
1676,0,1,0,0,1,1,-1
1677,0,1,0,0,1,1,-1
1678,0,-1,0,0,-1,1,-1
1679,0,-1,0,0,-1,-1,-1
1680,0,1,0,1,-1,-1,-1
1681,0,-1,0,0,-1,-1,0
1682,0,-1,0,0,0,1,0
1683,0,-1,0,0,0,1,-1
1684,0,-1,0,0,1,1,-1
1685,0,1,0,0,1,1,-1
1686,0,1,0,0,0,1,0
1687,0,1,0,0,1,0,0
1688,0,-1,0,0,1,1,0
1689,0,-1,0,0,-1,-1,0
1690,0,-1,0,0,1,1,-1
1691,0,-1,0,0,0,-1,-1
1692,0,-1,0,0,1,1,-1
1693,0,-1,-1,0,-1,-1,-1
1694,0,-1,0,0,0,-1,0
1695,0,1,0,0,0,1,-1
1696,0,-1,0,0,-1,-1,-1
1697,0,1,0,0,0,0,-1
1698,0,-1,0,0,1,-1,0
1699,0,-1,0,0,-1,-1,-1
1700,0,1,0,1,-1,-1,0
1701,0,1,0,0,1,-1,-1
1702,0,-1,0,0,-1,-1,-1
1703,0,-1,0,0,0,-1,-1
1704,0,-1,-1,-1,0,-1,0
1705,0,1,-1,0,0,1,0
1706,0,1,0,0,1,1,-1
1707,0,-1,0,0,-1,-1,0
1708,0,-1,0,0,-1,-1,-1
1709,0,-1,0,0,0,1,-1
1710,0,1,1,0,-1,-1,0
1711,0,-1,0,0,1,1,-1
1712,0,1,0,0,1,1,-1
1713,0,-1,0,0,0,-1,0
1714,0,-1,0,0,-1,-1,0
1715,0,-1,0,0,-1,1,1
1716,0,1,0,0,1,1,-1
1717,0,-1,0,0,0,1,-1
1718,0,1,0,0,0,-1,-1
1719,0,-1,0,0,-1,-1,-1
1720,0,-1,0,0,1,1,-1
1721,0,1,0,0,1,-1,-1
1722,0,-1,0,0,1,1,-1
1723,0,1,-1,-1,1,1,-1
1724,0,1,0,0,0,-1,0
1725,0,1,0,0,-1,-1,-1
1726,0,-1,0,0,-1,-1,0
1727,0,-1,0,0,0,-1,-1
1728,0,1,0,0,1,1,-1
1729,0,1,0,0,0,1,-1
1730,0,-1,0,0,0,1,-1
1731,0,1,0,0,0,1,-1
1732,0,-1,0,0,0,1,-1
1733,0,0,0,0,0,-1,0
1734,0,-1,0,0,1,-1,-1
1735,0,-1,0,0,1,1,-1
1736,0,-1,0,0,0,-1,-1
1737,0,1,0,0,1,-1,-1
1738,0,-1,0,0,-1,-1,-1
1739,0,1,0,0,0,1,-1
1740,0,1,0,0,1,1,-1
1741,0,-1,0,0,1,-1,1
1742,0,1,0,0,1,-1,-1
1743,0,1,1,0,1,1,1
1744,0,-1,0,0,1,1,-1
1745,0,-1,0,0,0,-1,-1
1746,0,-1,0,0,-1,-1,0
1747,0,1,0,0,0,-1,0
1748,0,-1,0,0,-1,-1,-1
1749,0,1,0,0,0,-1,0
1750,0,-1,0,0,1,-1,1
1751,0,1,0,1,0,1,-1
1752,0,-1,0,0,1,1,-1
1753,0,-1,0,0,1,1,-1
1754,0,-1,0,0,-1,-1,0
1755,0,-1,-1,-1,0,-1,-1
1756,0,-1,0,0,1,1,-1
1757,0,1,0,0,1,-1,0
1758,0,-1,0,0,1,1,0
1759,0,1,0,0,1,1,-1
1760,0,-1,0,0,1,1,-1
1761,0,-1,0,0,0,-1,-1
1762,0,-1,0,0,1,-1,-1
1763,0,1,0,0,-1,-1,-1
1764,0,-1,0,0,0,1,-1
1765,0,-1,0,0,-1,-1,-1
1766,0,-1,0,0,0,-1,-1
1767,0,-1,0,0,0,1,-1
1768,0,-1,0,1,-1,-1,-1
1769,0,1,0,0,-1,1,-1
1770,0,-1,0,0,0,-1,-1
1771,0,-1,0,0,0,-1,0
1772,0,-1,0,0,0,-1,-1
1773,0,1,0,0,1,-1,0
1774,0,-1,0,0,1,-1,0
1775,0,1,0,0,0,1,0
1776,0,-1,0,0,-1,-1,-1
1777,0,-1,0,0,1,1,-1
1778,0,-1,0,0,-1,-1,-1
1779,0,-1,0,0,0,1,0
1780,0,1,0,0,1,1,-1
1781,0,1,0,0,1,1,-1
1782,0,-1,-1,0,0,1,-1
1783,0,-1,0,0,-1,-1,0
1784,0,-1,0,0,1,1,0
1785,0,1,0,0,1,1,1
1786,0,-1,0,0,1,-1,-1
1787,0,1,0,0,-1,-1,-1
1788,0,1,0,0,-1,-1,-1
1789,0,-1,0,0,1,-1,-1
1790,0,-1,0,0,-1,-1,-1
1791,0,1,0,0,0,1,0
1792,0,-1,0,1,0,1,0
1793,0,-1,1,-1,0,-1,0
1794,0,-1,0,0,-1,1,-1
1795,0,-1,0,0,0,-1,0
1796,0,-1,0,0,1,1,0
1797,0,-1,0,0,1,1,0
1798,0,-1,0,0,-1,1,-1
1799,0,1,0,0,1,-1,0
1800,0,1,-1,-1,1,1,-1
1801,0,1,0,0,-1,-1,-1
1802,0,-1,0,0,-1,-1,1
1803,0,-1,0,0,1,1,-1
1804,0,1,0,0,1,-1,1
1805,0,-1,0,0,0,1,-1
1806,0,-1,0,0,1,1,0
1807,0,-1,0,1,0,-1,-1
1808,0,-1,0,0,0,1,-1
1809,0,1,0,0,1,1,-1
1810,0,-1,1,0,0,-1,-1
1811,0,1,0,0,1,1,0
1812,0,-1,0,0,1,-1,-1
1813,0,1,0,0,1,1,-1
1814,0,-1,0,0,-1,-1,-1
1815,0,1,-1,0,0,1,-1
1816,0,1,0,0,1,1,-1
1817,0,1,0,0,-1,-1,-1
1818,0,1,0,0,1,1,-1
1819,0,-1,0,0,1,1,-1
1820,0,1,0,0,0,1,-1
1821,0,-1,-1,0,-1,-1,0
1822,0,1,0,0,0,1,-1
1823,0,-1,0,-1,0,-1,-1
1824,0,1,0,0,1,1,-1
1825,0,1,0,0,1,-1,-1
1826,0,1,0,0,1,1,-1
1827,0,-1,0,0,1,1,-1
1828,0,1,0,0,1,1,-1
1829,0,-1,0,0,0,-1,0
1830,0,-1,0,0,1,1,-1
1831,0,1,0,0,0,-1,0
1832,0,1,0,0,1,1,-1
1833,0,-1,0,0,1,-1,-1
1834,0,-1,0,0,-1,-1,-1
1835,0,-1,0,0,0,-1,-1
1836,0,1,0,0,1,1,-1
1837,0,-1,0,0,0,-1,-1
1838,0,-1,0,0,0,-1,-1
1839,0,1,0,0,1,-1,-1
1840,0,-1,0,0,1,1,-1
1841,0,-1,0,0,1,-1,0
1842,0,-1,0,0,-1,-1,0
1843,0,1,0,-1,1,-1,0
1844,0,0,0,0,0,-1,-1
1845,0,-1,0,0,0,1,0
1846,0,-1,0,0,-1,-1,-1
1847,0,1,0,0,-1,1,-1
1848,0,1,1,0,0,1,-1
1849,0,1,0,0,-1,-1,-1
1850,0,-1,0,0,0,-1,-1
1851,0,-1,0,0,0,-1,-1
1852,0,-1,0,0,0,-1,0
1853,0,1,0,0,0,-1,-1
1854,0,0,0,0,0,1,-1
1855,0,1,0,0,1,-1,0
1856,0,1,1,0,-1,1,-1
1857,0,1,0,0,1,1,-1
1858,0,1,0,0,0,1,-1
1859,0,-1,0,0,-1,-1,0
1860,0,-1,0,1,-1,1,-1
1861,0,-1,0,0,1,1,-1
1862,0,1,0,0,1,-1,-1
1863,0,-1,0,1,-1,-1,-1
1864,0,1,0,0,1,1,-1
1865,0,-1,0,0,-1,0,0
1866,0,-1,0,0,1,1,-1
1867,0,1,0,0,1,-1,-1
1868,0,1,0,0,0,-1,-1
1869,0,-1,0,0,-1,1,-1
1870,0,1,0,0,1,1,-1
1871,0,-1,0,0,1,-1,0
1872,0,-1,1,0,0,1,-1
1873,0,1,0,-1,1,1,-1
1874,0,1,0,0,0,1,-1
1875,0,-1,0,0,0,1,-1
1876,0,1,0,0,0,1,-1
1877,0,-1,0,0,1,1,-1
1878,0,1,0,0,1,1,0
1879,0,-1,0,0,-1,-1,0
1880,0,1,0,0,1,1,-1
1881,0,-1,0,0,1,1,-1
1882,0,-1,0,-1,-1,-1,-1
1883,0,-1,0,0,0,1,-1
1884,0,-1,0,0,0,1,-1
1885,0,1,0,0,1,1,-1
1886,0,1,0,0,0,1,0
1887,0,-1,0,0,-1,-1,-1
1888,0,1,0,0,0,-1,-1
1889,0,1,0,0,-1,1,-1
1890,0,1,0,0,1,1,-1
1891,0,-1,0,0,0,1,-1
1892,0,-1,0,0,1,-1,-1
1893,0,1,0,0,1,-1,-1
1894,0,-1,0,0,0,1,-1
1895,0,1,0,0,1,1,-1
1896,0,-1,0,-1,-1,-1,-1
1897,0,1,0,0,0,1,0
1898,0,1,-1,-1,0,-1,0
1899,0,1,0,0,0,1,0
1900,0,-1,0,0,-1,-1,-1
1901,0,-1,0,0,1,-1,-1
1902,0,-1,0,0,0,-1,-1
1903,0,-1,0,0,0,-1,-1
1904,0,-1,0,0,1,1,-1
1905,0,-1,0,0,-1,-1,1
1906,0,-1,0,0,0,1,0
1907,0,-1,0,0,-1,1,-1
1908,0,-1,0,-1,1,1,-1
1909,0,-1,0,0,0,1,0
1910,0,1,0,0,-1,-1,-1
1911,0,-1,0,0,1,-1,-1
1912,0,-1,0,0,0,1,-1
1913,0,0,0,0,0,1,1
1914,0,-1,0,0,0,1,-1
1915,0,1,0,0,-1,-1,-1
1916,0,1,0,0,0,1,-1
1917,0,-1,0,0,1,1,0
1918,0,1,0,1,0,-1,0
1919,0,-1,0,0,0,1,0
1920,0,-1,0,0,0,1,-1
1921,0,1,0,0,1,-1,-1
1922,0,-1,0,0,1,1,-1
1923,0,1,0,0,1,1,-1
1924,0,1,0,0,1,0,-1
1925,0,-1,0,0,-1,-1,-1
1926,0,-1,0,0,0,1,-1
1927,0,1,0,0,1,1,-1
1928,0,1,0,0,0,-1,0
1929,0,1,0,0,0,-1,0
1930,0,-1,0,0,0,-1,-1
1931,0,-1,0,0,0,1,-1
1932,0,-1,0,0,0,-1,-1
1933,0,-1,0,0,-1,1,-1
1934,0,1,0,0,-1,1,-1
1935,0,-1,0,0,1,1,-1
1936,0,-1,0,0,-1,-1,-1
1937,0,-1,0,0,1,1,-1
1938,0,-1,0,0,1,-1,-1
1939,0,-1,0,0,0,1,0
1940,0,-1,0,0,1,1,0
1941,0,-1,0,0,0,-1,-1
1942,0,1,0,0,0,1,-1
1943,0,-1,0,0,-1,-1,-1
1944,0,-1,0,0,1,1,-1
1945,0,1,0,0,0,-1,0
1946,0,-1,0,0,1,-1,0
1947,0,-1,0,0,0,1,-1
1948,0,1,0,0,1,-1,-1
1949,0,-1,0,0,1,-1,-1
1950,0,-1,0,0,0,1,-1
1951,0,-1,0,0,-1,-1,-1
1952,0,1,0,0,1,0,-1
1953,0,1,0,0,0,1,0
1954,0,-1,1,0,0,1,-1
1955,0,-1,0,0,0,1,-1
1956,0,-1,0,0,0,-1,-1
1957,0,-1,0,0,-1,-1,0
1958,0,1,0,0,-1,-1,0
1959,0,1,0,0,1,1,-1
1960,0,-1,-1,0,-1,-1,-1
1961,0,1,1,0,0,1,-1
1962,0,1,0,0,1,1,-1
1963,0,-1,0,-1,0,1,-1
1964,0,1,0,0,1,1,-1
1965,0,1,0,0,1,-1,-1
1966,0,1,0,0,1,1,-1
1967,0,-1,0,0,1,-1,-1
1968,0,-1,-1,0,1,-1,-1
1969,0,-1,0,0,0,-1,-1
1970,0,1,0,0,0,1,0
1971,0,-1,0,0,1,1,0
1972,0,-1,0,0,1,-1,0
1973,0,1,0,0,-1,0,-1
1974,0,-1,0,0,1,1,-1
1975,0,-1,0,0,0,-1,0
1976,0,-1,0,0,-1,-1,-1
1977,0,1,0,0,1,-1,0
1978,0,-1,0,0,-1,-1,-1
1979,0,-1,0,0,-1,-1,-1
1980,0,-1,0,0,0,1,-1
1981,0,1,0,0,1,-1,0
1982,0,1,1,0,0,1,0
1983,0,-1,0,0,1,-1,-1
1984,0,-1,0,-1,0,-1,0
1985,0,-1,0,0,-1,-1,-1
1986,0,1,0,0,0,1,-1
1987,0,-1,0,0,0,-1,0
1988,0,0,0,0,0,-1,-1
1989,0,-1,1,0,0,-1,-1
1990,0,-1,0,0,1,1,-1
1991,0,1,0,0,-1,-1,-1
1992,0,-1,0,0,0,1,-1
1993,0,1,0,0,1,-1,-1
1994,0,1,0,0,0,-1,0
1995,0,1,0,0,1,1,-1
1996,0,1,0,0,1,1,-1
1997,0,-1,0,0,1,-1,0
1998,0,1,0,0,0,1,-1
1999,0,1,0,0,1,1,0
2000,0,1,0,0,-1,-1,-1
2001,0,-1,0,1,0,-1,0
2002,0,-1,1,0,0,1,-1
2003,0,-1,0,0,-1,-1,-1
2004,0,-1,0,0,1,-1,-1
2005,0,1,0,0,1,1,-1
2006,0,1,0,0,0,-1,0
2007,0,-1,0,0,-1,-1,-1
2008,0,-1,0,0,-1,-1,-1
2009,0,-1,0,0,-1,-1,-1
2010,0,1,0,0,-1,-1,0
2011,0,1,0,0,0,0,-1
2012,0,-1,0,0,-1,-1,-1
2013,0,-1,0,0,-1,-1,-1
2014,0,-1,0,0,1,1,-1
2015,0,-1,0,0,-1,-1,-1
2016,0,1,0,0,1,1,-1
2017,0,-1,0,0,-1,-1,-1
2018,0,-1,0,0,0,1,0
2019,0,1,0,0,-1,-1,-1
2020,0,-1,1,0,0,1,-1
2021,0,-1,0,0,1,-1,-1
2022,0,-1,1,0,0,1,-1
2023,0,1,0,0,1,1,-1
2024,0,1,0,0,1,1,-1
2025,0,1,0,0,1,1,-1
2026,0,-1,0,0,0,1,-1
2027,0,-1,0,0,-1,-1,-1
2028,0,-1,0,0,0,-1,0
2029,0,1,0,0,-1,-1,0
2030,0,-1,0,0,1,1,-1
2031,0,1,0,0,-1,-1,-1
2032,0,1,0,0,1,-1,-1
2033,0,-1,0,0,1,-1,-1
2034,0,-1,0,0,1,1,-1
2035,0,1,0,0,1,1,-1
2036,0,-1,0,0,0,1,-1
2037,0,-1,0,0,-1,-1,-1
2038,0,-1,1,0,0,1,-1
2039,0,-1,0,0,-1,-1,-1
2040,0,1,0,0,1,-1,-1
2041,0,-1,0,0,1,-1,-1
2042,0,-1,0,0,1,1,-1
2043,0,1,0,0,-1,1,-1
2044,0,0,0,0,0,0,-1
2045,0,-1,0,0,0,1,0
2046,0,-1,0,0,1,1,0
2047,0,-1,0,0,1,1,-1
2048,0,1,0,0,1,1,-1
2049,0,-1,0,0,0,1,-1
2050,0,1,0,0,1,1,0
2051,0,-1,0,0,0,-1,-1
2052,0,-1,1,0,0,1,0
2053,0,-1,0,0,0,1,0
2054,0,-1,0,0,1,-1,-1
2055,0,-1,0,0,1,1,-1
2056,0,1,0,-1,-1,-1,-1
2057,0,-1,0,0,0,-1,0
2058,0,1,0,0,-1,-1,0
2059,0,-1,0,0,-1,-1,0
2060,0,-1,0,0,0,1,-1
2061,0,-1,0,0,1,1,-1
2062,0,1,0,0,0,-1,-1
2063,0,-1,0,0,1,-1,0
2064,0,-1,1,0,0,1,0
2065,0,-1,0,0,1,-1,-1
2066,0,1,0,1,0,1,-1
2067,0,1,0,0,1,1,-1
2068,0,1,0,0,1,-1,0
2069,0,1,0,0,1,1,-1
2070,0,-1,0,0,0,1,-1
2071,0,1,0,0,1,1,-1
2072,0,-1,0,0,-1,-1,-1
2073,0,1,0,0,1,1,-1
2074,0,1,0,0,1,1,-1
2075,0,1,0,0,0,-1,-1
2076,0,-1,0,0,1,1,-1
2077,0,1,0,0,1,1,-1
2078,0,1,0,0,0,1,-1
2079,0,-1,0,0,0,0,-1
2080,0,-1,0,1,-1,-1,-1
2081,0,-1,0,0,1,-1,-1
2082,0,-1,0,0,1,-1,-1
2083,0,-1,0,0,-1,-1,-1
2084,0,1,0,0,0,1,-1
2085,0,-1,0,0,0,1,0
2086,0,1,0,0,0,1,-1
2087,0,0,0,0,0,1,-1
2088,0,1,0,0,1,1,-1
2089,0,1,0,0,1,1,-1
2090,0,-1,0,0,0,1,0
2091,0,-1,0,0,1,1,-1
2092,0,-1,0,0,1,-1,-1
2093,0,-1,0,0,1,1,-1
2094,0,-1,0,0,-1,-1,-1
2095,0,1,0,0,1,-1,-1
2096,0,-1,0,-1,1,-1,-1
2097,0,-1,0,0,0,-1,0
2098,0,-1,0,0,1,1,-1
2099,0,1,0,0,-1,-1,-1
2100,0,1,0,0,1,1,-1
2101,0,1,0,0,1,-1,-1
2102,0,-1,0,0,-1,-1,0
2103,0,-1,0,0,1,1,-1
2104,0,-1,0,0,-1,-1,-1
2105,0,-1,0,0,1,1,0
2106,0,1,1,0,0,1,-1
2107,0,-1,0,0,-1,-1,-1
2108,0,1,0,0,0,-1,-1
2109,0,-1,0,0,1,-1,-1
2110,0,-1,0,0,0,-1,-1
2111,0,1,0,0,1,1,-1
2112,0,-1,0,0,-1,-1,-1
2113,0,-1,0,0,1,-1,-1
2114,0,1,0,0,0,-1,-1
2115,0,-1,0,0,0,1,0
2116,0,1,0,0,1,1,0
2117,0,1,0,0,0,1,-1
2118,0,-1,-1,0,-1,-1,-1
2119,0,1,0,0,-1,-1,-1
2120,0,1,0,0,0,1,0
2121,0,1,0,0,1,1,-1
2122,0,1,0,0,0,1,1
2123,0,1,0,0,1,1,-1
2124,0,-1,0,0,0,1,0
2125,0,1,0,0,1,1,-1
2126,0,0,0,0,0,-1,-1
2127,0,-1,0,0,1,-1,-1
2128,0,-1,0,0,1,1,-1
2129,0,1,0,0,1,1,1
2130,0,-1,0,0,0,-1,-1
2131,0,-1,0,0,0,1,0
2132,0,1,0,0,1,1,1
2133,0,1,0,0,0,1,-1
2134,0,-1,0,0,0,-1,0
2135,0,-1,0,0,0,1,-1
2136,0,-1,0,0,1,-1,-1
2137,0,1,0,0,1,1,1
2138,0,1,-1,0,1,1,0
2139,0,-1,0,1,0,1,-1
2140,0,-1,0,0,0,1,0
2141,0,-1,0,0,-1,1,-1
2142,0,-1,0,0,0,1,0
2143,0,-1,0,0,0,-1,-1
2144,0,1,0,0,-1,-1,0
2145,0,0,0,0,0,-1,-1
2146,0,-1,0,0,0,-1,-1
2147,0,-1,1,0,0,1,-1
2148,0,1,0,0,1,1,-1
2149,0,-1,0,0,1,-1,-1
2150,0,1,0,0,0,1,0
2151,0,-1,0,0,1,1,0
2152,0,1,0,0,1,1,-1
2153,0,1,0,0,-1,1,-1
2154,0,1,0,0,1,-1,0
2155,0,-1,1,0,0,1,0
2156,0,1,0,0,1,1,-1
2157,0,1,0,0,0,-1,-1
2158,0,1,0,0,1,-1,-1
2159,0,-1,0,0,-1,-1,-1
2160,0,1,0,0,0,1,0
2161,0,1,1,0,-1,-1,-1
2162,0,-1,0,0,-1,-1,-1
2163,0,-1,0,0,-1,-1,-1
2164,0,1,0,0,-1,-1,-1
2165,0,-1,0,0,0,1,0
2166,0,-1,0,0,1,1,-1
2167,0,-1,0,0,0,-1,-1
2168,0,1,0,0,1,1,-1
2169,0,-1,1,0,0,1,-1
2170,0,-1,0,0,0,-1,0
2171,0,1,0,0,1,-1,-1
2172,0,1,0,0,1,1,-1
2173,0,1,1,0,0,1,0
2174,0,1,0,0,0,1,-1
2175,0,-1,0,0,-1,-1,-1
2176,0,-1,0,0,-1,-1,-1
2177,0,-1,0,0,0,1,-1
2178,0,-1,0,0,1,-1,-1
2179,0,-1,0,0,-1,-1,-1
2180,0,1,0,0,1,1,-1
2181,0,-1,0,0,1,-1,-1
2182,0,-1,0,0,-1,-1,-1
2183,0,-1,0,0,0,1,-1
2184,0,-1,0,0,1,-1,-1
2185,0,1,0,0,1,1,-1
2186,0,-1,0,0,-1,-1,-1
2187,0,-1,-1,0,1,1,-1
2188,0,1,0,0,-1,-1,0
2189,0,1,0,0,0,1,-1
2190,0,1,1,0,-1,-1,0
2191,0,-1,0,0,-1,-1,1
2192,0,1,0,0,1,1,0
2193,0,-1,0,0,-1,-1,-1
2194,0,1,-1,0,1,1,-1
2195,0,-1,0,0,1,-1,-1
2196,0,-1,1,0,0,-1,-1
2197,0,-1,0,0,-1,-1,-1
2198,0,-1,0,0,1,1,-1
2199,0,1,0,0,1,1,-1
2200,0,1,0,0,0,0,-1
2201,0,1,0,0,1,1,-1
2202,0,-1,0,0,1,1,-1
2203,0,-1,0,0,1,-1,-1
2204,0,-1,0,0,-1,-1,-1
2205,0,-1,0,0,1,-1,0
2206,0,1,0,0,-1,-1,-1
2207,0,-1,0,0,-1,-1,0
2208,0,-1,0,0,-1,-1,-1
2209,0,-1,0,0,0,1,0
2210,0,1,0,0,1,1,-1
2211,0,1,-1,0,0,1,-1
2212,0,-1,0,0,1,1,-1
2213,0,-1,0,0,1,1,-1
2214,0,1,0,0,1,1,-1
2215,0,1,0,0,0,1,0
2216,0,-1,0,0,-1,-1,0
2217,0,-1,0,0,-1,-1,-1
2218,0,-1,0,0,0,1,-1
2219,0,1,0,0,0,1,0
2220,0,-1,0,0,1,1,0
2221,0,-1,0,0,0,-1,-1
2222,0,1,0,0,-1,-1,-1
2223,0,-1,0,-1,0,-1,-1
2224,0,-1,0,0,1,-1,-1
2225,0,1,0,0,1,1,-1
2226,0,1,0,0,0,1,-1
2227,0,-1,0,0,1,1,-1
2228,0,-1,0,0,1,1,0
2229,0,1,0,0,1,1,-1
2230,0,-1,0,-1,1,1,-1
2231,0,1,-1,0,1,-1,-1
2232,0,1,0,0,1,1,-1
2233,0,-1,0,0,0,1,-1
2234,0,-1,0,0,-1,-1,-1
2235,0,1,0,0,0,-1,-1
2236,0,-1,0,0,1,1,-1
2237,0,-1,0,0,1,1,-1
2238,0,-1,0,0,0,1,-1
2239,0,-1,0,0,1,-1,0
2240,0,-1,0,0,-1,-1,-1
2241,0,-1,0,0,1,-1,-1
2242,0,-1,0,0,-1,-1,-1
2243,0,1,0,0,0,0,-1
2244,0,-1,0,0,-1,-1,-1
2245,0,1,0,0,1,-1,-1
2246,0,-1,0,0,1,1,0
2247,0,-1,0,0,1,1,-1
2248,0,1,0,0,-1,-1,0
2249,0,1,0,0,0,1,-1
2250,0,-1,0,0,0,1,0
2251,0,-1,0,0,-1,-1,0
2252,0,1,0,0,-1,-1,0
2253,0,1,0,0,-1,-1,-1
2254,0,1,0,0,0,-1,0
2255,0,-1,0,0,-1,-1,-1
2256,0,1,0,0,1,1,-1
2257,0,-1,0,0,1,-1,-1
2258,0,-1,0,0,-1,-1,-1
2259,0,1,0,0,0,-1,0
2260,0,1,0,0,0,1,-1
2261,0,1,0,0,-1,-1,0
2262,0,-1,0,0,1,1,1
2263,0,-1,0,0,0,1,-1
2264,0,-1,0,0,-1,-1,1
2265,0,-1,0,0,-1,-1,-1
2266,0,1,0,0,1,1,-1
2267,0,-1,0,0,-1,-1,-1
2268,0,1,0,0,1,1,-1
2269,0,-1,0,0,0,-1,0
2270,0,1,0,0,1,-1,-1
2271,0,-1,0,0,1,-1,-1
2272,0,-1,0,0,1,1,-1
2273,0,-1,0,0,1,-1,-1
2274,0,-1,0,0,0,-1,-1
2275,0,1,0,0,0,-1,-1
2276,0,-1,0,0,1,-1,0
2277,0,1,0,0,1,1,-1
2278,0,-1,1,0,0,-1,0
2279,0,-1,0,0,-1,-1,-1
2280,0,-1,0,0,0,-1,0
2281,0,-1,0,0,-1,-1,-1
2282,0,1,0,0,1,-1,-1
2283,0,1,0,-1,1,-1,-1
2284,0,-1,0,0,-1,-1,-1
2285,0,-1,0,0,1,1,-1
2286,0,1,0,0,-1,-1,-1
2287,0,1,0,0,1,1,0
2288,0,-1,0,0,1,1,-1
2289,0,-1,0,-1,1,1,-1
2290,0,1,0,0,1,1,-1
2291,0,-1,0,0,-1,-1,-1
2292,0,-1,0,0,1,-1,-1
2293,0,1,0,0,1,1,1
2294,0,-1,0,0,-1,-1,-1
2295,0,1,0,0,0,1,-1
2296,0,-1,0,0,1,1,1
2297,0,1,0,0,1,1,0
2298,0,-1,0,0,1,1,0
2299,0,1,0,0,0,-1,-1
2300,0,-1,-1,0,0,-1,-1
2301,0,-1,0,0,0,-1,-1
2302,0,-1,0,0,-1,-1,0
2303,0,-1,0,0,-1,-1,-1
2304,0,-1,0,0,-1,-1,0
2305,0,-1,0,0,0,-1,-1
2306,0,1,0,0,0,1,0
2307,0,-1,0,0,0,1,-1
2308,0,-1,0,0,0,1,-1
2309,0,1,0,0,1,-1,-1
2310,0,-1,0,0,-1,-1,-1
2311,0,-1,0,0,1,-1,-1
2312,0,-1,0,0,1,-1,-1
2313,0,-1,0,0,1,1,-1
2314,0,-1,0,0,1,-1,0
2315,0,1,0,0,-1,-1,-1
2316,0,-1,0,0,0,-1,-1
2317,0,-1,0,0,1,1,0
2318,0,1,0,0,-1,-1,-1
2319,0,-1,0,0,1,-1,-1
2320,0,-1,0,0,0,0,-1
2321,0,-1,0,0,1,-1,-1
2322,0,-1,0,0,0,1,0
2323,0,1,0,0,1,1,-1
2324,0,1,0,0,1,1,-1
2325,0,1,0,1,0,1,-1
2326,0,1,0,0,1,1,-1
2327,0,1,0,0,1,1,-1
2328,0,-1,0,0,0,1,-1
2329,0,-1,0,0,0,1,0
2330,0,1,0,0,-1,1,-1
2331,0,1,0,0,0,1,-1
2332,0,-1,0,0,-1,-1,-1
2333,0,-1,0,0,-1,-1,-1
2334,0,-1,0,0,-1,-1,-1
2335,0,1,0,0,1,1,0
2336,0,-1,0,0,0,-1,-1
2337,0,-1,0,0,1,1,0
2338,0,1,0,0,0,1,-1
2339,0,-1,0,0,0,1,0
2340,0,-1,0,0,0,1,-1
2341,0,-1,0,0,0,1,-1
2342,0,-1,0,0,-1,-1,-1
2343,0,1,0,0,0,1,0
2344,0,1,0,0,1,1,-1
2345,0,-1,0,0,-1,-1,0
2346,0,-1,0,0,1,-1,-1
2347,0,-1,0,0,0,1,0
2348,0,-1,0,0,0,1,0
2349,0,-1,0,0,-1,-1,-1
2350,0,-1,0,0,-1,-1,-1
2351,0,-1,0,0,-1,-1,-1
2352,0,-1,0,0,-1,-1,0
2353,0,1,0,0,-1,-1,-1
2354,0,0,0,0,0,1,0
2355,0,1,0,0,1,1,0
2356,0,1,0,0,1,-1,0
2357,0,1,1,0,0,-1,-1
2358,0,-1,0,0,0,1,0
2359,0,1,0,0,1,1,-1
2360,0,-1,0,0,1,1,-1
2361,0,1,0,0,0,1,-1
2362,0,-1,0,0,0,-1,0
2363,0,-1,0,0,1,-1,-1
2364,0,-1,0,0,-1,-1,0
2365,0,1,0,1,-1,-1,-1
2366,0,-1,0,0,1,1,-1
2367,0,-1,0,0,-1,-1,-1
2368,0,1,0,0,1,1,0
2369,0,-1,0,0,1,-1,-1
2370,0,1,1,0,0,1,0
2371,0,-1,-1,-1,0,-1,-1
2372,0,0,0,0,0,1,0
2373,0,1,0,0,1,1,-1
2374,0,-1,0,0,-1,-1,0
2375,0,-1,0,0,0,1,0
2376,0,1,0,0,0,-1,-1
2377,0,-1,0,0,-1,-1,-1
2378,0,1,1,0,-1,-1,0
2379,0,1,1,0,0,1,-1
2380,0,-1,0,0,1,1,-1
2381,0,0,0,0,0,1,-1
2382,0,1,0,0,1,-1,-1
2383,0,-1,0,0,0,-1,-1
2384,0,-1,0,0,-1,-1,-1
2385,0,1,0,0,1,-1,-1
2386,0,-1,0,0,1,1,-1
2387,0,-1,0,0,1,-1,-1
2388,0,1,0,0,1,1,0
2389,0,-1,0,0,0,1,-1
2390,0,1,0,0,0,-1,-1
2391,0,1,0,0,0,1,-1
2392,0,-1,0,0,-1,1,0
2393,0,-1,0,0,-1,-1,0
2394,0,-1,0,0,-1,-1,0
2395,0,-1,0,0,1,1,-1
2396,0,1,0,0,0,1,-1
2397,0,-1,0,0,-1,-1,-1
2398,0,1,0,0,-1,-1,-1
2399,0,-1,0,0,0,1,-1
2400,0,1,0,0,-1,1,1
2401,0,-1,0,0,0,-1,-1
2402,0,-1,0,0,1,-1,-1
2403,0,1,0,0,-1,1,0
2404,0,1,0,0,-1,-1,0
2405,0,1,0,0,1,1,-1
2406,0,-1,0,0,-1,-1,0
2407,0,-1,0,0,0,1,-1
2408,0,1,0,0,1,1,-1
2409,0,-1,1,0,0,1,-1
2410,0,-1,0,0,1,1,-1
2411,0,1,0,0,1,1,-1
2412,0,-1,0,0,0,1,0
2413,0,1,0,0,1,1,-1
2414,0,-1,0,0,-1,-1,-1
2415,0,1,0,-1,0,0,-1
2416,0,-1,0,0,-1,-1,-1
2417,0,1,0,0,1,1,0
2418,0,1,0,0,0,-1,1
2419,0,-1,0,0,1,-1,-1
2420,0,-1,0,0,0,1,-1
2421,0,1,0,0,1,1,-1
2422,0,-1,0,0,1,1,-1
2423,0,-1,0,0,-1,-1,-1
2424,0,-1,0,0,0,1,-1
2425,0,1,0,0,0,1,-1
2426,0,-1,0,0,1,1,-1
2427,0,0,0,0,0,1,1
2428,0,1,0,0,0,-1,-1
2429,0,1,0,0,1,-1,0
2430,0,-1,0,0,-1,-1,0
2431,0,-1,0,0,1,1,-1
2432,0,1,0,0,1,-1,-1
2433,0,-1,0,0,0,1,0
2434,0,-1,0,0,1,1,-1
2435,0,-1,0,0,-1,-1,-1
2436,0,-1,0,0,1,1,0
2437,0,1,0,0,-1,-1,-1
2438,0,1,0,0,1,1,-1
2439,0,-1,0,0,-1,-1,0
2440,0,1,0,0,0,-1,0
2441,0,1,0,0,1,1,-1
2442,0,-1,0,0,1,-1,-1
2443,0,-1,0,0,-1,-1,-1
2444,0,-1,0,-1,-1,-1,0
2445,0,1,0,0,1,1,-1
2446,0,-1,1,0,0,-1,-1
2447,0,-1,0,0,0,1,0
2448,0,-1,0,0,0,-1,-1
2449,0,1,0,0,1,1,-1
2450,0,-1,0,0,1,-1,-1
2451,0,1,0,0,-1,-1,-1
2452,0,-1,0,0,-1,-1,-1
2453,0,1,0,0,0,1,-1
2454,0,1,0,0,0,1,-1
2455,0,-1,0,0,0,1,-1
2456,0,-1,0,0,0,1,0
2457,0,1,0,0,0,1,-1
2458,0,-1,0,0,1,1,-1
2459,0,1,0,0,1,1,-1
2460,0,1,0,0,1,-1,-1
2461,0,0,0,0,0,-1,-1
2462,0,1,0,0,0,1,-1
2463,0,-1,0,0,-1,-1,0
2464,0,-1,0,1,-1,-1,-1
2465,0,-1,0,0,0,1,0
2466,0,-1,0,0,0,1,-1
2467,0,-1,0,0,-1,-1,-1
2468,0,-1,0,0,1,-1,-1
2469,0,-1,-1,0,1,1,-1
2470,0,-1,0,0,1,1,-1
2471,0,1,0,0,1,1,1
2472,0,1,0,0,1,-1,-1
2473,0,1,0,0,1,-1,-1
2474,0,-1,0,0,1,1,-1
2475,0,-1,0,0,1,-1,-1
2476,0,-1,0,0,1,-1,-1
2477,0,-1,0,0,0,-1,0
2478,0,1,0,0,1,-1,1
2479,0,-1,0,0,0,1,0
2480,0,-1,0,0,-1,-1,-1
2481,0,1,0,0,-1,-1,-1
2482,0,-1,0,0,0,1,0
2483,0,-1,0,0,-1,1,-1
2484,0,-1,0,0,-1,-1,-1
2485,0,-1,0,0,1,1,-1
2486,0,-1,0,0,0,1,-1
2487,0,-1,0,0,-1,-1,-1
2488,0,-1,0,0,0,1,-1
2489,0,1,0,0,1,1,-1
2490,0,-1,0,0,1,-1,-1
2491,0,1,0,0,0,1,-1
2492,0,-1,0,0,1,-1,-1
2493,0,-1,0,0,-1,-1,-1
2494,0,-1,0,0,-1,-1,-1
2495,0,-1,0,0,0,-1,-1
2496,0,-1,0,0,-1,-1,-1
2497,0,1,0,0,1,-1,-1
2498,0,1,0,0,0,1,0
2499,0,-1,0,0,1,-1,0
2500,0,-1,0,0,-1,1,-1
2501,0,-1,0,0,1,-1,0
2502,0,1,0,0,1,1,-1
2503,0,-1,0,0,1,1,-1
2504,0,1,0,0,1,-1,-1
2505,0,1,0,0,0,-1,-1
2506,0,1,0,0,0,1,-1
2507,0,1,0,0,1,-1,0
2508,0,-1,0,0,1,1,-1
2509,0,1,1,0,0,1,-1
2510,0,-1,0,0,-1,-1,-1
2511,0,-1,0,0,1,1,0
2512,0,-1,0,0,1,-1,-1
2513,0,1,0,-1,-1,-1,-1
2514,0,1,0,0,0,1,0
2515,0,1,0,0,-1,1,-1
2516,0,1,0,0,1,1,0
2517,0,1,0,0,0,1,-1
2518,0,1,0,0,1,1,-1
2519,0,-1,0,-1,0,1,-1
2520,0,1,0,0,0,1,-1
2521,0,-1,0,0,1,-1,1
2522,0,-1,0,0,-1,-1,-1
2523,0,-1,0,0,1,-1,-1
2524,0,-1,0,0,0,-1,-1
2525,0,-1,1,0,0,1,0
2526,0,1,0,0,0,1,-1
2527,0,-1,0,0,-1,-1,-1
2528,0,-1,0,0,1,1,-1
2529,0,-1,0,0,-1,-1,-1
2530,0,-1,0,0,-1,-1,-1
2531,0,1,0,1,-1,-1,-1
2532,0,-1,-1,0,-1,-1,-1
2533,0,1,0,0,0,1,-1
2534,0,-1,0,0,-1,-1,0
2535,0,-1,0,1,0,-1,-1
2536,0,1,0,0,1,1,0
2537,0,-1,0,0,-1,1,-1
2538,0,1,0,0,1,1,-1
2539,0,1,1,0,0,1,-1
2540,0,-1,0,0,-1,-1,-1
2541,0,1,0,0,1,1,-1
2542,0,-1,0,0,1,1,-1
2543,0,-1,0,0,-1,-1,-1
2544,0,-1,0,0,0,1,-1
2545,0,-1,0,0,1,-1,-1
2546,0,-1,0,0,1,1,-1
2547,0,-1,0,0,1,1,-1
2548,0,1,0,0,0,1,-1
2549,0,-1,0,0,1,-1,1
2550,0,1,0,0,0,1,-1
2551,0,1,1,0,1,1,-1
2552,0,1,0,0,1,1,-1
2553,0,-1,0,0,1,1,-1
2554,0,1,0,1,0,-1,-1
2555,0,1,0,0,0,-1,0
2556,0,1,0,0,1,1,0
2557,0,1,0,0,1,-1,-1
2558,0,-1,1,0,-1,-1,-1
2559,0,1,0,0,0,1,-1
2560,0,-1,0,0,1,-1,-1
2561,0,-1,0,1,0,-1,-1
2562,0,-1,0,0,0,1,-1
2563,0,-1,0,0,1,1,-1
2564,0,-1,0,1,1,1,-1
2565,0,-1,0,0,-1,-1,-1
2566,0,1,0,0,1,1,-1
2567,0,-1,0,0,0,1,0
2568,0,1,0,0,1,1,-1
2569,0,-1,0,0,0,1,0
2570,0,-1,0,0,0,1,-1
2571,0,-1,0,0,0,-1,-1
2572,0,-1,0,0,1,-1,-1
2573,0,-1,0,0,1,-1,-1
2574,0,-1,0,0,0,-1,0
2575,0,-1,0,0,-1,-1,-1
2576,0,1,0,0,1,1,-1
2577,0,1,0,0,0,1,0
2578,0,1,0,0,1,1,-1
2579,0,-1,0,0,0,1,0
2580,0,-1,1,0,0,-1,-1
2581,0,1,-1,-1,1,-1,0
2582,0,-1,0,0,1,1,-1
2583,0,-1,0,0,-1,1,-1
2584,0,-1,0,0,-1,-1,-1
2585,0,-1,0,0,-1,-1,-1
2586,0,1,0,0,0,1,-1
2587,0,-1,0,-1,0,-1,-1
2588,0,1,0,0,1,-1,-1
2589,0,-1,0,0,0,-1,-1
2590,0,-1,0,0,1,0,-1
2591,0,-1,0,0,0,-1,-1
2592,0,1,0,0,0,-1,0
2593,0,1,0,0,1,1,-1
2594,0,-1,0,0,0,-1,-1
2595,0,-1,0,0,1,-1,-1
2596,0,-1,0,0,-1,-1,0
2597,0,-1,0,0,-1,-1,0
2598,0,1,0,0,1,-1,0
2599,0,-1,0,0,0,1,0
2600,0,-1,-1,0,1,1,-1
2601,0,-1,0,0,1,1,-1
2602,0,1,0,1,0,1,-1
2603,0,-1,0,0,1,-1,-1
2604,0,1,0,0,-1,-1,-1
2605,0,-1,0,0,0,-1,-1
2606,0,-1,0,0,-1,-1,-1
2607,0,-1,-1,0,-1,-1,0
2608,0,1,0,0,1,1,-1
2609,0,-1,0,0,-1,-1,0
2610,0,1,0,0,1,1,-1
2611,0,1,0,0,0,-1,-1
2612,0,-1,0,0,0,-1,0
2613,0,-1,0,0,-1,-1,0
2614,0,0,0,0,0,1,-1
2615,0,1,0,0,1,-1,-1
2616,0,1,0,0,1,-1,-1
2617,0,-1,0,0,1,-1,-1
2618,0,-1,0,0,1,1,-1
2619,0,-1,0,0,1,1,0
2620,0,-1,0,0,0,1,-1
2621,0,1,1,0,0,1,-1
2622,0,-1,0,0,0,1,0
2623,0,-1,1,0,0,-1,0
2624,0,1,0,0,0,1,0
2625,0,-1,0,0,-1,-1,-1
2626,0,-1,0,0,1,-1,-1
2627,0,-1,0,0,0,-1,-1
2628,0,1,0,0,0,-1,-1
2629,0,-1,0,0,0,1,-1
2630,0,-1,0,0,0,1,-1
2631,0,-1,0,0,1,1,-1
2632,0,-1,0,0,1,-1,0
2633,0,1,0,0,-1,-1,-1
2634,0,1,0,0,0,1,0
2635,0,-1,0,0,-1,-1,-1
2636,0,-1,0,0,-1,-1,-1
2637,0,1,0,0,1,1,1
2638,0,-1,0,-1,0,1,-1
2639,0,-1,0,0,1,-1,-1
2640,0,-1,0,0,1,-1,-1
2641,0,1,0,0,1,1,-1
2642,0,-1,0,0,0,-1,-1
2643,0,-1,0,0,0,-1,-1
2644,0,-1,0,0,0,-1,0
2645,0,1,0,0,1,1,-1
2646,0,-1,0,0,-1,-1,-1
2647,0,1,0,0,0,-1,-1
2648,0,1,0,0,-1,-1,0
2649,0,1,0,0,0,1,-1
2650,0,1,0,0,1,1,0
2651,0,1,0,0,-1,-1,-1
2652,0,-1,0,0,0,1,-1
2653,0,-1,0,0,0,1,-1
2654,0,-1,0,0,0,1,-1
2655,0,1,0,0,1,1,-1
2656,0,-1,0,0,-1,-1,-1
2657,0,1,-1,0,-1,-1,-1
2658,0,-1,0,0,1,1,0
2659,0,1,1,0,0,1,0
2660,0,-1,0,0,-1,-1,-1
2661,0,-1,0,0,0,1,0
2662,0,-1,0,-1,1,1,-1
2663,0,-1,0,0,1,1,0
2664,0,1,0,0,0,-1,-1
2665,0,1,0,0,1,1,-1
2666,0,1,0,0,0,1,-1
2667,0,-1,0,0,1,-1,0
2668,0,-1,0,0,0,-1,0
2669,0,-1,0,0,-1,-1,-1
2670,0,-1,1,0,-1,-1,-1
2671,0,-1,0,0,1,1,-1
2672,0,-1,0,1,0,1,-1
2673,0,-1,0,0,-1,-1,-1
2674,0,1,0,0,0,1,-1
2675,0,-1,0,0,1,-1,0
2676,0,-1,0,0,-1,1,-1
2677,0,-1,0,0,1,1,-1
2678,0,-1,0,0,1,1,-1
2679,0,-1,0,0,0,-1,0
2680,0,-1,0,0,1,1,-1
2681,0,-1,0,0,1,1,-1
2682,0,1,0,0,1,-1,0
2683,0,-1,0,0,1,1,-1
2684,0,1,0,0,1,1,-1
2685,0,-1,0,0,0,-1,-1
2686,0,1,0,0,0,-1,-1
2687,0,-1,0,0,1,-1,-1
2688,0,-1,0,-1,0,1,0
2689,0,1,1,0,0,-1,-1
2690,0,-1,0,0,0,0,-1
2691,0,-1,0,0,1,-1,0
2692,0,1,1,0,0,1,-1
2693,0,-1,0,0,1,1,-1
2694,0,-1,0,0,1,-1,-1
2695,0,-1,-1,0,-1,-1,-1
2696,0,-1,0,0,1,1,0
2697,0,1,0,0,-1,-1,0
2698,0,-1,0,0,-1,-1,0
2699,0,-1,0,0,1,1,-1
2700,0,1,0,0,1,1,0
2701,0,1,0,0,1,1,-1
2702,0,-1,0,0,0,1,0
2703,0,-1,0,0,1,1,-1
2704,0,-1,0,0,0,-1,-1
2705,0,1,0,0,1,1,-1
2706,0,-1,0,0,0,-1,-1
2707,0,-1,0,0,1,1,0
2708,0,1,0,0,1,-1,-1
2709,0,1,0,0,1,1,-1
2710,0,1,0,0,1,-1,-1
2711,0,1,0,0,0,1,0
2712,0,-1,0,0,0,1,0
2713,0,-1,0,0,-1,1,-1
2714,0,1,0,0,1,1,-1
2715,0,1,0,0,0,1,-1
2716,0,1,-1,0,0,1,-1
2717,0,-1,0,0,-1,-1,0
2718,0,-1,0,0,0,1,-1
2719,0,1,0,0,0,1,0
2720,0,1,0,0,0,1,0
2721,0,1,0,0,1,1,-1
2722,0,1,-1,-1,-1,-1,-1
2723,0,1,0,0,0,-1,0
2724,0,-1,0,0,0,-1,0
2725,0,1,0,0,1,1,-1
2726,0,-1,0,0,-1,-1,-1
2727,0,1,0,0,1,1,-1
2728,0,0,0,0,0,1,1
2729,0,-1,0,-1,1,0,0
2730,0,-1,0,0,1,-1,-1
2731,0,1,0,0,0,1,-1
2732,0,1,0,0,0,1,-1
2733,0,-1,0,1,0,-1,-1
2734,0,-1,0,0,-1,-1,-1
2735,0,1,0,0,1,1,-1
2736,0,1,0,0,-1,-1,-1
2737,0,-1,0,0,-1,-1,-1
2738,0,-1,0,0,1,1,-1
2739,0,-1,0,0,1,-1,0
2740,0,1,0,0,1,1,-1
2741,0,1,0,0,1,1,-1
2742,0,-1,0,0,0,-1,-1
2743,0,1,0,0,1,-1,-1
2744,0,1,0,0,-1,-1,1
2745,0,1,0,0,-1,-1,0
2746,0,1,0,0,0,-1,-1
2747,0,-1,0,0,-1,-1,-1
2748,0,1,0,0,1,1,-1
2749,0,1,0,0,-1,-1,0
2750,0,-1,0,0,-1,-1,-1
2751,0,1,0,0,-1,-1,-1
2752,0,-1,0,0,1,-1,-1
2753,0,1,0,0,0,-1,0
2754,0,-1,0,0,1,1,-1
2755,0,-1,0,0,0,1,-1
2756,0,-1,0,0,0,1,0
2757,0,-1,1,0,0,1,-1
2758,0,-1,0,0,1,-1,1
2759,0,-1,0,0,1,-1,-1
2760,0,-1,0,0,0,1,-1
2761,0,-1,0,0,-1,1,-1
2762,0,1,0,0,1,1,0
2763,0,-1,0,0,-1,-1,0
2764,0,1,0,0,0,-1,-1
2765,0,-1,0,0,1,1,-1
2766,0,-1,0,0,1,-1,1
2767,0,-1,0,0,-1,-1,-1
2768,0,-1,0,0,0,-1,-1
2769,0,-1,0,0,1,1,-1
2770,0,-1,0,0,1,-1,-1
2771,0,1,0,0,1,-1,-1
2772,0,-1,-1,0,1,1,-1
2773,0,-1,0,0,1,-1,-1
2774,0,-1,0,0,0,-1,-1
2775,0,-1,0,0,1,1,-1
2776,0,1,0,0,1,1,-1
2777,0,1,0,0,-1,-1,0
2778,0,-1,0,0,-1,-1,-1
2779,0,-1,0,0,1,1,-1
2780,0,-1,0,0,1,1,-1
2781,0,-1,0,0,-1,-1,0
2782,0,-1,0,0,1,1,0
2783,0,0,0,0,0,1,-1
2784,0,1,0,0,1,1,1
2785,0,-1,0,0,0,-1,-1
2786,0,1,0,0,0,1,-1
2787,0,-1,0,0,0,-1,-1
2788,0,1,0,0,1,1,-1
2789,0,-1,0,0,1,1,-1
2790,0,-1,0,0,0,1,0
2791,0,1,0,0,0,1,-1
2792,0,-1,0,0,1,1,-1
2793,0,-1,1,0,0,-1,-1
2794,0,1,0,0,0,1,0
2795,0,-1,0,0,0,1,-1
2796,0,-1,0,0,1,-1,-1
2797,0,1,0,0,1,-1,-1
2798,0,1,0,0,0,1,0
2799,0,-1,0,0,-1,-1,0
2800,0,1,0,0,1,1,-1
2801,0,-1,-1,0,0,-1,-1
2802,0,1,0,0,1,1,0
2803,0,-1,0,0,1,-1,-1
2804,0,1,0,0,-1,1,-1
2805,0,-1,0,0,0,1,-1
2806,0,-1,0,0,0,1,1
2807,0,-1,0,0,-1,-1,0
2808,0,-1,0,0,1,-1,-1
2809,0,1,0,0,1,1,-1
2810,0,1,0,0,1,1,-1
2811,0,1,0,0,-1,-1,0
2812,0,-1,0,0,-1,-1,-1
2813,0,-1,0,0,0,1,-1
2814,0,1,-1,-1,0,-1,0
2815,0,1,0,0,0,1,-1
2816,0,-1,1,0,-1,-1,0
2817,0,-1,0,0,1,-1,-1
2818,0,1,0,0,1,1,-1
2819,0,1,0,-1,0,1,0
2820,0,-1,0,0,-1,-1,0
2821,0,-1,0,0,1,1,-1
2822,0,1,0,0,0,-1,0
2823,0,-1,0,0,0,1,-1
2824,0,-1,0,0,-1,-1,-1
2825,0,-1,0,0,0,-1,0
2826,0,1,0,-1,-1,-1,0
2827,0,-1,0,0,1,-1,-1
2828,0,-1,0,0,1,-1,-1
2829,0,1,0,0,0,0,0
2830,0,1,0,0,0,1,0
2831,0,1,0,0,1,-1,-1
2832,0,-1,0,0,-1,-1,-1
2833,0,-1,0,0,0,-1,0
2834,0,-1,0,0,-1,-1,-1
2835,0,-1,0,0,-1,-1,-1
2836,0,-1,0,0,-1,-1,-1
2837,0,-1,0,0,1,-1,-1
2838,0,-1,0,0,1,-1,-1
2839,0,-1,0,0,-1,-1,-1
2840,0,-1,0,0,1,-1,-1
2841,0,-1,0,0,0,-1,-1
2842,0,-1,0,0,-1,-1,0
2843,0,1,0,0,1,1,1
2844,0,-1,0,0,1,-1,-1
2845,0,-1,0,0,-1,-1,-1
2846,0,1,0,0,-1,-1,1
2847,0,1,0,0,1,1,-1
2848,0,-1,0,0,1,1,0
2849,0,1,0,0,1,1,0
2850,0,-1,0,0,-1,-1,-1
2851,0,-1,0,0,1,-1,-1
2852,0,-1,0,0,1,1,-1
2853,0,-1,0,0,1,1,-1
2854,0,-1,0,0,1,-1,-1
2855,0,-1,0,0,1,-1,-1
2856,0,0,0,0,0,1,0
2857,0,-1,0,0,1,1,0
2858,0,-1,0,0,-1,1,-1
2859,0,1,0,0,0,-1,0
2860,0,-1,0,0,-1,-1,-1
2861,0,1,0,0,1,-1,0
2862,0,-1,0,0,1,1,-1
2863,0,1,0,0,-1,-1,-1
2864,0,1,0,0,0,1,-1
2865,0,1,0,0,-1,-1,-1
2866,0,1,0,0,1,-1,1
2867,0,1,0,0,0,1,-1
2868,0,-1,0,0,-1,-1,-1
2869,0,-1,0,0,1,1,-1
2870,0,1,0,0,-1,-1,-1
2871,0,-1,-1,0,1,1,1
2872,0,-1,0,0,-1,-1,-1
2873,0,-1,0,0,1,-1,-1
2874,0,1,0,0,1,-1,-1
2875,0,-1,0,0,0,-1,0
2876,0,-1,0,0,1,1,1
2877,0,-1,0,0,-1,-1,-1
2878,0,1,0,0,-1,-1,-1
2879,0,-1,0,-1,1,-1,-1
2880,0,-1,0,0,-1,-1,-1
2881,0,-1,0,0,1,1,-1
2882,0,-1,0,0,-1,-1,-1
2883,0,-1,0,0,-1,-1,-1
2884,0,-1,0,0,0,1,-1
2885,0,1,0,0,1,1,-1
2886,0,-1,0,0,1,1,-1
2887,0,-1,0,0,1,1,-1
2888,0,0,0,0,0,-1,-1
2889,0,1,0,0,0,1,0
2890,0,-1,0,0,1,1,-1
2891,0,-1,0,0,1,-1,-1
2892,0,1,0,0,1,1,-1
2893,0,-1,0,0,0,-1,-1
2894,0,-1,0,0,-1,-1,0
2895,0,-1,0,0,1,1,0
2896,0,-1,0,0,1,-1,-1
2897,0,1,0,0,0,1,0
2898,0,1,0,0,-1,1,0
2899,0,1,0,0,0,1,0
2900,0,1,0,0,-1,1,-1
2901,0,1,0,0,1,1,-1
2902,0,-1,1,0,0,1,0
2903,0,-1,0,0,1,1,-1
2904,0,-1,0,0,-1,-1,-1
2905,0,-1,0,0,-1,-1,-1
2906,0,-1,0,0,1,1,-1
2907,0,-1,0,0,-1,-1,1
2908,0,-1,0,0,-1,1,-1
2909,0,-1,0,0,1,1,-1
2910,0,-1,0,1,0,-1,-1
2911,0,-1,0,0,1,-1,-1
2912,0,-1,0,0,1,-1,0
2913,0,-1,0,1,0,-1,-1
2914,0,1,0,0,1,0,-1
2915,0,-1,0,0,-1,-1,0
2916,0,-1,0,0,-1,-1,-1
2917,0,-1,0,0,-1,-1,-1
2918,0,-1,0,-1,-1,-1,1
2919,0,-1,0,0,1,-1,-1
2920,0,1,-1,0,-1,-1,1
2921,0,1,0,0,1,-1,-1
2922,0,1,0,0,-1,1,0
2923,0,1,0,0,1,0,-1
2924,0,1,0,0,0,-1,-1
2925,0,1,0,0,-1,1,1
2926,0,1,0,0,1,1,-1
2927,0,1,0,-1,1,1,-1
2928,0,1,0,0,1,1,-1
2929,0,1,0,0,0,1,0
2930,0,-1,0,0,0,-1,-1
2931,0,-1,0,0,-1,-1,0
2932,0,1,0,0,1,1,0
2933,0,1,0,0,-1,-1,-1
2934,0,-1,0,0,1,-1,-1
2935,0,1,-1,0,1,1,0
2936,0,1,0,0,-1,-1,-1
2937,0,1,1,0,0,-1,0
2938,0,-1,0,0,1,1,-1
2939,0,1,0,0,1,-1,-1
2940,0,-1,0,0,-1,-1,-1
2941,0,-1,0,1,0,1,-1
2942,0,-1,0,0,0,1,-1
2943,0,-1,0,0,1,1,-1
2944,0,-1,0,-1,1,1,-1
2945,0,-1,1,0,0,1,0
2946,0,-1,0,-1,-1,1,1
2947,0,-1,0,-1,-1,-1,-1
2948,0,1,0,0,1,1,-1
2949,0,-1,0,0,1,1,-1
2950,0,1,0,0,0,1,-1
2951,0,1,0,0,1,1,-1
2952,0,-1,0,0,1,1,-1
2953,0,1,0,0,0,-1,0
2954,0,1,0,0,-1,-1,-1
2955,0,1,0,0,0,1,0
2956,0,1,-1,-1,1,1,-1
2957,0,1,0,0,1,1,-1
2958,0,-1,0,0,0,0,-1
2959,0,-1,0,0,0,1,-1
2960,0,-1,0,0,-1,-1,0
2961,0,-1,0,0,0,-1,-1
2962,0,-1,0,0,0,-1,-1
2963,0,1,0,0,-1,-1,0
2964,0,-1,0,0,0,1,0
2965,0,1,1,0,0,-1,-1
2966,0,-1,0,0,-1,-1,0
2967,0,-1,0,0,-1,-1,-1
2968,0,-1,0,0,0,1,-1
2969,0,-1,0,0,1,-1,-1
2970,0,-1,0,0,-1,-1,0
2971,0,-1,0,0,0,1,-1
2972,0,-1,0,0,-1,-1,0
2973,0,-1,0,0,-1,-1,0
2974,0,-1,0,0,1,1,1
2975,0,1,1,0,1,1,-1
2976,0,-1,0,0,-1,-1,0
2977,0,1,1,0,0,0,0
2978,0,1,0,0,1,1,-1
2979,0,-1,0,0,0,0,-1
2980,0,1,0,0,1,-1,-1
2981,0,-1,0,0,0,1,0
2982,0,1,0,0,0,1,-1
2983,0,1,0,0,-1,-1,-1
2984,0,-1,-1,0,1,0,-1
2985,0,1,0,0,1,1,-1
2986,0,-1,0,0,-1,-1,0
2987,0,-1,0,0,1,-1,-1
2988,0,1,-1,-1,0,1,-1
2989,0,-1,0,0,1,1,-1
2990,0,1,0,0,1,-1,1
2991,0,1,0,0,0,1,0
2992,0,1,0,0,1,-1,-1
2993,0,-1,0,0,1,1,-1
2994,0,1,0,0,1,1,-1
2995,0,-1,0,0,-1,-1,-1
2996,0,1,0,0,-1,-1,-1
2997,0,-1,0,0,-1,-1,-1
2998,0,-1,0,0,0,-1,-1
2999,0,-1,0,0,1,-1,-1
3000,0,-1,0,0,-1,-1,-1
3001,0,1,0,0,-1,1,-1
3002,0,1,0,-1,-1,-1,-1
3003,0,-1,0,0,0,1,0
3004,0,1,1,0,0,1,-1
3005,0,1,0,0,1,1,-1
3006,0,-1,0,0,1,1,-1
3007,0,1,0,0,0,1,-1
3008,0,1,0,0,-1,1,-1
3009,0,-1,0,0,0,-1,-1
3010,0,-1,0,0,1,1,-1
3011,0,1,1,0,0,1,0
3012,0,-1,0,0,1,-1,-1
3013,0,1,0,1,0,1,0
3014,0,-1,1,0,0,-1,0
3015,0,1,0,0,1,1,-1
3016,0,-1,0,0,1,-1,-1
3017,0,1,0,0,1,1,-1
3018,0,1,0,0,1,1,-1
3019,0,1,0,0,1,-1,0
3020,0,-1,0,0,1,1,-1
3021,0,1,0,0,1,1,-1
3022,0,-1,0,0,-1,-1,-1
3023,0,-1,0,0,1,-1,-1
3024,0,-1,0,0,1,-1,0
3025,0,1,0,0,1,1,-1
3026,0,-1,0,-1,1,-1,0
3027,0,-1,0,0,-1,-1,0
3028,0,-1,0,0,1,1,-1
3029,0,-1,0,0,1,-1,-1
3030,0,-1,0,0,1,1,-1
3031,0,1,0,0,1,1,-1
3032,0,-1,0,0,1,1,-1
3033,0,-1,0,0,-1,-1,0
3034,0,-1,0,0,-1,-1,-1
3035,0,1,0,0,-1,-1,-1
3036,0,1,0,0,0,-1,0
3037,0,-1,0,0,1,-1,0
3038,0,1,0,0,-1,-1,-1
3039,0,1,0,0,1,1,-1
3040,0,1,0,0,1,1,-1
3041,0,-1,0,0,0,-1,-1
3042,0,1,0,0,0,1,-1
3043,0,-1,0,0,0,-1,0
3044,0,-1,0,0,1,-1,-1
3045,0,-1,0,0,0,1,-1
3046,0,-1,0,0,0,1,-1
3047,0,1,0,0,1,1,-1
3048,0,1,0,0,0,-1,-1
3049,0,-1,0,0,0,1,-1
3050,0,1,0,0,-1,-1,-1
3051,0,1,0,0,0,-1,-1
3052,0,1,0,-1,-1,1,-1
3053,0,1,0,0,1,1,1
3054,0,1,0,0,0,1,-1
3055,0,-1,0,0,1,1,0
3056,0,1,0,0,1,1,-1
3057,0,-1,0,0,1,1,-1
3058,0,-1,0,0,0,1,-1
3059,0,-1,0,0,0,-1,-1
3060,0,1,0,0,1,1,0
3061,0,1,0,0,1,1,-1
3062,0,-1,0,0,1,1,-1
3063,0,1,0,0,0,1,-1
3064,0,1,0,0,-1,1,-1
3065,0,-1,0,0,-1,-1,-1
3066,0,1,0,0,0,1,-1
3067,0,-1,0,0,1,1,-1
3068,0,1,0,0,0,1,-1
3069,0,-1,0,0,1,-1,-1
3070,0,1,0,0,1,1,0
3071,0,-1,0,0,1,-1,-1
3072,0,-1,0,0,1,1,-1
3073,0,-1,0,0,1,1,-1
3074,0,-1,0,0,1,-1,0
3075,0,1,0,0,1,1,-1
3076,0,-1,0,0,0,1,0
3077,0,1,0,0,-1,1,-1
3078,0,-1,0,-1,0,-1,-1
3079,0,-1,0,0,-1,-1,-1
3080,0,1,0,0,0,1,-1
3081,0,1,0,0,1,1,-1
3082,0,-1,1,0,0,1,-1
3083,0,-1,0,0,-1,1,-1
3084,0,-1,0,0,1,1,0
3085,0,-1,0,0,1,1,-1
3086,0,-1,0,0,1,1,-1
3087,0,1,0,0,-1,1,-1
3088,0,-1,0,0,0,1,-1
3089,0,1,0,0,1,1,-1
3090,0,1,0,0,1,1,-1
3091,0,1,0,0,0,1,0
3092,0,-1,0,-1,0,-1,-1
3093,0,-1,0,0,-1,-1,-1
3094,0,-1,0,0,-1,-1,-1
3095,0,1,0,0,1,1,0
3096,0,-1,0,0,-1,-1,-1
3097,0,-1,0,1,-1,-1,-1
3098,0,-1,-1,0,-1,-1,0
3099,0,-1,0,0,1,1,-1
3100,0,-1,0,0,1,1,-1
3101,0,1,0,0,-1,-1,0
3102,0,-1,0,0,0,-1,-1
3103,0,-1,0,0,0,-1,-1
3104,0,-1,0,0,1,1,-1
3105,0,-1,0,0,0,-1,-1
3106,0,-1,0,0,0,1,-1
3107,0,-1,0,0,0,1,-1
3108,0,1,0,1,-1,1,-1
3109,0,-1,0,0,1,1,0
3110,0,-1,0,0,0,1,0
3111,0,-1,0,0,-1,1,-1
3112,0,-1,0,0,-1,-1,-1
3113,0,-1,0,0,-1,-1,-1
3114,0,-1,0,0,1,1,0
3115,0,1,1,0,0,1,0
3116,0,-1,0,0,1,1,0
3117,0,0,0,0,0,-1,-1
3118,0,1,0,0,1,1,-1
3119,0,-1,0,0,0,-1,1
3120,0,1,0,0,0,1,-1
3121,0,1,0,0,0,1,-1
3122,0,-1,0,0,0,-1,0
3123,0,-1,0,0,0,-1,-1
3124,0,1,0,0,0,1,-1
3125,0,0,0,0,0,-1,1
3126,0,-1,0,0,1,1,-1
3127,0,1,0,0,1,1,-1
3128,0,-1,0,1,0,-1,-1
3129,0,-1,0,0,-1,-1,-1
3130,0,1,0,0,-1,-1,-1
3131,0,-1,0,0,-1,-1,-1
3132,0,-1,0,0,-1,1,-1
3133,0,-1,0,0,-1,-1,-1
3134,0,1,0,0,1,-1,-1
3135,0,-1,0,0,0,-1,0
3136,0,-1,0,0,1,1,0
3137,0,1,0,0,1,1,-1
3138,0,-1,0,0,0,1,-1
3139,0,1,0,0,0,1,0
3140,0,-1,0,0,-1,1,0
3141,0,-1,0,0,1,1,1
3142,0,-1,0,-1,-1,-1,-1
3143,0,-1,0,0,1,1,-1
3144,0,1,1,0,0,1,-1
3145,0,-1,0,0,1,1,-1
3146,0,-1,0,0,0,-1,0
3147,0,-1,0,0,1,1,0
3148,0,-1,0,0,1,-1,-1
3149,0,-1,0,0,0,1,-1
3150,0,1,0,1,0,1,-1
3151,0,1,0,0,-1,-1,1
3152,0,-1,0,0,0,0,-1
3153,0,-1,0,0,0,1,-1
3154,0,1,0,0,0,1,0
3155,0,-1,0,0,-1,-1,-1
3156,0,-1,0,0,0,-1,-1
3157,0,1,0,0,1,-1,1
3158,0,-1,0,0,-1,-1,0
3159,0,-1,0,0,1,-1,-1
3160,0,-1,0,0,0,-1,-1
3161,0,1,0,0,1,1,-1
3162,0,1,0,0,0,1,0
3163,0,-1,0,0,1,1,1
3164,0,1,0,0,1,1,-1
3165,0,-1,0,-1,1,-1,0
3166,0,1,0,0,1,1,-1
3167,0,1,0,0,1,0,-1
3168,0,-1,0,0,-1,-1,-1
3169,0,-1,0,0,0,-1,0
3170,0,-1,0,0,-1,-1,0
3171,0,-1,0,0,1,1,0
3172,0,-1,0,0,0,-1,-1
3173,0,1,0,0,1,1,0
3174,0,1,-1,-1,1,1,-1
3175,0,-1,0,0,0,1,-1
3176,0,-1,0,0,0,1,0
3177,0,1,0,0,0,1,-1
3178,0,-1,0,0,1,-1,-1
3179,0,-1,0,0,0,-1,0
3180,0,1,0,0,1,-1,0
3181,0,-1,0,0,0,-1,0
3182,0,-1,0,0,0,-1,-1
3183,0,1,0,0,0,-1,0
3184,0,-1,0,0,-1,-1,0
3185,0,-1,0,0,-1,1,-1
3186,0,-1,0,0,-1,-1,-1
3187,0,-1,0,0,1,1,-1
3188,0,1,0,0,1,-1,-1
3189,0,-1,0,0,1,1,0
3190,0,-1,0,0,0,-1,-1
3191,0,-1,0,0,-1,-1,-1
3192,0,-1,0,0,-1,-1,-1
3193,0,-1,0,0,1,1,-1
3194,0,-1,0,0,0,1,1
3195,0,1,0,0,0,1,-1
3196,0,-1,0,0,0,-1,0
3197,0,-1,0,0,1,-1,-1
3198,0,1,0,0,1,1,-1
3199,0,-1,0,0,1,1,-1
3200,0,-1,0,0,1,1,0
3201,0,1,0,0,0,-1,-1
3202,0,1,0,0,-1,-1,-1
3203,0,-1,0,0,1,1,0
3204,0,-1,0,0,0,-1,-1
3205,0,-1,0,0,1,1,-1
3206,0,-1,0,0,-1,-1,-1
3207,0,1,0,0,1,1,-1
3208,0,1,0,0,-1,-1,0
3209,0,-1,0,0,-1,-1,-1
3210,0,1,0,0,1,1,-1
3211,0,-1,0,0,1,1,-1
3212,0,-1,0,0,-1,-1,0
3213,0,-1,0,0,0,1,0
3214,0,1,1,0,0,1,-1
3215,0,-1,0,0,0,-1,-1
3216,0,-1,0,0,0,-1,-1
3217,0,1,0,0,-1,-1,0
3218,0,1,0,0,0,1,-1
3219,0,-1,0,0,0,1,0
3220,0,-1,0,0,-1,-1,-1
3221,0,1,0,0,-1,-1,-1
3222,0,-1,0,0,0,1,-1
3223,0,1,0,0,-1,-1,-1
3224,0,-1,0,0,-1,1,-1
3225,0,-1,0,0,-1,-1,1
3226,0,-1,0,0,0,1,0
3227,0,1,0,0,1,0,-1
3228,0,1,0,0,1,1,0
3229,0,-1,0,0,-1,-1,-1
3230,0,-1,0,0,0,1,-1
3231,0,-1,0,0,1,1,-1
3232,0,1,0,0,1,1,-1
3233,0,-1,0,0,1,1,-1
3234,0,-1,0,0,1,1,-1
3235,0,-1,0,0,1,-1,-1
3236,0,1,0,0,1,1,-1
3237,0,1,0,0,1,1,-1
3238,0,-1,0,0,0,-1,-1
3239,0,-1,1,0,0,-1,-1
3240,0,-1,0,0,-1,-1,-1
3241,0,1,0,0,1,1,-1
3242,0,-1,0,0,0,1,-1
3243,0,-1,0,0,1,0,-1
3244,0,1,0,0,-1,-1,0
3245,0,1,0,0,1,1,-1
3246,0,-1,0,0,1,1,-1
3247,0,1,0,0,1,-1,0
3248,0,1,0,0,0,-1,-1
3249,0,-1,0,0,0,-1,-1
3250,0,1,0,0,1,1,-1
3251,0,1,0,0,1,-1,1
3252,0,-1,0,0,1,1,1
3253,0,1,0,0,1,1,0
3254,0,-1,0,0,0,-1,-1
3255,0,-1,0,0,0,-1,-1
3256,0,-1,0,0,0,1,-1
3257,0,-1,0,0,0,-1,-1
3258,0,-1,0,-1,1,-1,-1
3259,0,-1,0,0,0,-1,-1
3260,0,-1,0,0,0,-1,-1
3261,0,-1,0,0,0,1,0
3262,0,-1,0,0,0,1,0
3263,0,-1,0,0,-1,-1,-1
3264,0,-1,0,0,1,1,-1
3265,0,1,0,0,0,1,-1
3266,0,-1,0,-1,1,1,-1
3267,0,1,0,0,0,-1,-1
3268,0,-1,0,0,-1,-1,-1
3269,0,-1,0,0,0,1,-1
3270,0,-1,0,0,1,1,-1
3271,0,-1,0,0,0,1,-1
3272,0,-1,0,0,1,-1,0
3273,0,1,0,0,1,-1,-1
3274,0,1,0,0,1,1,-1
3275,0,-1,0,0,0,-1,-1
3276,0,-1,0,0,0,1,-1
3277,0,1,0,0,1,1,0
3278,0,1,0,0,0,-1,-1
3279,0,1,1,0,0,1,-1
3280,0,-1,0,0,0,1,-1
3281,0,1,0,0,1,1,-1
3282,0,1,-1,0,-1,-1,0
3283,0,1,0,0,-1,1,1
3284,0,1,0,0,1,1,-1
3285,0,1,0,0,-1,1,-1
3286,0,1,0,0,1,1,-1
3287,0,-1,0,0,0,1,-1
3288,0,1,1,0,0,1,-1
3289,0,1,0,0,-1,-1,-1
3290,0,-1,0,0,0,-1,0
3291,0,1,0,0,1,1,-1
3292,0,-1,1,0,-1,-1,0
3293,0,-1,0,0,-1,-1,-1
3294,0,1,0,0,1,1,-1
3295,0,-1,0,0,1,-1,-1
3296,0,-1,0,0,0,1,-1
3297,0,-1,0,0,-1,-1,-1
3298,0,-1,0,0,1,1,-1
3299,0,-1,0,1,0,1,-1
3300,0,-1,0,0,1,1,-1
3301,0,-1,0,0,1,1,-1
3302,0,-1,0,0,1,-1,1
3303,0,-1,0,-1,0,-1,0
3304,0,-1,0,0,1,1,-1
3305,0,1,0,0,-1,-1,-1
3306,0,-1,0,0,1,-1,-1
3307,0,-1,0,0,1,1,-1
3308,0,1,0,0,0,1,-1
3309,0,1,0,0,1,-1,-1
3310,0,-1,0,0,0,1,0
3311,0,1,0,0,0,0,-1
3312,0,-1,0,0,0,1,-1
3313,0,1,0,0,1,-1,-1
3314,0,1,0,0,1,1,-1
3315,0,1,0,0,1,1,0
3316,0,-1,0,0,1,1,-1
3317,0,-1,0,0,-1,-1,0
3318,0,-1,0,0,-1,-1,-1
3319,0,1,0,0,0,-1,0
3320,0,-1,0,0,0,1,-1
3321,0,1,0,0,1,1,-1
3322,0,-1,0,0,1,-1,-1
3323,0,-1,1,0,0,1,0
3324,0,1,0,0,-1,-1,0
3325,0,-1,0,0,-1,-1,0
3326,0,-1,0,0,0,1,-1
3327,0,-1,0,0,-1,-1,-1
3328,0,-1,0,0,-1,-1,-1
3329,0,1,0,0,0,1,-1
3330,0,-1,0,0,1,1,-1
3331,0,-1,0,0,1,-1,-1
3332,0,-1,0,0,0,1,0
3333,0,-1,0,0,-1,1,-1
3334,0,1,0,0,0,-1,-1
3335,0,1,0,0,0,1,-1
3336,0,-1,0,0,1,1,-1
3337,0,1,0,0,0,-1,0
3338,0,-1,0,0,-1,-1,0
3339,0,1,0,0,-1,-1,-1
3340,0,-1,0,0,-1,-1,-1
3341,0,-1,0,0,1,-1,-1
3342,0,1,0,0,-1,-1,-1
3343,0,-1,0,0,0,1,-1
3344,0,-1,0,0,1,1,0
3345,0,-1,0,0,1,1,0
3346,0,-1,0,0,1,1,-1
3347,0,-1,0,0,0,1,0
3348,0,-1,0,0,-1,-1,0
3349,0,1,0,0,1,1,-1
3350,0,1,1,0,0,-1,-1
3351,0,1,0,0,1,-1,-1
3352,0,1,0,0,0,1,0
3353,0,-1,0,0,0,-1,-1
3354,0,-1,0,0,1,-1,0
3355,0,-1,0,0,-1,-1,0
3356,0,-1,0,0,1,-1,-1
3357,0,1,0,0,1,1,-1
3358,0,-1,0,0,0,1,-1
3359,0,-1,0,0,-1,-1,-1
3360,0,1,0,0,1,1,-1
3361,0,1,0,0,-1,-1,-1
3362,0,1,0,0,-1,-1,-1
3363,0,-1,0,-1,-1,-1,0
3364,0,-1,1,0,0,1,0
3365,0,-1,0,0,0,1,0
3366,0,-1,0,0,-1,-1,-1
3367,0,-1,0,0,1,1,-1
3368,0,-1,0,0,-1,-1,-1
3369,0,-1,1,0,0,1,0
3370,0,-1,-1,0,1,1,-1
3371,0,1,0,0,0,1,-1
3372,0,-1,0,0,-1,-1,-1
3373,0,-1,0,0,0,1,-1
3374,0,-1,0,0,-1,-1,0
3375,0,-1,0,0,0,-1,-1
3376,0,-1,0,0,0,1,-1
3377,0,1,0,0,-1,1,-1
3378,0,-1,0,0,0,-1,-1
3379,0,1,0,0,0,1,-1
3380,0,1,0,0,0,-1,-1
3381,0,1,-1,0,0,1,-1
3382,0,-1,0,0,1,1,0
3383,0,1,0,0,1,1,-1
3384,0,1,0,0,0,1,-1
3385,0,1,0,0,-1,-1,-1
3386,0,-1,0,0,-1,-1,0
3387,0,1,1,0,0,1,0
3388,0,-1,0,0,-1,-1,-1
3389,0,1,0,0,0,-1,-1
3390,0,-1,0,0,-1,-1,-1
3391,0,1,0,0,0,1,-1
3392,0,-1,1,0,0,1,0
3393,0,1,0,0,1,-1,-1
3394,0,-1,0,0,-1,-1,-1
3395,0,1,0,0,1,-1,-1
3396,0,-1,0,0,-1,-1,-1
3397,0,-1,0,0,0,1,-1
3398,0,1,0,0,0,-1,-1
3399,0,-1,0,0,-1,-1,-1
3400,0,-1,0,1,0,-1,0
3401,0,-1,1,0,0,-1,0
3402,0,1,0,0,-1,-1,-1
3403,0,-1,0,0,0,1,-1
3404,0,1,0,0,1,-1,-1
3405,0,-1,0,0,-1,-1,0
3406,0,-1,0,-1,0,-1,0
3407,0,-1,0,0,0,1,-1
3408,0,-1,0,0,0,1,-1
3409,0,1,0,0,1,-1,-1
3410,0,1,0,0,1,1,1
3411,0,-1,0,0,-1,-1,-1
3412,0,-1,0,0,0,1,-1
3413,0,1,0,0,1,-1,-1
3414,0,-1,0,0,0,1,-1
3415,0,1,0,0,1,1,-1
3416,0,1,0,0,1,1,-1
3417,0,1,0,0,1,-1,-1
3418,0,-1,0,0,1,-1,-1
3419,0,1,0,0,-1,-1,-1
3420,0,1,0,0,-1,-1,-1
3421,0,1,0,0,1,-1,-1
3422,0,1,0,0,0,1,-1
3423,0,-1,0,0,1,1,-1
3424,0,-1,0,0,-1,-1,1
3425,0,0,0,0,-1,-1,0
3426,0,-1,0,0,-1,-1,-1
3427,0,-1,0,0,-1,1,-1
3428,0,-1,-1,0,0,-1,0
3429,0,-1,0,0,1,-1,1
3430,0,0,0,0,0,1,-1
3431,0,1,-1,0,0,1,-1
3432,0,-1,0,0,0,1,-1
3433,0,-1,0,-1,-1,-1,-1
3434,0,1,0,0,0,1,-1
3435,0,-1,0,0,0,-1,0
3436,0,-1,0,0,-1,-1,-1
3437,0,1,0,0,0,-1,-1
3438,0,-1,0,0,0,-1,-1
3439,0,-1,0,0,-1,-1,-1
3440,0,-1,0,0,-1,1,-1
3441,0,0,0,0,0,1,-1
3442,0,-1,0,0,1,-1,-1
3443,0,1,0,-1,-1,0,-1
3444,0,1,0,0,-1,-1,-1
3445,0,-1,0,0,-1,-1,-1
3446,0,-1,0,0,1,1,-1
3447,0,-1,0,0,1,-1,0
3448,0,-1,0,0,0,-1,0
3449,0,-1,0,0,1,-1,-1
3450,0,1,0,0,0,-1,0
3451,0,1,0,0,1,1,-1
3452,0,1,0,0,0,-1,-1
3453,0,1,0,0,1,1,-1
3454,0,-1,0,0,0,-1,-1
3455,0,-1,0,0,-1,-1,-1
3456,0,1,0,0,0,1,-1
3457,0,1,1,0,0,1,-1
3458,0,1,0,0,0,1,-1
3459,0,1,1,0,0,1,-1
3460,0,-1,0,0,1,-1,-1
3461,0,-1,0,0,1,1,-1
3462,0,-1,0,0,-1,-1,-1
3463,0,-1,0,0,0,-1,0
3464,0,-1,0,0,-1,-1,-1
3465,0,-1,0,0,1,1,0
3466,0,-1,0,0,0,1,-1
3467,0,1,0,0,0,1,-1
3468,0,1,0,0,0,1,-1
3469,0,-1,0,0,1,-1,-1
3470,0,1,0,0,-1,-1,-1
3471,0,-1,0,0,1,1,-1
3472,0,1,-1,0,0,-1,-1
3473,0,-1,0,0,1,-1,-1
3474,0,-1,0,0,-1,-1,-1
3475,0,1,0,0,1,-1,-1
3476,0,1,0,0,1,-1,-1
3477,0,1,0,0,1,1,-1
3478,0,-1,0,0,-1,-1,0
3479,0,-1,-1,-1,-1,-1,-1
3480,0,1,0,0,0,-1,-1
3481,0,1,-1,0,1,1,-1
3482,0,-1,0,0,-1,0,0
3483,0,-1,0,0,0,-1,-1
3484,0,-1,0,0,-1,-1,-1
3485,0,1,0,0,1,1,1
3486,0,-1,0,0,-1,-1,1
3487,0,0,0,0,0,-1,-1
3488,0,1,0,0,1,1,-1
3489,0,1,0,0,-1,-1,-1
3490,0,1,0,0,1,1,-1
3491,0,-1,0,0,1,1,0
3492,0,-1,1,0,-1,-1,-1
3493,0,1,0,0,0,1,-1
3494,0,-1,0,0,-1,-1,-1
3495,0,1,0,0,0,-1,0
3496,0,-1,0,0,-1,-1,-1
3497,0,1,0,0,1,-1,-1
3498,0,1,0,0,1,-1,-1
3499,0,-1,0,0,0,-1,-1
3500,0,0,0,0,0,1,-1
3501,0,-1,0,0,-1,-1,-1
3502,0,1,0,0,1,-1,0
3503,0,1,1,0,-1,-1,0
3504,0,-1,0,0,-1,-1,-1
3505,0,1,0,0,-1,1,-1
3506,0,-1,0,-1,-1,-1,-1
3507,0,1,0,0,1,-1,-1
3508,0,-1,0,0,1,-1,0
3509,0,-1,0,0,1,1,-1
3510,0,-1,0,0,0,1,-1
3511,0,-1,0,0,0,-1,-1
3512,0,-1,0,0,-1,-1,1
3513,0,1,0,0,-1,-1,-1
3514,0,-1,0,0,0,-1,0
3515,0,-1,0,0,0,-1,-1
3516,0,-1,0,0,-1,-1,0
3517,0,-1,0,0,-1,-1,-1
3518,0,1,0,-1,-1,-1,0
3519,0,0,0,0,0,-1,-1
3520,0,-1,0,0,1,1,-1
3521,0,-1,0,0,0,1,1
3522,0,1,0,0,-1,1,-1
3523,0,-1,0,0,-1,-1,-1
3524,0,1,0,0,1,1,-1
3525,0,1,0,1,0,1,-1
3526,0,-1,0,0,0,1,-1
3527,0,-1,0,0,0,1,-1
3528,0,1,0,0,1,1,-1
3529,0,-1,-1,-1,0,-1,-1
3530,0,1,0,0,0,-1,0
3531,0,1,0,0,1,1,-1
3532,0,-1,0,0,-1,-1,-1
3533,0,-1,1,0,-1,-1,-1
3534,0,-1,0,0,0,1,-1
3535,0,-1,0,0,-1,-1,-1
3536,0,-1,0,-1,-1,-1,-1
3537,0,1,0,0,0,-1,-1
3538,0,1,0,0,1,1,-1
3539,0,-1,0,0,0,1,0
3540,0,1,0,0,1,-1,-1
3541,0,-1,0,0,1,-1,-1
3542,0,1,0,-1,0,1,0
3543,0,1,0,0,0,1,0
3544,0,1,0,0,1,1,1
3545,0,1,0,0,0,1,0
3546,0,-1,0,0,1,1,-1
3547,0,1,0,0,-1,-1,-1
3548,0,-1,0,0,0,1,-1
3549,0,-1,0,0,1,1,-1
3550,0,1,1,0,0,1,0
3551,0,1,0,0,1,1,-1
3552,0,1,0,0,-1,-1,0
3553,0,1,0,0,0,1,0
3554,0,-1,0,0,-1,-1,-1
3555,0,1,0,0,-1,-1,-1
3556,0,-1,1,0,0,1,-1
3557,0,-1,0,0,-1,-1,-1
3558,0,1,0,0,1,1,-1
3559,0,-1,0,0,0,1,-1
3560,0,-1,1,0,0,-1,0
3561,0,1,0,0,1,1,-1
3562,0,1,0,0,0,1,1
3563,0,1,0,0,-1,1,-1
3564,0,1,1,0,0,1,0
3565,0,1,0,0,0,1,-1
3566,0,-1,0,0,-1,-1,-1
3567,0,1,0,0,1,1,1
3568,0,1,0,0,1,-1,-1
3569,0,1,0,0,0,-1,0
3570,0,-1,1,0,0,-1,-1
3571,0,1,0,0,0,1,-1
3572,0,-1,0,0,1,1,-1
3573,0,-1,0,0,0,-1,-1
3574,0,1,0,0,1,-1,0
3575,0,-1,0,0,0,-1,0
3576,0,1,0,0,1,1,-1
3577,0,-1,1,0,0,-1,-1
3578,0,-1,0,0,-1,-1,0
3579,0,-1,0,0,0,1,0
3580,0,-1,1,0,-1,-1,0
3581,0,1,0,0,1,-1,-1
3582,0,1,0,0,1,1,0
3583,0,-1,0,0,1,1,0
3584,0,-1,0,-1,-1,-1,-1
3585,0,1,0,1,-1,1,-1
3586,0,-1,-1,0,1,-1,1
3587,0,-1,0,0,1,1,1
3588,0,1,0,0,-1,-1,-1
3589,0,-1,0,0,1,1,-1
3590,0,1,0,0,1,1,-1
3591,0,-1,0,0,1,1,-1
3592,0,1,0,0,1,1,-1
3593,0,1,0,0,0,-1,0
3594,0,1,0,0,0,-1,0
3595,0,1,0,0,-1,-1,-1
3596,0,-1,0,0,1,1,-1
3597,0,-1,0,0,-1,-1,-1
3598,0,1,0,0,1,1,-1
3599,0,1,-1,0,-1,-1,-1
3600,0,1,0,0,1,1,-1
3601,0,-1,0,0,1,-1,-1
3602,0,1,0,0,-1,-1,1
3603,0,-1,0,0,1,-1,-1
3604,0,1,0,0,1,-1,-1
3605,0,-1,0,0,-1,-1,-1
3606,0,-1,0,0,-1,-1,-1
3607,0,1,0,0,1,1,0
3608,0,-1,0,0,0,-1,-1
3609,0,-1,-1,0,-1,-1,-1
3610,0,1,0,0,0,1,0
3611,0,-1,0,0,-1,-1,0
3612,0,-1,0,0,1,-1,0
3613,0,1,0,0,1,1,-1
3614,0,-1,0,0,0,-1,0
3615,0,-1,0,0,-1,-1,0
3616,0,1,0,0,1,1,0
3617,0,1,0,0,0,-1,0
3618,0,1,0,1,0,1,-1
3619,0,1,0,0,1,1,-1
3620,0,1,0,0,0,-1,-1
3621,0,-1,0,-1,-1,-1,0
3622,0,-1,0,0,0,-1,-1
3623,0,-1,0,0,1,1,0
3624,0,-1,0,0,1,1,-1
3625,0,-1,0,0,-1,-1,0
3626,0,-1,0,0,1,1,-1
3627,0,-1,0,0,-1,1,-1
3628,0,1,0,0,0,1,-1
3629,0,-1,1,0,0,-1,-1
3630,0,-1,0,0,1,1,-1
3631,0,-1,0,0,-1,-1,-1
3632,0,-1,0,0,0,-1,-1
3633,0,-1,0,0,-1,-1,-1
3634,0,-1,0,0,1,-1,-1
3635,0,1,0,0,1,1,-1
3636,0,-1,0,0,0,-1,-1
3637,0,-1,0,0,0,1,-1
3638,0,1,0,0,0,-1,-1
3639,0,-1,0,0,-1,-1,-1
3640,0,1,0,0,-1,1,0
3641,0,1,0,0,0,1,-1
3642,0,-1,0,0,0,1,-1
3643,0,1,0,0,1,-1,-1
3644,0,-1,0,0,1,1,-1
3645,0,0,0,0,0,1,-1
3646,0,-1,0,0,-1,-1,0
3647,0,-1,0,0,0,1,-1
3648,0,-1,1,0,-1,-1,-1
3649,0,-1,0,0,-1,1,-1
3650,0,-1,0,0,1,1,-1
3651,0,1,1,0,0,1,-1
3652,0,-1,0,0,0,-1,-1
3653,0,1,0,0,0,1,0
3654,0,-1,0,0,0,1,0
3655,0,-1,0,0,0,1,-1
3656,0,1,0,0,0,-1,-1
3657,0,1,0,0,0,1,0
3658,0,-1,0,0,-1,-1,-1
3659,0,-1,0,0,0,-1,0
3660,0,1,0,0,0,1,-1
3661,0,1,0,0,0,1,0
3662,0,-1,0,0,-1,-1,0
3663,0,-1,0,0,1,1,-1
3664,0,-1,0,0,-1,-1,0
3665,0,-1,0,0,1,1,-1
3666,0,1,0,0,1,-1,-1
3667,0,1,0,0,-1,-1,-1
3668,0,1,1,0,0,-1,0
3669,0,1,0,0,1,1,1
3670,0,1,0,0,0,1,-1
3671,0,1,0,0,1,1,0
3672,0,-1,0,0,1,-1,-1
3673,0,-1,0,0,1,1,0
3674,0,-1,0,0,1,1,-1
3675,0,1,0,0,1,1,-1
3676,0,-1,0,0,0,-1,0
3677,0,1,0,0,1,1,-1
3678,0,-1,0,0,-1,-1,-1
3679,0,-1,0,0,-1,-1,-1
3680,0,-1,0,0,-1,-1,-1
3681,0,1,0,0,-1,1,-1
3682,0,-1,0,0,0,-1,-1
3683,0,1,0,0,0,-1,-1
3684,0,1,0,0,0,1,0
3685,0,-1,0,0,0,1,0
3686,0,1,0,0,-1,-1,-1
3687,0,-1,0,0,-1,-1,-1
3688,0,-1,0,0,1,1,0
3689,0,1,0,0,1,-1,-1
3690,0,1,0,0,1,1,-1
3691,0,1,0,0,0,1,0
3692,0,1,0,0,1,-1,-1
3693,0,-1,1,0,0,-1,-1
3694,0,1,1,0,0,-1,0
3695,0,-1,0,0,1,1,0
3696,0,-1,0,0,-1,-1,-1
3697,0,-1,0,0,0,1,0
3698,0,-1,0,0,-1,-1,-1
3699,0,-1,0,0,1,-1,-1
3700,0,1,0,0,0,1,-1
3701,0,-1,0,0,1,1,-1
3702,0,1,0,0,1,1,-1
3703,0,1,0,0,0,1,1
3704,0,1,1,0,0,1,-1
3705,0,-1,0,0,-1,-1,-1
3706,0,-1,0,0,-1,-1,0
3707,0,1,0,0,1,1,0
3708,0,1,0,0,1,1,-1
3709,0,1,0,0,1,1,-1
3710,0,-1,0,0,-1,-1,-1
3711,0,-1,0,0,1,1,-1
3712,0,-1,0,0,0,-1,-1
3713,0,-1,0,0,1,1,-1
3714,0,1,0,0,0,-1,-1
3715,0,1,0,0,0,1,-1
3716,0,-1,0,0,-1,-1,-1
3717,0,-1,0,0,0,0,-1
3718,0,-1,0,0,-1,1,1
3719,0,-1,0,0,-1,-1,-1
3720,0,1,1,0,-1,-1,-1
3721,0,-1,0,0,1,1,-1
3722,0,1,-1,0,1,1,-1
3723,0,1,0,0,1,1,-1
3724,0,1,0,0,1,1,-1
3725,0,1,0,0,0,1,-1
3726,0,1,0,0,1,1,-1
3727,0,1,0,0,0,-1,-1
3728,0,1,0,0,0,-1,-1
3729,0,1,0,0,1,-1,0
3730,0,-1,0,0,-1,-1,-1
3731,0,-1,0,0,1,1,-1
3732,0,1,1,0,0,1,0
3733,0,1,0,0,0,-1,0
3734,0,1,0,0,1,1,-1
3735,0,-1,0,0,0,1,0
3736,0,1,0,0,-1,-1,-1
3737,0,1,0,0,1,1,-1
3738,0,1,0,0,-1,0,-1
3739,0,-1,0,0,0,-1,0
3740,0,-1,0,0,1,1,-1
3741,0,1,0,0,0,1,-1
3742,0,1,0,0,1,1,-1
3743,0,1,0,0,-1,-1,-1
3744,0,-1,0,0,1,-1,-1
3745,0,1,0,0,1,-1,-1
3746,0,-1,0,0,-1,-1,-1
3747,0,-1,-1,0,-1,-1,0
3748,0,-1,-1,0,-1,-1,-1
3749,0,1,0,0,0,1,-1
3750,0,-1,0,0,1,1,-1
3751,0,-1,0,0,1,-1,-1
3752,0,1,-1,0,0,1,0
3753,0,-1,0,0,-1,-1,-1
3754,0,-1,0,0,1,1,0
3755,0,-1,0,0,1,1,-1
3756,0,-1,0,0,0,-1,-1
3757,0,-1,0,0,1,-1,0
3758,0,1,0,0,1,1,-1
3759,0,1,0,0,1,-1,-1
3760,0,-1,0,0,1,1,-1
3761,0,1,0,0,0,0,-1
3762,0,1,0,0,1,-1,0
3763,0,-1,0,0,-1,1,0
3764,0,1,0,0,1,1,-1
3765,0,-1,0,0,1,1,0
3766,0,1,0,0,1,-1,-1
3767,0,1,0,0,1,1,0
3768,0,1,0,0,0,-1,0
3769,0,-1,0,0,-1,-1,-1
3770,0,-1,0,0,-1,-1,-1
3771,0,1,0,0,1,1,-1
3772,0,-1,0,0,0,-1,-1
3773,0,-1,0,0,0,1,0
3774,0,-1,0,0,1,1,-1
3775,0,1,0,0,0,1,0
3776,0,-1,0,0,-1,-1,-1
3777,0,1,0,0,-1,-1,0
3778,0,1,0,0,1,0,-1
3779,0,-1,0,0,0,-1,-1
3780,0,1,0,0,0,-1,-1
3781,0,-1,0,0,1,1,-1
3782,0,1,0,0,-1,1,1
3783,0,-1,0,0,1,1,-1
3784,0,1,0,0,0,1,-1
3785,0,-1,0,0,0,-1,-1
3786,0,1,0,0,0,-1,0
3787,0,1,0,0,0,1,0
3788,0,1,0,0,1,1,0
3789,0,-1,0,0,0,1,-1
3790,0,1,0,0,0,1,-1
3791,0,-1,0,0,1,1,-1
3792,0,1,0,0,1,-1,-1
3793,0,1,0,0,1,-1,-1
3794,0,-1,0,0,1,-1,-1
3795,0,-1,0,1,0,-1,-1
3796,0,1,0,0,1,1,-1
3797,0,-1,0,0,1,-1,-1
3798,0,-1,0,0,0,1,0
3799,0,-1,0,0,1,-1,-1
3800,0,1,0,0,0,1,0
3801,0,1,0,0,0,1,-1
3802,0,-1,0,0,1,1,-1
3803,0,-1,0,0,-1,-1,-1
3804,0,-1,0,1,0,-1,-1
3805,0,-1,0,0,0,1,0
3806,0,-1,0,0,1,-1,-1
3807,0,-1,0,0,0,1,1
3808,0,-1,0,0,-1,-1,-1
3809,0,-1,0,0,0,0,-1
3810,0,-1,0,0,-1,-1,-1
3811,0,-1,0,0,-1,-1,0
3812,0,-1,0,0,0,1,-1
3813,0,-1,0,-1,0,-1,-1
3814,0,-1,0,0,1,1,-1
3815,0,1,1,0,0,1,-1
3816,0,-1,0,0,1,1,0
3817,0,-1,0,0,0,-1,0
3818,0,-1,0,0,0,1,-1
3819,0,-1,0,0,1,1,-1
3820,0,-1,0,0,-1,-1,-1
3821,0,1,1,0,0,1,-1
3822,0,-1,0,0,0,-1,0
3823,0,-1,0,0,1,-1,-1
3824,0,-1,0,0,1,1,-1
3825,0,-1,0,0,1,1,0
3826,0,1,1,0,0,1,-1
3827,0,-1,1,0,0,-1,-1
3828,0,-1,0,0,1,1,-1
3829,0,1,1,0,0,1,0
3830,0,1,0,0,1,-1,-1
3831,0,-1,0,0,-1,-1,-1
3832,0,1,0,0,0,-1,-1
3833,0,-1,0,0,-1,-1,-1
3834,0,-1,0,0,-1,1,0
3835,0,-1,0,0,1,-1,-1
3836,0,-1,0,0,0,1,-1
3837,0,-1,0,0,0,-1,0
3838,0,-1,0,0,0,-1,0
3839,0,1,0,0,1,1,-1
3840,0,1,0,0,1,1,-1
3841,0,-1,0,0,-1,-1,-1
3842,0,1,0,0,-1,-1,-1
3843,0,1,0,0,0,1,-1
3844,0,1,0,0,1,1,-1
3845,0,1,0,0,1,-1,0
3846,0,1,0,0,0,1,-1
3847,0,-1,0,0,1,-1,-1
3848,0,-1,0,0,-1,-1,-1
3849,0,1,1,0,0,1,0
3850,0,1,0,0,1,1,0
3851,0,-1,0,0,1,-1,-1
3852,0,-1,0,0,0,-1,-1
3853,0,-1,0,0,-1,-1,-1
3854,0,-1,0,0,0,-1,-1
3855,0,-1,0,0,1,0,-1
3856,0,1,0,0,1,-1,-1
3857,0,1,0,0,1,1,-1
3858,0,-1,0,0,1,1,-1
3859,0,-1,0,0,1,-1,-1
3860,0,1,0,0,0,-1,-1
3861,0,-1,0,0,0,1,0
3862,0,-1,0,0,-1,-1,-1
3863,0,-1,0,0,1,1,-1
3864,0,1,0,0,1,-1,0
3865,0,-1,0,0,1,-1,-1
3866,0,-1,0,0,1,1,-1
3867,0,1,0,0,1,1,0
3868,0,-1,0,0,1,1,1
3869,0,-1,0,0,1,-1,-1
3870,0,1,0,0,1,-1,-1
3871,0,-1,0,0,-1,-1,-1
3872,0,1,0,0,1,-1,-1
3873,0,1,0,0,1,1,-1
3874,0,-1,0,0,0,1,-1
3875,0,-1,0,0,-1,-1,-1
3876,0,1,0,0,-1,-1,0
3877,0,-1,0,0,-1,-1,-1
3878,0,-1,0,0,0,1,-1
3879,0,-1,0,0,0,1,-1
3880,0,1,0,0,-1,-1,-1
3881,0,1,0,0,1,1,-1
3882,0,1,0,0,1,-1,-1
3883,0,-1,0,0,1,-1,0
3884,0,-1,0,0,1,1,-1
3885,0,-1,0,0,1,1,-1
3886,0,1,0,0,1,-1,-1
3887,0,1,0,0,1,1,-1
3888,0,-1,0,0,1,1,1
3889,0,-1,0,-1,0,1,-1
3890,0,1,0,0,1,1,-1
3891,0,1,0,0,1,0,1
3892,0,-1,0,0,0,-1,0
3893,0,-1,0,0,0,-1,0
3894,0,-1,0,0,-1,-1,-1
3895,0,-1,0,0,-1,-1,0
3896,0,1,0,0,0,1,-1
3897,0,1,0,0,1,-1,-1
3898,0,-1,1,0,-1,-1,-1
3899,0,-1,0,0,0,1,0
3900,0,-1,0,0,-1,-1,0
3901,0,-1,0,0,0,1,-1
3902,0,-1,0,0,1,1,-1
3903,0,-1,0,0,1,1,-1
3904,0,-1,0,0,0,1,-1
3905,0,-1,0,0,1,1,-1
3906,0,1,0,0,1,1,-1
3907,0,-1,0,0,0,-1,0
3908,0,1,0,0,1,1,-1
3909,0,-1,0,0,1,1,-1
3910,0,-1,0,0,1,1,-1
3911,0,1,0,0,0,1,-1
3912,0,1,0,0,0,0,-1
3913,0,-1,0,0,0,1,-1
3914,0,1,0,0,1,1,0
3915,0,-1,0,0,-1,-1,-1
3916,0,1,0,0,-1,-1,-1
3917,0,-1,0,0,1,1,-1
3918,0,1,0,0,1,1,-1
3919,0,1,0,0,0,1,-1
3920,0,-1,0,0,0,1,0
3921,0,-1,0,0,-1,-1,-1
3922,0,-1,0,0,0,1,-1
3923,0,-1,0,0,1,1,-1
3924,0,-1,0,0,0,1,-1
3925,0,1,0,0,1,-1,-1
3926,0,1,1,0,0,-1,-1
3927,0,-1,0,0,1,1,0
3928,0,1,0,0,0,1,-1
3929,0,-1,0,0,0,1,-1
3930,0,-1,0,0,1,1,0
3931,0,1,0,-1,-1,-1,-1
3932,0,1,0,0,1,-1,-1
3933,0,1,0,0,-1,-1,-1
3934,0,-1,0,0,1,-1,-1
3935,0,1,0,0,0,1,0
3936,0,-1,0,0,1,1,-1
3937,0,-1,0,0,-1,-1,-1
3938,0,-1,1,0,0,-1,-1
3939,0,1,0,0,1,1,-1
3940,0,-1,0,0,-1,-1,-1
3941,0,-1,0,0,0,1,-1
3942,0,1,0,0,-1,-1,-1
3943,0,-1,0,0,1,1,-1
3944,0,-1,1,0,-1,-1,-1
3945,0,-1,0,0,-1,-1,0
3946,0,1,0,0,1,-1,1
3947,0,1,0,0,0,1,0
3948,0,-1,0,0,1,-1,-1
3949,0,1,0,0,-1,-1,0
3950,0,-1,0,0,-1,-1,0
3951,0,-1,0,0,1,1,0
3952,0,-1,0,0,1,1,0
3953,0,1,0,0,1,1,-1
3954,0,1,0,1,-1,-1,-1
3955,0,1,0,0,1,1,-1
3956,0,-1,0,0,0,-1,-1
3957,0,-1,0,0,-1,-1,-1
3958,0,-1,0,0,1,0,0
3959,0,-1,0,0,1,-1,-1
3960,0,-1,0,0,0,-1,-1
3961,0,1,0,0,0,-1,0
3962,0,1,0,0,0,1,-1
3963,0,-1,0,0,0,1,0
3964,0,1,1,0,0,1,-1
3965,0,1,0,0,-1,1,-1
3966,0,-1,0,0,-1,-1,-1
3967,0,-1,0,0,-1,-1,0
3968,0,-1,0,0,-1,-1,-1
3969,0,-1,0,0,1,1,0
3970,0,-1,0,0,1,1,-1
3971,0,-1,0,0,-1,-1,1
3972,0,-1,0,0,-1,-1,-1
3973,0,-1,0,0,-1,-1,-1
3974,0,-1,0,0,-1,-1,-1
3975,0,-1,0,0,0,-1,-1
3976,0,-1,0,0,0,-1,-1
3977,0,1,0,0,1,1,-1
3978,0,-1,0,0,1,-1,-1
3979,0,-1,0,0,0,1,0
3980,0,-1,0,0,1,1,0
3981,0,1,0,0,0,1,0
3982,0,-1,0,0,-1,-1,-1
3983,0,-1,0,0,0,1,0
3984,0,1,-1,-1,0,-1,-1
3985,0,-1,0,0,0,1,-1
3986,0,1,-1,-1,-1,-1,1
3987,0,1,0,0,1,1,0
3988,0,1,1,0,-1,-1,0
3989,0,1,0,0,0,1,-1
3990,0,1,0,0,1,-1,-1
3991,0,1,0,0,1,-1,-1
3992,0,1,0,0,0,1,0
3993,0,1,0,0,0,1,-1
3994,0,-1,0,0,1,-1,-1
3995,0,-1,0,0,-1,-1,-1
3996,0,-1,0,0,1,0,-1
3997,0,1,0,0,1,1,-1
3998,0,-1,0,0,-1,-1,1
3999,0,1,0,0,-1,-1,-1
4000,0,-1,0,0,-1,-1,-1
4001,0,1,0,0,-1,1,-1
4002,0,1,0,0,1,-1,-1
4003,0,1,0,0,-1,-1,-1
4004,0,-1,0,0,1,-1,0
4005,0,1,0,0,0,1,-1
4006,0,-1,0,0,1,-1,-1
4007,0,-1,0,0,1,1,0
4008,0,-1,0,0,-1,-1,-1
4009,0,1,0,0,1,-1,0
4010,0,-1,0,0,0,-1,-1
4011,0,-1,0,0,0,-1,-1
4012,0,-1,-1,0,-1,-1,0
4013,0,-1,0,0,1,1,-1
4014,0,-1,0,0,1,1,0
4015,0,-1,0,0,-1,-1,-1
4016,0,-1,0,0,-1,-1,-1
4017,0,-1,0,0,0,1,-1
4018,0,1,0,0,1,1,-1
4019,0,1,0,0,1,-1,0
4020,0,-1,-1,0,1,-1,-1
4021,0,1,0,0,-1,-1,1
4022,0,-1,0,0,1,-1,-1
4023,0,-1,0,0,-1,-1,-1
4024,0,-1,0,0,0,-1,-1
4025,0,-1,0,0,-1,-1,-1
4026,0,1,0,0,0,-1,-1
4027,0,-1,0,0,1,1,-1
4028,0,-1,1,0,-1,-1,-1
4029,0,1,0,0,1,-1,-1
4030,0,-1,0,0,-1,-1,-1
4031,0,-1,0,0,-1,-1,-1
4032,0,1,0,0,1,-1,-1
4033,0,1,0,0,1,1,0
4034,0,-1,0,0,-1,-1,-1
4035,0,-1,0,0,1,-1,0
4036,0,-1,0,0,1,-1,-1
4037,0,-1,0,0,1,-1,0
4038,0,1,0,0,-1,-1,-1
4039,0,1,0,0,1,1,-1
4040,0,1,1,0,1,1,-1
4041,0,1,0,0,1,1,-1
4042,0,1,0,0,1,1,-1
4043,0,1,0,0,-1,-1,-1
4044,0,-1,0,0,-1,-1,-1
4045,0,1,0,0,1,1,-1
4046,0,1,0,0,1,1,-1
4047,0,-1,0,0,-1,-1,-1
4048,0,-1,0,0,0,-1,-1
4049,0,-1,0,0,0,1,-1
4050,0,-1,0,0,1,1,-1
4051,0,-1,1,0,0,-1,-1
4052,0,-1,0,0,1,1,0
4053,0,-1,0,0,1,1,0
4054,0,1,0,0,1,1,0
4055,0,-1,0,0,1,1,0
4056,0,-1,0,0,1,1,-1
4057,0,-1,0,0,1,-1,-1
4058,0,0,0,0,-1,-1,-1
4059,0,-1,0,0,1,1,-1
4060,0,1,-1,-1,0,1,0
4061,0,1,0,0,1,1,-1
4062,0,1,0,-1,-1,-1,-1
4063,0,-1,0,0,-1,-1,-1
4064,0,-1,0,0,1,-1,0
4065,0,-1,0,0,0,1,-1
4066,0,1,0,0,1,1,-1
4067,0,-1,0,0,-1,-1,-1
4068,0,-1,0,0,1,1,-1
4069,0,-1,0,0,1,-1,-1
4070,0,1,0,0,1,1,-1
4071,0,-1,0,0,1,1,0
4072,0,-1,0,0,-1,-1,0
4073,0,1,0,0,0,-1,0
4074,0,1,0,0,0,1,-1
4075,0,1,0,0,1,-1,-1
4076,0,-1,0,0,1,1,0
4077,0,1,0,0,0,1,-1
4078,0,-1,0,0,1,1,0
4079,0,-1,0,1,0,1,-1
4080,0,-1,1,0,0,-1,0
4081,0,-1,0,0,-1,1,0
4082,0,1,0,0,0,-1,-1
4083,0,1,0,0,1,1,-1
4084,0,-1,0,0,-1,-1,-1
4085,0,-1,0,0,1,1,-1
4086,0,-1,0,0,1,1,-1
4087,0,-1,0,0,1,-1,0
4088,0,-1,0,0,-1,-1,-1
4089,0,1,0,0,0,1,-1
4090,0,-1,1,0,-1,-1,-1
4091,0,1,0,0,1,-1,-1
4092,0,-1,0,0,0,-1,-1
4093,0,-1,0,0,0,1,0
4094,0,-1,0,0,0,1,-1
4095,0,-1,0,0,-1,-1,0
4096,0,1,0,0,1,1,-1
4097,0,1,0,0,-1,-1,-1
4098,0,-1,0,0,0,-1,0
4099,0,-1,0,0,0,-1,0
4100,0,-1,0,0,0,1,-1
4101,0,1,0,0,1,-1,-1
4102,0,-1,1,0,0,1,0
4103,0,1,0,0,1,1,0
4104,0,1,0,0,0,1,-1
4105,0,1,0,0,1,-1,1
4106,0,1,1,0,0,1,0
4107,0,-1,0,0,1,1,-1
4108,0,-1,0,0,1,-1,-1
4109,0,-1,0,0,0,1,0
4110,0,-1,0,0,1,-1,-1
4111,0,-1,0,0,1,1,-1
4112,0,-1,0,0,-1,-1,-1
4113,0,-1,0,0,0,-1,-1
4114,0,1,0,0,-1,1,0
4115,0,-1,0,0,-1,-1,1
4116,0,-1,0,0,0,-1,-1
4117,0,1,0,0,-1,-1,0
4118,0,1,0,0,0,1,-1
4119,0,-1,0,0,1,1,-1
4120,0,-1,0,0,-1,-1,0
4121,0,-1,0,0,0,1,-1
4122,0,-1,0,0,0,0,-1
4123,0,-1,0,0,-1,-1,-1
4124,0,-1,0,0,0,-1,0
4125,0,-1,0,0,0,1,0
4126,0,1,0,0,-1,-1,-1
4127,0,-1,0,0,0,-1,0
4128,0,-1,0,0,-1,1,-1
4129,0,1,0,0,-1,1,-1
4130,0,-1,0,0,-1,-1,-1
4131,0,-1,0,0,-1,-1,0
4132,0,1,0,1,-1,-1,-1
4133,0,1,0,0,0,1,-1
4134,0,1,1,0,1,1,0
4135,0,-1,0,0,1,-1,-1
4136,0,1,0,0,-1,-1,0
4137,0,-1,0,0,1,1,0
4138,0,-1,0,0,-1,-1,-1
4139,0,-1,0,0,1,1,-1
4140,0,-1,1,0,0,1,-1
4141,0,-1,0,0,0,-1,0
4142,0,-1,0,0,0,1,0
4143,0,1,0,0,0,-1,-1
4144,0,1,0,0,0,-1,0
4145,0,-1,0,0,0,1,0
4146,0,-1,0,0,1,-1,-1
4147,0,1,0,0,1,-1,-1
4148,0,1,0,0,1,1,-1
4149,0,1,0,0,1,1,-1
4150,0,0,0,0,0,-1,-1
4151,0,1,0,0,-1,-1,0
4152,0,1,0,0,1,1,-1
4153,0,1,1,0,0,-1,-1
4154,0,1,-1,0,1,1,-1
4155,0,-1,1,0,0,-1,-1
4156,0,1,0,0,1,1,-1
4157,0,1,0,0,1,1,-1
4158,0,-1,0,0,1,1,-1
4159,0,-1,0,0,1,1,-1
4160,0,-1,0,0,-1,1,-1
4161,0,1,0,0,0,1,1
4162,0,1,0,0,-1,-1,-1
4163,0,-1,1,0,0,1,0
4164,0,1,0,0,-1,-1,-1
4165,0,1,0,0,1,1,-1
4166,0,-1,0,0,1,1,-1
4167,0,1,0,0,1,-1,-1
4168,0,1,0,0,-1,-1,-1
4169,0,-1,0,0,1,-1,-1
4170,0,-1,0,0,-1,-1,1
4171,0,1,0,0,1,-1,-1
4172,0,-1,0,0,1,1,-1
4173,0,-1,0,0,-1,-1,0
4174,0,1,1,0,0,-1,-1
4175,0,-1,0,0,1,1,-1
4176,0,1,0,0,1,1,-1
4177,0,-1,-1,0,0,1,-1
4178,0,-1,0,0,0,1,-1
4179,0,-1,0,0,1,1,-1
4180,0,1,0,0,0,0,0
4181,0,1,0,0,1,1,0
4182,0,1,0,0,0,-1,-1
4183,0,-1,0,0,0,1,-1
4184,0,-1,0,0,0,-1,-1
4185,0,-1,0,0,1,1,-1
4186,0,1,0,0,0,1,-1
4187,0,-1,0,0,0,1,-1
4188,0,-1,0,0,0,1,-1
4189,0,-1,0,0,0,1,0
4190,0,-1,0,0,-1,-1,0
4191,0,1,0,0,-1,-1,-1
4192,0,1,0,0,1,-1,-1
4193,0,1,0,0,0,1,-1
4194,0,-1,0,0,0,1,0
4195,0,1,1,0,0,-1,-1
4196,0,1,0,0,0,1,-1
4197,0,1,0,0,0,1,0
4198,0,-1,0,0,1,0,-1
4199,0,-1,0,0,1,1,1
4200,0,-1,0,0,1,1,-1
4201,0,1,0,0,-1,-1,0
4202,0,1,0,0,0,1,0
4203,0,-1,0,0,1,1,-1
4204,0,1,0,0,1,1,-1
4205,0,-1,0,0,1,-1,-1
4206,0,1,0,0,1,1,1
4207,0,-1,0,-1,0,1,0
4208,0,-1,1,0,0,-1,-1
4209,0,-1,0,0,1,1,-1
4210,0,-1,0,0,0,1,0
4211,0,-1,0,0,-1,-1,-1
4212,0,1,0,0,0,-1,-1
4213,0,-1,0,0,-1,-1,-1
4214,0,-1,0,0,1,-1,-1
4215,0,-1,1,0,0,1,0
4216,0,-1,0,0,0,1,-1
4217,0,1,1,0,0,1,-1
4218,0,-1,0,0,-1,-1,-1
4219,0,-1,0,0,-1,-1,0
4220,0,1,0,0,0,-1,0
4221,0,1,0,0,1,1,-1
4222,0,1,0,0,1,1,-1
4223,0,1,1,0,-1,-1,-1
4224,0,-1,0,0,1,1,-1
4225,0,1,0,0,0,1,-1
4226,0,1,0,0,0,-1,-1
4227,0,-1,0,0,-1,-1,-1
4228,0,-1,0,0,1,1,-1
4229,0,1,0,0,0,1,-1
4230,0,-1,0,0,-1,-1,-1
4231,0,-1,0,0,1,-1,-1
4232,0,-1,0,0,-1,1,-1
4233,0,-1,0,0,-1,-1,0
4234,0,-1,0,0,0,1,-1
4235,0,1,0,0,-1,-1,-1
4236,0,-1,0,0,-1,-1,-1
4237,0,-1,0,0,0,-1,0
4238,0,-1,0,0,0,-1,0
4239,0,1,0,-1,0,1,-1
4240,0,1,0,0,1,1,0
4241,0,1,0,0,1,1,-1
4242,0,1,0,0,0,1,-1
4243,0,-1,0,0,0,1,-1
4244,0,-1,0,0,-1,-1,-1
4245,0,-1,-1,-1,-1,-1,-1
4246,0,-1,0,0,1,1,-1
4247,0,-1,0,0,1,1,1
4248,0,1,0,0,1,1,0
4249,0,1,0,0,0,-1,-1
4250,0,-1,0,0,1,-1,-1
4251,0,1,0,0,0,1,-1
4252,0,-1,0,-1,0,1,-1
4253,0,1,0,0,1,1,0
4254,0,-1,0,0,0,-1,0
4255,0,1,0,0,-1,-1,-1
4256,0,-1,0,0,-1,-1,-1
4257,0,1,0,0,-1,-1,-1
4258,0,1,0,0,0,1,-1
4259,0,-1,0,0,0,-1,-1
4260,0,1,0,0,1,1,-1
4261,0,1,0,0,1,1,0
4262,0,-1,0,0,0,-1,0
4263,0,-1,0,0,-1,-1,0
4264,0,1,1,0,0,1,0
4265,0,1,0,0,1,-1,0
4266,0,-1,0,0,-1,-1,-1
4267,0,1,0,0,0,1,-1
4268,0,1,0,0,1,1,-1
4269,0,-1,0,0,-1,-1,-1
4270,0,1,0,0,-1,-1,-1
4271,0,-1,0,0,1,1,-1
4272,0,-1,0,1,0,1,-1
4273,0,-1,0,0,1,1,-1
4274,0,1,0,0,1,0,1
4275,0,-1,0,0,-1,-1,0
4276,0,1,0,0,1,1,-1
4277,0,-1,0,0,-1,-1,-1
4278,0,1,0,0,1,1,-1
4279,0,1,1,0,0,-1,0
4280,0,1,0,0,0,-1,-1
4281,0,1,0,0,-1,-1,0
4282,0,-1,0,0,-1,-1,1
4283,0,-1,0,0,0,0,0
4284,0,1,-1,0,0,-1,0
4285,0,1,0,0,0,-1,-1
4286,0,1,0,0,0,1,-1
4287,0,-1,0,0,-1,-1,-1
4288,0,1,0,0,1,1,-1
4289,0,-1,0,0,0,0,0
4290,0,1,0,0,-1,-1,1
4291,0,1,0,0,1,1,-1
4292,0,-1,0,0,1,1,0
4293,0,1,0,0,-1,-1,-1
4294,0,-1,0,0,1,1,-1
4295,0,1,0,0,0,1,0
4296,0,-1,0,0,0,-1,-1
4297,0,1,0,0,0,1,-1
4298,0,1,-1,-1,-1,-1,-1
4299,0,-1,0,0,-1,-1,-1
4300,0,1,0,0,0,1,-1
4301,0,1,0,1,0,-1,-1
4302,0,-1,0,0,-1,-1,0
4303,0,-1,0,0,0,-1,-1
4304,0,-1,0,1,0,-1,-1
4305,0,-1,-1,-1,0,1,0
4306,0,-1,0,0,0,-1,0
4307,0,-1,0,0,0,1,-1
4308,0,-1,0,0,1,1,-1
4309,0,-1,0,0,-1,-1,-1
4310,0,1,0,0,0,1,-1
4311,0,1,0,0,1,1,-1
4312,0,-1,0,0,0,-1,0
4313,0,-1,0,0,0,1,-1
4314,0,-1,0,0,0,-1,-1
4315,0,1,0,0,1,1,-1
4316,0,-1,-1,0,0,1,-1
4317,0,-1,0,0,-1,-1,1
4318,0,-1,0,0,0,-1,-1
4319,0,-1,0,0,-1,-1,-1
4320,0,-1,0,0,1,-1,-1
4321,0,-1,0,0,-1,-1,-1
4322,0,-1,0,0,-1,-1,-1
4323,0,1,0,0,1,-1,-1
4324,0,-1,0,0,1,-1,-1
4325,0,-1,0,0,-1,-1,0
4326,0,1,0,0,1,-1,-1
4327,0,1,0,0,1,-1,-1
4328,0,-1,0,0,1,-1,-1
4329,0,-1,0,0,-1,-1,-1
4330,0,1,0,0,0,1,0
4331,0,1,1,0,0,1,-1
4332,0,-1,0,0,-1,-1,-1
4333,0,1,0,0,1,-1,-1
4334,0,-1,0,0,0,1,-1
4335,0,-1,0,0,-1,-1,-1
4336,0,1,0,0,-1,-1,0
4337,0,-1,0,0,1,1,-1
4338,0,1,0,0,0,1,0
4339,0,1,0,0,0,1,-1
4340,0,-1,1,0,-1,-1,-1
4341,0,-1,0,0,1,1,0
4342,0,1,0,0,1,1,-1
4343,0,-1,0,0,1,1,-1
4344,0,1,1,0,-1,1,-1
4345,0,-1,0,0,0,-1,-1
4346,0,1,0,0,0,-1,-1
4347,0,-1,0,0,0,1,0
4348,0,-1,0,0,1,1,-1
4349,0,-1,0,0,1,-1,1
4350,0,1,0,0,1,1,-1
4351,0,1,0,0,-1,1,1
4352,0,1,0,0,1,1,-1
4353,0,1,0,0,0,1,0
4354,0,1,0,0,1,1,-1
4355,0,-1,0,0,-1,-1,0
4356,0,-1,0,0,-1,-1,0
4357,0,0,0,0,0,1,0
4358,0,1,0,0,1,-1,-1
4359,0,-1,0,0,1,-1,-1
4360,0,-1,0,0,1,1,0
4361,0,-1,0,0,1,-1,-1
4362,0,1,0,0,0,1,-1
4363,0,-1,0,0,-1,-1,-1
4364,0,-1,0,0,-1,-1,-1
4365,0,-1,1,0,0,-1,0
4366,0,1,0,0,1,-1,0
4367,0,0,0,0,0,1,-1
4368,0,-1,0,0,1,1,-1
4369,0,-1,0,0,0,1,0
4370,0,-1,0,0,1,-1,-1
4371,0,0,0,0,0,-1,-1
4372,0,-1,0,-1,0,1,-1
4373,0,1,0,0,1,1,-1
4374,0,-1,0,0,0,-1,-1
4375,0,1,0,0,0,-1,0
4376,0,-1,0,0,0,-1,-1
4377,0,1,0,0,1,1,0
4378,0,-1,0,0,0,-1,-1
4379,0,-1,0,0,1,-1,-1
4380,0,-1,0,0,1,-1,-1
4381,0,-1,0,0,0,1,0
4382,0,-1,0,0,0,1,-1
4383,0,1,0,0,1,1,-1
4384,0,-1,0,0,0,1,0
4385,0,1,0,0,-1,-1,-1
4386,0,1,0,0,1,0,-1
4387,0,1,0,0,0,1,0
4388,0,-1,0,0,-1,-1,-1
4389,0,1,0,0,0,1,-1
4390,0,-1,0,0,0,1,-1
4391,0,-1,0,0,-1,-1,0
4392,0,1,0,0,0,0,-1
4393,0,1,0,0,1,-1,-1
4394,0,-1,0,0,-1,-1,0
4395,0,1,0,0,1,-1,-1
4396,0,-1,0,0,1,1,0
4397,0,1,0,0,0,1,0
4398,0,-1,0,0,-1,-1,-1
4399,0,-1,0,0,-1,-1,0
4400,0,0,0,0,-1,1,-1
4401,0,-1,0,0,0,1,-1
4402,0,1,0,0,-1,-1,0
4403,0,-1,0,0,1,-1,-1
4404,0,-1,0,0,1,1,0
4405,0,-1,0,0,0,1,-1
4406,0,-1,0,-1,0,1,0
4407,0,-1,0,0,1,1,-1
4408,0,-1,0,0,-1,-1,0
4409,0,1,0,0,1,1,-1
4410,0,-1,0,0,1,-1,1
4411,0,-1,0,0,1,1,-1
4412,0,-1,0,0,0,-1,0
4413,0,-1,0,0,1,1,0
4414,0,-1,0,0,1,1,0
4415,0,1,1,0,0,-1,0
4416,0,-1,0,0,-1,-1,-1
4417,0,1,0,0,0,-1,-1
4418,0,-1,0,0,-1,-1,-1
4419,0,-1,0,0,1,-1,1
4420,0,-1,0,0,1,1,-1
4421,0,1,0,0,-1,1,0
4422,0,1,0,0,0,-1,0
4423,0,1,0,0,0,-1,-1
4424,0,-1,0,0,-1,-1,-1
4425,0,-1,0,0,-1,-1,0
4426,0,0,0,0,0,1,-1
4427,0,1,0,0,0,1,0
4428,0,0,0,0,0,1,-1
4429,0,-1,0,0,1,1,-1
4430,0,1,0,0,-1,-1,-1
4431,0,-1,0,0,-1,-1,-1
4432,0,1,1,0,0,1,-1
4433,0,1,0,0,-1,-1,-1
4434,0,1,0,0,1,1,1
4435,0,-1,0,0,1,1,-1
4436,0,1,0,0,-1,-1,1
4437,0,-1,0,0,1,-1,1
4438,0,-1,0,0,-1,-1,-1
4439,0,1,0,0,1,1,-1
4440,0,-1,0,0,0,1,-1
4441,0,-1,0,0,-1,-1,1
4442,0,-1,0,0,1,-1,0
4443,0,1,0,0,0,1,-1
4444,0,-1,0,0,1,-1,-1
4445,0,-1,0,0,-1,-1,0
4446,0,1,0,0,0,-1,-1
4447,0,-1,0,0,-1,-1,-1
4448,0,-1,0,0,1,-1,-1
4449,0,-1,0,0,-1,-1,0
4450,0,1,0,0,-1,-1,-1
4451,0,-1,0,0,1,1,-1
4452,0,-1,0,0,-1,-1,-1
4453,0,-1,0,0,1,1,-1
4454,0,-1,0,0,0,-1,-1
4455,0,1,0,0,-1,-1,-1
4456,0,-1,0,0,1,1,-1
4457,0,-1,0,0,0,1,-1
4458,0,-1,0,0,0,1,-1
4459,0,-1,0,0,1,-1,-1
4460,0,1,0,0,1,1,-1
4461,0,1,0,0,1,-1,-1
4462,0,-1,0,0,-1,1,-1
4463,0,1,-1,-1,-1,-1,-1
4464,0,0,0,0,0,-1,-1
4465,0,1,0,0,1,1,-1
4466,0,1,0,0,1,-1,-1
4467,0,-1,0,0,1,1,0
4468,0,1,0,0,0,-1,-1
4469,0,-1,0,0,-1,-1,-1
4470,0,-1,0,0,0,1,-1
4471,0,1,0,0,1,1,-1
4472,0,1,0,0,1,1,-1
4473,0,-1,0,0,0,1,-1
4474,0,1,0,0,0,-1,-1
4475,0,-1,0,0,-1,-1,1
4476,0,-1,0,0,1,-1,-1
4477,0,1,0,0,0,1,-1
4478,0,-1,0,0,1,1,-1
4479,0,-1,1,0,0,-1,0
4480,0,1,0,0,-1,-1,1
4481,0,1,0,0,1,-1,-1
4482,0,-1,0,0,0,-1,0
4483,0,1,0,0,1,1,-1
4484,0,-1,0,0,0,1,-1
4485,0,-1,0,0,-1,-1,1
4486,0,1,0,0,1,1,-1
4487,0,1,-1,0,-1,-1,0
4488,0,1,0,0,0,0,0
4489,0,-1,0,0,1,1,-1
4490,0,-1,0,0,1,-1,-1
4491,0,-1,0,0,0,1,-1
4492,0,-1,0,0,1,1,-1
4493,0,-1,0,0,-1,-1,0
4494,0,-1,0,0,-1,-1,0
4495,0,-1,0,0,1,1,-1
4496,0,-1,0,0,1,1,-1
4497,0,-1,0,0,1,-1,0
4498,0,-1,0,0,0,1,-1
4499,0,-1,0,0,0,-1,-1
4500,0,-1,0,0,1,-1,0
4501,0,-1,0,0,-1,-1,-1
4502,0,1,0,0,-1,-1,-1
4503,0,-1,0,0,0,1,0
4504,0,-1,0,0,1,1,0
4505,0,1,0,0,0,1,-1
4506,0,-1,0,0,0,1,-1
4507,0,-1,0,0,0,-1,-1
4508,0,-1,0,0,-1,-1,-1
4509,0,-1,0,0,-1,-1,0
4510,0,1,0,0,-1,-1,-1
4511,0,-1,0,0,-1,-1,-1
4512,0,1,0,0,0,-1,-1
4513,0,1,0,0,1,1,-1
4514,0,-1,0,0,1,1,-1
4515,0,-1,0,0,-1,-1,-1
4516,0,1,0,0,0,1,0
4517,0,-1,0,0,1,1,-1
4518,0,-1,0,0,-1,-1,-1
4519,0,1,1,0,0,1,0
4520,0,-1,0,0,1,1,-1
4521,0,-1,0,0,1,1,-1
4522,0,0,0,0,0,-1,-1
4523,0,1,0,0,-1,-1,-1
4524,0,-1,0,0,-1,-1,-1
4525,0,-1,0,0,0,1,0
4526,0,1,0,0,0,1,0
4527,0,-1,0,0,1,1,-1
4528,0,-1,0,0,0,1,-1
4529,0,-1,0,0,-1,-1,-1
4530,0,-1,0,0,-1,-1,-1
4531,0,1,0,0,0,-1,-1
4532,0,1,0,0,1,1,-1
4533,0,-1,0,0,0,1,0
4534,0,-1,0,0,-1,-1,-1
4535,0,-1,0,0,-1,-1,0
4536,0,-1,0,1,0,1,-1
4537,0,1,-1,0,-1,-1,-1
4538,0,-1,0,0,1,1,0
4539,0,1,0,0,1,-1,0
4540,0,-1,0,0,-1,-1,-1
4541,0,-1,0,0,0,-1,-1
4542,0,-1,0,0,-1,-1,-1
4543,0,-1,0,0,1,1,-1
4544,0,-1,0,0,1,1,1
4545,0,-1,0,0,0,-1,-1
4546,0,-1,0,0,-1,-1,-1
4547,0,-1,0,0,1,-1,-1
4548,0,1,0,0,-1,-1,0
4549,0,-1,0,0,1,1,-1
4550,0,-1,0,0,1,1,-1
4551,0,-1,0,0,-1,1,-1
4552,0,-1,0,0,1,1,0
4553,0,1,0,0,1,1,-1
4554,0,-1,0,0,1,1,-1
4555,0,-1,0,0,0,1,-1
4556,0,-1,1,0,0,1,-1
4557,0,-1,0,0,1,1,-1
4558,0,-1,0,0,-1,1,-1
4559,0,1,0,0,0,-1,-1
4560,0,-1,0,0,0,0,0
4561,0,0,0,0,0,1,-1
4562,0,1,0,0,0,1,0
4563,0,1,0,0,0,-1,-1
4564,0,-1,0,0,0,1,-1
4565,0,1,0,0,1,0,-1
4566,0,-1,0,0,1,1,-1
4567,0,-1,0,0,1,1,-1
4568,0,-1,0,0,0,1,1
4569,0,1,0,0,-1,-1,-1
4570,0,1,0,0,-1,-1,0
4571,0,-1,0,0,0,1,-1
4572,0,1,0,0,0,1,-1
4573,0,1,0,0,-1,-1,-1
4574,0,1,0,0,1,-1,-1
4575,0,-1,0,0,-1,-1,-1
4576,0,1,0,0,0,-1,-1
4577,0,-1,0,0,0,1,-1
4578,0,1,0,0,1,1,-1
4579,0,1,0,0,0,1,-1
4580,0,-1,0,0,0,1,-1
4581,0,-1,0,0,0,1,-1
4582,0,-1,0,0,1,-1,-1
4583,0,-1,0,0,-1,-1,-1
4584,0,-1,0,0,1,1,0
4585,0,-1,1,0,0,1,0
4586,0,-1,0,0,-1,-1,-1
4587,0,-1,0,0,1,-1,-1
4588,0,1,0,0,1,1,-1
4589,0,-1,0,0,-1,-1,-1
4590,0,-1,0,0,0,1,-1
4591,0,-1,0,0,-1,-1,0
4592,0,1,0,0,0,-1,-1
4593,0,1,0,0,1,-1,-1
4594,0,1,0,0,-1,1,-1
4595,0,-1,0,0,1,0,-1
4596,0,-1,0,0,0,-1,0
4597,0,1,0,0,1,1,-1
4598,0,-1,0,0,1,1,0
4599,0,-1,0,0,1,-1,-1
4600,0,1,0,0,1,1,-1
4601,0,-1,0,0,1,-1,-1
4602,0,1,0,0,-1,-1,-1
4603,0,-1,-1,0,1,1,0
4604,0,-1,-1,0,0,1,0
4605,0,-1,0,0,1,1,0
4606,0,1,0,0,1,1,-1
4607,0,1,0,0,-1,-1,-1
4608,0,1,0,0,1,1,-1
4609,0,1,0,0,1,1,-1
4610,0,-1,0,1,0,-1,-1
4611,0,-1,0,0,-1,-1,-1
4612,0,-1,0,0,1,1,0
4613,0,0,0,0,0,1,0
4614,0,-1,0,0,-1,-1,0
4615,0,-1,0,0,1,1,0
4616,0,1,0,0,1,1,-1
4617,0,1,0,0,1,1,0
4618,0,1,0,0,1,1,-1
4619,0,-1,1,0,0,1,0
4620,0,-1,1,0,0,-1,-1
4621,0,-1,0,0,-1,-1,0
4622,0,-1,0,0,1,1,-1
4623,0,1,0,1,0,1,-1
4624,0,1,0,0,0,1,-1
4625,0,-1,0,0,1,1,-1
4626,0,-1,-1,0,0,-1,-1
4627,0,1,-1,0,-1,1,-1
4628,0,1,0,0,1,1,-1
4629,0,1,0,0,1,1,-1
4630,0,-1,0,0,-1,-1,0
4631,0,-1,0,0,-1,-1,-1
4632,0,1,0,0,0,-1,-1
4633,0,-1,0,0,1,-1,-1
4634,0,-1,0,0,1,-1,-1
4635,0,-1,0,0,1,1,-1
4636,0,-1,0,0,1,1,-1
4637,0,-1,0,0,0,-1,-1
4638,0,-1,0,0,-1,-1,-1
4639,0,-1,0,0,1,-1,-1
4640,0,1,0,0,-1,-1,0
4641,0,-1,-1,0,0,-1,-1
4642,0,1,0,0,0,1,0
4643,0,1,0,0,1,-1,-1
4644,0,-1,0,0,1,-1,-1
4645,0,-1,0,0,1,1,-1
4646,0,-1,0,0,-1,-1,-1
4647,0,-1,0,0,1,-1,-1
4648,0,1,0,0,1,1,-1
4649,0,-1,0,0,0,1,0
4650,0,1,0,0,1,1,-1
4651,0,1,0,0,-1,-1,-1
4652,0,-1,0,0,1,1,-1
4653,0,1,0,0,-1,1,-1
4654,0,-1,1,0,-1,-1,-1
4655,0,-1,0,0,1,1,-1
4656,0,-1,0,0,1,1,-1
4657,0,1,0,1,0,0,-1
4658,0,-1,0,0,0,-1,-1
4659,0,-1,0,0,1,-1,-1
4660,0,1,0,0,-1,-1,1
4661,0,-1,0,0,-1,-1,-1
4662,0,1,0,0,0,1,-1
4663,0,1,0,0,-1,-1,1
4664,0,1,0,0,0,1,-1
4665,0,-1,0,0,1,-1,0
4666,0,1,0,0,1,-1,0
4667,0,-1,0,0,1,1,0
4668,0,-1,0,0,0,-1,-1
4669,0,1,0,0,0,1,-1
4670,0,1,0,0,1,1,-1
4671,0,-1,-1,-1,-1,-1,0
4672,0,-1,0,0,1,-1,0
4673,0,1,0,0,1,1,-1
4674,0,1,0,0,0,1,0
4675,0,-1,0,0,-1,-1,-1
4676,0,1,0,0,0,1,-1
4677,0,1,0,0,1,1,-1
4678,0,1,0,0,0,1,-1
4679,0,-1,0,0,-1,-1,-1
4680,0,-1,0,0,-1,-1,-1
4681,0,1,0,0,0,1,-1
4682,0,-1,0,0,1,1,-1
4683,0,1,0,0,1,-1,-1
4684,0,-1,0,1,0,-1,-1
4685,0,-1,0,0,1,1,-1
4686,0,-1,0,0,1,1,-1
4687,0,-1,0,0,1,1,-1
4688,0,-1,0,0,1,1,-1
4689,0,-1,0,0,0,1,1
4690,0,-1,0,0,1,1,-1
4691,0,-1,0,0,0,1,-1
4692,0,1,0,0,0,-1,0
4693,0,1,0,0,1,1,-1
4694,0,-1,0,0,-1,1,0
4695,0,-1,0,0,-1,-1,-1
4696,0,1,0,0,-1,1,-1
4697,0,1,0,0,-1,-1,-1
4698,0,-1,0,0,1,1,-1
4699,0,1,0,0,1,1,-1
4700,0,1,0,0,1,1,-1
4701,0,-1,0,0,1,-1,-1
4702,0,1,0,0,-1,-1,-1
4703,0,1,0,0,-1,-1,-1
4704,0,-1,0,0,-1,1,-1
4705,0,1,0,0,0,1,-1
4706,0,-1,0,0,0,1,0
4707,0,0,0,0,0,-1,-1
4708,0,1,0,0,1,1,-1
4709,0,1,1,0,0,-1,-1
4710,0,-1,0,0,0,1,-1
4711,0,-1,0,0,1,1,-1
4712,0,1,0,0,0,1,1
4713,0,-1,0,0,0,0,-1
4714,0,1,0,0,-1,1,0
4715,0,-1,0,-1,1,-1,-1
4716,0,-1,0,1,0,1,-1
4717,0,-1,0,0,-1,-1,-1
4718,0,-1,-1,-1,-1,-1,-1
4719,0,-1,0,0,0,1,-1
4720,0,1,0,0,1,-1,-1
4721,0,1,0,0,1,-1,-1
4722,0,-1,0,0,1,0,-1
4723,0,1,0,0,1,1,-1
4724,0,1,0,0,1,1,-1
4725,0,-1,0,0,0,1,-1
4726,0,1,1,0,0,1,0
4727,0,-1,0,0,1,-1,-1
4728,0,1,0,0,-1,-1,0
4729,0,1,0,0,-1,1,0
4730,0,1,0,0,1,-1,0
4731,0,-1,0,-1,-1,-1,0
4732,0,-1,-1,0,0,1,-1
4733,0,-1,0,0,-1,-1,-1
4734,0,1,0,0,0,1,-1
4735,0,1,0,0,1,-1,-1
4736,0,1,0,0,1,1,0
4737,0,-1,0,0,1,1,-1
4738,0,1,0,0,0,-1,-1
4739,0,1,0,0,0,1,-1
4740,0,1,0,0,0,1,-1
4741,0,-1,1,0,0,1,-1
4742,0,-1,0,0,-1,-1,-1
4743,0,1,0,0,1,1,-1
4744,0,-1,0,0,0,1,-1
4745,0,-1,0,0,0,-1,0
4746,0,1,0,0,1,-1,-1
4747,0,-1,0,-1,1,1,-1
4748,0,-1,0,0,0,1,0
4749,0,1,0,0,0,-1,-1
4750,0,1,0,0,-1,-1,1
4751,0,-1,0,1,0,1,-1
4752,0,-1,0,-1,0,1,-1
4753,0,-1,0,0,0,1,-1
4754,0,1,1,0,0,-1,0
4755,0,-1,0,0,-1,-1,-1
4756,0,-1,0,0,0,-1,0
4757,0,-1,0,0,0,1,0
4758,0,-1,1,0,0,-1,0
4759,0,1,0,0,1,-1,0
4760,0,1,0,0,0,1,0
4761,0,1,-1,0,1,1,-1
4762,0,-1,0,0,1,-1,-1
4763,0,1,0,0,1,1,0
4764,0,1,0,0,0,1,-1
4765,0,1,0,0,-1,-1,1
4766,0,-1,0,0,1,1,-1
4767,0,1,0,0,0,-1,0
4768,0,-1,0,0,-1,-1,1
4769,0,1,0,0,0,1,-1
4770,0,1,0,0,-1,-1,0
4771,0,-1,0,0,0,-1,-1
4772,0,-1,0,0,1,-1,-1
4773,0,1,0,0,1,-1,-1
4774,0,1,0,0,0,-1,-1
4775,0,1,0,0,1,1,-1
4776,0,1,0,0,0,1,-1
4777,0,1,0,0,0,-1,-1
4778,0,1,0,0,0,1,-1
4779,0,-1,0,0,1,1,-1
4780,0,-1,0,0,-1,-1,-1
4781,0,1,0,0,0,-1,-1
4782,0,1,0,0,1,1,-1
4783,0,1,0,0,0,1,0
4784,0,-1,0,0,1,-1,0
4785,0,1,0,0,1,1,-1
4786,0,-1,0,0,0,-1,-1
4787,0,1,0,0,1,1,-1
4788,0,-1,0,0,0,1,0
4789,0,1,0,0,1,1,-1
4790,0,-1,0,0,1,1,0
4791,0,-1,1,0,0,-1,-1
4792,0,-1,0,0,0,1,0
4793,0,-1,0,-1,0,1,0
4794,0,-1,0,0,1,1,-1
4795,0,-1,0,0,-1,-1,-1
4796,0,-1,0,0,1,-1,-1
4797,0,-1,0,1,-1,-1,-1
4798,0,1,0,0,1,1,-1
4799,0,-1,0,0,1,-1,-1
4800,0,1,0,0,1,1,-1
4801,0,-1,0,0,1,1,-1
4802,0,-1,0,-1,-1,-1,-1
4803,0,1,0,0,-1,-1,-1
4804,0,-1,0,0,1,1,-1
4805,0,1,0,0,1,-1,0
4806,0,-1,0,0,0,1,-1
4807,0,-1,0,0,1,1,-1
4808,0,-1,0,0,-1,-1,-1
4809,0,1,0,0,-1,-1,-1
4810,0,-1,0,0,-1,-1,-1
4811,0,1,0,0,1,-1,-1
4812,0,-1,0,0,0,1,-1
4813,0,-1,0,0,1,-1,-1
4814,0,-1,0,0,-1,1,-1
4815,0,1,0,0,1,1,-1
4816,0,1,1,0,0,1,0
4817,0,1,0,0,1,-1,-1
4818,0,1,0,0,0,1,-1
4819,0,1,0,-1,-1,-1,-1
4820,0,-1,0,0,0,1,0
4821,0,-1,1,0,0,1,-1
4822,0,-1,0,0,0,1,-1
4823,0,-1,0,0,1,1,-1
4824,0,-1,0,0,1,-1,-1
4825,0,-1,0,0,1,0,-1
4826,0,1,0,0,1,1,-1
4827,0,-1,0,0,1,1,0
4828,0,-1,0,0,-1,-1,0
4829,0,-1,0,0,0,1,-1
4830,0,-1,0,0,1,1,0
4831,0,1,0,0,0,-1,0
4832,0,-1,0,0,-1,-1,1
4833,0,-1,0,0,-1,-1,-1
4834,0,1,0,0,1,-1,-1
4835,0,1,0,0,1,1,-1
4836,0,-1,0,0,-1,-1,-1
4837,0,-1,0,0,-1,-1,0
4838,0,-1,0,0,-1,-1,-1
4839,0,1,0,0,0,1,0
4840,0,-1,0,0,0,1,-1
4841,0,-1,0,0,-1,-1,0
4842,0,1,0,0,1,-1,-1
4843,0,-1,0,0,0,1,0
4844,0,-1,0,-1,-1,-1,-1
4845,0,-1,0,0,1,-1,-1
4846,0,-1,0,0,-1,-1,-1
4847,0,1,0,0,1,-1,-1
4848,0,1,0,0,-1,1,0
4849,0,1,0,0,-1,-1,0
4850,0,1,0,0,1,1,-1
4851,0,-1,0,0,0,-1,-1
4852,0,1,0,0,0,1,-1
4853,0,-1,0,0,0,1,0
4854,0,-1,0,0,-1,-1,0
4855,0,1,0,0,1,1,-1
4856,0,1,0,0,0,-1,0
4857,0,1,1,0,0,1,-1
4858,0,1,-1,-1,-1,-1,-1
4859,0,1,0,0,1,-1,0
4860,0,-1,0,0,-1,-1,-1
4861,0,-1,0,0,-1,-1,-1
4862,0,-1,0,0,0,1,0
4863,0,-1,0,0,-1,-1,-1
4864,0,-1,0,0,1,1,-1
4865,0,1,0,0,0,1,-1
4866,0,-1,0,0,-1,-1,-1
4867,0,-1,0,0,0,-1,-1
4868,0,1,0,0,0,-1,-1
4869,0,1,0,0,1,-1,1
4870,0,1,0,0,0,1,-1
4871,0,-1,0,0,0,-1,0
4872,0,-1,0,0,1,1,-1
4873,0,-1,0,0,-1,-1,0
4874,0,1,0,0,1,1,-1
4875,0,-1,0,0,-1,-1,-1
4876,0,-1,0,0,-1,-1,-1
4877,0,1,0,0,-1,-1,-1
4878,0,-1,1,0,0,1,0
4879,0,-1,0,0,1,1,0
4880,0,-1,0,0,-1,-1,-1
4881,0,-1,0,0,0,1,-1
4882,0,1,0,0,1,1,-1
4883,0,-1,0,0,0,1,0
4884,0,-1,0,0,-1,-1,0
4885,0,1,0,0,1,1,-1
4886,0,-1,0,0,1,1,-1
4887,0,-1,0,0,0,1,-1
4888,0,1,0,0,0,1,-1
4889,0,-1,0,0,1,1,-1
4890,0,-1,1,0,-1,-1,-1
4891,0,-1,0,0,1,1,-1
4892,0,1,0,0,-1,1,-1
4893,0,-1,1,0,0,1,-1
4894,0,-1,0,0,1,-1,-1
4895,0,-1,0,0,0,1,-1
4896,0,0,0,0,0,1,-1
4897,0,-1,0,0,0,1,-1
4898,0,-1,0,0,-1,-1,-1
4899,0,1,0,0,0,-1,-1
4900,0,-1,0,0,1,1,-1
4901,0,-1,0,0,-1,-1,-1
4902,0,1,0,0,-1,-1,-1
4903,0,1,0,0,1,1,-1
4904,0,1,0,0,1,1,0
4905,0,1,0,0,0,1,0
4906,0,-1,-1,-1,-1,-1,0
4907,0,-1,0,0,0,1,-1
4908,0,-1,0,0,-1,-1,-1
4909,0,1,0,0,1,-1,1
4910,0,-1,0,0,-1,-1,0
4911,0,-1,0,0,-1,-1,-1
4912,0,1,0,0,-1,1,-1
4913,0,1,1,0,0,-1,0
4914,0,-1,0,0,-1,-1,-1
4915,0,-1,0,0,1,-1,-1
4916,0,-1,0,0,-1,1,-1
4917,0,1,0,0,1,1,1
4918,0,-1,0,0,1,1,-1
4919,0,1,0,0,0,1,-1
4920,0,-1,0,0,1,1,-1
4921,0,-1,0,0,1,1,-1
4922,0,1,0,0,1,1,-1
4923,0,-1,0,0,0,1,0
4924,0,-1,0,0,-1,-1,-1
4925,0,-1,0,0,-1,-1,-1
4926,0,-1,0,0,1,1,-1
4927,0,-1,0,0,-1,-1,0
4928,0,-1,0,0,1,1,-1
4929,0,-1,0,0,1,-1,0
4930,0,-1,0,0,1,-1,-1
4931,0,-1,0,0,1,1,-1
4932,0,1,0,0,0,-1,-1
4933,0,-1,0,0,0,-1,-1
4934,0,-1,0,0,0,1,-1
4935,0,-1,0,0,0,1,0
4936,0,-1,0,0,0,1,0
4937,0,1,0,0,0,1,-1
4938,0,-1,0,0,0,-1,0
4939,0,1,0,0,1,1,0
4940,0,1,0,0,0,1,-1
4941,0,1,0,0,-1,-1,-1
4942,0,1,0,0,1,1,-1
4943,0,1,0,0,0,1,0
4944,0,1,0,0,0,-1,-1
4945,0,-1,0,0,0,1,-1
4946,0,-1,0,0,0,1,0
4947,0,1,0,0,0,-1,-1
4948,0,-1,0,0,-1,-1,-1
4949,0,-1,0,0,1,1,-1
4950,0,1,0,0,0,1,-1
4951,0,1,0,0,0,1,-1
4952,0,1,0,0,0,1,-1
4953,0,-1,0,0,1,0,-1
4954,0,-1,0,0,1,1,-1
4955,0,-1,0,0,-1,-1,-1
4956,0,1,0,0,-1,1,-1
4957,0,-1,0,0,-1,-1,0
4958,0,1,0,0,1,-1,0
4959,0,-1,0,0,0,-1,0
4960,0,-1,0,0,1,-1,-1
4961,0,-1,0,0,-1,-1,-1
4962,0,-1,0,1,0,1,-1
4963,0,-1,0,0,1,-1,-1
4964,0,1,0,0,0,1,-1
4965,0,-1,0,0,1,1,-1
4966,0,-1,0,0,1,-1,-1
4967,0,-1,0,0,-1,1,-1
4968,0,-1,0,0,1,-1,-1
4969,0,1,0,0,1,-1,-1
4970,0,-1,0,0,-1,-1,-1
4971,0,-1,0,0,0,-1,-1
4972,0,-1,0,0,-1,-1,-1
4973,0,1,0,1,0,1,-1
4974,0,1,0,0,0,1,-1
4975,0,-1,0,0,0,1,0
4976,0,-1,0,0,-1,-1,-1
4977,0,1,0,0,1,1,-1
4978,0,-1,1,0,-1,-1,0
4979,0,1,0,0,0,1,-1
4980,0,1,0,0,0,-1,0
4981,0,-1,0,0,1,-1,-1
4982,0,1,0,0,0,-1,0
4983,0,1,0,0,1,1,-1
4984,0,-1,0,0,1,-1,-1
4985,0,-1,0,0,0,0,-1
4986,0,-1,0,0,0,-1,0
4987,0,1,0,0,1,1,-1
4988,0,-1,0,0,1,-1,-1
4989,0,-1,0,0,1,-1,1
4990,0,1,0,0,1,-1,-1
4991,0,1,0,0,1,-1,-1
4992,0,-1,0,0,-1,-1,0
4993,0,1,0,0,1,1,-1
4994,0,-1,0,0,-1,-1,-1
4995,0,-1,0,0,-1,-1,-1
4996,0,1,0,0,-1,-1,-1
4997,0,1,0,0,1,1,0
4998,0,-1,1,0,0,-1,-1
4999,0,-1,0,0,1,1,-1
5000,0,-1,0,0,-1,-1,-1
5001,0,-1,0,0,0,-1,-1
5002,0,0,0,0,0,-1,-1
5003,0,-1,0,0,0,-1,0
5004,0,-1,0,0,1,1,1
5005,0,1,0,0,0,-1,0
5006,0,1,1,0,0,1,-1
5007,0,1,0,0,0,1,0
5008,0,1,0,0,-1,-1,0
5009,0,-1,0,0,1,1,-1
5010,0,1,0,0,0,1,0
5011,0,-1,0,0,1,1,-1
5012,0,-1,0,0,-1,-1,0
5013,0,-1,0,0,1,1,-1
5014,0,-1,0,0,0,1,-1
5015,0,-1,0,0,0,-1,-1
5016,0,-1,0,0,1,-1,-1
5017,0,1,0,0,1,-1,-1
5018,0,1,0,0,-1,1,0
5019,0,-1,0,0,-1,-1,0
5020,0,1,0,0,1,1,-1
5021,0,-1,-1,-1,1,1,-1
5022,0,-1,1,0,0,-1,0
5023,0,1,0,0,1,1,-1
5024,0,-1,0,0,1,1,-1
5025,0,-1,1,0,-1,-1,1
5026,0,-1,0,0,0,1,-1
5027,0,1,0,0,0,1,-1
5028,0,-1,0,0,-1,-1,1
5029,0,-1,0,0,0,1,-1
5030,0,-1,0,0,-1,-1,-1
5031,0,-1,0,0,-1,-1,0
5032,0,1,0,0,0,1,-1
5033,0,1,0,0,1,-1,-1
5034,0,1,0,0,1,-1,0
5035,0,1,0,0,0,1,-1
5036,0,-1,0,0,-1,-1,-1
5037,0,-1,0,0,1,1,-1
5038,0,-1,0,1,-1,-1,-1
5039,0,1,0,0,1,1,-1
5040,0,-1,0,1,0,-1,-1
5041,0,-1,0,0,-1,-1,-1
5042,0,-1,0,0,0,-1,0
5043,0,-1,0,0,1,1,-1
5044,0,-1,0,0,-1,-1,-1
5045,0,-1,0,0,0,-1,-1
5046,0,-1,0,0,-1,-1,-1
5047,0,-1,0,0,1,1,-1
5048,0,-1,0,0,1,1,1
5049,0,1,0,0,1,1,-1
5050,0,1,0,0,-1,-1,-1
5051,0,1,0,1,-1,-1,0
5052,0,1,0,0,1,-1,-1
5053,0,1,0,0,0,1,0
5054,0,-1,0,0,-1,-1,1
5055,0,1,0,0,1,-1,-1
5056,0,1,0,0,-1,-1,0
5057,0,-1,0,0,1,1,-1
5058,0,-1,0,0,0,1,-1
5059,0,1,0,0,0,1,-1
5060,0,1,0,0,0,-1,0
5061,0,1,0,0,-1,-1,-1
5062,0,1,1,0,0,1,0
5063,0,1,0,0,-1,-1,-1
5064,0,1,0,0,0,1,-1
5065,0,-1,0,0,-1,-1,1
5066,0,-1,0,0,-1,1,-1
5067,0,1,0,0,-1,-1,-1
5068,0,1,0,0,1,1,1
5069,0,-1,0,0,1,-1,-1
5070,0,-1,1,0,-1,1,0
5071,0,-1,0,0,0,-1,0
5072,0,-1,0,0,-1,-1,-1
5073,0,-1,0,0,-1,1,1
5074,0,-1,0,0,-1,-1,-1
5075,0,1,0,0,0,1,-1
5076,0,1,0,0,0,-1,-1
5077,0,-1,0,0,-1,-1,0
5078,0,1,0,0,1,1,-1
5079,0,1,0,0,0,-1,-1
5080,0,-1,0,0,0,1,0
5081,0,-1,0,0,-1,-1,-1
5082,0,-1,0,0,1,1,-1
5083,0,-1,0,0,-1,-1,-1
5084,0,-1,0,0,1,1,-1
5085,0,-1,0,0,0,-1,0
5086,0,1,0,0,-1,-1,-1
5087,0,-1,-1,0,-1,-1,-1
5088,0,-1,0,0,1,1,-1
5089,0,1,0,0,-1,1,0
5090,0,-1,0,0,1,1,-1
5091,0,-1,0,0,1,-1,-1
5092,0,1,0,0,1,1,0
5093,0,-1,0,0,1,-1,-1
5094,0,1,0,0,-1,1,0
5095,0,1,0,0,1,1,0
5096,0,-1,0,0,0,-1,1
5097,0,-1,0,0,0,-1,-1
5098,0,-1,0,0,0,1,-1
5099,0,1,0,0,0,1,-1
5100,0,-1,0,0,-1,-1,-1
5101,0,1,0,0,1,1,-1
5102,0,1,0,0,0,1,-1
5103,0,-1,0,0,-1,-1,-1
5104,0,-1,1,0,0,1,-1
5105,0,-1,1,0,0,1,-1
5106,0,-1,0,0,0,-1,-1
5107,0,-1,0,0,-1,1,-1
5108,0,1,0,0,0,1,-1
5109,0,-1,0,0,1,-1,-1
5110,0,1,0,0,-1,-1,-1
5111,0,1,0,0,1,1,-1
5112,0,1,0,0,-1,-1,-1
5113,0,-1,0,0,1,1,-1
5114,0,-1,0,0,-1,-1,1
5115,0,1,0,0,1,1,-1
5116,0,1,0,0,-1,1,0
5117,0,-1,0,0,1,1,-1
5118,0,1,0,0,0,1,-1
5119,0,-1,0,0,0,-1,-1
5120,0,-1,0,0,0,-1,-1
5121,0,1,0,0,1,1,1
5122,0,1,0,0,0,1,-1
5123,0,-1,1,0,0,1,-1
5124,0,1,0,0,1,-1,-1
5125,0,-1,0,0,0,-1,-1
5126,0,1,0,0,1,1,-1
5127,0,1,0,0,1,1,-1
5128,0,-1,0,0,0,-1,-1
5129,0,1,0,1,0,1,0
5130,0,1,0,0,1,-1,-1
5131,0,1,0,0,1,1,0
5132,0,-1,0,0,-1,-1,0
5133,0,1,0,0,0,-1,-1
5134,0,-1,0,0,1,1,-1
5135,0,-1,0,0,-1,-1,-1
5136,0,-1,0,0,1,1,-1
5137,0,1,1,0,0,-1,0
5138,0,1,0,0,1,-1,-1
5139,0,-1,0,0,-1,-1,0
5140,0,1,0,0,1,1,1
5141,0,-1,0,-1,0,1,-1
5142,0,-1,0,0,-1,-1,-1
5143,0,1,0,0,0,-1,-1
5144,0,-1,0,0,-1,-1,-1
5145,0,-1,0,0,-1,-1,-1
5146,0,-1,0,0,-1,-1,0
5147,0,1,0,0,0,-1,0
5148,0,1,0,0,0,1,-1
5149,0,-1,1,0,0,-1,-1
5150,0,1,0,0,1,1,-1
5151,0,-1,0,0,-1,-1,-1
5152,0,-1,0,0,-1,-1,0
5153,0,1,0,0,1,1,0
5154,0,1,0,0,0,1,0
5155,0,-1,0,0,0,1,-1
5156,0,-1,0,0,-1,-1,-1
5157,0,1,0,0,1,-1,1
5158,0,-1,0,0,-1,-1,-1
5159,0,-1,0,0,-1,-1,-1
5160,0,-1,-1,-1,1,0,0
5161,0,-1,0,0,1,1,0
5162,0,-1,0,0,0,-1,0
5163,0,1,0,0,0,1,-1
5164,0,-1,0,0,1,-1,-1
5165,0,1,1,0,0,1,0
5166,0,-1,0,0,1,1,-1
5167,0,-1,0,0,0,1,-1
5168,0,1,0,0,0,1,-1
5169,0,-1,0,0,0,1,-1
5170,0,-1,0,0,-1,-1,-1
5171,0,1,0,0,0,-1,-1
5172,0,-1,0,0,0,0,-1
5173,0,1,0,0,1,1,-1
5174,0,-1,0,0,1,1,-1
5175,0,-1,0,0,1,1,-1
5176,0,1,0,0,1,1,0
5177,0,-1,0,0,0,-1,-1
5178,0,-1,0,0,-1,-1,-1
5179,0,1,0,0,-1,-1,-1
5180,0,-1,0,0,-1,-1,-1
5181,0,1,0,0,1,1,-1
5182,0,-1,0,0,0,-1,-1
5183,0,-1,0,0,-1,1,-1
5184,0,-1,0,0,-1,-1,-1
5185,0,-1,0,0,0,1,-1
5186,0,1,0,0,1,1,-1
5187,0,1,0,0,1,1,-1
5188,0,-1,1,0,0,-1,0
5189,0,-1,0,0,1,1,-1
5190,0,-1,0,0,0,-1,-1
5191,0,-1,0,0,-1,-1,-1
5192,0,-1,0,0,1,-1,-1
5193,0,-1,0,0,0,-1,0
5194,0,1,0,0,0,1,-1
5195,0,-1,0,0,-1,-1,0
5196,0,-1,0,0,-1,-1,-1
5197,0,-1,0,0,1,1,-1
5198,0,1,0,0,-1,-1,-1
5199,0,1,0,0,1,1,0
5200,0,-1,0,0,1,1,-1
5201,0,-1,0,0,-1,-1,1
5202,0,0,-1,0,0,1,-1
5203,0,1,0,0,1,1,-1
5204,0,-1,0,0,-1,-1,-1
5205,0,1,0,0,1,1,-1
5206,0,-1,0,0,1,1,-1
5207,0,1,0,0,1,1,-1
5208,0,-1,0,0,1,1,-1
5209,0,-1,0,0,-1,-1,-1
5210,0,-1,0,0,-1,-1,0
5211,0,-1,0,0,1,1,-1
5212,0,-1,0,0,-1,-1,-1
5213,0,-1,0,0,1,1,-1
5214,0,1,0,0,1,-1,-1
5215,0,1,0,0,0,1,-1
5216,0,-1,0,0,0,-1,-1
5217,0,1,0,0,-1,-1,-1
5218,0,-1,0,0,1,1,-1
5219,0,-1,0,-1,1,-1,-1
5220,0,-1,0,0,-1,-1,-1
5221,0,0,0,0,0,1,0
5222,0,1,0,0,1,1,-1
5223,0,1,0,0,0,1,-1
5224,0,-1,0,0,-1,-1,-1
5225,0,-1,0,0,0,1,-1
5226,0,-1,0,-1,-1,-1,-1
5227,0,0,0,0,-1,-1,-1
5228,0,-1,0,0,-1,-1,0
5229,0,-1,0,0,1,1,-1
5230,0,-1,0,0,1,-1,-1
5231,0,-1,0,0,0,-1,-1
5232,0,-1,0,0,1,1,-1
5233,0,-1,0,0,1,1,-1
5234,0,-1,0,0,-1,-1,-1
5235,0,-1,0,0,1,1,-1
5236,0,0,0,0,0,1,-1
5237,0,-1,0,0,0,-1,-1
5238,0,-1,0,0,1,1,-1
5239,0,1,0,0,-1,-1,0
5240,0,-1,0,0,-1,-1,0
5241,0,-1,0,0,1,1,0
5242,0,-1,0,0,0,1,0
5243,0,1,0,0,0,-1,1
5244,0,1,-1,-1,0,-1,-1
5245,0,-1,0,0,1,1,-1
5246,0,-1,0,0,1,1,-1
5247,0,1,0,0,-1,-1,-1
5248,0,1,-1,0,-1,1,-1
5249,0,-1,0,0,1,-1,-1
5250,0,-1,0,0,0,-1,-1
5251,0,-1,1,0,0,1,0
5252,0,1,0,0,1,1,-1
5253,0,-1,0,0,0,1,-1
5254,0,1,0,0,0,-1,0
5255,0,1,0,0,-1,-1,-1
5256,0,1,0,0,1,-1,-1
5257,0,1,0,0,-1,1,0
5258,0,-1,0,0,0,1,-1
5259,0,-1,0,0,1,1,-1
5260,0,-1,0,0,0,1,-1
5261,0,1,0,0,0,-1,-1
5262,0,-1,0,0,1,-1,-1
5263,0,1,0,0,1,-1,-1
5264,0,-1,0,0,-1,-1,-1
5265,0,1,0,0,1,1,-1
5266,0,-1,0,0,1,1,-1
5267,0,-1,0,0,-1,-1,-1
5268,0,1,0,0,1,1,-1
5269,0,1,0,0,0,1,-1
5270,0,1,0,0,1,1,-1
5271,0,1,0,0,0,1,0
5272,0,-1,0,0,1,1,-1
5273,0,-1,1,0,-1,-1,0
5274,0,-1,0,0,-1,-1,-1
5275,0,-1,0,0,0,0,0
5276,0,-1,0,0,0,1,-1
5277,0,-1,-1,0,1,1,1
5278,0,1,0,0,0,1,-1
5279,0,-1,0,0,1,1,0
5280,0,1,0,0,1,1,-1
5281,0,-1,0,0,-1,-1,-1
5282,0,-1,0,0,1,1,1
5283,0,-1,1,0,0,-1,-1
5284,0,-1,0,0,-1,-1,-1
5285,0,1,0,0,-1,-1,-1
5286,0,1,1,0,0,-1,-1
5287,0,-1,0,0,1,1,-1
5288,0,1,0,0,-1,-1,0
5289,0,-1,0,0,0,1,0
5290,0,1,0,0,1,-1,-1
5291,0,-1,0,0,0,-1,-1
5292,0,1,-1,-1,1,-1,-1
5293,0,-1,0,0,-1,-1,-1
5294,0,1,0,0,-1,-1,-1
5295,0,-1,0,0,1,-1,-1
5296,0,-1,0,0,0,-1,0
5297,0,-1,0,0,1,0,-1
5298,0,-1,0,0,1,1,-1
5299,0,-1,0,0,0,1,-1
5300,0,1,0,0,1,1,-1
5301,0,-1,1,0,0,-1,-1
5302,0,-1,0,0,1,1,-1
5303,0,-1,0,0,0,1,0
5304,0,-1,0,0,1,1,0
5305,0,1,0,0,1,-1,-1
5306,0,1,0,-1,1,1,1
5307,0,-1,0,0,0,0,0
5308,0,1,0,0,0,1,-1
5309,0,1,0,0,0,-1,0
5310,0,-1,0,0,1,0,-1
5311,0,1,0,0,1,1,-1
5312,0,1,1,0,0,1,-1
5313,0,1,0,0,1,-1,-1
5314,0,-1,0,0,0,1,0
5315,0,1,0,0,1,1,-1
5316,0,1,0,0,1,1,-1
5317,0,-1,0,0,1,1,-1
5318,0,-1,0,0,-1,-1,0
5319,0,1,0,0,1,-1,-1
5320,0,-1,0,0,1,1,-1
5321,0,1,0,0,1,1,0
5322,0,1,0,0,1,1,-1
5323,0,-1,0,0,0,1,-1
5324,0,1,0,0,1,1,-1
5325,0,-1,0,0,0,1,0
5326,0,0,0,0,0,-1,-1
5327,0,-1,0,1,0,1,-1
5328,0,1,0,0,1,1,-1
5329,0,1,0,0,0,-1,0
5330,0,1,0,0,-1,-1,-1
5331,0,-1,0,0,1,-1,-1
5332,0,-1,0,-1,1,1,-1
5333,0,1,0,0,1,1,-1
5334,0,1,0,0,1,1,0
5335,0,1,0,0,1,1,-1
5336,0,-1,0,0,0,1,-1
5337,0,1,0,0,0,-1,-1
5338,0,-1,0,0,0,-1,-1
5339,0,1,0,0,1,1,-1
5340,0,1,0,0,-1,-1,0
5341,0,-1,0,0,1,-1,-1
5342,0,1,0,0,1,1,-1
5343,0,1,0,0,1,-1,-1
5344,0,1,1,0,0,-1,0
5345,0,1,0,0,1,-1,0
5346,0,-1,0,0,0,1,-1
5347,0,-1,0,0,-1,-1,-1
5348,0,-1,0,0,0,-1,-1
5349,0,-1,0,0,1,1,-1
5350,0,-1,0,0,1,-1,0
5351,0,1,0,0,-1,-1,-1
5352,0,1,0,0,1,1,-1
5353,0,1,0,0,1,1,-1
5354,0,1,1,0,0,1,0
5355,0,-1,-1,-1,0,1,0
5356,0,-1,0,0,0,1,-1
5357,0,-1,0,0,-1,-1,0
5358,0,-1,0,0,1,0,-1
5359,0,1,0,0,0,1,-1
5360,0,1,1,0,0,1,0
5361,0,1,0,0,0,1,0
5362,0,1,0,0,1,-1,-1
5363,0,-1,1,0,1,1,-1
5364,0,1,0,0,1,-1,0
5365,0,-1,0,0,-1,-1,-1
5366,0,1,0,0,1,1,-1
5367,0,-1,0,0,0,1,-1
5368,0,-1,0,0,0,-1,0
5369,0,1,0,0,0,1,-1
5370,0,1,0,0,1,1,-1
5371,0,-1,0,0,-1,-1,-1
5372,0,-1,0,0,1,1,-1
5373,0,-1,0,0,1,-1,-1
5374,0,-1,0,0,1,1,-1
5375,0,-1,0,0,0,-1,-1
5376,0,-1,0,0,-1,-1,-1
5377,0,1,0,0,-1,-1,-1
5378,0,-1,0,1,0,0,0
5379,0,-1,0,0,-1,-1,-1
5380,0,-1,0,0,0,-1,-1
5381,0,1,0,0,1,1,-1
5382,0,1,0,0,1,1,0
5383,0,-1,0,0,1,1,-1
5384,0,1,0,0,1,0,-1
5385,0,-1,0,0,0,1,0
5386,0,-1,0,0,0,-1,0
5387,0,-1,0,0,0,1,-1
5388,0,1,1,0,0,-1,-1
5389,0,-1,0,0,0,-1,-1
5390,0,1,0,1,0,-1,-1
5391,0,-1,0,0,0,1,-1
5392,0,1,0,0,-1,1,-1
5393,0,-1,0,0,-1,-1,-1
5394,0,-1,0,1,0,-1,0
5395,0,-1,0,0,-1,-1,0
5396,0,1,0,0,0,1,0
5397,0,-1,0,0,-1,-1,-1
5398,0,-1,0,0,1,-1,-1
5399,0,1,0,0,0,1,-1
5400,0,1,0,0,-1,-1,0
5401,0,1,0,0,-1,-1,-1
5402,0,-1,0,-1,-1,-1,-1
5403,0,-1,0,0,0,-1,0
5404,0,1,0,0,-1,-1,0
5405,0,-1,0,0,0,-1,0
5406,0,-1,0,0,0,-1,-1
5407,0,-1,0,0,1,1,-1
5408,0,1,0,0,0,0,-1
5409,0,-1,0,0,1,1,0
5410,0,-1,0,0,0,-1,-1
5411,0,1,0,0,0,1,0
5412,0,-1,0,0,1,1,-1
5413,0,-1,0,0,1,1,-1
5414,0,1,0,0,-1,-1,-1
5415,0,-1,0,0,0,1,0
5416,0,-1,0,0,-1,-1,-1
5417,0,1,0,0,1,-1,-1
5418,0,-1,0,0,-1,-1,-1
5419,0,-1,0,0,1,1,-1
5420,0,-1,0,0,-1,-1,-1
5421,0,1,0,0,1,1,-1
5422,0,1,0,0,-1,-1,-1
5423,0,-1,0,0,0,-1,0
5424,0,-1,0,0,1,1,-1
5425,0,-1,1,0,0,-1,0
5426,0,1,0,0,1,1,-1
5427,0,-1,0,0,-1,-1,-1
5428,0,-1,1,0,0,1,0
5429,0,0,0,0,0,-1,0
5430,0,-1,0,0,-1,-1,-1
5431,0,-1,0,0,-1,-1,0
5432,0,-1,0,0,0,1,0
5433,0,1,0,0,-1,-1,-1
5434,0,1,0,0,1,1,0
5435,0,-1,0,0,1,1,-1
5436,0,-1,0,0,1,1,-1
5437,0,-1,0,1,0,1,-1
5438,0,1,0,0,1,1,-1
5439,0,-1,0,0,-1,-1,-1
5440,0,-1,0,0,0,-1,-1
5441,0,-1,0,0,1,-1,-1
5442,0,1,0,0,1,1,-1
5443,0,-1,0,0,0,1,-1
5444,0,-1,0,1,0,1,0
5445,0,-1,0,0,0,1,0
5446,0,1,0,0,0,1,-1
5447,0,-1,0,0,0,-1,-1
5448,0,-1,0,0,0,1,-1
5449,0,-1,0,0,-1,-1,-1
5450,0,-1,0,0,1,1,-1
5451,0,-1,1,0,0,-1,-1
5452,0,1,0,0,1,1,0
5453,0,-1,0,0,-1,-1,-1
5454,0,-1,0,0,-1,-1,0
5455,0,-1,0,0,-1,-1,-1
5456,0,-1,0,0,0,-1,-1
5457,0,-1,0,0,0,1,-1
5458,0,1,0,0,1,1,-1
5459,0,1,0,0,1,1,-1
5460,0,-1,0,0,-1,-1,-1
5461,0,-1,0,0,1,1,-1
5462,0,-1,0,0,0,-1,-1
5463,0,-1,0,0,-1,-1,-1
5464,0,-1,0,0,-1,-1,-1
5465,0,-1,0,0,0,-1,-1
5466,0,1,0,0,0,1,-1
5467,0,-1,0,0,-1,-1,0
5468,0,1,0,1,0,1,-1
5469,0,-1,0,0,1,1,-1
5470,0,-1,0,0,1,1,-1
5471,0,-1,0,0,-1,-1,-1
5472,0,1,0,0,-1,-1,-1
5473,0,-1,0,0,-1,-1,0
5474,0,-1,0,0,-1,-1,-1
5475,0,1,0,0,0,-1,-1
5476,0,-1,0,0,1,1,-1
5477,0,-1,0,0,0,-1,0
5478,0,1,0,0,1,1,-1
5479,0,-1,0,0,-1,-1,-1
5480,0,-1,0,0,1,-1,-1
5481,0,-1,0,0,-1,-1,-1
5482,0,1,0,0,1,-1,-1
5483,0,-1,0,0,-1,-1,-1
5484,0,-1,0,0,1,-1,-1
5485,0,-1,0,0,-1,-1,0
5486,0,-1,0,0,1,1,0
5487,0,-1,0,0,-1,-1,-1
5488,0,-1,0,0,1,1,-1
5489,0,-1,0,0,0,1,-1
5490,0,1,0,-1,1,-1,-1
5491,0,-1,0,0,1,-1,-1
5492,0,-1,0,1,0,1,0
5493,0,1,0,0,0,1,0
5494,0,-1,0,0,1,-1,-1
5495,0,-1,0,0,0,1,-1
5496,0,-1,0,0,-1,-1,-1
5497,0,1,0,0,1,1,-1
5498,0,-1,0,0,-1,-1,-1
5499,0,-1,0,0,-1,-1,-1
5500,0,1,0,0,1,-1,-1
5501,0,1,0,0,1,1,-1
5502,0,-1,0,0,1,1,-1
5503,0,-1,0,0,0,1,-1
5504,0,1,0,0,1,-1,-1
5505,0,-1,0,0,0,1,-1
5506,0,1,0,0,-1,1,0
5507,0,1,0,0,0,1,-1
5508,0,1,0,0,1,1,-1
5509,0,1,0,0,1,-1,-1
5510,0,-1,0,0,-1,-1,-1
5511,0,-1,0,0,1,1,-1
5512,0,-1,0,0,-1,-1,-1
5513,0,1,0,0,1,1,0
5514,0,-1,0,0,1,1,-1
5515,0,1,0,0,1,1,-1
5516,0,1,0,0,0,1,-1
5517,0,1,0,0,1,1,-1
5518,0,-1,0,0,1,1,0
5519,0,-1,0,0,1,-1,-1
5520,0,1,0,0,-1,-1,-1
5521,0,1,0,0,-1,-1,-1
5522,0,-1,0,0,-1,-1,-1
5523,0,-1,0,0,0,1,-1
5524,0,-1,-1,0,0,-1,-1
5525,0,1,0,0,0,1,-1
5526,0,-1,0,0,-1,-1,-1
5527,0,1,0,0,0,-1,-1
5528,0,-1,0,0,1,1,0
5529,0,0,0,0,0,1,-1
5530,0,-1,1,0,0,-1,0
5531,0,-1,1,0,-1,-1,0
5532,0,-1,0,0,-1,-1,-1
5533,0,1,0,-1,-1,-1,-1
5534,0,-1,0,0,1,1,-1
5535,0,1,0,0,0,1,-1
5536,0,1,0,-1,1,1,1
5537,0,-1,0,0,1,-1,-1
5538,0,1,0,0,0,1,0
5539,0,-1,0,1,0,-1,-1
5540,0,-1,0,0,1,1,-1
5541,0,1,0,0,1,1,-1
5542,0,-1,0,0,1,1,-1
5543,0,-1,1,0,-1,-1,-1
5544,0,-1,0,0,1,1,-1
5545,0,-1,0,0,1,1,-1
5546,0,-1,0,0,1,-1,1
5547,0,-1,0,0,0,-1,-1
5548,0,-1,0,0,1,-1,-1
5549,0,-1,0,0,-1,-1,-1
5550,0,-1,0,0,-1,-1,-1
5551,0,1,0,0,1,1,-1
5552,0,1,0,0,0,-1,0
5553,0,-1,0,0,-1,-1,-1
5554,0,1,0,0,1,-1,-1
5555,0,-1,0,0,1,0,-1
5556,0,-1,0,0,1,-1,-1
5557,0,1,0,0,1,1,0
5558,0,-1,0,0,1,1,1
5559,0,-1,0,0,-1,-1,-1
5560,0,-1,0,0,-1,-1,-1
5561,0,-1,0,0,0,1,-1
5562,0,1,0,0,-1,-1,-1
5563,0,1,0,0,1,1,-1
5564,0,-1,1,0,0,-1,-1
5565,0,1,0,0,0,1,-1
5566,0,-1,0,0,1,-1,-1
5567,0,-1,0,0,1,-1,-1
5568,0,-1,0,0,1,1,-1
5569,0,1,0,0,1,1,-1
5570,0,-1,0,0,0,-1,-1
5571,0,-1,0,0,0,1,-1
5572,0,1,0,0,0,1,0
5573,0,1,0,0,-1,1,0
5574,0,-1,0,0,1,-1,-1
5575,0,-1,0,0,1,-1,-1
5576,0,-1,0,0,1,-1,-1
5577,0,-1,0,0,-1,-1,-1
5578,0,-1,0,-1,1,-1,-1
5579,0,-1,0,0,1,-1,-1
5580,0,-1,0,0,1,-1,-1
5581,0,-1,0,0,1,1,-1
5582,0,1,0,0,1,1,0
5583,0,0,0,0,0,1,-1
5584,0,1,0,0,1,1,0
5585,0,-1,0,0,1,-1,-1
5586,0,1,0,0,1,1,-1
5587,0,1,0,0,1,1,-1
5588,0,1,0,0,1,1,0
5589,0,-1,0,0,0,1,0
5590,0,-1,0,0,1,1,-1
5591,0,1,0,0,1,1,1
5592,0,-1,0,0,0,-1,-1
5593,0,1,1,0,0,1,0
5594,0,1,0,0,0,1,-1
5595,0,1,0,0,1,1,-1
5596,0,1,0,0,-1,1,0
5597,0,-1,0,0,1,-1,-1
5598,0,1,0,0,1,1,-1
5599,0,-1,0,0,1,1,0
5600,0,-1,0,0,1,1,-1
5601,0,1,0,0,1,-1,-1
5602,0,1,1,0,0,1,0
5603,0,-1,0,0,-1,-1,-1
5604,0,1,0,0,0,1,-1
5605,0,-1,0,0,-1,-1,-1
5606,0,-1,0,0,1,1,-1
5607,0,1,0,0,0,0,0
5608,0,1,0,0,0,1,-1
5609,0,-1,0,0,1,0,-1
5610,0,-1,0,0,-1,-1,-1
5611,0,-1,0,0,1,-1,0
5612,0,-1,0,0,-1,-1,-1
5613,0,1,0,0,-1,-1,-1
5614,0,1,0,0,1,1,-1
5615,0,-1,0,0,0,1,0
5616,0,-1,0,1,0,-1,-1
5617,0,-1,0,0,1,1,-1
5618,0,1,0,0,1,1,-1
5619,0,1,0,0,1,1,-1
5620,0,-1,0,0,0,1,-1
5621,0,-1,0,0,1,1,-1
5622,0,-1,0,0,0,1,0
5623,0,-1,0,0,1,1,-1
5624,0,1,0,0,1,1,-1
5625,0,-1,0,0,-1,-1,0
5626,0,-1,1,0,-1,-1,0
5627,0,-1,0,0,-1,-1,0
5628,0,1,0,0,-1,-1,-1
5629,0,1,0,0,-1,-1,-1
5630,0,-1,0,0,0,-1,-1
5631,0,-1,0,0,0,-1,0
5632,0,-1,0,0,1,1,-1
5633,0,-1,0,0,1,1,0
5634,0,1,0,0,-1,1,0
5635,0,1,0,0,0,1,-1
5636,0,-1,0,0,-1,-1,0
5637,0,-1,0,0,-1,-1,-1
5638,0,-1,0,0,-1,-1,0
5639,0,-1,0,0,-1,-1,-1
5640,0,-1,0,0,-1,1,-1
5641,0,-1,0,0,0,-1,-1
5642,0,-1,0,0,-1,-1,-1
5643,0,-1,0,0,1,1,-1
5644,0,-1,0,0,0,1,-1
5645,0,1,0,0,1,1,-1
5646,0,-1,0,0,0,1,0
5647,0,-1,0,0,1,1,-1
5648,0,1,0,0,1,-1,-1
5649,0,-1,0,0,-1,-1,-1
5650,0,1,0,0,1,0,-1
5651,0,1,0,0,0,1,0
5652,0,-1,0,-1,-1,-1,-1
5653,0,1,0,0,1,1,-1
5654,0,-1,0,0,-1,-1,-1
5655,0,-1,0,0,1,1,-1
5656,0,1,1,0,-1,-1,0
5657,0,-1,0,0,-1,-1,-1
5658,0,-1,0,0,0,-1,0
5659,0,-1,0,0,1,-1,0
5660,0,1,0,0,-1,-1,-1
5661,0,1,0,0,1,1,-1
5662,0,1,0,0,-1,-1,-1
5663,0,-1,0,0,-1,-1,-1
5664,0,1,0,0,1,1,-1
5665,0,1,0,0,0,1,1
5666,0,1,0,0,1,1,-1
5667,0,-1,0,0,-1,-1,-1
5668,0,1,0,0,0,-1,-1
5669,0,-1,0,0,0,1,-1
5670,0,-1,0,0,1,1,-1
5671,0,-1,0,0,-1,-1,-1
5672,0,-1,0,0,1,1,-1
5673,0,-1,0,0,0,1,0
5674,0,1,0,0,1,1,-1
5675,0,-1,0,0,0,1,-1
5676,0,-1,0,0,-1,-1,-1
5677,0,1,0,0,-1,-1,0
5678,0,-1,0,0,-1,-1,-1
5679,0,-1,0,0,0,1,0
5680,0,1,0,0,1,-1,1
5681,0,1,0,0,0,-1,0
5682,0,1,1,0,0,1,-1
5683,0,-1,0,0,1,1,-1
5684,0,1,0,0,1,1,-1
5685,0,-1,0,0,1,1,0
5686,0,1,1,0,0,-1,-1
5687,0,1,0,0,1,1,-1
5688,0,-1,0,0,0,1,-1
5689,0,1,0,0,1,1,-1
5690,0,-1,0,0,1,1,-1
5691,0,-1,0,0,-1,-1,-1
5692,0,-1,0,0,0,1,-1
5693,0,1,0,0,1,-1,-1
5694,0,-1,0,0,1,-1,-1
5695,0,1,0,0,0,1,0
5696,0,1,0,0,1,1,-1
5697,0,-1,0,0,-1,-1,-1
5698,0,1,0,0,1,1,-1
5699,0,1,0,0,0,-1,-1
5700,0,-1,0,0,1,-1,-1
5701,0,-1,0,0,1,1,-1
5702,0,1,0,0,1,1,-1
5703,0,-1,0,0,1,1,-1
5704,0,-1,0,0,1,0,-1
5705,0,-1,0,0,1,-1,-1
5706,0,-1,0,0,1,1,-1
5707,0,1,0,0,0,1,0
5708,0,-1,0,0,1,1,-1
5709,0,-1,0,0,1,-1,-1
5710,0,-1,0,0,0,-1,-1
5711,0,-1,0,0,-1,-1,-1
5712,0,-1,0,0,0,1,0
5713,0,-1,0,0,1,0,-1
5714,0,-1,0,0,0,1,-1
5715,0,1,1,0,0,0,-1
5716,0,-1,0,0,0,1,-1
5717,0,-1,0,0,1,1,0
5718,0,-1,0,0,0,1,0
5719,0,1,0,0,1,1,-1
5720,0,-1,0,0,-1,1,0
5721,0,-1,0,0,0,1,-1
5722,0,-1,0,0,1,1,-1
5723,0,1,0,0,1,1,0
5724,0,-1,0,0,1,1,-1
5725,0,-1,0,0,1,1,-1
5726,0,1,0,0,1,1,-1
5727,0,-1,0,0,1,1,-1
5728,0,-1,0,0,0,1,0
5729,0,-1,0,0,-1,-1,-1
5730,0,-1,0,0,1,1,0
5731,0,-1,0,0,0,-1,-1
5732,0,1,0,0,-1,-1,-1
5733,0,1,0,0,0,1,0
5734,0,1,-1,0,1,-1,-1
5735,0,1,0,0,1,-1,-1
5736,0,-1,0,0,-1,1,-1
5737,0,1,0,0,1,1,-1
5738,0,1,0,0,0,-1,0
5739,0,1,0,0,1,1,-1
5740,0,1,0,0,0,-1,0
5741,0,1,0,0,1,1,-1
5742,0,-1,0,0,-1,-1,-1
5743,0,1,0,0,0,-1,0
5744,0,-1,0,0,0,-1,-1
5745,0,-1,0,0,1,-1,1
5746,0,-1,0,0,1,1,-1
5747,0,1,0,0,-1,-1,-1
5748,0,-1,0,0,1,-1,-1
5749,0,-1,0,-1,-1,-1,0
5750,0,1,0,0,1,-1,-1
5751,0,1,0,0,0,1,-1
5752,0,1,0,0,0,-1,0
5753,0,-1,0,0,-1,1,0
5754,0,1,1,0,0,1,-1
5755,0,-1,0,0,-1,-1,-1
5756,0,-1,0,0,-1,-1,-1
5757,0,-1,0,0,-1,-1,-1
5758,0,-1,0,0,1,-1,-1
5759,0,-1,0,0,-1,-1,-1
5760,0,-1,0,0,1,-1,1
5761,0,-1,0,0,0,-1,-1
5762,0,-1,0,0,1,-1,-1
5763,0,1,1,0,0,1,-1
5764,0,1,0,0,1,1,-1
5765,0,-1,1,0,0,-1,0
5766,0,-1,0,0,1,-1,1
5767,0,-1,0,0,1,1,-1
5768,0,1,0,0,1,1,0
5769,0,-1,0,0,1,1,0
5770,0,1,0,0,0,1,0
5771,0,-1,0,0,1,1,-1
5772,0,-1,0,0,-1,-1,-1
5773,0,1,0,0,-1,1,0
5774,0,-1,0,0,0,1,-1
5775,0,1,0,0,0,-1,0
5776,0,-1,0,0,1,1,-1
5777,0,-1,0,0,0,1,-1
5778,0,-1,0,0,-1,-1,0
5779,0,-1,0,0,1,1,-1
5780,0,-1,0,0,0,-1,-1
5781,0,1,0,0,1,1,-1
5782,0,1,0,0,1,-1,-1
5783,0,-1,0,0,-1,-1,-1
5784,0,1,0,0,1,-1,-1
5785,0,-1,0,0,0,1,-1
5786,0,0,0,0,-1,-1,-1
5787,0,-1,0,0,1,1,0
5788,0,1,0,0,0,1,-1
5789,0,-1,0,-1,-1,-1,0
5790,0,-1,0,0,0,1,0
5791,0,-1,0,0,1,1,-1
5792,0,1,0,0,1,1,-1
5793,0,-1,0,0,1,-1,-1
5794,0,-1,0,0,1,-1,-1
5795,0,-1,0,0,-1,-1,-1
5796,0,-1,0,0,0,1,-1
5797,0,-1,0,0,-1,-1,-1
5798,0,1,0,0,1,1,-1
5799,0,1,0,0,0,-1,-1
5800,0,-1,0,-1,-1,-1,-1
5801,0,-1,0,0,1,-1,-1
5802,0,-1,0,0,-1,-1,-1
5803,0,-1,1,0,1,1,-1
5804,0,-1,0,0,-1,-1,-1
5805,0,-1,0,0,1,1,-1
5806,0,-1,0,0,1,1,0
5807,0,-1,0,0,0,1,-1
5808,0,1,0,0,1,1,-1
5809,0,-1,0,0,1,1,-1
5810,0,-1,0,0,1,-1,1
5811,0,1,0,0,0,-1,0
5812,0,1,0,0,0,-1,-1
5813,0,-1,0,0,1,-1,-1
5814,0,-1,0,0,1,1,-1
5815,0,-1,0,0,1,1,-1
5816,0,-1,0,0,-1,1,-1
5817,0,1,0,0,1,1,0
5818,0,-1,0,0,0,1,-1
5819,0,1,0,0,1,1,-1
5820,0,-1,0,0,1,1,1
5821,0,-1,0,0,0,1,0
5822,0,1,0,0,0,1,-1
5823,0,1,0,0,0,0,-1
5824,0,-1,0,0,0,1,0
5825,0,-1,0,0,1,1,-1
5826,0,1,0,0,1,1,0
5827,0,-1,0,0,-1,-1,-1
5828,0,-1,0,0,-1,1,-1
5829,0,-1,0,0,-1,-1,1
5830,0,-1,0,-1,-1,-1,-1
5831,0,-1,0,0,1,1,-1
5832,0,1,-1,0,0,-1,0
5833,0,1,1,0,-1,-1,-1
5834,0,-1,1,0,0,1,0
5835,0,1,0,0,-1,-1,-1
5836,0,-1,0,0,0,-1,0
5837,0,-1,0,0,-1,-1,-1
5838,0,1,0,0,1,1,-1
5839,0,1,0,0,-1,-1,-1
5840,0,1,0,0,0,-1,0
5841,0,-1,0,0,1,1,-1
5842,0,1,0,0,0,1,0
5843,0,-1,0,0,1,-1,-1
5844,0,-1,0,0,1,-1,-1
5845,0,1,0,0,1,-1,1
5846,0,-1,1,0,0,-1,-1
5847,0,1,0,0,0,1,0
5848,0,-1,0,0,0,-1,0
5849,0,-1,0,0,0,1,-1
5850,0,-1,0,0,1,-1,-1
5851,0,1,0,0,-1,-1,0
5852,0,-1,0,0,1,1,-1
5853,0,-1,0,-1,1,-1,-1
5854,0,-1,0,0,1,1,-1
5855,0,-1,0,0,-1,-1,0
5856,0,-1,0,0,1,-1,-1
5857,0,1,0,0,-1,-1,-1
5858,0,-1,0,0,0,1,-1
5859,0,-1,0,0,1,-1,-1
5860,0,1,0,0,1,1,-1
5861,0,-1,0,0,-1,-1,-1
5862,0,1,0,0,1,0,0
5863,0,-1,0,-1,-1,-1,0
5864,0,-1,1,0,0,-1,-1
5865,0,1,0,0,0,1,-1
5866,0,1,0,0,1,1,-1
5867,0,1,0,0,1,-1,0
5868,0,1,0,0,-1,1,-1
5869,0,-1,0,0,0,1,-1
5870,0,-1,0,0,1,-1,-1
5871,0,-1,0,0,0,1,-1
5872,0,1,0,0,0,-1,-1
5873,0,-1,0,0,1,1,-1
5874,0,-1,0,0,1,1,-1
5875,0,-1,0,0,0,-1,0
5876,0,-1,1,0,0,-1,-1
5877,0,-1,0,0,1,1,0
5878,0,0,0,0,0,1,-1
5879,0,-1,0,0,-1,-1,0
5880,0,1,0,0,0,1,-1
5881,0,-1,0,0,1,-1,-1
5882,0,1,0,0,1,-1,-1
5883,0,1,0,0,1,1,-1
5884,0,1,0,0,-1,-1,-1
5885,0,-1,0,0,1,1,-1
5886,0,-1,0,0,-1,-1,-1
5887,0,1,0,-1,1,1,-1
5888,0,1,0,0,1,1,-1
5889,0,1,0,0,0,1,-1
5890,0,0,0,0,0,1,0
5891,0,1,0,0,1,1,-1
5892,0,-1,0,0,0,1,-1
5893,0,1,0,0,1,1,-1
5894,0,1,0,0,1,1,-1
5895,0,1,0,0,0,1,-1
5896,0,-1,0,0,-1,-1,0
5897,0,-1,0,0,1,-1,-1
5898,0,1,0,0,1,1,0
5899,0,1,0,0,1,1,-1
5900,0,-1,0,0,1,-1,-1
5901,0,-1,0,0,-1,-1,-1
5902,0,-1,0,0,-1,-1,0
5903,0,1,0,0,-1,-1,-1
5904,0,-1,0,0,-1,-1,-1
5905,0,-1,0,0,-1,-1,-1
5906,0,-1,0,0,0,1,-1
5907,0,1,0,0,1,0,-1
5908,0,-1,0,0,1,-1,-1
5909,0,-1,0,0,-1,-1,0
5910,0,-1,0,0,-1,-1,-1
5911,0,-1,0,0,0,-1,-1
5912,0,1,0,0,0,1,-1
5913,0,-1,0,0,1,-1,-1
5914,0,1,0,0,-1,-1,-1
5915,0,1,0,0,1,1,-1
5916,0,-1,0,0,0,1,-1
5917,0,-1,0,0,-1,-1,-1
5918,0,-1,0,0,-1,1,0
5919,0,1,0,0,0,1,-1
5920,0,1,0,0,0,-1,-1
5921,0,1,0,0,1,1,-1
5922,0,-1,0,0,1,1,-1
5923,0,-1,0,0,1,1,-1
5924,0,-1,0,0,0,1,-1
5925,0,1,0,0,1,-1,1
5926,0,1,0,0,1,1,0
5927,0,1,0,0,-1,-1,0
5928,0,-1,0,0,-1,-1,-1
5929,0,-1,0,0,1,1,-1
5930,0,1,0,0,-1,-1,-1
5931,0,1,0,0,1,-1,-1
5932,0,-1,0,0,0,1,-1
5933,0,-1,0,0,1,1,-1
5934,0,-1,0,0,-1,-1,0
5935,0,-1,0,0,0,-1,0
5936,0,1,0,0,-1,-1,0
5937,0,0,0,0,0,1,-1
5938,0,-1,0,0,1,1,-1
5939,0,-1,-1,0,0,1,-1
5940,0,1,0,0,1,1,-1
5941,0,-1,0,0,-1,-1,-1
5942,0,1,0,0,0,1,0
5943,0,-1,0,0,1,-1,-1
5944,0,-1,0,0,0,1,-1
5945,0,1,0,0,1,-1,0
5946,0,-1,0,0,-1,-1,1
5947,0,-1,0,0,0,0,-1
5948,0,1,0,0,1,1,-1
5949,0,-1,0,0,1,1,-1
5950,0,-1,0,-1,0,1,-1
5951,0,1,0,0,0,1,-1
5952,0,-1,0,0,-1,-1,-1
5953,0,1,0,0,0,1,-1
5954,0,-1,0,0,0,-1,-1
5955,0,-1,0,0,-1,-1,-1
5956,0,-1,0,0,1,1,-1
5957,0,-1,0,0,0,1,0
5958,0,1,1,0,0,-1,0
5959,0,1,0,-1,1,1,-1
5960,0,1,0,0,1,1,0
5961,0,-1,0,-1,1,1,-1
5962,0,1,0,0,0,1,-1
5963,0,-1,0,0,0,1,-1
5964,0,1,0,0,0,1,0
5965,0,-1,-1,0,-1,-1,-1
5966,0,-1,0,0,-1,1,-1
5967,0,-1,0,0,1,-1,0
5968,0,1,0,0,0,1,-1
5969,0,-1,0,0,-1,-1,0
5970,0,-1,0,0,-1,-1,0
5971,0,-1,0,0,-1,-1,0
5972,0,-1,0,0,1,1,-1
5973,0,1,0,0,0,1,-1
5974,0,-1,0,0,0,1,0
5975,0,1,0,1,0,1,-1
5976,0,-1,0,0,1,-1,-1
5977,0,-1,0,-1,-1,-1,-1
5978,0,1,0,0,1,-1,-1
5979,0,-1,0,0,0,1,-1
5980,0,-1,0,0,0,1,-1
5981,0,-1,0,0,0,-1,-1
5982,0,-1,0,0,0,1,-1
5983,0,-1,0,0,-1,-1,-1
5984,0,1,0,0,-1,-1,-1
5985,0,-1,0,0,0,1,0
5986,0,-1,0,0,0,1,-1
5987,0,-1,0,0,1,-1,-1
5988,0,1,-1,0,1,1,-1
5989,0,1,0,0,0,1,0
5990,0,1,0,0,1,1,-1
5991,0,-1,0,0,-1,-1,-1
5992,0,1,0,0,-1,-1,0
5993,0,-1,0,0,0,1,-1
5994,0,1,0,0,0,1,0
5995,0,1,1,0,0,1,-1
5996,0,-1,1,0,0,-1,0
5997,0,1,0,0,0,1,-1
5998,0,1,0,0,1,-1,-1
5999,0,1,0,0,1,1,-1
6000,0,-1,0,0,-1,-1,-1
6001,0,-1,0,0,1,-1,-1
6002,0,1,0,1,0,-1,0
6003,0,-1,0,0,1,1,-1
6004,0,-1,0,0,-1,-1,0
6005,0,1,0,0,1,1,-1
6006,0,-1,1,0,0,1,-1
6007,0,-1,0,0,-1,-1,-1
6008,0,-1,0,0,0,1,-1
6009,0,-1,0,0,1,-1,-1
6010,0,1,0,0,0,1,-1
6011,0,-1,0,0,-1,-1,-1
6012,0,-1,0,0,-1,-1,-1
6013,0,1,0,0,0,1,0
6014,0,-1,0,-1,-1,-1,-1
6015,0,-1,0,0,-1,-1,-1
6016,0,-1,0,0,0,-1,-1
6017,0,1,-1,-1,1,1,-1
6018,0,-1,1,0,0,1,0
6019,0,1,0,0,0,-1,0
6020,0,1,0,0,1,1,-1
6021,0,-1,0,0,1,1,-1
6022,0,-1,0,0,-1,-1,-1
6023,0,-1,0,0,-1,-1,-1
6024,0,-1,0,0,1,1,-1
6025,0,-1,0,0,-1,-1,-1
6026,0,-1,0,0,0,-1,-1
6027,0,-1,0,0,1,-1,-1
6028,0,-1,0,0,1,-1,-1
6029,0,1,0,0,1,1,-1
6030,0,1,0,0,1,1,-1
6031,0,-1,0,0,-1,-1,-1
6032,0,1,0,0,0,1,-1
6033,0,1,0,0,1,1,-1
6034,0,1,0,0,-1,-1,0
6035,0,-1,0,0,0,1,-1
6036,0,-1,0,0,1,-1,-1
6037,0,-1,0,0,0,-1,0
6038,0,-1,0,0,-1,-1,-1
6039,0,1,0,0,1,1,-1
6040,0,-1,0,0,1,1,0
6041,0,1,0,0,0,1,-1
6042,0,-1,0,0,1,-1,0
6043,0,-1,0,0,0,1,0
6044,0,-1,0,0,1,-1,-1
6045,0,-1,0,0,0,1,-1
6046,0,1,0,0,1,1,-1
6047,0,1,0,0,0,1,-1
6048,0,-1,0,0,-1,-1,-1
6049,0,1,0,0,1,1,-1
6050,0,-1,0,0,-1,-1,-1
6051,0,-1,0,0,1,-1,-1
6052,0,1,0,0,-1,-1,-1
6053,0,-1,0,0,1,-1,-1
6054,0,-1,0,0,1,1,-1
6055,0,-1,0,0,1,-1,-1
6056,0,-1,0,0,-1,-1,-1
6057,0,-1,0,-1,-1,-1,0
6058,0,1,0,0,0,1,0
6059,0,-1,0,0,1,1,0
6060,0,-1,0,0,-1,-1,-1
6061,0,-1,0,0,-1,-1,-1
6062,0,-1,0,0,1,-1,-1
6063,0,-1,0,0,-1,-1,-1
6064,0,-1,1,0,0,1,-1
6065,0,-1,0,0,-1,-1,0
6066,0,-1,0,0,-1,-1,0
6067,0,-1,0,0,-1,-1,1
6068,0,-1,0,0,0,-1,-1
6069,0,1,0,0,1,1,-1
6070,0,-1,0,0,1,1,-1
6071,0,-1,0,0,1,1,-1
6072,0,-1,0,0,1,1,-1
6073,0,-1,0,0,1,1,-1
6074,0,-1,0,0,1,1,-1
6075,0,-1,0,0,-1,-1,-1
6076,0,1,0,0,1,1,-1
6077,0,-1,0,0,-1,-1,-1
6078,0,1,0,0,1,-1,-1
6079,0,1,1,0,1,1,-1
6080,0,-1,0,-1,1,1,-1
6081,0,1,0,0,0,1,-1
6082,0,1,0,0,0,1,-1
6083,0,-1,0,0,0,-1,-1
6084,0,-1,0,0,-1,-1,-1
6085,0,1,0,0,-1,-1,-1
6086,0,1,0,0,1,1,0
6087,0,1,0,0,1,-1,-1
6088,0,-1,0,0,0,1,-1
6089,0,-1,0,0,-1,-1,-1
6090,0,1,-1,-1,0,1,-1
6091,0,-1,0,0,-1,-1,-1
6092,0,-1,0,0,1,1,-1
6093,0,1,0,0,0,1,-1
6094,0,1,0,0,0,1,0
6095,0,1,0,0,1,-1,1
6096,0,1,1,0,0,1,0
6097,0,-1,0,0,0,1,-1
6098,0,-1,0,0,-1,-1,-1
6099,0,-1,0,0,1,1,-1
6100,0,1,0,0,1,1,-1
6101,0,-1,0,0,1,1,-1
6102,0,1,0,0,1,1,-1
6103,0,-1,0,0,1,1,-1
6104,0,-1,0,0,1,-1,0
6105,0,1,0,0,0,1,0
6106,0,-1,0,-1,1,-1,-1
6107,0,-1,0,0,1,1,-1
6108,0,-1,0,0,1,1,-1
6109,0,1,0,0,1,1,1
6110,0,-1,0,0,0,1,-1
6111,0,-1,0,0,0,-1,-1
6112,0,1,0,0,-1,-1,1
6113,0,1,0,0,1,1,-1
6114,0,1,0,0,1,1,-1
6115,0,-1,0,0,0,1,-1
6116,0,-1,0,0,1,1,0
6117,0,-1,0,0,0,-1,-1
6118,0,1,0,0,-1,1,-1
6119,0,1,0,0,-1,1,0
6120,0,-1,0,0,0,-1,0
6121,0,-1,0,0,1,-1,-1
6122,0,-1,1,0,0,-1,0
6123,0,-1,0,0,-1,-1,-1
6124,0,-1,0,0,1,1,-1
6125,0,-1,0,0,-1,-1,-1
6126,0,1,0,0,-1,-1,-1
6127,0,1,0,0,0,1,0
6128,0,-1,0,0,0,1,-1
6129,0,-1,0,0,0,-1,0
6130,0,-1,0,0,0,-1,-1
6131,0,-1,1,0,-1,-1,-1
6132,0,1,0,0,0,1,-1
6133,0,-1,0,0,0,0,-1
6134,0,1,0,0,1,-1,-1
6135,0,1,0,1,-1,-1,-1
6136,0,-1,0,0,0,-1,-1
6137,0,-1,0,0,1,1,-1
6138,0,1,0,0,1,1,-1
6139,0,-1,0,0,1,-1,-1
6140,0,1,0,0,0,-1,0
6141,0,-1,-1,0,0,-1,0
6142,0,-1,0,0,-1,-1,0
6143,0,-1,0,0,-1,-1,-1
6144,0,-1,0,0,1,-1,-1
6145,0,-1,0,-1,-1,-1,0
6146,0,-1,0,0,1,-1,-1
6147,0,1,0,0,-1,-1,0
6148,0,1,0,0,1,1,0
6149,0,-1,0,0,0,1,-1
6150,0,-1,0,0,1,-1,-1
6151,0,-1,0,0,1,1,-1
6152,0,1,0,0,1,1,-1
6153,0,-1,0,0,0,-1,0
6154,0,-1,0,0,-1,-1,-1
6155,0,-1,0,0,0,1,-1
6156,0,-1,0,0,1,1,-1
6157,0,1,1,0,0,1,0
6158,0,1,0,0,1,1,-1
6159,0,-1,0,0,0,0,0
6160,0,-1,0,0,-1,-1,-1
6161,0,-1,0,0,-1,-1,-1
6162,0,-1,0,0,1,1,0
6163,0,1,0,0,1,-1,-1
6164,0,-1,0,0,1,-1,-1
6165,0,1,0,0,1,-1,-1
6166,0,1,0,0,1,1,-1
6167,0,-1,0,0,0,1,-1
6168,0,1,0,0,1,1,-1
6169,0,-1,0,0,0,1,-1
6170,0,-1,0,0,-1,-1,-1
6171,0,-1,0,0,1,1,-1
6172,0,-1,0,0,1,1,-1
6173,0,1,0,0,1,-1,-1
6174,0,-1,0,0,1,-1,0
6175,0,-1,0,1,1,1,-1
6176,0,1,0,0,1,1,-1
6177,0,-1,0,0,1,-1,-1
6178,0,-1,0,0,0,1,-1
6179,0,-1,0,0,-1,-1,-1
6180,0,-1,0,0,0,1,-1
6181,0,-1,0,0,0,-1,0
6182,0,1,0,0,1,1,-1
6183,0,1,0,0,1,-1,-1
6184,0,-1,0,0,-1,-1,-1
6185,0,-1,0,0,0,-1,-1
6186,0,-1,0,0,0,1,0
6187,0,-1,0,0,1,1,-1
6188,0,1,0,0,-1,-1,-1
6189,0,1,0,0,1,-1,-1
6190,0,-1,0,0,0,-1,-1
6191,0,-1,0,0,1,1,-1
6192,0,1,0,0,0,1,0
6193,0,-1,0,0,-1,-1,-1
6194,0,1,0,0,1,1,0
6195,0,-1,0,0,1,1,0
6196,0,-1,0,0,0,-1,0
6197,0,-1,0,0,0,-1,-1
6198,0,1,0,0,1,1,1
6199,0,-1,0,0,-1,-1,0
6200,0,-1,0,-1,1,1,-1
6201,0,-1,0,0,1,1,-1
6202,0,-1,0,0,-1,-1,-1
6203,0,1,1,0,0,-1,-1
6204,0,-1,0,0,1,1,-1
6205,0,-1,0,0,-1,-1,1
6206,0,0,0,0,0,1,-1
6207,0,-1,0,0,0,-1,-1
6208,0,1,0,0,0,-1,-1
6209,0,-1,0,0,0,1,-1
6210,0,-1,0,0,0,1,-1
6211,0,-1,0,0,1,1,-1
6212,0,-1,-1,0,0,1,-1
6213,0,1,0,0,1,1,-1
6214,0,-1,0,0,0,1,-1
6215,0,-1,0,0,1,1,1
6216,0,1,0,0,1,1,-1
6217,0,-1,0,0,0,1,-1
6218,0,1,0,0,1,1,-1
6219,0,-1,0,0,0,-1,-1
6220,0,-1,0,-1,-1,-1,-1
6221,0,1,0,0,-1,-1,-1
6222,0,-1,0,0,1,1,0
6223,0,-1,1,0,0,1,0
6224,0,-1,0,0,1,1,0
6225,0,-1,0,0,0,1,-1
6226,0,1,0,0,-1,-1,-1
6227,0,-1,0,0,1,-1,-1
6228,0,-1,0,0,-1,-1,-1
6229,0,-1,0,0,0,1,-1
6230,0,-1,0,0,-1,-1,-1
6231,0,1,0,0,-1,-1,-1
6232,0,-1,0,0,1,-1,-1
6233,0,1,0,0,-1,-1,-1
6234,0,1,0,0,1,1,-1
6235,0,1,0,0,0,1,0
6236,0,-1,0,0,0,0,0
6237,0,-1,0,0,0,1,0
6238,0,-1,0,0,0,-1,-1
6239,0,1,0,0,0,-1,0
6240,0,-1,0,0,0,1,0
6241,0,-1,0,0,0,-1,-1
6242,0,1,0,0,0,1,-1
6243,0,1,1,0,0,1,-1
6244,0,1,0,0,1,1,-1
6245,0,-1,0,0,-1,-1,-1
6246,0,-1,0,0,-1,-1,1
6247,0,-1,0,0,-1,-1,-1
6248,0,-1,0,0,-1,0,-1
6249,0,-1,0,0,0,1,-1
6250,0,-1,0,0,-1,1,1
6251,0,1,0,0,1,-1,-1
6252,0,1,0,0,1,1,-1
6253,0,1,0,0,0,1,-1
6254,0,1,0,0,1,-1,-1
6255,0,-1,0,0,1,-1,-1
6256,0,1,0,0,0,1,-1
6257,0,-1,0,0,1,1,-1
6258,0,1,0,0,1,1,-1
6259,0,-1,0,0,-1,-1,-1
6260,0,-1,0,0,1,1,-1
6261,0,1,0,0,1,1,-1
6262,0,1,0,0,1,1,-1
6263,0,-1,0,0,0,-1,-1
6264,0,-1,0,0,0,1,-1
6265,0,-1,0,0,1,1,-1
6266,0,1,0,0,1,1,-1
6267,0,1,0,0,1,1,-1
6268,0,-1,0,0,1,1,-1
6269,0,1,0,0,1,1,-1
6270,0,-1,0,0,-1,-1,-1
6271,0,1,0,0,0,1,-1
6272,0,1,0,0,-1,-1,-1
6273,0,1,0,0,1,-1,-1
6274,0,1,0,0,-1,-1,1
6275,0,-1,0,0,1,-1,-1
6276,0,1,0,0,-1,-1,0
6277,0,-1,0,0,-1,-1,-1
6278,0,1,0,0,0,1,0
6279,0,-1,0,0,0,0,-1
6280,0,-1,0,0,1,1,-1
6281,0,-1,0,0,-1,-1,-1
6282,0,-1,0,0,0,1,0
6283,0,-1,0,0,1,-1,-1
6284,0,-1,0,0,1,1,-1
6285,0,-1,0,0,1,1,-1
6286,0,-1,0,0,1,-1,0
6287,0,-1,0,0,0,1,0
6288,0,-1,0,0,0,1,-1
6289,0,-1,0,0,1,1,-1
6290,0,-1,0,0,1,-1,-1
6291,0,-1,0,0,-1,-1,-1
6292,0,-1,0,0,0,1,0
6293,0,-1,0,0,1,1,-1
6294,0,-1,0,0,-1,-1,-1
6295,0,1,0,0,0,-1,-1
6296,0,1,0,0,1,1,-1
6297,0,-1,0,0,1,-1,0
6298,0,1,0,0,-1,-1,-1
6299,0,1,0,0,-1,-1,0
6300,0,-1,0,0,1,1,0
6301,0,-1,0,0,0,1,-1
6302,0,-1,0,0,1,-1,-1
6303,0,-1,0,0,-1,-1,0
6304,0,-1,0,0,0,1,0
6305,0,1,1,0,0,1,0
6306,0,1,0,0,1,-1,0
6307,0,1,0,0,-1,-1,0
6308,0,-1,0,0,-1,-1,0
6309,0,1,0,0,-1,0,-1
6310,0,-1,0,0,-1,-1,-1
6311,0,-1,0,0,1,1,-1
6312,0,-1,0,-1,0,1,-1
6313,0,-1,1,0,0,1,0
6314,0,1,0,0,1,-1,-1
6315,0,-1,0,0,0,-1,-1
6316,0,-1,0,0,1,1,-1
6317,0,1,0,0,-1,-1,0
6318,0,-1,0,0,-1,-1,-1
6319,0,-1,0,0,-1,-1,-1
6320,0,-1,0,0,1,-1,0
6321,0,1,0,0,1,1,-1
6322,0,-1,0,0,1,1,1
6323,0,-1,0,0,1,-1,-1
6324,0,-1,0,0,1,1,-1
6325,0,-1,0,0,0,-1,-1
6326,0,-1,0,0,-1,-1,-1
6327,0,1,0,0,1,1,-1
6328,0,-1,0,0,0,1,-1
6329,0,1,0,0,0,-1,-1
6330,0,-1,0,0,1,1,0
6331,0,-1,0,-1,0,-1,0
6332,0,-1,0,0,1,1,-1
6333,0,1,0,0,1,1,-1
6334,0,1,0,0,1,-1,-1
6335,0,1,0,0,1,1,-1
6336,0,1,0,1,0,-1,-1
6337,0,-1,0,0,0,-1,-1
6338,0,1,0,0,1,1,-1
6339,0,1,0,0,1,-1,-1
6340,0,-1,0,0,0,1,-1
6341,0,1,0,0,0,1,-1
6342,0,-1,0,0,-1,-1,-1
6343,0,1,0,0,0,-1,-1
6344,0,-1,0,0,-1,-1,0
6345,0,-1,0,0,1,-1,-1
6346,0,-1,0,0,-1,-1,-1
6347,0,1,0,0,0,1,-1
6348,0,1,0,0,0,-1,-1
6349,0,-1,0,0,-1,-1,-1
6350,0,-1,0,0,1,1,-1
6351,0,1,0,0,1,1,-1
6352,0,-1,0,0,0,1,-1
6353,0,-1,0,0,0,-1,0
6354,0,-1,0,0,1,1,-1
6355,0,-1,0,0,1,-1,-1
6356,0,-1,0,0,1,-1,-1
6357,0,1,0,0,1,1,-1
6358,0,1,0,0,-1,-1,-1
6359,0,1,0,0,-1,-1,-1
6360,0,-1,0,0,-1,-1,-1
6361,0,-1,0,0,-1,-1,-1
6362,0,-1,0,0,0,-1,-1
6363,0,-1,0,0,1,1,-1
6364,0,-1,0,0,-1,-1,-1
6365,0,-1,0,0,0,1,1
6366,0,-1,0,0,0,1,-1
6367,0,1,0,0,1,1,-1
6368,0,-1,0,0,-1,-1,0
6369,0,-1,0,0,1,-1,-1
6370,0,-1,0,0,1,1,-1
6371,0,-1,0,0,1,1,-1
6372,0,-1,0,0,0,1,0
6373,0,1,0,0,1,1,-1
6374,0,-1,0,0,-1,-1,-1
6375,0,1,0,0,0,1,0
6376,0,-1,0,0,1,1,0
6377,0,1,0,0,-1,-1,0
6378,0,-1,0,0,1,1,-1
6379,0,-1,0,0,1,1,0
6380,0,-1,0,1,0,1,-1
6381,0,-1,0,0,-1,-1,-1
6382,0,-1,0,0,0,1,-1
6383,0,1,0,0,1,1,-1
6384,0,1,0,0,0,1,-1
6385,0,1,0,0,1,1,-1
6386,0,1,-1,-1,1,1,-1
6387,0,1,0,0,1,-1,-1
6388,0,-1,0,0,-1,-1,-1
6389,0,1,0,0,0,1,0
6390,0,1,0,0,0,1,-1
6391,0,-1,0,0,1,1,0
6392,0,-1,0,0,1,-1,-1
6393,0,1,0,0,1,-1,-1
6394,0,-1,0,0,-1,1,-1
6395,0,1,1,0,0,1,0
6396,0,1,0,0,0,-1,-1
6397,0,1,0,0,0,1,-1
6398,0,-1,0,0,1,-1,-1
6399,0,-1,0,0,0,1,-1
6400,0,-1,0,0,0,1,-1
6401,0,1,0,0,0,1,-1
6402,0,-1,0,0,0,-1,0
6403,0,-1,1,0,0,1,-1
6404,0,-1,0,0,1,1,0
6405,0,-1,0,0,1,1,-1
6406,0,0,0,0,0,1,-1
6407,0,1,0,0,1,1,-1
6408,0,1,0,0,0,1,-1
6409,0,-1,0,0,1,1,-1
6410,0,-1,0,0,1,-1,-1
6411,0,1,0,0,1,1,-1
6412,0,-1,0,0,0,-1,0
6413,0,-1,0,0,1,-1,-1
6414,0,-1,0,1,0,-1,-1
6415,0,-1,0,0,0,-1,0
6416,0,-1,0,0,1,-1,1
6417,0,1,0,0,0,-1,-1
6418,0,1,0,0,1,1,-1
6419,0,-1,0,0,1,1,-1
6420,0,-1,0,0,1,-1,-1
6421,0,1,0,0,1,1,-1
6422,0,-1,0,0,0,-1,-1
6423,0,1,0,0,1,1,-1
6424,0,-1,0,0,0,-1,-1
6425,0,-1,0,0,-1,-1,-1
6426,0,-1,0,0,-1,-1,-1
6427,0,1,0,0,1,1,-1
6428,0,-1,0,0,1,-1,-1
6429,0,1,0,0,0,1,0
6430,0,-1,0,0,0,1,-1
6431,0,-1,0,0,0,-1,-1
6432,0,-1,0,0,0,1,-1
6433,0,-1,0,0,1,1,-1
6434,0,-1,0,0,0,1,0
6435,0,1,0,0,1,-1,-1
6436,0,1,0,0,1,-1,-1
6437,0,-1,0,0,1,1,-1
6438,0,1,0,0,1,1,0
6439,0,1,0,0,0,1,-1
6440,0,1,0,0,-1,-1,-1
6441,0,1,0,0,1,-1,0
6442,0,1,-1,0,1,-1,-1
6443,0,1,0,0,1,-1,-1
6444,0,1,0,0,1,1,0
6445,0,-1,0,0,1,0,-1
6446,0,1,0,0,0,1,-1
6447,0,1,0,0,1,1,-1
6448,0,1,0,0,0,-1,-1
6449,0,-1,0,0,1,1,0
6450,0,1,0,0,1,1,-1
6451,0,-1,0,0,-1,-1,-1
6452,0,-1,0,0,-1,-1,-1
6453,0,-1,0,0,-1,-1,-1
6454,0,1,1,0,1,1,-1
6455,0,-1,0,0,1,-1,-1
6456,0,-1,0,0,0,1,-1
6457,0,-1,0,0,-1,-1,-1
6458,0,1,0,0,0,1,0
6459,0,-1,0,0,1,1,-1
6460,0,-1,0,0,-1,-1,0
6461,0,1,0,0,1,1,-1
6462,0,-1,0,1,0,-1,-1
6463,0,-1,0,0,-1,-1,-1
6464,0,-1,0,0,0,-1,-1
6465,0,-1,1,0,-1,-1,0
6466,0,-1,0,0,-1,-1,0
6467,0,1,0,0,-1,1,-1
6468,0,1,0,0,0,1,0
6469,0,-1,0,0,0,1,-1
6470,0,-1,0,0,1,1,-1
6471,0,-1,0,0,1,1,-1
6472,0,-1,0,0,-1,-1,0
6473,0,-1,1,0,0,-1,0
6474,0,-1,0,0,1,-1,-1
6475,0,1,0,0,0,1,-1
6476,0,-1,0,0,1,1,-1
6477,0,1,0,0,1,-1,-1
6478,0,1,0,0,-1,1,-1
6479,0,1,0,0,0,-1,0
6480,0,1,0,0,0,1,-1
6481,0,-1,0,0,1,-1,-1
6482,0,-1,0,1,-1,-1,0
6483,0,1,0,0,1,-1,0
6484,0,-1,0,0,1,1,-1
6485,0,1,0,0,1,1,0
6486,0,1,0,0,0,1,0
6487,0,-1,0,0,-1,-1,-1
6488,0,-1,0,0,-1,-1,0
6489,0,-1,0,0,1,1,-1
6490,0,1,0,0,0,-1,-1
6491,0,1,0,0,0,1,-1
6492,0,-1,0,0,-1,-1,0
6493,0,-1,0,0,1,-1,-1
6494,0,1,0,0,1,1,-1
6495,0,1,0,0,-1,0,-1
6496,0,-1,0,0,1,1,-1
6497,0,-1,0,0,0,1,0
6498,0,-1,-1,0,1,-1,-1
6499,0,1,0,0,1,1,-1
6500,0,-1,0,0,0,-1,-1
6501,0,-1,-1,0,0,1,-1
6502,0,-1,0,0,1,1,-1
6503,0,-1,0,0,1,1,-1
6504,0,1,0,0,1,1,-1
6505,0,1,0,0,1,1,-1
6506,0,-1,0,0,1,1,-1
6507,0,-1,0,0,1,0,-1
6508,0,-1,0,0,1,1,1
6509,0,-1,0,0,-1,-1,-1
6510,0,-1,0,0,1,1,-1
6511,0,-1,0,0,0,-1,-1
6512,0,-1,0,0,-1,1,-1
6513,0,1,0,0,1,-1,-1
6514,0,-1,0,0,1,1,-1
6515,0,-1,0,0,-1,-1,-1
6516,0,1,0,0,1,1,-1
6517,0,-1,0,0,-1,-1,-1
6518,0,1,0,0,-1,1,-1
6519,0,-1,0,0,-1,-1,-1
6520,0,-1,0,0,0,-1,-1
6521,0,-1,0,0,1,1,-1
6522,0,1,0,0,0,1,-1
6523,0,-1,0,0,1,1,-1
6524,0,1,-1,-1,1,-1,-1
6525,0,-1,0,0,-1,-1,0
6526,0,-1,0,0,0,-1,-1
6527,0,-1,0,0,1,1,-1
6528,0,1,1,0,0,1,-1
6529,0,-1,0,0,1,1,-1
6530,0,-1,0,0,0,1,-1
6531,0,1,0,0,1,1,-1
6532,0,1,0,0,-1,-1,-1
6533,0,1,0,0,1,-1,1
6534,0,-1,0,0,-1,-1,-1
6535,0,1,0,0,1,1,-1
6536,0,1,0,0,0,1,-1
6537,0,-1,0,0,1,1,-1
6538,0,1,1,0,0,1,0
6539,0,-1,0,0,0,1,1
6540,0,1,0,0,1,1,0
6541,0,-1,0,0,1,1,-1
6542,0,-1,0,0,0,-1,-1
6543,0,-1,0,0,1,1,-1
6544,0,-1,0,0,-1,-1,-1
6545,0,-1,0,0,0,1,-1
6546,0,-1,0,0,1,1,-1
6547,0,1,0,0,1,1,-1
6548,0,1,0,0,-1,1,-1
6549,0,-1,0,0,-1,-1,0
6550,0,-1,0,0,1,1,-1
6551,0,1,0,-1,0,1,-1
6552,0,1,0,0,1,1,0
6553,0,1,0,0,0,1,-1
6554,0,-1,0,0,-1,1,-1
6555,0,-1,0,0,-1,1,-1
6556,0,1,0,0,1,-1,-1
6557,0,1,0,0,0,-1,-1
6558,0,1,0,0,1,1,-1
6559,0,1,0,0,0,-1,0
6560,0,-1,0,0,-1,-1,-1
6561,0,-1,0,0,-1,-1,0
6562,0,-1,0,0,0,-1,-1
6563,0,-1,0,0,-1,-1,-1
6564,0,-1,0,0,0,1,0
6565,0,1,0,0,1,-1,-1
6566,0,-1,0,0,1,-1,-1
6567,0,1,0,0,0,-1,-1
6568,0,-1,0,0,-1,-1,-1
6569,0,1,0,0,-1,-1,-1
6570,0,-1,0,0,1,1,-1
6571,0,-1,0,-1,0,1,0
6572,0,-1,0,0,-1,-1,-1
6573,0,-1,0,0,1,-1,-1
6574,0,1,0,0,-1,-1,1
6575,0,1,0,0,0,1,0
6576,0,-1,0,0,0,0,-1
6577,0,-1,0,0,1,1,-1
6578,0,-1,0,0,0,-1,0
6579,0,-1,0,0,1,1,-1
6580,0,1,0,0,-1,-1,-1
6581,0,-1,0,0,0,1,-1
6582,0,1,0,0,0,1,-1
6583,0,1,0,0,0,0,0
6584,0,-1,0,0,1,1,0
6585,0,-1,0,0,-1,-1,-1
6586,0,-1,0,0,0,1,0
6587,0,-1,0,0,-1,-1,-1
6588,0,-1,0,-1,1,-1,-1
6589,0,-1,0,0,0,-1,-1
6590,0,-1,0,0,1,-1,-1
6591,0,1,0,0,0,1,-1
6592,0,1,0,0,1,1,-1
6593,0,-1,0,0,1,1,-1
6594,0,-1,0,0,0,1,-1
6595,0,-1,0,0,0,0,0
6596,0,-1,0,0,1,-1,-1
6597,0,-1,0,0,1,1,-1
6598,0,-1,0,0,1,1,-1
6599,0,1,0,0,0,1,-1
6600,0,-1,0,0,1,-1,0
6601,0,1,0,0,1,1,-1
6602,0,-1,0,0,1,-1,-1
6603,0,-1,0,1,0,-1,0
6604,0,0,0,0,0,-1,-1
6605,0,-1,0,0,1,1,-1
6606,0,-1,0,0,1,1,-1
6607,0,1,0,0,0,1,0
6608,0,-1,0,0,-1,-1,0
6609,0,-1,0,0,1,1,-1
6610,0,-1,0,0,1,1,-1
6611,0,1,0,0,-1,-1,-1
6612,0,-1,0,0,1,1,-1
6613,0,-1,0,0,1,1,-1
6614,0,-1,0,0,1,-1,-1
6615,0,1,0,0,1,1,-1
6616,0,1,0,0,0,1,0
6617,0,-1,0,0,-1,-1,0
6618,0,1,0,0,1,1,-1
6619,0,-1,0,0,-1,-1,-1
6620,0,-1,0,0,0,1,-1
6621,0,-1,1,0,0,1,-1
6622,0,-1,0,0,1,1,-1
6623,0,1,0,0,0,1,-1
6624,0,1,0,0,0,-1,0
6625,0,1,0,0,1,1,1
6626,0,-1,0,0,-1,-1,-1
6627,0,-1,0,0,0,1,0
6628,0,-1,0,0,1,1,0
6629,0,0,0,0,0,1,-1
6630,0,-1,0,0,0,-1,-1
6631,0,-1,0,0,0,1,-1
6632,0,-1,-1,0,0,1,-1
6633,0,-1,0,0,1,1,-1
6634,0,1,0,0,1,1,-1
6635,0,-1,0,0,0,1,-1
6636,0,1,0,0,1,1,-1
6637,0,-1,-1,0,0,-1,0
6638,0,1,0,0,0,1,0
6639,0,-1,0,0,0,-1,-1
6640,0,1,0,0,0,-1,-1
6641,0,1,0,1,-1,-1,1
6642,0,-1,0,0,1,1,-1
6643,0,-1,1,0,0,1,-1
6644,0,-1,0,0,1,1,0
6645,0,-1,0,0,0,1,-1
6646,0,-1,0,0,-1,-1,0
6647,0,-1,0,0,1,1,-1
6648,0,-1,0,0,-1,-1,-1
6649,0,1,0,0,0,-1,-1
6650,0,-1,1,0,0,1,0
6651,0,1,0,0,0,-1,-1
6652,0,1,1,0,0,-1,0
6653,0,1,0,0,1,-1,-1
6654,0,-1,0,0,-1,-1,-1
6655,0,-1,0,0,-1,-1,-1
6656,0,1,0,0,-1,-1,0
6657,0,-1,0,0,1,1,-1
6658,0,1,0,0,1,1,-1
6659,0,-1,0,0,1,-1,-1
6660,0,-1,0,0,0,1,0
6661,0,-1,0,0,-1,0,-1
6662,0,-1,-1,0,-1,-1,0
6663,0,-1,0,0,0,1,-1
6664,0,-1,0,0,1,1,-1
6665,0,-1,0,0,-1,-1,-1
6666,0,-1,1,0,0,-1,-1
6667,0,1,0,0,0,1,-1
6668,0,1,0,0,0,1,0
6669,0,-1,0,0,0,1,-1
6670,0,-1,0,0,-1,-1,0
6671,0,-1,0,0,-1,-1,-1
6672,0,1,0,0,-1,1,-1
6673,0,-1,0,0,0,-1,-1
6674,0,1,0,0,1,1,-1
6675,0,-1,0,0,0,-1,0
6676,0,-1,0,0,-1,-1,-1
6677,0,-1,0,0,-1,-1,1
6678,0,1,0,0,1,-1,-1
6679,0,-1,0,0,1,1,-1
6680,0,-1,0,1,0,-1,-1
6681,0,-1,0,0,1,1,-1
6682,0,-1,0,0,0,1,0
6683,0,1,0,0,1,1,-1
6684,0,-1,0,1,0,-1,1
6685,0,-1,0,0,1,-1,-1
6686,0,1,0,0,1,1,-1
6687,0,1,0,0,1,-1,-1
6688,0,-1,-1,-1,-1,-1,0
6689,0,1,0,0,1,1,0
6690,0,1,0,0,1,-1,-1
6691,0,-1,0,0,1,1,-1
6692,0,1,0,0,0,1,-1
6693,0,-1,0,0,1,-1,0
6694,0,-1,0,0,1,-1,-1
6695,0,-1,0,0,1,1,-1
6696,0,-1,0,0,0,1,0
6697,0,-1,0,0,1,-1,-1
6698,0,-1,0,0,-1,-1,-1
6699,0,-1,0,0,0,1,0
6700,0,1,0,0,0,1,-1
6701,0,-1,0,0,0,-1,-1
6702,0,1,0,0,0,1,1
6703,0,-1,0,0,1,1,1
6704,0,-1,0,0,0,-1,-1
6705,0,1,0,0,0,-1,0
6706,0,-1,0,0,1,1,-1
6707,0,1,0,0,1,-1,-1
6708,0,1,0,0,1,1,0
6709,0,1,0,0,1,1,-1
6710,0,-1,0,0,-1,-1,-1
6711,0,-1,0,0,-1,1,-1
6712,0,1,0,0,1,1,-1
6713,0,1,0,0,0,1,-1
6714,0,1,0,0,-1,1,-1
6715,0,1,0,0,-1,1,-1
6716,0,-1,0,0,1,-1,-1
6717,0,-1,1,0,-1,-1,0
6718,0,-1,0,0,1,-1,-1
6719,0,1,0,0,1,-1,0
6720,0,-1,0,0,-1,-1,-1
6721,0,-1,0,0,-1,-1,0
6722,0,-1,0,0,-1,-1,-1
6723,0,1,0,0,0,1,-1
6724,0,-1,0,0,-1,-1,-1
6725,0,-1,0,0,0,1,-1
6726,0,-1,0,0,0,-1,-1
6727,0,1,0,0,-1,-1,0
6728,0,1,0,0,1,-1,-1
6729,0,-1,0,0,1,1,-1
6730,0,-1,0,0,-1,-1,-1
6731,0,1,0,0,1,1,-1
6732,0,-1,0,0,-1,-1,-1
6733,0,-1,0,0,0,-1,-1
6734,1,-1,0,0,0,0,-1
6735,1,1,0,0,0,0,-1
6736,1,1,0,0,0,0,-1
6737,1,-1,0,0,0,0,-1
6738,1,-1,0,0,1,0,0
6739,1,-1,0,0,0,0,-1
6740,1,1,0,0,0,0,-1
6741,1,1,0,0,0,0,0
6742,1,1,0,0,0,0,-1
6743,0,0,0,0,0,0,-1
6744,1,1,0,0,0,0,-1
6745,0,0,0,0,0,0,-1
6746,1,-1,0,0,1,0,-1
6747,0,0,0,0,0,0,-1
6748,1,-1,0,0,0,0,0
6749,0,-1,0,0,0,0,-1
6750,1,1,0,0,1,0,-1
6751,1,1,0,0,1,0,-1
6752,1,1,0,0,0,0,0
6753,1,1,0,0,0,0,-1
6754,-1,-1,0,0,0,0,0
6755,1,1,0,0,1,0,-1
6756,1,1,0,0,0,0,0
6757,0,0,0,0,0,0,-1
6758,1,1,0,0,0,0,0
6759,1,-1,0,0,0,0,-1
6760,1,1,0,0,0,0,-1
6761,1,1,0,0,0,0,-1
6762,1,-1,0,0,0,0,-1
6763,1,-1,0,0,0,0,-1
6764,0,0,0,0,0,0,-1
6765,1,1,0,0,1,0,-1
6766,1,-1,0,0,1,0,-1
6767,0,0,0,0,0,0,-1
6768,-1,-1,0,0,0,0,-1
6769,1,-1,0,0,0,0,-1
6770,1,1,0,0,-1,0,-1
6771,1,1,0,0,1,0,-1
6772,0,0,0,0,0,0,-1
6773,0,0,0,0,0,0,-1
6774,1,-1,0,0,1,0,-1
6775,1,-1,0,0,0,0,0
6776,1,-1,0,0,1,0,-1
6777,1,1,0,0,0,0,0
6778,1,1,0,0,1,0,-1
6779,1,1,0,0,0,0,-1
6780,1,1,0,0,0,0,-1
6781,0,0,0,0,0,0,-1
6782,1,1,0,0,0,0,-1
6783,1,-1,0,0,-1,0,0
6784,0,0,0,0,0,0,-1
6785,1,-1,0,0,0,0,-1
6786,1,-1,0,0,0,0,-1
6787,0,-1,0,0,0,0,0
6788,1,-1,0,0,0,0,-1
6789,1,1,0,0,0,0,-1
6790,1,1,0,0,0,0,-1
6791,1,1,0,0,1,0,-1
6792,1,1,0,0,0,0,-1
6793,1,-1,0,0,0,0,0
6794,0,-1,0,0,0,0,-1
6795,1,-1,0,0,0,0,0
6796,1,1,0,0,0,0,0
6797,1,1,0,0,1,0,-1
6798,1,-1,0,0,0,0,-1
6799,1,1,0,0,0,0,-1
6800,0,0,0,0,0,0,-1
6801,1,-1,0,0,0,0,0
6802,1,1,0,0,0,0,0
6803,1,-1,0,0,-1,0,0
6804,1,-1,0,0,0,0,-1
6805,1,1,0,0,0,0,-1
6806,1,-1,0,0,0,0,-1
6807,1,1,0,0,1,0,0
6808,1,1,0,0,0,0,-1
6809,0,0,0,0,0,0,0
6810,1,1,0,0,0,0,-1
6811,1,-1,0,0,0,0,-1
6812,0,1,0,0,1,0,-1
6813,-1,-1,0,0,0,0,-1
6814,1,1,0,0,0,0,-1
6815,1,-1,0,0,1,0,1
6816,1,1,0,0,1,0,-1
6817,1,-1,0,0,0,0,0
6818,1,1,0,0,0,0,-1
6819,1,-1,0,0,0,0,-1
6820,0,-1,0,0,0,0,-1
6821,1,-1,0,0,0,0,0
6822,1,1,0,0,0,0,0
6823,1,1,0,0,1,0,-1
6824,1,-1,0,0,1,0,-1
6825,1,1,0,0,1,0,-1
6826,1,-1,0,0,0,0,0
6827,1,1,0,0,0,0,-1
6828,1,1,0,0,-1,0,-1
6829,-1,1,0,0,-1,0,-1
6830,0,0,0,0,0,0,-1
6831,0,0,0,0,0,0,-1
6832,1,1,0,0,0,0,0
6833,0,1,0,0,0,0,-1
6834,1,-1,0,0,0,0,0
6835,1,-1,0,0,0,0,-1
6836,-1,1,0,0,0,0,0
6837,1,-1,0,0,1,0,-1
6838,1,-1,0,0,0,0,-1
6839,1,-1,0,0,0,0,1
6840,1,-1,0,0,1,0,1
6841,1,-1,0,0,1,0,-1
6842,1,-1,0,0,0,0,-1
6843,0,0,0,0,0,0,-1
6844,-1,-1,0,0,0,0,0
6845,0,1,0,0,0,0,-1
6846,1,1,0,0,0,0,-1
6847,1,1,0,0,-1,0,0
6848,1,1,0,0,0,0,-1
6849,1,-1,0,0,0,0,-1
6850,0,-1,0,0,1,0,-1
6851,1,1,0,0,0,0,-1
6852,1,1,0,0,0,0,-1
6853,1,1,0,0,0,0,-1
6854,-1,-1,0,0,0,0,1
6855,1,1,0,0,0,0,0
6856,0,0,0,0,0,0,-1
6857,1,1,0,0,0,0,0
6858,1,1,0,0,0,0,-1
6859,0,-1,0,0,0,0,-1
6860,1,1,0,0,0,0,-1
6861,1,-1,0,0,0,0,-1
6862,0,0,0,0,0,0,0
6863,1,1,0,0,1,0,-1
6864,1,-1,0,0,0,0,-1
6865,0,0,0,0,0,0,-1
6866,1,1,0,0,0,0,0
6867,1,-1,0,0,1,0,-1
6868,1,-1,0,0,0,0,0
6869,0,0,0,0,-1,0,-1
6870,1,1,0,0,0,0,-1
6871,1,-1,0,0,0,0,-1
6872,1,1,0,0,0,0,0
6873,1,1,0,0,0,0,0
6874,1,-1,0,0,0,0,0
6875,1,-1,0,0,0,0,-1
6876,1,-1,0,0,0,0,0
6877,1,-1,0,0,0,0,-1
6878,0,0,0,0,0,0,-1
6879,0,0,0,0,0,0,-1
6880,1,-1,0,0,0,0,-1
6881,1,1,0,0,0,0,0
6882,0,0,0,0,0,0,-1
6883,1,1,0,0,0,0,-1
6884,1,1,0,0,0,0,0
6885,1,1,0,0,-1,0,-1
6886,1,-1,0,0,0,0,-1
6887,1,-1,0,0,0,0,0
6888,1,-1,0,0,0,0,0
6889,-1,1,0,0,0,0,0
6890,-1,1,0,0,0,0,-1
6891,1,1,0,0,1,0,-1
6892,1,-1,0,0,1,0,-1
6893,1,-1,0,0,1,0,-1
6894,1,1,0,0,1,0,1
6895,1,-1,0,0,1,0,-1
6896,0,0,0,0,0,0,0
6897,1,1,0,0,0,0,-1
6898,1,1,0,0,1,0,0
6899,1,1,0,0,0,0,-1
6900,1,-1,0,0,1,0,-1
6901,1,-1,0,0,0,0,0
6902,1,1,0,0,1,0,-1
6903,0,-1,0,0,0,0,-1
6904,-1,-1,0,0,0,0,0
6905,1,-1,0,0,1,0,-1
6906,1,-1,0,0,0,0,-1
6907,0,0,0,0,0,0,-1
6908,0,-1,0,0,-1,0,0
6909,1,-1,0,0,-1,0,-1
6910,1,-1,0,0,-1,0,-1
6911,1,1,0,0,0,0,0
6912,0,0,0,0,0,0,-1
6913,1,-1,0,0,1,0,-1
6914,1,-1,0,0,0,0,-1
6915,0,0,0,0,0,0,-1
6916,1,1,0,0,0,0,-1
6917,1,-1,0,0,0,0,-1
6918,1,1,0,0,0,0,-1
6919,1,-1,0,0,0,0,-1
6920,1,1,0,0,0,0,-1
6921,1,1,0,0,0,0,-1
6922,0,0,0,0,0,0,-1
6923,0,-1,0,0,1,0,0
6924,0,0,0,0,0,0,-1
6925,1,-1,0,0,0,0,0
6926,1,-1,0,0,0,0,-1
6927,1,1,0,0,0,0,-1
6928,1,1,0,0,0,0,-1
6929,1,1,0,0,1,0,-1
6930,1,1,0,0,0,0,0
6931,1,1,0,0,1,0,-1
6932,1,1,0,0,0,0,0
6933,1,-1,0,0,1,0,0
6934,0,0,0,0,0,0,-1
6935,1,-1,0,0,-1,0,-1
6936,1,-1,0,0,0,0,-1
6937,1,1,0,0,0,0,-1
6938,1,1,0,0,0,0,0
6939,1,1,0,0,0,0,0
6940,1,-1,0,0,0,0,0
6941,1,1,0,0,1,0,0
6942,1,-1,0,0,0,0,0
6943,1,-1,0,0,0,0,0
6944,0,-1,0,0,-1,0,-1
6945,-1,-1,0,0,1,0,-1
6946,1,1,0,0,1,0,-1
6947,1,1,0,0,-1,0,-1
6948,1,1,0,0,0,0,-1
6949,0,0,0,0,0,0,-1
6950,1,1,0,0,0,0,-1
6951,1,1,0,0,0,0,0
6952,1,-1,0,0,1,0,-1
6953,0,1,0,0,0,0,0
6954,0,1,0,0,0,0,-1
6955,1,1,0,0,0,0,0
6956,1,-1,0,0,0,0,-1
6957,1,-1,0,0,0,0,0
6958,1,-1,0,0,-1,0,0
6959,0,-1,0,0,0,0,0
6960,1,-1,0,0,0,0,-1
6961,1,-1,0,0,0,0,-1
6962,1,-1,0,0,-1,0,-1
6963,1,-1,0,0,0,0,-1
6964,1,-1,0,0,1,0,-1
6965,1,1,0,0,0,0,-1
6966,1,0,0,0,0,0,-1
6967,1,1,0,0,0,0,0
6968,1,1,0,0,-1,0,-1
6969,1,1,0,0,0,0,-1
6970,0,0,0,0,0,0,-1
6971,0,0,0,0,0,0,-1
6972,1,-1,0,0,-1,0,0
6973,1,1,0,0,0,0,0
6974,-1,1,0,0,0,0,-1
6975,1,-1,0,0,0,0,-1
6976,-1,-1,0,0,0,0,-1
6977,0,0,0,0,0,0,-1
6978,1,-1,0,0,0,0,0
6979,1,-1,0,0,0,0,-1
6980,1,-1,0,0,0,0,0
6981,1,-1,0,0,0,0,-1
6982,1,-1,0,0,0,0,0
6983,-1,0,0,0,0,0,0
6984,1,-1,0,0,-1,0,-1
6985,1,1,0,0,1,0,-1
6986,0,0,0,0,0,0,-1
6987,0,-1,0,0,0,0,-1
6988,1,-1,0,0,0,0,0
6989,1,1,0,0,0,0,-1
6990,1,1,0,0,0,0,0
6991,1,-1,0,0,0,0,-1
6992,1,-1,0,0,-1,0,0
6993,1,-1,0,0,0,0,-1
6994,1,1,0,0,-1,0,0
6995,0,-1,0,0,0,0,-1
6996,1,-1,0,0,-1,0,0
6997,1,-1,0,0,1,0,-1
6998,1,-1,0,0,0,0,-1
6999,1,-1,0,0,0,0,-1
7000,1,1,0,0,0,0,-1
7001,1,-1,0,0,0,0,0
7002,1,1,0,0,0,0,0
7003,1,-1,0,0,0,0,-1
7004,-1,1,0,0,0,0,-1
7005,0,0,0,0,0,0,-1
7006,1,-1,0,0,0,0,0
7007,1,1,0,0,-1,0,0
7008,-1,1,0,0,0,0,0
7009,0,0,0,0,0,0,-1
7010,1,-1,0,0,0,0,-1
7011,1,1,0,0,1,0,-1
7012,0,-1,0,0,-1,0,-1
7013,0,-1,0,0,-1,0,-1
7014,0,-1,0,0,0,0,-1
7015,0,0,0,0,0,0,-1
7016,1,1,0,0,0,0,0
7017,1,1,0,0,0,0,-1
7018,1,1,0,0,1,0,1
7019,1,-1,0,0,0,0,0
7020,1,-1,0,0,0,0,0
7021,1,1,0,0,0,0,0
7022,1,-1,0,0,1,0,0
7023,1,-1,0,0,0,0,-1
7024,1,1,0,0,0,0,-1
7025,0,-1,0,0,0,0,-1
7026,1,1,0,0,0,0,1
7027,0,0,0,0,0,0,-1
7028,0,-1,0,0,0,0,-1
7029,0,0,0,0,0,0,-1
7030,1,-1,0,0,0,0,-1
7031,1,1,0,0,0,0,-1
7032,1,1,0,0,0,0,-1
7033,1,-1,0,0,1,0,-1
7034,1,-1,0,0,-1,0,0
7035,1,1,0,0,0,0,0
7036,0,-1,0,0,0,0,-1
7037,1,-1,0,0,0,0,-1
7038,0,1,0,0,1,0,-1
7039,1,1,0,0,1,0,-1
7040,1,1,0,0,0,0,-1
7041,1,1,0,0,1,0,-1
7042,1,1,0,0,0,0,0
7043,1,-1,0,0,0,0,0
7044,0,1,0,0,0,0,0
7045,1,-1,0,0,1,0,-1
7046,1,-1,0,0,-1,0,-1
7047,1,1,0,0,0,0,0
7048,1,1,0,0,0,0,-1
7049,1,1,0,0,0,0,-1
7050,1,1,0,0,0,0,-1
7051,0,0,0,0,0,0,-1
7052,1,1,0,0,0,0,0
7053,1,-1,0,0,0,0,0
7054,1,0,0,0,0,0,1
7055,1,-1,0,0,0,0,-1
7056,1,-1,0,0,0,0,0
7057,1,-1,0,0,-1,0,-1
7058,1,1,0,0,1,0,-1
7059,1,-1,0,0,0,0,0
7060,1,1,0,0,0,0,-1
7061,0,0,0,0,0,0,1
7062,1,1,0,0,0,0,0
7063,1,-1,0,0,0,0,0
7064,1,1,0,0,0,0,-1
7065,1,-1,0,0,-1,0,-1
7066,1,1,0,0,0,0,0
7067,1,-1,0,0,0,0,-1
7068,0,-1,0,0,0,0,-1
7069,1,1,0,0,0,0,0
7070,1,-1,0,0,-1,0,-1
7071,0,0,0,0,0,0,-1
7072,1,1,0,0,0,0,-1
7073,1,-1,0,0,0,0,-1
7074,1,-1,0,0,0,0,-1
7075,1,-1,0,0,-1,0,-1
7076,1,-1,0,0,0,0,0
7077,0,0,0,0,0,0,-1
7078,1,-1,0,0,1,0,-1
7079,1,-1,0,0,1,0,-1
7080,1,-1,0,0,0,0,-1
7081,1,-1,0,0,0,0,0
7082,1,-1,0,0,0,0,-1
7083,1,-1,0,0,0,0,0
7084,1,1,0,0,0,0,-1
7085,1,1,0,0,0,0,0
7086,1,-1,0,0,0,0,0
7087,0,0,0,0,0,0,-1
7088,1,1,0,0,1,0,-1
7089,1,-1,0,0,0,0,0
7090,0,-1,0,0,0,0,-1
7091,1,1,0,0,0,0,-1
7092,1,1,0,0,1,0,0
7093,0,0,0,0,0,0,-1
7094,1,1,0,0,0,0,0
7095,1,-1,0,0,1,0,-1
7096,0,0,0,0,0,0,-1
7097,1,1,0,0,1,0,-1
7098,1,1,0,0,0,0,-1
7099,1,-1,0,0,1,0,-1
7100,1,1,0,0,0,0,-1
7101,1,-1,0,0,0,0,-1
7102,1,1,0,0,0,0,0
7103,1,-1,0,0,0,0,0
7104,1,1,0,0,0,0,0
7105,0,0,0,0,0,0,-1
7106,1,-1,0,0,0,0,-1
7107,1,-1,0,0,0,0,-1
7108,1,1,0,0,0,0,-1
7109,1,-1,0,0,0,0,-1
7110,0,0,0,0,0,0,0
7111,1,1,0,0,-1,0,-1
7112,1,-1,0,0,0,0,-1
7113,1,-1,0,0,0,0,-1
7114,1,-1,0,0,0,0,-1
7115,1,1,0,0,0,0,0
7116,1,-1,0,0,0,0,-1
7117,1,-1,0,0,1,0,1
7118,1,1,0,0,0,0,-1
7119,0,-1,0,0,0,0,0
7120,1,1,0,0,0,0,-1
7121,1,1,0,0,0,0,0
7122,1,-1,0,0,0,0,-1
7123,1,1,0,0,1,0,-1
7124,1,1,0,0,0,0,-1
7125,1,1,0,0,1,0,0
7126,1,-1,0,0,0,0,-1
7127,1,1,0,0,1,0,0
7128,1,1,0,0,0,0,0
7129,-1,1,0,0,-1,0,-1
7130,1,-1,0,0,1,0,-1
7131,1,1,0,0,1,0,-1
7132,1,1,0,0,0,0,0
7133,1,1,0,0,0,0,0
7134,1,1,0,0,1,0,-1
7135,1,1,0,0,0,0,-1
7136,1,-1,0,0,-1,0,-1
7137,1,1,0,0,0,0,-1
7138,1,-1,0,0,1,0,-1
7139,1,1,0,0,0,0,-1
7140,1,1,0,0,0,0,-1
7141,0,0,0,0,0,0,-1
7142,0,0,0,0,0,0,-1
7143,1,-1,0,0,1,0,-1
7144,1,1,0,0,0,0,-1
7145,1,-1,0,0,0,0,0
7146,0,0,0,0,0,0,-1
7147,1,-1,0,0,0,0,-1
7148,1,1,0,0,1,0,-1
7149,1,-1,0,0,0,0,-1
7150,1,-1,0,0,0,0,-1
7151,1,-1,0,0,0,0,0
7152,1,-1,0,0,0,0,-1
7153,1,-1,0,0,0,0,-1
7154,1,1,0,0,0,0,-1
7155,1,-1,0,0,-1,0,-1
7156,1,-1,0,0,0,0,-1
7157,-1,-1,0,0,0,0,-1
7158,1,1,0,0,1,0,-1
7159,1,1,0,0,0,0,1
7160,1,1,0,0,0,0,0
7161,0,0,0,0,0,0,-1
7162,1,1,0,0,1,0,-1
7163,-1,1,0,0,0,0,-1
7164,1,-1,0,0,0,0,0
7165,1,-1,0,0,0,0,-1
7166,1,-1,0,0,-1,0,0
7167,1,-1,0,0,0,0,0
7168,1,-1,0,0,0,0,0
7169,1,1,0,0,0,0,-1
7170,1,1,0,0,1,0,-1
7171,0,0,0,0,0,0,-1
7172,1,-1,0,0,0,0,-1
7173,1,1,0,0,1,0,-1
7174,1,-1,0,0,0,0,-1
7175,1,1,0,0,0,0,-1
7176,1,-1,0,0,0,0,1
7177,1,-1,0,0,0,0,0
7178,1,-1,0,0,0,0,-1
7179,1,-1,0,0,0,0,-1
7180,1,-1,0,0,0,0,1
7181,0,0,0,0,0,0,-1
7182,0,0,0,0,0,0,-1
7183,1,-1,0,0,1,0,-1
7184,1,1,0,0,0,0,-1
7185,1,-1,0,0,1,0,0
7186,1,-1,0,0,0,0,0
7187,1,-1,0,0,0,0,0
7188,1,1,0,0,0,0,0
7189,1,1,0,0,-1,0,-1
7190,0,0,0,0,0,0,-1
7191,1,1,0,0,1,0,0
7192,1,-1,0,0,0,0,0
7193,1,-1,0,0,0,0,-1
7194,1,1,0,0,0,0,0
7195,1,-1,0,0,0,0,-1
7196,1,1,0,0,0,0,0
7197,1,1,0,0,0,0,-1
7198,1,-1,0,0,0,0,0
7199,1,1,0,0,0,0,-1
7200,0,0,0,0,0,0,-1
7201,1,1,0,0,0,0,0
7202,0,0,0,0,0,0,-1
7203,1,-1,0,0,0,0,0
7204,1,1,0,0,1,0,0
7205,1,-1,0,0,0,0,-1
7206,0,0,0,0,0,0,0
7207,1,1,0,0,0,0,-1
7208,1,1,0,0,1,0,-1
7209,1,-1,0,0,-1,0,-1
7210,1,-1,0,0,0,0,-1
7211,1,-1,0,0,1,0,-1
7212,1,1,0,0,0,0,0
7213,1,1,0,0,1,0,0
7214,1,-1,0,0,-1,0,-1
7215,1,-1,0,0,0,0,0
7216,1,-1,0,0,0,0,-1
7217,1,1,0,0,0,0,0
7218,1,1,0,0,0,0,-1
7219,1,1,0,0,0,0,-1
7220,1,-1,0,0,0,0,-1
7221,-1,-1,0,0,0,0,-1
7222,1,-1,0,0,-1,0,0
7223,1,-1,0,0,1,0,-1
7224,1,-1,0,0,0,0,-1
7225,1,-1,0,0,1,0,-1
7226,1,1,0,0,1,0,-1
7227,1,1,0,0,-1,0,0
7228,1,1,0,0,0,0,-1
7229,1,-1,0,0,0,0,0
7230,1,-1,0,0,0,0,-1
7231,1,1,0,0,1,0,-1
7232,1,-1,0,0,0,0,0
7233,1,1,0,0,1,0,-1
7234,1,-1,0,0,-1,0,-1
7235,1,1,0,0,-1,0,-1
7236,1,1,0,0,0,0,0
7237,1,1,0,0,0,0,0
7238,1,1,0,0,0,0,-1
7239,1,1,0,0,-1,0,-1
7240,1,-1,0,0,0,0,-1
7241,1,-1,0,0,1,0,-1
7242,1,1,0,0,0,0,0
7243,0,0,0,0,0,0,-1
7244,1,1,0,0,0,0,-1
7245,1,-1,0,0,0,0,-1
7246,1,1,0,0,0,0,-1
7247,1,1,0,0,0,0,0
7248,0,0,0,0,0,0,-1
7249,0,0,0,0,0,0,-1
7250,0,0,0,0,-1,0,-1
7251,1,-1,0,0,-1,0,-1
7252,1,1,0,0,0,0,0
7253,1,1,0,0,0,0,0
7254,1,-1,0,0,0,0,-1
7255,1,-1,0,0,0,0,-1
7256,0,0,0,0,-1,0,-1
7257,1,-1,0,0,0,0,-1
7258,1,-1,0,0,0,0,0
7259,0,0,0,0,0,0,-1
7260,0,0,0,0,0,0,-1
7261,1,1,0,0,0,0,-1
7262,1,-1,0,0,1,0,-1
7263,1,1,0,0,0,0,0
7264,1,1,0,0,-1,0,-1
7265,1,-1,0,0,-1,0,-1
7266,1,-1,0,0,1,0,-1
7267,1,-1,0,0,0,0,-1
7268,-1,1,0,0,-1,0,-1
7269,-1,-1,0,0,-1,0,-1
7270,1,1,0,0,1,0,-1
7271,1,-1,0,0,0,0,0
7272,1,-1,0,0,0,0,0
7273,1,1,0,0,0,0,0
7274,-1,1,0,0,0,0,0
7275,1,-1,0,0,0,0,-1
7276,1,-1,0,0,-1,0,-1
7277,0,-1,0,0,0,0,-1
7278,1,-1,0,0,0,0,-1
7279,1,-1,0,0,0,0,-1
7280,1,-1,0,0,0,0,0
7281,1,-1,0,0,0,0,-1
7282,1,-1,0,0,0,0,0
7283,1,-1,0,0,0,0,-1
7284,1,-1,0,0,1,0,0
7285,1,-1,0,0,0,0,-1
7286,1,-1,0,0,1,0,-1
7287,1,-1,0,0,0,0,-1
7288,1,-1,0,0,1,0,-1
7289,1,1,0,0,1,0,-1
7290,1,-1,0,0,-1,0,-1
7291,0,0,0,0,0,0,-1
7292,1,-1,0,0,0,0,0
7293,1,-1,0,0,0,0,-1
7294,0,-1,0,0,0,0,-1
7295,-1,0,0,0,0,0,0
7296,1,-1,0,0,0,0,-1
7297,1,-1,0,0,0,0,0
7298,1,-1,0,0,0,0,0
7299,1,1,0,0,0,0,0
7300,1,1,0,0,0,0,-1
7301,1,-1,0,0,1,0,0
7302,0,1,0,0,0,0,0
7303,1,1,0,0,0,0,0
7304,0,-1,0,0,0,0,0
7305,1,-1,0,0,0,0,0
7306,1,-1,0,0,1,0,0
7307,1,-1,0,0,0,0,-1
7308,1,1,0,0,0,0,-1
7309,1,1,0,0,0,0,0
7310,0,-1,0,0,0,0,-1
7311,1,-1,0,0,0,0,-1
7312,1,-1,0,0,0,0,-1
7313,0,-1,0,0,0,0,-1
7314,1,-1,0,0,0,0,-1
7315,1,-1,0,0,0,0,-1
7316,1,-1,0,0,0,0,-1
7317,1,-1,0,0,0,0,0
7318,1,-1,0,0,0,0,-1
7319,0,0,0,0,-1,0,-1
7320,1,1,0,0,0,0,-1
7321,1,1,0,0,1,0,0
7322,1,1,0,0,1,0,-1
7323,1,1,0,0,-1,0,0
7324,1,-1,0,0,0,0,-1
7325,0,-1,0,0,0,0,-1
7326,1,-1,0,0,1,0,-1
7327,0,0,0,0,0,0,-1
7328,1,-1,0,0,0,0,-1
7329,1,1,0,0,0,0,0
7330,1,1,0,0,1,0,0
7331,1,1,0,0,1,0,-1
7332,1,0,0,0,0,0,-1
7333,1,-1,0,0,0,0,0
7334,0,0,0,0,0,0,-1
7335,1,1,0,0,0,0,-1
7336,1,-1,0,0,0,0,-1
7337,1,1,0,0,0,0,1
7338,1,-1,0,0,0,0,0
7339,0,0,0,0,-1,0,-1
7340,1,1,0,0,0,0,0
7341,1,1,0,0,1,0,-1
7342,1,-1,0,0,0,0,-1
7343,1,1,0,0,0,0,0
7344,1,1,0,0,0,0,-1
7345,1,1,0,0,0,0,-1
7346,1,1,0,0,0,0,0
7347,1,-1,0,0,0,0,-1
7348,1,-1,0,0,1,0,-1
7349,-1,-1,0,0,0,0,-1
7350,1,-1,0,0,0,0,0
7351,1,1,0,0,0,0,0
7352,1,-1,0,0,0,0,-1
7353,0,0,0,0,0,0,-1
7354,1,-1,0,0,0,0,-1
7355,1,1,0,0,0,0,-1
7356,1,1,0,0,0,0,0
7357,1,1,0,0,0,0,-1
7358,1,1,0,0,0,0,0
7359,1,1,0,0,1,0,0
7360,0,0,0,0,0,0,-1
7361,1,-1,0,0,0,0,-1
7362,0,0,0,0,0,0,-1
7363,1,1,0,0,1,0,0
7364,1,-1,0,0,0,0,0
7365,1,1,0,0,1,0,0
7366,0,-1,0,0,0,0,-1
7367,1,-1,0,0,0,0,0
7368,1,1,0,0,0,0,-1
7369,1,-1,0,0,0,0,-1
7370,1,1,0,0,-1,0,-1
7371,1,-1,0,0,0,0,1
7372,1,1,0,0,1,0,1
7373,1,1,0,0,0,0,-1
7374,1,-1,0,0,1,0,-1
7375,1,1,0,0,1,0,-1
7376,1,1,0,0,0,0,-1
7377,1,1,0,0,0,0,0
7378,1,-1,0,0,0,0,-1
7379,0,0,0,0,0,0,-1
7380,1,-1,0,0,1,0,-1
7381,1,-1,0,0,0,0,0
7382,1,1,0,0,1,0,-1
7383,1,1,0,0,0,0,-1
7384,1,-1,0,0,0,0,0
7385,1,1,0,0,0,0,-1
7386,1,-1,0,0,0,0,0
7387,1,-1,0,0,1,0,-1
7388,1,1,0,0,0,0,0
7389,1,1,0,0,0,0,1
7390,0,0,0,0,0,0,-1
7391,1,1,0,0,0,0,0
7392,1,1,0,0,0,0,0
7393,1,1,0,0,0,0,-1
7394,0,0,0,0,0,0,0
7395,1,1,0,0,0,0,0
7396,1,1,0,0,0,0,-1
7397,0,-1,0,0,0,0,-1
7398,1,1,0,0,1,0,-1
7399,1,1,0,0,0,0,-1
7400,1,1,0,0,0,0,-1
7401,1,-1,0,0,1,0,-1
7402,1,-1,0,0,0,0,0
7403,0,0,0,0,0,0,-1
7404,1,-1,0,0,1,0,-1
7405,1,1,0,0,0,0,0
7406,-1,-1,0,0,0,0,-1
7407,1,-1,0,0,1,0,0
7408,1,-1,0,0,0,0,0
7409,1,1,0,0,0,0,-1
7410,-1,-1,0,0,1,0,-1
7411,1,-1,0,0,0,0,-1
7412,0,0,0,0,0,0,-1
7413,1,1,0,0,1,0,-1
7414,0,0,0,0,0,0,-1
7415,1,1,0,0,0,0,-1
7416,1,1,0,0,0,0,0
7417,1,-1,0,0,1,0,-1
7418,1,-1,0,0,1,0,0
7419,1,1,0,0,0,0,-1
7420,1,-1,0,0,0,0,0
7421,1,1,0,0,0,0,0
7422,1,1,0,0,0,0,0
7423,1,-1,0,0,-1,0,0
7424,0,0,0,0,0,0,0
7425,0,-1,0,0,0,0,-1
7426,1,-1,0,0,0,0,-1
7427,1,1,0,0,0,0,0
7428,-1,-1,0,0,-1,0,-1
7429,0,-1,0,0,0,0,-1
7430,1,1,0,0,1,0,0
7431,1,-1,0,0,0,0,0
7432,1,-1,0,0,-1,0,0
7433,1,-1,0,0,-1,0,-1
7434,1,1,0,0,0,0,-1
7435,1,-1,0,0,0,0,0
7436,1,1,0,0,0,0,0
7437,1,1,0,0,0,0,-1
7438,1,0,0,0,0,0,0
7439,0,-1,0,0,0,0,0
7440,1,-1,0,0,1,0,0
7441,1,-1,0,0,0,0,0
7442,0,-1,0,0,0,0,0
7443,0,0,0,0,0,0,-1
7444,0,0,0,0,0,0,-1
7445,1,1,0,0,0,0,-1
7446,1,-1,0,0,1,0,-1
7447,1,-1,0,0,0,0,-1
7448,1,1,0,0,0,0,-1
7449,1,-1,0,0,0,0,-1
7450,0,-1,0,0,0,0,-1
7451,1,-1,0,0,0,0,0
7452,1,1,0,0,1,0,0
7453,0,0,0,0,0,0,-1
7454,0,0,0,0,0,0,-1
7455,0,0,0,0,0,0,-1
7456,0,-1,0,0,0,0,0
7457,0,-1,0,0,0,0,-1
7458,0,1,0,0,0,0,-1
7459,1,1,0,0,0,0,0
7460,1,1,0,0,0,0,0
7461,1,1,0,0,0,0,-1
7462,1,-1,0,0,0,0,-1
7463,0,-1,0,0,0,0,-1
7464,1,-1,0,0,0,0,0
7465,1,1,0,0,0,0,0
7466,1,0,0,0,0,0,0
7467,1,1,0,0,0,0,-1
7468,0,0,0,0,0,0,-1
7469,1,-1,0,0,1,0,-1
7470,1,1,0,0,0,0,-1
7471,1,1,0,0,0,0,-1
7472,-1,-1,0,0,0,0,-1
7473,1,1,0,0,0,0,0
7474,1,1,0,0,0,0,-1
7475,1,1,0,0,0,0,0
7476,1,1,0,0,0,0,-1
7477,0,-1,0,0,0,0,-1
7478,1,-1,0,0,1,0,0
7479,0,0,0,0,0,0,-1
7480,1,-1,0,0,-1,0,-1
7481,1,-1,0,0,0,0,-1
7482,1,1,0,0,1,0,-1
7483,0,-1,0,0,0,0,-1
7484,0,0,0,0,0,0,1
7485,1,1,0,0,0,0,-1
7486,0,0,0,0,0,0,-1
7487,0,0,0,0,0,0,0
7488,1,1,0,0,1,0,-1
7489,1,-1,0,0,1,0,0
7490,1,1,0,0,0,0,-1
7491,1,-1,0,0,0,0,0
7492,1,1,0,0,0,0,-1
7493,1,1,0,0,0,0,0
7494,1,-1,0,0,0,0,0
7495,0,-1,0,0,0,0,-1
7496,1,-1,0,0,0,0,-1
7497,1,-1,0,0,0,0,0
7498,1,-1,0,0,0,0,-1
7499,1,-1,0,0,0,0,0
7500,1,1,0,0,1,0,-1
7501,1,1,0,0,0,0,-1
7502,0,-1,0,0,0,0,-1
7503,1,1,0,0,0,0,1
7504,1,1,0,0,0,0,-1
7505,1,-1,0,0,-1,0,-1
7506,0,-1,0,0,0,0,-1
7507,1,1,0,0,1,0,-1
7508,-1,-1,0,0,0,0,-1
7509,1,1,0,0,0,0,0
7510,1,-1,0,0,1,0,1
7511,1,-1,0,0,1,0,-1
7512,0,-1,0,0,0,0,0
7513,0,0,0,0,0,0,-1
7514,1,-1,0,0,0,0,-1
7515,1,-1,0,0,-1,0,-1
7516,1,1,0,0,1,0,0
7517,1,-1,0,0,1,0,1
7518,0,0,0,0,0,0,-1
7519,1,1,0,0,0,0,-1
7520,1,-1,0,0,0,0,0
7521,1,-1,0,0,1,0,-1
7522,1,1,0,0,0,0,0
7523,-1,1,0,0,0,0,-1
7524,-1,-1,0,0,0,0,-1
7525,0,-1,0,0,0,0,-1
7526,1,1,0,0,0,0,-1
7527,1,1,0,0,1,0,-1
7528,1,-1,0,0,0,0,-1
7529,1,-1,0,0,0,0,0
7530,1,-1,0,0,1,0,-1
7531,1,1,0,0,0,0,-1
7532,1,-1,0,0,0,0,0
7533,0,1,0,0,0,0,-1
7534,1,1,0,0,0,0,-1
7535,1,1,0,0,0,0,-1
7536,0,0,0,0,0,0,-1
7537,1,-1,0,0,0,0,-1
7538,1,-1,0,0,-1,0,-1
7539,-1,1,0,0,1,0,-1
7540,1,-1,0,0,0,0,0
7541,1,1,0,0,0,0,0
7542,1,-1,0,0,0,0,-1
7543,1,1,0,0,0,0,0
7544,1,1,0,0,1,0,-1
7545,1,-1,0,0,0,0,-1
7546,1,1,0,0,0,0,1
7547,0,1,0,0,0,0,0
7548,1,1,0,0,1,0,-1
7549,0,-1,0,0,0,0,-1
7550,1,1,0,0,0,0,-1
7551,1,-1,0,0,-1,0,-1
7552,1,1,0,0,0,0,0
7553,1,-1,0,0,0,0,0
7554,1,1,0,0,0,0,-1
7555,1,1,0,0,0,0,0
7556,1,1,0,0,0,0,-1
7557,1,1,0,0,0,0,-1
7558,1,1,0,0,1,0,-1
7559,1,1,0,0,0,0,0
7560,1,-1,0,0,0,0,-1
7561,1,-1,0,0,-1,0,0
7562,1,1,0,0,1,0,0
7563,1,-1,0,0,0,0,-1
7564,-1,1,0,0,0,0,0
7565,1,1,0,0,0,0,-1
7566,1,1,0,0,0,0,-1
7567,1,-1,0,0,0,0,-1
7568,0,-1,0,0,0,0,-1
7569,1,-1,0,0,1,0,-1
7570,1,1,0,0,1,0,-1
7571,1,1,0,0,1,0,-1
7572,1,1,0,0,0,0,0
7573,1,1,0,0,1,0,-1
7574,1,-1,0,0,0,0,0
7575,-1,1,0,0,1,0,-1
7576,1,-1,0,0,-1,0,-1
7577,1,-1,0,0,1,0,-1
7578,0,-1,0,0,0,0,1
7579,1,1,0,0,1,0,-1
7580,1,1,0,0,0,0,0
7581,-1,-1,0,0,0,0,-1
7582,1,-1,0,0,0,0,-1
7583,1,1,0,0,1,0,0
7584,1,-1,0,0,-1,0,-1
7585,1,-1,0,0,0,0,0
7586,1,1,0,0,0,0,-1
7587,1,1,0,0,0,0,-1
7588,1,-1,0,0,0,0,-1
7589,1,1,0,0,1,0,-1
7590,1,1,0,0,0,0,-1
7591,1,-1,0,0,1,0,-1
7592,1,1,0,0,0,0,-1
7593,1,-1,0,0,0,0,-1
7594,1,-1,0,0,0,0,-1
7595,1,-1,0,0,0,0,-1
7596,0,0,0,0,0,0,-1
7597,0,0,0,0,0,0,-1
7598,1,1,0,0,0,0,-1
7599,1,-1,0,0,0,0,-1
7600,1,-1,0,0,0,0,0
7601,1,1,0,0,1,0,-1
7602,1,1,0,0,1,0,0
7603,0,0,0,0,0,0,-1
7604,1,-1,0,0,1,0,1
7605,1,-1,0,0,0,0,0
7606,1,-1,0,0,1,0,-1
7607,1,1,0,0,0,0,1
7608,1,1,0,0,0,0,0
7609,1,1,0,0,0,0,0
7610,-1,1,0,0,0,0,-1
7611,1,-1,0,0,0,0,0
7612,1,-1,0,0,0,0,-1
7613,0,0,0,0,0,0,-1
7614,1,1,0,0,0,0,0
7615,0,0,0,0,0,0,-1
7616,1,1,0,0,0,0,-1
7617,0,-1,0,0,0,0,-1
7618,1,-1,0,0,1,0,-1
7619,1,1,0,0,-1,0,-1
7620,0,0,0,0,0,0,-1
7621,1,-1,0,0,0,0,-1
7622,0,0,0,0,0,0,-1
7623,0,0,0,0,0,0,1
7624,1,1,0,0,1,0,-1
7625,1,-1,0,0,0,0,0
7626,1,-1,0,0,1,0,-1
7627,0,0,0,0,0,0,-1
7628,1,-1,0,0,0,0,-1
7629,1,-1,0,0,1,0,-1
7630,1,1,0,0,-1,0,-1
7631,1,1,0,0,0,0,0
7632,1,-1,0,0,0,0,-1
7633,-1,-1,0,0,0,0,-1
7634,1,1,0,0,1,0,0
7635,0,0,0,0,0,0,-1
7636,0,-1,0,0,0,0,-1
7637,0,0,0,0,0,0,-1
7638,1,1,0,0,1,0,-1
7639,1,-1,0,0,1,0,-1
7640,1,1,0,0,1,0,1
7641,0,0,0,0,0,0,-1
7642,1,1,0,0,0,0,0
7643,0,0,0,0,0,0,1
7644,1,1,0,0,0,0,-1
7645,1,1,0,0,0,0,-1
7646,1,-1,0,0,1,0,-1
7647,1,1,0,0,0,0,0
7648,1,1,0,0,0,0,-1
7649,1,-1,0,0,0,0,0
7650,1,1,0,0,0,0,-1
7651,-1,-1,0,0,0,0,-1
7652,1,1,0,0,0,0,0
7653,1,1,0,0,0,0,0
7654,1,1,0,0,1,0,1
7655,1,-1,0,0,-1,0,-1
7656,1,-1,0,0,1,0,-1
7657,1,1,0,0,0,0,-1
7658,1,1,0,0,-1,0,0
7659,0,0,0,0,0,0,-1
7660,1,-1,0,0,0,0,0
7661,0,0,0,0,-1,0,-1
7662,1,-1,0,0,1,0,-1
7663,0,-1,0,0,0,0,0
7664,1,1,0,0,0,0,-1
7665,1,1,0,0,0,0,0
7666,1,-1,0,0,0,0,-1
7667,1,1,0,0,0,0,0
7668,1,1,0,0,0,0,-1
7669,1,-1,0,0,1,0,-1
7670,1,1,0,0,0,0,-1
7671,1,1,0,0,1,0,-1
7672,1,1,0,0,1,0,0
7673,1,-1,0,0,1,0,-1
7674,0,1,0,0,0,0,-1
7675,1,1,0,0,0,0,-1
7676,1,1,0,0,0,0,0
7677,1,-1,0,0,0,0,0
7678,0,0,0,0,-1,0,-1
7679,1,-1,0,0,0,0,-1
7680,1,1,0,0,0,0,-1
7681,0,-1,0,0,0,0,-1
7682,1,1,0,0,0,0,0
7683,1,-1,0,0,0,0,-1
7684,1,1,0,0,0,0,0
7685,1,1,0,0,1,0,-1
7686,1,1,0,0,0,0,0
7687,1,-1,0,0,1,0,-1
7688,1,1,0,0,1,0,-1
7689,0,0,0,0,0,0,0
7690,1,-1,0,0,0,0,-1
7691,1,1,0,0,0,0,0
7692,1,-1,0,0,0,0,-1
7693,-1,1,0,0,0,0,-1
7694,1,1,0,0,-1,0,-1
7695,1,-1,0,0,0,0,0
7696,0,0,0,0,0,0,-1
7697,1,-1,0,0,0,0,-1
7698,1,1,0,0,0,0,0
7699,1,-1,0,0,0,0,0
7700,1,1,0,0,1,0,-1
7701,1,-1,0,0,0,0,0
7702,0,1,0,0,0,0,-1
7703,1,1,0,0,0,0,0
7704,1,-1,0,0,0,0,0
7705,1,-1,0,0,0,0,0
7706,0,0,0,0,0,0,-1
7707,1,1,0,0,0,0,-1
7708,1,1,0,0,0,0,0
7709,1,-1,0,0,-1,0,0
7710,1,1,0,0,0,0,0
7711,1,1,0,0,1,0,-1
7712,1,1,0,0,0,0,-1
7713,1,-1,0,0,0,0,-1
7714,1,1,0,0,1,0,-1
7715,1,1,0,0,0,0,-1
7716,1,1,0,0,1,0,0
7717,1,-1,0,0,1,0,-1
7718,1,1,0,0,0,0,-1
7719,1,1,0,0,1,0,-1
7720,1,1,0,0,-1,0,-1
7721,0,-1,0,0,0,0,0
7722,1,1,0,0,1,0,-1
7723,1,1,0,0,0,0,-1
7724,1,1,0,0,1,0,-1
7725,1,-1,0,0,0,0,-1
7726,1,1,0,0,0,0,0
7727,1,1,0,0,1,0,-1
7728,1,-1,0,0,0,0,0
7729,-1,-1,0,0,-1,0,-1
7730,1,-1,0,0,-1,0,-1
7731,1,1,0,0,0,0,0
7732,1,-1,0,0,0,0,-1
7733,-1,1,0,0,0,0,0
7734,1,1,0,0,0,0,0
7735,1,1,0,0,1,0,-1
7736,0,0,0,0,0,0,-1
7737,1,-1,0,0,1,0,0
7738,-1,-1,0,0,-1,0,0
7739,1,1,0,0,0,0,-1
7740,1,-1,0,0,-1,0,-1
7741,1,-1,0,0,0,0,0
7742,1,1,0,0,0,0,0
7743,1,1,0,0,0,0,-1
7744,1,-1,0,0,1,0,-1
7745,1,1,0,0,0,0,0
7746,1,1,0,0,0,0,0
7747,1,1,0,0,0,0,0
7748,1,1,0,0,0,0,-1
7749,1,1,0,0,-1,0,-1
7750,1,-1,0,0,0,0,-1
7751,1,1,0,0,0,0,-1
7752,1,1,0,0,0,0,0
7753,1,-1,0,0,0,0,0
7754,1,-1,0,0,0,0,-1
7755,0,-1,0,0,1,0,-1
7756,1,1,0,0,-1,0,-1
7757,0,0,0,0,0,0,-1
7758,1,1,0,0,-1,0,1
7759,1,1,0,0,0,0,-1
7760,0,1,0,0,0,0,-1
7761,1,-1,0,0,0,0,0
7762,1,-1,0,0,0,0,-1
7763,1,1,0,0,-1,0,0
7764,1,1,0,0,0,0,0
7765,1,1,0,0,-1,0,-1
7766,1,1,0,0,0,0,0
7767,0,0,0,0,0,0,-1
7768,1,1,0,0,0,0,0
7769,1,-1,0,0,-1,0,0
7770,1,-1,0,0,0,0,-1
7771,1,-1,0,0,0,0,-1
7772,1,-1,0,0,0,0,-1
7773,1,1,0,0,0,0,-1
7774,1,1,0,0,0,0,-1
7775,1,1,0,0,-1,0,-1
7776,0,-1,0,0,0,0,-1
7777,1,1,0,0,0,0,-1
7778,-1,1,0,0,0,0,0
7779,1,-1,0,0,0,0,-1
7780,0,1,0,0,0,0,0
7781,1,1,0,0,0,0,0
7782,1,-1,0,0,0,0,-1
7783,1,-1,0,0,0,0,0
7784,0,0,0,0,0,0,-1
7785,1,-1,0,0,0,0,-1
7786,1,1,0,0,-1,0,-1
7787,0,0,0,0,0,0,-1
7788,1,-1,0,0,0,0,-1
7789,1,-1,0,0,1,0,-1
7790,0,-1,0,0,0,0,-1
7791,1,1,0,0,0,0,-1
7792,1,1,0,0,0,0,-1
7793,1,1,0,0,-1,0,-1
7794,1,-1,0,0,0,0,0
7795,1,-1,0,0,0,0,-1
7796,1,-1,0,0,0,0,-1
7797,0,0,0,0,0,0,-1
7798,0,0,0,0,0,0,0
7799,1,1,0,0,1,0,-1
7800,1,-1,0,0,0,0,0
7801,1,1,0,0,0,0,0
7802,1,-1,0,0,-1,0,0
7803,1,1,0,0,0,0,-1
7804,0,0,0,0,0,0,-1
7805,0,0,0,0,0,0,0
7806,1,-1,0,0,0,0,-1
7807,1,-1,0,0,0,0,-1
7808,1,1,0,0,0,0,0
7809,1,-1,0,0,0,0,-1
7810,-1,-1,0,0,0,0,-1
7811,1,1,0,0,0,0,-1
7812,1,1,0,0,0,0,-1
7813,1,-1,0,0,0,0,-1
7814,1,1,0,0,0,0,-1
7815,0,0,0,0,0,0,0
7816,0,0,0,0,-1,0,-1
7817,0,0,0,0,0,0,-1
7818,1,-1,0,0,0,0,0
7819,1,1,0,0,0,0,-1
7820,1,-1,0,0,0,0,-1
7821,0,0,0,0,0,0,-1
7822,1,1,0,0,1,0,0
7823,1,1,0,0,0,0,-1
7824,1,1,0,0,1,0,-1
7825,1,-1,0,0,0,0,-1
7826,1,-1,0,0,0,0,-1
7827,1,1,0,0,0,0,-1
7828,1,1,0,0,1,0,-1
7829,0,0,0,0,0,0,-1
7830,1,1,0,0,0,0,0
7831,0,0,0,0,0,0,-1
7832,1,1,0,0,1,0,-1
7833,1,1,0,0,0,0,-1
7834,1,1,0,0,1,0,0
7835,0,0,0,0,0,0,0
7836,1,-1,0,0,0,0,-1
7837,0,-1,0,0,0,0,-1
7838,1,1,0,0,0,0,0
7839,1,1,0,0,0,0,0
7840,0,0,0,0,0,0,-1
7841,1,1,0,0,1,0,-1
7842,1,1,0,0,0,0,0
7843,1,-1,0,0,0,0,0
7844,1,1,0,0,-1,0,-1
7845,1,1,0,0,1,0,-1
7846,1,1,0,0,1,0,-1
7847,1,1,0,0,0,0,-1
7848,1,-1,0,0,1,0,-1
7849,1,1,0,0,0,0,-1
7850,0,0,0,0,0,0,-1
7851,1,1,0,0,0,0,-1
7852,1,-1,0,0,0,0,-1
7853,1,1,0,0,-1,0,-1
7854,-1,1,0,0,0,0,-1
7855,1,1,0,0,1,0,-1
7856,1,1,0,0,0,0,-1
7857,1,1,0,0,0,0,-1
7858,1,-1,0,0,0,0,-1
7859,1,-1,0,0,0,0,-1
7860,1,-1,0,0,0,0,-1
7861,1,-1,0,0,0,0,0
7862,0,0,0,0,0,0,0
7863,0,0,0,0,0,0,-1
7864,1,-1,0,0,-1,0,-1
7865,1,-1,0,0,0,0,-1
7866,0,0,0,0,0,0,-1
7867,1,1,0,0,0,0,-1
7868,0,-1,0,0,0,0,-1
7869,1,-1,0,0,0,0,-1
7870,1,1,0,0,1,0,-1
7871,-1,1,0,0,0,0,-1
7872,1,1,0,0,0,0,-1
7873,1,1,0,0,0,0,-1
7874,1,-1,0,0,0,0,-1
7875,1,1,0,0,0,0,-1
7876,1,1,0,0,0,0,-1
7877,0,0,0,0,0,0,0
7878,1,-1,0,0,1,0,-1
7879,0,-1,0,0,0,0,-1
7880,1,1,0,0,0,0,-1
7881,1,1,0,0,0,0,1
7882,1,1,0,0,1,0,0
7883,1,1,0,0,0,0,-1
7884,1,1,0,0,-1,0,0
7885,1,-1,0,0,0,0,-1
7886,1,1,0,0,0,0,-1
7887,1,-1,0,0,-1,0,-1
7888,1,-1,0,0,0,0,-1
7889,1,1,0,0,-1,0,0
7890,1,1,0,0,0,0,-1
7891,1,-1,0,0,0,0,-1
7892,1,-1,0,0,0,0,0
7893,1,-1,0,0,0,0,0
7894,1,-1,0,0,1,0,-1
7895,1,1,0,0,1,0,-1
7896,1,-1,0,0,0,0,0
7897,1,1,0,0,0,0,-1
7898,1,0,0,0,0,0,-1
7899,1,-1,0,0,0,0,-1
7900,1,-1,0,0,0,0,-1
7901,1,1,0,0,0,0,-1
7902,0,0,0,0,0,0,-1
7903,1,-1,0,0,0,0,0
7904,1,1,0,0,0,0,0
7905,1,-1,0,0,-1,0,-1
7906,1,1,0,0,1,0,-1
7907,1,-1,0,0,1,0,-1
7908,1,1,0,0,0,0,0
7909,1,-1,0,0,0,0,-1
7910,1,-1,0,0,0,0,-1
7911,1,1,0,0,-1,0,0
7912,1,-1,0,0,-1,0,-1
7913,1,-1,0,0,0,0,-1
7914,1,-1,0,0,1,0,-1
7915,1,-1,0,0,0,0,-1
7916,1,-1,0,0,1,0,-1
7917,1,-1,0,0,0,0,-1
7918,1,1,0,0,0,0,-1
7919,0,0,0,0,0,0,0
7920,1,1,0,0,0,0,-1
7921,0,-1,0,0,-1,0,-1
7922,1,1,0,0,0,0,-1
7923,0,-1,0,0,0,0,-1
7924,1,-1,0,0,0,0,0
7925,0,-1,0,0,0,0,-1
7926,0,0,0,0,0,0,-1
7927,0,0,0,0,0,0,0
7928,1,1,0,0,0,0,0
7929,1,1,0,0,1,0,-1
7930,1,-1,0,0,0,0,-1
7931,1,1,0,0,0,0,-1
7932,1,-1,0,0,-1,0,-1
7933,1,-1,0,0,-1,0,-1
7934,1,-1,0,0,-1,0,-1
7935,1,1,0,0,0,0,0
7936,1,1,0,0,0,0,0
7937,1,1,0,0,0,0,-1
7938,0,0,0,0,0,0,-1
7939,1,-1,0,0,0,0,0
7940,0,0,0,0,0,0,0
7941,1,-1,0,0,0,0,-1
7942,1,1,0,0,0,0,-1
7943,1,-1,0,0,-1,0,-1
7944,1,-1,0,0,0,0,-1
7945,1,-1,0,0,0,0,-1
7946,1,1,0,0,0,0,-1
7947,1,1,0,0,0,0,-1
7948,1,-1,0,0,0,0,0
7949,1,-1,0,0,0,0,-1
7950,0,0,0,0,0,0,-1
7951,1,1,0,0,-1,0,-1
7952,0,0,0,0,0,0,-1
7953,0,0,0,0,0,0,-1
7954,1,1,0,0,0,0,-1
7955,1,-1,0,0,-1,0,-1
7956,1,-1,0,0,1,0,1
7957,1,-1,0,0,0,0,0
7958,1,-1,0,0,0,0,-1
7959,1,1,0,0,0,0,0
7960,1,-1,0,0,0,0,-1
7961,1,-1,0,0,0,0,0
7962,1,-1,0,0,0,0,-1
7963,1,-1,0,0,0,0,0
7964,1,-1,0,0,1,0,-1
7965,1,-1,0,0,1,0,-1
7966,1,1,0,0,0,0,0
7967,1,-1,0,0,0,0,-1
7968,0,-1,0,0,0,0,-1
7969,0,0,0,0,-1,0,-1
7970,0,0,0,0,0,0,-1
7971,1,1,0,0,-1,0,-1
7972,1,1,0,0,-1,0,-1
7973,1,1,0,0,0,0,-1
7974,0,0,0,0,0,0,-1
7975,1,-1,0,0,0,0,-1
7976,1,-1,0,0,-1,0,-1
7977,1,-1,0,0,0,0,-1
7978,1,1,0,0,-1,0,-1
7979,0,0,0,0,0,0,-1
7980,1,1,0,0,0,0,0
7981,0,0,0,0,0,0,-1
7982,1,-1,0,0,0,0,-1
7983,1,1,0,0,-1,0,-1
7984,1,-1,0,0,0,0,-1
7985,1,-1,0,0,1,0,-1
7986,0,0,0,0,0,0,-1
7987,1,-1,0,0,0,0,-1
7988,1,1,0,0,0,0,0
7989,1,1,0,0,0,0,-1
7990,1,1,0,0,1,0,0
7991,0,-1,0,0,0,0,-1
7992,1,-1,0,0,0,0,-1
7993,1,1,0,0,0,0,-1
7994,1,1,0,0,0,0,-1
7995,1,1,0,0,1,0,0
7996,1,1,0,0,0,0,-1
7997,1,-1,0,0,0,0,0
7998,1,1,0,0,0,0,-1
7999,1,-1,0,0,0,0,-1
8000,0,1,0,0,0,0,-1
8001,1,1,0,0,0,0,-1
8002,1,-1,0,0,-1,0,-1
8003,1,1,0,0,0,0,0
8004,1,-1,0,0,0,0,-1
8005,1,1,0,0,0,0,0
8006,1,1,0,0,0,0,-1
8007,1,1,0,0,0,0,0
8008,1,-1,0,0,0,0,-1
8009,0,0,0,0,0,0,-1
8010,0,0,0,0,0,0,-1
8011,-1,1,0,0,-1,0,-1
8012,1,1,0,0,0,0,-1
8013,1,1,0,0,0,0,-1
8014,1,-1,0,0,0,0,0
8015,0,1,0,0,0,0,0
8016,1,1,0,0,1,0,-1
8017,1,1,0,0,0,0,0
8018,1,1,0,0,-1,0,-1
8019,1,-1,0,0,0,0,-1
8020,1,-1,0,0,0,0,0
8021,1,1,0,0,0,0,0
8022,0,0,0,0,0,0,-1
8023,0,0,0,0,0,0,-1
8024,1,0,0,0,0,0,-1
8025,1,-1,0,0,0,0,0
8026,1,-1,0,0,1,0,-1
8027,1,-1,0,0,0,0,-1
8028,1,-1,0,0,0,0,-1
8029,1,-1,0,0,-1,0,-1
8030,1,-1,0,0,0,0,0
8031,1,1,0,0,0,0,-1
8032,1,-1,0,0,0,0,0
8033,1,1,0,0,1,0,0
8034,1,-1,0,0,0,0,0
8035,1,1,0,0,1,0,-1
8036,1,-1,0,0,0,0,-1
8037,1,-1,0,0,1,0,-1
8038,1,1,0,0,0,0,-1
8039,1,-1,0,0,0,0,-1
8040,1,-1,0,0,-1,0,0
8041,1,-1,0,0,0,0,-1
8042,0,-1,0,0,0,0,-1
8043,1,1,0,0,0,0,-1
8044,1,-1,0,0,-1,0,-1
8045,1,-1,0,0,-1,0,0
8046,0,1,0,0,0,0,-1
8047,-1,-1,0,0,-1,0,-1
8048,1,1,0,0,1,0,-1
8049,1,-1,0,0,0,0,-1
8050,1,1,0,0,0,0,-1
8051,1,-1,0,0,0,0,-1
8052,1,1,0,0,0,0,0
8053,1,-1,0,0,0,0,-1
8054,1,1,0,0,0,0,-1
8055,1,-1,0,0,0,0,-1
8056,1,-1,0,0,-1,0,0
8057,0,0,0,0,-1,0,-1
8058,1,-1,0,0,0,0,-1
8059,1,1,0,0,0,0,-1
8060,1,-1,0,0,0,0,-1
8061,1,-1,0,0,0,0,0
8062,1,1,0,0,0,0,-1
8063,1,-1,0,0,0,0,-1
8064,1,1,0,0,0,0,-1
8065,1,-1,0,0,0,0,-1
8066,0,0,0,0,0,0,-1
8067,0,0,0,0,0,0,-1
8068,1,-1,0,0,0,0,0
8069,1,-1,0,0,0,0,-1
8070,1,-1,0,0,0,0,-1
8071,1,-1,0,0,1,0,1
8072,1,-1,0,0,-1,0,-1
8073,1,1,0,0,1,0,-1
8074,1,1,0,0,0,0,0
8075,0,0,0,0,0,0,-1
8076,-1,-1,0,0,0,0,-1
8077,0,-1,0,0,-1,0,-1
8078,1,1,0,0,0,0,-1
8079,0,0,0,0,0,0,-1
8080,0,0,0,0,0,0,-1
8081,0,-1,0,0,1,0,0
8082,1,-1,0,0,0,0,-1
8083,0,0,0,0,0,0,-1
8084,1,-1,0,0,0,0,0
8085,1,1,0,0,1,0,-1
8086,1,1,0,0,0,0,-1
8087,1,-1,0,0,0,0,-1
8088,1,1,0,0,0,0,0
8089,0,1,0,0,0,0,-1
8090,1,-1,0,0,-1,0,-1
8091,0,0,0,0,0,0,-1
8092,1,-1,0,0,0,0,0
8093,1,-1,0,0,1,0,1
8094,1,-1,0,0,-1,0,-1
8095,1,1,0,0,0,0,0
8096,1,-1,0,0,0,0,-1
8097,1,-1,0,0,0,0,-1
8098,0,0,0,0,0,0,-1
8099,0,0,0,0,-1,0,-1
8100,-1,-1,0,0,0,0,0
8101,1,-1,0,0,0,0,0
8102,1,-1,0,0,0,0,-1
8103,1,1,0,0,1,0,-1
8104,1,-1,0,0,0,0,0
8105,0,-1,0,0,0,0,-1
8106,1,-1,0,0,0,0,-1
8107,1,1,0,0,0,0,-1
8108,0,0,0,0,0,0,-1
8109,1,-1,0,0,-1,0,-1
8110,0,0,0,0,0,0,-1
8111,1,-1,0,0,0,0,-1
8112,1,-1,0,0,0,0,-1
8113,1,1,0,0,0,0,-1
8114,1,1,0,0,0,0,0
8115,1,1,0,0,0,0,-1
8116,1,-1,0,0,0,0,0
8117,1,1,0,0,0,0,-1
8118,1,1,0,0,0,0,-1
8119,1,1,0,0,-1,0,-1
8120,1,-1,0,0,1,0,0
8121,0,0,0,0,0,0,-1
8122,1,1,0,0,0,0,0
8123,1,1,0,0,1,0,-1
8124,1,-1,0,0,0,0,-1
8125,-1,1,0,0,0,0,-1
8126,1,-1,0,0,0,0,-1
8127,0,1,0,0,0,0,0
8128,1,1,0,0,-1,0,-1
8129,1,1,0,0,1,0,0
8130,1,-1,0,0,-1,0,-1
8131,1,1,0,0,0,0,0
8132,1,-1,0,0,1,0,0
8133,1,1,0,0,0,0,0
8134,1,1,0,0,1,0,-1
8135,1,-1,0,0,0,0,0
8136,0,0,0,0,0,0,-1
8137,-1,-1,0,0,0,0,0
8138,1,1,0,0,0,0,-1
8139,1,-1,0,0,0,0,-1
8140,-1,-1,0,0,-1,0,-1
8141,0,0,0,0,0,0,-1
8142,-1,1,0,0,0,0,0
8143,1,-1,0,0,0,0,-1
8144,0,-1,0,0,0,0,-1
8145,1,-1,0,0,0,0,0
8146,1,-1,0,0,0,0,0
8147,0,-1,0,0,-1,0,-1
8148,1,1,0,0,0,0,0
8149,1,-1,0,0,-1,0,-1
8150,0,0,0,0,0,0,-1
8151,1,1,0,0,0,0,-1
8152,0,0,0,0,0,0,-1
8153,1,-1,0,0,0,0,0
8154,1,-1,0,0,0,0,-1
8155,1,1,0,0,0,0,0
8156,1,-1,0,0,0,0,-1
8157,1,1,0,0,0,0,-1
8158,0,0,0,0,0,0,0
8159,-1,1,0,0,-1,0,0
8160,1,-1,0,0,0,0,-1
8161,1,1,0,0,-1,0,-1
8162,1,1,0,0,0,0,0
8163,1,-1,0,0,1,0,-1
8164,0,0,0,0,0,0,-1
8165,1,1,0,0,1,0,1
8166,1,1,0,0,0,0,-1
8167,1,-1,0,0,0,0,-1
8168,1,1,0,0,0,0,0
8169,1,1,0,0,1,0,-1
8170,1,-1,0,0,0,0,-1
8171,1,1,0,0,-1,0,0
8172,0,-1,0,0,0,0,-1
8173,1,1,0,0,0,0,-1
8174,1,-1,0,0,0,0,-1
8175,1,1,0,0,0,0,-1
8176,1,1,0,0,0,0,0
8177,1,-1,0,0,0,0,0
8178,1,-1,0,0,1,0,-1
8179,1,1,0,0,-1,0,-1
8180,1,-1,0,0,-1,0,-1
8181,1,-1,0,0,1,0,0
8182,1,-1,0,0,1,0,-1
8183,0,-1,0,0,0,0,-1
8184,1,-1,0,0,1,0,-1
8185,1,1,0,0,0,0,0
8186,1,-1,0,0,-1,0,-1
8187,1,1,0,0,0,0,0
8188,0,0,0,0,0,0,-1
8189,1,1,0,0,1,0,-1
8190,1,1,0,0,1,0,-1
8191,1,-1,0,0,0,0,-1
8192,1,-1,0,0,0,0,0
8193,1,-1,0,0,0,0,-1
8194,1,-1,0,0,0,0,-1
8195,1,-1,0,0,0,0,-1
8196,1,1,0,0,0,0,0
8197,-1,-1,0,0,0,0,-1
8198,0,0,0,0,0,0,-1
8199,1,1,0,0,0,0,-1
8200,0,0,0,0,0,0,-1
8201,0,0,0,0,0,0,-1
8202,1,-1,0,0,1,0,-1
8203,-1,-1,0,0,0,0,0
8204,0,0,0,0,0,0,-1
8205,1,-1,0,0,1,0,-1
8206,1,-1,0,0,1,0,-1
8207,0,-1,0,0,0,0,-1
8208,1,-1,0,0,0,0,0
8209,0,0,0,0,0,0,-1
8210,1,-1,0,0,0,0,-1
8211,1,-1,0,0,1,0,-1
8212,1,1,0,0,0,0,0
8213,1,1,0,0,0,0,0
8214,1,1,0,0,0,0,-1
8215,1,-1,0,0,0,0,-1
8216,-1,-1,0,0,0,0,-1
8217,0,-1,0,0,0,0,-1
8218,0,0,0,0,0,0,-1
8219,0,-1,0,0,0,0,-1
8220,0,-1,0,0,1,0,-1
8221,0,0,0,0,0,0,-1
8222,1,-1,0,0,-1,0,0
8223,0,0,0,0,0,0,-1
8224,1,1,0,0,0,0,0
8225,1,1,0,0,0,0,0
8226,0,0,0,0,-1,0,-1
8227,1,-1,0,0,0,0,-1
8228,1,1,0,0,0,0,0
8229,1,1,0,0,0,0,-1
8230,1,-1,0,0,0,0,-1
8231,1,-1,0,0,0,0,-1
8232,1,-1,0,0,1,0,-1
8233,1,-1,0,0,0,0,0
8234,1,1,0,0,0,0,-1
8235,1,-1,0,0,0,0,-1
8236,1,-1,0,0,0,0,-1
8237,0,0,0,0,0,0,-1
8238,1,-1,0,0,0,0,-1
8239,1,1,0,0,1,0,0
8240,1,-1,0,0,-1,0,0
8241,1,1,0,0,0,0,0
8242,1,-1,0,0,1,0,-1
8243,0,-1,0,0,1,0,-1
8244,1,-1,0,0,0,0,0
8245,1,-1,0,0,0,0,-1
8246,1,1,0,0,1,0,-1
8247,1,1,0,0,0,0,-1
8248,1,-1,0,0,0,0,-1
8249,0,-1,0,0,0,0,-1
8250,1,1,0,0,0,0,-1
8251,0,0,0,0,0,0,-1
8252,1,-1,0,0,0,0,0
8253,1,0,0,0,0,0,-1
8254,1,-1,0,0,0,0,0
8255,1,1,0,0,0,0,0
8256,1,1,0,0,0,0,-1
8257,1,-1,0,0,-1,0,-1
8258,1,-1,0,0,0,0,-1
8259,1,-1,0,0,0,0,-1
8260,1,-1,0,0,1,0,-1
8261,1,-1,0,0,-1,0,0
8262,1,1,0,0,-1,0,0
8263,0,0,0,0,-1,0,-1
8264,1,1,0,0,0,0,0
8265,1,-1,0,0,0,0,0
8266,1,1,0,0,-1,0,-1
8267,1,1,0,0,-1,0,-1
8268,1,-1,0,0,0,0,-1
8269,1,-1,0,0,0,0,-1
8270,0,-1,0,0,0,0,-1
8271,0,0,0,0,0,0,-1
8272,1,-1,0,0,0,0,-1
8273,0,-1,0,0,0,0,0
8274,0,0,0,0,0,0,-1
8275,1,1,0,0,-1,0,-1
8276,1,-1,0,0,0,0,0
8277,1,-1,0,0,0,0,-1
8278,0,-1,0,0,0,0,-1
8279,1,1,0,0,0,0,-1
8280,1,-1,0,0,1,0,-1
8281,1,-1,0,0,-1,0,-1
8282,1,-1,0,0,0,0,-1
8283,1,1,0,0,0,0,-1
8284,1,1,0,0,0,0,0
8285,-1,1,0,0,0,0,-1
8286,1,1,0,0,1,0,1
8287,0,0,0,0,0,0,-1
8288,1,1,0,0,0,0,-1
8289,1,-1,0,0,0,0,0
8290,1,-1,0,0,0,0,0
8291,0,0,0,0,0,0,-1
8292,1,1,0,0,1,0,-1
8293,1,1,0,0,1,0,-1
8294,1,1,0,0,0,0,-1
8295,0,0,0,0,0,0,-1
8296,1,-1,0,0,0,0,-1
8297,1,-1,0,0,0,0,-1
8298,1,1,0,0,0,0,0
8299,1,-1,0,0,0,0,0
8300,1,1,0,0,0,0,-1
8301,0,1,0,0,0,0,-1
8302,0,-1,0,0,0,0,-1
8303,0,-1,0,0,0,0,-1
8304,1,1,0,0,0,0,-1
8305,1,1,0,0,0,0,-1
8306,1,-1,0,0,1,0,0
8307,1,1,0,0,-1,0,-1
8308,0,-1,0,0,0,0,0
8309,1,1,0,0,0,0,-1
8310,0,-1,0,0,0,0,-1
8311,1,-1,0,0,0,0,0
8312,1,-1,0,0,0,0,0
8313,1,1,0,0,0,0,1
8314,1,1,0,0,0,0,-1
8315,1,-1,0,0,0,0,0
8316,1,1,0,0,1,0,-1
8317,1,-1,0,0,0,0,0
8318,1,1,0,0,-1,0,0
8319,0,0,0,0,0,0,-1
8320,1,-1,0,0,0,0,0
8321,1,1,0,0,0,0,-1
8322,1,1,0,0,0,0,-1
8323,1,-1,0,0,0,0,-1
8324,1,-1,0,0,0,0,-1
8325,0,0,0,0,0,0,-1
8326,1,-1,0,0,0,0,-1
8327,1,-1,0,0,0,0,0
8328,1,1,0,0,0,0,-1
8329,1,1,0,0,0,0,0
8330,1,-1,0,0,0,0,0
8331,1,-1,0,0,0,0,0
8332,1,-1,0,0,0,0,0
8333,1,-1,0,0,0,0,-1
8334,1,1,0,0,0,0,-1
8335,1,-1,0,0,1,0,1
8336,1,-1,0,0,1,0,-1
8337,1,-1,0,0,1,0,-1
8338,1,-1,0,0,-1,0,-1
8339,1,1,0,0,1,0,0
8340,1,-1,0,0,0,0,-1
8341,1,-1,0,0,0,0,-1
8342,1,-1,0,0,-1,0,-1
8343,1,1,0,0,0,0,0
8344,0,-1,0,0,0,0,-1
8345,1,1,0,0,0,0,-1
8346,1,-1,0,0,0,0,0
8347,1,-1,0,0,1,0,-1
8348,1,-1,0,0,0,0,-1
8349,1,-1,0,0,0,0,-1
8350,1,1,0,0,0,0,0
8351,0,0,0,0,0,0,-1
8352,1,-1,0,0,-1,0,-1
8353,1,-1,0,0,0,0,-1
8354,1,1,0,0,0,0,0
8355,1,1,0,0,1,0,0
8356,1,1,0,0,0,0,0
8357,1,1,0,0,0,0,-1
8358,1,-1,0,0,1,0,-1
8359,1,0,0,0,0,0,-1
8360,1,-1,0,0,0,0,0
8361,-1,1,0,0,0,0,0
8362,1,-1,0,0,1,0,-1
8363,1,1,0,0,1,0,0
8364,1,1,0,0,0,0,0
8365,1,1,0,0,0,0,-1
8366,1,1,0,0,0,0,-1
8367,0,-1,0,0,0,0,-1
8368,1,1,0,0,0,0,1
8369,1,1,0,0,0,0,-1
8370,1,-1,0,0,0,0,-1
8371,1,-1,0,0,1,0,-1
8372,0,-1,0,0,0,0,0
8373,1,-1,0,0,-1,0,-1
8374,1,-1,0,0,0,0,0
8375,1,1,0,0,1,0,-1
8376,1,1,0,0,1,0,1
8377,1,-1,0,0,1,0,-1
8378,1,1,0,0,0,0,-1
8379,1,1,0,0,0,0,-1
8380,1,1,0,0,0,0,-1
8381,1,-1,0,0,1,0,-1
8382,1,1,0,0,1,0,0
8383,1,-1,0,0,0,0,-1
8384,1,1,0,0,0,0,-1
8385,1,1,0,0,0,0,-1
8386,1,-1,0,0,0,0,-1
8387,0,0,0,0,0,0,-1
8388,1,1,0,0,0,0,0
8389,1,1,0,0,1,0,-1
8390,0,1,0,0,0,0,0
8391,1,-1,0,0,1,0,0
8392,1,-1,0,0,0,0,-1
8393,1,-1,0,0,0,0,-1
8394,1,-1,0,0,0,0,0
8395,1,-1,0,0,0,0,-1
8396,1,-1,0,0,0,0,-1
8397,1,-1,0,0,0,0,-1
8398,1,-1,0,0,0,0,0
8399,1,1,0,0,0,0,0
8400,0,0,0,0,0,0,-1
8401,-1,1,0,0,0,0,0
8402,0,0,0,0,0,0,1
8403,1,-1,0,0,-1,0,-1
8404,1,1,0,0,0,0,-1
8405,1,1,0,0,0,0,0
8406,1,1,0,0,0,0,-1
8407,1,1,0,0,-1,0,-1
8408,1,-1,0,0,0,0,-1
8409,1,-1,0,0,0,0,1
8410,1,-1,0,0,0,0,-1
8411,1,1,0,0,0,0,-1
8412,1,-1,0,0,0,0,-1
8413,1,1,0,0,0,0,-1
8414,-1,1,0,0,0,0,-1
8415,1,1,0,0,1,0,-1
8416,0,1,0,0,0,0,0
8417,1,-1,0,0,0,0,0
8418,1,-1,0,0,-1,0,-1
8419,0,0,0,0,0,0,-1
8420,1,-1,0,0,0,0,-1
8421,1,1,0,0,0,0,-1
8422,1,1,0,0,0,0,-1
8423,1,1,0,0,0,0,-1
8424,1,1,0,0,-1,0,-1
8425,0,0,0,0,0,0,-1
8426,1,1,0,0,0,0,0
8427,1,1,0,0,0,0,0
8428,0,0,0,0,0,0,-1
8429,1,1,0,0,0,0,-1
8430,1,1,0,0,1,0,-1
8431,1,-1,0,0,0,0,-1
8432,1,-1,0,0,-1,0,-1
8433,1,1,0,0,0,0,-1
8434,0,0,0,0,0,0,-1
8435,1,-1,0,0,-1,0,-1
8436,0,1,0,0,-1,0,-1
8437,1,-1,0,0,0,0,-1
8438,1,-1,0,0,0,0,-1
8439,0,0,0,0,0,0,-1
8440,1,-1,0,0,1,0,-1
8441,0,0,0,0,0,0,0
8442,1,-1,0,0,0,0,-1
8443,1,1,0,0,0,0,-1
8444,0,-1,0,0,0,0,-1
8445,1,-1,0,0,0,0,-1
8446,1,-1,0,0,1,0,-1
8447,1,1,0,0,1,0,-1
8448,1,1,0,0,0,0,0
8449,1,-1,0,0,0,0,-1
8450,0,-1,0,0,0,0,0
8451,1,1,0,0,0,0,-1
8452,1,-1,0,0,0,0,-1
8453,1,1,0,0,-1,0,-1
8454,1,-1,0,0,0,0,0
8455,1,1,0,0,0,0,-1
8456,1,1,0,0,1,0,-1
8457,0,0,0,0,0,0,-1
8458,1,1,0,0,0,0,0
8459,1,-1,0,0,0,0,-1
8460,1,1,0,0,0,0,0
8461,1,-1,0,0,0,0,-1
8462,0,0,0,0,0,0,-1
8463,1,1,0,0,0,0,-1
8464,1,1,0,0,0,0,-1
8465,1,-1,0,0,1,0,-1
8466,0,0,0,0,0,0,-1
8467,1,-1,0,0,0,0,-1
8468,0,0,0,0,0,0,-1
8469,1,-1,0,0,0,0,0
8470,0,-1,0,0,0,0,-1
8471,0,-1,0,0,-1,0,-1
8472,1,-1,0,0,0,0,0
8473,1,-1,0,0,0,0,0
8474,1,1,0,0,0,0,-1
8475,1,1,0,0,0,0,-1
8476,0,0,0,0,0,0,-1
8477,0,0,0,0,0,0,-1
8478,1,-1,0,0,0,0,-1
8479,1,1,0,0,0,0,-1
8480,1,1,0,0,0,0,-1
8481,0,0,0,0,0,0,-1
8482,1,-1,0,0,0,0,-1
8483,1,1,0,0,0,0,0
8484,1,-1,0,0,0,0,-1
8485,1,-1,0,0,0,0,0
8486,0,-1,0,0,0,0,-1
8487,1,-1,0,0,0,0,-1
8488,1,1,0,0,1,0,-1
8489,-1,1,0,0,0,0,-1
8490,1,-1,0,0,0,0,-1
8491,0,0,0,0,0,0,-1
8492,1,1,0,0,0,0,0
8493,1,1,0,0,0,0,-1
8494,0,0,0,0,0,0,-1
8495,1,-1,0,0,-1,0,-1
8496,0,0,0,0,0,0,-1
8497,1,1,0,0,0,0,0
8498,1,1,0,0,0,0,-1
8499,0,0,0,0,0,0,-1
8500,1,-1,0,0,1,0,-1
8501,1,1,0,0,0,0,-1
8502,1,1,0,0,0,0,-1
8503,1,-1,0,0,1,0,-1
8504,1,1,0,0,0,0,0
8505,1,-1,0,0,-1,0,-1
8506,1,1,0,0,0,0,0
8507,0,1,0,0,-1,0,0
8508,1,-1,0,0,0,0,0
8509,1,1,0,0,-1,0,-1
8510,1,1,0,0,0,0,-1
8511,-1,1,0,0,0,0,-1
8512,1,1,0,0,1,0,-1
8513,1,-1,0,0,1,0,-1
8514,0,1,0,0,0,0,-1
8515,1,1,0,0,1,0,-1
8516,0,0,0,0,0,0,-1
8517,-1,-1,0,0,0,0,0
8518,1,1,0,0,0,0,-1
8519,1,1,0,0,0,0,-1
8520,1,1,0,0,0,0,-1
8521,0,0,0,0,0,0,-1
8522,1,1,0,0,0,0,0
8523,-1,1,0,0,0,0,0
8524,0,0,0,0,0,0,-1
8525,1,1,0,0,0,0,-1
8526,1,1,0,0,0,0,-1
8527,1,1,0,0,1,0,0
8528,1,-1,0,0,0,0,-1
8529,1,1,0,0,0,0,0
8530,0,-1,0,0,0,0,-1
8531,1,1,0,0,0,0,-1
8532,1,1,0,0,0,0,-1
8533,1,-1,0,0,0,0,0
8534,1,-1,0,0,0,0,0
8535,1,-1,0,0,0,0,-1
8536,1,-1,0,0,0,0,0
8537,1,1,0,0,0,0,-1
8538,0,-1,0,0,1,0,1
8539,1,-1,0,0,0,0,0
8540,0,0,0,0,0,0,-1
8541,1,-1,0,0,0,0,0
8542,1,-1,0,0,0,0,-1
8543,0,-1,0,0,0,0,0
8544,0,0,0,0,0,0,0
8545,1,1,0,0,0,0,-1
8546,1,1,0,0,0,0,0
8547,0,0,0,0,0,0,-1
8548,-1,1,0,0,0,0,0
8549,0,-1,0,0,0,0,-1
8550,1,1,0,0,0,0,-1
8551,1,1,0,0,0,0,0
8552,1,1,0,0,0,0,-1
8553,1,-1,0,0,0,0,0
8554,0,1,0,0,0,0,-1
8555,0,0,0,0,0,0,-1
8556,1,1,0,0,0,0,-1
8557,0,-1,0,0,0,0,-1
8558,1,-1,0,0,0,0,0
8559,0,0,0,0,0,0,-1
8560,0,0,0,0,0,0,1
8561,1,-1,0,0,0,0,-1
8562,1,-1,0,0,0,0,0
8563,1,1,0,0,0,0,0
8564,1,1,0,0,0,0,0
8565,1,-1,0,0,1,0,-1
8566,1,1,0,0,1,0,-1
8567,-1,-1,0,0,-1,0,0
8568,1,-1,0,0,0,0,-1
8569,0,0,0,0,0,0,-1
8570,-1,-1,0,0,-1,0,-1
8571,0,-1,0,0,0,0,-1
8572,1,1,0,0,0,0,0
8573,1,1,0,0,0,0,0
8574,1,-1,0,0,0,0,-1
8575,1,1,0,0,1,0,1
8576,0,0,0,0,0,0,-1
8577,1,1,0,0,0,0,-1
8578,0,0,0,0,0,0,-1
8579,0,0,0,0,0,0,-1
8580,1,-1,0,0,-1,0,-1
8581,0,0,0,0,0,0,-1
8582,0,0,0,0,0,0,0
8583,0,0,0,0,0,0,-1
8584,1,1,0,0,0,0,-1
8585,1,-1,0,0,-1,0,-1
8586,1,-1,0,0,0,0,-1
8587,0,1,0,0,1,0,-1
8588,1,-1,0,0,0,0,-1
8589,1,1,0,0,1,0,-1
8590,1,-1,0,0,1,0,-1
8591,1,-1,0,0,0,0,-1
8592,0,0,0,0,0,0,-1
8593,-1,-1,0,0,-1,0,-1
8594,0,-1,0,0,0,0,0
8595,0,0,0,0,0,0,0
8596,1,-1,0,0,0,0,0
8597,1,-1,0,0,-1,0,-1
8598,1,1,0,0,1,0,-1
8599,0,0,0,0,0,0,-1
8600,1,1,0,0,1,0,-1
8601,1,-1,0,0,0,0,-1
8602,1,-1,0,0,0,0,-1
8603,1,1,0,0,1,0,-1
8604,0,1,0,0,0,0,-1
8605,1,-1,0,0,0,0,-1
8606,1,1,0,0,0,0,-1
8607,1,1,0,0,0,0,0
8608,1,-1,0,0,0,0,-1
8609,1,-1,0,0,-1,0,-1
8610,1,1,0,0,0,0,-1
8611,0,-1,0,0,0,0,-1
8612,1,-1,0,0,1,0,-1
8613,1,1,0,0,-1,0,0
8614,1,-1,0,0,0,0,0
8615,1,-1,0,0,0,0,-1
8616,1,1,0,0,0,0,-1
8617,1,1,0,0,0,0,-1
8618,1,1,0,0,0,0,-1
8619,1,1,0,0,0,0,-1
8620,1,1,0,0,1,0,-1
8621,0,0,0,0,0,0,-1
8622,1,1,0,0,0,0,-1
8623,1,1,0,0,0,0,0
8624,0,0,0,0,0,0,1
8625,0,1,0,0,0,0,-1
8626,1,1,0,0,0,0,-1
8627,1,1,0,0,0,0,-1
8628,1,1,0,0,0,0,-1
8629,1,-1,0,0,0,0,-1
8630,1,-1,0,0,-1,0,-1
8631,1,1,0,0,0,0,0
8632,1,-1,0,0,0,0,-1
8633,1,1,0,0,0,0,-1
8634,1,-1,0,0,0,0,-1
8635,-1,1,0,0,0,0,-1
8636,1,1,0,0,1,0,-1
8637,1,-1,0,0,0,0,0
8638,0,0,0,0,0,0,-1
8639,1,1,0,0,0,0,0
8640,1,1,0,0,0,0,-1
8641,0,-1,0,0,1,0,-1
8642,1,1,0,0,0,0,-1
8643,1,1,0,0,1,0,0
8644,1,1,0,0,0,0,0
8645,1,-1,0,0,0,0,-1
8646,1,0,0,0,-1,0,0
8647,1,-1,0,0,0,0,-1
8648,1,-1,0,0,-1,0,-1
8649,0,-1,0,0,0,0,-1
8650,1,1,0,0,0,0,-1
8651,1,-1,0,0,0,0,0
8652,1,-1,0,0,0,0,0
8653,1,1,0,0,1,0,0
8654,0,0,0,0,-1,0,-1
8655,0,0,0,0,0,0,-1
8656,1,-1,0,0,0,0,-1
8657,1,1,0,0,0,0,-1
8658,1,1,0,0,0,0,-1
8659,-1,-1,0,0,0,0,0
8660,1,1,0,0,-1,0,1
8661,1,1,0,0,0,0,0
8662,1,1,0,0,1,0,-1
8663,1,1,0,0,0,0,-1
8664,1,1,0,0,1,0,-1
8665,1,-1,0,0,0,0,0
8666,0,0,0,0,0,0,1
8667,0,-1,0,0,0,0,-1
8668,0,0,0,0,0,0,-1
8669,1,1,0,0,0,0,-1
8670,-1,-1,0,0,1,0,1
8671,1,1,0,0,0,0,-1
8672,0,-1,0,0,0,0,-1
8673,1,1,0,0,1,0,-1
8674,1,1,0,0,0,0,-1
8675,1,-1,0,0,0,0,0
8676,1,1,0,0,0,0,-1
8677,1,-1,0,0,0,0,0
8678,0,0,0,0,0,0,0
8679,1,1,0,0,0,0,0
8680,1,1,0,0,0,0,0
8681,0,0,0,0,0,0,-1
8682,0,0,0,0,0,0,-1
8683,1,-1,0,0,-1,0,-1
8684,1,1,0,0,0,0,-1
8685,0,0,0,0,0,0,-1
8686,-1,1,0,0,0,0,-1
8687,0,0,0,0,0,0,-1
8688,1,1,0,0,0,0,-1
8689,1,1,0,0,1,0,-1
8690,1,1,0,0,1,0,-1
8691,1,-1,0,0,0,0,0
8692,1,1,0,0,0,0,0
8693,1,-1,0,0,0,0,0
8694,1,1,0,0,1,0,-1
8695,1,1,0,0,0,0,0
8696,1,1,0,0,-1,0,0
8697,1,-1,0,0,0,0,-1
8698,1,1,0,0,0,0,0
8699,0,0,0,0,0,0,1
8700,0,0,0,0,0,0,-1
8701,0,-1,0,0,1,0,-1
8702,1,-1,0,0,1,0,-1
8703,1,-1,0,0,1,0,-1
8704,1,-1,0,0,0,0,-1
8705,1,1,0,0,1,0,-1
8706,0,0,0,0,0,0,-1
8707,1,1,0,0,0,0,-1
8708,1,-1,0,0,0,0,-1
8709,1,1,0,0,1,0,-1
8710,1,1,0,0,0,0,0
8711,1,1,0,0,0,0,0
8712,1,1,0,0,1,0,0
8713,0,-1,0,0,0,0,0
8714,1,-1,0,0,0,0,0
8715,1,1,0,0,1,0,-1
8716,1,1,0,0,0,0,-1
8717,1,1,0,0,0,0,-1
8718,0,1,0,0,0,0,-1
8719,1,-1,0,0,0,0,-1
8720,1,-1,0,0,0,0,0
8721,1,-1,0,0,0,0,-1
8722,1,1,0,0,0,0,-1
8723,1,1,0,0,0,0,0
8724,0,0,0,0,0,0,-1
8725,0,-1,0,0,0,0,0
8726,0,-1,0,0,-1,0,-1
8727,0,0,0,0,0,0,-1
8728,1,1,0,0,1,0,-1
8729,1,1,0,0,0,0,-1
8730,1,1,0,0,0,0,0
8731,1,-1,0,0,-1,0,-1
8732,1,-1,0,0,0,0,-1
8733,1,1,0,0,0,0,0
8734,1,1,0,0,1,0,-1
8735,1,-1,0,0,0,0,0
8736,-1,-1,0,0,0,0,0
8737,1,-1,0,0,1,0,-1
8738,1,-1,0,0,0,0,-1
8739,1,1,0,0,0,0,0
8740,1,1,0,0,1,0,-1
8741,1,1,0,0,1,0,0
8742,-1,-1,0,0,-1,0,0
8743,0,0,0,0,0,0,-1
8744,1,1,0,0,0,0,-1
8745,1,1,0,0,0,0,-1
8746,1,-1,0,0,0,0,0
8747,1,1,0,0,0,0,0
8748,1,-1,0,0,1,0,-1
8749,0,-1,0,0,-1,0,-1
8750,1,1,0,0,0,0,-1
8751,1,1,0,0,0,0,0
8752,0,-1,0,0,0,0,-1
8753,1,-1,0,0,1,0,-1
8754,1,-1,0,0,0,0,-1
8755,1,-1,0,0,0,0,-1
8756,1,1,0,0,0,0,0
8757,1,-1,0,0,0,0,-1
8758,1,1,0,0,0,0,-1
8759,1,-1,0,0,1,0,-1
8760,1,1,0,0,0,0,0
8761,1,-1,0,0,0,0,-1
8762,1,-1,0,0,0,0,-1
8763,1,1,0,0,1,0,-1
8764,1,1,0,0,0,0,-1
8765,1,1,0,0,1,0,-1
8766,1,1,0,0,0,0,-1
8767,1,1,0,0,-1,0,-1
8768,1,-1,0,0,0,0,-1
8769,0,0,0,0,0,0,-1
8770,1,-1,0,0,0,0,0
8771,-1,1,0,0,0,0,-1
8772,1,1,0,0,0,0,-1
8773,1,1,0,0,0,0,0
8774,1,1,0,0,1,0,-1
8775,1,-1,0,0,1,0,-1
8776,1,-1,0,0,0,0,-1
8777,1,1,0,0,0,0,0
8778,1,-1,0,0,0,0,-1
8779,1,1,0,0,-1,0,-1
8780,1,1,0,0,0,0,-1
8781,1,1,0,0,0,0,0
8782,-1,1,0,0,0,0,-1
8783,1,1,0,0,0,0,1
8784,1,1,0,0,-1,0,0
8785,1,-1,0,0,0,0,0
8786,1,1,0,0,0,0,-1
8787,1,1,0,0,0,0,-1
8788,1,1,0,0,0,0,0
8789,1,1,0,0,0,0,-1
8790,1,1,0,0,1,0,0
8791,1,1,0,0,-1,0,-1
8792,1,-1,0,0,0,0,-1
8793,1,1,0,0,0,0,-1
8794,-1,-1,0,0,0,0,0
8795,1,-1,0,0,0,0,0
8796,1,-1,0,0,0,0,-1
8797,1,-1,0,0,0,0,-1
8798,1,1,0,0,0,0,-1
8799,1,1,0,0,0,0,0
8800,0,-1,0,0,-1,0,-1
8801,1,1,0,0,0,0,0
8802,1,1,0,0,0,0,-1
8803,0,1,0,0,1,0,0
8804,1,-1,0,0,0,0,-1
8805,0,0,0,0,0,0,-1
8806,1,1,0,0,0,0,-1
8807,0,0,0,0,0,0,-1
8808,0,1,0,0,0,0,-1
8809,1,-1,0,0,0,0,-1
8810,1,1,0,0,0,0,-1
8811,0,0,0,0,0,0,0
8812,1,-1,0,0,0,0,-1
8813,1,-1,0,0,1,0,1
8814,0,1,0,0,0,0,0
8815,1,1,0,0,1,0,-1
8816,1,1,0,0,0,0,-1
8817,0,-1,0,0,0,0,-1
8818,1,1,0,0,1,0,-1
8819,1,-1,0,0,0,0,-1
8820,0,1,0,0,0,0,0
8821,1,-1,0,0,0,0,-1
8822,1,1,0,0,0,0,-1
8823,1,-1,0,0,-1,0,-1
8824,1,-1,0,0,0,0,0
8825,1,1,0,0,0,0,0
8826,1,1,0,0,0,0,0
8827,1,1,0,0,0,0,-1
8828,0,0,0,0,0,0,-1
8829,1,-1,0,0,0,0,0
8830,1,1,0,0,1,0,-1
8831,1,-1,0,0,1,0,1
8832,1,-1,0,0,0,0,-1
8833,1,-1,0,0,0,0,0
8834,1,-1,0,0,0,0,-1
8835,1,-1,0,0,0,0,-1
8836,1,-1,0,0,0,0,0
8837,1,-1,0,0,0,0,0
8838,1,-1,0,0,0,0,0
8839,1,1,0,0,0,0,-1
8840,1,1,0,0,1,0,-1
8841,1,1,0,0,-1,0,0
8842,0,0,0,0,0,0,1
8843,1,1,0,0,0,0,-1
8844,1,-1,0,0,1,0,-1
8845,1,-1,0,0,0,0,-1
8846,1,1,0,0,0,0,-1
8847,1,-1,0,0,0,0,-1
8848,1,-1,0,0,0,0,-1
8849,1,-1,0,0,0,0,-1
8850,1,-1,0,0,0,0,0
8851,1,-1,0,0,-1,0,-1
8852,1,1,0,0,1,0,1
8853,1,1,0,0,-1,0,-1
8854,1,-1,0,0,1,0,-1
8855,1,-1,0,0,0,0,-1
8856,0,0,0,0,0,0,-1
8857,1,1,0,0,0,0,-1
8858,1,-1,0,0,-1,0,0
8859,1,1,0,0,-1,0,0
8860,1,-1,0,0,0,0,-1
8861,0,0,0,0,-1,0,-1
8862,1,-1,0,0,0,0,-1
8863,1,1,0,0,1,0,0
8864,1,-1,0,0,1,0,0
8865,1,1,0,0,0,0,0
8866,1,-1,0,0,0,0,-1
8867,1,-1,0,0,0,0,0
8868,1,1,0,0,1,0,-1
8869,1,1,0,0,1,0,-1
8870,1,1,0,0,1,0,-1
8871,1,-1,0,0,0,0,-1
8872,1,1,0,0,0,0,-1
8873,1,1,0,0,0,0,0
8874,1,1,0,0,0,0,-1
8875,1,1,0,0,0,0,-1
8876,0,1,0,0,0,0,0
8877,1,-1,0,0,0,0,-1
8878,1,1,0,0,0,0,-1
8879,0,0,0,0,0,0,-1
8880,1,-1,0,0,0,0,0
8881,0,0,0,0,0,0,-1
8882,1,1,0,0,0,0,-1
8883,1,1,0,0,0,0,0
8884,1,1,0,0,0,0,0
8885,1,1,0,0,0,0,0
8886,1,1,0,0,0,0,-1
8887,0,-1,0,0,0,0,-1
8888,1,1,0,0,0,0,0
8889,-1,1,0,0,0,0,-1
8890,1,-1,0,0,1,0,-1
8891,0,-1,0,0,0,0,-1
8892,1,-1,0,0,-1,0,1
8893,1,1,0,0,0,0,-1
8894,1,-1,0,0,0,0,-1
8895,1,1,0,0,1,0,-1
8896,1,-1,0,0,1,0,-1
8897,1,1,0,0,0,0,-1
8898,1,1,0,0,0,0,0
8899,0,0,0,0,0,0,0
8900,1,1,0,0,0,0,-1
8901,0,0,0,0,0,0,0
8902,1,-1,0,0,0,0,-1
8903,0,-1,0,0,0,0,-1
8904,-1,1,0,0,-1,0,-1
8905,-1,-1,0,0,0,0,-1
8906,1,-1,0,0,0,0,-1
8907,1,-1,0,0,1,0,-1
8908,0,0,0,0,0,0,-1
8909,1,1,0,0,-1,0,-1
8910,1,-1,0,0,0,0,0
8911,1,1,0,0,0,0,-1
8912,1,-1,0,0,0,0,-1
8913,1,-1,0,0,0,0,0
8914,1,-1,0,0,-1,0,1
8915,1,-1,0,0,0,0,0
8916,1,-1,0,0,1,0,-1
8917,0,0,0,0,0,0,-1
8918,1,-1,0,0,1,0,-1
8919,0,0,0,0,0,0,-1
8920,1,-1,0,0,1,0,-1
8921,1,-1,0,0,0,0,0
8922,0,-1,0,0,0,0,0
8923,1,1,0,0,0,0,0
8924,1,1,0,0,0,0,-1
8925,1,1,0,0,0,0,-1
8926,1,1,0,0,0,0,0
8927,1,-1,0,0,0,0,0
8928,1,1,0,0,0,0,-1
8929,1,1,0,0,-1,0,-1
8930,1,-1,0,0,0,0,0
8931,1,1,0,0,0,0,0
8932,0,-1,0,0,0,0,-1
8933,1,-1,0,0,0,0,0
8934,1,1,0,0,0,0,-1
8935,1,-1,0,0,-1,0,-1
8936,1,-1,0,0,0,0,0
8937,0,-1,0,0,0,0,-1
8938,1,1,0,0,0,0,0
8939,1,-1,0,0,0,0,0
8940,1,-1,0,0,0,0,-1
8941,1,1,0,0,0,0,0
8942,0,0,0,0,0,0,-1
8943,1,1,0,0,0,0,0
8944,-1,1,0,0,0,0,-1
8945,-1,-1,0,0,1,0,-1
8946,-1,-1,0,0,-1,0,-1
8947,1,-1,0,0,-1,0,-1
8948,1,1,0,0,1,0,0
8949,1,-1,0,0,0,0,-1
8950,1,1,0,0,0,0,-1
8951,0,-1,0,0,1,0,-1
8952,1,-1,0,0,1,0,-1
8953,-1,-1,0,0,0,0,0
8954,0,0,0,0,0,0,-1
8955,1,1,0,0,0,0,-1
8956,1,1,0,0,0,0,0
8957,-1,1,0,0,0,0,-1
8958,1,1,0,0,0,0,0
8959,1,1,0,0,0,0,-1
8960,1,1,0,0,0,0,1
8961,1,-1,0,0,0,0,-1
8962,1,1,0,0,1,0,-1
8963,1,1,0,0,0,0,0
8964,1,1,0,0,1,0,-1
8965,1,-1,0,0,-1,0,-1
8966,1,1,0,0,1,0,0
8967,-1,-1,0,0,-1,0,0
8968,1,1,0,0,0,0,0
8969,1,1,0,0,0,0,-1
8970,1,-1,0,0,0,0,0
8971,0,0,0,0,0,0,-1
8972,0,-1,0,0,0,0,-1
8973,1,-1,0,0,0,0,0
8974,1,-1,0,0,0,0,0
8975,1,1,0,0,0,0,0
8976,1,1,0,0,0,0,0
8977,1,1,0,0,0,0,0
8978,0,0,0,0,0,0,-1
8979,1,1,0,0,0,0,-1
8980,1,-1,0,0,0,0,0
8981,1,-1,0,0,0,0,-1
8982,1,-1,0,0,0,0,-1
8983,1,1,0,0,1,0,-1
8984,1,1,0,0,0,0,-1
8985,1,-1,0,0,0,0,0
8986,1,1,0,0,0,0,-1
8987,1,-1,0,0,0,0,0
8988,1,1,0,0,0,0,-1
8989,1,1,0,0,0,0,-1
8990,0,0,0,0,0,0,-1
8991,1,1,0,0,0,0,0
8992,1,-1,0,0,0,0,-1
8993,1,-1,0,0,0,0,0
8994,1,-1,0,0,1,0,0
8995,1,-1,0,0,1,0,-1
8996,1,-1,0,0,1,0,-1
8997,1,1,0,0,0,0,0
8998,1,1,0,0,0,0,-1
8999,0,0,0,0,0,0,0
9000,1,1,0,0,0,0,0
9001,0,-1,0,0,0,0,-1
9002,1,-1,0,0,0,0,-1
9003,-1,-1,0,0,0,0,1
9004,1,-1,0,0,1,0,-1
9005,1,-1,0,0,0,0,0
9006,1,1,0,0,0,0,-1
9007,0,0,0,0,0,0,-1
9008,1,-1,0,0,1,0,-1
9009,1,1,0,0,-1,0,0
9010,1,-1,0,0,1,0,0
9011,1,1,0,0,0,0,-1
9012,1,1,0,0,0,0,-1
9013,1,-1,0,0,1,0,1
9014,1,-1,0,0,0,0,-1
9015,1,1,0,0,0,0,0
9016,0,0,0,0,0,0,0
9017,1,1,0,0,0,0,0
9018,1,-1,0,0,0,0,-1
9019,1,1,0,0,0,0,-1
9020,0,0,0,0,0,0,-1
9021,-1,0,0,0,0,0,-1
9022,1,-1,0,0,0,0,-1
9023,0,0,0,0,0,0,-1
9024,1,1,0,0,1,0,-1
9025,1,1,0,0,0,0,-1
9026,1,-1,0,0,0,0,0
9027,1,-1,0,0,0,0,0
9028,1,-1,0,0,1,0,-1
9029,1,1,0,0,0,0,0
9030,1,1,0,0,1,0,-1
9031,1,1,0,0,0,0,-1
9032,1,-1,0,0,1,0,-1
9033,1,1,0,0,1,0,0
9034,1,-1,0,0,0,0,-1
9035,1,1,0,0,0,0,-1
9036,1,1,0,0,0,0,-1
9037,0,0,0,0,0,0,-1
9038,0,0,0,0,0,0,-1
9039,1,-1,0,0,0,0,-1
9040,1,1,0,0,0,0,-1
9041,0,-1,0,0,0,0,1
9042,1,-1,0,0,0,0,0
9043,1,-1,0,0,0,0,0
9044,1,1,0,0,0,0,0
9045,1,1,0,0,0,0,0
9046,1,-1,0,0,0,0,-1
9047,0,0,0,0,0,0,-1
9048,1,-1,0,0,0,0,-1
9049,1,-1,0,0,0,0,-1
9050,1,-1,0,0,0,0,-1
9051,0,0,0,0,0,0,-1
9052,0,-1,0,0,0,0,0
9053,1,1,0,0,0,0,0
9054,1,1,0,0,0,0,-1
9055,1,-1,0,0,0,0,-1
9056,1,-1,0,0,-1,0,0
9057,1,1,0,0,1,0,-1
9058,1,-1,0,0,0,0,-1
9059,1,-1,0,0,1,0,0
9060,1,1,0,0,0,0,-1
9061,1,1,0,0,0,0,0
9062,1,1,0,0,0,0,-1
9063,-1,-1,0,0,0,0,0
9064,1,1,0,0,0,0,0
9065,1,-1,0,0,0,0,-1
9066,1,-1,0,0,0,0,0
9067,1,1,0,0,0,0,-1
9068,1,-1,0,0,0,0,-1
9069,1,-1,0,0,0,0,-1
9070,1,-1,0,0,0,0,-1
9071,1,-1,0,0,0,0,-1
9072,1,1,0,0,0,0,-1
9073,1,1,0,0,0,0,-1
9074,1,1,0,0,-1,0,-1
9075,1,-1,0,0,0,0,-1
9076,1,-1,0,0,0,0,-1
9077,1,-1,0,0,0,0,-1
9078,0,-1,0,0,0,0,-1
9079,1,-1,0,0,0,0,-1
9080,1,-1,0,0,0,0,-1
9081,1,-1,0,0,1,0,-1
9082,1,1,0,0,0,0,0
9083,1,-1,0,0,0,0,-1
9084,1,-1,0,0,0,0,0
9085,1,-1,0,0,0,0,0
9086,1,1,0,0,0,0,-1
9087,1,1,0,0,0,0,0
9088,-1,1,0,0,0,0,-1
9089,1,1,0,0,0,0,-1
9090,0,0,0,0,0,0,1
9091,0,0,0,0,0,0,-1
9092,1,-1,0,0,-1,0,0
9093,1,1,0,0,1,0,-1
9094,1,-1,0,0,0,0,-1
9095,1,-1,0,0,0,0,0
9096,1,-1,0,0,0,0,-1
9097,1,1,0,0,0,0,-1
9098,1,1,0,0,0,0,-1
9099,1,-1,0,0,0,0,0
9100,1,-1,0,0,0,0,-1
9101,1,-1,0,0,1,0,-1
9102,1,1,0,0,0,0,-1
9103,0,1,0,0,1,0,-1
9104,0,0,0,0,0,0,-1
9105,1,1,0,0,0,0,-1
9106,1,-1,0,0,0,0,0
9107,1,-1,0,0,-1,0,0
9108,1,-1,0,0,0,0,-1
9109,-1,1,0,0,0,0,-1
9110,0,0,0,0,0,0,-1
9111,1,-1,0,0,0,0,-1
9112,1,1,0,0,0,0,-1
9113,1,1,0,0,-1,0,-1
9114,1,-1,0,0,-1,0,-1
9115,1,-1,0,0,-1,0,0
9116,1,1,0,0,1,0,-1
9117,1,1,0,0,0,0,-1
9118,1,1,0,0,0,0,-1
9119,1,-1,0,0,0,0,0
9120,1,-1,0,0,0,0,-1
9121,1,-1,0,0,1,0,-1
9122,1,-1,0,0,0,0,1
9123,1,1,0,0,0,0,-1
9124,1,1,0,0,1,0,-1
9125,1,1,0,0,0,0,-1
9126,1,-1,0,0,1,0,-1
9127,1,1,0,0,0,0,-1
9128,1,-1,0,0,1,0,-1
9129,1,-1,0,0,0,0,0
9130,1,1,0,0,0,0,-1
9131,1,-1,0,0,0,0,-1
9132,0,0,0,0,0,0,-1
9133,1,-1,0,0,1,0,-1
9134,1,1,0,0,-1,0,0
9135,0,1,0,0,1,0,-1
9136,1,-1,0,0,-1,0,-1
9137,1,-1,0,0,0,0,0
9138,0,0,0,0,0,0,-1
9139,0,-1,0,0,0,0,-1
9140,1,1,0,0,1,0,-1
9141,-1,-1,0,0,1,0,-1
9142,1,-1,0,0,0,0,-1
9143,1,-1,0,0,0,0,0
9144,1,1,0,0,0,0,0
9145,0,-1,0,0,0,0,0
9146,1,1,0,0,1,0,-1
9147,0,0,0,0,0,0,-1
9148,0,0,0,0,0,0,-1
9149,1,1,0,0,0,0,-1
9150,1,-1,0,0,0,0,0
9151,1,1,0,0,0,0,0
9152,0,-1,0,0,0,0,-1
9153,0,0,0,0,0,0,0
9154,1,1,0,0,0,0,0
9155,1,-1,0,0,0,0,-1
9156,1,-1,0,0,1,0,0
9157,0,0,0,0,0,0,-1
9158,1,1,0,0,0,0,0
9159,-1,0,0,0,0,0,-1
9160,1,1,0,0,0,0,-1
9161,1,1,0,0,0,0,-1
9162,1,-1,0,0,-1,0,0
9163,1,1,0,0,-1,0,-1
9164,-1,1,0,0,0,0,0
9165,1,1,0,0,0,0,-1
9166,1,1,0,0,-1,0,-1
9167,1,-1,0,0,0,0,0
9168,0,-1,0,0,0,0,-1
9169,1,-1,0,0,0,0,-1
9170,1,1,0,0,1,0,-1
9171,1,1,0,0,1,0,-1
9172,0,0,0,0,0,0,-1
9173,1,-1,0,0,0,0,-1
9174,1,-1,0,0,0,0,-1
9175,1,-1,0,0,0,0,-1
9176,1,1,0,0,0,0,0
9177,1,1,0,0,0,0,1
9178,0,0,0,0,0,0,0
9179,1,-1,0,0,0,0,0
9180,1,1,0,0,0,0,0
9181,1,1,0,0,0,0,-1
9182,1,-1,0,0,0,0,0
9183,1,-1,0,0,0,0,-1
9184,1,1,0,0,0,0,0
9185,1,-1,0,0,1,0,0
9186,1,1,0,0,0,0,0
9187,1,-1,0,0,0,0,-1
9188,1,1,0,0,0,0,-1
9189,1,1,0,0,0,0,-1
9190,1,-1,0,0,0,0,-1
9191,1,-1,0,0,1,0,-1
9192,0,0,0,0,0,0,0
9193,1,-1,0,0,0,0,-1
9194,1,-1,0,0,0,0,0
9195,1,1,0,0,0,0,-1
9196,1,1,0,0,0,0,-1
9197,0,-1,0,0,-1,0,-1
9198,1,-1,0,0,1,0,0
9199,1,1,0,0,0,0,-1
9200,0,-1,0,0,0,0,-1
9201,1,1,0,0,0,0,0
9202,1,-1,0,0,0,0,-1
9203,1,1,0,0,0,0,0
9204,1,1,0,0,0,0,0
9205,1,1,0,0,0,0,-1
9206,1,1,0,0,0,0,0
9207,1,-1,0,0,1,0,-1
9208,0,0,0,0,0,0,-1
9209,1,-1,0,0,1,0,-1
9210,1,-1,0,0,0,0,-1
9211,1,1,0,0,1,0,-1
9212,1,-1,0,0,1,0,-1
9213,1,1,0,0,0,0,-1
9214,-1,-1,0,0,0,0,-1
9215,1,-1,0,0,0,0,0
9216,1,1,0,0,1,0,0
9217,0,0,0,0,0,0,-1
9218,1,1,0,0,1,0,-1
9219,1,1,0,0,0,0,0
9220,1,1,0,0,0,0,0
9221,1,1,0,0,0,0,-1
9222,0,0,0,0,0,0,-1
9223,1,1,0,0,0,0,-1
9224,0,0,0,0,0,0,-1
9225,1,1,0,0,1,0,-1
9226,1,1,0,0,0,0,0
9227,1,1,0,0,-1,0,-1
9228,0,0,0,0,0,0,0
9229,0,0,0,0,-1,0,-1
9230,1,1,0,0,0,0,-1
9231,-1,1,0,0,0,0,-1
9232,1,1,0,0,0,0,-1
9233,0,0,0,0,0,0,-1
9234,1,-1,0,0,0,0,0
9235,1,-1,0,0,-1,0,-1
9236,1,1,0,0,0,0,0
9237,0,0,0,0,0,0,-1
9238,1,1,0,0,0,0,-1
9239,0,0,0,0,0,0,-1
9240,1,1,0,0,0,0,0
9241,1,-1,0,0,1,0,-1
9242,1,-1,0,0,-1,0,-1
9243,1,1,0,0,1,0,-1
9244,1,1,0,0,0,0,-1
9245,0,0,0,0,0,0,-1
9246,1,1,0,0,0,0,-1
9247,0,-1,0,0,0,0,-1
9248,0,-1,0,0,0,0,-1
9249,1,-1,0,0,1,0,1
9250,1,-1,0,0,1,0,-1
9251,1,-1,0,0,-1,0,-1
9252,1,-1,0,0,0,0,-1
9253,1,1,0,0,0,0,-1
9254,0,0,0,0,0,0,-1
9255,1,1,0,0,1,0,0
9256,1,-1,0,0,0,0,-1
9257,1,1,0,0,0,0,-1
9258,1,1,0,0,1,0,-1
9259,1,-1,0,0,0,0,0
9260,1,1,0,0,0,0,-1
9261,1,-1,0,0,0,0,-1
9262,1,1,0,0,0,0,0
9263,0,0,0,0,0,0,-1
9264,1,1,0,0,1,0,-1
9265,1,-1,0,0,0,0,-1
9266,1,1,0,0,0,0,-1
9267,1,-1,0,0,1,0,-1
9268,1,1,0,0,1,0,-1
9269,1,-1,0,0,0,0,0
9270,0,0,0,0,0,0,-1
9271,1,-1,0,0,0,0,0
9272,1,-1,0,0,1,0,-1
9273,-1,1,0,0,0,0,0
9274,1,-1,0,0,0,0,0
9275,1,1,0,0,0,0,-1
9276,1,-1,0,0,1,0,-1
9277,1,-1,0,0,-1,0,-1
9278,1,1,0,0,0,0,-1
9279,1,-1,0,0,0,0,-1
9280,1,-1,0,0,0,0,-1
9281,1,1,0,0,0,0,-1
9282,1,1,0,0,-1,0,-1
9283,0,0,0,0,0,0,-1
9284,1,-1,0,0,1,0,-1
9285,1,-1,0,0,-1,0,-1
9286,1,-1,0,0,-1,0,-1
9287,1,1,0,0,0,0,-1
9288,1,0,0,0,0,0,0
9289,1,-1,0,0,0,0,-1
9290,1,1,0,0,0,0,-1
9291,1,1,0,0,0,0,-1
9292,1,1,0,0,0,0,0
9293,1,-1,0,0,1,0,0
9294,0,-1,0,0,-1,0,0
9295,1,-1,0,0,1,0,-1
9296,1,-1,0,0,0,0,0
9297,1,1,0,0,-1,0,0
9298,1,-1,0,0,0,0,-1
9299,1,-1,0,0,0,0,-1
9300,1,-1,0,0,0,0,-1
9301,1,-1,0,0,-1,0,0
9302,1,-1,0,0,0,0,-1
9303,0,-1,0,0,0,0,-1
9304,1,-1,0,0,-1,0,-1
9305,1,-1,0,0,1,0,-1
9306,0,-1,0,0,0,0,-1
9307,1,-1,0,0,0,0,0
9308,1,1,0,0,1,0,1
9309,1,-1,0,0,1,0,-1
9310,1,-1,0,0,0,0,0
9311,1,-1,0,0,1,0,-1
9312,1,1,0,0,0,0,0
9313,1,1,0,0,1,0,-1
9314,0,0,0,0,0,0,-1
9315,1,-1,0,0,0,0,-1
9316,1,1,0,0,0,0,-1
9317,1,-1,0,0,0,0,0
9318,1,1,0,0,1,0,-1
9319,1,-1,0,0,0,0,-1
9320,-1,-1,0,0,0,0,-1
9321,1,-1,0,0,0,0,0
9322,0,0,0,0,0,0,0
9323,1,1,0,0,0,0,-1
9324,1,1,0,0,1,0,-1
9325,1,-1,0,0,0,0,-1
9326,0,0,0,0,0,0,-1
9327,1,1,0,0,0,0,-1
9328,1,1,0,0,-1,0,-1
9329,0,-1,0,0,0,0,0
9330,1,-1,0,0,0,0,0
9331,1,1,0,0,-1,0,0
9332,1,1,0,0,0,0,-1
9333,1,1,0,0,0,0,-1
9334,1,-1,0,0,0,0,0
9335,-1,-1,0,0,0,0,0
9336,1,-1,0,0,0,0,-1
9337,0,0,0,0,0,0,-1
9338,1,1,0,0,-1,0,0
9339,1,-1,0,0,0,0,-1
9340,0,0,0,0,0,0,-1
9341,0,-1,0,0,0,0,-1
9342,1,-1,0,0,0,0,0
9343,1,-1,0,0,0,0,0
9344,1,1,0,0,0,0,-1
9345,1,1,0,0,0,0,-1
9346,1,1,0,0,0,0,-1
9347,0,-1,0,0,0,0,0
9348,1,-1,0,0,0,0,-1
9349,1,1,0,0,0,0,0
9350,0,0,0,0,0,0,-1
9351,1,1,0,0,-1,0,-1
9352,0,-1,0,0,-1,0,-1
9353,1,1,0,0,0,0,-1
9354,1,1,0,0,0,0,-1
9355,0,0,0,0,0,0,-1
9356,1,1,0,0,0,0,-1
9357,0,-1,0,0,0,0,-1
9358,1,-1,0,0,1,0,-1
9359,1,1,0,0,0,0,-1
9360,1,1,0,0,0,0,-1
9361,1,-1,0,0,-1,0,-1
9362,0,-1,0,0,0,0,-1
9363,1,-1,0,0,1,0,-1
9364,1,-1,0,0,0,0,-1
9365,1,1,0,0,0,0,-1
9366,1,1,0,0,0,0,-1
9367,1,1,0,0,0,0,-1
9368,0,0,0,0,0,0,-1
9369,1,1,0,0,1,0,0
9370,1,1,0,0,0,0,-1
9371,1,-1,0,0,1,0,0
9372,1,1,0,0,1,0,-1
9373,0,0,0,0,0,0,0
9374,1,1,0,0,0,0,-1
9375,1,1,0,0,0,0,-1
9376,1,1,0,0,1,0,0
9377,1,-1,0,0,0,0,0
9378,1,1,0,0,0,0,-1
9379,1,-1,0,0,0,0,-1
9380,1,1,0,0,1,0,0
9381,-1,1,0,0,0,0,-1
9382,1,1,0,0,0,0,-1
9383,1,-1,0,0,1,0,-1
9384,0,0,0,0,0,0,-1
9385,1,1,0,0,0,0,-1
9386,1,-1,0,0,0,0,-1
9387,1,1,0,0,0,0,-1
9388,1,-1,0,0,0,0,-1
9389,1,-1,0,0,-1,0,0
9390,1,-1,0,0,-1,0,-1
9391,0,-1,0,0,0,0,-1
9392,0,0,0,0,0,0,-1
9393,1,1,0,0,1,0,0
9394,1,1,0,0,0,0,-1
9395,0,0,0,0,0,0,-1
9396,1,-1,0,0,-1,0,-1
9397,1,-1,0,0,1,0,-1
9398,1,1,0,0,0,0,-1
9399,1,1,0,0,0,0,0
9400,0,1,0,0,1,0,-1
9401,-1,1,0,0,1,0,-1
9402,1,-1,0,0,-1,0,0
9403,1,1,0,0,0,0,0
9404,1,-1,0,0,0,0,0
9405,0,0,0,0,0,0,-1
9406,1,1,0,0,0,0,-1
9407,1,-1,0,0,0,0,0
9408,1,-1,0,0,0,0,-1
9409,1,1,0,0,0,0,-1
9410,0,0,0,0,0,0,-1
9411,1,-1,0,0,1,0,-1
9412,1,-1,0,0,-1,0,-1
9413,1,1,0,0,0,0,-1
9414,1,1,0,0,0,0,-1
9415,1,-1,0,0,0,0,0
9416,0,-1,0,0,1,0,-1
9417,1,-1,0,0,0,0,0
9418,1,-1,0,0,0,0,-1
9419,1,-1,0,0,0,0,-1
9420,1,-1,0,0,1,0,-1
9421,1,1,0,0,0,0,0
9422,1,1,0,0,0,0,0
9423,1,-1,0,0,0,0,0
9424,0,-1,0,0,0,0,-1
9425,1,1,0,0,0,0,-1
9426,1,-1,0,0,0,0,-1
9427,1,-1,0,0,0,0,-1
9428,1,-1,0,0,1,0,-1
9429,1,1,0,0,0,0,-1
9430,-1,1,0,0,0,0,0
9431,1,-1,0,0,0,0,-1
9432,1,-1,0,0,0,0,-1
9433,0,0,0,0,0,0,-1
9434,1,1,0,0,0,0,0
9435,1,-1,0,0,0,0,0
9436,1,1,0,0,0,0,0
9437,1,1,0,0,0,0,0
9438,1,1,0,0,1,0,-1
9439,1,1,0,0,0,0,-1
9440,0,-1,0,0,-1,0,-1
9441,1,1,0,0,0,0,0
9442,1,1,0,0,0,0,0
9443,1,-1,0,0,-1,0,0
9444,1,1,0,0,0,0,-1
9445,1,-1,0,0,0,0,0
9446,1,-1,0,0,0,0,-1
9447,1,-1,0,0,0,0,-1
9448,1,-1,0,0,-1,0,0
9449,0,0,0,0,0,0,-1
9450,1,-1,0,0,0,0,0
9451,-1,1,0,0,0,0,-1
9452,0,0,0,0,0,0,-1
9453,0,0,0,0,0,0,-1
9454,1,1,0,0,0,0,-1
9455,0,0,0,0,0,0,-1
9456,1,1,0,0,0,0,0
9457,1,1,0,0,0,0,-1
9458,1,-1,0,0,0,0,0
9459,1,1,0,0,-1,0,-1
9460,1,1,0,0,1,0,-1
9461,1,1,0,0,0,0,-1
9462,0,-1,0,0,0,0,-1
9463,1,-1,0,0,0,0,-1
9464,1,-1,0,0,-1,0,-1
9465,1,-1,0,0,0,0,0
9466,1,1,0,0,0,0,0
9467,1,1,0,0,0,0,-1
9468,1,1,0,0,0,0,0
9469,1,-1,0,0,0,0,0
9470,1,-1,0,0,0,0,-1
9471,1,1,0,0,1,0,-1
9472,1,-1,0,0,1,0,-1
9473,0,-1,0,0,0,0,0
9474,1,1,0,0,0,0,-1
9475,1,-1,0,0,1,0,-1
9476,1,1,0,0,1,0,-1
9477,1,-1,0,0,-1,0,-1
9478,1,1,0,0,-1,0,0
9479,1,1,0,0,0,0,0
9480,1,-1,0,0,0,0,-1
9481,1,-1,0,0,0,0,-1
9482,0,0,0,0,0,0,-1
9483,1,1,0,0,1,0,-1
9484,0,-1,0,0,0,0,-1
9485,1,-1,0,0,0,0,0
9486,0,0,0,0,0,0,-1
9487,0,0,0,0,0,0,-1
9488,1,-1,0,0,0,0,-1
9489,0,-1,0,0,0,0,-1
9490,1,-1,0,0,0,0,-1
9491,1,1,0,0,0,0,-1
9492,0,0,0,0,0,0,-1
9493,1,-1,0,0,1,0,-1
9494,0,0,0,0,0,0,-1
9495,1,-1,0,0,-1,0,-1
9496,1,-1,0,0,0,0,-1
9497,1,1,0,0,1,0,0
9498,0,0,0,0,0,0,-1
9499,1,1,0,0,1,0,-1
9500,0,-1,0,0,0,0,-1
9501,1,1,0,0,1,0,-1
9502,0,0,0,0,0,0,-1
9503,0,0,0,0,0,0,-1
9504,1,1,0,0,1,0,-1
9505,1,1,0,0,0,0,0
9506,1,1,0,0,0,0,-1
9507,1,-1,0,0,0,0,-1
9508,1,1,0,0,1,0,-1
9509,1,-1,0,0,0,0,0
9510,1,-1,0,0,0,0,0
9511,1,-1,0,0,0,0,0
9512,1,-1,0,0,0,0,0
9513,1,1,0,0,0,0,0
9514,1,1,0,0,0,0,0
9515,0,0,0,0,0,0,-1
9516,1,1,0,0,0,0,-1
9517,0,1,0,0,0,0,-1
9518,1,-1,0,0,0,0,-1
9519,1,-1,0,0,0,0,-1
9520,1,-1,0,0,0,0,-1
9521,1,-1,0,0,-1,0,-1
9522,-1,1,0,0,0,0,-1
9523,1,1,0,0,0,0,0
9524,1,-1,0,0,0,0,-1
9525,1,1,0,0,0,0,-1
9526,1,1,0,0,1,0,-1
9527,1,1,0,0,0,0,-1
9528,1,1,0,0,1,0,-1
9529,1,1,0,0,0,0,0
9530,0,1,0,0,0,0,-1
9531,1,1,0,0,0,0,-1
9532,0,0,0,0,0,0,-1
9533,1,-1,0,0,0,0,-1
9534,1,1,0,0,0,0,-1
9535,1,-1,0,0,1,0,0
9536,0,0,0,0,0,0,-1
9537,1,1,0,0,0,0,0
9538,1,-1,0,0,0,0,-1
9539,1,-1,0,0,0,0,-1
9540,1,-1,0,0,0,0,-1
9541,1,-1,0,0,0,0,-1
9542,1,1,0,0,0,0,0
9543,1,-1,0,0,1,0,-1
9544,0,-1,0,0,-1,0,0
9545,1,-1,0,0,0,0,0
9546,1,-1,0,0,0,0,-1
9547,1,-1,0,0,0,0,-1
9548,1,1,0,0,0,0,0
9549,1,1,0,0,0,0,0
9550,1,1,0,0,1,0,0
9551,1,1,0,0,1,0,-1
9552,1,-1,0,0,1,0,-1
9553,1,1,0,0,0,0,0
9554,1,1,0,0,1,0,-1
9555,1,-1,0,0,0,0,0
9556,1,-1,0,0,1,0,-1
9557,1,1,0,0,0,0,-1
9558,0,0,0,0,0,0,-1
9559,1,1,0,0,0,0,-1
9560,0,0,0,0,0,0,-1
9561,1,1,0,0,0,0,-1
9562,1,-1,0,0,0,0,0
9563,1,1,0,0,0,0,-1
9564,0,0,0,0,0,0,-1
9565,1,1,0,0,0,0,-1
9566,0,0,0,0,0,0,-1
9567,1,1,0,0,1,0,0
9568,1,-1,0,0,1,0,0
9569,0,0,0,0,0,0,-1
9570,1,-1,0,0,-1,0,-1
9571,0,0,0,0,0,0,-1
9572,1,-1,0,0,1,0,-1
9573,1,1,0,0,0,0,-1
9574,1,-1,0,0,1,0,-1
9575,1,1,0,0,1,0,-1
9576,0,0,0,0,0,0,0
9577,1,1,0,0,0,0,-1
9578,1,-1,0,0,0,0,0
9579,1,-1,0,0,1,0,-1
9580,0,0,0,0,0,0,1
9581,0,-1,0,0,-1,0,-1
9582,0,0,0,0,0,0,-1
9583,0,1,0,0,1,0,-1
9584,1,1,0,0,0,0,-1
9585,1,1,0,0,1,0,-1
9586,1,1,0,0,0,0,-1
9587,1,1,0,0,0,0,-1
9588,1,1,0,0,0,0,-1
9589,-1,-1,0,0,0,0,-1
9590,1,1,0,0,0,0,-1
9591,0,0,0,0,0,0,-1
9592,1,1,0,0,0,0,0
9593,0,0,0,0,0,0,-1
9594,1,1,0,0,1,0,-1
9595,0,-1,0,0,-1,0,-1
9596,1,-1,0,0,0,0,-1
9597,1,-1,0,0,0,0,-1
9598,1,1,0,0,1,0,-1
9599,1,-1,0,0,0,0,0
9600,0,-1,0,0,0,0,-1
9601,1,-1,0,0,1,0,-1
9602,1,1,0,0,1,0,0
9603,1,-1,0,0,0,0,0
9604,0,0,0,0,0,0,0
9605,1,-1,0,0,0,0,-1
9606,1,1,0,0,0,0,-1
9607,1,-1,0,0,-1,0,-1
9608,1,-1,0,0,0,0,-1
9609,-1,0,0,0,-1,0,-1
9610,1,-1,0,0,0,0,-1
9611,1,1,0,0,0,0,1
9612,1,1,0,0,0,0,-1
9613,1,1,0,0,1,0,-1
9614,1,-1,0,0,0,0,-1
9615,1,1,0,0,0,0,0
9616,1,1,0,0,0,0,-1
9617,1,1,0,0,0,0,0
9618,1,-1,0,0,-1,0,-1
9619,1,-1,0,0,1,0,-1
9620,1,1,0,0,1,0,-1
9621,1,1,0,0,1,0,0
9622,1,-1,0,0,1,0,-1
9623,1,1,0,0,-1,0,-1
9624,1,-1,0,0,1,0,-1
9625,1,1,0,0,1,0,-1
9626,1,-1,0,0,0,0,0
9627,1,1,0,0,1,0,-1
9628,1,-1,0,0,1,0,0
9629,1,-1,0,0,0,0,-1
9630,1,-1,0,0,1,0,-1
9631,1,-1,0,0,0,0,-1
9632,1,-1,0,0,-1,0,-1
9633,1,-1,0,0,0,0,-1
9634,0,-1,0,0,0,0,-1
9635,1,-1,0,0,0,0,-1
9636,1,1,0,0,0,0,-1
9637,1,-1,0,0,1,0,-1
9638,1,-1,0,0,0,0,0
9639,1,1,0,0,1,0,0
9640,1,1,0,0,0,0,0
9641,1,-1,0,0,0,0,-1
9642,0,-1,0,0,0,0,-1
9643,1,1,0,0,0,0,-1
9644,0,0,0,0,0,0,-1
9645,1,1,0,0,0,0,0
9646,1,-1,0,0,0,0,0
9647,1,-1,0,0,0,0,-1
9648,1,-1,0,0,0,0,-1
9649,-1,1,0,0,0,0,0
9650,1,-1,0,0,0,0,-1
9651,1,1,0,0,0,0,-1
9652,1,1,0,0,0,0,0
9653,1,1,0,0,0,0,0
9654,1,1,0,0,0,0,0
9655,1,-1,0,0,0,0,-1
9656,1,-1,0,0,0,0,-1
9657,1,-1,0,0,-1,0,-1
9658,1,-1,0,0,-1,0,-1
9659,1,1,0,0,0,0,-1
9660,1,1,0,0,0,0,-1
9661,0,-1,0,0,0,0,-1
9662,1,1,0,0,0,0,-1
9663,1,-1,0,0,1,0,-1
9664,1,-1,0,0,1,0,-1
9665,1,1,0,0,0,0,0
9666,0,0,0,0,0,0,-1
9667,1,-1,0,0,1,0,-1
9668,1,1,0,0,0,0,-1
9669,1,-1,0,0,1,0,-1
9670,0,0,0,0,0,0,-1
9671,1,-1,0,0,1,0,-1
9672,1,1,0,0,1,0,-1
9673,1,-1,0,0,0,0,0
9674,1,-1,0,0,1,0,-1
9675,1,-1,0,0,0,0,0
9676,1,-1,0,0,1,0,-1
9677,1,1,0,0,-1,0,-1
9678,-1,-1,0,0,0,0,-1
9679,1,1,0,0,1,0,-1
9680,1,1,0,0,0,0,-1
9681,1,-1,0,0,0,0,0
9682,1,-1,0,0,0,0,-1
9683,1,1,0,0,-1,0,0
9684,1,-1,0,0,0,0,0
9685,0,0,0,0,0,0,-1
9686,1,1,0,0,0,0,-1
9687,-1,0,0,0,0,0,-1
9688,-1,-1,0,0,0,0,-1
9689,1,-1,0,0,0,0,-1
9690,1,1,0,0,0,0,-1
9691,1,1,0,0,1,0,-1
9692,1,1,0,0,0,0,0
9693,1,-1,0,0,0,0,-1
9694,1,-1,0,0,0,0,-1
9695,1,-1,0,0,0,0,-1
9696,1,-1,0,0,1,0,0
9697,1,1,0,0,0,0,0
9698,1,-1,0,0,0,0,-1
9699,1,1,0,0,0,0,-1
9700,1,-1,0,0,1,0,-1
9701,1,-1,0,0,0,0,0
9702,1,-1,0,0,0,0,0
9703,0,0,0,0,0,0,-1
9704,1,1,0,0,0,0,-1
9705,1,-1,0,0,0,0,0
9706,1,1,0,0,1,0,-1
9707,0,0,0,0,0,0,-1
9708,1,1,0,0,0,0,-1
9709,0,0,0,0,0,0,-1
9710,1,1,0,0,0,0,-1
9711,1,-1,0,0,0,0,-1
9712,1,-1,0,0,0,0,-1
9713,1,1,0,0,-1,0,-1
9714,1,-1,0,0,0,0,-1
9715,1,1,0,0,1,0,0
9716,1,-1,0,0,0,0,-1
9717,1,-1,0,0,0,0,-1
9718,1,-1,0,0,1,0,0
9719,1,1,0,0,0,0,-1
9720,-1,1,0,0,0,0,-1
9721,1,1,0,0,0,0,0
9722,-1,1,0,0,0,0,-1
9723,1,-1,0,0,0,0,-1
9724,1,-1,0,0,0,0,-1
9725,1,1,0,0,1,0,0
9726,1,-1,0,0,1,0,-1
9727,1,1,0,0,-1,0,-1
9728,1,1,0,0,0,0,-1
9729,1,-1,0,0,0,0,-1
9730,1,-1,0,0,1,0,-1
9731,1,1,0,0,1,0,-1
9732,0,-1,0,0,0,0,-1
9733,1,-1,0,0,0,0,-1
9734,1,-1,0,0,0,0,-1
9735,1,1,0,0,0,0,-1
9736,1,-1,0,0,0,0,-1
9737,1,1,0,0,1,0,0
9738,1,1,0,0,1,0,-1
9739,1,1,0,0,0,0,-1
9740,1,-1,0,0,0,0,-1
9741,1,-1,0,0,0,0,-1
9742,1,-1,0,0,0,0,-1
9743,1,-1,0,0,1,0,0
9744,1,1,0,0,0,0,0
9745,1,1,0,0,0,0,0
9746,0,1,0,0,0,0,0
9747,1,1,0,0,0,0,-1
9748,0,0,0,0,0,0,-1
9749,1,1,0,0,0,0,0
9750,1,1,0,0,0,0,-1
9751,1,-1,0,0,0,0,-1
9752,1,-1,0,0,-1,0,-1
9753,1,-1,0,0,0,0,-1
9754,1,-1,0,0,0,0,-1
9755,0,-1,0,0,0,0,-1
9756,1,-1,0,0,1,0,-1
9757,1,-1,0,0,1,0,-1
9758,1,-1,0,0,0,0,-1
9759,1,1,0,0,1,0,0
9760,1,-1,0,0,0,0,0
9761,1,1,0,0,1,0,0
9762,1,-1,0,0,-1,0,0
9763,1,-1,0,0,0,0,-1
9764,1,-1,0,0,0,0,0
9765,1,-1,0,0,0,0,-1
9766,1,-1,0,0,-1,0,1
9767,1,1,0,0,0,0,0
9768,1,1,0,0,1,0,-1
9769,1,1,0,0,0,0,-1
9770,1,-1,0,0,-1,0,-1
9771,0,-1,0,0,-1,0,-1
9772,0,0,0,0,0,0,-1
9773,1,1,0,0,0,0,0
9774,1,-1,0,0,0,0,-1
9775,1,1,0,0,0,0,-1
9776,1,1,0,0,0,0,-1
9777,1,-1,0,0,0,0,-1
9778,1,1,0,0,1,0,-1
9779,1,-1,0,0,0,0,-1
9780,1,-1,0,0,0,0,-1
9781,1,-1,0,0,-1,0,-1
9782,1,-1,0,0,1,0,-1
9783,1,-1,0,0,0,0,0
9784,1,-1,0,0,0,0,0
9785,1,1,0,0,0,0,-1
9786,1,-1,0,0,1,0,0
9787,1,1,0,0,0,0,-1
9788,1,-1,0,0,0,0,-1
9789,0,1,0,0,1,0,0
9790,1,-1,0,0,1,0,-1
9791,0,0,0,0,0,0,0
9792,1,-1,0,0,1,0,0
9793,0,0,0,0,0,0,0
9794,1,1,0,0,-1,0,1
9795,1,-1,0,0,1,0,-1
9796,1,-1,0,0,0,0,-1
9797,1,1,0,0,0,0,-1
9798,0,0,0,0,0,0,-1
9799,0,-1,0,0,0,0,-1
9800,1,1,0,0,0,0,0
9801,1,1,0,0,-1,0,-1
9802,0,-1,0,0,0,0,-1
9803,1,-1,0,0,1,0,-1
9804,1,1,0,0,1,0,-1
9805,1,-1,0,0,0,0,-1
9806,0,-1,0,0,0,0,-1
9807,-1,1,0,0,0,0,0
9808,1,-1,0,0,0,0,0
9809,1,1,0,0,1,0,0
9810,1,1,0,0,1,0,-1
9811,1,-1,0,0,1,0,0
9812,1,-1,0,0,0,0,-1
9813,1,-1,0,0,1,0,-1
9814,1,1,0,0,0,0,0
9815,1,-1,0,0,-1,0,0
9816,1,-1,0,0,0,0,-1
9817,1,1,0,0,0,0,0
9818,1,1,0,0,0,0,0
9819,1,1,0,0,0,0,1
9820,1,-1,0,0,1,0,-1
9821,1,1,0,0,0,0,0
9822,0,1,0,0,0,0,-1
9823,1,-1,0,0,-1,0,0
9824,1,1,0,0,-1,0,0
9825,1,1,0,0,0,0,0
9826,1,1,0,0,0,0,-1
9827,1,1,0,0,0,0,0
9828,0,0,0,0,0,0,1
9829,-1,-1,0,0,0,0,0
9830,1,1,0,0,0,0,-1
9831,1,1,0,0,0,0,-1
9832,1,1,0,0,0,0,-1
9833,1,1,0,0,0,0,0
9834,0,-1,0,0,0,0,-1
9835,0,0,0,0,0,0,-1
9836,0,0,0,0,0,0,-1
9837,1,-1,0,0,0,0,0
9838,0,-1,0,0,0,0,1
9839,0,0,0,0,0,0,-1
9840,1,-1,0,0,0,0,0
9841,1,-1,0,0,0,0,0
9842,1,1,0,0,1,0,-1
9843,1,-1,0,0,0,0,-1
9844,1,1,0,0,0,0,-1
9845,0,0,0,0,0,0,-1
9846,1,1,0,0,0,0,-1
9847,1,-1,0,0,0,0,0
9848,1,-1,0,0,0,0,-1
9849,1,-1,0,0,1,0,-1
9850,0,-1,0,0,-1,0,-1
9851,0,-1,0,0,0,0,-1
9852,1,1,0,0,0,0,-1
9853,1,-1,0,0,0,0,-1
9854,1,-1,0,0,0,0,-1
9855,1,1,0,0,0,0,-1
9856,1,-1,0,0,-1,0,-1
9857,1,-1,0,0,0,0,-1
9858,0,0,0,0,0,0,-1
9859,1,-1,0,0,1,0,-1
9860,0,0,0,0,0,0,-1
9861,1,-1,0,0,0,0,-1
9862,1,-1,0,0,0,0,-1
9863,1,1,0,0,1,0,-1
9864,1,-1,0,0,0,0,0
9865,1,1,0,0,1,0,-1
9866,1,-1,0,0,0,0,-1
9867,0,0,0,0,0,0,-1
9868,1,-1,0,0,1,0,0
9869,1,1,0,0,0,0,-1
9870,1,-1,0,0,0,0,-1
9871,1,-1,0,0,0,0,-1
9872,1,-1,0,0,1,0,-1
9873,1,1,0,0,1,0,-1
9874,1,1,0,0,0,0,0
9875,0,0,0,0,0,0,-1
9876,1,1,0,0,0,0,1
9877,1,-1,0,0,0,0,0
9878,1,-1,0,0,0,0,-1
9879,1,-1,0,0,0,0,-1
9880,1,-1,0,0,0,0,0
9881,1,-1,0,0,-1,0,-1
9882,1,-1,0,0,0,0,-1
9883,1,-1,0,0,1,0,-1
9884,0,0,0,0,0,0,-1
9885,1,-1,0,0,1,0,1
9886,1,1,0,0,0,0,0
9887,1,1,0,0,0,0,0
9888,1,-1,0,0,0,0,-1
9889,1,1,0,0,0,0,-1
9890,1,-1,0,0,1,0,-1
9891,1,-1,0,0,-1,0,-1
9892,1,1,0,0,0,0,-1
9893,1,1,0,0,0,0,0
9894,1,-1,0,0,1,0,-1
9895,1,-1,0,0,-1,0,-1
9896,0,-1,0,0,0,0,-1
9897,0,0,0,0,0,0,-1
9898,1,1,0,0,1,0,-1
9899,1,1,0,0,0,0,-1
9900,1,1,0,0,0,0,-1
9901,0,0,0,0,0,0,-1
9902,1,-1,0,0,0,0,-1
9903,1,1,0,0,-1,0,-1
9904,1,-1,0,0,1,0,-1
9905,1,-1,0,0,1,0,-1
9906,1,-1,0,0,1,0,-1
9907,1,-1,0,0,0,0,-1
9908,1,1,0,0,0,0,-1
9909,1,-1,0,0,1,0,-1
9910,-1,0,0,0,0,0,1
9911,1,1,0,0,0,0,-1
9912,1,-1,0,0,1,0,-1
9913,0,0,0,0,0,0,-1
9914,1,1,0,0,0,0,-1
9915,0,0,0,0,0,0,-1
9916,1,-1,0,0,0,0,-1
9917,1,-1,0,0,1,0,-1
9918,1,-1,0,0,0,0,-1
9919,1,-1,0,0,0,0,0
9920,1,-1,0,0,1,0,0
9921,1,1,0,0,1,0,-1
9922,1,-1,0,0,1,0,-1
9923,1,-1,0,0,-1,0,-1
9924,1,1,0,0,0,0,-1
9925,1,1,0,0,0,0,-1
9926,1,1,0,0,1,0,1
9927,1,1,0,0,0,0,0
9928,0,0,0,0,0,0,-1
9929,1,1,0,0,0,0,-1
9930,1,1,0,0,0,0,-1
9931,1,1,0,0,0,0,-1
9932,0,0,0,0,0,0,1
9933,0,1,0,0,0,0,0
9934,0,-1,0,0,0,0,-1
9935,1,1,0,0,0,0,-1
9936,1,-1,0,0,0,0,0
9937,1,1,0,0,0,0,-1
9938,1,-1,0,0,1,0,-1
9939,1,1,0,0,-1,0,-1
9940,1,-1,0,0,0,0,-1
9941,1,1,0,0,0,0,-1
9942,1,-1,0,0,0,0,-1
9943,1,-1,0,0,0,0,-1
9944,0,-1,0,0,0,0,-1
9945,1,1,0,0,1,0,0
9946,0,-1,0,0,0,0,-1
9947,1,-1,0,0,0,0,-1
9948,1,1,0,0,0,0,0
9949,1,-1,0,0,0,0,-1
9950,0,0,0,0,0,0,-1
9951,1,-1,0,0,1,0,-1
9952,1,-1,0,0,0,0,-1
9953,1,-1,0,0,1,0,-1
9954,0,0,0,0,0,0,0
9955,1,-1,0,0,0,0,-1
9956,1,1,0,0,0,0,-1
9957,0,0,0,0,-1,0,-1
9958,1,1,0,0,0,0,0
9959,1,1,0,0,0,0,-1
9960,1,1,0,0,0,0,0
9961,0,0,0,0,0,0,-1
9962,-1,-1,0,0,0,0,-1
9963,1,-1,0,0,0,0,-1
9964,1,1,0,0,0,0,0
9965,0,1,0,0,0,0,0
9966,-1,0,0,0,0,0,-1
9967,1,-1,0,0,1,0,-1
9968,1,1,0,0,0,0,0
9969,1,-1,0,0,-1,0,-1
9970,1,-1,0,0,0,0,-1
9971,0,0,0,0,0,0,-1
9972,1,1,0,0,0,0,-1
9973,0,0,0,0,0,0,-1
9974,1,1,0,0,-1,0,-1
9975,1,-1,0,0,-1,0,-1
9976,1,1,0,0,1,0,-1
9977,1,-1,0,0,1,0,-1
9978,1,1,0,0,0,0,0
9979,1,-1,0,0,0,0,0
9980,0,0,0,0,-1,0,-1
9981,1,-1,0,0,0,0,0
9982,1,-1,0,0,0,0,-1
9983,1,-1,0,0,1,0,0
9984,1,-1,0,0,-1,0,0
9985,1,-1,0,0,0,0,-1
9986,1,-1,0,0,-1,0,0
9987,-1,1,0,0,0,0,-1
9988,1,-1,0,0,0,0,0
9989,0,0,0,0,-1,0,-1
9990,1,-1,0,0,0,0,-1
9991,1,-1,0,0,0,0,-1
9992,1,-1,0,0,-1,0,-1
9993,1,-1,0,0,1,0,-1
9994,1,-1,0,0,1,0,-1
9995,1,1,0,0,0,0,0
9996,1,-1,0,0,0,0,0
9997,1,1,0,0,1,0,-1
9998,1,1,0,0,0,0,-1
9999,1,-1,0,0,0,0,0
10000,0,1,0,0,0,0,0
10001,0,-1,0,0,0,0,-1
10002,1,-1,0,0,0,0,-1
10003,0,-1,0,0,0,0,-1
10004,1,1,0,0,1,0,-1
10005,1,1,0,0,0,0,-1
10006,0,0,0,0,0,0,-1
10007,1,-1,0,0,0,0,-1
10008,1,-1,0,0,0,0,-1
10009,1,1,0,0,0,0,-1
10010,1,1,0,0,0,0,0
10011,1,-1,0,0,0,0,-1
10012,1,1,0,0,0,0,-1
10013,1,1,0,0,1,0,-1
10014,1,1,0,0,-1,0,-1
10015,1,-1,0,0,0,0,-1
10016,1,-1,0,0,1,0,-1
10017,1,1,0,0,1,0,-1
10018,1,1,0,0,1,0,-1
10019,1,1,0,0,0,0,-1
10020,1,-1,0,0,0,0,-1
10021,0,0,0,0,0,0,-1
10022,1,1,0,0,0,0,-1
10023,0,0,0,0,0,0,-1
10024,1,-1,0,0,0,0,-1
10025,1,-1,0,0,-1,0,-1
10026,1,-1,0,0,-1,0,0
10027,1,1,0,0,0,0,0
10028,1,1,0,0,0,0,-1
10029,1,1,0,0,-1,0,-1
10030,0,0,0,0,0,0,0
10031,1,-1,0,0,1,0,-1
10032,1,1,0,0,0,0,-1
10033,0,-1,0,0,0,0,-1
10034,1,1,0,0,0,0,-1
10035,1,1,0,0,0,0,0
10036,1,-1,0,0,0,0,-1
10037,1,1,0,0,0,0,-1
10038,1,1,0,0,1,0,-1
10039,0,-1,0,0,-1,0,-1
10040,1,-1,0,0,0,0,0
10041,1,1,0,0,1,0,-1
10042,1,-1,0,0,0,0,-1
10043,1,-1,0,0,-1,0,0
10044,1,1,0,0,0,0,-1
10045,1,1,0,0,0,0,-1
10046,1,-1,0,0,0,0,-1
10047,1,1,0,0,0,0,-1
10048,1,-1,0,0,-1,0,0
10049,1,-1,0,0,0,0,-1
10050,1,-1,0,0,1,0,-1
10051,1,-1,0,0,0,0,0
10052,1,1,0,0,1,0,-1
10053,1,-1,0,0,0,0,-1
10054,1,-1,0,0,0,0,-1
10055,1,1,0,0,0,0,-1
10056,1,-1,0,0,0,0,-1
10057,1,1,0,0,1,0,-1
10058,1,-1,0,0,0,0,0
10059,0,0,0,0,0,0,-1
10060,1,1,0,0,0,0,0
10061,1,-1,0,0,0,0,0
10062,1,1,0,0,0,0,0
10063,1,-1,0,0,0,0,-1
10064,1,-1,0,0,0,0,0
10065,1,1,0,0,-1,0,0
10066,1,1,0,0,0,0,-1
10067,1,-1,0,0,-1,0,0
10068,0,0,0,0,0,0,-1
10069,0,0,0,0,0,0,-1
10070,1,1,0,0,1,0,0
10071,1,1,0,0,0,0,-1
10072,1,1,0,0,0,0,-1
10073,1,1,0,0,-1,0,-1
10074,0,-1,0,0,0,0,-1
10075,0,-1,0,0,0,0,0
10076,0,-1,0,0,0,0,0
10077,1,-1,0,0,-1,0,0
10078,1,-1,0,0,0,0,0
10079,1,-1,0,0,1,0,-1
10080,-1,0,0,0,0,0,-1
10081,1,-1,0,0,0,0,-1
10082,0,0,0,0,0,0,-1
10083,0,1,0,0,0,0,-1
10084,1,1,0,0,0,0,0
10085,0,0,0,0,0,0,-1
10086,1,1,0,0,0,0,0
10087,0,1,0,0,0,0,0
10088,1,1,0,0,0,0,-1
10089,1,-1,0,0,0,0,0
10090,1,1,0,0,0,0,-1
10091,1,1,0,0,0,0,-1
10092,1,-1,0,0,0,0,0
10093,1,1,0,0,-1,0,0
10094,1,-1,0,0,0,0,-1
10095,0,-1,0,0,0,0,-1
10096,1,-1,0,0,0,0,-1
10097,1,1,0,0,0,0,-1
10098,1,-1,0,0,1,0,0
10099,1,1,0,0,1,0,0
10100,1,-1,0,0,0,0,-1
10101,0,0,0,0,0,0,-1
10102,0,-1,0,0,0,0,-1
10103,1,1,0,0,0,0,-1
10104,1,-1,0,0,0,0,0
10105,1,-1,0,0,0,0,-1
10106,1,1,0,0,0,0,-1
10107,1,1,0,0,0,0,0
10108,1,1,0,0,-1,0,-1
10109,1,1,0,0,0,0,-1
10110,1,1,0,0,0,0,-1
10111,0,0,0,0,0,0,-1
10112,1,1,0,0,0,0,-1
10113,1,1,0,0,1,0,-1
10114,0,0,0,0,0,0,0
10115,0,1,0,0,0,0,0
10116,-1,-1,0,0,1,0,-1
10117,1,-1,0,0,0,0,0
10118,0,-1,0,0,0,0,-1
10119,1,1,0,0,-1,0,-1
10120,1,-1,0,0,0,0,-1
10121,1,-1,0,0,0,0,-1
10122,1,1,0,0,0,0,-1
10123,1,-1,0,0,1,0,-1
10124,0,-1,0,0,0,0,-1
10125,1,-1,0,0,0,0,-1
10126,1,-1,0,0,1,0,-1
10127,1,-1,0,0,0,0,-1
10128,1,1,0,0,0,0,-1
10129,1,-1,0,0,0,0,0
10130,0,0,0,0,0,0,-1
10131,1,1,0,0,0,0,-1
10132,1,-1,0,0,0,0,-1
10133,0,0,0,0,0,0,-1
10134,-1,1,0,0,0,0,0
10135,0,-1,0,0,-1,0,-1
10136,1,-1,0,0,0,0,-1
10137,1,-1,0,0,0,0,-1
10138,1,1,0,0,0,0,0
10139,1,1,0,0,1,0,-1
10140,1,1,0,0,-1,0,-1
10141,1,-1,0,0,0,0,-1
10142,1,-1,0,0,0,0,0
10143,1,-1,0,0,0,0,-1
10144,1,1,0,0,0,0,-1
10145,1,1,0,0,1,0,-1
10146,1,1,0,0,0,0,0
10147,1,-1,0,0,0,0,-1
10148,1,1,0,0,-1,0,0
10149,1,-1,0,0,0,0,-1
10150,0,-1,0,0,0,0,-1
10151,0,-1,0,0,0,0,-1
10152,1,-1,0,0,-1,0,-1
10153,1,-1,0,0,0,0,0
10154,1,1,0,0,0,0,0
10155,1,-1,0,0,0,0,0
10156,1,-1,0,0,-1,0,-1
10157,1,1,0,0,0,0,0
10158,0,0,0,0,0,0,-1
10159,0,-1,0,0,0,0,-1
10160,0,0,0,0,0,0,-1
10161,0,-1,0,0,0,0,0
10162,1,1,0,0,1,0,-1
10163,1,-1,0,0,1,0,-1
10164,1,-1,0,0,0,0,-1
10165,1,1,0,0,0,0,-1
10166,1,1,0,0,0,0,-1
10167,1,-1,0,0,0,0,-1
10168,1,-1,0,0,1,0,-1
10169,0,0,0,0,0,0,-1
10170,0,-1,0,0,0,0,-1
10171,-1,-1,0,0,0,0,-1
10172,1,1,0,0,0,0,-1
10173,1,1,0,0,0,0,0
10174,1,1,0,0,0,0,0
10175,1,1,0,0,0,0,-1
10176,1,1,0,0,1,0,-1
10177,1,1,0,0,0,0,-1
10178,1,1,0,0,0,0,0
10179,1,-1,0,0,-1,0,-1
10180,1,1,0,0,0,0,-1
10181,1,1,0,0,1,0,0
10182,1,-1,0,0,1,0,-1
10183,0,0,0,0,0,0,-1
10184,0,0,0,0,-1,0,-1
10185,1,1,0,0,0,0,-1
10186,1,-1,0,0,1,0,-1
10187,1,-1,0,0,0,0,0
10188,1,1,0,0,0,0,-1
10189,1,-1,0,0,0,0,-1
10190,1,1,0,0,1,0,-1
10191,1,-1,0,0,-1,0,-1
10192,1,-1,0,0,0,0,-1
10193,1,-1,0,0,0,0,-1
10194,1,1,0,0,0,0,-1
10195,1,1,0,0,1,0,0
10196,1,-1,0,0,-1,0,-1
10197,1,-1,0,0,0,0,-1
10198,0,0,0,0,0,0,-1
10199,0,-1,0,0,0,0,-1
10200,1,-1,0,0,0,0,-1
10201,0,0,0,0,0,0,-1
10202,1,-1,0,0,0,0,0
10203,1,-1,0,0,1,0,-1
10204,0,-1,0,0,0,0,-1
10205,0,0,0,0,0,0,-1
10206,1,1,0,0,-1,0,0
10207,1,-1,0,0,0,0,-1
10208,1,1,0,0,1,0,0
10209,1,-1,0,0,0,0,-1
10210,1,1,0,0,0,0,0
10211,1,-1,0,0,-1,0,-1
10212,1,1,0,0,0,0,0
10213,1,-1,0,0,1,0,-1
10214,1,-1,0,0,1,0,-1
10215,1,1,0,0,0,0,0
10216,1,-1,0,0,1,0,-1
10217,1,1,0,0,0,0,-1
10218,1,-1,0,0,-1,0,-1
10219,1,1,0,0,-1,0,0
10220,1,1,0,0,0,0,-1
10221,0,0,0,0,0,0,-1
10222,1,-1,0,0,0,0,0
10223,1,1,0,0,0,0,-1
10224,1,-1,0,0,0,0,0
10225,0,0,0,0,0,0,-1
10226,1,-1,0,0,0,0,-1
10227,0,0,0,0,0,0,-1
10228,0,0,0,0,0,0,-1
10229,0,0,0,0,0,0,-1
10230,1,-1,0,0,0,0,-1
10231,1,-1,0,0,0,0,0
10232,1,1,0,0,0,0,-1
10233,1,1,0,0,1,0,-1
10234,1,-1,0,0,0,0,-1
10235,1,1,0,0,0,0,0
10236,1,1,0,0,0,0,0
10237,1,-1,0,0,0,0,0
10238,1,-1,0,0,0,0,0
10239,1,1,0,0,0,0,-1
10240,1,-1,0,0,0,0,-1
10241,1,1,0,0,0,0,-1
10242,-1,1,0,0,0,0,0
10243,1,1,0,0,0,0,0
10244,1,1,0,0,0,0,0
10245,1,1,0,0,-1,0,-1
10246,1,-1,0,0,-1,0,-1
10247,1,-1,0,0,0,0,0
10248,-1,1,0,0,0,0,0
10249,1,-1,0,0,1,0,0
10250,1,1,0,0,0,0,-1
10251,-1,1,0,0,1,0,-1
10252,1,-1,0,0,0,0,-1
10253,0,-1,0,0,0,0,0
10254,1,-1,0,0,1,0,-1
10255,1,-1,0,0,0,0,-1
10256,1,1,0,0,0,0,-1
10257,1,1,0,0,0,0,-1
10258,0,0,0,0,0,0,-1
10259,1,1,0,0,0,0,-1
10260,1,-1,0,0,0,0,0
10261,1,-1,0,0,0,0,-1
10262,1,-1,0,0,0,0,-1
10263,1,1,0,0,0,0,-1
10264,0,-1,0,0,0,0,-1
10265,1,1,0,0,0,0,0
10266,1,-1,0,0,0,0,0
10267,1,1,0,0,0,0,0
10268,1,-1,0,0,0,0,0
10269,1,-1,0,0,-1,0,0
10270,1,1,0,0,1,0,-1
10271,1,-1,0,0,0,0,-1
10272,1,-1,0,0,0,0,0
10273,1,-1,0,0,-1,0,-1
10274,1,1,0,0,1,0,-1
10275,1,-1,0,0,0,0,-1
10276,1,-1,0,0,0,0,-1
10277,1,-1,0,0,0,0,0
10278,0,-1,0,0,0,0,0
10279,1,1,0,0,0,0,0
10280,1,1,0,0,0,0,-1
10281,0,1,0,0,0,0,0
10282,1,1,0,0,1,0,-1
10283,-1,-1,0,0,0,0,-1
10284,1,1,0,0,0,0,0
10285,0,-1,0,0,0,0,-1
10286,1,1,0,0,0,0,-1
10287,0,0,0,0,0,0,-1
10288,1,1,0,0,0,0,0
10289,1,-1,0,0,0,0,0
10290,1,1,0,0,0,0,-1
10291,1,1,0,0,0,0,-1
10292,1,1,0,0,0,0,0
10293,1,-1,0,0,0,0,-1
10294,1,-1,0,0,0,0,0
10295,1,-1,0,0,0,0,-1
10296,1,-1,0,0,-1,0,-1
10297,1,1,0,0,0,0,0
10298,1,1,0,0,0,0,-1
10299,1,-1,0,0,1,0,-1
10300,1,1,0,0,0,0,-1
10301,1,1,0,0,0,0,-1
10302,1,1,0,0,1,0,-1
10303,1,-1,0,0,-1,0,-1
10304,1,-1,0,0,0,0,-1
10305,1,1,0,0,0,0,-1
10306,1,1,0,0,0,0,-1
10307,0,0,0,0,0,0,0
10308,0,0,0,0,0,0,-1
10309,1,1,0,0,0,0,-1
10310,1,1,0,0,0,0,0
10311,1,1,0,0,0,0,-1
10312,0,0,0,0,0,0,-1
10313,1,1,0,0,0,0,0
10314,1,1,0,0,0,0,0
10315,1,1,0,0,0,0,-1
10316,0,0,0,0,0,0,-1
10317,1,-1,0,0,0,0,0
10318,1,1,0,0,0,0,0
10319,1,-1,0,0,0,0,0
10320,0,-1,0,0,0,0,-1
10321,1,-1,0,0,0,0,-1
10322,1,-1,0,0,1,0,-1
10323,1,-1,0,0,-1,0,-1
10324,1,-1,0,0,-1,0,-1
10325,0,-1,0,0,0,0,-1
10326,1,-1,0,0,0,0,-1
10327,1,-1,0,0,0,0,-1
10328,1,-1,0,0,-1,0,-1
10329,1,-1,0,0,0,0,0
10330,1,1,0,0,0,0,-1
10331,1,1,0,0,0,0,-1
10332,1,1,0,0,1,0,-1
10333,1,1,0,0,0,0,-1
10334,0,1,0,0,0,0,-1
10335,1,-1,0,0,0,0,0
10336,1,-1,0,0,0,0,-1
10337,1,-1,0,0,0,0,-1
10338,1,1,0,0,0,0,-1
10339,-1,-1,0,0,0,0,-1
10340,1,-1,0,0,0,0,0
10341,1,1,0,0,0,0,-1
10342,1,1,0,0,0,0,0
10343,1,-1,0,0,0,0,-1
10344,1,-1,0,0,0,0,-1
10345,0,0,0,0,0,0,0
10346,1,1,0,0,0,0,-1
10347,0,0,0,0,0,0,-1
10348,1,1,0,0,0,0,0
10349,1,-1,0,0,0,0,0
10350,1,-1,0,0,1,0,0
10351,1,-1,0,0,1,0,-1
10352,1,-1,0,0,0,0,0
10353,1,-1,0,0,0,0,0
10354,1,1,0,0,0,0,-1
10355,0,0,0,0,0,0,-1
10356,1,-1,0,0,1,0,-1
10357,1,1,0,0,0,0,-1
10358,1,1,0,0,0,0,-1
10359,1,-1,0,0,1,0,-1
10360,1,-1,0,0,1,0,-1
10361,0,-1,0,0,0,0,-1
10362,1,-1,0,0,0,0,0
10363,1,1,0,0,1,0,-1
10364,0,0,0,0,0,0,0
10365,0,1,0,0,-1,0,-1
10366,1,1,0,0,-1,0,-1
10367,1,1,0,0,-1,0,-1
10368,1,1,0,0,-1,0,0
10369,1,1,0,0,0,0,0
10370,1,1,0,0,0,0,-1
10371,1,1,0,0,0,0,-1
10372,1,1,0,0,-1,0,-1
10373,0,-1,0,0,-1,0,0
10374,1,1,0,0,-1,0,-1
10375,1,1,0,0,0,0,-1
10376,1,1,0,0,-1,0,-1
10377,1,-1,0,0,0,0,-1
10378,1,-1,0,0,1,0,-1
10379,1,-1,0,0,1,0,-1
10380,0,-1,0,0,0,0,-1
10381,1,-1,0,0,1,0,-1
10382,1,-1,0,0,0,0,0
10383,0,0,0,0,0,0,-1
10384,1,1,0,0,0,0,1
10385,1,1,0,0,0,0,-1
10386,0,-1,0,0,0,0,-1
10387,0,1,0,0,0,0,-1
10388,0,-1,0,0,1,0,1
10389,0,1,0,0,0,0,0
10390,1,1,0,0,0,0,0
10391,1,1,0,0,0,0,-1
10392,1,1,0,0,0,0,-1
10393,1,-1,0,0,-1,0,-1
10394,1,-1,0,0,0,0,-1
10395,1,-1,0,0,-1,0,0
10396,1,-1,0,0,0,0,-1
10397,1,1,0,0,1,0,0
10398,0,-1,0,0,0,0,-1
10399,1,-1,0,0,1,0,-1
10400,1,1,0,0,0,0,-1
10401,1,-1,0,0,-1,0,-1
10402,1,-1,0,0,-1,0,-1
10403,1,1,0,0,0,0,-1
10404,1,-1,0,0,0,0,0
10405,1,-1,0,0,1,0,-1
10406,1,1,0,0,1,0,-1
10407,0,-1,0,0,0,0,-1
10408,1,-1,0,0,0,0,-1
10409,1,1,0,0,0,0,0
10410,1,1,0,0,0,0,0
10411,1,-1,0,0,0,0,-1
10412,1,-1,0,0,0,0,0
10413,1,1,0,0,0,0,-1
10414,1,-1,0,0,1,0,-1
10415,1,-1,0,0,0,0,-1
10416,0,0,0,0,0,0,-1
10417,0,-1,0,0,0,0,-1
10418,1,-1,0,0,1,0,-1
10419,1,-1,0,0,1,0,-1
10420,1,-1,0,0,0,0,-1
10421,1,-1,0,0,1,0,0
10422,1,1,0,0,0,0,0
10423,1,1,0,0,0,0,0
10424,1,1,0,0,0,0,-1
10425,0,-1,0,0,-1,0,-1
10426,1,-1,0,0,0,0,0
10427,0,0,0,0,0,0,-1
10428,1,1,0,0,0,0,0
10429,1,1,0,0,0,0,0
10430,1,-1,0,0,-1,0,-1
10431,1,-1,0,0,0,0,-1
10432,1,1,0,0,1,0,0
10433,1,-1,0,0,0,0,0
10434,-1,1,0,0,0,0,-1
10435,1,-1,0,0,0,0,-1
10436,1,1,0,0,0,0,1
10437,0,0,0,0,-1,0,-1
10438,1,-1,0,0,-1,0,-1
10439,1,1,0,0,-1,0,-1
10440,1,-1,0,0,0,0,0
10441,1,-1,0,0,0,0,-1
10442,0,0,0,0,0,0,-1
10443,1,-1,0,0,0,0,-1
10444,1,-1,0,0,0,0,-1
10445,1,-1,0,0,0,0,-1
10446,1,1,0,0,0,0,-1
10447,1,1,0,0,0,0,-1
10448,1,1,0,0,0,0,-1
10449,0,1,0,0,0,0,0
10450,0,0,0,0,0,0,1
10451,1,1,0,0,1,0,-1
10452,0,-1,0,0,0,0,-1
10453,1,-1,0,0,0,0,-1
10454,1,-1,0,0,0,0,0
10455,1,-1,0,0,-1,0,0
10456,1,1,0,0,0,0,0
10457,1,1,0,0,-1,0,0
10458,0,-1,0,0,0,0,0
10459,1,-1,0,0,1,0,-1
10460,1,-1,0,0,1,0,-1
10461,1,-1,0,0,0,0,-1
10462,1,1,0,0,0,0,-1
10463,1,1,0,0,1,0,-1
10464,1,1,0,0,0,0,-1
10465,0,0,0,0,0,0,0
10466,1,1,0,0,0,0,0
10467,1,1,0,0,0,0,-1
10468,0,-1,0,0,0,0,-1
10469,1,1,0,0,0,0,-1
10470,1,-1,0,0,0,0,0
10471,1,-1,0,0,0,0,-1
10472,0,0,0,0,0,0,-1
10473,1,1,0,0,-1,0,-1
10474,1,1,0,0,0,0,-1
10475,1,1,0,0,0,0,-1
10476,0,-1,0,0,0,0,-1
10477,0,-1,0,0,0,0,-1
10478,1,1,0,0,0,0,-1
10479,1,1,0,0,1,0,-1
10480,1,-1,0,0,0,0,-1
10481,1,1,0,0,0,0,0
10482,1,1,0,0,1,0,-1
10483,0,-1,0,0,1,0,-1
10484,0,0,0,0,0,0,-1
10485,0,-1,0,0,0,0,-1
10486,1,-1,0,0,0,0,-1
10487,1,-1,0,0,0,0,-1
10488,1,1,0,0,0,0,0
10489,1,1,0,0,0,0,0
10490,1,1,0,0,0,0,0
10491,0,0,0,0,0,0,0
10492,1,1,0,0,0,0,-1
10493,0,0,0,0,0,0,-1
10494,1,1,0,0,0,0,-1
10495,0,0,0,0,0,0,-1
10496,1,1,0,0,1,0,-1
10497,1,1,0,0,0,0,-1
10498,1,-1,0,0,0,0,0
10499,1,-1,0,0,1,0,-1
10500,1,1,0,0,-1,0,1
10501,1,-1,0,0,-1,0,0
10502,0,0,0,0,0,0,-1
10503,1,1,0,0,0,0,0
10504,1,1,0,0,0,0,0
10505,1,1,0,0,0,0,0
10506,1,1,0,0,0,0,-1
10507,1,-1,0,0,0,0,-1
10508,0,-1,0,0,0,0,-1
10509,1,1,0,0,-1,0,-1
10510,1,1,0,0,0,0,-1
10511,1,1,0,0,0,0,0
10512,1,-1,0,0,1,0,-1
10513,1,1,0,0,0,0,0
10514,1,-1,0,0,0,0,0
10515,1,1,0,0,1,0,-1
10516,0,0,0,0,0,0,-1
10517,1,-1,0,0,0,0,0
10518,1,1,0,0,0,0,-1
10519,0,0,0,0,0,0,0
10520,1,1,0,0,1,0,-1
10521,1,-1,0,0,0,0,-1
10522,1,-1,0,0,0,0,-1
10523,1,1,0,0,-1,0,-1
10524,-1,-1,0,0,0,0,-1
10525,0,-1,0,0,0,0,-1
10526,1,1,0,0,0,0,0
10527,1,-1,0,0,-1,0,-1
10528,0,-1,0,0,0,0,-1
10529,1,-1,0,0,0,0,-1
10530,1,1,0,0,1,0,1
10531,1,1,0,0,0,0,-1
10532,1,1,0,0,0,0,-1
10533,0,0,0,0,0,0,-1
10534,1,1,0,0,0,0,-1
10535,0,0,0,0,0,0,-1
10536,0,-1,0,0,0,0,-1
10537,0,0,0,0,0,0,-1
10538,1,-1,0,0,0,0,-1
10539,1,-1,0,0,1,0,-1
10540,1,-1,0,0,0,0,-1
10541,1,1,0,0,1,0,-1
10542,1,1,0,0,0,0,0
10543,1,1,0,0,0,0,-1
10544,1,1,0,0,-1,0,0
10545,1,1,0,0,1,0,-1
10546,1,1,0,0,1,0,0
10547,1,1,0,0,0,0,0
10548,0,0,0,0,0,0,-1
10549,1,-1,0,0,-1,0,0
10550,1,-1,0,0,1,0,0
10551,1,-1,0,0,0,0,-1
10552,1,1,0,0,1,0,1
10553,1,-1,0,0,-1,0,1
10554,1,-1,0,0,1,0,-1
10555,1,1,0,0,0,0,-1
10556,1,-1,0,0,0,0,0
10557,1,1,0,0,1,0,-1
10558,1,-1,0,0,0,0,-1
10559,0,1,0,0,0,0,-1
10560,1,-1,0,0,0,0,-1
10561,1,1,0,0,0,0,0
10562,1,-1,0,0,1,0,-1
10563,1,1,0,0,0,0,0
10564,1,-1,0,0,0,0,-1
10565,1,-1,0,0,1,0,-1
10566,1,1,0,0,0,0,0
10567,1,1,0,0,-1,0,1
10568,1,-1,0,0,0,0,0
10569,1,-1,0,0,0,0,-1
10570,1,-1,0,0,0,0,0
10571,0,-1,0,0,-1,0,-1
10572,1,-1,0,0,0,0,-1
10573,1,1,0,0,0,0,-1
10574,1,1,0,0,0,0,-1
10575,0,-1,0,0,0,0,-1
10576,1,1,0,0,0,0,0
10577,1,-1,0,0,-1,0,-1
10578,1,1,0,0,0,0,-1
10579,1,-1,0,0,0,0,-1
10580,0,1,0,0,-1,0,-1
10581,1,1,0,0,0,0,-1
10582,1,-1,0,0,0,0,-1
10583,1,1,0,0,0,0,-1
10584,1,1,0,0,0,0,0
10585,0,0,0,0,0,0,-1
10586,0,0,0,0,0,0,-1
10587,0,0,0,0,0,0,-1
10588,1,1,0,0,0,0,-1
10589,1,1,0,0,0,0,0
10590,1,-1,0,0,0,0,-1
10591,0,-1,0,0,0,0,0
10592,1,-1,0,0,1,0,-1
10593,1,-1,0,0,0,0,0
10594,1,1,0,0,0,0,0
10595,0,-1,0,0,-1,0,-1
10596,1,-1,0,0,0,0,0
10597,0,-1,0,0,0,0,-1
10598,1,1,0,0,0,0,0
10599,1,1,0,0,0,0,-1
10600,0,0,0,0,0,0,-1
10601,1,1,0,0,0,0,-1
10602,1,1,0,0,0,0,-1
10603,1,-1,0,0,0,0,0
10604,1,1,0,0,0,0,-1
10605,1,1,0,0,0,0,-1
10606,1,1,0,0,0,0,1
10607,1,-1,0,0,1,0,-1
10608,1,1,0,0,0,0,-1
10609,1,-1,0,0,0,0,-1
10610,0,0,0,0,0,0,0
10611,1,-1,0,0,0,0,-1
10612,1,-1,0,0,1,0,-1
10613,0,-1,0,0,0,0,-1
10614,1,1,0,0,1,0,-1
10615,0,1,0,0,0,0,-1
10616,1,-1,0,0,0,0,0
10617,1,-1,0,0,1,0,-1
10618,1,1,0,0,0,0,0
10619,1,-1,0,0,0,0,0
10620,1,-1,0,0,0,0,-1
10621,1,1,0,0,1,0,-1
10622,0,1,0,0,0,0,0
10623,1,1,0,0,0,0,-1
10624,1,-1,0,0,0,0,-1
10625,1,-1,0,0,1,0,-1
10626,1,1,0,0,0,0,-1
10627,1,-1,0,0,-1,0,0
10628,0,-1,0,0,0,0,-1
10629,1,1,0,0,0,0,-1
10630,1,-1,0,0,0,0,-1
10631,1,-1,0,0,0,0,0
10632,1,1,0,0,0,0,-1
10633,0,0,0,0,0,0,-1
10634,1,1,0,0,0,0,0
10635,0,1,0,0,1,0,0
10636,1,1,0,0,0,0,-1
10637,-1,-1,0,0,0,0,-1
10638,-1,0,0,0,0,0,0
10639,-1,-1,0,0,0,0,0
10640,1,-1,0,0,-1,0,-1
10641,0,-1,0,0,0,0,-1
10642,0,1,0,0,0,0,-1
10643,0,-1,0,0,0,0,-1
10644,1,1,0,0,1,0,-1
10645,0,0,0,0,0,0,-1
10646,1,1,0,0,0,0,-1
10647,0,0,0,0,0,0,-1
10648,1,1,0,0,0,0,-1
10649,0,0,0,0,0,0,-1
10650,1,-1,0,0,1,0,-1
10651,1,-1,0,0,0,0,-1
10652,1,1,0,0,0,0,0
10653,1,1,0,0,1,0,-1
10654,1,-1,0,0,1,0,-1
10655,0,0,0,0,0,0,-1
10656,1,1,0,0,0,0,0
10657,1,1,0,0,0,0,1
10658,1,1,0,0,0,0,-1
10659,1,-1,0,0,0,0,0
10660,0,0,0,0,0,0,-1
10661,1,1,0,0,0,0,0
10662,1,-1,0,0,0,0,0
10663,1,1,0,0,-1,0,-1
10664,1,-1,0,0,0,0,-1
10665,1,1,0,0,0,0,0
10666,1,1,0,0,1,0,-1
10667,1,1,0,0,-1,0,-1
10668,1,1,0,0,0,0,-1
10669,1,-1,0,0,1,0,-1
10670,1,1,0,0,0,0,-1
10671,1,1,0,0,0,0,-1
10672,1,-1,0,0,0,0,0
10673,1,1,0,0,-1,0,0
10674,1,1,0,0,0,0,-1
10675,1,-1,0,0,0,0,0
10676,0,0,0,0,0,0,-1
10677,1,-1,0,0,0,0,0
10678,0,0,0,0,-1,0,-1
10679,0,0,0,0,0,0,-1
10680,0,-1,0,0,-1,0,-1
10681,-1,-1,0,0,1,0,-1
10682,0,-1,0,0,0,0,-1
10683,0,-1,0,0,0,0,0
10684,1,1,0,0,1,0,-1
10685,1,1,0,0,0,0,0
10686,1,-1,0,0,0,0,-1
10687,1,-1,0,0,1,0,-1
10688,1,1,0,0,0,0,-1
10689,1,1,0,0,0,0,-1
10690,0,-1,0,0,0,0,-1
10691,0,-1,0,0,0,0,-1
10692,1,-1,0,0,0,0,0
10693,0,-1,0,0,0,0,-1
10694,1,1,0,0,0,0,-1
10695,1,-1,0,0,1,0,-1
10696,1,1,0,0,0,0,-1
10697,0,-1,0,0,-1,0,-1
10698,1,-1,0,0,1,0,-1
10699,1,-1,0,0,-1,0,-1
10700,1,-1,0,0,-1,0,-1
10701,1,1,0,0,1,0,0
10702,1,-1,0,0,0,0,-1
10703,0,0,0,0,0,0,0
10704,1,-1,0,0,0,0,-1
10705,1,-1,0,0,0,0,-1
10706,1,-1,0,0,0,0,-1
10707,1,1,0,0,1,0,-1
10708,1,-1,0,0,0,0,-1
10709,0,0,0,0,0,0,-1
10710,0,0,0,0,-1,0,-1
10711,1,1,0,0,0,0,-1
10712,1,1,0,0,0,0,-1
10713,0,-1,0,0,0,0,0
10714,1,-1,0,0,1,0,0
10715,1,1,0,0,1,0,-1
10716,1,-1,0,0,0,0,0
10717,0,-1,0,0,0,0,-1
10718,1,-1,0,0,0,0,-1
10719,1,-1,0,0,0,0,-1
10720,1,-1,0,0,0,0,-1
10721,1,-1,0,0,0,0,0
10722,1,1,0,0,0,0,0
10723,1,-1,0,0,-1,0,0
10724,0,0,0,0,0,0,-1
10725,1,-1,0,0,-1,0,-1
10726,1,1,0,0,-1,0,0
10727,1,1,0,0,1,0,-1
10728,0,1,0,0,0,0,-1
10729,-1,1,0,0,0,0,0
10730,1,-1,0,0,-1,0,0
10731,1,1,0,0,0,0,-1
10732,1,1,0,0,0,0,-1
10733,-1,-1,0,0,0,0,0
10734,1,-1,0,0,0,0,0
10735,-1,-1,0,0,0,0,1
10736,1,-1,0,0,-1,0,0
10737,0,0,0,0,0,0,-1
10738,0,-1,0,0,0,0,-1
10739,1,-1,0,0,0,0,-1
10740,1,-1,0,0,0,0,-1
10741,1,1,0,0,0,0,-1
10742,1,-1,0,0,0,0,1
10743,1,1,0,0,0,0,0
10744,0,0,0,0,0,0,-1
10745,1,1,0,0,0,0,0
10746,1,-1,0,0,0,0,0
10747,1,-1,0,0,0,0,-1
10748,0,0,0,0,0,0,-1
10749,1,1,0,0,1,0,-1
10750,1,1,0,0,0,0,-1
10751,1,1,0,0,0,0,-1
10752,1,1,0,0,0,0,0
10753,0,0,0,0,0,0,0
10754,1,1,0,0,1,0,-1
10755,1,1,0,0,0,0,-1
10756,1,-1,0,0,0,0,-1
10757,0,0,0,0,0,0,-1
10758,1,1,0,0,-1,0,-1
10759,1,1,0,0,0,0,-1
10760,1,1,0,0,1,0,-1
10761,1,-1,0,0,0,0,0
10762,1,-1,0,0,1,0,-1
10763,1,-1,0,0,0,0,-1
10764,1,1,0,0,0,0,0
10765,1,1,0,0,0,0,-1
10766,1,0,0,0,0,0,-1
10767,1,1,0,0,-1,0,-1
10768,-1,1,0,0,1,0,-1
10769,1,-1,0,0,0,0,0
10770,1,1,0,0,0,0,-1
10771,1,1,0,0,0,0,0
10772,1,1,0,0,0,0,0
10773,1,1,0,0,1,0,1
10774,1,1,0,0,0,0,0
10775,0,0,0,0,0,0,0
10776,1,1,0,0,0,0,0
10777,1,1,0,0,1,0,0
10778,1,1,0,0,0,0,0
10779,1,1,0,0,0,0,-1
10780,1,-1,0,0,0,0,0
10781,1,-1,0,0,1,0,0
10782,1,-1,0,0,0,0,-1
10783,1,-1,0,0,0,0,-1
10784,0,0,0,0,0,0,-1
10785,1,-1,0,0,0,0,0
10786,1,1,0,0,0,0,-1
10787,1,1,0,0,-1,0,-1
10788,1,1,0,0,0,0,-1
10789,1,1,0,0,0,0,0
10790,1,-1,0,0,0,0,0
10791,1,1,0,0,1,0,-1
10792,1,1,0,0,1,0,0
10793,0,-1,0,0,0,0,-1
10794,0,-1,0,0,1,0,-1
10795,0,-1,0,0,0,0,-1
10796,1,-1,0,0,0,0,-1
10797,0,0,0,0,0,0,-1
10798,1,1,0,0,1,0,-1
10799,1,-1,0,0,0,0,-1
10800,1,1,0,0,1,0,-1
10801,1,1,0,0,0,0,-1
10802,1,1,0,0,-1,0,-1
10803,1,1,0,0,0,0,0
10804,1,1,0,0,0,0,-1
10805,1,-1,0,0,0,0,-1
10806,1,-1,0,0,1,0,0
10807,1,-1,0,0,1,0,-1
10808,1,-1,0,0,0,0,-1
10809,1,1,0,0,0,0,0
10810,0,0,0,0,0,0,0
10811,0,0,0,0,0,0,-1
10812,1,-1,0,0,0,0,-1
10813,1,-1,0,0,0,0,0
10814,0,0,0,0,0,0,-1
10815,0,0,0,0,0,0,-1
10816,1,-1,0,0,0,0,-1
10817,1,-1,0,0,0,0,-1
10818,1,1,0,0,0,0,-1
10819,1,-1,0,0,0,0,0
10820,1,-1,0,0,1,0,-1
10821,1,1,0,0,0,0,-1
10822,1,-1,0,0,0,0,-1
10823,1,-1,0,0,0,0,0
10824,1,1,0,0,1,0,-1
10825,1,-1,0,0,0,0,-1
10826,1,-1,0,0,0,0,-1
10827,0,-1,0,0,-1,0,-1
10828,1,1,0,0,1,0,-1
10829,1,-1,0,0,0,0,-1
10830,1,1,0,0,1,0,0
10831,1,-1,0,0,1,0,-1
10832,1,-1,0,0,1,0,-1
10833,1,1,0,0,0,0,-1
10834,0,-1,0,0,0,0,-1
10835,1,1,0,0,1,0,0
10836,1,1,0,0,0,0,-1
10837,1,-1,0,0,1,0,-1
10838,1,1,0,0,0,0,-1
10839,1,-1,0,0,0,0,0
10840,1,-1,0,0,0,0,-1
10841,1,1,0,0,1,0,0
10842,1,1,0,0,0,0,0
10843,1,-1,0,0,1,0,-1
10844,1,1,0,0,0,0,-1
10845,1,-1,0,0,0,0,-1
10846,1,1,0,0,0,0,-1
10847,-1,0,0,0,0,0,-1
10848,1,-1,0,0,0,0,0
10849,1,-1,0,0,0,0,0
10850,1,1,0,0,1,0,-1
10851,1,1,0,0,0,0,-1
10852,1,1,0,0,-1,0,-1
10853,1,1,0,0,1,0,-1
10854,1,1,0,0,0,0,-1
10855,-1,1,0,0,0,0,-1
10856,1,-1,0,0,0,0,0
10857,1,-1,0,0,1,0,-1
10858,1,1,0,0,0,0,0
10859,1,1,0,0,0,0,0
10860,1,1,0,0,0,0,-1
10861,1,1,0,0,0,0,0
10862,1,-1,0,0,1,0,-1
10863,1,1,0,0,0,0,-1
10864,1,-1,0,0,-1,0,-1
10865,1,1,0,0,0,0,-1
10866,0,1,0,0,1,0,0
10867,1,-1,0,0,0,0,0
10868,1,1,0,0,0,0,-1
10869,-1,0,0,0,0,0,-1
10870,0,0,0,0,0,0,-1
10871,0,0,0,0,0,0,-1
10872,-1,1,0,0,0,0,0
10873,1,-1,0,0,-1,0,-1
10874,1,-1,0,0,0,0,0
10875,1,-1,0,0,0,0,-1
10876,1,1,0,0,0,0,-1
10877,1,-1,0,0,0,0,-1
10878,1,1,0,0,1,0,1
10879,1,1,0,0,-1,0,-1
10880,0,0,0,0,0,0,-1
10881,1,1,0,0,1,0,0
10882,1,-1,0,0,0,0,0
10883,1,-1,0,0,0,0,0
10884,0,-1,0,0,0,0,0
10885,0,0,0,0,0,0,1
10886,1,1,0,0,1,0,-1
10887,1,1,0,0,0,0,-1
10888,1,1,0,0,0,0,0
10889,1,1,0,0,0,0,0
10890,1,-1,0,0,0,0,0
10891,0,0,0,0,0,0,-1
10892,1,1,0,0,0,0,-1
10893,1,-1,0,0,0,0,-1
10894,1,-1,0,0,0,0,0
10895,1,1,0,0,0,0,-1
10896,0,-1,0,0,0,0,-1
10897,1,-1,0,0,0,0,-1
10898,0,0,0,0,0,0,-1
10899,1,1,0,0,0,0,-1
10900,1,1,0,0,1,0,-1
10901,1,-1,0,0,0,0,-1
10902,1,1,0,0,1,0,-1
10903,1,-1,0,0,0,0,0
10904,1,1,0,0,0,0,0
10905,1,1,0,0,0,0,-1
10906,0,-1,0,0,0,0,0
10907,1,1,0,0,0,0,-1
10908,1,1,0,0,0,0,0
10909,1,1,0,0,-1,0,-1
10910,1,1,0,0,0,0,-1
10911,1,1,0,0,0,0,0
10912,1,-1,0,0,1,0,-1
10913,1,-1,0,0,0,0,0
10914,1,1,0,0,0,0,0
10915,1,1,0,0,1,0,-1
10916,1,0,0,0,0,0,1
10917,1,1,0,0,1,0,1
10918,1,-1,0,0,0,0,0
10919,1,1,0,0,0,0,0
10920,1,1,0,0,0,0,-1
10921,0,0,0,0,0,0,0
10922,1,1,0,0,0,0,-1
10923,1,-1,0,0,0,0,-1
10924,1,1,0,0,0,0,-1
10925,1,-1,0,0,0,0,-1
10926,1,1,0,0,0,0,0
10927,1,-1,0,0,-1,0,1
10928,1,1,0,0,0,0,-1
10929,1,1,0,0,0,0,-1
10930,1,1,0,0,0,0,0
10931,-1,1,0,0,1,0,-1
10932,0,0,0,0,0,0,-1
10933,0,0,0,0,0,0,-1
10934,1,1,0,0,1,0,-1
10935,1,0,0,0,0,0,-1
10936,1,1,0,0,1,0,-1
10937,1,-1,0,0,0,0,-1
10938,1,-1,0,0,0,0,-1
10939,1,1,0,0,0,0,-1
10940,1,1,0,0,0,0,-1
10941,1,-1,0,0,0,0,-1
10942,1,-1,0,0,0,0,-1
10943,1,-1,0,0,0,0,-1
10944,1,1,0,0,0,0,-1
10945,1,1,0,0,0,0,0
10946,0,0,0,0,0,0,-1
10947,0,0,0,0,0,0,-1
10948,1,1,0,0,1,0,-1
10949,1,1,0,0,0,0,-1
10950,1,-1,0,0,0,0,-1
10951,1,1,0,0,0,0,-1
10952,0,0,0,0,0,0,-1
10953,1,-1,0,0,0,0,0
10954,0,1,0,0,0,0,-1
10955,1,1,0,0,0,0,-1
10956,1,-1,0,0,0,0,-1
10957,1,-1,0,0,-1,0,-1
10958,1,1,0,0,0,0,0
10959,0,0,0,0,0,0,-1
10960,1,-1,0,0,0,0,-1
10961,1,1,0,0,0,0,0
10962,-1,1,0,0,0,0,-1
10963,1,1,0,0,0,0,0
10964,1,1,0,0,-1,0,-1
10965,1,1,0,0,0,0,-1
10966,1,-1,0,0,0,0,-1
10967,0,0,0,0,0,0,1
10968,0,-1,0,0,-1,0,-1
10969,-1,1,0,0,0,0,0
10970,1,1,0,0,0,0,-1
10971,1,1,0,0,0,0,-1
10972,0,0,0,0,0,0,0
10973,1,-1,0,0,0,0,0
10974,1,0,0,0,0,0,-1
10975,1,-1,0,0,0,0,-1
10976,1,-1,0,0,0,0,-1
10977,1,1,0,0,0,0,0
10978,1,1,0,0,0,0,-1
10979,1,1,0,0,1,0,0
10980,1,1,0,0,0,0,-1
10981,1,-1,0,0,1,0,-1
10982,1,1,0,0,0,0,-1
10983,0,0,0,0,0,0,0
10984,1,-1,0,0,0,0,0
10985,1,1,0,0,0,0,0
10986,1,1,0,0,1,0,-1
10987,1,1,0,0,0,0,-1
10988,1,1,0,0,0,0,-1
10989,0,0,0,0,0,0,-1
10990,1,1,0,0,0,0,-1
10991,1,1,0,0,0,0,0
10992,1,-1,0,0,1,0,0
10993,1,1,0,0,0,0,0
10994,1,-1,0,0,1,0,1
10995,0,0,0,0,-1,0,-1
10996,1,-1,0,0,1,0,-1
10997,1,-1,0,0,0,0,-1
10998,0,0,0,0,0,0,-1
10999,0,0,0,0,-1,0,-1
11000,1,-1,0,0,0,0,0
11001,0,0,0,0,0,0,-1
11002,0,0,0,0,0,0,0
11003,1,-1,0,0,0,0,-1
11004,1,-1,0,0,-1,0,-1
11005,1,-1,0,0,0,0,-1
11006,1,-1,0,0,0,0,-1
11007,1,-1,0,0,0,0,0
11008,0,-1,0,0,0,0,-1
11009,1,-1,0,0,0,0,0
11010,1,-1,0,0,0,0,0
11011,0,-1,0,0,0,0,0
11012,1,1,0,0,1,0,0
11013,1,1,0,0,0,0,-1
11014,1,-1,0,0,0,0,-1
11015,1,-1,0,0,1,0,-1
11016,0,0,0,0,0,0,1
11017,0,1,0,0,0,0,0
11018,1,-1,0,0,1,0,-1
11019,1,1,0,0,0,0,-1
11020,-1,1,0,0,1,0,-1
11021,1,-1,0,0,0,0,0
11022,1,-1,0,0,-1,0,0
11023,1,-1,0,0,0,0,0
11024,1,1,0,0,0,0,0
11025,1,1,0,0,0,0,0
11026,1,-1,0,0,0,0,-1
11027,1,1,0,0,0,0,0
11028,-1,-1,0,0,1,0,0
11029,1,-1,0,0,-1,0,-1
11030,1,1,0,0,-1,0,-1
11031,1,1,0,0,0,0,0
11032,1,-1,0,0,0,0,-1
11033,1,1,0,0,0,0,-1
11034,1,1,0,0,0,0,-1
11035,1,1,0,0,1,0,-1
11036,1,-1,0,0,1,0,-1
11037,1,-1,0,0,0,0,-1
11038,1,1,0,0,0,0,-1
11039,1,1,0,0,0,0,0
11040,1,1,0,0,1,0,-1
11041,1,-1,0,0,0,0,0
11042,1,-1,0,0,0,0,0
11043,0,-1,0,0,0,0,0
11044,0,-1,0,0,0,0,-1
11045,1,1,0,0,-1,0,0
11046,1,-1,0,0,1,0,-1
11047,1,-1,0,0,0,0,-1
11048,1,1,0,0,0,0,-1
11049,1,1,0,0,0,0,-1
11050,1,-1,0,0,0,0,-1
11051,0,-1,0,0,1,0,-1
11052,-1,1,0,0,0,0,0
11053,1,1,0,0,0,0,0
11054,1,-1,0,0,1,0,-1
11055,0,0,0,0,0,0,0
11056,1,-1,0,0,0,0,0
11057,1,-1,0,0,1,0,-1
11058,1,-1,0,0,0,0,0
11059,1,-1,0,0,0,0,-1
11060,1,-1,0,0,0,0,-1
11061,1,-1,0,0,-1,0,-1
11062,1,-1,0,0,-1,0,-1
11063,1,1,0,0,0,0,-1
11064,1,1,0,0,0,0,0
11065,1,-1,0,0,-1,0,-1
11066,1,-1,0,0,-1,0,-1
11067,1,1,0,0,0,0,0
11068,0,0,0,0,0,0,-1
11069,1,1,0,0,1,0,-1
11070,1,1,0,0,1,0,-1
11071,1,-1,0,0,0,0,-1
11072,1,1,0,0,1,0,-1
11073,1,-1,0,0,0,0,-1
11074,1,1,0,0,0,0,-1
11075,1,1,0,0,0,0,-1
11076,1,-1,0,0,0,0,-1
11077,0,0,0,0,0,0,-1
11078,1,1,0,0,1,0,-1
11079,1,-1,0,0,0,0,-1
11080,1,1,0,0,0,0,-1
11081,1,-1,0,0,1,0,-1
11082,1,1,0,0,1,0,-1
11083,1,1,0,0,0,0,0
11084,1,-1,0,0,0,0,0
11085,1,-1,0,0,0,0,0
11086,1,-1,0,0,0,0,-1
11087,1,1,0,0,0,0,0
11088,1,1,0,0,0,0,0
11089,1,-1,0,0,0,0,0
11090,1,-1,0,0,0,0,-1
11091,1,-1,0,0,0,0,-1
11092,1,1,0,0,0,0,-1
11093,1,1,0,0,1,0,0
11094,1,-1,0,0,1,0,-1
11095,0,-1,0,0,0,0,0
11096,1,1,0,0,0,0,-1
11097,1,-1,0,0,0,0,-1
11098,1,1,0,0,0,0,-1
11099,1,-1,0,0,0,0,-1
11100,0,0,0,0,0,0,-1
11101,1,-1,0,0,0,0,-1
11102,1,1,0,0,0,0,-1
11103,1,1,0,0,-1,0,-1
11104,1,-1,0,0,0,0,-1
11105,1,1,0,0,1,0,0
11106,1,1,0,0,0,0,-1
11107,0,-1,0,0,0,0,-1
11108,0,-1,0,0,0,0,0
11109,1,0,0,0,0,0,0
11110,1,-1,0,0,1,0,-1
11111,0,0,0,0,0,0,-1
11112,1,-1,0,0,0,0,-1
11113,1,-1,0,0,1,0,1
11114,1,-1,0,0,0,0,0
11115,1,1,0,0,0,0,-1
11116,1,-1,0,0,0,0,0
11117,1,-1,0,0,1,0,-1
11118,1,-1,0,0,0,0,-1
11119,1,1,0,0,0,0,0
11120,1,1,0,0,0,0,-1
11121,1,-1,0,0,0,0,0
11122,1,1,0,0,0,0,-1
11123,1,-1,0,0,0,0,0
11124,1,1,0,0,0,0,0
11125,1,-1,0,0,0,0,-1
11126,1,1,0,0,-1,0,-1
11127,1,-1,0,0,0,0,-1
11128,1,1,0,0,0,0,0
11129,1,1,0,0,0,0,-1
11130,0,0,0,0,0,0,-1
11131,-1,1,0,0,0,0,-1
11132,1,-1,0,0,0,0,-1
11133,1,-1,0,0,0,0,-1
11134,0,0,0,0,0,0,-1
11135,1,-1,0,0,-1,0,-1
11136,1,-1,0,0,0,0,-1
11137,1,1,0,0,0,0,-1
11138,0,0,0,0,0,0,-1
11139,0,0,0,0,0,0,-1
11140,1,1,0,0,0,0,0
11141,1,1,0,0,1,0,-1
11142,1,-1,0,0,-1,0,-1
11143,1,-1,0,0,0,0,-1
11144,1,-1,0,0,0,0,-1
11145,1,1,0,0,0,0,-1
11146,1,-1,0,0,0,0,-1
11147,1,-1,0,0,0,0,-1
11148,1,1,0,0,1,0,-1
11149,0,0,0,0,0,0,-1
11150,1,1,0,0,-1,0,-1
11151,0,-1,0,0,0,0,-1
11152,1,1,0,0,-1,0,0
11153,0,0,0,0,0,0,-1
11154,1,1,0,0,0,0,-1
11155,1,-1,0,0,0,0,0
11156,1,1,0,0,0,0,0
11157,1,-1,0,0,0,0,0
11158,1,1,0,0,0,0,0
11159,1,1,0,0,0,0,0
11160,1,-1,0,0,-1,0,-1
11161,0,0,0,0,0,0,-1
11162,1,1,0,0,1,0,-1
11163,0,0,0,0,0,0,-1
11164,1,1,0,0,0,0,-1
11165,1,-1,0,0,-1,0,-1
11166,1,1,0,0,0,0,-1
11167,1,-1,0,0,0,0,0
11168,1,1,0,0,0,0,-1
11169,1,1,0,0,0,0,0
11170,0,0,0,0,0,0,-1
11171,1,-1,0,0,0,0,-1
11172,1,-1,0,0,0,0,-1
11173,1,1,0,0,0,0,-1
11174,1,-1,0,0,0,0,-1
11175,1,1,0,0,0,0,-1
11176,1,-1,0,0,0,0,-1
11177,0,0,0,0,0,0,-1
11178,1,1,0,0,0,0,0
11179,-1,1,0,0,0,0,-1
11180,1,-1,0,0,-1,0,0
11181,1,1,0,0,0,0,-1
11182,1,1,0,0,0,0,-1
11183,0,0,0,0,0,0,-1
11184,1,-1,0,0,0,0,0
11185,1,-1,0,0,0,0,0
11186,1,1,0,0,0,0,-1
11187,0,1,0,0,0,0,-1
11188,1,1,0,0,0,0,-1
11189,1,1,0,0,0,0,0
11190,1,1,0,0,1,0,-1
11191,1,-1,0,0,-1,0,-1
11192,1,-1,0,0,-1,0,-1
11193,1,-1,0,0,0,0,-1
11194,1,-1,0,0,0,0,-1
11195,1,1,0,0,0,0,-1
11196,0,0,0,0,0,0,-1
11197,1,1,0,0,0,0,-1
11198,1,-1,0,0,0,0,-1
11199,1,-1,0,0,1,0,-1
11200,0,-1,0,0,0,0,-1
11201,1,1,0,0,0,0,-1
11202,1,-1,0,0,0,0,-1
11203,1,1,0,0,0,0,0
11204,-1,-1,0,0,1,0,-1
11205,1,-1,0,0,0,0,-1
11206,1,-1,0,0,0,0,-1
11207,1,-1,0,0,1,0,1
11208,1,1,0,0,0,0,-1
11209,1,-1,0,0,0,0,-1
11210,1,0,0,0,0,0,-1
11211,1,-1,0,0,0,0,-1
11212,1,-1,0,0,0,0,-1
11213,1,1,0,0,0,0,0
11214,1,-1,0,0,0,0,0
11215,0,0,0,0,0,0,-1
11216,0,-1,0,0,-1,0,-1
11217,1,-1,0,0,0,0,-1
11218,1,-1,0,0,0,0,0
11219,1,-1,0,0,0,0,-1
11220,1,-1,0,0,0,0,0
11221,1,1,0,0,0,0,-1
11222,1,1,0,0,1,0,-1
11223,1,1,0,0,0,0,-1
11224,1,1,0,0,0,0,-1
11225,1,-1,0,0,0,0,0
11226,0,0,0,0,0,0,-1
11227,1,-1,0,0,0,0,-1
11228,1,1,0,0,0,0,-1
11229,1,1,0,0,0,0,0
11230,0,0,0,0,0,0,-1
11231,0,-1,0,0,0,0,-1
11232,1,1,0,0,0,0,0
11233,1,1,0,0,0,0,0
11234,0,0,0,0,0,0,0
11235,1,1,0,0,0,0,-1
11236,-1,-1,0,0,0,0,-1
11237,0,-1,0,0,0,0,0
11238,1,-1,0,0,0,0,-1
11239,0,0,0,0,0,0,-1
11240,1,-1,0,0,0,0,-1
11241,1,-1,0,0,0,0,-1
11242,0,0,0,0,0,0,-1
11243,0,0,0,0,0,0,-1
11244,0,0,0,0,0,0,-1
11245,1,1,0,0,0,0,-1
11246,1,-1,0,0,0,0,0
11247,1,-1,0,0,0,0,-1
11248,0,0,0,0,0,0,-1
11249,1,1,0,0,0,0,0
11250,1,1,0,0,0,0,-1
11251,0,0,0,0,0,0,-1
11252,1,1,0,0,0,0,-1
11253,-1,-1,0,0,1,0,-1
11254,1,1,0,0,0,0,-1
11255,1,1,0,0,0,0,-1
11256,1,1,0,0,0,0,1
11257,1,1,0,0,0,0,0
11258,1,-1,0,0,0,0,-1
11259,1,-1,0,0,0,0,0
11260,1,1,0,0,0,0,-1
11261,0,0,0,0,0,0,-1
11262,1,1,0,0,0,0,0
11263,1,1,0,0,0,0,-1
11264,1,-1,0,0,0,0,-1
11265,0,0,0,0,0,0,-1
11266,0,-1,0,0,0,0,-1
11267,1,1,0,0,-1,0,-1
11268,1,1,0,0,1,0,-1
11269,1,-1,0,0,0,0,0
11270,1,1,0,0,1,0,-1
11271,-1,-1,0,0,1,0,-1
11272,1,1,0,0,1,0,-1
11273,1,-1,0,0,0,0,0
11274,1,-1,0,0,0,0,-1
11275,0,0,0,0,0,0,-1
11276,1,1,0,0,0,0,0
11277,1,1,0,0,0,0,-1
11278,1,1,0,0,1,0,-1
11279,1,1,0,0,0,0,0
11280,1,1,0,0,0,0,-1
11281,1,-1,0,0,0,0,-1
11282,1,1,0,0,0,0,0
11283,1,1,0,0,0,0,-1
11284,1,-1,0,0,0,0,-1
11285,1,-1,0,0,1,0,0
11286,1,1,0,0,0,0,-1
11287,1,1,0,0,0,0,-1
11288,1,-1,0,0,0,0,-1
11289,1,-1,0,0,-1,0,0
11290,1,-1,0,0,0,0,-1
11291,0,0,0,0,0,0,-1
11292,1,1,0,0,1,0,0
11293,0,1,0,0,0,0,-1
11294,1,-1,0,0,-1,0,0
11295,1,1,0,0,1,0,-1
11296,1,-1,0,0,0,0,-1
11297,1,1,0,0,1,0,-1
11298,1,1,0,0,1,0,-1
11299,1,1,0,0,0,0,0
11300,0,0,0,0,-1,0,-1
11301,1,-1,0,0,0,0,-1
11302,0,0,0,0,0,0,-1
11303,1,1,0,0,0,0,0
11304,1,1,0,0,0,0,0
11305,1,1,0,0,0,0,-1
11306,1,1,0,0,0,0,-1
11307,1,1,0,0,0,0,-1
11308,1,-1,0,0,1,0,-1
11309,1,1,0,0,0,0,0
11310,1,-1,0,0,-1,0,-1
11311,1,-1,0,0,0,0,-1
11312,1,-1,0,0,0,0,0
11313,0,0,0,0,0,0,-1
11314,1,1,0,0,-1,0,0
11315,1,-1,0,0,0,0,0
11316,1,-1,0,0,1,0,-1
11317,1,1,0,0,1,0,0
11318,1,-1,0,0,1,0,1
11319,1,1,0,0,0,0,-1
11320,1,-1,0,0,0,0,-1
11321,1,-1,0,0,0,0,-1
11322,1,1,0,0,0,0,-1
11323,1,-1,0,0,1,0,-1
11324,1,-1,0,0,-1,0,-1
11325,1,0,0,0,0,0,-1
11326,1,-1,0,0,1,0,-1
11327,0,-1,0,0,1,0,-1
11328,0,0,0,0,0,0,-1
11329,1,1,0,0,0,0,-1
11330,1,-1,0,0,-1,0,0
11331,0,0,0,0,0,0,-1
11332,1,1,0,0,0,0,-1
11333,1,1,0,0,0,0,-1
11334,1,1,0,0,-1,0,-1
11335,1,-1,0,0,-1,0,-1
11336,1,-1,0,0,0,0,-1
11337,1,-1,0,0,0,0,0
11338,1,1,0,0,0,0,0
11339,0,0,0,0,0,0,-1
11340,1,1,0,0,0,0,-1
11341,1,1,0,0,1,0,-1
11342,0,0,0,0,0,0,-1
11343,1,1,0,0,1,0,-1
11344,1,-1,0,0,0,0,-1
11345,0,-1,0,0,0,0,0
11346,1,-1,0,0,0,0,0
11347,1,-1,0,0,1,0,-1
11348,0,0,0,0,0,0,-1
11349,1,-1,0,0,1,0,0
11350,1,1,0,0,0,0,0
11351,1,1,0,0,0,0,-1
11352,0,-1,0,0,0,0,-1
11353,1,1,0,0,0,0,-1
11354,1,1,0,0,0,0,0
11355,1,-1,0,0,-1,0,-1
11356,1,-1,0,0,0,0,0
11357,1,1,0,0,-1,0,-1
11358,0,-1,0,0,0,0,0
11359,1,-1,0,0,0,0,-1
11360,0,1,0,0,0,0,-1
11361,1,-1,0,0,0,0,-1
11362,1,-1,0,0,1,0,-1
11363,1,1,0,0,0,0,-1
11364,1,-1,0,0,0,0,0
11365,0,-1,0,0,1,0,-1
11366,-1,-1,0,0,0,0,-1
11367,0,1,0,0,1,0,0
11368,1,-1,0,0,0,0,0
11369,1,1,0,0,0,0,-1
11370,1,1,0,0,0,0,0
11371,1,-1,0,0,0,0,-1
11372,-1,1,0,0,0,0,-1
11373,1,-1,0,0,0,0,-1
11374,0,-1,0,0,0,0,-1
11375,1,1,0,0,1,0,-1
11376,1,-1,0,0,0,0,-1
11377,1,1,0,0,0,0,-1
11378,-1,1,0,0,0,0,0
11379,1,-1,0,0,1,0,-1
11380,1,1,0,0,1,0,-1
11381,0,0,0,0,0,0,-1
11382,1,1,0,0,1,0,-1
11383,1,1,0,0,0,0,-1
11384,1,-1,0,0,1,0,0
11385,1,1,0,0,0,0,-1
11386,1,-1,0,0,0,0,-1
11387,1,1,0,0,0,0,0
11388,1,-1,0,0,0,0,-1
11389,-1,-1,0,0,0,0,0
11390,1,-1,0,0,-1,0,0
11391,1,1,0,0,1,0,-1
11392,0,0,0,0,0,0,-1
11393,0,0,0,0,0,0,-1
11394,1,-1,0,0,1,0,-1
11395,1,-1,0,0,0,0,-1
11396,1,-1,0,0,0,0,-1
11397,1,-1,0,0,0,0,-1
11398,0,0,0,0,0,0,-1
11399,1,1,0,0,1,0,-1
11400,-1,1,0,0,0,0,-1
11401,1,-1,0,0,0,0,-1
11402,1,-1,0,0,0,0,0
11403,1,-1,0,0,0,0,-1
11404,1,0,0,0,0,0,0
11405,1,1,0,0,0,0,-1
11406,1,-1,0,0,0,0,0
11407,1,1,0,0,0,0,-1
11408,1,-1,0,0,0,0,-1
11409,1,1,0,0,0,0,-1
11410,1,1,0,0,1,0,-1
11411,1,1,0,0,-1,0,-1
11412,0,1,0,0,0,0,0
11413,1,-1,0,0,0,0,0
11414,1,-1,0,0,-1,0,-1
11415,1,-1,0,0,0,0,0
11416,1,-1,0,0,0,0,-1
11417,1,-1,0,0,0,0,-1
11418,1,1,0,0,1,0,-1
11419,0,0,0,0,0,0,0
11420,1,1,0,0,0,0,0
11421,0,0,0,0,0,0,-1
11422,1,-1,0,0,0,0,0
11423,1,1,0,0,0,0,0
11424,0,0,0,0,0,0,-1
11425,1,-1,0,0,0,0,-1
11426,1,1,0,0,0,0,-1
11427,1,1,0,0,0,0,-1
11428,0,-1,0,0,0,0,-1
11429,1,-1,0,0,0,0,-1
11430,1,-1,0,0,1,0,-1
11431,1,1,0,0,-1,0,-1
11432,1,1,0,0,1,0,-1
11433,1,1,0,0,0,0,-1
11434,0,0,0,0,0,0,0
11435,1,-1,0,0,0,0,0
11436,1,1,0,0,1,0,-1
11437,1,-1,0,0,1,0,-1
11438,1,1,0,0,0,0,-1
11439,1,-1,0,0,0,0,-1
11440,1,-1,0,0,-1,0,-1
11441,1,-1,0,0,0,0,-1
11442,1,1,0,0,0,0,0
11443,1,-1,0,0,0,0,-1
11444,1,1,0,0,1,0,1
11445,1,-1,0,0,1,0,-1
11446,1,1,0,0,0,0,-1
11447,1,-1,0,0,1,0,0
11448,1,1,0,0,0,0,-1
11449,1,-1,0,0,-1,0,-1
11450,1,1,0,0,1,0,-1
11451,1,1,0,0,0,0,-1
11452,1,1,0,0,0,0,-1
11453,1,1,0,0,-1,0,-1
11454,1,-1,0,0,0,0,0
11455,1,1,0,0,0,0,-1
11456,1,1,0,0,1,0,-1
11457,0,1,0,0,0,0,0
11458,1,-1,0,0,1,0,-1
11459,0,-1,0,0,0,0,-1
11460,1,-1,0,0,0,0,0
11461,0,0,0,0,0,0,-1
11462,1,1,0,0,0,0,0
11463,1,1,0,0,0,0,-1
11464,1,1,0,0,0,0,0
11465,1,-1,0,0,0,0,0
11466,1,1,0,0,0,0,0
11467,0,-1,0,0,0,0,-1
11468,1,-1,0,0,0,0,0
11469,1,-1,0,0,0,0,0
11470,1,1,0,0,1,0,-1
11471,1,-1,0,0,0,0,-1
11472,1,1,0,0,-1,0,-1
11473,1,-1,0,0,0,0,0
11474,1,-1,0,0,0,0,-1
11475,1,-1,0,0,0,0,-1
11476,1,-1,0,0,1,0,0
11477,1,-1,0,0,0,0,-1
11478,1,-1,0,0,0,0,-1
11479,1,1,0,0,0,0,-1
11480,1,-1,0,0,0,0,-1
11481,0,-1,0,0,0,0,-1
11482,1,-1,0,0,0,0,-1
11483,0,0,0,0,0,0,-1
11484,1,-1,0,0,-1,0,-1
11485,1,1,0,0,0,0,-1
11486,1,1,0,0,0,0,-1
11487,1,1,0,0,0,0,0
11488,1,1,0,0,1,0,-1
11489,1,1,0,0,0,0,0
11490,0,-1,0,0,0,0,-1
11491,-1,-1,0,0,1,0,-1
11492,1,-1,0,0,-1,0,-1
11493,0,0,0,0,0,0,-1
11494,0,-1,0,0,0,0,-1
11495,0,1,0,0,0,0,-1
11496,1,1,0,0,0,0,-1
11497,1,1,0,0,1,0,0
11498,0,0,0,0,0,0,-1
11499,1,-1,0,0,1,0,-1
11500,1,-1,0,0,0,0,-1
11501,1,1,0,0,0,0,-1
11502,1,-1,0,0,1,0,-1
11503,1,1,0,0,0,0,0
11504,1,1,0,0,0,0,-1
11505,1,1,0,0,0,0,-1
11506,1,1,0,0,-1,0,0
11507,1,-1,0,0,-1,0,-1
11508,1,1,0,0,0,0,0
11509,1,1,0,0,0,0,0
11510,0,0,0,0,0,0,-1
11511,1,1,0,0,1,0,-1
11512,0,0,0,0,0,0,-1
11513,1,-1,0,0,-1,0,-1
11514,1,1,0,0,-1,0,-1
11515,1,1,0,0,0,0,-1
11516,1,-1,0,0,0,0,-1
11517,0,-1,0,0,0,0,-1
11518,0,0,0,0,0,0,-1
11519,1,1,0,0,0,0,0
11520,1,1,0,0,1,0,-1
11521,1,-1,0,0,0,0,0
11522,1,-1,0,0,0,0,-1
11523,1,1,0,0,0,0,0
11524,1,1,0,0,0,0,-1
11525,1,1,0,0,0,0,0
11526,0,0,0,0,0,0,-1
11527,1,1,0,0,0,0,-1
11528,1,-1,0,0,0,0,-1
11529,0,-1,0,0,0,0,0
11530,1,-1,0,0,0,0,0
11531,1,-1,0,0,0,0,-1
11532,1,-1,0,0,0,0,0
11533,1,-1,0,0,1,0,-1
11534,0,1,0,0,0,0,0
11535,0,1,0,0,0,0,0
11536,1,1,0,0,0,0,-1
11537,0,0,0,0,0,0,-1
11538,1,-1,0,0,0,0,-1
11539,1,1,0,0,1,0,-1
11540,1,-1,0,0,1,0,0
11541,1,-1,0,0,0,0,0
11542,1,1,0,0,0,0,0
11543,-1,1,0,0,0,0,-1
11544,1,-1,0,0,0,0,-1
11545,0,-1,0,0,0,0,0
11546,1,1,0,0,0,0,-1
11547,1,-1,0,0,0,0,0
11548,1,-1,0,0,-1,0,-1
11549,1,-1,0,0,0,0,0
11550,1,1,0,0,1,0,-1
11551,1,-1,0,0,0,0,-1
11552,-1,-1,0,0,0,0,-1
11553,1,-1,0,0,0,0,-1
11554,1,-1,0,0,1,0,-1
11555,-1,-1,0,0,1,0,-1
11556,1,-1,0,0,0,0,-1
11557,0,-1,0,0,0,0,-1
11558,1,1,0,0,0,0,0
11559,0,-1,0,0,1,0,-1
11560,1,1,0,0,0,0,0
11561,0,0,0,0,0,0,-1
11562,1,1,0,0,0,0,-1
11563,1,-1,0,0,0,0,-1
11564,1,-1,0,0,0,0,0
11565,1,-1,0,0,1,0,-1
11566,1,-1,0,0,0,0,0
11567,1,-1,0,0,0,0,-1
11568,1,-1,0,0,0,0,-1
11569,1,1,0,0,1,0,0
11570,1,1,0,0,0,0,-1
11571,1,1,0,0,0,0,-1
11572,1,-1,0,0,0,0,0
11573,0,1,0,0,0,0,0
11574,1,1,0,0,-1,0,0
11575,1,-1,0,0,0,0,0
11576,1,-1,0,0,1,0,-1
11577,1,-1,0,0,0,0,-1
11578,1,1,0,0,0,0,-1
11579,1,-1,0,0,0,0,-1
11580,0,1,0,0,0,0,-1
11581,1,-1,0,0,0,0,0
11582,1,1,0,0,0,0,-1
11583,1,-1,0,0,-1,0,-1
11584,0,-1,0,0,0,0,-1
11585,1,-1,0,0,0,0,-1
11586,0,1,0,0,1,0,-1
11587,0,1,0,0,0,0,-1
11588,1,-1,0,0,0,0,0
11589,1,1,0,0,0,0,0
11590,0,0,0,0,0,0,-1
11591,0,0,0,0,0,0,-1
11592,1,1,0,0,0,0,0
11593,-1,1,0,0,0,0,-1
11594,0,0,0,0,0,0,-1
11595,1,1,0,0,0,0,-1
11596,1,-1,0,0,1,0,1
11597,1,1,0,0,0,0,-1
11598,1,1,0,0,0,0,-1
11599,1,-1,0,0,0,0,0
11600,0,0,0,0,0,0,-1
11601,1,1,0,0,0,0,-1
11602,1,-1,0,0,0,0,-1
11603,1,1,0,0,0,0,-1
11604,1,1,0,0,0,0,-1
11605,1,1,0,0,1,0,-1
11606,1,-1,0,0,1,0,1
11607,0,0,0,0,0,0,-1
11608,1,-1,0,0,-1,0,-1
11609,1,-1,0,0,1,0,-1
11610,1,1,0,0,0,0,-1
11611,1,1,0,0,1,0,-1
11612,1,-1,0,0,0,0,-1
11613,1,1,0,0,1,0,0
11614,1,1,0,0,0,0,-1
11615,1,-1,0,0,0,0,-1
11616,1,1,0,0,0,0,-1
11617,1,-1,0,0,0,0,-1
11618,1,-1,0,0,0,0,-1
11619,1,1,0,0,0,0,-1
11620,1,1,0,0,1,0,-1
11621,1,-1,0,0,0,0,-1
11622,1,-1,0,0,-1,0,-1
11623,1,1,0,0,1,0,-1
11624,1,1,0,0,0,0,-1
11625,1,1,0,0,0,0,-1
11626,1,-1,0,0,0,0,-1
11627,1,-1,0,0,0,0,0
11628,1,-1,0,0,-1,0,-1
11629,1,-1,0,0,1,0,-1
11630,1,-1,0,0,-1,0,-1
11631,1,1,0,0,-1,0,1
11632,1,1,0,0,1,0,-1
11633,1,1,0,0,0,0,-1
11634,1,-1,0,0,-1,0,-1
11635,1,-1,0,0,1,0,-1
11636,1,1,0,0,1,0,-1
11637,1,1,0,0,1,0,0
11638,1,-1,0,0,0,0,-1
11639,1,-1,0,0,0,0,-1
11640,-1,-1,0,0,0,0,0
11641,0,-1,0,0,0,0,0
11642,1,1,0,0,0,0,0
11643,1,-1,0,0,1,0,-1
11644,0,0,0,0,0,0,-1
11645,1,-1,0,0,0,0,0
11646,1,-1,0,0,0,0,0
11647,0,0,0,0,0,0,-1
11648,1,-1,0,0,0,0,-1
11649,1,1,0,0,0,0,0
11650,1,-1,0,0,0,0,-1
11651,1,-1,0,0,0,0,0
11652,0,0,0,0,0,0,1
11653,1,1,0,0,-1,0,-1
11654,1,1,0,0,0,0,-1
11655,1,1,0,0,1,0,-1
11656,0,-1,0,0,-1,0,-1
11657,1,-1,0,0,1,0,-1
11658,0,0,0,0,0,0,-1
11659,1,-1,0,0,1,0,0
11660,1,-1,0,0,0,0,-1
11661,1,-1,0,0,0,0,-1
11662,0,-1,0,0,-1,0,0
11663,1,-1,0,0,0,0,-1
11664,0,-1,0,0,0,0,-1
11665,-1,1,0,0,0,0,-1
11666,1,-1,0,0,0,0,0
11667,0,-1,0,0,0,0,-1
11668,0,0,0,0,0,0,-1
11669,1,-1,0,0,0,0,-1
11670,1,-1,0,0,0,0,-1
11671,0,1,0,0,1,0,1
11672,1,-1,0,0,0,0,-1
11673,1,1,0,0,-1,0,-1
11674,1,1,0,0,1,0,1
11675,1,1,0,0,0,0,0
11676,1,-1,0,0,0,0,-1
11677,0,0,0,0,0,0,1
11678,1,1,0,0,0,0,-1
11679,1,1,0,0,0,0,-1
11680,0,-1,0,0,0,0,-1
11681,1,1,0,0,0,0,-1
11682,1,-1,0,0,0,0,-1
11683,-1,-1,0,0,0,0,-1
11684,1,1,0,0,1,0,-1
11685,0,1,0,0,0,0,0
11686,1,-1,0,0,0,0,-1
11687,1,1,0,0,1,0,-1
11688,1,1,0,0,0,0,0
11689,1,-1,0,0,-1,0,0
11690,1,1,0,0,0,0,-1
11691,1,1,0,0,0,0,-1
11692,1,-1,0,0,0,0,-1
11693,1,1,0,0,0,0,-1
11694,1,1,0,0,-1,0,0
11695,1,1,0,0,0,0,-1
11696,1,1,0,0,0,0,-1
11697,1,1,0,0,1,0,0
11698,1,-1,0,0,0,0,-1
11699,1,1,0,0,0,0,0
11700,0,-1,0,0,0,0,0
11701,1,1,0,0,0,0,-1
11702,1,1,0,0,0,0,0
11703,0,-1,0,0,0,0,-1
11704,1,-1,0,0,0,0,-1
11705,1,1,0,0,0,0,-1
11706,1,-1,0,0,0,0,-1
11707,1,1,0,0,0,0,-1
11708,1,-1,0,0,0,0,-1
11709,1,1,0,0,0,0,1
11710,1,-1,0,0,-1,0,0
11711,1,1,0,0,0,0,-1
11712,1,-1,0,0,0,0,1
11713,1,-1,0,0,-1,0,-1
11714,0,0,0,0,0,0,-1
11715,-1,1,0,0,-1,0,-1
11716,1,1,0,0,1,0,-1
11717,1,1,0,0,0,0,-1
11718,1,-1,0,0,1,0,-1
11719,1,-1,0,0,1,0,-1
11720,1,1,0,0,1,0,-1
11721,1,1,0,0,1,0,-1
11722,1,1,0,0,0,0,0
11723,1,-1,0,0,0,0,0
11724,1,-1,0,0,0,0,-1
11725,0,0,0,0,0,0,-1
11726,1,-1,0,0,-1,0,-1
11727,1,1,0,0,0,0,0
11728,1,-1,0,0,1,0,-1
11729,1,-1,0,0,0,0,-1
11730,1,1,0,0,0,0,0
11731,0,0,0,0,0,0,-1
11732,1,-1,0,0,0,0,0
11733,1,1,0,0,0,0,-1
11734,0,0,0,0,0,0,-1
11735,1,-1,0,0,0,0,-1
11736,1,1,0,0,0,0,-1
11737,1,1,0,0,0,0,-1
11738,1,1,0,0,0,0,-1
11739,0,-1,0,0,0,0,0
11740,1,-1,0,0,1,0,-1
11741,0,-1,0,0,-1,0,-1
11742,0,0,0,0,0,0,-1
11743,1,1,0,0,0,0,-1
11744,1,-1,0,0,0,0,0
11745,1,1,0,0,0,0,0
11746,1,-1,0,0,0,0,-1
11747,1,-1,0,0,0,0,-1
11748,0,0,0,0,0,0,-1
11749,0,0,0,0,0,0,-1
11750,1,-1,0,0,0,0,-1
11751,1,-1,0,0,0,0,0
11752,1,-1,0,0,0,0,-1
11753,1,1,0,0,1,0,-1
11754,1,1,0,0,0,0,0
11755,1,1,0,0,0,0,0
11756,1,1,0,0,0,0,-1
11757,1,1,0,0,0,0,-1
11758,1,1,0,0,1,0,-1
11759,1,1,0,0,0,0,-1
11760,1,1,0,0,1,0,0
11761,0,0,0,0,0,0,-1
11762,-1,-1,0,0,0,0,-1
11763,1,1,0,0,1,0,-1
11764,1,1,0,0,0,0,0
11765,1,1,0,0,0,0,0
11766,0,0,0,0,0,0,-1
11767,1,1,0,0,0,0,-1
11768,1,-1,0,0,-1,0,-1
11769,1,1,0,0,-1,0,0
11770,0,0,0,0,0,0,-1
11771,0,0,0,0,0,0,-1
11772,1,1,0,0,0,0,0
11773,1,1,0,0,0,0,-1
11774,1,-1,0,0,0,0,-1
11775,1,1,0,0,0,0,-1
11776,0,0,0,0,0,0,0
11777,1,-1,0,0,0,0,0
11778,1,1,0,0,1,0,-1
11779,1,-1,0,0,0,0,-1
11780,1,1,0,0,1,0,-1
11781,0,-1,0,0,0,0,-1
11782,1,1,0,0,0,0,-1
11783,1,1,0,0,1,0,-1
11784,0,0,0,0,0,0,-1
11785,1,-1,0,0,0,0,-1
11786,1,-1,0,0,1,0,-1
11787,1,-1,0,0,0,0,-1
11788,1,-1,0,0,1,0,-1
11789,0,0,0,0,0,0,-1
11790,1,1,0,0,0,0,-1
11791,1,1,0,0,-1,0,-1
11792,1,-1,0,0,0,0,0
11793,0,0,0,0,0,0,0
11794,1,1,0,0,1,0,1
11795,-1,1,0,0,0,0,0
11796,1,1,0,0,0,0,-1
11797,1,-1,0,0,0,0,-1
11798,1,1,0,0,0,0,-1
11799,1,1,0,0,0,0,-1
11800,1,-1,0,0,-1,0,0
11801,0,0,0,0,0,0,-1
11802,1,1,0,0,0,0,-1
11803,0,0,0,0,0,0,-1
11804,1,1,0,0,0,0,-1
11805,0,0,0,0,0,0,1
11806,0,0,0,0,0,0,-1
11807,1,-1,0,0,0,0,0
11808,0,0,0,0,0,0,-1
11809,1,-1,0,0,0,0,-1
11810,1,-1,0,0,0,0,0
11811,1,1,0,0,0,0,-1
11812,1,1,0,0,0,0,-1
11813,0,0,0,0,0,0,-1
11814,1,1,0,0,0,0,-1
11815,1,1,0,0,1,0,-1
11816,1,1,0,0,1,0,0
11817,0,-1,0,0,-1,0,0
11818,1,-1,0,0,-1,0,-1
11819,-1,1,0,0,1,0,-1
11820,1,-1,0,0,1,0,-1
11821,-1,1,0,0,0,0,-1
11822,1,1,0,0,0,0,0
11823,1,1,0,0,0,0,-1
11824,1,-1,0,0,0,0,-1
11825,1,1,0,0,0,0,-1
11826,1,-1,0,0,0,0,-1
11827,1,-1,0,0,0,0,0
11828,1,-1,0,0,0,0,-1
11829,1,-1,0,0,0,0,0
11830,0,-1,0,0,0,0,0
11831,1,1,0,0,0,0,-1
11832,1,-1,0,0,0,0,0
11833,1,-1,0,0,0,0,-1
11834,-1,0,0,0,0,0,0
11835,1,1,0,0,0,0,0
11836,1,1,0,0,0,0,-1
11837,0,0,0,0,0,0,-1
11838,1,-1,0,0,0,0,-1
11839,0,0,0,0,0,0,-1
11840,1,-1,0,0,0,0,0
11841,1,1,0,0,0,0,0
11842,1,1,0,0,0,0,-1
11843,0,0,0,0,0,0,0
11844,1,1,0,0,0,0,-1
11845,1,1,0,0,1,0,-1
11846,1,-1,0,0,0,0,0
11847,1,1,0,0,0,0,-1
11848,1,1,0,0,1,0,0
11849,1,-1,0,0,0,0,0
11850,1,1,0,0,0,0,-1
11851,1,-1,0,0,-1,0,-1
11852,1,1,0,0,0,0,-1
11853,1,1,0,0,0,0,-1
11854,1,-1,0,0,0,0,-1
11855,1,1,0,0,1,0,-1
11856,1,-1,0,0,1,0,-1
11857,1,1,0,0,0,0,0
11858,1,-1,0,0,0,0,0
11859,1,1,0,0,0,0,-1
11860,0,0,0,0,0,0,-1
11861,1,-1,0,0,0,0,-1
11862,1,-1,0,0,0,0,-1
11863,1,1,0,0,0,0,-1
11864,1,-1,0,0,0,0,0
11865,1,-1,0,0,-1,0,-1
11866,0,-1,0,0,-1,0,-1
11867,1,1,0,0,1,0,-1
11868,1,1,0,0,0,0,0
11869,1,-1,0,0,0,0,-1
11870,1,1,0,0,1,0,-1
11871,1,1,0,0,0,0,-1
11872,0,0,0,0,0,0,-1
11873,1,-1,0,0,0,0,-1
11874,1,-1,0,0,0,0,0
11875,1,-1,0,0,0,0,-1
11876,1,1,0,0,1,0,-1
11877,1,-1,0,0,0,0,0
11878,1,-1,0,0,0,0,-1
11879,1,1,0,0,0,0,0
11880,1,-1,0,0,0,0,0
11881,1,1,0,0,1,0,-1
11882,1,-1,0,0,0,0,-1
11883,1,-1,0,0,1,0,0
11884,1,1,0,0,1,0,0
11885,1,1,0,0,1,0,-1
11886,1,-1,0,0,0,0,-1
11887,1,1,0,0,0,0,-1
11888,1,-1,0,0,0,0,-1
11889,1,1,0,0,0,0,0
11890,1,1,0,0,0,0,-1
11891,1,1,0,0,0,0,-1
11892,1,-1,0,0,-1,0,0
11893,1,1,0,0,0,0,-1
11894,1,1,0,0,1,0,-1
11895,1,-1,0,0,0,0,0
11896,1,1,0,0,0,0,-1
11897,1,1,0,0,0,0,-1
11898,1,-1,0,0,0,0,-1
11899,1,1,0,0,1,0,0
11900,0,0,0,0,-1,0,-1
11901,1,-1,0,0,0,0,0
11902,1,1,0,0,0,0,-1
11903,1,-1,0,0,0,0,-1
11904,1,-1,0,0,0,0,-1
11905,1,1,0,0,0,0,-1
11906,0,-1,0,0,0,0,-1
11907,1,1,0,0,0,0,-1
11908,0,-1,0,0,0,0,-1
11909,0,-1,0,0,0,0,-1
11910,1,-1,0,0,0,0,-1
11911,1,1,0,0,0,0,-1
11912,1,1,0,0,0,0,0
11913,1,1,0,0,0,0,0
11914,1,-1,0,0,0,0,-1
11915,1,-1,0,0,0,0,-1
11916,1,1,0,0,0,0,0
11917,1,1,0,0,0,0,-1
11918,1,1,0,0,0,0,1
11919,1,-1,0,0,0,0,-1
11920,1,-1,0,0,0,0,-1
11921,1,-1,0,0,0,0,-1
11922,1,1,0,0,0,0,0
11923,1,-1,0,0,1,0,0
11924,1,1,0,0,1,0,-1
11925,1,1,0,0,0,0,0
11926,1,-1,0,0,0,0,0
11927,0,0,0,0,0,0,-1
11928,1,1,0,0,0,0,0
11929,1,1,0,0,1,0,-1
11930,0,0,0,0,-1,0,-1
11931,1,1,0,0,0,0,-1
11932,1,-1,0,0,1,0,-1
11933,1,-1,0,0,1,0,-1
11934,1,-1,0,0,0,0,-1
11935,1,-1,0,0,0,0,-1
11936,0,0,0,0,0,0,0
11937,1,-1,0,0,-1,0,-1
11938,1,1,0,0,0,0,0
11939,0,-1,0,0,0,0,-1
11940,0,1,0,0,0,0,-1
11941,1,-1,0,0,0,0,0
11942,1,1,0,0,1,0,-1
11943,0,0,0,0,0,0,-1
11944,1,1,0,0,1,0,0
11945,-1,-1,0,0,0,0,0
11946,1,1,0,0,0,0,0
11947,1,1,0,0,0,0,0
11948,1,-1,0,0,0,0,-1
11949,1,1,0,0,0,0,-1
11950,1,1,0,0,1,0,-1
11951,1,-1,0,0,0,0,-1
11952,1,1,0,0,0,0,0
11953,1,-1,0,0,1,0,0
11954,1,1,0,0,-1,0,0
11955,1,1,0,0,0,0,0
11956,-1,1,0,0,0,0,-1
11957,1,-1,0,0,0,0,-1
11958,1,-1,0,0,0,0,-1
11959,0,0,0,0,0,0,-1
11960,1,-1,0,0,-1,0,0
11961,1,1,0,0,-1,0,-1
11962,1,0,0,0,0,0,-1
11963,1,1,0,0,1,0,-1
11964,1,1,0,0,1,0,1
11965,1,1,0,0,0,0,-1
11966,1,1,0,0,0,0,-1
11967,1,-1,0,0,0,0,-1
11968,1,1,0,0,0,0,0
11969,1,1,0,0,0,0,-1
11970,-1,1,0,0,0,0,0
11971,1,1,0,0,0,0,0
11972,1,-1,0,0,0,0,-1
11973,1,1,0,0,0,0,0
11974,1,1,0,0,0,0,-1
11975,1,1,0,0,0,0,-1
11976,1,1,0,0,0,0,-1
11977,1,1,0,0,0,0,0
11978,1,-1,0,0,0,0,-1
11979,1,-1,0,0,0,0,0
11980,1,1,0,0,0,0,-1
11981,1,1,0,0,0,0,0
11982,1,-1,0,0,-1,0,-1
11983,1,-1,0,0,1,0,-1
11984,0,0,0,0,0,0,-1
11985,1,-1,0,0,1,0,-1
11986,1,1,0,0,0,0,0
11987,1,-1,0,0,0,0,-1
11988,1,-1,0,0,0,0,-1
11989,1,-1,0,0,0,0,0
11990,1,1,0,0,0,0,-1
11991,1,1,0,0,1,0,-1
11992,0,-1,0,0,0,0,-1
11993,1,1,0,0,1,0,-1
11994,1,1,0,0,0,0,-1
11995,1,1,0,0,0,0,0
11996,1,-1,0,0,0,0,1
11997,1,-1,0,0,0,0,-1
11998,1,1,0,0,0,0,0
11999,1,-1,0,0,0,0,0
12000,1,-1,0,0,0,0,-1
12001,1,-1,0,0,0,0,-1
12002,1,-1,0,0,0,0,-1
12003,1,1,0,0,0,0,-1
12004,1,1,0,0,0,0,-1
12005,1,-1,0,0,1,0,0
12006,1,1,0,0,0,0,0
12007,1,1,0,0,0,0,0
12008,0,-1,0,0,0,0,-1
12009,1,1,0,0,0,0,-1
12010,1,-1,0,0,1,0,0
12011,1,-1,0,0,0,0,0
12012,0,0,0,0,-1,0,0
12013,1,-1,0,0,0,0,0
12014,1,1,0,0,1,0,-1
12015,1,-1,0,0,0,0,-1
12016,1,-1,0,0,0,0,-1
12017,1,-1,0,0,0,0,-1
12018,0,-1,0,0,0,0,-1
12019,1,-1,0,0,0,0,-1
12020,1,-1,0,0,0,0,0
12021,1,-1,0,0,1,0,-1
12022,1,-1,0,0,0,0,0
12023,1,-1,0,0,0,0,0
12024,1,1,0,0,-1,0,-1
12025,0,-1,0,0,0,0,-1
12026,1,-1,0,0,0,0,0
12027,1,-1,0,0,0,0,-1
12028,1,1,0,0,0,0,0
12029,1,1,0,0,0,0,0
12030,1,-1,0,0,0,0,-1
12031,1,1,0,0,0,0,-1
12032,1,1,0,0,0,0,0
12033,1,1,0,0,-1,0,0
12034,1,1,0,0,-1,0,-1
12035,1,1,0,0,0,0,-1
12036,1,0,0,0,0,0,-1
12037,1,-1,0,0,-1,0,0
12038,0,-1,0,0,0,0,-1
12039,1,-1,0,0,0,0,-1
12040,1,1,0,0,0,0,0
12041,0,0,0,0,0,0,-1
12042,1,1,0,0,1,0,0
12043,1,-1,0,0,0,0,-1
12044,1,-1,0,0,0,0,0
12045,0,0,0,0,0,0,-1
12046,1,1,0,0,0,0,0
12047,1,-1,0,0,1,0,0
12048,0,0,0,0,0,0,0
12049,1,-1,0,0,0,0,0
12050,1,1,0,0,0,0,0
12051,1,1,0,0,0,0,0
12052,1,1,0,0,1,0,-1
12053,1,-1,0,0,1,0,-1
12054,1,1,0,0,1,0,-1
12055,1,1,0,0,0,0,-1
12056,1,-1,0,0,0,0,-1
12057,-1,1,0,0,0,0,0
12058,1,-1,0,0,0,0,-1
12059,1,-1,0,0,0,0,0
12060,1,-1,0,0,0,0,0
12061,1,1,0,0,1,0,-1
12062,1,1,0,0,0,0,-1
12063,1,1,0,0,0,0,0
12064,1,-1,0,0,0,0,-1
12065,-1,-1,0,0,0,0,-1
12066,1,1,0,0,1,0,-1
12067,1,-1,0,0,0,0,0
12068,1,-1,0,0,0,0,0
12069,1,1,0,0,1,0,0
12070,0,0,0,0,0,0,-1
12071,1,-1,0,0,0,0,-1
12072,-1,-1,0,0,0,0,-1
12073,1,-1,0,0,0,0,-1
12074,1,-1,0,0,0,0,0
12075,1,1,0,0,0,0,0
12076,0,0,0,0,0,0,1
12077,1,-1,0,0,0,0,0
12078,1,-1,0,0,0,0,0
12079,0,-1,0,0,0,0,1
12080,1,-1,0,0,0,0,0
12081,0,0,0,0,0,0,-1
12082,1,-1,0,0,1,0,0
12083,1,1,0,0,0,0,-1
12084,1,1,0,0,1,0,1
12085,1,1,0,0,1,0,0
12086,1,-1,0,0,-1,0,-1
12087,1,-1,0,0,1,0,-1
12088,1,-1,0,0,-1,0,0
12089,1,1,0,0,0,0,-1
12090,1,1,0,0,0,0,0
12091,1,-1,0,0,-1,0,-1
12092,1,1,0,0,1,0,-1
12093,1,1,0,0,0,0,-1
12094,1,1,0,0,0,0,-1
12095,1,-1,0,0,0,0,-1
12096,1,-1,0,0,1,0,0
12097,1,1,0,0,0,0,0
12098,1,1,0,0,0,0,-1
12099,0,0,0,0,0,0,-1
12100,1,1,0,0,0,0,-1
12101,0,0,0,0,0,0,-1
12102,1,1,0,0,1,0,-1
12103,0,0,0,0,0,0,-1
12104,1,-1,0,0,1,0,-1
12105,1,-1,0,0,-1,0,-1
12106,1,-1,0,0,0,0,-1
12107,1,1,0,0,-1,0,0
12108,0,0,0,0,0,0,0
12109,1,1,0,0,-1,0,0
12110,1,-1,0,0,0,0,-1
12111,1,-1,0,0,1,0,-1
12112,0,0,0,0,0,0,-1
12113,1,-1,0,0,0,0,-1
12114,0,-1,0,0,0,0,-1
12115,0,0,0,0,0,0,0
12116,1,1,0,0,0,0,-1
12117,1,1,0,0,0,0,-1
12118,1,1,0,0,0,0,-1
12119,0,0,0,0,0,0,-1
12120,1,1,0,0,0,0,-1
12121,1,1,0,0,1,0,-1
12122,1,-1,0,0,0,0,-1
12123,1,1,0,0,0,0,-1
12124,1,1,0,0,0,0,-1
12125,1,-1,0,0,0,0,0
12126,1,-1,0,0,1,0,-1
12127,1,1,0,0,0,0,-1
12128,1,1,0,0,1,0,-1
12129,0,1,0,0,0,0,-1
12130,0,-1,0,0,0,0,-1
12131,1,-1,0,0,0,0,0
12132,1,1,0,0,1,0,0
12133,1,-1,0,0,0,0,-1
12134,1,-1,0,0,0,0,0
12135,1,-1,0,0,0,0,-1
12136,1,1,0,0,0,0,0
12137,1,-1,0,0,0,0,-1
12138,1,-1,0,0,-1,0,-1
12139,1,1,0,0,0,0,-1
12140,1,1,0,0,0,0,-1
12141,1,-1,0,0,0,0,0
12142,1,1,0,0,0,0,0
12143,1,-1,0,0,-1,0,-1
12144,1,1,0,0,1,0,-1
12145,1,1,0,0,1,0,-1
12146,0,-1,0,0,0,0,-1
12147,1,1,0,0,0,0,0
12148,1,1,0,0,0,0,-1
12149,0,0,0,0,0,0,-1
12150,1,-1,0,0,0,0,-1
12151,1,1,0,0,0,0,0
12152,1,1,0,0,-1,0,-1
12153,1,-1,0,0,0,0,-1
12154,1,-1,0,0,1,0,-1
12155,-1,-1,0,0,0,0,0
12156,1,1,0,0,-1,0,-1
12157,1,1,0,0,1,0,-1
12158,1,1,0,0,0,0,0
12159,1,-1,0,0,0,0,-1
12160,1,1,0,0,-1,0,-1
12161,0,0,0,0,-1,0,-1
12162,1,1,0,0,0,0,0
12163,1,-1,0,0,0,0,-1
12164,1,-1,0,0,1,0,-1
12165,1,-1,0,0,0,0,-1
12166,1,-1,0,0,0,0,-1
12167,1,-1,0,0,1,0,-1
12168,1,-1,0,0,0,0,-1
12169,1,1,0,0,1,0,-1
12170,1,1,0,0,0,0,0
12171,1,1,0,0,0,0,0
12172,1,1,0,0,0,0,0
12173,0,1,0,0,0,0,-1
12174,1,1,0,0,1,0,-1
12175,1,1,0,0,-1,0,0
12176,1,1,0,0,1,0,-1
12177,1,1,0,0,0,0,0
12178,1,1,0,0,0,0,-1
12179,1,-1,0,0,0,0,-1
12180,1,-1,0,0,0,0,-1
12181,1,-1,0,0,0,0,0
12182,1,-1,0,0,0,0,-1
12183,1,-1,0,0,1,0,-1
12184,1,-1,0,0,0,0,-1
12185,0,0,0,0,0,0,-1
12186,1,1,0,0,0,0,-1
12187,1,-1,0,0,0,0,0
12188,1,-1,0,0,0,0,-1
12189,1,-1,0,0,1,0,1
12190,0,-1,0,0,0,0,0
12191,1,1,0,0,-1,0,-1
12192,1,1,0,0,1,0,-1
12193,0,1,0,0,0,0,-1
12194,-1,1,0,0,0,0,-1
12195,1,1,0,0,-1,0,-1
12196,1,1,0,0,1,0,-1
12197,1,-1,0,0,0,0,-1
12198,0,-1,0,0,0,0,-1
12199,1,1,0,0,1,0,-1
12200,1,1,0,0,0,0,-1
12201,1,1,0,0,0,0,0
12202,0,0,0,0,0,0,-1
12203,1,1,0,0,1,0,0
12204,1,-1,0,0,0,0,-1
12205,0,-1,0,0,-1,0,-1
12206,1,-1,0,0,0,0,0
12207,0,-1,0,0,0,0,-1
12208,-1,-1,0,0,0,0,0
12209,1,1,0,0,1,0,0
12210,1,-1,0,0,1,0,-1
12211,1,1,0,0,-1,0,-1
12212,1,1,0,0,0,0,0
12213,1,1,0,0,1,0,0
12214,1,-1,0,0,0,0,-1
12215,1,-1,0,0,-1,0,0
12216,1,1,0,0,0,0,-1
12217,0,1,0,0,1,0,-1
12218,0,0,0,0,0,0,0
12219,0,-1,0,0,0,0,-1
12220,1,1,0,0,1,0,-1
12221,1,1,0,0,1,0,-1
12222,1,1,0,0,0,0,-1
12223,1,1,0,0,-1,0,-1
12224,1,1,0,0,0,0,0
12225,1,-1,0,0,0,0,-1
12226,1,1,0,0,1,0,-1
12227,1,-1,0,0,0,0,-1
12228,1,-1,0,0,0,0,-1
12229,1,-1,0,0,0,0,-1
12230,1,-1,0,0,0,0,-1
12231,0,-1,0,0,0,0,-1
12232,1,-1,0,0,0,0,-1
12233,1,-1,0,0,0,0,-1
12234,1,1,0,0,0,0,0
12235,1,1,0,0,0,0,0
12236,1,1,0,0,-1,0,-1
12237,1,1,0,0,0,0,-1
12238,1,-1,0,0,0,0,-1
12239,1,-1,0,0,0,0,-1
12240,1,1,0,0,0,0,-1
12241,1,1,0,0,0,0,-1
12242,1,-1,0,0,0,0,-1
12243,0,0,0,0,0,0,-1
12244,0,-1,0,0,0,0,-1
12245,-1,1,0,0,0,0,-1
12246,1,-1,0,0,1,0,-1
12247,1,-1,0,0,0,0,-1
12248,1,-1,0,0,0,0,-1
12249,1,1,0,0,0,0,-1
12250,1,0,0,0,0,0,-1
12251,1,-1,0,0,0,0,-1
12252,1,-1,0,0,0,0,-1
12253,1,1,0,0,0,0,-1
12254,1,-1,0,0,0,0,0
12255,0,-1,0,0,0,0,-1
12256,1,-1,0,0,-1,0,-1
12257,1,-1,0,0,0,0,0
12258,0,0,0,0,0,0,-1
12259,0,0,0,0,0,0,0
12260,0,0,0,0,0,0,-1
12261,0,0,0,0,0,0,-1
12262,1,1,0,0,0,0,0
12263,1,1,0,0,-1,0,0
12264,1,-1,0,0,-1,0,-1
12265,-1,-1,0,0,-1,0,0
12266,1,-1,0,0,0,0,-1
12267,1,-1,0,0,0,0,-1
12268,1,-1,0,0,0,0,-1
12269,1,1,0,0,0,0,0
12270,1,-1,0,0,0,0,-1
12271,0,-1,0,0,0,0,-1
12272,1,1,0,0,1,0,-1
12273,1,-1,0,0,0,0,0
12274,0,-1,0,0,-1,0,-1
12275,1,-1,0,0,0,0,-1
12276,1,1,0,0,0,0,-1
12277,1,1,0,0,0,0,-1
12278,1,-1,0,0,0,0,-1
12279,1,-1,0,0,0,0,0
12280,1,-1,0,0,0,0,-1
12281,1,-1,0,0,0,0,0
12282,1,1,0,0,0,0,-1
12283,1,1,0,0,0,0,-1
12284,1,-1,0,0,0,0,0
12285,1,-1,0,0,0,0,-1
12286,1,-1,0,0,0,0,-1
12287,1,1,0,0,0,0,-1
12288,1,1,0,0,0,0,-1
12289,0,0,0,0,0,0,-1
12290,1,-1,0,0,0,0,0
12291,1,-1,0,0,1,0,-1
12292,1,1,0,0,0,0,-1
12293,1,1,0,0,1,0,-1
12294,1,1,0,0,1,0,-1
12295,0,-1,0,0,0,0,-1
12296,1,1,0,0,1,0,-1
12297,1,1,0,0,0,0,0
12298,1,1,0,0,0,0,-1
12299,1,1,0,0,0,0,0
12300,0,0,0,0,0,0,-1
12301,1,1,0,0,-1,0,-1
12302,1,-1,0,0,0,0,0
12303,1,-1,0,0,1,0,0
12304,1,1,0,0,1,0,-1
12305,0,-1,0,0,0,0,-1
12306,0,0,0,0,0,0,-1
12307,1,-1,0,0,1,0,0
12308,-1,-1,0,0,1,0,-1
12309,1,-1,0,0,0,0,0
12310,0,0,0,0,0,0,-1
12311,1,-1,0,0,0,0,0
12312,1,1,0,0,0,0,-1
12313,1,-1,0,0,0,0,-1
12314,1,1,0,0,0,0,-1
12315,1,-1,0,0,0,0,-1
12316,0,-1,0,0,-1,0,-1
12317,1,-1,0,0,0,0,-1
12318,1,-1,0,0,0,0,-1
12319,1,-1,0,0,-1,0,-1
12320,1,-1,0,0,0,0,0
12321,-1,0,0,0,0,0,-1
12322,0,-1,0,0,0,0,-1
12323,1,-1,0,0,-1,0,-1
12324,1,1,0,0,0,0,-1
12325,1,1,0,0,0,0,-1
12326,1,1,0,0,0,0,0
12327,1,1,0,0,-1,0,-1
12328,1,-1,0,0,0,0,-1
12329,0,0,0,0,0,0,-1
12330,-1,1,0,0,0,0,-1
12331,1,1,0,0,0,0,0
12332,0,1,0,0,0,0,-1
12333,1,1,0,0,0,0,-1
12334,1,-1,0,0,0,0,0
12335,1,1,0,0,0,0,-1
12336,1,-1,0,0,0,0,0
12337,1,1,0,0,0,0,-1
12338,1,1,0,0,-1,0,0
12339,1,0,0,0,1,0,-1
12340,1,-1,0,0,1,0,-1
12341,1,-1,0,0,0,0,-1
12342,1,-1,0,0,1,0,-1
12343,1,1,0,0,0,0,-1
12344,1,-1,0,0,0,0,-1
12345,1,1,0,0,0,0,0
12346,1,1,0,0,0,0,-1
12347,1,1,0,0,1,0,-1
12348,1,-1,0,0,-1,0,-1
12349,1,1,0,0,0,0,-1
12350,1,1,0,0,1,0,-1
12351,0,0,0,0,0,0,-1
12352,1,1,0,0,0,0,-1
12353,1,1,0,0,0,0,-1
12354,0,0,0,0,0,0,-1
12355,1,-1,0,0,0,0,-1
12356,0,0,0,0,0,0,-1
12357,1,1,0,0,1,0,-1
12358,1,-1,0,0,0,0,-1
12359,1,1,0,0,0,0,0
12360,1,-1,0,0,0,0,-1
12361,1,1,0,0,0,0,0
12362,0,0,0,0,0,0,-1
12363,1,1,0,0,0,0,-1
12364,1,1,0,0,0,0,-1
12365,1,-1,0,0,1,0,-1
12366,1,-1,0,0,0,0,-1
12367,0,0,0,0,0,0,-1
12368,1,-1,0,0,0,0,-1
12369,0,0,0,0,0,0,-1
12370,1,1,0,0,1,0,-1
12371,1,-1,0,0,0,0,0
12372,1,-1,0,0,0,0,-1
12373,1,-1,0,0,-1,0,0
12374,1,-1,0,0,0,0,-1
12375,1,-1,0,0,0,0,-1
12376,0,0,0,0,0,0,-1
12377,1,-1,0,0,0,0,-1
12378,0,0,0,0,0,0,0
12379,1,-1,0,0,0,0,-1
12380,1,-1,0,0,0,0,0
12381,1,1,0,0,0,0,0
12382,1,1,0,0,1,0,-1
12383,1,-1,0,0,0,0,-1
12384,0,-1,0,0,0,0,-1
12385,1,1,0,0,-1,0,-1
12386,1,-1,0,0,0,0,-1
12387,1,-1,0,0,0,0,0
12388,0,0,0,0,0,0,-1
12389,0,0,0,0,0,0,0
12390,1,1,0,0,-1,0,-1
12391,0,-1,0,0,0,0,-1
12392,1,-1,0,0,0,0,0
12393,1,-1,0,0,-1,0,0
12394,1,1,0,0,0,0,0
12395,1,1,0,0,-1,0,0
12396,1,1,0,0,0,0,-1
12397,0,0,0,0,0,0,-1
12398,1,1,0,0,1,0,-1
12399,1,1,0,0,1,0,-1
12400,1,-1,0,0,0,0,-1
12401,0,0,0,0,0,0,0
12402,-1,-1,0,0,0,0,-1
12403,1,-1,0,0,0,0,0
12404,1,1,0,0,0,0,-1
12405,1,-1,0,0,0,0,-1
12406,1,1,0,0,-1,0,0
12407,1,1,0,0,1,0,-1
12408,0,-1,0,0,0,0,0
12409,1,-1,0,0,0,0,-1
12410,1,-1,0,0,1,0,-1
12411,1,1,0,0,0,0,-1
12412,0,0,0,0,0,0,-1
12413,1,1,0,0,0,0,-1
12414,1,-1,0,0,0,0,-1
12415,1,1,0,0,1,0,-1
12416,1,-1,0,0,1,0,-1
12417,0,0,0,0,0,0,-1
12418,1,1,0,0,0,0,-1
12419,1,1,0,0,-1,0,0
12420,0,-1,0,0,0,0,-1
12421,1,1,0,0,0,0,0
12422,1,1,0,0,0,0,0
12423,1,1,0,0,0,0,0
12424,1,1,0,0,0,0,-1
12425,1,-1,0,0,0,0,-1
12426,1,1,0,0,0,0,-1
12427,1,1,0,0,-1,0,-1
12428,1,1,0,0,1,0,1
12429,0,0,0,0,0,0,-1
12430,1,1,0,0,1,0,-1
12431,1,-1,0,0,0,0,-1
12432,1,-1,0,0,0,0,-1
12433,0,-1,0,0,0,0,-1
12434,0,0,0,0,0,0,-1
12435,1,-1,0,0,0,0,0
12436,1,1,0,0,0,0,-1
12437,1,-1,0,0,0,0,0
12438,1,1,0,0,0,0,-1
12439,1,-1,0,0,0,0,-1
12440,1,1,0,0,1,0,-1
12441,1,-1,0,0,0,0,1
12442,1,-1,0,0,0,0,-1
12443,1,-1,0,0,-1,0,0
12444,0,0,0,0,0,0,-1
12445,1,-1,0,0,0,0,-1
12446,0,0,0,0,0,0,-1
12447,1,1,0,0,1,0,-1
12448,-1,1,0,0,-1,0,-1
12449,1,-1,0,0,0,0,0
12450,1,1,0,0,0,0,0
12451,1,-1,0,0,0,0,-1
12452,1,-1,0,0,0,0,-1
12453,1,-1,0,0,0,0,-1
12454,0,-1,0,0,0,0,-1
12455,0,0,0,0,0,0,-1
12456,0,-1,0,0,0,0,-1
12457,0,-1,0,0,0,0,-1
12458,1,1,0,0,0,0,-1
12459,1,1,0,0,0,0,0
12460,1,-1,0,0,1,0,0
12461,1,-1,0,0,1,0,-1
12462,1,1,0,0,-1,0,-1
12463,0,1,0,0,1,0,-1
12464,1,-1,0,0,0,0,-1
12465,0,-1,0,0,0,0,-1
12466,1,1,0,0,1,0,-1
12467,1,-1,0,0,1,0,-1
12468,1,-1,0,0,0,0,-1
12469,0,0,0,0,0,0,-1
12470,1,1,0,0,1,0,-1
12471,1,1,0,0,0,0,0
12472,1,-1,0,0,-1,0,-1
12473,1,1,0,0,1,0,-1
12474,0,0,0,0,0,0,-1
12475,1,-1,0,0,0,0,0
12476,1,-1,0,0,0,0,0
12477,1,-1,0,0,0,0,-1
12478,1,-1,0,0,0,0,-1
12479,1,-1,0,0,0,0,-1
12480,1,1,0,0,1,0,-1
12481,1,1,0,0,0,0,-1
12482,1,-1,0,0,0,0,0
12483,1,1,0,0,1,0,-1
12484,1,1,0,0,0,0,-1
12485,1,1,0,0,0,0,-1
12486,1,-1,0,0,0,0,0
12487,1,-1,0,0,1,0,-1
12488,1,-1,0,0,0,0,-1
12489,1,-1,0,0,0,0,-1
12490,0,0,0,0,0,0,-1
12491,1,1,0,0,0,0,-1
12492,1,-1,0,0,0,0,-1
12493,1,-1,0,0,-1,0,0
12494,1,-1,0,0,0,0,0
12495,1,1,0,0,0,0,-1
12496,1,1,0,0,0,0,-1
12497,0,0,0,0,-1,0,-1
12498,1,-1,0,0,-1,0,-1
12499,1,1,0,0,0,0,0
12500,1,-1,0,0,-1,0,-1
12501,0,0,0,0,0,0,-1
12502,1,1,0,0,1,0,0
12503,1,-1,0,0,-1,0,-1
12504,1,-1,0,0,0,0,0
12505,1,1,0,0,0,0,0
12506,1,-1,0,0,1,0,-1
12507,1,1,0,0,0,0,-1
12508,1,1,0,0,0,0,-1
12509,1,-1,0,0,1,0,-1
12510,1,1,0,0,0,0,-1
12511,1,1,0,0,0,0,0
12512,1,1,0,0,1,0,-1
12513,0,0,0,0,0,0,-1
12514,1,-1,0,0,0,0,-1
12515,1,-1,0,0,0,0,-1
12516,1,1,0,0,0,0,0
12517,0,0,0,0,0,0,-1
12518,1,1,0,0,-1,0,-1
12519,1,-1,0,0,0,0,-1
12520,0,0,0,0,0,0,-1
12521,1,-1,0,0,0,0,-1
12522,1,-1,0,0,0,0,-1
12523,0,-1,0,0,-1,0,-1
12524,1,-1,0,0,0,0,-1
12525,-1,1,0,0,-1,0,0
12526,0,0,0,0,0,0,-1
12527,1,1,0,0,1,0,-1
12528,1,1,0,0,0,0,-1
12529,-1,1,0,0,1,0,0
12530,0,-1,0,0,0,0,-1
12531,1,1,0,0,0,0,0
12532,1,-1,0,0,0,0,0
12533,0,0,0,0,0,0,-1
12534,1,1,0,0,0,0,0
12535,1,-1,0,0,-1,0,-1
12536,1,1,0,0,0,0,-1
12537,1,-1,0,0,0,0,-1
12538,1,1,0,0,1,0,-1
12539,1,1,0,0,0,0,-1
12540,1,1,0,0,0,0,0
12541,1,1,0,0,0,0,-1
12542,1,-1,0,0,0,0,0
12543,0,0,0,0,0,0,-1
12544,1,1,0,0,0,0,-1
12545,1,1,0,0,0,0,-1
12546,1,-1,0,0,0,0,-1
12547,0,-1,0,0,0,0,-1
12548,1,-1,0,0,0,0,-1
12549,1,1,0,0,0,0,0
12550,1,-1,0,0,0,0,-1
12551,1,1,0,0,0,0,-1
12552,1,-1,0,0,0,0,-1
12553,0,-1,0,0,0,0,-1
12554,1,-1,0,0,0,0,0
12555,1,1,0,0,0,0,-1
12556,1,1,0,0,0,0,-1
12557,1,1,0,0,0,0,0
12558,1,1,0,0,0,0,-1
12559,1,-1,0,0,-1,0,0
12560,1,-1,0,0,0,0,-1
12561,1,1,0,0,0,0,-1
12562,0,-1,0,0,0,0,-1
12563,1,1,0,0,0,0,-1
12564,1,-1,0,0,1,0,-1
12565,1,-1,0,0,-1,0,-1
12566,0,0,0,0,0,0,0
12567,1,-1,0,0,0,0,0
12568,0,0,0,0,0,0,-1
12569,0,-1,0,0,1,0,-1
12570,0,-1,0,0,0,0,0
12571,1,1,0,0,1,0,0
12572,1,-1,0,0,0,0,-1
12573,1,-1,0,0,0,0,-1
12574,1,1,0,0,0,0,-1
12575,1,-1,0,0,0,0,0
12576,0,-1,0,0,0,0,0
12577,1,1,0,0,1,0,0
12578,0,0,0,0,0,0,-1
12579,1,-1,0,0,0,0,-1
12580,1,0,0,0,0,0,-1
12581,0,-1,0,0,0,0,-1
12582,1,1,0,0,-1,0,0
12583,0,-1,0,0,0,0,0
12584,1,-1,0,0,0,0,-1
12585,1,1,0,0,0,0,0
12586,1,1,0,0,0,0,0
12587,1,1,0,0,1,0,-1
12588,1,1,0,0,0,0,-1
12589,1,1,0,0,0,0,-1
12590,1,-1,0,0,0,0,-1
12591,1,1,0,0,0,0,0
12592,0,0,0,0,0,0,-1
12593,0,0,0,0,0,0,-1
12594,1,1,0,0,0,0,0
12595,1,1,0,0,0,0,-1
12596,1,-1,0,0,0,0,-1
12597,0,0,0,0,0,0,0
12598,1,-1,0,0,0,0,-1
12599,-1,-1,0,0,0,0,-1
12600,1,-1,0,0,0,0,-1
12601,1,-1,0,0,0,0,-1
12602,1,1,0,0,1,0,-1
12603,1,1,0,0,1,0,-1
12604,1,-1,0,0,0,0,-1
12605,1,1,0,0,0,0,0
12606,0,0,0,0,0,0,-1
12607,1,-1,0,0,0,0,-1
12608,0,0,0,0,0,0,-1
12609,1,1,0,0,-1,0,-1
12610,1,-1,0,0,0,0,-1
12611,1,-1,0,0,0,0,-1
12612,1,-1,0,0,0,0,0
12613,1,-1,0,0,0,0,-1
12614,1,-1,0,0,0,0,0
12615,1,-1,0,0,0,0,-1
12616,1,-1,0,0,0,0,-1
12617,1,-1,0,0,0,0,0
12618,1,1,0,0,1,0,-1
12619,1,1,0,0,0,0,-1
12620,1,1,0,0,1,0,-1
12621,1,1,0,0,0,0,0
12622,1,1,0,0,1,0,0
12623,1,-1,0,0,1,0,-1
12624,1,-1,0,0,0,0,0
12625,1,-1,0,0,1,0,-1
12626,0,0,0,0,0,0,-1
12627,0,0,0,0,0,0,0
12628,1,-1,0,0,0,0,-1
12629,-1,-1,0,0,0,0,-1
12630,1,-1,0,0,0,0,0
12631,-1,-1,0,0,0,0,-1
12632,0,0,0,0,0,0,-1
12633,1,1,0,0,0,0,-1
12634,0,0,0,0,0,0,-1
12635,1,-1,0,0,0,0,0
12636,1,-1,0,0,1,0,-1
12637,0,0,0,0,0,0,-1
12638,1,-1,0,0,0,0,0
12639,1,-1,0,0,0,0,-1
12640,0,1,0,0,0,0,-1
12641,1,-1,0,0,-1,0,-1
12642,1,-1,0,0,0,0,-1
12643,0,0,0,0,0,0,0
12644,1,-1,0,0,-1,0,0
12645,1,-1,0,0,0,0,-1
12646,1,-1,0,0,1,0,-1
12647,1,-1,0,0,1,0,-1
12648,1,-1,0,0,1,0,-1
12649,1,1,0,0,0,0,-1
12650,1,1,0,0,0,0,-1
12651,1,-1,0,0,0,0,0
12652,1,1,0,0,0,0,0
12653,1,-1,0,0,0,0,-1
12654,1,-1,0,0,0,0,-1
12655,1,-1,0,0,0,0,-1
12656,1,1,0,0,0,0,0
12657,1,-1,0,0,0,0,-1
12658,0,-1,0,0,0,0,-1
12659,1,1,0,0,0,0,-1
12660,0,0,0,0,0,0,-1
12661,-1,-1,0,0,0,0,-1
12662,1,1,0,0,0,0,0
12663,1,-1,0,0,1,0,-1
12664,1,-1,0,0,0,0,-1
12665,0,0,0,0,0,0,-1
12666,1,-1,0,0,0,0,-1
12667,-1,1,0,0,0,0,-1
12668,1,-1,0,0,0,0,-1
12669,0,-1,0,0,0,0,-1
12670,-1,-1,0,0,0,0,-1
12671,1,-1,0,0,0,0,0
12672,1,0,0,0,1,0,0
12673,1,-1,0,0,0,0,0
12674,1,1,0,0,0,0,0
12675,0,0,0,0,0,0,-1
12676,0,-1,0,0,-1,0,-1
12677,1,-1,0,0,1,0,-1
12678,0,0,0,0,0,0,-1
12679,1,1,0,0,1,0,0
12680,1,1,0,0,-1,0,-1
12681,0,0,0,0,0,0,-1
12682,1,1,0,0,0,0,-1
12683,1,1,0,0,0,0,-1
12684,1,1,0,0,0,0,-1
12685,1,-1,0,0,0,0,-1
12686,1,1,0,0,1,0,-1
12687,1,-1,0,0,0,0,-1
12688,1,1,0,0,0,0,-1
12689,1,-1,0,0,1,0,-1
12690,1,1,0,0,1,0,1
12691,0,0,0,0,0,0,0
12692,1,1,0,0,0,0,-1
12693,1,1,0,0,0,0,0
12694,0,0,0,0,0,0,-1
12695,1,1,0,0,-1,0,-1
12696,1,1,0,0,1,0,-1
12697,1,-1,0,0,-1,0,1
12698,1,-1,0,0,0,0,-1
12699,1,1,0,0,1,0,0
12700,1,1,0,0,1,0,-1
12701,1,1,0,0,-1,0,0
12702,1,-1,0,0,0,0,-1
12703,1,-1,0,0,0,0,-1
12704,1,-1,0,0,1,0,-1
12705,1,1,0,0,1,0,-1
12706,1,-1,0,0,0,0,-1
12707,1,-1,0,0,-1,0,-1
12708,1,-1,0,0,0,0,-1
12709,1,-1,0,0,1,0,-1
12710,1,1,0,0,0,0,-1
12711,1,1,0,0,1,0,-1
12712,1,-1,0,0,0,0,0
12713,1,1,0,0,0,0,-1
12714,1,-1,0,0,0,0,-1
12715,1,-1,0,0,0,0,0
12716,1,-1,0,0,0,0,-1
12717,1,1,0,0,0,0,0
12718,1,-1,0,0,1,0,-1
12719,1,-1,0,0,0,0,-1
12720,1,-1,0,0,0,0,-1
12721,-1,1,0,0,0,0,-1
12722,1,-1,0,0,0,0,-1
12723,1,-1,0,0,0,0,-1
12724,1,-1,0,0,1,0,-1
12725,0,0,0,0,0,0,-1
12726,1,-1,0,0,0,0,-1
12727,1,-1,0,0,1,0,0
12728,1,-1,0,0,0,0,0
12729,1,1,0,0,1,0,0
12730,1,1,0,0,0,0,-1
12731,1,-1,0,0,0,0,-1
12732,1,-1,0,0,0,0,-1
12733,0,0,0,0,0,0,-1
12734,0,1,0,0,0,0,0
12735,1,-1,0,0,0,0,-1
12736,1,-1,0,0,0,0,0
12737,1,1,0,0,0,0,-1
12738,1,-1,0,0,0,0,0
12739,1,1,0,0,0,0,-1
12740,1,-1,0,0,0,0,-1
12741,1,-1,0,0,0,0,0
12742,0,0,0,0,0,0,-1
12743,1,1,0,0,0,0,-1
12744,1,-1,0,0,0,0,-1
12745,1,1,0,0,0,0,0
12746,-1,0,0,0,0,0,0
12747,1,-1,0,0,1,0,-1
12748,0,-1,0,0,0,0,-1
12749,1,-1,0,0,0,0,-1
12750,1,-1,0,0,0,0,-1
12751,1,1,0,0,1,0,-1
12752,1,1,0,0,0,0,-1
12753,1,1,0,0,0,0,-1
12754,0,-1,0,0,0,0,-1
12755,1,1,0,0,0,0,-1
12756,1,1,0,0,0,0,-1
12757,1,1,0,0,0,0,0
12758,0,0,0,0,0,0,-1
12759,1,-1,0,0,0,0,0
12760,1,-1,0,0,1,0,-1
12761,1,1,0,0,0,0,-1
12762,-1,-1,0,0,0,0,-1
12763,1,-1,0,0,0,0,-1
12764,0,0,0,0,0,0,-1
12765,1,1,0,0,0,0,0
12766,1,-1,0,0,0,0,-1
12767,0,-1,0,0,0,0,-1
12768,1,1,0,0,0,0,-1
12769,0,0,0,0,0,0,-1
12770,1,-1,0,0,-1,0,-1
12771,1,1,0,0,-1,0,-1
12772,0,-1,0,0,0,0,-1
12773,1,1,0,0,0,0,0
12774,0,1,0,0,0,0,-1
12775,1,1,0,0,1,0,1
12776,1,-1,0,0,0,0,0
12777,1,1,0,0,0,0,-1
12778,1,1,0,0,0,0,-1
12779,1,-1,0,0,0,0,0
12780,1,-1,0,0,0,0,0
12781,0,0,0,0,0,0,-1
12782,1,1,0,0,1,0,-1
12783,1,-1,0,0,0,0,-1
12784,1,1,0,0,0,0,-1
12785,1,1,0,0,1,0,-1
12786,1,1,0,0,0,0,0
12787,1,-1,0,0,1,0,-1
12788,1,1,0,0,0,0,-1
12789,0,1,0,0,0,0,-1
12790,0,1,0,0,0,0,0
12791,1,-1,0,0,1,0,-1
12792,1,1,0,0,1,0,-1
12793,1,-1,0,0,0,0,0
12794,1,-1,0,0,0,0,-1
12795,1,1,0,0,1,0,-1
12796,0,0,0,0,0,0,-1
12797,1,-1,0,0,0,0,0
12798,0,-1,0,0,0,0,-1
12799,1,1,0,0,0,0,0
12800,1,1,0,0,1,0,0
12801,1,-1,0,0,0,0,-1
12802,1,1,0,0,0,0,0
12803,0,0,0,0,0,0,-1
12804,1,1,0,0,-1,0,0
12805,1,1,0,0,1,0,-1
12806,1,1,0,0,1,0,1
12807,1,1,0,0,1,0,0
12808,0,-1,0,0,0,0,0
12809,1,-1,0,0,0,0,0
12810,1,1,0,0,0,0,-1
12811,1,-1,0,0,0,0,0
12812,1,-1,0,0,0,0,-1
12813,1,1,0,0,1,0,-1
12814,1,-1,0,0,-1,0,0
12815,0,0,0,0,0,0,-1
12816,1,-1,0,0,0,0,-1
12817,0,1,0,0,0,0,-1
12818,1,-1,0,0,0,0,-1
12819,1,-1,0,0,-1,0,-1
12820,1,-1,0,0,0,0,0
12821,1,-1,0,0,1,0,-1
12822,0,0,0,0,0,0,-1
12823,1,-1,0,0,-1,0,-1
12824,1,-1,0,0,0,0,-1
12825,1,-1,0,0,0,0,0
12826,1,1,0,0,1,0,-1
12827,1,1,0,0,0,0,-1
12828,0,0,0,0,0,0,-1
12829,1,-1,0,0,0,0,-1
12830,1,-1,0,0,0,0,0
12831,0,1,0,0,0,0,-1
12832,1,1,0,0,-1,0,-1
12833,1,-1,0,0,0,0,-1
12834,1,1,0,0,0,0,-1
12835,1,-1,0,0,1,0,-1
12836,1,1,0,0,0,0,-1
12837,0,0,0,0,0,0,-1
12838,1,-1,0,0,1,0,0
12839,1,-1,0,0,0,0,-1
12840,1,1,0,0,0,0,0
12841,0,0,0,0,0,0,-1
12842,1,-1,0,0,0,0,0
12843,0,0,0,0,0,0,-1
12844,1,-1,0,0,1,0,-1
12845,1,-1,0,0,0,0,-1
12846,1,-1,0,0,-1,0,-1
12847,1,1,0,0,-1,0,-1
12848,1,1,0,0,1,0,0
12849,1,-1,0,0,0,0,-1
12850,0,1,0,0,-1,0,0
12851,1,-1,0,0,0,0,0
12852,0,0,0,0,0,0,-1
12853,1,1,0,0,0,0,-1
12854,-1,-1,0,0,0,0,-1
12855,-1,-1,0,0,1,0,-1
12856,1,1,0,0,1,0,-1
12857,1,-1,0,0,1,0,-1
12858,1,1,0,0,1,0,-1
12859,1,-1,0,0,1,0,-1
12860,1,-1,0,0,1,0,-1
12861,1,1,0,0,0,0,-1
12862,0,0,0,0,-1,0,-1
12863,0,1,0,0,0,0,-1
12864,-1,1,0,0,0,0,0
12865,0,-1,0,0,0,0,-1
12866,1,1,0,0,0,0,-1
12867,1,-1,0,0,0,0,-1
12868,0,0,0,0,0,0,-1
12869,1,-1,0,0,0,0,-1
12870,1,1,0,0,0,0,0
12871,1,-1,0,0,0,0,0
12872,1,-1,0,0,1,0,-1
12873,1,1,0,0,1,0,0
12874,1,1,0,0,0,0,-1
12875,1,1,0,0,0,0,0
12876,1,1,0,0,0,0,-1
12877,1,-1,0,0,0,0,-1
12878,1,1,0,0,0,0,0
12879,1,1,0,0,0,0,0
12880,1,-1,0,0,0,0,0
12881,1,1,0,0,0,0,-1
12882,1,-1,0,0,0,0,0
12883,1,-1,0,0,0,0,-1
12884,0,0,0,0,0,0,-1
12885,1,-1,0,0,0,0,-1
12886,1,1,0,0,1,0,-1
12887,1,1,0,0,1,0,-1
12888,-1,-1,0,0,1,0,1
12889,1,1,0,0,0,0,-1
12890,1,1,0,0,0,0,0
12891,1,-1,0,0,1,0,-1
12892,1,1,0,0,0,0,-1
12893,1,1,0,0,0,0,0
12894,1,-1,0,0,1,0,-1
12895,1,-1,0,0,0,0,0
12896,0,0,0,0,0,0,-1
12897,1,1,0,0,1,0,0
12898,1,1,0,0,0,0,0
12899,0,-1,0,0,0,0,-1
12900,-1,1,0,0,1,0,-1
12901,1,1,0,0,0,0,-1
12902,1,1,0,0,0,0,-1
12903,1,1,0,0,0,0,0
12904,1,1,0,0,-1,0,0
12905,1,-1,0,0,0,0,-1
12906,1,-1,0,0,0,0,-1
12907,1,-1,0,0,0,0,-1
12908,-1,-1,0,0,0,0,0
12909,1,1,0,0,0,0,0
12910,1,-1,0,0,0,0,-1
12911,1,1,0,0,0,0,0
12912,0,1,0,0,0,0,0
12913,0,-1,0,0,0,0,-1
12914,1,1,0,0,0,0,0
12915,1,-1,0,0,-1,0,-1
12916,0,0,0,0,0,0,-1
12917,1,1,0,0,0,0,-1
12918,1,-1,0,0,0,0,0
12919,0,0,0,0,0,0,-1
12920,1,1,0,0,0,0,-1
12921,0,-1,0,0,0,0,-1
12922,1,1,0,0,0,0,-1
12923,1,1,0,0,1,0,-1
12924,1,1,0,0,1,0,-1
12925,1,1,0,0,0,0,1
12926,1,-1,0,0,0,0,-1
12927,1,-1,0,0,1,0,-1
12928,1,-1,0,0,-1,0,-1
12929,1,1,0,0,0,0,-1
12930,1,-1,0,0,0,0,0
12931,1,1,0,0,-1,0,0
12932,0,0,0,0,-1,0,-1
12933,1,-1,0,0,1,0,-1
12934,1,-1,0,0,0,0,-1
12935,1,-1,0,0,1,0,1
12936,0,1,0,0,0,0,-1
12937,1,1,0,0,-1,0,-1
12938,1,-1,0,0,-1,0,-1
12939,1,1,0,0,0,0,0
12940,1,-1,0,0,0,0,0
12941,0,-1,0,0,-1,0,-1
12942,0,0,0,0,0,0,-1
12943,1,-1,0,0,0,0,0
12944,1,1,0,0,1,0,-1
12945,1,1,0,0,1,0,0
12946,1,1,0,0,0,0,-1
12947,1,-1,0,0,0,0,-1
12948,1,-1,0,0,0,0,-1
12949,-1,1,0,0,1,0,0
12950,1,1,0,0,0,0,0
12951,1,1,0,0,1,0,-1
12952,1,-1,0,0,0,0,-1
12953,1,1,0,0,1,0,-1
12954,0,-1,0,0,0,0,-1
12955,1,1,0,0,0,0,-1
12956,1,1,0,0,0,0,0
12957,1,1,0,0,1,0,-1
12958,1,-1,0,0,0,0,-1
12959,0,0,0,0,0,0,-1
12960,1,1,0,0,0,0,0
12961,0,-1,0,0,1,0,-1
12962,1,-1,0,0,0,0,-1
12963,1,1,0,0,0,0,-1
12964,1,1,0,0,0,0,0
12965,1,-1,0,0,1,0,-1
12966,1,1,0,0,-1,0,-1
12967,1,-1,0,0,0,0,-1
12968,1,1,0,0,0,0,-1
12969,1,1,0,0,0,0,0
12970,-1,1,0,0,0,0,0
12971,1,-1,0,0,0,0,-1
12972,1,1,0,0,0,0,0
12973,0,0,0,0,0,0,-1
12974,1,1,0,0,0,0,0
12975,1,-1,0,0,0,0,-1
12976,1,-1,0,0,0,0,0
12977,1,-1,0,0,0,0,-1
12978,0,-1,0,0,0,0,-1
12979,-1,1,0,0,0,0,-1
12980,0,1,0,0,0,0,-1
12981,0,0,0,0,0,0,-1
12982,0,-1,0,0,0,0,-1
12983,1,1,0,0,0,0,-1
12984,1,-1,0,0,0,0,-1
12985,1,-1,0,0,-1,0,-1
12986,0,-1,0,0,0,0,-1
12987,1,1,0,0,0,0,0
12988,1,1,0,0,0,0,-1
12989,0,-1,0,0,0,0,-1
12990,1,-1,0,0,1,0,-1
12991,1,-1,0,0,0,0,-1
12992,-1,-1,0,0,0,0,-1
12993,1,1,0,0,0,0,-1
12994,1,-1,0,0,-1,0,0
12995,0,0,0,0,0,0,-1
12996,1,1,0,0,-1,0,0
12997,1,1,0,0,0,0,-1
12998,1,1,0,0,1,0,0
12999,0,-1,0,0,0,0,-1
13000,1,1,0,0,0,0,0
13001,1,-1,0,0,0,0,0
13002,1,-1,0,0,1,0,-1
13003,1,1,0,0,0,0,0
13004,-1,-1,0,0,1,0,-1
13005,1,-1,0,0,0,0,-1
13006,0,0,0,0,0,0,-1
13007,0,-1,0,0,0,0,-1
13008,1,1,0,0,0,0,0
13009,1,1,0,0,0,0,0
13010,1,-1,0,0,0,0,-1
13011,1,-1,0,0,0,0,-1
13012,0,-1,0,0,0,0,-1
13013,1,1,0,0,0,0,-1
13014,1,1,0,0,-1,0,-1
13015,1,-1,0,0,-1,0,-1
13016,0,-1,0,0,0,0,-1
13017,1,-1,0,0,0,0,-1
13018,1,1,0,0,0,0,-1
13019,1,1,0,0,0,0,-1
13020,1,1,0,0,0,0,-1
13021,0,0,0,0,0,0,-1
13022,1,1,0,0,0,0,0
13023,1,-1,0,0,1,0,-1
13024,1,1,0,0,0,0,-1
13025,1,1,0,0,-1,0,0
13026,1,1,0,0,0,0,-1
13027,1,-1,0,0,0,0,0
13028,-1,1,0,0,1,0,1
13029,1,-1,0,0,0,0,0
13030,1,1,0,0,0,0,-1
13031,1,-1,0,0,0,0,0
13032,1,-1,0,0,0,0,-1
13033,0,0,0,0,0,0,-1
13034,0,1,0,0,0,0,0
13035,1,-1,0,0,0,0,-1
13036,1,-1,0,0,0,0,-1
13037,1,1,0,0,0,0,-1
13038,1,-1,0,0,0,0,0
13039,1,-1,0,0,-1,0,-1
13040,0,0,0,0,0,0,0
13041,1,1,0,0,0,0,-1
13042,1,-1,0,0,0,0,-1
13043,1,-1,0,0,0,0,0
13044,1,1,0,0,0,0,-1
13045,-1,1,0,0,0,0,-1
13046,1,1,0,0,1,0,0
13047,1,-1,0,0,0,0,-1
13048,0,1,0,0,1,0,-1
13049,0,0,0,0,0,0,0
13050,1,-1,0,0,0,0,-1
13051,-1,-1,0,0,0,0,-1
13052,1,1,0,0,1,0,0
13053,1,1,0,0,1,0,1
13054,1,-1,0,0,1,0,-1
13055,0,0,0,0,0,0,-1
13056,1,1,0,0,1,0,-1
13057,1,1,0,0,0,0,0
13058,0,-1,0,0,0,0,0
13059,0,-1,0,0,0,0,-1
13060,1,-1,0,0,1,0,0
13061,1,-1,0,0,0,0,-1
13062,1,1,0,0,0,0,-1
13063,1,-1,0,0,0,0,-1
13064,1,1,0,0,0,0,-1
13065,1,1,0,0,0,0,0
13066,1,-1,0,0,1,0,-1
13067,1,1,0,0,1,0,-1
13068,1,1,0,0,-1,0,-1
13069,1,1,0,0,0,0,-1
13070,-1,-1,0,0,0,0,-1
13071,1,-1,0,0,0,0,-1
13072,1,-1,0,0,0,0,0
13073,0,0,0,0,0,0,1
13074,1,1,0,0,0,0,-1
13075,1,1,0,0,0,0,-1
13076,1,1,0,0,0,0,-1
13077,1,1,0,0,1,0,-1
13078,1,-1,0,0,0,0,0
13079,1,1,0,0,0,0,-1
13080,0,0,0,0,0,0,-1
13081,0,0,0,0,0,0,-1
13082,1,-1,0,0,0,0,-1
13083,1,1,0,0,0,0,0
13084,1,-1,0,0,0,0,-1
13085,1,-1,0,0,0,0,0
13086,0,0,0,0,0,0,-1
13087,-1,-1,0,0,-1,0,-1
13088,1,-1,0,0,1,0,-1
13089,0,-1,0,0,0,0,-1
13090,1,-1,0,0,-1,0,-1
13091,1,1,0,0,0,0,-1
13092,-1,-1,0,0,0,0,-1
13093,0,1,0,0,1,0,-1
13094,1,-1,0,0,0,0,0
13095,1,-1,0,0,-1,0,-1
13096,1,-1,0,0,1,0,-1
13097,-1,0,0,0,0,0,0
13098,1,-1,0,0,0,0,0
13099,-1,1,0,0,1,0,-1
13100,0,0,0,0,0,0,0
13101,1,-1,0,0,0,0,-1
13102,0,-1,0,0,0,0,-1
13103,1,-1,0,0,1,0,-1
13104,-1,1,0,0,0,0,-1
13105,1,1,0,0,0,0,-1
13106,0,-1,0,0,-1,0,-1
13107,1,-1,0,0,0,0,-1
13108,-1,-1,0,0,0,0,0
13109,-1,1,0,0,0,0,0
13110,1,1,0,0,1,0,-1
13111,1,-1,0,0,0,0,-1
13112,0,-1,0,0,0,0,0
13113,0,0,0,0,0,0,-1
13114,1,-1,0,0,0,0,-1
13115,0,0,0,0,0,0,-1
13116,1,1,0,0,0,0,0
13117,1,1,0,0,0,0,0
13118,1,1,0,0,0,0,-1
13119,1,1,0,0,0,0,0
13120,0,-1,0,0,0,0,-1
13121,1,-1,0,0,1,0,0
13122,0,-1,0,0,0,0,-1
13123,1,1,0,0,0,0,0
13124,1,1,0,0,0,0,-1
13125,1,-1,0,0,0,0,0
13126,1,-1,0,0,0,0,0
13127,1,1,0,0,0,0,0
13128,1,-1,0,0,0,0,-1
13129,0,0,0,0,0,0,-1
13130,1,-1,0,0,0,0,-1
13131,1,-1,0,0,0,0,-1
13132,0,0,0,0,0,0,-1
13133,1,1,0,0,1,0,-1
13134,1,1,0,0,0,0,-1
13135,1,-1,0,0,1,0,-1
13136,0,0,0,0,0,0,-1
13137,1,1,0,0,0,0,0
13138,1,-1,0,0,0,0,-1
13139,1,1,0,0,0,0,0
13140,1,-1,0,0,0,0,0
13141,0,0,0,0,0,0,-1
13142,1,1,0,0,0,0,0
13143,1,1,0,0,-1,0,-1
13144,1,-1,0,0,0,0,-1
13145,1,-1,0,0,0,0,-1
13146,1,1,0,0,0,0,-1
13147,0,0,0,0,0,0,-1
13148,1,1,0,0,0,0,-1
13149,1,1,0,0,0,0,0
13150,1,1,0,0,0,0,-1
13151,1,-1,0,0,0,0,-1
13152,1,1,0,0,0,0,0
13153,-1,1,0,0,0,0,-1
13154,0,-1,0,0,0,0,-1
13155,1,1,0,0,0,0,-1
13156,1,-1,0,0,1,0,-1
13157,1,-1,0,0,0,0,-1
13158,1,-1,0,0,0,0,0
13159,0,0,0,0,0,0,-1
13160,1,1,0,0,1,0,1
13161,0,-1,0,0,0,0,-1
13162,1,1,0,0,0,0,-1
13163,1,-1,0,0,0,0,-1
13164,0,0,0,0,0,0,-1
13165,1,1,0,0,0,0,0
13166,1,-1,0,0,0,0,0
13167,1,-1,0,0,0,0,-1
13168,1,-1,0,0,0,0,-1
13169,1,1,0,0,-1,0,-1
13170,1,-1,0,0,1,0,0
13171,1,-1,0,0,1,0,-1
13172,1,1,0,0,0,0,0
13173,1,-1,0,0,0,0,-1
13174,1,-1,0,0,-1,0,-1
13175,1,-1,0,0,0,0,-1
13176,1,-1,0,0,0,0,-1
13177,1,-1,0,0,0,0,-1
13178,1,1,0,0,1,0,-1
13179,0,-1,0,0,0,0,-1
13180,0,0,0,0,0,0,-1
13181,1,1,0,0,0,0,0
13182,1,1,0,0,0,0,0
13183,0,-1,0,0,0,0,-1
13184,1,1,0,0,0,0,-1
13185,1,1,0,0,0,0,-1
13186,1,1,0,0,1,0,-1
13187,1,-1,0,0,0,0,-1
13188,1,-1,0,0,0,0,0
13189,1,1,0,0,0,0,-1
13190,1,-1,0,0,0,0,-1
13191,1,-1,0,0,1,0,-1
13192,1,1,0,0,1,0,-1
13193,1,1,0,0,0,0,-1
13194,1,-1,0,0,1,0,-1
13195,1,1,0,0,1,0,-1
13196,1,-1,0,0,0,0,-1
13197,1,-1,0,0,0,0,-1
13198,1,1,0,0,0,0,0
13199,0,0,0,0,0,0,-1
13200,1,1,0,0,0,0,0
13201,1,-1,0,0,0,0,-1
13202,1,-1,0,0,0,0,-1
13203,1,1,0,0,1,0,-1
13204,1,-1,0,0,0,0,0
13205,1,-1,0,0,1,0,-1
13206,1,-1,0,0,0,0,-1
13207,1,-1,0,0,1,0,-1
13208,0,-1,0,0,0,0,-1
13209,1,1,0,0,0,0,-1
13210,1,-1,0,0,1,0,0
13211,1,-1,0,0,0,0,0
13212,0,-1,0,0,1,0,0
13213,1,1,0,0,1,0,1
13214,1,1,0,0,0,0,-1
13215,1,-1,0,0,1,0,-1
13216,1,-1,0,0,0,0,0
13217,1,-1,0,0,0,0,-1
13218,0,0,0,0,0,0,1
13219,1,1,0,0,0,0,0
13220,1,-1,0,0,1,0,0
13221,1,-1,0,0,0,0,-1
13222,1,-1,0,0,-1,0,-1
13223,0,0,0,0,0,0,-1
13224,0,-1,0,0,0,0,-1
13225,1,-1,0,0,0,0,-1
13226,0,0,0,0,0,0,-1
13227,1,1,0,0,0,0,-1
13228,1,-1,0,0,0,0,1
13229,0,1,0,0,0,0,-1
13230,1,1,0,0,0,0,-1
13231,1,-1,0,0,0,0,0
13232,1,1,0,0,0,0,-1
13233,1,-1,0,0,0,0,-1
13234,1,-1,0,0,0,0,0
13235,0,1,0,0,0,0,-1
13236,1,-1,0,0,1,0,-1
13237,1,-1,0,0,0,0,-1
13238,1,1,0,0,0,0,-1
13239,1,-1,0,0,1,0,-1
13240,0,-1,0,0,0,0,-1
13241,1,-1,0,0,0,0,0
13242,0,0,0,0,0,0,0
13243,1,1,0,0,0,0,-1
13244,1,-1,0,0,0,0,-1
13245,1,1,0,0,0,0,-1
13246,1,1,0,0,0,0,-1
13247,0,0,0,0,0,0,-1
13248,1,1,0,0,-1,0,-1
13249,1,-1,0,0,0,0,0
13250,0,-1,0,0,0,0,0
13251,1,1,0,0,0,0,-1
13252,1,-1,0,0,0,0,-1
13253,1,1,0,0,1,0,-1
13254,1,1,0,0,0,0,0
13255,1,1,0,0,0,0,0
13256,1,-1,0,0,1,0,-1
13257,1,1,0,0,0,0,-1
13258,0,0,0,0,0,0,0
13259,1,-1,0,0,0,0,-1
13260,0,-1,0,0,0,0,-1
13261,1,1,0,0,-1,0,-1
13262,1,1,0,0,1,0,-1
13263,1,1,0,0,0,0,-1
13264,1,1,0,0,0,0,0
13265,1,1,0,0,-1,0,-1
13266,1,-1,0,0,0,0,0
13267,0,-1,0,0,0,0,0
13268,1,-1,0,0,1,0,-1
13269,1,-1,0,0,0,0,0
13270,0,0,0,0,0,0,0
13271,1,-1,0,0,0,0,0
13272,-1,-1,0,0,-1,0,1
13273,1,-1,0,0,0,0,-1
13274,-1,-1,0,0,0,0,-1
13275,1,1,0,0,0,0,-1
13276,1,-1,0,0,0,0,-1
13277,0,0,0,0,0,0,-1
13278,0,0,0,0,0,0,0
13279,0,-1,0,0,0,0,-1
13280,1,1,0,0,0,0,-1
13281,0,0,0,0,0,0,-1
13282,1,-1,0,0,0,0,-1
13283,1,-1,0,0,0,0,-1
13284,1,1,0,0,0,0,-1
13285,1,1,0,0,0,0,-1
13286,1,1,0,0,0,0,-1
13287,0,0,0,0,0,0,1
13288,1,-1,0,0,1,0,0
13289,-1,-1,0,0,0,0,-1
13290,1,1,0,0,0,0,0
13291,0,-1,0,0,0,0,-1
13292,1,-1,0,0,1,0,-1
13293,0,-1,0,0,1,0,-1
13294,1,-1,0,0,0,0,-1
13295,1,-1,0,0,0,0,-1
13296,1,-1,0,0,0,0,-1
13297,1,1,0,0,-1,0,-1
13298,1,-1,0,0,0,0,-1
13299,1,1,0,0,0,0,0
13300,1,1,0,0,1,0,-1
13301,1,-1,0,0,-1,0,-1
13302,1,1,0,0,1,0,-1
13303,1,-1,0,0,0,0,-1
13304,0,0,0,0,0,0,-1
13305,1,1,0,0,0,0,-1
13306,1,1,0,0,0,0,-1
13307,1,-1,0,0,1,0,-1
13308,1,-1,0,0,0,0,-1
13309,0,0,0,0,0,0,-1
13310,-1,1,0,0,0,0,-1
13311,1,1,0,0,0,0,-1
13312,1,-1,0,0,0,0,-1
13313,1,-1,0,0,0,0,-1
13314,1,-1,0,0,1,0,-1
13315,1,1,0,0,0,0,0
13316,1,-1,0,0,-1,0,-1
13317,1,-1,0,0,-1,0,-1
13318,1,1,0,0,0,0,-1
13319,1,1,0,0,0,0,-1
13320,1,-1,0,0,0,0,-1
13321,0,-1,0,0,-1,0,-1
13322,1,-1,0,0,0,0,0
13323,1,1,0,0,0,0,0
13324,1,-1,0,0,0,0,-1
13325,1,1,0,0,1,0,-1
13326,1,-1,0,0,0,0,0
13327,1,-1,0,0,0,0,-1
13328,1,-1,0,0,0,0,-1
13329,1,-1,0,0,-1,0,-1
13330,1,1,0,0,1,0,-1
13331,1,-1,0,0,0,0,0
13332,1,1,0,0,0,0,0
13333,1,-1,0,0,0,0,-1
13334,1,1,0,0,1,0,-1
13335,1,1,0,0,0,0,0
13336,1,-1,0,0,0,0,0
13337,1,-1,0,0,0,0,0
13338,1,1,0,0,0,0,-1
13339,1,-1,0,0,0,0,-1
13340,1,-1,0,0,1,0,0
13341,1,1,0,0,0,0,-1
13342,1,1,0,0,0,0,0
13343,0,0,0,0,0,0,-1
13344,0,0,0,0,0,0,-1
13345,1,-1,0,0,0,0,-1
13346,1,1,0,0,0,0,0
13347,1,1,0,0,0,0,-1
13348,1,-1,0,0,0,0,-1
13349,1,1,0,0,0,0,0
13350,1,1,0,0,0,0,-1
13351,1,-1,0,0,0,0,0
13352,1,1,0,0,0,0,-1
13353,1,1,0,0,-1,0,0
13354,1,1,0,0,0,0,1
13355,1,-1,0,0,0,0,0
13356,1,-1,0,0,0,0,-1
13357,1,1,0,0,0,0,-1
13358,0,0,0,0,0,0,-1
13359,1,1,0,0,0,0,0
