,SF3B1_pK700E,GATA2_pN297S,PTPN11_pA72V,PTPN11_pE76G,PTPN11_pG503A,PTPN11_intronic,RUNX1_pQ335H
0,0,5,23,23,4,0,0
1,0,0,34,34,8,4,0
2,0,2,31,31,7,5,0
3,0,12,32,32,16,13,0
4,0,10,34,34,6,2,14
5,0,12,76,76,21,16,0
6,0,14,62,62,21,19,65
7,0,8,40,40,24,18,0
8,0,0,31,31,6,0,0
9,0,3,76,76,16,13,0
10,0,19,78,90,25,22,0
11,0,7,44,44,9,7,23
12,0,7,41,41,14,11,0
13,0,4,28,28,13,8,0
14,0,5,36,36,13,13,0
15,0,4,20,20,12,6,0
16,0,7,30,30,9,6,0
17,0,7,47,47,13,11,0
18,0,2,6,6,3,2,0
19,0,13,61,54,14,11,0
20,0,2,21,21,12,9,0
21,0,3,37,37,6,2,0
22,0,0,23,23,4,4,13
23,0,3,56,56,15,9,35
24,0,1,37,37,10,6,0
25,0,5,78,78,36,31,0
26,0,9,88,88,14,9,0
27,0,7,26,26,22,18,0
28,0,3,27,0,8,7,0
29,0,2,34,34,16,15,2
30,0,5,57,57,6,0,0
31,0,3,30,30,11,9,19
32,0,8,28,28,13,10,0
33,0,2,7,7,7,0,12
34,0,0,37,37,5,6,0
35,0,0,21,21,12,9,0
36,0,0,71,71,21,18,0
37,0,0,41,41,19,16,0
38,0,6,41,41,12,8,1
39,0,9,24,24,0,5,14
40,0,3,38,38,11,3,0
41,0,0,27,27,6,4,0
42,0,8,39,39,14,10,1
43,0,3,45,45,6,5,32
44,0,0,75,75,11,0,21
45,0,0,51,51,10,6,31
46,0,3,37,29,0,6,0
47,0,0,18,18,6,0,0
48,0,3,48,48,8,2,15
49,0,15,97,97,32,27,0
50,0,9,83,83,8,4,0
51,0,0,39,39,12,0,0
52,0,4,25,25,13,7,0
53,0,0,35,35,4,0,0
54,0,6,48,48,18,12,4
55,0,14,49,49,33,33,0
56,0,2,61,61,19,15,29
57,0,2,16,16,9,5,13
58,0,0,30,30,6,4,0
59,0,7,0,20,14,10,21
60,0,10,50,50,20,20,0
61,0,0,63,63,43,36,0
62,0,0,43,43,7,4,20
63,0,4,21,21,4,0,0
64,0,6,51,51,23,21,39
65,0,1,41,40,7,2,2
66,0,8,12,12,7,0,17
67,0,9,52,52,4,0,8
68,0,0,53,53,11,7,0
69,0,7,32,32,9,8,0
70,0,4,37,31,13,10,0
71,0,27,51,51,10,6,9
72,0,5,42,42,7,0,0
73,0,0,22,22,7,4,15
74,0,6,27,27,10,8,0
75,0,1,21,21,9,0,13
76,0,3,19,19,1,0,12
77,0,0,35,35,12,6,27
78,0,5,82,82,16,13,0
79,0,3,35,35,0,0,0
80,0,7,68,68,22,19,0
81,0,5,38,38,3,3,0
82,0,6,51,51,7,5,0
83,0,6,22,27,9,4,8
84,0,0,36,36,3,0,0
85,0,3,57,57,14,11,49
86,0,12,49,46,12,8,0
87,0,0,40,34,8,8,0
88,0,14,64,64,24,20,0
89,0,2,37,37,0,0,0
90,0,6,43,43,10,6,0
91,0,4,35,35,16,16,0
92,0,13,61,61,7,4,73
93,0,1,24,24,10,9,0
94,0,6,37,39,16,11,0
95,0,0,27,27,17,10,0
96,0,0,39,39,11,7,0
97,0,0,48,48,15,12,0
98,0,4,37,37,14,12,2
99,0,8,28,28,15,10,42
100,0,4,34,34,13,8,17
101,0,5,44,44,20,16,0
102,0,3,23,23,13,11,13
103,0,0,29,33,11,6,0
104,0,0,35,35,19,16,0
105,0,4,53,53,14,12,10
106,0,8,70,51,6,3,0
107,0,0,36,36,5,0,0
108,0,12,13,13,9,0,0
109,0,9,46,50,14,12,0
110,0,8,77,77,15,13,19
111,0,6,39,39,19,19,0
112,0,0,53,53,30,22,0
113,0,0,28,28,6,0,0
114,0,13,47,47,13,7,0
115,0,0,19,19,10,7,0
116,0,0,74,74,26,22,0
117,0,3,27,27,5,3,14
118,0,6,27,27,6,0,0
119,0,6,83,83,9,8,28
120,0,5,38,38,9,0,0
121,0,3,21,21,10,8,30
122,0,0,40,40,12,9,0
123,0,2,10,10,4,0,0
124,0,2,45,45,6,1,31
125,0,5,31,31,12,11,37
126,0,0,61,61,17,15,0
127,0,4,19,19,2,2,0
128,0,0,16,16,0,2,0
129,0,2,0,14,3,3,0
130,0,13,23,23,9,7,5
131,0,8,59,59,10,8,38
132,0,6,36,36,8,3,0
133,0,3,9,9,6,0,0
134,0,11,43,43,5,4,0
135,0,0,56,56,12,5,0
136,0,8,54,54,10,9,16
137,0,2,44,44,8,0,55
138,0,2,23,23,5,0,0
139,0,1,27,27,12,6,41
140,0,8,56,56,18,11,51
141,0,15,39,39,19,14,0
142,0,8,54,54,22,17,0
143,0,0,21,21,4,4,0
144,0,0,50,50,6,0,0
145,0,7,40,40,10,9,0
146,0,5,24,24,9,7,0
147,0,5,45,45,7,7,0
148,0,0,72,72,15,10,0
149,0,7,20,20,6,0,0
150,0,9,73,73,13,7,0
151,0,0,46,46,6,5,0
152,0,0,27,27,0,0,0
153,0,4,54,54,0,12,19
154,0,5,49,49,9,7,0
155,0,0,35,35,7,4,0
156,0,4,29,29,10,10,0
157,0,0,37,37,8,3,0
158,0,9,69,69,21,18,0
159,0,0,55,55,14,12,0
160,0,10,21,21,10,0,0
161,0,22,17,17,17,16,0
162,0,8,43,43,7,0,0
163,0,0,34,34,9,6,0
164,0,2,19,21,1,0,25
165,0,6,69,69,20,16,0
166,0,5,13,17,8,5,46
167,0,0,43,43,10,7,46
168,0,0,10,10,3,0,0
169,0,0,39,39,4,4,0
170,0,7,67,67,20,16,0
171,0,0,41,41,8,0,0
172,0,5,38,38,9,0,0
173,0,0,28,28,5,3,0
174,0,10,22,25,4,0,20
175,0,0,16,16,5,1,30
176,0,0,19,19,0,3,13
177,0,12,58,58,10,8,70
178,0,11,43,43,7,7,20
179,0,5,17,17,9,4,0
180,0,8,49,49,10,5,0
181,0,0,33,33,7,0,7
182,0,0,33,33,9,6,0
183,0,0,48,48,6,0,0
184,0,0,43,43,6,4,7
185,0,15,105,105,39,38,23
186,0,17,69,69,8,6,8
187,0,4,40,44,7,4,0
188,0,8,37,37,0,10,1
189,0,4,20,20,6,4,14
190,0,0,1,1,3,0,0
191,0,3,24,24,8,5,29
192,0,8,27,27,6,0,0
193,0,3,15,15,3,0,0
194,0,6,21,21,6,2,0
195,0,11,55,55,18,12,9
196,0,14,29,29,11,9,0
197,0,9,0,25,4,3,20
198,0,9,47,47,8,7,0
199,0,0,34,34,17,10,0
200,0,0,25,25,9,8,0
201,0,9,31,31,16,14,0
202,0,2,28,28,5,3,0
203,0,10,43,43,8,4,0
204,0,7,49,49,0,3,0
205,0,0,28,28,10,7,0
206,0,6,61,61,19,17,20
207,0,0,13,13,10,5,0
208,0,2,41,41,8,5,28
209,0,13,27,27,7,5,0
210,0,10,85,85,15,12,23
211,0,9,47,47,7,0,47
212,0,0,42,42,5,4,0
213,0,0,34,34,10,0,0
214,0,2,29,29,10,0,0
215,0,14,88,88,18,21,85
216,0,9,57,57,13,7,98
217,0,12,31,31,9,6,0
218,0,14,64,64,12,8,0
219,0,11,45,45,12,12,36
220,0,5,22,22,6,3,0
221,0,6,35,35,10,8,0
222,0,2,33,33,5,4,0
223,0,0,22,22,1,0,0
224,0,13,59,59,21,16,19
225,0,0,30,30,11,0,15
226,0,12,30,30,4,0,0
227,0,0,28,28,12,7,0
228,0,4,15,15,5,5,0
229,0,10,42,42,8,0,0
230,0,4,25,25,11,6,0
231,0,5,59,59,16,12,15
232,0,5,33,33,5,0,0
233,0,0,23,23,6,7,0
234,0,3,17,17,1,0,0
235,0,13,52,52,11,8,0
236,0,0,40,40,11,0,0
237,0,10,45,45,10,0,12
238,0,9,49,49,12,10,0
239,0,0,17,18,5,0,0
240,0,0,44,44,10,8,11
241,0,3,36,36,6,4,0
242,0,4,35,35,15,11,0
243,0,4,15,19,10,10,0
244,0,3,47,47,8,7,0
245,0,7,46,46,16,12,0
246,0,9,108,108,29,27,24
247,0,2,51,35,7,4,1
248,0,9,36,44,12,9,36
249,0,7,43,43,7,0,0
250,0,0,49,49,12,4,1
251,0,5,27,27,3,2,0
252,0,11,44,44,24,17,0
253,0,26,70,70,23,22,0
254,0,15,45,53,12,5,0
255,0,16,42,42,9,6,0
256,0,16,61,61,13,5,0
257,0,20,86,86,15,12,0
258,0,5,33,33,16,13,0
259,0,5,40,40,13,12,0
260,0,13,66,66,23,17,1
261,0,13,65,65,37,36,0
262,0,0,70,70,16,10,27
263,0,0,24,24,5,0,18
264,0,0,17,17,11,6,0
265,0,10,56,69,20,17,31
266,0,10,65,65,12,4,0
267,0,0,44,44,23,16,0
268,0,9,64,64,21,19,0
269,0,0,36,36,3,0,0
270,0,7,34,34,12,11,0
271,0,0,24,28,9,7,23
272,0,0,49,49,5,6,0
273,0,0,12,12,8,9,0
274,0,1,20,21,17,16,0
275,0,0,38,38,8,8,0
276,0,7,43,43,10,0,0
277,0,2,30,30,6,2,2
278,0,0,47,47,5,0,0
279,0,5,16,16,6,3,0
280,0,0,29,29,7,6,0
281,0,17,119,119,21,18,0
282,0,9,32,32,17,13,0
283,0,9,47,47,12,8,0
284,0,6,41,41,15,14,1
285,0,0,37,37,8,4,0
286,0,13,59,59,11,10,1
287,0,6,35,35,10,8,2
288,0,7,41,41,13,10,0
289,0,3,15,15,0,0,0
290,0,3,31,31,26,17,0
291,0,5,39,39,9,0,19
292,0,0,29,29,8,3,0
293,0,4,40,40,8,4,0
294,0,4,35,35,8,0,32
295,0,0,35,35,4,1,0
296,0,18,49,49,12,10,0
297,0,0,41,41,12,9,0
298,0,8,52,52,21,19,0
299,0,9,34,34,9,7,22
300,0,9,13,13,12,9,0
301,0,9,87,87,18,0,74
302,0,8,44,44,6,0,0
303,0,9,36,36,13,12,0
304,0,0,42,33,9,9,0
305,0,3,40,40,13,8,15
306,0,10,26,26,9,6,0
307,0,10,14,14,11,11,0
308,0,4,47,47,16,11,0
309,0,14,88,88,23,22,0
310,0,8,42,42,26,21,0
311,0,0,39,39,16,13,0
312,0,11,52,52,22,14,0
313,0,13,27,27,9,8,0
314,0,5,7,7,4,0,12
315,0,3,25,25,0,7,0
316,0,4,23,23,4,2,0
317,0,1,46,46,7,0,0
318,0,0,25,32,13,11,4
319,0,0,77,77,11,9,91
320,0,11,90,90,22,21,23
321,0,2,75,75,15,10,0
322,0,0,28,28,10,0,0
323,0,0,34,34,9,4,17
324,0,0,38,38,5,1,19
325,0,3,42,42,9,8,0
326,0,0,43,43,14,9,0
327,0,2,27,27,8,2,13
328,0,0,17,17,0,1,0
329,0,11,32,32,9,5,0
330,0,7,48,48,10,6,0
331,0,7,34,34,12,9,14
332,0,8,4,4,12,11,12
333,0,0,24,24,3,0,0
334,0,0,21,21,8,6,0
335,0,2,30,30,7,3,21
336,0,10,53,53,16,12,0
337,0,3,25,25,14,11,0
338,0,2,49,49,0,12,0
339,0,5,25,25,12,11,0
340,0,13,55,39,17,15,0
341,0,7,46,46,24,22,0
342,0,4,58,58,17,13,0
343,0,14,47,47,16,10,17
344,0,0,19,19,6,3,10
345,0,10,26,26,18,13,0
346,0,3,90,90,14,11,0
347,0,0,64,64,15,11,0
348,0,7,35,35,13,12,0
349,0,0,47,47,13,10,0
350,0,9,24,24,11,11,0
351,0,9,42,42,7,5,0
352,0,8,60,53,12,9,0
353,0,5,17,17,6,5,0
354,0,5,26,26,3,0,7
355,0,7,25,23,9,0,0
356,0,6,36,36,13,8,0
357,0,2,42,42,7,0,0
358,0,0,28,28,9,7,0
359,0,0,24,24,10,5,11
360,0,4,44,44,12,10,0
361,0,0,38,38,3,3,0
362,0,3,36,36,0,1,17
363,0,4,17,17,13,0,30
364,0,7,46,46,9,0,0
365,0,6,47,47,16,15,0
366,0,0,29,29,17,17,0
367,0,12,63,63,11,6,0
368,0,2,18,18,10,0,0
369,0,5,43,43,14,12,0
370,0,7,48,58,13,6,0
371,0,2,37,37,4,2,0
372,0,6,25,25,0,0,10
373,0,3,50,50,7,3,26
374,0,8,4,4,6,0,0
375,0,7,39,39,5,5,33
376,0,0,22,22,7,5,2
377,0,4,49,49,5,0,0
378,0,0,43,43,12,10,0
379,0,4,5,5,9,7,0
380,0,6,16,16,5,0,0
381,0,0,19,19,6,5,13
382,0,16,92,92,29,24,0
383,0,0,29,29,9,8,0
384,0,0,15,15,2,0,4
385,0,10,96,96,19,18,17
386,0,4,36,36,15,12,0
387,0,7,20,20,4,0,0
388,0,0,44,44,9,0,0
389,0,0,30,30,6,3,0
390,0,5,53,53,9,4,0
391,0,2,18,18,7,0,10
392,0,6,30,31,3,3,0
393,0,0,29,29,9,0,0
394,0,5,35,35,9,6,4
395,0,6,31,31,8,5,0
396,0,3,50,50,19,16,36
397,0,0,35,35,14,16,0
398,0,5,16,18,5,0,0
399,0,0,51,51,9,7,0
400,0,0,48,48,16,10,0
401,0,0,23,23,2,0,4
402,0,0,69,69,21,17,0
403,0,4,16,16,8,6,13
404,0,5,20,20,0,0,0
405,0,3,29,22,14,13,0
406,0,2,14,14,5,4,24
407,0,0,30,30,13,9,0
408,0,3,38,38,19,15,0
409,0,3,28,28,4,2,0
410,0,15,50,50,20,15,0
411,0,4,41,41,6,2,0
412,0,0,39,39,6,3,0
413,0,3,47,47,7,0,0
414,0,0,39,39,23,20,7
415,0,12,78,78,19,14,79
416,0,0,24,24,4,0,31
417,0,3,35,35,4,0,0
418,0,3,36,32,11,0,0
419,0,3,19,19,1,1,12
420,0,2,47,47,10,0,0
421,0,11,39,39,11,6,0
422,0,8,26,28,4,0,0
423,0,15,95,95,22,16,0
424,0,12,35,39,26,26,0
425,0,0,54,54,6,0,44
426,0,6,47,47,4,3,37
427,0,0,24,27,10,8,0
428,0,0,50,50,12,8,0
429,0,5,31,31,16,12,0
430,0,11,53,53,10,7,0
431,0,4,37,37,13,9,0
432,0,5,45,45,25,19,0
433,0,34,87,87,22,14,0
434,0,5,34,38,12,9,21
435,0,0,16,16,3,0,7
436,0,0,72,72,21,17,0
437,0,3,41,41,11,10,0
438,0,0,35,35,6,1,0
439,0,12,60,60,11,4,0
440,0,8,37,37,14,13,23
441,0,3,39,39,12,8,0
442,0,0,51,51,15,10,0
443,0,0,30,30,23,17,0
444,0,2,31,37,7,5,27
445,0,13,56,56,10,8,0
446,0,4,21,21,8,0,0
447,0,5,36,36,6,0,0
448,0,7,25,25,17,17,62
449,0,0,39,39,5,0,7
450,0,0,22,28,9,8,0
451,0,3,31,31,0,0,0
452,0,0,51,51,16,14,0
453,0,7,35,35,16,12,12
454,0,2,27,27,6,0,4
455,0,2,28,28,10,5,0
456,0,5,33,40,7,0,0
457,0,0,65,65,4,0,3
458,0,0,43,43,4,0,0
459,0,0,25,25,2,0,19
460,0,2,22,22,6,5,9
461,0,13,40,40,19,18,69
462,0,0,28,28,12,9,0
463,0,6,40,40,10,7,0
464,0,6,37,37,13,13,0
465,0,2,29,29,8,5,18
466,0,2,22,22,8,6,0
467,0,9,48,48,13,10,0
468,0,4,42,42,10,4,0
469,0,5,40,40,8,2,0
470,0,5,45,45,17,16,10
471,0,2,21,21,14,9,0
472,0,4,29,29,8,6,0
473,0,0,25,25,6,0,0
474,0,6,52,52,0,0,0
475,0,0,37,37,6,3,0
476,0,0,24,24,0,0,0
477,0,8,64,64,10,7,0
478,0,3,6,6,6,6,0
479,0,10,60,60,13,4,20
480,0,4,32,32,16,11,0
481,0,0,72,72,30,26,2
482,0,3,28,28,14,11,0
483,0,2,32,32,5,0,27
484,0,4,18,18,6,0,30
485,0,5,26,27,10,7,0
486,0,0,50,50,9,4,0
487,0,2,17,17,14,8,0
488,0,7,30,30,13,13,0
489,0,5,36,36,10,6,0
490,0,0,22,22,16,12,0
491,0,12,13,11,23,17,43
492,0,0,56,56,6,6,24
493,0,13,51,51,17,11,0
494,0,0,28,28,6,4,1
495,0,4,40,40,9,6,0
496,0,10,42,38,19,15,0
497,0,4,37,37,0,0,41
498,0,8,61,61,16,11,26
499,0,0,38,38,7,0,0
500,0,3,19,19,6,4,2
501,0,9,62,62,24,22,0
502,0,6,48,48,8,4,0
503,0,6,33,33,18,18,15
504,0,5,41,41,12,7,0
505,0,4,34,29,13,9,0
506,0,11,39,39,6,4,4
507,0,0,68,68,25,23,0
508,0,11,80,80,14,9,0
509,0,8,30,30,7,4,0
510,0,8,55,55,30,21,12
511,0,11,148,148,26,24,3
512,0,0,21,21,3,0,0
513,0,2,32,32,11,8,0
514,0,0,22,22,11,4,0
515,0,4,27,27,8,4,0
516,0,5,29,29,4,0,12
517,0,15,76,76,14,11,7
518,0,3,25,25,7,0,9
519,0,2,42,42,11,4,17
520,0,2,15,15,0,0,28
521,0,2,34,34,7,0,0
522,0,0,84,84,21,25,0
523,0,0,36,36,7,6,24
524,0,5,35,39,10,6,10
525,0,0,22,22,6,4,0
526,0,0,44,44,8,0,18
527,0,1,28,30,8,7,0
528,0,0,39,39,4,2,0
529,0,0,43,43,5,5,0
530,0,14,66,66,12,10,88
531,0,6,42,42,2,2,0
532,0,2,22,22,9,10,0
533,0,13,26,26,9,5,12
534,0,0,41,41,18,13,0
535,0,0,25,25,2,2,0
536,0,1,15,15,0,0,0
537,0,0,34,34,7,6,25
538,0,9,20,20,12,9,0
539,0,0,35,35,11,9,0
540,0,0,37,37,12,10,0
541,0,4,33,33,1,2,29
542,0,2,20,20,2,0,37
543,0,6,48,48,15,0,0
544,0,1,29,29,6,0,0
545,0,22,97,97,26,22,35
546,0,0,35,35,6,0,21
547,0,5,16,16,0,0,0
548,0,5,23,17,13,13,0
549,0,3,35,35,11,4,0
550,0,6,18,18,12,8,0
551,0,3,21,21,2,0,0
552,0,9,68,68,12,8,0
553,0,8,43,43,4,0,4
554,0,12,40,40,16,16,0
555,0,4,69,69,19,14,0
556,0,0,14,14,14,10,2
557,0,2,43,43,16,12,0
558,0,7,32,32,6,5,0
559,0,7,56,56,17,18,2
560,0,0,21,23,13,8,0
561,0,4,11,11,0,3,0
562,0,11,65,65,13,13,0
563,0,8,41,41,7,0,0
564,0,3,31,24,7,6,0
565,0,8,28,28,11,9,11
566,0,10,12,12,2,0,9
567,0,3,16,16,2,0,0
568,0,8,28,28,12,8,0
569,0,6,19,19,0,9,0
570,0,18,54,54,28,27,0
571,0,4,35,35,10,0,13
572,0,3,36,36,8,10,12
573,0,6,22,22,4,0,10
574,0,0,37,37,10,9,9
575,0,5,26,26,2,0,0
576,0,6,26,26,0,0,0
577,0,4,55,55,17,15,0
578,0,5,36,36,15,12,0
579,0,12,55,55,10,9,21
580,0,3,23,23,7,0,0
581,0,12,0,54,15,14,19
582,0,11,44,44,5,5,0
583,0,2,33,33,7,0,0
584,0,0,35,35,15,10,20
585,0,0,71,71,8,6,15
586,0,4,49,49,9,4,0
587,0,2,27,27,10,7,0
588,0,23,71,71,44,40,0
589,0,5,68,68,20,15,0
590,0,3,37,37,16,13,0
591,0,3,27,27,7,4,0
592,0,0,25,25,9,6,12
593,0,12,60,60,10,11,0
594,0,5,53,53,18,19,22
595,0,9,24,24,10,8,0
596,0,0,26,26,5,2,0
597,0,9,36,36,10,9,0
598,0,5,34,34,12,9,0
599,0,0,50,62,9,7,0
600,0,2,70,70,8,0,52
601,0,4,49,49,9,6,52
602,0,3,33,33,6,0,2
603,0,6,27,27,7,5,0
604,0,2,40,40,8,0,0
605,0,8,105,105,16,14,0
606,0,11,75,75,15,11,0
607,0,7,58,58,20,15,0
608,0,2,34,34,10,11,3
609,0,0,34,34,16,14,0
610,0,0,14,14,6,0,57
611,0,0,20,20,5,3,4
612,0,0,32,32,16,8,0
613,0,7,29,35,14,11,0
614,0,0,25,25,15,10,0
615,0,4,37,37,12,11,16
616,0,0,29,29,3,0,12
617,0,0,39,34,8,6,14
618,0,10,52,52,27,23,11
619,0,8,76,76,6,3,0
620,0,6,30,30,4,0,1
621,0,17,59,59,16,14,0
622,0,2,50,50,15,9,0
623,0,7,18,18,14,10,6
624,0,5,35,35,0,0,0
625,0,12,62,62,0,3,0
626,0,0,31,38,11,8,14
627,0,8,49,49,3,4,17
628,0,8,45,45,11,9,0
629,0,12,38,38,8,9,0
630,0,0,28,28,6,4,0
631,0,9,72,72,8,2,0
632,0,0,23,23,11,8,0
633,0,0,28,28,8,8,0
634,0,4,25,25,6,0,0
635,0,0,19,19,4,4,0
636,0,3,42,42,6,4,0
637,0,0,35,35,5,4,0
638,0,5,28,28,11,7,0
639,0,5,27,27,9,0,0
640,0,0,17,17,9,6,0
641,0,6,34,34,0,0,0
642,0,5,37,37,12,7,0
643,0,4,32,32,0,0,0
644,0,7,61,61,15,11,0
645,0,3,34,34,7,6,0
646,0,0,22,27,7,5,0
647,0,0,102,102,29,23,0
648,0,0,35,35,8,0,0
649,0,5,14,14,8,6,5
650,0,8,49,47,7,6,0
651,0,8,18,18,10,9,0
652,0,9,31,31,5,3,21
653,0,6,51,51,12,11,0
654,0,7,43,43,9,8,0
655,0,15,77,77,19,13,0
656,0,0,2,2,0,6,0
657,0,12,85,85,26,21,1
658,0,0,45,45,3,1,0
659,0,13,59,59,11,9,0
660,0,4,70,70,19,11,18
661,0,11,29,29,14,14,0
662,0,0,48,48,17,15,34
663,0,4,38,38,11,7,0
664,0,0,29,29,0,3,0
665,0,4,58,58,18,12,0
666,0,2,45,45,30,29,0
667,0,0,32,32,13,9,0
668,0,7,30,30,1,2,0
669,0,0,40,40,19,17,36
670,0,3,27,27,8,0,0
671,0,0,66,66,14,9,33
672,0,6,66,66,12,7,42
673,0,4,26,26,10,10,0
674,0,9,31,31,14,9,0
675,0,0,13,13,8,6,0
676,0,5,40,40,13,8,1
677,0,7,44,44,17,15,0
678,0,9,34,34,11,6,0
679,0,2,48,48,9,6,0
680,0,2,37,37,10,4,15
681,0,6,26,26,6,0,0
682,0,3,8,8,7,4,3
683,0,0,61,61,21,17,0
684,0,1,45,43,8,5,0
685,0,3,60,60,11,10,0
686,0,0,32,38,16,11,31
687,0,0,39,39,15,6,0
688,0,4,31,31,7,7,6
689,0,6,48,48,4,5,0
690,0,5,38,38,6,0,19
691,0,14,18,18,6,3,0
692,0,5,24,24,7,3,0
693,0,14,86,86,47,36,0
694,0,0,41,41,15,9,34
695,0,0,17,17,17,15,0
696,0,0,20,20,14,10,0
697,0,6,41,41,12,9,0
698,0,8,43,43,16,14,0
699,0,0,22,22,3,0,0
700,0,10,67,67,0,11,23
701,0,12,46,46,9,5,26
702,0,5,55,55,17,16,0
703,0,0,26,26,8,7,0
704,0,6,13,13,8,6,0
705,0,0,44,44,12,11,8
706,0,11,67,67,16,16,43
707,0,0,63,63,6,1,51
708,0,3,24,19,11,0,0
709,0,12,66,66,19,15,0
710,0,2,28,28,6,0,0
711,0,12,44,44,23,20,0
712,0,0,29,29,9,5,0
713,0,0,13,13,14,8,0
714,0,6,42,42,8,4,0
715,0,8,38,38,8,8,0
716,0,5,58,58,12,9,0
717,0,2,37,37,3,0,0
718,0,9,60,60,10,4,23
719,0,0,63,63,10,5,0
720,0,6,66,66,11,10,19
721,0,0,20,21,7,4,0
722,0,4,31,31,4,0,0
723,0,11,30,30,10,7,24
724,0,11,58,58,9,8,0
725,0,10,69,69,14,11,0
726,0,4,24,24,5,0,0
727,0,2,65,79,16,13,64
728,0,0,17,17,19,17,0
729,0,4,18,18,11,7,0
730,0,4,53,53,20,21,15
731,0,0,32,32,9,6,0
732,0,15,80,80,38,34,0
733,0,4,33,33,7,3,42
734,0,3,36,36,10,9,0
735,0,3,30,30,14,7,0
736,0,7,37,37,8,7,0
737,0,5,10,10,14,11,0
738,0,7,25,25,9,7,0
739,0,0,60,53,16,13,0
740,0,0,23,31,5,0,0
741,0,11,58,58,15,12,0
742,0,5,55,55,11,10,0
743,0,0,43,43,9,10,0
744,0,11,38,38,6,0,0
745,0,1,37,37,17,19,0
746,0,5,53,53,21,13,18
747,0,0,19,19,9,6,10
748,0,8,41,41,7,5,0
749,0,7,38,38,10,4,0
750,0,9,47,47,5,4,0
751,0,3,31,31,4,0,0
752,0,3,50,50,9,7,0
753,0,0,20,20,2,0,0
754,0,9,66,66,8,2,0
755,0,15,71,71,19,14,27
756,0,2,21,21,5,3,0
757,0,7,48,48,6,3,0
758,0,7,43,38,5,0,0
759,0,17,95,95,42,38,33
760,0,3,16,16,5,1,32
761,0,3,49,49,14,10,0
762,0,6,38,38,9,5,0
763,0,6,45,45,14,11,30
764,0,6,40,40,12,9,7
765,0,10,60,60,31,23,0
766,0,1,10,0,7,7,0
767,0,3,39,39,9,7,7
768,0,7,44,44,9,7,0
769,0,16,68,68,23,20,0
770,0,16,46,51,17,12,0
771,0,5,43,43,7,4,0
772,0,12,27,35,7,2,29
773,0,0,19,19,8,0,0
774,0,7,33,33,9,7,21
775,0,11,62,62,9,9,0
776,0,5,38,38,17,12,0
777,0,3,31,31,0,0,0
778,0,12,16,16,6,3,0
779,0,12,26,26,5,2,26
780,0,3,83,83,26,23,0
781,0,12,90,90,30,28,46
782,0,0,22,22,13,7,11
783,0,16,18,18,0,0,12
784,0,10,44,44,8,6,0
785,0,7,36,36,9,0,0
786,0,11,54,54,17,15,0
787,0,0,22,22,3,0,0
788,0,18,49,49,18,12,0
789,0,5,40,40,8,10,0
790,0,4,16,16,7,0,0
791,0,5,84,84,21,15,51
792,0,4,58,64,18,11,0
793,0,6,64,64,9,7,22
794,0,11,47,47,19,19,17
795,0,13,42,42,10,8,0
796,0,0,12,12,5,5,0
797,0,3,31,31,7,6,0
798,0,3,48,48,0,0,16
799,0,9,43,43,6,3,0
800,0,0,25,25,15,10,37
801,0,4,21,21,3,3,0
802,0,10,53,53,3,0,6
803,0,6,31,31,10,10,0
804,0,2,27,27,8,0,0
805,0,5,42,0,5,0,0
806,0,12,33,33,5,5,0
807,0,6,58,58,10,10,22
808,0,7,18,18,5,0,0
809,0,9,51,51,10,6,0
810,0,1,38,38,0,0,0
811,0,0,86,86,11,11,0
812,0,8,17,17,7,0,0
813,0,0,26,26,6,0,6
814,0,7,25,28,11,9,1
815,0,4,32,32,9,4,0
816,0,6,27,27,11,0,16
817,0,0,59,59,22,19,18
818,0,10,41,41,9,0,21
819,0,0,33,33,10,8,0
820,0,0,22,22,15,10,0
821,0,4,30,29,18,15,0
822,0,0,25,25,14,13,31
823,0,5,54,54,24,22,0
824,0,8,38,38,11,7,0
825,0,0,50,50,34,32,0
826,0,14,54,54,21,18,0
827,0,3,55,55,15,11,0
828,0,17,74,74,14,6,10
829,0,6,30,30,15,12,0
830,0,3,37,37,10,7,21
831,0,2,71,67,11,9,50
832,0,0,29,29,8,8,0
833,0,0,14,14,6,4,20
834,0,7,48,48,11,11,0
835,0,4,20,20,11,4,8
836,0,2,13,13,19,12,19
837,0,13,84,84,0,0,2
838,0,9,25,25,20,18,0
839,0,0,38,38,22,19,41
840,0,0,23,23,0,2,12
841,0,18,54,57,22,18,61
842,0,3,45,45,5,3,47
843,0,3,31,31,1,0,0
844,0,10,31,31,5,4,14
845,0,9,38,38,7,5,45
846,0,0,53,53,13,7,0
847,0,0,21,0,9,7,0
848,0,0,35,35,15,14,0
849,0,0,21,21,6,0,0
850,0,15,67,67,8,0,0
851,0,5,20,20,5,2,0
852,0,10,27,27,5,0,0
853,0,0,21,21,7,5,0
854,0,17,95,95,35,31,78
855,0,4,24,24,7,5,0
856,0,0,35,35,13,6,10
857,0,6,39,39,11,9,31
858,0,6,55,55,6,0,0
859,0,0,48,48,6,0,0
860,0,8,25,25,3,3,0
861,0,4,45,45,6,3,8
862,0,5,47,47,17,14,31
863,0,2,20,20,7,0,0
864,0,14,69,69,9,8,0
865,0,10,28,28,9,9,0
866,0,2,60,60,4,1,21
867,0,0,81,81,18,15,0
868,0,0,55,55,9,8,0
869,0,4,6,6,10,7,0
870,0,3,38,38,4,0,9
871,0,2,38,41,7,6,0
872,0,6,45,45,11,7,0
873,0,6,57,57,18,12,0
874,0,6,23,23,5,0,0
875,0,7,43,43,11,9,0
876,0,0,43,43,7,2,0
877,0,6,10,10,0,0,0
878,0,0,28,28,10,7,0
879,0,0,24,24,8,5,11
880,0,7,31,31,9,7,0
881,0,0,51,51,12,5,0
882,0,4,43,43,22,19,19
883,0,3,16,16,0,6,0
884,0,9,35,35,13,8,0
885,0,25,65,65,23,21,0
886,0,8,8,0,5,0,43
887,0,0,34,34,6,5,36
888,0,9,44,33,5,5,2
889,0,8,38,38,6,3,0
890,0,3,32,32,3,0,0
891,0,0,22,22,5,4,0
892,0,10,14,14,0,2,0
893,0,20,44,44,8,8,0
894,0,0,46,46,7,0,12
895,0,7,40,40,16,9,22
896,0,3,33,33,4,0,0
897,0,8,24,24,7,2,18
898,0,14,66,66,10,9,7
899,0,5,31,31,9,10,0
900,0,6,23,23,5,0,22
901,0,0,24,24,10,8,0
902,0,0,41,41,6,0,24
903,0,0,30,30,0,0,0
904,0,0,18,18,4,0,13
905,0,0,30,30,14,9,0
906,0,8,30,30,13,9,0
907,0,7,24,24,10,8,0
908,0,2,45,45,0,0,7
909,0,0,43,36,12,6,0
910,0,3,40,40,12,12,52
911,0,3,0,8,4,0,1
912,0,3,36,36,10,3,0
913,0,0,23,23,1,0,13
914,0,12,51,51,13,11,0
915,0,4,62,62,12,8,0
916,0,3,33,33,10,9,0
917,0,7,48,48,9,5,0
918,0,14,72,72,29,25,0
919,0,9,31,31,9,0,0
920,0,11,49,49,12,11,0
921,0,5,23,23,1,0,13
922,0,0,29,29,1,1,0
923,0,0,30,30,12,7,0
924,0,4,35,35,9,5,0
925,0,0,18,18,4,0,0
926,0,0,30,27,9,9,0
927,0,0,40,40,14,14,19
928,0,5,72,72,15,10,0
929,0,7,49,49,24,19,0
930,0,0,32,32,7,0,0
931,0,4,21,21,4,2,12
932,0,8,36,36,10,5,0
933,0,0,26,26,6,5,0
934,0,0,26,26,14,7,0
935,0,0,18,18,8,6,14
936,0,2,12,16,2,0,0
937,0,2,33,33,8,3,18
938,0,1,33,33,7,3,0
939,0,3,25,25,8,7,0
940,0,4,53,53,9,0,0
941,0,10,54,54,6,4,0
942,0,5,30,30,12,0,0
943,0,5,30,30,3,1,0
944,0,6,76,76,18,13,0
945,0,0,38,38,11,8,0
946,0,0,56,56,15,14,25
947,0,10,40,40,18,14,36
948,0,7,31,31,11,0,0
949,0,0,30,30,4,0,16
950,0,11,52,52,15,11,0
951,0,3,49,49,9,5,12
952,0,9,45,45,5,5,0
953,0,2,30,30,0,0,16
954,0,9,45,45,17,16,0
955,0,14,68,68,13,4,0
956,0,0,25,29,3,2,24
957,0,12,51,56,14,6,0
958,0,18,57,57,16,14,21
959,0,36,141,141,31,25,0
960,0,0,48,48,9,6,12
961,0,7,18,18,10,10,0
962,0,5,57,57,17,12,19
963,0,6,37,37,7,5,0
964,0,8,34,34,10,8,44
965,0,0,30,30,7,0,0
966,0,6,28,28,5,4,26
967,0,5,61,61,14,12,0
968,0,5,58,58,17,11,0
969,0,0,38,38,6,0,6
970,0,2,19,0,6,7,10
971,0,6,25,25,18,13,3
972,0,14,55,55,16,14,0
973,0,10,45,45,28,24,33
974,0,1,21,21,6,0,0
975,0,0,39,39,7,5,0
976,0,15,26,26,11,7,0
977,0,1,10,12,7,0,17
978,0,6,68,68,16,12,0
979,0,6,18,18,0,7,0
980,0,18,92,92,26,26,0
981,0,0,30,30,9,0,0
982,0,10,46,36,6,6,0
983,0,7,42,42,13,11,0
984,0,8,30,23,9,5,33
985,0,2,35,35,4,0,8
986,0,2,35,35,10,0,2
987,0,0,53,43,22,16,0
988,0,13,74,74,12,10,0
989,0,0,71,71,26,20,0
990,0,0,62,62,11,5,0
991,0,0,33,33,5,0,0
992,0,0,54,54,3,0,21
993,0,0,35,35,14,6,0
994,0,14,65,65,35,27,0
995,0,0,63,63,13,10,0
996,0,0,24,24,9,10,0
997,0,4,37,37,7,7,0
998,0,0,29,29,10,7,0
999,0,6,40,40,21,18,0
1000,0,3,41,41,4,0,0
1001,0,0,61,61,11,8,0
1002,0,5,45,45,21,18,0
1003,0,2,45,45,12,7,0
1004,0,0,32,32,9,6,0
1005,0,0,20,20,10,9,0
1006,0,0,30,30,11,0,0
1007,0,11,34,34,5,2,2
1008,0,13,59,59,24,16,0
1009,0,2,28,38,4,0,0
1010,0,7,56,56,16,14,0
1011,0,17,50,50,15,18,0
1012,0,2,19,19,3,3,0
1013,0,0,24,24,7,7,0
1014,0,9,23,23,9,0,10
1015,0,4,25,25,17,11,0
1016,0,7,39,39,7,4,0
1017,0,7,58,58,13,12,20
1018,0,0,23,23,3,0,1
1019,0,0,15,16,16,11,0
1020,0,3,35,35,20,16,0
1021,0,0,26,26,10,0,1
1022,0,4,51,51,8,5,0
1023,0,7,27,27,2,3,0
1024,0,9,53,53,13,10,0
1025,0,9,64,64,34,32,0
1026,0,0,32,32,0,3,0
1027,0,2,38,32,7,4,0
1028,0,0,73,73,17,12,0
1029,0,8,38,38,19,13,0
1030,0,1,5,5,6,0,11
1031,0,3,39,39,7,4,0
1032,0,0,56,56,10,7,9
1033,0,0,40,40,10,7,1
1034,0,5,34,34,5,3,13
1035,0,2,33,33,7,0,11
1036,0,2,32,32,7,0,0
1037,0,9,93,93,24,19,0
1038,0,0,42,42,17,12,13
1039,0,2,48,48,7,0,21
1040,0,8,47,47,5,0,0
1041,0,0,53,53,15,13,0
1042,0,18,60,60,19,16,24
1043,0,12,52,52,29,29,0
1044,0,12,47,47,14,12,18
1045,0,12,26,26,18,10,0
1046,0,7,42,42,7,0,0
1047,0,9,46,46,6,5,45
1048,0,0,42,32,15,13,23
1049,0,5,30,30,3,0,8
1050,0,0,76,76,25,19,0
1051,0,0,49,49,6,6,0
1052,0,3,37,37,13,10,29
1053,0,0,47,47,16,15,0
1054,0,4,31,31,6,7,36
1055,0,5,26,26,0,0,16
1056,0,6,18,18,12,9,0
1057,0,6,26,26,1,1,0
1058,0,9,48,48,14,10,0
1059,0,9,57,57,7,5,19
1060,0,12,45,45,19,17,1
1061,0,16,32,32,14,12,0
1062,0,4,33,33,3,0,0
1063,0,21,42,42,19,0,0
1064,0,9,27,27,10,13,18
1065,0,9,27,27,15,9,0
1066,0,9,86,86,21,15,0
1067,0,7,41,41,14,11,1
1068,0,0,59,59,15,11,0
1069,0,5,49,49,8,6,0
1070,0,5,33,29,7,0,0
1071,0,5,44,44,18,0,30
1072,0,6,20,20,6,3,4
1073,0,3,86,86,15,10,0
1074,0,0,29,29,13,10,0
1075,0,11,63,63,8,7,0
1076,0,20,65,65,44,37,30
1077,0,3,19,19,5,0,0
1078,0,0,36,36,7,7,0
1079,0,4,47,47,4,4,0
1080,0,4,21,21,7,0,0
1081,0,9,23,23,5,3,0
1082,0,4,28,28,7,0,0
1083,0,6,30,30,4,3,0
1084,0,0,36,36,16,16,19
1085,0,4,32,32,6,3,0
1086,0,14,2,2,15,11,0
1087,0,19,82,82,23,18,0
1088,0,0,32,32,19,17,0
1089,0,1,62,62,13,8,26
1090,0,0,19,19,12,7,0
1091,0,0,55,55,19,17,0
1092,0,3,27,27,13,8,15
1093,0,3,4,4,13,12,10
1094,0,0,10,10,4,0,9
1095,0,24,14,14,0,16,15
1096,0,15,80,80,27,24,0
1097,0,0,34,34,10,5,0
1098,0,12,29,29,12,6,0
1099,0,13,27,27,16,11,71
1100,0,0,9,9,2,0,18
1101,0,4,38,38,12,8,0
1102,0,5,59,59,14,9,0
1103,0,3,30,30,6,2,0
1104,0,5,27,27,3,2,0
1105,0,3,54,54,18,14,0
1106,0,13,32,36,6,0,0
1107,0,6,32,32,5,0,0
1108,0,6,22,22,13,8,0
1109,0,4,10,10,8,0,0
1110,0,3,32,32,7,5,0
1111,0,1,54,54,9,8,0
1112,0,0,39,39,17,11,21
1113,0,5,37,37,9,0,0
1114,0,9,64,64,7,1,0
1115,0,0,15,15,6,5,20
1116,0,3,19,19,11,5,26
1117,0,0,38,38,3,3,0
1118,0,0,58,58,12,10,0
1119,0,14,39,39,21,19,0
1120,0,7,51,44,2,0,55
1121,0,12,33,33,9,4,0
1122,0,9,36,36,7,5,11
1123,0,8,28,28,11,7,0
1124,0,7,31,31,3,3,0
1125,0,7,40,40,7,0,0
1126,0,12,24,24,2,0,0
1127,0,5,42,42,13,12,0
1128,0,7,45,45,7,0,0
1129,0,6,24,24,12,9,0
1130,0,8,38,38,9,4,0
1131,0,1,48,48,15,14,0
1132,0,15,42,42,9,7,13
1133,0,10,24,24,8,5,17
1134,0,0,17,17,8,5,0
1135,0,2,14,14,13,0,3
1136,0,7,42,41,10,5,0
1137,0,13,44,44,9,10,0
1138,0,0,72,63,14,9,0
1139,0,4,23,23,14,9,30
1140,0,4,38,36,4,0,0
1141,0,4,32,32,9,10,0
1142,0,4,50,50,8,3,0
1143,0,21,81,81,24,18,0
1144,0,4,24,24,18,16,0
1145,0,11,50,50,18,12,0
1146,0,0,20,20,4,3,0
1147,0,5,23,33,7,0,0
1148,0,15,151,151,27,23,0
1149,0,2,43,43,8,0,0
1150,0,13,50,50,7,4,0
1151,0,0,73,73,13,12,4
1152,0,5,37,37,0,6,11
1153,0,17,56,56,14,13,0
1154,0,2,28,26,1,0,0
1155,0,3,25,25,9,0,0
1156,0,0,41,41,0,3,0
1157,0,9,38,38,10,6,0
1158,0,0,43,43,13,0,0
1159,0,13,29,29,7,6,0
1160,0,4,9,9,7,5,55
1161,0,8,25,19,11,5,0
1162,0,3,61,61,14,9,0
1163,0,15,70,70,12,11,0
1164,0,3,40,40,6,3,15
1165,0,6,14,14,6,4,0
1166,0,6,53,53,8,3,0
1167,0,5,71,71,21,18,0
1168,0,8,52,52,16,14,62
1169,0,12,77,77,17,12,0
1170,0,6,38,38,12,10,0
1171,0,0,57,57,24,18,54
1172,0,0,53,53,20,13,0
1173,0,5,42,42,15,8,79
1174,0,0,37,37,6,4,0
1175,0,0,29,29,5,0,0
1176,0,0,18,18,9,7,0
1177,0,0,16,16,11,7,0
1178,0,0,52,52,14,6,14
1179,0,19,66,66,20,17,0
1180,0,5,28,28,15,15,0
1181,0,9,57,57,7,8,0
1182,0,4,27,27,0,2,0
1183,0,0,39,39,9,0,0
1184,0,6,42,42,4,0,2
1185,0,5,34,34,3,0,0
1186,0,16,80,80,23,21,0
1187,0,8,22,22,7,4,0
1188,0,2,35,35,5,6,0
1189,0,6,32,29,8,3,0
1190,0,2,28,28,13,8,0
1191,0,0,19,19,4,0,0
1192,0,0,19,19,9,6,0
1193,0,0,47,47,6,0,0
1194,0,5,29,29,13,8,16
1195,0,6,40,40,16,15,0
1196,0,0,48,48,13,12,0
1197,0,6,27,27,0,3,0
1198,0,0,47,47,9,6,0
1199,0,3,23,23,7,5,0
1200,0,22,89,89,42,43,0
1201,0,2,34,24,3,0,0
1202,0,4,40,40,6,0,0
1203,0,13,38,38,12,11,0
1204,0,2,60,60,5,0,0
1205,0,0,38,45,12,8,0
1206,0,8,67,67,12,13,0
1207,0,7,41,41,9,2,0
1208,0,11,54,58,24,23,0
1209,0,3,31,31,8,4,1
1210,0,4,22,27,9,6,47
1211,0,8,53,53,13,0,0
1212,0,6,40,40,15,13,0
1213,0,0,46,46,7,4,0
1214,0,10,45,45,8,8,0
1215,0,10,49,49,7,0,27
1216,0,3,19,19,3,2,0
1217,0,4,35,35,3,0,0
1218,0,22,52,48,23,17,24
1219,0,2,62,62,20,13,0
1220,0,4,41,41,4,0,0
1221,0,0,29,29,9,4,0
1222,0,0,21,21,9,4,0
1223,0,2,28,28,8,5,8
1224,0,11,64,64,9,10,0
1225,0,16,88,88,30,27,0
1226,0,4,25,25,0,0,0
1227,0,7,36,38,6,3,32
1228,0,2,28,28,10,13,0
1229,0,3,22,24,8,4,0
1230,0,4,21,21,0,0,0
1231,0,3,46,46,8,5,55
1232,0,4,19,19,7,0,6
1233,0,8,45,45,9,6,12
1234,0,5,29,24,10,9,0
1235,0,3,41,41,0,0,0
1236,0,4,34,34,8,6,23
1237,0,0,24,24,12,0,0
1238,0,5,79,79,16,13,0
1239,0,9,21,21,7,3,0
1240,0,7,36,36,10,4,0
1241,0,8,25,25,7,5,0
1242,0,4,16,16,8,6,17
1243,0,6,27,27,7,4,11
1244,0,0,30,30,7,6,0
1245,0,0,43,43,4,0,0
1246,0,7,38,38,5,0,0
1247,0,5,30,30,7,8,0
1248,0,35,52,52,41,41,0
1249,0,2,20,20,9,7,0
1250,0,12,41,36,15,9,0
1251,0,2,25,25,9,7,0
1252,0,2,11,0,11,0,0
1253,0,0,41,45,13,9,0
1254,0,0,21,21,3,0,0
1255,0,0,75,75,14,11,0
1256,0,9,43,43,12,0,16
1257,0,10,6,6,4,4,10
1258,0,0,35,35,7,0,0
1259,0,8,30,25,11,9,0
1260,0,16,12,12,20,16,0
1261,0,0,27,27,9,5,0
1262,0,4,45,45,17,11,60
1263,0,2,36,36,0,0,0
1264,0,0,27,27,24,20,0
1265,0,4,55,55,11,12,0
1266,0,14,82,82,22,19,0
1267,0,2,12,12,2,2,0
1268,0,20,54,68,18,12,2
1269,0,24,115,115,35,28,18
1270,0,5,18,18,14,11,0
1271,0,0,46,46,4,4,0
1272,0,0,26,26,8,4,0
1273,0,0,18,24,5,4,7
1274,0,6,34,34,7,5,0
1275,0,4,62,62,0,2,0
1276,0,2,34,34,4,4,0
1277,0,11,26,26,9,8,0
1278,0,0,25,25,2,2,0
1279,0,17,37,37,12,7,0
1280,0,0,23,23,13,10,29
1281,0,15,76,76,17,11,0
1282,0,4,78,78,17,14,0
1283,0,0,40,40,6,5,0
1284,0,2,32,32,5,0,1
1285,0,9,30,30,15,11,23
1286,0,6,41,41,15,12,12
1287,0,11,51,51,13,9,0
1288,0,4,18,18,7,5,5
1289,0,4,33,33,6,0,0
1290,0,0,75,75,21,19,36
1291,0,14,59,59,16,14,0
1292,0,1,58,58,8,6,16
1293,0,0,36,36,8,7,0
1294,0,4,22,22,0,6,0
1295,0,0,30,30,9,0,0
1296,0,6,73,73,11,8,69
1297,0,0,0,29,10,9,0
1298,0,3,41,41,6,4,0
1299,0,4,32,32,6,4,0
1300,0,3,37,43,7,6,22
1301,0,3,58,58,10,4,0
1302,0,0,21,21,8,0,16
1303,0,14,47,47,18,16,0
1304,0,0,42,42,10,0,0
1305,0,0,49,49,13,9,0
1306,0,0,40,40,18,17,0
1307,0,0,39,39,3,0,25
1308,0,0,57,57,20,14,0
1309,0,6,47,47,16,12,18
1310,0,5,60,60,19,14,0
1311,0,0,8,8,0,4,49
1312,0,7,47,47,25,22,0
1313,0,0,29,29,5,0,0
1314,0,6,36,36,7,7,0
1315,0,4,31,31,7,3,0
1316,0,10,70,70,15,9,0
1317,0,14,14,14,12,0,0
1318,0,7,10,10,6,4,10
1319,0,0,22,22,13,11,0
1320,0,2,37,37,11,0,28
1321,0,5,53,53,16,11,0
1322,0,10,36,36,9,3,0
1323,0,14,53,53,8,6,12
1324,0,0,45,45,18,15,16
1325,0,0,47,47,21,18,0
1326,0,9,61,61,18,19,37
1327,0,2,31,31,0,2,0
1328,0,2,30,30,2,0,13
1329,0,0,15,15,14,0,2
1330,0,6,36,36,7,6,7
1331,0,4,60,60,16,14,8
1332,0,2,38,38,12,8,22
1333,0,0,31,31,8,0,0
1334,0,3,26,26,9,6,0
1335,0,0,9,9,8,7,0
1336,0,11,54,54,9,4,0
1337,0,7,38,38,13,7,0
1338,0,12,53,53,17,13,0
1339,0,6,42,45,9,4,25
1340,0,3,25,25,9,2,0
1341,0,6,25,25,3,0,0
1342,0,0,37,37,10,5,0
1343,0,5,25,25,0,6,0
1344,0,3,27,27,6,0,0
1345,0,8,7,7,14,11,0
1346,0,0,24,24,2,3,0
1347,0,15,36,36,24,22,0
1348,0,4,38,38,14,11,0
1349,0,0,12,12,10,7,0
1350,0,6,43,43,8,6,0
1351,0,0,35,37,14,11,0
1352,0,4,36,36,5,2,0
1353,0,2,27,27,0,0,1
1354,0,0,66,66,15,16,0
1355,0,0,24,24,10,10,0
1356,0,8,21,21,14,12,0
1357,0,0,50,50,8,0,17
1358,0,8,62,62,17,16,0
1359,0,0,30,30,13,6,0
1360,0,4,27,27,10,6,0
1361,0,4,60,60,6,5,11
1362,0,22,123,123,39,36,0
1363,0,13,78,78,23,20,58
1364,0,8,36,36,9,5,0
1365,0,16,88,88,27,23,0
1366,0,5,58,58,11,11,52
1367,0,0,51,51,8,10,20
1368,0,0,105,105,23,22,0
1369,0,5,51,51,8,3,19
1370,0,9,66,66,26,24,0
1371,0,0,50,50,0,8,23
1372,0,9,22,22,5,4,35
1373,0,1,31,31,9,5,0
1374,0,2,29,29,13,12,11
1375,0,19,85,85,25,25,0
1376,0,11,88,88,12,6,0
1377,0,0,24,24,4,0,0
1378,0,0,25,25,11,9,0
1379,0,0,50,50,14,11,0
1380,0,9,38,38,11,11,10
1381,0,5,41,41,4,0,0
1382,0,6,27,27,10,10,0
1383,0,9,34,34,8,5,0
1384,0,0,16,16,4,0,0
1385,0,8,32,32,3,0,0
1386,0,6,39,39,8,0,0
1387,0,4,38,38,17,12,12
1388,0,7,47,42,11,9,0
1389,0,4,39,39,7,6,11
1390,0,8,49,49,13,11,24
1391,0,14,42,42,16,13,0
1392,0,0,31,31,3,2,0
1393,0,5,39,39,9,4,0
1394,0,0,82,82,15,9,0
1395,0,6,42,42,21,14,0
1396,0,0,16,16,6,0,27
1397,0,0,43,40,13,7,50
1398,0,10,27,27,11,6,0
1399,0,6,25,25,6,0,0
1400,0,0,13,13,7,0,0
1401,0,6,50,34,26,22,0
1402,0,0,28,28,5,0,8
1403,0,0,21,21,6,6,0
1404,0,11,14,14,10,5,23
1405,0,5,29,29,7,6,24
1406,0,4,29,29,4,0,0
1407,0,0,30,30,5,0,0
1408,0,10,73,73,11,6,0
1409,0,0,21,21,8,2,14
1410,0,0,27,27,14,6,67
1411,0,10,43,43,11,6,19
1412,0,8,31,31,8,6,0
1413,0,5,53,53,19,16,0
1414,0,0,11,12,15,9,18
1415,0,0,31,30,22,17,0
1416,0,11,41,41,18,14,0
1417,0,3,16,16,5,0,0
1418,0,9,54,54,5,3,16
1419,0,0,21,21,8,5,0
1420,0,6,36,40,9,5,13
1421,0,15,43,43,8,5,2
1422,0,5,31,31,3,0,0
1423,0,0,41,41,13,13,0
1424,0,0,35,33,6,6,0
1425,0,11,41,41,12,9,0
1426,0,0,20,20,7,3,0
1427,0,10,51,51,5,5,32
1428,0,0,79,79,12,12,0
1429,0,0,37,37,28,29,0
1430,0,8,0,0,8,5,0
1431,0,0,39,39,9,6,18
1432,0,0,16,16,3,0,0
1433,0,6,21,21,4,1,0
1434,0,9,40,49,11,8,21
1435,0,7,15,15,11,8,0
1436,0,4,58,58,17,12,28
1437,0,5,29,29,0,3,0
1438,0,7,28,28,10,1,11
1439,0,0,24,24,6,6,0
1440,0,1,61,38,12,10,0
1441,0,15,49,49,0,3,7
1442,0,0,14,14,9,6,0
1443,0,0,27,27,19,8,25
1444,0,18,41,41,15,13,41
1445,0,0,25,25,4,0,16
1446,0,0,30,30,6,4,0
1447,0,21,93,93,24,24,0
1448,0,9,47,47,13,13,0
1449,0,0,34,34,5,7,0
1450,0,12,0,19,5,0,0
1451,0,12,36,36,16,9,31
1452,0,0,17,17,9,7,0
1453,0,2,31,33,12,11,0
1454,0,2,30,30,10,11,0
1455,0,15,52,52,16,10,32
1456,0,7,31,31,7,4,0
1457,0,0,42,42,21,16,0
1458,0,5,27,27,7,8,0
1459,0,6,22,22,0,0,0
1460,0,3,24,24,12,8,23
1461,0,6,71,71,15,13,0
1462,0,9,46,46,2,3,0
1463,0,0,25,25,8,4,11
1464,0,0,42,42,13,9,0
1465,0,2,24,24,7,4,0
1466,0,0,41,41,7,0,0
1467,0,5,36,36,0,4,0
1468,0,14,58,58,13,10,0
1469,0,0,67,67,18,16,0
1470,0,4,28,28,18,12,0
1471,0,9,26,26,10,6,0
1472,0,12,32,32,12,11,0
1473,0,2,48,48,15,12,0
1474,0,4,47,47,10,5,2
1475,0,0,26,26,11,6,0
1476,0,4,32,32,7,6,2
1477,0,8,43,46,8,2,25
1478,0,0,29,29,7,4,0
1479,0,11,40,40,17,13,20
1480,0,0,39,39,9,8,5
1481,0,0,25,25,12,8,3
1482,0,6,63,63,14,12,0
1483,0,14,50,50,17,15,0
1484,0,4,19,19,0,0,17
1485,0,6,75,75,17,14,0
1486,0,0,23,23,12,12,0
1487,0,6,15,15,9,0,0
1488,0,2,36,36,2,0,52
1489,0,0,20,20,3,2,6
1490,0,0,31,31,8,4,32
1491,0,4,24,24,16,14,0
1492,0,0,14,14,9,6,0
1493,0,4,58,58,17,15,0
1494,0,4,28,28,8,4,0
1495,0,7,36,36,3,0,34
1496,0,5,15,15,6,0,0
1497,0,9,41,41,8,0,0
1498,0,0,14,11,7,7,0
1499,0,5,58,58,10,7,0
1500,0,0,28,28,6,6,0
1501,0,7,23,23,10,6,33
1502,0,2,31,31,7,4,23
1503,0,6,36,36,7,0,0
1504,0,0,46,46,11,7,0
1505,0,5,40,40,4,0,0
1506,0,6,24,24,5,4,3
1507,0,5,36,36,2,0,41
1508,0,7,62,62,15,9,27
1509,0,6,35,35,4,5,0
1510,0,5,15,15,4,0,0
1511,0,10,24,24,11,5,38
1512,0,4,48,48,9,6,0
1513,0,4,45,45,1,0,19
1514,0,5,29,29,4,3,0
1515,0,0,30,30,14,12,0
1516,0,4,50,50,4,5,0
1517,0,2,22,22,6,6,0
1518,0,10,53,53,20,20,0
1519,0,0,62,62,15,15,0
1520,0,3,51,51,10,6,0
1521,0,10,57,57,14,10,48
1522,0,2,23,21,17,9,8
1523,0,0,17,17,12,11,0
1524,0,12,43,43,9,0,0
1525,0,6,21,21,7,0,0
1526,0,0,28,28,5,0,0
1527,0,0,29,29,5,2,0
1528,0,0,39,39,0,3,5
1529,0,3,30,30,18,15,0
1530,0,0,26,26,15,13,4
1531,0,8,49,49,9,6,0
1532,0,0,21,21,0,2,0
1533,0,11,51,51,0,6,0
1534,0,3,29,31,9,5,16
1535,0,9,41,41,15,10,0
1536,0,2,12,12,8,5,0
1537,0,0,45,45,11,8,36
1538,0,0,69,69,19,13,13
1539,0,0,46,46,17,15,0
1540,0,9,47,58,16,12,41
1541,0,0,45,45,19,13,26
1542,0,10,35,35,19,16,0
1543,0,2,33,38,7,0,0
1544,0,23,119,119,56,51,0
1545,0,0,49,49,21,12,15
1546,0,3,46,46,8,4,0
1547,0,0,32,32,15,19,11
1548,0,0,11,11,10,8,0
1549,0,11,81,72,19,15,0
1550,0,14,51,51,4,3,3
1551,0,10,43,43,0,5,0
1552,0,6,63,63,23,21,0
1553,0,2,26,26,8,0,11
1554,0,8,15,15,0,0,0
1555,0,0,17,17,4,0,0
1556,0,4,57,45,14,10,0
1557,0,11,51,51,14,10,0
1558,0,3,7,7,10,9,0
1559,0,4,22,22,9,5,0
1560,0,4,23,23,0,1,0
1561,0,4,41,41,6,0,0
1562,0,12,34,34,6,5,21
1563,0,7,43,43,8,5,2
1564,0,0,26,26,15,11,0
1565,0,8,31,31,23,19,0
1566,0,4,53,53,20,9,60
1567,0,10,27,27,8,0,0
1568,0,0,52,52,10,6,1
1569,0,7,58,58,24,20,10
1570,0,9,42,42,24,21,0
1571,0,9,37,37,17,9,0
1572,0,2,37,37,4,3,1
1573,0,11,40,40,14,8,0
1574,0,2,31,26,2,0,10
1575,0,0,21,21,9,0,0
1576,0,0,48,48,17,10,0
1577,0,4,36,36,16,16,36
1578,0,0,51,51,14,5,0
1579,0,6,67,67,19,18,0
1580,0,0,40,40,10,0,0
1581,0,8,48,48,6,6,0
1582,0,6,24,24,8,6,0
1583,0,7,48,48,14,9,0
1584,0,0,17,22,11,8,0
1585,0,7,36,36,19,16,0
1586,0,0,24,24,7,5,0
1587,0,0,55,55,0,0,0
1588,0,3,20,20,7,0,9
1589,0,3,24,24,0,4,0
1590,0,7,33,33,9,5,0
1591,0,6,25,25,5,6,0
1592,0,12,28,26,9,0,0
1593,0,1,22,22,6,5,0
1594,0,6,42,42,12,11,0
1595,0,14,74,74,34,32,0
1596,0,13,61,69,10,7,0
1597,0,9,33,33,15,12,0
1598,0,16,52,53,27,25,35
1599,0,16,18,18,15,11,23
1600,0,0,26,26,5,2,0
1601,0,0,31,31,0,3,0
1602,0,0,35,35,10,6,0
1603,0,5,36,36,15,14,4
1604,0,2,35,41,8,6,1
1605,0,8,54,54,17,12,0
1606,0,9,63,45,11,10,24
1607,0,10,34,34,12,10,0
1608,0,5,48,48,10,7,11
1609,0,2,21,21,4,4,0
1610,0,2,35,35,8,0,27
1611,0,10,21,21,12,10,0
1612,0,21,101,101,17,12,0
1613,0,21,169,158,33,29,0
1614,0,12,38,38,8,7,38
1615,0,0,60,60,16,13,0
1616,0,3,33,33,6,3,0
1617,0,12,39,39,8,0,0
1618,0,3,49,49,6,0,0
1619,0,4,41,41,11,11,42
1620,0,3,28,28,15,11,0
1621,0,2,35,33,10,7,7
1622,0,15,40,40,24,14,37
1623,0,10,62,62,13,9,0
1624,0,0,27,27,16,10,0
1625,0,3,36,36,0,5,9
1626,0,5,46,46,10,10,0
1627,0,8,48,48,9,6,0
1628,0,15,45,45,23,21,0
1629,0,3,19,19,9,8,2
1630,0,0,38,51,13,6,0
1631,0,0,44,44,9,10,0
1632,0,0,21,21,19,16,0
1633,0,3,33,33,8,6,0
1634,0,3,63,63,25,21,0
1635,0,4,39,39,2,0,18
1636,0,14,36,36,14,9,0
1637,0,2,20,20,6,5,9
1638,0,0,16,16,0,1,0
1639,0,0,40,40,18,15,0
1640,0,5,21,21,8,7,0
1641,0,3,46,46,2,1,0
1642,0,8,33,33,5,4,0
1643,0,0,18,18,3,0,0
1644,0,7,62,62,11,0,0
1645,0,4,35,35,13,8,0
1646,0,0,34,34,10,11,0
1647,0,7,23,23,5,5,0
1648,0,5,12,12,14,10,0
1649,0,8,16,16,15,12,9
1650,0,3,15,15,4,0,0
1651,0,0,22,22,4,0,0
1652,0,14,41,41,11,10,57
1653,0,2,13,13,0,2,0
1654,0,7,40,40,11,9,0
1655,0,0,32,32,11,6,28
1656,0,0,20,20,6,4,16
1657,0,1,25,25,17,15,0
1658,0,3,24,24,6,1,0
1659,0,2,36,36,10,8,0
1660,0,6,45,45,4,3,0
1661,0,6,39,39,7,0,0
1662,0,10,40,40,22,17,33
1663,0,5,38,38,9,6,0
1664,0,6,26,26,13,7,0
1665,0,0,54,54,7,0,33
1666,0,0,40,38,5,0,0
1667,0,9,42,56,12,8,37
1668,0,5,54,54,10,7,0
1669,0,17,65,65,24,16,0
1670,0,10,44,44,13,11,0
1671,0,6,31,31,5,2,0
1672,0,6,15,15,9,6,0
1673,0,7,78,78,22,21,0
1674,0,3,47,47,24,19,0
1675,0,11,43,42,12,14,0
1676,0,20,66,66,30,24,0
1677,0,12,74,74,23,20,0
1678,0,0,27,27,0,6,0
1679,0,0,38,38,5,0,0
1680,0,10,22,21,4,0,0
1681,0,0,25,35,2,0,14
1682,0,0,11,11,14,9,27
1683,0,5,39,39,12,7,0
1684,0,0,43,43,9,7,0
1685,0,8,36,36,10,6,0
1686,0,13,79,79,15,14,7
1687,0,10,42,42,11,11,40
1688,0,2,51,51,14,10,18
1689,0,0,24,24,5,0,10
1690,0,4,48,48,9,9,0
1691,0,2,59,59,8,0,0
1692,0,2,33,33,8,8,0
1693,0,5,25,26,0,0,17
1694,0,0,63,63,16,12,34
1695,0,6,39,39,18,16,0
1696,0,3,24,24,5,4,0
1697,0,9,30,30,17,11,0
1698,0,0,9,9,7,0,20
1699,0,0,30,30,5,5,0
1700,0,9,55,48,5,2,12
1701,0,8,28,28,7,3,0
1702,0,5,27,27,2,4,0
1703,0,4,35,35,6,0,0
1704,0,0,0,0,7,3,23
1705,0,13,35,41,15,10,27
1706,0,9,33,33,9,9,0
1707,0,3,26,26,3,0,15
1708,0,2,15,15,5,4,0
1709,0,0,17,17,13,8,0
1710,0,8,26,27,4,0,12
1711,0,0,45,45,10,7,0
1712,0,12,29,29,8,7,0
1713,0,2,11,11,6,3,34
1714,0,0,12,12,2,0,11
1715,0,3,61,61,10,10,46
1716,0,12,68,68,16,14,0
1717,0,1,17,17,11,8,0
1718,0,15,65,65,17,14,0
1719,0,0,25,25,5,4,0
1720,0,0,51,51,18,17,0
1721,0,15,36,36,8,4,0
1722,0,0,73,73,14,14,3
1723,0,18,0,0,27,20,0
1724,0,11,58,58,16,0,24
1725,0,6,33,33,0,0,0
1726,0,5,23,23,2,0,28
1727,0,0,22,22,15,6,0
1728,0,8,49,49,12,13,1
1729,0,20,59,59,29,22,0
1730,0,5,26,26,12,9,0
1731,0,6,29,29,10,6,0
1732,0,4,85,85,14,12,0
1733,0,6,21,21,17,14,17
1734,0,0,40,40,6,3,0
1735,0,5,38,38,7,9,0
1736,0,2,59,59,10,0,0
1737,0,10,16,16,9,5,0
1738,0,0,39,39,0,0,0
1739,0,17,47,47,11,7,0
1740,0,16,90,90,35,38,0
1741,0,3,36,36,11,0,31
1742,0,8,49,49,7,5,0
1743,0,8,42,42,14,7,30
1744,0,3,50,50,14,13,0
1745,0,4,34,34,10,3,0
1746,0,0,68,68,0,0,32
1747,0,8,47,47,18,15,55
1748,0,3,24,24,2,0,0
1749,0,8,44,44,7,4,26
1750,0,0,34,34,7,0,21
1751,0,11,86,69,12,9,0
1752,0,0,52,52,13,10,0
1753,0,5,68,68,11,9,0
1754,0,0,31,31,3,0,16
1755,0,5,19,19,7,0,0
1756,0,0,36,36,12,10,0
1757,0,8,39,39,8,4,12
1758,0,0,73,73,16,13,26
1759,0,11,38,38,16,12,3
1760,0,0,28,28,9,8,0
1761,0,0,34,34,7,3,0
1762,0,2,24,24,9,0,0
1763,0,9,28,28,3,2,0
1764,0,2,25,25,8,6,0
1765,0,3,15,15,5,4,0
1766,0,0,16,16,7,3,0
1767,0,0,19,19,11,10,0
1768,0,4,46,43,5,3,0
1769,0,23,115,115,12,11,0
1770,0,2,21,21,6,5,0
1771,0,2,19,19,7,0,12
1772,0,0,29,29,11,5,0
1773,0,14,26,26,7,0,17
1774,0,0,30,30,6,4,29
1775,0,8,46,46,20,16,9
1776,0,0,15,10,4,0,0
1777,0,3,39,39,9,7,0
1778,0,0,26,26,0,2,0
1779,0,3,32,32,15,12,38
1780,0,13,30,30,21,16,0
1781,0,10,38,38,12,9,0
1782,0,0,19,19,9,7,0
1783,0,5,41,41,5,0,22
1784,0,0,44,44,27,25,27
1785,0,10,6,6,23,13,36
1786,0,0,31,31,8,0,0
1787,0,6,37,37,0,1,0
1788,0,11,118,118,18,15,0
1789,0,1,27,27,13,4,0
1790,0,2,42,42,3,0,14
1791,0,7,28,28,10,6,8
1792,0,0,43,37,13,12,8
1793,0,5,32,32,7,4,37
1794,0,5,39,39,0,6,0
1795,0,1,58,58,8,0,15
1796,0,3,41,41,12,7,12
1797,0,0,31,31,13,12,31
1798,0,3,55,55,0,17,0
1799,0,7,26,26,7,4,15
1800,0,9,5,5,18,16,0
1801,0,9,43,43,5,0,0
1802,0,0,17,17,0,0,14
1803,0,5,37,37,7,6,0
1804,0,7,38,38,6,5,47
1805,0,3,28,28,14,9,0
1806,0,0,43,43,11,9,7
1807,0,0,47,42,10,5,0
1808,0,2,52,52,14,10,0
1809,0,9,28,28,17,12,0
1810,0,1,14,16,7,5,0
1811,0,11,43,43,10,8,8
1812,0,0,31,31,8,4,0
1813,0,26,58,58,17,15,0
1814,0,0,59,59,8,0,0
1815,0,10,48,50,15,8,0
1816,0,9,10,10,10,9,0
1817,0,9,36,36,4,0,0
1818,0,6,55,55,8,6,0
1819,0,3,28,28,8,6,0
1820,0,14,70,70,29,26,0
1821,0,4,15,15,3,0,24
1822,0,6,76,76,27,20,0
1823,0,2,18,18,8,3,5
1824,0,20,138,138,34,32,0
1825,0,6,61,61,19,11,0
1826,0,30,169,169,57,49,0
1827,0,5,51,51,13,13,0
1828,0,15,49,49,17,11,0
1829,0,4,47,47,6,0,29
1830,0,4,45,45,12,9,0
1831,0,6,44,44,19,15,49
1832,0,7,64,64,28,24,0
1833,0,2,31,31,9,4,0
1834,0,4,15,15,5,0,0
1835,0,3,20,20,14,13,0
1836,0,6,23,23,13,9,0
1837,0,3,20,20,6,0,0
1838,0,5,44,44,6,4,1
1839,0,8,76,76,14,9,0
1840,0,0,78,78,24,20,0
1841,0,3,34,34,6,0,30
1842,0,0,31,31,13,0,18
1843,0,6,11,0,8,4,22
1844,0,10,62,62,7,5,0
1845,0,0,54,54,13,8,74
1846,0,2,39,39,4,0,0
1847,0,12,67,67,16,11,0
1848,0,7,37,43,10,9,0
1849,0,6,40,40,5,0,0
1850,0,0,39,39,9,0,0
1851,0,5,37,37,8,0,0
1852,0,5,19,19,7,2,22
1853,0,11,24,24,12,3,0
1854,0,10,20,20,8,6,0
1855,0,12,70,70,14,0,39
1856,0,8,67,73,17,14,0
1857,0,8,32,32,10,8,0
1858,0,15,56,56,31,22,0
1859,0,0,16,16,2,0,12
1860,0,4,47,44,0,11,0
1861,0,5,18,18,13,10,0
1862,0,23,43,43,10,0,0
1863,0,0,41,37,0,0,0
1864,0,8,6,6,11,9,0
1865,0,4,34,34,0,7,6
1866,0,5,64,64,20,17,0
1867,0,14,38,38,16,0,0
1868,0,7,37,37,10,5,0
1869,0,0,131,131,18,18,0
1870,0,6,45,45,10,8,0
1871,0,4,36,36,13,7,41
1872,0,2,33,37,17,15,0
1873,0,15,29,0,15,14,0
1874,0,6,23,23,10,8,0
1875,0,0,73,73,33,30,0
1876,0,11,38,38,15,14,0
1877,0,3,50,50,12,8,0
1878,0,8,37,37,9,9,11
1879,0,2,20,20,3,0,10
1880,0,7,39,39,11,12,0
1881,0,5,52,52,15,13,0
1882,0,0,15,15,2,0,0
1883,0,3,59,59,22,14,0
1884,0,5,34,34,11,10,0
1885,0,7,30,30,13,8,0
1886,0,9,29,29,8,7,12
1887,0,0,34,34,5,0,0
1888,0,6,22,22,12,0,0
1889,0,13,65,65,24,26,0
1890,0,18,48,48,31,27,0
1891,0,0,33,33,11,8,0
1892,0,3,37,37,6,4,0
1893,0,8,47,47,16,12,0
1894,0,4,39,39,16,10,0
1895,0,17,84,84,22,17,0
1896,0,0,29,29,5,5,0
1897,0,7,37,37,15,9,17
1898,0,11,3,3,7,5,8
1899,0,12,78,78,26,16,12
1900,0,0,19,19,2,0,0
1901,0,2,29,29,12,8,0
1902,0,2,26,26,12,0,0
1903,0,3,20,20,19,16,7
1904,0,5,37,37,20,15,0
1905,0,0,55,55,3,3,40
1906,0,5,51,51,17,14,37
1907,0,4,56,56,0,11,0
1908,0,0,11,0,14,12,0
1909,0,0,34,34,17,12,10
1910,0,16,28,28,5,3,0
1911,0,2,34,34,11,5,0
1912,0,4,57,57,19,13,0
1913,0,11,29,29,8,6,15
1914,0,0,30,30,10,7,0
1915,0,7,20,20,4,0,0
1916,0,6,33,33,9,7,0
1917,0,0,33,33,21,18,46
1918,0,15,29,21,7,4,38
1919,0,0,34,34,18,17,11
1920,0,0,52,52,7,7,0
1921,0,7,58,58,8,0,0
1922,0,0,31,31,16,14,0
1923,0,12,29,29,7,9,0
1924,0,11,63,63,20,14,0
1925,0,0,62,62,5,4,0
1926,0,2,32,32,12,9,0
1927,0,21,51,51,25,24,0
1928,0,6,44,44,8,0,17
1929,0,10,65,65,11,7,26
1930,0,5,46,46,27,25,3
1931,0,0,15,15,12,8,0
1932,0,5,22,22,6,0,1
1933,0,0,43,43,10,8,0
1934,0,14,23,23,0,22,0
1935,0,3,42,42,8,9,0
1936,0,4,22,22,0,0,0
1937,0,3,33,33,13,8,0
1938,0,2,32,32,7,5,0
1939,0,5,58,58,15,9,16
1940,0,2,45,45,11,9,11
1941,0,3,28,28,15,12,0
1942,0,9,58,58,14,7,0
1943,0,0,34,34,0,0,0
1944,0,3,12,12,9,7,0
1945,0,6,39,39,13,5,17
1946,0,0,37,37,16,10,27
1947,0,0,24,24,11,8,3
1948,0,8,54,54,6,5,0
1949,0,5,20,20,11,0,1
1950,0,2,37,37,9,6,5
1951,0,0,10,10,2,0,0
1952,0,9,26,26,9,9,0
1953,0,6,17,17,10,9,6
1954,0,2,53,56,11,8,0
1955,0,1,64,64,19,14,0
1956,0,3,31,31,7,3,0
1957,0,0,19,19,3,5,14
1958,0,12,39,39,5,0,30
1959,0,6,35,35,6,6,0
1960,0,5,0,29,3,2,0
1961,0,7,17,21,11,7,0
1962,0,7,26,26,10,9,0
1963,0,5,17,17,12,12,0
1964,0,12,53,53,17,14,0
1965,0,13,35,35,8,7,0
1966,0,11,44,44,21,15,0
1967,0,0,22,22,6,0,0
1968,0,0,17,17,8,4,0
1969,0,1,28,28,8,5,0
1970,0,9,26,26,11,9,10
1971,0,4,39,39,10,6,9
1972,0,0,18,18,6,5,7
1973,0,10,28,28,13,5,0
1974,0,1,43,43,13,9,0
1975,0,0,43,43,6,2,10
1976,0,0,36,36,2,0,0
1977,0,9,45,45,11,0,37
1978,0,0,27,27,0,0,0
1979,0,1,25,25,11,5,0
1980,0,5,33,33,15,13,0
1981,0,8,47,47,8,0,7
1982,0,12,42,56,19,12,40
1983,0,2,32,32,14,0,0
1984,0,3,29,29,7,4,37
1985,0,2,29,29,4,2,0
1986,0,10,56,56,22,18,0
1987,0,2,35,35,6,4,44
1988,0,12,40,40,6,0,0
1989,0,5,48,52,8,5,0
1990,0,0,37,37,9,6,0
1991,0,10,39,39,5,3,0
1992,0,2,48,48,12,6,0
1993,0,7,55,55,8,5,0
1994,0,6,33,33,12,4,15
1995,0,7,44,44,7,7,0
1996,0,8,172,172,24,20,0
1997,0,0,72,72,7,5,12
1998,0,19,55,55,31,28,0
1999,0,8,74,74,14,10,28
2000,0,14,40,40,5,0,0
2001,0,3,44,42,8,5,31
2002,0,0,27,29,10,6,0
2003,0,1,12,12,1,0,0
2004,0,0,35,35,12,10,0
2005,0,8,56,56,32,22,0
2006,0,15,71,71,9,0,22
2007,0,2,37,37,2,0,0
2008,0,4,22,22,5,0,0
2009,0,5,15,15,5,0,0
2010,0,7,31,31,5,0,10
2011,0,6,32,32,18,14,0
2012,0,0,31,31,1,1,0
2013,0,0,22,22,3,0,0
2014,0,0,37,37,9,8,0
2015,0,4,50,50,5,0,0
2016,0,10,71,71,14,9,0
2017,0,2,43,43,5,3,0
2018,0,0,34,34,15,13,43
2019,0,8,33,33,5,2,0
2020,0,0,18,22,13,7,0
2021,0,0,27,27,9,5,0
2022,0,0,53,67,17,12,2
2023,0,11,63,63,9,11,0
2024,0,6,40,40,12,9,0
2025,0,17,76,76,18,13,0
2026,0,0,55,55,10,7,0
2027,0,4,29,29,5,0,0
2028,0,0,39,39,6,5,21
2029,0,11,18,18,5,5,28
2030,0,0,46,46,10,8,0
2031,0,6,11,11,4,0,0
2032,0,19,6,6,6,1,0
2033,0,0,59,59,8,4,0
2034,0,4,17,17,9,7,0
2035,0,12,36,36,9,6,0
2036,0,5,36,36,10,8,0
2037,0,0,24,24,1,1,0
2038,0,0,31,34,11,9,0
2039,0,0,29,29,2,0,0
2040,0,12,63,63,7,4,0
2041,0,2,31,31,6,0,0
2042,0,2,46,46,8,6,0
2043,0,13,57,53,17,15,0
2044,0,16,46,46,9,5,5
2045,0,0,19,19,7,6,14
2046,0,0,64,64,15,11,46
2047,0,5,14,14,7,11,0
2048,0,6,63,63,21,16,0
2049,0,0,63,63,25,19,0
2050,0,12,47,47,17,15,16
2051,0,0,35,35,6,0,0
2052,0,5,49,56,18,14,20
2053,0,3,46,46,9,7,30
2054,0,0,32,32,6,0,0
2055,0,3,24,24,25,24,0
2056,0,8,18,0,5,0,0
2057,0,2,35,35,8,0,11
2058,0,7,52,52,5,3,46
2059,0,0,47,47,2,0,50
2060,0,3,17,17,10,9,0
2061,0,2,60,60,13,13,0
2062,0,7,82,82,7,4,0
2063,0,4,29,29,10,0,8
2064,0,5,35,39,16,14,25
2065,0,0,28,28,8,5,0
2066,0,6,54,52,26,21,0
2067,0,10,77,77,17,15,3
2068,0,9,49,49,11,10,13
2069,0,11,36,36,14,12,0
2070,0,0,33,33,13,10,17
2071,0,7,32,32,12,9,0
2072,0,0,26,26,4,0,1
2073,0,7,55,55,13,9,0
2074,0,6,24,24,9,7,0
2075,0,10,43,43,16,13,0
2076,0,0,36,24,11,8,0
2077,0,13,111,111,21,18,0
2078,0,8,39,39,13,9,0
2079,0,0,39,39,10,5,0
2080,0,0,23,19,2,0,0
2081,0,0,43,43,8,0,0
2082,0,4,33,33,6,0,0
2083,0,3,15,15,3,0,0
2084,0,7,37,37,13,10,0
2085,0,3,25,25,13,7,19
2086,0,13,59,59,16,15,0
2087,0,13,31,31,7,7,0
2088,0,12,44,44,11,6,0
2089,0,7,79,79,9,7,0
2090,0,0,27,27,18,18,13
2091,0,3,31,31,9,8,0
2092,0,0,34,34,6,2,0
2093,0,2,30,30,8,7,0
2094,0,5,26,26,0,3,0
2095,0,8,49,49,9,0,0
2096,0,3,13,0,8,4,0
2097,0,0,28,28,9,5,13
2098,0,0,44,44,22,18,0
2099,0,12,67,67,2,2,0
2100,0,9,54,54,30,28,0
2101,0,11,15,15,9,0,2
2102,0,0,27,27,5,0,6
2103,0,4,21,21,13,11,1
2104,0,2,24,24,2,0,0
2105,0,4,38,38,25,20,25
2106,0,12,64,68,31,27,0
2107,0,2,59,59,5,5,0
2108,0,6,13,13,6,3,0
2109,0,0,34,34,6,0,0
2110,0,4,25,25,8,5,5
2111,0,6,25,25,12,14,0
2112,0,3,30,30,5,0,21
2113,0,0,28,28,7,5,0
2114,0,10,21,21,9,5,0
2115,0,2,12,12,8,6,9
2116,0,17,118,118,23,20,27
2117,0,6,48,48,16,11,0
2118,0,3,0,25,5,0,0
2119,0,6,38,38,2,2,0
2120,0,7,12,12,12,10,10
2121,0,8,66,66,27,28,0
2122,0,14,41,41,20,13,52
2123,0,10,27,20,18,14,0
2124,0,0,26,26,11,8,20
2125,0,12,52,52,23,21,0
2126,0,8,43,43,8,5,0
2127,0,5,28,28,7,0,0
2128,0,2,20,20,8,6,0
2129,0,6,57,57,33,19,76
2130,0,3,31,31,8,1,0
2131,0,0,38,38,18,12,34
2132,0,14,23,23,7,10,17
2133,0,7,45,45,16,10,0
2134,0,0,69,69,18,16,45
2135,0,4,23,23,9,9,0
2136,0,5,42,42,10,0,0
2137,0,10,67,67,17,16,18
2138,0,23,86,90,54,45,29
2139,0,2,18,17,13,8,0
2140,0,2,53,53,18,13,37
2141,0,4,68,68,0,15,0
2142,0,4,42,42,11,10,29
2143,0,5,24,24,15,7,0
2144,0,10,11,11,3,1,17
2145,0,16,66,66,17,15,0
2146,0,5,35,35,9,5,0
2147,0,4,13,17,10,7,0
2148,0,16,78,78,25,23,0
2149,0,0,39,39,7,5,0
2150,0,7,33,33,21,19,39
2151,0,1,48,48,17,14,17
2152,0,7,63,63,9,8,0
2153,0,9,42,42,0,6,0
2154,0,6,50,50,8,5,39
2155,0,2,40,47,15,11,53
2156,0,6,50,50,15,10,0
2157,0,6,27,27,7,6,0
2158,0,7,36,36,9,0,0
2159,0,4,37,37,4,1,0
2160,0,12,62,62,24,22,41
2161,0,8,37,41,5,2,4
2162,0,0,24,24,4,0,0
2163,0,3,28,28,0,0,0
2164,0,11,35,35,5,5,0
2165,0,1,41,41,13,11,20
2166,0,0,75,75,20,21,0
2167,0,3,15,15,6,0,0
2168,0,15,75,75,17,17,0
2169,0,4,40,42,9,7,0
2170,0,0,56,56,9,0,23
2171,0,9,111,111,11,4,0
2172,0,6,44,44,8,7,0
2173,0,10,42,47,20,15,12
2174,0,6,77,77,14,10,0
2175,0,2,45,45,4,0,0
2176,0,1,24,24,4,2,0
2177,0,5,43,43,20,13,0
2178,0,3,36,36,13,5,0
2179,0,0,12,12,0,0,0
2180,0,14,62,62,23,20,0
2181,0,0,25,25,12,10,0
2182,0,4,39,39,0,3,0
2183,0,4,25,25,10,8,0
2184,0,2,35,35,6,3,0
2185,0,13,42,42,12,9,0
2186,0,4,8,8,2,0,0
2187,0,5,30,30,20,16,0
2188,0,9,45,45,0,3,22
2189,0,6,29,29,12,10,0
2190,0,6,9,12,0,0,17
2191,0,0,31,31,2,0,19
2192,0,7,81,81,19,17,33
2193,0,3,36,36,4,0,4
2194,0,9,37,37,13,12,0
2195,0,4,36,36,8,4,0
2196,0,0,13,22,6,0,0
2197,0,2,32,32,0,3,0
2198,0,0,41,41,17,10,0
2199,0,12,73,73,20,18,0
2200,0,6,39,39,18,13,0
2201,0,6,34,34,10,11,0
2202,0,2,57,57,10,6,0
2203,0,5,34,34,6,5,0
2204,0,0,36,36,0,0,0
2205,0,1,36,36,7,0,15
2206,0,7,12,12,5,5,0
2207,0,4,27,27,1,0,14
2208,0,0,42,41,4,0,0
2209,0,0,43,43,9,9,10
2210,0,7,33,33,15,10,0
2211,0,13,26,31,20,17,0
2212,0,3,42,42,11,10,0
2213,0,0,55,55,25,26,0
2214,0,6,39,39,12,12,0
2215,0,6,41,41,14,12,18
2216,0,3,28,28,3,3,11
2217,0,0,31,31,0,0,0
2218,0,0,44,44,12,7,0
2219,0,11,85,85,28,22,40
2220,0,3,66,66,27,25,9
2221,0,5,23,23,7,5,0
2222,0,6,24,24,5,0,0
2223,0,4,19,19,7,4,0
2224,0,0,28,28,6,5,0
2225,0,16,99,99,32,26,0
2226,0,8,58,58,11,9,0
2227,0,2,43,43,11,9,0
2228,0,0,52,52,12,8,17
2229,0,10,21,21,12,7,0
2230,0,0,42,40,16,12,0
2231,0,7,0,22,6,5,20
2232,0,13,55,55,16,12,0
2233,0,4,46,46,15,12,0
2234,0,2,23,23,3,0,0
2235,0,11,21,21,9,6,1
2236,0,0,51,51,28,28,0
2237,0,5,54,54,14,11,0
2238,0,5,34,34,11,10,0
2239,0,0,39,39,7,4,8
2240,0,3,29,29,8,0,0
2241,0,2,33,33,7,3,0
2242,0,0,29,29,5,3,0
2243,0,18,36,36,9,9,2
2244,0,0,27,27,3,0,0
2245,0,7,39,39,17,4,0
2246,0,0,46,46,8,7,14
2247,0,4,33,33,15,8,0
2248,0,6,11,11,3,0,22
2249,0,15,25,25,13,13,0
2250,0,3,38,38,11,9,9
2251,0,0,32,32,3,3,32
2252,0,6,34,34,0,0,11
2253,0,6,42,42,2,0,0
2254,0,6,34,34,7,3,27
2255,0,0,33,33,5,3,0
2256,0,9,48,48,27,27,0
2257,0,3,41,41,12,0,0
2258,0,2,15,15,3,0,0
2259,0,11,34,34,7,5,53
2260,0,6,39,39,14,10,0
2261,0,9,18,18,4,0,15
2262,0,5,49,49,12,11,116
2263,0,0,35,35,9,8,0
2264,0,1,44,44,3,0,26
2265,0,0,39,39,4,0,0
2266,0,11,65,65,19,15,0
2267,0,2,27,27,4,0,0
2268,0,10,64,64,14,13,0
2269,0,0,49,49,6,0,28
2270,0,8,75,75,16,13,0
2271,0,0,30,30,8,0,0
2272,0,2,65,65,23,24,0
2273,0,0,32,32,7,0,0
2274,0,0,43,43,8,5,0
2275,0,13,29,29,11,0,1
2276,0,0,52,52,17,13,26
2277,0,14,106,106,42,37,0
2278,0,0,18,21,6,5,16
2279,0,0,20,20,5,2,0
2280,0,3,50,50,6,4,31
2281,0,5,14,14,4,0,0
2282,0,9,35,35,7,5,0
2283,0,7,24,0,6,4,0
2284,0,5,54,54,2,0,0
2285,0,4,30,30,10,11,0
2286,0,10,40,40,4,3,0
2287,0,8,50,50,18,13,25
2288,0,5,24,24,8,6,2
2289,0,0,13,0,11,11,0
2290,0,25,80,80,24,18,0
2291,0,0,36,36,4,4,0
2292,0,4,50,50,10,5,0
2293,0,15,46,46,12,8,81
2294,0,0,20,20,5,0,0
2295,0,21,97,97,8,6,0
2296,0,4,17,17,7,6,33
2297,0,13,92,92,34,34,15
2298,0,0,35,35,17,19,25
2299,0,9,26,26,10,0,0
2300,0,0,44,45,10,0,0
2301,0,0,22,22,10,0,1
2302,0,0,22,22,4,3,7
2303,0,0,36,36,5,0,0
2304,0,0,30,30,5,0,20
2305,0,0,53,53,7,4,0
2306,0,14,54,54,14,14,9
2307,0,3,22,22,10,8,0
2308,0,0,54,54,16,12,1
2309,0,19,57,57,16,15,0
2310,0,0,23,23,5,0,0
2311,0,2,27,27,10,3,0
2312,0,3,26,26,7,3,0
2313,0,4,15,15,13,11,0
2314,0,0,35,35,8,5,6
2315,0,9,30,30,2,0,0
2316,0,3,33,33,19,15,0
2317,0,5,36,36,41,39,25
2318,0,6,54,54,0,0,0
2319,0,3,28,28,10,0,0
2320,0,3,39,39,12,5,0
2321,0,4,49,49,13,12,0
2322,0,0,45,45,14,7,18
2323,0,14,49,49,26,25,0
2324,0,6,53,53,9,7,0
2325,0,16,60,54,13,11,0
2326,0,6,55,55,16,14,0
2327,0,6,55,55,24,19,0
2328,0,0,41,41,12,9,0
2329,0,5,48,48,13,11,23
2330,0,9,47,47,15,12,0
2331,0,10,44,44,12,6,6
2332,0,0,23,23,4,0,0
2333,0,3,29,29,5,0,0
2334,0,3,40,40,4,3,0
2335,0,10,43,43,11,7,72
2336,0,0,52,52,15,11,0
2337,0,0,52,52,10,9,10
2338,0,7,32,32,15,11,0
2339,0,4,78,78,15,14,24
2340,0,0,40,40,17,12,0
2341,0,0,74,74,32,27,0
2342,0,4,32,32,4,0,0
2343,0,6,50,50,11,7,14
2344,0,7,43,43,13,10,0
2345,0,0,65,65,0,11,8
2346,0,4,58,58,8,0,0
2347,0,5,52,52,20,14,21
2348,0,2,47,47,24,23,13
2349,0,2,31,31,0,3,0
2350,0,0,20,20,5,0,0
2351,0,5,25,25,5,0,0
2352,0,0,18,18,4,0,16
2353,0,12,35,35,0,2,0
2354,0,8,32,32,19,12,10
2355,0,10,54,54,10,9,16
2356,0,7,35,35,9,10,6
2357,0,7,22,23,8,5,0
2358,0,0,41,41,19,14,22
2359,0,6,42,42,16,12,0
2360,0,4,33,33,12,11,0
2361,0,10,63,63,28,24,0
2362,0,4,28,28,6,0,17
2363,0,4,17,17,10,4,0
2364,0,3,35,35,5,5,12
2365,0,7,38,35,4,0,0
2366,0,2,65,65,16,12,0
2367,0,0,9,9,3,0,0
2368,0,6,12,12,9,6,13
2369,0,0,53,53,6,1,0
2370,0,14,73,77,18,15,67
2371,0,0,0,3,6,3,0
2372,0,8,51,51,29,24,40
2373,0,12,100,100,34,30,0
2374,0,0,38,38,3,1,11
2375,0,0,23,23,9,6,36
2376,0,8,91,91,17,15,0
2377,0,0,35,35,2,0,0
2378,0,7,28,31,4,0,33
2379,0,12,34,36,10,9,0
2380,0,3,26,26,8,7,0
2381,0,13,83,83,16,12,0
2382,0,7,74,74,7,3,0
2383,0,3,19,19,8,0,0
2384,0,5,35,35,5,3,0
2385,0,9,26,26,8,6,0
2386,0,4,27,27,8,7,0
2387,0,5,15,15,10,0,0
2388,0,7,7,7,22,23,47
2389,0,1,44,44,19,18,0
2390,0,6,20,20,7,0,0
2391,0,9,42,42,30,28,0
2392,0,3,38,38,17,12,9
2393,0,3,52,52,5,0,22
2394,0,4,27,27,1,0,9
2395,0,4,55,55,21,17,0
2396,0,11,98,98,37,34,0
2397,0,0,45,45,4,0,0
2398,0,7,34,34,4,4,0
2399,0,2,37,37,8,6,0
2400,0,12,75,75,12,10,83
2401,0,0,20,20,10,0,0
2402,0,3,31,31,6,5,0
2403,0,9,44,44,19,14,10
2404,0,8,37,37,5,0,9
2405,0,15,46,46,25,18,0
2406,0,0,49,49,10,0,23
2407,0,4,48,48,18,11,0
2408,0,9,28,28,12,10,0
2409,0,0,23,24,9,7,4
2410,0,0,48,48,16,15,0
2411,0,7,42,42,12,12,0
2412,0,2,72,72,14,12,35
2413,0,13,57,57,20,18,0
2414,0,2,28,28,4,0,0
2415,0,8,27,27,18,10,0
2416,0,2,38,38,5,4,0
2417,0,15,57,57,27,24,26
2418,0,6,75,75,15,13,42
2419,0,0,19,19,11,8,0
2420,0,3,52,52,8,6,5
2421,0,6,25,25,19,15,0
2422,0,0,42,42,15,11,2
2423,0,0,37,37,2,0,0
2424,0,2,24,24,12,9,0
2425,0,12,37,37,13,8,0
2426,0,2,19,19,11,6,0
2427,0,10,46,46,10,6,48
2428,0,6,22,22,9,5,0
2429,0,9,58,58,13,10,33
2430,0,0,39,39,5,0,6
2431,0,0,59,59,14,8,0
2432,0,7,28,28,7,0,0
2433,0,0,47,47,12,10,21
2434,0,3,24,24,10,9,3
2435,0,5,55,55,15,10,0
2436,0,4,31,31,16,15,17
2437,0,9,13,13,5,0,0
2438,0,21,50,50,48,41,0
2439,0,3,37,37,0,5,12
2440,0,7,26,26,8,4,36
2441,0,7,19,19,8,7,0
2442,0,3,39,39,11,12,0
2443,0,0,35,35,5,4,0
2444,0,0,29,0,4,3,22
2445,0,12,48,48,18,10,0
2446,0,2,27,30,10,0,0
2447,0,0,61,61,15,11,30
2448,0,0,21,21,8,5,0
2449,0,7,66,66,24,23,0
2450,0,4,12,12,6,4,0
2451,0,7,20,20,5,0,0
2452,0,0,29,29,0,0,0
2453,0,10,89,89,19,15,0
2454,0,9,30,30,16,15,0
2455,0,0,26,26,22,14,0
2456,0,2,44,44,15,10,34
2457,0,9,73,73,17,13,0
2458,0,0,30,30,14,13,0
2459,0,18,85,85,17,15,0
2460,0,7,30,30,8,0,0
2461,0,7,26,26,6,5,0
2462,0,6,41,41,13,7,3
2463,0,2,26,26,0,0,9
2464,0,5,26,23,2,0,0
2465,0,0,18,18,8,7,47
2466,0,0,27,27,7,6,0
2467,0,0,45,45,5,0,0
2468,0,0,34,34,6,2,0
2469,0,5,24,32,9,8,0
2470,0,0,38,38,9,7,1
2471,0,13,74,74,16,10,44
2472,0,6,25,25,8,5,0
2473,0,7,19,19,7,5,0
2474,0,1,13,13,7,7,0
2475,0,12,42,42,10,5,0
2476,0,5,23,23,8,2,0
2477,0,4,40,40,7,4,8
2478,0,15,38,38,12,5,65
2479,0,4,37,37,23,19,10
2480,0,5,34,34,3,0,0
2481,0,15,45,45,0,0,0
2482,0,0,83,83,26,24,35
2483,0,2,22,22,10,8,0
2484,0,3,31,31,3,0,4
2485,0,2,38,38,8,8,0
2486,0,3,55,44,10,8,0
2487,0,0,25,25,2,0,0
2488,0,5,33,33,9,7,0
2489,0,10,58,58,28,21,0
2490,0,4,46,46,9,3,0
2491,0,10,32,32,17,13,0
2492,0,4,34,34,6,6,0
2493,0,0,34,34,5,0,0
2494,0,5,35,35,0,0,0
2495,0,5,39,39,6,4,0
2496,0,0,20,20,4,3,0
2497,0,8,32,32,13,13,0
2498,0,11,20,20,12,10,15
2499,0,2,37,37,6,0,17
2500,0,2,61,61,20,17,0
2501,0,3,44,44,8,5,38
2502,0,8,34,34,21,22,0
2503,0,0,32,32,9,7,0
2504,0,11,52,52,9,5,0
2505,0,11,52,52,6,3,0
2506,0,12,28,28,8,7,1
2507,0,7,41,41,6,0,9
2508,0,0,37,37,7,6,0
2509,0,21,84,96,19,18,0
2510,0,0,30,30,3,0,0
2511,0,0,15,15,13,11,28
2512,0,3,22,22,7,3,0
2513,0,8,16,16,0,3,0
2514,0,8,42,42,26,23,20
2515,0,12,36,36,17,11,0
2516,0,11,96,96,19,15,25
2517,0,9,43,43,10,7,0
2518,0,9,68,68,11,7,0
2519,0,4,16,16,10,8,0
2520,0,15,74,74,27,21,0
2521,0,0,43,43,10,5,14
2522,0,3,29,29,5,2,0
2523,0,2,8,8,9,5,20
2524,0,5,16,16,7,0,0
2525,0,5,50,58,19,17,46
2526,0,10,98,98,24,24,0
2527,0,0,20,20,2,0,0
2528,0,3,40,40,12,11,0
2529,0,0,26,26,0,0,1
2530,0,0,28,28,3,0,0
2531,0,9,55,45,4,0,0
2532,0,0,17,17,3,0,0
2533,0,9,83,83,36,31,0
2534,0,0,10,10,1,1,11
2535,0,0,27,25,13,10,0
2536,0,13,108,108,25,22,27
2537,0,4,24,24,8,8,0
2538,0,6,47,47,17,14,0
2539,0,7,27,34,16,12,0
2540,0,0,18,18,4,4,0
2541,0,8,45,45,13,9,0
2542,0,5,46,46,14,11,0
2543,0,2,30,30,0,5,0
2544,0,3,46,46,11,7,1
2545,0,0,32,32,6,4,0
2546,0,0,36,36,11,10,0
2547,0,0,29,29,13,6,0
2548,0,7,41,41,17,17,0
2549,0,5,79,79,12,10,72
2550,0,7,70,70,21,10,5
2551,0,16,72,74,24,23,0
2552,0,18,87,87,17,15,0
2553,0,5,22,22,8,6,0
2554,0,10,44,36,6,5,0
2555,0,6,41,41,16,15,26
2556,0,9,67,67,11,12,21
2557,0,11,34,34,11,0,0
2558,0,0,21,24,4,4,0
2559,0,15,20,20,13,11,0
2560,0,3,36,36,13,0,0
2561,0,4,30,20,6,4,0
2562,0,2,27,27,9,8,0
2563,0,3,49,49,10,8,0
2564,0,0,39,31,21,19,0
2565,0,2,32,32,4,3,1
2566,0,10,82,82,26,19,0
2567,0,0,15,15,12,7,10
2568,0,8,105,105,17,16,0
2569,0,1,34,34,18,14,21
2570,0,4,39,39,12,10,0
2571,0,0,23,23,7,0,0
2572,0,0,40,40,7,0,0
2573,0,0,32,32,11,0,0
2574,0,4,32,32,7,5,37
2575,0,2,44,44,5,0,1
2576,0,19,98,98,15,13,0
2577,0,12,36,36,23,16,30
2578,0,11,58,58,14,13,0
2579,0,4,48,48,35,30,9
2580,0,2,20,23,6,3,4
2581,0,6,1,1,6,1,22
2582,0,4,73,73,47,44,0
2583,0,2,35,35,8,7,0
2584,0,2,15,15,0,4,1
2585,0,0,46,46,0,3,0
2586,0,7,67,67,39,27,0
2587,0,2,22,0,8,5,0
2588,0,7,45,45,7,4,0
2589,0,0,44,44,8,5,0
2590,0,2,43,43,16,7,2
2591,0,0,32,32,9,0,1
2592,0,7,43,43,12,0,26
2593,0,15,30,30,16,13,0
2594,0,0,12,12,7,4,0
2595,0,2,39,39,8,4,0
2596,0,0,64,64,4,0,38
2597,0,0,29,29,2,0,8
2598,0,6,19,19,12,11,26
2599,0,0,68,68,21,16,39
2600,0,3,29,29,13,13,0
2601,0,0,17,17,8,7,0
2602,0,7,34,33,12,9,0
2603,0,0,39,39,6,0,0
2604,0,16,16,16,2,4,0
2605,0,2,36,36,8,3,0
2606,0,4,53,53,5,0,0
2607,0,0,32,32,5,5,16
2608,0,11,89,89,12,14,0
2609,0,0,22,22,3,0,15
2610,0,9,30,30,16,10,0
2611,0,7,40,40,7,4,0
2612,0,0,49,49,14,4,24
2613,0,4,15,15,2,2,25
2614,0,9,44,44,12,9,0
2615,0,9,51,51,8,0,0
2616,0,12,49,49,16,16,0
2617,0,0,27,27,6,0,0
2618,0,0,21,21,11,11,0
2619,0,0,38,38,24,22,14
2620,0,4,27,27,10,9,0
2621,0,8,35,39,16,10,0
2622,0,3,46,46,12,9,51
2623,0,5,39,41,9,0,21
2624,0,6,27,27,11,8,22
2625,0,4,29,29,0,0,0
2626,0,0,24,24,9,0,0
2627,0,0,35,35,12,5,0
2628,0,8,45,45,10,5,0
2629,0,3,24,24,11,10,0
2630,0,0,55,55,10,7,0
2631,0,5,44,44,10,10,0
2632,0,1,37,37,8,3,15
2633,0,6,30,30,1,1,0
2634,0,13,90,90,19,16,68
2635,0,0,20,20,0,3,0
2636,0,2,31,31,0,3,7
2637,0,9,45,45,13,10,42
2638,0,4,12,0,10,8,5
2639,0,0,30,30,10,0,0
2640,0,4,38,38,6,4,0
2641,0,11,59,59,16,12,0
2642,0,5,22,22,11,4,0
2643,0,4,59,59,20,19,0
2644,0,0,61,61,8,5,36
2645,0,14,15,15,6,6,0
2646,0,0,20,20,2,0,0
2647,0,7,20,20,10,5,0
2648,0,7,40,40,5,3,29
2649,0,10,35,35,11,8,0
2650,0,8,38,38,9,12,27
2651,0,12,33,33,3,0,0
2652,0,0,43,43,15,13,0
2653,0,0,41,41,8,6,0
2654,0,0,43,43,13,9,0
2655,0,6,28,28,7,9,0
2656,0,0,20,20,0,0,0
2657,0,7,15,15,4,0,0
2658,0,4,26,26,11,10,8
2659,0,15,64,74,17,14,60
2660,0,2,21,21,4,0,0
2661,0,3,42,42,8,6,16
2662,0,5,46,41,7,6,0
2663,0,0,67,67,9,8,53
2664,0,9,45,45,9,4,3
2665,0,6,39,39,18,12,0
2666,0,9,31,31,15,12,0
2667,0,4,34,34,8,4,18
2668,0,5,45,45,7,5,8
2669,0,0,41,41,0,0,0
2670,0,0,27,34,3,0,0
2671,0,5,61,61,15,14,0
2672,0,5,27,24,15,14,0
2673,0,3,24,24,5,5,0
2674,0,18,46,46,23,18,0
2675,0,4,19,19,7,3,14
2676,0,3,48,48,10,10,0
2677,0,0,51,51,13,9,0
2678,0,0,49,49,37,33,0
2679,0,5,35,35,8,3,13
2680,0,3,42,42,12,8,0
2681,0,2,31,31,20,17,0
2682,0,6,26,26,8,4,26
2683,0,0,68,68,22,19,0
2684,0,8,54,50,8,6,3
2685,0,3,24,18,7,0,3
2686,0,9,26,26,6,4,0
2687,0,0,50,50,11,7,0
2688,0,2,23,0,16,14,21
2689,0,6,25,29,8,0,0
2690,0,3,30,30,14,10,0
2691,0,0,44,44,7,0,18
2692,0,11,42,49,13,10,0
2693,0,0,38,38,9,7,0
2694,0,5,22,22,10,10,0
2695,0,3,22,23,0,0,0
2696,0,0,41,41,20,14,29
2697,0,9,25,25,5,2,35
2698,0,3,22,22,5,1,14
2699,0,4,51,51,19,18,0
2700,0,6,25,25,9,7,16
2701,0,15,80,80,18,21,0
2702,0,1,38,38,10,9,24
2703,0,0,74,74,14,9,0
2704,0,2,28,28,9,5,0
2705,0,7,36,36,10,13,0
2706,0,4,23,23,7,3,0
2707,0,0,25,25,9,6,14
2708,0,11,64,64,9,3,0
2709,0,6,34,34,15,15,0
2710,0,18,44,44,10,5,0
2711,0,7,51,51,18,16,21
2712,0,3,38,38,12,9,17
2713,0,0,64,64,0,6,0
2714,0,6,37,37,14,9,0
2715,0,6,43,43,11,9,0
2716,0,6,20,21,12,6,0
2717,0,5,43,49,3,0,18
2718,0,3,32,32,9,7,0
2719,0,7,34,34,14,12,28
2720,0,12,54,54,24,22,29
2721,0,14,72,72,24,23,0
2722,0,6,0,0,0,0,0
2723,0,9,70,70,7,0,54
2724,0,5,34,34,8,0,35
2725,0,7,47,47,9,6,0
2726,0,0,25,25,5,5,9
2727,0,10,53,53,14,7,0
2728,0,7,42,42,15,13,13
2729,0,2,31,31,9,5,15
2730,0,4,27,27,6,6,0
2731,0,6,34,34,14,7,0
2732,0,13,70,70,25,21,0
2733,0,3,27,27,8,3,2
2734,0,0,52,52,5,0,0
2735,0,6,51,51,21,19,0
2736,0,9,21,21,5,0,0
2737,0,4,24,24,1,1,0
2738,0,0,20,20,17,17,0
2739,0,4,34,34,6,5,22
2740,0,7,49,49,11,8,5
2741,0,13,72,72,15,14,0
2742,0,1,29,29,6,0,0
2743,0,8,38,38,6,5,0
2744,0,8,19,19,5,2,29
2745,0,8,33,33,5,4,23
2746,0,9,21,21,8,3,0
2747,0,0,31,31,0,0,0
2748,0,8,28,28,13,11,0
2749,0,7,56,56,5,2,26
2750,0,0,15,15,0,3,0
2751,0,7,16,16,3,0,2
2752,0,2,26,26,6,0,0
2753,0,7,24,24,7,5,28
2754,0,0,61,61,11,6,5
2755,0,0,27,27,19,19,0
2756,0,0,41,41,14,12,16
2757,0,0,31,36,13,12,1
2758,0,2,19,19,9,3,42
2759,0,3,25,25,7,3,0
2760,0,3,27,27,15,12,0
2761,0,0,30,30,0,6,0
2762,0,14,72,72,17,13,37
2763,0,0,16,16,1,1,11
2764,0,6,24,24,7,5,0
2765,0,2,18,18,15,12,0
2766,0,0,26,26,6,0,61
2767,0,5,40,40,0,0,0
2768,0,2,38,38,7,0,0
2769,0,3,36,36,8,6,0
2770,0,3,46,46,7,5,0
2771,0,10,34,34,6,0,0
2772,0,0,109,123,38,32,3
2773,0,0,38,38,6,0,0
2774,0,4,48,48,8,4,0
2775,0,0,61,61,13,10,0
2776,0,10,19,19,14,12,0
2777,0,14,45,45,3,3,23
2778,0,4,26,26,3,0,0
2779,0,0,42,42,9,7,0
2780,0,2,76,76,33,21,0
2781,0,2,22,22,5,3,17
2782,0,2,42,42,9,9,9
2783,0,17,64,64,21,13,0
2784,0,9,55,55,20,13,28
2785,0,4,22,22,9,5,0
2786,0,7,28,28,13,8,0
2787,0,4,36,36,7,0,0
2788,0,11,31,31,24,24,0
2789,0,0,37,37,19,14,0
2790,0,2,50,50,14,12,29
2791,0,14,36,36,30,29,0
2792,0,5,36,36,16,12,0
2793,0,5,33,43,9,4,0
2794,0,14,60,60,16,14,26
2795,0,0,16,16,13,7,0
2796,0,0,66,66,8,5,0
2797,0,6,37,37,7,5,0
2798,0,10,42,42,9,6,32
2799,0,3,32,32,3,0,56
2800,0,7,57,57,14,10,0
2801,0,3,23,23,11,0,1
2802,0,7,35,35,10,7,15
2803,0,0,42,42,6,0,0
2804,0,8,33,33,12,8,0
2805,0,0,70,70,20,11,0
2806,0,3,20,20,7,7,36
2807,0,1,29,29,5,2,26
2808,0,4,19,19,7,3,0
2809,0,11,43,43,28,21,0
2810,0,9,82,82,22,18,0
2811,0,9,35,35,3,2,54
2812,0,5,44,44,0,5,0
2813,0,5,88,88,12,9,0
2814,0,9,4,2,11,10,15
2815,0,16,68,68,11,9,0
2816,0,0,33,37,11,0,20
2817,0,0,22,22,6,3,0
2818,0,13,35,44,16,13,0
2819,0,7,46,46,12,10,13
2820,0,0,24,24,5,0,32
2821,0,0,36,36,13,12,0
2822,0,7,28,28,10,4,9
2823,0,3,27,27,14,9,0
2824,0,0,52,52,5,1,0
2825,0,0,18,18,7,0,26
2826,0,6,17,17,4,0,36
2827,0,4,51,51,7,5,0
2828,0,0,28,28,8,4,0
2829,0,11,46,46,9,6,8
2830,0,6,32,32,7,6,19
2831,0,11,44,44,8,0,0
2832,0,2,14,14,3,3,0
2833,0,4,23,23,10,3,8
2834,0,0,40,40,0,5,0
2835,0,4,16,16,2,2,0
2836,0,0,23,23,3,0,0
2837,0,3,26,26,9,4,0
2838,0,5,30,30,7,4,0
2839,0,3,27,27,2,0,0
2840,0,3,38,38,11,5,0
2841,0,0,35,35,7,4,1
2842,0,5,27,27,1,0,11
2843,0,11,101,101,17,16,47
2844,0,0,30,30,7,4,0
2845,0,4,23,23,4,0,5
2846,0,12,53,53,4,0,44
2847,0,10,42,42,11,9,0
2848,0,5,37,37,16,14,12
2849,0,6,69,69,19,19,30
2850,0,3,45,45,3,1,0
2851,0,0,18,18,14,0,0
2852,0,0,9,9,20,14,0
2853,0,5,37,37,12,9,0
2854,0,0,39,39,10,0,0
2855,0,2,53,53,6,4,0
2856,0,7,22,22,9,7,9
2857,0,3,16,16,10,7,12
2858,0,4,37,37,0,6,0
2859,0,7,43,43,7,3,21
2860,0,0,29,29,3,3,0
2861,0,6,12,12,6,0,16
2862,0,0,44,44,11,10,1
2863,0,8,30,30,2,0,0
2864,0,6,68,68,15,13,0
2865,0,8,48,48,5,0,4
2866,0,9,80,80,6,3,56
2867,0,9,48,48,10,7,0
2868,0,3,36,36,5,0,0
2869,0,0,31,31,13,9,0
2870,0,8,53,53,4,3,0
2871,0,0,10,10,8,9,46
2872,0,0,42,42,2,0,0
2873,0,0,35,35,6,4,0
2874,0,8,20,20,7,0,0
2875,0,2,25,25,8,5,44
2876,0,0,59,59,13,11,19
2877,0,0,35,35,5,0,0
2878,0,9,48,48,5,0,0
2879,0,0,69,0,13,10,0
2880,0,5,23,23,3,3,0
2881,0,0,105,105,26,23,0
2882,0,4,8,8,4,4,0
2883,0,4,34,34,3,0,0
2884,0,0,72,72,19,16,0
2885,0,14,42,42,7,8,0
2886,0,2,45,45,10,9,0
2887,0,4,104,104,13,7,0
2888,0,6,52,52,7,0,0
2889,0,14,50,50,14,10,18
2890,0,4,62,62,12,11,0
2891,0,2,54,54,9,5,0
2892,0,8,34,34,15,11,0
2893,0,4,23,22,10,3,5
2894,0,3,29,29,0,0,7
2895,0,4,65,65,12,8,32
2896,0,3,24,24,8,0,2
2897,0,6,46,46,21,15,26
2898,0,7,39,39,12,7,10
2899,0,9,42,42,9,8,39
2900,0,12,40,40,13,16,0
2901,0,6,54,54,15,9,0
2902,0,2,41,50,20,17,19
2903,0,0,60,60,13,12,0
2904,0,0,35,35,4,0,0
2905,0,2,25,25,0,0,0
2906,0,4,50,50,19,19,0
2907,0,0,27,27,5,3,35
2908,0,5,27,27,0,8,0
2909,0,5,31,27,8,6,0
2910,0,2,60,54,7,3,0
2911,0,0,37,37,6,5,0
2912,0,4,27,27,7,3,26
2913,0,5,32,28,7,4,0
2914,0,7,48,48,10,5,0
2915,0,4,36,36,5,3,6
2916,0,4,22,21,0,0,0
2917,0,0,32,32,5,4,0
2918,0,5,14,0,4,0,33
2919,0,3,22,22,9,2,0
2920,0,10,20,22,1,1,20
2921,0,8,35,35,6,5,0
2922,0,12,71,71,16,12,22
2923,0,6,28,28,14,6,0
2924,0,6,23,23,8,0,0
2925,0,10,37,37,11,8,30
2926,0,7,76,76,17,12,0
2927,0,6,20,0,13,14,0
2928,0,6,68,68,20,16,0
2929,0,9,38,38,17,11,17
2930,0,0,37,37,9,0,0
2931,0,0,22,22,2,0,38
2932,0,12,53,53,23,19,22
2933,0,13,32,32,5,4,31
2934,0,0,25,25,7,0,1
2935,0,11,40,43,22,19,8
2936,0,11,41,41,5,0,0
2937,0,10,6,9,7,3,12
2938,0,0,63,63,20,17,0
2939,0,7,51,51,6,0,0
2940,0,2,13,13,0,0,20
2941,0,4,64,56,14,10,0
2942,0,0,34,34,6,6,0
2943,0,0,20,20,10,8,0
2944,0,0,14,0,13,12,0
2945,0,5,48,49,14,11,13
2946,0,0,42,0,5,8,15
2947,0,0,30,30,5,5,0
2948,0,7,29,29,17,17,0
2949,0,4,49,49,10,7,0
2950,0,7,24,24,14,9,0
2951,0,11,57,57,19,16,0
2952,0,0,21,21,12,9,0
2953,0,9,44,36,11,6,10
2954,0,13,52,52,0,3,0
2955,0,7,43,43,15,13,33
2956,0,14,1,1,17,8,0
2957,0,6,36,36,10,8,5
2958,0,2,26,26,9,5,0
2959,0,0,39,39,18,16,0
2960,0,2,43,43,5,0,17
2961,0,0,27,27,6,0,0
2962,0,2,31,31,9,4,0
2963,0,12,42,42,5,1,22
2964,0,0,79,79,17,12,30
2965,0,12,42,44,7,4,0
2966,0,4,30,30,2,0,9
2967,0,4,38,38,3,0,0
2968,0,3,41,41,11,9,0
2969,0,5,39,39,10,2,0
2970,0,0,34,34,5,0,27
2971,0,0,36,36,12,10,0
2972,0,5,20,20,2,0,47
2973,0,5,39,39,13,10,44
2974,0,4,57,57,8,6,50
2975,0,12,56,58,21,19,0
2976,0,2,24,24,0,0,21
2977,0,12,17,17,8,5,22
2978,0,6,53,53,27,21,0
2979,0,3,27,27,6,6,0
2980,0,6,29,29,8,6,0
2981,0,2,29,29,17,14,12
2982,0,10,41,41,17,12,0
2983,0,9,31,31,2,0,0
2984,0,5,55,58,14,7,0
2985,0,8,50,50,19,12,0
2986,0,0,38,38,4,3,9
2987,0,4,41,41,7,0,0
2988,0,6,0,0,12,7,0
2989,0,0,33,33,9,6,0
2990,0,11,39,39,8,7,32
2991,0,13,26,26,14,11,6
2992,0,15,81,81,9,4,0
2993,0,5,27,27,12,7,0
2994,0,10,29,29,10,8,0
2995,0,0,14,14,3,3,0
2996,0,8,36,36,12,11,0
2997,0,3,28,28,4,0,0
2998,0,4,46,46,7,4,0
2999,0,0,12,12,19,17,0
3000,0,5,26,26,0,0,0
3001,0,15,11,11,11,9,0
3002,0,7,17,17,0,0,0
3003,0,0,33,33,10,6,65
3004,0,19,130,139,27,24,0
3005,0,6,38,38,14,10,0
3006,0,4,25,25,19,13,0
3007,0,6,20,20,24,19,0
3008,0,6,34,34,0,6,5
3009,0,5,64,64,11,4,0
3010,0,5,88,88,14,14,0
3011,0,13,62,66,27,23,34
3012,0,2,58,58,6,4,0
3013,0,7,9,7,12,10,20
3014,0,0,14,17,8,4,20
3015,0,15,69,69,17,13,0
3016,0,3,36,36,12,0,0
3017,0,14,44,44,15,14,0
3018,0,8,43,43,11,8,0
3019,0,6,52,52,15,0,18
3020,0,5,20,20,8,6,0
3021,0,8,25,25,12,11,0
3022,0,2,18,18,0,0,0
3023,0,0,16,16,7,4,2
3024,0,2,47,47,6,3,30
3025,0,11,29,29,17,17,0
3026,0,4,19,19,7,5,11
3027,0,0,58,58,5,3,44
3028,0,5,49,49,7,8,0
3029,0,0,30,30,6,0,0
3030,0,0,23,23,14,14,0
3031,0,13,35,35,11,6,0
3032,0,0,28,28,18,16,1
3033,0,4,38,38,3,1,11
3034,0,0,44,44,5,0,1
3035,0,9,15,15,3,0,0
3036,0,9,36,36,6,5,59
3037,0,0,27,27,17,17,14
3038,0,11,30,30,5,3,0
3039,0,8,42,42,14,12,0
3040,0,9,63,63,7,8,0
3041,0,1,29,29,8,3,0
3042,0,11,50,50,14,11,0
3043,0,0,80,80,26,25,7
3044,0,1,43,43,6,0,0
3045,0,0,53,53,10,8,0
3046,0,0,31,31,10,6,0
3047,0,6,67,67,11,9,0
3048,0,14,25,25,6,0,0
3049,0,2,32,32,12,9,0
3050,0,8,22,22,2,0,0
3051,0,10,21,21,6,5,0
3052,0,10,31,31,5,6,0
3053,0,9,44,44,13,8,19
3054,0,15,70,70,27,21,0
3055,0,0,47,47,7,6,10
3056,0,8,51,51,16,13,0
3057,0,3,43,43,13,11,0
3058,0,4,21,21,12,8,0
3059,0,0,18,18,9,0,0
3060,0,6,33,33,12,9,20
3061,0,7,31,31,11,9,0
3062,0,2,25,25,14,9,0
3063,0,14,60,60,21,19,0
3064,0,6,35,35,5,7,0
3065,0,5,37,37,4,2,0
3066,0,9,36,36,16,13,0
3067,0,0,57,57,16,11,0
3068,0,8,28,28,11,7,0
3069,0,0,39,39,6,5,0
3070,0,11,78,78,28,22,84
3071,0,0,52,52,7,5,0
3072,0,4,34,34,12,9,1
3073,0,5,31,31,9,7,0
3074,0,4,55,55,12,3,30
3075,0,8,25,25,14,12,0
3076,0,0,28,28,18,17,8
3077,0,6,62,62,22,22,0
3078,0,0,55,0,12,5,8
3079,0,0,44,44,0,3,0
3080,0,10,47,47,27,24,0
3081,0,6,36,36,17,13,0
3082,0,2,33,36,10,8,0
3083,0,0,29,29,5,7,0
3084,0,5,33,33,12,13,25
3085,0,0,57,57,14,11,0
3086,0,4,48,48,14,12,0
3087,0,10,13,13,5,6,0
3088,0,0,20,20,11,7,0
3089,0,10,46,46,7,8,0
3090,0,7,84,84,14,14,0
3091,0,6,32,32,15,10,10
3092,0,0,25,25,7,0,0
3093,0,3,27,27,0,1,2
3094,0,0,49,49,4,2,0
3095,0,14,95,95,23,21,44
3096,0,0,17,17,2,0,0
3097,0,0,29,22,4,0,0
3098,0,3,29,29,2,0,9
3099,0,0,24,24,12,11,0
3100,0,2,54,54,14,9,0
3101,0,6,21,21,5,0,15
3102,0,0,46,46,8,4,0
3103,0,0,52,52,8,3,0
3104,0,0,40,40,10,8,0
3105,0,5,50,50,7,0,0
3106,0,0,70,70,19,17,0
3107,0,5,63,63,25,22,0
3108,0,7,78,61,0,7,0
3109,0,0,22,22,15,9,15
3110,0,3,74,74,21,19,31
3111,0,5,85,85,21,20,0
3112,0,0,10,10,0,1,0
3113,0,3,27,27,4,0,0
3114,0,3,55,55,13,11,33
3115,0,11,51,60,29,20,16
3116,0,5,27,27,13,11,13
3117,0,8,31,31,7,4,0
3118,0,7,32,32,14,11,0
3119,0,0,24,24,6,0,10
3120,0,12,56,56,12,9,0
3121,0,7,38,38,19,9,0
3122,0,2,41,41,21,18,21
3123,0,0,36,36,12,0,0
3124,0,7,45,45,14,11,0
3125,0,8,26,26,12,0,19
3126,0,3,40,40,12,12,0
3127,0,10,28,28,8,7,0
3128,0,1,31,21,6,3,0
3129,0,5,13,13,5,0,0
3130,0,7,31,31,5,0,0
3131,0,0,40,40,5,4,0
3132,0,5,24,24,5,6,0
3133,0,4,19,12,3,0,1
3134,0,13,26,26,11,11,0
3135,0,5,32,32,13,0,13
3136,0,4,43,43,11,9,22
3137,0,18,27,27,17,12,0
3138,0,5,38,38,22,18,0
3139,0,14,42,42,11,9,32
3140,0,0,22,22,0,9,18
3141,0,0,42,42,15,13,64
3142,0,4,28,28,4,4,0
3143,0,2,25,25,10,8,0
3144,0,8,25,33,10,7,0
3145,0,0,40,40,19,17,0
3146,0,0,31,31,9,4,56
3147,0,3,25,25,8,7,25
3148,0,2,33,33,9,5,0
3149,0,0,47,47,9,8,0
3150,0,12,57,51,16,13,0
3151,0,7,51,51,0,0,17
3152,0,0,29,29,8,5,0
3153,0,0,31,31,13,9,0
3154,0,9,44,44,21,12,45
3155,0,0,21,21,3,0,0
3156,0,4,51,51,8,5,0
3157,0,14,41,41,22,18,69
3158,0,0,35,35,0,4,17
3159,0,4,24,24,6,4,0
3160,0,1,25,25,8,5,0
3161,0,20,61,61,14,16,0
3162,0,7,60,60,17,13,47
3163,0,3,22,22,7,6,15
3164,0,6,48,48,8,7,0
3165,0,2,28,0,7,5,19
3166,0,8,28,28,13,9,0
3167,0,6,51,51,10,6,0
3168,0,5,26,26,4,4,0
3169,0,3,23,23,6,3,11
3170,0,4,48,48,4,3,21
3171,0,4,28,28,11,8,13
3172,0,0,32,32,7,0,3
3173,0,13,82,82,7,6,11
3174,0,14,2,2,20,15,0
3175,0,2,31,33,14,11,0
3176,0,0,79,79,17,16,24
3177,0,6,55,55,11,9,0
3178,0,3,57,57,14,4,0
3179,0,0,45,45,7,0,28
3180,0,7,57,57,7,3,21
3181,0,0,19,19,7,0,6
3182,0,0,45,45,10,5,0
3183,0,7,26,26,15,13,12
3184,0,2,29,29,4,0,30
3185,0,2,24,24,6,7,0
3186,0,0,23,23,5,2,0
3187,0,5,31,31,18,12,0
3188,0,11,62,62,6,0,0
3189,0,0,61,61,14,14,16
3190,0,0,43,43,8,4,2
3191,0,3,26,26,3,3,0
3192,0,0,12,12,3,3,0
3193,0,2,58,58,13,8,0
3194,0,0,96,96,21,15,38
3195,0,8,55,55,12,8,0
3196,0,2,38,38,10,10,9
3197,0,0,20,20,9,0,0
3198,0,9,29,29,16,14,0
3199,0,4,28,28,9,8,0
3200,0,0,93,93,31,26,49
3201,0,8,35,35,10,5,4
3202,0,9,36,36,4,4,1
3203,0,2,46,46,13,10,46
3204,0,0,42,42,8,0,0
3205,0,0,26,26,10,7,0
3206,0,2,22,22,4,1,3
3207,0,8,39,39,8,7,0
3208,0,6,26,26,4,0,9
3209,0,4,19,19,4,3,0
3210,0,9,58,58,7,7,0
3211,0,0,29,29,15,13,0
3212,0,4,11,11,3,0,26
3213,0,0,77,77,14,10,21
3214,0,12,26,29,27,22,0
3215,0,3,36,36,7,0,0
3216,0,2,37,37,6,0,0
3217,0,10,39,39,0,3,10
3218,0,8,46,46,18,11,0
3219,0,3,39,38,18,12,6
3220,0,2,40,40,5,5,0
3221,0,7,36,36,5,0,9
3222,0,0,58,58,16,15,0
3223,0,7,47,47,3,0,0
3224,0,4,25,25,0,9,3
3225,0,3,22,22,0,0,8
3226,0,4,44,44,9,8,24
3227,0,12,7,7,18,9,0
3228,0,6,23,23,8,8,27
3229,0,3,18,18,1,0,0
3230,0,0,39,39,9,8,0
3231,0,5,33,33,10,7,0
3232,0,13,107,107,24,20,0
3233,0,1,64,64,10,6,0
3234,0,0,46,46,16,14,0
3235,0,5,48,48,6,4,0
3236,0,14,39,39,11,9,0
3237,0,18,85,85,25,19,0
3238,0,3,49,49,9,3,0
3239,0,4,38,46,7,3,0
3240,0,0,27,27,5,0,0
3241,0,6,39,39,14,11,0
3242,0,3,30,30,9,8,0
3243,0,3,57,57,16,11,0
3244,0,7,49,49,5,2,39
3245,0,20,48,48,17,14,0
3246,0,5,28,28,8,6,5
3247,0,10,38,38,8,4,9
3248,0,9,89,89,8,0,0
3249,0,5,11,11,7,0,0
3250,0,6,52,52,19,16,0
3251,0,8,17,17,9,0,70
3252,0,2,17,17,16,11,22
3253,0,9,60,60,16,12,8
3254,0,0,22,22,9,7,0
3255,0,4,36,36,13,10,0
3256,0,0,49,49,14,13,0
3257,0,0,32,32,6,5,0
3258,0,0,19,0,6,4,0
3259,0,2,46,46,7,0,0
3260,0,0,20,20,6,2,0
3261,0,0,62,62,11,10,32
3262,0,0,28,28,7,6,13
3263,0,0,37,37,5,3,0
3264,0,0,39,39,8,6,0
3265,0,12,55,55,19,17,0
3266,0,4,27,0,12,10,0
3267,0,6,26,26,13,10,0
3268,0,0,20,20,3,0,0
3269,0,5,49,49,12,9,0
3270,0,2,23,23,12,10,0
3271,0,0,22,22,9,6,0
3272,0,0,17,17,7,0,9
3273,0,15,15,15,10,5,0
3274,0,8,16,16,15,13,0
3275,0,0,36,36,9,4,0
3276,0,0,20,20,14,9,2
3277,0,19,109,109,28,24,26
3278,0,8,15,15,11,0,0
3279,0,13,26,28,11,9,0
3280,0,0,45,45,13,11,0
3281,0,6,37,37,17,19,0
3282,0,7,38,38,4,3,33
3283,0,10,45,45,0,6,27
3284,0,10,43,43,11,8,2
3285,0,14,53,53,10,7,0
3286,0,13,45,45,18,15,0
3287,0,0,32,32,9,6,0
3288,0,8,31,39,11,8,0
3289,0,11,24,24,4,5,0
3290,0,3,17,17,6,2,28
3291,0,10,25,25,10,8,0
3292,0,2,35,37,2,0,21
3293,0,0,19,19,4,0,0
3294,0,15,47,47,17,16,0
3295,0,0,38,38,6,0,0
3296,0,0,30,30,12,8,0
3297,0,0,40,40,5,0,0
3298,0,0,39,39,21,16,0
3299,0,0,37,26,13,6,2
3300,0,4,27,27,6,7,0
3301,0,2,26,26,14,7,0
3302,0,0,20,20,6,5,22
3303,0,0,48,46,7,2,38
3304,0,0,65,65,20,14,0
3305,0,8,36,36,0,0,0
3306,0,2,39,39,7,5,0
3307,0,3,31,31,8,10,0
3308,0,8,42,42,13,9,0
3309,0,6,72,72,7,4,0
3310,0,0,25,25,13,12,28
3311,0,8,31,31,12,6,0
3312,0,4,43,43,12,8,0
3313,0,6,25,25,9,4,0
3314,0,7,42,42,17,13,0
3315,0,10,40,40,14,9,11
3316,0,0,42,42,10,8,0
3317,0,2,34,34,4,0,17
3318,0,0,21,21,4,0,0
3319,0,6,33,33,6,4,10
3320,0,3,40,40,12,9,0
3321,0,6,46,46,15,10,0
3322,0,0,38,38,7,3,0
3323,0,3,24,27,15,10,15
3324,0,11,27,27,3,0,15
3325,0,0,23,23,2,0,9
3326,0,0,17,17,13,12,0
3327,0,4,36,36,3,0,0
3328,0,3,29,29,5,4,0
3329,0,6,35,35,10,6,0
3330,0,0,63,63,22,21,0
3331,0,4,31,31,8,5,0
3332,0,4,44,44,12,8,11
3333,0,0,52,52,18,16,0
3334,0,10,48,48,9,0,0
3335,0,13,79,79,28,23,0
3336,0,0,47,47,11,12,0
3337,0,9,45,45,13,10,8
3338,0,5,32,32,0,1,34
3339,0,6,32,32,5,2,0
3340,0,0,40,40,5,0,0
3341,0,0,39,39,6,0,0
3342,0,6,10,10,5,0,0
3343,0,4,26,26,10,8,0
3344,0,2,22,22,9,6,13
3345,0,5,46,46,14,9,22
3346,0,3,61,61,12,8,0
3347,0,5,58,58,13,10,61
3348,0,1,23,23,4,0,12
3349,0,8,45,45,20,17,0
3350,0,6,24,31,13,11,0
3351,0,8,22,22,14,0,0
3352,0,15,71,71,23,18,31
3353,0,4,43,43,8,4,0
3354,0,0,60,60,8,0,12
3355,0,4,15,15,5,4,13
3356,0,0,22,22,7,5,0
3357,0,7,35,35,12,12,0
3358,0,4,16,16,16,13,7
3359,0,0,22,22,2,0,0
3360,0,11,23,23,10,10,0
3361,0,6,28,28,3,2,0
3362,0,7,24,24,0,0,0
3363,0,5,18,18,4,0,13
3364,0,0,27,29,15,11,24
3365,0,0,53,53,12,7,7
3366,0,0,37,37,3,1,0
3367,0,2,29,29,15,11,0
3368,0,3,33,33,2,2,0
3369,0,3,22,22,15,9,56
3370,0,0,25,25,11,7,0
3371,0,9,24,24,19,14,0
3372,0,3,18,18,3,3,0
3373,0,4,32,32,8,7,0
3374,0,4,22,22,3,0,18
3375,0,2,32,32,10,2,0
3376,0,0,54,54,10,6,0
3377,0,7,35,35,0,12,0
3378,0,5,40,40,14,10,0
3379,0,6,45,45,13,9,0
3380,0,12,74,74,14,0,0
3381,0,8,0,7,11,7,4
3382,0,5,47,47,17,15,13
3383,0,15,20,20,11,11,0
3384,0,7,54,54,14,12,0
3385,0,11,41,41,0,0,37
3386,0,1,9,9,5,0,11
3387,0,12,93,99,13,10,19
3388,0,0,41,41,0,3,0
3389,0,8,46,46,9,3,0
3390,0,2,49,49,1,0,0
3391,0,13,49,49,8,6,0
3392,0,2,46,48,10,7,33
3393,0,16,48,48,19,15,0
3394,0,2,14,14,3,3,0
3395,0,6,32,32,9,2,0
3396,0,3,13,13,0,0,0
3397,0,0,26,26,10,9,0
3398,0,7,35,35,9,0,1
3399,0,0,23,23,4,0,0
3400,0,0,48,45,6,0,19
3401,0,0,23,30,6,0,14
3402,0,6,50,50,1,0,0
3403,0,3,29,29,10,7,0
3404,0,7,30,30,10,0,0
3405,0,2,32,32,5,4,15
3406,0,5,34,0,9,5,23
3407,0,0,38,38,7,7,0
3408,0,3,16,16,10,6,0
3409,0,8,37,37,7,0,0
3410,0,9,41,41,26,15,20
3411,0,0,41,41,5,0,18
3412,0,5,29,29,15,13,0
3413,0,6,31,31,8,6,0
3414,0,5,40,40,17,15,0
3415,0,10,132,132,42,38,0
3416,0,15,30,30,26,23,0
3417,0,8,112,112,19,18,0
3418,0,0,118,118,24,20,0
3419,0,15,40,40,1,0,0
3420,0,7,35,35,5,0,0
3421,0,18,64,64,9,4,0
3422,0,10,99,99,39,36,0
3423,0,2,31,31,8,6,0
3424,0,0,31,31,4,0,51
3425,0,16,28,28,0,4,22
3426,0,0,26,26,0,0,0
3427,0,3,42,42,15,11,0
3428,0,0,16,16,9,0,23
3429,0,0,29,29,6,2,26
3430,0,7,45,45,18,16,0
3431,0,7,0,34,15,14,0
3432,0,0,50,50,11,8,0
3433,0,3,12,0,5,0,1
3434,0,10,33,33,11,10,0
3435,0,0,31,31,6,4,19
3436,0,3,31,31,4,2,0
3437,0,7,32,32,7,3,5
3438,0,3,31,31,8,0,0
3439,0,2,30,30,1,0,0
3440,0,5,28,28,4,6,0
3441,0,12,38,38,18,16,0
3442,0,5,29,29,10,7,0
3443,0,9,14,0,5,6,0
3444,0,8,16,16,2,0,2
3445,0,3,25,25,0,0,0
3446,0,2,55,55,13,10,0
3447,0,0,27,27,8,0,14
3448,0,0,29,29,7,5,12
3449,0,0,25,25,8,0,0
3450,0,6,31,31,6,4,29
3451,0,9,40,40,12,10,0
3452,0,19,77,77,21,17,2
3453,0,23,151,151,40,38,0
3454,0,4,34,34,12,4,0
3455,0,2,63,63,4,0,0
3456,0,19,48,48,25,16,0
3457,0,15,79,93,21,17,0
3458,0,17,80,80,37,35,0
3459,0,9,67,71,17,13,0
3460,0,0,34,34,8,7,0
3461,0,0,48,48,8,7,0
3462,0,0,34,34,2,2,0
3463,0,3,44,44,7,5,37
3464,0,5,32,32,5,4,0
3465,0,0,39,39,12,8,16
3466,0,0,53,53,9,9,0
3467,0,18,32,32,17,11,1
3468,0,7,42,42,26,21,0
3469,0,0,12,12,8,4,0
3470,0,6,35,35,4,2,0
3471,0,5,45,45,12,8,0
3472,0,7,0,9,6,5,0
3473,0,0,35,35,7,0,0
3474,0,0,24,24,4,0,0
3475,0,13,62,62,21,17,0
3476,0,13,52,52,11,5,0
3477,0,9,73,73,17,14,0
3478,0,0,22,22,4,2,21
3479,0,0,0,0,5,0,0
3480,0,26,68,68,23,19,0
3481,0,10,30,37,21,19,0
3482,0,5,22,22,10,5,15
3483,0,0,22,22,6,2,0
3484,0,0,12,12,2,2,0
3485,0,8,14,14,10,6,27
3486,0,0,33,33,4,2,39
3487,0,13,18,18,6,0,0
3488,0,18,48,48,21,17,0
3489,0,6,33,33,2,2,0
3490,0,48,91,91,36,30,0
3491,0,0,80,80,18,15,31
3492,0,4,22,30,1,0,0
3493,0,9,32,32,16,14,0
3494,0,0,18,18,0,1,0
3495,0,10,6,6,9,0,23
3496,0,0,13,13,4,0,0
3497,0,8,40,40,8,0,0
3498,0,21,46,46,13,12,0
3499,0,13,23,23,9,7,0
3500,0,8,63,63,16,8,0
3501,0,3,18,18,2,0,0
3502,0,9,66,66,13,10,7
3503,0,12,19,25,0,0,23
3504,0,2,22,22,3,3,0
3505,0,19,86,86,18,15,0
3506,0,2,19,0,0,0,0
3507,0,7,64,64,7,0,0
3508,0,0,34,34,11,4,6
3509,0,4,13,13,9,7,0
3510,0,0,51,51,16,10,0
3511,0,0,41,41,9,6,0
3512,0,0,33,33,0,0,32
3513,0,7,41,41,5,1,0
3514,0,0,33,33,12,0,28
3515,0,4,15,15,7,4,0
3516,0,4,21,21,5,0,25
3517,0,2,30,30,3,0,0
3518,0,9,29,27,4,3,32
3519,0,9,36,36,6,2,0
3520,0,0,36,36,14,12,0
3521,0,4,34,34,10,6,17
3522,0,6,23,23,13,10,0
3523,0,0,37,37,3,0,0
3524,0,17,48,48,32,28,0
3525,0,7,18,14,12,11,0
3526,0,5,39,39,20,14,0
3527,0,0,48,48,15,13,0
3528,0,8,37,37,12,12,0
3529,0,4,4,4,7,0,0
3530,0,6,23,23,6,3,27
3531,0,6,53,53,6,7,0
3532,0,4,26,26,5,4,0
3533,0,0,17,25,3,0,0
3534,0,5,34,34,11,11,0
3535,0,0,21,21,5,5,0
3536,0,0,10,10,1,0,0
3537,0,6,35,35,8,4,0
3538,0,25,52,52,25,25,0
3539,0,0,38,38,12,7,23
3540,0,9,40,40,6,0,0
3541,0,5,19,19,6,5,0
3542,0,7,34,27,16,13,18
3543,0,13,62,62,20,18,35
3544,0,14,69,69,12,13,54
3545,0,12,63,63,17,17,47
3546,0,4,34,34,14,14,0
3547,0,14,47,47,4,0,0
3548,0,5,39,39,13,9,0
3549,0,4,55,55,6,8,0
3550,0,10,41,41,11,8,57
3551,0,9,55,55,17,13,0
3552,0,9,36,36,2,0,46
3553,0,21,48,48,12,8,50
3554,0,3,39,39,0,5,0
3555,0,13,22,22,3,0,0
3556,0,3,37,38,11,8,2
3557,0,5,31,31,0,0,0
3558,0,11,43,43,14,13,0
3559,0,4,58,58,17,10,1
3560,0,0,32,38,8,4,21
3561,0,7,38,38,12,11,0
3562,0,7,21,21,13,10,26
3563,0,12,46,46,15,8,0
3564,0,7,26,34,12,8,11
3565,0,6,72,72,28,24,0
3566,0,2,24,24,2,2,0
3567,0,18,97,97,27,24,73
3568,0,7,28,28,8,0,0
3569,0,8,35,35,9,0,23
3570,0,0,20,26,7,5,1
3571,0,9,45,45,11,9,0
3572,0,3,35,35,16,14,1
3573,0,2,34,34,16,0,0
3574,0,10,31,31,6,4,19
3575,0,0,65,65,6,5,24
3576,0,13,87,87,39,36,0
3577,0,0,22,23,7,3,0
3578,0,0,34,34,5,3,14
3579,0,0,46,46,8,6,24
3580,0,0,14,20,3,0,37
3581,0,11,44,44,12,0,0
3582,0,12,33,33,9,7,17
3583,0,2,43,43,9,9,25
3584,0,4,22,22,3,0,0
3585,0,6,17,10,15,12,0
3586,0,2,0,33,6,0,54
3587,0,5,38,38,14,10,43
3588,0,9,22,22,5,2,0
3589,0,3,42,42,7,8,0
3590,0,20,82,82,12,8,0
3591,0,0,32,32,10,6,0
3592,0,6,23,23,11,12,0
3593,0,6,37,37,9,5,15
3594,0,9,22,22,9,4,18
3595,0,6,39,39,5,2,0
3596,0,5,62,62,18,12,0
3597,0,3,24,24,0,0,0
3598,0,17,69,69,23,21,0
3599,0,10,30,30,5,0,0
3600,0,23,135,135,14,12,0
3601,0,5,30,30,6,4,2
3602,0,8,51,51,5,5,60
3603,0,3,31,31,9,5,0
3604,0,9,43,43,17,14,0
3605,0,0,22,22,3,0,0
3606,0,0,29,29,0,0,0
3607,0,32,142,142,34,32,17
3608,0,0,38,38,6,0,5
3609,0,2,19,19,5,3,0
3610,0,6,25,25,13,8,27
3611,0,3,20,20,2,0,22
3612,0,4,30,30,7,3,15
3613,0,7,30,30,13,9,0
3614,0,0,49,49,6,0,16
3615,0,3,28,28,5,0,29
3616,0,6,43,43,10,6,15
3617,0,8,40,40,6,0,23
3618,0,8,89,82,20,13,0
3619,0,11,43,43,16,12,0
3620,0,8,33,33,7,0,0
3621,0,2,28,28,5,5,23
3622,0,5,39,39,7,3,3
3623,0,0,34,34,25,20,12
3624,0,0,31,31,14,14,0
3625,0,5,22,22,0,2,13
3626,0,0,39,39,23,18,0
3627,0,5,53,53,13,11,0
3628,0,16,55,55,12,7,0
3629,0,0,67,72,17,16,0
3630,0,5,43,43,7,7,0
3631,0,3,26,26,5,0,0
3632,0,4,33,33,6,5,0
3633,0,4,20,20,5,0,0
3634,0,5,36,36,6,5,0
3635,0,19,91,91,46,42,0
3636,0,4,34,34,6,0,0
3637,0,0,43,43,14,12,0
3638,0,8,26,26,10,0,0
3639,0,2,21,21,4,0,0
3640,0,6,39,39,0,9,8
3641,0,10,36,36,23,16,0
3642,0,4,27,27,12,9,0
3643,0,9,24,24,10,6,0
3644,0,2,26,26,9,6,0
3645,0,11,30,30,9,6,1
3646,0,0,27,27,5,0,11
3647,0,4,66,66,12,11,0
3648,0,4,23,33,5,0,0
3649,0,4,60,60,12,7,0
3650,0,0,27,27,15,14,0
3651,0,9,21,23,19,15,0
3652,0,0,32,32,9,0,0
3653,0,8,57,57,9,6,26
3654,0,0,36,36,28,22,19
3655,0,0,79,79,22,20,0
3656,0,6,17,17,12,0,19
3657,0,10,35,35,11,8,43
3658,0,4,25,25,5,0,2
3659,0,3,40,40,6,3,21
3660,0,8,46,46,14,14,0
3661,0,11,50,50,16,14,24
3662,0,0,30,30,3,0,32
3663,0,0,68,68,15,10,0
3664,0,0,29,29,5,4,25
3665,0,5,29,29,8,6,0
3666,0,6,26,26,6,0,0
3667,0,6,26,26,2,0,0
3668,0,8,22,25,15,0,50
3669,0,11,92,92,18,9,76
3670,0,7,19,19,10,7,0
3671,0,9,40,40,8,8,40
3672,0,0,21,21,6,5,0
3673,0,3,39,39,9,8,18
3674,0,5,57,57,7,6,0
3675,0,11,73,73,18,16,0
3676,0,5,33,33,6,1,45
3677,0,8,41,41,8,8,0
3678,0,2,25,25,0,0,0
3679,0,0,20,20,0,2,0
3680,0,5,31,31,3,0,0
3681,0,6,80,80,15,13,0
3682,0,0,16,16,6,3,0
3683,0,12,58,58,12,12,0
3684,0,7,43,43,9,6,57
3685,0,4,37,37,11,7,6
3686,0,8,33,33,5,3,0
3687,0,1,19,19,5,5,0
3688,0,0,53,53,18,13,30
3689,0,9,59,59,9,5,0
3690,0,10,61,61,19,14,0
3691,0,6,25,25,9,7,16
3692,0,6,42,42,11,5,0
3693,0,2,36,39,6,5,0
3694,0,8,41,48,6,4,20
3695,0,2,37,37,15,8,6
3696,0,2,13,13,5,0,0
3697,0,5,18,18,10,6,17
3698,0,2,40,40,0,4,0
3699,0,2,29,29,7,5,0
3700,0,6,57,57,11,9,0
3701,0,2,42,42,12,10,0
3702,0,13,33,33,19,14,1
3703,0,9,52,52,15,8,55
3704,0,10,38,38,12,10,0
3705,0,5,27,27,4,3,0
3706,0,3,47,47,5,0,11
3707,0,32,178,178,47,39,16
3708,0,6,53,53,10,7,0
3709,0,6,53,53,22,19,0
3710,0,3,28,28,3,3,0
3711,0,0,68,68,19,18,0
3712,0,5,52,52,12,8,0
3713,0,5,27,27,11,10,0
3714,0,9,23,23,8,5,0
3715,0,9,23,23,15,12,0
3716,0,0,23,23,3,0,0
3717,0,5,23,23,8,5,4
3718,0,2,97,97,23,19,28
3719,0,2,26,26,0,0,0
3720,0,11,25,28,5,3,4
3721,0,4,34,34,14,12,0
3722,0,10,14,14,19,17,0
3723,0,10,110,110,14,11,0
3724,0,6,38,38,11,9,0
3725,0,14,44,44,18,14,0
3726,0,8,58,58,10,7,0
3727,0,7,41,41,7,7,0
3728,0,7,41,41,9,5,0
3729,0,10,20,20,11,0,30
3730,0,2,27,27,4,0,0
3731,0,0,75,75,19,17,5
3732,0,8,43,51,12,9,39
3733,0,11,68,68,8,4,33
3734,0,10,81,81,26,27,0
3735,0,0,22,22,12,8,11
3736,0,9,46,46,3,0,0
3737,0,11,86,86,18,17,0
3738,0,15,36,36,0,6,0
3739,0,0,40,40,6,0,10
3740,0,2,24,24,20,17,0
3741,0,9,28,28,8,7,0
3742,0,9,45,45,9,7,0
3743,0,7,38,38,0,5,0
3744,0,0,51,51,7,5,1
3745,0,9,20,20,12,5,0
3746,0,0,38,38,5,1,0
3747,0,3,0,9,4,0,21
3748,0,0,30,29,4,4,0
3749,0,10,39,39,15,10,0
3750,0,4,29,29,10,9,3
3751,0,0,50,50,7,3,0
3752,0,15,50,58,44,39,21
3753,0,0,28,28,3,0,0
3754,0,0,30,30,13,11,34
3755,0,2,43,43,12,8,0
3756,0,0,24,24,8,3,0
3757,0,2,33,33,9,4,39
3758,0,17,21,21,9,7,0
3759,0,8,18,18,11,0,0
3760,0,4,34,34,15,12,0
3761,0,10,35,35,10,6,0
3762,0,12,49,49,7,4,45
3763,0,4,34,34,0,6,21
3764,0,11,46,46,11,8,0
3765,0,0,53,53,11,8,29
3766,0,9,76,76,15,10,0
3767,0,13,48,48,18,17,9
3768,0,11,53,53,6,0,20
3769,0,0,13,13,3,2,0
3770,0,0,12,12,4,0,5
3771,0,18,77,77,21,22,0
3772,0,0,52,52,9,5,0
3773,0,0,53,53,19,14,25
3774,0,3,31,31,12,7,0
3775,0,10,33,33,21,17,15
3776,0,2,34,34,7,4,0
3777,0,8,33,33,5,0,11
3778,0,6,29,29,7,5,0
3779,0,2,30,30,7,1,0
3780,0,7,31,31,7,0,0
3781,0,0,21,21,14,9,0
3782,0,24,74,74,22,17,56
3783,0,2,32,32,12,14,0
3784,0,11,57,57,26,20,0
3785,0,2,35,35,6,3,1
3786,0,6,38,38,9,5,10
3787,0,7,72,72,22,15,7
3788,0,11,60,60,27,21,34
3789,0,2,45,45,14,12,0
3790,0,6,39,39,21,15,0
3791,0,0,24,24,13,7,4
3792,0,8,49,49,15,9,0
3793,0,8,36,36,7,0,0
3794,0,0,33,33,9,0,0
3795,0,0,34,30,9,0,0
3796,0,12,39,39,13,13,0
3797,0,4,19,19,7,5,2
3798,0,0,25,25,13,12,21
3799,0,3,33,33,6,0,0
3800,0,15,38,38,18,14,28
3801,0,9,43,43,16,9,0
3802,0,4,40,40,9,6,0
3803,0,0,20,20,5,4,0
3804,0,0,30,28,10,0,0
3805,0,3,23,23,10,7,18
3806,0,3,37,37,6,0,0
3807,0,3,43,43,12,9,37
3808,0,0,21,21,5,0,0
3809,0,5,34,34,9,6,0
3810,0,0,31,31,4,0,0
3811,0,1,23,23,5,0,16
3812,0,0,16,16,21,14,1
3813,0,3,42,41,11,5,0
3814,0,0,35,35,11,11,0
3815,0,9,27,29,17,12,0
3816,0,4,27,27,10,7,13
3817,0,1,33,33,7,0,35
3818,0,0,20,20,8,6,0
3819,0,0,53,53,14,9,4
3820,0,0,43,43,0,0,0
3821,0,6,12,15,6,6,0
3822,0,0,26,26,6,0,12
3823,0,3,30,30,6,0,0
3824,0,3,27,27,14,9,0
3825,0,3,40,40,7,7,36
3826,0,11,47,58,21,19,0
3827,0,0,32,33,7,2,0
3828,0,2,18,18,6,6,0
3829,0,10,48,52,16,8,8
3830,0,10,20,20,7,3,0
3831,0,3,26,26,5,2,0
3832,0,7,38,38,11,11,0
3833,0,0,50,50,11,0,1
3834,0,0,74,74,13,12,37
3835,0,0,27,27,7,5,33
3836,0,0,47,47,14,14,0
3837,0,0,30,30,8,4,11
3838,0,0,31,31,6,0,26
3839,0,8,106,106,43,36,0
3840,0,15,51,51,13,7,0
3841,0,3,29,29,2,0,0
3842,0,8,28,28,2,0,0
3843,0,8,25,25,15,10,0
3844,0,10,51,51,13,11,0
3845,0,12,32,32,7,0,14
3846,0,9,26,26,8,6,0
3847,0,5,44,44,9,3,1
3848,0,0,40,40,0,0,0
3849,0,6,40,44,10,6,7
3850,0,18,103,103,42,39,42
3851,0,4,43,43,18,16,0
3852,0,4,34,34,9,5,0
3853,0,2,53,53,3,0,0
3854,0,0,53,53,12,12,0
3855,0,0,54,54,10,8,0
3856,0,8,37,37,8,0,0
3857,0,12,14,14,13,11,0
3858,0,0,29,29,15,15,0
3859,0,0,36,36,15,13,0
3860,0,11,51,51,8,0,0
3861,0,3,34,34,6,6,10
3862,0,0,21,21,0,0,0
3863,0,0,32,32,15,12,0
3864,0,8,99,99,13,15,17
3865,0,0,30,30,8,0,0
3866,0,2,48,48,15,14,0
3867,0,19,46,46,8,7,34
3868,0,0,29,29,9,6,13
3869,0,0,38,38,6,4,3
3870,0,14,59,59,13,11,0
3871,0,2,30,30,2,1,0
3872,0,15,29,29,16,12,0
3873,0,8,59,59,15,15,0
3874,0,3,33,33,9,9,0
3875,0,0,28,28,5,0,5
3876,0,20,27,27,0,2,9
3877,0,3,35,35,0,5,0
3878,0,3,17,17,10,9,0
3879,0,5,27,27,12,8,0
3880,0,9,52,52,5,2,0
3881,0,12,49,49,16,12,6
3882,0,9,36,36,15,0,0
3883,0,4,27,27,8,4,34
3884,0,0,27,27,12,10,0
3885,0,2,54,54,14,12,0
3886,0,6,28,28,7,5,0
3887,0,7,37,37,9,8,0
3888,0,4,33,33,12,11,8
3889,0,0,27,27,9,6,0
3890,0,6,43,43,14,15,0
3891,0,8,45,45,9,5,29
3892,0,0,23,23,7,0,20
3893,0,0,84,84,15,9,21
3894,0,0,28,28,0,3,0
3895,0,5,47,47,0,0,6
3896,0,6,52,52,10,8,0
3897,0,6,45,45,11,10,0
3898,0,2,17,23,3,0,0
3899,0,2,43,43,19,14,24
3900,0,0,47,47,3,0,7
3901,0,0,30,30,12,7,0
3902,0,5,26,26,9,6,0
3903,0,0,39,39,8,8,0
3904,0,4,25,25,15,10,0
3905,0,0,32,32,8,7,0
3906,0,9,56,56,11,11,0
3907,0,4,25,25,6,4,27
3908,0,6,54,54,24,21,0
3909,0,1,56,56,10,8,0
3910,0,4,27,27,12,12,0
3911,0,9,45,45,12,7,0
3912,0,7,32,32,11,3,0
3913,0,0,36,36,13,10,0
3914,0,24,91,91,30,27,69
3915,0,2,27,27,3,0,0
3916,0,7,33,33,4,3,0
3917,0,3,43,43,10,10,0
3918,0,9,97,97,13,10,0
3919,0,12,39,39,12,8,0
3920,0,0,46,46,7,6,11
3921,0,2,27,27,3,0,0
3922,0,1,31,31,10,9,0
3923,0,5,48,48,8,7,0
3924,0,5,70,70,20,12,0
3925,0,6,43,43,11,5,0
3926,0,9,21,29,14,11,0
3927,0,0,35,35,11,8,14
3928,0,7,29,29,10,7,8
3929,0,3,27,27,11,9,0
3930,0,0,35,31,20,16,8
3931,0,6,32,0,4,0,1
3932,0,9,41,41,6,0,2
3933,0,6,53,53,2,5,0
3934,0,2,29,29,15,6,0
3935,0,16,69,69,20,15,35
3936,0,2,49,49,11,10,0
3937,0,3,48,48,4,2,0
3938,0,3,20,25,7,0,0
3939,0,20,42,42,16,13,0
3940,0,0,48,48,1,0,0
3941,0,1,19,19,6,6,0
3942,0,6,33,33,5,5,0
3943,0,0,27,27,11,6,0
3944,0,5,18,19,3,0,0
3945,0,5,41,41,5,0,23
3946,0,8,38,38,6,0,16
3947,0,6,54,54,13,9,32
3948,0,3,37,37,11,10,0
3949,0,9,10,10,0,0,11
3950,0,0,56,56,5,0,58
3951,0,0,60,60,8,7,18
3952,0,0,26,26,18,15,9
3953,0,8,47,47,19,15,0
3954,0,6,29,27,5,0,0
3955,0,9,36,36,13,10,0
3956,0,4,27,27,6,3,0
3957,0,0,20,20,3,0,0
3958,0,5,33,33,8,5,43
3959,0,4,34,34,7,0,0
3960,0,5,6,6,7,4,0
3961,0,7,75,75,6,3,85
3962,0,6,32,32,13,13,0
3963,0,5,37,37,10,6,36
3964,0,8,25,28,8,6,0
3965,0,13,39,39,0,6,0
3966,0,0,18,18,4,0,0
3967,0,0,16,16,5,3,12
3968,0,0,27,27,0,3,0
3969,0,4,33,33,16,16,28
3970,0,0,28,28,13,15,0
3971,0,3,64,64,3,0,82
3972,0,0,19,19,3,0,0
3973,0,0,29,29,1,0,0
3974,0,0,27,27,3,2,0
3975,0,0,13,13,9,0,0
3976,0,0,41,41,10,0,0
3977,0,7,17,17,9,7,0
3978,0,0,49,49,6,5,0
3979,0,0,20,20,15,12,31
3980,0,3,46,46,16,9,46
3981,0,7,89,89,46,36,52
3982,0,0,20,20,2,2,0
3983,0,3,41,41,10,7,17
3984,0,14,4,4,9,4,1
3985,0,0,20,20,10,10,0
3986,0,7,0,5,3,0,20
3987,0,11,42,42,24,16,13
3988,0,11,43,49,1,0,8
3989,0,16,53,53,14,9,0
3990,0,9,59,59,6,0,0
3991,0,17,80,80,7,0,0
3992,0,22,65,65,19,11,74
3993,0,8,18,18,11,8,0
3994,0,5,25,25,11,0,0
3995,0,0,22,22,5,2,0
3996,0,5,56,56,9,5,0
3997,0,8,64,64,23,18,4
3998,0,0,28,28,5,0,27
3999,0,7,32,32,5,0,0
4000,0,0,29,29,0,5,0
4001,0,7,18,18,10,6,0
4002,0,14,59,59,7,3,0
4003,0,6,12,12,3,3,0
4004,0,0,20,20,10,7,19
4005,0,18,82,82,26,24,0
4006,0,0,27,27,8,5,0
4007,0,2,10,10,6,6,49
4008,0,4,23,23,3,3,0
4009,0,10,47,47,10,0,10
4010,0,5,7,7,6,0,0
4011,0,1,21,21,7,0,0
4012,0,2,14,14,5,5,13
4013,0,0,26,26,7,9,0
4014,0,0,32,32,13,13,54
4015,0,4,21,21,5,3,0
4016,0,2,21,21,0,2,0
4017,0,4,42,42,10,8,0
4018,0,8,61,61,8,8,0
4019,0,7,33,33,13,0,32
4020,0,0,19,19,7,5,0
4021,0,6,23,23,5,0,18
4022,0,5,64,64,6,0,0
4023,0,0,26,26,3,0,2
4024,0,0,50,50,9,0,2
4025,0,0,38,38,4,4,0
4026,0,6,35,35,6,5,0
4027,0,0,45,45,16,10,0
4028,0,0,35,37,4,0,0
4029,0,8,45,45,6,0,0
4030,0,0,24,24,0,0,0
4031,0,0,25,24,4,5,0
4032,0,7,58,58,6,0,0
4033,0,9,31,31,8,6,20
4034,0,0,30,30,4,2,3
4035,0,3,71,71,28,27,43
4036,0,2,37,37,7,4,0
4037,0,0,21,21,7,3,15
4038,0,6,55,55,4,2,0
4039,0,12,34,34,20,14,0
4040,0,13,66,66,31,30,0
4041,0,6,41,41,12,10,0
4042,0,13,68,68,13,8,0
4043,0,7,22,22,5,3,0
4044,0,4,18,18,2,0,0
4045,0,14,85,85,22,19,0
4046,0,6,41,41,9,11,0
4047,0,2,27,27,3,0,0
4048,0,0,32,32,6,2,0
4049,0,5,27,27,10,6,0
4050,0,5,38,38,9,8,0
4051,0,5,14,17,11,0,0
4052,0,1,45,45,12,11,30
4053,0,4,30,30,18,17,22
4054,0,14,69,69,16,11,21
4055,0,0,28,28,9,6,12
4056,0,2,78,78,14,9,0
4057,0,2,42,42,11,0,0
4058,0,19,29,29,4,2,0
4059,0,0,68,68,23,25,1
4060,0,10,1,1,11,9,26
4061,0,6,32,32,14,15,0
4062,0,10,9,0,4,2,1
4063,0,3,30,30,0,0,0
4064,0,2,29,29,8,5,14
4065,0,3,36,38,16,13,0
4066,0,24,62,62,16,16,0
4067,0,4,30,30,0,1,0
4068,0,0,40,40,9,7,0
4069,0,5,36,36,6,0,0
4070,0,19,47,47,16,14,0
4071,0,2,34,34,9,6,13
4072,0,0,49,49,5,0,28
4073,0,8,42,42,7,5,21
4074,0,7,23,23,11,10,0
4075,0,6,11,11,8,0,0
4076,0,0,32,32,15,15,22
4077,0,12,36,36,12,8,0
4078,0,5,34,34,15,13,6
4079,0,4,35,32,17,13,0
4080,0,3,29,35,6,0,9
4081,0,0,38,38,0,12,14
4082,0,6,46,46,6,4,0
4083,0,14,47,59,20,13,0
4084,0,5,39,39,0,0,0
4085,0,0,39,39,11,10,0
4086,0,4,46,46,18,17,0
4087,0,0,36,36,8,2,19
4088,0,0,30,30,0,0,0
4089,0,7,20,20,8,6,0
4090,0,0,17,22,4,1,0
4091,0,7,72,72,9,2,0
4092,0,0,57,57,11,0,0
4093,0,4,42,42,14,10,24
4094,0,2,17,17,12,8,0
4095,0,2,36,36,4,0,17
4096,0,19,105,105,32,27,0
4097,0,8,28,28,0,2,0
4098,0,2,44,44,6,0,62
4099,0,5,31,31,13,10,30
4100,0,3,65,65,16,13,0
4101,0,10,18,18,10,5,0
4102,0,0,43,50,12,7,60
4103,0,23,94,94,21,18,35
4104,0,7,28,28,10,7,0
4105,0,10,35,35,6,4,29
4106,0,7,49,59,14,10,23
4107,0,1,30,30,13,8,0
4108,0,0,32,32,7,5,0
4109,0,0,75,75,25,17,25
4110,0,0,35,35,7,0,0
4111,0,0,61,61,9,9,0
4112,0,2,23,23,4,0,2
4113,0,0,34,34,6,0,0
4114,0,14,57,57,0,8,10
4115,0,5,43,43,5,0,13
4116,0,0,25,25,7,0,0
4117,0,8,31,31,5,4,13
4118,0,12,23,23,16,13,0
4119,0,5,26,26,12,12,0
4120,0,4,39,39,2,0,22
4121,0,5,19,19,14,9,0
4122,0,0,36,36,8,8,2
4123,0,3,37,37,3,0,0
4124,0,4,16,16,8,5,17
4125,0,0,40,40,10,9,15
4126,0,6,24,24,4,3,0
4127,0,4,28,28,7,2,8
4128,0,5,34,34,11,8,0
4129,0,6,21,21,5,6,2
4130,0,0,24,24,5,0,0
4131,0,0,23,23,5,0,15
4132,0,6,36,32,5,4,0
4133,0,13,30,30,9,6,0
4134,0,11,63,69,22,16,8
4135,0,0,55,55,12,9,0
4136,0,7,47,47,2,0,27
4137,0,0,56,56,8,6,27
4138,0,2,37,37,2,0,0
4139,0,5,46,46,11,8,0
4140,0,0,43,47,12,8,0
4141,0,1,21,21,8,3,36
4142,0,3,55,55,15,10,6
4143,0,8,24,24,7,5,0
4144,0,13,52,52,7,0,42
4145,0,3,24,24,11,9,27
4146,0,5,36,36,7,0,0
4147,0,16,28,28,10,11,0
4148,0,8,39,39,8,7,0
4149,0,15,96,96,33,30,0
4150,0,10,38,38,6,0,0
4151,0,8,43,43,5,3,17
4152,0,15,45,45,16,15,0
4153,0,6,22,26,11,0,0
4154,0,16,0,38,9,9,0
4155,0,0,23,25,7,0,0
4156,0,13,49,49,30,26,0
4157,0,6,24,24,15,10,0
4158,0,0,56,56,21,18,0
4159,0,0,40,40,11,9,0
4160,0,5,25,25,0,7,0
4161,0,13,61,61,12,8,47
4162,0,6,33,33,5,5,0
4163,0,2,29,34,13,9,12
4164,0,8,31,31,3,0,0
4165,0,6,25,25,14,13,0
4166,0,1,33,33,14,9,0
4167,0,9,27,27,7,0,5
4168,0,7,29,29,4,3,0
4169,0,4,27,27,6,4,0
4170,0,4,27,27,0,2,24
4171,0,7,43,43,9,0,0
4172,0,0,19,19,8,6,0
4173,0,3,28,28,4,2,34
4174,0,6,32,33,11,7,1
4175,0,5,25,25,10,7,0
4176,0,13,68,68,14,10,0
4177,0,5,41,39,12,6,0
4178,0,0,38,38,12,9,0
4179,0,2,22,22,9,9,0
4180,0,14,53,53,8,6,25
4181,0,14,107,107,25,23,16
4182,0,6,27,27,8,5,0
4183,0,0,55,55,16,10,0
4184,0,0,36,36,7,5,0
4185,0,3,42,42,9,6,0
4186,0,16,66,66,9,6,0
4187,0,0,54,54,16,11,0
4188,0,0,42,42,25,21,0
4189,0,0,47,47,9,6,7
4190,0,2,32,32,3,0,23
4191,0,13,24,24,5,5,0
4192,0,7,15,15,16,13,0
4193,0,31,89,89,31,27,0
4194,0,0,35,35,10,7,9
4195,0,6,14,18,7,5,0
4196,0,19,46,46,21,18,0
4197,0,11,6,6,13,7,29
4198,0,0,19,19,14,7,0
4199,0,0,34,34,11,9,59
4200,0,1,35,35,17,16,0
4201,0,6,29,29,5,0,9
4202,0,10,60,60,15,11,11
4203,0,4,51,51,12,7,0
4204,0,8,41,41,6,6,0
4205,0,5,22,22,12,10,0
4206,0,7,82,82,9,10,12
4207,0,0,17,17,13,8,11
4208,0,0,38,38,8,5,0
4209,0,0,45,45,20,12,0
4210,0,0,53,53,18,12,20
4211,0,0,24,24,0,3,0
4212,0,7,20,20,7,4,0
4213,0,0,34,34,0,0,0
4214,0,4,35,35,8,5,0
4215,0,0,24,27,10,7,11
4216,0,2,28,28,10,9,0
4217,0,6,25,31,19,16,0
4218,0,4,26,26,3,0,0
4219,0,3,20,20,1,0,12
4220,0,9,14,14,7,0,19
4221,0,15,48,48,16,14,0
4222,0,9,35,35,11,8,0
4223,0,6,20,20,4,0,0
4224,0,2,19,19,8,7,0
4225,0,17,33,33,16,13,5
4226,0,8,35,31,12,8,0
4227,0,5,25,25,5,0,0
4228,0,0,63,63,14,12,0
4229,0,13,66,66,17,15,0
4230,0,5,20,20,0,0,0
4231,0,0,52,52,10,0,0
4232,0,0,62,62,19,11,0
4233,0,4,36,36,4,2,14
4234,0,5,30,30,9,6,0
4235,0,10,39,39,5,3,0
4236,0,0,30,30,3,3,0
4237,0,5,23,23,10,0,10
4238,0,2,31,31,6,0,39
4239,0,23,12,0,19,12,0
4240,0,6,79,79,20,18,24
4241,0,11,36,36,19,15,0
4242,0,42,128,128,22,21,0
4243,0,5,36,36,15,7,0
4244,0,0,29,29,5,2,0
4245,0,5,5,5,5,0,0
4246,0,4,28,28,6,6,0
4247,0,5,24,24,8,6,22
4248,0,9,42,42,22,20,29
4249,0,9,66,66,17,15,0
4250,0,2,27,27,6,4,0
4251,0,6,8,8,13,8,5
4252,0,3,25,20,9,8,0
4253,0,20,63,63,28,25,32
4254,0,4,30,30,11,5,21
4255,0,6,26,26,4,4,0
4256,0,5,30,30,5,3,5
4257,0,6,61,61,2,0,0
4258,0,8,57,57,10,10,0
4259,0,2,15,15,7,0,0
4260,0,6,28,28,17,16,0
4261,0,10,37,37,21,21,16
4262,0,5,24,24,7,0,19
4263,0,4,16,16,0,0,11
4264,0,8,51,53,22,17,49
4265,0,10,70,70,7,3,13
4266,0,0,31,26,3,0,0
4267,0,19,107,107,23,10,0
4268,0,8,31,31,15,16,0
4269,0,0,42,42,5,0,0
4270,0,8,41,41,5,0,0
4271,0,4,29,29,8,6,0
4272,0,5,57,49,18,11,0
4273,0,0,46,46,8,9,0
4274,0,8,42,42,8,6,63
4275,0,0,40,40,5,0,34
4276,0,14,55,55,19,17,0
4277,0,0,52,52,0,0,0
4278,0,8,80,80,16,13,0
4279,0,8,45,46,9,3,51
4280,0,9,21,21,10,4,3
4281,0,6,27,27,4,2,49
4282,0,5,41,41,0,5,44
4283,0,5,22,22,7,7,13
4284,0,12,44,52,10,0,21
4285,0,14,13,13,9,3,0
4286,0,16,44,44,11,9,0
4287,0,0,30,30,2,4,0
4288,0,8,31,31,12,8,0
4289,0,3,24,24,11,6,35
4290,0,13,14,14,5,3,44
4291,0,6,54,54,14,11,0
4292,0,0,75,75,20,14,26
4293,0,7,27,27,3,4,0
4294,0,2,30,30,9,8,0
4295,0,12,37,37,13,11,30
4296,0,2,27,27,6,4,1
4297,0,6,35,35,9,7,0
4298,0,8,3,3,4,0,0
4299,0,5,24,24,3,0,0
4300,0,12,55,55,27,20,0
4301,0,10,17,17,10,6,0
4302,0,4,23,23,4,0,45
4303,0,2,22,22,6,5,0
4304,0,4,57,50,13,0,0
4305,0,0,1,1,12,7,28
4306,0,0,39,39,6,0,24
4307,0,5,29,29,10,9,0
4308,0,5,55,55,15,15,0
4309,0,5,26,26,0,0,0
4310,0,6,29,29,14,9,0
4311,0,6,33,33,18,14,0
4312,0,1,41,41,8,2,19
4313,0,5,51,51,13,7,0
4314,0,5,30,30,11,5,0
4315,0,6,45,45,8,7,0
4316,0,0,0,21,8,6,0
4317,0,5,35,35,0,0,65
4318,0,0,21,21,11,0,0
4319,0,4,22,22,1,1,0
4320,0,4,18,18,8,3,0
4321,0,4,11,11,0,0,0
4322,0,1,14,14,4,3,0
4323,0,10,51,51,21,22,0
4324,0,3,19,19,6,4,0
4325,0,3,38,38,4,0,14
4326,0,8,59,59,19,20,0
4327,0,9,36,36,14,12,0
4328,0,0,20,20,8,0,1
4329,0,4,28,28,0,3,0
4330,0,8,57,57,8,8,15
4331,0,6,18,21,9,8,0
4332,0,2,33,33,0,0,0
4333,0,7,28,28,8,0,0
4334,0,0,47,47,30,22,0
4335,0,0,24,24,5,0,0
4336,0,13,27,27,3,0,51
4337,0,0,29,29,11,8,0
4338,0,16,79,79,24,23,48
4339,0,11,32,32,8,6,0
4340,0,0,38,40,2,0,3
4341,0,4,32,32,16,14,26
4342,0,13,71,71,21,20,0
4343,0,0,40,40,10,9,0
4344,0,6,46,50,16,15,0
4345,0,2,19,19,11,5,0
4346,0,10,34,34,7,0,0
4347,0,2,13,13,13,12,17
4348,0,4,33,33,8,6,0
4349,0,3,32,32,6,3,28
4350,0,25,31,31,23,19,0
4351,0,6,39,39,9,7,42
4352,0,6,38,38,9,7,0
4353,0,8,52,52,15,13,25
4354,0,19,17,17,15,13,0
4355,0,0,33,33,3,0,19
4356,0,0,55,55,5,0,26
4357,0,12,63,63,24,18,36
4358,0,7,53,53,7,5,0
4359,0,3,38,38,7,4,0
4360,0,3,50,50,12,9,18
4361,0,0,48,48,12,12,0
4362,0,12,52,52,12,7,0
4363,0,4,27,27,0,4,0
4364,0,4,22,22,0,7,0
4365,0,5,23,25,7,3,27
4366,0,8,49,49,9,3,10
4367,0,6,31,31,11,8,0
4368,0,0,20,20,12,12,0
4369,0,0,29,29,11,9,14
4370,0,2,33,33,7,5,0
4371,0,9,42,42,7,0,0
4372,0,1,78,73,20,16,0
4373,0,6,36,36,12,10,0
4374,0,0,44,44,8,5,0
4375,0,7,21,21,7,4,35
4376,0,5,29,29,9,4,0
4377,0,16,37,37,21,13,11
4378,0,2,42,42,7,4,2
4379,0,0,35,35,7,3,5
4380,0,3,38,38,8,4,0
4381,0,2,21,21,10,9,19
4382,0,0,45,45,27,21,0
4383,0,18,84,84,20,18,0
4384,0,4,37,37,15,12,7
4385,0,11,45,45,0,0,0
4386,0,6,14,14,10,7,0
4387,0,20,28,28,12,10,46
4388,0,0,44,44,5,5,0
4389,0,9,36,36,20,16,0
4390,0,0,28,28,10,9,0
4391,0,3,21,21,3,0,14
4392,0,11,37,37,9,5,0
4393,0,11,46,46,10,6,0
4394,0,5,40,40,2,0,36
4395,0,10,28,28,7,0,5
4396,0,0,31,31,7,6,12
4397,0,10,58,58,19,15,16
4398,0,3,47,47,0,3,0
4399,0,0,29,29,5,2,10
4400,0,7,14,14,0,9,0
4401,0,1,41,41,18,15,0
4402,0,10,23,23,3,0,36
4403,0,5,36,36,7,0,0
4404,0,4,70,70,18,16,32
4405,0,3,18,18,9,6,0
4406,0,0,13,0,17,9,21
4407,0,0,45,45,11,6,0
4408,0,0,24,24,4,0,29
4409,0,13,45,45,18,17,0
4410,0,1,26,26,7,4,11
4411,0,0,34,34,10,10,0
4412,0,0,23,23,17,14,7
4413,0,0,33,33,15,17,14
4414,0,0,67,67,15,13,38
4415,0,9,33,34,8,3,44
4416,0,3,23,23,3,0,0
4417,0,11,27,27,7,0,0
4418,0,0,44,44,2,0,0
4419,0,4,62,62,10,5,65
4420,0,4,38,38,11,7,0
4421,0,16,60,60,0,9,16
4422,0,6,35,35,8,4,20
4423,0,8,33,33,7,5,0
4424,0,4,35,35,5,0,0
4425,0,0,36,36,5,3,7
4426,0,8,53,67,18,13,0
4427,0,7,20,20,10,8,38
4428,0,13,46,46,13,6,0
4429,0,0,21,21,8,7,0
4430,0,8,25,25,4,0,0
4431,0,0,29,29,4,5,0
4432,0,7,27,33,10,8,0
4433,0,23,12,12,5,0,0
4434,0,14,82,82,15,11,36
4435,0,2,24,24,16,10,0
4436,0,10,73,79,5,0,71
4437,0,0,71,71,15,15,57
4438,0,0,30,30,0,0,0
4439,0,6,26,26,9,7,0
4440,0,0,27,27,11,7,0
4441,0,2,16,16,0,0,20
4442,0,0,34,34,10,10,7
4443,0,8,20,20,13,12,5
4444,0,4,27,27,6,4,0
4445,0,3,10,10,4,0,20
4446,0,7,31,31,6,4,0
4447,0,0,53,53,2,0,0
4448,0,0,22,22,6,5,0
4449,0,0,7,7,0,0,7
4450,0,8,39,39,0,0,0
4451,0,0,27,27,9,7,0
4452,0,1,11,11,5,5,0
4453,0,1,39,39,16,16,0
4454,0,0,55,55,8,5,4
4455,0,9,24,24,0,0,0
4456,0,5,49,49,10,6,0
4457,0,0,44,44,15,11,0
4458,0,0,36,36,19,12,0
4459,0,0,26,26,11,10,0
4460,0,8,40,40,11,9,0
4461,0,13,31,31,9,5,0
4462,0,4,29,29,10,8,0
4463,0,10,18,18,5,0,0
4464,0,18,45,45,8,3,0
4465,0,8,57,57,12,8,0
4466,0,16,45,45,13,10,0
4467,0,0,54,54,12,9,31
4468,0,13,22,22,7,4,0
4469,0,3,12,12,4,0,0
4470,0,3,44,44,10,8,0
4471,0,8,37,37,9,8,0
4472,0,17,95,95,20,16,0
4473,0,5,43,43,17,13,0
4474,0,8,31,31,6,0,0
4475,0,4,11,11,2,0,86
4476,0,3,38,38,6,3,0
4477,0,8,20,20,7,6,0
4478,0,5,73,73,11,7,0
4479,0,3,39,44,7,0,16
4480,0,9,41,41,5,1,55
4481,0,10,50,50,13,11,0
4482,0,3,34,34,9,6,24
4483,0,7,37,37,8,7,0
4484,0,5,38,38,12,7,0
4485,0,1,20,20,0,0,43
4486,0,7,23,23,10,8,0
4487,0,6,0,42,3,5,13
4488,0,11,72,72,9,7,17
4489,0,0,32,32,11,9,0
4490,0,0,38,38,8,4,0
4491,0,5,35,35,18,12,0
4492,0,4,31,31,23,19,0
4493,0,3,43,43,4,0,53
4494,0,4,15,15,5,0,27
4495,0,0,36,36,7,6,0
4496,0,5,41,41,12,12,0
4497,0,4,27,25,7,0,14
4498,0,5,51,51,11,6,0
4499,0,0,57,57,17,14,0
4500,0,0,31,31,8,0,25
4501,0,0,46,46,4,0,0
4502,0,12,45,45,5,5,0
4503,0,0,10,10,12,7,9
4504,0,0,28,28,11,11,28
4505,0,12,42,42,12,6,0
4506,0,0,30,30,11,9,0
4507,0,0,29,29,9,0,0
4508,0,0,24,24,0,0,0
4509,0,2,22,22,5,0,15
4510,0,7,45,45,5,3,0
4511,0,2,34,34,0,0,0
4512,0,7,36,36,12,0,0
4513,0,8,72,72,15,15,0
4514,0,0,53,53,9,6,0
4515,0,1,9,9,0,5,0
4516,0,7,26,26,11,6,19
4517,0,4,57,57,19,13,0
4518,0,1,26,26,5,0,0
4519,0,9,39,45,12,6,53
4520,0,0,36,36,13,13,0
4521,0,0,24,24,7,6,0
4522,0,13,42,42,6,0,0
4523,0,17,54,54,0,5,0
4524,0,2,34,34,5,0,5
4525,0,0,66,66,10,9,21
4526,0,10,69,69,25,21,17
4527,0,3,27,27,17,12,0
4528,0,0,68,68,17,15,0
4529,0,3,19,19,0,2,0
4530,0,5,26,26,5,1,0
4531,0,8,34,34,7,0,0
4532,0,13,45,45,30,25,0
4533,0,5,29,29,11,7,30
4534,0,0,26,26,0,3,0
4535,0,0,26,26,5,3,33
4536,0,4,73,70,20,15,0
4537,0,7,14,14,1,1,0
4538,0,0,54,54,7,6,41
4539,0,7,98,98,14,13,36
4540,0,0,38,38,3,3,0
4541,0,4,26,26,10,0,0
4542,0,0,8,8,0,0,0
4543,0,0,62,62,10,8,0
4544,0,0,105,105,14,12,20
4545,0,3,17,17,7,4,0
4546,0,0,51,51,5,3,0
4547,0,2,26,26,8,0,0
4548,0,10,36,36,5,3,53
4549,0,0,24,24,25,20,0
4550,0,0,49,49,17,16,2
4551,0,2,29,29,13,12,0
4552,0,0,57,57,13,11,33
4553,0,8,41,41,14,9,0
4554,0,3,26,26,7,6,0
4555,0,0,45,45,11,9,0
4556,0,2,17,17,11,9,0
4557,0,5,67,67,19,19,0
4558,0,2,14,14,0,7,0
4559,0,9,35,35,20,17,0
4560,0,0,48,48,17,10,30
4561,0,7,22,22,13,12,0
4562,0,6,33,32,13,11,24
4563,0,8,39,39,11,7,0
4564,0,3,48,48,41,33,0
4565,0,24,41,41,16,13,0
4566,0,2,17,17,12,9,0
4567,0,5,36,36,18,13,0
4568,0,0,12,12,11,6,23
4569,0,12,11,11,4,3,0
4570,0,7,43,43,7,2,20
4571,0,5,34,34,14,11,0
4572,0,9,38,38,9,6,0
4573,0,12,30,30,1,0,0
4574,0,7,21,21,8,4,0
4575,0,3,10,10,4,0,0
4576,0,7,30,30,8,4,0
4577,0,4,17,17,7,6,0
4578,0,24,77,77,25,18,0
4579,0,20,16,16,31,24,0
4580,0,0,29,29,8,8,0
4581,0,0,58,58,18,15,0
4582,0,3,45,45,8,5,0
4583,0,2,31,31,0,0,0
4584,0,3,47,47,15,11,57
4585,0,0,53,54,15,13,15
4586,0,0,18,18,0,0,0
4587,0,3,34,34,11,5,0
4588,0,7,39,39,18,13,0
4589,0,5,33,33,5,0,0
4590,0,2,37,37,13,8,1
4591,0,0,37,37,0,0,22
4592,0,12,70,70,6,1,0
4593,0,10,40,40,7,0,0
4594,0,10,45,44,14,12,0
4595,0,5,35,35,10,5,1
4596,0,0,41,41,6,4,27
4597,0,8,20,20,9,7,0
4598,0,0,89,89,20,19,20
4599,0,0,43,43,6,0,0
4600,0,8,20,20,19,14,0
4601,0,4,30,30,9,10,0
4602,0,8,27,27,5,5,0
4603,0,4,76,84,19,17,20
4604,0,3,11,14,10,10,13
4605,0,4,23,23,11,9,12
4606,0,10,90,90,13,10,0
4607,0,17,37,37,5,0,0
4608,0,14,58,58,15,11,0
4609,0,9,59,59,22,20,0
4610,0,4,30,26,7,0,1
4611,0,3,27,26,5,0,0
4612,0,3,66,66,14,12,30
4613,0,17,45,45,10,9,14
4614,0,4,71,71,5,0,18
4615,0,4,25,25,8,6,32
4616,0,11,62,62,19,17,0
4617,0,9,106,106,19,12,45
4618,0,9,26,26,15,12,0
4619,0,5,22,26,13,8,23
4620,0,0,29,30,6,0,0
4621,0,4,27,27,0,3,18
4622,0,0,30,30,14,10,0
4623,0,7,40,32,13,8,0
4624,0,10,22,22,13,11,0
4625,0,1,62,62,22,16,0
4626,0,0,12,12,6,5,0
4627,0,12,52,68,0,15,0
4628,0,6,40,40,12,9,0
4629,0,8,38,38,13,8,0
4630,0,3,15,15,0,0,10
4631,0,0,41,41,4,0,0
4632,0,6,21,21,10,5,0
4633,0,4,28,28,6,5,0
4634,0,2,28,28,13,8,0
4635,0,3,35,35,10,7,0
4636,0,3,66,66,18,12,0
4637,0,0,23,23,8,2,0
4638,0,0,33,33,0,0,0
4639,0,1,15,15,8,0,1
4640,0,8,23,23,3,2,26
4641,0,0,10,10,7,0,0
4642,0,9,32,32,10,6,11
4643,0,23,49,49,15,13,0
4644,0,0,25,25,6,0,0
4645,0,10,86,86,23,20,0
4646,0,0,28,28,0,0,0
4647,0,3,51,51,7,5,0
4648,0,7,27,27,16,12,0
4649,0,3,39,39,13,11,6
4650,0,6,23,23,10,8,0
4651,0,11,43,43,5,0,0
4652,0,0,27,27,10,10,0
4653,0,9,42,42,9,9,0
4654,0,3,37,37,3,0,0
4655,0,0,79,79,21,15,0
4656,0,0,53,53,26,23,0
4657,0,13,47,39,6,6,0
4658,0,4,25,25,10,4,4
4659,0,2,31,31,9,5,0
4660,0,15,26,26,5,3,13
4661,0,3,21,21,4,0,0
4662,0,13,81,81,33,29,0
4663,0,15,33,33,5,0,32
4664,0,8,22,22,10,7,0
4665,0,3,28,28,7,0,18
4666,0,6,41,41,11,5,22
4667,0,2,24,24,6,6,26
4668,0,0,39,39,8,0,0
4669,0,17,100,100,30,22,0
4670,0,7,35,35,17,15,0
4671,0,0,3,3,1,1,12
4672,0,2,21,21,6,5,11
4673,0,7,30,30,8,7,0
4674,0,10,46,46,22,20,13
4675,0,0,41,41,4,0,0
4676,0,9,65,65,16,15,0
4677,0,7,45,45,11,10,0
4678,0,12,51,51,15,14,1
4679,0,2,23,23,2,0,0
4680,0,0,42,42,5,2,0
4681,0,12,24,24,21,19,0
4682,0,0,74,74,23,23,0
4683,0,7,30,30,7,0,0
4684,0,0,37,36,6,0,0
4685,0,3,17,17,15,10,0
4686,0,0,71,62,29,25,0
4687,0,5,38,38,18,20,2
4688,0,0,44,44,17,18,0
4689,0,0,40,40,31,25,115
4690,0,3,48,48,16,12,0
4691,0,0,20,20,15,9,0
4692,0,8,50,50,11,0,10
4693,0,23,79,79,16,11,0
4694,0,0,31,31,5,7,32
4695,0,2,44,44,5,0,0
4696,0,9,29,29,15,9,0
4697,0,6,26,26,5,3,4
4698,0,0,16,16,9,6,0
4699,0,6,63,63,15,8,0
4700,0,9,20,20,13,9,0
4701,0,1,28,28,9,4,0
4702,0,8,12,12,0,4,0
4703,0,7,26,26,4,0,0
4704,0,0,52,52,0,17,0
4705,0,8,35,35,14,11,0
4706,0,5,30,30,9,9,19
4707,0,7,22,22,6,0,0
4708,0,12,63,63,17,12,0
4709,0,6,22,22,8,4,0
4710,0,4,42,42,9,7,2
4711,0,0,25,25,16,15,0
4712,0,23,62,62,17,10,50
4713,0,0,51,51,16,11,0
4714,0,8,47,47,0,6,35
4715,0,0,41,30,13,0,0
4716,0,2,46,40,15,9,0
4717,0,2,38,38,0,0,0
4718,0,5,3,0,0,0,0
4719,0,0,15,15,24,19,0
4720,0,8,37,37,8,3,0
4721,0,20,81,81,16,12,0
4722,0,4,37,37,7,8,0
4723,0,7,55,55,23,20,0
4724,0,14,74,74,13,13,0
4725,0,0,23,23,9,7,0
4726,0,11,13,22,15,11,12
4727,0,4,41,41,7,0,0
4728,0,10,29,29,0,1,15
4729,0,12,89,89,17,11,14
4730,0,14,70,70,8,2,31
4731,0,4,19,19,5,5,16
4732,0,0,0,7,7,6,0
4733,0,4,19,19,0,5,0
4734,0,14,67,67,22,15,0
4735,0,8,45,45,12,5,0
4736,0,19,28,28,8,7,22
4737,0,5,31,31,12,8,0
4738,0,9,36,36,12,0,0
4739,0,7,49,49,15,11,0
4740,0,11,30,30,11,6,0
4741,0,5,29,31,10,6,0
4742,0,5,42,42,5,3,0
4743,0,12,37,37,9,8,0
4744,0,0,29,29,14,11,0
4745,0,0,19,19,8,3,12
4746,0,6,79,79,26,27,0
4747,0,0,30,30,9,7,0
4748,0,5,39,39,15,12,17
4749,0,6,25,25,7,5,0
4750,0,14,46,46,0,3,39
4751,0,4,18,15,8,6,0
4752,0,0,19,17,11,9,0
4753,0,1,41,41,7,7,0
4754,0,7,33,35,7,0,8
4755,0,0,34,34,10,0,0
4756,0,2,51,51,8,4,28
4757,0,3,35,35,11,9,36
4758,0,4,26,32,8,0,17
4759,0,14,29,29,12,0,34
4760,0,7,50,50,11,11,17
4761,0,19,62,66,16,18,0
4762,0,4,24,24,6,4,0
4763,0,7,17,17,10,6,29
4764,0,12,75,75,23,19,0
4765,0,9,22,22,4,0,31
4766,0,0,87,87,21,20,0
4767,0,6,49,49,7,0,22
4768,0,0,39,39,5,4,35
4769,0,10,40,40,11,8,0
4770,0,7,21,21,1,0,18
4771,0,0,12,12,9,0,0
4772,0,0,15,15,9,0,0
4773,0,11,41,41,16,10,0
4774,0,6,39,39,7,0,0
4775,0,8,28,28,12,12,0
4776,0,7,50,50,14,9,0
4777,0,6,27,27,12,10,0
4778,0,7,73,73,18,16,4
4779,0,4,40,40,16,16,0
4780,0,5,39,39,5,0,0
4781,0,6,34,34,6,0,0
4782,0,10,56,56,16,14,0
4783,0,8,40,40,17,16,20
4784,0,3,31,31,6,3,17
4785,0,6,48,48,17,18,0
4786,0,5,36,36,8,0,0
4787,0,13,100,100,47,39,0
4788,0,5,46,46,13,9,19
4789,0,12,41,41,14,11,0
4790,0,2,40,40,8,7,37
4791,0,2,24,26,6,4,0
4792,0,1,12,12,15,8,15
4793,0,4,30,30,11,7,19
4794,0,2,10,10,12,8,0
4795,0,2,43,43,5,0,0
4796,0,0,31,31,7,0,0
4797,0,0,22,14,3,0,0
4798,0,8,36,36,13,10,0
4799,0,0,8,8,13,12,0
4800,0,12,50,50,15,12,0
4801,0,4,18,18,9,8,0
4802,0,0,14,0,4,0,3
4803,0,9,63,63,0,1,0
4804,0,0,35,35,9,8,0
4805,0,7,37,37,8,2,18
4806,0,3,33,33,14,11,1
4807,0,4,50,50,8,8,0
4808,0,0,42,42,0,0,0
4809,0,8,27,27,5,0,0
4810,0,0,15,15,2,0,0
4811,0,9,40,40,6,5,0
4812,0,0,46,46,28,24,0
4813,0,5,17,17,12,11,0
4814,0,0,45,45,17,18,0
4815,0,13,59,59,12,8,0
4816,0,6,20,24,7,6,34
4817,0,8,22,22,8,3,0
4818,0,17,57,46,37,32,0
4819,0,10,31,27,0,0,0
4820,0,3,36,36,17,15,15
4821,0,0,32,33,16,15,0
4822,0,2,52,52,13,7,0
4823,0,0,32,32,8,8,0
4824,0,0,24,24,9,0,0
4825,0,0,60,60,24,17,0
4826,0,9,25,25,13,12,0
4827,0,0,27,27,9,7,9
4828,0,2,26,26,0,0,33
4829,0,2,27,27,10,6,0
4830,0,0,38,38,9,6,26
4831,0,14,17,17,10,0,8
4832,0,0,13,13,4,0,32
4833,0,3,26,26,0,0,0
4834,0,6,31,31,7,0,0
4835,0,10,34,34,15,13,0
4836,0,4,44,44,1,0,0
4837,0,0,25,25,5,0,12
4838,0,3,27,27,2,2,0
4839,0,13,72,72,20,13,13
4840,0,0,40,40,13,12,0
4841,0,4,32,32,1,1,13
4842,0,14,50,50,23,20,0
4843,0,5,37,37,13,8,8
4844,0,0,36,36,3,2,1
4845,0,5,21,21,6,0,0
4846,0,0,33,33,5,0,0
4847,0,9,42,42,9,7,0
4848,0,19,59,59,18,17,36
4849,0,6,16,16,3,0,6
4850,0,8,36,36,22,21,0
4851,0,4,31,31,11,10,0
4852,0,10,57,57,15,9,0
4853,0,2,33,33,13,9,8
4854,0,0,22,22,4,4,29
4855,0,6,57,57,11,10,0
4856,0,6,38,38,6,0,11
4857,0,10,44,44,19,14,0
4858,0,12,0,8,5,0,0
4859,0,7,41,41,8,0,13
4860,0,0,22,22,0,5,0
4861,0,0,48,48,3,0,19
4862,0,0,20,20,10,8,18
4863,0,0,30,30,5,0,0
4864,0,0,65,58,13,12,0
4865,0,12,36,36,11,7,4
4866,0,0,14,14,5,0,0
4867,0,3,39,39,6,0,0
4868,0,11,46,46,6,0,0
4869,0,8,33,33,12,4,38
4870,0,10,40,40,14,12,0
4871,0,0,27,27,11,5,38
4872,0,0,31,31,7,7,0
4873,0,5,39,39,0,0,7
4874,0,10,33,33,19,15,0
4875,0,0,11,11,4,3,0
4876,0,4,47,47,5,5,0
4877,0,6,48,48,0,0,0
4878,0,3,58,56,13,7,36
4879,0,3,28,28,15,15,21
4880,0,0,83,83,4,3,0
4881,0,0,27,27,14,9,3
4882,0,7,36,36,18,12,0
4883,0,4,34,34,10,10,11
4884,0,3,33,33,4,3,27
4885,0,6,37,37,12,10,0
4886,0,2,37,37,7,6,0
4887,0,2,32,32,6,6,0
4888,0,12,27,27,12,7,0
4889,0,0,16,16,10,9,0
4890,0,2,30,36,1,0,5
4891,0,0,57,57,7,7,0
4892,0,8,41,41,20,16,0
4893,0,0,55,65,29,26,0
4894,0,5,33,33,6,4,0
4895,0,2,6,6,11,9,0
4896,0,12,34,34,13,7,0
4897,0,2,28,28,10,6,0
4898,0,4,16,16,4,0,0
4899,0,8,31,31,8,0,0
4900,0,5,56,56,17,10,0
4901,0,2,27,27,5,0,0
4902,0,7,43,43,2,2,0
4903,0,9,39,39,9,9,0
4904,0,22,86,86,37,31,37
4905,0,10,78,78,24,22,29
4906,0,2,5,5,2,1,6
4907,0,3,40,40,20,12,0
4908,0,3,35,35,3,0,0
4909,0,12,99,99,14,14,81
4910,0,2,35,35,2,3,44
4911,0,2,33,33,5,5,0
4912,0,9,17,17,0,8,0
4913,0,11,22,26,8,4,19
4914,0,0,11,11,4,3,0
4915,0,4,24,24,9,5,0
4916,0,0,29,29,10,9,0
4917,0,22,95,95,24,22,45
4918,0,2,42,42,14,11,0
4919,0,14,40,40,17,14,0
4920,0,0,29,29,11,7,0
4921,0,2,49,49,18,14,0
4922,0,7,39,39,9,6,0
4923,0,2,47,47,9,6,31
4924,0,2,18,18,4,3,0
4925,0,5,34,34,5,0,0
4926,0,0,15,15,9,6,0
4927,0,3,34,34,1,1,21
4928,0,0,39,39,10,7,0
4929,0,5,24,24,7,4,10
4930,0,0,24,24,8,0,0
4931,0,0,29,29,6,6,0
4932,0,10,52,52,9,5,0
4933,0,3,35,35,6,4,0
4934,0,0,53,53,20,13,0
4935,0,0,49,49,11,10,9
4936,0,0,57,57,17,15,18
4937,0,9,40,40,10,7,0
4938,0,4,33,33,6,1,27
4939,0,10,106,106,25,21,42
4940,0,13,35,35,12,11,0
4941,0,6,39,39,3,2,0
4942,0,11,43,43,7,6,0
4943,0,8,36,36,16,12,21
4944,0,13,52,52,9,0,0
4945,0,4,47,47,22,18,0
4946,0,0,23,23,7,7,27
4947,0,10,27,27,7,5,0
4948,0,0,24,24,3,0,0
4949,0,19,82,82,28,28,0
4950,0,15,63,63,23,19,0
4951,0,9,48,48,27,25,0
4952,0,16,123,123,17,10,0
4953,0,1,17,17,9,6,0
4954,0,4,37,37,9,6,0
4955,0,0,27,27,0,2,0
4956,0,8,32,32,0,7,0
4957,0,5,49,49,3,0,22
4958,0,6,26,26,8,0,17
4959,0,4,33,33,9,4,14
4960,0,4,39,39,13,8,0
4961,0,0,18,18,5,0,0
4962,0,0,37,36,8,6,2
4963,0,5,36,36,7,3,0
4964,0,17,24,24,7,6,0
4965,0,5,22,22,8,6,0
4966,0,0,14,14,9,4,0
4967,0,0,56,56,0,9,0
4968,0,3,22,22,8,0,0
4969,0,6,31,31,16,10,1
4970,0,1,32,32,5,2,0
4971,0,2,25,25,6,0,0
4972,0,0,34,34,4,4,0
4973,0,8,56,46,20,20,0
4974,0,14,73,73,19,17,0
4975,0,5,22,22,11,6,10
4976,0,0,16,16,5,0,0
4977,0,12,93,93,21,15,0
4978,0,2,8,10,2,0,34
4979,0,14,38,38,11,9,0
4980,0,13,56,56,11,5,62
4981,0,0,31,31,6,5,0
4982,0,6,36,36,11,5,10
4983,0,14,75,75,12,11,0
4984,0,0,41,41,11,11,0
4985,0,3,48,48,13,7,0
4986,0,2,25,25,6,0,9
4987,0,6,40,40,15,9,5
4988,0,0,36,36,6,0,0
4989,0,4,38,38,10,4,13
4990,0,19,62,62,20,18,0
4991,0,9,31,31,7,4,0
4992,0,2,17,17,0,0,22
4993,0,7,33,33,18,16,0
4994,0,1,20,20,0,0,0
4995,0,4,35,35,5,3,0
4996,0,10,28,28,5,3,0
4997,0,14,91,95,19,13,33
4998,0,0,32,34,8,5,2
4999,0,3,48,48,10,11,0
5000,0,4,23,23,3,3,0
5001,0,0,41,41,11,7,0
5002,0,11,15,15,10,0,0
5003,0,4,31,31,8,0,27
5004,0,3,57,57,14,13,32
5005,0,17,50,50,6,2,10
5006,0,6,13,14,11,6,0
5007,0,13,50,50,10,6,9
5008,0,6,43,43,5,0,17
5009,0,0,26,26,7,6,0
5010,0,7,25,25,9,6,16
5011,0,0,63,56,14,13,0
5012,0,0,43,43,5,4,18
5013,0,3,37,37,12,14,0
5014,0,4,62,62,10,8,0
5015,0,0,9,9,7,0,0
5016,0,0,35,35,6,1,0
5017,0,6,27,27,9,0,0
5018,0,9,39,39,17,16,34
5019,0,2,26,26,4,0,23
5020,0,14,69,69,28,25,0
5021,0,0,2,2,16,15,0
5022,0,2,32,39,9,0,12
5023,0,11,75,75,16,13,0
5024,0,4,29,29,11,8,0
5025,0,3,33,34,4,4,29
5026,0,0,44,44,31,27,0
5027,0,11,41,41,13,10,0
5028,0,0,26,26,2,2,8
5029,0,0,47,47,15,13,0
5030,0,0,26,26,4,2,0
5031,0,5,30,30,4,3,10
5032,0,6,36,36,18,14,0
5033,0,6,61,61,15,11,0
5034,0,8,28,28,8,0,12
5035,0,6,28,28,11,8,0
5036,0,4,55,55,5,2,0
5037,0,5,23,23,12,7,0
5038,0,5,15,14,3,0,0
5039,0,10,65,75,18,16,1
5040,0,3,36,36,6,2,0
5041,0,3,41,41,5,0,0
5042,0,0,17,17,8,0,26
5043,0,5,30,30,10,7,0
5044,0,0,26,26,4,0,0
5045,0,5,21,21,9,0,0
5046,0,0,25,25,1,2,0
5047,0,5,43,43,17,18,0
5048,0,5,12,12,9,9,45
5049,0,6,39,39,10,6,0
5050,0,10,71,71,5,2,0
5051,0,6,63,56,3,3,11
5052,0,8,55,55,6,0,0
5053,0,14,33,33,14,13,26
5054,0,4,26,26,4,2,16
5055,0,9,35,35,6,0,0
5056,0,19,7,7,2,2,35
5057,0,0,49,49,11,7,0
5058,0,2,23,23,12,7,0
5059,0,9,66,66,11,8,0
5060,0,10,29,29,8,0,17
5061,0,8,34,34,10,0,0
5062,0,8,52,65,19,14,38
5063,0,9,43,43,3,0,0
5064,0,15,59,59,14,11,0
5065,0,0,47,60,3,0,26
5066,0,5,31,31,0,8,0
5067,0,8,31,31,4,3,0
5068,0,6,127,127,15,21,49
5069,0,2,23,23,6,3,0
5070,0,4,30,34,14,12,27
5071,0,4,23,23,8,3,31
5072,0,0,20,20,4,0,0
5073,0,3,32,32,4,7,23
5074,0,4,20,20,3,0,0
5075,0,16,80,80,15,13,0
5076,0,9,24,24,7,3,0
5077,0,3,29,29,5,0,40
5078,0,9,64,64,26,22,0
5079,0,8,27,27,6,0,2
5080,0,3,74,74,18,11,32
5081,0,0,29,29,5,1,0
5082,0,0,27,27,9,7,0
5083,0,0,13,13,5,4,4
5084,0,0,91,91,16,17,0
5085,0,2,43,43,8,4,19
5086,0,6,37,37,5,0,5
5087,0,0,0,11,0,0,0
5088,0,0,56,56,20,12,0
5089,0,18,64,64,7,6,14
5090,0,4,76,76,27,26,0
5091,0,0,54,54,6,0,0
5092,0,8,55,55,27,22,33
5093,0,3,39,39,6,2,0
5094,0,13,63,63,18,13,19
5095,0,6,28,28,6,7,16
5096,0,4,33,33,7,1,16
5097,0,2,34,34,9,5,0
5098,0,0,23,23,8,6,0
5099,0,11,81,81,22,18,0
5100,0,2,32,32,4,0,0
5101,0,6,44,44,13,9,0
5102,0,12,32,32,14,10,1
5103,0,0,47,47,0,0,0
5104,0,0,40,44,9,6,0
5105,0,0,42,50,13,10,0
5106,0,0,36,36,11,6,0
5107,0,0,38,32,1,6,0
5108,0,10,32,32,14,11,0
5109,0,0,41,41,8,5,0
5110,0,12,51,51,3,0,0
5111,0,6,33,33,13,11,0
5112,0,6,31,31,0,0,0
5113,0,2,29,29,8,10,0
5114,0,2,31,31,4,0,24
5115,0,8,61,61,14,14,0
5116,0,6,20,20,0,8,14
5117,0,0,45,45,9,9,0
5118,0,6,28,28,12,11,0
5119,0,2,39,39,7,0,4
5120,0,3,27,27,7,3,2
5121,0,7,58,58,17,15,72
5122,0,9,23,23,15,10,0
5123,0,0,17,18,19,14,0
5124,0,13,55,55,21,12,0
5125,0,0,56,56,17,16,0
5126,0,16,54,54,23,18,0
5127,0,7,76,76,13,12,0
5128,0,0,42,42,9,0,0
5129,0,7,30,26,17,13,20
5130,0,6,24,24,8,0,0
5131,0,15,41,41,15,13,11
5132,0,4,9,9,4,1,33
5133,0,10,37,37,6,3,1
5134,0,0,43,43,14,13,0
5135,0,4,23,23,3,3,0
5136,0,3,29,29,9,9,0
5137,0,9,67,77,18,12,57
5138,0,8,56,56,9,0,0
5139,0,4,14,14,2,0,13
5140,0,8,53,53,10,7,32
5141,0,4,18,0,15,10,0
5142,0,4,28,28,5,2,0
5143,0,12,44,44,6,4,0
5144,0,4,21,21,3,0,0
5145,0,0,11,11,4,0,0
5146,0,3,44,44,2,0,11
5147,0,10,42,42,9,0,25
5148,0,8,37,37,22,20,0
5149,0,4,8,15,7,0,0
5150,0,8,40,40,18,15,0
5151,0,4,34,34,0,3,0
5152,0,3,41,41,10,0,27
5153,0,8,21,21,13,8,29
5154,0,9,24,24,11,9,7
5155,0,2,25,25,15,10,0
5156,0,0,40,40,4,0,0
5157,0,8,47,47,7,0,13
5158,0,0,34,34,3,0,0
5159,0,3,38,38,5,3,0
5160,0,2,3,3,11,5,19
5161,0,0,36,36,7,6,17
5162,0,4,48,47,7,0,53
5163,0,7,53,53,10,6,0
5164,0,4,15,15,6,0,0
5165,0,9,43,42,14,12,25
5166,0,2,38,38,12,10,0
5167,0,3,41,41,14,10,0
5168,0,9,34,34,10,8,0
5169,0,2,16,16,12,12,0
5170,0,5,31,31,0,4,0
5171,0,11,54,54,16,10,0
5172,0,3,36,36,10,6,0
5173,0,11,53,53,19,16,0
5174,0,0,66,66,13,11,0
5175,0,4,10,9,9,6,0
5176,0,9,88,88,9,16,51
5177,0,0,39,39,9,0,0
5178,0,0,13,13,3,0,0
5179,0,11,26,26,2,2,0
5180,0,5,27,27,5,0,0
5181,0,13,99,99,17,13,0
5182,0,4,21,21,6,5,0
5183,0,0,24,24,0,11,0
5184,0,0,19,19,3,2,0
5185,0,5,24,24,8,6,0
5186,0,6,24,24,31,26,0
5187,0,25,21,21,14,9,0
5188,0,2,19,22,8,4,27
5189,0,2,30,30,10,7,0
5190,0,0,31,31,6,4,5
5191,0,0,17,17,4,0,0
5192,0,0,21,21,7,3,0
5193,0,2,46,46,9,0,14
5194,0,6,26,26,13,11,4
5195,0,1,39,39,4,0,19
5196,0,3,24,24,4,0,1
5197,0,0,17,17,8,6,0
5198,0,16,58,58,5,4,0
5199,0,8,35,35,7,7,10
5200,0,5,43,43,10,9,0
5201,0,0,48,48,4,3,52
5202,0,6,17,17,9,6,0
5203,0,9,54,54,9,6,0
5204,0,0,30,30,4,3,0
5205,0,20,128,128,28,25,0
5206,0,3,53,53,14,11,0
5207,0,7,50,50,9,7,0
5208,0,0,23,23,12,8,0
5209,0,2,34,34,4,2,0
5210,0,4,39,39,4,3,7
5211,0,2,46,46,11,7,0
5212,0,2,29,29,0,0,0
5213,0,5,26,26,9,9,0
5214,0,6,30,30,8,1,0
5215,0,6,44,44,21,14,0
5216,0,2,27,27,6,3,0
5217,0,8,28,28,4,4,0
5218,0,2,43,43,8,9,0
5219,0,1,9,0,7,0,0
5220,0,4,12,12,0,0,0
5221,0,11,43,43,25,19,9
5222,0,6,40,40,14,10,0
5223,0,10,79,79,32,22,0
5224,0,0,8,8,3,0,0
5225,0,0,63,63,18,11,0
5226,0,3,23,23,3,0,0
5227,0,6,28,28,4,0,0
5228,0,0,29,29,0,1,37
5229,0,5,15,15,13,9,0
5230,0,0,35,35,9,5,0
5231,0,3,47,47,7,4,0
5232,0,0,60,60,20,17,0
5233,0,0,16,16,9,8,0
5234,0,0,30,30,3,0,0
5235,0,0,32,32,10,10,0
5236,0,7,28,28,14,12,0
5237,0,5,53,53,6,5,0
5238,0,0,29,29,6,8,0
5239,0,11,84,84,15,0,18
5240,0,0,36,36,3,0,35
5241,0,0,27,27,9,6,20
5242,0,1,33,33,8,8,39
5243,0,7,39,39,18,12,52
5244,0,8,15,15,8,4,0
5245,0,0,38,38,11,10,0
5246,0,0,44,44,9,8,0
5247,0,6,25,25,0,0,0
5248,0,6,16,16,0,9,0
5249,0,5,24,24,7,5,0
5250,0,2,18,18,8,4,0
5251,0,0,50,62,15,7,22
5252,0,15,64,64,10,7,0
5253,0,0,21,21,8,8,0
5254,0,15,58,58,7,0,38
5255,0,8,36,36,5,0,0
5256,0,10,41,41,9,0,0
5257,0,13,41,41,3,6,23
5258,0,4,25,25,15,11,0
5259,0,0,44,44,12,7,0
5260,0,0,15,15,10,8,0
5261,0,7,47,47,21,0,0
5262,0,0,25,25,7,5,51
5263,0,7,28,28,7,5,0
5264,0,3,16,16,4,0,1
5265,0,9,44,44,19,16,0
5266,0,0,25,25,7,7,0
5267,0,2,35,35,4,3,0
5268,0,12,29,29,10,10,0
5269,0,7,23,23,13,11,0
5270,0,9,73,73,27,24,0
5271,0,6,28,28,12,7,16
5272,0,2,41,41,19,15,0
5273,0,0,55,65,5,0,28
5274,0,0,45,45,3,0,0
5275,0,3,33,33,13,6,27
5276,0,3,26,26,11,9,0
5277,0,4,18,18,10,9,13
5278,0,12,92,92,47,44,0
5279,0,0,46,46,12,10,34
5280,0,12,40,40,17,16,0
5281,0,4,19,19,4,0,0
5282,0,14,50,50,16,12,15
5283,0,2,32,30,6,3,0
5284,0,1,18,18,4,0,0
5285,0,7,42,42,5,3,0
5286,0,17,35,39,11,0,0
5287,0,0,57,57,17,12,0
5288,0,8,25,25,4,4,24
5289,0,0,26,26,13,12,27
5290,0,11,64,64,9,4,0
5291,0,3,32,32,8,3,0
5292,0,9,0,0,9,0,0
5293,0,2,34,34,4,0,0
5294,0,9,50,50,5,4,0
5295,0,10,25,25,7,4,0
5296,0,4,27,27,13,12,14
5297,0,0,24,24,13,7,0
5298,0,1,26,26,18,15,0
5299,0,4,23,23,12,12,0
5300,0,8,90,90,18,12,0
5301,0,0,26,29,7,0,0
5302,0,0,15,15,9,6,0
5303,0,0,50,50,18,14,14
5304,0,5,35,35,9,8,18
5305,0,8,41,41,7,3,0
5306,0,8,15,15,11,7,31
5307,0,0,31,31,12,6,20
5308,0,13,30,30,13,8,2
5309,0,10,68,66,6,0,69
5310,0,0,33,33,13,6,1
5311,0,12,47,47,15,9,0
5312,0,8,28,31,19,18,0
5313,0,7,24,24,7,2,0
5314,0,0,76,76,29,28,6
5315,0,6,25,25,22,18,0
5316,0,9,55,55,13,14,0
5317,0,0,70,70,21,20,0
5318,0,2,18,18,5,4,20
5319,0,8,27,27,8,0,0
5320,0,2,85,85,13,9,0
5321,0,14,91,91,23,17,42
5322,0,8,44,44,20,19,0
5323,0,5,34,34,11,10,3
5324,0,6,42,42,13,6,0
5325,0,0,54,54,11,6,52
5326,0,8,33,33,8,0,0
5327,0,4,53,47,25,20,0
5328,0,12,39,39,8,6,0
5329,0,9,70,70,8,0,57
5330,0,6,24,24,5,0,3
5331,0,5,26,26,7,0,0
5332,0,0,23,23,7,6,0
5333,0,7,23,23,8,7,0
5334,0,32,22,22,13,11,30
5335,0,6,41,41,13,11,0
5336,0,2,40,40,10,8,0
5337,0,11,65,65,14,10,0
5338,0,0,54,54,8,0,0
5339,0,15,32,32,7,9,0
5340,0,13,52,52,0,2,18
5341,0,4,17,17,14,13,0
5342,0,11,32,32,10,8,0
5343,0,11,52,52,8,5,0
5344,0,6,42,46,11,7,18
5345,0,9,55,55,7,0,20
5346,0,2,45,45,15,10,0
5347,0,2,30,30,0,0,0
5348,0,0,20,20,11,0,0
5349,0,2,38,38,14,12,0
5350,0,0,43,43,17,14,22
5351,0,6,32,32,2,0,0
5352,0,12,84,84,20,16,0
5353,0,24,92,92,24,21,0
5354,0,12,44,49,12,7,14
5355,0,0,3,3,14,9,7
5356,0,0,21,21,15,12,0
5357,0,2,19,19,3,0,36
5358,0,2,45,45,16,6,0
5359,0,9,39,39,18,10,0
5360,0,6,31,40,10,6,17
5361,0,17,61,61,31,26,34
5362,0,8,47,47,7,4,0
5363,0,3,22,25,12,11,0
5364,0,10,49,49,7,5,17
5365,0,0,16,16,5,4,0
5366,0,12,20,20,9,8,2
5367,0,3,62,62,16,10,0
5368,0,0,68,68,10,5,45
5369,0,11,77,77,23,20,0
5370,0,6,22,22,8,8,0
5371,0,0,40,40,7,0,0
5372,0,2,37,37,10,6,0
5373,0,3,35,35,8,5,0
5374,0,0,47,47,12,7,0
5375,0,3,35,35,7,4,0
5376,0,3,44,44,3,2,0
5377,0,6,45,45,0,0,0
5378,0,2,34,33,8,5,11
5379,0,0,25,25,0,10,0
5380,0,0,36,36,8,5,4
5381,0,6,36,36,12,7,0
5382,0,22,141,141,25,20,67
5383,0,3,27,27,11,9,0
5384,0,8,28,28,9,7,0
5385,0,4,38,38,10,6,10
5386,0,0,15,15,7,0,62
5387,0,0,24,24,14,12,0
5388,0,7,48,60,8,6,0
5389,0,0,86,86,10,0,0
5390,0,7,30,25,8,5,0
5391,0,0,70,70,37,29,0
5392,0,12,37,37,5,7,0
5393,0,4,13,13,5,2,0
5394,0,3,26,23,6,0,29
5395,0,0,24,24,5,4,24
5396,0,11,71,71,18,13,40
5397,0,3,27,27,3,0,0
5398,0,0,27,27,7,0,0
5399,0,19,67,55,23,23,0
5400,0,18,38,38,5,0,21
5401,0,7,26,26,5,0,0
5402,0,3,24,23,4,4,1
5403,0,0,21,21,8,2,49
5404,0,8,50,50,0,2,26
5405,0,0,51,51,9,3,34
5406,0,0,42,42,9,1,0
5407,0,3,79,79,20,16,0
5408,0,9,36,36,12,8,0
5409,0,2,19,19,13,10,7
5410,0,5,24,24,12,11,0
5411,0,15,50,50,23,20,25
5412,0,5,38,38,16,15,0
5413,0,0,49,49,28,27,0
5414,0,6,16,16,3,0,0
5415,0,3,52,52,8,6,22
5416,0,4,24,24,4,1,0
5417,0,8,48,48,6,0,0
5418,0,0,27,27,4,1,0
5419,0,5,43,43,11,10,0
5420,0,0,38,38,0,3,0
5421,0,10,49,49,11,8,0
5422,0,7,42,42,4,0,0
5423,0,3,64,64,6,2,54
5424,0,5,40,40,7,6,3
5425,0,0,13,16,6,4,12
5426,0,17,52,52,10,10,0
5427,0,2,50,50,0,4,0
5428,0,5,9,16,11,10,29
5429,0,6,29,29,7,5,10
5430,0,2,35,35,5,3,0
5431,0,3,40,40,5,0,21
5432,0,4,31,31,17,11,15
5433,0,7,23,23,4,0,0
5434,0,6,119,119,30,23,67
5435,0,0,45,45,20,12,0
5436,0,0,52,52,10,9,0
5437,0,5,64,61,20,14,0
5438,0,6,41,41,13,9,0
5439,0,2,28,28,5,2,0
5440,0,3,27,27,12,5,0
5441,0,5,30,30,6,0,0
5442,0,8,63,63,10,6,0
5443,0,4,55,55,22,17,0
5444,0,5,94,81,14,9,60
5445,0,2,40,40,16,11,25
5446,0,12,56,56,26,24,0
5447,0,0,12,12,6,0,0
5448,0,0,84,84,17,12,0
5449,0,3,36,36,5,0,0
5450,0,4,55,55,25,18,0
5451,0,3,31,33,7,0,1
5452,0,13,60,60,21,16,30
5453,0,4,44,44,0,0,2
5454,0,3,22,22,0,0,8
5455,0,0,26,26,1,1,0
5456,0,0,41,41,17,17,0
5457,0,1,55,55,15,14,0
5458,0,8,30,30,23,19,0
5459,0,10,56,56,19,18,0
5460,0,0,10,10,3,0,0
5461,0,0,29,29,8,8,0
5462,0,0,45,45,9,2,0
5463,0,0,44,44,5,0,0
5464,0,0,14,14,4,0,0
5465,0,0,13,13,9,5,0
5466,0,16,81,81,15,12,0
5467,0,0,26,26,3,0,25
5468,0,12,87,71,13,8,0
5469,0,0,89,89,25,23,0
5470,0,4,18,18,13,11,0
5471,0,1,30,30,0,0,0
5472,0,10,28,28,0,0,0
5473,0,0,33,33,3,0,16
5474,0,2,34,34,0,2,0
5475,0,9,26,26,10,8,0
5476,0,1,40,40,24,19,0
5477,0,2,53,53,7,0,17
5478,0,11,34,34,9,6,31
5479,0,3,48,48,3,0,0
5480,0,5,17,17,11,5,0
5481,0,2,42,42,0,0,5
5482,0,8,20,20,8,5,0
5483,0,0,77,77,4,0,0
5484,0,0,27,27,7,3,0
5485,0,5,43,43,3,2,10
5486,0,0,56,56,22,21,52
5487,0,3,20,20,4,0,0
5488,0,3,40,40,14,12,0
5489,0,0,38,38,12,8,1
5490,0,6,32,32,9,0,0
5491,0,2,114,114,6,0,1
5492,0,4,51,42,13,11,19
5493,0,16,79,79,26,23,26
5494,0,5,22,22,8,4,0
5495,0,4,31,31,12,11,0
5496,0,2,39,39,1,0,0
5497,0,9,29,29,12,6,0
5498,0,0,48,48,0,4,0
5499,0,4,40,40,5,0,0
5500,0,15,43,43,7,0,0
5501,0,7,46,46,13,8,0
5502,0,0,23,23,19,17,0
5503,0,0,33,33,10,8,0
5504,0,10,46,46,11,0,0
5505,0,1,35,35,10,6,0
5506,0,9,51,51,17,9,7
5507,0,8,61,61,11,7,0
5508,0,13,106,106,29,20,0
5509,0,10,39,39,6,2,0
5510,0,4,40,40,4,0,0
5511,0,0,82,82,22,18,0
5512,0,4,30,30,5,4,0
5513,0,11,46,46,18,11,17
5514,0,0,20,20,8,8,0
5515,0,13,35,35,16,17,0
5516,0,15,75,75,29,29,0
5517,0,7,39,39,9,11,0
5518,0,0,56,56,11,10,20
5519,0,2,41,41,8,5,0
5520,0,7,69,69,5,0,0
5521,0,7,43,43,5,0,0
5522,0,3,28,28,5,0,0
5523,0,2,42,42,20,14,0
5524,0,0,16,21,6,3,0
5525,0,10,50,50,27,22,0
5526,0,3,41,41,3,0,0
5527,0,11,36,36,10,4,0
5528,0,0,70,70,24,17,26
5529,0,17,82,82,22,17,0
5530,0,5,21,27,8,5,46
5531,0,5,26,28,4,2,25
5532,0,0,19,19,0,0,0
5533,0,9,12,0,1,0,0
5534,0,0,31,31,8,7,0
5535,0,8,56,56,10,8,0
5536,0,10,20,0,13,12,39
5537,0,0,36,36,10,0,0
5538,0,6,36,36,18,15,53
5539,0,0,42,39,6,0,0
5540,0,0,33,33,9,6,0
5541,0,7,23,23,11,9,0
5542,0,0,80,80,33,30,0
5543,0,3,15,16,0,0,0
5544,0,2,65,65,15,12,0
5545,0,3,39,39,9,9,0
5546,0,3,54,54,10,4,37
5547,0,4,9,9,8,0,0
5548,0,5,32,32,6,2,8
5549,0,2,38,38,5,4,0
5550,0,1,14,14,5,0,0
5551,0,6,37,37,6,7,0
5552,0,9,33,33,9,0,13
5553,0,0,24,24,4,0,0
5554,0,10,41,41,7,4,0
5555,0,0,32,32,8,5,0
5556,0,5,12,12,22,20,0
5557,0,8,49,49,15,8,9
5558,0,5,28,28,8,7,61
5559,0,0,42,42,0,2,0
5560,0,3,41,41,4,0,0
5561,0,0,44,44,11,9,0
5562,0,7,33,33,1,0,0
5563,0,7,22,22,10,11,0
5564,0,2,30,40,14,7,0
5565,0,6,46,46,16,14,0
5566,0,3,27,27,7,0,0
5567,0,3,18,18,6,4,0
5568,0,4,35,35,17,15,0
5569,0,10,48,48,10,8,0
5570,0,0,25,25,6,0,0
5571,0,2,67,67,30,24,0
5572,0,8,49,49,12,9,9
5573,0,16,66,66,19,15,29
5574,0,0,29,29,7,5,0
5575,0,3,50,50,7,0,0
5576,0,0,40,40,11,10,0
5577,0,2,46,46,4,0,0
5578,0,0,49,0,7,3,0
5579,0,1,41,41,8,4,0
5580,0,0,40,40,6,0,0
5581,0,0,21,21,9,8,0
5582,0,13,84,84,18,9,55
5583,0,6,43,43,14,7,0
5584,0,8,35,35,9,6,12
5585,0,4,41,41,8,4,0
5586,0,12,53,53,11,11,0
5587,0,12,68,68,24,20,0
5588,0,11,52,52,13,9,9
5589,0,2,76,76,19,13,20
5590,0,0,51,51,12,8,0
5591,0,9,86,86,12,10,77
5592,0,0,33,33,7,3,0
5593,0,8,50,62,15,13,58
5594,0,6,26,26,12,11,0
5595,0,8,48,48,9,6,0
5596,0,18,70,70,15,13,32
5597,0,3,37,37,11,0,0
5598,0,8,36,36,12,11,0
5599,0,3,55,55,10,9,22
5600,0,0,61,61,12,11,0
5601,0,6,40,40,9,5,0
5602,0,11,61,74,18,12,59
5603,0,0,34,34,3,3,0
5604,0,6,36,36,12,10,0
5605,0,0,29,29,5,0,0
5606,0,0,67,67,21,20,0
5607,0,6,15,15,10,6,19
5608,0,13,32,32,11,8,0
5609,0,3,45,45,10,7,0
5610,0,0,34,34,0,0,0
5611,0,2,26,26,8,4,22
5612,0,4,54,54,6,4,0
5613,0,11,39,39,4,0,0
5614,0,11,65,65,18,14,0
5615,0,4,56,56,12,10,35
5616,0,0,32,29,10,0,0
5617,0,0,65,65,7,6,0
5618,0,7,26,26,9,6,0
5619,0,12,29,29,17,14,0
5620,0,4,30,30,19,19,0
5621,0,5,63,63,13,9,0
5622,0,3,47,47,17,16,21
5623,0,0,43,43,9,10,0
5624,0,9,89,89,13,9,0
5625,0,5,26,26,3,0,19
5626,0,5,30,30,5,0,31
5627,0,5,34,34,3,0,17
5628,0,6,46,46,0,0,0
5629,0,7,38,38,2,0,0
5630,0,0,38,38,6,0,0
5631,0,4,29,29,10,0,12
5632,0,1,38,38,17,15,0
5633,0,0,48,48,7,6,9
5634,0,7,49,49,0,6,24
5635,0,8,19,19,11,7,0
5636,0,0,11,11,4,0,21
5637,0,3,23,23,2,0,0
5638,0,0,17,17,4,0,13
5639,0,0,33,33,4,0,0
5640,0,5,29,29,15,15,0
5641,0,2,40,40,8,5,0
5642,0,0,44,44,5,4,0
5643,0,0,23,23,11,6,0
5644,0,4,69,69,20,17,0
5645,0,12,61,61,13,6,0
5646,0,0,35,35,7,6,26
5647,0,2,13,13,16,14,0
5648,0,11,30,30,6,4,0
5649,0,3,31,31,4,3,0
5650,0,7,43,43,10,6,0
5651,0,6,38,38,10,7,16
5652,0,0,42,37,4,0,0
5653,0,11,104,104,32,26,0
5654,0,0,21,21,4,0,0
5655,0,0,59,59,9,10,0
5656,0,7,49,54,0,0,30
5657,0,3,45,45,1,1,1
5658,0,3,24,24,10,5,16
5659,0,4,31,31,6,5,37
5660,0,6,28,28,3,0,0
5661,0,19,13,13,15,18,0
5662,0,7,37,37,3,0,1
5663,0,0,30,30,5,3,0
5664,0,7,39,39,12,9,0
5665,0,7,65,65,13,10,35
5666,0,6,41,41,11,9,0
5667,0,4,29,29,3,0,0
5668,0,6,36,36,8,0,0
5669,0,3,32,32,9,7,0
5670,0,0,62,62,8,9,0
5671,0,1,25,25,2,0,0
5672,0,0,52,52,25,22,0
5673,0,3,49,49,10,8,21
5674,0,12,73,73,21,14,0
5675,0,4,51,51,10,6,0
5676,0,0,48,48,0,2,1
5677,0,8,64,55,0,0,23
5678,0,2,31,31,5,0,0
5679,0,3,59,59,12,7,61
5680,0,10,40,40,8,0,56
5681,0,11,35,35,7,5,28
5682,0,8,41,48,12,8,0
5683,0,2,31,31,8,7,0
5684,0,17,46,46,21,17,0
5685,0,0,42,42,13,7,9
5686,0,10,45,48,8,2,0
5687,0,19,74,74,17,15,0
5688,0,0,39,39,12,8,0
5689,0,14,43,35,27,26,0
5690,0,0,49,49,7,9,0
5691,0,4,42,42,0,0,0
5692,0,2,37,37,12,7,0
5693,0,14,73,73,21,19,0
5694,0,3,22,22,6,0,0
5695,0,14,47,47,17,13,37
5696,0,6,32,32,15,12,0
5697,0,4,50,42,0,2,0
5698,0,6,72,72,9,9,0
5699,0,7,74,74,14,10,0
5700,0,3,28,28,13,4,0
5701,0,0,71,71,18,12,0
5702,0,7,47,47,10,9,0
5703,0,2,35,35,7,8,0
5704,0,0,28,28,8,5,0
5705,0,0,26,26,10,4,0
5706,0,0,26,26,6,7,0
5707,0,16,61,61,15,10,22
5708,0,4,22,22,16,16,0
5709,0,0,49,49,9,5,0
5710,0,0,37,37,7,5,0
5711,0,0,36,36,5,3,0
5712,0,2,35,35,22,19,13
5713,0,0,31,31,11,6,0
5714,0,0,53,53,13,13,0
5715,0,9,27,30,7,7,2
5716,0,0,41,41,13,13,0
5717,0,0,28,28,8,7,14
5718,0,0,17,17,12,8,22
5719,0,8,19,19,12,12,0
5720,0,0,42,42,0,12,24
5721,0,0,28,28,14,10,0
5722,0,0,53,53,31,27,0
5723,0,9,58,58,25,20,41
5724,0,0,73,73,26,20,0
5725,0,0,48,48,29,23,0
5726,0,10,74,74,21,14,0
5727,0,0,35,35,25,21,0
5728,0,5,46,46,14,13,9
5729,0,0,14,14,0,4,0
5730,0,0,30,30,15,9,50
5731,0,0,27,27,19,13,0
5732,0,10,22,22,4,1,0
5733,0,10,44,44,13,8,26
5734,0,8,16,16,6,0,0
5735,0,7,41,41,16,12,0
5736,0,0,45,45,11,9,0
5737,0,25,54,54,22,16,0
5738,0,6,26,26,11,5,12
5739,0,11,46,46,9,7,0
5740,0,12,52,52,12,10,16
5741,0,11,44,44,18,16,0
5742,0,0,18,18,0,0,0
5743,0,9,29,29,7,5,10
5744,0,0,44,44,12,4,0
5745,0,4,47,47,9,11,33
5746,0,4,27,27,11,10,0
5747,0,10,50,50,0,3,0
5748,0,0,39,39,7,5,0
5749,0,0,21,0,3,0,27
5750,0,6,43,43,7,2,0
5751,0,8,28,28,23,18,0
5752,0,6,27,27,12,0,20
5753,0,0,62,62,12,12,22
5754,0,9,25,30,12,10,0
5755,0,3,26,26,3,0,0
5756,0,0,28,28,5,0,0
5757,0,0,45,45,0,0,0
5758,0,0,35,35,9,4,0
5759,0,2,23,23,5,0,0
5760,0,1,47,47,10,5,106
5761,0,5,17,17,7,5,0
5762,0,2,34,34,6,4,0
5763,0,11,22,24,7,6,0
5764,0,13,23,23,12,6,0
5765,0,0,32,45,6,3,7
5766,0,3,31,31,10,9,38
5767,0,5,33,33,9,6,0
5768,0,6,30,30,12,7,23
5769,0,4,28,28,12,6,7
5770,0,10,62,62,12,9,39
5771,0,3,20,20,10,7,0
5772,0,5,33,33,3,0,0
5773,0,9,55,55,0,9,6
5774,0,2,31,31,14,14,0
5775,0,6,28,28,6,0,15
5776,0,0,77,77,21,18,0
5777,0,0,72,72,14,11,1
5778,0,2,55,55,0,0,17
5779,0,3,17,17,11,6,0
5780,0,3,23,29,7,0,0
5781,0,10,50,50,16,12,0
5782,0,6,22,22,7,0,0
5783,0,0,18,18,0,2,0
5784,0,7,33,33,7,3,0
5785,0,4,33,33,8,6,0
5786,0,7,29,29,4,0,0
5787,0,4,37,37,12,13,23
5788,0,13,52,52,20,19,0
5789,0,1,18,18,1,0,20
5790,0,0,65,65,27,22,28
5791,0,0,43,43,24,23,0
5792,0,6,65,65,16,12,0
5793,0,0,52,52,8,5,0
5794,0,0,30,30,7,0,0
5795,0,1,24,24,5,4,0
5796,0,0,34,34,12,9,0
5797,0,5,42,42,2,0,0
5798,0,20,66,66,22,23,0
5799,0,6,21,21,7,1,0
5800,0,0,28,0,3,0,0
5801,0,0,48,48,10,0,0
5802,0,0,22,22,4,0,0
5803,0,1,44,50,16,14,18
5804,0,0,35,35,2,2,0
5805,0,2,32,32,12,10,0
5806,0,0,51,51,8,10,16
5807,0,0,33,33,13,11,0
5808,0,8,34,34,12,7,0
5809,0,0,24,24,12,8,0
5810,0,0,47,47,8,0,80
5811,0,7,44,44,7,0,28
5812,0,6,50,50,8,0,1
5813,0,4,20,20,8,5,0
5814,0,4,47,47,8,7,0
5815,0,5,44,44,12,9,0
5816,0,0,31,31,0,6,0
5817,0,8,58,58,13,9,14
5818,0,0,55,55,19,17,0
5819,0,6,66,66,15,14,0
5820,0,5,21,21,11,7,55
5821,0,0,53,53,16,13,22
5822,0,11,44,44,8,6,4
5823,0,10,55,55,8,5,0
5824,0,1,31,31,14,14,8
5825,0,4,71,71,24,22,0
5826,0,21,42,42,17,15,28
5827,0,0,27,35,0,0,0
5828,0,5,42,42,10,8,0
5829,0,2,20,20,3,0,16
5830,0,0,26,0,0,2,0
5831,0,0,56,56,12,11,0
5832,0,11,0,17,7,0,31
5833,0,7,23,23,1,0,0
5834,0,0,22,28,11,9,52
5835,0,8,58,58,0,4,0
5836,0,5,80,80,9,0,38
5837,0,0,44,44,3,0,1
5838,0,7,34,34,12,8,0
5839,0,7,27,27,0,0,0
5840,0,8,60,60,16,12,53
5841,0,3,101,101,10,8,0
5842,0,13,50,50,13,10,65
5843,0,5,26,26,8,3,0
5844,0,4,24,24,6,0,0
5845,0,7,32,32,11,0,82
5846,0,1,57,58,6,3,0
5847,0,8,32,32,12,8,14
5848,0,2,11,11,8,4,18
5849,0,0,45,45,11,6,0
5850,0,1,18,18,6,5,0
5851,0,6,18,18,1,0,10
5852,0,0,24,24,11,7,0
5853,0,4,22,21,8,4,0
5854,0,2,55,55,8,7,0
5855,0,0,15,15,3,0,7
5856,0,5,30,30,7,0,0
5857,0,8,27,27,5,3,0
5858,0,0,57,57,11,9,0
5859,0,1,32,32,9,4,0
5860,0,16,72,72,15,12,0
5861,0,1,33,33,5,1,4
5862,0,8,58,58,11,8,28
5863,0,1,16,16,4,0,22
5864,0,2,25,27,6,3,0
5865,0,13,53,53,12,9,0
5866,0,10,26,26,8,9,0
5867,0,12,32,32,7,4,12
5868,0,8,62,62,12,13,0
5869,0,2,21,21,11,7,0
5870,0,0,36,36,9,0,0
5871,0,0,28,28,14,11,2
5872,0,7,29,29,6,5,0
5873,0,5,37,37,17,16,0
5874,0,3,23,23,10,6,0
5875,0,0,29,29,6,4,18
5876,0,0,37,52,13,10,0
5877,0,0,32,32,24,20,36
5878,0,6,60,60,24,18,0
5879,0,3,13,13,4,0,21
5880,0,9,41,41,13,11,0
5881,0,3,33,33,6,4,3
5882,0,6,25,25,11,8,0
5883,0,9,55,55,20,14,0
5884,0,13,44,44,5,0,0
5885,0,0,34,34,12,10,0
5886,0,5,31,31,5,1,0
5887,0,6,7,0,14,7,0
5888,0,10,54,54,9,7,0
5889,0,17,98,98,34,27,0
5890,0,12,46,46,21,17,23
5891,0,11,92,92,26,20,0
5892,0,2,37,37,18,15,0
5893,0,7,14,14,20,18,0
5894,0,16,53,53,25,27,0
5895,0,9,55,55,9,6,0
5896,0,0,25,25,5,4,8
5897,0,3,34,34,6,5,0
5898,0,8,77,77,30,24,41
5899,0,8,13,13,8,7,0
5900,0,3,15,15,7,0,0
5901,0,1,16,16,4,0,0
5902,0,0,9,9,3,1,10
5903,0,9,39,38,4,1,0
5904,0,3,34,34,5,5,1
5905,0,0,10,10,4,0,0
5906,0,0,23,23,12,12,0
5907,0,11,19,19,13,9,0
5908,0,0,26,26,10,6,0
5909,0,3,31,31,0,0,10
5910,0,0,22,22,0,0,0
5911,0,0,19,19,6,0,0
5912,0,12,62,62,14,8,0
5913,0,0,41,41,8,5,0
5914,0,7,34,34,0,0,0
5915,0,6,45,45,9,6,0
5916,0,5,54,54,9,6,0
5917,0,0,35,35,5,0,0
5918,0,5,90,90,37,35,18
5919,0,8,32,32,10,9,0
5920,0,11,37,37,8,5,0
5921,0,9,43,43,12,6,0
5922,0,2,47,47,12,10,0
5923,0,0,32,32,13,8,0
5924,0,0,28,28,13,10,0
5925,0,8,70,70,10,6,20
5926,0,9,31,31,19,16,37
5927,0,14,48,48,5,5,51
5928,0,5,26,26,0,0,0
5929,0,0,33,33,8,6,0
5930,0,7,28,28,3,0,0
5931,0,8,36,36,10,0,0
5932,0,0,32,32,11,9,3
5933,0,0,27,27,12,12,0
5934,0,3,29,29,4,0,9
5935,0,0,20,20,6,0,13
5936,0,7,22,22,2,0,16
5937,0,6,20,20,15,12,0
5938,0,4,98,98,17,16,0
5939,0,3,14,15,17,14,10
5940,0,6,56,56,8,8,0
5941,0,5,20,20,5,4,0
5942,0,8,32,24,13,9,37
5943,0,5,37,37,7,0,0
5944,0,3,41,41,10,9,5
5945,0,11,65,65,10,0,19
5946,0,0,44,44,2,0,32
5947,0,4,15,15,10,5,0
5948,0,15,67,67,9,6,0
5949,0,3,19,19,10,9,0
5950,0,5,26,22,17,16,0
5951,0,9,46,46,18,14,0
5952,0,2,36,36,0,0,1
5953,0,10,35,35,12,7,0
5954,0,4,31,31,10,0,0
5955,0,5,28,28,3,0,2
5956,0,4,20,20,12,10,0
5957,0,0,27,27,12,12,23
5958,0,8,21,26,14,11,18
5959,0,13,77,71,8,8,0
5960,0,12,70,70,30,29,8
5961,0,2,28,28,19,20,0
5962,0,7,36,39,9,7,0
5963,0,0,50,50,16,12,0
5964,0,7,22,22,8,7,16
5965,0,0,15,16,7,4,0
5966,0,0,22,22,0,6,0
5967,0,0,36,36,10,5,7
5968,0,9,55,55,13,9,0
5969,0,1,22,22,4,3,20
5970,0,2,45,45,0,0,9
5971,0,0,36,36,3,0,8
5972,0,3,89,89,15,12,0
5973,0,10,24,24,10,7,0
5974,0,0,36,36,8,6,13
5975,0,15,74,66,17,13,0
5976,0,0,61,61,15,12,0
5977,0,0,11,0,4,0,0
5978,0,6,22,22,7,5,1
5979,0,4,84,84,27,22,0
5980,0,4,77,77,19,12,0
5981,0,2,38,38,10,0,0
5982,0,0,32,32,15,11,0
5983,0,0,33,33,0,0,0
5984,0,22,48,48,5,1,0
5985,0,4,71,71,25,19,14
5986,0,5,37,37,15,12,0
5987,0,0,48,48,6,0,0
5988,0,6,61,61,19,16,4
5989,0,13,47,47,17,14,22
5990,0,7,106,106,32,28,0
5991,0,2,44,43,4,0,0
5992,0,6,45,45,0,4,22
5993,0,5,30,30,11,10,0
5994,0,14,45,45,21,18,23
5995,0,21,60,68,22,17,0
5996,0,1,52,60,8,2,37
5997,0,9,28,28,20,19,0
5998,0,7,50,50,8,3,0
5999,0,6,21,21,9,7,2
6000,0,0,41,41,3,0,0
6001,0,5,37,37,8,0,0
6002,0,9,26,25,12,0,24
6003,0,0,48,48,10,6,0
6004,0,2,46,46,5,4,30
6005,0,19,23,23,23,18,0
6006,0,0,32,38,9,7,0
6007,0,0,15,15,3,0,0
6008,0,4,19,19,10,8,0
6009,0,0,37,37,10,4,0
6010,0,7,28,28,9,8,0
6011,0,5,17,17,5,1,3
6012,0,2,33,33,2,0,0
6013,0,8,19,19,17,16,15
6014,0,0,13,0,5,0,0
6015,0,0,19,19,4,0,0
6016,0,0,26,26,11,10,0
6017,0,12,1,1,19,17,0
6018,0,3,42,54,12,8,37
6019,0,17,62,62,8,0,38
6020,0,7,50,50,12,10,0
6021,0,0,33,33,12,9,0
6022,0,0,45,32,4,0,0
6023,0,5,53,53,3,5,0
6024,0,5,20,20,9,6,0
6025,0,3,28,28,3,0,1
6026,0,4,42,42,12,10,0
6027,0,5,44,44,11,5,0
6028,0,0,47,47,6,4,0
6029,0,8,33,33,8,6,0
6030,0,9,38,38,17,12,0
6031,0,2,12,12,5,5,0
6032,0,9,25,25,12,6,1
6033,0,17,43,43,20,16,0
6034,0,6,25,25,5,0,18
6035,0,2,21,21,13,12,0
6036,0,2,29,29,8,5,0
6037,0,3,31,31,21,16,15
6038,0,0,28,28,0,0,0
6039,0,15,72,72,14,10,0
6040,0,4,32,32,11,11,15
6041,0,15,47,47,12,10,0
6042,0,0,24,24,6,0,12
6043,0,0,29,29,12,7,34
6044,0,0,29,29,9,0,0
6045,0,4,17,17,9,7,0
6046,0,6,47,47,7,6,0
6047,0,8,83,83,19,10,0
6048,0,0,24,24,4,0,0
6049,0,9,49,49,16,9,0
6050,0,2,35,35,5,5,0
6051,0,0,34,34,7,0,0
6052,0,11,57,57,0,1,0
6053,0,2,33,33,8,4,1
6054,0,0,19,19,8,6,0
6055,0,5,17,17,12,7,0
6056,0,0,40,40,0,0,0
6057,0,3,31,31,3,0,26
6058,0,9,13,13,13,7,15
6059,0,0,41,41,8,6,17
6060,0,0,34,34,5,5,0
6061,0,0,32,32,4,4,11
6062,0,0,39,39,16,14,0
6063,0,10,40,40,0,0,0
6064,0,4,20,21,7,7,1
6065,0,2,15,15,4,0,12
6066,0,2,26,26,5,3,14
6067,0,5,52,52,15,0,87
6068,0,4,75,75,15,8,0
6069,0,6,47,47,12,11,0
6070,0,0,46,46,8,8,5
6071,0,3,48,48,12,9,0
6072,0,3,42,42,6,6,0
6073,0,0,19,19,11,10,0
6074,0,0,77,77,25,24,0
6075,0,0,14,14,3,0,4
6076,0,11,41,41,20,14,0
6077,0,0,30,30,5,1,0
6078,0,10,33,33,6,0,0
6079,0,12,71,83,14,8,0
6080,0,3,9,9,9,7,0
6081,0,14,45,45,35,32,0
6082,0,7,38,38,13,9,0
6083,0,0,28,28,6,3,0
6084,0,2,40,40,5,5,0
6085,0,8,16,16,1,1,0
6086,0,6,14,14,16,16,15
6087,0,6,34,34,11,10,0
6088,0,0,18,18,14,8,0
6089,0,1,24,24,2,0,0
6090,0,6,5,5,8,6,0
6091,0,0,10,16,0,0,0
6092,0,5,37,37,10,10,0
6093,0,6,54,54,30,21,0
6094,0,7,63,63,24,12,40
6095,0,23,143,143,29,27,88
6096,0,12,45,46,12,6,47
6097,0,0,50,50,11,9,0
6098,0,4,36,36,4,0,0
6099,0,0,30,30,14,12,0
6100,0,11,52,52,10,7,0
6101,0,0,32,32,12,10,0
6102,0,13,51,51,17,15,0
6103,0,4,50,50,14,9,0
6104,0,0,35,35,7,3,15
6105,0,8,37,37,16,12,27
6106,0,0,23,0,8,0,0
6107,0,0,31,31,16,16,0
6108,0,0,21,21,7,6,0
6109,0,11,48,48,21,23,29
6110,0,0,29,29,10,9,0
6111,0,0,10,10,7,0,4
6112,0,12,33,33,4,1,53
6113,0,10,36,36,19,17,0
6114,0,6,22,22,11,8,0
6115,0,0,12,12,11,11,0
6116,0,0,30,30,11,7,9
6117,0,4,14,14,9,4,0
6118,0,8,21,21,0,6,0
6119,0,10,51,51,11,10,8
6120,0,0,41,41,9,0,19
6121,0,0,42,42,14,0,0
6122,0,4,19,22,8,4,27
6123,0,2,17,17,4,4,0
6124,0,5,52,52,14,11,0
6125,0,2,19,19,3,3,0
6126,0,6,28,28,0,0,0
6127,0,8,37,37,13,13,25
6128,0,1,28,28,9,8,0
6129,0,3,14,14,9,4,18
6130,0,3,35,35,7,0,0
6131,0,3,17,20,5,4,0
6132,0,14,48,48,27,21,0
6133,0,5,41,41,10,5,0
6134,0,10,51,51,15,15,0
6135,0,12,35,31,2,0,0
6136,0,2,17,17,6,0,1
6137,0,2,42,42,13,16,0
6138,0,8,42,42,14,15,0
6139,0,3,33,33,6,0,0
6140,0,7,37,37,6,4,15
6141,0,0,16,16,9,5,17
6142,0,4,24,24,2,0,14
6143,0,5,28,28,3,0,0
6144,0,0,23,23,8,0,0
6145,0,0,11,0,2,0,21
6146,0,1,13,13,13,0,0
6147,0,6,26,26,5,1,17
6148,0,11,21,21,13,10,6
6149,0,0,45,45,13,9,1
6150,0,1,21,21,7,4,0
6151,0,0,61,61,30,29,0
6152,0,6,40,40,13,10,0
6153,0,3,43,43,7,0,32
6154,0,0,29,29,4,0,0
6155,0,5,34,34,13,9,0
6156,0,0,10,10,10,8,0
6157,0,9,42,53,26,22,83
6158,0,13,64,64,15,12,0
6159,0,4,36,36,11,5,52
6160,0,0,39,39,4,2,0
6161,0,3,29,29,5,0,0
6162,0,0,12,12,8,6,14
6163,0,6,114,114,37,31,0
6164,0,0,38,38,7,5,0
6165,0,7,87,87,13,14,0
6166,0,7,53,53,15,14,0
6167,0,4,68,68,25,19,0
6168,0,6,96,96,22,23,0
6169,0,4,29,29,19,15,0
6170,0,0,25,25,1,0,0
6171,0,3,52,52,6,6,0
6172,0,0,63,63,17,14,0
6173,0,6,58,58,8,0,0
6174,0,0,27,27,6,5,10
6175,0,3,54,45,15,13,0
6176,0,7,32,32,11,9,0
6177,0,0,36,36,7,4,0
6178,0,2,10,10,16,11,0
6179,0,5,24,24,4,2,0
6180,0,5,7,7,6,6,0
6181,0,0,18,18,9,5,11
6182,0,6,53,53,8,8,0
6183,0,7,48,48,10,11,0
6184,0,3,37,37,0,2,0
6185,0,0,31,31,8,0,0
6186,0,0,29,29,17,14,8
6187,0,0,47,47,12,10,0
6188,0,6,34,34,3,0,3
6189,0,10,55,55,27,26,0
6190,0,4,29,29,8,7,0
6191,0,3,35,35,18,12,0
6192,0,9,14,14,14,10,71
6193,0,5,64,64,5,2,20
6194,0,7,14,14,12,9,30
6195,0,3,112,112,30,29,17
6196,0,1,47,47,13,10,33
6197,0,0,44,44,6,5,0
6198,0,17,68,68,19,12,64
6199,0,0,29,29,5,2,19
6200,0,3,27,0,8,8,0
6201,0,0,25,25,10,9,0
6202,0,3,19,19,3,0,0
6203,0,6,25,34,8,0,0
6204,0,0,12,12,7,9,0
6205,0,4,50,50,5,0,47
6206,0,7,65,65,17,14,0
6207,0,3,36,36,8,5,0
6208,0,7,49,49,7,2,0
6209,0,0,45,45,9,7,0
6210,0,3,35,35,11,9,0
6211,0,0,55,55,9,7,0
6212,0,0,22,25,7,6,0
6213,0,10,89,89,20,14,0
6214,0,0,41,41,18,14,0
6215,0,0,29,29,19,17,26
6216,0,9,62,62,8,7,0
6217,0,5,58,58,8,7,0
6218,0,12,46,46,11,8,0
6219,0,3,27,27,6,0,0
6220,0,0,13,0,0,0,2
6221,0,7,16,16,0,2,0
6222,0,3,47,47,17,9,34
6223,0,1,39,46,12,10,35
6224,0,3,48,48,11,8,6
6225,0,2,24,24,11,8,0
6226,0,6,34,34,0,0,3
6227,0,0,34,34,7,0,0
6228,0,4,28,28,5,0,0
6229,0,0,44,44,10,9,0
6230,0,2,31,31,2,0,0
6231,0,8,29,29,5,3,0
6232,0,4,39,39,7,0,0
6233,0,6,34,34,5,5,0
6234,0,14,89,89,24,22,0
6235,0,7,12,12,8,8,11
6236,0,0,26,26,11,5,12
6237,0,2,55,55,24,18,32
6238,0,4,49,49,6,0,0
6239,0,7,40,40,9,0,28
6240,0,0,43,43,11,7,39
6241,0,0,23,23,8,0,0
6242,0,7,75,75,22,18,0
6243,0,12,48,50,14,13,0
6244,0,9,37,37,13,10,0
6245,0,0,39,39,5,3,2
6246,0,3,39,39,4,0,37
6247,0,3,27,27,5,5,0
6248,0,3,45,45,0,5,0
6249,0,2,18,18,8,6,0
6250,0,0,55,55,17,12,31
6251,0,9,41,41,6,0,0
6252,0,22,34,34,40,35,0
6253,0,6,34,34,18,14,0
6254,0,7,50,50,11,5,0
6255,0,0,29,29,7,4,0
6256,0,11,58,58,22,20,0
6257,0,1,48,48,26,23,0
6258,0,8,49,49,14,10,0
6259,0,0,20,20,0,2,0
6260,0,0,28,28,12,10,0
6261,0,11,46,46,36,28,0
6262,0,9,51,51,12,9,0
6263,0,4,27,27,8,0,0
6264,0,3,32,32,10,8,0
6265,0,3,30,30,16,13,0
6266,0,11,31,31,14,12,0
6267,0,11,57,57,12,8,0
6268,0,0,31,31,13,12,0
6269,0,17,90,90,26,24,0
6270,0,0,10,10,5,0,0
6271,0,9,33,33,13,9,3
6272,0,10,14,14,4,0,0
6273,0,9,29,29,9,0,0
6274,0,16,79,79,22,21,77
6275,0,14,23,23,6,3,0
6276,0,7,11,11,4,0,24
6277,0,3,21,21,5,3,12
6278,0,8,41,41,10,6,15
6279,0,0,19,19,14,7,5
6280,0,0,11,11,16,14,0
6281,0,5,21,21,0,5,0
6282,0,2,22,22,12,9,11
6283,0,2,17,17,6,0,0
6284,0,5,34,34,9,7,0
6285,0,0,75,75,20,16,0
6286,0,0,37,37,7,5,13
6287,0,3,42,42,12,9,15
6288,0,0,13,13,16,16,0
6289,0,0,33,33,9,7,0
6290,0,0,52,52,6,5,0
6291,0,5,40,40,4,0,0
6292,0,3,46,46,9,6,22
6293,0,0,39,39,8,6,3
6294,0,5,17,17,5,0,0
6295,0,12,49,49,6,0,0
6296,0,8,38,44,21,15,0
6297,0,1,32,32,6,5,8
6298,0,7,29,29,2,0,0
6299,0,6,22,22,0,0,15
6300,0,4,40,40,17,17,11
6301,0,1,31,31,14,11,0
6302,0,2,19,19,6,0,0
6303,0,3,36,36,2,0,13
6304,0,4,30,30,8,7,8
6305,0,7,47,51,17,14,12
6306,0,9,37,37,9,6,15
6307,0,9,48,48,5,6,29
6308,0,4,29,29,4,0,35
6309,0,6,53,53,5,7,0
6310,0,4,40,40,5,0,0
6311,0,0,38,38,12,12,0
6312,0,5,8,0,17,12,0
6313,0,3,52,52,24,17,14
6314,0,7,47,47,9,6,0
6315,0,0,41,41,9,2,0
6316,0,0,36,36,10,9,0
6317,0,10,61,61,3,0,66
6318,0,2,23,23,0,0,0
6319,0,3,49,49,2,0,0
6320,0,0,54,54,12,5,13
6321,0,10,25,25,9,7,0
6322,0,0,57,57,15,11,36
6323,0,0,25,25,10,3,0
6324,0,2,39,39,9,10,0
6325,0,5,35,35,6,0,0
6326,0,0,13,13,4,0,0
6327,0,7,35,35,17,14,0
6328,0,0,39,39,15,11,0
6329,0,6,19,19,7,2,4
6330,0,0,42,42,7,6,12
6331,0,0,17,17,10,7,21
6332,0,0,82,82,16,17,0
6333,0,12,67,67,26,27,0
6334,0,12,48,48,10,3,0
6335,0,9,22,22,6,6,0
6336,0,7,29,24,8,5,0
6337,0,5,19,19,6,5,0
6338,0,8,51,51,14,7,0
6339,0,8,27,27,8,4,0
6340,0,5,39,39,16,10,0
6341,0,15,51,51,15,10,0
6342,0,1,23,23,0,0,0
6343,0,9,44,44,10,5,0
6344,0,2,42,42,0,0,10
6345,0,0,52,52,7,0,0
6346,0,2,31,31,2,0,0
6347,0,10,24,24,18,16,0
6348,0,8,24,24,9,0,0
6349,0,5,46,46,0,0,0
6350,0,0,31,31,6,6,0
6351,0,12,29,29,11,11,0
6352,0,2,34,34,13,13,0
6353,0,0,30,30,7,4,22
6354,0,3,63,63,17,14,0
6355,0,4,20,20,7,4,0
6356,0,0,58,58,12,10,0
6357,0,30,69,69,18,15,0
6358,0,6,44,44,5,2,0
6359,0,6,27,27,5,3,0
6360,0,0,25,25,0,0,0
6361,0,5,33,33,5,0,0
6362,0,3,22,22,9,0,0
6363,0,0,46,46,8,6,0
6364,0,4,13,13,5,0,0
6365,0,0,27,27,9,7,24
6366,0,0,42,42,11,9,0
6367,0,12,45,45,18,14,0
6368,0,3,31,31,0,3,31
6369,0,4,34,34,6,4,1
6370,0,2,43,43,6,6,0
6371,0,0,49,49,14,14,0
6372,0,0,56,56,31,30,69
6373,0,13,112,112,29,26,0
6374,0,5,30,30,5,3,0
6375,0,8,10,10,16,11,16
6376,0,3,76,76,17,13,16
6377,0,7,55,47,5,0,20
6378,0,0,29,29,16,12,0
6379,0,3,16,16,10,8,16
6380,0,0,18,14,9,7,0
6381,0,5,13,13,0,0,0
6382,0,0,38,38,29,23,0
6383,0,8,29,29,9,8,0
6384,0,7,39,39,10,6,3
6385,0,16,58,58,9,6,0
6386,0,12,5,5,17,10,0
6387,0,13,45,45,9,0,0
6388,0,3,24,24,5,5,0
6389,0,6,26,26,14,14,12
6390,0,8,47,47,12,8,0
6391,0,2,82,82,21,16,9
6392,0,2,27,27,12,11,0
6393,0,8,28,28,10,4,0
6394,0,4,53,53,10,10,0
6395,0,9,36,41,12,8,42
6396,0,11,28,28,13,7,0
6397,0,10,17,17,14,10,0
6398,0,4,45,45,7,5,0
6399,0,4,21,21,12,8,0
6400,0,0,41,41,12,7,0
6401,0,8,46,46,14,7,0
6402,0,0,37,37,6,2,24
6403,0,2,32,33,11,7,0
6404,0,1,52,52,9,6,10
6405,0,5,47,47,12,6,0
6406,0,9,33,33,11,8,0
6407,0,22,67,67,11,8,0
6408,0,10,46,46,12,10,0
6409,0,5,54,54,10,8,0
6410,0,0,40,40,14,11,0
6411,0,6,25,25,11,10,0
6412,0,0,40,40,10,0,50
6413,0,0,27,27,11,0,0
6414,0,0,22,21,6,0,0
6415,0,3,14,14,11,5,19
6416,0,0,33,33,8,0,41
6417,0,7,31,31,6,0,0
6418,0,9,53,53,18,14,0
6419,0,0,32,32,10,10,0
6420,0,3,32,32,8,0,0
6421,0,6,62,62,10,8,0
6422,0,0,37,37,6,0,0
6423,0,9,43,43,16,11,0
6424,0,2,25,25,12,0,0
6425,0,0,36,36,1,0,0
6426,0,0,33,33,5,0,0
6427,0,14,64,64,11,9,0
6428,0,0,32,32,6,3,0
6429,0,12,64,64,16,10,13
6430,0,4,110,110,19,15,0
6431,0,0,29,29,9,7,0
6432,0,0,86,86,10,6,0
6433,0,4,48,48,24,22,0
6434,0,4,21,21,10,8,6
6435,0,8,34,34,7,5,0
6436,0,7,38,38,8,4,0
6437,0,0,56,56,23,18,0
6438,0,15,77,77,19,18,23
6439,0,16,33,33,12,10,0
6440,0,12,51,51,3,0,0
6441,0,18,53,53,8,5,45
6442,0,6,17,17,6,5,0
6443,0,13,36,36,6,2,0
6444,0,28,105,105,29,35,38
6445,0,4,34,34,16,6,0
6446,0,11,33,33,13,10,0
6447,0,12,55,55,21,20,0
6448,0,13,66,66,17,14,0
6449,0,4,50,50,11,8,30
6450,0,16,48,48,30,29,0
6451,0,5,9,9,5,0,0
6452,0,2,27,27,4,1,0
6453,0,3,51,51,5,5,0
6454,0,6,71,81,28,25,1
6455,0,3,30,30,7,0,0
6456,0,0,51,51,8,6,0
6457,0,2,14,14,4,0,0
6458,0,6,65,65,7,6,49
6459,0,3,18,18,20,13,0
6460,0,0,18,18,0,0,10
6461,0,11,62,62,15,11,0
6462,0,2,47,38,9,5,2
6463,0,1,32,32,0,0,0
6464,0,5,14,14,6,2,0
6465,0,2,32,31,4,0,36
6466,0,3,42,42,0,2,12
6467,0,6,35,35,8,9,0
6468,0,7,64,64,13,11,42
6469,0,2,33,33,19,17,1
6470,0,1,53,53,8,7,5
6471,0,4,34,34,8,8,0
6472,0,2,37,37,0,4,47
6473,0,1,35,37,7,4,20
6474,0,3,39,39,9,0,0
6475,0,10,28,28,18,12,0
6476,0,2,54,54,14,13,0
6477,0,8,23,23,6,4,0
6478,0,16,29,29,10,8,0
6479,0,12,28,28,14,10,19
6480,0,11,83,83,15,8,0
6481,0,2,37,37,11,0,0
6482,0,0,15,12,3,0,7
6483,0,11,71,71,15,8,49
6484,0,3,57,57,10,12,0
6485,0,6,29,29,12,14,10
6486,0,11,40,40,16,11,24
6487,0,5,11,11,3,1,0
6488,0,2,26,26,5,0,12
6489,0,1,43,43,12,7,0
6490,0,7,46,46,6,4,0
6491,0,7,38,38,20,18,0
6492,0,1,29,29,3,0,12
6493,0,2,8,8,7,0,0
6494,0,6,29,29,9,13,0
6495,0,9,44,44,11,6,0
6496,0,4,18,18,10,7,0
6497,0,2,42,42,10,9,14
6498,0,1,0,6,12,10,0
6499,0,12,41,41,8,6,3
6500,0,0,24,24,6,0,0
6501,0,3,38,42,12,9,5
6502,0,4,52,52,24,24,0
6503,0,5,52,52,12,10,0
6504,0,6,63,63,14,11,4
6505,0,11,33,33,14,11,0
6506,0,0,30,30,9,9,0
6507,0,0,46,46,9,8,0
6508,0,0,47,47,14,14,61
6509,0,4,25,25,3,0,0
6510,0,0,45,45,14,12,0
6511,0,0,35,35,6,2,0
6512,0,4,102,102,23,24,0
6513,0,15,26,26,11,0,0
6514,0,3,47,47,15,13,0
6515,0,1,26,26,3,0,0
6516,0,13,61,61,24,20,0
6517,0,2,34,34,0,4,0
6518,0,8,34,34,10,6,0
6519,0,4,25,25,5,4,0
6520,0,0,18,18,10,5,0
6521,0,5,38,38,9,8,0
6522,0,12,28,28,10,8,0
6523,0,0,53,53,13,8,0
6524,0,8,2,2,19,13,0
6525,0,0,40,40,5,4,13
6526,0,0,34,34,12,6,2
6527,0,0,24,24,13,9,0
6528,0,8,32,34,12,9,0
6529,0,4,50,50,24,22,0
6530,0,2,53,53,10,7,0
6531,0,9,48,48,14,11,0
6532,0,7,41,41,0,3,0
6533,0,7,39,39,7,7,57
6534,0,3,37,37,5,2,0
6535,0,16,203,203,48,48,0
6536,0,8,75,75,28,26,0
6537,0,0,38,38,13,8,0
6538,0,17,45,48,22,17,22
6539,0,5,61,61,11,6,30
6540,0,21,51,51,29,24,52
6541,0,0,72,72,18,16,0
6542,0,2,31,31,8,5,0
6543,0,0,22,22,11,12,0
6544,0,5,27,27,5,0,0
6545,0,3,50,50,16,15,0
6546,0,3,33,33,8,6,0
6547,0,7,53,53,30,27,0
6548,0,7,27,27,0,12,0
6549,0,0,49,49,4,4,24
6550,0,0,41,41,10,9,0
6551,0,7,42,35,17,16,0
6552,0,12,30,30,15,12,10
6553,0,9,47,47,14,9,0
6554,0,0,83,83,20,21,0
6555,0,0,57,57,17,16,0
6556,0,6,26,26,8,5,0
6557,0,8,18,18,9,4,0
6558,0,11,24,24,14,11,0
6559,0,7,12,12,6,0,20
6560,0,0,27,27,1,0,0
6561,0,0,13,13,0,0,12
6562,0,0,39,39,6,0,0
6563,0,4,35,35,3,0,0
6564,0,2,7,7,13,9,18
6565,0,6,75,75,16,15,0
6566,0,4,32,32,7,5,0
6567,0,7,27,27,7,4,0
6568,0,0,35,35,5,0,0
6569,0,8,32,32,3,0,0
6570,0,1,34,34,10,8,0
6571,0,0,41,0,13,8,36
6572,0,2,46,46,3,0,0
6573,0,3,40,40,14,14,0
6574,0,7,34,34,4,2,48
6575,0,7,25,25,9,7,19
6576,0,3,40,40,8,5,0
6577,0,0,44,44,15,12,0
6578,0,0,26,26,7,0,11
6579,0,0,32,32,14,12,0
6580,0,6,50,50,0,0,0
6581,0,5,32,32,31,29,0
6582,0,10,65,65,23,20,0
6583,0,9,40,40,12,5,28
6584,0,5,111,111,19,17,43
6585,0,3,31,31,4,0,0
6586,0,3,35,35,14,6,10
6587,0,0,40,40,5,0,0
6588,0,0,55,55,11,0,0
6589,0,0,10,10,6,0,0
6590,0,3,30,30,7,6,0
6591,0,10,66,66,24,18,0
6592,0,14,69,69,18,17,0
6593,0,0,36,36,15,10,0
6594,0,1,37,37,10,6,0
6595,0,0,57,57,12,7,41
6596,0,3,30,30,7,0,0
6597,0,5,69,69,13,10,0
6598,0,0,49,49,12,9,0
6599,0,9,52,52,22,21,0
6600,0,5,43,43,6,4,22
6601,0,10,19,19,7,6,0
6602,0,2,30,30,6,3,0
6603,0,4,62,56,7,4,15
6604,0,7,49,49,15,0,0
6605,0,0,46,46,9,9,0
6606,0,0,62,62,12,9,0
6607,0,9,111,111,25,15,54
6608,0,2,28,28,0,7,11
6609,0,4,52,52,9,6,0
6610,0,5,26,26,14,12,0
6611,0,8,36,36,5,0,0
6612,0,2,29,29,8,6,0
6613,0,5,21,21,8,7,0
6614,0,4,31,31,10,11,4
6615,0,8,66,66,13,9,0
6616,0,7,38,38,18,12,24
6617,0,0,24,24,4,3,11
6618,0,13,69,69,22,19,0
6619,0,0,29,29,5,0,0
6620,0,3,86,86,26,21,0
6621,0,1,27,31,8,8,0
6622,0,0,51,51,18,13,0
6623,0,6,33,33,9,8,0
6624,0,6,31,31,6,3,10
6625,0,15,56,56,14,12,48
6626,0,3,24,24,4,0,0
6627,0,0,48,48,12,9,11
6628,0,0,57,57,18,16,15
6629,0,8,33,33,17,13,0
6630,0,0,33,33,6,0,0
6631,0,0,33,33,16,14,0
6632,0,3,0,16,12,9,1
6633,0,2,25,25,7,6,2
6634,0,9,28,28,17,12,0
6635,0,5,45,45,30,20,0
6636,0,12,46,46,8,7,0
6637,0,0,0,27,8,3,13
6638,0,12,44,44,9,7,22
6639,0,5,55,55,8,2,0
6640,0,8,37,37,9,0,0
6641,0,9,32,29,4,0,33
6642,0,5,58,58,9,6,0
6643,0,0,62,69,19,16,0
6644,0,4,30,30,11,8,34
6645,0,5,56,56,14,9,0
6646,0,1,36,35,4,0,40
6647,0,2,40,40,12,12,0
6648,0,0,16,16,2,0,0
6649,0,7,41,41,8,4,0
6650,0,0,75,104,43,27,106
6651,0,8,28,28,6,0,0
6652,0,7,43,46,6,0,36
6653,0,6,52,52,7,0,0
6654,0,2,33,33,2,0,0
6655,0,5,22,22,4,0,0
6656,0,6,38,38,0,0,15
6657,0,2,47,47,8,7,0
6658,0,16,31,31,29,24,0
6659,0,0,28,28,6,0,0
6660,0,0,29,29,11,9,34
6661,0,1,29,29,5,6,0
6662,0,0,18,18,5,0,9
6663,0,0,36,36,10,7,0
6664,0,0,35,35,8,6,0
6665,0,3,19,19,5,5,0
6666,0,0,53,63,6,4,0
6667,0,13,41,41,23,17,20
6668,0,10,11,11,13,9,12
6669,0,5,13,13,10,9,0
6670,0,0,34,34,3,0,27
6671,0,4,30,24,4,0,1
6672,0,32,63,63,10,8,0
6673,0,0,23,23,7,5,0
6674,0,13,86,86,15,13,0
6675,0,3,39,39,9,3,17
6676,0,2,30,30,0,0,0
6677,0,4,26,26,4,0,39
6678,0,10,51,51,10,4,0
6679,0,3,34,34,16,15,0
6680,0,2,27,26,6,0,0
6681,0,0,32,32,18,14,0
6682,0,4,34,34,11,8,6
6683,0,10,67,67,16,20,0
6684,0,4,46,45,7,0,29
6685,0,2,31,31,7,0,0
6686,0,6,61,61,8,7,0
6687,0,8,51,51,9,5,0
6688,0,2,5,0,4,0,21
6689,0,10,42,42,8,6,17
6690,0,6,39,39,14,8,0
6691,0,0,79,79,14,12,0
6692,0,10,14,14,8,6,2
6693,0,0,29,29,11,10,30
6694,0,3,25,25,10,0,0
6695,0,2,19,19,13,9,0
6696,0,2,37,37,11,8,30
6697,0,0,26,26,7,0,52
6698,0,2,35,35,3,0,0
6699,0,4,36,36,25,18,41
6700,0,6,36,36,11,10,0
6701,0,0,43,43,7,0,0
6702,0,12,54,54,20,10,45
6703,0,3,51,51,11,11,35
6704,0,5,34,34,9,3,0
6705,0,14,27,27,7,0,39
6706,0,0,29,29,9,11,0
6707,0,9,52,52,11,5,0
6708,0,8,47,47,16,12,12
6709,0,6,45,45,11,8,0
6710,0,0,25,25,5,5,0
6711,0,0,41,41,12,10,0
6712,0,6,21,21,13,11,0
6713,0,8,41,41,20,19,0
6714,0,6,40,40,0,11,0
6715,0,17,56,56,24,25,0
6716,0,3,52,52,6,4,0
6717,0,0,24,30,4,1,11
6718,0,5,8,8,16,12,0
6719,0,13,37,37,10,4,6
6720,0,0,20,20,4,2,0
6721,0,1,26,26,0,0,16
6722,0,4,11,11,5,2,0
6723,0,9,39,39,7,6,5
6724,0,3,22,22,1,0,2
6725,0,0,83,83,28,25,0
6726,0,0,34,34,7,4,0
6727,0,8,37,37,3,0,24
6728,0,8,29,29,6,0,0
6729,0,0,23,23,11,9,0
6730,0,2,25,25,5,4,0
6731,0,7,50,50,10,6,0
6732,0,0,25,25,3,0,0
6733,0,2,21,21,8,0,0
6734,16,0,0,0,12,0,0
6735,54,14,0,0,19,0,0
6736,43,6,0,0,17,0,0
6737,42,5,0,0,30,0,0
6738,24,0,0,0,8,0,16
6739,48,4,0,0,9,0,0
6740,83,11,0,0,29,0,0
6741,72,13,0,0,23,0,20
6742,61,9,0,0,6,0,0
6743,27,11,0,0,17,0,0
6744,33,6,0,0,20,0,0
6745,55,12,0,0,16,0,0
6746,61,0,0,0,8,0,0
6747,28,7,0,0,12,0,0
6748,31,0,0,0,13,0,18
6749,45,15,0,0,17,0,0
6750,57,12,0,0,15,0,0
6751,68,17,0,0,24,0,0
6752,42,6,0,0,28,0,17
6753,43,7,0,0,13,0,0
6754,40,2,0,0,8,0,48
6755,21,8,0,0,6,0,0
6756,44,9,0,0,7,0,6
6757,49,14,0,0,15,0,0
6758,125,7,0,0,20,0,38
6759,32,0,0,0,20,0,0
6760,45,7,0,0,16,0,0
6761,126,8,0,0,16,0,0
6762,42,5,0,0,21,0,0
6763,88,3,0,0,16,0,0
6764,36,18,0,0,28,0,0
6765,73,8,0,0,8,0,0
6766,83,0,0,0,47,0,0
6767,30,10,0,0,9,0,0
6768,44,0,0,0,8,0,0
6769,40,0,0,0,13,0,0
6770,49,13,0,0,19,0,0
6771,70,18,0,0,44,0,0
6772,127,59,0,0,44,0,0
6773,68,17,0,0,15,0,1
6774,41,4,0,0,12,0,0
6775,50,0,0,0,10,0,13
6776,54,1,0,0,26,0,0
6777,53,6,0,0,14,0,17
6778,96,6,0,0,25,0,0
6779,47,7,0,0,18,0,0
6780,36,16,0,0,20,0,0
6781,97,7,0,0,23,0,0
6782,11,9,0,0,7,0,0
6783,47,0,0,0,4,0,67
6784,26,6,0,0,13,0,0
6785,57,5,0,0,9,0,0
6786,21,0,0,0,11,0,0
6787,89,2,0,0,13,0,74
6788,51,0,0,0,15,0,0
6789,93,11,0,0,55,0,0
6790,68,9,0,0,25,0,4
6791,79,14,0,0,31,0,0
6792,122,8,0,0,61,0,0
6793,52,3,0,0,8,0,33
6794,40,0,0,0,15,0,0
6795,58,3,0,0,11,0,23
6796,50,11,0,0,23,0,14
6797,98,7,0,0,43,0,0
6798,40,0,0,0,20,0,0
6799,49,7,0,0,9,0,0
6800,76,17,0,0,12,0,0
6801,28,5,0,0,10,0,9
6802,48,6,0,0,16,0,19
6803,60,0,0,0,5,0,42
6804,55,0,0,0,8,0,2
6805,80,12,0,0,14,0,0
6806,66,0,0,0,9,0,0
6807,101,9,0,0,40,0,29
6808,57,13,0,0,18,0,0
6809,60,22,0,0,20,0,21
6810,52,13,0,0,35,0,0
6811,39,0,0,0,23,0,0
6812,18,8,0,0,9,0,0
6813,0,4,0,0,8,0,0
6814,61,11,0,0,30,0,0
6815,22,4,0,0,19,0,9
6816,68,16,0,0,26,0,0
6817,20,2,0,0,9,0,8
6818,41,6,0,0,15,0,0
6819,79,0,0,0,21,0,0
6820,50,1,0,0,18,0,0
6821,29,4,0,0,18,0,22
6822,173,6,0,0,42,0,100
6823,70,6,0,0,27,0,0
6824,55,0,0,0,18,0,5
6825,56,8,0,0,7,0,0
6826,45,3,0,0,9,0,10
6827,55,15,0,0,29,0,0
6828,38,6,0,0,4,0,0
6829,16,6,0,0,1,0,0
6830,49,8,0,0,20,0,0
6831,66,15,0,0,19,0,9
6832,72,6,0,0,6,0,50
6833,42,16,0,0,26,0,0
6834,61,3,0,0,17,0,82
6835,54,0,0,0,21,0,0
6836,0,7,0,0,14,0,18
6837,44,2,0,0,8,0,0
6838,34,3,0,0,8,0,0
6839,86,15,0,0,23,0,51
6840,66,2,0,0,11,0,59
6841,56,10,0,0,14,0,0
6842,64,4,0,0,28,0,0
6843,104,23,0,0,46,0,0
6844,31,0,0,0,22,0,33
6845,47,9,0,0,22,0,0
6846,31,12,0,0,17,0,0
6847,40,8,0,0,0,0,7
6848,54,19,0,0,30,0,0
6849,45,0,0,0,21,0,0
6850,33,2,0,0,17,0,0
6851,85,18,0,0,20,0,0
6852,150,43,0,0,61,0,0
6853,81,19,0,0,26,0,0
6854,217,44,0,0,85,0,217
6855,28,11,0,0,8,0,49
6856,79,22,0,0,35,0,0
6857,45,6,0,0,19,0,18
6858,74,9,0,0,24,0,0
6859,65,5,0,0,27,0,0
6860,35,8,0,0,12,0,0
6861,44,5,0,0,23,0,0
6862,100,23,0,0,24,0,24
6863,55,12,0,0,22,0,0
6864,43,3,0,0,11,0,0
6865,89,16,0,0,24,0,0
6866,39,7,0,0,24,0,20
6867,52,3,0,0,20,0,0
6868,37,2,0,0,25,0,44
6869,44,6,0,0,0,0,0
6870,148,20,0,0,53,0,0
6871,40,2,0,0,17,0,0
6872,67,9,0,0,21,0,48
6873,72,8,0,0,12,0,26
6874,25,0,0,0,16,0,12
6875,65,0,0,0,19,0,0
6876,33,5,0,0,17,0,15
6877,42,3,0,0,12,0,0
6878,49,9,0,0,15,0,0
6879,66,12,0,0,14,0,0
6880,31,2,0,0,17,0,0
6881,78,6,0,0,13,0,37
6882,77,24,0,0,42,0,0
6883,46,8,0,0,27,0,0
6884,71,9,0,0,30,0,34
6885,68,16,0,0,0,0,0
6886,79,0,0,0,42,0,0
6887,28,5,0,0,17,0,12
6888,46,0,0,0,15,0,7
6889,42,7,0,0,23,0,46
6890,47,8,0,0,21,0,0
6891,57,8,0,0,6,0,0
6892,25,2,0,0,12,0,0
6893,7,3,0,0,11,0,0
6894,56,13,0,0,13,0,75
6895,47,3,0,0,18,0,0
6896,90,13,0,0,13,0,10
6897,40,7,0,0,12,0,0
6898,61,12,0,0,28,0,18
6899,68,9,0,0,27,0,0
6900,46,5,0,0,7,0,0
6901,113,3,0,0,27,0,42
6902,114,18,0,0,29,0,1
6903,64,5,0,0,18,0,0
6904,0,2,0,0,7,0,10
6905,23,2,0,0,13,0,0
6906,104,0,0,0,42,0,0
6907,37,12,0,0,15,0,0
6908,22,1,0,0,0,0,6
6909,88,0,0,0,2,0,0
6910,70,0,0,0,17,0,0
6911,51,8,0,0,14,0,21
6912,35,9,0,0,7,0,0
6913,26,0,0,0,15,0,0
6914,44,0,0,0,16,0,0
6915,47,13,0,0,20,0,0
6916,51,19,0,0,21,0,0
6917,26,3,0,0,14,0,0
6918,107,6,0,0,27,0,0
6919,70,0,0,0,21,0,0
6920,145,20,0,0,27,0,0
6921,68,17,0,0,34,0,0
6922,70,31,0,0,19,0,0
6923,17,2,0,0,30,0,14
6924,72,6,0,0,19,0,0
6925,37,0,0,0,11,0,10
6926,28,5,0,0,17,0,0
6927,152,19,0,0,69,0,0
6928,56,9,0,0,27,0,0
6929,51,11,0,0,11,0,0
6930,67,35,0,0,22,0,23
6931,74,11,0,0,38,0,0
6932,65,23,0,0,29,0,30
6933,29,0,0,0,6,0,6
6934,82,24,0,0,13,0,0
6935,83,5,0,0,12,0,0
6936,44,3,0,0,15,0,0
6937,70,7,0,0,30,0,0
6938,68,10,0,0,19,0,54
6939,177,16,0,0,57,0,13
6940,32,2,0,0,21,0,7
6941,112,12,0,0,30,0,34
6942,50,0,0,0,20,0,21
6943,46,0,0,0,17,0,8
6944,58,0,0,0,0,0,0
6945,2,3,0,0,21,0,0
6946,77,13,0,0,24,0,0
6947,74,7,0,0,1,0,1
6948,99,9,0,0,34,0,0
6949,94,25,0,0,28,0,0
6950,61,14,0,0,32,0,0
6951,108,14,0,0,27,0,99
6952,52,0,0,0,25,0,0
6953,23,15,0,0,30,0,47
6954,36,6,0,0,18,0,0
6955,31,12,0,0,16,0,7
6956,31,0,0,0,14,0,0
6957,61,3,0,0,23,0,54
6958,32,4,0,0,4,0,12
6959,28,3,0,0,12,0,10
6960,65,1,0,0,10,0,0
6961,48,5,0,0,18,0,0
6962,17,2,0,0,4,0,0
6963,56,0,0,0,25,0,0
6964,44,0,0,0,15,0,0
6965,29,10,0,0,17,0,1
6966,83,15,0,0,15,0,0
6967,37,6,0,0,18,0,16
6968,73,10,0,0,8,0,0
6969,174,17,0,0,48,0,0
6970,50,13,0,0,20,0,0
6971,51,13,0,0,20,0,0
6972,36,4,0,0,0,0,36
6973,55,7,0,0,10,0,34
6974,65,17,0,0,6,0,0
6975,50,5,0,0,20,0,0
6976,22,0,0,0,22,0,0
6977,78,9,0,0,10,0,0
6978,43,2,0,0,13,0,17
6979,38,3,0,0,15,0,0
6980,42,4,0,0,16,0,8
6981,38,0,0,0,16,0,1
6982,57,3,0,0,11,0,15
6983,3,11,0,0,6,0,14
6984,49,0,0,0,0,0,0
6985,159,6,0,0,38,0,0
6986,61,8,0,0,28,0,0
6987,23,2,0,0,12,0,0
6988,31,3,0,0,9,0,63
6989,117,17,0,0,37,0,0
6990,64,11,0,0,20,0,24
6991,39,2,0,0,17,0,0
6992,39,0,0,0,5,0,13
6993,47,3,0,0,8,0,0
6994,79,8,0,0,14,0,6
6995,53,0,0,0,35,0,0
6996,50,0,0,0,5,0,10
6997,37,0,0,0,13,0,0
6998,19,1,0,0,10,0,0
6999,23,4,0,0,15,0,0
7000,45,11,0,0,20,0,0
7001,51,3,0,0,14,0,9
7002,99,16,0,0,49,0,21
7003,22,3,0,0,15,0,0
7004,1,8,0,0,21,0,0
7005,24,8,0,0,16,0,0
7006,34,5,0,0,8,0,16
7007,152,26,0,0,75,0,16
7008,27,9,0,0,35,0,17
7009,47,17,0,0,20,0,0
7010,51,3,0,0,19,0,1
7011,79,16,0,0,20,0,0
7012,29,0,0,0,2,0,1
7013,24,4,0,0,5,0,0
7014,32,4,0,0,25,0,0
7015,38,9,0,0,10,0,0
7016,74,12,0,0,15,0,25
7017,62,7,0,0,12,0,0
7018,48,7,0,0,14,0,42
7019,62,0,0,0,17,0,40
7020,46,0,0,0,14,0,12
7021,33,6,0,0,12,0,8
7022,61,0,0,0,24,0,20
7023,62,0,0,0,27,0,2
7024,63,14,0,0,28,0,0
7025,41,5,0,0,8,0,0
7026,65,23,0,0,29,0,40
7027,45,9,0,0,12,0,0
7028,47,2,0,0,10,0,0
7029,36,10,0,0,16,0,0
7030,121,0,0,0,31,0,0
7031,33,6,0,0,13,0,0
7032,42,9,0,0,13,0,0
7033,49,0,0,0,28,0,0
7034,27,3,0,0,0,0,19
7035,68,9,0,0,14,0,38
7036,73,4,0,0,9,0,0
7037,28,3,0,0,19,0,0
7038,34,7,0,0,19,0,0
7039,44,6,0,0,19,0,0
7040,71,12,0,0,12,0,0
7041,21,6,0,0,16,0,0
7042,71,8,0,0,10,0,29
7043,57,1,0,0,9,0,23
7044,50,6,0,0,15,0,16
7045,53,0,0,0,16,0,0
7046,61,0,0,0,11,0,0
7047,33,9,0,0,15,0,7
7048,71,10,0,0,31,0,0
7049,75,14,0,0,32,0,0
7050,62,14,0,0,21,0,0
7051,105,32,0,0,16,0,0
7052,60,9,0,0,22,0,25
7053,36,3,0,0,20,0,8
7054,65,8,0,0,20,0,28
7055,45,5,0,0,12,0,0
7056,31,0,0,0,10,0,8
7057,51,0,0,0,5,0,0
7058,42,10,0,0,27,0,0
7059,24,4,0,0,13,0,19
7060,73,11,0,0,32,0,0
7061,47,6,0,0,17,0,17
7062,36,9,0,0,19,0,11
7063,57,3,0,0,33,0,10
7064,96,15,0,0,44,0,0
7065,39,0,0,0,5,0,0
7066,71,7,0,0,12,0,50
7067,21,4,0,0,12,0,0
7068,51,4,0,0,19,0,0
7069,149,16,0,0,37,0,37
7070,60,4,0,0,0,0,0
7071,83,11,0,0,27,0,0
7072,20,6,0,0,34,0,0
7073,14,0,0,0,13,0,0
7074,43,2,0,0,21,0,0
7075,48,2,0,0,0,0,0
7076,37,4,0,0,12,0,15
7077,33,6,0,0,8,0,0
7078,50,2,0,0,12,0,0
7079,62,0,0,0,19,0,0
7080,72,0,0,0,27,0,0
7081,43,4,0,0,14,0,6
7082,29,4,0,0,10,0,0
7083,39,1,0,0,22,0,17
7084,50,9,0,0,13,0,0
7085,29,6,0,0,15,0,6
7086,25,4,0,0,9,0,7
7087,75,14,0,0,16,0,0
7088,59,10,0,0,10,0,0
7089,31,3,0,0,13,0,13
7090,70,1,0,0,19,0,0
7091,226,9,0,0,73,0,0
7092,64,13,0,0,24,0,19
7093,135,23,0,0,37,0,0
7094,60,9,0,0,17,0,22
7095,64,0,0,0,36,0,0
7096,58,10,0,0,7,0,0
7097,78,7,0,0,10,0,0
7098,121,11,0,0,33,0,0
7099,24,0,0,0,11,0,0
7100,113,27,0,0,49,0,0
7101,60,0,0,0,13,0,0
7102,58,17,0,0,24,0,19
7103,38,2,0,0,6,0,14
7104,63,8,0,0,6,0,14
7105,61,9,0,0,21,0,1
7106,47,0,0,0,24,0,0
7107,24,5,0,0,15,0,0
7108,19,7,0,0,16,0,0
7109,13,5,0,0,13,0,0
7110,43,10,0,0,19,0,6
7111,53,6,0,0,5,0,0
7112,32,0,0,0,14,0,0
7113,44,4,0,0,8,0,0
7114,43,5,0,0,15,0,0
7115,86,26,0,0,42,0,6
7116,44,2,0,0,23,0,0
7117,50,5,0,0,32,0,83
7118,35,16,0,0,19,0,0
7119,73,15,0,0,33,0,13
7120,73,9,0,0,21,0,0
7121,66,8,0,0,24,0,28
7122,110,0,0,0,38,0,0
7123,37,10,0,0,13,0,0
7124,52,10,0,0,15,0,2
7125,28,8,0,0,6,0,12
7126,27,0,0,0,8,0,0
7127,44,11,0,0,15,0,28
7128,62,6,0,0,20,0,8
7129,102,7,0,0,22,0,0
7130,28,4,0,0,11,0,0
7131,155,16,0,0,46,0,0
7132,67,12,0,0,30,0,37
7133,78,8,0,0,15,0,44
7134,59,14,0,0,23,0,0
7135,67,12,0,0,16,0,0
7136,34,0,0,0,4,0,0
7137,15,9,0,0,13,0,0
7138,11,4,0,0,7,0,0
7139,45,8,0,0,6,0,0
7140,46,6,0,0,13,0,1
7141,24,8,0,0,8,0,2
7142,20,8,0,0,9,0,0
7143,44,2,0,0,6,0,0
7144,84,14,0,0,23,0,0
7145,41,0,0,0,14,0,28
7146,38,9,0,0,38,0,0
7147,42,0,0,0,16,0,0
7148,57,9,0,0,23,0,0
7149,43,0,0,0,6,0,0
7150,53,0,0,0,17,0,0
7151,41,4,0,0,9,0,24
7152,44,2,0,0,15,0,0
7153,61,0,0,0,34,0,0
7154,102,7,0,0,27,0,0
7155,29,38,0,0,18,0,0
7156,74,0,0,0,14,0,0
7157,2,5,0,0,9,0,0
7158,41,9,0,0,17,0,0
7159,100,10,0,0,41,0,39
7160,43,8,0,0,12,0,20
7161,26,9,0,0,9,0,0
7162,96,8,0,0,17,0,0
7163,45,14,0,0,25,0,0
7164,59,2,0,0,19,0,11
7165,53,0,0,0,19,0,0
7166,39,5,0,0,1,0,8
7167,34,4,0,0,11,0,10
7168,26,3,0,0,20,0,14
7169,66,6,0,0,17,0,0
7170,109,10,0,0,30,0,0
7171,50,12,0,0,8,0,0
7172,38,0,0,0,10,0,5
7173,37,6,0,0,12,0,0
7174,48,2,0,0,11,0,0
7175,47,10,0,0,7,0,0
7176,71,5,0,0,22,0,38
7177,61,0,0,0,29,0,8
7178,53,5,0,0,13,0,0
7179,20,3,0,0,10,0,5
7180,68,0,0,0,28,0,17
7181,68,10,0,0,22,0,0
7182,56,16,0,0,16,0,0
7183,24,5,0,0,11,0,0
7184,26,11,0,0,12,0,0
7185,59,0,0,0,23,0,55
7186,33,2,0,0,19,0,65
7187,81,3,0,0,16,0,16
7188,58,9,0,0,7,0,22
7189,404,77,0,0,143,0,247
7190,80,10,0,0,15,0,0
7191,52,6,0,0,16,0,25
7192,48,3,0,0,12,0,28
7193,38,0,0,0,14,0,0
7194,133,7,0,0,17,0,36
7195,65,0,0,0,15,0,0
7196,39,7,0,0,14,0,10
7197,89,10,0,0,52,0,0
7198,53,0,0,0,6,0,14
7199,44,10,0,0,25,0,0
7200,99,20,0,0,36,0,0
7201,129,23,0,0,44,0,39
7202,48,10,0,0,19,0,0
7203,36,0,0,0,12,0,18
7204,61,7,0,0,27,0,20
7205,27,0,0,0,6,0,5
7206,72,8,0,0,19,0,40
7207,55,12,0,0,38,0,1
7208,75,17,0,0,19,0,0
7209,89,1,0,0,21,0,0
7210,40,4,0,0,20,0,0
7211,75,0,0,0,28,0,0
7212,79,6,0,0,18,0,7
7213,41,7,0,0,19,0,7
7214,44,0,0,0,5,0,0
7215,44,0,0,0,14,0,29
7216,62,2,0,0,31,0,0
7217,81,8,0,0,26,0,36
7218,87,16,0,0,39,0,0
7219,45,7,0,0,24,0,0
7220,35,0,0,0,24,0,0
7221,1,0,0,0,8,0,0
7222,21,4,0,0,0,0,21
7223,41,3,0,0,10,0,0
7224,17,4,0,0,15,0,0
7225,48,3,0,0,16,0,0
7226,53,6,0,0,33,0,1
7227,43,6,0,0,19,0,35
7228,42,6,0,0,16,0,0
7229,41,5,0,0,18,0,16
7230,34,2,0,0,7,0,0
7231,54,7,0,0,18,0,0
7232,58,0,0,0,6,0,20
7233,24,7,0,0,8,0,0
7234,57,0,0,0,14,0,0
7235,78,16,0,0,29,0,0
7236,40,14,0,0,24,0,16
7237,49,10,0,0,18,0,20
7238,32,9,0,0,13,0,0
7239,50,12,0,0,4,0,0
7240,37,0,0,0,13,0,0
7241,55,0,0,0,14,0,0
7242,50,13,0,0,24,0,9
7243,43,9,0,0,11,0,0
7244,97,15,0,0,27,0,0
7245,44,0,0,0,18,0,0
7246,27,10,0,0,15,0,0
7247,27,11,0,0,11,0,9
7248,30,16,0,0,11,0,0
7249,70,21,0,0,49,0,0
7250,45,12,0,0,5,0,0
7251,37,4,0,0,4,0,0
7252,29,9,0,0,12,0,29
7253,75,14,0,0,31,0,28
7254,52,3,0,0,8,0,0
7255,84,0,0,0,30,0,0
7256,85,19,0,0,4,0,0
7257,100,2,0,0,30,0,0
7258,31,0,0,0,19,0,43
7259,73,16,0,0,15,0,0
7260,41,24,0,0,8,0,0
7261,30,10,0,0,18,0,0
7262,115,2,0,0,25,0,0
7263,42,8,0,0,21,0,22
7264,46,9,0,0,4,0,0
7265,21,5,0,0,4,0,0
7266,39,1,0,0,19,0,0
7267,25,5,0,0,8,0,0
7268,72,7,0,0,2,0,0
7269,25,2,0,0,4,0,0
7270,81,16,0,0,31,0,0
7271,44,0,0,0,8,0,21
7272,34,4,0,0,19,0,33
7273,23,8,0,0,11,0,10
7274,0,8,0,0,6,0,6
7275,63,2,0,0,22,0,0
7276,30,4,0,0,3,0,0
7277,37,5,0,0,15,0,0
7278,44,0,0,0,10,0,0
7279,33,0,0,0,13,0,0
7280,83,0,0,0,12,0,66
7281,20,0,0,0,9,0,0
7282,115,2,0,0,36,0,22
7283,45,0,0,0,10,0,0
7284,49,2,0,0,11,0,21
7285,43,2,0,0,13,0,0
7286,29,5,0,0,19,0,0
7287,39,3,0,0,8,0,3
7288,34,0,0,0,13,0,0
7289,152,22,0,0,35,0,0
7290,24,4,0,0,3,0,0
7291,63,21,0,0,13,0,0
7292,89,5,0,0,24,0,29
7293,28,3,0,0,15,0,0
7294,56,5,0,0,7,0,0
7295,0,8,0,0,11,0,19
7296,33,0,0,0,24,0,0
7297,65,3,0,0,7,0,25
7298,58,4,0,0,21,0,15
7299,62,9,0,0,10,0,48
7300,69,8,0,0,23,0,0
7301,187,2,0,0,20,0,16
7302,11,6,0,0,12,0,22
7303,85,7,0,0,20,0,17
7304,50,0,0,0,10,0,18
7305,38,4,0,0,10,0,38
7306,37,4,0,0,9,0,18
7307,48,0,0,0,15,0,1
7308,103,38,0,0,21,0,0
7309,39,10,0,0,20,0,20
7310,99,2,0,0,30,0,0
7311,76,4,0,0,8,0,0
7312,92,0,0,0,13,0,0
7313,12,3,0,0,6,0,0
7314,34,5,0,0,21,0,0
7315,39,3,0,0,12,0,0
7316,70,0,0,0,11,0,2
7317,62,3,0,0,12,0,41
7318,29,3,0,0,13,0,0
7319,103,6,0,0,15,0,0
7320,78,16,0,0,16,0,0
7321,235,48,0,0,111,0,42
7322,87,14,0,0,24,0,0
7323,31,6,0,0,5,0,52
7324,77,0,0,0,31,0,0
7325,41,0,0,0,20,0,0
7326,36,4,0,0,10,0,0
7327,13,6,0,0,8,0,0
7328,36,0,0,0,11,0,0
7329,105,22,0,0,33,0,19
7330,51,12,0,0,18,0,6
7331,40,11,0,0,20,0,0
7332,122,31,0,0,28,0,0
7333,69,4,0,0,15,0,25
7334,52,13,0,0,18,0,0
7335,28,8,0,0,12,0,0
7336,94,0,0,0,37,0,0
7337,79,8,0,0,6,0,46
7338,54,5,0,0,13,0,15
7339,45,10,0,0,0,0,0
7340,89,9,0,0,25,0,81
7341,59,8,0,0,12,0,0
7342,67,0,0,0,25,0,0
7343,81,9,0,0,23,0,14
7344,112,15,0,0,44,0,0
7345,38,13,0,0,24,0,4
7346,65,8,0,0,12,0,11
7347,146,0,0,0,21,0,0
7348,45,2,0,0,19,0,0
7349,18,0,0,0,27,0,0
7350,54,4,0,0,25,0,8
7351,39,7,0,0,15,0,18
7352,61,3,0,0,11,0,0
7353,72,12,0,0,15,0,0
7354,83,0,0,0,26,0,0
7355,55,12,0,0,14,0,0
7356,64,10,0,0,14,0,35
7357,103,22,0,0,12,0,0
7358,68,12,0,0,10,0,17
7359,49,7,0,0,18,0,11
7360,42,12,0,0,15,0,0
7361,36,5,0,0,22,0,0
7362,36,6,0,0,19,0,0
7363,201,19,0,0,74,0,28
7364,26,5,0,0,11,0,11
7365,47,16,0,0,34,0,21
7366,60,19,0,0,20,0,0
7367,66,0,0,0,10,0,18
7368,62,10,0,0,11,0,2
7369,68,2,0,0,12,0,0
7370,58,11,0,0,7,0,0
7371,35,5,0,0,22,0,41
7372,113,10,0,0,48,0,65
7373,62,7,0,0,15,0,1
7374,42,0,0,0,6,0,0
7375,125,10,0,0,8,0,0
7376,40,9,0,0,17,0,0
7377,257,20,0,0,54,0,29
7378,22,3,0,0,13,0,0
7379,42,12,0,0,27,0,0
7380,70,0,0,0,29,0,0
7381,51,0,0,0,14,0,34
7382,33,14,0,0,18,0,0
7383,30,8,0,0,12,0,0
7384,31,0,0,0,10,0,6
7385,38,10,0,0,21,0,0
7386,72,0,0,0,18,0,12
7387,31,2,0,0,7,0,0
7388,54,10,0,0,20,0,12
7389,165,14,0,0,36,0,72
7390,42,9,0,0,14,0,0
7391,73,13,0,0,12,0,27
7392,70,15,0,0,20,0,22
7393,49,7,0,0,31,0,2
7394,67,11,0,0,16,0,27
7395,45,13,0,0,23,0,28
7396,65,14,0,0,13,0,0
7397,35,5,0,0,12,0,0
7398,52,8,0,0,13,0,0
7399,78,7,0,0,14,0,0
7400,59,8,0,0,35,0,0
7401,134,0,0,0,33,0,0
7402,29,0,0,0,16,0,33
7403,40,15,0,0,11,0,0
7404,115,5,0,0,41,0,0
7405,30,7,0,0,22,0,19
7406,30,0,0,0,16,0,0
7407,32,0,0,0,14,0,13
7408,51,4,0,0,10,0,23
7409,51,6,0,0,29,0,0
7410,0,0,0,0,7,0,0
7411,27,0,0,0,15,0,0
7412,93,7,0,0,16,0,0
7413,124,27,0,0,28,0,0
7414,89,23,0,0,24,0,0
7415,17,7,0,0,13,0,0
7416,47,7,0,0,14,0,69
7417,50,3,0,0,12,0,0
7418,73,0,0,0,13,0,22
7419,59,8,0,0,30,0,0
7420,45,3,0,0,6,0,8
7421,19,7,0,0,7,0,37
7422,57,8,0,0,22,0,29
7423,55,0,0,0,17,0,11
7424,102,20,0,0,21,0,21
7425,28,1,0,0,6,0,0
7426,24,5,0,0,19,0,0
7427,60,9,0,0,15,0,14
7428,19,0,0,0,5,0,0
7429,14,5,0,0,8,0,5
7430,82,18,0,0,24,0,45
7431,73,2,0,0,7,0,26
7432,32,0,0,0,5,0,12
7433,35,2,0,0,5,0,0
7434,35,16,0,0,17,0,0
7435,26,4,0,0,10,0,47
7436,34,10,0,0,21,0,14
7437,58,16,0,0,26,0,0
7438,60,12,0,0,23,0,10
7439,117,11,0,0,10,0,21
7440,11,3,0,0,13,0,19
7441,38,5,0,0,14,0,35
7442,68,11,0,0,13,0,7
7443,14,20,0,0,22,0,0
7444,19,14,0,0,11,0,0
7445,84,7,0,0,8,0,0
7446,23,4,0,0,14,0,0
7447,33,0,0,0,11,0,0
7448,47,9,0,0,10,0,0
7449,36,4,0,0,16,0,0
7450,56,3,0,0,30,0,0
7451,47,3,0,0,8,0,16
7452,26,7,0,0,11,0,20
7453,24,14,0,0,12,0,0
7454,72,6,0,0,6,0,0
7455,72,14,0,0,15,0,0
7456,50,5,0,0,14,0,19
7457,15,1,0,0,14,0,0
7458,17,8,0,0,11,0,0
7459,134,23,0,0,47,0,73
7460,47,7,0,0,10,0,49
7461,97,7,0,0,22,0,0
7462,52,0,0,0,24,0,0
7463,88,2,0,0,22,0,0
7464,80,4,0,0,22,0,39
7465,131,22,0,0,30,0,12
7466,49,10,0,0,20,0,20
7467,40,7,0,0,9,0,0
7468,96,27,0,0,39,0,0
7469,16,0,0,0,31,0,0
7470,40,9,0,0,20,0,0
7471,34,7,0,0,12,0,0
7472,25,0,0,0,10,0,0
7473,83,12,0,0,28,0,42
7474,123,15,0,0,20,0,0
7475,56,6,0,0,15,0,24
7476,47,8,0,0,9,0,0
7477,37,5,0,0,6,0,0
7478,61,5,0,0,9,0,56
7479,49,14,0,0,25,0,0
7480,20,2,0,0,0,0,0
7481,33,5,0,0,31,0,0
7482,45,6,0,0,15,0,0
7483,53,1,0,0,29,0,0
7484,40,10,0,0,12,0,37
7485,34,8,0,0,16,0,0
7486,49,15,0,0,12,0,0
7487,72,34,0,0,38,0,20
7488,134,11,0,0,29,0,0
7489,50,2,0,0,8,0,18
7490,39,9,0,0,25,0,0
7491,46,4,0,0,16,0,29
7492,42,9,0,0,21,0,2
7493,123,37,0,0,48,0,46
7494,88,2,0,0,14,0,9
7495,48,5,0,0,11,0,0
7496,84,3,0,0,25,0,0
7497,43,5,0,0,14,0,23
7498,49,5,0,0,6,0,0
7499,44,2,0,0,8,0,9
7500,54,15,0,0,10,0,0
7501,56,6,0,0,9,0,0
7502,30,0,0,0,7,0,0
7503,65,11,0,0,19,0,81
7504,59,12,0,0,21,0,2
7505,31,3,0,0,0,0,0
7506,65,0,0,0,57,0,0
7507,65,9,0,0,21,0,0
7508,34,0,0,0,11,0,0
7509,59,8,0,0,28,0,8
7510,117,5,0,0,30,0,137
7511,97,4,0,0,14,0,0
7512,26,4,0,0,15,0,6
7513,32,18,0,0,18,0,0
7514,75,3,0,0,11,0,4
7515,40,3,0,0,3,0,0
7516,90,20,0,0,21,0,60
7517,74,3,0,0,13,0,24
7518,104,15,0,0,18,0,0
7519,69,22,0,0,17,0,0
7520,39,0,0,0,12,0,9
7521,39,0,0,0,13,0,0
7522,60,22,0,0,20,0,35
7523,40,10,0,0,28,0,0
7524,24,5,0,0,10,0,0
7525,53,0,0,0,12,0,0
7526,38,7,0,0,16,0,0
7527,94,10,0,0,27,0,0
7528,34,2,0,0,27,0,0
7529,39,0,0,0,12,0,21
7530,81,0,0,0,13,0,0
7531,52,8,0,0,16,0,0
7532,42,0,0,0,9,0,13
7533,12,7,0,0,19,0,0
7534,32,9,0,0,19,0,0
7535,58,12,0,0,7,0,0
7536,46,11,0,0,11,0,0
7537,47,0,0,0,22,0,0
7538,99,0,0,0,3,0,0
7539,60,8,0,0,19,0,0
7540,46,2,0,0,10,0,12
7541,44,13,0,0,22,0,44
7542,59,3,0,0,11,0,0
7543,64,9,0,0,23,0,9
7544,54,11,0,0,19,0,0
7545,43,0,0,0,15,0,0
7546,45,6,0,0,26,0,22
7547,54,18,0,0,23,0,68
7548,27,7,0,0,17,0,1
7549,21,0,0,0,17,0,0
7550,48,8,0,0,29,0,0
7551,34,0,0,0,0,0,0
7552,94,18,0,0,15,0,54
7553,38,2,0,0,8,0,16
7554,24,9,0,0,6,0,0
7555,65,6,0,0,20,0,29
7556,24,7,0,0,7,0,0
7557,56,7,0,0,14,0,0
7558,52,7,0,0,27,0,0
7559,29,7,0,0,16,0,25
7560,36,0,0,0,17,0,0
7561,40,0,0,0,0,0,16
7562,46,11,0,0,17,0,34
7563,36,0,0,0,12,0,0
7564,2,9,0,0,22,0,6
7565,38,6,0,0,20,0,0
7566,51,8,0,0,11,0,0
7567,88,0,0,0,7,0,0
7568,61,4,0,0,14,0,0
7569,76,0,0,0,24,0,0
7570,69,6,0,0,12,0,0
7571,37,9,0,0,8,0,0
7572,73,15,0,0,23,0,13
7573,108,17,0,0,39,0,0
7574,72,3,0,0,10,0,21
7575,63,13,0,0,26,0,0
7576,30,0,0,0,8,0,0
7577,92,0,0,0,33,0,0
7578,40,3,0,0,20,0,10
7579,47,13,0,0,23,0,0
7580,114,11,0,0,24,0,37
7581,62,3,0,0,21,0,0
7582,35,0,0,0,15,0,0
7583,48,10,0,0,18,0,10
7584,23,0,0,0,3,0,0
7585,59,0,0,0,31,0,60
7586,29,9,0,0,18,0,1
7587,38,6,0,0,8,0,0
7588,45,0,0,0,24,0,0
7589,41,9,0,0,29,0,0
7590,18,7,0,0,11,0,0
7591,12,2,0,0,14,0,0
7592,89,7,0,0,28,0,0
7593,103,2,0,0,44,0,0
7594,25,2,0,0,11,0,0
7595,55,0,0,0,10,0,0
7596,29,8,0,0,11,0,0
7597,29,10,0,0,19,0,0
7598,73,7,0,0,8,0,5
7599,21,0,0,0,6,0,0
7600,54,0,0,0,23,0,10
7601,21,9,0,0,18,0,0
7602,63,7,0,0,14,0,23
7603,53,15,0,0,31,0,0
7604,30,0,0,0,26,0,39
7605,35,0,0,0,14,0,14
7606,74,2,0,0,16,0,0
7607,79,11,0,0,22,0,39
7608,24,8,0,0,9,0,52
7609,59,8,0,0,11,0,13
7610,33,7,0,0,17,0,0
7611,56,0,0,0,6,0,10
7612,68,0,0,0,11,0,0
7613,60,20,0,0,18,0,0
7614,86,8,0,0,19,0,16
7615,29,12,0,0,19,0,0
7616,86,26,0,0,32,0,0
7617,54,3,0,0,7,0,0
7618,48,4,0,0,9,0,4
7619,36,9,0,0,2,0,0
7620,54,6,0,0,20,0,0
7621,40,2,0,0,10,0,0
7622,20,7,0,0,11,0,0
7623,88,15,0,0,34,0,54
7624,53,10,0,0,26,0,0
7625,41,4,0,0,10,0,13
7626,51,0,0,0,23,0,0
7627,35,12,0,0,14,0,0
7628,83,0,0,0,45,0,0
7629,50,0,0,0,9,0,0
7630,32,11,0,0,4,0,0
7631,38,8,0,0,9,0,56
7632,50,5,0,0,12,0,0
7633,25,0,0,0,6,0,0
7634,58,6,0,0,17,0,21
7635,48,15,0,0,8,0,0
7636,62,0,0,0,18,0,0
7637,50,9,0,0,6,0,0
7638,91,12,0,0,28,0,0
7639,36,4,0,0,18,0,0
7640,92,11,0,0,35,0,58
7641,45,14,0,0,10,0,0
7642,66,14,0,0,10,0,58
7643,47,7,0,0,7,0,42
7644,62,8,0,0,38,0,0
7645,82,8,0,0,13,0,0
7646,50,4,0,0,22,0,0
7647,77,12,0,0,8,0,18
7648,97,10,0,0,31,0,7
7649,40,0,0,0,6,0,7
7650,39,10,0,0,38,0,0
7651,51,0,0,0,26,0,0
7652,80,9,0,0,28,0,10
7653,49,7,0,0,11,0,13
7654,57,8,0,0,18,0,44
7655,41,3,0,0,21,0,3
7656,58,0,0,0,18,0,0
7657,8,6,0,0,16,0,0
7658,41,7,0,0,4,0,33
7659,83,12,0,0,21,0,0
7660,40,0,0,0,8,0,22
7661,65,18,0,0,2,0,0
7662,60,0,0,0,19,0,0
7663,52,4,0,0,15,0,9
7664,50,9,0,0,29,0,0
7665,67,7,0,0,15,0,45
7666,100,0,0,0,39,0,0
7667,58,8,0,0,12,0,17
7668,22,6,0,0,15,0,0
7669,56,2,0,0,9,0,0
7670,55,8,0,0,7,0,0
7671,79,15,0,0,25,0,0
7672,65,11,0,0,10,0,38
7673,73,0,0,0,46,0,0
7674,36,8,0,0,28,0,0
7675,225,7,0,0,44,0,1
7676,58,15,0,0,26,0,20
7677,37,0,0,0,10,0,42
7678,40,12,0,0,4,0,0
7679,42,2,0,0,35,0,0
7680,66,14,0,0,41,0,0
7681,57,5,0,0,19,0,0
7682,93,14,0,0,31,0,38
7683,58,4,0,0,34,0,0
7684,71,11,0,0,28,0,10
7685,34,7,0,0,19,0,0
7686,76,12,0,0,17,0,52
7687,38,0,0,0,13,0,0
7688,44,10,0,0,19,0,0
7689,65,18,0,0,9,0,18
7690,107,5,0,0,10,0,0
7691,47,10,0,0,23,0,43
7692,54,4,0,0,22,0,0
7693,22,8,0,0,11,0,0
7694,73,13,0,0,20,0,0
7695,81,5,0,0,14,0,61
7696,64,29,0,0,21,0,0
7697,51,2,0,0,27,0,0
7698,116,12,0,0,43,0,42
7699,45,5,0,0,14,0,19
7700,107,15,0,0,35,0,0
7701,32,5,0,0,16,0,15
7702,27,9,0,0,14,0,0
7703,37,6,0,0,18,0,10
7704,20,2,0,0,24,0,9
7705,36,4,0,0,23,0,12
7706,36,9,0,0,27,0,0
7707,36,6,0,0,10,0,0
7708,91,15,0,0,23,0,47
7709,99,0,0,0,15,0,74
7710,96,15,0,0,65,0,41
7711,41,8,0,0,33,0,0
7712,67,6,0,0,22,0,0
7713,86,0,0,0,15,0,0
7714,63,15,0,0,6,0,0
7715,58,13,0,0,15,0,0
7716,43,8,0,0,16,0,8
7717,71,4,0,0,19,0,0
7718,202,28,0,0,83,0,1
7719,117,17,0,0,30,0,0
7720,42,9,0,0,0,0,0
7721,49,5,0,0,10,0,39
7722,37,7,0,0,17,0,2
7723,77,16,0,0,31,0,0
7724,74,9,0,0,21,0,0
7725,69,0,0,0,13,0,0
7726,50,10,0,0,21,0,22
7727,201,21,0,0,57,0,0
7728,24,0,0,0,7,0,14
7729,40,0,0,0,4,0,0
7730,25,0,0,0,2,0,0
7731,96,9,0,0,18,0,23
7732,44,0,0,0,13,0,0
7733,69,19,0,0,32,0,26
7734,88,12,0,0,30,0,62
7735,98,10,0,0,33,0,0
7736,51,20,0,0,7,0,0
7737,54,5,0,0,10,0,13
7738,74,1,0,0,5,0,31
7739,121,11,0,0,40,0,0
7740,24,2,0,0,4,0,1
7741,78,0,0,0,11,0,18
7742,42,10,0,0,21,0,7
7743,95,8,0,0,24,0,0
7744,64,2,0,0,12,0,0
7745,77,16,0,0,26,0,22
7746,95,6,0,0,32,0,22
7747,65,6,0,0,34,0,13
7748,24,24,0,0,20,0,0
7749,26,16,0,0,3,0,0
7750,27,4,0,0,18,0,0
7751,52,19,0,0,31,0,0
7752,67,7,0,0,27,0,40
7753,24,5,0,0,16,0,14
7754,39,4,0,0,25,0,0
7755,8,5,0,0,16,0,0
7756,67,11,0,0,10,0,0
7757,23,11,0,0,9,0,0
7758,107,14,0,0,18,0,12
7759,59,15,0,0,32,0,0
7760,60,14,0,0,16,0,0
7761,75,2,0,0,15,0,25
7762,44,0,0,0,12,0,4
7763,24,6,0,0,19,0,13
7764,69,11,0,0,22,0,65
7765,86,8,0,0,0,0,0
7766,149,21,0,0,46,0,50
7767,29,14,0,0,7,0,0
7768,45,9,0,0,10,0,27
7769,30,2,0,0,0,0,63
7770,48,2,0,0,17,0,0
7771,69,15,0,0,17,0,0
7772,32,0,0,0,11,0,0
7773,44,7,0,0,17,0,0
7774,47,8,0,0,12,0,0
7775,47,7,0,0,0,0,4
7776,32,5,0,0,10,0,0
7777,71,6,0,0,26,0,0
7778,30,7,0,0,10,0,7
7779,36,3,0,0,15,0,0
7780,29,12,0,0,20,0,10
7781,30,11,0,0,9,0,14
7782,30,2,0,0,10,0,0
7783,43,0,0,0,12,0,11
7784,39,7,0,0,15,0,0
7785,18,0,0,0,7,0,0
7786,26,10,0,0,9,0,0
7787,85,17,0,0,13,0,0
7788,29,0,0,0,11,0,0
7789,37,0,0,0,13,0,0
7790,49,12,0,0,13,0,0
7791,173,8,0,0,71,0,0
7792,24,11,0,0,10,0,0
7793,28,7,0,0,0,0,0
7794,41,0,0,0,10,0,29
7795,49,0,0,0,9,0,0
7796,36,0,0,0,15,0,0
7797,109,29,0,0,29,0,0
7798,91,10,0,0,26,0,10
7799,58,12,0,0,22,0,0
7800,47,5,0,0,17,0,47
7801,52,6,0,0,25,0,18
7802,124,5,0,0,5,0,35
7803,71,24,0,0,40,0,0
7804,91,16,0,0,36,0,0
7805,53,14,0,0,17,0,14
7806,32,0,0,0,8,0,0
7807,13,5,0,0,14,0,0
7808,41,13,0,0,17,0,12
7809,12,0,0,0,10,0,0
7810,19,3,0,0,11,0,0
7811,66,8,0,0,27,0,0
7812,69,14,0,0,22,0,0
7813,30,5,0,0,21,0,0
7814,43,7,0,0,16,0,0
7815,42,19,0,0,11,0,16
7816,53,19,0,0,0,0,0
7817,50,10,0,0,16,0,0
7818,106,3,0,0,38,0,37
7819,16,7,0,0,12,0,0
7820,53,3,0,0,8,0,0
7821,59,14,0,0,21,0,0
7822,138,15,0,0,56,0,29
7823,24,12,0,0,19,0,5
7824,82,7,0,0,34,0,0
7825,30,0,0,0,8,0,0
7826,36,0,0,0,8,0,0
7827,103,7,0,0,34,0,0
7828,51,9,0,0,11,0,0
7829,41,11,0,0,17,0,0
7830,66,10,0,0,14,0,29
7831,45,14,0,0,24,0,1
7832,28,8,0,0,30,0,0
7833,51,10,0,0,14,0,0
7834,73,9,0,0,14,0,12
7835,51,26,0,0,23,0,44
7836,32,2,0,0,15,0,0
7837,51,5,0,0,17,0,0
7838,44,18,0,0,26,0,36
7839,25,9,0,0,20,0,66
7840,20,15,0,0,18,0,0
7841,85,13,0,0,29,0,0
7842,65,24,0,0,16,0,45
7843,18,0,0,0,10,0,11
7844,126,11,0,0,21,0,0
7845,50,12,0,0,17,0,0
7846,64,11,0,0,28,0,0
7847,65,10,0,0,30,0,0
7848,52,0,0,0,24,0,0
7849,20,10,0,0,11,0,0
7850,120,27,0,0,50,0,0
7851,45,9,0,0,37,0,0
7852,66,5,0,0,21,0,0
7853,149,23,0,0,43,0,0
7854,4,6,0,0,12,0,0
7855,40,6,0,0,17,0,0
7856,27,7,0,0,6,0,0
7857,66,10,0,0,33,0,3
7858,27,1,0,0,18,0,0
7859,44,0,0,0,8,0,0
7860,52,18,0,0,10,0,0
7861,42,2,0,0,10,0,31
7862,40,16,0,0,10,0,8
7863,80,54,0,0,51,0,0
7864,26,5,0,0,15,0,0
7865,82,0,0,0,30,0,0
7866,54,15,0,0,19,0,0
7867,43,7,0,0,20,0,0
7868,53,5,0,0,9,0,0
7869,24,4,0,0,26,0,0
7870,55,16,0,0,22,0,0
7871,0,13,0,0,22,0,0
7872,95,13,0,0,30,0,0
7873,19,6,0,0,15,0,0
7874,40,0,0,0,14,0,0
7875,18,6,0,0,15,0,0
7876,82,12,0,0,13,0,0
7877,43,17,0,0,19,0,24
7878,61,5,0,0,15,0,0
7879,51,0,0,0,35,0,0
7880,94,8,0,0,49,0,0
7881,70,7,0,0,25,0,22
7882,79,10,0,0,15,0,14
7883,78,13,0,0,11,0,0
7884,65,8,0,0,3,0,22
7885,26,0,0,0,17,0,0
7886,54,16,0,0,18,0,0
7887,25,0,0,0,4,0,0
7888,10,5,0,0,9,0,0
7889,102,12,0,0,49,0,13
7890,69,18,0,0,9,0,0
7891,36,2,0,0,24,0,0
7892,62,2,0,0,12,0,27
7893,31,2,0,0,7,0,29
7894,58,5,0,0,9,0,0
7895,122,14,0,0,65,0,0
7896,61,2,0,0,32,0,37
7897,56,8,0,0,25,0,0
7898,87,15,0,0,27,0,0
7899,45,3,0,0,11,0,0
7900,69,0,0,0,24,0,0
7901,52,14,0,0,17,0,0
7902,49,11,0,0,6,0,0
7903,37,5,0,0,14,0,23
7904,41,6,0,0,27,0,7
7905,69,1,0,0,0,0,0
7906,79,15,0,0,26,0,0
7907,71,1,0,0,25,0,0
7908,42,10,0,0,21,0,18
7909,26,4,0,0,26,0,0
7910,39,2,0,0,18,0,0
7911,73,6,0,0,25,0,26
7912,39,3,0,0,3,0,0
7913,26,0,0,0,13,0,0
7914,28,3,0,0,15,0,0
7915,75,0,0,0,9,0,0
7916,60,4,0,0,17,0,0
7917,42,1,0,0,13,0,0
7918,30,6,0,0,25,0,5
7919,60,6,0,0,21,0,14
7920,30,8,0,0,12,0,0
7921,44,4,0,0,1,0,0
7922,69,11,0,0,37,0,0
7923,36,15,0,0,8,0,0
7924,64,4,0,0,21,0,19
7925,62,4,0,0,18,0,0
7926,74,14,0,0,30,0,0
7927,72,20,0,0,15,0,45
7928,110,14,0,0,34,0,12
7929,41,10,0,0,12,0,0
7930,21,3,0,0,16,0,0
7931,56,7,0,0,10,0,5
7932,27,2,0,0,10,0,0
7933,41,0,0,0,4,0,0
7934,25,0,0,0,3,0,0
7935,61,8,0,0,24,0,17
7936,56,14,0,0,27,0,16
7937,67,12,0,0,12,0,1
7938,130,17,0,0,30,0,0
7939,66,0,0,0,11,0,26
7940,50,16,0,0,11,0,24
7941,67,5,0,0,11,0,0
7942,33,7,0,0,19,0,0
7943,42,3,0,0,4,0,0
7944,33,0,0,0,13,0,0
7945,39,0,0,0,23,0,0
7946,43,9,0,0,19,0,0
7947,44,11,0,0,14,0,0
7948,71,1,0,0,16,0,11
7949,85,5,0,0,15,0,0
7950,25,8,0,0,18,0,0
7951,40,11,0,0,4,0,0
7952,160,53,0,0,18,0,0
7953,72,30,0,0,29,0,0
7954,51,11,0,0,19,0,0
7955,27,0,0,0,3,0,0
7956,87,0,0,0,18,0,87
7957,26,2,0,0,13,0,13
7958,60,0,0,0,20,0,0
7959,97,10,0,0,26,0,21
7960,34,3,0,0,11,0,0
7961,40,2,0,0,9,0,14
7962,54,0,0,0,14,0,1
7963,72,4,0,0,19,0,48
7964,28,0,0,0,12,0,0
7965,37,0,0,0,27,0,0
7966,72,8,0,0,12,0,13
7967,37,5,0,0,9,0,0
7968,51,5,0,0,13,0,0
7969,53,15,0,0,0,0,0
7970,79,16,0,0,19,0,0
7971,40,6,0,0,0,0,0
7972,82,22,0,0,29,0,0
7973,27,7,0,0,13,0,0
7974,38,15,0,0,25,0,0
7975,36,0,0,0,8,0,2
7976,34,0,0,0,5,0,0
7977,38,0,0,0,17,0,0
7978,34,6,0,0,5,0,0
7979,81,11,0,0,30,0,0
7980,32,13,0,0,10,0,31
7981,55,10,0,0,14,0,0
7982,37,0,0,0,16,0,0
7983,59,10,0,0,12,0,0
7984,32,5,0,0,27,0,0
7985,102,0,0,0,29,0,0
7986,45,22,0,0,12,0,0
7987,76,2,0,0,25,0,0
7988,38,9,0,0,12,0,18
7989,45,13,0,0,9,0,0
7990,67,13,0,0,21,0,28
7991,23,0,0,0,14,0,0
7992,33,0,0,0,13,0,0
7993,38,6,0,0,14,0,0
7994,36,9,0,0,22,0,0
7995,47,8,0,0,13,0,49
7996,35,30,0,0,24,0,0
7997,27,5,0,0,15,0,17
7998,43,8,0,0,13,0,0
7999,57,2,0,0,8,0,0
8000,20,6,0,0,7,0,0
8001,102,9,0,0,17,0,0
8002,74,0,0,0,5,0,0
8003,41,6,0,0,10,0,52
8004,78,0,0,0,48,0,0
8005,47,7,0,0,15,0,16
8006,49,15,0,0,17,0,0
8007,132,10,0,0,23,0,31
8008,40,2,0,0,11,0,1
8009,57,6,0,0,16,0,0
8010,170,36,0,0,25,0,0
8011,0,7,0,0,15,0,0
8012,65,12,0,0,15,0,0
8013,19,10,0,0,16,0,0
8014,55,3,0,0,18,0,45
8015,19,8,0,0,18,0,14
8016,41,6,0,0,18,0,0
8017,63,19,0,0,31,0,6
8018,52,16,0,0,0,0,0
8019,40,2,0,0,20,0,0
8020,24,0,0,0,9,0,12
8021,50,7,0,0,13,0,15
8022,24,9,0,0,9,0,0
8023,45,9,0,0,11,0,0
8024,83,21,0,0,30,0,0
8025,36,5,0,0,7,0,40
8026,37,2,0,0,24,0,0
8027,50,4,0,0,13,0,0
8028,52,3,0,0,17,0,2
8029,63,4,0,0,3,0,0
8030,41,0,0,0,14,0,28
8031,65,9,0,0,28,0,1
8032,31,0,0,0,14,0,18
8033,44,6,0,0,8,0,22
8034,40,2,0,0,6,0,19
8035,48,7,0,0,21,0,0
8036,66,0,0,0,26,0,0
8037,15,0,0,0,8,0,0
8038,49,8,0,0,9,0,0
8039,86,5,0,0,33,0,0
8040,31,0,0,0,1,0,11
8041,13,5,0,0,11,0,0
8042,17,5,0,0,9,0,0
8043,51,15,0,0,20,0,0
8044,33,2,0,0,5,0,0
8045,72,0,0,0,2,0,16
8046,26,6,0,0,14,0,0
8047,0,5,0,0,4,0,0
8048,124,9,0,0,45,0,0
8049,43,0,0,0,6,0,0
8050,39,10,0,0,20,0,0
8051,37,5,0,0,18,0,0
8052,49,8,0,0,14,0,26
8053,20,0,0,0,7,0,0
8054,30,8,0,0,21,0,0
8055,37,0,0,0,16,0,0
8056,63,5,0,0,5,0,9
8057,34,8,0,0,4,0,1
8058,75,0,0,0,26,0,0
8059,40,6,0,0,15,0,0
8060,98,0,0,0,34,0,0
8061,32,0,0,0,13,0,14
8062,52,7,0,0,9,0,0
8063,50,0,0,0,25,0,0
8064,104,24,0,0,46,0,0
8065,65,0,0,0,22,0,0
8066,100,52,0,0,54,0,0
8067,64,8,0,0,13,0,0
8068,97,5,0,0,28,0,48
8069,21,4,0,0,13,0,0
8070,46,5,0,0,13,0,0
8071,59,5,0,0,24,0,32
8072,77,4,0,0,3,0,4
8073,79,15,0,0,32,0,0
8074,54,18,0,0,23,0,26
8075,55,21,0,0,23,0,0
8076,3,0,0,0,49,0,0
8077,49,17,0,0,5,0,0
8078,32,7,0,0,27,0,0
8079,49,8,0,0,22,0,0
8080,163,7,0,0,46,0,0
8081,32,5,0,0,22,0,18
8082,29,0,0,0,25,0,0
8083,38,13,0,0,20,0,0
8084,38,2,0,0,34,0,18
8085,104,26,0,0,48,0,0
8086,54,6,0,0,15,0,0
8087,55,0,0,0,15,0,0
8088,36,12,0,0,10,0,55
8089,17,8,0,0,9,0,0
8090,32,5,0,0,5,0,0
8091,70,19,0,0,20,0,0
8092,50,0,0,0,20,0,18
8093,27,0,0,0,10,0,48
8094,21,3,0,0,3,0,0
8095,85,12,0,0,22,0,10
8096,41,4,0,0,19,0,0
8097,60,3,0,0,13,0,0
8098,110,19,0,0,38,0,0
8099,100,32,0,0,0,0,0
8100,4,0,0,0,15,0,8
8101,28,5,0,0,16,0,18
8102,22,0,0,0,9,0,0
8103,44,11,0,0,16,0,0
8104,38,0,0,0,27,0,35
8105,54,0,0,0,17,0,0
8106,17,5,0,0,13,0,0
8107,107,15,0,0,46,0,0
8108,85,18,0,0,23,0,0
8109,34,0,0,0,5,0,0
8110,36,9,0,0,21,0,0
8111,51,5,0,0,19,0,0
8112,46,0,0,0,7,0,0
8113,55,13,0,0,17,0,3
8114,31,7,0,0,13,0,14
8115,220,41,0,0,37,0,98
8116,30,0,0,0,6,0,12
8117,31,8,0,0,16,0,0
8118,108,10,0,0,17,0,0
8119,85,47,0,0,0,0,0
8120,66,5,0,0,7,0,23
8121,44,14,0,0,10,0,0
8122,74,11,0,0,26,0,7
8123,44,7,0,0,13,0,0
8124,40,2,0,0,9,0,0
8125,43,7,0,0,20,0,0
8126,9,4,0,0,7,0,0
8127,55,7,0,0,9,0,19
8128,35,9,0,0,11,0,0
8129,48,8,0,0,28,0,20
8130,41,0,0,0,10,0,0
8131,63,7,0,0,23,0,15
8132,56,4,0,0,33,0,16
8133,89,16,0,0,39,0,31
8134,47,6,0,0,11,0,0
8135,82,0,0,0,19,0,41
8136,117,8,0,0,32,0,0
8137,46,0,0,0,21,0,12
8138,60,14,0,0,21,0,0
8139,55,2,0,0,17,0,0
8140,36,5,0,0,2,0,0
8141,38,6,0,0,25,0,0
8142,84,7,0,0,41,0,9
8143,56,2,0,0,12,0,0
8144,28,0,0,0,11,0,0
8145,59,2,0,0,12,0,11
8146,39,0,0,0,15,0,14
8147,36,4,0,0,1,0,0
8148,89,7,0,0,32,0,21
8149,29,0,0,0,0,0,0
8150,70,8,0,0,19,0,0
8151,153,24,0,0,72,0,192
8152,33,9,0,0,14,0,0
8153,52,3,0,0,14,0,9
8154,63,0,0,0,19,0,0
8155,47,6,0,0,22,0,34
8156,56,0,0,0,7,0,3
8157,83,7,0,0,12,0,0
8158,96,21,0,0,40,0,26
8159,0,8,0,0,4,0,17
8160,44,2,0,0,22,0,0
8161,28,10,0,0,5,0,0
8162,58,8,0,0,13,0,20
8163,25,0,0,0,13,0,0
8164,27,10,0,0,17,0,0
8165,38,10,0,0,17,0,42
8166,66,9,0,0,12,0,0
8167,30,0,0,0,6,0,0
8168,40,10,0,0,17,0,54
8169,123,30,0,0,63,0,0
8170,38,4,0,0,7,0,2
8171,48,11,0,0,3,0,22
8172,70,11,0,0,15,0,0
8173,98,25,0,0,38,0,0
8174,58,0,0,0,22,0,0
8175,137,29,0,0,55,0,0
8176,76,11,0,0,23,0,28
8177,23,0,0,0,8,0,13
8178,50,4,0,0,8,0,0
8179,27,7,0,0,31,0,0
8180,56,0,0,0,1,0,0
8181,57,4,0,0,27,0,64
8182,35,2,0,0,9,0,0
8183,37,2,0,0,6,0,0
8184,36,3,0,0,10,0,0
8185,105,21,0,0,27,0,64
8186,51,4,0,0,5,0,0
8187,50,7,0,0,22,0,30
8188,75,20,0,0,13,0,0
8189,42,8,0,0,13,0,0
8190,42,15,0,0,14,0,0
8191,43,0,0,0,19,0,0
8192,40,0,0,0,7,0,21
8193,16,5,0,0,10,0,5
8194,39,0,0,0,16,0,0
8195,48,0,0,0,21,0,0
8196,99,9,0,0,15,0,61
8197,33,3,0,0,21,0,0
8198,60,27,0,0,33,0,0
8199,53,8,0,0,18,0,0
8200,46,8,0,0,18,0,0
8201,102,15,0,0,47,0,0
8202,26,0,0,0,8,0,0
8203,28,0,0,0,12,0,20
8204,35,7,0,0,9,0,0
8205,25,3,0,0,13,0,0
8206,29,2,0,0,16,0,0
8207,49,5,0,0,20,0,0
8208,42,0,0,0,20,0,13
8209,47,9,0,0,13,0,0
8210,38,0,0,0,38,0,0
8211,30,0,0,0,9,0,0
8212,98,23,0,0,28,0,69
8213,86,17,0,0,18,0,43
8214,115,19,0,0,25,0,0
8215,43,5,0,0,14,0,1
8216,0,5,0,0,10,0,0
8217,40,5,0,0,9,0,0
8218,107,15,0,0,30,0,0
8219,56,0,0,0,16,0,0
8220,49,4,0,0,39,0,0
8221,27,8,0,0,7,0,0
8222,36,0,0,0,5,0,14
8223,55,13,0,0,17,0,0
8224,71,9,0,0,22,0,38
8225,78,14,0,0,34,0,8
8226,25,9,0,0,5,0,0
8227,47,2,0,0,11,0,0
8228,30,6,0,0,10,0,6
8229,111,8,0,0,21,0,0
8230,81,5,0,0,16,0,0
8231,25,0,0,0,12,0,0
8232,57,0,0,0,7,0,0
8233,34,5,0,0,22,0,24
8234,33,8,0,0,6,0,0
8235,34,0,0,0,22,0,0
8236,41,2,0,0,20,0,4
8237,14,12,0,0,7,0,0
8238,99,2,0,0,14,0,0
8239,50,10,0,0,24,0,18
8240,30,0,0,0,5,0,22
8241,44,7,0,0,23,0,9
8242,53,5,0,0,15,0,0
8243,30,3,0,0,10,0,0
8244,33,0,0,0,26,0,20
8245,41,4,0,0,19,0,0
8246,86,12,0,0,19,0,0
8247,65,13,0,0,17,0,0
8248,54,0,0,0,19,0,0
8249,32,5,0,0,17,0,0
8250,54,15,0,0,20,0,0
8251,29,9,0,0,26,0,0
8252,20,0,0,0,21,0,24
8253,80,9,0,0,49,0,0
8254,43,0,0,0,13,0,8
8255,152,14,0,0,22,0,21
8256,103,14,0,0,16,0,0
8257,46,0,0,0,5,0,0
8258,15,4,0,0,7,0,0
8259,54,0,0,0,11,0,0
8260,40,4,0,0,20,0,0
8261,39,2,0,0,3,0,29
8262,81,7,0,0,0,0,56
8263,63,15,0,0,5,0,0
8264,51,11,0,0,16,0,30
8265,84,2,0,0,23,0,45
8266,34,7,0,0,5,0,0
8267,67,10,0,0,25,0,0
8268,58,0,0,0,24,0,0
8269,90,0,0,0,35,0,0
8270,33,0,0,0,13,0,0
8271,87,20,0,0,25,0,0
8272,29,0,0,0,15,0,0
8273,35,3,0,0,7,0,15
8274,69,10,0,0,12,0,0
8275,215,29,0,0,107,0,0
8276,14,0,0,0,10,0,29
8277,25,0,0,0,10,0,0
8278,26,0,0,0,11,0,0
8279,115,25,0,0,37,0,0
8280,57,3,0,0,18,0,0
8281,18,2,0,0,4,0,0
8282,38,2,0,0,8,0,1
8283,153,23,0,0,67,0,0
8284,60,16,0,0,35,0,98
8285,19,9,0,0,24,0,0
8286,50,6,0,0,9,0,12
8287,60,15,0,0,13,0,0
8288,106,18,0,0,36,0,0
8289,29,0,0,0,19,0,8
8290,26,0,0,0,12,0,18
8291,54,18,0,0,28,0,0
8292,24,20,0,0,18,0,0
8293,47,9,0,0,11,0,0
8294,56,7,0,0,22,0,0
8295,87,11,0,0,12,0,0
8296,29,0,0,0,13,0,0
8297,41,5,0,0,20,0,0
8298,57,9,0,0,15,0,12
8299,27,2,0,0,23,0,35
8300,27,6,0,0,14,0,0
8301,50,16,0,0,51,0,0
8302,45,0,0,0,14,0,0
8303,49,2,0,0,13,0,0
8304,33,6,0,0,17,0,0
8305,33,11,0,0,10,0,0
8306,37,0,0,0,10,0,18
8307,70,10,0,0,5,0,0
8308,11,4,0,0,10,0,24
8309,49,17,0,0,30,0,0
8310,46,0,0,0,14,0,0
8311,39,2,0,0,19,0,8
8312,59,0,0,0,15,0,28
8313,66,13,0,0,22,0,54
8314,50,6,0,0,10,0,0
8315,30,4,0,0,7,0,12
8316,24,14,0,0,8,0,0
8317,29,5,0,0,12,0,20
8318,190,42,0,0,0,0,77
8319,68,9,0,0,26,0,0
8320,115,0,0,0,17,0,45
8321,129,19,0,0,48,0,0
8322,36,8,0,0,11,0,5
8323,74,5,0,0,30,0,0
8324,53,0,0,0,11,0,0
8325,30,8,0,0,7,0,0
8326,25,1,0,0,13,0,0
8327,49,5,0,0,12,0,21
8328,43,6,0,0,23,0,0
8329,98,11,0,0,13,0,53
8330,35,3,0,0,12,0,10
8331,79,5,0,0,23,0,63
8332,47,4,0,0,20,0,7
8333,117,0,0,0,49,0,0
8334,31,9,0,0,11,0,0
8335,41,4,0,0,15,0,13
8336,59,4,0,0,19,0,0
8337,55,0,0,0,27,0,0
8338,32,0,0,0,3,0,0
8339,50,17,0,0,14,0,28
8340,39,3,0,0,9,0,0
8341,60,0,0,0,21,0,0
8342,74,2,0,0,5,0,0
8343,126,14,0,0,38,0,12
8344,49,4,0,0,19,0,0
8345,43,6,0,0,25,0,0
8346,44,2,0,0,13,0,32
8347,110,3,0,0,30,0,0
8348,57,0,0,0,26,0,0
8349,29,0,0,0,13,0,0
8350,36,8,0,0,22,0,16
8351,123,17,0,0,33,0,0
8352,54,0,0,0,14,0,1
8353,67,4,0,0,13,0,0
8354,89,13,0,0,37,0,25
8355,48,8,0,0,16,0,20
8356,66,10,0,0,37,0,30
8357,44,9,0,0,13,0,0
8358,80,5,0,0,38,0,0
8359,44,13,0,0,12,0,0
8360,45,0,0,0,24,0,41
8361,25,10,0,0,26,0,62
8362,49,4,0,0,13,0,0
8363,113,16,0,0,42,0,49
8364,44,8,0,0,11,0,41
8365,121,14,0,0,64,0,0
8366,57,6,0,0,23,0,0
8367,48,10,0,0,20,0,0
8368,91,12,0,0,17,0,43
8369,51,6,0,0,8,0,0
8370,70,3,0,0,22,0,0
8371,95,0,0,0,37,0,0
8372,53,0,0,0,35,0,32
8373,26,4,0,0,5,0,0
8374,51,5,0,0,15,0,26
8375,59,16,0,0,24,0,0
8376,100,24,0,0,34,0,95
8377,49,0,0,0,7,0,0
8378,50,9,0,0,32,0,0
8379,67,14,0,0,29,0,0
8380,90,12,0,0,27,0,0
8381,23,0,0,0,14,0,0
8382,37,11,0,0,17,0,6
8383,63,0,0,0,33,0,0
8384,71,11,0,0,11,0,0
8385,62,6,0,0,26,0,0
8386,34,2,0,0,14,0,0
8387,56,8,0,0,15,0,0
8388,56,10,0,0,31,0,11
8389,45,6,0,0,7,0,0
8390,86,25,0,0,50,0,11
8391,42,2,0,0,15,0,14
8392,59,3,0,0,17,0,0
8393,35,0,0,0,18,0,0
8394,70,0,0,0,30,0,43
8395,147,0,0,0,39,0,0
8396,69,3,0,0,17,0,0
8397,101,3,0,0,34,0,0
8398,67,5,0,0,8,0,44
8399,78,11,0,0,39,0,17
8400,70,33,0,0,12,0,0
8401,32,7,0,0,27,0,15
8402,69,20,0,0,25,0,20
8403,34,1,0,0,0,0,0
8404,84,6,0,0,33,0,0
8405,36,9,0,0,23,0,41
8406,31,6,0,0,12,0,0
8407,25,6,0,0,3,0,0
8408,41,5,0,0,6,0,0
8409,60,0,0,0,11,0,56
8410,29,0,0,0,11,0,0
8411,109,7,0,0,26,0,0
8412,78,0,0,0,29,0,0
8413,99,21,0,0,37,0,0
8414,25,6,0,0,8,0,0
8415,80,9,0,0,23,0,0
8416,15,8,0,0,11,0,8
8417,60,0,0,0,17,0,14
8418,44,3,0,0,4,0,0
8419,62,25,0,0,32,0,0
8420,57,5,0,0,6,0,0
8421,79,8,0,0,36,0,0
8422,38,12,0,0,15,0,0
8423,36,6,0,0,17,0,0
8424,121,28,0,0,69,0,0
8425,46,9,0,0,16,0,0
8426,65,6,0,0,7,0,40
8427,137,12,0,0,34,0,51
8428,36,15,0,0,23,0,0
8429,64,17,0,0,28,0,0
8430,59,6,0,0,10,0,5
8431,42,0,0,0,16,0,0
8432,52,2,0,0,0,0,0
8433,87,9,0,0,31,0,0
8434,39,17,0,0,8,0,0
8435,31,5,0,0,3,0,0
8436,33,9,0,0,11,0,0
8437,48,2,0,0,12,0,0
8438,29,0,0,0,10,0,0
8439,137,17,0,0,27,0,0
8440,70,4,0,0,20,0,0
8441,80,39,0,0,29,0,38
8442,33,5,0,0,7,0,0
8443,53,11,0,0,31,0,0
8444,60,5,0,0,19,0,0
8445,48,0,0,0,16,0,0
8446,15,0,0,0,9,0,0
8447,86,11,0,0,59,0,0
8448,56,7,0,0,17,0,25
8449,47,0,0,0,6,0,0
8450,31,4,0,0,7,0,23
8451,27,6,0,0,8,0,0
8452,48,0,0,0,18,0,0
8453,31,11,0,0,0,0,0
8454,98,3,0,0,35,0,12
8455,92,10,0,0,33,0,0
8456,60,13,0,0,23,0,0
8457,44,10,0,0,27,0,0
8458,126,20,0,0,53,0,53
8459,48,2,0,0,17,0,0
8460,50,6,0,0,9,0,34
8461,41,0,0,0,8,0,0
8462,86,26,0,0,26,0,0
8463,53,8,0,0,19,0,0
8464,45,6,0,0,14,0,0
8465,27,4,0,0,13,0,5
8466,46,8,0,0,12,0,0
8467,38,2,0,0,15,0,0
8468,163,46,0,0,31,0,0
8469,90,5,0,0,29,0,30
8470,31,0,0,0,13,0,0
8471,21,3,0,0,5,0,4
8472,56,0,0,0,19,0,32
8473,30,0,0,0,8,0,6
8474,39,8,0,0,15,0,0
8475,52,13,0,0,11,0,0
8476,29,10,0,0,10,0,0
8477,70,13,0,0,34,0,0
8478,44,0,0,0,20,0,0
8479,31,10,0,0,21,0,3
8480,25,9,0,0,17,0,0
8481,85,20,0,0,25,0,0
8482,67,0,0,0,12,0,0
8483,40,8,0,0,20,0,42
8484,11,0,0,0,9,0,0
8485,64,4,0,0,13,0,29
8486,40,5,0,0,6,0,0
8487,28,0,0,0,8,0,0
8488,65,23,0,0,32,0,0
8489,126,28,0,0,35,0,0
8490,46,5,0,0,10,0,0
8491,47,13,0,0,15,0,0
8492,56,6,0,0,34,0,6
8493,48,6,0,0,16,0,0
8494,73,24,0,0,22,0,0
8495,48,0,0,0,5,0,0
8496,42,10,0,0,15,0,0
8497,92,8,0,0,23,0,47
8498,40,12,0,0,17,0,0
8499,95,6,0,0,27,0,0
8500,90,0,0,0,26,0,0
8501,37,14,0,0,19,0,0
8502,61,43,0,0,30,0,0
8503,18,3,0,0,10,0,0
8504,74,9,0,0,23,0,36
8505,31,5,0,0,11,0,0
8506,51,17,0,0,32,0,9
8507,23,7,0,0,5,0,7
8508,43,3,0,0,14,0,14
8509,46,9,0,0,0,0,0
8510,96,11,0,0,30,0,0
8511,80,22,0,0,21,0,0
8512,43,7,0,0,9,0,0
8513,46,0,0,0,13,0,0
8514,50,34,0,0,43,0,0
8515,22,8,0,0,13,0,0
8516,40,13,0,0,12,0,0
8517,13,0,0,0,8,0,26
8518,29,9,0,0,27,0,0
8519,60,6,0,0,11,0,0
8520,52,10,0,0,21,0,0
8521,64,17,0,0,35,0,0
8522,42,10,0,0,19,0,18
8523,0,9,0,0,16,0,9
8524,68,11,0,0,35,0,0
8525,52,11,0,0,27,0,0
8526,22,15,0,0,21,0,0
8527,71,8,0,0,24,0,38
8528,25,5,0,0,17,0,0
8529,57,6,0,0,21,0,16
8530,49,4,0,0,19,0,0
8531,31,6,0,0,13,0,0
8532,21,10,0,0,18,0,0
8533,43,4,0,0,20,0,11
8534,34,2,0,0,11,0,11
8535,48,0,0,0,22,0,0
8536,75,0,0,0,28,0,12
8537,108,18,0,0,40,0,0
8538,42,3,0,0,14,0,20
8539,83,0,0,0,29,0,62
8540,136,18,0,0,34,0,0
8541,56,0,0,0,21,0,11
8542,24,4,0,0,24,0,0
8543,80,0,0,0,20,0,38
8544,55,9,0,0,22,0,20
8545,60,9,0,0,21,0,0
8546,82,12,0,0,24,0,20
8547,56,10,0,0,25,0,0
8548,0,21,0,0,12,0,37
8549,68,2,0,0,15,0,0
8550,8,10,0,0,11,0,0
8551,51,9,0,0,23,0,25
8552,34,7,0,0,14,0,0
8553,71,2,0,0,11,0,6
8554,33,8,0,0,20,0,0
8555,71,17,0,0,26,0,0
8556,32,7,0,0,12,0,0
8557,56,0,0,0,7,0,0
8558,54,2,0,0,32,0,6
8559,57,17,0,0,30,0,0
8560,90,21,0,0,19,0,18
8561,36,0,0,0,11,0,0
8562,30,3,0,0,9,0,13
8563,40,6,0,0,10,0,73
8564,71,9,0,0,9,0,15
8565,47,1,0,0,19,0,0
8566,83,10,0,0,34,0,0
8567,27,5,0,0,5,0,10
8568,59,0,0,0,7,0,0
8569,69,29,0,0,36,0,0
8570,27,0,0,0,0,0,0
8571,61,4,0,0,9,0,0
8572,78,10,0,0,21,0,45
8573,43,8,0,0,18,0,13
8574,37,0,0,0,20,0,0
8575,56,7,0,0,18,0,69
8576,76,14,0,0,33,0,0
8577,56,7,0,0,21,0,0
8578,104,27,0,0,16,0,0
8579,39,14,0,0,23,0,0
8580,58,0,0,0,0,0,3
8581,31,8,0,0,8,0,0
8582,164,39,0,0,16,0,7
8583,66,37,0,0,35,0,0
8584,86,6,0,0,15,0,0
8585,58,5,0,0,0,0,0
8586,25,0,0,0,11,0,0
8587,20,10,0,0,27,0,0
8588,42,4,0,0,21,0,2
8589,99,12,0,0,30,0,0
8590,49,0,0,0,12,0,0
8591,34,0,0,0,13,0,0
8592,50,8,0,0,13,0,0
8593,0,4,0,0,4,0,0
8594,39,0,0,0,6,0,14
8595,97,27,0,0,39,0,24
8596,60,5,0,0,6,0,28
8597,152,2,0,0,0,0,0
8598,44,8,0,0,28,0,0
8599,51,11,0,0,17,0,0
8600,36,8,0,0,22,0,0
8601,31,2,0,0,10,0,0
8602,39,0,0,0,8,0,2
8603,47,11,0,0,22,0,0
8604,14,17,0,0,23,0,0
8605,34,0,0,0,9,0,0
8606,47,12,0,0,27,0,0
8607,68,10,0,0,28,0,13
8608,36,2,0,0,10,0,0
8609,51,0,0,0,5,0,0
8610,140,12,0,0,38,0,0
8611,25,3,0,0,11,0,0
8612,70,0,0,0,24,0,0
8613,83,9,0,0,12,0,6
8614,50,0,0,0,25,0,17
8615,39,3,0,0,11,0,0
8616,36,7,0,0,22,0,0
8617,89,10,0,0,17,0,0
8618,53,8,0,0,25,0,0
8619,41,9,0,0,9,0,1
8620,52,10,0,0,21,0,0
8621,40,17,0,0,21,0,0
8622,55,19,0,0,20,0,0
8623,59,11,0,0,21,0,17
8624,121,26,0,0,11,0,25
8625,37,10,0,0,38,0,0
8626,121,28,0,0,39,0,0
8627,38,7,0,0,29,0,0
8628,50,9,0,0,20,0,0
8629,49,2,0,0,11,0,0
8630,15,0,0,0,4,0,0
8631,40,12,0,0,37,0,45
8632,54,3,0,0,14,0,0
8633,65,7,0,0,17,0,2
8634,40,0,0,0,8,0,0
8635,33,7,0,0,31,0,0
8636,61,12,0,0,17,0,0
8637,35,2,0,0,7,0,28
8638,69,7,0,0,18,0,0
8639,43,10,0,0,19,0,26
8640,61,11,0,0,20,0,0
8641,24,0,0,0,9,0,0
8642,40,6,0,0,9,0,0
8643,65,17,0,0,23,0,14
8644,74,8,0,0,14,0,29
8645,38,4,0,0,13,0,2
8646,71,13,0,0,4,0,34
8647,22,5,0,0,8,0,0
8648,56,0,0,0,0,0,0
8649,56,2,0,0,21,0,0
8650,58,13,0,0,25,0,0
8651,28,0,0,0,7,0,9
8652,47,0,0,0,18,0,21
8653,63,7,0,0,26,0,58
8654,50,8,0,0,2,0,0
8655,36,7,0,0,9,0,0
8656,23,2,0,0,21,0,0
8657,27,10,0,0,27,0,2
8658,38,6,0,0,18,0,0
8659,5,3,0,0,7,0,46
8660,56,9,0,0,3,0,68
8661,105,11,0,0,44,0,32
8662,76,8,0,0,14,0,0
8663,26,6,0,0,13,0,0
8664,49,8,0,0,24,0,0
8665,25,0,0,0,9,0,16
8666,92,20,0,0,27,0,35
8667,19,0,0,0,13,0,0
8668,42,12,0,0,7,0,0
8669,43,6,0,0,15,0,0
8670,0,3,0,0,17,0,49
8671,81,9,0,0,14,0,0
8672,49,0,0,0,23,0,1
8673,79,15,0,0,24,0,0
8674,38,7,0,0,12,0,0
8675,100,0,0,0,27,0,27
8676,13,7,0,0,12,0,0
8677,79,4,0,0,11,0,13
8678,49,17,0,0,8,0,17
8679,54,7,0,0,26,0,21
8680,56,8,0,0,20,0,22
8681,92,16,0,0,44,0,0
8682,123,17,0,0,29,0,0
8683,46,3,0,0,0,0,0
8684,49,7,0,0,7,0,0
8685,24,6,0,0,7,0,0
8686,17,12,0,0,16,0,0
8687,28,8,0,0,19,0,0
8688,100,6,0,0,21,0,0
8689,68,8,0,0,14,0,0
8690,76,12,0,0,34,0,0
8691,77,5,0,0,14,0,13
8692,51,12,0,0,20,0,12
8693,39,0,0,0,24,0,55
8694,113,13,0,0,19,0,0
8695,80,12,0,0,19,0,23
8696,83,12,0,0,5,0,25
8697,52,0,0,0,16,0,0
8698,51,6,0,0,19,0,31
8699,55,12,0,0,10,0,56
8700,32,18,0,0,19,0,0
8701,54,0,0,0,26,0,0
8702,39,3,0,0,6,0,0
8703,97,2,0,0,47,0,0
8704,36,0,0,0,20,0,0
8705,50,15,0,0,34,0,0
8706,70,16,0,0,22,0,0
8707,56,9,0,0,21,0,0
8708,70,4,0,0,20,0,4
8709,27,9,0,0,16,0,0
8710,85,6,0,0,8,0,57
8711,53,10,0,0,6,0,12
8712,176,35,0,0,69,0,31
8713,55,0,0,0,6,0,49
8714,35,4,0,0,17,0,44
8715,94,14,0,0,42,0,0
8716,61,17,0,0,20,0,5
8717,52,7,0,0,21,0,0
8718,46,12,0,0,23,0,0
8719,90,0,0,0,30,0,0
8720,66,0,0,0,19,0,32
8721,10,0,0,0,11,0,0
8722,61,11,0,0,12,0,0
8723,70,9,0,0,26,0,8
8724,86,22,0,0,18,0,0
8725,34,4,0,0,15,0,13
8726,42,0,0,0,16,0,0
8727,65,9,0,0,12,0,0
8728,57,14,0,0,21,0,4
8729,40,18,0,0,14,0,0
8730,125,9,0,0,7,0,27
8731,83,0,0,0,3,0,0
8732,33,0,0,0,11,0,0
8733,43,9,0,0,11,0,28
8734,19,8,0,0,11,0,0
8735,36,5,0,0,10,0,19
8736,22,0,0,0,9,0,12
8737,74,0,0,0,11,0,0
8738,74,0,0,0,8,0,0
8739,49,9,0,0,17,0,39
8740,103,10,0,0,53,0,0
8741,78,17,0,0,30,0,34
8742,16,2,0,0,0,0,6
8743,53,8,0,0,7,0,0
8744,54,7,0,0,15,0,0
8745,46,12,0,0,18,0,0
8746,13,2,0,0,6,0,21
8747,71,6,0,0,18,0,19
8748,27,4,0,0,17,0,0
8749,34,2,0,0,4,0,0
8750,113,27,0,0,20,0,0
8751,78,8,0,0,14,0,34
8752,60,0,0,0,32,0,0
8753,34,1,0,0,12,0,0
8754,33,0,0,0,11,0,0
8755,43,3,0,0,12,0,0
8756,22,6,0,0,20,0,21
8757,65,0,0,0,15,0,0
8758,62,10,0,0,26,0,0
8759,38,0,0,0,18,0,0
8760,36,12,0,0,14,0,8
8761,41,2,0,0,31,0,0
8762,82,0,0,0,16,0,0
8763,44,13,0,0,13,0,0
8764,34,6,0,0,11,0,0
8765,54,6,0,0,22,0,0
8766,23,6,0,0,15,0,0
8767,45,6,0,0,0,0,0
8768,37,0,0,0,12,0,0
8769,50,10,0,0,9,0,0
8770,43,0,0,0,21,0,28
8771,0,13,0,0,17,0,0
8772,46,14,0,0,10,0,0
8773,69,8,0,0,15,0,12
8774,101,23,0,0,29,0,0
8775,55,5,0,0,29,0,0
8776,47,0,0,0,12,0,0
8777,38,8,0,0,17,0,9
8778,37,2,0,0,14,0,0
8779,95,16,0,0,28,0,0
8780,50,7,0,0,10,0,0
8781,78,20,0,0,36,0,47
8782,57,12,0,0,16,0,0
8783,69,6,0,0,23,0,28
8784,89,11,0,0,39,0,8
8785,25,0,0,0,12,0,16
8786,93,14,0,0,36,0,0
8787,44,10,0,0,40,0,0
8788,35,6,0,0,25,0,17
8789,14,7,0,0,25,0,0
8790,90,6,0,0,43,0,33
8791,40,7,0,0,5,0,0
8792,57,0,0,0,17,0,0
8793,60,6,0,0,13,0,0
8794,17,4,0,0,9,0,18
8795,68,0,0,0,14,0,29
8796,56,5,0,0,17,0,0
8797,54,0,0,0,8,0,0
8798,31,8,0,0,13,0,0
8799,129,8,0,0,33,0,45
8800,24,5,0,0,5,0,0
8801,43,13,0,0,10,0,12
8802,57,6,0,0,17,0,0
8803,36,12,0,0,15,0,62
8804,50,3,0,0,18,0,0
8805,27,15,0,0,13,0,0
8806,153,9,0,0,60,0,0
8807,57,7,0,0,15,0,0
8808,13,19,0,0,28,0,0
8809,65,5,0,0,30,0,0
8810,45,6,0,0,13,0,0
8811,84,21,0,0,37,0,26
8812,26,4,0,0,18,0,0
8813,52,0,0,0,10,0,10
8814,37,7,0,0,26,0,9
8815,53,8,0,0,16,0,0
8816,48,9,0,0,14,0,0
8817,43,16,0,0,11,0,20
8818,80,16,0,0,46,0,0
8819,37,0,0,0,12,0,0
8820,34,14,0,0,19,0,15
8821,65,0,0,0,7,0,0
8822,65,14,0,0,34,0,0
8823,44,0,0,0,5,0,0
8824,28,0,0,0,9,0,19
8825,118,14,0,0,55,0,42
8826,87,10,0,0,32,0,11
8827,20,7,0,0,8,0,0
8828,39,10,0,0,9,0,0
8829,30,4,0,0,12,0,16
8830,38,9,0,0,21,0,0
8831,75,5,0,0,16,0,44
8832,31,5,0,0,14,0,0
8833,40,3,0,0,13,0,49
8834,33,0,0,0,17,0,0
8835,76,0,0,0,32,0,0
8836,58,5,0,0,6,0,24
8837,18,0,0,0,17,0,6
8838,85,2,0,0,16,0,12
8839,57,8,0,0,21,0,0
8840,59,8,0,0,8,0,0
8841,93,21,0,0,43,0,29
8842,46,7,0,0,14,0,12
8843,36,10,0,0,20,0,0
8844,33,3,0,0,13,0,0
8845,31,2,0,0,7,0,0
8846,81,8,0,0,8,0,0
8847,60,5,0,0,7,0,0
8848,48,0,0,0,12,0,0
8849,82,0,0,0,20,0,0
8850,32,0,0,0,12,0,26
8851,65,0,0,0,0,0,0
8852,101,10,0,0,21,0,80
8853,119,14,0,0,60,0,0
8854,61,3,0,0,11,0,0
8855,39,3,0,0,28,0,0
8856,92,13,0,0,10,0,0
8857,90,12,0,0,50,0,0
8858,58,0,0,0,4,0,42
8859,110,37,0,0,52,0,51
8860,62,5,0,0,17,0,0
8861,36,10,0,0,4,0,0
8862,6,5,0,0,14,0,0
8863,71,16,0,0,18,0,11
8864,29,0,0,0,22,0,14
8865,122,6,0,0,21,0,32
8866,55,5,0,0,16,0,0
8867,50,0,0,0,23,0,40
8868,26,8,0,0,13,0,0
8869,137,22,0,0,35,0,0
8870,81,10,0,0,26,0,0
8871,37,3,0,0,19,0,0
8872,35,7,0,0,8,0,0
8873,61,11,0,0,33,0,34
8874,34,13,0,0,15,0,0
8875,80,15,0,0,21,0,0
8876,68,8,0,0,10,0,45
8877,26,5,0,0,8,0,5
8878,46,9,0,0,19,0,0
8879,78,7,0,0,22,0,0
8880,40,2,0,0,20,0,6
8881,63,12,0,0,15,0,0
8882,68,9,0,0,24,0,0
8883,69,12,0,0,22,0,46
8884,51,11,0,0,9,0,23
8885,76,15,0,0,12,0,8
8886,71,17,0,0,25,0,1
8887,24,0,0,0,15,0,0
8888,84,19,0,0,43,0,33
8889,61,27,0,0,25,0,0
8890,42,5,0,0,17,0,0
8891,92,5,0,0,21,0,0
8892,40,5,0,0,2,0,49
8893,46,7,0,0,10,0,0
8894,91,0,0,0,31,0,0
8895,61,10,0,0,21,0,0
8896,43,2,0,0,19,0,0
8897,53,14,0,0,9,0,0
8898,38,6,0,0,29,0,8
8899,54,23,0,0,12,0,27
8900,39,12,0,0,13,0,0
8901,34,11,0,0,10,0,11
8902,115,0,0,0,27,0,0
8903,46,5,0,0,14,0,0
8904,38,7,0,0,16,0,0
8905,175,0,0,0,33,0,0
8906,36,3,0,0,7,0,0
8907,36,4,0,0,9,0,0
8908,23,15,0,0,14,0,0
8909,210,19,0,0,119,0,0
8910,18,0,0,0,7,0,35
8911,31,12,0,0,13,0,0
8912,119,0,0,0,32,0,4
8913,43,3,0,0,27,0,19
8914,22,0,0,0,3,0,19
8915,17,2,0,0,11,0,18
8916,21,0,0,0,13,0,0
8917,114,19,0,0,21,0,3
8918,52,1,0,0,13,0,0
8919,48,8,0,0,22,0,0
8920,43,0,0,0,15,0,0
8921,60,0,0,0,30,0,22
8922,57,0,0,0,14,0,17
8923,68,9,0,0,39,0,38
8924,47,7,0,0,12,0,0
8925,48,13,0,0,9,0,0
8926,79,15,0,0,34,0,61
8927,55,5,0,0,14,0,46
8928,40,6,0,0,11,0,0
8929,111,17,0,0,10,0,0
8930,210,5,0,0,40,0,38
8931,89,11,0,0,22,0,27
8932,51,1,0,0,16,0,0
8933,54,4,0,0,30,0,22
8934,71,8,0,0,9,0,0
8935,23,1,0,0,3,0,0
8936,37,2,0,0,28,0,13
8937,55,0,0,0,7,0,0
8938,18,8,0,0,19,0,19
8939,38,5,0,0,8,0,14
8940,24,3,0,0,9,0,0
8941,50,14,0,0,10,0,9
8942,80,11,0,0,27,0,0
8943,71,8,0,0,30,0,25
8944,0,8,0,0,10,0,0
8945,31,0,0,0,20,0,0
8946,19,0,0,0,2,0,0
8947,77,4,0,0,2,0,0
8948,98,19,0,0,19,0,16
8949,26,1,0,0,18,0,0
8950,34,6,0,0,21,0,0
8951,32,0,0,0,14,0,0
8952,51,5,0,0,9,0,0
8953,29,0,0,0,14,0,16
8954,46,6,0,0,13,0,0
8955,25,7,0,0,11,0,0
8956,74,25,0,0,43,0,74
8957,28,7,0,0,22,0,0
8958,35,6,0,0,29,0,11
8959,52,8,0,0,10,0,1
8960,83,7,0,0,31,0,48
8961,149,0,0,0,39,0,0
8962,80,16,0,0,20,0,0
8963,65,11,0,0,41,0,21
8964,49,20,0,0,24,0,0
8965,30,1,0,0,0,0,5
8966,33,6,0,0,9,0,8
8967,54,0,0,0,5,0,40
8968,58,10,0,0,31,0,18
8969,58,18,0,0,32,0,0
8970,40,3,0,0,19,0,11
8971,38,25,0,0,6,0,0
8972,34,5,0,0,7,0,5
8973,65,5,0,0,24,0,27
8974,59,5,0,0,17,0,19
8975,141,9,0,0,37,0,12
8976,39,6,0,0,10,0,13
8977,70,7,0,0,29,0,14
8978,54,20,0,0,25,0,0
8979,61,10,0,0,12,0,0
8980,54,0,0,0,9,0,47
8981,19,0,0,0,12,0,0
8982,101,2,0,0,39,0,0
8983,65,8,0,0,26,0,0
8984,64,23,0,0,38,0,0
8985,60,0,0,0,11,0,10
8986,76,6,0,0,28,0,0
8987,70,10,0,0,33,0,62
8988,26,8,0,0,18,0,0
8989,32,8,0,0,15,0,0
8990,43,7,0,0,9,0,0
8991,47,8,0,0,8,0,10
8992,58,0,0,0,44,0,0
8993,30,2,0,0,16,0,34
8994,63,3,0,0,16,0,8
8995,53,0,0,0,19,0,0
8996,48,4,0,0,6,0,0
8997,68,7,0,0,20,0,11
8998,64,9,0,0,13,0,0
8999,68,10,0,0,12,0,9
9000,85,13,0,0,36,0,31
9001,34,11,0,0,11,0,0
9002,39,4,0,0,15,0,0
9003,4,0,0,0,27,0,57
9004,53,2,0,0,12,0,0
9005,46,4,0,0,17,0,25
9006,86,15,0,0,21,0,0
9007,83,21,0,0,15,0,0
9008,40,1,0,0,16,0,5
9009,48,7,0,0,4,0,9
9010,45,2,0,0,18,0,17
9011,24,7,0,0,20,0,0
9012,42,10,0,0,9,0,0
9013,39,2,0,0,22,0,26
9014,39,0,0,0,9,0,0
9015,43,6,0,0,6,0,14
9016,83,14,0,0,12,0,19
9017,88,6,0,0,26,0,18
9018,52,5,0,0,6,0,0
9019,71,13,0,0,27,0,0
9020,27,11,0,0,11,0,0
9021,61,19,0,0,40,0,0
9022,27,0,0,0,7,0,0
9023,115,21,0,0,24,0,0
9024,109,21,0,0,47,0,0
9025,26,7,0,0,13,0,0
9026,28,0,0,0,13,0,7
9027,88,0,0,0,18,0,22
9028,22,3,0,0,10,0,0
9029,135,8,0,0,44,0,18
9030,71,7,0,0,27,0,0
9031,53,8,0,0,24,0,0
9032,27,0,0,0,17,0,0
9033,90,10,0,0,17,0,17
9034,55,0,0,0,15,0,3
9035,49,13,0,0,13,0,0
9036,14,8,0,0,11,0,0
9037,47,16,0,0,19,0,0
9038,65,32,0,0,34,0,0
9039,73,5,0,0,31,0,0
9040,102,9,0,0,20,0,0
9041,27,5,0,0,12,0,19
9042,70,3,0,0,16,0,14
9043,80,0,0,0,43,0,33
9044,113,7,0,0,25,0,34
9045,66,16,0,0,44,0,39
9046,56,2,0,0,6,0,0
9047,50,14,0,0,16,0,0
9048,22,4,0,0,12,0,0
9049,36,2,0,0,6,0,0
9050,63,0,0,0,14,0,0
9051,36,6,0,0,7,0,0
9052,98,0,0,0,28,0,64
9053,38,9,0,0,6,0,11
9054,63,7,0,0,23,0,0
9055,30,0,0,0,13,0,0
9056,23,2,0,0,5,0,32
9057,45,6,0,0,15,0,0
9058,74,5,0,0,43,0,0
9059,106,0,0,0,12,0,9
9060,6,6,0,0,35,0,0
9061,45,9,0,0,20,0,41
9062,43,6,0,0,16,0,0
9063,0,0,0,0,21,0,18
9064,142,7,0,0,55,0,57
9065,89,0,0,0,10,0,0
9066,48,0,0,0,11,0,52
9067,61,6,0,0,13,0,3
9068,50,2,0,0,26,0,2
9069,37,0,0,0,8,0,0
9070,34,0,0,0,16,0,0
9071,45,3,0,0,16,0,0
9072,33,9,0,0,22,0,0
9073,161,23,0,0,60,0,0
9074,47,7,0,0,10,0,0
9075,31,1,0,0,18,0,0
9076,68,0,0,0,7,0,1
9077,60,0,0,0,20,0,0
9078,64,0,0,0,11,0,0
9079,38,0,0,0,6,0,0
9080,34,0,0,0,24,0,0
9081,20,0,0,0,7,0,0
9082,49,10,0,0,25,0,35
9083,64,4,0,0,31,0,0
9084,26,0,0,0,13,0,19
9085,65,2,0,0,6,0,9
9086,45,8,0,0,24,0,0
9087,83,11,0,0,32,0,7
9088,37,10,0,0,20,0,5
9089,79,6,0,0,13,0,0
9090,225,39,0,0,93,0,68
9091,47,11,0,0,8,0,0
9092,15,4,0,0,4,0,8
9093,39,6,0,0,10,0,0
9094,53,0,0,0,17,0,0
9095,24,5,0,0,15,0,40
9096,74,5,0,0,27,0,0
9097,40,7,0,0,9,0,0
9098,83,7,0,0,21,0,2
9099,14,2,0,0,9,0,6
9100,50,0,0,0,26,0,0
9101,30,4,0,0,10,0,0
9102,48,17,0,0,16,0,0
9103,26,11,0,0,10,0,0
9104,63,8,0,0,30,0,0
9105,48,10,0,0,21,0,0
9106,32,3,0,0,9,0,17
9107,26,4,0,0,4,0,21
9108,28,0,0,0,9,0,0
9109,61,27,0,0,34,0,0
9110,27,6,0,0,24,0,0
9111,31,3,0,0,17,0,0
9112,38,7,0,0,12,0,0
9113,30,6,0,0,0,0,5
9114,54,2,0,0,3,0,0
9115,39,0,0,0,0,0,25
9116,104,13,0,0,24,0,0
9117,54,10,0,0,26,0,0
9118,45,7,0,0,18,0,0
9119,11,5,0,0,14,0,9
9120,34,1,0,0,7,0,0
9121,32,0,0,0,9,0,0
9122,49,0,0,0,15,0,44
9123,65,13,0,0,34,0,0
9124,63,7,0,0,8,0,0
9125,75,9,0,0,40,0,0
9126,53,5,0,0,17,0,0
9127,49,10,0,0,22,0,0
9128,35,0,0,0,7,0,0
9129,71,0,0,0,38,0,15
9130,35,10,0,0,9,0,0
9131,23,5,0,0,10,0,0
9132,65,13,0,0,36,0,0
9133,56,5,0,0,19,0,0
9134,91,7,0,0,16,0,36
9135,17,7,0,0,12,0,0
9136,45,2,0,0,0,0,0
9137,67,0,0,0,21,0,9
9138,47,7,0,0,6,0,0
9139,33,4,0,0,13,0,0
9140,158,26,0,0,55,0,0
9141,31,4,0,0,22,0,0
9142,71,4,0,0,23,0,0
9143,34,0,0,0,7,0,20
9144,97,25,0,0,36,0,32
9145,23,5,0,0,12,0,13
9146,22,12,0,0,12,0,0
9147,67,12,0,0,6,0,0
9148,39,20,0,0,15,0,0
9149,7,14,0,0,13,0,0
9150,68,0,0,0,7,0,15
9151,24,8,0,0,13,0,17
9152,96,4,0,0,14,0,0
9153,48,9,0,0,22,0,19
9154,61,12,0,0,22,0,28
9155,41,3,0,0,11,0,0
9156,54,0,0,0,8,0,19
9157,39,15,0,0,14,0,0
9158,52,6,0,0,8,0,35
9159,19,12,0,0,10,0,0
9160,70,21,0,0,29,0,0
9161,50,9,0,0,16,0,0
9162,52,0,0,0,1,0,10
9163,103,31,0,0,36,0,0
9164,37,15,0,0,50,0,62
9165,149,19,0,0,73,0,0
9166,37,17,0,0,42,0,0
9167,40,4,0,0,16,0,20
9168,31,4,0,0,18,0,0
9169,29,0,0,0,9,0,0
9170,45,16,0,0,14,0,0
9171,40,9,0,0,12,0,0
9172,12,7,0,0,13,0,0
9173,36,3,0,0,11,0,0
9174,27,0,0,0,9,0,0
9175,47,2,0,0,20,0,0
9176,78,13,0,0,27,0,37
9177,41,8,0,0,10,0,28
9178,101,14,0,0,47,0,42
9179,52,3,0,0,16,0,16
9180,88,9,0,0,39,0,29
9181,27,6,0,0,19,0,0
9182,24,0,0,0,15,0,18
9183,93,0,0,0,58,0,0
9184,68,8,0,0,15,0,20
9185,64,0,0,0,28,0,26
9186,85,12,0,0,26,0,17
9187,25,0,0,0,6,0,0
9188,45,13,0,0,18,0,0
9189,36,11,0,0,14,0,0
9190,47,2,0,0,14,0,0
9191,67,2,0,0,12,0,0
9192,46,12,0,0,17,0,13
9193,53,0,0,0,22,0,0
9194,96,0,0,0,44,0,20
9195,57,7,0,0,30,0,0
9196,93,8,0,0,36,0,0
9197,31,2,0,0,5,0,0
9198,42,0,0,0,22,0,21
9199,71,8,0,0,24,0,0
9200,60,11,0,0,33,0,0
9201,58,10,0,0,34,0,6
9202,60,3,0,0,15,0,0
9203,26,8,0,0,24,0,13
9204,72,12,0,0,29,0,49
9205,76,12,0,0,14,0,0
9206,46,11,0,0,24,0,27
9207,38,5,0,0,12,0,0
9208,81,10,0,0,9,0,0
9209,40,4,0,0,6,0,0
9210,55,0,0,0,27,0,0
9211,62,13,0,0,21,0,0
9212,37,0,0,0,27,0,0
9213,118,16,0,0,32,0,0
9214,2,4,0,0,13,0,0
9215,48,3,0,0,10,0,18
9216,68,7,0,0,20,0,13
9217,42,8,0,0,19,0,0
9218,161,27,0,0,56,0,0
9219,48,10,0,0,12,0,41
9220,105,17,0,0,23,0,44
9221,43,11,0,0,10,0,0
9222,47,6,0,0,12,0,0
9223,65,8,0,0,16,0,1
9224,35,12,0,0,18,0,0
9225,31,9,0,0,24,0,0
9226,62,9,0,0,23,0,102
9227,25,6,0,0,4,0,0
9228,85,30,0,0,21,0,45
9229,68,11,0,0,4,0,0
9230,80,14,0,0,36,0,3
9231,35,12,0,0,20,0,3
9232,55,8,0,0,15,0,0
9233,75,30,0,0,26,0,0
9234,30,0,0,0,29,0,46
9235,27,2,0,0,3,0,0
9236,56,21,0,0,20,0,40
9237,30,7,0,0,10,0,0
9238,23,7,0,0,9,0,0
9239,41,8,0,0,9,0,0
9240,120,20,0,0,61,0,28
9241,75,5,0,0,7,0,0
9242,11,3,0,0,10,0,0
9243,38,7,0,0,15,0,0
9244,57,8,0,0,18,0,0
9245,40,10,0,0,8,0,0
9246,13,8,0,0,13,0,0
9247,39,4,0,0,7,0,0
9248,45,5,0,0,13,0,0
9249,74,0,0,0,20,0,112
9250,17,0,0,0,13,0,0
9251,44,0,0,0,2,0,0
9252,42,5,0,0,23,0,0
9253,39,6,0,0,6,0,0
9254,53,12,0,0,25,0,0
9255,52,11,0,0,17,0,9
9256,46,7,0,0,14,0,0
9257,39,7,0,0,14,0,0
9258,34,9,0,0,23,0,0
9259,39,1,0,0,20,0,43
9260,125,18,0,0,50,0,0
9261,37,0,0,0,12,0,0
9262,39,8,0,0,9,0,6
9263,48,16,0,0,23,0,0
9264,39,6,0,0,8,0,0
9265,30,5,0,0,23,0,0
9266,61,6,0,0,24,0,0
9267,36,0,0,0,8,0,0
9268,42,10,0,0,26,0,0
9269,39,5,0,0,7,0,15
9270,62,22,0,0,8,0,0
9271,82,5,0,0,21,0,17
9272,65,3,0,0,10,0,0
9273,2,13,0,0,7,0,36
9274,30,0,0,0,19,0,21
9275,49,11,0,0,27,0,0
9276,143,0,0,0,77,0,0
9277,51,2,0,0,1,0,5
9278,81,14,0,0,13,0,0
9279,49,0,0,0,13,0,0
9280,17,5,0,0,8,0,0
9281,38,9,0,0,15,0,4
9282,50,6,0,0,0,0,0
9283,34,8,0,0,7,0,0
9284,23,5,0,0,8,0,0
9285,61,5,0,0,0,0,0
9286,53,0,0,0,0,0,0
9287,116,9,0,0,20,0,0
9288,104,23,0,0,38,0,23
9289,30,0,0,0,12,0,0
9290,25,6,0,0,11,0,0
9291,23,6,0,0,17,0,0
9292,51,7,0,0,13,0,29
9293,52,4,0,0,15,0,52
9294,103,0,0,0,9,0,30
9295,67,2,0,0,9,0,0
9296,51,0,0,0,29,0,20
9297,63,7,0,0,2,0,40
9298,41,5,0,0,11,0,0
9299,55,4,0,0,6,0,5
9300,48,0,0,0,12,0,3
9301,33,1,0,0,4,0,23
9302,39,4,0,0,8,0,0
9303,42,3,0,0,8,0,0
9304,47,0,0,0,5,0,0
9305,52,0,0,0,7,0,0
9306,53,4,0,0,8,0,0
9307,64,0,0,0,32,0,68
9308,17,7,0,0,13,0,25
9309,78,0,0,0,33,0,0
9310,101,5,0,0,16,0,92
9311,46,0,0,0,12,0,0
9312,100,18,0,0,38,0,11
9313,44,10,0,0,20,0,1
9314,70,8,0,0,15,0,0
9315,52,4,0,0,10,0,0
9316,36,8,0,0,20,0,0
9317,55,0,0,0,7,0,21
9318,66,9,0,0,17,0,0
9319,42,3,0,0,7,0,0
9320,0,0,0,0,15,0,0
9321,33,0,0,0,15,0,21
9322,91,12,0,0,30,0,70
9323,51,18,0,0,15,0,0
9324,38,6,0,0,13,0,0
9325,77,5,0,0,27,0,0
9326,46,14,0,0,23,0,0
9327,31,6,0,0,15,0,0
9328,30,11,0,0,4,0,0
9329,36,2,0,0,8,0,27
9330,54,0,0,0,18,0,19
9331,101,8,0,0,33,0,16
9332,32,8,0,0,15,0,0
9333,28,6,0,0,8,0,0
9334,57,5,0,0,14,0,32
9335,57,0,0,0,12,0,26
9336,103,4,0,0,24,0,0
9337,85,11,0,0,7,0,0
9338,255,29,0,0,0,0,68
9339,79,5,0,0,14,0,0
9340,40,13,0,0,16,0,0
9341,57,5,0,0,14,0,0
9342,43,0,0,0,7,0,7
9343,45,0,0,0,16,0,8
9344,89,8,0,0,33,0,0
9345,36,7,0,0,22,0,0
9346,55,7,0,0,21,0,0
9347,55,5,0,0,19,0,13
9348,37,0,0,0,24,0,0
9349,158,20,0,0,57,0,36
9350,55,6,0,0,12,0,0
9351,32,12,0,0,4,0,0
9352,73,0,0,0,1,0,0
9353,72,7,0,0,16,0,0
9354,123,23,0,0,64,0,0
9355,68,6,0,0,6,0,0
9356,31,11,0,0,11,0,0
9357,18,2,0,0,11,0,1
9358,27,0,0,0,11,0,0
9359,33,7,0,0,17,0,0
9360,53,9,0,0,21,0,0
9361,38,5,0,0,4,0,0
9362,9,4,0,0,22,0,0
9363,36,0,0,0,9,0,0
9364,117,0,0,0,31,0,0
9365,52,11,0,0,26,0,0
9366,50,19,0,0,38,0,0
9367,26,9,0,0,14,0,0
9368,38,7,0,0,19,0,0
9369,89,12,0,0,14,0,27
9370,56,12,0,0,19,0,0
9371,21,4,0,0,6,0,40
9372,53,6,0,0,20,0,0
9373,77,19,0,0,15,0,15
9374,31,7,0,0,6,0,0
9375,77,9,0,0,34,0,0
9376,68,11,0,0,25,0,36
9377,97,5,0,0,34,0,11
9378,92,15,0,0,9,0,0
9379,40,0,0,0,37,0,0
9380,97,15,0,0,31,0,21
9381,83,19,0,0,31,0,0
9382,60,12,0,0,20,0,0
9383,56,4,0,0,13,0,0
9384,56,7,0,0,22,0,0
9385,29,8,0,0,9,0,0
9386,74,2,0,0,24,0,0
9387,30,9,0,0,11,0,0
9388,52,0,0,0,12,0,0
9389,61,0,0,0,5,0,23
9390,23,2,0,0,0,0,0
9391,24,4,0,0,19,0,0
9392,52,14,0,0,17,0,0
9393,74,7,0,0,23,0,16
9394,73,12,0,0,25,0,0
9395,93,8,0,0,28,0,0
9396,56,0,0,0,5,0,0
9397,46,0,0,0,13,0,0
9398,67,13,0,0,25,0,0
9399,17,6,0,0,18,0,13
9400,48,15,0,0,8,0,0
9401,54,25,0,0,48,0,0
9402,54,3,0,0,0,0,27
9403,194,21,0,0,79,0,103
9404,34,0,0,0,13,0,21
9405,107,8,0,0,26,0,0
9406,123,7,0,0,21,0,0
9407,22,4,0,0,7,0,27
9408,22,4,0,0,7,0,1
9409,103,7,0,0,22,0,0
9410,48,6,0,0,6,0,0
9411,49,2,0,0,6,0,0
9412,39,5,0,0,0,0,0
9413,89,14,0,0,17,0,0
9414,54,7,0,0,14,0,1
9415,81,5,0,0,46,0,9
9416,30,2,0,0,8,0,0
9417,30,5,0,0,7,0,13
9418,37,0,0,0,11,0,0
9419,62,0,0,0,25,0,0
9420,44,5,0,0,11,0,0
9421,41,7,0,0,14,0,23
9422,137,6,0,0,42,0,9
9423,32,1,0,0,10,0,11
9424,24,0,0,0,11,0,0
9425,91,43,0,0,54,0,0
9426,37,0,0,0,11,0,0
9427,77,5,0,0,19,0,0
9428,46,0,0,0,22,0,0
9429,389,54,0,0,111,0,0
9430,0,13,0,0,33,0,43
9431,28,0,0,0,7,0,0
9432,79,0,0,0,28,0,0
9433,43,11,0,0,21,0,0
9434,85,6,0,0,18,0,14
9435,48,5,0,0,25,0,42
9436,90,14,0,0,37,0,47
9437,50,6,0,0,17,0,16
9438,64,8,0,0,18,0,0
9439,75,9,0,0,22,0,0
9440,31,1,0,0,0,0,0
9441,126,15,0,0,44,0,56
9442,84,18,0,0,23,0,81
9443,20,5,0,0,17,0,11
9444,76,17,0,0,23,0,0
9445,88,0,0,0,25,0,21
9446,37,4,0,0,25,0,0
9447,26,0,0,0,7,0,0
9448,38,2,0,0,3,0,10
9449,71,14,0,0,20,0,0
9450,39,4,0,0,20,0,13
9451,24,11,0,0,22,0,0
9452,40,13,0,0,6,0,0
9453,53,14,0,0,8,0,0
9454,61,13,0,0,12,0,0
9455,83,23,0,0,36,0,0
9456,74,9,0,0,37,0,30
9457,37,9,0,0,27,0,0
9458,51,1,0,0,22,0,23
9459,114,11,0,0,35,0,0
9460,32,6,0,0,11,0,0
9461,50,9,0,0,16,0,0
9462,43,5,0,0,6,0,0
9463,54,0,0,0,18,0,0
9464,28,2,0,0,0,0,0
9465,39,5,0,0,8,0,17
9466,64,10,0,0,25,0,28
9467,57,18,0,0,25,0,0
9468,80,16,0,0,37,0,40
9469,45,5,0,0,15,0,14
9470,41,5,0,0,13,0,0
9471,64,16,0,0,32,0,0
9472,46,0,0,0,11,0,0
9473,35,2,0,0,7,0,17
9474,51,9,0,0,18,0,0
9475,52,3,0,0,17,0,0
9476,41,8,0,0,22,0,0
9477,39,3,0,0,5,0,0
9478,45,6,0,0,0,0,9
9479,39,7,0,0,19,0,7
9480,48,2,0,0,8,0,0
9481,29,0,0,0,19,0,0
9482,108,10,0,0,28,0,0
9483,132,8,0,0,35,0,0
9484,45,2,0,0,22,0,0
9485,53,0,0,0,18,0,9
9486,40,19,0,0,14,0,0
9487,99,14,0,0,56,0,0
9488,36,3,0,0,18,0,0
9489,46,0,0,0,21,0,0
9490,70,5,0,0,21,0,0
9491,24,10,0,0,25,0,0
9492,73,17,0,0,23,0,0
9493,33,3,0,0,10,0,0
9494,46,7,0,0,19,0,0
9495,18,2,0,0,4,0,0
9496,57,0,0,0,6,0,0
9497,47,10,0,0,22,0,13
9498,33,13,0,0,9,0,0
9499,104,14,0,0,39,0,0
9500,29,4,0,0,10,0,0
9501,86,18,0,0,27,0,0
9502,67,23,0,0,43,0,0
9503,71,43,0,0,23,0,0
9504,85,14,0,0,47,0,0
9505,37,7,0,0,20,0,55
9506,47,10,0,0,32,0,0
9507,152,4,0,0,21,0,0
9508,55,13,0,0,17,0,0
9509,84,2,0,0,11,0,39
9510,92,3,0,0,6,0,18
9511,48,3,0,0,13,0,40
9512,33,2,0,0,26,0,6
9513,87,7,0,0,17,0,8
9514,90,8,0,0,28,0,71
9515,68,11,0,0,20,0,0
9516,61,9,0,0,16,0,0
9517,72,40,0,0,24,0,0
9518,41,3,0,0,15,0,0
9519,59,3,0,0,12,0,0
9520,76,0,0,0,7,0,0
9521,33,3,0,0,2,0,0
9522,18,8,0,0,8,0,0
9523,58,10,0,0,19,0,19
9524,34,3,0,0,12,0,0
9525,144,11,0,0,58,0,0
9526,24,8,0,0,15,0,0
9527,96,10,0,0,16,0,4
9528,89,16,0,0,39,0,0
9529,48,10,0,0,10,0,11
9530,15,6,0,0,11,0,0
9531,55,6,0,0,33,0,0
9532,87,13,0,0,6,0,0
9533,73,0,0,0,19,0,0
9534,58,10,0,0,33,0,0
9535,82,0,0,0,45,0,36
9536,8,7,0,0,16,0,0
9537,115,7,0,0,21,0,11
9538,28,3,0,0,13,0,0
9539,19,5,0,0,11,0,0
9540,33,3,0,0,17,0,0
9541,26,1,0,0,8,0,0
9542,57,9,0,0,6,0,29
9543,34,5,0,0,17,0,0
9544,14,0,0,0,5,0,11
9545,35,0,0,0,9,0,14
9546,51,0,0,0,19,0,0
9547,16,0,0,0,10,0,4
9548,115,22,0,0,27,0,30
9549,47,12,0,0,29,0,9
9550,32,11,0,0,9,0,12
9551,77,9,0,0,37,0,0
9552,40,0,0,0,12,0,0
9553,36,9,0,0,9,0,19
9554,61,10,0,0,23,0,0
9555,30,4,0,0,17,0,11
9556,138,0,0,0,30,0,0
9557,68,18,0,0,26,0,0
9558,55,8,0,0,24,0,0
9559,55,6,0,0,17,0,0
9560,69,13,0,0,10,0,0
9561,126,11,0,0,49,0,4
9562,24,4,0,0,9,0,35
9563,33,12,0,0,15,0,0
9564,56,18,0,0,15,0,0
9565,48,7,0,0,19,0,0
9566,37,14,0,0,15,0,0
9567,66,6,0,0,16,0,27
9568,71,0,0,0,9,0,29
9569,68,18,0,0,8,0,0
9570,40,5,0,0,4,0,0
9571,48,12,0,0,11,0,0
9572,47,0,0,0,18,0,0
9573,49,8,0,0,29,0,0
9574,30,0,0,0,7,0,0
9575,41,11,0,0,11,0,0
9576,172,28,0,0,26,0,27
9577,52,12,0,0,26,0,0
9578,40,2,0,0,7,0,14
9579,35,2,0,0,11,0,0
9580,62,19,0,0,10,0,74
9581,30,1,0,0,5,0,1
9582,37,9,0,0,12,0,0
9583,31,11,0,0,19,0,0
9584,78,18,0,0,33,0,0
9585,53,8,0,0,7,0,0
9586,61,13,0,0,21,0,0
9587,62,12,0,0,8,0,2
9588,232,25,0,0,33,0,0
9589,25,5,0,0,7,0,0
9590,44,9,0,0,21,0,4
9591,80,9,0,0,37,0,0
9592,56,14,0,0,15,0,20
9593,33,8,0,0,11,0,0
9594,56,6,0,0,15,0,0
9595,32,2,0,0,3,0,0
9596,32,0,0,0,12,0,0
9597,37,4,0,0,18,0,0
9598,143,17,0,0,38,0,0
9599,54,2,0,0,6,0,23
9600,49,0,0,0,6,0,0
9601,61,0,0,0,28,0,0
9602,57,8,0,0,19,0,8
9603,25,3,0,0,10,0,12
9604,48,11,0,0,9,0,17
9605,21,0,0,0,8,0,4
9606,47,14,0,0,30,0,0
9607,47,3,0,0,10,0,0
9608,41,0,0,0,20,0,0
9609,45,11,0,0,5,0,0
9610,33,3,0,0,14,0,2
9611,88,12,0,0,28,0,55
9612,52,11,0,0,26,0,0
9613,63,10,0,0,28,0,0
9614,39,5,0,0,13,0,0
9615,75,6,0,0,31,0,34
9616,100,15,0,0,35,0,0
9617,42,9,0,0,25,0,32
9618,65,5,0,0,15,0,0
9619,49,2,0,0,18,0,0
9620,81,11,0,0,25,0,0
9621,75,16,0,0,15,0,63
9622,41,5,0,0,20,0,0
9623,10,6,0,0,3,0,0
9624,50,4,0,0,12,0,0
9625,115,11,0,0,27,0,0
9626,28,4,0,0,15,0,9
9627,53,7,0,0,21,0,0
9628,31,0,0,0,12,0,7
9629,45,4,0,0,9,0,2
9630,53,5,0,0,20,0,0
9631,49,0,0,0,32,0,0
9632,96,0,0,0,45,0,0
9633,53,4,0,0,22,0,0
9634,94,5,0,0,14,0,0
9635,13,2,0,0,10,0,0
9636,127,21,0,0,40,0,0
9637,32,0,0,0,9,0,0
9638,112,0,0,0,39,0,12
9639,95,17,0,0,35,0,37
9640,16,14,0,0,9,0,27
9641,33,0,0,0,11,0,0
9642,33,5,0,0,16,0,0
9643,80,12,0,0,32,0,0
9644,93,13,0,0,21,0,0
9645,122,13,0,0,42,0,40
9646,85,0,0,0,23,0,47
9647,40,2,0,0,12,0,0
9648,29,4,0,0,7,0,0
9649,45,7,0,0,7,0,10
9650,54,2,0,0,10,0,0
9651,95,13,0,0,44,0,0
9652,74,11,0,0,18,0,25
9653,51,9,0,0,8,0,46
9654,57,16,0,0,22,0,33
9655,31,1,0,0,8,0,0
9656,68,0,0,0,20,0,0
9657,44,4,0,0,2,0,0
9658,129,0,0,0,0,0,0
9659,83,10,0,0,28,0,0
9660,37,6,0,0,11,0,0
9661,38,4,0,0,9,0,0
9662,113,14,0,0,30,0,0
9663,46,0,0,0,21,0,0
9664,62,4,0,0,15,0,0
9665,47,7,0,0,13,0,21
9666,68,10,0,0,12,0,0
9667,68,0,0,0,19,0,0
9668,73,12,0,0,35,0,0
9669,42,0,0,0,16,0,0
9670,50,22,0,0,10,0,0
9671,26,0,0,0,15,0,0
9672,47,7,0,0,7,0,0
9673,33,0,0,0,13,0,15
9674,54,5,0,0,18,0,0
9675,25,0,0,0,10,0,18
9676,75,2,0,0,26,0,0
9677,60,11,0,0,0,0,0
9678,0,0,0,0,14,0,0
9679,61,10,0,0,20,0,0
9680,37,8,0,0,13,0,0
9681,25,0,0,0,7,0,7
9682,29,2,0,0,7,0,0
9683,124,17,0,0,61,0,10
9684,103,10,0,0,14,0,33
9685,88,17,0,0,11,0,0
9686,36,9,0,0,6,0,0
9687,68,10,0,0,20,0,0
9688,28,0,0,0,12,0,0
9689,48,0,0,0,34,0,0
9690,147,43,0,0,88,0,0
9691,65,19,0,0,16,0,0
9692,33,7,0,0,12,0,16
9693,50,1,0,0,12,0,0
9694,58,2,0,0,18,0,0
9695,49,5,0,0,9,0,0
9696,66,1,0,0,12,0,34
9697,71,8,0,0,17,0,29
9698,41,0,0,0,7,0,0
9699,105,16,0,0,33,0,0
9700,31,2,0,0,15,0,0
9701,34,4,0,0,9,0,19
9702,26,0,0,0,9,0,9
9703,82,24,0,0,17,0,0
9704,48,11,0,0,31,0,0
9705,39,3,0,0,10,0,18
9706,42,9,0,0,7,0,0
9707,82,12,0,0,17,0,0
9708,58,11,0,0,24,0,0
9709,35,24,0,0,32,0,0
9710,106,12,0,0,46,0,0
9711,49,0,0,0,30,0,0
9712,52,1,0,0,9,0,0
9713,33,7,0,0,1,0,0
9714,55,5,0,0,16,0,0
9715,40,8,0,0,13,0,13
9716,44,0,0,0,8,0,0
9717,23,3,0,0,10,0,0
9718,45,2,0,0,26,0,11
9719,53,9,0,0,19,0,0
9720,34,9,0,0,12,0,0
9721,79,8,0,0,17,0,37
9722,53,8,0,0,7,0,0
9723,20,5,0,0,7,0,0
9724,38,0,0,0,17,0,0
9725,43,9,0,0,15,0,51
9726,41,4,0,0,9,0,0
9727,29,8,0,0,3,0,0
9728,36,6,0,0,8,0,1
9729,62,3,0,0,15,0,0
9730,54,0,0,0,21,0,0
9731,73,14,0,0,8,0,0
9732,12,1,0,0,6,0,0
9733,49,0,0,0,12,0,0
9734,39,4,0,0,15,0,0
9735,71,9,0,0,43,0,0
9736,64,0,0,0,17,0,0
9737,80,9,0,0,35,0,36
9738,233,22,0,0,136,0,0
9739,112,17,0,0,57,0,0
9740,47,5,0,0,23,0,0
9741,39,3,0,0,9,0,0
9742,39,0,0,0,17,0,0
9743,108,2,0,0,34,0,87
9744,71,16,0,0,33,0,13
9745,75,23,0,0,17,0,38
9746,54,11,0,0,29,0,40
9747,90,19,0,0,42,0,0
9748,54,22,0,0,37,0,0
9749,41,8,0,0,21,0,15
9750,65,10,0,0,19,0,0
9751,22,0,0,0,7,0,0
9752,30,3,0,0,5,0,0
9753,49,3,0,0,17,0,0
9754,27,2,0,0,9,0,0
9755,45,4,0,0,27,0,0
9756,42,4,0,0,11,0,0
9757,94,4,0,0,24,0,0
9758,25,4,0,0,10,0,0
9759,104,8,0,0,26,0,28
9760,80,0,0,0,15,0,46
9761,52,12,0,0,16,0,53
9762,57,0,0,0,10,0,6
9763,34,4,0,0,10,0,0
9764,27,0,0,0,9,0,8
9765,6,5,0,0,16,0,0
9766,41,5,0,0,3,0,36
9767,77,9,0,0,28,0,59
9768,90,7,0,0,19,0,0
9769,73,7,0,0,35,0,0
9770,34,4,0,0,0,0,0
9771,48,5,0,0,5,0,1
9772,51,16,0,0,18,0,0
9773,100,25,0,0,28,0,33
9774,56,0,0,0,11,0,0
9775,59,11,0,0,20,0,0
9776,92,25,0,0,71,0,0
9777,35,0,0,0,18,0,0
9778,32,7,0,0,16,0,0
9779,55,0,0,0,8,0,0
9780,135,0,0,0,31,0,2
9781,71,0,0,0,0,0,0
9782,33,2,0,0,13,0,0
9783,21,0,0,0,10,0,6
9784,84,3,0,0,16,0,85
9785,38,6,0,0,14,0,0
9786,32,0,0,0,16,0,15
9787,47,6,0,0,9,0,0
9788,68,3,0,0,13,0,3
9789,27,7,0,0,21,0,19
9790,58,0,0,0,8,0,0
9791,43,13,0,0,54,0,26
9792,95,0,0,0,28,0,77
9793,101,15,0,0,27,0,17
9794,120,22,0,0,34,0,50
9795,48,0,0,0,15,0,0
9796,32,2,0,0,13,0,0
9797,39,12,0,0,26,0,0
9798,49,12,0,0,16,0,0
9799,26,5,0,0,17,0,0
9800,42,12,0,0,9,0,13
9801,32,7,0,0,0,0,0
9802,20,0,0,0,12,0,0
9803,14,0,0,0,15,0,0
9804,62,10,0,0,17,0,0
9805,33,2,0,0,19,0,1
9806,53,4,0,0,21,0,0
9807,34,8,0,0,9,0,32
9808,48,5,0,0,6,0,13
9809,63,16,0,0,23,0,13
9810,53,9,0,0,16,0,0
9811,43,4,0,0,9,0,28
9812,66,0,0,0,10,0,0
9813,48,5,0,0,7,0,0
9814,9,7,0,0,13,0,46
9815,57,3,0,0,5,0,34
9816,36,2,0,0,9,0,0
9817,42,6,0,0,27,0,20
9818,84,19,0,0,32,0,21
9819,115,15,0,0,27,0,34
9820,16,3,0,0,11,0,0
9821,76,22,0,0,28,0,95
9822,10,8,0,0,17,0,0
9823,32,5,0,0,0,0,19
9824,118,14,0,0,0,0,38
9825,97,10,0,0,18,0,34
9826,108,18,0,0,29,0,0
9827,22,7,0,0,20,0,14
9828,56,9,0,0,15,0,55
9829,25,5,0,0,20,0,13
9830,46,9,0,0,16,0,0
9831,42,6,0,0,7,0,0
9832,42,8,0,0,20,0,0
9833,27,6,0,0,15,0,12
9834,29,3,0,0,9,0,0
9835,58,9,0,0,11,0,0
9836,52,11,0,0,15,0,0
9837,19,5,0,0,18,0,18
9838,31,3,0,0,7,0,25
9839,69,17,0,0,28,0,0
9840,49,0,0,0,7,0,20
9841,76,3,0,0,17,0,66
9842,81,8,0,0,16,0,0
9843,51,3,0,0,6,0,0
9844,79,6,0,0,13,0,0
9845,41,6,0,0,10,0,0
9846,53,9,0,0,26,0,5
9847,53,3,0,0,20,0,9
9848,66,3,0,0,13,0,0
9849,21,0,0,0,14,0,0
9850,48,3,0,0,2,0,0
9851,24,4,0,0,11,0,0
9852,56,6,0,0,14,0,0
9853,40,5,0,0,6,0,0
9854,26,5,0,0,8,0,0
9855,52,13,0,0,22,0,0
9856,17,5,0,0,5,0,0
9857,40,2,0,0,25,0,0
9858,40,13,0,0,8,0,17
9859,36,0,0,0,8,0,0
9860,35,10,0,0,13,0,0
9861,101,0,0,0,19,0,0
9862,60,2,0,0,17,0,0
9863,91,14,0,0,26,0,0
9864,9,4,0,0,24,0,15
9865,76,23,0,0,19,0,0
9866,72,3,0,0,26,0,0
9867,59,13,0,0,29,0,0
9868,67,3,0,0,27,0,8
9869,37,7,0,0,16,0,0
9870,63,1,0,0,28,0,0
9871,80,0,0,0,26,0,0
9872,34,0,0,0,20,0,0
9873,48,8,0,0,21,0,0
9874,74,16,0,0,30,0,67
9875,41,14,0,0,34,0,0
9876,99,15,0,0,19,0,115
9877,43,4,0,0,9,0,17
9878,119,0,0,0,34,0,0
9879,35,0,0,0,9,0,0
9880,46,0,0,0,6,0,22
9881,47,1,0,0,2,0,0
9882,96,4,0,0,13,0,0
9883,30,0,0,0,6,0,0
9884,54,9,0,0,15,0,0
9885,21,0,0,0,16,0,35
9886,31,6,0,0,7,0,19
9887,53,12,0,0,17,0,34
9888,36,0,0,0,9,0,0
9889,83,12,0,0,24,0,0
9890,70,5,0,0,18,0,0
9891,43,0,0,0,5,0,0
9892,71,12,0,0,23,0,0
9893,41,8,0,0,24,0,31
9894,20,3,0,0,12,0,0
9895,26,0,0,0,3,0,0
9896,51,0,0,0,7,0,0
9897,56,14,0,0,26,0,0
9898,256,18,0,0,25,0,0
9899,86,11,0,0,29,0,0
9900,61,7,0,0,28,0,0
9901,144,31,0,0,46,0,0
9902,104,0,0,0,30,0,0
9903,118,14,0,0,0,0,0
9904,28,0,0,0,8,0,0
9905,36,2,0,0,6,0,0
9906,38,3,0,0,9,0,0
9907,25,0,0,0,18,0,0
9908,56,16,0,0,43,0,0
9909,23,4,0,0,14,0,0
9910,45,12,0,0,10,0,38
9911,50,13,0,0,26,0,0
9912,49,4,0,0,25,0,0
9913,41,8,0,0,11,0,0
9914,47,8,0,0,7,0,0
9915,63,22,0,0,8,0,0
9916,25,0,0,0,15,0,0
9917,70,0,0,0,18,0,28
9918,23,5,0,0,10,0,0
9919,63,4,0,0,10,0,6
9920,42,5,0,0,10,0,7
9921,58,11,0,0,21,0,0
9922,24,5,0,0,12,0,0
9923,54,0,0,0,3,0,0
9924,48,7,0,0,10,0,0
9925,63,7,0,0,26,0,0
9926,74,13,0,0,29,0,44
9927,35,10,0,0,14,0,19
9928,25,15,0,0,20,0,0
9929,49,7,0,0,8,0,0
9930,102,9,0,0,32,0,0
9931,60,16,0,0,17,0,0
9932,83,18,0,0,8,0,10
9933,36,8,0,0,18,0,40
9934,25,10,0,0,20,0,0
9935,25,9,0,0,10,0,0
9936,58,5,0,0,22,0,17
9937,157,21,0,0,51,0,0
9938,32,0,0,0,9,0,0
9939,36,7,0,0,5,0,0
9940,81,4,0,0,21,0,0
9941,65,13,0,0,24,0,0
9942,52,0,0,0,15,0,0
9943,92,0,0,0,8,0,0
9944,69,0,0,0,15,0,0
9945,70,6,0,0,22,0,37
9946,17,4,0,0,8,0,4
9947,44,0,0,0,27,0,0
9948,47,15,0,0,12,0,36
9949,56,3,0,0,11,0,0
9950,45,13,0,0,14,0,0
9951,71,3,0,0,9,0,0
9952,58,0,0,0,18,0,0
9953,38,0,0,0,20,0,4
9954,75,27,0,0,15,0,29
9955,96,3,0,0,19,0,0
9956,104,6,0,0,11,0,4
9957,23,15,0,0,3,0,0
9958,61,8,0,0,15,0,36
9959,11,7,0,0,16,0,0
9960,50,13,0,0,27,0,39
9961,55,6,0,0,27,0,0
9962,22,0,0,0,14,0,0
9963,52,0,0,0,17,0,0
9964,36,11,0,0,11,0,23
9965,21,9,0,0,20,0,10
9966,94,19,0,0,28,0,0
9967,30,2,0,0,10,0,0
9968,52,8,0,0,19,0,31
9969,46,0,0,0,5,0,0
9970,67,4,0,0,12,0,0
9971,82,40,0,0,52,0,0
9972,107,14,0,0,21,0,0
9973,42,12,0,0,18,0,0
9974,37,6,0,0,16,0,0
9975,36,5,0,0,11,0,0
9976,78,23,0,0,29,0,0
9977,56,4,0,0,14,0,0
9978,53,12,0,0,18,0,12
9979,50,1,0,0,24,0,45
9980,35,8,0,0,11,0,0
9981,21,4,0,0,20,0,12
9982,64,5,0,0,9,0,0
9983,64,0,0,0,7,0,29
9984,42,0,0,0,0,0,41
9985,28,0,0,0,12,0,0
9986,55,3,0,0,2,0,30
9987,38,14,0,0,28,0,0
9988,52,2,0,0,8,0,11
9989,46,22,0,0,4,0,0
9990,94,0,0,0,22,0,0
9991,36,0,0,0,11,0,0
9992,39,0,0,0,0,0,0
9993,33,0,0,0,17,0,0
9994,125,2,0,0,20,0,0
9995,56,17,0,0,27,0,46
9996,61,0,0,0,29,0,30
9997,62,8,0,0,11,0,0
9998,59,14,0,0,30,0,0
9999,26,3,0,0,12,0,13
10000,56,9,0,0,28,0,43
10001,52,3,0,0,18,0,0
10002,37,0,0,0,6,0,0
10003,39,0,0,0,11,0,0
10004,50,8,0,0,16,0,0
10005,67,7,0,0,20,0,0
10006,47,17,0,0,27,0,0
10007,34,0,0,0,7,0,0
10008,37,0,0,0,12,0,0
10009,67,6,0,0,34,0,0
10010,62,7,0,0,21,0,12
10011,40,4,0,0,17,0,3
10012,38,8,0,0,8,0,1
10013,96,14,0,0,28,0,0
10014,66,7,0,0,0,0,0
10015,30,5,0,0,14,0,0
10016,40,0,0,0,9,0,0
10017,70,17,0,0,33,0,0
10018,94,13,0,0,46,0,0
10019,26,6,0,0,11,0,0
10020,70,0,0,0,22,0,0
10021,107,21,0,0,25,0,0
10022,56,8,0,0,14,0,0
10023,79,23,0,0,35,0,0
10024,22,4,0,0,8,0,0
10025,61,16,0,0,0,0,0
10026,54,5,0,0,2,0,41
10027,57,7,0,0,22,0,13
10028,24,7,0,0,13,0,0
10029,118,25,0,0,69,0,0
10030,58,13,0,0,19,0,14
10031,97,0,0,0,34,0,0
10032,48,9,0,0,22,0,0
10033,32,0,0,0,21,0,0
10034,104,8,0,0,35,0,0
10035,60,6,0,0,18,0,18
10036,39,0,0,0,8,0,0
10037,20,8,0,0,16,0,0
10038,120,17,0,0,34,0,0
10039,35,5,0,0,2,0,0
10040,41,2,0,0,9,0,19
10041,61,11,0,0,23,0,0
10042,12,0,0,0,9,0,0
10043,85,0,0,0,0,0,16
10044,42,6,0,0,15,0,0
10045,66,6,0,0,26,0,2
10046,64,0,0,0,14,0,2
10047,55,11,0,0,18,0,0
10048,36,0,0,0,5,0,14
10049,19,5,0,0,12,0,0
10050,38,3,0,0,9,0,0
10051,50,2,0,0,13,0,18
10052,87,17,0,0,22,0,0
10053,44,4,0,0,12,0,0
10054,58,5,0,0,11,0,0
10055,203,33,0,0,54,0,0
10056,163,3,0,0,18,0,0
10057,49,9,0,0,14,0,0
10058,49,5,0,0,19,0,11
10059,95,14,0,0,28,0,0
10060,61,6,0,0,40,0,7
10061,32,0,0,0,6,0,8
10062,75,8,0,0,32,0,27
10063,56,0,0,0,18,0,0
10064,60,0,0,0,10,0,12
10065,34,9,0,0,4,0,25
10066,57,8,0,0,14,0,0
10067,54,0,0,0,5,0,7
10068,79,11,0,0,11,0,0
10069,88,35,0,0,31,0,0
10070,42,7,0,0,20,0,32
10071,98,21,0,0,70,0,0
10072,66,8,0,0,11,0,0
10073,163,23,0,0,65,0,0
10074,50,2,0,0,18,0,0
10075,32,5,0,0,11,0,41
10076,53,4,0,0,10,0,9
10077,60,0,0,0,5,0,9
10078,47,3,0,0,20,0,15
10079,28,0,0,0,7,0,0
10080,33,11,0,0,7,0,0
10081,41,0,0,0,19,0,0
10082,43,12,0,0,10,0,0
10083,39,14,0,0,39,0,0
10084,52,6,0,0,17,0,15
10085,48,9,0,0,18,0,0
10086,70,7,0,0,27,0,18
10087,48,10,0,0,17,0,32
10088,72,8,0,0,28,0,0
10089,73,0,0,0,12,0,20
10090,49,7,0,0,24,0,0
10091,63,13,0,0,19,0,0
10092,33,5,0,0,12,0,13
10093,42,7,0,0,12,0,15
10094,56,4,0,0,17,0,0
10095,44,0,0,0,16,0,0
10096,35,5,0,0,11,0,0
10097,43,9,0,0,17,0,0
10098,144,1,0,0,22,0,41
10099,53,14,0,0,16,0,10
10100,47,0,0,0,14,0,0
10101,66,13,0,0,16,0,7
10102,30,0,0,0,11,0,0
10103,32,9,0,0,10,0,0
10104,39,0,0,0,11,0,7
10105,22,3,0,0,6,0,0
10106,42,23,0,0,13,0,0
10107,41,8,0,0,13,0,30
10108,47,9,0,0,4,0,0
10109,48,11,0,0,23,0,0
10110,41,8,0,0,17,0,0
10111,67,28,0,0,16,0,0
10112,32,18,0,0,16,0,0
10113,15,8,0,0,13,0,0
10114,71,9,0,0,12,0,27
10115,27,13,0,0,12,0,20
10116,2,3,0,0,10,0,0
10117,30,0,0,0,16,0,14
10118,35,4,0,0,12,0,0
10119,22,9,0,0,10,0,0
10120,37,0,0,0,6,0,0
10121,15,4,0,0,10,0,0
10122,50,11,0,0,19,0,0
10123,81,0,0,0,50,0,0
10124,45,0,0,0,11,0,0
10125,58,3,0,0,18,0,0
10126,48,2,0,0,16,0,0
10127,29,4,0,0,14,0,2
10128,35,11,0,0,24,0,0
10129,43,0,0,0,15,0,20
10130,77,29,0,0,13,0,0
10131,63,13,0,0,30,0,0
10132,43,0,0,0,11,0,0
10133,61,17,0,0,25,0,0
10134,44,20,0,0,28,0,53
10135,56,0,0,0,3,0,0
10136,25,0,0,0,10,0,0
10137,47,0,0,0,10,0,0
10138,41,8,0,0,16,0,17
10139,19,12,0,0,8,0,0
10140,34,10,0,0,0,0,0
10141,43,0,0,0,7,0,0
10142,50,5,0,0,25,0,16
10143,34,4,0,0,14,0,0
10144,43,9,0,0,8,0,5
10145,76,22,0,0,24,0,0
10146,77,14,0,0,12,0,29
10147,44,0,0,0,13,0,0
10148,32,8,0,0,5,0,8
10149,54,5,0,0,15,0,0
10150,40,0,0,0,19,0,0
10151,71,0,0,0,20,0,0
10152,39,4,0,0,2,0,0
10153,29,4,0,0,11,0,22
10154,60,15,0,0,22,0,10
10155,24,0,0,0,11,0,25
10156,44,3,0,0,0,0,0
10157,38,13,0,0,14,0,23
10158,59,10,0,0,22,0,0
10159,87,2,0,0,21,0,0
10160,34,11,0,0,9,0,0
10161,59,17,0,0,26,0,18
10162,42,8,0,0,11,0,0
10163,56,0,0,0,26,0,0
10164,37,0,0,0,12,0,0
10165,71,10,0,0,17,0,1
10166,36,7,0,0,14,0,0
10167,22,3,0,0,13,0,0
10168,38,0,0,0,11,0,0
10169,57,8,0,0,17,0,0
10170,53,0,0,0,11,0,0
10171,47,2,0,0,20,0,0
10172,52,16,0,0,49,0,0
10173,147,35,0,0,43,0,105
10174,171,26,0,0,48,0,37
10175,91,14,0,0,32,0,0
10176,144,8,0,0,52,0,0
10177,62,17,0,0,11,0,0
10178,102,17,0,0,28,0,39
10179,57,2,0,0,4,0,0
10180,75,11,0,0,17,0,0
10181,190,13,0,0,58,0,24
10182,51,4,0,0,14,0,0
10183,38,17,0,0,20,0,0
10184,41,14,0,0,3,0,0
10185,37,6,0,0,9,0,0
10186,17,2,0,0,7,0,0
10187,55,3,0,0,17,0,20
10188,61,9,0,0,18,0,0
10189,57,3,0,0,15,0,5
10190,115,19,0,0,28,0,0
10191,63,0,0,0,2,0,0
10192,69,10,0,0,25,0,0
10193,39,2,0,0,12,0,0
10194,117,10,0,0,17,0,0
10195,81,16,0,0,27,0,50
10196,34,0,0,0,17,0,0
10197,46,2,0,0,6,0,0
10198,93,13,0,0,15,0,0
10199,60,0,0,0,18,0,0
10200,47,0,0,0,20,0,0
10201,53,16,0,0,18,0,0
10202,42,4,0,0,12,0,19
10203,36,5,0,0,8,0,0
10204,40,0,0,0,8,0,0
10205,66,7,0,0,24,0,0
10206,66,9,0,0,15,0,11
10207,56,0,0,0,26,0,0
10208,131,32,0,0,56,0,15
10209,37,5,0,0,23,0,0
10210,177,36,0,0,29,0,28
10211,24,2,0,0,0,0,0
10212,67,19,0,0,14,0,52
10213,41,2,0,0,20,0,0
10214,35,0,0,0,13,0,0
10215,135,15,0,0,25,0,44
10216,56,0,0,0,19,0,0
10217,216,36,0,0,75,0,0
10218,24,5,0,0,5,0,0
10219,162,16,0,0,41,0,12
10220,67,12,0,0,16,0,0
10221,52,14,0,0,11,0,0
10222,39,4,0,0,8,0,22
10223,41,6,0,0,11,0,0
10224,34,3,0,0,15,0,24
10225,43,6,0,0,22,0,0
10226,59,0,0,0,31,0,0
10227,47,8,0,0,15,0,0
10228,30,8,0,0,12,0,0
10229,25,6,0,0,18,0,0
10230,54,0,0,0,16,0,0
10231,59,4,0,0,14,0,11
10232,67,15,0,0,31,0,0
10233,37,6,0,0,21,0,0
10234,33,2,0,0,14,0,0
10235,35,13,0,0,9,0,44
10236,43,11,0,0,9,0,12
10237,23,0,0,0,6,0,30
10238,22,2,0,0,10,0,27
10239,36,11,0,0,14,0,0
10240,42,5,0,0,13,0,0
10241,46,7,0,0,16,0,0
10242,226,32,0,0,71,0,36
10243,67,15,0,0,18,0,53
10244,150,18,0,0,65,0,9
10245,63,7,0,0,14,0,0
10246,50,2,0,0,4,0,0
10247,57,5,0,0,34,0,15
10248,32,8,0,0,11,0,8
10249,69,1,0,0,22,0,14
10250,26,7,0,0,10,0,2
10251,35,7,0,0,20,0,0
10252,33,0,0,0,7,0,0
10253,17,3,0,0,20,0,17
10254,51,5,0,0,21,0,0
10255,38,0,0,0,24,0,4
10256,81,11,0,0,35,0,0
10257,47,10,0,0,20,0,0
10258,45,12,0,0,31,0,0
10259,28,7,0,0,13,0,0
10260,42,0,0,0,11,0,27
10261,59,0,0,0,35,0,0
10262,42,4,0,0,14,0,0
10263,131,19,0,0,57,0,0
10264,68,0,0,0,13,0,0
10265,42,14,0,0,27,0,14
10266,27,4,0,0,8,0,18
10267,59,7,0,0,21,0,33
10268,55,0,0,0,17,0,15
10269,40,1,0,0,1,0,69
10270,34,10,0,0,9,0,0
10271,19,5,0,0,16,0,0
10272,40,4,0,0,8,0,20
10273,36,2,0,0,3,0,0
10274,57,7,0,0,15,0,0
10275,30,0,0,0,8,0,0
10276,27,3,0,0,16,0,0
10277,55,3,0,0,25,0,14
10278,8,2,0,0,6,0,19
10279,51,13,0,0,17,0,10
10280,45,9,0,0,15,0,0
10281,26,15,0,0,18,0,26
10282,55,11,0,0,25,0,0
10283,37,0,0,0,13,0,0
10284,28,8,0,0,10,0,7
10285,28,4,0,0,21,0,0
10286,55,7,0,0,25,0,0
10287,71,9,0,0,21,0,0
10288,32,15,0,0,19,0,13
10289,33,0,0,0,14,0,13
10290,59,7,0,0,22,0,0
10291,52,6,0,0,13,0,0
10292,31,8,0,0,16,0,19
10293,25,2,0,0,23,0,0
10294,78,5,0,0,34,0,31
10295,24,0,0,0,11,0,0
10296,36,5,0,0,5,0,0
10297,77,9,0,0,32,0,18
10298,85,6,0,0,26,0,0
10299,16,2,0,0,9,0,0
10300,53,6,0,0,21,0,0
10301,67,6,0,0,12,0,0
10302,35,6,0,0,13,0,0
10303,46,0,0,0,0,0,0
10304,26,5,0,0,13,0,0
10305,74,10,0,0,25,0,0
10306,112,19,0,0,26,0,0
10307,40,8,0,0,8,0,11
10308,37,20,0,0,20,0,0
10309,39,6,0,0,14,0,0
10310,34,6,0,0,25,0,30
10311,29,9,0,0,12,0,0
10312,79,20,0,0,37,0,0
10313,43,7,0,0,9,0,21
10314,43,7,0,0,26,0,21
10315,35,6,0,0,6,0,0
10316,100,15,0,0,27,0,0
10317,73,0,0,0,6,0,15
10318,94,17,0,0,18,0,31
10319,44,0,0,0,15,0,23
10320,43,5,0,0,6,0,0
10321,74,5,0,0,10,0,0
10322,51,0,0,0,12,0,0
10323,123,3,0,0,10,0,0
10324,14,2,0,0,5,0,0
10325,57,3,0,0,16,0,0
10326,26,0,0,0,15,0,0
10327,142,0,0,0,50,0,0
10328,48,0,0,0,5,0,0
10329,82,3,0,0,11,0,45
10330,36,16,0,0,30,0,0
10331,55,7,0,0,9,0,0
10332,48,6,0,0,8,0,0
10333,35,11,0,0,15,0,6
10334,25,8,0,0,14,0,0
10335,38,0,0,0,10,0,8
10336,41,3,0,0,12,0,4
10337,30,2,0,0,15,0,0
10338,112,26,0,0,47,0,0
10339,36,4,0,0,14,0,0
10340,37,4,0,0,23,0,26
10341,51,16,0,0,33,0,0
10342,102,11,0,0,30,0,75
10343,40,5,0,0,9,0,0
10344,21,5,0,0,15,0,0
10345,74,15,0,0,16,0,13
10346,54,7,0,0,22,0,0
10347,74,11,0,0,18,0,0
10348,66,15,0,0,18,0,25
10349,27,0,0,0,16,0,6
10350,57,3,0,0,20,0,37
10351,38,0,0,0,17,0,0
10352,58,0,0,0,10,0,26
10353,54,2,0,0,28,0,46
10354,47,7,0,0,21,0,0
10355,40,19,0,0,15,0,0
10356,33,3,0,0,18,0,0
10357,73,11,0,0,17,0,0
10358,60,14,0,0,17,0,0
10359,56,0,0,0,14,0,0
10360,33,2,0,0,18,0,0
10361,96,4,0,0,41,0,0
10362,51,3,0,0,24,0,14
10363,46,8,0,0,20,0,0
10364,86,28,0,0,32,0,36
10365,35,10,0,0,0,0,0
10366,74,13,0,0,29,0,1
10367,158,13,0,0,65,0,4
10368,52,10,0,0,4,0,18
10369,139,7,0,0,13,0,68
10370,92,9,0,0,27,0,0
10371,69,19,0,0,20,0,0
10372,58,6,0,0,17,0,1
10373,34,0,0,0,4,0,13
10374,43,6,0,0,4,0,0
10375,103,37,0,0,36,0,0
10376,18,9,0,0,3,0,5
10377,44,4,0,0,15,0,0
10378,68,0,0,0,6,0,0
10379,32,0,0,0,6,0,0
10380,32,2,0,0,26,0,0
10381,81,0,0,0,25,0,0
10382,80,5,0,0,17,0,6
10383,66,19,0,0,24,0,0
10384,92,11,0,0,33,0,59
10385,33,21,0,0,29,0,0
10386,42,5,0,0,20,0,0
10387,20,8,0,0,11,0,0
10388,9,0,0,0,23,0,33
10389,32,9,0,0,14,0,13
10390,56,7,0,0,16,0,20
10391,49,8,0,0,11,0,0
10392,56,11,0,0,22,0,0
10393,28,5,0,0,2,0,0
10394,68,3,0,0,20,0,0
10395,85,3,0,0,0,0,31
10396,88,2,0,0,12,0,0
10397,67,12,0,0,12,0,15
10398,53,0,0,0,11,0,0
10399,68,0,0,0,20,0,3
10400,84,12,0,0,36,0,0
10401,53,0,0,0,0,0,0
10402,41,3,0,0,0,0,0
10403,38,8,0,0,13,0,0
10404,62,0,0,0,20,0,25
10405,58,3,0,0,22,0,1
10406,53,7,0,0,8,0,0
10407,42,2,0,0,12,0,0
10408,36,0,0,0,18,0,5
10409,136,31,0,0,41,0,48
10410,103,11,0,0,14,0,138
10411,42,0,0,0,11,0,3
10412,41,0,0,0,14,0,10
10413,62,9,0,0,25,0,0
10414,29,0,0,0,12,0,0
10415,36,5,0,0,8,0,0
10416,58,7,0,0,10,0,0
10417,35,2,0,0,9,0,0
10418,47,4,0,0,20,0,0
10419,44,3,0,0,7,0,0
10420,34,2,0,0,10,0,0
10421,78,3,0,0,11,0,12
10422,76,13,0,0,21,0,25
10423,98,21,0,0,27,0,50
10424,103,7,0,0,13,0,0
10425,45,5,0,0,5,0,0
10426,80,0,0,0,26,0,27
10427,69,20,0,0,17,0,0
10428,63,7,0,0,18,0,21
10429,52,15,0,0,22,0,19
10430,47,0,0,0,0,0,2
10431,57,0,0,0,14,0,0
10432,67,24,0,0,35,0,27
10433,56,0,0,0,24,0,28
10434,87,23,0,0,47,0,0
10435,42,2,0,0,11,0,0
10436,112,9,0,0,17,0,101
10437,76,6,0,0,4,0,0
10438,52,4,0,0,4,0,0
10439,26,6,0,0,5,0,0
10440,30,0,0,0,10,0,9
10441,27,1,0,0,15,0,0
10442,45,7,0,0,28,0,0
10443,34,0,0,0,9,0,0
10444,42,3,0,0,8,0,0
10445,16,3,0,0,9,0,0
10446,99,13,0,0,37,0,0
10447,120,10,0,0,12,0,0
10448,32,8,0,0,25,0,0
10449,66,22,0,0,45,0,43
10450,74,12,0,0,8,0,26
10451,93,21,0,0,47,0,0
10452,45,4,0,0,26,0,0
10453,74,4,0,0,33,0,0
10454,30,0,0,0,19,0,13
10455,80,0,0,0,2,0,17
10456,38,7,0,0,10,0,25
10457,191,33,0,0,30,0,72
10458,32,5,0,0,28,0,31
10459,107,5,0,0,43,0,0
10460,48,2,0,0,15,0,0
10461,38,4,0,0,8,0,0
10462,53,15,0,0,22,0,0
10463,54,12,0,0,18,0,0
10464,79,8,0,0,51,0,0
10465,39,12,0,0,13,0,28
10466,58,17,0,0,20,0,18
10467,57,16,0,0,47,0,0
10468,36,2,0,0,13,0,0
10469,185,61,0,0,67,0,0
10470,70,5,0,0,22,0,13
10471,87,0,0,0,46,0,2
10472,56,14,0,0,9,0,0
10473,49,6,0,0,0,0,0
10474,32,7,0,0,10,0,2
10475,23,7,0,0,8,0,0
10476,19,0,0,0,26,0,0
10477,57,5,0,0,12,0,0
10478,38,9,0,0,19,0,0
10479,42,9,0,0,29,0,0
10480,23,0,0,0,12,0,0
10481,109,7,0,0,23,0,65
10482,77,11,0,0,22,0,0
10483,26,0,0,0,14,0,0
10484,140,35,0,0,21,0,0
10485,28,0,0,0,8,0,0
10486,48,0,0,0,8,0,0
10487,45,0,0,0,8,0,0
10488,79,8,0,0,32,0,20
10489,75,18,0,0,44,0,8
10490,91,21,0,0,31,0,45
10491,64,35,0,0,26,0,29
10492,50,13,0,0,16,0,0
10493,70,7,0,0,41,0,0
10494,76,15,0,0,18,0,0
10495,48,12,0,0,14,0,0
10496,30,11,0,0,15,0,0
10497,55,7,0,0,22,0,0
10498,55,0,0,0,14,0,15
10499,54,0,0,0,21,0,0
10500,89,8,0,0,0,0,68
10501,30,0,0,0,4,0,10
10502,29,14,0,0,6,0,0
10503,67,23,0,0,46,0,44
10504,57,6,0,0,15,0,21
10505,57,12,0,0,19,0,33
10506,60,13,0,0,12,0,0
10507,61,0,0,0,28,0,4
10508,35,0,0,0,14,0,0
10509,34,6,0,0,0,0,5
10510,34,8,0,0,17,0,1
10511,59,6,0,0,20,0,15
10512,23,0,0,0,17,0,0
10513,67,9,0,0,18,0,31
10514,47,4,0,0,6,0,11
10515,53,9,0,0,36,0,0
10516,69,11,0,0,7,0,0
10517,41,0,0,0,13,0,20
10518,77,17,0,0,30,0,0
10519,64,10,0,0,20,0,18
10520,110,9,0,0,52,0,2
10521,94,0,0,0,32,0,0
10522,32,4,0,0,17,0,0
10523,187,14,0,0,16,0,0
10524,61,2,0,0,22,0,0
10525,64,2,0,0,20,0,0
10526,119,21,0,0,42,0,26
10527,50,5,0,0,16,0,4
10528,59,2,0,0,12,0,0
10529,28,0,0,0,12,0,0
10530,59,10,0,0,15,0,47
10531,55,7,0,0,23,0,0
10532,31,8,0,0,15,0,0
10533,84,12,0,0,10,0,0
10534,40,8,0,0,12,0,0
10535,14,7,0,0,6,0,0
10536,31,0,0,0,12,0,0
10537,57,17,0,0,18,0,0
10538,80,0,0,0,33,0,0
10539,78,5,0,0,18,0,0
10540,79,5,0,0,69,0,0
10541,90,13,0,0,9,0,0
10542,31,10,0,0,18,0,9
10543,46,13,0,0,27,0,0
10544,57,21,0,0,22,0,36
10545,128,11,0,0,30,0,0
10546,75,12,0,0,18,0,17
10547,34,11,0,0,10,0,15
10548,85,12,0,0,6,0,0
10549,19,2,0,0,5,0,9
10550,60,5,0,0,8,0,23
10551,54,0,0,0,19,0,0
10552,140,11,0,0,27,0,224
10553,48,0,0,0,3,0,24
10554,93,12,0,0,27,0,0
10555,46,9,0,0,17,0,0
10556,42,2,0,0,11,0,51
10557,33,10,0,0,15,0,0
10558,45,3,0,0,18,0,0
10559,20,9,0,0,13,0,0
10560,41,1,0,0,7,0,0
10561,77,9,0,0,28,0,27
10562,55,4,0,0,12,0,0
10563,36,10,0,0,8,0,24
10564,66,0,0,0,27,0,0
10565,51,5,0,0,21,0,0
10566,82,26,0,0,40,0,26
10567,58,19,0,0,0,0,59
10568,45,5,0,0,13,0,10
10569,47,4,0,0,11,0,0
10570,50,3,0,0,21,0,28
10571,35,4,0,0,3,0,0
10572,63,4,0,0,33,0,0
10573,55,9,0,0,26,0,0
10574,44,11,0,0,21,0,0
10575,35,16,0,0,21,0,0
10576,49,13,0,0,41,0,12
10577,51,0,0,0,13,0,0
10578,36,7,0,0,10,0,0
10579,51,5,0,0,26,0,0
10580,34,6,0,0,4,0,0
10581,20,6,0,0,13,0,0
10582,42,4,0,0,11,0,0
10583,36,6,0,0,13,0,0
10584,38,6,0,0,6,0,14
10585,61,22,0,0,17,0,0
10586,52,8,0,0,22,0,0
10587,44,15,0,0,14,0,0
10588,92,9,0,0,51,0,0
10589,41,10,0,0,20,0,19
10590,72,0,0,0,24,0,0
10591,36,0,0,0,10,0,26
10592,40,0,0,0,11,0,7
10593,54,5,0,0,20,0,27
10594,99,13,0,0,36,0,43
10595,28,3,0,0,4,0,0
10596,62,2,0,0,8,0,58
10597,57,0,0,0,30,0,0
10598,137,25,0,0,55,0,51
10599,48,16,0,0,16,0,0
10600,101,9,0,0,17,0,0
10601,108,14,0,0,10,0,0
10602,58,7,0,0,25,0,0
10603,44,5,0,0,12,0,15
10604,140,11,0,0,28,0,0
10605,32,7,0,0,15,0,0
10606,76,8,0,0,28,0,25
10607,27,0,0,0,26,0,0
10608,39,12,0,0,19,0,0
10609,29,0,0,0,13,0,0
10610,36,21,0,0,16,0,12
10611,14,2,0,0,18,0,4
10612,30,5,0,0,13,0,0
10613,22,0,0,0,7,0,1
10614,76,12,0,0,16,0,0
10615,27,6,0,0,6,0,0
10616,104,0,0,0,35,0,18
10617,74,0,0,0,15,0,0
10618,51,11,0,0,24,0,43
10619,31,0,0,0,11,0,15
10620,52,4,0,0,6,0,5
10621,145,7,0,0,37,0,0
10622,57,12,0,0,27,0,39
10623,21,7,0,0,30,0,0
10624,43,2,0,0,11,0,0
10625,28,4,0,0,12,0,0
10626,94,19,0,0,31,0,0
10627,30,2,0,0,0,0,10
10628,41,0,0,0,47,0,0
10629,100,8,0,0,17,0,0
10630,47,2,0,0,7,0,0
10631,86,5,0,0,10,0,13
10632,59,11,0,0,20,0,0
10633,58,9,0,0,19,0,0
10634,31,6,0,0,9,0,27
10635,51,12,0,0,31,0,18
10636,152,13,0,0,57,0,0
10637,0,0,0,0,11,0,0
10638,74,22,0,0,25,0,23
10639,31,0,0,0,14,0,24
10640,39,5,0,0,5,0,0
10641,44,10,0,0,19,0,0
10642,46,15,0,0,28,0,0
10643,23,4,0,0,10,0,0
10644,43,9,0,0,27,0,0
10645,106,16,0,0,38,0,0
10646,29,7,0,0,13,0,0
10647,112,19,0,0,56,0,0
10648,115,13,0,0,51,0,0
10649,96,7,0,0,6,0,19
10650,80,5,0,0,37,0,0
10651,23,3,0,0,14,0,0
10652,86,7,0,0,38,0,27
10653,102,29,0,0,65,0,0
10654,40,4,0,0,18,0,0
10655,54,15,0,0,15,0,0
10656,50,6,0,0,32,0,46
10657,59,8,0,0,23,0,39
10658,53,10,0,0,31,0,0
10659,122,1,0,0,48,0,33
10660,106,23,0,0,25,0,0
10661,54,11,0,0,12,0,11
10662,108,3,0,0,11,0,47
10663,24,8,0,0,0,0,2
10664,61,0,0,0,20,0,0
10665,74,14,0,0,34,0,67
10666,36,12,0,0,20,0,0
10667,202,8,0,0,0,0,0
10668,35,6,0,0,25,0,0
10669,51,0,0,0,19,0,0
10670,60,10,0,0,27,0,0
10671,76,8,0,0,24,0,0
10672,26,0,0,0,11,0,6
10673,54,14,0,0,4,0,25
10674,31,6,0,0,7,0,0
10675,30,4,0,0,14,0,7
10676,46,11,0,0,13,0,0
10677,31,0,0,0,7,0,49
10678,46,6,0,0,3,0,0
10679,29,7,0,0,12,0,0
10680,39,5,0,0,1,0,0
10681,35,2,0,0,9,0,0
10682,49,0,0,0,9,0,0
10683,49,12,0,0,30,0,29
10684,123,18,0,0,46,0,0
10685,69,6,0,0,25,0,13
10686,50,4,0,0,12,0,0
10687,70,0,0,0,19,0,0
10688,155,14,0,0,25,0,0
10689,40,6,0,0,14,0,0
10690,58,4,0,0,7,0,0
10691,38,0,0,0,6,0,0
10692,27,0,0,0,9,0,14
10693,38,0,0,0,12,0,1
10694,73,13,0,0,30,0,0
10695,56,3,0,0,14,0,0
10696,62,15,0,0,21,0,0
10697,22,4,0,0,5,0,0
10698,35,0,0,0,13,0,0
10699,26,4,0,0,8,0,0
10700,37,0,0,0,1,0,0
10701,97,17,0,0,24,0,16
10702,90,4,0,0,43,0,0
10703,57,10,0,0,11,0,26
10704,42,0,0,0,29,0,0
10705,55,0,0,0,19,0,0
10706,37,3,0,0,6,0,0
10707,85,21,0,0,26,0,0
10708,28,3,0,0,10,0,3
10709,37,7,0,0,7,0,4
10710,23,10,0,0,4,0,0
10711,33,9,0,0,12,0,0
10712,159,9,0,0,24,0,0
10713,52,0,0,0,17,0,54
10714,85,3,0,0,24,0,14
10715,53,8,0,0,27,0,0
10716,29,5,0,0,12,0,14
10717,34,5,0,0,18,0,0
10718,58,5,0,0,10,0,0
10719,38,4,0,0,7,0,0
10720,75,0,0,0,26,0,0
10721,31,3,0,0,6,0,23
10722,76,10,0,0,19,0,17
10723,71,4,0,0,0,0,54
10724,86,24,0,0,26,0,2
10725,8,2,0,0,4,0,0
10726,49,13,0,0,5,0,38
10727,52,7,0,0,18,0,0
10728,54,34,0,0,13,0,0
10729,27,7,0,0,10,0,7
10730,61,0,0,0,49,0,37
10731,45,7,0,0,10,0,0
10732,113,19,0,0,31,0,0
10733,15,3,0,0,7,0,22
10734,28,0,0,0,29,0,32
10735,26,3,0,0,8,0,58
10736,14,0,0,0,4,0,8
10737,65,14,0,0,30,0,0
10738,48,4,0,0,21,0,0
10739,41,0,0,0,11,0,0
10740,28,0,0,0,20,0,0
10741,96,12,0,0,34,0,0
10742,45,0,0,0,7,0,39
10743,44,7,0,0,8,0,10
10744,36,10,0,0,14,0,0
10745,55,16,0,0,20,0,9
10746,27,2,0,0,6,0,6
10747,53,4,0,0,13,0,2
10748,91,29,0,0,33,0,0
10749,58,20,0,0,12,0,0
10750,48,14,0,0,22,0,0
10751,18,8,0,0,7,0,0
10752,147,11,0,0,39,0,87
10753,61,25,0,0,13,0,54
10754,58,11,0,0,17,0,0
10755,150,21,0,0,65,0,0
10756,65,4,0,0,15,0,0
10757,59,25,0,0,18,0,0
10758,20,7,0,0,0,0,0
10759,28,7,0,0,11,0,0
10760,58,8,0,0,28,0,0
10761,40,0,0,0,9,0,11
10762,130,0,0,0,16,0,0
10763,25,0,0,0,17,0,0
10764,55,9,0,0,26,0,29
10765,38,12,0,0,27,0,0
10766,75,17,0,0,27,0,0
10767,79,9,0,0,0,0,2
10768,46,11,0,0,16,0,0
10769,81,3,0,0,6,0,45
10770,105,8,0,0,35,0,0
10771,31,12,0,0,20,0,7
10772,65,8,0,0,21,0,64
10773,122,27,0,0,51,0,34
10774,35,13,0,0,10,0,16
10775,53,11,0,0,10,0,7
10776,72,13,0,0,17,0,35
10777,141,8,0,0,52,0,31
10778,142,11,0,0,20,0,17
10779,73,16,0,0,24,0,0
10780,28,0,0,0,20,0,43
10781,43,3,0,0,17,0,6
10782,28,0,0,0,12,0,0
10783,31,4,0,0,13,0,0
10784,79,16,0,0,43,0,0
10785,51,4,0,0,7,0,8
10786,73,20,0,0,22,0,0
10787,35,16,0,0,0,0,0
10788,50,15,0,0,26,0,0
10789,56,7,0,0,11,0,16
10790,9,3,0,0,8,0,10
10791,48,8,0,0,14,0,0
10792,40,8,0,0,14,0,18
10793,52,3,0,0,15,0,0
10794,31,0,0,0,14,0,0
10795,36,0,0,0,22,0,0
10796,63,0,0,0,26,0,0
10797,62,22,0,0,19,0,0
10798,60,8,0,0,19,0,0
10799,46,0,0,0,34,0,0
10800,45,8,0,0,12,0,0
10801,56,22,0,0,25,0,0
10802,53,9,0,0,17,0,0
10803,93,11,0,0,28,0,45
10804,53,11,0,0,23,0,0
10805,50,0,0,0,7,0,0
10806,49,0,0,0,26,0,16
10807,46,4,0,0,21,0,0
10808,61,0,0,0,31,0,0
10809,64,11,0,0,10,0,11
10810,66,28,0,0,37,0,22
10811,103,7,0,0,29,0,0
10812,97,0,0,0,44,0,0
10813,38,5,0,0,19,0,21
10814,66,22,0,0,28,0,0
10815,44,6,0,0,11,0,0
10816,34,4,0,0,15,0,0
10817,106,0,0,0,20,0,0
10818,36,7,0,0,19,0,0
10819,21,4,0,0,19,0,6
10820,32,0,0,0,7,0,0
10821,38,6,0,0,7,0,0
10822,10,4,0,0,18,0,0
10823,124,15,0,0,51,0,24
10824,58,7,0,0,21,0,0
10825,47,0,0,0,15,0,0
10826,28,5,0,0,7,0,0
10827,43,0,0,0,1,0,3
10828,56,9,0,0,25,0,0
10829,43,0,0,0,13,0,0
10830,40,12,0,0,8,0,21
10831,38,2,0,0,9,0,0
10832,30,2,0,0,19,0,0
10833,66,11,0,0,23,0,0
10834,54,0,0,0,20,0,0
10835,13,9,0,0,7,0,22
10836,57,7,0,0,10,0,0
10837,44,2,0,0,15,0,0
10838,43,12,0,0,36,0,0
10839,76,0,0,0,24,0,65
10840,54,0,0,0,15,0,0
10841,43,9,0,0,23,0,21
10842,121,6,0,0,32,0,19
10843,46,0,0,0,13,0,0
10844,27,10,0,0,15,0,0
10845,31,4,0,0,13,0,0
10846,55,11,0,0,26,0,0
10847,0,19,0,0,12,0,0
10848,42,3,0,0,22,0,23
10849,30,5,0,0,26,0,10
10850,60,9,0,0,17,0,0
10851,51,8,0,0,17,0,0
10852,88,19,0,0,18,0,0
10853,152,9,0,0,29,0,0
10854,176,28,0,0,19,0,0
10855,31,8,0,0,26,0,4
10856,50,0,0,0,8,0,57
10857,21,5,0,0,11,0,0
10858,49,6,0,0,23,0,12
10859,74,15,0,0,29,0,32
10860,57,6,0,0,15,0,0
10861,86,9,0,0,46,0,19
10862,78,0,0,0,25,0,0
10863,109,17,0,0,24,0,0
10864,29,2,0,0,5,0,1
10865,9,11,0,0,14,0,0
10866,52,9,0,0,25,0,21
10867,27,3,0,0,17,0,13
10868,37,6,0,0,15,0,0
10869,47,11,0,0,40,0,0
10870,55,12,0,0,7,0,0
10871,94,21,0,0,20,0,0
10872,36,19,0,0,39,0,61
10873,23,4,0,0,2,0,0
10874,59,2,0,0,21,0,30
10875,17,0,0,0,19,0,0
10876,59,13,0,0,30,0,0
10877,27,0,0,0,9,0,0
10878,94,14,0,0,24,0,21
10879,53,6,0,0,2,0,0
10880,59,14,0,0,23,0,0
10881,72,9,0,0,15,0,21
10882,49,0,0,0,12,0,26
10883,28,1,0,0,23,0,19
10884,18,0,0,0,15,0,13
10885,36,9,0,0,9,0,21
10886,66,17,0,0,18,0,0
10887,73,17,0,0,19,0,0
10888,124,9,0,0,38,0,48
10889,83,16,0,0,37,0,45
10890,63,3,0,0,29,0,17
10891,66,15,0,0,43,0,0
10892,36,7,0,0,15,0,0
10893,32,0,0,0,8,0,0
10894,61,0,0,0,16,0,47
10895,50,10,0,0,22,0,0
10896,41,4,0,0,14,0,0
10897,27,0,0,0,12,0,0
10898,74,8,0,0,15,0,0
10899,25,14,0,0,10,0,0
10900,53,12,0,0,36,0,0
10901,44,0,0,0,11,0,0
10902,35,7,0,0,10,0,0
10903,93,5,0,0,34,0,39
10904,59,11,0,0,16,0,22
10905,57,11,0,0,24,0,0
10906,27,5,0,0,6,0,24
10907,41,12,0,0,13,0,5
10908,106,19,0,0,60,0,31
10909,39,7,0,0,4,0,0
10910,116,20,0,0,36,0,0
10911,110,24,0,0,38,0,39
10912,32,2,0,0,15,0,0
10913,49,4,0,0,12,0,38
10914,47,11,0,0,12,0,25
10915,43,7,0,0,6,0,0
10916,41,17,0,0,8,0,20
10917,58,9,0,0,19,0,44
10918,48,2,0,0,13,0,15
10919,42,10,0,0,20,0,35
10920,47,9,0,0,16,0,0
10921,112,7,0,0,35,0,44
10922,38,7,0,0,18,0,3
10923,48,2,0,0,18,0,0
10924,35,10,0,0,14,0,0
10925,44,5,0,0,8,0,0
10926,116,7,0,0,11,0,48
10927,92,4,0,0,3,0,90
10928,75,11,0,0,17,0,0
10929,63,11,0,0,6,0,0
10930,26,9,0,0,14,0,17
10931,38,15,0,0,32,0,0
10932,74,16,0,0,29,0,0
10933,37,20,0,0,12,0,0
10934,20,8,0,0,8,0,0
10935,143,19,0,0,25,0,0
10936,56,7,0,0,10,0,0
10937,50,5,0,0,18,0,0
10938,22,5,0,0,15,0,0
10939,53,8,0,0,20,0,0
10940,61,8,0,0,26,0,0
10941,85,0,0,0,36,0,0
10942,56,0,0,0,11,0,0
10943,67,0,0,0,11,0,0
10944,37,12,0,0,10,0,0
10945,20,6,0,0,13,0,20
10946,80,13,0,0,27,0,0
10947,59,20,0,0,24,0,0
10948,71,13,0,0,19,0,0
10949,56,9,0,0,25,0,0
10950,69,3,0,0,18,0,0
10951,31,11,0,0,18,0,10
10952,64,12,0,0,17,0,0
10953,45,4,0,0,10,0,10
10954,31,10,0,0,12,0,0
10955,55,7,0,0,36,0,0
10956,17,4,0,0,12,0,0
10957,56,0,0,0,20,0,5
10958,133,28,0,0,44,0,82
10959,94,10,0,0,17,0,0
10960,33,0,0,0,16,0,0
10961,40,7,0,0,16,0,7
10962,10,10,0,0,15,0,0
10963,33,13,0,0,30,0,14
10964,36,8,0,0,3,0,0
10965,53,12,0,0,32,0,0
10966,89,0,0,0,45,0,0
10967,101,21,0,0,43,0,37
10968,37,0,0,0,5,0,2
10969,34,9,0,0,23,0,17
10970,43,6,0,0,16,0,0
10971,88,18,0,0,31,0,0
10972,41,23,0,0,24,0,11
10973,20,0,0,0,11,0,22
10974,72,38,0,0,78,0,0
10975,52,0,0,0,14,0,0
10976,27,3,0,0,11,0,0
10977,27,9,0,0,9,0,6
10978,61,6,0,0,15,0,0
10979,99,12,0,0,18,0,17
10980,31,7,0,0,11,0,0
10981,119,19,0,0,31,0,0
10982,66,22,0,0,6,0,0
10983,56,19,0,0,14,0,17
10984,77,5,0,0,30,0,45
10985,79,20,0,0,29,0,33
10986,42,7,0,0,6,0,0
10987,36,7,0,0,13,0,0
10988,34,6,0,0,10,0,0
10989,58,15,0,0,17,0,0
10990,45,11,0,0,20,0,0
10991,52,6,0,0,11,0,29
10992,59,0,0,0,21,0,30
10993,48,11,0,0,21,0,29
10994,36,3,0,0,9,0,59
10995,39,8,0,0,4,0,0
10996,50,4,0,0,23,0,0
10997,62,5,0,0,7,0,0
10998,99,14,0,0,31,0,0
10999,99,13,0,0,13,0,0
11000,57,3,0,0,17,0,12
11001,54,8,0,0,6,0,0
11002,51,14,0,0,21,0,57
11003,20,0,0,0,14,0,0
11004,18,5,0,0,5,0,3
11005,15,4,0,0,12,0,0
11006,66,0,0,0,9,0,0
11007,32,0,0,0,10,0,18
11008,61,0,0,0,33,0,0
11009,46,0,0,0,14,0,16
11010,87,0,0,0,47,0,52
11011,20,3,0,0,24,0,27
11012,49,10,0,0,10,0,21
11013,112,13,0,0,36,0,0
11014,51,0,0,0,12,0,0
11015,59,2,0,0,32,0,0
11016,75,15,0,0,19,0,50
11017,85,13,0,0,35,0,29
11018,54,0,0,0,15,0,0
11019,79,8,0,0,31,0,0
11020,83,27,0,0,46,0,0
11021,94,14,0,0,21,0,16
11022,27,2,0,0,5,0,8
11023,46,0,0,0,17,0,16
11024,61,10,0,0,18,0,6
11025,55,44,0,0,12,0,18
11026,42,3,0,0,15,0,0
11027,40,6,0,0,6,0,18
11028,25,4,0,0,20,0,12
11029,45,1,0,0,0,0,0
11030,59,10,0,0,4,0,0
11031,73,10,0,0,25,0,26
11032,28,0,0,0,22,0,0
11033,198,31,0,0,78,0,0
11034,43,8,0,0,9,0,0
11035,84,11,0,0,21,0,0
11036,31,3,0,0,12,0,0
11037,31,5,0,0,9,0,0
11038,28,7,0,0,12,0,0
11039,73,10,0,0,29,0,9
11040,74,12,0,0,16,0,0
11041,89,0,0,0,14,0,40
11042,15,4,0,0,14,0,38
11043,51,18,0,0,17,0,13
11044,58,0,0,0,15,0,0
11045,319,54,0,0,109,0,73
11046,83,0,0,0,39,0,0
11047,71,0,0,0,14,0,0
11048,73,12,0,0,28,0,0
11049,65,8,0,0,22,0,0
11050,55,0,0,0,21,0,0
11051,49,0,0,0,45,0,0
11052,24,7,0,0,10,0,6
11053,18,8,0,0,14,0,7
11054,29,4,0,0,10,0,0
11055,71,14,0,0,18,0,14
11056,31,3,0,0,13,0,9
11057,48,4,0,0,17,0,0
11058,46,4,0,0,13,0,11
11059,31,2,0,0,10,0,0
11060,14,0,0,0,8,0,0
11061,23,0,0,0,15,0,0
11062,52,3,0,0,3,0,0
11063,97,6,0,0,20,0,0
11064,54,7,0,0,19,0,10
11065,19,3,0,0,5,0,0
11066,24,0,0,0,4,0,0
11067,103,6,0,0,30,0,40
11068,60,13,0,0,17,0,0
11069,70,6,0,0,12,0,0
11070,62,11,0,0,36,0,0
11071,41,3,0,0,19,0,0
11072,39,6,0,0,15,0,0
11073,32,0,0,0,26,0,0
11074,71,6,0,0,35,0,0
11075,108,11,0,0,55,0,0
11076,74,5,0,0,10,0,5
11077,71,7,0,0,7,0,0
11078,68,7,0,0,27,0,0
11079,42,4,0,0,9,0,0
11080,45,18,0,0,22,0,0
11081,31,0,0,0,21,0,0
11082,29,7,0,0,13,0,0
11083,71,8,0,0,44,0,68
11084,92,0,0,0,20,0,33
11085,47,0,0,0,23,0,57
11086,25,4,0,0,11,0,1
11087,49,9,0,0,7,0,45
11088,81,10,0,0,26,0,61
11089,23,2,0,0,10,0,6
11090,58,0,0,0,14,0,0
11091,46,3,0,0,16,0,5
11092,77,13,0,0,51,0,4
11093,61,7,0,0,12,0,18
11094,58,0,0,0,21,0,0
11095,46,0,0,0,17,0,30
11096,46,13,0,0,25,0,0
11097,27,0,0,0,6,0,3
11098,32,12,0,0,10,0,0
11099,39,0,0,0,22,0,0
11100,31,7,0,0,8,0,0
11101,30,1,0,0,16,0,0
11102,50,7,0,0,17,0,0
11103,33,6,0,0,0,0,0
11104,18,0,0,0,8,0,0
11105,94,16,0,0,29,0,16
11106,27,6,0,0,7,0,0
11107,31,0,0,0,12,0,0
11108,43,0,0,0,8,0,23
11109,71,13,0,0,26,0,6
11110,24,5,0,0,14,0,0
11111,30,7,0,0,18,0,0
11112,32,0,0,0,15,0,0
11113,49,0,0,0,26,0,34
11114,29,0,0,0,8,0,22
11115,70,20,0,0,26,0,0
11116,18,5,0,0,9,0,20
11117,47,0,0,0,10,0,0
11118,33,3,0,0,16,0,0
11119,37,9,0,0,18,0,22
11120,60,15,0,0,20,0,4
11121,43,3,0,0,13,0,31
11122,25,12,0,0,18,0,0
11123,42,0,0,0,6,0,13
11124,8,10,0,0,12,0,6
11125,35,5,0,0,10,0,0
11126,47,8,0,0,0,0,0
11127,44,0,0,0,15,0,0
11128,52,10,0,0,7,0,36
11129,72,16,0,0,23,0,0
11130,54,10,0,0,11,0,0
11131,35,6,0,0,7,0,0
11132,42,0,0,0,16,0,0
11133,60,0,0,0,12,0,0
11134,26,10,0,0,11,0,0
11135,60,5,0,0,5,0,0
11136,47,3,0,0,19,0,0
11137,38,14,0,0,21,0,0
11138,29,6,0,0,30,0,4
11139,70,15,0,0,16,0,5
11140,73,18,0,0,24,0,19
11141,26,6,0,0,13,0,0
11142,33,0,0,0,0,0,2
11143,32,2,0,0,10,0,0
11144,29,0,0,0,12,0,0
11145,43,7,0,0,14,0,0
11146,73,0,0,0,23,0,0
11147,43,0,0,0,23,0,0
11148,114,11,0,0,36,0,0
11149,47,17,0,0,10,0,0
11150,9,6,0,0,3,0,0
11151,39,0,0,0,10,0,0
11152,78,6,0,0,5,0,23
11153,59,11,0,0,15,0,0
11154,44,12,0,0,10,0,0
11155,75,4,0,0,39,0,10
11156,67,15,0,0,12,0,17
11157,72,2,0,0,18,0,12
11158,71,15,0,0,19,0,23
11159,59,11,0,0,18,0,10
11160,28,3,0,0,5,0,0
11161,57,8,0,0,9,0,0
11162,67,7,0,0,11,0,0
11163,83,23,0,0,35,0,0
11164,67,7,0,0,36,0,0
11165,67,0,0,0,14,0,0
11166,26,10,0,0,8,0,0
11167,42,5,0,0,13,0,42
11168,35,8,0,0,31,0,0
11169,36,11,0,0,11,0,15
11170,33,10,0,0,20,0,0
11171,61,4,0,0,17,0,0
11172,17,0,0,0,17,0,0
11173,26,6,0,0,13,0,0
11174,35,4,0,0,12,0,0
11175,40,8,0,0,18,0,3
11176,57,3,0,0,19,0,0
11177,57,23,0,0,15,0,0
11178,114,14,0,0,43,0,13
11179,28,9,0,0,13,0,0
11180,80,5,0,0,4,0,10
11181,43,10,0,0,11,0,0
11182,85,15,0,0,43,0,0
11183,27,14,0,0,8,0,0
11184,19,0,0,0,15,0,11
11185,49,0,0,0,20,0,22
11186,29,6,0,0,9,0,0
11187,36,7,0,0,15,0,0
11188,41,11,0,0,11,0,0
11189,42,16,0,0,15,0,14
11190,86,11,0,0,25,0,0
11191,17,0,0,0,4,0,0
11192,16,0,0,0,2,0,0
11193,38,5,0,0,18,0,0
11194,56,5,0,0,16,0,0
11195,43,9,0,0,23,0,0
11196,72,11,0,0,17,0,0
11197,34,6,0,0,11,0,0
11198,26,0,0,0,15,0,0
11199,90,0,0,0,7,0,0
11200,64,2,0,0,9,0,0
11201,26,15,0,0,24,0,0
11202,43,2,0,0,19,0,0
11203,70,13,0,0,18,0,21
11204,40,0,0,0,25,0,0
11205,46,5,0,0,16,0,0
11206,36,0,0,0,14,0,0
11207,40,0,0,0,19,0,36
11208,48,6,0,0,19,0,0
11209,43,1,0,0,12,0,0
11210,19,6,0,0,6,0,0
11211,76,0,0,0,28,0,0
11212,29,0,0,0,54,0,0
11213,136,32,0,0,40,0,27
11214,48,4,0,0,18,0,33
11215,115,8,0,0,39,0,0
11216,20,4,0,0,4,0,0
11217,68,0,0,0,20,0,0
11218,37,2,0,0,10,0,10
11219,49,0,0,0,25,0,0
11220,58,0,0,0,8,0,19
11221,84,11,0,0,10,0,0
11222,55,6,0,0,17,0,0
11223,63,14,0,0,24,0,0
11224,87,10,0,0,28,0,0
11225,46,0,0,0,9,0,12
11226,35,7,0,0,7,0,0
11227,41,0,0,0,14,0,2
11228,80,9,0,0,24,0,0
11229,50,7,0,0,29,0,18
11230,52,17,0,0,20,0,0
11231,79,0,0,0,6,0,0
11232,111,10,0,0,33,0,29
11233,167,21,0,0,43,0,39
11234,82,34,0,0,43,0,18
11235,95,32,0,0,38,0,0
11236,0,0,0,0,7,0,0
11237,43,3,0,0,15,0,28
11238,68,0,0,0,13,0,0
11239,29,12,0,0,9,0,0
11240,56,4,0,0,21,0,0
11241,95,0,0,0,13,0,0
11242,99,34,0,0,18,0,0
11243,46,26,0,0,13,0,0
11244,35,7,0,0,16,0,0
11245,57,13,0,0,25,0,0
11246,62,2,0,0,21,0,26
11247,40,0,0,0,17,0,1
11248,198,30,0,0,11,0,0
11249,79,8,0,0,12,0,22
11250,104,15,0,0,25,0,0
11251,76,9,0,0,15,0,0
11252,80,12,0,0,27,0,3
11253,72,0,0,0,47,0,0
11254,35,12,0,0,25,0,0
11255,76,13,0,0,16,0,0
11256,53,10,0,0,11,0,39
11257,36,7,0,0,11,0,24
11258,42,4,0,0,23,0,0
11259,36,4,0,0,15,0,22
11260,46,7,0,0,11,0,5
11261,61,21,0,0,12,0,0
11262,24,11,0,0,10,0,6
11263,144,16,0,0,57,0,0
11264,62,0,0,0,17,0,0
11265,75,21,0,0,24,0,0
11266,34,0,0,0,6,0,0
11267,110,9,0,0,2,0,0
11268,78,11,0,0,25,0,0
11269,35,0,0,0,10,0,8
11270,101,22,0,0,46,0,0
11271,2,2,0,0,24,0,0
11272,29,10,0,0,18,0,0
11273,75,0,0,0,17,0,26
11274,14,2,0,0,11,0,0
11275,26,8,0,0,8,0,0
11276,72,8,0,0,13,0,17
11277,33,7,0,0,14,0,0
11278,47,7,0,0,16,0,1
11279,43,6,0,0,9,0,22
11280,28,7,0,0,16,0,0
11281,39,2,0,0,11,0,0
11282,50,9,0,0,25,0,10
11283,83,11,0,0,12,0,0
11284,48,0,0,0,28,0,0
11285,37,0,0,0,9,0,7
11286,39,7,0,0,17,0,5
11287,43,6,0,0,22,0,2
11288,25,0,0,0,8,0,0
11289,39,2,0,0,3,0,22
11290,90,0,0,0,20,0,0
11291,96,20,0,0,15,0,0
11292,93,16,0,0,21,0,31
11293,16,8,0,0,11,0,0
11294,18,3,0,0,4,0,24
11295,104,17,0,0,25,0,0
11296,83,2,0,0,40,0,0
11297,79,19,0,0,29,0,0
11298,36,19,0,0,30,0,0
11299,56,19,0,0,22,0,6
11300,14,9,0,0,2,0,0
11301,47,2,0,0,19,0,0
11302,32,9,0,0,20,0,4
11303,67,9,0,0,14,0,26
11304,178,35,0,0,66,0,24
11305,50,6,0,0,19,0,4
11306,48,12,0,0,11,0,1
11307,56,14,0,0,20,0,0
11308,47,3,0,0,7,0,0
11309,125,8,0,0,20,0,69
11310,52,5,0,0,15,0,0
11311,57,0,0,0,13,0,0
11312,66,0,0,0,16,0,21
11313,48,8,0,0,9,0,0
11314,60,6,0,0,3,0,15
11315,50,3,0,0,11,0,7
11316,75,3,0,0,19,0,0
11317,119,21,0,0,38,0,36
11318,44,0,0,0,10,0,80
11319,47,8,0,0,10,0,4
11320,29,1,0,0,17,0,0
11321,73,2,0,0,13,0,0
11322,33,8,0,0,9,0,0
11323,62,0,0,0,15,0,0
11324,43,0,0,0,8,0,0
11325,39,8,0,0,10,0,0
11326,46,4,0,0,8,0,0
11327,43,3,0,0,11,0,0
11328,85,19,0,0,23,0,0
11329,54,7,0,0,23,0,0
11330,37,2,0,0,0,0,9
11331,48,21,0,0,30,0,0
11332,69,17,0,0,27,0,0
11333,17,8,0,0,13,0,0
11334,86,6,0,0,3,0,0
11335,23,0,0,0,5,0,0
11336,49,5,0,0,36,0,0
11337,27,5,0,0,20,0,20
11338,24,6,0,0,11,0,13
11339,39,16,0,0,6,0,0
11340,68,10,0,0,22,0,0
11341,37,9,0,0,12,0,0
11342,52,9,0,0,24,0,0
11343,41,6,0,0,9,0,0
11344,49,3,0,0,42,0,0
11345,45,18,0,0,12,0,7
11346,39,3,0,0,25,0,42
11347,95,0,0,0,28,0,0
11348,72,9,0,0,52,0,0
11349,38,0,0,0,16,0,43
11350,118,18,0,0,44,0,6
11351,26,12,0,0,10,0,3
11352,17,0,0,0,28,0,0
11353,83,11,0,0,25,0,0
11354,71,10,0,0,34,0,57
11355,91,0,0,0,5,0,0
11356,62,5,0,0,16,0,63
11357,37,10,0,0,15,0,0
11358,46,0,0,0,20,0,53
11359,9,0,0,0,23,0,0
11360,17,9,0,0,16,0,0
11361,18,0,0,0,7,0,0
11362,72,3,0,0,15,0,0
11363,27,7,0,0,10,0,0
11364,23,0,0,0,9,0,36
11365,28,3,0,0,21,0,0
11366,15,3,0,0,14,0,0
11367,29,9,0,0,7,0,22
11368,55,0,0,0,14,0,11
11369,222,24,0,0,49,0,0
11370,92,10,0,0,27,0,56
11371,44,5,0,0,9,0,0
11372,94,14,0,0,9,0,0
11373,57,4,0,0,25,0,0
11374,57,2,0,0,12,0,0
11375,63,8,0,0,21,0,0
11376,28,2,0,0,11,0,0
11377,63,6,0,0,16,0,0
11378,82,18,0,0,29,0,21
11379,61,0,0,0,14,0,0
11380,82,12,0,0,25,0,0
11381,94,11,0,0,17,0,0
11382,79,14,0,0,34,0,0
11383,71,18,0,0,12,0,0
11384,59,0,0,0,21,0,17
11385,37,9,0,0,14,0,0
11386,33,4,0,0,17,0,0
11387,35,10,0,0,14,0,9
11388,41,5,0,0,27,0,0
11389,0,0,0,0,42,0,41
11390,69,2,0,0,5,0,37
11391,42,7,0,0,13,0,0
11392,56,13,0,0,18,0,0
11393,33,20,0,0,19,0,0
11394,70,2,0,0,18,0,0
11395,41,0,0,0,12,0,0
11396,47,4,0,0,8,0,0
11397,52,3,0,0,19,0,0
11398,45,10,0,0,15,0,0
11399,33,7,0,0,12,0,0
11400,16,6,0,0,18,0,0
11401,40,3,0,0,15,0,0
11402,38,2,0,0,8,0,9
11403,51,0,0,0,8,0,0
11404,70,19,0,0,26,0,26
11405,33,9,0,0,13,0,0
11406,132,0,0,0,23,0,25
11407,62,9,0,0,24,0,0
11408,49,0,0,0,9,0,0
11409,42,13,0,0,16,0,0
11410,88,13,0,0,27,0,0
11411,162,20,0,0,85,0,0
11412,118,21,0,0,56,0,51
11413,41,5,0,0,11,0,16
11414,25,0,0,0,5,0,0
11415,83,5,0,0,21,0,36
11416,69,4,0,0,16,0,0
11417,79,4,0,0,12,0,0
11418,91,14,0,0,36,0,0
11419,44,13,0,0,12,0,31
11420,91,9,0,0,30,0,22
11421,37,12,0,0,15,0,0
11422,85,0,0,0,21,0,41
11423,56,8,0,0,21,0,26
11424,25,8,0,0,11,0,0
11425,84,0,0,0,34,0,0
11426,31,9,0,0,11,0,0
11427,23,10,0,0,22,0,0
11428,75,5,0,0,16,0,0
11429,41,3,0,0,17,0,2
11430,37,0,0,0,17,0,0
11431,33,10,0,0,0,0,0
11432,92,37,0,0,50,0,0
11433,78,16,0,0,33,0,0
11434,80,10,0,0,6,0,25
11435,71,3,0,0,16,0,27
11436,99,7,0,0,19,0,0
11437,56,4,0,0,13,0,0
11438,51,9,0,0,7,0,0
11439,99,0,0,0,31,0,0
11440,34,0,0,0,4,0,0
11441,16,5,0,0,10,0,0
11442,34,7,0,0,10,0,22
11443,77,0,0,0,19,0,0
11444,83,6,0,0,26,0,61
11445,39,0,0,0,10,0,0
11446,70,11,0,0,34,0,0
11447,69,0,0,0,22,0,40
11448,40,9,0,0,18,0,0
11449,34,0,0,0,5,0,0
11450,43,12,0,0,12,0,0
11451,40,6,0,0,26,0,0
11452,57,13,0,0,28,0,0
11453,39,7,0,0,0,0,0
11454,51,3,0,0,21,0,6
11455,37,8,0,0,18,0,0
11456,104,11,0,0,24,0,0
11457,58,14,0,0,36,0,33
11458,63,0,0,0,14,0,0
11459,68,3,0,0,16,0,0
11460,45,0,0,0,7,0,15
11461,25,15,0,0,10,0,0
11462,46,18,0,0,8,0,18
11463,40,8,0,0,11,0,0
11464,52,9,0,0,8,0,29
11465,84,2,0,0,18,0,38
11466,78,26,0,0,18,0,34
11467,44,3,0,0,7,0,0
11468,72,3,0,0,15,0,29
11469,29,0,0,0,16,0,32
11470,106,16,0,0,55,0,0
11471,27,3,0,0,16,0,0
11472,52,7,0,0,4,0,0
11473,17,3,0,0,9,0,11
11474,34,3,0,0,15,0,0
11475,48,0,0,0,21,0,0
11476,39,0,0,0,7,0,16
11477,29,3,0,0,15,0,0
11478,71,0,0,0,30,0,0
11479,63,7,0,0,27,0,0
11480,52,0,0,0,27,0,0
11481,64,0,0,0,30,0,0
11482,44,4,0,0,10,0,0
11483,47,6,0,0,12,0,0
11484,41,2,0,0,3,0,0
11485,176,8,0,0,21,0,0
11486,50,16,0,0,21,0,0
11487,120,20,0,0,63,0,66
11488,72,11,0,0,24,0,0
11489,40,8,0,0,16,0,14
11490,34,4,0,0,11,0,0
11491,31,0,0,0,16,0,0
11492,45,5,0,0,5,0,0
11493,66,10,0,0,9,0,0
11494,34,4,0,0,9,0,0
11495,11,6,0,0,15,0,0
11496,80,7,0,0,24,0,0
11497,86,11,0,0,30,0,51
11498,88,26,0,0,28,0,0
11499,50,5,0,0,14,0,0
11500,170,0,0,0,67,0,0
11501,45,10,0,0,17,0,0
11502,42,0,0,0,11,0,0
11503,99,6,0,0,16,0,23
11504,42,6,0,0,22,0,4
11505,42,11,0,0,28,0,0
11506,80,25,0,0,25,0,14
11507,28,4,0,0,17,0,0
11508,80,12,0,0,37,0,38
11509,89,13,0,0,30,0,27
11510,71,17,0,0,20,0,0
11511,52,9,0,0,16,0,0
11512,55,6,0,0,17,0,0
11513,29,5,0,0,5,0,0
11514,41,6,0,0,0,0,0
11515,74,6,0,0,20,0,0
11516,50,5,0,0,11,0,0
11517,77,0,0,0,20,0,0
11518,64,22,0,0,16,0,0
11519,58,8,0,0,21,0,17
11520,55,7,0,0,16,0,0
11521,48,0,0,0,7,0,28
11522,43,0,0,0,18,0,0
11523,95,11,0,0,13,0,20
11524,27,14,0,0,20,0,0
11525,60,8,0,0,7,0,14
11526,74,9,0,0,16,0,0
11527,83,18,0,0,55,0,0
11528,32,4,0,0,9,0,0
11529,20,3,0,0,8,0,16
11530,30,2,0,0,20,0,27
11531,50,5,0,0,17,0,0
11532,16,3,0,0,15,0,10
11533,26,5,0,0,12,0,0
11534,65,22,0,0,19,0,30
11535,35,8,0,0,13,0,32
11536,93,6,0,0,27,0,0
11537,67,17,0,0,16,0,0
11538,50,0,0,0,18,0,0
11539,83,14,0,0,14,0,0
11540,61,2,0,0,24,0,42
11541,49,0,0,0,13,0,15
11542,54,8,0,0,35,0,11
11543,34,6,0,0,7,0,0
11544,36,2,0,0,8,0,2
11545,64,0,0,0,13,0,8
11546,170,21,0,0,43,0,0
11547,23,1,0,0,10,0,14
11548,51,5,0,0,3,0,0
11549,21,2,0,0,8,0,8
11550,67,10,0,0,20,0,0
11551,30,3,0,0,17,0,4
11552,77,16,0,0,29,0,0
11553,46,5,0,0,12,0,0
11554,41,0,0,0,7,0,0
11555,56,3,0,0,8,0,0
11556,77,0,0,0,35,0,0
11557,30,0,0,0,17,0,0
11558,50,8,0,0,17,0,8
11559,29,3,0,0,24,0,0
11560,68,10,0,0,21,0,33
11561,78,21,0,0,10,0,0
11562,146,24,0,0,35,0,0
11563,43,0,0,0,24,0,0
11564,33,0,0,0,8,0,9
11565,30,4,0,0,8,0,0
11566,43,0,0,0,6,0,16
11567,30,0,0,0,10,0,0
11568,80,0,0,0,13,0,0
11569,49,8,0,0,12,0,25
11570,86,10,0,0,15,0,0
11571,42,15,0,0,15,0,0
11572,76,3,0,0,16,0,84
11573,26,13,0,0,15,0,16
11574,39,8,0,0,5,0,14
11575,48,2,0,0,7,0,32
11576,75,0,0,0,14,0,0
11577,47,0,0,0,8,0,0
11578,32,10,0,0,15,0,0
11579,50,0,0,0,15,0,0
11580,36,15,0,0,19,0,0
11581,96,4,0,0,46,0,23
11582,66,15,0,0,45,0,0
11583,34,2,0,0,3,0,0
11584,40,0,0,0,21,0,0
11585,79,3,0,0,31,0,0
11586,37,12,0,0,24,0,0
11587,38,8,0,0,18,0,0
11588,75,0,0,0,14,0,28
11589,37,8,0,0,9,0,19
11590,57,8,0,0,9,0,0
11591,50,35,0,0,32,0,0
11592,29,9,0,0,11,0,9
11593,35,10,0,0,24,0,5
11594,73,36,0,0,27,0,0
11595,63,7,0,0,14,0,0
11596,30,0,0,0,6,0,60
11597,71,18,0,0,36,0,0
11598,46,8,0,0,11,0,0
11599,38,0,0,0,13,0,22
11600,43,14,0,0,14,0,0
11601,71,7,0,0,17,0,0
11602,52,0,0,0,13,0,0
11603,39,6,0,0,23,0,0
11604,47,8,0,0,41,0,0
11605,18,7,0,0,13,0,0
11606,24,3,0,0,7,0,32
11607,76,12,0,0,14,0,0
11608,53,0,0,0,4,0,0
11609,14,0,0,0,7,0,0
11610,42,11,0,0,14,0,0
11611,26,10,0,0,18,0,0
11612,35,0,0,0,14,0,0
11613,43,9,0,0,17,0,14
11614,72,15,0,0,19,0,0
11615,33,1,0,0,8,0,0
11616,40,8,0,0,19,0,0
11617,33,4,0,0,18,0,3
11618,14,0,0,0,26,0,0
11619,43,12,0,0,11,0,0
11620,76,10,0,0,25,0,0
11621,44,4,0,0,12,0,0
11622,31,4,0,0,0,0,0
11623,84,8,0,0,22,0,0
11624,61,10,0,0,30,0,0
11625,38,7,0,0,10,0,0
11626,47,5,0,0,16,0,0
11627,27,2,0,0,8,0,12
11628,63,5,0,0,18,0,0
11629,33,0,0,0,13,0,0
11630,19,4,0,0,3,0,0
11631,80,7,0,0,11,0,33
11632,27,7,0,0,14,0,0
11633,66,10,0,0,14,0,0
11634,22,5,0,0,5,0,0
11635,42,0,0,0,15,0,0
11636,117,12,0,0,55,0,0
11637,107,17,0,0,33,0,6
11638,34,0,0,0,17,0,0
11639,35,5,0,0,10,0,0
11640,0,5,0,0,12,0,21
11641,63,0,0,0,11,0,44
11642,33,16,0,0,10,0,23
11643,44,0,0,0,14,0,0
11644,100,18,0,0,13,0,0
11645,19,0,0,0,8,0,10
11646,72,0,0,0,17,0,7
11647,79,7,0,0,15,0,0
11648,50,0,0,0,18,0,0
11649,76,21,0,0,26,0,37
11650,35,0,0,0,20,0,0
11651,63,0,0,0,23,0,19
11652,42,6,0,0,12,0,27
11653,112,11,0,0,30,0,5
11654,51,8,0,0,12,0,0
11655,24,11,0,0,14,0,0
11656,57,5,0,0,4,0,0
11657,60,2,0,0,19,0,0
11658,66,27,0,0,14,0,0
11659,16,2,0,0,9,0,11
11660,40,0,0,0,22,0,0
11661,82,0,0,0,27,0,0
11662,25,1,0,0,5,0,13
11663,55,4,0,0,19,0,0
11664,59,5,0,0,16,0,0
11665,27,8,0,0,17,0,0
11666,71,3,0,0,15,0,23
11667,43,5,0,0,10,0,0
11668,55,10,0,0,13,0,4
11669,43,4,0,0,20,0,0
11670,42,0,0,0,32,0,0
11671,29,10,0,0,13,0,17
11672,23,5,0,0,11,0,0
11673,52,13,0,0,10,0,0
11674,45,8,0,0,20,0,32
11675,65,10,0,0,24,0,7
11676,28,3,0,0,11,0,0
11677,40,35,0,0,19,0,69
11678,25,7,0,0,7,0,0
11679,75,14,0,0,29,0,0
11680,46,3,0,0,11,0,0
11681,57,13,0,0,22,0,0
11682,45,0,0,0,20,0,0
11683,31,0,0,0,18,0,0
11684,75,13,0,0,19,0,0
11685,25,8,0,0,22,0,51
11686,33,2,0,0,13,0,0
11687,27,10,0,0,11,0,0
11688,186,37,0,0,34,0,86
11689,46,3,0,0,19,0,28
11690,285,54,0,0,78,0,0
11691,58,6,0,0,25,0,0
11692,44,4,0,0,19,0,0
11693,59,12,0,0,34,0,0
11694,125,27,0,0,48,0,62
11695,79,14,0,0,36,0,0
11696,54,6,0,0,21,0,0
11697,53,13,0,0,25,0,14
11698,53,0,0,0,16,0,0
11699,49,8,0,0,17,0,14
11700,11,0,0,0,18,0,37
11701,83,6,0,0,35,0,0
11702,47,9,0,0,19,0,10
11703,22,2,0,0,13,0,0
11704,21,3,0,0,10,0,0
11705,114,7,0,0,27,0,0
11706,49,5,0,0,20,0,0
11707,90,23,0,0,28,0,0
11708,43,0,0,0,15,0,0
11709,92,16,0,0,42,0,51
11710,46,0,0,0,2,0,58
11711,39,9,0,0,17,0,0
11712,44,4,0,0,9,0,53
11713,50,0,0,0,3,0,0
11714,96,23,0,0,32,0,0
11715,0,7,0,0,4,0,0
11716,35,6,0,0,12,0,0
11717,80,10,0,0,9,0,0
11718,43,0,0,0,6,0,0
11719,158,17,0,0,48,0,0
11720,24,6,0,0,19,0,0
11721,32,7,0,0,13,0,0
11722,62,7,0,0,19,0,11
11723,54,5,0,0,18,0,56
11724,49,0,0,0,7,0,0
11725,64,9,0,0,24,0,0
11726,32,0,0,0,5,0,0
11727,60,13,0,0,39,0,6
11728,60,0,0,0,8,0,0
11729,35,0,0,0,8,0,0
11730,44,7,0,0,6,0,35
11731,39,11,0,0,12,0,0
11732,41,0,0,0,18,0,20
11733,34,8,0,0,11,0,0
11734,37,14,0,0,10,0,0
11735,65,0,0,0,8,0,0
11736,60,8,0,0,15,0,0
11737,68,15,0,0,11,0,0
11738,70,12,0,0,17,0,0
11739,60,0,0,0,29,0,25
11740,60,0,0,0,6,0,0
11741,38,5,0,0,3,0,0
11742,41,10,0,0,20,0,0
11743,62,13,0,0,31,0,5
11744,38,0,0,0,16,0,9
11745,20,10,0,0,19,0,9
11746,73,0,0,0,14,0,0
11747,31,2,0,0,9,0,2
11748,25,11,0,0,21,0,0
11749,69,12,0,0,11,0,0
11750,62,2,0,0,10,0,0
11751,72,0,0,0,10,0,23
11752,49,0,0,0,11,0,0
11753,59,11,0,0,19,0,0
11754,66,12,0,0,17,0,10
11755,32,6,0,0,11,0,13
11756,62,6,0,0,8,0,0
11757,44,17,0,0,21,0,0
11758,97,23,0,0,6,0,0
11759,66,10,0,0,16,0,0
11760,75,9,0,0,22,0,15
11761,42,10,0,0,7,0,0
11762,0,3,0,0,17,0,0
11763,37,7,0,0,31,0,0
11764,43,11,0,0,34,0,19
11765,67,9,0,0,20,0,43
11766,109,24,0,0,19,0,0
11767,81,14,0,0,24,0,0
11768,31,5,0,0,4,0,0
11769,53,13,0,0,10,0,62
11770,67,25,0,0,10,0,0
11771,37,12,0,0,17,0,0
11772,26,8,0,0,7,0,32
11773,52,6,0,0,23,0,1
11774,29,2,0,0,9,0,0
11775,34,10,0,0,10,0,0
11776,66,7,0,0,10,0,20
11777,52,0,0,0,7,0,23
11778,115,26,0,0,43,0,0
11779,38,0,0,0,9,0,0
11780,47,11,0,0,18,0,0
11781,55,0,0,0,16,0,0
11782,46,7,0,0,8,0,1
11783,115,20,0,0,8,0,0
11784,41,28,0,0,17,0,0
11785,59,5,0,0,13,0,0
11786,51,4,0,0,15,0,0
11787,33,2,0,0,11,0,0
11788,65,0,0,0,6,0,0
11789,27,29,0,0,26,0,0
11790,54,7,0,0,6,0,5
11791,47,13,0,0,5,0,0
11792,39,0,0,0,17,0,6
11793,121,28,0,0,24,0,22
11794,105,6,0,0,14,0,47
11795,34,10,0,0,11,0,20
11796,112,18,0,0,14,0,0
11797,49,4,0,0,13,0,0
11798,119,16,0,0,33,0,0
11799,41,11,0,0,26,0,0
11800,41,0,0,0,5,0,13
11801,40,15,0,0,18,0,0
11802,72,6,0,0,13,0,0
11803,50,12,0,0,16,0,0
11804,29,14,0,0,11,0,0
11805,31,11,0,0,8,0,38
11806,107,31,0,0,53,0,0
11807,41,5,0,0,17,0,17
11808,36,15,0,0,8,0,0
11809,39,12,0,0,14,0,0
11810,71,4,0,0,20,0,33
11811,32,6,0,0,10,0,0
11812,31,16,0,0,25,0,0
11813,37,17,0,0,10,0,0
11814,33,11,0,0,27,0,0
11815,127,15,0,0,50,0,0
11816,43,16,0,0,22,0,10
11817,34,3,0,0,5,0,15
11818,25,2,0,0,3,0,1
11819,34,6,0,0,11,0,0
11820,15,0,0,0,10,0,0
11821,36,6,0,0,11,0,4
11822,51,13,0,0,27,0,8
11823,22,6,0,0,11,0,0
11824,74,0,0,0,9,0,0
11825,86,18,0,0,36,0,0
11826,34,4,0,0,10,0,0
11827,24,0,0,0,8,0,9
11828,26,0,0,0,7,0,0
11829,33,3,0,0,6,0,32
11830,70,5,0,0,11,0,11
11831,48,8,0,0,14,0,0
11832,61,0,0,0,23,0,21
11833,47,0,0,0,11,0,0
11834,83,10,0,0,8,0,8
11835,35,6,0,0,22,0,11
11836,74,7,0,0,16,0,1
11837,84,28,0,0,20,0,0
11838,38,2,0,0,6,0,0
11839,44,15,0,0,21,0,0
11840,38,2,0,0,8,0,18
11841,37,6,0,0,9,0,24
11842,50,7,0,0,12,0,0
11843,69,21,0,0,20,0,28
11844,19,6,0,0,7,0,0
11845,136,20,0,0,35,0,0
11846,39,2,0,0,7,0,20
11847,92,19,0,0,13,0,0
11848,40,8,0,0,9,0,17
11849,45,4,0,0,7,0,11
11850,56,7,0,0,28,0,0
11851,72,5,0,0,3,0,0
11852,59,6,0,0,33,0,0
11853,68,16,0,0,35,0,0
11854,46,0,0,0,9,0,0
11855,25,8,0,0,19,0,0
11856,72,0,0,0,34,0,0
11857,41,10,0,0,20,0,41
11858,69,4,0,0,8,0,16
11859,72,7,0,0,34,0,0
11860,38,7,0,0,15,0,0
11861,36,3,0,0,11,0,0
11862,45,5,0,0,15,0,0
11863,80,7,0,0,38,0,0
11864,28,5,0,0,13,0,48
11865,47,1,0,0,0,0,0
11866,45,0,0,0,5,0,0
11867,44,7,0,0,22,0,0
11868,59,15,0,0,18,0,31
11869,69,0,0,0,18,0,0
11870,109,19,0,0,39,0,0
11871,77,16,0,0,32,0,0
11872,67,17,0,0,32,0,0
11873,43,0,0,0,20,0,4
11874,101,5,0,0,37,0,11
11875,32,1,0,0,8,0,0
11876,19,6,0,0,6,0,0
11877,59,3,0,0,11,0,6
11878,21,4,0,0,12,0,0
11879,33,6,0,0,17,0,30
11880,45,0,0,0,17,0,12
11881,64,8,0,0,21,0,0
11882,64,3,0,0,19,0,0
11883,106,0,0,0,32,0,29
11884,96,16,0,0,22,0,44
11885,81,17,0,0,14,0,0
11886,9,2,0,0,22,0,0
11887,50,7,0,0,17,0,0
11888,29,3,0,0,20,0,0
11889,137,16,0,0,49,0,20
11890,33,13,0,0,15,0,0
11891,50,7,0,0,16,0,0
11892,22,3,0,0,0,0,16
11893,43,7,0,0,17,0,0
11894,49,9,0,0,12,0,0
11895,45,0,0,0,19,0,10
11896,42,7,0,0,6,0,0
11897,27,9,0,0,14,0,0
11898,34,5,0,0,9,0,0
11899,48,13,0,0,27,0,11
11900,57,7,0,0,3,0,0
11901,24,0,0,0,35,0,39
11902,205,26,0,0,27,0,0
11903,47,0,0,0,12,0,0
11904,83,0,0,0,34,0,0
11905,33,8,0,0,15,0,0
11906,79,4,0,0,8,0,0
11907,56,10,0,0,18,0,0
11908,101,5,0,0,19,0,0
11909,50,1,0,0,19,0,0
11910,58,3,0,0,9,0,0
11911,33,9,0,0,14,0,0
11912,101,24,0,0,65,0,48
11913,106,29,0,0,41,0,22
11914,33,3,0,0,7,0,0
11915,60,0,0,0,6,0,0
11916,87,7,0,0,19,0,14
11917,58,8,0,0,11,0,0
11918,80,14,0,0,23,0,72
11919,22,0,0,0,15,0,1
11920,29,1,0,0,16,0,0
11921,47,5,0,0,22,0,0
11922,93,11,0,0,23,0,46
11923,59,4,0,0,22,0,27
11924,44,6,0,0,19,0,0
11925,59,8,0,0,29,0,61
11926,19,2,0,0,7,0,21
11927,48,11,0,0,9,0,0
11928,29,6,0,0,6,0,9
11929,78,17,0,0,64,0,0
11930,46,8,0,0,4,0,0
11931,51,7,0,0,17,0,0
11932,35,4,0,0,11,0,0
11933,34,4,0,0,16,0,0
11934,58,0,0,0,19,0,2
11935,58,2,0,0,11,0,0
11936,84,18,0,0,14,0,9
11937,52,2,0,0,0,0,0
11938,37,10,0,0,17,0,6
11939,64,0,0,0,22,0,0
11940,35,8,0,0,32,0,0
11941,30,4,0,0,22,0,8
11942,55,10,0,0,23,0,0
11943,35,6,0,0,18,0,0
11944,42,7,0,0,29,0,35
11945,5,0,0,0,20,0,52
11946,48,6,0,0,23,0,15
11947,31,13,0,0,11,0,53
11948,24,0,0,0,10,0,0
11949,22,9,0,0,10,0,0
11950,78,16,0,0,19,0,0
11951,110,0,0,0,45,0,0
11952,57,7,0,0,15,0,17
11953,16,0,0,0,13,0,10
11954,54,7,0,0,0,0,10
11955,72,10,0,0,26,0,9
11956,0,10,0,0,27,0,0
11957,21,0,0,0,15,0,0
11958,55,0,0,0,33,0,0
11959,91,23,0,0,18,0,0
11960,54,4,0,0,3,0,30
11961,46,14,0,0,45,0,0
11962,48,16,0,0,28,0,0
11963,39,8,0,0,16,0,0
11964,162,35,0,0,44,0,202
11965,23,6,0,0,11,0,3
11966,104,10,0,0,31,0,0
11967,60,0,0,0,13,0,0
11968,38,8,0,0,7,0,54
11969,227,34,0,0,79,0,0
11970,31,7,0,0,6,0,9
11971,67,12,0,0,40,0,36
11972,63,0,0,0,18,0,0
11973,64,6,0,0,17,0,16
11974,45,14,0,0,7,0,0
11975,154,16,0,0,66,0,0
11976,80,14,0,0,30,0,0
11977,188,14,0,0,47,0,6
11978,46,0,0,0,19,0,0
11979,53,0,0,0,12,0,57
11980,42,16,0,0,8,0,0
11981,73,12,0,0,26,0,7
11982,21,3,0,0,0,0,1
11983,112,0,0,0,16,0,0
11984,112,23,0,0,10,0,0
11985,22,0,0,0,6,0,0
11986,44,12,0,0,11,0,34
11987,36,4,0,0,33,0,0
11988,83,5,0,0,15,0,0
11989,63,0,0,0,18,0,11
11990,24,11,0,0,30,0,0
11991,71,16,0,0,31,0,0
11992,61,0,0,0,18,0,0
11993,52,8,0,0,32,0,0
11994,12,9,0,0,17,0,0
11995,49,9,0,0,13,0,63
11996,21,2,0,0,17,0,19
11997,49,4,0,0,8,0,0
11998,49,7,0,0,14,0,13
11999,55,4,0,0,19,0,30
12000,48,4,0,0,18,0,0
12001,47,0,0,0,6,0,0
12002,14,0,0,0,14,0,0
12003,59,7,0,0,15,0,0
12004,84,14,0,0,26,0,0
12005,45,0,0,0,11,0,33
12006,42,12,0,0,7,0,29
12007,70,6,0,0,15,0,15
12008,41,0,0,0,17,0,0
12009,51,8,0,0,23,0,0
12010,49,0,0,0,14,0,44
12011,45,0,0,0,16,0,16
12012,51,7,0,0,2,0,13
12013,45,4,0,0,16,0,16
12014,37,12,0,0,18,0,0
12015,64,0,0,0,10,0,0
12016,58,5,0,0,28,0,0
12017,32,19,0,0,21,0,0
12018,70,0,0,0,13,0,0
12019,107,4,0,0,17,0,0
12020,55,5,0,0,7,0,38
12021,67,2,0,0,45,0,0
12022,32,3,0,0,15,0,12
12023,70,0,0,0,22,0,46
12024,71,6,0,0,0,0,0
12025,43,4,0,0,16,0,0
12026,41,0,0,0,7,0,16
12027,57,3,0,0,12,0,0
12028,54,8,0,0,11,0,10
12029,68,13,0,0,7,0,20
12030,53,0,0,0,25,0,0
12031,53,7,0,0,46,0,0
12032,91,7,0,0,41,0,28
12033,37,17,0,0,4,0,33
12034,69,16,0,0,5,0,0
12035,35,8,0,0,8,0,0
12036,99,31,0,0,37,0,0
12037,41,3,0,0,29,0,21
12038,55,0,0,0,22,0,0
12039,23,0,0,0,15,0,0
12040,62,21,0,0,41,0,46
12041,97,18,0,0,24,0,0
12042,117,11,0,0,18,0,31
12043,82,0,0,0,26,0,0
12044,14,0,0,0,16,0,19
12045,59,21,0,0,29,0,0
12046,31,10,0,0,30,0,29
12047,75,4,0,0,30,0,63
12048,56,8,0,0,22,0,19
12049,35,0,0,0,28,0,6
12050,72,11,0,0,32,0,13
12051,63,8,0,0,23,0,13
12052,104,7,0,0,24,0,0
12053,94,5,0,0,30,0,0
12054,66,10,0,0,21,0,0
12055,38,7,0,0,8,0,1
12056,43,0,0,0,16,0,0
12057,26,6,0,0,14,0,7
12058,24,0,0,0,10,0,0
12059,45,1,0,0,14,0,36
12060,76,0,0,0,11,0,14
12061,55,11,0,0,9,0,0
12062,59,6,0,0,15,0,0
12063,86,11,0,0,11,0,14
12064,29,0,0,0,7,0,0
12065,30,0,0,0,7,0,0
12066,98,13,0,0,38,0,0
12067,43,3,0,0,11,0,6
12068,31,0,0,0,11,0,18
12069,42,8,0,0,18,0,17
12070,57,16,0,0,14,0,0
12071,80,0,0,0,7,0,0
12072,40,4,0,0,14,0,0
12073,28,1,0,0,13,0,0
12074,37,2,0,0,19,0,10
12075,46,10,0,0,23,0,25
12076,52,24,0,0,19,0,74
12077,30,3,0,0,11,0,9
12078,85,4,0,0,11,0,6
12079,19,2,0,0,10,0,50
12080,43,3,0,0,11,0,16
12081,51,9,0,0,9,0,0
12082,42,0,0,0,15,0,14
12083,76,21,0,0,36,0,0
12084,98,12,0,0,15,0,33
12085,58,6,0,0,10,0,62
12086,33,2,0,0,2,0,0
12087,70,13,0,0,37,0,0
12088,43,1,0,0,11,0,25
12089,72,12,0,0,35,0,0
12090,73,10,0,0,47,0,26
12091,33,0,0,0,3,0,0
12092,53,9,0,0,8,0,0
12093,79,17,0,0,35,0,0
12094,64,6,0,0,31,0,0
12095,105,4,0,0,23,0,0
12096,56,0,0,0,8,0,19
12097,35,15,0,0,8,0,29
12098,57,12,0,0,21,0,0
12099,96,10,0,0,12,0,0
12100,104,14,0,0,21,0,0
12101,114,31,0,0,21,0,0
12102,111,16,0,0,41,0,0
12103,20,6,0,0,10,0,0
12104,30,3,0,0,9,0,0
12105,34,0,0,0,4,0,1
12106,64,4,0,0,21,0,0
12107,39,15,0,0,2,0,24
12108,32,6,0,0,15,0,8
12109,214,7,0,0,62,0,34
12110,41,5,0,0,16,0,0
12111,45,1,0,0,9,0,3
12112,152,39,0,0,32,0,0
12113,78,0,0,0,36,0,0
12114,68,3,0,0,17,0,0
12115,90,14,0,0,25,0,29
12116,143,17,0,0,46,0,0
12117,52,11,0,0,18,0,0
12118,82,13,0,0,27,0,0
12119,48,25,0,0,31,0,0
12120,59,10,0,0,15,0,0
12121,40,7,0,0,13,0,0
12122,50,4,0,0,15,0,0
12123,54,7,0,0,17,0,0
12124,79,7,0,0,26,0,0
12125,57,4,0,0,23,0,11
12126,41,4,0,0,9,0,0
12127,43,7,0,0,13,0,0
12128,59,6,0,0,14,0,0
12129,11,6,0,0,35,0,0
12130,54,0,0,0,24,0,0
12131,34,3,0,0,25,0,6
12132,31,6,0,0,8,0,10
12133,45,0,0,0,33,0,0
12134,82,0,0,0,22,0,27
12135,25,3,0,0,21,0,0
12136,90,8,0,0,41,0,73
12137,20,1,0,0,23,0,0
12138,35,0,0,0,5,0,0
12139,41,12,0,0,13,0,0
12140,80,12,0,0,38,0,0
12141,55,0,0,0,10,0,15
12142,62,20,0,0,19,0,50
12143,54,4,0,0,0,0,0
12144,52,14,0,0,23,0,0
12145,42,7,0,0,6,0,0
12146,13,0,0,0,8,0,0
12147,108,18,0,0,56,0,14
12148,69,7,0,0,13,0,0
12149,102,45,0,0,47,0,0
12150,32,0,0,0,12,0,0
12151,102,17,0,0,31,0,15
12152,57,7,0,0,16,0,0
12153,48,5,0,0,8,0,5
12154,64,0,0,0,9,0,0
12155,0,5,0,0,10,0,28
12156,53,8,0,0,4,0,0
12157,84,6,0,0,14,0,0
12158,54,7,0,0,26,0,13
12159,40,1,0,0,9,0,0
12160,36,6,0,0,2,0,2
12161,43,8,0,0,4,0,0
12162,63,13,0,0,25,0,23
12163,42,4,0,0,17,0,0
12164,34,5,0,0,8,0,0
12165,27,0,0,0,13,0,0
12166,74,0,0,0,22,0,0
12167,29,0,0,0,10,0,0
12168,104,3,0,0,42,0,0
12169,39,6,0,0,11,0,0
12170,42,11,0,0,17,0,28
12171,40,9,0,0,14,0,12
12172,82,16,0,0,11,0,52
12173,91,24,0,0,28,0,0
12174,78,15,0,0,9,0,1
12175,34,6,0,0,5,0,21
12176,29,7,0,0,23,0,0
12177,29,8,0,0,24,0,24
12178,35,7,0,0,16,0,0
12179,17,0,0,0,20,0,0
12180,52,0,0,0,11,0,4
12181,34,0,0,0,7,0,12
12182,51,5,0,0,19,0,0
12183,32,4,0,0,6,0,0
12184,33,3,0,0,6,0,4
12185,28,9,0,0,18,0,0
12186,22,6,0,0,9,0,0
12187,56,0,0,0,14,0,16
12188,43,4,0,0,12,0,0
12189,85,5,0,0,7,0,102
12190,21,0,0,0,21,0,29
12191,94,8,0,0,50,0,0
12192,69,7,0,0,21,0,0
12193,8,23,0,0,29,0,0
12194,42,10,0,0,26,0,0
12195,41,8,0,0,3,0,0
12196,75,6,0,0,18,0,0
12197,67,2,0,0,23,0,0
12198,35,0,0,0,16,0,0
12199,60,8,0,0,23,0,0
12200,42,12,0,0,28,0,0
12201,71,18,0,0,30,0,32
12202,46,6,0,0,11,0,0
12203,60,16,0,0,12,0,35
12204,66,3,0,0,15,0,0
12205,34,5,0,0,2,0,0
12206,58,0,0,0,28,0,31
12207,57,4,0,0,14,0,0
12208,1,4,0,0,16,0,25
12209,68,8,0,0,14,0,25
12210,52,0,0,0,8,0,0
12211,35,7,0,0,5,0,0
12212,48,9,0,0,10,0,14
12213,46,13,0,0,20,0,12
12214,55,0,0,0,10,0,3
12215,42,3,0,0,12,0,12
12216,55,6,0,0,25,0,0
12217,29,7,0,0,16,0,0
12218,59,15,0,0,12,0,6
12219,22,3,0,0,13,0,0
12220,58,12,0,0,25,0,0
12221,46,6,0,0,21,0,0
12222,46,34,0,0,15,0,0
12223,70,7,0,0,0,0,0
12224,21,8,0,0,15,0,26
12225,49,0,0,0,22,0,0
12226,33,7,0,0,13,0,0
12227,53,0,0,0,13,0,0
12228,84,5,0,0,32,0,0
12229,29,3,0,0,15,0,2
12230,69,0,0,0,12,0,0
12231,13,0,0,0,11,0,0
12232,52,0,0,0,18,0,0
12233,12,0,0,0,13,0,0
12234,123,7,0,0,25,0,20
12235,38,7,0,0,19,0,57
12236,51,13,0,0,0,0,0
12237,31,9,0,0,12,0,0
12238,47,0,0,0,31,0,0
12239,42,0,0,0,14,0,0
12240,55,10,0,0,26,0,0
12241,49,9,0,0,15,0,0
12242,57,0,0,0,16,0,0
12243,113,29,0,0,15,0,0
12244,32,4,0,0,16,0,0
12245,45,7,0,0,30,0,0
12246,43,0,0,0,21,0,0
12247,60,0,0,0,10,0,0
12248,54,0,0,0,9,0,0
12249,55,10,0,0,32,0,0
12250,56,10,0,0,18,0,0
12251,46,4,0,0,7,0,4
12252,78,0,0,0,22,0,0
12253,20,8,0,0,17,0,0
12254,51,0,0,0,14,0,69
12255,42,0,0,0,21,0,0
12256,37,3,0,0,19,0,0
12257,76,0,0,0,25,0,23
12258,181,37,0,0,46,0,0
12259,80,13,0,0,23,0,42
12260,62,6,0,0,29,0,0
12261,39,12,0,0,13,0,5
12262,49,8,0,0,16,0,9
12263,52,14,0,0,0,0,20
12264,118,0,0,0,0,0,0
12265,41,4,0,0,3,0,26
12266,43,0,0,0,19,0,0
12267,40,3,0,0,11,0,0
12268,33,3,0,0,10,0,0
12269,68,13,0,0,41,0,25
12270,23,0,0,0,12,0,0
12271,25,1,0,0,21,0,0
12272,68,8,0,0,26,0,0
12273,44,3,0,0,8,0,16
12274,32,2,0,0,3,0,0
12275,105,0,0,0,18,0,0
12276,59,15,0,0,17,0,0
12277,127,22,0,0,26,0,0
12278,13,0,0,0,15,0,0
12279,52,0,0,0,14,0,15
12280,34,0,0,0,14,0,0
12281,94,3,0,0,31,0,12
12282,22,11,0,0,9,0,0
12283,60,12,0,0,13,0,0
12284,25,0,0,0,16,0,57
12285,52,0,0,0,10,0,0
12286,36,4,0,0,9,0,0
12287,29,7,0,0,15,0,0
12288,103,8,0,0,26,0,0
12289,38,13,0,0,12,0,0
12290,26,5,0,0,13,0,11
12291,59,0,0,0,15,0,0
12292,150,33,0,0,43,0,0
12293,91,22,0,0,40,0,0
12294,26,6,0,0,10,0,0
12295,47,1,0,0,6,0,0
12296,86,9,0,0,24,0,0
12297,51,8,0,0,27,0,17
12298,38,11,0,0,23,0,0
12299,48,7,0,0,22,0,12
12300,63,11,0,0,25,0,0
12301,72,12,0,0,33,0,0
12302,57,2,0,0,41,0,32
12303,58,2,0,0,23,0,9
12304,62,9,0,0,22,0,0
12305,89,0,0,0,21,0,0
12306,52,20,0,0,9,0,0
12307,24,4,0,0,8,0,13
12308,27,0,0,0,18,0,0
12309,37,0,0,0,28,0,10
12310,82,17,0,0,41,0,0
12311,39,3,0,0,10,0,15
12312,49,11,0,0,22,0,0
12313,28,0,0,0,6,0,0
12314,195,45,0,0,67,0,0
12315,40,2,0,0,12,0,0
12316,27,1,0,0,4,0,0
12317,20,0,0,0,33,0,0
12318,30,0,0,0,17,0,0
12319,41,3,0,0,2,0,3
12320,96,0,0,0,26,0,17
12321,107,22,0,0,50,0,0
12322,41,1,0,0,23,0,0
12323,32,0,0,0,0,0,0
12324,37,6,0,0,22,0,0
12325,92,10,0,0,19,0,3
12326,47,17,0,0,17,0,37
12327,91,18,0,0,40,0,0
12328,42,5,0,0,20,0,0
12329,53,11,0,0,19,0,0
12330,83,10,0,0,17,0,0
12331,21,15,0,0,25,0,18
12332,30,9,0,0,12,0,4
12333,78,16,0,0,32,0,0
12334,45,0,0,0,23,0,17
12335,108,25,0,0,38,0,0
12336,19,0,0,0,26,0,31
12337,52,10,0,0,20,0,0
12338,54,20,0,0,3,0,25
12339,112,15,0,0,26,0,0
12340,45,1,0,0,27,0,0
12341,43,3,0,0,6,0,0
12342,17,0,0,0,7,0,0
12343,43,9,0,0,10,0,4
12344,77,0,0,0,43,0,0
12345,21,7,0,0,6,0,6
12346,111,29,0,0,44,0,2
12347,117,23,0,0,24,0,0
12348,29,4,0,0,5,0,0
12349,110,18,0,0,52,0,0
12350,63,8,0,0,36,0,0
12351,92,17,0,0,21,0,0
12352,24,6,0,0,12,0,0
12353,32,13,0,0,24,0,0
12354,85,14,0,0,56,0,0
12355,79,4,0,0,22,0,5
12356,81,19,0,0,29,0,0
12357,17,6,0,0,43,0,0
12358,12,2,0,0,22,0,0
12359,56,6,0,0,27,0,27
12360,49,3,0,0,29,0,0
12361,84,13,0,0,82,0,14
12362,47,6,0,0,13,0,0
12363,104,16,0,0,51,0,0
12364,32,8,0,0,16,0,0
12365,69,0,0,0,40,0,0
12366,54,0,0,0,41,0,0
12367,68,19,0,0,28,0,0
12368,49,5,0,0,29,0,0
12369,53,21,0,0,16,0,0
12370,83,10,0,0,29,0,0
12371,45,3,0,0,11,0,41
12372,46,0,0,0,18,0,0
12373,63,3,0,0,2,0,22
12374,67,2,0,0,27,0,0
12375,58,5,0,0,22,0,0
12376,92,42,0,0,43,0,0
12377,52,0,0,0,14,0,8
12378,76,27,0,0,23,0,11
12379,56,4,0,0,15,0,0
12380,70,0,0,0,18,0,13
12381,55,13,0,0,19,0,23
12382,56,13,0,0,27,0,0
12383,37,0,0,0,21,0,0
12384,110,0,0,0,23,0,0
12385,97,24,0,0,61,0,0
12386,67,0,0,0,18,0,0
12387,28,5,0,0,11,0,6
12388,55,23,0,0,20,0,0
12389,88,22,0,0,31,0,40
12390,41,8,0,0,0,0,0
12391,52,4,0,0,18,0,0
12392,76,4,0,0,30,0,54
12393,37,5,0,0,5,0,14
12394,68,10,0,0,34,0,47
12395,70,8,0,0,5,0,24
12396,76,13,0,0,23,0,0
12397,49,7,0,0,25,0,0
12398,107,23,0,0,21,0,0
12399,48,9,0,0,15,0,0
12400,56,5,0,0,31,0,0
12401,51,15,0,0,16,0,6
12402,27,4,0,0,25,0,0
12403,33,3,0,0,25,0,8
12404,70,6,0,0,23,0,0
12405,34,0,0,0,7,0,0
12406,28,6,0,0,0,0,6
12407,26,7,0,0,10,0,0
12408,42,3,0,0,17,0,15
12409,44,0,0,0,11,0,0
12410,39,4,0,0,28,0,0
12411,53,8,0,0,11,0,0
12412,45,6,0,0,17,0,0
12413,114,9,0,0,49,0,0
12414,76,0,0,0,25,0,0
12415,64,12,0,0,26,0,0
12416,35,0,0,0,14,0,0
12417,41,18,0,0,11,0,0
12418,67,10,0,0,18,0,0
12419,71,11,0,0,19,0,20
12420,59,0,0,0,40,0,0
12421,67,20,0,0,22,0,10
12422,103,13,0,0,29,0,35
12423,79,19,0,0,32,0,40
12424,37,6,0,0,10,0,0
12425,29,2,0,0,6,0,4
12426,57,11,0,0,22,0,0
12427,30,7,0,0,10,0,0
12428,65,8,0,0,18,0,33
12429,39,11,0,0,13,0,0
12430,97,11,0,0,21,0,0
12431,31,2,0,0,16,0,0
12432,36,0,0,0,14,0,0
12433,81,4,0,0,41,0,0
12434,64,37,0,0,39,0,0
12435,40,0,0,0,9,0,31
12436,39,8,0,0,16,0,0
12437,37,4,0,0,11,0,17
12438,59,8,0,0,31,0,0
12439,39,5,0,0,15,0,0
12440,49,8,0,0,12,0,0
12441,50,0,0,0,17,0,28
12442,21,2,0,0,12,0,0
12443,37,0,0,0,10,0,16
12444,47,8,0,0,20,0,0
12445,35,2,0,0,21,0,0
12446,115,10,0,0,39,0,0
12447,51,6,0,0,12,0,0
12448,35,6,0,0,10,0,0
12449,51,5,0,0,9,0,18
12450,35,10,0,0,19,0,41
12451,44,0,0,0,12,0,0
12452,21,0,0,0,8,0,0
12453,38,5,0,0,10,0,0
12454,46,3,0,0,20,0,0
12455,58,18,0,0,24,0,0
12456,35,3,0,0,7,0,0
12457,52,0,0,0,18,0,0
12458,35,11,0,0,12,0,0
12459,60,8,0,0,14,0,54
12460,19,0,0,0,12,0,13
12461,34,0,0,0,13,0,0
12462,68,9,0,0,0,0,0
12463,57,9,0,0,11,0,0
12464,65,0,0,0,18,0,0
12465,17,0,0,0,7,0,0
12466,75,19,0,0,21,0,0
12467,50,0,0,0,37,0,0
12468,32,4,0,0,6,0,0
12469,64,9,0,0,26,0,0
12470,29,9,0,0,15,0,0
12471,72,12,0,0,16,0,30
12472,22,0,0,0,4,0,0
12473,61,7,0,0,18,0,0
12474,62,32,0,0,58,0,0
12475,41,2,0,0,15,0,9
12476,63,4,0,0,10,0,11
12477,35,5,0,0,11,0,6
12478,35,3,0,0,14,0,0
12479,49,0,0,0,17,0,0
12480,29,9,0,0,30,0,0
12481,115,28,0,0,33,0,0
12482,73,0,0,0,18,0,26
12483,120,25,0,0,59,0,0
12484,56,7,0,0,11,0,0
12485,129,10,0,0,16,0,0
12486,65,5,0,0,14,0,51
12487,22,2,0,0,14,0,0
12488,36,0,0,0,37,0,0
12489,66,4,0,0,28,0,0
12490,50,9,0,0,9,0,0
12491,7,7,0,0,12,0,0
12492,47,0,0,0,7,0,0
12493,69,0,0,0,5,0,8
12494,86,0,0,0,18,0,16
12495,96,11,0,0,45,0,0
12496,52,15,0,0,13,0,0
12497,38,7,0,0,4,0,0
12498,48,0,0,0,4,0,0
12499,48,6,0,0,15,0,14
12500,79,5,0,0,19,0,4
12501,31,15,0,0,9,0,0
12502,174,16,0,0,44,0,79
12503,48,0,0,0,16,0,1
12504,39,5,0,0,17,0,16
12505,40,6,0,0,11,0,38
12506,37,3,0,0,12,0,0
12507,47,9,0,0,17,0,0
12508,54,7,0,0,15,0,0
12509,33,3,0,0,17,0,0
12510,118,8,0,0,32,0,0
12511,29,6,0,0,8,0,25
12512,53,10,0,0,9,0,0
12513,65,15,0,0,22,0,0
12514,43,2,0,0,13,0,0
12515,39,0,0,0,17,0,0
12516,28,8,0,0,12,0,22
12517,76,18,0,0,29,0,0
12518,56,7,0,0,5,0,0
12519,98,0,0,0,27,0,0
12520,60,7,0,0,16,0,0
12521,92,5,0,0,15,0,0
12522,29,0,0,0,12,0,5
12523,59,5,0,0,4,0,0
12524,42,4,0,0,6,0,0
12525,94,13,0,0,30,0,13
12526,25,17,0,0,8,0,0
12527,64,9,0,0,13,0,0
12528,45,17,0,0,11,0,0
12529,99,19,0,0,35,0,35
12530,38,0,0,0,16,0,0
12531,149,15,0,0,22,0,57
12532,42,2,0,0,30,0,23
12533,56,16,0,0,15,0,0
12534,38,11,0,0,27,0,24
12535,47,3,0,0,0,0,1
12536,50,7,0,0,17,0,0
12537,47,0,0,0,8,0,0
12538,159,19,0,0,16,0,0
12539,62,6,0,0,27,0,0
12540,52,9,0,0,15,0,17
12541,43,6,0,0,24,0,0
12542,66,4,0,0,11,0,14
12543,56,11,0,0,16,0,0
12544,117,6,0,0,11,0,0
12545,56,14,0,0,28,0,0
12546,39,0,0,0,10,0,0
12547,70,0,0,0,11,0,0
12548,146,0,0,0,36,0,0
12549,96,14,0,0,14,0,52
12550,26,4,0,0,13,0,0
12551,132,16,0,0,37,0,0
12552,70,0,0,0,17,0,0
12553,40,3,0,0,9,0,0
12554,31,3,0,0,6,0,10
12555,75,8,0,0,26,0,0
12556,58,10,0,0,13,0,0
12557,63,11,0,0,32,0,36
12558,63,8,0,0,20,0,0
12559,38,0,0,0,2,0,17
12560,22,0,0,0,11,0,0
12561,49,8,0,0,8,0,0
12562,58,4,0,0,9,0,0
12563,69,9,0,0,20,0,0
12564,27,4,0,0,14,0,0
12565,30,2,0,0,1,0,0
12566,75,12,0,0,20,0,23
12567,83,3,0,0,16,0,23
12568,58,15,0,0,21,0,0
12569,22,3,0,0,6,0,0
12570,58,5,0,0,24,0,11
12571,30,6,0,0,8,0,20
12572,34,4,0,0,17,0,0
12573,45,4,0,0,25,0,0
12574,49,6,0,0,21,0,1
12575,78,0,0,0,21,0,39
12576,18,0,0,0,16,0,36
12577,97,11,0,0,19,0,23
12578,84,13,0,0,35,0,0
12579,81,2,0,0,12,0,0
12580,84,11,0,0,17,0,0
12581,37,3,0,0,9,0,0
12582,61,19,0,0,0,0,45
12583,95,4,0,0,17,0,20
12584,26,4,0,0,15,0,0
12585,59,18,0,0,31,0,25
12586,128,26,0,0,27,0,76
12587,93,19,0,0,28,0,0
12588,57,9,0,0,16,0,0
12589,58,19,0,0,18,0,0
12590,119,3,0,0,34,0,0
12591,90,10,0,0,15,0,44
12592,42,6,0,0,14,0,0
12593,124,13,0,0,47,0,0
12594,68,10,0,0,22,0,61
12595,30,11,0,0,21,0,0
12596,27,4,0,0,14,0,0
12597,60,21,0,0,24,0,6
12598,41,5,0,0,12,0,0
12599,12,3,0,0,10,0,0
12600,22,5,0,0,12,0,0
12601,30,4,0,0,11,0,1
12602,82,9,0,0,9,0,0
12603,92,8,0,0,40,0,0
12604,24,3,0,0,13,0,0
12605,60,11,0,0,22,0,8
12606,63,9,0,0,18,0,0
12607,82,0,0,0,16,0,4
12608,41,6,0,0,9,0,0
12609,55,7,0,0,3,0,0
12610,49,0,0,0,15,0,0
12611,39,2,0,0,10,0,0
12612,55,2,0,0,12,0,47
12613,33,5,0,0,18,0,0
12614,61,0,0,0,15,0,27
12615,33,2,0,0,14,0,0
12616,40,2,0,0,11,0,0
12617,32,4,0,0,18,0,16
12618,68,8,0,0,29,0,0
12619,48,10,0,0,15,0,0
12620,31,8,0,0,16,0,0
12621,68,10,0,0,34,0,27
12622,185,17,0,0,83,0,34
12623,21,0,0,0,9,0,0
12624,49,3,0,0,22,0,6
12625,59,5,0,0,14,0,0
12626,109,16,0,0,31,0,0
12627,93,19,0,0,29,0,28
12628,19,3,0,0,12,0,0
12629,0,0,0,0,17,0,0
12630,143,19,0,0,34,0,41
12631,20,1,0,0,8,0,0
12632,44,6,0,0,8,0,0
12633,89,18,0,0,13,0,0
12634,68,16,0,0,17,0,0
12635,55,5,0,0,24,0,40
12636,48,2,0,0,12,0,0
12637,61,23,0,0,29,0,0
12638,23,0,0,0,11,0,22
12639,59,3,0,0,25,0,0
12640,33,10,0,0,21,0,5
12641,22,2,0,0,5,0,0
12642,59,5,0,0,13,0,0
12643,75,8,0,0,10,0,21
12644,50,3,0,0,3,0,17
12645,108,5,0,0,17,0,2
12646,32,4,0,0,18,0,0
12647,40,1,0,0,21,0,0
12648,77,0,0,0,18,0,0
12649,73,12,0,0,23,0,0
12650,57,14,0,0,21,0,0
12651,50,4,0,0,20,0,40
12652,80,8,0,0,16,0,31
12653,69,0,0,0,39,0,0
12654,70,0,0,0,11,0,0
12655,49,0,0,0,15,0,0
12656,45,7,0,0,14,0,12
12657,24,0,0,0,9,0,0
12658,78,8,0,0,27,0,0
12659,60,11,0,0,22,0,0
12660,138,19,0,0,29,0,0
12661,4,4,0,0,29,0,0
12662,51,9,0,0,15,0,25
12663,49,0,0,0,22,0,0
12664,68,4,0,0,21,0,0
12665,62,11,0,0,27,0,0
12666,31,2,0,0,17,0,1
12667,101,20,0,0,48,0,0
12668,31,5,0,0,12,0,0
12669,30,0,0,0,21,0,0
12670,0,0,0,0,58,0,0
12671,60,0,0,0,23,0,18
12672,61,9,0,0,28,0,34
12673,80,2,0,0,21,0,33
12674,64,6,0,0,11,0,7
12675,42,8,0,0,12,0,0
12676,24,3,0,0,3,0,0
12677,44,0,0,0,13,0,0
12678,51,36,0,0,28,0,0
12679,167,19,0,0,66,0,16
12680,36,6,0,0,0,0,0
12681,32,7,0,0,12,0,0
12682,32,8,0,0,8,0,0
12683,37,11,0,0,23,0,0
12684,126,20,0,0,31,0,0
12685,50,0,0,0,11,0,0
12686,105,9,0,0,17,0,0
12687,31,0,0,0,8,0,0
12688,18,11,0,0,34,0,0
12689,28,3,0,0,9,0,6
12690,77,6,0,0,17,0,22
12691,108,13,0,0,26,0,14
12692,69,10,0,0,13,0,0
12693,20,8,0,0,7,0,15
12694,40,12,0,0,25,0,0
12695,18,6,0,0,4,0,0
12696,33,6,0,0,10,0,0
12697,50,0,0,0,5,0,36
12698,69,0,0,0,22,0,0
12699,51,15,0,0,21,0,22
12700,49,9,0,0,6,0,0
12701,34,6,0,0,0,0,17
12702,34,3,0,0,13,0,5
12703,41,5,0,0,20,0,0
12704,42,1,0,0,27,0,0
12705,92,15,0,0,53,0,0
12706,12,3,0,0,11,0,0
12707,32,0,0,0,4,0,0
12708,80,3,0,0,20,0,0
12709,38,3,0,0,16,0,0
12710,132,12,0,0,34,0,0
12711,42,6,0,0,17,0,0
12712,58,0,0,0,22,0,16
12713,57,10,0,0,21,0,0
12714,49,0,0,0,10,0,0
12715,54,5,0,0,19,0,18
12716,52,0,0,0,23,0,0
12717,46,7,0,0,17,0,27
12718,47,0,0,0,13,0,0
12719,70,5,0,0,23,0,4
12720,47,2,0,0,13,0,0
12721,16,7,0,0,20,0,0
12722,48,3,0,0,15,0,0
12723,85,4,0,0,21,0,0
12724,49,0,0,0,27,0,0
12725,42,16,0,0,18,0,0
12726,43,0,0,0,14,0,0
12727,60,4,0,0,15,0,30
12728,82,0,0,0,38,0,18
12729,148,46,0,0,43,0,48
12730,80,23,0,0,41,0,0
12731,32,2,0,0,21,0,0
12732,29,5,0,0,7,0,0
12733,101,16,0,0,36,0,0
12734,35,11,0,0,20,0,35
12735,30,0,0,0,6,0,0
12736,77,5,0,0,23,0,12
12737,42,8,0,0,11,0,0
12738,24,3,0,0,14,0,24
12739,60,21,0,0,34,0,1
12740,43,4,0,0,22,0,0
12741,77,0,0,0,23,0,35
12742,93,27,0,0,27,0,0
12743,60,8,0,0,25,0,0
12744,52,0,0,0,21,0,0
12745,104,12,0,0,31,0,28
12746,0,12,0,0,29,0,17
12747,72,5,0,0,18,0,0
12748,28,0,0,0,20,0,0
12749,29,0,0,0,13,0,0
12750,77,0,0,0,18,0,0
12751,51,6,0,0,23,0,0
12752,77,6,0,0,7,0,0
12753,56,12,0,0,9,0,0
12754,29,0,0,0,24,0,0
12755,86,10,0,0,17,0,0
12756,41,11,0,0,25,0,0
12757,105,9,0,0,37,0,56
12758,42,9,0,0,13,0,0
12759,61,0,0,0,10,0,20
12760,39,5,0,0,11,0,0
12761,49,6,0,0,23,0,0
12762,32,3,0,0,16,0,0
12763,32,2,0,0,13,0,0
12764,60,18,0,0,7,0,0
12765,77,10,0,0,32,0,10
12766,49,0,0,0,13,0,0
12767,39,0,0,0,11,0,0
12768,46,7,0,0,13,0,0
12769,89,29,0,0,46,0,0
12770,42,0,0,0,2,0,0
12771,212,20,0,0,74,0,0
12772,62,16,0,0,21,0,0
12773,30,6,0,0,16,0,12
12774,40,19,0,0,8,0,0
12775,94,13,0,0,23,0,59
12776,52,1,0,0,9,0,9
12777,51,10,0,0,21,0,0
12778,31,11,0,0,7,0,0
12779,77,0,0,0,26,0,38
12780,55,2,0,0,12,0,6
12781,94,18,0,0,37,0,0
12782,81,17,0,0,28,0,0
12783,29,0,0,0,9,0,0
12784,71,8,0,0,35,0,5
12785,67,7,0,0,20,0,0
12786,58,12,0,0,25,0,11
12787,72,0,0,0,17,0,0
12788,39,11,0,0,20,0,0
12789,15,10,0,0,24,0,0
12790,63,11,0,0,32,0,12
12791,36,5,0,0,6,0,0
12792,89,16,0,0,23,0,0
12793,75,0,0,0,21,0,9
12794,34,0,0,0,15,0,0
12795,157,17,0,0,50,0,0
12796,70,18,0,0,37,0,0
12797,32,0,0,0,7,0,56
12798,39,0,0,0,13,0,0
12799,65,7,0,0,13,0,23
12800,77,10,0,0,14,0,15
12801,36,0,0,0,12,0,0
12802,95,14,0,0,37,0,47
12803,68,15,0,0,19,0,0
12804,88,16,0,0,13,0,17
12805,28,11,0,0,9,0,0
12806,151,12,0,0,7,0,60
12807,51,6,0,0,20,0,9
12808,16,0,0,0,7,0,12
12809,59,5,0,0,13,0,17
12810,75,9,0,0,21,0,0
12811,50,0,0,0,16,0,35
12812,37,4,0,0,12,0,0
12813,81,12,0,0,10,0,0
12814,47,0,0,0,4,0,16
12815,96,28,0,0,38,0,0
12816,55,0,0,0,18,0,0
12817,28,11,0,0,15,0,0
12818,17,2,0,0,8,0,0
12819,40,0,0,0,2,0,0
12820,117,16,0,0,30,0,26
12821,51,0,0,0,14,0,0
12822,94,8,0,0,37,0,0
12823,27,0,0,0,2,0,0
12824,55,2,0,0,15,0,0
12825,36,4,0,0,17,0,37
12826,81,15,0,0,27,0,0
12827,88,7,0,0,24,0,0
12828,50,7,0,0,8,0,0
12829,119,3,0,0,27,0,0
12830,44,0,0,0,18,0,20
12831,52,8,0,0,30,0,0
12832,57,12,0,0,15,0,0
12833,45,0,0,0,29,0,0
12834,83,21,0,0,12,0,0
12835,56,4,0,0,14,0,0
12836,54,8,0,0,13,0,0
12837,36,19,0,0,11,0,0
12838,57,0,0,0,12,0,13
12839,30,4,0,0,11,0,4
12840,80,7,0,0,9,0,16
12841,49,14,0,0,18,0,0
12842,41,5,0,0,6,0,29
12843,58,9,0,0,27,0,0
12844,73,3,0,0,16,0,0
12845,32,5,0,0,11,0,0
12846,35,5,0,0,4,0,0
12847,51,6,0,0,2,0,0
12848,57,9,0,0,15,0,51
12849,46,16,0,0,24,0,0
12850,10,7,0,0,4,0,12
12851,70,4,0,0,12,0,10
12852,46,16,0,0,15,0,0
12853,74,10,0,0,49,0,0
12854,0,0,0,0,16,0,3
12855,41,0,0,0,18,0,0
12856,31,6,0,0,16,0,0
12857,33,3,0,0,9,0,0
12858,74,8,0,0,14,0,0
12859,62,2,0,0,25,0,0
12860,47,5,0,0,13,0,0
12861,61,11,0,0,15,0,0
12862,24,8,0,0,5,0,0
12863,65,8,0,0,10,0,0
12864,98,16,0,0,41,0,28
12865,87,4,0,0,6,0,0
12866,66,7,0,0,25,0,0
12867,35,0,0,0,12,0,0
12868,121,28,0,0,35,0,0
12869,57,0,0,0,13,0,0
12870,43,7,0,0,14,0,12
12871,127,2,0,0,21,0,10
12872,32,0,0,0,6,0,0
12873,22,12,0,0,12,0,16
12874,43,6,0,0,17,0,2
12875,43,7,0,0,14,0,43
12876,72,9,0,0,42,0,0
12877,31,4,0,0,16,0,0
12878,60,8,0,0,10,0,19
12879,33,13,0,0,16,0,13
12880,55,0,0,0,17,0,27
12881,78,7,0,0,18,0,1
12882,105,0,0,0,26,0,52
12883,25,3,0,0,9,0,0
12884,32,9,0,0,14,0,0
12885,28,0,0,0,20,0,0
12886,33,11,0,0,18,0,0
12887,106,15,0,0,22,0,0
12888,31,0,0,0,13,0,47
12889,98,15,0,0,26,0,0
12890,109,14,0,0,38,0,25
12891,29,2,0,0,8,0,2
12892,27,6,0,0,15,0,0
12893,33,7,0,0,12,0,7
12894,33,3,0,0,9,0,0
12895,24,0,0,0,7,0,16
12896,55,8,0,0,13,0,0
12897,29,7,0,0,8,0,18
12898,128,18,0,0,22,0,29
12899,42,5,0,0,22,0,0
12900,56,10,0,0,6,0,0
12901,65,9,0,0,10,0,0
12902,96,9,0,0,29,0,0
12903,99,14,0,0,31,0,49
12904,73,22,0,0,19,0,39
12905,86,2,0,0,11,0,0
12906,87,5,0,0,22,0,0
12907,36,0,0,0,8,0,0
12908,28,5,0,0,16,0,37
12909,68,12,0,0,22,0,23
12910,47,4,0,0,20,0,0
12911,66,11,0,0,28,0,41
12912,39,24,0,0,14,0,26
12913,23,4,0,0,18,0,0
12914,157,16,0,0,44,0,69
12915,55,4,0,0,3,0,0
12916,156,38,0,0,41,0,0
12917,70,13,0,0,24,0,0
12918,42,0,0,0,9,0,13
12919,79,15,0,0,27,0,0
12920,122,17,0,0,19,0,0
12921,22,2,0,0,8,0,0
12922,21,7,0,0,9,0,5
12923,46,6,0,0,30,0,0
12924,36,9,0,0,14,0,0
12925,38,8,0,0,21,0,33
12926,41,0,0,0,24,0,0
12927,36,5,0,0,14,0,0
12928,28,5,0,0,4,0,0
12929,30,10,0,0,20,0,0
12930,33,0,0,0,16,0,6
12931,44,14,0,0,0,0,17
12932,17,7,0,0,2,0,0
12933,138,5,0,0,27,0,0
12934,87,3,0,0,56,0,0
12935,79,5,0,0,31,0,53
12936,31,8,0,0,16,0,0
12937,158,36,0,0,77,0,0
12938,87,4,0,0,26,0,0
12939,48,14,0,0,35,0,11
12940,71,4,0,0,22,0,13
12941,73,30,0,0,21,0,0
12942,77,12,0,0,33,0,0
12943,67,5,0,0,20,0,67
12944,39,6,0,0,22,0,1
12945,50,7,0,0,7,0,71
12946,51,19,0,0,31,0,0
12947,48,3,0,0,12,0,0
12948,60,0,0,0,7,0,0
12949,43,8,0,0,17,0,15
12950,56,6,0,0,10,0,66
12951,41,9,0,0,14,0,0
12952,26,0,0,0,14,0,0
12953,57,10,0,0,24,0,0
12954,34,0,0,0,10,0,0
12955,37,7,0,0,10,0,0
12956,44,9,0,0,18,0,6
12957,67,6,0,0,20,0,0
12958,69,0,0,0,30,0,0
12959,47,8,0,0,7,0,0
12960,53,9,0,0,7,0,10
12961,100,0,0,0,18,0,0
12962,25,5,0,0,9,0,0
12963,57,22,0,0,27,0,0
12964,39,6,0,0,14,0,16
12965,66,0,0,0,16,0,0
12966,58,9,0,0,5,0,1
12967,25,5,0,0,16,0,0
12968,71,14,0,0,20,0,0
12969,30,6,0,0,19,0,21
12970,70,19,0,0,38,0,11
12971,66,0,0,0,31,0,0
12972,75,9,0,0,34,0,18
12973,104,18,0,0,23,0,0
12974,73,6,0,0,29,0,17
12975,45,0,0,0,20,0,0
12976,39,0,0,0,8,0,8
12977,65,4,0,0,32,0,0
12978,68,2,0,0,7,0,0
12979,17,16,0,0,14,0,0
12980,53,11,0,0,30,0,0
12981,75,18,0,0,32,0,0
12982,38,5,0,0,10,0,0
12983,29,8,0,0,13,0,0
12984,49,0,0,0,21,0,0
12985,55,4,0,0,4,0,0
12986,106,0,0,0,47,0,0
12987,78,18,0,0,22,0,54
12988,44,9,0,0,10,0,0
12989,66,0,0,0,9,0,0
12990,50,0,0,0,15,0,0
12991,57,0,0,0,13,0,0
12992,0,0,0,0,18,0,0
12993,109,29,0,0,46,0,0
12994,34,4,0,0,4,0,32
12995,49,26,0,0,15,0,0
12996,42,13,0,0,0,0,9
12997,88,9,0,0,24,0,0
12998,138,17,0,0,36,0,25
12999,46,2,0,0,14,0,0
13000,87,6,0,0,36,0,16
13001,52,4,0,0,20,0,12
13002,39,0,0,0,15,0,0
13003,119,6,0,0,31,0,45
13004,28,4,0,0,20,0,0
13005,28,0,0,0,14,0,1
13006,84,11,0,0,35,0,0
13007,34,2,0,0,11,0,0
13008,135,14,0,0,41,0,31
13009,87,7,0,0,32,0,6
13010,18,0,0,0,9,0,0
13011,21,4,0,0,6,0,0
13012,37,17,0,0,7,0,0
13013,49,6,0,0,16,0,0
13014,217,39,0,0,90,0,0
13015,53,0,0,0,5,0,0
13016,70,4,0,0,19,0,0
13017,37,0,0,0,10,0,0
13018,76,13,0,0,30,0,0
13019,60,11,0,0,16,0,0
13020,84,20,0,0,44,0,0
13021,84,25,0,0,32,0,0
13022,56,10,0,0,23,0,15
13023,57,0,0,0,11,0,0
13024,48,10,0,0,7,0,5
13025,60,10,0,0,3,0,29
13026,32,11,0,0,16,0,1
13027,28,0,0,0,19,0,25
13028,177,29,0,0,28,0,87
13029,50,0,0,0,11,0,8
13030,98,13,0,0,26,0,0
13031,51,5,0,0,12,0,18
13032,27,0,0,0,12,0,0
13033,46,18,0,0,26,0,0
13034,32,6,0,0,19,0,27
13035,60,0,0,0,23,0,0
13036,33,4,0,0,20,0,0
13037,100,7,0,0,22,0,2
13038,63,5,0,0,23,0,19
13039,38,2,0,0,5,0,0
13040,48,12,0,0,21,0,22
13041,55,9,0,0,19,0,5
13042,7,4,0,0,15,0,0
13043,60,4,0,0,16,0,14
13044,43,9,0,0,8,0,0
13045,19,10,0,0,18,0,0
13046,114,22,0,0,54,0,37
13047,48,0,0,0,17,0,0
13048,22,7,0,0,12,0,0
13049,32,11,0,0,20,0,25
13050,56,5,0,0,15,0,0
13051,32,0,0,0,34,0,0
13052,55,15,0,0,29,0,7
13053,81,12,0,0,14,0,69
13054,46,0,0,0,8,0,3
13055,45,13,0,0,14,0,0
13056,62,10,0,0,16,0,0
13057,60,9,0,0,15,0,60
13058,25,0,0,0,11,0,26
13059,97,0,0,0,6,0,0
13060,50,2,0,0,18,0,17
13061,61,2,0,0,27,0,0
13062,51,10,0,0,9,0,0
13063,51,0,0,0,32,0,2
13064,45,6,0,0,15,0,0
13065,53,6,0,0,8,0,35
13066,28,0,0,0,8,0,0
13067,14,8,0,0,13,0,0
13068,103,10,0,0,4,0,0
13069,34,7,0,0,16,0,0
13070,31,2,0,0,10,0,0
13071,25,2,0,0,12,0,0
13072,39,4,0,0,20,0,25
13073,81,8,0,0,30,0,24
13074,76,12,0,0,31,0,0
13075,47,9,0,0,18,0,0
13076,175,16,0,0,41,0,0
13077,38,8,0,0,13,0,5
13078,32,0,0,0,16,0,26
13079,26,6,0,0,9,0,0
13080,38,9,0,0,11,0,0
13081,56,7,0,0,11,0,0
13082,61,0,0,0,21,0,0
13083,61,6,0,0,12,0,17
13084,58,3,0,0,11,0,0
13085,52,2,0,0,9,0,15
13086,58,20,0,0,21,0,5
13087,21,3,0,0,5,0,0
13088,52,4,0,0,20,0,0
13089,49,3,0,0,7,0,0
13090,111,4,0,0,5,0,0
13091,44,17,0,0,29,0,0
13092,41,0,0,0,32,0,0
13093,73,8,0,0,14,0,0
13094,53,0,0,0,9,0,9
13095,37,0,0,0,13,0,0
13096,60,0,0,0,19,0,0
13097,48,16,0,0,18,0,13
13098,54,2,0,0,27,0,32
13099,99,32,0,0,50,0,0
13100,106,11,0,0,26,0,6
13101,43,0,0,0,17,0,0
13102,57,3,0,0,19,0,0
13103,48,3,0,0,21,0,0
13104,16,8,0,0,12,0,1
13105,32,8,0,0,16,0,0
13106,45,5,0,0,5,0,0
13107,51,0,0,0,24,0,0
13108,32,0,0,0,8,0,15
13109,2,6,0,0,10,0,13
13110,54,12,0,0,27,0,0
13111,48,0,0,0,23,0,0
13112,25,0,0,0,16,0,41
13113,59,16,0,0,12,0,0
13114,40,0,0,0,15,0,0
13115,101,18,0,0,22,0,0
13116,80,13,0,0,41,0,29
13117,61,18,0,0,46,0,14
13118,31,9,0,0,12,0,0
13119,130,13,0,0,55,0,41
13120,58,0,0,0,12,0,0
13121,39,5,0,0,10,0,27
13122,89,3,0,0,6,0,0
13123,70,15,0,0,40,0,23
13124,48,8,0,0,17,0,0
13125,38,4,0,0,18,0,13
13126,37,5,0,0,16,0,32
13127,44,8,0,0,24,0,23
13128,52,0,0,0,17,0,0
13129,39,6,0,0,13,0,0
13130,14,0,0,0,6,0,0
13131,65,2,0,0,6,0,0
13132,53,18,0,0,14,0,0
13133,113,13,0,0,63,0,0
13134,85,15,0,0,22,0,0
13135,39,0,0,0,10,0,0
13136,63,10,0,0,34,0,0
13137,6,10,0,0,33,0,74
13138,72,0,0,0,15,0,0
13139,56,6,0,0,20,0,35
13140,38,0,0,0,14,0,8
13141,45,16,0,0,20,0,0
13142,48,9,0,0,24,0,71
13143,31,8,0,0,5,0,3
13144,59,5,0,0,26,0,0
13145,26,4,0,0,8,0,0
13146,71,12,0,0,23,0,0
13147,82,31,0,0,41,0,0
13148,49,7,0,0,15,0,0
13149,57,7,0,0,8,0,22
13150,132,7,0,0,48,0,0
13151,59,5,0,0,21,0,0
13152,57,17,0,0,28,0,56
13153,78,22,0,0,7,0,0
13154,17,4,0,0,9,0,0
13155,31,6,0,0,13,0,0
13156,58,0,0,0,22,0,0
13157,21,0,0,0,14,0,1
13158,62,4,0,0,14,0,56
13159,42,18,0,0,15,0,0
13160,117,19,0,0,22,0,57
13161,35,2,0,0,21,0,0
13162,52,6,0,0,11,0,0
13163,52,0,0,0,15,0,0
13164,111,15,0,0,8,0,0
13165,120,29,0,0,34,0,42
13166,42,0,0,0,14,0,42
13167,69,0,0,0,16,0,1
13168,28,0,0,0,17,0,0
13169,12,11,0,0,10,0,0
13170,34,0,0,0,9,0,13
13171,63,0,0,0,21,0,3
13172,58,6,0,0,23,0,22
13173,38,0,0,0,12,0,4
13174,35,3,0,0,5,0,3
13175,22,2,0,0,18,0,0
13176,102,0,0,0,20,0,0
13177,28,0,0,0,8,0,0
13178,58,8,0,0,21,0,0
13179,49,3,0,0,10,0,0
13180,75,11,0,0,13,0,0
13181,121,9,0,0,46,0,22
13182,64,7,0,0,17,0,11
13183,44,1,0,0,20,0,3
13184,59,11,0,0,23,0,0
13185,36,6,0,0,20,0,0
13186,176,9,0,0,67,0,0
13187,60,0,0,0,24,0,0
13188,70,5,0,0,21,0,21
13189,32,9,0,0,12,0,0
13190,46,3,0,0,18,0,0
13191,52,0,0,0,18,0,0
13192,51,17,0,0,21,0,1
13193,53,12,0,0,16,0,0
13194,58,3,0,0,15,0,0
13195,65,6,0,0,20,0,0
13196,41,4,0,0,16,0,0
13197,49,5,0,0,20,0,0
13198,29,7,0,0,9,0,9
13199,44,9,0,0,9,0,0
13200,44,8,0,0,15,0,12
13201,50,4,0,0,22,0,0
13202,47,4,0,0,13,0,0
13203,49,9,0,0,29,0,0
13204,24,4,0,0,10,0,13
13205,101,0,0,0,21,0,0
13206,59,0,0,0,17,0,0
13207,28,5,0,0,9,0,0
13208,36,0,0,0,21,0,0
13209,92,13,0,0,26,0,0
13210,61,0,0,0,26,0,18
13211,20,4,0,0,7,0,20
13212,24,0,0,0,16,0,16
13213,49,7,0,0,16,0,43
13214,73,18,0,0,30,0,0
13215,79,0,0,0,20,0,0
13216,67,0,0,0,17,0,26
13217,41,0,0,0,27,0,0
13218,67,22,0,0,27,0,66
13219,58,15,0,0,13,0,58
13220,67,0,0,0,14,0,6
13221,63,3,0,0,18,0,0
13222,58,2,0,0,0,0,0
13223,55,17,0,0,26,0,0
13224,36,0,0,0,7,0,0
13225,80,0,0,0,41,0,0
13226,42,11,0,0,14,0,0
13227,50,10,0,0,23,0,0
13228,58,0,0,0,20,0,40
13229,27,8,0,0,8,0,0
13230,56,8,0,0,13,0,0
13231,42,4,0,0,8,0,18
13232,67,20,0,0,18,0,0
13233,49,5,0,0,9,0,0
13234,62,0,0,0,11,0,17
13235,31,8,0,0,32,0,0
13236,35,3,0,0,13,0,0
13237,82,1,0,0,16,0,0
13238,86,6,0,0,36,0,0
13239,34,0,0,0,15,0,0
13240,56,0,0,0,12,0,0
13241,16,3,0,0,6,0,7
13242,70,6,0,0,11,0,25
13243,59,8,0,0,15,0,0
13244,27,5,0,0,24,0,1
13245,79,19,0,0,29,0,0
13246,21,7,0,0,8,0,0
13247,58,9,0,0,28,0,0
13248,221,33,0,0,38,0,0
13249,50,2,0,0,28,0,10
13250,45,2,0,0,14,0,28
13251,92,17,0,0,36,0,0
13252,73,3,0,0,37,0,0
13253,13,15,0,0,19,0,0
13254,130,10,0,0,25,0,64
13255,34,7,0,0,9,0,21
13256,28,2,0,0,16,0,0
13257,40,7,0,0,14,0,0
13258,47,20,0,0,19,0,12
13259,48,5,0,0,7,0,0
13260,63,0,0,0,21,0,0
13261,55,15,0,0,5,0,0
13262,119,18,0,0,49,0,0
13263,46,6,0,0,9,0,0
13264,33,10,0,0,19,0,6
13265,55,16,0,0,26,0,0
13266,87,5,0,0,12,0,46
13267,97,0,0,0,42,0,26
13268,67,5,0,0,26,0,0
13269,38,0,0,0,15,0,29
13270,66,16,0,0,27,0,12
13271,76,5,0,0,54,0,28
13272,20,0,0,0,4,0,13
13273,50,4,0,0,19,0,0
13274,16,4,0,0,12,0,0
13275,45,8,0,0,9,0,0
13276,41,4,0,0,19,0,2
13277,76,8,0,0,14,0,0
13278,34,7,0,0,11,0,25
13279,48,1,0,0,23,0,0
13280,87,19,0,0,37,0,0
13281,101,28,0,0,46,0,0
13282,41,3,0,0,16,0,3
13283,25,2,0,0,12,0,0
13284,20,7,0,0,11,0,0
13285,77,33,0,0,15,0,0
13286,75,20,0,0,33,0,0
13287,102,29,0,0,8,0,43
13288,71,0,0,0,18,0,12
13289,23,5,0,0,21,0,0
13290,59,7,0,0,18,0,52
13291,21,2,0,0,10,0,0
13292,24,0,0,0,13,0,0
13293,22,0,0,0,20,0,0
13294,13,0,0,0,8,0,2
13295,52,0,0,0,18,0,0
13296,40,4,0,0,13,0,0
13297,27,6,0,0,13,0,0
13298,44,3,0,0,14,0,0
13299,46,13,0,0,31,0,20
13300,53,9,0,0,11,0,0
13301,60,3,0,0,2,0,0
13302,48,11,0,0,13,0,0
13303,9,0,0,0,16,0,2
13304,48,9,0,0,16,0,0
13305,232,8,0,0,67,0,0
13306,89,9,0,0,52,0,0
13307,33,5,0,0,10,0,0
13308,32,0,0,0,10,0,0
13309,26,12,0,0,11,0,0
13310,23,8,0,0,14,0,0
13311,81,14,0,0,20,0,0
13312,39,2,0,0,11,0,0
13313,11,0,0,0,13,0,0
13314,43,3,0,0,7,0,0
13315,87,18,0,0,28,0,26
13316,94,1,0,0,3,0,0
13317,43,0,0,0,3,0,0
13318,98,14,0,0,31,0,0
13319,106,19,0,0,37,0,0
13320,77,0,0,0,30,0,0
13321,39,2,0,0,2,0,0
13322,38,0,0,0,17,0,30
13323,78,10,0,0,34,0,76
13324,34,5,0,0,15,0,0
13325,96,15,0,0,32,0,0
13326,69,5,0,0,24,0,33
13327,63,2,0,0,26,0,0
13328,50,2,0,0,24,0,0
13329,24,0,0,0,4,0,0
13330,152,16,0,0,42,0,0
13331,63,4,0,0,11,0,23
13332,42,9,0,0,7,0,28
13333,47,3,0,0,17,0,0
13334,37,11,0,0,13,0,0
13335,71,8,0,0,15,0,8
13336,39,3,0,0,23,0,16
13337,74,2,0,0,40,0,70
13338,135,19,0,0,53,0,0
13339,21,4,0,0,17,0,0
13340,28,0,0,0,15,0,12
13341,62,8,0,0,14,0,0
13342,54,7,0,0,27,0,12
13343,53,23,0,0,15,0,0
13344,41,14,0,0,21,0,5
13345,23,4,0,0,10,0,0
13346,107,27,0,0,29,0,53
13347,39,6,0,0,11,0,0
13348,12,0,0,0,13,0,0
13349,35,6,0,0,18,0,36
13350,32,11,0,0,23,0,1
13351,70,0,0,0,14,0,35
13352,39,8,0,0,17,0,0
13353,159,28,0,0,81,0,18
13354,84,11,0,0,24,0,17
13355,52,5,0,0,25,0,14
13356,76,2,0,0,20,0,5
13357,31,6,0,0,10,0,0
13358,51,23,0,0,22,0,0
13359,39,10,0,0,15,0,8
