cell	node	doublet
0	0	no
1	1	no
2	0	no
3	1	no
4	1	no
5	1	no
6	1	no
7	0	no
8	1	no
9	1	no
10	1	no
11	1	no
12	1	no
13	1	no
14	1	no
15	0	no
16	1	no
17	1	no
18	1	no
19	1	no
20	1	no
21	1	no
22	1	no
23	1	no
24	1	no
25	1	no
26	1	no
27	1	no
28	1	no
29	0	no
30	1	no
31	1	no
32	1	no
33	1	no
34	1	no
35	1	no
36	1	no
37	0	no
38	1	no
39	0	no
40	1	no
41	1	no
42	1	no
43	0	no
44	1	no
45	1	no
46	1	no
47	1	no
48	0	no
49	1	no
50	1	no
51	1	no
52	1	no
53	0	no
54	1	no
55	1	no
56	1	no
57	1	no
58	1	no
59	1	no
60	1	no
61	0	no
62	1	no
63	0	no
64	1	no
65	1	no
66	1	no
67	1	no
68	1	no
69	1	no
70	0	no
71	0	no
72	1	no
73	1	no
74	1	no
75	1	no
76	0	no
77	1	no
78	1	no
79	1	no
80	1	no
81	1	no
82	1	no
83	1	no
84	1	no
85	1	no
86	1	no
87	0	no
88	1	no
89	1	no
90	0	no
91	1	no
92	1	no
93	1	no
94	1	no
95	1	no
96	0	no
97	1	no
98	1	no
99	0	no
100	1	no
101	1	no
102	1	no
103	1	no
104	0	no
105	1	no
106	1	no
107	0	no
108	1	no
109	1	no
110	1	no
111	0	no
112	0	no
113	0	no
114	1	no
115	0	no
116	0	no
117	0	no
118	1	no
119	1	no
120	1	no
121	1	no
122	1	no
123	1	no
124	1	no
125	1	no
126	0	no
127	1	no
128	1	no
129	1	no
130	1	no
131	1	no
132	1	no
133	1	no
134	0	no
135	1	no
136	1	no
137	1	no
138	1	no
139	1	no
140	0	no
141	1	no
142	1	no
143	1	no
144	1	no
145	1	no
146	1	no
147	1	no
148	1	no
149	1	no
150	1	no
151	0	no
152	1	no
153	1	no
154	1	no
155	1	no
156	1	no
157	1	no
158	1	no
159	1	no
160	0	no
161	1	no
162	1	no
163	1	no
164	1	no
165	0	no
166	1	no
167	1	no
168	0	no
169	1	no
170	1	no
171	1	no
172	1	no
173	1	no
174	1	no
175	1	no
176	1	no
177	1	no
178	1	no
179	0	no
180	1	no
181	1	no
182	0	no
183	1	no
184	1	no
185	1	no
186	1	no
187	0	no
188	0	no
189	0	no
190	1	no
191	1	no
192	1	no
193	1	no
194	0	no
195	1	no
196	1	no
197	1	no
198	0	no
199	1	no
200	1	no
201	1	no
202	1	no
203	1	no
204	1	no
205	1	no
206	1	no
207	1	no
208	1	no
209	1	no
210	1	no
211	1	no
212	1	no
213	1	no
214	1	no
215	1	no
216	1	no
217	1	no
218	1	no
219	0	no
220	0	no
221	1	no
222	1	no
223	1	no
224	1	no
225	1	no
226	0	no
227	1	no
228	0	no
229	0	no
230	1	no
231	0	no
232	1	no
233	0	no
234	0	no
235	0	no
236	1	no
237	1	no
238	1	no
239	0	no
240	1	no
241	1	no
242	1	no
243	1	no
244	0	no
245	0	no
246	0	no
247	1	no
248	1	no
249	1	no
250	1	no
251	1	no
252	1	no
253	1	no
254	1	no
255	1	no
256	1	no
257	1	no
258	1	no
259	1	no
260	1	no
261	1	no
262	1	no
263	1	no
264	1	no
265	0	no
266	1	no
267	1	no
268	1	no
269	1	no
270	1	no
271	0	no
272	1	no
273	1	no
274	1	no
275	1	no
276	1	no
277	1	no
278	1	no
279	1	no
280	1	no
281	1	no
282	1	no
283	0	no
284	1	no
285	1	no
286	1	no
287	1	no
288	1	no
289	1	no
290	1	no
291	0	no
292	1	no
293	1	no
294	1	no
295	1	no
296	1	no
297	1	no
298	1	no
299	1	no
300	1	no
301	1	no
302	1	no
303	0	no
304	1	no
305	1	no
306	1	no
307	1	no
308	1	no
309	1	no
310	1	no
311	1	no
312	1	no
313	1	no
314	1	no
315	0	no
316	1	no
317	1	no
318	1	no
319	0	no
320	1	no
321	1	no
322	1	no
323	1	no
324	1	no
325	1	no
326	1	no
327	1	no
328	1	no
329	1	no
330	0	no
331	0	no
332	0	no
333	1	no
334	1	no
335	1	no
336	1	no
337	1	no
338	1	no
339	1	no
340	0	no
341	0	no
342	1	no
343	0	no
344	1	no
345	1	no
346	1	no
347	1	no
348	0	no
349	1	no
350	1	no
351	1	no
352	1	no
353	1	no
354	0	no
355	1	no
356	1	no
357	1	no
358	1	no
359	1	no
360	1	no
361	1	no
362	1	no
363	1	no
364	1	no
365	1	no
366	0	no
367	0	no
368	1	no
369	1	no
370	1	no
371	1	no
372	1	no
373	1	no
374	1	no
375	1	no
376	1	no
377	1	no
378	1	no
379	1	no
380	1	no
381	1	no
382	1	no
383	1	no
384	1	no
385	1	no
386	1	no
387	0	no
388	1	no
389	1	no
390	1	no
391	1	no
392	1	no
393	1	no
394	1	no
395	1	no
396	1	no
397	1	no
398	1	no
399	1	no
400	1	no
401	1	no
402	1	no
403	1	no
404	0	no
405	1	no
406	0	no
407	0	no
408	1	no
409	1	no
410	0	no
411	1	no
412	1	no
413	1	no
414	1	no
415	1	no
416	1	no
417	1	no
418	1	no
419	0	no
420	1	no
421	1	no
422	1	no
423	1	no
424	1	no
425	1	no
426	1	no
427	0	no
428	0	no
429	1	no
430	0	no
431	0	no
432	1	no
433	1	no
434	1	no
435	1	no
436	1	no
437	0	no
438	1	no
439	1	no
440	1	no
441	1	no
442	1	no
443	1	no
444	0	no
445	0	no
446	1	no
447	0	no
448	1	no
449	1	no
450	1	no
451	1	no
452	0	no
453	1	no
454	1	no
455	1	no
456	1	no
457	1	no
458	1	no
459	1	no
460	1	no
461	1	no
462	1	no
463	1	no
464	1	no
465	1	no
466	1	no
467	0	no
468	1	no
469	1	no
470	1	no
471	1	no
472	1	no
473	0	no
474	0	no
475	1	no
476	1	no
477	1	no
478	1	no
479	1	no
480	1	no
481	1	no
482	1	no
483	1	no
484	1	no
485	1	no
486	1	no
487	1	no
488	1	no
489	1	no
490	1	no
491	0	no
492	1	no
493	1	no
494	1	no
495	1	no
496	1	no
497	1	no
498	1	no
499	1	no
500	1	no
501	1	no
502	1	no
503	1	no
504	0	no
505	1	no
506	0	no
507	1	no
508	1	no
509	1	no
510	1	no
511	1	no
512	0	no
513	1	no
514	0	no
515	1	no
516	1	no
517	1	no
518	1	no
519	1	no
520	1	no
521	1	no
522	1	no
523	1	no
524	0	no
525	1	no
526	1	no
527	1	no
528	1	no
529	1	no
530	1	no
531	1	no
532	1	no
533	1	no
534	1	no
535	1	no
536	1	no
537	1	no
538	1	no
539	1	no
540	1	no
541	1	no
542	0	no
543	1	no
544	1	no
545	0	no
546	1	no
547	1	no
548	1	no
549	1	no
550	1	no
551	1	no
552	0	no
553	1	no
554	1	no
555	1	no
556	0	no
557	1	no
558	0	no
559	1	no
560	1	no
561	1	no
562	1	no
563	1	no
564	1	no
565	1	no
566	1	no
567	1	no
568	1	no
569	0	no
570	1	no
571	1	no
572	1	no
573	0	no
574	0	no
575	0	no
576	1	no
577	1	no
578	1	no
579	1	no
580	1	no
581	1	no
582	0	no
583	1	no
584	1	no
585	1	no
586	1	no
587	1	no
588	0	no
589	1	no
590	1	no
591	1	no
592	1	no
593	1	no
594	1	no
595	1	no
596	0	no
597	0	no
598	1	no
599	1	no
600	1	no
601	1	no
602	1	no
603	0	no
604	1	no
605	1	no
606	1	no
607	1	no
608	1	no
609	1	no
610	1	no
611	1	no
612	1	no
613	0	no
614	1	no
615	1	no
616	1	no
617	1	no
618	0	no
619	0	no
620	1	no
621	1	no
622	1	no
623	1	no
624	1	no
625	1	no
626	1	no
627	1	no
628	1	no
629	0	no
630	1	no
631	0	no
632	1	no
633	1	no
634	1	no
635	1	no
636	1	no
637	1	no
638	1	no
639	1	no
640	0	no
641	1	no
642	1	no
643	1	no
644	1	no
645	1	no
646	1	no
647	0	no
648	1	no
649	1	no
650	1	no
651	1	no
652	1	no
653	1	no
654	0	no
655	1	no
656	1	no
657	1	no
658	0	no
659	1	no
660	1	no
661	1	no
662	1	no
663	1	no
664	1	no
665	1	no
666	1	no
667	1	no
668	1	no
669	1	no
670	1	no
671	1	no
672	0	no
673	1	no
674	0	no
675	1	no
676	1	no
677	0	no
678	1	no
679	1	no
680	1	no
681	1	no
682	1	no
683	1	no
684	1	no
685	1	no
686	1	no
687	1	no
688	0	no
689	1	no
690	1	no
691	0	no
692	0	no
693	1	no
694	0	no
695	1	no
696	0	no
697	1	no
698	1	no
699	1	no
700	1	no
701	1	no
702	0	no
703	1	no
704	0	no
705	1	no
706	1	no
707	1	no
708	1	no
709	0	no
710	1	no
711	1	no
712	1	no
713	1	no
714	1	no
715	1	no
716	1	no
717	1	no
718	1	no
719	1	no
720	1	no
721	0	no
722	1	no
723	1	no
724	1	no
725	1	no
726	1	no
727	1	no
728	1	no
729	1	no
730	0	no
731	0	no
732	1	no
733	1	no
734	1	no
735	1	no
736	1	no
737	1	no
738	0	no
739	1	no
740	1	no
741	1	no
742	0	no
743	0	no
744	1	no
745	1	no
746	1	no
747	1	no
748	1	no
749	0	no
750	1	no
751	1	no
752	1	no
753	1	no
754	0	no
755	1	no
756	1	no
757	1	no
758	0	no
759	1	no
760	1	no
761	1	no
762	1	no
763	0	no
764	1	no
765	1	no
766	1	no
767	1	no
768	1	no
769	1	no
770	1	no
771	1	no
772	1	no
773	1	no
774	0	no
775	1	no
776	1	no
777	0	no
778	1	no
779	1	no
780	1	no
781	1	no
782	1	no
783	1	no
784	1	no
785	0	no
786	1	no
787	1	no
788	1	no
789	1	no
790	1	no
791	1	no
792	1	no
793	1	no
794	1	no
795	1	no
796	0	no
797	1	no
798	1	no
799	1	no
800	1	no
801	1	no
802	1	no
803	0	no
804	1	no
805	0	no
806	1	no
807	1	no
808	0	no
809	1	no
810	1	no
811	1	no
812	1	no
813	1	no
814	1	no
815	1	no
816	1	no
817	1	no
818	0	no
819	1	no
820	0	no
821	1	no
822	1	no
823	1	no
824	1	no
825	1	no
826	1	no
827	1	no
828	1	no
829	1	no
830	1	no
831	1	no
832	1	no
833	1	no
834	1	no
835	1	no
836	1	no
837	1	no
838	1	no
839	1	no
840	1	no
841	1	no
842	1	no
843	1	no
844	1	no
845	1	no
846	1	no
847	1	no
848	1	no
849	1	no
850	1	no
851	1	no
852	1	no
853	1	no
854	1	no
855	1	no
856	1	no
857	0	no
858	0	no
859	1	no
860	0	no
861	1	no
862	1	no
863	1	no
864	0	no
865	1	no
866	1	no
867	1	no
868	1	no
869	0	no
870	0	no
871	1	no
872	1	no
873	1	no
874	1	no
875	1	no
876	1	no
877	1	no
878	1	no
879	1	no
880	1	no
881	1	no
882	1	no
883	1	no
884	1	no
885	1	no
886	1	no
887	1	no
888	1	no
889	1	no
890	1	no
891	1	no
892	1	no
893	1	no
894	1	no
895	0	no
896	1	no
897	1	no
898	1	no
899	0	no
900	1	no
901	0	no
902	1	no
903	1	no
904	1	no
905	1	no
906	1	no
907	1	no
908	1	no
909	1	no
910	1	no
911	1	no
912	1	no
913	1	no
914	1	no
915	1	no
916	1	no
917	1	no
918	1	no
919	1	no
920	1	no
921	1	no
922	1	no
923	1	no
924	1	no
925	1	no
926	0	no
927	0	no
928	1	no
929	1	no
930	1	no
931	0	no
932	1	no
933	0	no
934	1	no
935	0	no
936	1	no
937	1	no
938	1	no
939	1	no
940	1	no
941	1	no
942	1	no
943	1	no
944	1	no
945	0	no
946	1	no
947	1	no
948	1	no
949	1	no
950	1	no
951	1	no
952	1	no
953	1	no
954	1	no
955	1	no
956	1	no
957	1	no
958	1	no
959	1	no
960	1	no
961	1	no
962	1	no
963	0	no
964	1	no
965	0	no
966	1	no
967	1	no
968	1	no
969	1	no
970	1	no
971	0	no
972	0	no
973	1	no
974	1	no
975	1	no
976	1	no
977	1	no
978	1	no
979	1	no
980	1	no
981	1	no
982	0	no
983	1	no
984	1	no
985	1	no
986	1	no
987	1	no
988	0	no
989	1	no
990	1	no
991	1	no
992	1	no
993	0	no
994	1	no
995	1	no
996	0	no
997	0	no
998	1	no
999	1	no
1000	1	no
1001	1	no
1002	1	no
1003	1	no
1004	1	no
1005	1	no
1006	1	no
1007	1	no
1008	1	no
1009	1	no
1010	1	no
1011	1	no
1012	1	no
1013	1	no
1014	1	no
1015	1	no
1016	0	no
1017	0	no
1018	1	no
1019	0	no
1020	1	no
1021	1	no
1022	0	no
1023	1	no
1024	0	no
1025	1	no
1026	1	no
1027	1	no
1028	1	no
1029	0	no
1030	1	no
1031	1	no
1032	1	no
1033	1	no
1034	1	no
1035	0	no
1036	1	no
1037	0	no
1038	0	no
1039	1	no
1040	0	no
1041	0	no
1042	1	no
1043	1	no
1044	1	no
1045	0	no
1046	1	no
1047	1	no
1048	1	no
1049	0	no
1050	1	no
1051	1	no
1052	0	no
1053	1	no
1054	1	no
1055	0	no
1056	1	no
1057	1	no
1058	0	no
1059	1	no
1060	1	no
1061	1	no
1062	1	no
1063	0	no
1064	1	no
1065	0	no
1066	1	no
1067	1	no
1068	1	no
1069	1	no
1070	1	no
1071	1	no
1072	0	no
1073	0	no
1074	0	no
1075	1	no
1076	1	no
1077	1	no
1078	0	no
1079	1	no
1080	1	no
1081	0	no
1082	1	no
1083	1	no
1084	1	no
1085	1	no
1086	0	no
1087	1	no
1088	1	no
1089	1	no
1090	1	no
1091	0	no
1092	0	no
1093	1	no
1094	1	no
1095	0	no
1096	1	no
1097	1	no
1098	1	no
1099	1	no
1100	0	no
1101	1	no
1102	1	no
1103	1	no
1104	1	no
1105	1	no
1106	1	no
1107	1	no
1108	1	no
1109	1	no
1110	0	no
1111	1	no
1112	0	no
1113	1	no
1114	1	no
1115	1	no
1116	1	no
1117	1	no
1118	1	no
1119	1	no
1120	1	no
1121	1	no
1122	1	no
1123	0	no
1124	1	no
1125	1	no
1126	1	no
1127	1	no
1128	1	no
1129	1	no
1130	1	no
1131	1	no
1132	1	no
1133	1	no
1134	1	no
1135	1	no
1136	1	no
1137	0	no
1138	1	no
1139	1	no
1140	1	no
1141	1	no
1142	1	no
1143	0	no
1144	1	no
1145	0	no
1146	1	no
1147	1	no
1148	1	no
1149	1	no
1150	1	no
1151	1	no
1152	1	no
1153	1	no
1154	1	no
1155	1	no
1156	1	no
1157	1	no
1158	1	no
1159	1	no
1160	1	no
1161	1	no
1162	1	no
1163	1	no
1164	0	no
1165	1	no
1166	1	no
1167	1	no
1168	0	no
1169	0	no
1170	0	no
1171	1	no
1172	1	no
1173	1	no
1174	1	no
1175	1	no
1176	0	no
1177	1	no
1178	1	no
1179	1	no
1180	0	no
1181	1	no
1182	1	no
1183	0	no
1184	1	no
1185	0	no
1186	1	no
1187	0	no
1188	1	no
1189	1	no
1190	1	no
1191	1	no
1192	1	no
1193	0	no
1194	1	no
1195	1	no
1196	1	no
1197	1	no
1198	1	no
1199	1	no
1200	1	no
1201	1	no
1202	1	no
1203	1	no
1204	1	no
1205	1	no
1206	1	no
1207	1	no
1208	1	no
1209	1	no
1210	1	no
1211	1	no
1212	1	no
1213	1	no
1214	1	no
1215	0	no
1216	1	no
1217	1	no
1218	1	no
1219	1	no
1220	1	no
1221	1	no
1222	1	no
1223	1	no
1224	0	no
1225	1	no
1226	0	no
1227	1	no
1228	1	no
1229	1	no
1230	1	no
1231	0	no
1232	1	no
1233	1	no
1234	1	no
1235	1	no
1236	1	no
1237	1	no
1238	1	no
1239	1	no
1240	1	no
1241	0	no
1242	1	no
1243	1	no
1244	1	no
1245	0	no
1246	1	no
1247	1	no
1248	1	no
1249	1	no
1250	0	no
1251	1	no
1252	1	no
1253	1	no
1254	0	no
1255	1	no
1256	1	no
1257	1	no
1258	1	no
1259	1	no
1260	0	no
1261	1	no
1262	1	no
1263	1	no
1264	1	no
1265	1	no
1266	0	no
1267	1	no
1268	1	no
1269	1	no
1270	1	no
1271	1	no
1272	1	no
1273	1	no
1274	1	no
1275	1	no
1276	1	no
1277	1	no
1278	1	no
1279	1	no
1280	1	no
1281	0	no
1282	1	no
1283	1	no
1284	1	no
1285	1	no
1286	1	no
1287	1	no
1288	1	no
1289	1	no
1290	1	no
1291	1	no
1292	1	no
1293	1	no
1294	0	no
1295	1	no
1296	1	no
1297	1	no
1298	1	no
1299	0	no
1300	1	no
1301	1	no
1302	1	no
1303	1	no
1304	1	no
1305	1	no
1306	1	no
1307	1	no
1308	1	no
1309	0	no
1310	1	no
1311	1	no
1312	0	no
1313	1	no
1314	1	no
1315	1	no
1316	1	no
1317	1	no
1318	0	no
1319	1	no
1320	1	no
1321	1	no
1322	1	no
1323	1	no
1324	1	no
1325	1	no
1326	0	no
1327	0	no
1328	1	no
1329	1	no
1330	1	no
1331	1	no
1332	1	no
1333	1	no
1334	0	no
1335	1	no
1336	1	no
1337	1	no
1338	1	no
1339	1	no
1340	1	no
1341	1	no
1342	1	no
1343	0	no
1344	1	no
1345	0	no
1346	1	no
1347	1	no
1348	1	no
1349	1	no
1350	0	no
1351	1	no
1352	1	no
1353	1	no
1354	1	no
1355	1	no
1356	1	no
1357	0	no
1358	1	no
1359	1	no
1360	1	no
1361	1	no
1362	1	no
1363	1	no
1364	0	no
1365	1	no
1366	1	no
1367	1	no
1368	1	no
1369	1	no
1370	0	no
1371	1	no
1372	1	no
1373	1	no
1374	1	no
1375	1	no
1376	0	no
1377	1	no
1378	0	no
1379	1	no
1380	1	no
1381	1	no
1382	1	no
1383	0	no
1384	1	no
1385	1	no
1386	1	no
1387	1	no
1388	1	no
1389	1	no
1390	1	no
1391	1	no
1392	1	no
1393	1	no
1394	1	no
1395	1	no
1396	1	no
1397	1	no
1398	1	no
1399	1	no
1400	1	no
1401	0	no
1402	1	no
1403	1	no
1404	0	no
1405	1	no
1406	1	no
1407	1	no
1408	1	no
1409	1	no
1410	0	no
1411	1	no
1412	1	no
1413	1	no
1414	1	no
1415	1	no
1416	1	no
1417	0	no
1418	1	no
1419	1	no
1420	1	no
1421	1	no
1422	1	no
1423	0	no
1424	1	no
1425	1	no
1426	1	no
1427	1	no
1428	1	no
1429	1	no
1430	1	no
1431	1	no
1432	0	no
1433	1	no
1434	1	no
1435	1	no
1436	1	no
1437	1	no
1438	1	no
1439	1	no
1440	1	no
1441	1	no
1442	1	no
1443	1	no
1444	1	no
1445	1	no
1446	0	no
1447	1	no
1448	1	no
1449	1	no
1450	1	no
1451	0	no
1452	0	no
1453	1	no
1454	1	no
1455	1	no
1456	1	no
1457	0	no
1458	1	no
1459	1	no
1460	0	no
1461	1	no
1462	1	no
1463	1	no
1464	1	no
1465	1	no
1466	0	no
1467	1	no
1468	1	no
1469	1	no
1470	1	no
1471	1	no
1472	1	no
1473	1	no
1474	1	no
1475	1	no
1476	1	no
1477	1	no
1478	0	no
1479	1	no
1480	1	no
1481	0	no
1482	1	no
1483	1	no
1484	1	no
1485	1	no
1486	1	no
1487	1	no
1488	0	no
1489	1	no
1490	1	no
1491	0	no
1492	1	no
1493	1	no
1494	1	no
1495	1	no
1496	1	no
1497	1	no
1498	1	no
1499	0	no
1500	1	no
1501	1	no
1502	1	no
1503	1	no
1504	1	no
1505	1	no
1506	1	no
1507	1	no
1508	1	no
1509	1	no
1510	1	no
1511	1	no
1512	1	no
1513	1	no
1514	1	no
1515	1	no
1516	1	no
1517	1	no
1518	1	no
1519	1	no
1520	1	no
1521	1	no
1522	1	no
1523	1	no
1524	1	no
1525	1	no
1526	1	no
1527	1	no
1528	1	no
1529	1	no
1530	1	no
1531	1	no
1532	1	no
1533	1	no
1534	1	no
1535	0	no
1536	1	no
1537	1	no
1538	1	no
1539	1	no
1540	0	no
1541	1	no
1542	1	no
1543	1	no
1544	1	no
1545	1	no
1546	0	no
1547	1	no
1548	1	no
1549	1	no
1550	1	no
1551	1	no
1552	1	no
1553	1	no
1554	1	no
1555	1	no
1556	1	no
1557	1	no
1558	1	no
1559	1	no
1560	1	no
1561	1	no
1562	1	no
1563	1	no
1564	1	no
1565	1	no
1566	1	no
1567	1	no
1568	1	no
1569	1	no
1570	1	no
1571	1	no
1572	1	no
1573	1	no
1574	1	no
1575	0	no
1576	1	no
1577	0	no
1578	1	no
1579	1	no
1580	1	no
1581	1	no
1582	1	no
1583	1	no
1584	1	no
1585	1	no
1586	1	no
1587	1	no
1588	0	no
1589	0	no
1590	1	no
1591	1	no
1592	1	no
1593	1	no
1594	1	no
1595	1	no
1596	1	no
1597	1	no
1598	1	no
1599	0	no
1600	1	no
1601	1	no
1602	1	no
1603	1	no
1604	0	no
1605	1	no
1606	1	no
1607	1	no
1608	1	no
1609	0	no
1610	1	no
1611	1	no
1612	1	no
1613	1	no
1614	1	no
1615	1	no
1616	1	no
1617	0	no
1618	1	no
1619	1	no
1620	0	no
1621	1	no
1622	1	no
1623	1	no
1624	0	no
1625	1	no
1626	1	no
1627	1	no
1628	0	no
1629	1	no
1630	1	no
1631	1	no
1632	1	no
1633	1	no
1634	1	no
1635	1	no
1636	1	no
1637	1	no
1638	0	no
1639	1	no
1640	1	no
1641	1	no
1642	0	no
1643	1	no
1644	1	no
1645	1	no
1646	1	no
1647	0	no
1648	1	no
1649	1	no
1650	1	no
1651	1	no
1652	1	no
1653	1	no
1654	0	no
1655	1	no
1656	1	no
1657	0	no
1658	1	no
1659	1	no
1660	1	no
1661	1	no
1662	0	no
1663	1	no
1664	1	no
1665	1	no
1666	1	no
1667	1	no
1668	1	no
1669	0	no
1670	1	no
1671	1	no
1672	1	no
1673	1	no
1674	1	no
1675	1	no
1676	1	no
1677	1	no
1678	1	no
1679	1	no
1680	1	no
1681	1	no
1682	0	no
1683	1	no
1684	1	no
1685	1	no
1686	1	no
1687	1	no
1688	1	no
1689	0	no
1690	1	no
1691	1	no
1692	1	no
1693	1	no
1694	1	no
1695	1	no
1696	1	no
1697	1	no
1698	1	no
1699	1	no
1700	1	no
1701	1	no
1702	1	no
1703	0	no
1704	1	no
1705	1	no
1706	1	no
1707	1	no
1708	0	no
1709	1	no
1710	1	no
1711	1	no
1712	1	no
1713	1	no
1714	1	no
1715	0	no
1716	1	no
1717	1	no
1718	1	no
1719	1	no
1720	0	no
1721	1	no
1722	1	no
1723	1	no
1724	1	no
1725	1	no
1726	1	no
1727	1	no
1728	1	no
1729	1	no
1730	1	no
1731	1	no
1732	1	no
1733	1	no
1734	0	no
1735	1	no
1736	1	no
1737	0	no
1738	1	no
1739	1	no
1740	1	no
1741	1	no
1742	1	no
1743	0	no
1744	1	no
1745	1	no
1746	1	no
1747	1	no
1748	1	no
1749	1	no
1750	1	no
1751	0	no
1752	1	no
1753	1	no
1754	1	no
1755	1	no
1756	1	no
1757	1	no
1758	1	no
1759	1	no
1760	1	no
1761	1	no
1762	0	no
1763	1	no
1764	1	no
1765	1	no
1766	0	no
1767	0	no
1768	1	no
1769	1	no
1770	1	no
1771	1	no
1772	1	no
1773	1	no
1774	0	no
1775	0	no
1776	1	no
1777	1	no
1778	1	no
1779	1	no
1780	1	no
1781	1	no
1782	1	no
1783	1	no
1784	1	no
1785	1	no
1786	0	no
1787	1	no
1788	0	no
1789	0	no
1790	1	no
1791	1	no
1792	0	no
1793	1	no
1794	0	no
1795	1	no
1796	1	no
1797	1	no
1798	1	no
1799	1	no
1800	1	no
1801	0	no
1802	1	no
1803	1	no
1804	1	no
1805	1	no
1806	1	no
1807	1	no
1808	1	no
1809	1	no
1810	1	no
1811	0	no
1812	1	no
1813	1	no
1814	1	no
1815	0	no
1816	1	no
1817	1	no
1818	1	no
1819	1	no
1820	1	no
1821	1	no
1822	0	no
1823	1	no
1824	1	no
1825	1	no
1826	1	no
1827	1	no
1828	1	no
1829	1	no
1830	1	no
1831	1	no
1832	1	no
1833	1	no
1834	1	no
1835	0	no
1836	1	no
1837	1	no
1838	0	no
1839	1	no
1840	1	no
1841	1	no
1842	1	no
1843	1	no
1844	1	no
1845	1	no
1846	0	no
1847	1	no
1848	1	no
1849	1	no
1850	1	no
1851	1	no
1852	1	no
1853	1	no
1854	1	no
1855	1	no
1856	1	no
1857	1	no
1858	1	no
1859	1	no
1860	0	no
1861	1	no
1862	1	no
1863	1	no
1864	0	no
1865	0	no
1866	0	no
1867	1	no
1868	1	no
1869	0	no
1870	1	no
1871	1	no
1872	1	no
1873	1	no
1874	1	no
1875	1	no
1876	1	no
1877	0	no
1878	1	no
1879	1	no
1880	1	no
1881	1	no
1882	1	no
1883	1	no
1884	1	no
1885	1	no
1886	0	no
1887	0	no
1888	1	no
1889	1	no
1890	1	no
1891	1	no
1892	0	no
1893	1	no
1894	1	no
1895	1	no
1896	1	no
1897	1	no
1898	1	no
1899	1	no
1900	1	no
1901	1	no
1902	0	no
1903	1	no
1904	1	no
1905	1	no
1906	1	no
1907	1	no
1908	1	no
1909	1	no
1910	1	no
1911	1	no
1912	1	no
1913	1	no
1914	1	no
1915	1	no
1916	1	no
1917	1	no
1918	1	no
1919	0	no
1920	1	no
1921	0	no
1922	1	no
1923	1	no
1924	0	no
1925	1	no
1926	1	no
1927	1	no
1928	1	no
1929	1	no
1930	1	no
1931	1	no
1932	1	no
1933	0	no
1934	0	no
1935	1	no
1936	1	no
1937	1	no
1938	1	no
1939	1	no
1940	1	no
1941	0	no
1942	1	no
1943	1	no
1944	1	no
1945	0	no
1946	1	no
1947	0	no
1948	1	no
1949	1	no
1950	1	no
1951	1	no
1952	0	no
1953	1	no
1954	1	no
1955	1	no
1956	1	no
1957	1	no
1958	0	no
1959	1	no
1960	1	no
1961	1	no
1962	1	no
1963	1	no
1964	1	no
1965	1	no
1966	1	no
1967	1	no
1968	1	no
1969	1	no
1970	1	no
1971	1	no
1972	0	no
1973	1	no
1974	1	no
1975	0	no
1976	1	no
1977	1	no
1978	1	no
1979	1	no
1980	0	no
1981	0	no
1982	1	no
1983	0	no
1984	1	no
1985	1	no
1986	1	no
1987	1	no
1988	1	no
1989	1	no
1990	0	no
1991	1	no
1992	1	no
1993	1	no
1994	1	no
1995	1	no
1996	1	no
1997	1	no
1998	1	no
1999	1	no
2000	1	no
2001	1	no
2002	1	no
2003	1	no
2004	1	no
2005	1	no
2006	1	no
2007	1	no
2008	1	no
2009	1	no
2010	1	no
2011	1	no
2012	1	no
2013	1	no
2014	1	no
2015	1	no
2016	1	no
2017	1	no
2018	1	no
2019	0	no
2020	1	no
2021	0	no
2022	0	no
2023	1	no
2024	1	no
2025	1	no
2026	1	no
2027	1	no
2028	0	no
2029	1	no
2030	1	no
2031	0	no
2032	1	no
2033	1	no
2034	1	no
2035	1	no
2036	1	no
2037	1	no
2038	1	no
2039	1	no
2040	1	no
2041	1	no
2042	0	no
2043	0	no
2044	1	no
2045	1	no
2046	1	no
2047	1	no
2048	0	no
2049	1	no
2050	1	no
2051	1	no
2052	1	no
2053	1	no
2054	0	no
2055	1	no
2056	1	no
2057	0	no
2058	1	no
2059	1	no
2060	1	no
2061	1	no
2062	1	no
2063	0	no
2064	1	no
2065	0	no
2066	1	no
2067	0	no
2068	0	no
2069	1	no
2070	1	no
2071	1	no
2072	1	no
2073	1	no
2074	1	no
2075	1	no
2076	0	no
2077	1	no
2078	1	no
2079	1	no
2080	0	no
2081	0	no
2082	1	no
2083	1	no
2084	1	no
2085	1	no
2086	1	no
2087	1	no
2088	1	no
2089	1	no
2090	0	no
2091	1	no
2092	1	no
2093	1	no
2094	1	no
2095	1	no
2096	1	no
2097	1	no
2098	1	no
2099	1	no
2100	1	no
2101	0	no
2102	1	no
2103	0	no
2104	1	no
2105	1	no
2106	1	no
2107	0	no
2108	1	no
2109	1	no
2110	1	no
2111	1	no
2112	1	no
2113	1	no
2114	1	no
2115	1	no
2116	1	no
2117	1	no
2118	1	no
2119	0	no
2120	0	no
2121	1	no
2122	1	no
2123	1	no
2124	1	no
2125	1	no
2126	1	no
2127	1	no
2128	1	no
2129	0	no
2130	1	no
2131	1	no
2132	1	no
2133	1	no
2134	0	no
2135	1	no
2136	1	no
2137	1	no
2138	1	no
2139	1	no
2140	1	no
2141	1	no
2142	1	no
2143	1	no
2144	1	no
2145	1	no
2146	1	no
2147	1	no
2148	1	no
2149	1	no
2150	0	no
2151	1	no
2152	1	no
2153	0	no
2154	1	no
2155	1	no
2156	0	no
2157	1	no
2158	1	no
2159	1	no
2160	1	no
2161	1	no
2162	1	no
2163	1	no
2164	1	no
2165	1	no
2166	0	no
2167	1	no
2168	1	no
2169	1	no
2170	1	no
2171	1	no
2172	1	no
2173	1	no
2174	1	no
2175	1	no
2176	1	no
2177	1	no
2178	1	no
2179	1	no
2180	1	no
2181	0	no
2182	1	no
2183	1	no
2184	1	no
2185	0	no
2186	1	no
2187	1	no
2188	1	no
2189	1	no
2190	1	no
2191	1	no
2192	1	no
2193	1	no
2194	1	no
2195	0	no
2196	0	no
2197	0	no
2198	1	no
2199	1	no
2200	1	no
2201	1	no
2202	1	no
2203	1	no
2204	1	no
2205	1	no
2206	0	no
2207	1	no
2208	1	no
2209	1	no
2210	1	no
2211	1	no
2212	1	no
2213	1	no
2214	1	no
2215	1	no
2216	1	no
2217	1	no
2218	1	no
2219	1	no
2220	1	no
2221	0	no
2222	1	no
2223	1	no
2224	1	no
2225	0	no
2226	1	no
2227	1	no
2228	0	no
2229	1	no
2230	0	no
2231	1	no
2232	0	no
2233	1	no
2234	1	no
2235	0	no
2236	1	no
2237	1	no
2238	1	no
2239	0	no
2240	1	no
2241	0	no
2242	1	no
2243	0	no
2244	0	no
2245	1	no
2246	1	no
2247	1	no
2248	1	no
2249	0	no
2250	1	no
2251	1	no
2252	1	no
2253	1	no
2254	1	no
2255	1	no
2256	1	no
2257	0	no
2258	1	no
2259	1	no
2260	0	no
2261	1	no
2262	1	no
2263	1	no
2264	1	no
2265	1	no
2266	1	no
2267	1	no
2268	1	no
2269	1	no
2270	1	no
2271	0	no
2272	1	no
2273	1	no
2274	1	no
2275	1	no
2276	0	no
2277	0	no
2278	1	no
2279	1	no
2280	1	no
2281	1	no
2282	0	no
2283	1	no
2284	1	no
2285	1	no
2286	0	no
2287	1	no
2288	0	no
2289	1	no
2290	0	no
2291	1	no
2292	0	no
2293	0	no
2294	1	no
2295	1	no
2296	1	no
2297	1	no
2298	1	no
2299	0	no
2300	1	no
2301	0	no
2302	1	no
2303	0	no
2304	1	no
2305	0	no
2306	1	no
2307	1	no
2308	0	no
2309	1	no
2310	1	no
2311	1	no
2312	1	no
2313	0	no
2314	1	no
2315	1	no
2316	0	no
2317	1	no
2318	1	no
2319	1	no
2320	1	no
2321	0	no
2322	1	no
2323	1	no
2324	1	no
2325	1	no
2326	0	no
2327	1	no
2328	1	no
2329	1	no
2330	1	no
2331	1	no
2332	0	no
2333	1	no
2334	1	no
2335	1	no
2336	1	no
2337	1	no
2338	1	no
2339	1	no
2340	1	no
2341	1	no
2342	1	no
2343	0	no
2344	0	no
2345	0	no
2346	0	no
2347	1	no
2348	1	no
2349	0	no
2350	1	no
2351	1	no
2352	0	no
2353	0	no
2354	1	no
2355	1	no
2356	1	no
2357	1	no
2358	1	no
2359	0	no
2360	1	no
2361	1	no
2362	1	no
2363	0	no
2364	1	no
2365	1	no
2366	1	no
2367	1	no
2368	0	no
2369	1	no
2370	1	no
2371	1	no
2372	1	no
2373	1	no
2374	1	no
2375	1	no
2376	1	no
2377	0	no
2378	1	no
2379	0	no
2380	0	no
2381	1	no
2382	1	no
2383	1	no
2384	1	no
2385	1	no
2386	0	no
2387	1	no
2388	1	no
2389	1	no
2390	1	no
2391	1	no
2392	1	no
2393	1	no
2394	1	no
2395	0	no
2396	1	no
2397	1	no
2398	1	no
2399	1	no
2400	0	no
2401	1	no
2402	1	no
2403	1	no
2404	0	no
2405	1	no
2406	1	no
2407	1	no
2408	1	no
2409	1	no
2410	1	no
2411	1	no
2412	1	no
2413	1	no
2414	0	no
2415	0	no
2416	1	no
2417	1	no
2418	1	no
2419	1	no
2420	1	no
2421	1	no
2422	1	no
2423	1	no
2424	1	no
2425	1	no
2426	1	no
2427	1	no
2428	1	no
2429	1	no
2430	0	no
2431	0	no
2432	1	no
2433	1	no
2434	1	no
2435	1	no
2436	1	no
2437	0	no
2438	1	no
2439	1	no
2440	1	no
2441	1	no
2442	0	no
2443	1	no
2444	0	no
2445	0	no
2446	1	no
2447	1	no
2448	1	no
2449	1	no
2450	1	no
2451	1	no
2452	1	no
2453	0	no
2454	1	no
2455	0	no
2456	1	no
2457	0	no
2458	1	no
2459	1	no
2460	1	no
2461	1	no
2462	1	no
2463	1	no
2464	0	no
2465	1	no
2466	0	no
2467	1	no
2468	0	no
2469	1	no
2470	1	no
2471	1	no
2472	0	no
2473	1	no
2474	1	no
2475	1	no
2476	1	no
2477	1	no
2478	1	no
2479	1	no
2480	1	no
2481	1	no
2482	1	no
2483	1	no
2484	1	no
2485	0	no
2486	1	no
2487	0	no
2488	0	no
2489	1	no
2490	1	no
2491	1	no
2492	1	no
2493	1	no
2494	1	no
2495	0	no
2496	1	no
2497	1	no
2498	1	no
2499	1	no
2500	1	no
2501	0	no
2502	1	no
2503	1	no
2504	1	no
2505	1	no
2506	1	no
2507	0	no
2508	1	no
2509	1	no
2510	0	no
2511	0	no
2512	0	no
2513	0	no
2514	0	no
2515	1	no
2516	1	no
2517	1	no
2518	1	no
2519	1	no
2520	1	no
2521	1	no
2522	1	no
2523	1	no
2524	1	no
2525	1	no
2526	1	no
2527	0	no
2528	0	no
2529	1	no
2530	0	no
2531	1	no
2532	1	no
2533	0	no
2534	1	no
2535	1	no
2536	0	no
2537	1	no
2538	1	no
2539	1	no
2540	0	no
2541	0	no
2542	1	no
2543	1	no
2544	0	no
2545	1	no
2546	1	no
2547	1	no
2548	1	no
2549	1	no
2550	1	no
2551	1	no
2552	1	no
2553	1	no
2554	1	no
2555	1	no
2556	1	no
2557	1	no
2558	1	no
2559	1	no
2560	1	no
2561	1	no
2562	1	no
2563	1	no
2564	1	no
2565	1	no
2566	1	no
2567	1	no
2568	1	no
2569	0	no
2570	1	no
2571	1	no
2572	1	no
2573	1	no
2574	1	no
2575	1	no
2576	1	no
2577	1	no
2578	1	no
2579	1	no
2580	1	no
2581	1	no
2582	1	no
2583	1	no
2584	1	no
2585	1	no
2586	0	no
2587	1	no
2588	0	no
2589	0	no
2590	1	no
2591	1	no
2592	1	no
2593	1	no
2594	1	no
2595	1	no
2596	0	no
2597	1	no
2598	1	no
2599	0	no
2600	1	no
2601	0	no
2602	1	no
2603	0	no
2604	1	no
2605	1	no
2606	0	no
2607	1	no
2608	1	no
2609	1	no
2610	0	no
2611	1	no
2612	1	no
2613	0	no
2614	0	no
2615	1	no
2616	1	no
2617	1	no
2618	1	no
2619	1	no
2620	1	no
2621	0	no
2622	1	no
2623	1	no
2624	1	no
2625	1	no
2626	0	no
2627	1	no
2628	0	no
2629	0	no
2630	1	no
2631	1	no
2632	1	no
2633	1	no
2634	1	no
2635	1	no
2636	1	no
2637	1	no
2638	1	no
2639	1	no
2640	1	no
2641	0	no
2642	0	no
2643	1	no
2644	1	no
2645	0	no
2646	1	no
2647	1	no
2648	1	no
2649	1	no
2650	1	no
2651	1	no
2652	1	no
2653	1	no
2654	1	no
2655	0	no
2656	1	no
2657	1	no
2658	1	no
2659	1	no
2660	1	no
2661	0	no
2662	1	no
2663	1	no
2664	1	no
2665	1	no
2666	1	no
2667	1	no
2668	1	no
2669	0	no
2670	1	no
2671	1	no
2672	1	no
2673	1	no
2674	1	no
2675	1	no
2676	0	no
2677	1	no
2678	1	no
2679	1	no
2680	1	no
2681	0	no
2682	1	no
2683	0	no
2684	1	no
2685	1	no
2686	1	no
2687	0	no
2688	1	no
2689	1	no
2690	0	no
2691	0	no
2692	1	no
2693	0	no
2694	1	no
2695	1	no
2696	1	no
2697	1	no
2698	1	no
2699	0	no
2700	0	no
2701	1	no
2702	1	no
2703	1	no
2704	1	no
2705	1	no
2706	1	no
2707	1	no
2708	1	no
2709	1	no
2710	1	no
2711	1	no
2712	1	no
2713	0	no
2714	1	no
2715	1	no
2716	0	no
2717	1	no
2718	1	no
2719	1	no
2720	1	no
2721	1	no
2722	0	no
2723	1	no
2724	1	no
2725	0	no
2726	0	no
2727	1	no
2728	1	no
2729	1	no
2730	1	no
2731	1	no
2732	0	no
2733	1	no
2734	1	no
2735	1	no
2736	1	no
2737	1	no
2738	1	no
2739	1	no
2740	1	no
2741	1	no
2742	1	no
2743	1	no
2744	0	no
2745	0	no
2746	1	no
2747	1	no
2748	1	no
2749	0	no
2750	1	no
2751	1	no
2752	1	no
2753	1	no
2754	1	no
2755	1	no
2756	1	no
2757	0	no
2758	1	no
2759	1	no
2760	1	no
2761	1	no
2762	1	no
2763	1	no
2764	1	no
2765	1	no
2766	0	no
2767	1	no
2768	1	no
2769	1	no
2770	0	no
2771	1	no
2772	1	no
2773	1	no
2774	1	no
2775	0	no
2776	1	no
2777	1	no
2778	1	no
2779	1	no
2780	1	no
2781	0	no
2782	0	no
2783	1	no
2784	1	no
2785	1	no
2786	1	no
2787	0	no
2788	1	no
2789	0	no
2790	0	no
2791	1	no
2792	1	no
2793	1	no
2794	0	no
2795	1	no
2796	1	no
2797	1	no
2798	1	no
2799	1	no
2800	0	no
2801	1	no
2802	1	no
2803	0	no
2804	1	no
2805	0	no
2806	1	no
2807	0	no
2808	1	no
2809	1	no
2810	1	no
2811	0	no
2812	1	no
2813	1	no
2814	1	no
2815	1	no
2816	1	no
2817	0	no
2818	1	no
2819	1	no
2820	1	no
2821	1	no
2822	1	no
2823	1	no
2824	1	no
2825	0	no
2826	1	no
2827	1	no
2828	1	no
2829	0	no
2830	1	no
2831	1	no
2832	1	no
2833	1	no
2834	0	no
2835	1	no
2836	1	no
2837	1	no
2838	0	no
2839	0	no
2840	1	no
2841	0	no
2842	1	no
2843	1	no
2844	0	no
2845	1	no
2846	1	no
2847	1	no
2848	1	no
2849	1	no
2850	1	no
2851	1	no
2852	1	no
2853	1	no
2854	1	no
2855	1	no
2856	1	no
2857	0	no
2858	0	no
2859	1	no
2860	1	no
2861	1	no
2862	1	no
2863	1	no
2864	1	no
2865	1	no
2866	0	no
2867	0	no
2868	1	no
2869	0	no
2870	1	no
2871	1	no
2872	1	no
2873	1	no
2874	0	no
2875	1	no
2876	1	no
2877	0	no
2878	1	no
2879	1	no
2880	0	no
2881	1	no
2882	1	no
2883	1	no
2884	0	no
2885	1	no
2886	1	no
2887	1	no
2888	0	no
2889	1	no
2890	1	no
2891	1	no
2892	1	no
2893	1	no
2894	1	no
2895	1	no
2896	1	no
2897	1	no
2898	1	no
2899	1	no
2900	1	no
2901	1	no
2902	1	no
2903	1	no
2904	1	no
2905	0	no
2906	0	no
2907	1	no
2908	1	no
2909	1	no
2910	1	no
2911	1	no
2912	0	no
2913	1	no
2914	1	no
2915	1	no
2916	0	no
2917	1	no
2918	1	no
2919	1	no
2920	1	no
2921	1	no
2922	1	no
2923	0	no
2924	1	no
2925	1	no
2926	1	no
2927	1	no
2928	1	no
2929	1	no
2930	1	no
2931	1	no
2932	1	no
2933	1	no
2934	1	no
2935	1	no
2936	1	no
2937	0	no
2938	1	no
2939	1	no
2940	1	no
2941	1	no
2942	1	no
2943	1	no
2944	1	no
2945	0	no
2946	1	no
2947	1	no
2948	1	no
2949	1	no
2950	1	no
2951	0	no
2952	1	no
2953	1	no
2954	1	no
2955	1	no
2956	1	no
2957	1	no
2958	0	no
2959	1	no
2960	1	no
2961	1	no
2962	1	no
2963	1	no
2964	1	no
2965	0	no
2966	1	no
2967	1	no
2968	0	no
2969	0	no
2970	1	no
2971	1	no
2972	0	no
2973	1	no
2974	0	no
2975	1	no
2976	1	no
2977	1	no
2978	1	no
2979	1	no
2980	1	no
2981	1	no
2982	1	no
2983	1	no
2984	0	no
2985	1	no
2986	1	no
2987	1	no
2988	0	no
2989	1	no
2990	1	no
2991	0	no
2992	1	no
2993	1	no
2994	1	no
2995	1	no
2996	1	no
2997	1	no
2998	1	no
2999	1	no
3000	1	no
3001	0	no
3002	1	no
3003	1	no
3004	1	no
3005	1	no
3006	1	no
3007	1	no
3008	0	no
3009	1	no
3010	1	no
3011	1	no
3012	1	no
3013	1	no
3014	1	no
3015	0	no
3016	1	no
3017	1	no
3018	0	no
3019	1	no
3020	1	no
3021	1	no
3022	1	no
3023	1	no
3024	0	no
3025	1	no
3026	1	no
3027	0	no
3028	0	no
3029	1	no
3030	0	no
3031	1	no
3032	1	no
3033	1	no
3034	1	no
3035	1	no
3036	1	no
3037	1	no
3038	1	no
3039	1	no
3040	1	no
3041	1	no
3042	0	no
3043	1	no
3044	1	no
3045	1	no
3046	1	no
3047	1	no
3048	1	no
3049	1	no
3050	0	no
3051	0	no
3052	1	no
3053	0	no
3054	1	no
3055	1	no
3056	1	no
3057	1	no
3058	1	no
3059	1	no
3060	0	no
3061	1	no
3062	1	no
3063	1	no
3064	1	no
3065	0	no
3066	1	no
3067	1	no
3068	1	no
3069	1	no
3070	0	no
3071	1	no
3072	1	no
3073	1	no
3074	1	no
3075	0	no
3076	1	no
3077	1	no
3078	1	no
3079	1	no
3080	1	no
3081	1	no
3082	1	no
3083	1	no
3084	1	no
3085	1	no
3086	0	no
3087	1	no
3088	1	no
3089	1	no
3090	1	no
3091	1	no
3092	0	no
3093	1	no
3094	1	no
3095	0	no
3096	1	no
3097	1	no
3098	1	no
3099	1	no
3100	1	no
3101	1	no
3102	1	no
3103	1	no
3104	1	no
3105	1	no
3106	1	no
3107	1	no
3108	1	no
3109	1	no
3110	1	no
3111	1	no
3112	1	no
3113	0	no
3114	1	no
3115	1	no
3116	1	no
3117	1	no
3118	0	no
3119	1	no
3120	0	no
3121	1	no
3122	1	no
3123	1	no
3124	1	no
3125	1	no
3126	1	no
3127	0	no
3128	1	no
3129	1	no
3130	1	no
3131	1	no
3132	1	no
3133	1	no
3134	1	no
3135	1	no
3136	1	no
3137	1	no
3138	0	no
3139	1	no
3140	1	no
3141	1	no
3142	0	no
3143	1	no
3144	1	no
3145	1	no
3146	1	no
3147	1	no
3148	1	no
3149	1	no
3150	1	no
3151	1	no
3152	1	no
3153	1	no
3154	1	no
3155	1	no
3156	1	no
3157	0	no
3158	1	no
3159	1	no
3160	1	no
3161	1	no
3162	1	no
3163	0	no
3164	1	no
3165	1	no
3166	1	no
3167	1	no
3168	1	no
3169	1	no
3170	0	no
3171	1	no
3172	1	no
3173	1	no
3174	1	no
3175	1	no
3176	1	no
3177	1	no
3178	1	no
3179	1	no
3180	0	no
3181	1	no
3182	1	no
3183	1	no
3184	1	no
3185	0	no
3186	1	no
3187	1	no
3188	1	no
3189	1	no
3190	1	no
3191	1	no
3192	1	no
3193	1	no
3194	1	no
3195	1	no
3196	1	no
3197	1	no
3198	0	no
3199	1	no
3200	1	no
3201	0	no
3202	1	no
3203	1	no
3204	1	no
3205	1	no
3206	1	no
3207	0	no
3208	1	no
3209	1	no
3210	0	no
3211	1	no
3212	1	no
3213	1	no
3214	1	no
3215	1	no
3216	1	no
3217	1	no
3218	1	no
3219	0	no
3220	1	no
3221	1	no
3222	1	no
3223	1	no
3224	1	no
3225	1	no
3226	1	no
3227	1	no
3228	1	no
3229	1	no
3230	1	no
3231	0	no
3232	1	no
3233	1	no
3234	1	no
3235	1	no
3236	1	no
3237	1	no
3238	1	no
3239	1	no
3240	1	no
3241	1	no
3242	1	no
3243	0	no
3244	1	no
3245	1	no
3246	1	no
3247	1	no
3248	0	no
3249	1	no
3250	1	no
3251	1	no
3252	1	no
3253	0	no
3254	1	no
3255	1	no
3256	1	no
3257	1	no
3258	1	no
3259	1	no
3260	1	no
3261	1	no
3262	1	no
3263	1	no
3264	1	no
3265	1	no
3266	1	no
3267	1	no
3268	0	no
3269	0	no
3270	1	no
3271	1	no
3272	1	no
3273	1	no
3274	1	no
3275	0	no
3276	1	no
3277	0	no
3278	1	no
3279	0	no
3280	1	no
3281	1	no
3282	1	no
3283	1	no
3284	1	no
3285	1	no
3286	0	no
3287	1	no
3288	1	no
3289	1	no
3290	1	no
3291	1	no
3292	1	no
3293	1	no
3294	0	no
3295	1	no
3296	1	no
3297	1	no
3298	1	no
3299	1	no
3300	1	no
3301	1	no
3302	1	no
3303	1	no
3304	1	no
3305	0	no
3306	0	no
3307	1	no
3308	1	no
3309	1	no
3310	0	no
3311	1	no
3312	1	no
3313	0	no
3314	1	no
3315	1	no
3316	1	no
3317	1	no
3318	1	no
3319	1	no
3320	1	no
3321	1	no
3322	0	no
3323	1	no
3324	0	no
3325	0	no
3326	1	no
3327	1	no
3328	1	no
3329	1	no
3330	1	no
3331	1	no
3332	1	no
3333	1	no
3334	1	no
3335	1	no
3336	1	no
3337	1	no
3338	1	no
3339	0	no
3340	0	no
3341	1	no
3342	1	no
3343	1	no
3344	1	no
3345	1	no
3346	1	no
3347	1	no
3348	1	no
3349	1	no
3350	1	no
3351	1	no
3352	1	no
3353	1	no
3354	0	no
3355	1	no
3356	1	no
3357	1	no
3358	1	no
3359	1	no
3360	1	no
3361	1	no
3362	1	no
3363	1	no
3364	0	no
3365	1	no
3366	1	no
3367	1	no
3368	1	no
3369	1	no
3370	0	no
3371	1	no
3372	1	no
3373	1	no
3374	1	no
3375	0	no
3376	0	no
3377	1	no
3378	1	no
3379	0	no
3380	1	no
3381	0	no
3382	0	no
3383	1	no
3384	0	no
3385	1	no
3386	0	no
3387	0	no
3388	1	no
3389	0	no
3390	0	no
3391	0	no
3392	1	no
3393	1	no
3394	1	no
3395	1	no
3396	1	no
3397	1	no
3398	1	no
3399	1	no
3400	1	no
3401	0	no
3402	1	no
3403	1	no
3404	1	no
3405	1	no
3406	1	no
3407	1	no
3408	1	no
3409	1	no
3410	1	no
3411	0	no
3412	0	no
3413	1	no
3414	1	no
3415	1	no
3416	1	no
3417	1	no
3418	1	no
3419	1	no
3420	1	no
3421	1	no
3422	0	no
3423	1	no
3424	1	no
3425	1	no
3426	1	no
3427	1	no
3428	1	no
3429	0	no
3430	1	no
3431	1	no
3432	1	no
3433	1	no
3434	0	no
3435	1	no
3436	0	no
3437	0	no
3438	1	no
3439	1	no
3440	1	no
3441	1	no
3442	1	no
3443	1	no
3444	1	no
3445	1	no
3446	1	no
3447	0	no
3448	0	no
3449	0	no
3450	0	no
3451	1	no
3452	1	no
3453	0	no
3454	1	no
3455	1	no
3456	1	no
3457	1	no
3458	1	no
3459	1	no
3460	1	no
3461	1	no
3462	1	no
3463	1	no
3464	0	no
3465	1	no
3466	1	no
3467	1	no
3468	1	no
3469	1	no
3470	1	no
3471	1	no
3472	1	no
3473	1	no
3474	1	no
3475	1	no
3476	1	no
3477	1	no
3478	0	no
3479	1	no
3480	1	no
3481	1	no
3482	0	no
3483	1	no
3484	1	no
3485	1	no
3486	1	no
3487	1	no
3488	1	no
3489	1	no
3490	1	no
3491	1	no
3492	1	no
3493	1	no
3494	0	no
3495	1	no
3496	1	no
3497	1	no
3498	1	no
3499	1	no
3500	0	no
3501	1	no
3502	1	no
3503	1	no
3504	1	no
3505	0	no
3506	1	no
3507	1	no
3508	1	no
3509	0	no
3510	1	no
3511	0	no
3512	1	no
3513	0	no
3514	1	no
3515	1	no
3516	1	no
3517	0	no
3518	1	no
3519	1	no
3520	1	no
3521	1	no
3522	1	no
3523	1	no
3524	1	no
3525	1	no
3526	1	no
3527	1	no
3528	1	no
3529	0	no
3530	1	no
3531	1	no
3532	0	no
3533	1	no
3534	1	no
3535	1	no
3536	0	no
3537	0	no
3538	0	no
3539	1	no
3540	0	no
3541	1	no
3542	0	no
3543	1	no
3544	1	no
3545	1	no
3546	1	no
3547	1	no
3548	1	no
3549	0	no
3550	0	no
3551	1	no
3552	1	no
3553	0	no
3554	1	no
3555	1	no
3556	0	no
3557	1	no
3558	1	no
3559	0	no
3560	1	no
3561	1	no
3562	0	no
3563	1	no
3564	1	no
3565	1	no
3566	1	no
3567	1	no
3568	1	no
3569	0	no
3570	1	no
3571	1	no
3572	1	no
3573	1	no
3574	1	no
3575	1	no
3576	0	no
3577	1	no
3578	1	no
3579	1	no
3580	1	no
3581	1	no
3582	1	no
3583	1	no
3584	1	no
3585	1	no
3586	0	no
3587	1	no
3588	0	no
3589	1	no
3590	1	no
3591	1	no
3592	0	no
3593	0	no
3594	1	no
3595	1	no
3596	1	no
3597	1	no
3598	1	no
3599	1	no
3600	0	no
3601	0	no
3602	1	no
3603	1	no
3604	1	no
3605	0	no
3606	1	no
3607	1	no
3608	1	no
3609	1	no
3610	1	no
3611	1	no
3612	1	no
3613	1	no
3614	1	no
3615	1	no
3616	1	no
3617	1	no
3618	1	no
3619	1	no
3620	1	no
3621	0	no
3622	0	no
3623	0	no
3624	1	no
3625	0	no
3626	1	no
3627	1	no
3628	1	no
3629	1	no
3630	1	no
3631	1	no
3632	0	no
3633	1	no
3634	1	no
3635	1	no
3636	1	no
3637	1	no
3638	1	no
3639	1	no
3640	1	no
3641	0	no
3642	1	no
3643	1	no
3644	1	no
3645	1	no
3646	1	no
3647	1	no
3648	1	no
3649	1	no
3650	1	no
3651	1	no
3652	1	no
3653	1	no
3654	1	no
3655	1	no
3656	0	no
3657	0	no
3658	0	no
3659	1	no
3660	0	no
3661	0	no
3662	1	no
3663	1	no
3664	1	no
3665	1	no
3666	1	no
3667	1	no
3668	1	no
3669	1	no
3670	1	no
3671	1	no
3672	1	no
3673	0	no
3674	1	no
3675	1	no
3676	0	no
3677	0	no
3678	1	no
3679	1	no
3680	1	no
3681	1	no
3682	0	no
3683	1	no
3684	1	no
3685	1	no
3686	0	no
3687	1	no
3688	1	no
3689	1	no
3690	1	no
3691	1	no
3692	1	no
3693	1	no
3694	1	no
3695	1	no
3696	0	no
3697	1	no
3698	1	no
3699	1	no
3700	1	no
3701	1	no
3702	1	no
3703	1	no
3704	1	no
3705	1	no
3706	1	no
3707	1	no
3708	1	no
3709	1	no
3710	1	no
3711	1	no
3712	1	no
3713	0	no
3714	1	no
3715	1	no
3716	0	no
3717	1	no
3718	0	no
3719	1	no
3720	1	no
3721	1	no
3722	1	no
3723	1	no
3724	1	no
3725	1	no
3726	1	no
3727	1	no
3728	1	no
3729	1	no
3730	1	no
3731	1	no
3732	1	no
3733	1	no
3734	0	no
3735	1	no
3736	1	no
3737	1	no
3738	1	no
3739	1	no
3740	1	no
3741	1	no
3742	1	no
3743	0	no
3744	1	no
3745	0	no
3746	1	no
3747	0	no
3748	1	no
3749	0	no
3750	0	no
3751	1	no
3752	1	no
3753	1	no
3754	1	no
3755	1	no
3756	1	no
3757	1	no
3758	1	no
3759	1	no
3760	1	no
3761	1	no
3762	1	no
3763	1	no
3764	1	no
3765	1	no
3766	1	no
3767	1	no
3768	1	no
3769	1	no
3770	1	no
3771	1	no
3772	1	no
3773	0	no
3774	1	no
3775	1	no
3776	0	no
3777	1	no
3778	1	no
3779	1	no
3780	1	no
3781	1	no
3782	0	no
3783	1	no
3784	1	no
3785	1	no
3786	0	no
3787	1	no
3788	0	no
3789	1	no
3790	0	no
3791	0	no
3792	1	no
3793	1	no
3794	1	no
3795	1	no
3796	1	no
3797	1	no
3798	0	no
3799	1	no
3800	1	no
3801	1	no
3802	1	no
3803	1	no
3804	1	no
3805	1	no
3806	0	no
3807	1	no
3808	1	no
3809	1	no
3810	1	no
3811	1	no
3812	1	no
3813	1	no
3814	1	no
3815	1	no
3816	1	no
3817	0	no
3818	0	no
3819	1	no
3820	0	no
3821	0	no
3822	1	no
3823	1	no
3824	1	no
3825	1	no
3826	0	no
3827	1	no
3828	0	no
3829	1	no
3830	1	no
3831	1	no
3832	1	no
3833	1	no
3834	0	no
3835	1	no
3836	1	no
3837	1	no
3838	1	no
3839	1	no
3840	1	no
3841	1	no
3842	1	no
3843	1	no
3844	1	no
3845	1	no
3846	1	no
3847	1	no
3848	1	no
3849	0	no
3850	1	no
3851	1	no
3852	1	no
3853	1	no
3854	1	no
3855	1	no
3856	1	no
3857	1	no
3858	0	no
3859	1	no
3860	1	no
3861	1	no
3862	0	no
3863	1	no
3864	1	no
3865	0	no
3866	0	no
3867	1	no
3868	1	no
3869	1	no
3870	0	no
3871	0	no
3872	1	no
3873	1	no
3874	1	no
3875	1	no
3876	1	no
3877	1	no
3878	1	no
3879	1	no
3880	1	no
3881	0	no
3882	1	no
3883	1	no
3884	1	no
3885	0	no
3886	1	no
3887	1	no
3888	0	no
3889	1	no
3890	1	no
3891	1	no
3892	1	no
3893	1	no
3894	1	no
3895	1	no
3896	1	no
3897	1	no
3898	1	no
3899	1	no
3900	1	no
3901	1	no
3902	0	no
3903	1	no
3904	1	no
3905	1	no
3906	1	no
3907	1	no
3908	1	no
3909	1	no
3910	1	no
3911	1	no
3912	1	no
3913	1	no
3914	1	no
3915	1	no
3916	0	no
3917	1	no
3918	1	no
3919	1	no
3920	0	no
3921	1	no
3922	1	no
3923	0	no
3924	1	no
3925	0	no
3926	1	no
3927	1	no
3928	1	no
3929	1	no
3930	1	no
3931	0	no
3932	0	no
3933	1	no
3934	0	no
3935	1	no
3936	1	no
3937	1	no
3938	1	no
3939	0	no
3940	1	no
3941	1	no
3942	0	no
3943	1	no
3944	1	no
3945	1	no
3946	1	no
3947	1	no
3948	0	no
3949	1	no
3950	1	no
3951	0	no
3952	1	no
3953	1	no
3954	1	no
3955	1	no
3956	1	no
3957	1	no
3958	1	no
3959	1	no
3960	1	no
3961	0	no
3962	0	no
3963	1	no
3964	0	no
3965	1	no
3966	1	no
3967	1	no
3968	1	no
3969	1	no
3970	1	no
3971	1	no
3972	0	no
3973	1	no
3974	1	no
3975	1	no
3976	1	no
3977	1	no
3978	0	no
3979	1	no
3980	1	no
3981	1	no
3982	1	no
3983	1	no
3984	1	no
3985	1	no
3986	1	no
3987	1	no
3988	1	no
3989	0	no
3990	1	no
3991	1	no
3992	1	no
3993	1	no
3994	1	no
3995	1	no
3996	1	no
3997	1	no
3998	1	no
3999	1	no
4000	1	no
4001	1	no
4002	1	no
4003	0	no
4004	1	no
4005	0	no
4006	1	no
4007	1	no
4008	0	no
4009	1	no
4010	1	no
4011	1	no
4012	1	no
4013	1	no
4014	1	no
4015	1	no
4016	1	no
4017	1	no
4018	1	no
4019	1	no
4020	1	no
4021	1	no
4022	1	no
4023	0	no
4024	1	no
4025	0	no
4026	1	no
4027	1	no
4028	1	no
4029	1	no
4030	1	no
4031	1	no
4032	1	no
4033	1	no
4034	0	no
4035	1	no
4036	0	no
4037	0	no
4038	1	no
4039	1	no
4040	1	no
4041	0	no
4042	1	no
4043	1	no
4044	1	no
4045	1	no
4046	1	no
4047	1	no
4048	0	no
4049	1	no
4050	1	no
4051	1	no
4052	1	no
4053	1	no
4054	1	no
4055	1	no
4056	1	no
4057	1	no
4058	1	no
4059	1	no
4060	1	no
4061	1	no
4062	1	no
4063	1	no
4064	1	no
4065	1	no
4066	1	no
4067	1	no
4068	1	no
4069	1	no
4070	0	no
4071	1	no
4072	1	no
4073	1	no
4074	0	no
4075	1	no
4076	1	no
4077	1	no
4078	0	no
4079	0	no
4080	1	no
4081	0	no
4082	1	no
4083	1	no
4084	1	no
4085	0	no
4086	0	no
4087	1	no
4088	1	no
4089	1	no
4090	1	no
4091	1	no
4092	1	no
4093	1	no
4094	1	no
4095	1	no
4096	0	no
4097	0	no
4098	1	no
4099	1	no
4100	1	no
4101	1	no
4102	1	no
4103	1	no
4104	0	no
4105	1	no
4106	0	no
4107	1	no
4108	0	no
4109	1	no
4110	1	no
4111	1	no
4112	1	no
4113	1	no
4114	1	no
4115	1	no
4116	1	no
4117	1	no
4118	1	no
4119	1	no
4120	1	no
4121	1	no
4122	1	no
4123	1	no
4124	1	no
4125	1	no
4126	1	no
4127	1	no
4128	1	no
4129	0	no
4130	1	no
4131	1	no
4132	0	no
4133	1	no
4134	1	no
4135	1	no
4136	1	no
4137	0	no
4138	1	no
4139	1	no
4140	1	no
4141	1	no
4142	1	no
4143	1	no
4144	0	no
4145	1	no
4146	1	no
4147	1	no
4148	1	no
4149	1	no
4150	1	no
4151	1	no
4152	1	no
4153	1	no
4154	1	no
4155	1	no
4156	1	no
4157	1	no
4158	1	no
4159	1	no
4160	1	no
4161	0	no
4162	0	no
4163	1	no
4164	1	no
4165	0	no
4166	1	no
4167	0	no
4168	0	no
4169	1	no
4170	1	no
4171	1	no
4172	0	no
4173	0	no
4174	1	no
4175	1	no
4176	1	no
4177	1	no
4178	1	no
4179	1	no
4180	1	no
4181	1	no
4182	1	no
4183	0	no
4184	1	no
4185	1	no
4186	0	no
4187	1	no
4188	1	no
4189	1	no
4190	1	no
4191	1	no
4192	1	no
4193	1	no
4194	1	no
4195	1	no
4196	1	no
4197	1	no
4198	1	no
4199	0	no
4200	1	no
4201	1	no
4202	0	no
4203	1	no
4204	1	no
4205	0	no
4206	1	no
4207	1	no
4208	1	no
4209	1	no
4210	1	no
4211	1	no
4212	1	no
4213	0	no
4214	1	no
4215	1	no
4216	1	no
4217	1	no
4218	1	no
4219	1	no
4220	0	no
4221	1	no
4222	1	no
4223	1	no
4224	1	no
4225	1	no
4226	0	no
4227	1	no
4228	1	no
4229	1	no
4230	1	no
4231	0	no
4232	1	no
4233	1	no
4234	1	no
4235	0	no
4236	1	no
4237	1	no
4238	1	no
4239	1	no
4240	1	no
4241	1	no
4242	1	no
4243	1	no
4244	0	no
4245	1	no
4246	1	no
4247	1	no
4248	1	no
4249	0	no
4250	1	no
4251	1	no
4252	1	no
4253	1	no
4254	0	no
4255	1	no
4256	1	no
4257	1	no
4258	1	no
4259	0	no
4260	1	no
4261	0	no
4262	1	no
4263	1	no
4264	0	no
4265	1	no
4266	1	no
4267	1	no
4268	1	no
4269	0	no
4270	1	no
4271	1	no
4272	1	no
4273	1	no
4274	0	no
4275	1	no
4276	1	no
4277	0	no
4278	1	no
4279	1	no
4280	1	no
4281	1	no
4282	1	no
4283	1	no
4284	1	no
4285	1	no
4286	1	no
4287	0	no
4288	1	no
4289	1	no
4290	1	no
4291	1	no
4292	0	no
4293	1	no
4294	1	no
4295	1	no
4296	1	no
4297	1	no
4298	0	no
4299	1	no
4300	1	no
4301	0	no
4302	0	no
4303	1	no
4304	1	no
4305	1	no
4306	1	no
4307	1	no
4308	0	no
4309	0	no
4310	0	no
4311	1	no
4312	1	no
4313	1	no
4314	1	no
4315	1	no
4316	1	no
4317	1	no
4318	1	no
4319	0	no
4320	0	no
4321	1	no
4322	1	no
4323	1	no
4324	1	no
4325	1	no
4326	1	no
4327	1	no
4328	1	no
4329	1	no
4330	1	no
4331	1	no
4332	1	no
4333	0	no
4334	1	no
4335	0	no
4336	1	no
4337	0	no
4338	1	no
4339	1	no
4340	0	no
4341	1	no
4342	1	no
4343	1	no
4344	1	no
4345	1	no
4346	0	no
4347	0	no
4348	1	no
4349	1	no
4350	1	no
4351	1	no
4352	1	no
4353	1	no
4354	1	no
4355	1	no
4356	1	no
4357	1	no
4358	0	no
4359	1	no
4360	0	no
4361	0	no
4362	1	no
4363	1	no
4364	0	no
4365	1	no
4366	1	no
4367	0	no
4368	1	no
4369	1	no
4370	1	no
4371	1	no
4372	1	no
4373	0	no
4374	1	no
4375	1	no
4376	1	no
4377	0	no
4378	1	no
4379	1	no
4380	1	no
4381	1	no
4382	0	no
4383	1	no
4384	1	no
4385	1	no
4386	1	no
4387	1	no
4388	1	no
4389	1	no
4390	1	no
4391	0	no
4392	1	no
4393	1	no
4394	1	no
4395	0	no
4396	1	no
4397	1	no
4398	1	no
4399	1	no
4400	1	no
4401	0	no
4402	1	no
4403	1	no
4404	1	no
4405	1	no
4406	0	no
4407	1	no
4408	1	no
4409	1	no
4410	1	no
4411	0	no
4412	0	no
4413	1	no
4414	1	no
4415	1	no
4416	0	no
4417	1	no
4418	1	no
4419	1	no
4420	1	no
4421	0	no
4422	1	no
4423	1	no
4424	1	no
4425	1	no
4426	0	no
4427	1	no
4428	0	no
4429	1	no
4430	1	no
4431	1	no
4432	1	no
4433	1	no
4434	1	no
4435	1	no
4436	1	no
4437	1	no
4438	1	no
4439	0	no
4440	0	no
4441	1	no
4442	1	no
4443	1	no
4444	1	no
4445	1	no
4446	1	no
4447	1	no
4448	0	no
4449	1	no
4450	0	no
4451	1	no
4452	1	no
4453	1	no
4454	1	no
4455	1	no
4456	1	no
4457	1	no
4458	1	no
4459	1	no
4460	1	no
4461	1	no
4462	1	no
4463	0	no
4464	0	no
4465	1	no
4466	1	no
4467	1	no
4468	0	no
4469	1	no
4470	1	no
4471	1	no
4472	1	no
4473	1	no
4474	1	no
4475	1	no
4476	0	no
4477	1	no
4478	1	no
4479	1	no
4480	1	no
4481	1	no
4482	1	no
4483	1	no
4484	1	no
4485	1	no
4486	1	no
4487	1	no
4488	1	no
4489	1	no
4490	1	no
4491	1	no
4492	1	no
4493	1	no
4494	0	no
4495	0	no
4496	1	no
4497	1	no
4498	1	no
4499	0	no
4500	1	no
4501	1	no
4502	1	no
4503	1	no
4504	1	no
4505	1	no
4506	1	no
4507	1	no
4508	1	no
4509	0	no
4510	1	no
4511	1	no
4512	0	no
4513	1	no
4514	0	no
4515	1	no
4516	1	no
4517	1	no
4518	1	no
4519	1	no
4520	0	no
4521	1	no
4522	0	no
4523	1	no
4524	1	no
4525	1	no
4526	1	no
4527	1	no
4528	0	no
4529	0	no
4530	1	no
4531	1	no
4532	1	no
4533	0	no
4534	1	no
4535	1	no
4536	1	no
4537	1	no
4538	1	no
4539	1	no
4540	1	no
4541	1	no
4542	1	no
4543	1	no
4544	1	no
4545	1	no
4546	1	no
4547	1	no
4548	1	no
4549	1	no
4550	0	no
4551	1	no
4552	1	no
4553	1	no
4554	1	no
4555	0	no
4556	1	no
4557	1	no
4558	1	no
4559	1	no
4560	1	no
4561	1	no
4562	1	no
4563	1	no
4564	1	no
4565	1	no
4566	0	no
4567	0	no
4568	1	no
4569	1	no
4570	0	no
4571	1	no
4572	0	no
4573	1	no
4574	1	no
4575	1	no
4576	1	no
4577	1	no
4578	1	no
4579	1	no
4580	0	no
4581	1	no
4582	1	no
4583	0	no
4584	1	no
4585	0	no
4586	0	no
4587	0	no
4588	0	no
4589	1	no
4590	0	no
4591	0	no
4592	1	no
4593	1	no
4594	1	no
4595	1	no
4596	1	no
4597	1	no
4598	1	no
4599	1	no
4600	0	no
4601	1	no
4602	1	no
4603	1	no
4604	1	no
4605	0	no
4606	1	no
4607	0	no
4608	0	no
4609	1	no
4610	1	no
4611	0	no
4612	1	no
4613	1	no
4614	1	no
4615	0	no
4616	1	no
4617	0	no
4618	1	no
4619	1	no
4620	1	no
4621	1	no
4622	1	no
4623	1	no
4624	1	no
4625	1	no
4626	1	no
4627	1	no
4628	1	no
4629	1	no
4630	0	no
4631	1	no
4632	1	no
4633	1	no
4634	0	no
4635	1	no
4636	1	no
4637	1	no
4638	1	no
4639	1	no
4640	1	no
4641	1	no
4642	0	no
4643	1	no
4644	1	no
4645	1	no
4646	1	no
4647	1	no
4648	1	no
4649	1	no
4650	1	no
4651	0	no
4652	1	no
4653	1	no
4654	1	no
4655	1	no
4656	1	no
4657	1	no
4658	1	no
4659	1	no
4660	1	no
4661	1	no
4662	1	no
4663	1	no
4664	0	no
4665	1	no
4666	1	no
4667	1	no
4668	1	no
4669	1	no
4670	0	no
4671	1	no
4672	1	no
4673	1	no
4674	1	no
4675	0	no
4676	1	no
4677	1	no
4678	1	no
4679	0	no
4680	1	no
4681	1	no
4682	1	no
4683	1	no
4684	0	no
4685	1	no
4686	1	no
4687	1	no
4688	1	no
4689	0	no
4690	0	no
4691	1	no
4692	1	no
4693	0	no
4694	1	no
4695	1	no
4696	1	no
4697	1	no
4698	1	no
4699	1	no
4700	1	no
4701	1	no
4702	1	no
4703	1	no
4704	1	no
4705	1	no
4706	1	no
4707	1	no
4708	1	no
4709	1	no
4710	1	no
4711	1	no
4712	1	no
4713	1	no
4714	0	no
4715	1	no
4716	0	no
4717	1	no
4718	1	no
4719	1	no
4720	1	no
4721	0	no
4722	1	no
4723	1	no
4724	1	no
4725	1	no
4726	1	no
4727	0	no
4728	1	no
4729	1	no
4730	1	no
4731	1	no
4732	1	no
4733	1	no
4734	1	no
4735	0	no
4736	0	no
4737	1	no
4738	0	no
4739	1	no
4740	0	no
4741	1	no
4742	0	no
4743	1	no
4744	1	no
4745	1	no
4746	1	no
4747	1	no
4748	1	no
4749	1	no
4750	1	no
4751	1	no
4752	0	no
4753	1	no
4754	0	no
4755	1	no
4756	1	no
4757	0	no
4758	1	no
4759	1	no
4760	1	no
4761	1	no
4762	0	no
4763	1	no
4764	1	no
4765	0	no
4766	1	no
4767	1	no
4768	1	no
4769	1	no
4770	0	no
4771	1	no
4772	1	no
4773	1	no
4774	1	no
4775	1	no
4776	1	no
4777	1	no
4778	1	no
4779	1	no
4780	1	no
4781	1	no
4782	1	no
4783	1	no
4784	1	no
4785	1	no
4786	1	no
4787	1	no
4788	1	no
4789	1	no
4790	1	no
4791	1	no
4792	0	no
4793	1	no
4794	1	no
4795	1	no
4796	1	no
4797	1	no
4798	1	no
4799	1	no
4800	1	no
4801	1	no
4802	1	no
4803	1	no
4804	1	no
4805	1	no
4806	1	no
4807	1	no
4808	1	no
4809	1	no
4810	1	no
4811	1	no
4812	1	no
4813	0	no
4814	1	no
4815	1	no
4816	1	no
4817	1	no
4818	1	no
4819	1	no
4820	1	no
4821	1	no
4822	1	no
4823	1	no
4824	1	no
4825	1	no
4826	1	no
4827	1	no
4828	1	no
4829	1	no
4830	1	no
4831	1	no
4832	1	no
4833	1	no
4834	1	no
4835	1	no
4836	1	no
4837	1	no
4838	1	no
4839	1	no
4840	1	no
4841	1	no
4842	1	no
4843	1	no
4844	1	no
4845	1	no
4846	1	no
4847	1	no
4848	0	no
4849	1	no
4850	1	no
4851	1	no
4852	1	no
4853	1	no
4854	1	no
4855	0	no
4856	1	no
4857	1	no
4858	0	no
4859	1	no
4860	1	no
4861	1	no
4862	1	no
4863	1	no
4864	0	no
4865	1	no
4866	1	no
4867	1	no
4868	0	no
4869	1	no
4870	1	no
4871	1	no
4872	1	no
4873	0	no
4874	1	no
4875	1	no
4876	1	no
4877	1	no
4878	1	no
4879	1	no
4880	1	no
4881	1	no
4882	0	no
4883	0	no
4884	1	no
4885	1	no
4886	1	no
4887	1	no
4888	0	no
4889	0	no
4890	1	no
4891	1	no
4892	1	no
4893	1	no
4894	1	no
4895	1	no
4896	1	no
4897	1	no
4898	1	no
4899	1	no
4900	1	no
4901	0	no
4902	1	no
4903	1	no
4904	1	no
4905	1	no
4906	1	no
4907	1	no
4908	1	no
4909	1	no
4910	1	no
4911	1	no
4912	1	no
4913	1	no
4914	1	no
4915	1	no
4916	0	no
4917	1	no
4918	1	no
4919	1	no
4920	1	no
4921	0	no
4922	0	no
4923	1	no
4924	1	no
4925	1	no
4926	1	no
4927	1	no
4928	1	no
4929	1	no
4930	1	no
4931	1	no
4932	0	no
4933	1	no
4934	1	no
4935	1	no
4936	1	no
4937	1	no
4938	0	no
4939	1	no
4940	1	no
4941	1	no
4942	1	no
4943	1	no
4944	0	no
4945	1	no
4946	1	no
4947	1	no
4948	1	no
4949	1	no
4950	1	no
4951	1	no
4952	1	no
4953	1	no
4954	1	no
4955	1	no
4956	1	no
4957	0	no
4958	1	no
4959	1	no
4960	0	no
4961	0	no
4962	1	no
4963	1	no
4964	1	no
4965	0	no
4966	1	no
4967	1	no
4968	1	no
4969	0	no
4970	1	no
4971	0	no
4972	1	no
4973	1	no
4974	1	no
4975	1	no
4976	1	no
4977	1	no
4978	1	no
4979	1	no
4980	0	no
4981	1	no
4982	1	no
4983	0	no
4984	0	no
4985	1	no
4986	1	no
4987	1	no
4988	1	no
4989	1	no
4990	1	no
4991	1	no
4992	1	no
4993	0	no
4994	1	no
4995	1	no
4996	1	no
4997	1	no
4998	1	no
4999	1	no
5000	1	no
5001	1	no
5002	0	no
5003	1	no
5004	0	no
5005	1	no
5006	1	no
5007	1	no
5008	1	no
5009	1	no
5010	1	no
5011	1	no
5012	1	no
5013	1	no
5014	1	no
5015	1	no
5016	1	no
5017	1	no
5018	0	no
5019	1	no
5020	0	no
5021	1	no
5022	1	no
5023	1	no
5024	1	no
5025	0	no
5026	1	no
5027	1	no
5028	1	no
5029	1	no
5030	1	no
5031	1	no
5032	0	no
5033	1	no
5034	1	no
5035	0	no
5036	1	no
5037	0	no
5038	1	no
5039	1	no
5040	1	no
5041	1	no
5042	1	no
5043	1	no
5044	0	no
5045	1	no
5046	1	no
5047	1	no
5048	1	no
5049	0	no
5050	1	no
5051	1	no
5052	0	no
5053	1	no
5054	1	no
5055	0	no
5056	1	no
5057	1	no
5058	1	no
5059	1	no
5060	1	no
5061	1	no
5062	1	no
5063	1	no
5064	1	no
5065	1	no
5066	0	no
5067	1	no
5068	1	no
5069	1	no
5070	1	no
5071	0	no
5072	1	no
5073	1	no
5074	1	no
5075	1	no
5076	1	no
5077	1	no
5078	1	no
5079	1	no
5080	1	no
5081	1	no
5082	1	no
5083	0	no
5084	0	no
5085	1	no
5086	1	no
5087	1	no
5088	0	no
5089	1	no
5090	1	no
5091	1	no
5092	1	no
5093	1	no
5094	1	no
5095	1	no
5096	1	no
5097	1	no
5098	0	no
5099	1	no
5100	1	no
5101	1	no
5102	1	no
5103	1	no
5104	1	no
5105	1	no
5106	1	no
5107	1	no
5108	1	no
5109	1	no
5110	1	no
5111	1	no
5112	1	no
5113	1	no
5114	1	no
5115	1	no
5116	1	no
5117	0	no
5118	0	no
5119	1	no
5120	1	no
5121	1	no
5122	1	no
5123	0	no
5124	1	no
5125	1	no
5126	1	no
5127	1	no
5128	1	no
5129	1	no
5130	0	no
5131	1	no
5132	1	no
5133	1	no
5134	1	no
5135	1	no
5136	1	no
5137	1	no
5138	0	no
5139	1	no
5140	1	no
5141	1	no
5142	1	no
5143	1	no
5144	1	no
5145	1	no
5146	1	no
5147	1	no
5148	1	no
5149	1	no
5150	0	no
5151	0	no
5152	1	no
5153	1	no
5154	1	no
5155	1	no
5156	1	no
5157	0	no
5158	0	no
5159	1	no
5160	1	no
5161	0	no
5162	0	no
5163	0	no
5164	1	no
5165	1	no
5166	1	no
5167	1	no
5168	1	no
5169	0	no
5170	1	no
5171	1	no
5172	0	no
5173	1	no
5174	1	no
5175	1	no
5176	1	no
5177	1	no
5178	1	no
5179	1	no
5180	1	no
5181	1	no
5182	1	no
5183	1	no
5184	1	no
5185	0	no
5186	1	no
5187	1	no
5188	0	no
5189	0	no
5190	1	no
5191	0	no
5192	0	no
5193	1	no
5194	0	no
5195	1	no
5196	1	no
5197	1	no
5198	0	no
5199	1	no
5200	0	no
5201	1	no
5202	1	no
5203	1	no
5204	1	no
5205	1	no
5206	1	no
5207	1	no
5208	0	no
5209	1	no
5210	1	no
5211	0	no
5212	1	no
5213	1	no
5214	1	no
5215	1	no
5216	1	no
5217	1	no
5218	1	no
5219	0	no
5220	1	no
5221	1	no
5222	0	no
5223	0	no
5224	1	no
5225	0	no
5226	1	no
5227	1	no
5228	1	no
5229	1	no
5230	1	no
5231	1	no
5232	1	no
5233	1	no
5234	0	no
5235	1	no
5236	1	no
5237	1	no
5238	0	no
5239	1	no
5240	1	no
5241	1	no
5242	0	no
5243	1	no
5244	1	no
5245	1	no
5246	0	no
5247	1	no
5248	1	no
5249	1	no
5250	1	no
5251	1	no
5252	0	no
5253	1	no
5254	1	no
5255	1	no
5256	0	no
5257	0	no
5258	1	no
5259	1	no
5260	1	no
5261	1	no
5262	1	no
5263	1	no
5264	0	no
5265	1	no
5266	1	no
5267	1	no
5268	1	no
5269	1	no
5270	1	no
5271	0	no
5272	1	no
5273	0	no
5274	1	no
5275	1	no
5276	1	no
5277	1	no
5278	0	no
5279	1	no
5280	0	no
5281	1	no
5282	1	no
5283	1	no
5284	1	no
5285	0	no
5286	1	no
5287	1	no
5288	1	no
5289	1	no
5290	1	no
5291	1	no
5292	1	no
5293	1	no
5294	1	no
5295	0	no
5296	0	no
5297	1	no
5298	1	no
5299	0	no
5300	1	no
5301	1	no
5302	0	no
5303	1	no
5304	1	no
5305	0	no
5306	1	no
5307	1	no
5308	1	no
5309	0	no
5310	1	no
5311	1	no
5312	0	no
5313	1	no
5314	1	no
5315	1	no
5316	1	no
5317	1	no
5318	1	no
5319	0	no
5320	1	no
5321	1	no
5322	1	no
5323	0	no
5324	1	no
5325	0	no
5326	1	no
5327	0	no
5328	1	no
5329	0	no
5330	1	no
5331	0	no
5332	1	no
5333	1	no
5334	1	no
5335	0	no
5336	1	no
5337	0	no
5338	1	no
5339	1	no
5340	1	no
5341	1	no
5342	1	no
5343	0	no
5344	1	no
5345	1	no
5346	0	no
5347	1	no
5348	1	no
5349	1	no
5350	1	no
5351	1	no
5352	1	no
5353	1	no
5354	1	no
5355	1	no
5356	1	no
5357	1	no
5358	1	no
5359	1	no
5360	0	no
5361	1	no
5362	1	no
5363	0	no
5364	1	no
5365	1	no
5366	1	no
5367	1	no
5368	1	no
5369	1	no
5370	1	no
5371	1	no
5372	1	no
5373	0	no
5374	1	no
5375	1	no
5376	1	no
5377	1	no
5378	0	no
5379	1	no
5380	0	no
5381	1	no
5382	1	no
5383	1	no
5384	1	no
5385	1	no
5386	1	no
5387	1	no
5388	1	no
5389	0	no
5390	1	no
5391	0	no
5392	1	no
5393	0	no
5394	1	no
5395	1	no
5396	0	no
5397	1	no
5398	1	no
5399	1	no
5400	1	no
5401	0	no
5402	1	no
5403	1	no
5404	1	no
5405	0	no
5406	0	no
5407	0	no
5408	1	no
5409	1	no
5410	1	no
5411	1	no
5412	1	no
5413	1	no
5414	1	no
5415	1	no
5416	1	no
5417	1	no
5418	1	no
5419	0	no
5420	1	no
5421	0	no
5422	1	no
5423	1	no
5424	1	no
5425	1	no
5426	1	no
5427	1	no
5428	0	no
5429	1	no
5430	1	no
5431	1	no
5432	1	no
5433	0	no
5434	1	no
5435	1	no
5436	1	no
5437	1	no
5438	0	no
5439	1	no
5440	1	no
5441	1	no
5442	1	no
5443	1	no
5444	1	no
5445	1	no
5446	1	no
5447	1	no
5448	1	no
5449	0	no
5450	1	no
5451	1	no
5452	1	no
5453	1	no
5454	1	no
5455	1	no
5456	1	no
5457	1	no
5458	0	no
5459	1	no
5460	1	no
5461	1	no
5462	1	no
5463	1	no
5464	1	no
5465	1	no
5466	1	no
5467	1	no
5468	1	no
5469	1	no
5470	1	no
5471	1	no
5472	1	no
5473	1	no
5474	1	no
5475	1	no
5476	1	no
5477	1	no
5478	0	no
5479	0	no
5480	1	no
5481	1	no
5482	0	no
5483	1	no
5484	1	no
5485	1	no
5486	1	no
5487	1	no
5488	1	no
5489	1	no
5490	1	no
5491	1	no
5492	1	no
5493	1	no
5494	1	no
5495	1	no
5496	1	no
5497	1	no
5498	0	no
5499	1	no
5500	1	no
5501	1	no
5502	1	no
5503	1	no
5504	1	no
5505	1	no
5506	1	no
5507	0	no
5508	1	no
5509	1	no
5510	1	no
5511	1	no
5512	1	no
5513	1	no
5514	1	no
5515	1	no
5516	1	no
5517	1	no
5518	1	no
5519	1	no
5520	1	no
5521	1	no
5522	0	no
5523	1	no
5524	1	no
5525	1	no
5526	1	no
5527	1	no
5528	1	no
5529	1	no
5530	1	no
5531	1	no
5532	1	no
5533	0	no
5534	1	no
5535	1	no
5536	0	no
5537	1	no
5538	1	no
5539	1	no
5540	1	no
5541	1	no
5542	0	no
5543	0	no
5544	1	no
5545	0	no
5546	1	no
5547	0	no
5548	1	no
5549	1	no
5550	1	no
5551	1	no
5552	1	no
5553	1	no
5554	1	no
5555	1	no
5556	1	no
5557	1	no
5558	1	no
5559	1	no
5560	1	no
5561	1	no
5562	0	no
5563	1	no
5564	1	no
5565	1	no
5566	1	no
5567	1	no
5568	1	no
5569	1	no
5570	1	no
5571	1	no
5572	1	no
5573	1	no
5574	0	no
5575	1	no
5576	1	no
5577	1	no
5578	1	no
5579	1	no
5580	1	no
5581	1	no
5582	1	no
5583	1	no
5584	1	no
5585	1	no
5586	1	no
5587	1	no
5588	1	no
5589	1	no
5590	0	no
5591	1	no
5592	1	no
5593	1	no
5594	1	no
5595	1	no
5596	1	no
5597	1	no
5598	1	no
5599	1	no
5600	1	no
5601	1	no
5602	1	no
5603	1	no
5604	1	no
5605	1	no
5606	1	no
5607	1	no
5608	1	no
5609	1	no
5610	0	no
5611	1	no
5612	1	no
5613	1	no
5614	0	no
5615	1	no
5616	1	no
5617	1	no
5618	1	no
5619	1	no
5620	1	no
5621	1	no
5622	1	no
5623	1	no
5624	0	no
5625	1	no
5626	0	no
5627	1	no
5628	0	no
5629	1	no
5630	0	no
5631	1	no
5632	1	no
5633	0	no
5634	1	no
5635	1	no
5636	1	no
5637	1	no
5638	1	no
5639	1	no
5640	1	no
5641	0	no
5642	1	no
5643	1	no
5644	1	no
5645	1	no
5646	0	no
5647	1	no
5648	1	no
5649	1	no
5650	0	no
5651	0	no
5652	1	no
5653	0	no
5654	1	no
5655	1	no
5656	1	no
5657	1	no
5658	1	no
5659	0	no
5660	1	no
5661	1	no
5662	1	no
5663	1	no
5664	1	no
5665	1	no
5666	0	no
5667	1	no
5668	1	no
5669	1	no
5670	1	no
5671	1	no
5672	1	no
5673	1	no
5674	1	no
5675	0	no
5676	1	no
5677	1	no
5678	0	no
5679	1	no
5680	0	no
5681	1	no
5682	1	no
5683	1	no
5684	0	no
5685	1	no
5686	1	no
5687	1	no
5688	0	no
5689	1	no
5690	1	no
5691	1	no
5692	1	no
5693	1	no
5694	1	no
5695	1	no
5696	1	no
5697	1	no
5698	1	no
5699	0	no
5700	1	no
5701	1	no
5702	1	no
5703	0	no
5704	1	no
5705	1	no
5706	1	no
5707	0	no
5708	1	no
5709	1	no
5710	1	no
5711	1	no
5712	1	no
5713	1	no
5714	1	no
5715	1	no
5716	1	no
5717	1	no
5718	0	no
5719	1	no
5720	1	no
5721	1	no
5722	1	no
5723	1	no
5724	1	no
5725	1	no
5726	1	no
5727	1	no
5728	0	no
5729	1	no
5730	1	no
5731	1	no
5732	1	no
5733	1	no
5734	0	no
5735	0	no
5736	1	no
5737	1	no
5738	0	no
5739	1	no
5740	1	no
5741	1	no
5742	1	no
5743	1	no
5744	1	no
5745	1	no
5746	1	no
5747	1	no
5748	1	no
5749	1	no
5750	1	no
5751	1	no
5752	0	no
5753	0	no
5754	1	no
5755	1	no
5756	1	no
5757	1	no
5758	1	no
5759	1	no
5760	1	no
5761	1	no
5762	1	no
5763	1	no
5764	1	no
5765	1	no
5766	0	no
5767	1	no
5768	0	no
5769	1	no
5770	0	no
5771	1	no
5772	1	no
5773	0	no
5774	1	no
5775	1	no
5776	0	no
5777	0	no
5778	1	no
5779	1	no
5780	1	no
5781	1	no
5782	1	no
5783	1	no
5784	0	no
5785	1	no
5786	1	no
5787	1	no
5788	1	no
5789	1	no
5790	1	no
5791	1	no
5792	1	no
5793	1	no
5794	1	no
5795	0	no
5796	1	no
5797	1	no
5798	1	no
5799	1	no
5800	1	no
5801	0	no
5802	1	no
5803	1	no
5804	1	no
5805	1	no
5806	1	no
5807	1	no
5808	0	no
5809	0	no
5810	1	no
5811	0	no
5812	0	no
5813	1	no
5814	1	no
5815	1	no
5816	1	no
5817	1	no
5818	0	no
5819	1	no
5820	0	no
5821	0	no
5822	0	no
5823	1	no
5824	1	no
5825	0	no
5826	1	no
5827	1	no
5828	0	no
5829	1	no
5830	1	no
5831	1	no
5832	0	no
5833	1	no
5834	1	no
5835	1	no
5836	0	no
5837	1	no
5838	0	no
5839	1	no
5840	1	no
5841	1	no
5842	1	no
5843	1	no
5844	1	no
5845	1	no
5846	1	no
5847	1	no
5848	1	no
5849	1	no
5850	1	no
5851	1	no
5852	0	no
5853	1	no
5854	1	no
5855	1	no
5856	0	no
5857	1	no
5858	0	no
5859	1	no
5860	1	no
5861	0	no
5862	1	no
5863	1	no
5864	0	no
5865	1	no
5866	1	no
5867	1	no
5868	1	no
5869	0	no
5870	1	no
5871	1	no
5872	1	no
5873	1	no
5874	1	no
5875	1	no
5876	1	no
5877	1	no
5878	0	no
5879	1	no
5880	1	no
5881	1	no
5882	1	no
5883	1	no
5884	1	no
5885	0	no
5886	1	no
5887	0	no
5888	0	no
5889	1	no
5890	1	no
5891	1	no
5892	0	no
5893	1	no
5894	1	no
5895	1	no
5896	1	no
5897	1	no
5898	1	no
5899	1	no
5900	1	no
5901	1	no
5902	1	no
5903	1	no
5904	1	no
5905	1	no
5906	1	no
5907	1	no
5908	1	no
5909	1	no
5910	0	no
5911	1	no
5912	0	no
5913	1	no
5914	1	no
5915	1	no
5916	1	no
5917	1	no
5918	1	no
5919	1	no
5920	1	no
5921	0	no
5922	1	no
5923	1	no
5924	1	no
5925	1	no
5926	1	no
5927	1	no
5928	1	no
5929	1	no
5930	1	no
5931	1	no
5932	0	no
5933	1	no
5934	0	no
5935	0	no
5936	1	no
5937	1	no
5938	1	no
5939	1	no
5940	1	no
5941	1	no
5942	1	no
5943	0	no
5944	0	no
5945	1	no
5946	1	no
5947	1	no
5948	1	no
5949	1	no
5950	1	no
5951	1	no
5952	1	no
5953	0	no
5954	1	no
5955	1	no
5956	1	no
5957	1	no
5958	1	no
5959	1	no
5960	1	no
5961	0	no
5962	1	no
5963	1	no
5964	1	no
5965	1	no
5966	1	no
5967	1	no
5968	1	no
5969	1	no
5970	0	no
5971	1	no
5972	1	no
5973	1	no
5974	1	no
5975	1	no
5976	1	no
5977	1	no
5978	0	no
5979	0	no
5980	1	no
5981	0	no
5982	1	no
5983	0	no
5984	1	no
5985	1	no
5986	0	no
5987	1	no
5988	1	no
5989	1	no
5990	1	no
5991	1	no
5992	1	no
5993	1	no
5994	1	no
5995	0	no
5996	1	no
5997	1	no
5998	1	no
5999	1	no
6000	1	no
6001	1	no
6002	1	no
6003	0	no
6004	1	no
6005	1	no
6006	1	no
6007	1	no
6008	1	no
6009	0	no
6010	0	no
6011	1	no
6012	1	no
6013	1	no
6014	1	no
6015	1	no
6016	1	no
6017	1	no
6018	1	no
6019	1	no
6020	0	no
6021	1	no
6022	1	no
6023	1	no
6024	1	no
6025	1	no
6026	1	no
6027	1	no
6028	1	no
6029	1	no
6030	1	no
6031	0	no
6032	1	no
6033	1	no
6034	1	no
6035	1	no
6036	1	no
6037	1	no
6038	1	no
6039	1	no
6040	0	no
6041	1	no
6042	1	no
6043	1	no
6044	1	no
6045	0	no
6046	1	no
6047	1	no
6048	1	no
6049	1	no
6050	1	no
6051	1	no
6052	1	no
6053	1	no
6054	1	no
6055	1	no
6056	1	no
6057	1	no
6058	0	no
6059	1	no
6060	1	no
6061	1	no
6062	1	no
6063	0	no
6064	0	no
6065	1	no
6066	1	no
6067	1	no
6068	1	no
6069	0	no
6070	1	no
6071	1	no
6072	0	no
6073	0	no
6074	1	no
6075	1	no
6076	1	no
6077	1	no
6078	1	no
6079	1	no
6080	1	no
6081	1	no
6082	1	no
6083	1	no
6084	1	no
6085	0	no
6086	1	no
6087	1	no
6088	1	no
6089	1	no
6090	1	no
6091	1	no
6092	1	no
6093	1	no
6094	1	no
6095	1	no
6096	1	no
6097	1	no
6098	1	no
6099	0	no
6100	0	no
6101	1	no
6102	0	no
6103	0	no
6104	1	no
6105	0	no
6106	1	no
6107	0	no
6108	1	no
6109	1	no
6110	1	no
6111	0	no
6112	1	no
6113	1	no
6114	1	no
6115	1	no
6116	1	no
6117	1	no
6118	0	no
6119	1	no
6120	1	no
6121	1	no
6122	1	no
6123	1	no
6124	1	no
6125	0	no
6126	1	no
6127	1	no
6128	1	no
6129	1	no
6130	1	no
6131	1	no
6132	1	no
6133	1	no
6134	1	no
6135	1	no
6136	1	no
6137	1	no
6138	1	no
6139	0	no
6140	1	no
6141	1	no
6142	1	no
6143	1	no
6144	1	no
6145	1	no
6146	1	no
6147	1	no
6148	1	no
6149	1	no
6150	1	no
6151	0	no
6152	1	no
6153	0	no
6154	0	no
6155	1	no
6156	1	no
6157	1	no
6158	1	no
6159	1	no
6160	1	no
6161	1	no
6162	1	no
6163	1	no
6164	1	no
6165	1	no
6166	1	no
6167	1	no
6168	1	no
6169	1	no
6170	1	no
6171	1	no
6172	1	no
6173	1	no
6174	1	no
6175	1	no
6176	1	no
6177	1	no
6178	1	no
6179	1	no
6180	1	no
6181	1	no
6182	1	no
6183	1	no
6184	1	no
6185	1	no
6186	1	no
6187	1	no
6188	1	no
6189	1	no
6190	1	no
6191	0	no
6192	0	no
6193	1	no
6194	1	no
6195	0	no
6196	1	no
6197	1	no
6198	0	no
6199	0	no
6200	1	no
6201	0	no
6202	0	no
6203	1	no
6204	1	no
6205	1	no
6206	0	no
6207	1	no
6208	1	no
6209	1	no
6210	1	no
6211	1	no
6212	1	no
6213	1	no
6214	1	no
6215	1	no
6216	0	no
6217	1	no
6218	1	no
6219	0	no
6220	1	no
6221	1	no
6222	1	no
6223	1	no
6224	1	no
6225	1	no
6226	1	no
6227	1	no
6228	0	no
6229	1	no
6230	1	no
6231	0	no
6232	1	no
6233	1	no
6234	1	no
6235	0	no
6236	1	no
6237	1	no
6238	1	no
6239	1	no
6240	1	no
6241	1	no
6242	1	no
6243	1	no
6244	1	no
6245	1	no
6246	1	no
6247	1	no
6248	1	no
6249	1	no
6250	1	no
6251	0	no
6252	0	no
6253	1	no
6254	1	no
6255	1	no
6256	1	no
6257	1	no
6258	1	no
6259	0	no
6260	0	no
6261	1	no
6262	0	no
6263	1	no
6264	1	no
6265	1	no
6266	1	no
6267	1	no
6268	0	no
6269	1	no
6270	1	no
6271	1	no
6272	1	no
6273	1	no
6274	1	no
6275	0	no
6276	1	no
6277	1	no
6278	1	no
6279	1	no
6280	1	no
6281	1	no
6282	1	no
6283	1	no
6284	1	no
6285	1	no
6286	1	no
6287	0	no
6288	1	no
6289	1	no
6290	1	no
6291	1	no
6292	1	no
6293	1	no
6294	1	no
6295	1	no
6296	1	no
6297	1	no
6298	1	no
6299	1	no
6300	0	no
6301	0	no
6302	1	no
6303	1	no
6304	0	no
6305	1	no
6306	1	no
6307	1	no
6308	1	no
6309	1	no
6310	1	no
6311	1	no
6312	1	no
6313	1	no
6314	1	no
6315	1	no
6316	1	no
6317	1	no
6318	1	no
6319	1	no
6320	1	no
6321	1	no
6322	1	no
6323	1	no
6324	1	no
6325	1	no
6326	0	no
6327	1	no
6328	1	no
6329	1	no
6330	1	no
6331	1	no
6332	1	no
6333	0	no
6334	1	no
6335	1	no
6336	0	no
6337	1	no
6338	1	no
6339	1	no
6340	0	no
6341	1	no
6342	1	no
6343	0	no
6344	0	no
6345	1	no
6346	1	no
6347	1	no
6348	1	no
6349	1	no
6350	1	no
6351	1	no
6352	0	no
6353	1	no
6354	1	no
6355	1	no
6356	1	no
6357	1	no
6358	1	no
6359	1	no
6360	1	no
6361	1	no
6362	0	no
6363	1	no
6364	1	no
6365	0	no
6366	1	no
6367	1	no
6368	1	no
6369	1	no
6370	1	no
6371	1	no
6372	1	no
6373	1	no
6374	1	no
6375	1	no
6376	1	no
6377	1	no
6378	1	no
6379	1	no
6380	1	no
6381	1	no
6382	0	no
6383	1	no
6384	1	no
6385	1	no
6386	1	no
6387	1	no
6388	0	no
6389	1	no
6390	0	no
6391	1	no
6392	1	no
6393	1	no
6394	1	no
6395	1	no
6396	1	no
6397	1	no
6398	1	no
6399	1	no
6400	1	no
6401	1	no
6402	1	no
6403	0	no
6404	1	no
6405	1	no
6406	0	no
6407	1	no
6408	1	no
6409	0	no
6410	1	no
6411	1	no
6412	1	no
6413	1	no
6414	0	no
6415	1	no
6416	1	no
6417	1	no
6418	0	no
6419	1	no
6420	0	no
6421	1	no
6422	1	no
6423	1	no
6424	1	no
6425	1	no
6426	0	no
6427	1	no
6428	1	no
6429	0	no
6430	1	no
6431	1	no
6432	0	no
6433	1	no
6434	1	no
6435	1	no
6436	1	no
6437	1	no
6438	1	no
6439	1	no
6440	1	no
6441	1	no
6442	1	no
6443	1	no
6444	0	no
6445	1	no
6446	1	no
6447	1	no
6448	1	no
6449	1	no
6450	1	no
6451	1	no
6452	1	no
6453	1	no
6454	1	no
6455	1	no
6456	1	no
6457	1	no
6458	1	no
6459	1	no
6460	1	no
6461	0	no
6462	1	no
6463	1	no
6464	1	no
6465	0	no
6466	1	no
6467	1	no
6468	1	no
6469	1	no
6470	1	no
6471	0	no
6472	0	no
6473	1	no
6474	1	no
6475	1	no
6476	1	no
6477	0	no
6478	0	no
6479	0	no
6480	1	no
6481	1	no
6482	1	no
6483	1	no
6484	1	no
6485	1	no
6486	1	no
6487	1	no
6488	1	no
6489	1	no
6490	1	no
6491	0	no
6492	1	no
6493	1	no
6494	1	no
6495	0	no
6496	1	no
6497	0	no
6498	1	no
6499	1	no
6500	1	no
6501	1	no
6502	0	no
6503	1	no
6504	1	no
6505	1	no
6506	0	no
6507	0	no
6508	1	no
6509	1	no
6510	1	no
6511	1	no
6512	1	no
6513	1	no
6514	0	no
6515	0	no
6516	0	no
6517	1	no
6518	0	no
6519	1	no
6520	0	no
6521	1	no
6522	1	no
6523	1	no
6524	1	no
6525	1	no
6526	0	no
6527	1	no
6528	1	no
6529	1	no
6530	1	no
6531	1	no
6532	1	no
6533	1	no
6534	1	no
6535	0	no
6536	1	no
6537	1	no
6538	0	no
6539	1	no
6540	1	no
6541	1	no
6542	1	no
6543	1	no
6544	0	no
6545	1	no
6546	1	no
6547	1	no
6548	1	no
6549	0	no
6550	1	no
6551	1	no
6552	1	no
6553	1	no
6554	1	no
6555	0	no
6556	1	no
6557	0	no
6558	1	no
6559	1	no
6560	1	no
6561	1	no
6562	0	no
6563	1	no
6564	1	no
6565	1	no
6566	1	no
6567	1	no
6568	1	no
6569	1	no
6570	0	no
6571	0	no
6572	1	no
6573	1	no
6574	1	no
6575	1	no
6576	1	no
6577	0	no
6578	1	no
6579	1	no
6580	1	no
6581	1	no
6582	1	no
6583	1	no
6584	1	no
6585	1	no
6586	1	no
6587	1	no
6588	1	no
6589	1	no
6590	1	no
6591	1	no
6592	1	no
6593	1	no
6594	1	no
6595	1	no
6596	0	no
6597	1	no
6598	1	no
6599	1	no
6600	0	no
6601	1	no
6602	1	no
6603	1	no
6604	1	no
6605	1	no
6606	0	no
6607	1	no
6608	0	no
6609	1	no
6610	1	no
6611	1	no
6612	0	no
6613	0	no
6614	1	no
6615	1	no
6616	0	no
6617	1	no
6618	0	no
6619	1	no
6620	1	no
6621	1	no
6622	1	no
6623	1	no
6624	1	no
6625	0	no
6626	1	no
6627	1	no
6628	1	no
6629	1	no
6630	1	no
6631	1	no
6632	1	no
6633	1	no
6634	1	no
6635	1	no
6636	1	no
6637	1	no
6638	1	no
6639	1	no
6640	1	no
6641	0	no
6642	1	no
6643	0	no
6644	0	no
6645	0	no
6646	1	no
6647	1	no
6648	1	no
6649	1	no
6650	1	no
6651	1	no
6652	1	no
6653	1	no
6654	1	no
6655	1	no
6656	1	no
6657	1	no
6658	1	no
6659	1	no
6660	1	no
6661	1	no
6662	1	no
6663	0	no
6664	1	no
6665	1	no
6666	1	no
6667	1	no
6668	1	no
6669	1	no
6670	1	no
6671	1	no
6672	1	no
6673	1	no
6674	1	no
6675	1	no
6676	1	no
6677	1	no
6678	1	no
6679	0	no
6680	1	no
6681	1	no
6682	1	no
6683	1	no
6684	1	no
6685	1	no
6686	1	no
6687	0	no
6688	0	no
6689	1	no
6690	1	no
6691	1	no
6692	1	no
6693	1	no
6694	1	no
6695	1	no
6696	0	no
6697	1	no
6698	1	no
6699	1	no
6700	1	no
6701	1	no
6702	0	no
6703	1	no
6704	1	no
6705	1	no
6706	1	no
6707	1	no
6708	1	no
6709	1	no
6710	1	no
6711	0	no
6712	1	no
6713	1	no
6714	1	no
6715	1	no
6716	1	no
6717	1	no
6718	0	no
6719	1	no
6720	1	no
6721	1	no
6722	1	no
6723	0	no
6724	0	no
6725	0	no
6726	1	no
6727	1	no
6728	1	no
6729	1	no
6730	1	no
6731	1	no
6732	1	no
6733	1	no
6734	1	no
6735	1	no
6736	1	no
6737	1	no
6738	1	no
6739	1	no
6740	1	no
6741	1	no
6742	1	no
6743	1	no
6744	1	no
6745	1	no
6746	1	no
6747	0	no
6748	1	no
6749	1	no
6750	1	no
6751	1	no
6752	1	no
6753	0	no
6754	1	no
6755	1	no
6756	1	no
6757	1	no
6758	0	no
6759	1	no
6760	1	no
6761	1	no
6762	1	no
6763	1	no
6764	1	no
6765	1	no
6766	1	no
6767	0	no
6768	1	no
6769	1	no
6770	0	no
6771	1	no
6772	1	no
6773	1	no
6774	1	no
6775	1	no
6776	0	no
6777	1	no
6778	1	no
6779	1	no
6780	1	no
6781	1	no
6782	1	no
6783	1	no
6784	0	no
6785	1	no
6786	1	no
6787	1	no
6788	1	no
6789	1	no
6790	1	no
6791	1	no
6792	1	no
6793	1	no
6794	1	no
6795	1	no
6796	1	no
6797	1	no
6798	0	no
6799	1	no
6800	1	no
6801	0	no
6802	0	no
6803	1	no
6804	1	no
6805	1	no
6806	1	no
6807	1	no
6808	1	no
6809	1	no
6810	1	no
6811	1	no
6812	1	no
6813	0	no
6814	1	no
6815	1	no
6816	1	no
6817	0	no
6818	1	no
6819	0	no
6820	1	no
6821	0	no
6822	1	no
6823	1	no
6824	1	no
6825	1	no
6826	1	no
6827	0	no
6828	1	no
6829	1	no
6830	1	no
6831	1	no
6832	1	no
6833	0	no
6834	0	no
6835	1	no
6836	1	no
6837	1	no
6838	1	no
6839	1	no
6840	1	no
6841	1	no
6842	1	no
6843	1	no
6844	1	no
6845	0	no
6846	1	no
6847	0	no
6848	0	no
6849	0	no
6850	1	no
6851	1	no
6852	1	no
6853	1	no
6854	1	no
6855	1	no
6856	1	no
6857	1	no
6858	1	no
6859	1	no
6860	1	no
6861	1	no
6862	1	no
6863	1	no
6864	1	no
6865	1	no
6866	1	no
6867	0	no
6868	1	no
6869	1	no
6870	1	no
6871	1	no
6872	0	no
6873	1	no
6874	1	no
6875	1	no
6876	1	no
6877	1	no
6878	1	no
6879	1	no
6880	1	no
6881	1	no
6882	0	no
6883	1	no
6884	1	no
6885	1	no
6886	1	no
6887	1	no
6888	1	no
6889	1	no
6890	1	no
6891	0	no
6892	0	no
6893	1	no
6894	1	no
6895	1	no
6896	1	no
6897	1	no
6898	0	no
6899	1	no
6900	1	no
6901	1	no
6902	1	no
6903	1	no
6904	1	no
6905	1	no
6906	1	no
6907	0	no
6908	1	no
6909	0	no
6910	1	no
6911	1	no
6912	1	no
6913	1	no
6914	1	no
6915	1	no
6916	1	no
6917	1	no
6918	1	no
6919	1	no
6920	0	no
6921	1	no
6922	1	no
6923	1	no
6924	0	no
6925	1	no
6926	1	no
6927	1	no
6928	1	no
6929	1	no
6930	1	no
6931	1	no
6932	1	no
6933	1	no
6934	1	no
6935	1	no
6936	1	no
6937	1	no
6938	1	no
6939	0	no
6940	0	no
6941	1	no
6942	0	no
6943	0	no
6944	1	no
6945	1	no
6946	1	no
6947	0	no
6948	1	no
6949	1	no
6950	1	no
6951	1	no
6952	1	no
6953	1	no
6954	1	no
6955	0	no
6956	1	no
6957	0	no
6958	0	no
6959	0	no
6960	1	no
6961	1	no
6962	1	no
6963	1	no
6964	1	no
6965	1	no
6966	1	no
6967	1	no
6968	1	no
6969	1	no
6970	1	no
6971	1	no
6972	1	no
6973	1	no
6974	1	no
6975	1	no
6976	0	no
6977	1	no
6978	1	no
6979	1	no
6980	0	no
6981	1	no
6982	0	no
6983	1	no
6984	1	no
6985	1	no
6986	1	no
6987	0	no
6988	0	no
6989	0	no
6990	1	no
6991	1	no
6992	0	no
6993	0	no
6994	0	no
6995	1	no
6996	1	no
6997	1	no
6998	1	no
6999	1	no
7000	1	no
7001	1	no
7002	1	no
7003	1	no
7004	1	no
7005	1	no
7006	1	no
7007	1	no
7008	1	no
7009	0	no
7010	1	no
7011	0	no
7012	1	no
7013	1	no
7014	1	no
7015	1	no
7016	1	no
7017	1	no
7018	1	no
7019	1	no
7020	1	no
7021	1	no
7022	1	no
7023	1	no
7024	1	no
7025	1	no
7026	1	no
7027	1	no
7028	1	no
7029	1	no
7030	1	no
7031	1	no
7032	0	no
7033	1	no
7034	0	no
7035	1	no
7036	0	no
7037	0	no
7038	1	no
7039	1	no
7040	1	no
7041	1	no
7042	1	no
7043	1	no
7044	1	no
7045	0	no
7046	1	no
7047	0	no
7048	0	no
7049	1	no
7050	1	no
7051	1	no
7052	0	no
7053	1	no
7054	1	no
7055	1	no
7056	1	no
7057	1	no
7058	0	no
7059	1	no
7060	1	no
7061	0	no
7062	0	no
7063	1	no
7064	1	no
7065	1	no
7066	0	no
7067	1	no
7068	1	no
7069	1	no
7070	0	no
7071	0	no
7072	1	no
7073	0	no
7074	1	no
7075	1	no
7076	1	no
7077	1	no
7078	0	no
7079	1	no
7080	1	no
7081	1	no
7082	1	no
7083	1	no
7084	1	no
7085	1	no
7086	1	no
7087	1	no
7088	0	no
7089	0	no
7090	1	no
7091	1	no
7092	1	no
7093	1	no
7094	1	no
7095	1	no
7096	1	no
7097	1	no
7098	1	no
7099	0	no
7100	1	no
7101	0	no
7102	1	no
7103	0	no
7104	1	no
7105	1	no
7106	1	no
7107	1	no
7108	1	no
7109	1	no
7110	1	no
7111	0	no
7112	1	no
7113	1	no
7114	1	no
7115	1	no
7116	1	no
7117	0	no
7118	1	no
7119	1	no
7120	1	no
7121	1	no
7122	1	no
7123	1	no
7124	0	no
7125	1	no
7126	1	no
7127	1	no
7128	1	no
7129	1	no
7130	1	no
7131	1	no
7132	0	no
7133	1	no
7134	1	no
7135	1	no
7136	0	no
7137	1	no
7138	0	no
7139	0	no
7140	1	no
7141	1	no
7142	1	no
7143	1	no
7144	1	no
7145	1	no
7146	1	no
7147	1	no
7148	1	no
7149	0	no
7150	1	no
7151	1	no
7152	1	no
7153	1	no
7154	1	no
7155	1	no
7156	1	no
7157	1	no
7158	1	no
7159	1	no
7160	1	no
7161	1	no
7162	1	no
7163	1	no
7164	1	no
7165	1	no
7166	1	no
7167	1	no
7168	1	no
7169	1	no
7170	1	no
7171	1	no
7172	0	no
7173	1	no
7174	1	no
7175	1	no
7176	1	no
7177	1	no
7178	1	no
7179	1	no
7180	1	no
7181	1	no
7182	0	no
7183	1	no
7184	1	no
7185	0	no
7186	0	no
7187	1	no
7188	1	no
7189	1	no
7190	1	no
7191	0	no
7192	1	no
7193	1	no
7194	1	no
7195	1	no
7196	1	no
7197	1	no
7198	1	no
7199	1	no
7200	1	no
7201	1	no
7202	1	no
7203	0	no
7204	1	no
7205	1	no
7206	1	no
7207	1	no
7208	1	no
7209	1	no
7210	1	no
7211	0	no
7212	1	no
7213	0	no
7214	1	no
7215	0	no
7216	1	no
7217	1	no
7218	1	no
7219	1	no
7220	1	no
7221	1	no
7222	1	no
7223	1	no
7224	1	no
7225	1	no
7226	1	no
7227	1	no
7228	1	no
7229	1	no
7230	0	no
7231	0	no
7232	1	no
7233	1	no
7234	1	no
7235	1	no
7236	1	no
7237	1	no
7238	0	no
7239	1	no
7240	1	no
7241	1	no
7242	1	no
7243	1	no
7244	1	no
7245	1	no
7246	1	no
7247	1	no
7248	1	no
7249	1	no
7250	1	no
7251	0	no
7252	1	no
7253	0	no
7254	0	no
7255	1	no
7256	1	no
7257	1	no
7258	1	no
7259	1	no
7260	0	no
7261	1	no
7262	1	no
7263	1	no
7264	1	no
7265	0	no
7266	1	no
7267	1	no
7268	1	no
7269	1	no
7270	0	no
7271	1	no
7272	1	no
7273	1	no
7274	0	no
7275	0	no
7276	0	no
7277	1	no
7278	1	no
7279	1	no
7280	1	no
7281	1	no
7282	1	no
7283	1	no
7284	1	no
7285	1	no
7286	1	no
7287	0	no
7288	1	no
7289	1	no
7290	1	no
7291	0	no
7292	0	no
7293	1	no
7294	1	no
7295	1	no
7296	1	no
7297	1	no
7298	1	no
7299	0	no
7300	1	no
7301	1	no
7302	1	no
7303	1	no
7304	0	no
7305	1	no
7306	1	no
7307	1	no
7308	0	no
7309	1	no
7310	0	no
7311	1	no
7312	1	no
7313	1	no
7314	1	no
7315	1	no
7316	1	no
7317	1	no
7318	0	no
7319	1	no
7320	0	no
7321	1	no
7322	1	no
7323	1	no
7324	1	no
7325	1	no
7326	1	no
7327	1	no
7328	1	no
7329	0	no
7330	1	no
7331	1	no
7332	1	no
7333	1	no
7334	1	no
7335	1	no
7336	1	no
7337	1	no
7338	0	no
7339	1	no
7340	0	no
7341	1	no
7342	1	no
7343	1	no
7344	0	no
7345	1	no
7346	1	no
7347	1	no
7348	1	no
7349	0	no
7350	1	no
7351	0	no
7352	1	no
7353	1	no
7354	1	no
7355	1	no
7356	1	no
7357	1	no
7358	1	no
7359	0	no
7360	1	no
7361	1	no
7362	1	no
7363	0	no
7364	1	no
7365	1	no
7366	1	no
7367	1	no
7368	1	no
7369	1	no
7370	1	no
7371	1	no
7372	1	no
7373	1	no
7374	0	no
7375	0	no
7376	1	no
7377	1	no
7378	1	no
7379	1	no
7380	1	no
7381	0	no
7382	0	no
7383	1	no
7384	1	no
7385	0	no
7386	1	no
7387	1	no
7388	1	no
7389	1	no
7390	1	no
7391	1	no
7392	1	no
7393	1	no
7394	1	no
7395	1	no
7396	1	no
7397	0	no
7398	1	no
7399	1	no
7400	1	no
7401	0	no
7402	1	no
7403	1	no
7404	1	no
7405	1	no
7406	1	no
7407	1	no
7408	1	no
7409	1	no
7410	1	no
7411	1	no
7412	1	no
7413	1	no
7414	1	no
7415	1	no
7416	1	no
7417	0	no
7418	0	no
7419	1	no
7420	1	no
7421	1	no
7422	1	no
7423	1	no
7424	1	no
7425	1	no
7426	1	no
7427	0	no
7428	1	no
7429	1	no
7430	1	no
7431	1	no
7432	1	no
7433	1	no
7434	1	no
7435	1	no
7436	0	no
7437	1	no
7438	1	no
7439	0	no
7440	1	no
7441	0	no
7442	1	no
7443	1	no
7444	0	no
7445	1	no
7446	1	no
7447	1	no
7448	1	no
7449	1	no
7450	1	no
7451	1	no
7452	1	no
7453	1	no
7454	1	no
7455	1	no
7456	1	no
7457	1	no
7458	1	no
7459	1	no
7460	1	no
7461	1	no
7462	1	no
7463	1	no
7464	1	no
7465	0	no
7466	0	no
7467	1	no
7468	1	no
7469	1	no
7470	1	no
7471	0	no
7472	1	no
7473	1	no
7474	0	no
7475	1	no
7476	0	no
7477	1	no
7478	1	no
7479	1	no
7480	1	no
7481	1	no
7482	1	no
7483	1	no
7484	0	no
7485	1	no
7486	0	no
7487	0	no
7488	1	no
7489	1	no
7490	0	no
7491	1	no
7492	1	no
7493	1	no
7494	1	no
7495	1	no
7496	1	no
7497	1	no
7498	0	no
7499	1	no
7500	1	no
7501	0	no
7502	1	no
7503	1	no
7504	1	no
7505	1	no
7506	1	no
7507	1	no
7508	0	no
7509	0	no
7510	0	no
7511	1	no
7512	0	no
7513	1	no
7514	1	no
7515	0	no
7516	1	no
7517	1	no
7518	1	no
7519	1	no
7520	1	no
7521	1	no
7522	1	no
7523	0	no
7524	1	no
7525	1	no
7526	0	no
7527	1	no
7528	0	no
7529	0	no
7530	1	no
7531	0	no
7532	1	no
7533	1	no
7534	0	no
7535	0	no
7536	1	no
7537	1	no
7538	0	no
7539	1	no
7540	0	no
7541	1	no
7542	0	no
7543	1	no
7544	1	no
7545	1	no
7546	1	no
7547	1	no
7548	1	no
7549	1	no
7550	0	no
7551	1	no
7552	1	no
7553	1	no
7554	1	no
7555	1	no
7556	1	no
7557	0	no
7558	0	no
7559	0	no
7560	0	no
7561	1	no
7562	1	no
7563	1	no
7564	0	no
7565	1	no
7566	1	no
7567	1	no
7568	1	no
7569	1	no
7570	0	no
7571	1	no
7572	0	no
7573	1	no
7574	1	no
7575	1	no
7576	0	no
7577	1	no
7578	1	no
7579	1	no
7580	1	no
7581	0	no
7582	0	no
7583	1	no
7584	1	no
7585	1	no
7586	1	no
7587	1	no
7588	1	no
7589	0	no
7590	1	no
7591	1	no
7592	1	no
7593	1	no
7594	1	no
7595	1	no
7596	1	no
7597	1	no
7598	1	no
7599	1	no
7600	1	no
7601	1	no
7602	1	no
7603	1	no
7604	1	no
7605	0	no
7606	1	no
7607	1	no
7608	1	no
7609	1	no
7610	1	no
7611	1	no
7612	1	no
7613	1	no
7614	1	no
7615	0	no
7616	0	no
7617	1	no
7618	1	no
7619	1	no
7620	1	no
7621	1	no
7622	1	no
7623	1	no
7624	1	no
7625	1	no
7626	1	no
7627	1	no
7628	1	no
7629	0	no
7630	1	no
7631	1	no
7632	1	no
7633	1	no
7634	1	no
7635	1	no
7636	1	no
7637	1	no
7638	1	no
7639	1	no
7640	1	no
7641	1	no
7642	1	no
7643	1	no
7644	1	no
7645	1	no
7646	1	no
7647	1	no
7648	1	no
7649	1	no
7650	1	no
7651	1	no
7652	0	no
7653	1	no
7654	1	no
7655	1	no
7656	1	no
7657	1	no
7658	0	no
7659	1	no
7660	1	no
7661	1	no
7662	1	no
7663	1	no
7664	1	no
7665	1	no
7666	1	no
7667	0	no
7668	1	no
7669	1	no
7670	1	no
7671	1	no
7672	1	no
7673	0	no
7674	1	no
7675	1	no
7676	1	no
7677	1	no
7678	1	no
7679	1	no
7680	1	no
7681	1	no
7682	1	no
7683	1	no
7684	1	no
7685	1	no
7686	1	no
7687	0	no
7688	1	no
7689	1	no
7690	1	no
7691	0	no
7692	1	no
7693	1	no
7694	0	no
7695	1	no
7696	1	no
7697	1	no
7698	0	no
7699	1	no
7700	1	no
7701	0	no
7702	1	no
7703	1	no
7704	1	no
7705	1	no
7706	1	no
7707	1	no
7708	1	no
7709	1	no
7710	1	no
7711	1	no
7712	1	no
7713	1	no
7714	1	no
7715	1	no
7716	1	no
7717	1	no
7718	0	no
7719	1	no
7720	1	no
7721	0	no
7722	1	no
7723	1	no
7724	1	no
7725	1	no
7726	1	no
7727	0	no
7728	1	no
7729	1	no
7730	1	no
7731	0	no
7732	1	no
7733	1	no
7734	1	no
7735	1	no
7736	1	no
7737	1	no
7738	0	no
7739	1	no
7740	1	no
7741	1	no
7742	1	no
7743	1	no
7744	1	no
7745	1	no
7746	1	no
7747	1	no
7748	1	no
7749	1	no
7750	1	no
7751	1	no
7752	1	no
7753	1	no
7754	1	no
7755	1	no
7756	1	no
7757	1	no
7758	1	no
7759	0	no
7760	1	no
7761	0	no
7762	0	no
7763	0	no
7764	1	no
7765	0	no
7766	1	no
7767	1	no
7768	1	no
7769	1	no
7770	1	no
7771	1	no
7772	1	no
7773	1	no
7774	1	no
7775	1	no
7776	1	no
7777	0	no
7778	1	no
7779	0	no
7780	0	no
7781	0	no
7782	0	no
7783	1	no
7784	0	no
7785	1	no
7786	1	no
7787	1	no
7788	1	no
7789	0	no
7790	0	no
7791	0	no
7792	1	no
7793	1	no
7794	1	no
7795	0	no
7796	1	no
7797	0	no
7798	1	no
7799	0	no
7800	0	no
7801	0	no
7802	1	no
7803	0	no
7804	0	no
7805	0	no
7806	0	no
7807	0	no
7808	1	no
7809	1	no
7810	0	no
7811	1	no
7812	0	no
7813	0	no
7814	0	no
7815	1	no
7816	1	no
7817	0	no
7818	0	no
7819	1	no
7820	0	no
7821	0	no
7822	0	no
7823	1	no
7824	1	no
7825	1	no
7826	0	no
7827	1	no
7828	1	no
7829	1	no
7830	1	no
7831	1	no
7832	1	no
7833	0	no
7834	0	no
7835	0	no
7836	0	no
7837	1	no
7838	1	no
7839	1	no
7840	0	no
7841	1	no
7842	1	no
7843	1	no
7844	1	no
7845	1	no
7846	1	no
7847	1	no
7848	1	no
7849	0	no
7850	1	no
7851	0	no
7852	1	no
7853	0	no
7854	0	no
7855	1	no
7856	1	no
7857	0	no
7858	0	no
7859	1	no
7860	1	no
7861	0	no
7862	1	no
7863	1	no
7864	1	no
7865	0	no
7866	0	no
7867	0	no
7868	1	no
7869	1	no
7870	1	no
7871	0	no
7872	1	no
7873	0	no
7874	1	no
7875	1	no
7876	1	no
7877	1	no
7878	0	no
7879	1	no
7880	0	no
7881	1	no
7882	1	no
7883	1	no
7884	0	no
7885	1	no
7886	0	no
7887	1	no
7888	1	no
7889	0	no
7890	0	no
7891	1	no
7892	1	no
7893	1	no
7894	1	no
7895	1	no
7896	0	no
7897	1	no
7898	1	no
7899	1	no
7900	0	no
7901	1	no
7902	0	no
7903	1	no
7904	1	no
7905	1	no
7906	0	no
7907	0	no
7908	1	no
7909	1	no
7910	0	no
7911	0	no
7912	1	no
7913	0	no
7914	1	no
7915	0	no
7916	0	no
7917	1	no
7918	0	no
7919	0	no
7920	0	no
7921	1	no
7922	0	no
7923	1	no
7924	1	no
7925	0	no
7926	0	no
7927	0	no
7928	1	no
7929	1	no
7930	0	no
7931	1	no
7932	0	no
7933	1	no
7934	1	no
7935	1	no
7936	1	no
7937	0	no
7938	1	no
7939	1	no
7940	1	no
7941	0	no
7942	1	no
7943	1	no
7944	1	no
7945	1	no
7946	1	no
7947	1	no
7948	0	no
7949	1	no
7950	0	no
7951	1	no
7952	0	no
7953	1	no
7954	0	no
7955	0	no
7956	0	no
7957	0	no
7958	0	no
7959	0	no
7960	0	no
7961	0	no
7962	1	no
7963	1	no
7964	1	no
7965	1	no
7966	1	no
7967	1	no
7968	0	no
7969	1	no
7970	0	no
7971	0	no
7972	1	no
7973	1	no
7974	0	no
7975	0	no
7976	1	no
7977	0	no
7978	1	no
7979	0	no
7980	0	no
7981	1	no
7982	1	no
7983	1	no
7984	1	no
7985	0	no
7986	1	no
7987	0	no
7988	1	no
7989	1	no
7990	1	no
7991	0	no
7992	1	no
7993	1	no
7994	1	no
7995	1	no
7996	0	no
7997	1	no
7998	1	no
7999	0	no
8000	1	no
8001	1	no
8002	1	no
8003	0	no
8004	1	no
8005	1	no
8006	1	no
8007	1	no
8008	1	no
8009	1	no
8010	1	no
8011	1	no
8012	0	no
8013	0	no
8014	1	no
8015	1	no
8016	1	no
8017	0	no
8018	1	no
8019	1	no
8020	1	no
8021	1	no
8022	0	no
8023	0	no
8024	0	no
8025	1	no
8026	0	no
8027	1	no
8028	1	no
8029	1	no
8030	1	no
8031	1	no
8032	0	no
8033	0	no
8034	1	no
8035	1	no
8036	1	no
8037	1	no
8038	0	no
8039	0	no
8040	0	no
8041	1	no
8042	1	no
8043	1	no
8044	1	no
8045	0	no
8046	1	no
8047	1	no
8048	0	no
8049	1	no
8050	1	no
8051	0	no
8052	0	no
8053	0	no
8054	1	no
8055	0	no
8056	0	no
8057	1	no
8058	1	no
8059	0	no
8060	0	no
8061	1	no
8062	0	no
8063	1	no
8064	0	no
8065	1	no
8066	1	no
8067	0	no
8068	1	no
8069	1	no
8070	1	no
8071	1	no
8072	1	no
8073	0	no
8074	1	no
8075	1	no
8076	0	no
8077	1	no
8078	1	no
8079	1	no
8080	1	no
8081	1	no
8082	1	no
8083	1	no
8084	0	no
8085	0	no
8086	1	no
8087	1	no
8088	1	no
8089	0	no
8090	1	no
8091	1	no
8092	0	no
8093	1	no
8094	1	no
8095	0	no
8096	1	no
8097	1	no
8098	1	no
8099	0	no
8100	0	no
8101	1	no
8102	1	no
8103	1	no
8104	1	no
8105	0	no
8106	1	no
8107	1	no
8108	0	no
8109	0	no
8110	1	no
8111	0	no
8112	1	no
8113	0	no
8114	1	no
8115	0	no
8116	0	no
8117	1	no
8118	0	no
8119	0	no
8120	1	no
8121	1	no
8122	1	no
8123	0	no
8124	0	no
8125	1	no
8126	1	no
8127	0	no
8128	0	no
8129	1	no
8130	1	no
8131	0	no
8132	1	no
8133	1	no
8134	1	no
8135	0	no
8136	1	no
8137	0	no
8138	0	no
8139	1	no
8140	1	no
8141	1	no
8142	1	no
8143	0	no
8144	1	no
8145	0	no
8146	0	no
8147	0	no
8148	1	no
8149	0	no
8150	0	no
8151	1	no
8152	0	no
8153	1	no
8154	1	no
8155	1	no
8156	1	no
8157	0	no
8158	1	no
8159	1	no
8160	1	no
8161	0	no
8162	0	no
8163	0	no
8164	0	no
8165	1	no
8166	1	no
8167	1	no
8168	0	no
8169	0	no
8170	0	no
8171	1	no
8172	1	no
8173	1	no
8174	0	no
8175	0	no
8176	1	no
8177	1	no
8178	1	no
8179	1	no
8180	0	no
8181	1	no
8182	1	no
8183	1	no
8184	0	no
8185	0	no
8186	1	no
8187	1	no
8188	1	no
8189	1	no
8190	0	no
8191	1	no
8192	0	no
8193	1	no
8194	1	no
8195	0	no
8196	1	no
8197	1	no
8198	1	no
8199	0	no
8200	1	no
8201	0	no
8202	0	no
8203	0	no
8204	0	no
8205	1	no
8206	0	no
8207	1	no
8208	1	no
8209	1	no
8210	0	no
8211	0	no
8212	1	no
8213	0	no
8214	1	no
8215	1	no
8216	0	no
8217	1	no
8218	0	no
8219	0	no
8220	1	no
8221	1	no
8222	0	no
8223	0	no
8224	0	no
8225	0	no
8226	1	no
8227	1	no
8228	1	no
8229	1	no
8230	1	no
8231	0	no
8232	0	no
8233	1	no
8234	0	no
8235	0	no
8236	0	no
8237	1	no
8238	1	no
8239	0	no
8240	0	no
8241	0	no
8242	0	no
8243	1	no
8244	0	no
8245	0	no
8246	1	no
8247	1	no
8248	0	no
8249	0	no
8250	1	no
8251	0	no
8252	1	no
8253	1	no
8254	0	no
8255	1	no
8256	1	no
8257	1	no
8258	1	no
8259	1	no
8260	0	no
8261	1	no
8262	0	no
8263	0	no
8264	0	no
8265	1	no
8266	1	no
8267	0	no
8268	1	no
8269	0	no
8270	1	no
8271	1	no
8272	1	no
8273	0	no
8274	1	no
8275	1	no
8276	1	no
8277	0	no
8278	1	no
8279	1	no
8280	0	no
8281	0	no
8282	1	no
8283	1	no
8284	1	no
8285	1	no
8286	0	no
8287	0	no
8288	1	no
8289	0	no
8290	0	no
8291	1	no
8292	1	no
8293	0	no
8294	0	no
8295	1	no
8296	1	no
8297	0	no
8298	1	no
8299	0	no
8300	1	no
8301	0	no
8302	0	no
8303	1	no
8304	1	no
8305	1	no
8306	1	no
8307	1	no
8308	1	no
8309	1	no
8310	1	no
8311	0	no
8312	0	no
8313	0	no
8314	0	no
8315	1	no
8316	1	no
8317	1	no
8318	0	no
8319	1	no
8320	1	no
8321	1	no
8322	1	no
8323	1	no
8324	1	no
8325	1	no
8326	1	no
8327	1	no
8328	0	no
8329	0	no
8330	1	no
8331	1	no
8332	0	no
8333	0	no
8334	1	no
8335	0	no
8336	0	no
8337	0	no
8338	1	no
8339	0	no
8340	1	no
8341	0	no
8342	0	no
8343	1	no
8344	0	no
8345	1	no
8346	1	no
8347	1	no
8348	1	no
8349	1	no
8350	1	no
8351	0	no
8352	1	no
8353	0	no
8354	0	no
8355	1	no
8356	0	no
8357	1	no
8358	1	no
8359	1	no
8360	0	no
8361	0	no
8362	1	no
8363	1	no
8364	1	no
8365	0	no
8366	0	no
8367	1	no
8368	0	no
8369	1	no
8370	1	no
8371	1	no
8372	0	no
8373	0	no
8374	1	no
8375	1	no
8376	1	no
8377	1	no
8378	1	no
8379	1	no
8380	0	no
8381	1	no
8382	1	no
8383	1	no
8384	1	no
8385	0	no
8386	1	no
8387	1	no
8388	0	no
8389	1	no
8390	1	no
8391	1	no
8392	1	no
8393	1	no
8394	1	no
8395	0	no
8396	1	no
8397	1	no
8398	1	no
8399	1	no
8400	1	no
8401	1	no
8402	0	no
8403	0	no
8404	0	no
8405	0	no
8406	0	no
8407	0	no
8408	1	no
8409	1	no
8410	1	no
8411	0	no
8412	1	no
8413	1	no
8414	1	no
8415	0	no
8416	1	no
8417	1	no
8418	1	no
8419	1	no
8420	1	no
8421	0	no
8422	1	no
8423	1	no
8424	0	no
8425	1	no
8426	1	no
8427	0	no
8428	0	no
8429	0	no
8430	1	no
8431	1	no
8432	1	no
8433	1	no
8434	1	no
8435	1	no
8436	0	no
8437	0	no
8438	1	no
8439	1	no
8440	1	no
8441	1	no
8442	1	no
8443	0	no
8444	0	no
8445	0	no
8446	1	no
8447	0	no
8448	0	no
8449	1	no
8450	1	no
8451	0	no
8452	0	no
8453	1	no
8454	0	no
8455	1	no
8456	0	no
8457	0	no
8458	0	no
8459	1	no
8460	0	no
8461	0	no
8462	1	no
8463	1	no
8464	0	no
8465	0	no
8466	0	no
8467	1	no
8468	1	no
8469	1	no
8470	0	no
8471	0	no
8472	0	no
8473	1	no
8474	0	no
8475	0	no
8476	0	no
8477	0	no
8478	1	no
8479	1	no
8480	1	no
8481	0	no
8482	1	no
8483	1	no
8484	0	no
8485	1	no
8486	1	no
8487	1	no
8488	0	no
8489	1	no
8490	1	no
8491	1	no
8492	1	no
8493	0	no
8494	1	no
8495	1	no
8496	0	no
8497	0	no
8498	0	no
8499	1	no
8500	1	no
8501	1	no
8502	1	no
8503	1	no
8504	0	no
8505	1	no
8506	0	no
8507	0	no
8508	0	no
8509	0	no
8510	1	no
8511	1	no
8512	0	no
8513	1	no
8514	1	no
8515	0	no
8516	1	no
8517	1	no
8518	0	no
8519	1	no
8520	0	no
8521	1	no
8522	1	no
8523	0	no
8524	1	no
8525	1	no
8526	1	no
8527	1	no
8528	0	no
8529	0	no
8530	1	no
8531	1	no
8532	0	no
8533	0	no
8534	0	no
8535	0	no
8536	0	no
8537	1	no
8538	0	no
8539	1	no
8540	1	no
8541	0	no
8542	1	no
8543	0	no
8544	1	no
8545	0	no
8546	0	no
8547	1	no
8548	1	no
8549	1	no
8550	1	no
8551	1	no
8552	1	no
8553	0	no
8554	0	no
8555	1	no
8556	1	no
8557	1	no
8558	1	no
8559	1	no
8560	0	no
8561	0	no
8562	1	no
8563	0	no
8564	0	no
8565	0	no
8566	1	no
8567	0	no
8568	1	no
8569	1	no
8570	1	no
8571	0	no
8572	0	no
8573	1	no
8574	1	no
8575	0	no
8576	1	no
8577	1	no
8578	1	no
8579	1	no
8580	1	no
8581	1	no
8582	1	no
8583	1	no
8584	1	no
8585	1	no
8586	1	no
8587	0	no
8588	0	no
8589	1	no
8590	1	no
8591	1	no
8592	0	no
8593	1	no
8594	0	no
8595	1	no
8596	1	no
8597	1	no
8598	0	no
8599	1	no
8600	1	no
8601	1	no
8602	1	no
8603	1	no
8604	0	no
8605	0	no
8606	0	no
8607	1	no
8608	1	no
8609	1	no
8610	0	no
8611	1	no
8612	0	no
8613	1	no
8614	1	no
8615	1	no
8616	0	no
8617	1	no
8618	0	no
8619	1	no
8620	1	no
8621	1	no
8622	1	no
8623	1	no
8624	1	no
8625	0	no
8626	0	no
8627	1	no
8628	0	no
8629	1	no
8630	1	no
8631	1	no
8632	1	no
8633	0	no
8634	1	no
8635	0	no
8636	0	no
8637	1	no
8638	0	no
8639	1	no
8640	0	no
8641	1	no
8642	0	no
8643	1	no
8644	0	no
8645	1	no
8646	0	no
8647	1	no
8648	0	no
8649	1	no
8650	1	no
8651	1	no
8652	1	no
8653	0	no
8654	0	no
8655	1	no
8656	1	no
8657	1	no
8658	1	no
8659	1	no
8660	0	no
8661	1	no
8662	1	no
8663	0	no
8664	1	no
8665	0	no
8666	1	no
8667	1	no
8668	1	no
8669	0	no
8670	0	no
8671	0	no
8672	0	no
8673	0	no
8674	1	no
8675	1	no
8676	0	no
8677	0	no
8678	1	no
8679	1	no
8680	0	no
8681	1	no
8682	0	no
8683	1	no
8684	1	no
8685	0	no
8686	0	no
8687	0	no
8688	1	no
8689	1	no
8690	0	no
8691	0	no
8692	0	no
8693	0	no
8694	0	no
8695	0	no
8696	1	no
8697	0	no
8698	0	no
8699	0	no
8700	0	no
8701	0	no
8702	0	no
8703	1	no
8704	1	no
8705	1	no
8706	1	no
8707	0	no
8708	0	no
8709	0	no
8710	1	no
8711	0	no
8712	0	no
8713	1	no
8714	1	no
8715	1	no
8716	0	no
8717	0	no
8718	0	no
8719	0	no
8720	0	no
8721	1	no
8722	1	no
8723	1	no
8724	0	no
8725	0	no
8726	0	no
8727	0	no
8728	1	no
8729	1	no
8730	1	no
8731	1	no
8732	0	no
8733	1	no
8734	0	no
8735	1	no
8736	1	no
8737	1	no
8738	0	no
8739	1	no
8740	1	no
8741	0	no
8742	0	no
8743	0	no
8744	0	no
8745	0	no
8746	1	no
8747	1	no
8748	1	no
8749	1	no
8750	0	no
8751	1	no
8752	0	no
8753	0	no
8754	0	no
8755	0	no
8756	0	no
8757	0	no
8758	1	no
8759	1	no
8760	1	no
8761	0	no
8762	1	no
8763	1	no
8764	1	no
8765	0	no
8766	0	no
8767	0	no
8768	0	no
8769	1	no
8770	0	no
8771	1	no
8772	1	no
8773	1	no
8774	0	no
8775	0	no
8776	0	no
8777	1	no
8778	1	no
8779	1	no
8780	0	no
8781	1	no
8782	1	no
8783	1	no
8784	1	no
8785	0	no
8786	1	no
8787	1	no
8788	1	no
8789	1	no
8790	1	no
8791	1	no
8792	1	no
8793	0	no
8794	0	no
8795	1	no
8796	0	no
8797	0	no
8798	1	no
8799	1	no
8800	1	no
8801	1	no
8802	0	no
8803	0	no
8804	1	no
8805	1	no
8806	1	no
8807	1	no
8808	1	no
8809	0	no
8810	1	no
8811	0	no
8812	1	no
8813	1	no
8814	1	no
8815	0	no
8816	0	no
8817	1	no
8818	0	no
8819	0	no
8820	1	no
8821	0	no
8822	1	no
8823	1	no
8824	1	no
8825	1	no
8826	1	no
8827	1	no
8828	1	no
8829	0	no
8830	0	no
8831	0	no
8832	0	no
8833	0	no
8834	1	no
8835	1	no
8836	1	no
8837	0	no
8838	1	no
8839	1	no
8840	1	no
8841	1	no
8842	1	no
8843	0	no
8844	1	no
8845	1	no
8846	0	no
8847	0	no
8848	0	no
8849	1	no
8850	0	no
8851	0	no
8852	0	no
8853	0	no
8854	0	no
8855	1	no
8856	0	no
8857	0	no
8858	1	no
8859	1	no
8860	1	no
8861	1	no
8862	1	no
8863	0	no
8864	1	no
8865	0	no
8866	0	no
8867	0	no
8868	0	no
8869	0	no
8870	0	no
8871	1	no
8872	1	no
8873	1	no
8874	1	no
8875	1	no
8876	0	no
8877	1	no
8878	1	no
8879	0	no
8880	1	no
8881	1	no
8882	0	no
8883	1	no
8884	0	no
8885	1	no
8886	0	no
8887	1	no
8888	0	no
8889	1	no
8890	1	no
8891	0	no
8892	0	no
8893	0	no
8894	1	no
8895	1	no
8896	1	no
8897	0	no
8898	1	no
8899	1	no
8900	0	no
8901	0	no
8902	1	no
8903	1	no
8904	0	no
8905	1	no
8906	0	no
8907	1	no
8908	1	no
8909	1	no
8910	1	no
8911	1	no
8912	0	no
8913	0	no
8914	1	no
8915	0	no
8916	0	no
8917	0	no
8918	0	no
8919	1	no
8920	1	no
8921	1	no
8922	1	no
8923	0	no
8924	0	no
8925	1	no
8926	1	no
8927	1	no
8928	0	no
8929	0	no
8930	0	no
8931	1	no
8932	0	no
8933	1	no
8934	1	no
8935	0	no
8936	0	no
8937	1	no
8938	1	no
8939	0	no
8940	1	no
8941	1	no
8942	1	no
8943	0	no
8944	0	no
8945	1	no
8946	1	no
8947	1	no
8948	0	no
8949	0	no
8950	1	no
8951	0	no
8952	1	no
8953	1	no
8954	1	no
8955	0	no
8956	1	no
8957	1	no
8958	1	no
8959	1	no
8960	0	no
8961	1	no
8962	0	no
8963	1	no
8964	0	no
8965	0	no
8966	1	no
8967	1	no
8968	0	no
8969	0	no
8970	1	no
8971	1	no
8972	0	no
8973	0	no
8974	1	no
8975	1	no
8976	1	no
8977	0	no
8978	0	no
8979	1	no
8980	1	no
8981	1	no
8982	1	no
8983	1	no
8984	1	no
8985	0	no
8986	1	no
8987	1	no
8988	1	no
8989	0	no
8990	0	no
8991	0	no
8992	0	no
8993	0	no
8994	1	no
8995	1	no
8996	0	no
8997	0	no
8998	0	no
8999	1	no
9000	0	no
9001	0	no
9002	0	no
9003	1	no
9004	1	no
9005	0	no
9006	0	no
9007	1	no
9008	0	no
9009	1	no
9010	0	no
9011	0	no
9012	1	no
9013	1	no
9014	0	no
9015	0	no
9016	0	no
9017	0	no
9018	0	no
9019	0	no
9020	1	no
9021	1	no
9022	1	no
9023	0	no
9024	1	no
9025	1	no
9026	0	no
9027	1	no
9028	1	no
9029	1	no
9030	1	no
9031	1	no
9032	1	no
9033	1	no
9034	1	no
9035	0	no
9036	1	no
9037	1	no
9038	1	no
9039	0	no
9040	1	no
9041	1	no
9042	0	no
9043	0	no
9044	1	no
9045	1	no
9046	0	no
9047	0	no
9048	1	no
9049	1	no
9050	0	no
9051	1	no
9052	0	no
9053	0	no
9054	0	no
9055	1	no
9056	1	no
9057	1	no
9058	1	no
9059	0	no
9060	1	no
9061	0	no
9062	0	no
9063	1	no
9064	1	no
9065	1	no
9066	0	no
9067	1	no
9068	0	no
9069	0	no
9070	1	no
9071	0	no
9072	0	no
9073	1	no
9074	1	no
9075	0	no
9076	1	no
9077	0	no
9078	1	no
9079	0	no
9080	0	no
9081	1	no
9082	1	no
9083	0	no
9084	1	no
9085	1	no
9086	0	no
9087	1	no
9088	0	no
9089	1	no
9090	1	no
9091	1	no
9092	1	no
9093	1	no
9094	1	no
9095	0	no
9096	1	no
9097	1	no
9098	1	no
9099	1	no
9100	0	no
9101	1	no
9102	1	no
9103	0	no
9104	1	no
9105	0	no
9106	1	no
9107	0	no
9108	1	no
9109	0	no
9110	0	no
9111	1	no
9112	1	no
9113	1	no
9114	0	no
9115	0	no
9116	0	no
9117	0	no
9118	0	no
9119	1	no
9120	1	no
9121	1	no
9122	0	no
9123	1	no
9124	1	no
9125	0	no
9126	1	no
9127	1	no
9128	1	no
9129	1	no
9130	0	no
9131	1	no
9132	1	no
9133	0	no
9134	1	no
9135	1	no
9136	1	no
9137	1	no
9138	1	no
9139	1	no
9140	1	no
9141	1	no
9142	1	no
9143	1	no
9144	1	no
9145	1	no
9146	0	no
9147	1	no
9148	1	no
9149	0	no
9150	0	no
9151	1	no
9152	1	no
9153	0	no
9154	0	no
9155	1	no
9156	1	no
9157	1	no
9158	1	no
9159	1	no
9160	1	no
9161	1	no
9162	0	no
9163	0	no
9164	1	no
9165	1	no
9166	0	no
9167	0	no
9168	1	no
9169	1	no
9170	1	no
9171	0	no
9172	0	no
9173	0	no
9174	1	no
9175	1	no
9176	1	no
9177	0	no
9178	0	no
9179	0	no
9180	1	no
9181	0	no
9182	0	no
9183	1	no
9184	0	no
9185	1	no
9186	1	no
9187	0	no
9188	1	no
9189	1	no
9190	0	no
9191	1	no
9192	1	no
9193	1	no
9194	0	no
9195	0	no
9196	0	no
9197	1	no
9198	1	no
9199	1	no
9200	1	no
9201	1	no
9202	1	no
9203	1	no
9204	1	no
9205	0	no
9206	1	no
9207	0	no
9208	0	no
9209	1	no
9210	1	no
9211	0	no
9212	0	no
9213	1	no
9214	1	no
9215	1	no
9216	0	no
9217	0	no
9218	1	no
9219	1	no
9220	1	no
9221	0	no
9222	1	no
9223	0	no
9224	1	no
9225	0	no
9226	0	no
9227	0	no
9228	1	no
9229	1	no
9230	0	no
9231	0	no
9232	1	no
9233	1	no
9234	0	no
9235	0	no
9236	0	no
9237	1	no
9238	1	no
9239	1	no
9240	1	no
9241	0	no
9242	1	no
9243	1	no
9244	1	no
9245	1	no
9246	1	no
9247	1	no
9248	0	no
9249	0	no
9250	1	no
9251	1	no
9252	0	no
9253	1	no
9254	0	no
9255	1	no
9256	0	no
9257	1	no
9258	0	no
9259	1	no
9260	1	no
9261	0	no
9262	0	no
9263	0	no
9264	0	no
9265	1	no
9266	0	no
9267	0	no
9268	0	no
9269	1	no
9270	1	no
9271	1	no
9272	0	no
9273	0	no
9274	1	no
9275	0	no
9276	0	no
9277	1	no
9278	0	no
9279	1	no
9280	1	no
9281	1	no
9282	0	no
9283	1	no
9284	0	no
9285	1	no
9286	1	no
9287	1	no
9288	1	no
9289	0	no
9290	1	no
9291	1	no
9292	1	no
9293	1	no
9294	1	no
9295	0	no
9296	0	no
9297	0	no
9298	1	no
9299	0	no
9300	0	no
9301	0	no
9302	1	no
9303	1	no
9304	1	no
9305	1	no
9306	1	no
9307	1	no
9308	1	no
9309	0	no
9310	0	no
9311	1	no
9312	0	no
9313	1	no
9314	0	no
9315	1	no
9316	1	no
9317	1	no
9318	1	no
9319	0	no
9320	1	no
9321	1	no
9322	0	no
9323	1	no
9324	0	no
9325	1	no
9326	0	no
9327	1	no
9328	0	no
9329	0	no
9330	0	no
9331	0	no
9332	1	no
9333	1	no
9334	1	no
9335	1	no
9336	0	no
9337	0	no
9338	0	no
9339	1	no
9340	0	no
9341	1	no
9342	1	no
9343	1	no
9344	1	no
9345	1	no
9346	1	no
9347	1	no
9348	0	no
9349	1	no
9350	1	no
9351	1	no
9352	1	no
9353	0	no
9354	0	no
9355	1	no
9356	1	no
9357	1	no
9358	0	no
9359	1	no
9360	1	no
9361	1	no
9362	1	no
9363	1	no
9364	0	no
9365	0	no
9366	1	no
9367	0	no
9368	1	no
9369	0	no
9370	1	no
9371	0	no
9372	1	no
9373	1	no
9374	0	no
9375	1	no
9376	0	no
9377	0	no
9378	0	no
9379	1	no
9380	1	no
9381	1	no
9382	0	no
9383	1	no
9384	1	no
9385	1	no
9386	1	no
9387	0	no
9388	1	no
9389	1	no
9390	0	no
9391	1	no
9392	0	no
9393	1	no
9394	0	no
9395	0	no
9396	1	no
9397	1	no
9398	1	no
9399	1	no
9400	1	no
9401	1	no
9402	0	no
9403	1	no
9404	1	no
9405	1	no
9406	1	no
9407	0	no
9408	1	no
9409	1	no
9410	0	no
9411	0	no
9412	1	no
9413	0	no
9414	1	no
9415	1	no
9416	1	no
9417	1	no
9418	0	no
9419	1	no
9420	1	no
9421	0	no
9422	1	no
9423	1	no
9424	0	no
9425	1	no
9426	1	no
9427	0	no
9428	1	no
9429	1	no
9430	1	no
9431	1	no
9432	1	no
9433	0	no
9434	1	no
9435	0	no
9436	1	no
9437	1	no
9438	1	no
9439	1	no
9440	0	no
9441	1	no
9442	0	no
9443	0	no
9444	1	no
9445	0	no
9446	0	no
9447	0	no
9448	1	no
9449	1	no
9450	1	no
9451	1	no
9452	1	no
9453	0	no
9454	1	no
9455	1	no
9456	1	no
9457	0	no
9458	0	no
9459	1	no
9460	1	no
9461	0	no
9462	0	no
9463	0	no
9464	1	no
9465	1	no
9466	1	no
9467	1	no
9468	1	no
9469	0	no
9470	1	no
9471	0	no
9472	0	no
9473	1	no
9474	1	no
9475	0	no
9476	1	no
9477	1	no
9478	1	no
9479	1	no
9480	1	no
9481	1	no
9482	1	no
9483	1	no
9484	1	no
9485	1	no
9486	1	no
9487	1	no
9488	1	no
9489	1	no
9490	1	no
9491	0	no
9492	0	no
9493	1	no
9494	1	no
9495	1	no
9496	1	no
9497	0	no
9498	1	no
9499	0	no
9500	0	no
9501	1	no
9502	1	no
9503	1	no
9504	1	no
9505	0	no
9506	0	no
9507	1	no
9508	0	no
9509	1	no
9510	1	no
9511	0	no
9512	0	no
9513	1	no
9514	1	no
9515	0	no
9516	1	no
9517	0	no
9518	0	no
9519	0	no
9520	1	no
9521	1	no
9522	1	no
9523	1	no
9524	1	no
9525	1	no
9526	1	no
9527	1	no
9528	1	no
9529	0	no
9530	1	no
9531	0	no
9532	0	no
9533	1	no
9534	1	no
9535	1	no
9536	1	no
9537	0	no
9538	1	no
9539	1	no
9540	1	no
9541	1	no
9542	1	no
9543	1	no
9544	1	no
9545	0	no
9546	1	no
9547	1	no
9548	1	no
9549	1	no
9550	0	no
9551	1	no
9552	0	no
9553	1	no
9554	0	no
9555	1	no
9556	1	no
9557	1	no
9558	1	no
9559	0	no
9560	1	no
9561	1	no
9562	0	no
9563	0	no
9564	1	no
9565	1	no
9566	0	no
9567	0	no
9568	0	no
9569	1	no
9570	1	no
9571	1	no
9572	1	no
9573	0	no
9574	1	no
9575	1	no
9576	0	no
9577	1	no
9578	1	no
9579	0	no
9580	0	no
9581	0	no
9582	0	no
9583	0	no
9584	1	no
9585	1	no
9586	1	no
9587	1	no
9588	1	no
9589	1	no
9590	0	no
9591	0	no
9592	1	no
9593	1	no
9594	1	no
9595	0	no
9596	1	no
9597	0	no
9598	1	no
9599	1	no
9600	0	no
9601	0	no
9602	1	no
9603	0	no
9604	1	no
9605	0	no
9606	1	no
9607	1	no
9608	0	no
9609	1	no
9610	0	no
9611	0	no
9612	0	no
9613	0	no
9614	1	no
9615	1	no
9616	1	no
9617	1	no
9618	1	no
9619	0	no
9620	1	no
9621	1	no
9622	1	no
9623	1	no
9624	1	no
9625	1	no
9626	0	no
9627	0	no
9628	1	no
9629	1	no
9630	1	no
9631	1	no
9632	0	no
9633	0	no
9634	0	no
9635	0	no
9636	1	no
9637	1	no
9638	1	no
9639	0	no
9640	1	no
9641	0	no
9642	1	no
9643	1	no
9644	1	no
9645	1	no
9646	1	no
9647	0	no
9648	0	no
9649	1	no
9650	0	no
9651	0	no
9652	1	no
9653	1	no
9654	0	no
9655	0	no
9656	1	no
9657	1	no
9658	1	no
9659	0	no
9660	1	no
9661	1	no
9662	1	no
9663	0	no
9664	1	no
9665	1	no
9666	1	no
9667	0	no
9668	1	no
9669	1	no
9670	1	no
9671	0	no
9672	0	no
9673	0	no
9674	0	no
9675	0	no
9676	1	no
9677	1	no
9678	1	no
9679	1	no
9680	0	no
9681	0	no
9682	0	no
9683	1	no
9684	1	no
9685	0	no
9686	1	no
9687	0	no
9688	1	no
9689	1	no
9690	1	no
9691	0	no
9692	1	no
9693	1	no
9694	0	no
9695	1	no
9696	0	no
9697	1	no
9698	1	no
9699	0	no
9700	0	no
9701	1	no
9702	1	no
9703	1	no
9704	1	no
9705	1	no
9706	1	no
9707	1	no
9708	0	no
9709	1	no
9710	1	no
9711	1	no
9712	0	no
9713	1	no
9714	1	no
9715	0	no
9716	1	no
9717	0	no
9718	0	no
9719	1	no
9720	1	no
9721	1	no
9722	1	no
9723	0	no
9724	0	no
9725	0	no
9726	1	no
9727	1	no
9728	1	no
9729	1	no
9730	0	no
9731	0	no
9732	1	no
9733	1	no
9734	1	no
9735	1	no
9736	1	no
9737	0	no
9738	1	no
9739	0	no
9740	1	no
9741	1	no
9742	1	no
9743	1	no
9744	1	no
9745	1	no
9746	0	no
9747	1	no
9748	0	no
9749	1	no
9750	1	no
9751	1	no
9752	1	no
9753	1	no
9754	0	no
9755	0	no
9756	0	no
9757	0	no
9758	1	no
9759	1	no
9760	1	no
9761	0	no
9762	1	no
9763	0	no
9764	1	no
9765	1	no
9766	1	no
9767	0	no
9768	0	no
9769	1	no
9770	1	no
9771	0	no
9772	1	no
9773	0	no
9774	1	no
9775	0	no
9776	1	no
9777	0	no
9778	1	no
9779	0	no
9780	1	no
9781	1	no
9782	1	no
9783	1	no
9784	1	no
9785	1	no
9786	1	no
9787	1	no
9788	1	no
9789	0	no
9790	0	no
9791	1	no
9792	1	no
9793	1	no
9794	1	no
9795	0	no
9796	0	no
9797	0	no
9798	0	no
9799	0	no
9800	1	no
9801	1	no
9802	1	no
9803	1	no
9804	1	no
9805	1	no
9806	0	no
9807	1	no
9808	0	no
9809	0	no
9810	0	no
9811	1	no
9812	0	no
9813	0	no
9814	1	no
9815	0	no
9816	1	no
9817	0	no
9818	1	no
9819	1	no
9820	1	no
9821	0	no
9822	1	no
9823	0	no
9824	0	no
9825	0	no
9826	1	no
9827	1	no
9828	1	no
9829	0	no
9830	0	no
9831	1	no
9832	1	no
9833	0	no
9834	1	no
9835	1	no
9836	0	no
9837	1	no
9838	1	no
9839	1	no
9840	1	no
9841	0	no
9842	0	no
9843	1	no
9844	1	no
9845	1	no
9846	0	no
9847	0	no
9848	0	no
9849	1	no
9850	0	no
9851	1	no
9852	1	no
9853	0	no
9854	0	no
9855	0	no
9856	0	no
9857	0	no
9858	1	no
9859	0	no
9860	1	no
9861	1	no
9862	0	no
9863	1	no
9864	1	no
9865	0	no
9866	0	no
9867	0	no
9868	1	no
9869	1	no
9870	1	no
9871	0	no
9872	1	no
9873	1	no
9874	1	no
9875	0	no
9876	1	no
9877	1	no
9878	1	no
9879	0	no
9880	1	no
9881	1	no
9882	1	no
9883	1	no
9884	0	no
9885	0	no
9886	1	no
9887	1	no
9888	0	no
9889	1	no
9890	0	no
9891	0	no
9892	1	no
9893	1	no
9894	1	no
9895	1	no
9896	1	no
9897	0	no
9898	1	no
9899	1	no
9900	1	no
9901	1	no
9902	1	no
9903	1	no
9904	0	no
9905	0	no
9906	1	no
9907	1	no
9908	1	no
9909	0	no
9910	0	no
9911	1	no
9912	1	no
9913	1	no
9914	1	no
9915	1	no
9916	0	no
9917	1	no
9918	1	no
9919	1	no
9920	1	no
9921	0	no
9922	1	no
9923	1	no
9924	1	no
9925	1	no
9926	0	no
9927	1	no
9928	0	no
9929	0	no
9930	0	no
9931	1	no
9932	1	no
9933	1	no
9934	1	no
9935	1	no
9936	1	no
9937	1	no
9938	0	no
9939	1	no
9940	1	no
9941	0	no
9942	0	no
9943	1	no
9944	1	no
9945	1	no
9946	1	no
9947	1	no
9948	0	no
9949	1	no
9950	1	no
9951	1	no
9952	1	no
9953	1	no
9954	0	no
9955	1	no
9956	1	no
9957	1	no
9958	1	no
9959	1	no
9960	0	no
9961	1	no
9962	0	no
9963	1	no
9964	0	no
9965	1	no
9966	1	no
9967	1	no
9968	1	no
9969	1	no
9970	0	no
9971	1	no
9972	1	no
9973	1	no
9974	0	no
9975	0	no
9976	0	no
9977	0	no
9978	0	no
9979	0	no
9980	0	no
9981	1	no
9982	1	no
9983	0	no
9984	1	no
9985	0	no
9986	1	no
9987	1	no
9988	1	no
9989	1	no
9990	0	no
9991	1	no
9992	1	no
9993	1	no
9994	0	no
9995	0	no
9996	0	no
9997	1	no
9998	0	no
9999	1	no
10000	1	no
10001	0	no
10002	0	no
10003	1	no
10004	1	no
10005	0	no
10006	1	no
10007	1	no
10008	0	no
10009	1	no
10010	1	no
10011	0	no
10012	0	no
10013	0	no
10014	1	no
10015	1	no
10016	0	no
10017	1	no
10018	1	no
10019	0	no
10020	1	no
10021	0	no
10022	1	no
10023	1	no
10024	1	no
10025	0	no
10026	1	no
10027	0	no
10028	1	no
10029	1	no
10030	1	no
10031	1	no
10032	0	no
10033	0	no
10034	0	no
10035	1	no
10036	0	no
10037	1	no
10038	0	no
10039	0	no
10040	0	no
10041	0	no
10042	1	no
10043	1	no
10044	0	no
10045	1	no
10046	1	no
10047	1	no
10048	1	no
10049	1	no
10050	0	no
10051	1	no
10052	0	no
10053	0	no
10054	1	no
10055	1	no
10056	0	no
10057	1	no
10058	1	no
10059	0	no
10060	0	no
10061	1	no
10062	0	no
10063	0	no
10064	1	no
10065	0	no
10066	1	no
10067	1	no
10068	0	no
10069	0	no
10070	0	no
10071	0	no
10072	1	no
10073	0	no
10074	0	no
10075	1	no
10076	1	no
10077	0	no
10078	0	no
10079	1	no
10080	1	no
10081	0	no
10082	0	no
10083	1	no
10084	1	no
10085	1	no
10086	0	no
10087	1	no
10088	0	no
10089	0	no
10090	1	no
10091	0	no
10092	1	no
10093	1	no
10094	1	no
10095	0	no
10096	0	no
10097	1	no
10098	0	no
10099	0	no
10100	0	no
10101	1	no
10102	0	no
10103	1	no
10104	1	no
10105	1	no
10106	1	no
10107	0	no
10108	0	no
10109	1	no
10110	0	no
10111	1	no
10112	0	no
10113	1	no
10114	1	no
10115	1	no
10116	0	no
10117	0	no
10118	1	no
10119	1	no
10120	1	no
10121	1	no
10122	1	no
10123	1	no
10124	0	no
10125	1	no
10126	1	no
10127	1	no
10128	1	no
10129	1	no
10130	1	no
10131	1	no
10132	0	no
10133	1	no
10134	1	no
10135	0	no
10136	0	no
10137	1	no
10138	1	no
10139	1	no
10140	0	no
10141	1	no
10142	0	no
10143	1	no
10144	1	no
10145	1	no
10146	0	no
10147	1	no
10148	1	no
10149	1	no
10150	1	no
10151	0	no
10152	0	no
10153	0	no
10154	0	no
10155	0	no
10156	1	no
10157	1	no
10158	1	no
10159	1	no
10160	1	no
10161	0	no
10162	0	no
10163	0	no
10164	0	no
10165	1	no
10166	1	no
10167	1	no
10168	1	no
10169	1	no
10170	0	no
10171	0	no
10172	1	no
10173	1	no
10174	1	no
10175	1	no
10176	1	no
10177	1	no
10178	1	no
10179	1	no
10180	1	no
10181	1	no
10182	0	no
10183	1	no
10184	0	no
10185	0	no
10186	0	no
10187	1	no
10188	1	no
10189	1	no
10190	1	no
10191	1	no
10192	1	no
10193	0	no
10194	1	no
10195	1	no
10196	1	no
10197	0	no
10198	0	no
10199	1	no
10200	1	no
10201	0	no
10202	1	no
10203	0	no
10204	0	no
10205	0	no
10206	0	no
10207	1	no
10208	1	no
10209	1	no
10210	1	no
10211	1	no
10212	1	no
10213	0	no
10214	0	no
10215	1	no
10216	1	no
10217	0	no
10218	1	no
10219	1	no
10220	0	no
10221	1	no
10222	0	no
10223	1	no
10224	1	no
10225	1	no
10226	0	no
10227	1	no
10228	1	no
10229	1	no
10230	1	no
10231	0	no
10232	1	no
10233	0	no
10234	1	no
10235	1	no
10236	0	no
10237	0	no
10238	0	no
10239	0	no
10240	1	no
10241	0	no
10242	0	no
10243	0	no
10244	0	no
10245	0	no
10246	0	no
10247	0	no
10248	0	no
10249	0	no
10250	1	no
10251	1	no
10252	1	no
10253	1	no
10254	1	no
10255	0	no
10256	1	no
10257	1	no
10258	1	no
10259	0	no
10260	1	no
10261	0	no
10262	0	no
10263	0	no
10264	1	no
10265	1	no
10266	1	no
10267	0	no
10268	1	no
10269	1	no
10270	1	no
10271	0	no
10272	0	no
10273	0	no
10274	0	no
10275	1	no
10276	1	no
10277	0	no
10278	0	no
10279	0	no
10280	1	no
10281	1	no
10282	1	no
10283	1	no
10284	0	no
10285	0	no
10286	0	no
10287	1	no
10288	1	no
10289	0	no
10290	0	no
10291	1	no
10292	0	no
10293	0	no
10294	1	no
10295	1	no
10296	0	no
10297	0	no
10298	1	no
10299	0	no
10300	0	no
10301	0	no
10302	1	no
10303	0	no
10304	1	no
10305	0	no
10306	0	no
10307	1	no
10308	1	no
10309	1	no
10310	0	no
10311	1	no
10312	0	no
10313	1	no
10314	0	no
10315	1	no
10316	0	no
10317	0	no
10318	1	no
10319	0	no
10320	0	no
10321	1	no
10322	0	no
10323	1	no
10324	1	no
10325	1	no
10326	0	no
10327	1	no
10328	1	no
10329	1	no
10330	1	no
10331	1	no
10332	1	no
10333	1	no
10334	0	no
10335	0	no
10336	1	no
10337	1	no
10338	1	no
10339	1	no
10340	1	no
10341	1	no
10342	0	no
10343	0	no
10344	0	no
10345	1	no
10346	0	no
10347	1	no
10348	1	no
10349	1	no
10350	0	no
10351	1	no
10352	1	no
10353	1	no
10354	1	no
10355	1	no
10356	0	no
10357	1	no
10358	1	no
10359	0	no
10360	1	no
10361	1	no
10362	0	no
10363	1	no
10364	0	no
10365	1	no
10366	0	no
10367	1	no
10368	1	no
10369	1	no
10370	1	no
10371	0	no
10372	1	no
10373	0	no
10374	0	no
10375	1	no
10376	1	no
10377	0	no
10378	1	no
10379	1	no
10380	0	no
10381	1	no
10382	1	no
10383	0	no
10384	0	no
10385	1	no
10386	1	no
10387	1	no
10388	0	no
10389	0	no
10390	0	no
10391	0	no
10392	0	no
10393	0	no
10394	1	no
10395	1	no
10396	0	no
10397	1	no
10398	0	no
10399	1	no
10400	1	no
10401	0	no
10402	1	no
10403	0	no
10404	1	no
10405	1	no
10406	1	no
10407	1	no
10408	1	no
10409	1	no
10410	1	no
10411	0	no
10412	1	no
10413	0	no
10414	1	no
10415	0	no
10416	1	no
10417	1	no
10418	0	no
10419	1	no
10420	0	no
10421	0	no
10422	1	no
10423	0	no
10424	0	no
10425	1	no
10426	0	no
10427	0	no
10428	1	no
10429	1	no
10430	0	no
10431	1	no
10432	0	no
10433	1	no
10434	1	no
10435	1	no
10436	0	no
10437	1	no
10438	1	no
10439	0	no
10440	0	no
10441	1	no
10442	0	no
10443	1	no
10444	1	no
10445	0	no
10446	0	no
10447	1	no
10448	0	no
10449	1	no
10450	1	no
10451	1	no
10452	0	no
10453	1	no
10454	1	no
10455	0	no
10456	1	no
10457	1	no
10458	0	no
10459	1	no
10460	0	no
10461	1	no
10462	1	no
10463	0	no
10464	0	no
10465	1	no
10466	1	no
10467	0	no
10468	1	no
10469	1	no
10470	1	no
10471	1	no
10472	1	no
10473	0	no
10474	1	no
10475	1	no
10476	0	no
10477	1	no
10478	0	no
10479	1	no
10480	1	no
10481	1	no
10482	1	no
10483	1	no
10484	1	no
10485	1	no
10486	1	no
10487	1	no
10488	1	no
10489	0	no
10490	1	no
10491	0	no
10492	1	no
10493	0	no
10494	1	no
10495	1	no
10496	0	no
10497	1	no
10498	1	no
10499	1	no
10500	1	no
10501	0	no
10502	1	no
10503	0	no
10504	1	no
10505	1	no
10506	0	no
10507	1	no
10508	1	no
10509	0	no
10510	0	no
10511	1	no
10512	0	no
10513	1	no
10514	0	no
10515	0	no
10516	1	no
10517	1	no
10518	0	no
10519	0	no
10520	1	no
10521	0	no
10522	1	no
10523	0	no
10524	1	no
10525	1	no
10526	0	no
10527	1	no
10528	1	no
10529	0	no
10530	1	no
10531	1	no
10532	0	no
10533	1	no
10534	1	no
10535	0	no
10536	1	no
10537	0	no
10538	0	no
10539	1	no
10540	1	no
10541	1	no
10542	1	no
10543	1	no
10544	1	no
10545	0	no
10546	0	no
10547	1	no
10548	0	no
10549	0	no
10550	1	no
10551	0	no
10552	1	no
10553	1	no
10554	1	no
10555	1	no
10556	0	no
10557	1	no
10558	0	no
10559	0	no
10560	0	no
10561	1	no
10562	1	no
10563	0	no
10564	0	no
10565	0	no
10566	1	no
10567	1	no
10568	1	no
10569	1	no
10570	1	no
10571	1	no
10572	1	no
10573	1	no
10574	0	no
10575	0	no
10576	0	no
10577	0	no
10578	1	no
10579	1	no
10580	1	no
10581	0	no
10582	0	no
10583	1	no
10584	1	no
10585	0	no
10586	0	no
10587	1	no
10588	1	no
10589	0	no
10590	1	no
10591	0	no
10592	0	no
10593	1	no
10594	0	no
10595	1	no
10596	1	no
10597	0	no
10598	0	no
10599	1	no
10600	0	no
10601	1	no
10602	0	no
10603	0	no
10604	1	no
10605	0	no
10606	1	no
10607	0	no
10608	1	no
10609	1	no
10610	0	no
10611	1	no
10612	1	no
10613	1	no
10614	1	no
10615	1	no
10616	1	no
10617	1	no
10618	0	no
10619	1	no
10620	1	no
10621	1	no
10622	0	no
10623	1	no
10624	1	no
10625	1	no
10626	1	no
10627	1	no
10628	0	no
10629	1	no
10630	1	no
10631	0	no
10632	1	no
10633	1	no
10634	0	no
10635	0	no
10636	1	no
10637	0	no
10638	1	no
10639	0	no
10640	0	no
10641	1	no
10642	1	no
10643	0	no
10644	1	no
10645	0	no
10646	0	no
10647	1	no
10648	0	no
10649	0	no
10650	0	no
10651	1	no
10652	0	no
10653	0	no
10654	1	no
10655	0	no
10656	0	no
10657	0	no
10658	1	no
10659	1	no
10660	0	no
10661	1	no
10662	1	no
10663	0	no
10664	1	no
10665	0	no
10666	0	no
10667	0	no
10668	0	no
10669	0	no
10670	0	no
10671	1	no
10672	0	no
10673	1	no
10674	1	no
10675	1	no
10676	1	no
10677	0	no
10678	0	no
10679	1	no
10680	0	no
10681	0	no
10682	0	no
10683	0	no
10684	0	no
10685	0	no
10686	1	no
10687	1	no
10688	0	no
10689	1	no
10690	0	no
10691	0	no
10692	0	no
10693	0	no
10694	0	no
10695	0	no
10696	1	no
10697	1	no
10698	0	no
10699	0	no
10700	0	no
10701	1	no
10702	1	no
10703	1	no
10704	1	no
10705	0	no
10706	0	no
10707	1	no
10708	0	no
10709	1	no
10710	0	no
10711	1	no
10712	1	no
10713	1	no
10714	0	no
10715	0	no
10716	1	no
10717	0	no
10718	1	no
10719	1	no
10720	0	no
10721	1	no
10722	1	no
10723	0	no
10724	1	no
10725	0	no
10726	1	no
10727	1	no
10728	0	no
10729	0	no
10730	0	no
10731	1	no
10732	0	no
10733	1	no
10734	1	no
10735	0	no
10736	0	no
10737	1	no
10738	1	no
10739	1	no
10740	1	no
10741	0	no
10742	1	no
10743	1	no
10744	1	no
10745	0	no
10746	1	no
10747	1	no
10748	1	no
10749	0	no
10750	0	no
10751	1	no
10752	1	no
10753	1	no
10754	1	no
10755	0	no
10756	1	no
10757	1	no
10758	0	no
10759	1	no
10760	1	no
10761	1	no
10762	0	no
10763	1	no
10764	0	no
10765	0	no
10766	1	no
10767	1	no
10768	0	no
10769	1	no
10770	1	no
10771	0	no
10772	1	no
10773	1	no
10774	1	no
10775	0	no
10776	1	no
10777	1	no
10778	0	no
10779	1	no
10780	1	no
10781	1	no
10782	1	no
10783	0	no
10784	1	no
10785	1	no
10786	1	no
10787	1	no
10788	0	no
10789	1	no
10790	1	no
10791	1	no
10792	1	no
10793	1	no
10794	1	no
10795	0	no
10796	0	no
10797	0	no
10798	0	no
10799	1	no
10800	1	no
10801	0	no
10802	1	no
10803	1	no
10804	1	no
10805	1	no
10806	0	no
10807	1	no
10808	0	no
10809	0	no
10810	0	no
10811	1	no
10812	1	no
10813	1	no
10814	1	no
10815	0	no
10816	0	no
10817	1	no
10818	1	no
10819	0	no
10820	0	no
10821	1	no
10822	1	no
10823	1	no
10824	1	no
10825	1	no
10826	1	no
10827	1	no
10828	1	no
10829	1	no
10830	1	no
10831	1	no
10832	0	no
10833	0	no
10834	1	no
10835	1	no
10836	1	no
10837	0	no
10838	0	no
10839	1	no
10840	0	no
10841	0	no
10842	0	no
10843	1	no
10844	1	no
10845	0	no
10846	1	no
10847	0	no
10848	0	no
10849	0	no
10850	0	no
10851	0	no
10852	1	no
10853	0	no
10854	1	no
10855	1	no
10856	0	no
10857	0	no
10858	1	no
10859	1	no
10860	0	no
10861	1	no
10862	1	no
10863	1	no
10864	1	no
10865	1	no
10866	0	no
10867	1	no
10868	0	no
10869	0	no
10870	1	no
10871	0	no
10872	1	no
10873	0	no
10874	1	no
10875	1	no
10876	1	no
10877	1	no
10878	1	no
10879	1	no
10880	1	no
10881	1	no
10882	1	no
10883	0	no
10884	1	no
10885	1	no
10886	0	no
10887	1	no
10888	1	no
10889	0	no
10890	0	no
10891	1	no
10892	0	no
10893	0	no
10894	1	no
10895	1	no
10896	1	no
10897	1	no
10898	0	no
10899	0	no
10900	1	no
10901	0	no
10902	0	no
10903	1	no
10904	0	no
10905	1	no
10906	1	no
10907	0	no
10908	1	no
10909	0	no
10910	1	no
10911	0	no
10912	1	no
10913	0	no
10914	1	no
10915	1	no
10916	1	no
10917	1	no
10918	0	no
10919	1	no
10920	1	no
10921	1	no
10922	0	no
10923	1	no
10924	1	no
10925	0	no
10926	1	no
10927	1	no
10928	0	no
10929	0	no
10930	0	no
10931	1	no
10932	0	no
10933	0	no
10934	1	no
10935	0	no
10936	1	no
10937	1	no
10938	1	no
10939	1	no
10940	1	no
10941	1	no
10942	1	no
10943	1	no
10944	1	no
10945	1	no
10946	0	no
10947	1	no
10948	0	no
10949	1	no
10950	1	no
10951	1	no
10952	0	no
10953	1	no
10954	0	no
10955	1	no
10956	1	no
10957	0	no
10958	0	no
10959	0	no
10960	0	no
10961	1	no
10962	0	no
10963	0	no
10964	0	no
10965	1	no
10966	1	no
10967	0	no
10968	1	no
10969	1	no
10970	1	no
10971	1	no
10972	0	no
10973	1	no
10974	1	no
10975	1	no
10976	0	no
10977	1	no
10978	0	no
10979	1	no
10980	1	no
10981	0	no
10982	0	no
10983	0	no
10984	1	no
10985	1	no
10986	1	no
10987	0	no
10988	1	no
10989	1	no
10990	0	no
10991	0	no
10992	1	no
10993	1	no
10994	1	no
10995	0	no
10996	1	no
10997	1	no
10998	1	no
10999	1	no
11000	0	no
11001	1	no
11002	0	no
11003	0	no
11004	1	no
11005	1	no
11006	0	no
11007	1	no
11008	0	no
11009	0	no
11010	1	no
11011	0	no
11012	1	no
11013	1	no
11014	1	no
11015	1	no
11016	1	no
11017	1	no
11018	0	no
11019	0	no
11020	1	no
11021	1	no
11022	1	no
11023	1	no
11024	0	no
11025	1	no
11026	1	no
11027	1	no
11028	1	no
11029	0	no
11030	0	no
11031	1	no
11032	0	no
11033	0	no
11034	0	no
11035	1	no
11036	0	no
11037	0	no
11038	1	no
11039	1	no
11040	1	no
11041	0	no
11042	1	no
11043	0	no
11044	1	no
11045	1	no
11046	1	no
11047	0	no
11048	0	no
11049	1	no
11050	1	no
11051	0	no
11052	0	no
11053	1	no
11054	1	no
11055	0	no
11056	1	no
11057	1	no
11058	1	no
11059	1	no
11060	1	no
11061	1	no
11062	0	no
11063	1	no
11064	1	no
11065	1	no
11066	1	no
11067	1	no
11068	1	no
11069	1	no
11070	0	no
11071	1	no
11072	1	no
11073	1	no
11074	1	no
11075	1	no
11076	1	no
11077	1	no
11078	1	no
11079	0	no
11080	1	no
11081	1	no
11082	1	no
11083	1	no
11084	0	no
11085	1	no
11086	1	no
11087	1	no
11088	1	no
11089	1	no
11090	0	no
11091	0	no
11092	0	no
11093	1	no
11094	0	no
11095	0	no
11096	1	no
11097	1	no
11098	1	no
11099	0	no
11100	0	no
11101	1	no
11102	1	no
11103	1	no
11104	0	no
11105	1	no
11106	1	no
11107	1	no
11108	1	no
11109	0	no
11110	1	no
11111	1	no
11112	1	no
11113	0	no
11114	1	no
11115	0	no
11116	0	no
11117	1	no
11118	0	no
11119	0	no
11120	1	no
11121	1	no
11122	0	no
11123	1	no
11124	0	no
11125	0	no
11126	1	no
11127	0	no
11128	0	no
11129	1	no
11130	1	no
11131	0	no
11132	1	no
11133	0	no
11134	0	no
11135	1	no
11136	1	no
11137	0	no
11138	0	no
11139	1	no
11140	1	no
11141	1	no
11142	1	no
11143	0	no
11144	0	no
11145	1	no
11146	1	no
11147	1	no
11148	1	no
11149	1	no
11150	1	no
11151	0	no
11152	0	no
11153	1	no
11154	1	no
11155	0	no
11156	1	no
11157	1	no
11158	0	no
11159	1	no
11160	1	no
11161	1	no
11162	1	no
11163	1	no
11164	1	no
11165	1	no
11166	0	no
11167	1	no
11168	0	no
11169	1	no
11170	0	no
11171	1	no
11172	0	no
11173	1	no
11174	1	no
11175	1	no
11176	0	no
11177	1	no
11178	0	no
11179	0	no
11180	0	no
11181	1	no
11182	1	no
11183	0	no
11184	0	no
11185	0	no
11186	1	no
11187	0	no
11188	1	no
11189	0	no
11190	1	no
11191	0	no
11192	1	no
11193	1	no
11194	1	no
11195	0	no
11196	1	no
11197	0	no
11198	0	no
11199	1	no
11200	1	no
11201	1	no
11202	0	no
11203	0	no
11204	0	no
11205	1	no
11206	1	no
11207	1	no
11208	0	no
11209	0	no
11210	0	no
11211	1	no
11212	0	no
11213	1	no
11214	1	no
11215	1	no
11216	0	no
11217	0	no
11218	0	no
11219	1	no
11220	1	no
11221	0	no
11222	1	no
11223	0	no
11224	0	no
11225	1	no
11226	0	no
11227	1	no
11228	1	no
11229	0	no
11230	0	no
11231	0	no
11232	0	no
11233	1	no
11234	1	no
11235	0	no
11236	1	no
11237	0	no
11238	0	no
11239	1	no
11240	0	no
11241	1	no
11242	1	no
11243	1	no
11244	0	no
11245	1	no
11246	1	no
11247	1	no
11248	0	no
11249	0	no
11250	0	no
11251	0	no
11252	0	no
11253	1	no
11254	1	no
11255	1	no
11256	1	no
11257	1	no
11258	1	no
11259	0	no
11260	1	no
11261	1	no
11262	1	no
11263	0	no
11264	0	no
11265	1	no
11266	1	no
11267	1	no
11268	1	no
11269	1	no
11270	1	no
11271	0	no
11272	0	no
11273	1	no
11274	1	no
11275	0	no
11276	0	no
11277	0	no
11278	1	no
11279	0	no
11280	0	no
11281	1	no
11282	1	no
11283	1	no
11284	0	no
11285	0	no
11286	0	no
11287	0	no
11288	1	no
11289	0	no
11290	0	no
11291	0	no
11292	1	no
11293	0	no
11294	1	no
11295	1	no
11296	1	no
11297	1	no
11298	0	no
11299	1	no
11300	0	no
11301	1	no
11302	0	no
11303	1	no
11304	1	no
11305	0	no
11306	1	no
11307	0	no
11308	0	no
11309	1	no
11310	1	no
11311	0	no
11312	1	no
11313	0	no
11314	1	no
11315	0	no
11316	0	no
11317	1	no
11318	1	no
11319	1	no
11320	1	no
11321	1	no
11322	1	no
11323	1	no
11324	0	no
11325	1	no
11326	1	no
11327	1	no
11328	1	no
11329	0	no
11330	1	no
11331	1	no
11332	1	no
11333	1	no
11334	0	no
11335	1	no
11336	1	no
11337	1	no
11338	1	no
11339	1	no
11340	0	no
11341	1	no
11342	0	no
11343	1	no
11344	1	no
11345	0	no
11346	0	no
11347	0	no
11348	1	no
11349	1	no
11350	1	no
11351	0	no
11352	1	no
11353	0	no
11354	1	no
11355	1	no
11356	1	no
11357	0	no
11358	1	no
11359	1	no
11360	1	no
11361	0	no
11362	1	no
11363	1	no
11364	0	no
11365	0	no
11366	0	no
11367	0	no
11368	1	no
11369	0	no
11370	0	no
11371	1	no
11372	0	no
11373	1	no
11374	1	no
11375	1	no
11376	1	no
11377	1	no
11378	0	no
11379	1	no
11380	0	no
11381	1	no
11382	1	no
11383	1	no
11384	1	no
11385	1	no
11386	1	no
11387	0	no
11388	1	no
11389	0	no
11390	1	no
11391	0	no
11392	1	no
11393	1	no
11394	1	no
11395	0	no
11396	1	no
11397	1	no
11398	0	no
11399	0	no
11400	1	no
11401	1	no
11402	0	no
11403	0	no
11404	1	no
11405	1	no
11406	1	no
11407	1	no
11408	1	no
11409	0	no
11410	1	no
11411	1	no
11412	1	no
11413	1	no
11414	1	no
11415	1	no
11416	1	no
11417	1	no
11418	0	no
11419	0	no
11420	1	no
11421	0	no
11422	1	no
11423	0	no
11424	1	no
11425	1	no
11426	0	no
11427	0	no
11428	0	no
11429	0	no
11430	0	no
11431	1	no
11432	1	no
11433	0	no
11434	1	no
11435	1	no
11436	1	no
11437	0	no
11438	1	no
11439	0	no
11440	1	no
11441	1	no
11442	0	no
11443	1	no
11444	1	no
11445	0	no
11446	0	no
11447	1	no
11448	1	no
11449	1	no
11450	1	no
11451	0	no
11452	0	no
11453	1	no
11454	1	no
11455	1	no
11456	1	no
11457	0	no
11458	1	no
11459	0	no
11460	0	no
11461	1	no
11462	0	no
11463	0	no
11464	0	no
11465	1	no
11466	0	no
11467	1	no
11468	0	no
11469	0	no
11470	0	no
11471	1	no
11472	1	no
11473	1	no
11474	1	no
11475	1	no
11476	0	no
11477	1	no
11478	0	no
11479	1	no
11480	1	no
11481	1	no
11482	0	no
11483	0	no
11484	0	no
11485	1	no
11486	1	no
11487	1	no
11488	0	no
11489	1	no
11490	1	no
11491	1	no
11492	0	no
11493	0	no
11494	0	no
11495	1	no
11496	1	no
11497	0	no
11498	0	no
11499	1	no
11500	0	no
11501	0	no
11502	1	no
11503	1	no
11504	1	no
11505	1	no
11506	0	no
11507	0	no
11508	1	no
11509	1	no
11510	1	no
11511	0	no
11512	0	no
11513	0	no
11514	0	no
11515	1	no
11516	1	no
11517	0	no
11518	1	no
11519	1	no
11520	1	no
11521	0	no
11522	1	no
11523	1	no
11524	0	no
11525	1	no
11526	1	no
11527	1	no
11528	1	no
11529	0	no
11530	1	no
11531	1	no
11532	1	no
11533	0	no
11534	0	no
11535	0	no
11536	1	no
11537	0	no
11538	0	no
11539	0	no
11540	1	no
11541	1	no
11542	0	no
11543	1	no
11544	1	no
11545	1	no
11546	0	no
11547	0	no
11548	1	no
11549	1	no
11550	0	no
11551	1	no
11552	1	no
11553	1	no
11554	1	no
11555	0	no
11556	1	no
11557	1	no
11558	0	no
11559	0	no
11560	0	no
11561	0	no
11562	1	no
11563	0	no
11564	1	no
11565	1	no
11566	0	no
11567	1	no
11568	0	no
11569	0	no
11570	1	no
11571	1	no
11572	1	no
11573	0	no
11574	0	no
11575	1	no
11576	1	no
11577	1	no
11578	1	no
11579	0	no
11580	0	no
11581	1	no
11582	1	no
11583	0	no
11584	1	no
11585	1	no
11586	1	no
11587	0	no
11588	1	no
11589	1	no
11590	0	no
11591	0	no
11592	0	no
11593	1	no
11594	0	no
11595	0	no
11596	0	no
11597	1	no
11598	0	no
11599	1	no
11600	0	no
11601	1	no
11602	1	no
11603	1	no
11604	1	no
11605	0	no
11606	0	no
11607	1	no
11608	1	no
11609	1	no
11610	0	no
11611	0	no
11612	1	no
11613	1	no
11614	1	no
11615	0	no
11616	0	no
11617	0	no
11618	0	no
11619	1	no
11620	1	no
11621	1	no
11622	1	no
11623	0	no
11624	0	no
11625	0	no
11626	1	no
11627	1	no
11628	1	no
11629	1	no
11630	1	no
11631	1	no
11632	1	no
11633	1	no
11634	0	no
11635	1	no
11636	1	no
11637	1	no
11638	1	no
11639	0	no
11640	1	no
11641	1	no
11642	0	no
11643	1	no
11644	1	no
11645	1	no
11646	0	no
11647	0	no
11648	0	no
11649	1	no
11650	1	no
11651	1	no
11652	0	no
11653	0	no
11654	0	no
11655	1	no
11656	1	no
11657	1	no
11658	1	no
11659	1	no
11660	1	no
11661	0	no
11662	1	no
11663	1	no
11664	0	no
11665	0	no
11666	0	no
11667	1	no
11668	1	no
11669	0	no
11670	1	no
11671	0	no
11672	0	no
11673	0	no
11674	1	no
11675	0	no
11676	1	no
11677	1	no
11678	0	no
11679	1	no
11680	1	no
11681	1	no
11682	0	no
11683	1	no
11684	1	no
11685	1	no
11686	1	no
11687	1	no
11688	0	no
11689	1	no
11690	0	no
11691	1	no
11692	0	no
11693	1	no
11694	0	no
11695	0	no
11696	1	no
11697	1	no
11698	0	no
11699	1	no
11700	0	no
11701	1	no
11702	1	no
11703	0	no
11704	0	no
11705	1	no
11706	1	no
11707	0	no
11708	1	no
11709	0	no
11710	0	no
11711	0	no
11712	1	no
11713	1	no
11714	1	no
11715	1	no
11716	1	no
11717	0	no
11718	0	no
11719	1	no
11720	1	no
11721	1	no
11722	1	no
11723	1	no
11724	0	no
11725	0	no
11726	1	no
11727	1	no
11728	0	no
11729	0	no
11730	1	no
11731	1	no
11732	1	no
11733	1	no
11734	0	no
11735	1	no
11736	0	no
11737	1	no
11738	1	no
11739	1	no
11740	1	no
11741	0	no
11742	0	no
11743	1	no
11744	0	no
11745	0	no
11746	0	no
11747	1	no
11748	1	no
11749	0	no
11750	1	no
11751	0	no
11752	0	no
11753	1	no
11754	0	no
11755	0	no
11756	1	no
11757	1	no
11758	0	no
11759	0	no
11760	1	no
11761	0	no
11762	0	no
11763	0	no
11764	0	no
11765	0	no
11766	1	no
11767	1	no
11768	0	no
11769	1	no
11770	1	no
11771	1	no
11772	0	no
11773	0	no
11774	1	no
11775	1	no
11776	0	no
11777	1	no
11778	1	no
11779	1	no
11780	1	no
11781	0	no
11782	1	no
11783	1	no
11784	1	no
11785	0	no
11786	1	no
11787	0	no
11788	0	no
11789	1	no
11790	1	no
11791	0	no
11792	1	no
11793	0	no
11794	1	no
11795	1	no
11796	1	no
11797	1	no
11798	1	no
11799	1	no
11800	1	no
11801	1	no
11802	1	no
11803	0	no
11804	0	no
11805	1	no
11806	0	no
11807	1	no
11808	1	no
11809	1	no
11810	1	no
11811	1	no
11812	1	no
11813	0	no
11814	1	no
11815	0	no
11816	0	no
11817	0	no
11818	1	no
11819	1	no
11820	1	no
11821	1	no
11822	0	no
11823	0	no
11824	0	no
11825	0	no
11826	1	no
11827	1	no
11828	0	no
11829	1	no
11830	1	no
11831	1	no
11832	0	no
11833	1	no
11834	0	no
11835	0	no
11836	1	no
11837	1	no
11838	1	no
11839	0	no
11840	1	no
11841	0	no
11842	1	no
11843	1	no
11844	0	no
11845	1	no
11846	0	no
11847	1	no
11848	1	no
11849	1	no
11850	1	no
11851	1	no
11852	0	no
11853	0	no
11854	0	no
11855	0	no
11856	1	no
11857	1	no
11858	1	no
11859	0	no
11860	1	no
11861	1	no
11862	0	no
11863	1	no
11864	0	no
11865	1	no
11866	1	no
11867	0	no
11868	1	no
11869	1	no
11870	0	no
11871	0	no
11872	1	no
11873	0	no
11874	1	no
11875	1	no
11876	1	no
11877	0	no
11878	1	no
11879	1	no
11880	1	no
11881	0	no
11882	0	no
11883	0	no
11884	1	no
11885	1	no
11886	1	no
11887	1	no
11888	1	no
11889	0	no
11890	1	no
11891	1	no
11892	0	no
11893	0	no
11894	0	no
11895	0	no
11896	0	no
11897	1	no
11898	1	no
11899	1	no
11900	1	no
11901	0	no
11902	0	no
11903	0	no
11904	0	no
11905	1	no
11906	0	no
11907	0	no
11908	1	no
11909	0	no
11910	0	no
11911	0	no
11912	1	no
11913	0	no
11914	1	no
11915	1	no
11916	1	no
11917	0	no
11918	0	no
11919	0	no
11920	1	no
11921	1	no
11922	0	no
11923	1	no
11924	0	no
11925	0	no
11926	1	no
11927	1	no
11928	0	no
11929	0	no
11930	0	no
11931	1	no
11932	1	no
11933	0	no
11934	1	no
11935	1	no
11936	1	no
11937	0	no
11938	0	no
11939	1	no
11940	0	no
11941	0	no
11942	1	no
11943	1	no
11944	0	no
11945	1	no
11946	1	no
11947	1	no
11948	1	no
11949	1	no
11950	1	no
11951	0	no
11952	1	no
11953	1	no
11954	1	no
11955	0	no
11956	0	no
11957	1	no
11958	1	no
11959	0	no
11960	1	no
11961	1	no
11962	1	no
11963	1	no
11964	1	no
11965	1	no
11966	0	no
11967	0	no
11968	1	no
11969	1	no
11970	1	no
11971	1	no
11972	1	no
11973	1	no
11974	1	no
11975	1	no
11976	1	no
11977	0	no
11978	1	no
11979	1	no
11980	1	no
11981	0	no
11982	0	no
11983	0	no
11984	1	no
11985	0	no
11986	0	no
11987	1	no
11988	1	no
11989	0	no
11990	1	no
11991	1	no
11992	0	no
11993	1	no
11994	0	no
11995	0	no
11996	1	no
11997	0	no
11998	0	no
11999	0	no
12000	1	no
12001	0	no
12002	1	no
12003	0	no
12004	0	no
12005	1	no
12006	1	no
12007	0	no
12008	1	no
12009	1	no
12010	1	no
12011	0	no
12012	1	no
12013	1	no
12014	1	no
12015	1	no
12016	0	no
12017	1	no
12018	0	no
12019	1	no
12020	0	no
12021	1	no
12022	0	no
12023	1	no
12024	1	no
12025	1	no
12026	0	no
12027	1	no
12028	0	no
12029	1	no
12030	0	no
12031	1	no
12032	0	no
12033	1	no
12034	1	no
12035	1	no
12036	0	no
12037	1	no
12038	1	no
12039	1	no
12040	0	no
12041	0	no
12042	1	no
12043	1	no
12044	0	no
12045	1	no
12046	0	no
12047	1	no
12048	1	no
12049	1	no
12050	1	no
12051	0	no
12052	0	no
12053	1	no
12054	1	no
12055	1	no
12056	1	no
12057	0	no
12058	0	no
12059	1	no
12060	1	no
12061	1	no
12062	0	no
12063	1	no
12064	1	no
12065	0	no
12066	0	no
12067	0	no
12068	0	no
12069	0	no
12070	0	no
12071	0	no
12072	0	no
12073	0	no
12074	0	no
12075	1	no
12076	0	no
12077	0	no
12078	0	no
12079	0	no
12080	1	no
12081	0	no
12082	1	no
12083	0	no
12084	0	no
12085	0	no
12086	1	no
12087	0	no
12088	0	no
12089	1	no
12090	1	no
12091	1	no
12092	1	no
12093	0	no
12094	1	no
12095	1	no
12096	0	no
12097	1	no
12098	1	no
12099	1	no
12100	0	no
12101	0	no
12102	0	no
12103	1	no
12104	1	no
12105	1	no
12106	1	no
12107	1	no
12108	1	no
12109	1	no
12110	1	no
12111	1	no
12112	0	no
12113	1	no
12114	1	no
12115	1	no
12116	1	no
12117	1	no
12118	1	no
12119	0	no
12120	1	no
12121	0	no
12122	1	no
12123	1	no
12124	1	no
12125	0	no
12126	0	no
12127	1	no
12128	1	no
12129	0	no
12130	1	no
12131	1	no
12132	1	no
12133	1	no
12134	0	no
12135	0	no
12136	1	no
12137	1	no
12138	1	no
12139	1	no
12140	1	no
12141	1	no
12142	1	no
12143	1	no
12144	1	no
12145	0	no
12146	0	no
12147	0	no
12148	1	no
12149	1	no
12150	1	no
12151	1	no
12152	1	no
12153	1	no
12154	1	no
12155	1	no
12156	0	no
12157	0	no
12158	1	no
12159	1	no
12160	0	no
12161	0	no
12162	0	no
12163	0	no
12164	1	no
12165	1	no
12166	1	no
12167	0	no
12168	1	no
12169	0	no
12170	1	no
12171	1	no
12172	1	no
12173	1	no
12174	0	no
12175	1	no
12176	1	no
12177	1	no
12178	1	no
12179	0	no
12180	0	no
12181	0	no
12182	1	no
12183	1	no
12184	1	no
12185	1	no
12186	1	no
12187	1	no
12188	0	no
12189	1	no
12190	0	no
12191	1	no
12192	1	no
12193	1	no
12194	1	no
12195	0	no
12196	0	no
12197	1	no
12198	1	no
12199	0	no
12200	1	no
12201	1	no
12202	1	no
12203	0	no
12204	0	no
12205	0	no
12206	0	no
12207	0	no
12208	1	no
12209	0	no
12210	1	no
12211	0	no
12212	1	no
12213	0	no
12214	1	no
12215	0	no
12216	0	no
12217	0	no
12218	1	no
12219	0	no
12220	0	no
12221	1	no
12222	1	no
12223	0	no
12224	0	no
12225	1	no
12226	1	no
12227	0	no
12228	1	no
12229	1	no
12230	1	no
12231	1	no
12232	1	no
12233	0	no
12234	0	no
12235	1	no
12236	1	no
12237	0	no
12238	0	no
12239	1	no
12240	0	no
12241	1	no
12242	1	no
12243	0	no
12244	1	no
12245	1	no
12246	1	no
12247	1	no
12248	1	no
12249	1	no
12250	1	no
12251	1	no
12252	1	no
12253	1	no
12254	0	no
12255	0	no
12256	1	no
12257	1	no
12258	0	no
12259	1	no
12260	0	no
12261	1	no
12262	1	no
12263	1	no
12264	0	no
12265	0	no
12266	1	no
12267	0	no
12268	0	no
12269	1	no
12270	0	no
12271	0	no
12272	0	no
12273	0	no
12274	1	no
12275	1	no
12276	0	no
12277	1	no
12278	0	no
12279	1	no
12280	0	no
12281	1	no
12282	1	no
12283	1	no
12284	1	no
12285	1	no
12286	1	no
12287	0	no
12288	1	no
12289	0	no
12290	1	no
12291	1	no
12292	1	no
12293	0	no
12294	0	no
12295	0	no
12296	1	no
12297	1	no
12298	1	no
12299	1	no
12300	1	no
12301	0	no
12302	1	no
12303	0	no
12304	0	no
12305	0	no
12306	0	no
12307	0	no
12308	1	no
12309	0	no
12310	0	no
12311	1	no
12312	0	no
12313	1	no
12314	0	no
12315	1	no
12316	1	no
12317	1	no
12318	1	no
12319	0	no
12320	1	no
12321	1	no
12322	0	no
12323	0	no
12324	0	no
12325	0	no
12326	1	no
12327	1	no
12328	1	no
12329	0	no
12330	1	no
12331	1	no
12332	0	no
12333	1	no
12334	0	no
12335	1	no
12336	1	no
12337	1	no
12338	1	no
12339	1	no
12340	0	no
12341	0	no
12342	0	no
12343	1	no
12344	0	no
12345	1	no
12346	1	no
12347	1	no
12348	0	no
12349	1	no
12350	0	no
12351	0	no
12352	0	no
12353	1	no
12354	1	no
12355	1	no
12356	0	no
12357	1	no
12358	1	no
12359	1	no
12360	1	no
12361	0	no
12362	0	no
12363	0	no
12364	1	no
12365	1	no
12366	1	no
12367	1	no
12368	0	no
12369	1	no
12370	1	no
12371	1	no
12372	1	no
12373	1	no
12374	0	no
12375	1	no
12376	0	no
12377	1	no
12378	1	no
12379	0	no
12380	1	no
12381	0	no
12382	1	no
12383	1	no
12384	0	no
12385	0	no
12386	0	no
12387	1	no
12388	0	no
12389	0	no
12390	0	no
12391	1	no
12392	1	no
12393	0	no
12394	1	no
12395	1	no
12396	0	no
12397	1	no
12398	0	no
12399	1	no
12400	1	no
12401	1	no
12402	0	no
12403	0	no
12404	0	no
12405	1	no
12406	0	no
12407	0	no
12408	1	no
12409	1	no
12410	1	no
12411	1	no
12412	1	no
12413	0	no
12414	1	no
12415	1	no
12416	0	no
12417	1	no
12418	0	no
12419	1	no
12420	1	no
12421	0	no
12422	0	no
12423	0	no
12424	0	no
12425	0	no
12426	1	no
12427	1	no
12428	0	no
12429	0	no
12430	1	no
12431	1	no
12432	1	no
12433	1	no
12434	0	no
12435	0	no
12436	0	no
12437	1	no
12438	0	no
12439	1	no
12440	0	no
12441	0	no
12442	0	no
12443	0	no
12444	0	no
12445	1	no
12446	1	no
12447	0	no
12448	1	no
12449	1	no
12450	0	no
12451	1	no
12452	1	no
12453	1	no
12454	1	no
12455	0	no
12456	0	no
12457	1	no
12458	0	no
12459	0	no
12460	1	no
12461	0	no
12462	1	no
12463	1	no
12464	0	no
12465	1	no
12466	1	no
12467	1	no
12468	0	no
12469	0	no
12470	1	no
12471	1	no
12472	1	no
12473	0	no
12474	1	no
12475	0	no
12476	0	no
12477	1	no
12478	1	no
12479	0	no
12480	1	no
12481	1	no
12482	0	no
12483	1	no
12484	1	no
12485	1	no
12486	0	no
12487	1	no
12488	1	no
12489	1	no
12490	0	no
12491	1	no
12492	0	no
12493	1	no
12494	1	no
12495	1	no
12496	0	no
12497	1	no
12498	1	no
12499	0	no
12500	1	no
12501	1	no
12502	0	no
12503	0	no
12504	1	no
12505	1	no
12506	0	no
12507	1	no
12508	1	no
12509	0	no
12510	1	no
12511	0	no
12512	1	no
12513	1	no
12514	0	no
12515	1	no
12516	1	no
12517	1	no
12518	1	no
12519	0	no
12520	0	no
12521	1	no
12522	1	no
12523	1	no
12524	0	no
12525	1	no
12526	0	no
12527	1	no
12528	0	no
12529	1	no
12530	1	no
12531	1	no
12532	1	no
12533	1	no
12534	1	no
12535	1	no
12536	0	no
12537	1	no
12538	0	no
12539	1	no
12540	1	no
12541	1	no
12542	1	no
12543	0	no
12544	0	no
12545	0	no
12546	0	no
12547	0	no
12548	0	no
12549	1	no
12550	1	no
12551	0	no
12552	1	no
12553	0	no
12554	1	no
12555	1	no
12556	1	no
12557	1	no
12558	0	no
12559	1	no
12560	1	no
12561	1	no
12562	0	no
12563	1	no
12564	0	no
12565	1	no
12566	0	no
12567	0	no
12568	1	no
12569	0	no
12570	1	no
12571	0	no
12572	1	no
12573	1	no
12574	1	no
12575	1	no
12576	1	no
12577	1	no
12578	1	no
12579	0	no
12580	1	no
12581	0	no
12582	1	no
12583	1	no
12584	0	no
12585	0	no
12586	1	no
12587	1	no
12588	1	no
12589	1	no
12590	0	no
12591	0	no
12592	0	no
12593	0	no
12594	0	no
12595	0	no
12596	1	no
12597	1	no
12598	0	no
12599	0	no
12600	0	no
12601	0	no
12602	0	no
12603	0	no
12604	1	no
12605	0	no
12606	1	no
12607	1	no
12608	0	no
12609	0	no
12610	1	no
12611	1	no
12612	1	no
12613	0	no
12614	1	no
12615	1	no
12616	0	no
12617	0	no
12618	0	no
12619	1	no
12620	0	no
12621	0	no
12622	1	no
12623	1	no
12624	1	no
12625	1	no
12626	1	no
12627	1	no
12628	1	no
12629	1	no
12630	0	no
12631	1	no
12632	1	no
12633	1	no
12634	0	no
12635	0	no
12636	1	no
12637	1	no
12638	0	no
12639	1	no
12640	0	no
12641	1	no
12642	0	no
12643	0	no
12644	1	no
12645	0	no
12646	1	no
12647	0	no
12648	1	no
12649	1	no
12650	1	no
12651	1	no
12652	0	no
12653	1	no
12654	1	no
12655	0	no
12656	1	no
12657	1	no
12658	0	no
12659	1	no
12660	0	no
12661	0	no
12662	0	no
12663	0	no
12664	1	no
12665	1	no
12666	1	no
12667	1	no
12668	1	no
12669	1	no
12670	1	no
12671	1	no
12672	1	no
12673	1	no
12674	0	no
12675	1	no
12676	0	no
12677	1	no
12678	0	no
12679	1	no
12680	1	no
12681	1	no
12682	1	no
12683	1	no
12684	0	no
12685	1	no
12686	1	no
12687	0	no
12688	0	no
12689	0	no
12690	0	no
12691	0	no
12692	0	no
12693	1	no
12694	1	no
12695	1	no
12696	1	no
12697	1	no
12698	0	no
12699	1	no
12700	0	no
12701	0	no
12702	0	no
12703	1	no
12704	0	no
12705	1	no
12706	0	no
12707	1	no
12708	1	no
12709	0	no
12710	0	no
12711	1	no
12712	1	no
12713	0	no
12714	1	no
12715	0	no
12716	1	no
12717	0	no
12718	1	no
12719	0	no
12720	0	no
12721	0	no
12722	1	no
12723	1	no
12724	0	no
12725	0	no
12726	0	no
12727	1	no
12728	1	no
12729	1	no
12730	0	no
12731	0	no
12732	0	no
12733	1	no
12734	1	no
12735	1	no
12736	0	no
12737	1	no
12738	1	no
12739	1	no
12740	0	no
12741	0	no
12742	1	no
12743	0	no
12744	0	no
12745	1	no
12746	1	no
12747	1	no
12748	0	no
12749	0	no
12750	1	no
12751	0	no
12752	1	no
12753	1	no
12754	0	no
12755	1	no
12756	0	no
12757	1	no
12758	0	no
12759	1	no
12760	0	no
12761	0	no
12762	0	no
12763	0	no
12764	1	no
12765	1	no
12766	1	no
12767	1	no
12768	1	no
12769	0	no
12770	0	no
12771	1	no
12772	1	no
12773	1	no
12774	1	no
12775	1	no
12776	0	no
12777	1	no
12778	0	no
12779	1	no
12780	1	no
12781	1	no
12782	1	no
12783	1	no
12784	1	no
12785	1	no
12786	1	no
12787	0	no
12788	0	no
12789	1	no
12790	1	no
12791	1	no
12792	0	no
12793	0	no
12794	0	no
12795	1	no
12796	1	no
12797	1	no
12798	0	no
12799	0	no
12800	0	no
12801	0	no
12802	0	no
12803	0	no
12804	1	no
12805	1	no
12806	0	no
12807	0	no
12808	1	no
12809	1	no
12810	0	no
12811	1	no
12812	1	no
12813	1	no
12814	0	no
12815	0	no
12816	1	no
12817	1	no
12818	1	no
12819	1	no
12820	1	no
12821	0	no
12822	0	no
12823	1	no
12824	0	no
12825	0	no
12826	0	no
12827	1	no
12828	0	no
12829	1	no
12830	0	no
12831	1	no
12832	1	no
12833	0	no
12834	1	no
12835	1	no
12836	1	no
12837	0	no
12838	0	no
12839	1	no
12840	1	no
12841	1	no
12842	0	no
12843	1	no
12844	1	no
12845	1	no
12846	1	no
12847	1	no
12848	1	no
12849	1	no
12850	0	no
12851	0	no
12852	0	no
12853	1	no
12854	0	no
12855	1	no
12856	1	no
12857	0	no
12858	0	no
12859	0	no
12860	0	no
12861	0	no
12862	1	no
12863	1	no
12864	1	no
12865	1	no
12866	0	no
12867	0	no
12868	1	no
12869	1	no
12870	1	no
12871	0	no
12872	0	no
12873	0	no
12874	1	no
12875	1	no
12876	0	no
12877	1	no
12878	1	no
12879	1	no
12880	1	no
12881	0	no
12882	0	no
12883	0	no
12884	1	no
12885	0	no
12886	0	no
12887	0	no
12888	1	no
12889	1	no
12890	0	no
12891	1	no
12892	1	no
12893	1	no
12894	1	no
12895	1	no
12896	0	no
12897	0	no
12898	0	no
12899	0	no
12900	1	no
12901	1	no
12902	1	no
12903	1	no
12904	1	no
12905	0	no
12906	0	no
12907	0	no
12908	1	no
12909	0	no
12910	1	no
12911	1	no
12912	0	no
12913	0	no
12914	1	no
12915	0	no
12916	1	no
12917	1	no
12918	1	no
12919	1	no
12920	1	no
12921	0	no
12922	0	no
12923	1	no
12924	1	no
12925	1	no
12926	1	no
12927	0	no
12928	1	no
12929	1	no
12930	0	no
12931	0	no
12932	1	no
12933	1	no
12934	0	no
12935	1	no
12936	1	no
12937	0	no
12938	1	no
12939	1	no
12940	1	no
12941	1	no
12942	0	no
12943	0	no
12944	1	no
12945	0	no
12946	0	no
12947	0	no
12948	1	no
12949	1	no
12950	1	no
12951	1	no
12952	1	no
12953	1	no
12954	0	no
12955	1	no
12956	0	no
12957	1	no
12958	0	no
12959	1	no
12960	1	no
12961	1	no
12962	0	no
12963	0	no
12964	1	no
12965	0	no
12966	1	no
12967	0	no
12968	0	no
12969	1	no
12970	1	no
12971	1	no
12972	0	no
12973	0	no
12974	1	no
12975	0	no
12976	0	no
12977	1	no
12978	1	no
12979	0	no
12980	1	no
12981	1	no
12982	1	no
12983	0	no
12984	1	no
12985	1	no
12986	0	no
12987	0	no
12988	1	no
12989	1	no
12990	0	no
12991	0	no
12992	1	no
12993	0	no
12994	1	no
12995	0	no
12996	0	no
12997	0	no
12998	0	no
12999	1	no
13000	1	no
13001	0	no
13002	1	no
13003	0	no
13004	0	no
13005	1	no
13006	1	no
13007	1	no
13008	1	no
13009	1	no
13010	0	no
13011	1	no
13012	1	no
13013	1	no
13014	0	no
13015	1	no
13016	1	no
13017	0	no
13018	1	no
13019	1	no
13020	0	no
13021	1	no
13022	1	no
13023	1	no
13024	1	no
13025	1	no
13026	1	no
13027	0	no
13028	0	no
13029	0	no
13030	1	no
13031	0	no
13032	1	no
13033	0	no
13034	0	no
13035	1	no
13036	1	no
13037	0	no
13038	1	no
13039	1	no
13040	1	no
13041	1	no
13042	0	no
13043	1	no
13044	0	no
13045	1	no
13046	1	no
13047	0	no
13048	1	no
13049	1	no
13050	0	no
13051	0	no
13052	1	no
13053	0	no
13054	1	no
13055	1	no
13056	1	no
13057	1	no
13058	0	no
13059	0	no
13060	1	no
13061	1	no
13062	1	no
13063	0	no
13064	0	no
13065	0	no
13066	1	no
13067	1	no
13068	1	no
13069	1	no
13070	1	no
13071	1	no
13072	0	no
13073	0	no
13074	1	no
13075	1	no
13076	0	no
13077	1	no
13078	1	no
13079	0	no
13080	0	no
13081	1	no
13082	1	no
13083	1	no
13084	1	no
13085	1	no
13086	1	no
13087	0	no
13088	1	no
13089	0	no
13090	1	no
13091	0	no
13092	0	no
13093	1	no
13094	0	no
13095	1	no
13096	1	no
13097	1	no
13098	1	no
13099	1	no
13100	1	no
13101	0	no
13102	0	no
13103	1	no
13104	1	no
13105	0	no
13106	1	no
13107	1	no
13108	0	no
13109	1	no
13110	1	no
13111	1	no
13112	0	no
13113	1	no
13114	0	no
13115	0	no
13116	0	no
13117	0	no
13118	0	no
13119	1	no
13120	0	no
13121	0	no
13122	1	no
13123	0	no
13124	1	no
13125	0	no
13126	1	no
13127	1	no
13128	1	no
13129	1	no
13130	1	no
13131	1	no
13132	1	no
13133	0	no
13134	1	no
13135	1	no
13136	0	no
13137	1	no
13138	1	no
13139	0	no
13140	1	no
13141	1	no
13142	0	no
13143	1	no
13144	1	no
13145	0	no
13146	1	no
13147	0	no
13148	0	no
13149	1	no
13150	1	no
13151	1	no
13152	1	no
13153	1	no
13154	0	no
13155	1	no
13156	1	no
13157	0	no
13158	1	no
13159	1	no
13160	1	no
13161	0	no
13162	1	no
13163	0	no
13164	0	no
13165	1	no
13166	1	no
13167	0	no
13168	1	no
13169	1	no
13170	1	no
13171	1	no
13172	0	no
13173	1	no
13174	1	no
13175	0	no
13176	1	no
13177	1	no
13178	0	no
13179	0	no
13180	0	no
13181	1	no
13182	0	no
13183	0	no
13184	0	no
13185	1	no
13186	1	no
13187	1	no
13188	0	no
13189	1	no
13190	0	no
13191	0	no
13192	0	no
13193	0	no
13194	1	no
13195	0	no
13196	1	no
13197	1	no
13198	1	no
13199	1	no
13200	0	no
13201	1	no
13202	1	no
13203	1	no
13204	0	no
13205	0	no
13206	1	no
13207	1	no
13208	1	no
13209	0	no
13210	1	no
13211	1	no
13212	0	no
13213	1	no
13214	0	no
13215	0	no
13216	1	no
13217	1	no
13218	0	no
13219	1	no
13220	1	no
13221	1	no
13222	0	no
13223	1	no
13224	0	no
13225	0	no
13226	1	no
13227	1	no
13228	0	no
13229	1	no
13230	0	no
13231	0	no
13232	1	no
13233	1	no
13234	0	no
13235	1	no
13236	1	no
13237	1	no
13238	0	no
13239	0	no
13240	0	no
13241	1	no
13242	0	no
13243	1	no
13244	1	no
13245	1	no
13246	1	no
13247	0	no
13248	1	no
13249	1	no
13250	1	no
13251	1	no
13252	1	no
13253	1	no
13254	1	no
13255	1	no
13256	1	no
13257	1	no
13258	1	no
13259	1	no
13260	1	no
13261	0	no
13262	0	no
13263	0	no
13264	0	no
13265	1	no
13266	0	no
13267	1	no
13268	1	no
13269	0	no
13270	1	no
13271	0	no
13272	1	no
13273	1	no
13274	1	no
13275	1	no
13276	0	no
13277	0	no
13278	1	no
13279	1	no
13280	1	no
13281	1	no
13282	0	no
13283	1	no
13284	0	no
13285	1	no
13286	0	no
13287	0	no
13288	1	no
13289	1	no
13290	1	no
13291	1	no
13292	1	no
13293	0	no
13294	0	no
13295	1	no
13296	1	no
13297	1	no
13298	1	no
13299	0	no
13300	1	no
13301	1	no
13302	1	no
13303	0	no
13304	0	no
13305	1	no
13306	0	no
13307	1	no
13308	1	no
13309	0	no
13310	0	no
13311	1	no
13312	1	no
13313	1	no
13314	1	no
13315	0	no
13316	0	no
13317	1	no
13318	1	no
13319	0	no
13320	1	no
13321	0	no
13322	1	no
13323	1	no
13324	0	no
13325	1	no
13326	1	no
13327	0	no
13328	0	no
13329	0	no
13330	0	no
13331	0	no
13332	1	no
13333	1	no
13334	1	no
13335	1	no
13336	0	no
13337	1	no
13338	1	no
13339	1	no
13340	1	no
13341	0	no
13342	0	no
13343	0	no
13344	0	no
13345	1	no
13346	1	no
13347	1	no
13348	1	no
13349	1	no
13350	1	no
13351	0	no
13352	1	no
13353	1	no
13354	0	no
13355	1	no
13356	1	no
13357	0	no
13358	1	no
13359	0	no
13360	1	no
13361	0	no
13362	1	no
13363	1	no
13364	1	no
13365	0	no
13366	0	no
13367	0	no
13368	0	no
13369	0	no
13370	1	no
13371	1	no
13372	1	no
13373	1	no
13374	1	no
13375	0	no
13376	1	no
13377	0	no
13378	1	no
13379	1	no
13380	1	no
13381	1	no
13382	1	no
13383	1	no
13384	0	no
13385	1	no
13386	1	no
13387	1	no
13388	1	no
13389	0	no
13390	1	no
13391	1	no
13392	1	no
13393	0	no
13394	0	no
13395	1	no
13396	1	no
13397	0	no
13398	0	no
13399	0	no
13400	1	no
13401	1	no
13402	1	no
13403	0	no
13404	1	no
13405	0	no
13406	1	no
13407	0	no
13408	1	no
13409	1	no
13410	1	no
13411	1	no
13412	0	no
13413	0	no
13414	1	no
13415	0	no
13416	0	no
13417	1	no
13418	0	no
13419	0	no
13420	1	no
13421	1	no
13422	0	no
13423	0	no
13424	1	no
13425	1	no
13426	0	no
13427	0	no
13428	1	no
13429	0	no
13430	1	no
13431	1	no
13432	0	no
13433	0	no
13434	1	no
13435	1	no
13436	1	no
13437	0	no
13438	1	no
13439	1	no
13440	1	no
13441	0	no
13442	0	no
13443	1	no
13444	1	no
13445	1	no
13446	0	no
13447	1	no
13448	1	no
13449	0	no
13450	0	no
13451	1	no
13452	0	no
13453	1	no
13454	0	no
13455	1	no
13456	1	no
13457	0	no
13458	1	no
13459	1	no
13460	0	no
13461	0	no
13462	0	no
13463	1	no
13464	1	no
13465	1	no
13466	1	no
13467	0	no
13468	0	no
13469	1	no
13470	0	no
13471	1	no
13472	0	no
13473	1	no
13474	0	no
13475	1	no
13476	1	no
13477	1	no
13478	0	no
13479	1	no
13480	1	no
13481	0	no
13482	0	no
13483	0	no
13484	0	no
13485	1	no
13486	1	no
13487	1	no
13488	1	no
13489	0	no
13490	1	no
13491	1	no
13492	1	no
13493	0	no
13494	1	no
13495	1	no
13496	0	no
13497	1	no
13498	1	no
13499	0	no
13500	1	no
13501	0	no
13502	0	no
13503	1	no
13504	1	no
13505	0	no
13506	0	no
13507	0	no
13508	0	no
13509	1	no
13510	1	no
13511	0	no
13512	1	no
13513	0	no
13514	0	no
13515	0	no
13516	1	no
13517	1	no
13518	1	no
13519	0	no
13520	0	no
13521	1	no
13522	0	no
13523	0	no
13524	1	no
13525	0	no
13526	1	no
13527	1	no
13528	0	no
13529	0	no
13530	0	no
13531	0	no
13532	0	no
13533	1	no
13534	1	no
13535	1	no
13536	0	no
13537	1	no
13538	1	no
13539	0	no
13540	0	no
13541	1	no
13542	1	no
13543	0	no
13544	1	no
13545	1	no
13546	1	no
13547	1	no
13548	0	no
13549	0	no
13550	0	no
13551	0	no
13552	1	no
13553	0	no
13554	0	no
13555	0	no
13556	0	no
13557	0	no
13558	1	no
13559	0	no
13560	0	no
13561	1	no
13562	1	no
13563	1	no
13564	1	no
13565	1	no
13566	1	no
13567	0	no
13568	0	no
13569	0	no
13570	1	no
13571	1	no
13572	1	no
13573	1	no
13574	0	no
13575	1	no
13576	0	no
13577	1	no
13578	1	no
13579	1	no
13580	0	no
13581	1	no
13582	1	no
13583	0	no
13584	1	no
13585	1	no
13586	1	no
13587	0	no
13588	1	no
13589	0	no
13590	0	no
13591	0	no
13592	1	no
13593	1	no
13594	1	no
13595	1	no
13596	1	no
13597	0	no
13598	0	no
13599	1	no
13600	0	no
13601	1	no
13602	1	no
13603	1	no
13604	0	no
13605	0	no
13606	1	no
13607	0	no
13608	1	no
13609	1	no
13610	0	no
13611	1	no
13612	0	no
13613	1	no
13614	1	no
13615	1	no
13616	1	no
13617	1	no
13618	1	no
13619	0	no
13620	1	no
13621	1	no
13622	0	no
13623	1	no
13624	1	no
13625	1	no
13626	1	no
13627	1	no
13628	1	no
13629	0	no
13630	1	no
13631	0	no
13632	1	no
13633	0	no
13634	0	no
13635	1	no
13636	0	no
13637	0	no
13638	0	no
13639	0	no
13640	1	no
13641	1	no
13642	0	no
13643	0	no
13644	1	no
13645	0	no
13646	1	no
13647	1	no
13648	1	no
13649	1	no
13650	0	no
13651	0	no
13652	0	no
13653	0	no
13654	0	no
13655	1	no
13656	1	no
13657	0	no
13658	1	no
13659	1	no
13660	1	no
13661	0	no
13662	1	no
13663	0	no
13664	1	no
13665	0	no
13666	0	no
13667	1	no
13668	0	no
13669	0	no
13670	1	no
13671	0	no
13672	1	no
13673	1	no
13674	0	no
13675	1	no
13676	0	no
13677	1	no
13678	0	no
13679	1	no
13680	0	no
13681	0	no
13682	0	no
13683	0	no
13684	1	no
13685	0	no
13686	0	no
13687	1	no
13688	1	no
13689	0	no
13690	0	no
13691	1	no
13692	0	no
13693	1	no
13694	1	no
13695	1	no
13696	0	no
13697	0	no
13698	0	no
13699	0	no
13700	1	no
13701	0	no
13702	1	no
13703	1	no
13704	1	no
13705	1	no
13706	1	no
13707	0	no
13708	1	no
13709	0	no
13710	1	no
13711	1	no
13712	1	no
13713	1	no
13714	1	no
13715	0	no
13716	0	no
13717	0	no
13718	0	no
13719	0	no
13720	0	no
13721	1	no
13722	1	no
13723	1	no
13724	0	no
13725	0	no
13726	0	no
13727	1	no
13728	1	no
13729	0	no
13730	1	no
13731	1	no
13732	0	no
13733	1	no
13734	1	no
13735	1	no
13736	0	no
13737	1	no
13738	0	no
13739	1	no
13740	1	no
13741	0	no
13742	0	no
13743	0	no
13744	1	no
13745	1	no
13746	1	no
13747	0	no
13748	1	no
13749	1	no
13750	1	no
13751	0	no
13752	1	no
13753	1	no
13754	0	no
13755	1	no
13756	0	no
13757	1	no
13758	1	no
13759	0	no
13760	1	no
13761	1	no
13762	1	no
13763	1	no
13764	0	no
13765	1	no
13766	0	no
13767	1	no
13768	0	no
13769	0	no
13770	0	no
13771	1	no
13772	0	no
13773	1	no
13774	0	no
13775	1	no
13776	0	no
13777	0	no
13778	1	no
13779	0	no
13780	1	no
13781	1	no
13782	0	no
13783	0	no
13784	1	no
13785	1	no
13786	0	no
13787	1	no
13788	1	no
13789	1	no
13790	0	no
13791	1	no
13792	1	no
13793	1	no
13794	0	no
13795	0	no
13796	1	no
13797	0	no
13798	1	no
13799	1	no
13800	0	no
13801	1	no
13802	0	no
13803	0	no
13804	1	no
13805	1	no
13806	1	no
13807	1	no
13808	1	no
13809	1	no
13810	1	no
13811	1	no
13812	1	no
13813	1	no
13814	1	no
13815	0	no
13816	1	no
13817	0	no
13818	0	no
13819	0	no
13820	1	no
13821	1	no
13822	1	no
13823	0	no
13824	1	no
13825	0	no
13826	0	no
13827	1	no
13828	1	no
13829	0	no
13830	0	no
13831	1	no
13832	1	no
13833	1	no
13834	0	no
13835	1	no
13836	1	no
13837	1	no
13838	0	no
13839	1	no
13840	0	no
13841	1	no
13842	1	no
13843	1	no
13844	0	no
13845	1	no
13846	1	no
13847	1	no
13848	1	no
13849	1	no
13850	0	no
13851	1	no
13852	1	no
13853	1	no
13854	0	no
13855	0	no
13856	1	no
13857	0	no
13858	1	no
13859	1	no
13860	0	no
13861	0	no
13862	1	no
13863	0	no
13864	1	no
13865	0	no
13866	1	no
13867	1	no
13868	1	no
13869	0	no
13870	0	no
13871	0	no
13872	0	no
13873	1	no
13874	1	no
13875	0	no
13876	1	no
13877	0	no
13878	1	no
13879	0	no
13880	0	no
13881	1	no
13882	1	no
13883	1	no
13884	0	no
13885	1	no
13886	1	no
13887	1	no
13888	1	no
13889	1	no
13890	0	no
13891	1	no
13892	1	no
13893	1	no
13894	1	no
13895	1	no
13896	1	no
13897	1	no
13898	0	no
13899	0	no
13900	1	no
13901	1	no
13902	1	no
13903	0	no
13904	1	no
13905	0	no
13906	1	no
13907	0	no
13908	0	no
13909	0	no
13910	1	no
13911	1	no
13912	1	no
13913	0	no
13914	0	no
13915	1	no
13916	1	no
13917	1	no
13918	1	no
13919	1	no
13920	0	no
13921	0	no
13922	1	no
13923	1	no
13924	1	no
13925	0	no
13926	0	no
13927	0	no
13928	0	no
13929	1	no
13930	0	no
13931	0	no
13932	1	no
13933	0	no
13934	1	no
13935	1	no
13936	0	no
13937	1	no
13938	1	no
13939	0	no
13940	1	no
13941	1	no
13942	0	no
13943	1	no
13944	0	no
13945	0	no
13946	0	no
13947	0	no
13948	1	no
13949	1	no
13950	0	no
13951	0	no
13952	1	no
13953	1	no
13954	1	no
13955	0	no
13956	0	no
13957	0	no
13958	1	no
13959	1	no
13960	0	no
13961	0	no
13962	1	no
13963	1	no
13964	1	no
13965	0	no
13966	1	no
13967	1	no
13968	1	no
13969	1	no
13970	1	no
13971	1	no
13972	1	no
13973	1	no
13974	1	no
13975	1	no
13976	0	no
13977	0	no
13978	1	no
13979	1	no
13980	1	no
13981	1	no
13982	1	no
13983	0	no
13984	1	no
13985	0	no
13986	0	no
13987	1	no
13988	0	no
13989	0	no
13990	0	no
13991	1	no
13992	0	no
13993	0	no
13994	1	no
13995	1	no
13996	0	no
13997	1	no
13998	1	no
13999	1	no
14000	0	no
14001	0	no
14002	1	no
14003	0	no
14004	1	no
14005	0	no
14006	1	no
14007	0	no
14008	1	no
14009	1	no
14010	1	no
14011	0	no
14012	1	no
14013	1	no
14014	0	no
14015	0	no
14016	1	no
14017	1	no
14018	1	no
14019	0	no
14020	1	no
14021	1	no
14022	1	no
14023	1	no
14024	1	no
14025	1	no
14026	1	no
14027	0	no
14028	1	no
14029	1	no
14030	1	no
14031	0	no
14032	1	no
14033	1	no
14034	1	no
14035	0	no
14036	1	no
14037	0	no
14038	0	no
14039	0	no
14040	1	no
14041	1	no
14042	0	no
14043	0	no
14044	1	no
14045	1	no
14046	0	no
14047	0	no
14048	1	no
14049	1	no
14050	0	no
14051	0	no
14052	1	no
14053	1	no
14054	0	no
14055	0	no
14056	1	no
14057	0	no
14058	0	no
14059	0	no
14060	1	no
14061	1	no
14062	0	no
14063	0	no
14064	0	no
14065	1	no
14066	1	no
14067	1	no
14068	0	no
14069	0	no
14070	1	no
14071	1	no
14072	0	no
14073	1	no
14074	1	no
14075	1	no
14076	1	no
14077	0	no
14078	0	no
14079	0	no
14080	1	no
14081	0	no
14082	1	no
14083	0	no
14084	1	no
14085	1	no
14086	1	no
14087	0	no
14088	1	no
14089	1	no
14090	0	no
14091	1	no
14092	0	no
14093	1	no
14094	0	no
14095	1	no
14096	0	no
14097	0	no
14098	0	no
14099	0	no
14100	0	no
14101	1	no
14102	1	no
14103	0	no
14104	1	no
14105	1	no
14106	0	no
14107	1	no
14108	1	no
14109	1	no
14110	0	no
14111	0	no
14112	1	no
14113	1	no
14114	1	no
14115	0	no
14116	0	no
14117	1	no
14118	1	no
14119	0	no
14120	1	no
14121	0	no
14122	1	no
14123	1	no
14124	0	no
14125	0	no
14126	0	no
14127	1	no
14128	1	no
14129	1	no
14130	1	no
14131	1	no
14132	0	no
14133	1	no
14134	1	no
14135	0	no
14136	0	no
14137	1	no
14138	1	no
14139	1	no
14140	1	no
14141	1	no
14142	1	no
14143	1	no
14144	0	no
14145	1	no
14146	1	no
14147	1	no
14148	0	no
14149	0	no
14150	1	no
14151	1	no
14152	1	no
14153	1	no
14154	0	no
14155	0	no
14156	1	no
14157	0	no
14158	1	no
14159	1	no
14160	1	no
14161	1	no
14162	0	no
14163	0	no
14164	1	no
14165	0	no
14166	1	no
14167	1	no
14168	1	no
14169	1	no
14170	0	no
14171	1	no
14172	0	no
14173	1	no
14174	1	no
14175	0	no
14176	0	no
14177	1	no
14178	1	no
14179	1	no
14180	0	no
14181	0	no
14182	1	no
14183	0	no
14184	1	no
14185	0	no
14186	0	no
14187	0	no
14188	1	no
14189	0	no
14190	1	no
14191	1	no
14192	0	no
14193	1	no
14194	0	no
14195	1	no
14196	0	no
14197	0	no
14198	1	no
14199	1	no
14200	1	no
14201	1	no
14202	1	no
14203	1	no
14204	1	no
14205	0	no
14206	1	no
14207	1	no
14208	0	no
14209	1	no
14210	0	no
14211	0	no
14212	0	no
14213	1	no
14214	1	no
14215	1	no
14216	1	no
14217	0	no
14218	0	no
14219	1	no
14220	0	no
14221	1	no
14222	1	no
14223	1	no
14224	1	no
14225	0	no
14226	1	no
14227	1	no
14228	0	no
14229	1	no
14230	1	no
14231	1	no
14232	0	no
14233	0	no
14234	0	no
14235	0	no
14236	1	no
14237	1	no
14238	0	no
14239	0	no
14240	0	no
14241	1	no
14242	1	no
14243	0	no
14244	1	no
14245	0	no
14246	1	no
14247	1	no
14248	1	no
14249	1	no
14250	1	no
14251	1	no
14252	0	no
14253	0	no
14254	1	no
14255	1	no
14256	0	no
14257	0	no
14258	0	no
14259	0	no
14260	1	no
14261	1	no
14262	1	no
14263	1	no
14264	1	no
14265	1	no
14266	1	no
14267	0	no
14268	0	no
14269	0	no
14270	1	no
14271	1	no
14272	1	no
14273	1	no
14274	0	no
14275	1	no
14276	1	no
14277	1	no
14278	1	no
14279	0	no
14280	1	no
14281	0	no
14282	1	no
14283	0	no
14284	1	no
14285	1	no
14286	1	no
14287	0	no
14288	0	no
14289	1	no
14290	1	no
14291	0	no
14292	1	no
14293	1	no
14294	1	no
14295	1	no
14296	0	no
14297	0	no
14298	1	no
14299	1	no
14300	0	no
14301	0	no
14302	1	no
14303	1	no
14304	1	no
14305	1	no
14306	1	no
14307	0	no
14308	0	no
14309	1	no
14310	1	no
14311	0	no
14312	1	no
14313	0	no
14314	1	no
14315	1	no
14316	0	no
14317	0	no
14318	0	no
14319	1	no
14320	0	no
14321	0	no
14322	0	no
14323	0	no
14324	1	no
14325	1	no
14326	0	no
14327	1	no
14328	0	no
14329	0	no
14330	0	no
14331	0	no
14332	1	no
14333	0	no
14334	0	no
14335	0	no
14336	0	no
14337	1	no
14338	1	no
14339	1	no
14340	0	no
14341	0	no
14342	0	no
14343	1	no
14344	0	no
14345	1	no
14346	1	no
14347	1	no
14348	0	no
14349	1	no
14350	1	no
14351	1	no
14352	1	no
14353	1	no
14354	1	no
14355	1	no
14356	1	no
14357	0	no
14358	0	no
14359	0	no
14360	1	no
14361	1	no
14362	1	no
14363	0	no
14364	0	no
14365	0	no
14366	0	no
14367	0	no
14368	0	no
14369	0	no
14370	1	no
14371	1	no
14372	1	no
14373	0	no
14374	1	no
14375	1	no
14376	1	no
14377	1	no
14378	0	no
14379	0	no
14380	0	no
14381	1	no
14382	0	no
14383	1	no
14384	0	no
14385	0	no
14386	0	no
14387	1	no
14388	0	no
14389	1	no
14390	0	no
14391	0	no
14392	0	no
14393	0	no
14394	0	no
14395	0	no
14396	1	no
14397	0	no
14398	0	no
14399	1	no
14400	1	no
14401	1	no
14402	1	no
14403	1	no
14404	0	no
14405	0	no
14406	1	no
14407	0	no
14408	0	no
14409	1	no
14410	1	no
14411	1	no
14412	1	no
14413	0	no
14414	1	no
14415	1	no
14416	0	no
14417	0	no
14418	1	no
14419	1	no
14420	1	no
14421	1	no
14422	0	no
14423	1	no
14424	0	no
14425	1	no
14426	1	no
14427	0	no
14428	0	no
14429	1	no
14430	0	no
14431	1	no
14432	1	no
14433	0	no
14434	1	no
14435	0	no
14436	1	no
14437	1	no
14438	1	no
14439	0	no
14440	1	no
14441	1	no
14442	0	no
14443	0	no
14444	1	no
14445	1	no
14446	0	no
14447	0	no
14448	1	no
14449	1	no
14450	0	no
14451	1	no
14452	1	no
14453	0	no
14454	0	no
14455	1	no
14456	1	no
14457	0	no
14458	0	no
14459	1	no
14460	0	no
14461	1	no
14462	0	no
14463	1	no
14464	0	no
14465	1	no
14466	0	no
14467	1	no
14468	1	no
14469	1	no
14470	0	no
14471	0	no
14472	0	no
14473	1	no
14474	1	no
14475	1	no
14476	0	no
14477	1	no
14478	0	no
14479	1	no
14480	0	no
14481	0	no
14482	0	no
14483	1	no
14484	1	no
14485	1	no
14486	1	no
14487	1	no
14488	1	no
14489	1	no
14490	0	no
14491	0	no
14492	0	no
14493	0	no
14494	1	no
14495	1	no
14496	0	no
14497	0	no
14498	0	no
14499	1	no
14500	1	no
14501	1	no
14502	1	no
14503	1	no
14504	1	no
14505	0	no
14506	1	no
14507	1	no
14508	0	no
14509	1	no
14510	1	no
14511	1	no
14512	0	no
14513	1	no
14514	1	no
14515	0	no
14516	1	no
14517	1	no
14518	1	no
14519	0	no
14520	1	no
14521	1	no
14522	1	no
14523	1	no
14524	0	no
14525	1	no
14526	0	no
14527	1	no
14528	1	no
14529	1	no
14530	1	no
14531	1	no
14532	1	no
14533	1	no
14534	0	no
14535	1	no
14536	1	no
14537	1	no
14538	0	no
14539	0	no
14540	0	no
14541	1	no
14542	0	no
14543	1	no
14544	1	no
14545	1	no
14546	1	no
14547	0	no
14548	1	no
14549	0	no
14550	1	no
14551	0	no
14552	1	no
14553	0	no
14554	1	no
14555	1	no
14556	0	no
14557	0	no
14558	0	no
14559	1	no
14560	0	no
14561	1	no
14562	1	no
14563	0	no
14564	1	no
14565	1	no
14566	1	no
14567	1	no
14568	1	no
14569	1	no
14570	1	no
14571	0	no
14572	0	no
14573	1	no
14574	0	no
14575	0	no
14576	1	no
14577	0	no
14578	0	no
14579	0	no
14580	1	no
14581	0	no
14582	0	no
14583	0	no
14584	1	no
14585	0	no
14586	1	no
14587	0	no
14588	1	no
14589	1	no
14590	1	no
14591	1	no
14592	1	no
14593	1	no
14594	0	no
14595	0	no
14596	0	no
14597	0	no
14598	1	no
14599	0	no
14600	1	no
14601	1	no
14602	0	no
14603	0	no
14604	1	no
14605	0	no
14606	1	no
14607	1	no
14608	0	no
14609	0	no
14610	1	no
14611	0	no
14612	1	no
14613	1	no
14614	0	no
14615	1	no
14616	0	no
14617	1	no
14618	1	no
14619	1	no
14620	0	no
14621	0	no
14622	1	no
14623	0	no
14624	1	no
14625	1	no
14626	0	no
14627	0	no
14628	0	no
14629	0	no
14630	1	no
14631	0	no
14632	1	no
14633	1	no
14634	0	no
14635	1	no
14636	1	no
14637	1	no
14638	1	no
14639	1	no
14640	1	no
14641	1	no
14642	1	no
14643	1	no
14644	0	no
14645	1	no
14646	1	no
14647	1	no
14648	1	no
14649	1	no
14650	1	no
14651	1	no
14652	0	no
14653	0	no
14654	1	no
14655	1	no
14656	0	no
14657	0	no
14658	0	no
14659	1	no
14660	1	no
14661	1	no
14662	0	no
14663	1	no
14664	1	no
14665	1	no
14666	1	no
14667	0	no
14668	0	no
14669	0	no
14670	1	no
14671	0	no
14672	1	no
14673	0	no
14674	0	no
14675	0	no
14676	0	no
14677	1	no
14678	0	no
14679	1	no
14680	1	no
14681	1	no
14682	1	no
14683	1	no
14684	1	no
14685	0	no
14686	0	no
14687	0	no
14688	1	no
14689	1	no
14690	1	no
14691	1	no
14692	0	no
14693	1	no
14694	0	no
14695	1	no
14696	0	no
14697	0	no
14698	0	no
14699	1	no
14700	1	no
14701	1	no
14702	1	no
14703	0	no
14704	0	no
14705	0	no
14706	0	no
14707	0	no
14708	0	no
14709	0	no
14710	1	no
14711	0	no
14712	1	no
14713	1	no
14714	0	no
14715	1	no
14716	1	no
14717	1	no
14718	0	no
14719	1	no
14720	1	no
14721	1	no
14722	1	no
14723	1	no
14724	0	no
14725	0	no
14726	0	no
14727	1	no
14728	0	no
14729	0	no
14730	1	no
14731	0	no
14732	1	no
14733	0	no
14734	1	no
14735	1	no
14736	0	no
14737	0	no
14738	1	no
14739	1	no
14740	1	no
14741	0	no
14742	1	no
14743	0	no
14744	1	no
14745	0	no
14746	1	no
14747	1	no
14748	0	no
14749	1	no
14750	1	no
14751	0	no
14752	1	no
14753	0	no
14754	1	no
14755	1	no
14756	1	no
14757	0	no
14758	1	no
14759	0	no
14760	0	no
14761	1	no
14762	0	no
14763	1	no
14764	0	no
14765	0	no
14766	1	no
14767	0	no
14768	1	no
14769	1	no
14770	0	no
14771	1	no
14772	1	no
14773	0	no
14774	0	no
14775	1	no
14776	0	no
14777	1	no
14778	1	no
14779	1	no
14780	0	no
14781	1	no
14782	1	no
14783	0	no
14784	0	no
14785	1	no
14786	0	no
14787	0	no
14788	1	no
14789	1	no
14790	1	no
14791	0	no
14792	1	no
14793	0	no
14794	1	no
14795	1	no
14796	1	no
14797	1	no
14798	1	no
14799	0	no
14800	0	no
14801	0	no
14802	1	no
14803	0	no
14804	0	no
14805	0	no
14806	1	no
14807	0	no
14808	1	no
14809	1	no
14810	0	no
14811	1	no
14812	1	no
14813	1	no
14814	0	no
14815	1	no
14816	1	no
14817	1	no
14818	1	no
14819	1	no
14820	0	no
14821	0	no
14822	0	no
14823	1	no
14824	1	no
14825	1	no
14826	1	no
14827	1	no
14828	0	no
14829	0	no
14830	0	no
14831	1	no
14832	1	no
14833	1	no
14834	0	no
14835	0	no
14836	1	no
14837	0	no
14838	0	no
14839	0	no
14840	0	no
14841	1	no
14842	0	no
14843	0	no
14844	1	no
14845	0	no
14846	0	no
14847	1	no
14848	0	no
14849	1	no
14850	0	no
14851	0	no
14852	0	no
14853	0	no
14854	0	no
14855	0	no
14856	1	no
14857	1	no
14858	1	no
14859	0	no
14860	1	no
14861	1	no
14862	0	no
14863	1	no
14864	0	no
14865	1	no
14866	0	no
14867	0	no
14868	1	no
14869	0	no
14870	1	no
14871	0	no
14872	0	no
14873	0	no
14874	0	no
14875	1	no
14876	0	no
14877	0	no
14878	0	no
14879	0	no
14880	1	no
14881	1	no
14882	0	no
14883	1	no
14884	0	no
14885	0	no
14886	0	no
14887	0	no
14888	1	no
14889	1	no
14890	1	no
14891	0	no
14892	1	no
14893	1	no
14894	0	no
14895	1	no
14896	0	no
14897	1	no
14898	1	no
14899	0	no
14900	1	no
14901	1	no
14902	1	no
14903	1	no
14904	1	no
14905	0	no
14906	1	no
14907	1	no
14908	0	no
14909	1	no
14910	1	no
14911	0	no
14912	1	no
14913	0	no
14914	0	no
14915	1	no
14916	1	no
14917	1	no
14918	0	no
14919	0	no
14920	1	no
14921	1	no
14922	1	no
14923	0	no
14924	0	no
14925	1	no
14926	1	no
14927	0	no
14928	1	no
14929	1	no
14930	1	no
14931	1	no
14932	0	no
14933	1	no
14934	1	no
14935	0	no
14936	1	no
14937	0	no
14938	1	no
14939	0	no
14940	1	no
14941	1	no
14942	1	no
14943	0	no
14944	0	no
14945	1	no
14946	0	no
14947	1	no
14948	0	no
14949	1	no
14950	0	no
14951	1	no
14952	1	no
14953	0	no
14954	0	no
14955	1	no
14956	1	no
14957	1	no
14958	1	no
14959	0	no
14960	0	no
14961	1	no
14962	1	no
14963	0	no
14964	1	no
14965	1	no
14966	0	no
14967	1	no
14968	1	no
14969	0	no
14970	0	no
14971	1	no
14972	1	no
14973	1	no
14974	0	no
14975	1	no
14976	1	no
14977	1	no
14978	1	no
14979	1	no
14980	1	no
14981	1	no
14982	0	no
14983	0	no
14984	1	no
14985	1	no
14986	0	no
14987	1	no
14988	0	no
14989	1	no
14990	0	no
14991	0	no
14992	1	no
14993	1	no
14994	1	no
14995	1	no
14996	1	no
14997	1	no
14998	0	no
14999	1	no
15000	1	no
15001	0	no
15002	0	no
15003	0	no
15004	1	no
15005	1	no
15006	1	no
15007	0	no
15008	0	no
15009	1	no
15010	1	no
15011	0	no
15012	1	no
15013	0	no
15014	0	no
15015	1	no
15016	0	no
15017	1	no
15018	1	no
15019	1	no
15020	0	no
15021	1	no
15022	1	no
15023	1	no
15024	1	no
15025	1	no
15026	0	no
15027	0	no
15028	1	no
15029	1	no
15030	1	no
15031	0	no
15032	1	no
15033	0	no
15034	1	no
15035	1	no
15036	0	no
15037	1	no
15038	1	no
15039	1	no
15040	1	no
15041	1	no
15042	0	no
15043	0	no
15044	1	no
15045	1	no
15046	1	no
15047	0	no
15048	0	no
15049	1	no
15050	1	no
15051	0	no
15052	1	no
15053	1	no
15054	1	no
15055	1	no
15056	1	no
15057	0	no
15058	1	no
15059	0	no
15060	1	no
15061	0	no
15062	0	no
15063	0	no
15064	0	no
15065	1	no
15066	1	no
15067	1	no
15068	0	no
15069	1	no
15070	1	no
15071	0	no
15072	0	no
15073	1	no
15074	1	no
15075	1	no
15076	0	no
15077	1	no
15078	0	no
15079	1	no
15080	1	no
15081	0	no
15082	1	no
15083	0	no
15084	1	no
15085	1	no
15086	1	no
15087	0	no
15088	1	no
15089	1	no
15090	1	no
15091	1	no
15092	1	no
15093	1	no
15094	0	no
15095	0	no
15096	1	no
15097	0	no
15098	1	no
15099	1	no
15100	1	no
15101	0	no
15102	1	no
15103	0	no
15104	1	no
15105	1	no
15106	0	no
15107	1	no
15108	0	no
15109	1	no
15110	1	no
15111	0	no
15112	1	no
15113	1	no
15114	0	no
15115	1	no
15116	0	no
15117	0	no
15118	1	no
15119	1	no
15120	0	no
15121	1	no
15122	1	no
15123	1	no
15124	1	no
15125	1	no
15126	1	no
15127	0	no
15128	0	no
15129	1	no
15130	1	no
15131	1	no
15132	1	no
15133	0	no
15134	0	no
15135	1	no
15136	1	no
15137	1	no
15138	1	no
15139	1	no
15140	1	no
15141	1	no
15142	0	no
15143	1	no
15144	0	no
15145	0	no
15146	0	no
15147	1	no
15148	1	no
15149	1	no
15150	1	no
15151	1	no
15152	1	no
15153	1	no
15154	1	no
15155	1	no
15156	1	no
15157	1	no
15158	1	no
15159	1	no
15160	1	no
15161	0	no
15162	1	no
15163	0	no
15164	0	no
15165	0	no
15166	1	no
15167	1	no
15168	0	no
15169	1	no
15170	1	no
15171	1	no
15172	0	no
15173	1	no
15174	0	no
15175	0	no
15176	1	no
15177	0	no
15178	0	no
15179	1	no
15180	1	no
15181	0	no
15182	0	no
15183	1	no
15184	1	no
15185	1	no
15186	1	no
15187	0	no
15188	1	no
15189	0	no
15190	1	no
15191	0	no
15192	0	no
15193	1	no
15194	0	no
15195	0	no
15196	1	no
15197	1	no
15198	1	no
15199	1	no
15200	1	no
15201	1	no
15202	1	no
15203	1	no
15204	1	no
15205	1	no
15206	1	no
15207	1	no
15208	0	no
15209	0	no
15210	1	no
15211	1	no
15212	0	no
15213	1	no
15214	1	no
15215	1	no
15216	1	no
15217	1	no
15218	0	no
15219	1	no
15220	1	no
15221	1	no
15222	1	no
15223	1	no
15224	1	no
15225	1	no
15226	1	no
15227	1	no
15228	0	no
15229	0	no
15230	1	no
15231	1	no
15232	1	no
15233	0	no
15234	0	no
15235	1	no
15236	1	no
15237	0	no
15238	1	no
15239	0	no
15240	0	no
15241	1	no
15242	0	no
15243	1	no
15244	1	no
15245	1	no
15246	1	no
15247	0	no
15248	0	no
15249	1	no
15250	1	no
15251	1	no
15252	0	no
15253	1	no
15254	1	no
15255	0	no
15256	1	no
15257	0	no
15258	0	no
15259	1	no
15260	1	no
15261	1	no
15262	1	no
15263	0	no
15264	1	no
15265	1	no
15266	0	no
15267	1	no
15268	1	no
15269	1	no
15270	1	no
15271	1	no
15272	1	no
15273	0	no
15274	1	no
15275	1	no
15276	1	no
15277	1	no
15278	0	no
15279	0	no
15280	1	no
15281	0	no
15282	0	no
15283	1	no
15284	1	no
15285	0	no
15286	1	no
15287	1	no
15288	1	no
15289	1	no
15290	1	no
15291	1	no
15292	1	no
15293	0	no
15294	1	no
15295	1	no
15296	1	no
15297	1	no
15298	0	no
15299	0	no
15300	0	no
15301	1	no
15302	1	no
15303	1	no
15304	1	no
15305	1	no
15306	0	no
15307	0	no
15308	0	no
15309	1	no
15310	0	no
15311	1	no
15312	0	no
15313	1	no
15314	0	no
15315	0	no
15316	1	no
15317	1	no
15318	1	no
15319	0	no
15320	1	no
15321	0	no
15322	1	no
15323	1	no
15324	1	no
15325	0	no
15326	1	no
15327	1	no
15328	0	no
15329	0	no
15330	1	no
15331	0	no
15332	1	no
15333	0	no
15334	1	no
15335	1	no
15336	1	no
15337	0	no
15338	1	no
15339	1	no
15340	0	no
15341	1	no
15342	1	no
15343	1	no
15344	1	no
15345	0	no
15346	0	no
15347	0	no
15348	1	no
15349	1	no
15350	1	no
15351	1	no
15352	0	no
15353	1	no
15354	0	no
15355	1	no
15356	0	no
15357	0	no
15358	1	no
15359	0	no
15360	0	no
15361	0	no
15362	1	no
15363	1	no
15364	0	no
15365	1	no
15366	0	no
15367	0	no
15368	1	no
15369	1	no
15370	1	no
15371	0	no
15372	0	no
15373	0	no
15374	1	no
15375	1	no
15376	1	no
15377	1	no
15378	1	no
15379	1	no
15380	1	no
15381	1	no
15382	1	no
15383	1	no
15384	1	no
15385	1	no
15386	0	no
15387	1	no
15388	0	no
15389	0	no
15390	0	no
15391	1	no
15392	0	no
15393	1	no
15394	1	no
15395	0	no
15396	1	no
15397	1	no
15398	1	no
15399	1	no
15400	1	no
15401	1	no
15402	0	no
15403	0	no
15404	0	no
15405	1	no
15406	0	no
15407	1	no
15408	1	no
15409	1	no
15410	1	no
15411	0	no
15412	0	no
15413	1	no
15414	0	no
15415	0	no
15416	1	no
15417	1	no
15418	1	no
15419	0	no
15420	0	no
15421	1	no
15422	1	no
15423	1	no
15424	0	no
15425	0	no
15426	1	no
15427	1	no
15428	0	no
15429	0	no
15430	1	no
15431	1	no
15432	1	no
15433	0	no
15434	0	no
15435	1	no
15436	1	no
15437	0	no
15438	0	no
15439	0	no
15440	1	no
15441	0	no
15442	0	no
15443	1	no
15444	0	no
15445	1	no
15446	1	no
15447	0	no
15448	1	no
15449	0	no
15450	0	no
15451	1	no
15452	1	no
15453	0	no
15454	1	no
15455	1	no
15456	0	no
15457	1	no
15458	0	no
15459	1	no
15460	1	no
15461	1	no
15462	0	no
15463	1	no
15464	1	no
15465	1	no
15466	1	no
15467	0	no
15468	1	no
15469	1	no
15470	1	no
15471	0	no
15472	1	no
15473	1	no
15474	1	no
15475	1	no
15476	0	no
15477	1	no
15478	1	no
15479	1	no
15480	1	no
15481	1	no
15482	1	no
15483	0	no
15484	1	no
15485	0	no
15486	0	no
15487	1	no
15488	0	no
15489	0	no
15490	1	no
15491	1	no
15492	0	no
15493	1	no
15494	1	no
15495	0	no
15496	0	no
15497	1	no
15498	1	no
15499	1	no
15500	1	no
15501	1	no
15502	0	no
15503	0	no
15504	1	no
15505	1	no
15506	0	no
15507	1	no
15508	0	no
15509	0	no
15510	1	no
15511	1	no
15512	1	no
15513	1	no
15514	1	no
15515	0	no
15516	0	no
15517	0	no
15518	1	no
15519	1	no
15520	1	no
15521	1	no
15522	1	no
15523	1	no
15524	1	no
15525	1	no
15526	1	no
15527	1	no
15528	1	no
15529	1	no
15530	0	no
15531	0	no
15532	1	no
15533	1	no
15534	1	no
15535	0	no
15536	1	no
15537	0	no
15538	0	no
15539	0	no
15540	0	no
15541	1	no
15542	0	no
15543	0	no
15544	0	no
15545	1	no
15546	0	no
15547	1	no
15548	1	no
15549	1	no
15550	1	no
15551	1	no
15552	0	no
15553	1	no
15554	1	no
15555	1	no
15556	0	no
15557	1	no
15558	1	no
15559	0	no
15560	0	no
15561	1	no
15562	0	no
15563	0	no
15564	0	no
15565	1	no
15566	1	no
15567	1	no
15568	1	no
15569	0	no
15570	1	no
15571	0	no
15572	0	no
15573	0	no
15574	0	no
15575	1	no
15576	1	no
15577	1	no
15578	1	no
15579	1	no
15580	1	no
15581	0	no
15582	1	no
15583	1	no
15584	0	no
15585	1	no
15586	0	no
15587	0	no
15588	1	no
15589	0	no
15590	0	no
15591	1	no
15592	1	no
15593	0	no
15594	1	no
15595	0	no
15596	1	no
15597	1	no
15598	1	no
15599	1	no
15600	1	no
15601	0	no
15602	0	no
15603	1	no
15604	1	no
15605	0	no
