cell	node	doublet
0	4	no
1	4	no
2	4	no
3	5	no
4	4	no
5	4	no
6	4	no
7	4	no
8	4	no
9	4	no
10	4	no
11	0	no
12	4	no
13	4	no
14	4	no
15	4	no
16	4	no
17	4	no
18	4	no
19	4	no
20	4	no
21	4	no
22	4	no
23	4	no
24	4	no
25	4	no
26	4	no
27	5	no
28	4	no
29	4	no
30	4	no
31	4	no
32	4	no
33	4	no
34	4	no
35	4	no
36	4	no
37	4	no
38	4	no
39	4	no
40	4	no
41	4	no
42	4	no
43	5	no
44	5	no
45	4	no
46	4	no
47	4	no
48	5	no
49	4	no
50	4	no
51	4	no
52	4	no
53	2	no
54	4	no
55	4	no
56	4	no
57	4	no
58	4	no
59	4	no
60	5	no
61	4	no
62	4	no
63	4	no
64	4	no
65	5	no
66	4	no
67	4	no
68	4	no
69	4	no
70	4	no
71	4	no
72	4	no
73	5	no
74	4	no
75	4	no
76	4	no
77	4	no
78	4	no
79	4	no
80	0	no
81	4	no
82	4	no
83	5	no
84	5	no
85	4	no
86	0	no
87	4	no
88	4	no
89	5	no
90	2	no
91	4	no
92	4	no
93	4	no
94	4	no
95	4	no
96	4	no
97	4	no
98	4	no
99	4	no
100	4	no
101	0	no
102	5	no
103	4	no
104	4	no
105	4	no
106	4	no
107	4	no
108	4	no
109	4	no
110	4	no
111	4	no
112	4	no
113	4	no
114	4	no
115	4	no
116	4	no
117	4	no
118	4	no
119	4	no
120	4	no
121	4	no
122	4	no
123	5	no
124	4	no
125	4	no
126	4	no
127	4	no
128	4	no
129	4	no
130	4	no
131	4	no
132	4	no
133	4	no
134	4	no
135	5	no
136	4	no
137	4	no
138	4	no
139	4	no
140	4	no
141	4	no
142	4	no
143	4	no
144	0	no
145	4	no
146	4	no
147	4	no
148	4	no
149	4	no
150	4	no
151	4	no
152	4	no
153	4	no
154	4	no
155	4	no
156	4	no
157	4	no
158	4	no
159	5	no
160	4	no
161	4	no
162	4	no
163	5	no
164	4	no
165	4	no
166	4	no
167	5	no
168	2	no
169	4	no
170	4	no
171	4	no
172	4	no
173	4	no
174	4	no
175	4	no
176	4	no
177	4	no
178	5	no
179	4	no
180	4	no
181	4	no
182	4	no
183	4	no
184	4	no
185	4	no
186	4	no
187	4	no
188	4	no
189	4	no
190	4	no
191	4	no
192	4	no
193	4	no
194	4	no
195	4	no
196	4	no
197	4	no
198	5	no
199	4	no
200	4	no
201	4	no
202	4	no
203	4	no
204	4	no
205	5	no
206	4	no
207	4	no
208	4	no
209	4	no
210	4	no
211	4	no
212	4	no
213	4	no
214	4	no
215	4	no
216	4	no
217	5	no
218	4	no
219	5	no
220	4	no
221	5	no
222	4	no
223	4	no
224	4	no
225	4	no
226	0	no
227	5	no
228	4	no
229	4	no
230	4	no
231	4	no
232	4	no
233	4	no
234	4	no
235	4	no
236	0	no
237	4	no
238	4	no
239	4	no
240	4	no
241	4	no
242	4	no
243	4	no
244	2	no
245	4	no
246	4	no
247	4	no
248	4	no
249	4	no
250	4	no
251	4	no
252	4	no
253	5	no
254	5	no
255	4	no
256	4	no
257	4	no
258	5	no
259	4	no
260	0	no
261	4	no
262	4	no
263	4	no
264	4	no
265	0	no
266	4	no
267	4	no
268	4	no
269	4	no
270	4	no
271	4	no
272	4	no
273	4	no
274	5	no
275	4	no
276	4	no
277	4	no
278	4	no
279	4	no
280	4	no
281	4	no
282	4	no
283	4	no
284	4	no
285	4	no
286	4	no
287	4	no
288	4	no
289	4	no
290	4	no
291	4	no
292	4	no
293	4	no
294	4	no
295	4	no
296	4	no
297	5	no
298	4	no
299	4	no
300	4	no
301	4	no
302	4	no
303	4	no
304	2	no
305	4	no
306	4	no
307	4	no
308	4	no
309	4	no
310	4	no
311	4	no
312	5	no
313	4	no
314	4	no
315	4	no
316	5	no
317	4	no
318	4	no
319	4	no
320	4	no
321	4	no
322	4	no
323	4	no
324	4	no
325	4	no
326	4	no
327	4	no
328	4	no
329	4	no
330	4	no
331	4	no
332	4	no
333	5	no
334	5	no
335	4	no
336	4	no
337	4	no
338	4	no
339	4	no
340	5	no
341	4	no
342	4	no
343	4	no
344	4	no
345	4	no
346	4	no
347	4	no
348	4	no
349	4	no
350	4	no
351	4	no
352	4	no
353	4	no
354	4	no
355	4	no
356	4	no
357	4	no
358	4	no
359	4	no
360	4	no
361	4	no
362	4	no
363	5	no
364	4	no
365	4	no
366	4	no
367	4	no
368	5	no
369	4	no
370	4	no
371	4	no
372	4	no
373	4	no
374	4	no
375	5	no
376	4	no
377	4	no
378	4	no
379	4	no
380	4	no
381	4	no
382	0	no
383	4	no
384	4	no
385	4	no
386	4	no
387	4	no
388	4	no
389	4	no
390	4	no
391	4	no
392	4	no
393	4	no
394	4	no
395	4	no
396	4	no
397	4	no
398	4	no
399	4	no
400	4	no
401	4	no
402	4	no
403	4	no
404	4	no
405	4	no
406	4	no
407	4	no
408	4	no
409	4	no
410	5	no
411	4	no
412	4	no
413	4	no
414	4	no
415	4	no
416	4	no
417	4	no
418	4	no
419	4	no
420	4	no
421	4	no
422	4	no
423	4	no
424	4	no
425	5	no
426	4	no
427	4	no
428	4	no
429	4	no
430	4	no
431	4	no
432	4	no
433	4	no
434	4	no
435	4	no
436	4	no
437	4	no
438	4	no
439	4	no
440	4	no
441	4	no
442	4	no
443	5	no
444	4	no
445	4	no
446	4	no
447	0	no
448	4	no
449	4	no
450	4	no
451	4	no
452	4	no
453	4	no
454	4	no
455	4	no
456	4	no
457	2	no
458	4	no
459	4	no
460	4	no
461	2	no
462	4	no
463	4	no
464	5	no
465	4	no
466	4	no
467	4	no
468	4	no
469	4	no
470	4	no
471	4	no
472	4	no
473	4	no
474	4	no
475	4	no
476	4	no
477	4	no
478	4	no
479	4	no
480	4	no
481	4	no
482	4	no
483	4	no
484	5	no
485	5	no
486	4	no
487	4	no
488	4	no
489	4	no
490	4	no
491	4	no
492	4	no
493	0	no
494	4	no
495	0	no
496	4	no
497	4	no
498	4	no
499	4	no
500	4	no
501	4	no
502	4	no
503	4	no
504	4	no
505	4	no
506	4	no
507	5	no
508	4	no
509	4	no
510	4	no
511	4	no
512	4	no
513	4	no
514	4	no
515	4	no
516	4	no
517	5	no
518	0	no
519	4	no
520	4	no
521	4	no
522	4	no
523	4	no
524	4	no
525	4	no
526	4	no
527	5	no
528	4	no
529	5	no
530	4	no
531	4	no
532	4	no
533	4	no
534	4	no
535	4	no
536	4	no
537	4	no
538	4	no
539	4	no
540	4	no
541	4	no
542	4	no
543	5	no
544	4	no
545	4	no
546	4	no
547	4	no
548	4	no
549	4	no
550	4	no
551	4	no
552	4	no
553	4	no
554	4	no
555	4	no
556	5	no
557	4	no
558	4	no
559	4	no
560	4	no
561	4	no
562	4	no
563	4	no
564	4	no
565	5	no
566	4	no
567	4	no
568	4	no
569	4	no
570	4	no
571	4	no
572	4	no
573	4	no
574	4	no
575	4	no
576	4	no
577	4	no
578	4	no
579	4	no
580	5	no
581	4	no
582	4	no
583	4	no
584	5	no
585	4	no
586	4	no
587	5	no
588	4	no
589	4	no
590	4	no
591	4	no
592	0	no
593	4	no
594	4	no
595	4	no
596	5	no
597	4	no
598	4	no
599	4	no
600	4	no
601	4	no
602	4	no
603	4	no
604	5	no
605	4	no
606	4	no
607	4	no
608	4	no
609	5	no
610	4	no
611	4	no
612	4	no
613	4	no
614	4	no
615	4	no
616	4	no
617	4	no
618	4	no
619	4	no
620	4	no
621	5	no
622	4	no
623	4	no
624	4	no
625	4	no
626	4	no
627	4	no
628	4	no
629	4	no
630	4	no
631	4	no
632	5	no
633	4	no
634	4	no
635	4	no
636	4	no
637	4	no
638	4	no
639	4	no
640	4	no
641	4	no
642	4	no
643	4	no
644	4	no
645	0	no
646	4	no
647	4	no
648	5	no
649	4	no
650	4	no
651	4	no
652	4	no
653	4	no
654	4	no
655	4	no
656	4	no
657	4	no
658	4	no
659	4	no
660	4	no
661	4	no
662	4	no
663	4	no
664	4	no
665	5	no
666	4	no
667	4	no
668	4	no
669	4	no
670	4	no
671	4	no
672	4	no
673	4	no
674	0	no
675	4	no
676	4	no
677	4	no
678	4	no
679	4	no
680	4	no
681	4	no
682	4	no
683	4	no
684	4	no
685	5	no
686	4	no
687	4	no
688	4	no
689	5	no
690	4	no
691	4	no
692	4	no
693	4	no
694	4	no
695	4	no
696	4	no
697	4	no
698	4	no
699	4	no
700	4	no
701	4	no
702	4	no
703	4	no
704	5	no
705	2	no
706	4	no
707	4	no
708	4	no
709	4	no
710	4	no
711	4	no
712	4	no
713	4	no
714	4	no
715	4	no
716	4	no
717	4	no
718	5	no
719	4	no
720	4	no
721	4	no
722	4	no
723	2	no
724	4	no
725	4	no
726	4	no
727	4	no
728	4	no
729	4	no
730	4	no
731	4	no
732	4	no
733	4	no
734	4	no
735	0	no
736	4	no
737	4	no
738	4	no
739	4	no
740	0	no
741	4	no
742	4	no
743	4	no
744	4	no
745	4	no
746	4	no
747	4	no
748	4	no
749	4	no
750	4	no
751	4	no
752	4	no
753	5	no
754	4	no
755	4	no
756	4	no
757	4	no
758	4	no
759	4	no
760	4	no
761	4	no
762	4	no
763	5	no
764	4	no
765	4	no
766	0	no
767	4	no
768	4	no
769	4	no
770	0	no
771	4	no
772	4	no
773	4	no
774	4	no
775	4	no
776	4	no
777	4	no
778	4	no
779	4	no
780	4	no
781	4	no
782	4	no
783	4	no
784	4	no
785	5	no
786	4	no
787	4	no
788	4	no
789	4	no
790	4	no
791	4	no
792	4	no
793	4	no
794	4	no
795	4	no
796	4	no
797	4	no
798	4	no
799	4	no
800	4	no
801	4	no
802	5	no
803	4	no
804	4	no
805	4	no
806	4	no
807	4	no
808	4	no
809	4	no
810	4	no
811	4	no
812	4	no
813	4	no
814	4	no
815	4	no
816	4	no
817	4	no
818	5	no
819	4	no
820	4	no
821	5	no
822	4	no
823	4	no
824	4	no
825	4	no
826	4	no
827	4	no
828	4	no
829	4	no
830	4	no
831	5	no
832	4	no
833	4	no
834	4	no
835	4	no
836	4	no
837	4	no
838	0	no
839	4	no
840	4	no
841	4	no
842	4	no
843	4	no
844	4	no
845	4	no
846	4	no
847	5	no
848	4	no
849	4	no
850	4	no
851	4	no
852	4	no
853	4	no
854	4	no
855	4	no
856	5	no
857	4	no
858	4	no
859	5	no
860	4	no
861	4	no
862	4	no
863	4	no
864	4	no
865	4	no
866	5	no
867	4	no
868	4	no
869	4	no
870	4	no
871	4	no
872	4	no
873	5	no
874	4	no
875	4	no
876	4	no
877	4	no
878	4	no
879	4	no
880	4	no
881	4	no
882	4	no
883	4	no
884	4	no
885	4	no
886	4	no
887	4	no
888	4	no
889	4	no
890	5	no
891	5	no
892	4	no
893	5	no
894	4	no
895	4	no
896	4	no
897	4	no
898	4	no
899	4	no
900	4	no
901	5	no
902	4	no
903	4	no
904	4	no
905	4	no
906	4	no
907	4	no
908	4	no
909	4	no
910	5	no
911	4	no
912	4	no
913	4	no
914	4	no
915	4	no
916	5	no
917	4	no
918	4	no
919	4	no
920	5	no
921	4	no
922	4	no
923	4	no
924	4	no
925	4	no
926	5	no
927	4	no
928	4	no
929	4	no
930	4	no
931	4	no
932	4	no
933	4	no
934	4	no
935	4	no
936	4	no
937	5	no
938	4	no
939	4	no
940	4	no
941	5	no
942	4	no
943	5	no
944	4	no
945	4	no
946	4	no
947	4	no
948	4	no
949	4	no
950	4	no
951	4	no
952	4	no
953	4	no
954	4	no
955	4	no
956	0	no
957	4	no
958	4	no
959	4	no
960	4	no
961	5	no
962	4	no
963	4	no
964	4	no
965	5	no
966	4	no
967	4	no
968	0	no
969	4	no
970	4	no
971	4	no
972	4	no
973	4	no
974	4	no
975	4	no
976	4	no
977	4	no
978	4	no
979	5	no
980	4	no
981	4	no
982	4	no
983	4	no
984	5	no
985	5	no
986	4	no
987	4	no
988	4	no
989	5	no
990	4	no
991	4	no
992	4	no
993	4	no
994	4	no
995	4	no
996	4	no
997	5	no
998	4	no
999	4	no
1000	4	no
1001	4	no
1002	4	no
1003	4	no
1004	4	no
1005	4	no
1006	4	no
1007	4	no
1008	4	no
1009	4	no
1010	4	no
1011	2	no
1012	4	no
1013	4	no
1014	4	no
1015	4	no
1016	4	no
1017	4	no
1018	4	no
1019	4	no
1020	4	no
1021	4	no
1022	4	no
1023	4	no
1024	4	no
1025	4	no
1026	4	no
1027	4	no
1028	4	no
1029	5	no
1030	0	no
1031	5	no
1032	4	no
1033	4	no
1034	4	no
1035	4	no
1036	4	no
1037	4	no
1038	4	no
1039	4	no
1040	4	no
1041	4	no
1042	4	no
1043	4	no
1044	5	no
1045	4	no
1046	4	no
1047	4	no
1048	4	no
1049	4	no
1050	4	no
1051	4	no
1052	4	no
1053	5	no
1054	4	no
1055	4	no
1056	4	no
1057	4	no
1058	5	no
1059	4	no
1060	4	no
1061	5	no
1062	4	no
1063	4	no
1064	0	no
1065	4	no
1066	0	no
1067	5	no
1068	4	no
1069	4	no
1070	4	no
1071	4	no
1072	4	no
1073	4	no
1074	4	no
1075	4	no
1076	4	no
1077	4	no
1078	4	no
1079	4	no
1080	5	no
1081	4	no
1082	4	no
1083	4	no
1084	4	no
1085	5	no
1086	4	no
1087	4	no
1088	4	no
1089	4	no
1090	4	no
1091	5	no
1092	5	no
1093	4	no
1094	4	no
1095	5	no
1096	4	no
1097	4	no
1098	5	no
1099	4	no
1100	4	no
1101	4	no
1102	4	no
1103	4	no
1104	4	no
1105	4	no
1106	4	no
1107	4	no
1108	0	no
1109	4	no
1110	4	no
1111	4	no
1112	4	no
1113	4	no
1114	4	no
1115	4	no
1116	4	no
1117	4	no
1118	4	no
1119	4	no
1120	4	no
1121	4	no
1122	4	no
1123	4	no
1124	0	no
1125	4	no
1126	4	no
1127	4	no
1128	4	no
1129	4	no
1130	4	no
1131	4	no
1132	4	no
1133	4	no
1134	4	no
1135	4	no
1136	4	no
1137	4	no
1138	4	no
1139	4	no
1140	4	no
1141	4	no
1142	4	no
1143	2	no
1144	4	no
1145	4	no
1146	4	no
1147	4	no
1148	4	no
1149	4	no
1150	4	no
1151	4	no
1152	4	no
1153	4	no
1154	0	no
1155	4	no
1156	4	no
1157	4	no
1158	4	no
1159	4	no
1160	4	no
1161	4	no
1162	2	no
1163	4	no
1164	4	no
1165	4	no
1166	5	no
1167	4	no
1168	4	no
1169	4	no
1170	4	no
1171	4	no
1172	4	no
1173	4	no
1174	4	no
1175	4	no
1176	4	no
1177	4	no
1178	4	no
1179	4	no
1180	4	no
1181	4	no
1182	4	no
1183	4	no
1184	4	no
1185	4	no
1186	4	no
1187	4	no
1188	4	no
1189	5	no
1190	4	no
1191	4	no
1192	4	no
1193	4	no
1194	4	no
1195	4	no
1196	4	no
1197	4	no
1198	5	no
1199	4	no
1200	4	no
1201	4	no
1202	4	no
1203	5	no
1204	4	no
1205	4	no
1206	4	no
1207	5	no
1208	5	no
1209	4	no
1210	4	no
1211	4	no
1212	4	no
1213	4	no
1214	4	no
1215	4	no
1216	5	no
1217	2	no
1218	4	no
1219	4	no
1220	4	no
1221	4	no
1222	4	no
1223	4	no
1224	4	no
1225	5	no
1226	4	no
1227	4	no
1228	4	no
1229	5	no
1230	4	no
1231	4	no
1232	4	no
1233	5	no
1234	4	no
1235	4	no
1236	4	no
1237	4	no
1238	4	no
1239	4	no
1240	4	no
1241	4	no
1242	4	no
1243	4	no
1244	4	no
1245	4	no
1246	4	no
1247	5	no
1248	4	no
1249	4	no
1250	4	no
1251	4	no
1252	4	no
1253	4	no
1254	4	no
1255	4	no
1256	4	no
1257	4	no
1258	4	no
1259	4	no
1260	4	no
1261	4	no
1262	4	no
1263	4	no
1264	4	no
1265	4	no
1266	4	no
1267	4	no
1268	4	no
1269	4	no
1270	4	no
1271	4	no
1272	4	no
1273	4	no
1274	4	no
1275	4	no
1276	4	no
1277	4	no
1278	4	no
1279	4	no
1280	4	no
1281	4	no
1282	4	no
1283	4	no
1284	0	no
1285	4	no
1286	4	no
1287	4	no
1288	4	no
1289	4	no
1290	4	no
1291	4	no
1292	4	no
1293	4	no
1294	4	no
1295	0	no
1296	4	no
1297	4	no
1298	4	no
1299	4	no
1300	4	no
1301	4	no
1302	5	no
1303	4	no
1304	4	no
1305	4	no
1306	4	no
1307	5	no
1308	4	no
1309	4	no
1310	5	no
1311	4	no
1312	4	no
1313	4	no
1314	4	no
1315	4	no
1316	5	no
1317	4	no
1318	4	no
1319	4	no
1320	4	no
1321	4	no
1322	5	no
1323	4	no
1324	4	no
1325	0	no
1326	4	no
1327	4	no
1328	4	no
1329	4	no
1330	4	no
1331	4	no
1332	5	no
1333	5	no
1334	4	no
1335	4	no
1336	5	no
1337	4	no
1338	4	no
1339	4	no
1340	4	no
1341	4	no
1342	4	no
1343	4	no
1344	4	no
1345	2	no
1346	4	no
1347	4	no
1348	4	no
1349	4	no
1350	4	no
1351	4	no
1352	2	no
1353	4	no
1354	4	no
1355	4	no
1356	4	no
1357	5	no
1358	4	no
1359	4	no
1360	4	no
1361	4	no
1362	4	no
1363	4	no
1364	5	no
1365	4	no
1366	4	no
1367	4	no
1368	4	no
1369	4	no
1370	4	no
1371	5	no
1372	4	no
1373	4	no
1374	4	no
1375	4	no
1376	5	no
1377	4	no
1378	5	no
1379	4	no
1380	4	no
1381	4	no
1382	4	no
1383	0	no
1384	4	no
1385	4	no
1386	4	no
1387	4	no
1388	4	no
1389	5	no
1390	4	no
1391	4	no
1392	5	no
1393	4	no
1394	4	no
1395	4	no
1396	4	no
1397	4	no
1398	4	no
1399	4	no
1400	4	no
1401	4	no
1402	4	no
1403	0	no
1404	4	no
1405	4	no
1406	4	no
1407	5	no
1408	4	no
1409	5	no
1410	4	no
1411	4	no
1412	4	no
1413	4	no
1414	5	no
1415	4	no
1416	4	no
1417	4	no
1418	4	no
1419	4	no
1420	4	no
1421	4	no
1422	4	no
1423	4	no
1424	4	no
1425	4	no
1426	4	no
1427	4	no
1428	4	no
1429	4	no
1430	4	no
1431	4	no
1432	4	no
1433	4	no
1434	4	no
1435	4	no
1436	4	no
1437	4	no
1438	4	no
1439	4	no
1440	4	no
1441	4	no
1442	4	no
1443	4	no
1444	4	no
1445	4	no
1446	4	no
1447	4	no
1448	2	no
1449	4	no
1450	4	no
1451	2	no
1452	4	no
1453	4	no
1454	4	no
1455	5	no
1456	4	no
1457	0	no
1458	0	no
1459	4	no
1460	4	no
1461	4	no
1462	4	no
1463	4	no
1464	4	no
1465	4	no
1466	5	no
1467	4	no
1468	2	no
1469	4	no
1470	5	no
1471	4	no
1472	4	no
1473	4	no
1474	4	no
1475	4	no
1476	4	no
1477	4	no
1478	4	no
1479	4	no
1480	4	no
1481	4	no
1482	4	no
1483	4	no
1484	4	no
1485	4	no
1486	0	no
1487	4	no
1488	4	no
1489	5	no
1490	4	no
1491	4	no
1492	4	no
1493	4	no
1494	5	no
1495	4	no
1496	4	no
1497	4	no
1498	5	no
1499	4	no
1500	5	no
1501	4	no
1502	4	no
1503	4	no
1504	5	no
1505	4	no
1506	4	no
1507	4	no
1508	4	no
1509	4	no
1510	4	no
1511	2	no
1512	4	no
1513	5	no
1514	4	no
1515	5	no
1516	4	no
1517	4	no
1518	4	no
1519	4	no
1520	4	no
1521	4	no
1522	4	no
1523	4	no
1524	4	no
1525	4	no
1526	4	no
1527	4	no
1528	5	no
1529	4	no
1530	4	no
1531	4	no
1532	4	no
1533	4	no
1534	4	no
1535	4	no
1536	5	no
1537	4	no
1538	4	no
1539	2	no
1540	4	no
1541	4	no
1542	4	no
1543	4	no
1544	4	no
1545	4	no
1546	4	no
1547	5	no
1548	4	no
1549	4	no
1550	4	no
1551	5	no
1552	4	no
1553	4	no
1554	4	no
1555	4	no
1556	4	no
1557	5	no
1558	5	no
1559	4	no
1560	4	no
1561	4	no
1562	4	no
1563	0	no
1564	4	no
1565	4	no
1566	4	no
1567	4	no
1568	4	no
1569	5	no
1570	4	no
1571	4	no
1572	4	no
1573	4	no
1574	4	no
1575	5	no
1576	4	no
1577	4	no
1578	4	no
1579	4	no
1580	4	no
1581	4	no
1582	4	no
1583	4	no
1584	4	no
1585	5	no
1586	2	no
1587	5	no
1588	4	no
1589	4	no
1590	4	no
1591	4	no
1592	4	no
1593	4	no
1594	4	no
1595	4	no
1596	4	no
1597	5	no
1598	4	no
1599	4	no
1600	4	no
1601	0	no
1602	4	no
1603	4	no
1604	4	no
1605	4	no
1606	4	no
1607	4	no
1608	4	no
1609	4	no
1610	4	no
1611	4	no
1612	5	no
1613	4	no
1614	4	no
1615	5	no
1616	4	no
1617	4	no
1618	4	no
1619	4	no
1620	4	no
1621	5	no
1622	4	no
1623	4	no
1624	4	no
1625	5	no
1626	4	no
1627	4	no
1628	4	no
1629	4	no
1630	4	no
1631	4	no
1632	4	no
1633	4	no
1634	4	no
1635	4	no
1636	4	no
1637	4	no
1638	4	no
1639	4	no
1640	4	no
1641	4	no
1642	4	no
1643	4	no
1644	4	no
1645	4	no
1646	5	no
1647	4	no
1648	4	no
1649	4	no
1650	4	no
1651	4	no
1652	4	no
1653	4	no
1654	4	no
1655	4	no
1656	4	no
1657	4	no
1658	4	no
1659	4	no
1660	4	no
1661	4	no
1662	4	no
1663	4	no
1664	4	no
1665	4	no
1666	4	no
1667	4	no
1668	4	no
1669	4	no
1670	4	no
1671	4	no
1672	4	no
1673	4	no
1674	4	no
1675	5	no
1676	5	no
1677	4	no
1678	4	no
1679	4	no
1680	4	no
1681	4	no
1682	0	no
1683	5	no
1684	4	no
1685	4	no
1686	4	no
1687	4	no
1688	4	no
1689	4	no
1690	4	no
1691	4	no
1692	5	no
1693	4	no
1694	4	no
1695	4	no
1696	4	no
1697	4	no
1698	4	no
1699	4	no
1700	4	no
1701	4	no
1702	5	no
1703	4	no
1704	4	no
1705	4	no
1706	4	no
1707	4	no
1708	4	no
1709	2	no
1710	4	no
1711	4	no
1712	4	no
1713	4	no
1714	5	no
1715	4	no
1716	4	no
1717	4	no
1718	4	no
1719	4	no
1720	4	no
1721	4	no
1722	4	no
1723	4	no
1724	4	no
1725	4	no
1726	5	no
1727	4	no
1728	4	no
1729	4	no
1730	4	no
1731	4	no
1732	4	no
1733	4	no
1734	4	no
1735	4	no
1736	4	no
1737	5	no
1738	4	no
1739	4	no
1740	4	no
1741	4	no
1742	4	no
1743	4	no
1744	4	no
1745	4	no
1746	4	no
1747	4	no
1748	4	no
1749	4	no
1750	4	no
1751	4	no
1752	4	no
1753	4	no
1754	4	no
1755	5	no
1756	5	no
1757	4	no
1758	4	no
1759	4	no
1760	4	no
1761	4	no
1762	4	no
1763	4	no
1764	4	no
1765	4	no
1766	4	no
1767	4	no
1768	4	no
1769	4	no
1770	4	no
1771	4	no
1772	4	no
1773	4	no
1774	4	no
1775	4	no
1776	4	no
1777	4	no
1778	4	no
1779	4	no
1780	4	no
1781	4	no
1782	5	no
1783	4	no
1784	4	no
1785	5	no
1786	4	no
1787	5	no
1788	4	no
1789	0	no
1790	4	no
1791	4	no
1792	4	no
1793	4	no
1794	4	no
1795	4	no
1796	4	no
1797	4	no
1798	4	no
1799	4	no
1800	4	no
1801	4	no
1802	4	no
1803	4	no
1804	4	no
1805	4	no
1806	4	no
1807	4	no
1808	4	no
1809	4	no
1810	4	no
1811	4	no
1812	4	no
1813	4	no
1814	4	no
1815	4	no
1816	4	no
1817	4	no
1818	4	no
1819	4	no
1820	4	no
1821	4	no
1822	4	no
1823	4	no
1824	4	no
1825	4	no
1826	4	no
1827	4	no
1828	4	no
1829	4	no
1830	4	no
1831	5	no
1832	4	no
1833	4	no
1834	4	no
1835	4	no
1836	4	no
1837	4	no
1838	4	no
1839	4	no
1840	4	no
1841	4	no
1842	4	no
1843	4	no
1844	4	no
1845	4	no
1846	4	no
1847	4	no
1848	4	no
1849	4	no
1850	4	no
1851	4	no
1852	4	no
1853	4	no
1854	4	no
1855	4	no
1856	4	no
1857	5	no
1858	4	no
1859	4	no
1860	4	no
1861	4	no
1862	4	no
1863	4	no
1864	4	no
1865	4	no
1866	4	no
1867	4	no
1868	4	no
1869	5	no
1870	4	no
1871	4	no
1872	4	no
1873	4	no
1874	4	no
1875	5	no
1876	4	no
1877	4	no
1878	4	no
1879	5	no
1880	4	no
1881	4	no
1882	4	no
1883	4	no
1884	5	no
1885	5	no
1886	4	no
1887	4	no
1888	4	no
1889	4	no
1890	5	no
1891	4	no
1892	4	no
1893	4	no
1894	4	no
1895	4	no
1896	5	no
1897	4	no
1898	4	no
1899	5	no
1900	4	no
1901	5	no
1902	4	no
1903	4	no
1904	4	no
1905	4	no
1906	4	no
1907	4	no
1908	4	no
1909	4	no
1910	4	no
1911	5	no
1912	4	no
1913	5	no
1914	4	no
1915	4	no
1916	4	no
1917	4	no
1918	5	no
1919	4	no
1920	4	no
1921	4	no
1922	4	no
1923	4	no
1924	4	no
1925	4	no
1926	4	no
1927	4	no
1928	4	no
1929	4	no
1930	4	no
1931	4	no
1932	4	no
1933	4	no
1934	4	no
1935	5	no
1936	4	no
1937	4	no
1938	5	no
1939	4	no
1940	4	no
1941	4	no
1942	4	no
1943	4	no
1944	4	no
1945	5	no
1946	5	no
1947	4	no
1948	4	no
1949	4	no
1950	4	no
1951	4	no
1952	4	no
1953	4	no
1954	4	no
1955	4	no
1956	4	no
1957	4	no
1958	4	no
1959	4	no
1960	5	no
1961	4	no
1962	4	no
1963	5	no
1964	2	no
1965	4	no
1966	4	no
1967	4	no
1968	4	no
1969	4	no
1970	4	no
1971	4	no
1972	4	no
1973	4	no
1974	4	no
1975	4	no
1976	4	no
1977	4	no
1978	4	no
1979	4	no
1980	4	no
1981	4	no
1982	4	no
1983	4	no
1984	4	no
1985	4	no
1986	4	no
1987	4	no
1988	4	no
1989	4	no
1990	4	no
1991	5	no
1992	4	no
1993	4	no
1994	4	no
1995	4	no
1996	4	no
1997	4	no
1998	4	no
1999	4	no
2000	4	no
2001	4	no
2002	4	no
2003	4	no
2004	4	no
2005	5	no
2006	0	no
2007	4	no
2008	4	no
2009	4	no
2010	4	no
2011	4	no
2012	4	no
2013	4	no
2014	4	no
2015	4	no
2016	4	no
2017	4	no
2018	4	no
2019	4	no
2020	4	no
2021	4	no
2022	4	no
2023	5	no
2024	2	no
2025	4	no
2026	4	no
2027	4	no
2028	4	no
2029	4	no
2030	5	no
2031	4	no
2032	4	no
2033	4	no
2034	4	no
2035	4	no
2036	4	no
2037	4	no
2038	4	no
2039	4	no
2040	4	no
2041	4	no
2042	4	no
2043	4	no
2044	4	no
2045	4	no
2046	4	no
2047	4	no
2048	4	no
2049	4	no
2050	5	no
2051	4	no
2052	4	no
2053	4	no
2054	5	no
2055	4	no
2056	4	no
2057	4	no
2058	4	no
2059	4	no
2060	4	no
2061	4	no
2062	5	no
2063	4	no
2064	4	no
2065	4	no
2066	5	no
2067	4	no
2068	4	no
2069	4	no
2070	4	no
2071	4	no
2072	4	no
2073	4	no
2074	4	no
2075	4	no
2076	4	no
2077	4	no
2078	4	no
2079	4	no
2080	5	no
2081	4	no
2082	4	no
2083	5	no
2084	4	no
2085	4	no
2086	4	no
2087	4	no
2088	4	no
2089	5	no
2090	4	no
2091	4	no
2092	4	no
2093	4	no
2094	4	no
2095	4	no
2096	4	no
2097	4	no
2098	4	no
2099	4	no
2100	5	no
2101	4	no
2102	4	no
2103	5	no
2104	4	no
2105	4	no
2106	4	no
2107	4	no
2108	4	no
2109	4	no
2110	4	no
2111	4	no
2112	4	no
2113	4	no
2114	4	no
2115	4	no
2116	4	no
2117	4	no
2118	4	no
2119	4	no
2120	4	no
2121	4	no
2122	4	no
2123	4	no
2124	4	no
2125	4	no
2126	4	no
2127	4	no
2128	4	no
2129	4	no
2130	4	no
2131	4	no
2132	4	no
2133	4	no
2134	4	no
2135	4	no
2136	4	no
2137	4	no
2138	4	no
2139	5	no
2140	4	no
2141	4	no
2142	4	no
2143	4	no
2144	4	no
2145	4	no
2146	4	no
2147	4	no
2148	4	no
2149	4	no
2150	4	no
2151	4	no
2152	4	no
2153	4	no
2154	5	no
2155	4	no
2156	4	no
2157	4	no
2158	4	no
2159	4	no
2160	4	no
2161	4	no
2162	4	no
2163	4	no
2164	4	no
2165	4	no
2166	4	no
2167	4	no
2168	4	no
2169	5	no
2170	4	no
2171	4	no
2172	4	no
2173	4	no
2174	4	no
2175	4	no
2176	4	no
2177	4	no
2178	4	no
2179	4	no
2180	4	no
2181	2	no
2182	5	no
2183	4	no
2184	4	no
2185	4	no
2186	4	no
2187	4	no
2188	4	no
2189	4	no
2190	4	no
2191	4	no
2192	4	no
2193	4	no
2194	4	no
2195	5	no
2196	4	no
2197	4	no
2198	4	no
2199	5	no
2200	4	no
2201	4	no
2202	4	no
2203	4	no
2204	5	no
2205	4	no
2206	4	no
2207	4	no
2208	4	no
2209	4	no
2210	4	no
2211	4	no
2212	4	no
2213	4	no
2214	4	no
2215	4	no
2216	5	no
2217	4	no
2218	4	no
2219	4	no
2220	4	no
2221	4	no
2222	4	no
2223	4	no
2224	4	no
2225	5	no
2226	4	no
2227	2	no
2228	4	no
2229	4	no
2230	4	no
2231	4	no
2232	4	no
2233	4	no
2234	4	no
2235	4	no
2236	0	no
2237	4	no
2238	4	no
2239	5	no
2240	2	no
2241	4	no
2242	4	no
2243	2	no
2244	4	no
2245	4	no
2246	4	no
2247	4	no
2248	4	no
2249	4	no
2250	2	no
2251	0	no
2252	4	no
2253	4	no
2254	5	no
2255	4	no
2256	4	no
2257	4	no
2258	4	no
2259	4	no
2260	4	no
2261	4	no
2262	4	no
2263	4	no
2264	4	no
2265	4	no
2266	4	no
2267	4	no
2268	4	no
2269	4	no
2270	4	no
2271	5	no
2272	4	no
2273	0	no
2274	4	no
2275	4	no
2276	4	no
2277	4	no
2278	4	no
2279	4	no
2280	5	no
2281	4	no
2282	4	no
2283	4	no
2284	5	no
2285	4	no
2286	4	no
2287	4	no
2288	5	no
2289	4	no
2290	5	no
2291	0	no
2292	4	no
2293	4	no
2294	4	no
2295	4	no
2296	4	no
2297	4	no
2298	4	no
2299	4	no
2300	4	no
2301	4	no
2302	4	no
2303	2	no
2304	4	no
2305	4	no
2306	4	no
2307	5	no
2308	4	no
2309	4	no
2310	4	no
2311	4	no
2312	4	no
2313	4	no
2314	4	no
2315	4	no
2316	4	no
2317	4	no
2318	4	no
2319	4	no
2320	4	no
2321	2	no
2322	4	no
2323	4	no
2324	4	no
2325	4	no
2326	5	no
2327	5	no
2328	4	no
2329	4	no
2330	5	no
2331	4	no
2332	4	no
2333	4	no
2334	4	no
2335	4	no
2336	5	no
2337	4	no
2338	4	no
2339	0	no
2340	4	no
2341	5	no
2342	4	no
2343	0	no
2344	4	no
2345	4	no
2346	4	no
2347	4	no
2348	4	no
2349	4	no
2350	5	no
2351	2	no
2352	4	no
2353	4	no
2354	4	no
2355	4	no
2356	4	no
2357	5	no
2358	4	no
2359	4	no
2360	4	no
2361	4	no
2362	2	no
2363	4	no
2364	4	no
2365	4	no
2366	5	no
2367	4	no
2368	4	no
2369	4	no
2370	5	no
2371	4	no
2372	4	no
2373	4	no
2374	4	no
2375	4	no
2376	4	no
2377	4	no
2378	5	no
2379	4	no
2380	5	no
2381	4	no
2382	4	no
2383	4	no
2384	5	no
2385	4	no
2386	4	no
2387	4	no
2388	4	no
2389	4	no
2390	4	no
2391	4	no
2392	4	no
2393	4	no
2394	4	no
2395	4	no
2396	4	no
2397	5	no
2398	5	no
2399	4	no
2400	4	no
2401	4	no
2402	4	no
2403	2	no
2404	4	no
2405	4	no
2406	4	no
2407	2	no
2408	4	no
2409	4	no
2410	4	no
2411	4	no
2412	4	no
2413	4	no
2414	4	no
2415	4	no
2416	4	no
2417	4	no
2418	4	no
2419	4	no
2420	4	no
2421	4	no
2422	4	no
2423	4	no
2424	4	no
2425	4	no
2426	4	no
2427	4	no
2428	5	no
2429	4	no
2430	4	no
2431	4	no
2432	4	no
2433	4	no
2434	4	no
2435	4	no
2436	4	no
2437	4	no
2438	4	no
2439	4	no
2440	5	no
2441	4	no
2442	4	no
2443	4	no
2444	4	no
2445	4	no
2446	4	no
2447	4	no
2448	5	no
2449	4	no
2450	4	no
2451	4	no
2452	4	no
2453	4	no
2454	4	no
2455	4	no
2456	4	no
2457	4	no
2458	4	no
2459	4	no
2460	4	no
2461	4	no
2462	4	no
2463	4	no
2464	0	no
2465	4	no
2466	4	no
2467	4	no
2468	2	no
2469	4	no
2470	5	no
2471	4	no
2472	4	no
2473	4	no
2474	5	no
2475	4	no
2476	4	no
2477	4	no
2478	4	no
2479	4	no
2480	4	no
2481	4	no
2482	4	no
2483	4	no
2484	4	no
2485	4	no
2486	4	no
2487	4	no
2488	5	no
2489	4	no
2490	0	no
2491	4	no
2492	4	no
2493	4	no
2494	5	no
2495	4	no
2496	4	no
2497	2	no
2498	4	no
2499	4	no
2500	5	no
2501	4	no
2502	4	no
2503	4	no
2504	4	no
2505	4	no
2506	4	no
2507	5	no
2508	4	no
2509	4	no
2510	4	no
2511	4	no
2512	4	no
2513	4	no
2514	4	no
2515	4	no
2516	4	no
2517	4	no
2518	4	no
2519	4	no
2520	5	no
2521	4	no
2522	4	no
2523	5	no
2524	5	no
2525	4	no
2526	4	no
2527	5	no
2528	4	no
2529	4	no
2530	4	no
2531	4	no
2532	4	no
2533	4	no
2534	4	no
2535	4	no
2536	4	no
2537	4	no
2538	5	no
2539	4	no
2540	4	no
2541	4	no
2542	4	no
2543	4	no
2544	4	no
2545	4	no
2546	4	no
2547	5	no
2548	4	no
2549	4	no
2550	4	no
2551	4	no
2552	4	no
2553	4	no
2554	4	no
2555	4	no
2556	4	no
2557	4	no
2558	4	no
2559	4	no
2560	4	no
2561	4	no
2562	4	no
2563	4	no
2564	4	no
2565	4	no
2566	4	no
2567	5	no
2568	4	no
2569	4	no
2570	4	no
2571	4	no
2572	4	no
2573	4	no
2574	4	no
2575	4	no
2576	4	no
2577	4	no
2578	4	no
2579	4	no
2580	4	no
2581	5	no
2582	4	no
2583	4	no
2584	0	no
2585	2	no
2586	4	no
2587	4	no
2588	4	no
2589	4	no
2590	4	no
2591	4	no
2592	4	no
2593	5	no
2594	5	no
2595	4	no
2596	4	no
2597	4	no
2598	4	no
2599	0	no
2600	4	no
2601	4	no
2602	0	no
2603	4	no
2604	4	no
2605	4	no
2606	4	no
2607	4	no
2608	4	no
2609	4	no
2610	4	no
2611	4	no
2612	4	no
2613	4	no
2614	4	no
2615	4	no
2616	4	no
2617	4	no
2618	4	no
2619	4	no
2620	4	no
2621	4	no
2622	4	no
2623	4	no
2624	4	no
2625	0	no
2626	4	no
2627	4	no
2628	4	no
2629	5	no
2630	4	no
2631	4	no
2632	4	no
2633	4	no
2634	4	no
2635	4	no
2636	4	no
2637	4	no
2638	4	no
2639	4	no
2640	4	no
2641	4	no
2642	4	no
2643	4	no
2644	4	no
2645	4	no
2646	5	no
2647	4	no
2648	4	no
2649	4	no
2650	4	no
2651	4	no
2652	2	no
2653	4	no
2654	4	no
2655	4	no
2656	4	no
2657	4	no
2658	4	no
2659	4	no
2660	4	no
2661	4	no
2662	4	no
2663	4	no
2664	4	no
2665	5	no
2666	4	no
2667	4	no
2668	5	no
2669	4	no
2670	4	no
2671	5	no
2672	4	no
2673	5	no
2674	0	no
2675	4	no
2676	5	no
2677	4	no
2678	4	no
2679	4	no
2680	4	no
2681	4	no
2682	4	no
2683	4	no
2684	4	no
2685	4	no
2686	4	no
2687	5	no
2688	4	no
2689	5	no
2690	4	no
2691	4	no
2692	0	no
2693	4	no
2694	4	no
2695	5	no
2696	4	no
2697	5	no
2698	4	no
2699	4	no
2700	4	no
2701	5	no
2702	4	no
2703	4	no
2704	4	no
2705	4	no
2706	4	no
2707	4	no
2708	4	no
2709	5	no
2710	5	no
2711	4	no
2712	4	no
2713	4	no
2714	4	no
2715	4	no
2716	4	no
2717	4	no
2718	4	no
2719	4	no
2720	4	no
2721	4	no
2722	4	no
2723	4	no
2724	4	no
2725	2	no
2726	4	no
2727	4	no
2728	4	no
2729	4	no
2730	0	no
2731	4	no
2732	4	no
2733	4	no
2734	4	no
2735	4	no
2736	4	no
2737	5	no
2738	4	no
2739	4	no
2740	4	no
2741	4	no
2742	5	no
2743	4	no
2744	4	no
2745	4	no
2746	4	no
2747	5	no
2748	4	no
2749	4	no
2750	4	no
2751	4	no
2752	4	no
2753	4	no
2754	4	no
2755	4	no
2756	4	no
2757	4	no
2758	4	no
2759	4	no
2760	4	no
2761	4	no
2762	5	no
2763	5	no
2764	4	no
2765	4	no
2766	4	no
2767	5	no
2768	4	no
2769	4	no
2770	4	no
2771	4	no
2772	4	no
2773	4	no
2774	4	no
2775	5	no
2776	4	no
2777	4	no
2778	4	no
2779	5	no
2780	0	no
2781	4	no
2782	4	no
2783	4	no
2784	4	no
2785	4	no
2786	4	no
2787	4	no
2788	4	no
2789	4	no
2790	4	no
2791	4	no
2792	4	no
2793	4	no
2794	4	no
2795	4	no
2796	2	no
2797	4	no
2798	4	no
2799	4	no
2800	4	no
2801	4	no
2802	0	no
2803	4	no
2804	5	no
2805	4	no
2806	4	no
2807	4	no
2808	4	no
2809	4	no
2810	5	no
2811	2	no
2812	4	no
2813	4	no
2814	4	no
2815	4	no
2816	4	no
2817	4	no
2818	4	no
2819	4	no
2820	4	no
2821	4	no
2822	4	no
2823	5	no
2824	2	no
2825	4	no
2826	4	no
2827	4	no
2828	4	no
2829	4	no
2830	4	no
2831	4	no
2832	4	no
2833	4	no
2834	4	no
2835	0	no
2836	4	no
2837	4	no
2838	4	no
2839	4	no
2840	4	no
2841	4	no
2842	4	no
2843	5	no
2844	5	no
2845	4	no
2846	4	no
2847	4	no
2848	5	no
2849	4	no
2850	4	no
2851	4	no
2852	5	no
2853	4	no
2854	5	no
2855	4	no
2856	4	no
2857	5	no
2858	4	no
2859	4	no
2860	4	no
2861	5	no
2862	4	no
2863	4	no
2864	4	no
2865	4	no
2866	4	no
2867	4	no
2868	5	no
2869	4	no
2870	5	no
2871	4	no
2872	4	no
2873	5	no
2874	4	no
2875	4	no
2876	4	no
2877	4	no
2878	5	no
2879	4	no
2880	4	no
2881	4	no
2882	4	no
2883	2	no
2884	4	no
2885	4	no
2886	4	no
2887	4	no
2888	4	no
2889	5	no
2890	4	no
2891	4	no
2892	5	no
2893	4	no
2894	4	no
2895	4	no
2896	4	no
2897	4	no
2898	5	no
2899	4	no
2900	4	no
2901	4	no
2902	4	no
2903	4	no
2904	4	no
2905	4	no
2906	4	no
2907	5	no
2908	4	no
2909	4	no
2910	4	no
2911	4	no
2912	4	no
2913	4	no
2914	4	no
2915	5	no
2916	0	no
2917	4	no
2918	5	no
2919	4	no
2920	4	no
2921	4	no
2922	4	no
2923	4	no
2924	4	no
2925	5	no
2926	4	no
2927	4	no
2928	4	no
2929	5	no
2930	4	no
2931	4	no
2932	4	no
2933	4	no
2934	4	no
2935	4	no
2936	4	no
2937	4	no
2938	4	no
2939	4	no
2940	4	no
2941	4	no
2942	5	no
2943	4	no
2944	4	no
2945	4	no
2946	4	no
2947	4	no
2948	4	no
2949	4	no
2950	4	no
2951	4	no
2952	4	no
2953	4	no
2954	4	no
2955	4	no
2956	4	no
2957	4	no
2958	4	no
2959	4	no
2960	4	no
2961	4	no
2962	4	no
2963	4	no
2964	4	no
2965	4	no
2966	4	no
2967	4	no
2968	4	no
2969	5	no
2970	5	no
2971	4	no
2972	5	no
2973	5	no
2974	4	no
2975	5	no
2976	5	no
2977	5	no
2978	4	no
2979	4	no
2980	4	no
2981	4	no
2982	4	no
2983	4	no
2984	4	no
2985	4	no
2986	5	no
2987	4	no
2988	4	no
2989	4	no
2990	4	no
2991	0	no
2992	4	no
2993	4	no
2994	4	no
2995	4	no
2996	5	no
2997	4	no
2998	4	no
2999	4	no
3000	4	no
3001	4	no
3002	4	no
3003	4	no
3004	4	no
3005	5	no
3006	4	no
3007	4	no
3008	4	no
3009	4	no
3010	4	no
3011	4	no
3012	5	no
3013	4	no
3014	4	no
3015	4	no
3016	4	no
3017	4	no
3018	4	no
3019	4	no
3020	4	no
3021	4	no
3022	4	no
3023	5	no
3024	4	no
3025	4	no
3026	4	no
3027	4	no
3028	5	no
3029	5	no
3030	4	no
3031	4	no
3032	4	no
3033	4	no
3034	4	no
3035	4	no
3036	4	no
3037	5	no
3038	5	no
3039	4	no
3040	5	no
3041	4	no
3042	4	no
3043	4	no
3044	5	no
3045	4	no
3046	4	no
3047	4	no
3048	4	no
3049	4	no
3050	4	no
3051	4	no
3052	4	no
3053	4	no
3054	4	no
3055	4	no
3056	4	no
3057	4	no
3058	4	no
3059	4	no
3060	4	no
3061	4	no
3062	4	no
3063	4	no
3064	4	no
3065	4	no
3066	4	no
3067	4	no
3068	4	no
3069	4	no
3070	4	no
3071	4	no
3072	4	no
3073	4	no
3074	4	no
3075	2	no
3076	4	no
3077	4	no
3078	4	no
3079	4	no
3080	4	no
3081	4	no
3082	4	no
3083	4	no
3084	4	no
3085	4	no
3086	4	no
3087	4	no
3088	4	no
3089	5	no
3090	4	no
3091	4	no
3092	4	no
3093	4	no
3094	4	no
3095	4	no
3096	4	no
3097	4	no
3098	4	no
3099	4	no
3100	4	no
3101	4	no
3102	4	no
3103	4	no
3104	4	no
3105	4	no
3106	4	no
3107	4	no
3108	4	no
3109	4	no
3110	0	no
3111	4	no
3112	4	no
3113	4	no
3114	4	no
3115	4	no
3116	4	no
3117	4	no
3118	5	no
3119	4	no
3120	4	no
3121	4	no
3122	4	no
3123	4	no
3124	4	no
3125	4	no
3126	4	no
3127	4	no
3128	4	no
3129	4	no
3130	4	no
3131	4	no
3132	4	no
3133	4	no
3134	4	no
3135	4	no
3136	4	no
3137	4	no
3138	4	no
3139	4	no
3140	4	no
3141	4	no
3142	5	no
3143	4	no
3144	4	no
3145	4	no
3146	4	no
3147	4	no
3148	4	no
3149	4	no
3150	4	no
3151	4	no
3152	4	no
3153	4	no
3154	4	no
3155	4	no
3156	4	no
3157	4	no
3158	4	no
3159	4	no
3160	4	no
3161	4	no
3162	4	no
3163	4	no
3164	4	no
3165	4	no
3166	4	no
3167	4	no
3168	4	no
3169	0	no
3170	4	no
3171	4	no
3172	4	no
3173	4	no
3174	4	no
3175	4	no
3176	0	no
3177	4	no
3178	4	no
3179	4	no
3180	4	no
3181	4	no
3182	4	no
3183	4	no
3184	4	no
3185	4	no
3186	4	no
3187	4	no
3188	5	no
3189	5	no
3190	4	no
3191	4	no
3192	4	no
3193	4	no
3194	4	no
3195	4	no
3196	4	no
3197	4	no
3198	4	no
3199	5	no
3200	4	no
3201	4	no
3202	5	no
3203	4	no
3204	4	no
3205	4	no
3206	4	no
3207	4	no
3208	4	no
3209	5	no
3210	4	no
3211	4	no
3212	4	no
3213	4	no
3214	4	no
3215	4	no
3216	4	no
3217	4	no
3218	4	no
3219	4	no
3220	4	no
3221	4	no
3222	4	no
3223	4	no
3224	4	no
3225	4	no
3226	4	no
3227	4	no
3228	4	no
3229	4	no
3230	2	no
3231	4	no
3232	4	no
3233	4	no
3234	4	no
3235	4	no
3236	4	no
3237	5	no
3238	4	no
3239	4	no
3240	4	no
3241	4	no
3242	4	no
3243	4	no
3244	4	no
3245	5	no
3246	4	no
3247	4	no
3248	4	no
3249	4	no
3250	4	no
3251	5	no
3252	4	no
3253	4	no
3254	4	no
3255	4	no
3256	4	no
3257	4	no
3258	4	no
3259	4	no
3260	4	no
3261	4	no
3262	4	no
3263	4	no
3264	4	no
3265	4	no
3266	4	no
3267	4	no
3268	4	no
3269	4	no
3270	4	no
3271	4	no
3272	4	no
3273	4	no
3274	4	no
3275	4	no
3276	4	no
3277	4	no
3278	4	no
3279	5	no
3280	4	no
3281	5	no
3282	4	no
3283	4	no
3284	0	no
3285	4	no
3286	4	no
3287	4	no
3288	4	no
3289	5	no
3290	4	no
3291	4	no
3292	4	no
3293	4	no
3294	4	no
3295	5	no
3296	4	no
3297	4	no
3298	4	no
3299	4	no
3300	4	no
3301	4	no
3302	4	no
3303	4	no
3304	4	no
3305	4	no
3306	4	no
3307	4	no
3308	4	no
3309	4	no
3310	4	no
3311	4	no
3312	4	no
3313	4	no
3314	4	no
3315	4	no
3316	4	no
3317	4	no
3318	4	no
3319	4	no
3320	4	no
3321	5	no
3322	4	no
3323	4	no
3324	4	no
3325	4	no
3326	4	no
3327	4	no
3328	4	no
3329	4	no
3330	4	no
3331	4	no
3332	4	no
3333	4	no
3334	5	no
3335	4	no
3336	4	no
3337	4	no
3338	4	no
3339	5	no
3340	4	no
3341	4	no
3342	4	no
3343	4	no
3344	5	no
3345	4	no
3346	4	no
3347	4	no
3348	4	no
3349	4	no
3350	0	no
3351	4	no
3352	5	no
3353	4	no
3354	4	no
3355	4	no
3356	4	no
3357	4	no
3358	4	no
3359	4	no
3360	4	no
3361	4	no
3362	5	no
3363	4	no
3364	4	no
3365	5	no
3366	5	no
3367	4	no
3368	0	no
3369	4	no
3370	4	no
3371	4	no
3372	4	no
3373	4	no
3374	4	no
3375	4	no
3376	4	no
3377	4	no
3378	4	no
3379	4	no
3380	4	no
3381	4	no
3382	4	no
3383	4	no
3384	4	no
3385	4	no
3386	4	no
3387	4	no
3388	4	no
3389	4	no
3390	4	no
3391	2	no
3392	4	no
3393	4	no
3394	4	no
3395	0	no
3396	4	no
3397	4	no
3398	4	no
3399	4	no
3400	4	no
3401	4	no
3402	4	no
3403	4	no
3404	4	no
3405	5	no
3406	4	no
3407	4	no
3408	4	no
3409	4	no
3410	4	no
3411	4	no
3412	4	no
3413	4	no
3414	4	no
3415	4	no
3416	4	no
3417	5	no
3418	4	no
3419	4	no
3420	5	no
3421	4	no
3422	4	no
3423	4	no
3424	4	no
3425	4	no
3426	5	no
3427	4	no
3428	4	no
3429	4	no
3430	4	no
3431	4	no
3432	4	no
3433	0	no
3434	4	no
3435	4	no
3436	4	no
3437	4	no
3438	4	no
3439	5	no
3440	4	no
3441	4	no
3442	5	no
3443	4	no
3444	5	no
3445	4	no
3446	4	no
3447	4	no
3448	4	no
3449	4	no
3450	4	no
3451	4	no
3452	4	no
3453	4	no
3454	4	no
3455	4	no
3456	4	no
3457	4	no
3458	4	no
3459	4	no
3460	4	no
3461	4	no
3462	4	no
3463	4	no
3464	4	no
3465	4	no
3466	4	no
3467	4	no
3468	4	no
3469	4	no
3470	4	no
3471	4	no
3472	4	no
3473	4	no
3474	4	no
3475	4	no
3476	4	no
3477	4	no
3478	4	no
3479	4	no
3480	4	no
3481	4	no
3482	4	no
3483	4	no
3484	4	no
3485	4	no
3486	4	no
3487	4	no
3488	0	no
3489	4	no
3490	4	no
3491	4	no
3492	5	no
3493	4	no
3494	4	no
3495	4	no
3496	4	no
3497	4	no
3498	4	no
3499	4	no
3500	4	no
3501	5	no
3502	4	no
3503	4	no
3504	4	no
3505	4	no
3506	4	no
3507	4	no
3508	4	no
3509	4	no
3510	4	no
3511	4	no
3512	4	no
3513	4	no
3514	4	no
3515	4	no
3516	4	no
3517	4	no
3518	4	no
3519	4	no
3520	5	no
3521	5	no
3522	4	no
3523	4	no
3524	4	no
3525	4	no
3526	4	no
3527	4	no
3528	4	no
3529	4	no
3530	4	no
3531	5	no
3532	4	no
3533	4	no
3534	4	no
3535	4	no
3536	4	no
3537	4	no
3538	5	no
3539	4	no
3540	4	no
3541	4	no
3542	4	no
3543	4	no
3544	4	no
3545	4	no
3546	4	no
3547	5	no
3548	4	no
3549	4	no
3550	4	no
3551	4	no
3552	0	no
3553	4	no
3554	4	no
3555	4	no
3556	4	no
3557	4	no
3558	4	no
3559	4	no
3560	4	no
3561	4	no
3562	5	no
3563	5	no
3564	5	no
3565	4	no
3566	4	no
3567	4	no
3568	4	no
3569	4	no
3570	4	no
3571	4	no
3572	4	no
3573	4	no
3574	4	no
3575	4	no
3576	4	no
3577	5	no
3578	0	no
3579	5	no
3580	4	no
3581	4	no
3582	4	no
3583	4	no
3584	4	no
3585	4	no
3586	4	no
3587	4	no
3588	4	no
3589	4	no
3590	4	no
3591	4	no
3592	4	no
3593	4	no
3594	4	no
3595	4	no
3596	4	no
3597	4	no
3598	4	no
3599	4	no
3600	4	no
3601	5	no
3602	4	no
3603	4	no
3604	5	no
3605	4	no
3606	4	no
3607	4	no
3608	4	no
3609	4	no
3610	4	no
3611	4	no
3612	4	no
3613	4	no
3614	5	no
3615	4	no
3616	4	no
3617	4	no
3618	4	no
3619	4	no
3620	4	no
3621	4	no
3622	4	no
3623	4	no
3624	4	no
3625	0	no
3626	4	no
3627	4	no
3628	4	no
3629	4	no
3630	4	no
3631	0	no
3632	4	no
3633	4	no
3634	5	no
3635	4	no
3636	4	no
3637	5	no
3638	4	no
3639	4	no
3640	4	no
3641	4	no
3642	4	no
3643	4	no
3644	4	no
3645	4	no
3646	4	no
3647	5	no
3648	4	no
3649	4	no
3650	4	no
3651	4	no
3652	4	no
3653	4	no
3654	4	no
3655	4	no
3656	4	no
3657	2	no
3658	4	no
3659	4	no
3660	4	no
3661	5	no
3662	4	no
3663	4	no
3664	4	no
3665	4	no
3666	4	no
3667	5	no
3668	4	no
3669	4	no
3670	5	no
3671	4	no
3672	4	no
3673	0	no
3674	4	no
3675	4	no
3676	4	no
3677	4	no
3678	4	no
3679	4	no
3680	4	no
3681	4	no
3682	4	no
3683	5	no
3684	4	no
3685	4	no
3686	4	no
3687	4	no
3688	4	no
3689	4	no
3690	4	no
3691	4	no
3692	4	no
3693	4	no
3694	4	no
3695	4	no
3696	4	no
3697	5	no
3698	4	no
3699	4	no
3700	4	no
3701	4	no
3702	4	no
3703	0	no
3704	4	no
3705	4	no
3706	4	no
3707	4	no
3708	5	no
3709	4	no
3710	4	no
3711	5	no
3712	4	no
3713	5	no
3714	4	no
3715	5	no
3716	4	no
3717	5	no
3718	4	no
3719	4	no
3720	4	no
3721	4	no
3722	4	no
3723	4	no
3724	5	no
3725	4	no
3726	4	no
3727	4	no
3728	4	no
3729	4	no
3730	4	no
3731	4	no
3732	4	no
3733	4	no
3734	4	no
3735	4	no
3736	4	no
3737	4	no
3738	5	no
3739	4	no
3740	4	no
3741	4	no
3742	4	no
3743	4	no
3744	4	no
3745	4	no
3746	4	no
3747	4	no
3748	4	no
3749	4	no
3750	4	no
3751	4	no
3752	4	no
3753	4	no
3754	4	no
3755	4	no
3756	4	no
3757	4	no
3758	4	no
3759	4	no
3760	4	no
3761	4	no
3762	5	no
3763	4	no
3764	4	no
3765	4	no
3766	4	no
3767	0	no
3768	4	no
3769	4	no
3770	4	no
3771	4	no
3772	4	no
3773	4	no
3774	4	no
3775	4	no
3776	4	no
3777	5	no
3778	4	no
3779	4	no
3780	4	no
3781	4	no
3782	4	no
3783	4	no
3784	4	no
3785	4	no
3786	4	no
3787	4	no
3788	5	no
3789	4	no
3790	5	no
3791	4	no
3792	4	no
3793	5	no
3794	0	no
3795	4	no
3796	4	no
3797	4	no
3798	2	no
3799	5	no
3800	4	no
3801	4	no
3802	4	no
3803	5	no
3804	4	no
3805	4	no
3806	4	no
3807	5	no
3808	4	no
3809	4	no
3810	4	no
3811	4	no
3812	4	no
3813	4	no
3814	4	no
3815	4	no
3816	0	no
3817	4	no
3818	4	no
3819	4	no
3820	4	no
3821	4	no
3822	4	no
3823	4	no
3824	4	no
3825	5	no
3826	4	no
3827	4	no
3828	4	no
3829	0	no
3830	5	no
3831	4	no
3832	4	no
3833	4	no
3834	4	no
3835	4	no
3836	4	no
3837	4	no
3838	4	no
3839	4	no
3840	4	no
3841	4	no
3842	4	no
3843	4	no
3844	4	no
3845	4	no
3846	4	no
3847	5	no
3848	4	no
3849	4	no
3850	4	no
3851	4	no
3852	4	no
3853	4	no
3854	4	no
3855	4	no
3856	4	no
3857	4	no
3858	4	no
3859	4	no
3860	4	no
3861	4	no
3862	4	no
3863	4	no
3864	4	no
3865	4	no
3866	4	no
3867	5	no
3868	4	no
3869	4	no
3870	4	no
3871	4	no
3872	4	no
3873	4	no
3874	4	no
3875	4	no
3876	4	no
3877	4	no
3878	4	no
3879	4	no
3880	0	no
3881	4	no
3882	0	no
3883	5	no
3884	0	no
3885	4	no
3886	4	no
3887	4	no
3888	4	no
3889	4	no
3890	4	no
3891	4	no
3892	5	no
3893	4	no
3894	4	no
3895	5	no
3896	5	no
3897	4	no
3898	4	no
3899	4	no
3900	4	no
3901	5	no
3902	4	no
3903	4	no
3904	4	no
3905	4	no
3906	4	no
3907	5	no
3908	4	no
3909	4	no
3910	4	no
3911	4	no
3912	4	no
3913	4	no
3914	4	no
3915	4	no
3916	4	no
3917	4	no
3918	4	no
3919	4	no
3920	4	no
3921	5	no
3922	4	no
3923	4	no
3924	4	no
3925	4	no
3926	4	no
3927	4	no
3928	4	no
3929	4	no
3930	4	no
3931	4	no
3932	4	no
3933	5	no
3934	4	no
3935	4	no
3936	5	no
3937	4	no
3938	4	no
3939	4	no
3940	4	no
3941	4	no
3942	4	no
3943	4	no
3944	4	no
3945	4	no
3946	4	no
3947	4	no
3948	4	no
3949	4	no
3950	5	no
3951	5	no
3952	4	no
3953	4	no
3954	4	no
3955	4	no
3956	4	no
3957	4	no
3958	4	no
3959	4	no
3960	4	no
3961	4	no
3962	4	no
3963	5	no
3964	4	no
3965	4	no
3966	4	no
3967	4	no
3968	4	no
3969	5	no
3970	4	no
3971	4	no
3972	4	no
3973	4	no
3974	4	no
3975	4	no
3976	4	no
3977	2	no
3978	5	no
3979	4	no
3980	4	no
3981	4	no
3982	4	no
3983	5	no
3984	4	no
3985	4	no
3986	4	no
3987	4	no
3988	4	no
3989	4	no
3990	4	no
3991	4	no
3992	4	no
3993	5	no
3994	4	no
3995	4	no
3996	4	no
3997	4	no
3998	4	no
3999	4	no
4000	4	no
4001	4	no
4002	4	no
4003	4	no
4004	4	no
4005	4	no
4006	4	no
4007	5	no
4008	4	no
4009	4	no
4010	5	no
4011	4	no
4012	4	no
4013	4	no
4014	4	no
4015	4	no
4016	4	no
4017	4	no
4018	4	no
4019	4	no
4020	5	no
4021	4	no
4022	4	no
4023	4	no
4024	4	no
4025	4	no
4026	5	no
4027	4	no
4028	4	no
4029	4	no
4030	4	no
4031	4	no
4032	4	no
4033	4	no
4034	4	no
4035	5	no
4036	4	no
4037	4	no
4038	4	no
4039	4	no
4040	4	no
4041	4	no
4042	5	no
4043	4	no
4044	4	no
4045	4	no
4046	4	no
4047	4	no
4048	4	no
4049	4	no
4050	4	no
4051	4	no
4052	4	no
4053	4	no
4054	4	no
4055	4	no
4056	0	no
4057	5	no
4058	4	no
4059	5	no
4060	4	no
4061	4	no
4062	4	no
4063	4	no
4064	4	no
4065	4	no
4066	5	no
4067	4	no
4068	4	no
4069	4	no
4070	4	no
4071	4	no
4072	4	no
4073	4	no
4074	2	no
4075	4	no
4076	4	no
4077	4	no
4078	4	no
4079	4	no
4080	4	no
4081	4	no
4082	4	no
4083	4	no
4084	4	no
4085	4	no
4086	4	no
4087	5	no
4088	4	no
4089	4	no
4090	4	no
4091	2	no
4092	4	no
4093	4	no
4094	4	no
4095	4	no
4096	5	no
4097	4	no
4098	4	no
4099	4	no
4100	0	no
4101	5	no
4102	4	no
4103	4	no
4104	4	no
4105	4	no
4106	4	no
4107	4	no
4108	4	no
4109	4	no
4110	5	no
4111	4	no
4112	4	no
4113	4	no
4114	4	no
4115	4	no
4116	4	no
4117	4	no
4118	4	no
4119	4	no
4120	4	no
4121	4	no
4122	4	no
4123	4	no
4124	4	no
4125	0	no
4126	4	no
4127	4	no
4128	4	no
4129	4	no
4130	4	no
4131	4	no
4132	4	no
4133	4	no
4134	4	no
4135	4	no
4136	4	no
4137	4	no
4138	4	no
4139	4	no
4140	5	no
4141	4	no
4142	5	no
4143	4	no
4144	4	no
4145	5	no
4146	4	no
4147	4	no
4148	4	no
4149	4	no
4150	4	no
4151	4	no
4152	5	no
4153	4	no
4154	5	no
4155	4	no
4156	4	no
4157	4	no
4158	4	no
4159	4	no
4160	4	no
4161	4	no
4162	4	no
4163	4	no
4164	0	no
4165	4	no
4166	4	no
4167	4	no
4168	4	no
4169	4	no
4170	4	no
4171	4	no
4172	5	no
4173	4	no
4174	4	no
4175	4	no
4176	4	no
4177	4	no
4178	4	no
4179	4	no
4180	5	no
4181	4	no
4182	4	no
4183	5	no
4184	5	no
4185	4	no
4186	4	no
4187	4	no
4188	4	no
4189	4	no
4190	4	no
4191	5	no
4192	5	no
4193	4	no
4194	4	no
4195	4	no
4196	4	no
4197	4	no
4198	4	no
4199	4	no
4200	4	no
4201	4	no
4202	4	no
4203	5	no
4204	4	no
4205	4	no
4206	4	no
4207	4	no
4208	4	no
4209	4	no
4210	4	no
4211	4	no
4212	4	no
4213	5	no
4214	4	no
4215	4	no
4216	4	no
4217	4	no
4218	4	no
4219	4	no
4220	5	no
4221	4	no
4222	4	no
4223	0	no
4224	4	no
4225	5	no
4226	4	no
4227	5	no
4228	5	no
4229	4	no
4230	4	no
4231	4	no
4232	4	no
4233	4	no
4234	2	no
4235	4	no
4236	4	no
4237	4	no
4238	4	no
4239	5	no
4240	4	no
4241	4	no
4242	4	no
4243	4	no
4244	4	no
4245	5	no
4246	4	no
4247	4	no
4248	5	no
4249	4	no
4250	4	no
4251	4	no
4252	4	no
4253	4	no
4254	4	no
4255	4	no
4256	4	no
4257	4	no
4258	4	no
4259	4	no
4260	4	no
4261	4	no
4262	4	no
4263	4	no
4264	4	no
4265	4	no
4266	5	no
4267	5	no
4268	4	no
4269	5	no
4270	4	no
4271	4	no
4272	4	no
4273	4	no
4274	4	no
4275	4	no
4276	4	no
4277	4	no
4278	4	no
4279	4	no
4280	5	no
4281	4	no
4282	4	no
4283	4	no
4284	4	no
4285	4	no
4286	4	no
4287	0	no
4288	4	no
4289	4	no
4290	4	no
4291	4	no
4292	4	no
4293	4	no
4294	4	no
4295	4	no
4296	4	no
4297	4	no
4298	5	no
4299	4	no
4300	4	no
4301	4	no
4302	4	no
4303	5	no
4304	4	no
4305	5	no
4306	4	no
4307	4	no
4308	4	no
4309	4	no
4310	0	no
4311	4	no
4312	4	no
4313	4	no
4314	4	no
4315	4	no
4316	2	no
4317	4	no
4318	2	no
4319	4	no
4320	4	no
4321	4	no
4322	4	no
4323	4	no
4324	4	no
4325	4	no
4326	4	no
4327	0	no
4328	5	no
4329	4	no
4330	4	no
4331	4	no
4332	4	no
4333	4	no
4334	4	no
4335	5	no
4336	5	no
4337	4	no
4338	4	no
4339	4	no
4340	4	no
4341	4	no
4342	4	no
4343	0	no
4344	4	no
4345	4	no
4346	4	no
4347	4	no
4348	4	no
4349	4	no
4350	4	no
4351	4	no
4352	4	no
4353	4	no
4354	4	no
4355	4	no
4356	4	no
4357	4	no
4358	4	no
4359	4	no
4360	4	no
4361	4	no
4362	4	no
4363	4	no
4364	4	no
4365	5	no
4366	4	no
4367	4	no
4368	4	no
4369	4	no
4370	4	no
4371	5	no
4372	4	no
4373	4	no
4374	4	no
4375	4	no
4376	4	no
4377	4	no
4378	4	no
4379	4	no
4380	4	no
4381	4	no
4382	5	no
4383	4	no
4384	4	no
4385	4	no
4386	5	no
4387	5	no
4388	4	no
4389	4	no
4390	4	no
4391	4	no
4392	4	no
4393	4	no
4394	4	no
4395	4	no
4396	5	no
4397	4	no
4398	5	no
4399	4	no
4400	4	no
4401	4	no
4402	4	no
4403	4	no
4404	4	no
4405	4	no
4406	4	no
4407	4	no
4408	4	no
4409	4	no
4410	4	no
4411	4	no
4412	4	no
4413	4	no
4414	4	no
4415	4	no
4416	4	no
4417	4	no
4418	5	no
4419	4	no
4420	5	no
4421	4	no
4422	4	no
4423	2	no
4424	4	no
4425	4	no
4426	4	no
4427	4	no
4428	5	no
4429	4	no
4430	4	no
4431	0	no
4432	4	no
4433	4	no
4434	0	no
4435	4	no
4436	5	no
4437	4	no
4438	4	no
4439	4	no
4440	4	no
4441	4	no
4442	4	no
4443	4	no
4444	4	no
4445	4	no
4446	4	no
4447	4	no
4448	4	no
4449	4	no
4450	4	no
4451	4	no
4452	4	no
4453	4	no
4454	4	no
4455	4	no
4456	4	no
4457	4	no
4458	4	no
4459	4	no
4460	4	no
4461	4	no
4462	4	no
4463	4	no
4464	4	no
4465	4	no
4466	4	no
4467	4	no
4468	4	no
4469	4	no
4470	4	no
4471	5	no
4472	4	no
4473	4	no
4474	4	no
4475	4	no
4476	4	no
4477	4	no
4478	4	no
4479	4	no
4480	4	no
4481	2	no
4482	4	no
4483	4	no
4484	5	no
4485	4	no
4486	4	no
4487	4	no
4488	4	no
4489	4	no
4490	4	no
4491	4	no
4492	4	no
4493	4	no
4494	4	no
4495	4	no
4496	4	no
4497	4	no
4498	4	no
4499	4	no
4500	4	no
4501	4	no
4502	5	no
4503	5	no
4504	4	no
4505	4	no
4506	4	no
4507	4	no
4508	4	no
4509	4	no
4510	5	no
4511	5	no
4512	4	no
4513	4	no
4514	4	no
4515	4	no
4516	4	no
4517	4	no
4518	4	no
4519	5	no
4520	5	no
4521	4	no
4522	4	no
4523	4	no
4524	4	no
4525	4	no
4526	4	no
4527	4	no
4528	0	no
4529	4	no
4530	4	no
4531	4	no
4532	4	no
4533	4	no
4534	4	no
4535	4	no
4536	5	no
4537	4	no
4538	4	no
4539	4	no
4540	4	no
4541	4	no
4542	4	no
4543	4	no
4544	4	no
4545	4	no
4546	0	no
4547	4	no
4548	4	no
4549	4	no
4550	4	no
4551	5	no
4552	4	no
4553	4	no
4554	4	no
4555	4	no
4556	5	no
4557	4	no
4558	4	no
4559	5	no
4560	4	no
4561	4	no
4562	4	no
4563	4	no
4564	4	no
4565	4	no
4566	5	no
4567	4	no
4568	4	no
4569	4	no
4570	4	no
4571	4	no
4572	5	no
4573	4	no
4574	4	no
4575	4	no
4576	4	no
4577	4	no
4578	4	no
4579	4	no
4580	4	no
4581	4	no
4582	4	no
4583	4	no
4584	4	no
4585	4	no
4586	4	no
4587	4	no
4588	4	no
4589	4	no
4590	4	no
4591	4	no
4592	4	no
4593	4	no
4594	5	no
4595	4	no
4596	4	no
4597	4	no
4598	4	no
4599	4	no
4600	4	no
4601	4	no
4602	4	no
4603	4	no
4604	4	no
4605	0	no
4606	4	no
4607	5	no
4608	4	no
4609	4	no
4610	4	no
4611	5	no
4612	4	no
4613	4	no
4614	4	no
4615	4	no
4616	4	no
4617	4	no
4618	4	no
4619	4	no
4620	4	no
4621	4	no
4622	4	no
4623	4	no
4624	4	no
4625	5	no
4626	4	no
4627	5	no
4628	4	no
4629	4	no
4630	4	no
4631	4	no
4632	5	no
4633	0	no
4634	4	no
4635	4	no
4636	4	no
4637	4	no
4638	4	no
4639	4	no
4640	4	no
4641	4	no
4642	4	no
4643	4	no
4644	4	no
4645	4	no
4646	4	no
4647	4	no
4648	4	no
4649	4	no
4650	4	no
4651	4	no
4652	4	no
4653	2	no
4654	5	no
4655	4	no
4656	4	no
4657	4	no
4658	4	no
4659	4	no
4660	4	no
4661	4	no
4662	4	no
4663	0	no
4664	4	no
4665	4	no
4666	5	no
4667	4	no
4668	4	no
4669	4	no
4670	4	no
4671	4	no
4672	4	no
4673	4	no
4674	4	no
4675	4	no
4676	5	no
4677	4	no
4678	4	no
4679	4	no
4680	4	no
4681	4	no
4682	4	no
4683	4	no
4684	2	no
4685	4	no
4686	4	no
4687	4	no
4688	4	no
4689	5	no
4690	4	no
4691	5	no
4692	5	no
4693	4	no
4694	4	no
4695	4	no
4696	4	no
4697	4	no
4698	4	no
4699	4	no
4700	4	no
4701	4	no
4702	4	no
4703	4	no
4704	4	no
4705	4	no
4706	5	no
4707	5	no
4708	4	no
4709	5	no
4710	4	no
4711	4	no
4712	4	no
4713	4	no
4714	4	no
4715	5	no
4716	4	no
4717	4	no
4718	4	no
4719	4	no
4720	4	no
4721	4	no
4722	5	no
4723	4	no
4724	4	no
4725	4	no
4726	4	no
4727	4	no
4728	4	no
4729	4	no
4730	4	no
4731	4	no
4732	4	no
4733	4	no
4734	4	no
4735	4	no
4736	4	no
4737	2	no
4738	4	no
4739	4	no
4740	4	no
4741	4	no
4742	4	no
4743	4	no
4744	4	no
4745	4	no
4746	4	no
4747	4	no
4748	4	no
4749	4	no
4750	4	no
4751	4	no
4752	4	no
4753	4	no
4754	4	no
4755	4	no
4756	4	no
4757	4	no
4758	4	no
4759	4	no
4760	4	no
4761	4	no
4762	4	no
4763	0	no
4764	4	no
4765	4	no
4766	5	no
4767	4	no
4768	4	no
4769	4	no
4770	4	no
4771	5	no
4772	4	no
4773	4	no
4774	4	no
4775	4	no
4776	4	no
4777	4	no
4778	4	no
4779	4	no
4780	4	no
4781	5	no
4782	4	no
4783	4	no
4784	4	no
4785	5	no
4786	4	no
4787	4	no
4788	4	no
4789	5	no
4790	4	no
4791	5	no
4792	4	no
4793	4	no
4794	4	no
4795	4	no
4796	5	no
4797	4	no
4798	4	no
4799	5	no
4800	4	no
4801	5	no
4802	4	no
4803	4	no
4804	4	no
4805	4	no
4806	4	no
4807	4	no
4808	4	no
4809	4	no
4810	4	no
4811	0	no
4812	5	no
4813	4	no
4814	4	no
4815	4	no
4816	4	no
4817	5	no
4818	5	no
4819	4	no
4820	4	no
4821	4	no
4822	4	no
4823	4	no
4824	4	no
4825	4	no
4826	4	no
4827	4	no
4828	4	no
4829	5	no
4830	4	no
4831	4	no
4832	5	no
4833	4	no
4834	5	no
4835	4	no
4836	4	no
4837	4	no
4838	5	no
4839	4	no
4840	4	no
4841	4	no
4842	4	no
4843	4	no
4844	4	no
4845	5	no
4846	4	no
4847	4	no
4848	4	no
4849	0	no
4850	4	no
4851	4	no
4852	4	no
4853	4	no
4854	4	no
4855	4	no
4856	4	no
4857	4	no
4858	4	no
4859	4	no
4860	4	no
4861	4	no
4862	4	no
4863	0	no
4864	4	no
4865	4	no
4866	4	no
4867	4	no
4868	4	no
4869	4	no
4870	4	no
4871	4	no
4872	4	no
4873	4	no
4874	4	no
4875	4	no
4876	4	no
4877	5	no
4878	4	no
4879	5	no
4880	2	no
4881	4	no
4882	4	no
4883	4	no
4884	4	no
4885	4	no
4886	4	no
4887	4	no
4888	4	no
4889	4	no
4890	4	no
4891	4	no
4892	4	no
4893	4	no
4894	5	no
4895	4	no
4896	2	no
4897	4	no
4898	5	no
4899	4	no
4900	4	no
4901	4	no
4902	4	no
4903	4	no
4904	4	no
4905	4	no
4906	4	no
4907	4	no
4908	4	no
4909	4	no
4910	4	no
4911	5	no
4912	4	no
4913	4	no
4914	4	no
4915	4	no
4916	4	no
4917	4	no
4918	4	no
4919	0	no
4920	5	no
4921	4	no
4922	4	no
4923	4	no
4924	4	no
4925	4	no
4926	4	no
4927	0	no
4928	4	no
4929	5	no
4930	4	no
4931	4	no
4932	4	no
4933	4	no
4934	5	no
4935	4	no
4936	4	no
4937	4	no
4938	4	no
4939	4	no
4940	4	no
4941	4	no
4942	4	no
4943	4	no
4944	4	no
4945	4	no
4946	4	no
4947	4	no
4948	4	no
4949	4	no
4950	4	no
4951	4	no
4952	4	no
4953	4	no
4954	4	no
4955	4	no
4956	4	no
4957	4	no
4958	4	no
4959	4	no
4960	4	no
4961	4	no
4962	4	no
4963	4	no
4964	4	no
4965	4	no
4966	5	no
4967	4	no
4968	4	no
4969	4	no
4970	4	no
4971	4	no
4972	4	no
4973	4	no
4974	4	no
4975	4	no
4976	0	no
4977	4	no
4978	5	no
4979	5	no
4980	4	no
4981	4	no
4982	2	no
4983	5	no
4984	4	no
4985	4	no
4986	4	no
4987	4	no
4988	4	no
4989	4	no
4990	4	no
4991	5	no
4992	4	no
4993	4	no
4994	4	no
4995	4	no
4996	5	no
4997	4	no
4998	5	no
4999	4	no
5000	4	no
5001	4	no
5002	4	no
5003	4	no
5004	4	no
5005	5	no
5006	5	no
5007	4	no
5008	5	no
5009	4	no
5010	4	no
5011	4	no
5012	4	no
5013	4	no
5014	5	no
5015	4	no
5016	4	no
5017	4	no
5018	4	no
5019	2	no
5020	4	no
5021	4	no
5022	4	no
5023	4	no
5024	4	no
5025	4	no
5026	4	no
5027	4	no
5028	4	no
5029	4	no
5030	5	no
5031	4	no
5032	4	no
5033	4	no
5034	4	no
5035	4	no
5036	4	no
5037	4	no
5038	4	no
5039	4	no
5040	4	no
5041	4	no
5042	5	no
5043	4	no
5044	5	no
5045	4	no
5046	4	no
5047	4	no
5048	4	no
5049	4	no
5050	4	no
5051	4	no
5052	4	no
5053	4	no
5054	0	no
5055	4	no
5056	4	no
5057	4	no
5058	4	no
5059	4	no
5060	4	no
5061	5	no
5062	4	no
5063	4	no
5064	4	no
5065	4	no
5066	4	no
5067	4	no
5068	4	no
5069	4	no
5070	4	no
5071	4	no
5072	4	no
5073	4	no
5074	4	no
5075	5	no
5076	4	no
5077	4	no
5078	4	no
5079	4	no
5080	4	no
5081	4	no
5082	4	no
5083	4	no
5084	4	no
5085	4	no
5086	4	no
5087	5	no
5088	4	no
5089	4	no
5090	4	no
5091	4	no
5092	4	no
5093	4	no
5094	4	no
5095	4	no
5096	4	no
5097	4	no
5098	4	no
5099	4	no
5100	4	no
5101	4	no
5102	4	no
5103	5	no
5104	4	no
5105	4	no
5106	2	no
5107	4	no
5108	5	no
5109	4	no
5110	4	no
5111	4	no
5112	4	no
5113	4	no
5114	4	no
5115	4	no
5116	5	no
5117	4	no
5118	4	no
5119	4	no
5120	4	no
5121	4	no
5122	4	no
5123	4	no
5124	4	no
5125	5	no
5126	4	no
5127	4	no
5128	4	no
5129	4	no
5130	4	no
5131	4	no
5132	4	no
5133	4	no
5134	4	no
5135	4	no
5136	4	no
5137	4	no
5138	4	no
5139	4	no
5140	4	no
5141	4	no
5142	4	no
5143	4	no
5144	4	no
5145	5	no
5146	4	no
5147	4	no
5148	5	no
5149	4	no
5150	4	no
5151	4	no
5152	4	no
5153	4	no
5154	4	no
5155	5	no
5156	5	no
5157	4	no
5158	4	no
5159	4	no
5160	4	no
5161	4	no
5162	4	no
5163	5	no
5164	4	no
5165	4	no
5166	4	no
5167	4	no
5168	4	no
5169	4	no
5170	4	no
5171	4	no
5172	4	no
5173	4	no
5174	4	no
5175	4	no
5176	4	no
5177	4	no
5178	4	no
5179	5	no
5180	4	no
5181	5	no
5182	4	no
5183	4	no
5184	5	no
5185	2	no
5186	4	no
5187	4	no
5188	5	no
5189	4	no
5190	4	no
5191	5	no
5192	4	no
5193	0	no
5194	4	no
5195	4	no
5196	4	no
5197	4	no
5198	4	no
5199	4	no
5200	4	no
5201	4	no
5202	4	no
5203	4	no
5204	4	no
5205	4	no
5206	4	no
5207	4	no
5208	4	no
5209	5	no
5210	4	no
5211	4	no
5212	4	no
5213	4	no
5214	4	no
5215	4	no
5216	4	no
5217	4	no
5218	4	no
5219	4	no
5220	4	no
5221	4	no
5222	4	no
5223	4	no
5224	5	no
5225	4	no
5226	4	no
5227	4	no
5228	4	no
5229	4	no
5230	0	no
5231	4	no
5232	5	no
5233	4	no
5234	5	no
5235	4	no
5236	4	no
5237	4	no
5238	4	no
5239	4	no
5240	4	no
5241	4	no
5242	4	no
5243	4	no
5244	4	no
5245	5	no
5246	0	no
5247	4	no
5248	4	no
5249	4	no
5250	5	no
5251	4	no
5252	4	no
5253	4	no
5254	4	no
5255	4	no
5256	4	no
5257	4	no
5258	5	no
5259	4	no
5260	4	no
5261	4	no
5262	4	no
5263	4	no
5264	4	no
5265	4	no
5266	5	no
5267	4	no
5268	4	no
5269	4	no
5270	5	no
5271	4	no
5272	4	no
5273	4	no
5274	5	no
5275	4	no
5276	4	no
5277	4	no
5278	4	no
5279	4	no
5280	4	no
5281	4	no
5282	4	no
5283	0	no
5284	4	no
5285	4	no
5286	4	no
5287	5	no
5288	4	no
5289	4	no
5290	4	no
5291	5	no
5292	5	no
5293	5	no
5294	4	no
5295	0	no
5296	4	no
5297	4	no
5298	4	no
5299	4	no
5300	4	no
5301	4	no
5302	4	no
5303	4	no
5304	4	no
5305	4	no
5306	4	no
5307	4	no
5308	4	no
5309	4	no
5310	4	no
5311	4	no
5312	5	no
5313	4	no
5314	4	no
5315	4	no
5316	4	no
5317	4	no
5318	4	no
5319	2	no
5320	4	no
5321	4	no
5322	4	no
5323	4	no
5324	5	no
5325	5	no
5326	4	no
5327	4	no
5328	4	no
5329	4	no
5330	4	no
5331	4	no
5332	4	no
5333	4	no
5334	4	no
5335	4	no
5336	0	no
5337	4	no
5338	4	no
5339	4	no
5340	4	no
5341	4	no
5342	4	no
5343	4	no
5344	5	no
5345	4	no
5346	4	no
5347	4	no
5348	5	no
5349	4	no
5350	4	no
5351	4	no
5352	4	no
5353	4	no
5354	4	no
5355	5	no
5356	4	no
5357	4	no
5358	4	no
5359	4	no
5360	4	no
5361	4	no
5362	4	no
5363	4	no
5364	0	no
5365	0	no
5366	4	no
5367	4	no
5368	4	no
5369	4	no
5370	4	no
5371	4	no
5372	4	no
5373	4	no
5374	4	no
5375	4	no
5376	4	no
5377	4	no
5378	4	no
5379	4	no
5380	4	no
5381	4	no
5382	4	no
5383	4	no
5384	4	no
5385	4	no
5386	4	no
5387	4	no
5388	4	no
5389	0	no
5390	4	no
5391	4	no
5392	5	no
5393	4	no
5394	4	no
5395	5	no
5396	4	no
5397	4	no
5398	4	no
5399	4	no
5400	4	no
5401	4	no
5402	4	no
5403	4	no
5404	4	no
5405	4	no
5406	4	no
5407	4	no
5408	4	no
5409	4	no
5410	4	no
5411	4	no
5412	4	no
5413	4	no
5414	4	no
5415	4	no
5416	4	no
5417	4	no
5418	5	no
5419	4	no
5420	4	no
5421	4	no
5422	4	no
5423	4	no
5424	4	no
5425	4	no
5426	4	no
5427	4	no
5428	4	no
5429	4	no
5430	4	no
5431	4	no
5432	4	no
5433	4	no
5434	4	no
5435	4	no
5436	4	no
5437	0	no
5438	4	no
5439	4	no
5440	4	no
5441	4	no
5442	4	no
5443	4	no
5444	4	no
5445	5	no
5446	4	no
5447	5	no
5448	4	no
5449	4	no
5450	5	no
5451	4	no
5452	2	no
5453	4	no
5454	4	no
5455	5	no
5456	4	no
5457	4	no
5458	4	no
5459	4	no
5460	4	no
5461	4	no
5462	4	no
5463	4	no
5464	4	no
5465	5	no
5466	4	no
5467	4	no
5468	4	no
5469	4	no
5470	4	no
5471	4	no
5472	4	no
5473	4	no
5474	4	no
5475	4	no
5476	4	no
5477	4	no
5478	4	no
5479	4	no
5480	4	no
5481	4	no
5482	4	no
5483	4	no
5484	4	no
5485	4	no
5486	4	no
5487	4	no
5488	4	no
5489	4	no
5490	4	no
5491	4	no
5492	4	no
5493	4	no
5494	4	no
5495	0	no
5496	4	no
5497	4	no
5498	4	no
5499	4	no
5500	4	no
5501	4	no
5502	4	no
5503	4	no
5504	4	no
5505	4	no
5506	4	no
5507	4	no
5508	4	no
5509	4	no
5510	4	no
5511	4	no
5512	4	no
5513	4	no
5514	4	no
5515	4	no
5516	4	no
5517	4	no
5518	4	no
5519	4	no
5520	4	no
5521	4	no
5522	4	no
5523	5	no
5524	4	no
5525	4	no
5526	4	no
5527	4	no
5528	4	no
5529	4	no
5530	4	no
5531	4	no
5532	4	no
5533	4	no
5534	4	no
5535	0	no
5536	4	no
5537	4	no
5538	4	no
5539	4	no
5540	4	no
5541	4	no
5542	4	no
5543	4	no
5544	0	no
5545	4	no
5546	4	no
5547	4	no
5548	5	no
5549	4	no
5550	0	no
5551	5	no
5552	4	no
5553	4	no
5554	4	no
5555	4	no
5556	4	no
5557	4	no
5558	4	no
5559	4	no
5560	5	no
5561	4	no
5562	4	no
5563	4	no
5564	4	no
5565	4	no
5566	4	no
5567	4	no
5568	4	no
5569	4	no
5570	0	no
5571	0	no
5572	4	no
5573	4	no
5574	4	no
5575	4	no
5576	4	no
5577	5	no
5578	4	no
5579	4	no
5580	4	no
5581	0	no
5582	4	no
5583	4	no
5584	4	no
5585	4	no
5586	4	no
5587	4	no
5588	4	no
5589	4	no
5590	5	no
5591	4	no
5592	5	no
5593	4	no
5594	4	no
5595	5	no
5596	4	no
5597	5	no
5598	4	no
5599	4	no
5600	4	no
5601	5	no
5602	4	no
5603	4	no
5604	4	no
5605	4	no
5606	4	no
5607	4	no
5608	4	no
5609	5	no
5610	4	no
5611	4	no
5612	4	no
5613	4	no
5614	4	no
5615	4	no
5616	4	no
5617	4	no
5618	4	no
5619	4	no
5620	4	no
5621	4	no
5622	0	no
5623	4	no
5624	4	no
5625	4	no
5626	4	no
5627	5	no
5628	4	no
5629	4	no
5630	4	no
5631	4	no
5632	4	no
5633	4	no
5634	4	no
5635	4	no
5636	4	no
5637	4	no
5638	2	no
5639	4	no
5640	4	no
5641	4	no
5642	4	no
5643	4	no
5644	4	no
5645	4	no
5646	4	no
5647	4	no
5648	4	no
5649	4	no
5650	4	no
5651	4	no
5652	4	no
5653	4	no
5654	4	no
5655	4	no
5656	4	no
5657	4	no
5658	4	no
5659	4	no
5660	4	no
5661	4	no
5662	4	no
5663	4	no
5664	4	no
5665	4	no
5666	4	no
5667	4	no
5668	5	no
5669	4	no
5670	4	no
5671	4	no
5672	4	no
5673	4	no
5674	4	no
5675	4	no
5676	4	no
5677	4	no
5678	4	no
5679	4	no
5680	4	no
5681	4	no
5682	4	no
5683	0	no
5684	4	no
5685	4	no
5686	4	no
5687	4	no
5688	4	no
5689	4	no
5690	4	no
5691	4	no
5692	4	no
5693	4	no
5694	4	no
5695	4	no
5696	0	no
5697	4	no
5698	4	no
5699	4	no
5700	4	no
5701	4	no
5702	5	no
5703	4	no
5704	4	no
5705	4	no
5706	4	no
5707	4	no
5708	4	no
5709	4	no
5710	5	no
5711	4	no
5712	4	no
5713	4	no
5714	4	no
5715	4	no
5716	4	no
5717	4	no
5718	4	no
5719	5	no
5720	4	no
5721	4	no
5722	4	no
5723	0	no
5724	5	no
5725	4	no
5726	4	no
5727	2	no
5728	4	no
5729	4	no
5730	4	no
5731	4	no
5732	4	no
5733	5	no
5734	5	no
5735	4	no
5736	4	no
5737	4	no
5738	4	no
5739	4	no
5740	4	no
5741	4	no
5742	4	no
5743	4	no
5744	4	no
5745	4	no
5746	4	no
5747	4	no
5748	4	no
5749	4	no
5750	5	no
5751	4	no
5752	4	no
5753	4	no
5754	4	no
5755	4	no
5756	5	no
5757	4	no
5758	4	no
5759	4	no
5760	4	no
5761	4	no
5762	4	no
5763	4	no
5764	4	no
5765	5	no
5766	4	no
5767	4	no
5768	4	no
5769	4	no
5770	2	no
5771	4	no
5772	4	no
5773	4	no
5774	4	no
5775	4	no
5776	4	no
5777	4	no
5778	4	no
5779	4	no
5780	4	no
5781	4	no
5782	4	no
5783	4	no
5784	4	no
5785	5	no
5786	4	no
5787	4	no
5788	5	no
5789	4	no
5790	4	no
5791	4	no
5792	4	no
5793	4	no
5794	4	no
5795	4	no
5796	4	no
5797	5	no
5798	4	no
5799	4	no
5800	4	no
5801	4	no
5802	4	no
5803	4	no
5804	5	no
5805	4	no
5806	4	no
5807	4	no
5808	4	no
5809	4	no
5810	4	no
5811	4	no
5812	0	no
5813	4	no
5814	4	no
5815	4	no
5816	4	no
5817	4	no
5818	4	no
5819	4	no
5820	4	no
5821	4	no
5822	4	no
5823	5	no
5824	4	no
5825	4	no
5826	4	no
5827	4	no
5828	4	no
5829	5	no
5830	4	no
5831	4	no
5832	4	no
5833	4	no
5834	4	no
5835	4	no
5836	4	no
5837	0	no
5838	4	no
5839	4	no
5840	4	no
5841	4	no
5842	4	no
5843	4	no
5844	4	no
5845	4	no
5846	4	no
5847	4	no
5848	5	no
5849	5	no
5850	4	no
5851	4	no
5852	5	no
5853	4	no
5854	4	no
5855	0	no
5856	4	no
5857	4	no
5858	4	no
5859	4	no
5860	4	no
5861	4	no
5862	5	no
5863	4	no
5864	4	no
5865	4	no
5866	4	no
5867	4	no
5868	4	no
5869	4	no
5870	4	no
5871	4	no
5872	5	no
5873	4	no
5874	4	no
5875	5	no
5876	4	no
5877	5	no
5878	4	no
5879	4	no
5880	5	no
5881	4	no
5882	4	no
5883	5	no
5884	4	no
5885	4	no
5886	4	no
5887	4	no
5888	4	no
5889	4	no
5890	4	no
5891	4	no
5892	4	no
5893	4	no
5894	4	no
5895	4	no
5896	5	no
5897	4	no
5898	5	no
5899	4	no
5900	4	no
5901	4	no
5902	5	no
5903	4	no
5904	4	no
5905	4	no
5906	4	no
5907	4	no
5908	5	no
5909	4	no
5910	4	no
5911	4	no
5912	4	no
5913	4	no
5914	4	no
5915	4	no
5916	4	no
5917	4	no
5918	0	no
5919	4	no
5920	5	no
5921	4	no
5922	4	no
5923	4	no
5924	5	no
5925	4	no
5926	4	no
5927	5	no
5928	4	no
5929	4	no
5930	0	no
5931	5	no
5932	4	no
5933	4	no
5934	4	no
5935	4	no
5936	4	no
5937	4	no
5938	4	no
5939	4	no
5940	4	no
5941	4	no
5942	5	no
5943	4	no
5944	4	no
5945	4	no
5946	4	no
5947	4	no
5948	5	no
5949	4	no
5950	4	no
5951	4	no
5952	4	no
5953	4	no
5954	4	no
5955	4	no
5956	4	no
5957	4	no
5958	4	no
5959	4	no
5960	4	no
5961	4	no
5962	5	no
5963	4	no
5964	4	no
5965	4	no
5966	4	no
5967	4	no
5968	4	no
5969	4	no
5970	5	no
5971	4	no
5972	4	no
5973	4	no
5974	4	no
5975	4	no
5976	4	no
5977	4	no
5978	4	no
5979	4	no
5980	4	no
5981	4	no
5982	4	no
5983	4	no
5984	4	no
5985	4	no
5986	4	no
5987	4	no
5988	4	no
5989	4	no
5990	4	no
5991	4	no
5992	4	no
5993	5	no
5994	4	no
5995	4	no
5996	4	no
5997	4	no
5998	4	no
5999	4	no
6000	4	no
6001	4	no
6002	4	no
6003	4	no
6004	4	no
6005	5	no
6006	4	no
6007	4	no
6008	4	no
6009	4	no
6010	5	no
6011	4	no
6012	4	no
6013	4	no
6014	4	no
6015	4	no
6016	4	no
6017	5	no
6018	4	no
6019	4	no
6020	4	no
6021	4	no
6022	4	no
6023	4	no
6024	4	no
6025	5	no
6026	4	no
6027	4	no
6028	5	no
6029	4	no
6030	4	no
6031	4	no
6032	4	no
6033	4	no
6034	4	no
6035	4	no
6036	4	no
6037	4	no
6038	4	no
6039	4	no
6040	4	no
6041	4	no
6042	4	no
6043	4	no
6044	5	no
6045	4	no
6046	5	no
6047	4	no
6048	4	no
6049	4	no
6050	5	no
6051	4	no
6052	4	no
6053	5	no
6054	4	no
6055	4	no
6056	5	no
6057	4	no
6058	4	no
6059	4	no
6060	4	no
6061	4	no
6062	4	no
6063	4	no
6064	4	no
6065	4	no
6066	4	no
6067	4	no
6068	4	no
6069	4	no
6070	4	no
6071	4	no
6072	4	no
6073	4	no
6074	4	no
6075	4	no
6076	4	no
6077	4	no
6078	4	no
6079	4	no
6080	4	no
6081	4	no
6082	5	no
6083	4	no
6084	4	no
6085	4	no
6086	4	no
6087	5	no
6088	4	no
6089	5	no
6090	4	no
6091	4	no
6092	4	no
6093	4	no
6094	4	no
6095	2	no
6096	5	no
6097	5	no
6098	4	no
6099	4	no
6100	4	no
6101	4	no
6102	2	no
6103	4	no
6104	4	no
6105	4	no
6106	4	no
6107	4	no
6108	4	no
6109	4	no
6110	4	no
6111	4	no
6112	4	no
6113	4	no
6114	4	no
6115	4	no
6116	4	no
6117	4	no
6118	4	no
6119	4	no
6120	5	no
6121	4	no
6122	4	no
6123	4	no
6124	4	no
6125	4	no
6126	4	no
6127	5	no
6128	4	no
6129	4	no
6130	4	no
6131	5	no
6132	4	no
6133	4	no
6134	4	no
6135	4	no
6136	4	no
6137	4	no
6138	4	no
6139	4	no
6140	4	no
6141	4	no
6142	4	no
6143	4	no
6144	4	no
6145	5	no
6146	4	no
6147	4	no
6148	5	no
6149	2	no
6150	4	no
6151	5	no
6152	4	no
6153	4	no
6154	4	no
6155	4	no
6156	5	no
6157	4	no
6158	5	no
6159	4	no
6160	4	no
6161	4	no
6162	4	no
6163	5	no
6164	4	no
6165	4	no
6166	4	no
6167	5	no
6168	4	no
6169	4	no
6170	4	no
6171	4	no
6172	4	no
6173	4	no
6174	5	no
6175	4	no
6176	4	no
6177	4	no
6178	4	no
6179	4	no
6180	4	no
6181	4	no
6182	4	no
6183	4	no
6184	4	no
6185	4	no
6186	4	no
6187	4	no
6188	4	no
6189	4	no
6190	4	no
6191	4	no
6192	4	no
6193	4	no
6194	5	no
6195	4	no
6196	4	no
6197	4	no
6198	4	no
6199	4	no
6200	4	no
6201	4	no
6202	4	no
6203	4	no
6204	4	no
6205	4	no
6206	4	no
6207	4	no
6208	4	no
6209	4	no
6210	4	no
6211	5	no
6212	4	no
6213	4	no
6214	4	no
6215	4	no
6216	4	no
6217	4	no
6218	4	no
6219	4	no
6220	4	no
6221	4	no
6222	4	no
6223	4	no
6224	4	no
6225	4	no
6226	4	no
6227	4	no
6228	4	no
6229	5	no
6230	4	no
6231	4	no
6232	4	no
6233	4	no
6234	4	no
6235	5	no
6236	4	no
6237	4	no
6238	4	no
6239	4	no
6240	4	no
6241	4	no
6242	0	no
6243	4	no
6244	4	no
6245	4	no
6246	4	no
6247	4	no
6248	5	no
6249	2	no
6250	4	no
6251	4	no
6252	4	no
6253	4	no
6254	4	no
6255	5	no
6256	4	no
6257	4	no
6258	4	no
6259	2	no
6260	4	no
6261	4	no
6262	4	no
6263	4	no
6264	4	no
6265	4	no
6266	4	no
6267	4	no
6268	4	no
6269	4	no
6270	4	no
6271	4	no
6272	5	no
6273	4	no
6274	4	no
6275	4	no
6276	4	no
6277	4	no
6278	4	no
6279	4	no
6280	4	no
6281	4	no
6282	4	no
6283	4	no
6284	4	no
6285	4	no
6286	5	no
6287	4	no
6288	4	no
6289	4	no
6290	5	no
6291	4	no
6292	4	no
6293	4	no
6294	4	no
6295	4	no
6296	4	no
6297	5	no
6298	4	no
6299	4	no
6300	4	no
6301	4	no
6302	4	no
6303	4	no
6304	4	no
6305	4	no
6306	4	no
6307	4	no
6308	4	no
6309	4	no
6310	4	no
6311	4	no
6312	5	no
6313	4	no
6314	4	no
6315	4	no
6316	4	no
6317	4	no
6318	2	no
6319	4	no
6320	4	no
6321	4	no
6322	4	no
6323	0	no
6324	4	no
6325	4	no
6326	4	no
6327	5	no
6328	0	no
6329	4	no
6330	4	no
6331	5	no
6332	4	no
6333	4	no
6334	4	no
6335	4	no
6336	4	no
6337	5	no
6338	4	no
6339	4	no
6340	4	no
6341	4	no
6342	4	no
6343	4	no
6344	4	no
6345	4	no
6346	4	no
6347	4	no
6348	5	no
6349	4	no
6350	4	no
6351	4	no
6352	4	no
6353	4	no
6354	4	no
6355	4	no
6356	4	no
6357	4	no
6358	4	no
6359	4	no
6360	4	no
6361	4	no
6362	4	no
6363	4	no
6364	4	no
6365	4	no
6366	5	no
6367	4	no
6368	4	no
6369	4	no
6370	5	no
6371	4	no
6372	4	no
6373	4	no
6374	0	no
6375	4	no
6376	4	no
6377	4	no
6378	4	no
6379	5	no
6380	4	no
6381	5	no
6382	2	no
6383	4	no
6384	4	no
6385	4	no
6386	5	no
6387	4	no
6388	4	no
6389	4	no
6390	4	no
6391	4	no
6392	4	no
6393	4	no
6394	4	no
6395	0	no
6396	4	no
6397	4	no
6398	4	no
6399	4	no
6400	4	no
6401	4	no
6402	5	no
6403	4	no
6404	2	no
6405	4	no
6406	4	no
6407	4	no
6408	4	no
6409	4	no
6410	4	no
6411	4	no
6412	5	no
6413	4	no
6414	4	no
6415	4	no
6416	4	no
6417	4	no
6418	5	no
6419	5	no
6420	4	no
6421	4	no
6422	5	no
6423	4	no
6424	4	no
6425	4	no
6426	4	no
6427	4	no
6428	4	no
6429	5	no
6430	4	no
6431	5	no
6432	4	no
6433	4	no
6434	2	no
6435	4	no
6436	4	no
6437	4	no
6438	4	no
6439	4	no
6440	5	no
6441	4	no
6442	4	no
6443	5	no
6444	4	no
6445	4	no
6446	4	no
6447	4	no
6448	4	no
6449	4	no
6450	4	no
6451	5	no
6452	4	no
6453	4	no
6454	4	no
6455	4	no
6456	5	no
6457	4	no
6458	4	no
6459	5	no
6460	4	no
6461	4	no
6462	4	no
6463	4	no
6464	5	no
6465	4	no
6466	5	no
6467	5	no
6468	4	no
6469	5	no
6470	4	no
6471	4	no
6472	4	no
6473	4	no
6474	5	no
6475	4	no
6476	4	no
6477	4	no
6478	4	no
6479	4	no
6480	4	no
6481	0	no
6482	4	no
6483	4	no
6484	4	no
6485	4	no
6486	4	no
6487	4	no
6488	5	no
6489	5	no
6490	4	no
6491	4	no
6492	5	no
6493	4	no
6494	4	no
6495	4	no
6496	4	no
6497	4	no
6498	4	no
6499	4	no
6500	4	no
6501	4	no
6502	4	no
6503	4	no
6504	4	no
6505	4	no
6506	5	no
6507	4	no
6508	5	no
6509	4	no
6510	4	no
6511	4	no
6512	4	no
6513	4	no
6514	4	no
6515	4	no
6516	4	no
6517	5	no
6518	4	no
6519	5	no
6520	5	no
6521	4	no
6522	4	no
6523	4	no
6524	4	no
6525	4	no
6526	4	no
6527	4	no
6528	4	no
6529	4	no
6530	4	no
6531	4	no
6532	4	no
6533	4	no
6534	4	no
6535	4	no
6536	4	no
6537	4	no
6538	4	no
6539	4	no
6540	4	no
6541	4	no
6542	4	no
6543	4	no
6544	4	no
6545	5	no
6546	4	no
6547	4	no
6548	4	no
6549	4	no
6550	4	no
6551	4	no
6552	2	no
6553	4	no
6554	4	no
6555	5	no
6556	5	no
6557	4	no
6558	4	no
6559	0	no
6560	4	no
6561	4	no
6562	4	no
6563	4	no
6564	4	no
6565	4	no
6566	4	no
6567	4	no
6568	4	no
6569	4	no
6570	4	no
6571	4	no
6572	4	no
6573	4	no
6574	4	no
6575	4	no
6576	4	no
6577	4	no
6578	4	no
6579	4	no
6580	4	no
6581	4	no
6582	4	no
6583	4	no
6584	4	no
6585	4	no
6586	4	no
6587	4	no
6588	4	no
6589	4	no
6590	4	no
6591	4	no
6592	4	no
6593	4	no
6594	4	no
6595	4	no
6596	4	no
6597	4	no
6598	4	no
6599	5	no
6600	2	no
6601	4	no
6602	5	no
6603	4	no
6604	4	no
6605	4	no
6606	4	no
6607	4	no
6608	4	no
6609	4	no
6610	4	no
6611	4	no
6612	4	no
6613	4	no
6614	4	no
6615	4	no
6616	4	no
6617	5	no
6618	4	no
6619	4	no
6620	4	no
6621	5	no
6622	5	no
6623	5	no
6624	4	no
6625	4	no
6626	4	no
6627	4	no
6628	4	no
6629	4	no
6630	4	no
6631	4	no
6632	4	no
6633	4	no
6634	4	no
6635	4	no
6636	4	no
6637	4	no
6638	4	no
6639	4	no
6640	4	no
6641	4	no
6642	4	no
6643	4	no
6644	4	no
6645	4	no
6646	4	no
6647	4	no
6648	4	no
6649	4	no
6650	4	no
6651	4	no
6652	4	no
6653	4	no
6654	4	no
6655	4	no
6656	4	no
6657	4	no
6658	5	no
6659	4	no
6660	4	no
6661	4	no
6662	4	no
6663	4	no
6664	4	no
6665	4	no
6666	4	no
6667	4	no
6668	4	no
6669	2	no
6670	4	no
6671	4	no
6672	4	no
6673	4	no
6674	4	no
6675	4	no
6676	2	no
6677	4	no
6678	4	no
6679	4	no
6680	4	no
6681	0	no
6682	4	no
6683	4	no
6684	4	no
6685	4	no
6686	4	no
6687	4	no
6688	4	no
6689	4	no
6690	4	no
6691	4	no
6692	4	no
6693	4	no
6694	4	no
6695	4	no
6696	2	no
6697	4	no
6698	5	no
6699	4	no
6700	4	no
6701	4	no
6702	4	no
6703	4	no
6704	4	no
6705	4	no
6706	4	no
6707	4	no
6708	4	no
6709	4	no
6710	4	no
6711	5	no
6712	4	no
6713	4	no
6714	4	no
6715	4	no
6716	4	no
6717	4	no
6718	4	no
6719	5	no
6720	4	no
6721	4	no
6722	4	no
6723	4	no
6724	4	no
6725	4	no
6726	5	no
6727	5	no
6728	4	no
6729	5	no
6730	5	no
6731	4	no
6732	4	no
6733	4	no
6734	4	no
6735	4	no
6736	4	no
6737	4	no
6738	4	no
6739	5	no
6740	4	no
6741	4	no
6742	4	no
6743	5	no
6744	4	no
6745	4	no
6746	4	no
6747	4	no
6748	5	no
6749	4	no
6750	4	no
6751	4	no
6752	4	no
6753	4	no
6754	4	no
6755	4	no
6756	4	no
6757	4	no
6758	4	no
6759	4	no
6760	0	no
6761	4	no
6762	4	no
6763	4	no
6764	4	no
6765	4	no
6766	4	no
6767	4	no
6768	4	no
6769	5	no
6770	5	no
6771	4	no
6772	5	no
6773	4	no
6774	4	no
6775	4	no
6776	4	no
6777	4	no
6778	4	no
6779	4	no
6780	4	no
6781	5	no
6782	4	no
6783	0	no
6784	4	no
6785	5	no
6786	4	no
6787	4	no
6788	4	no
6789	4	no
6790	4	no
6791	4	no
6792	4	no
6793	4	no
6794	4	no
6795	4	no
6796	5	no
6797	4	no
6798	4	no
6799	4	no
6800	4	no
6801	4	no
6802	4	no
6803	4	no
6804	5	no
6805	4	no
6806	5	no
6807	4	no
6808	5	no
6809	4	no
6810	4	no
6811	4	no
6812	4	no
6813	4	no
6814	4	no
6815	4	no
6816	4	no
6817	4	no
6818	4	no
6819	4	no
6820	4	no
6821	0	no
6822	5	no
6823	4	no
6824	4	no
6825	4	no
6826	4	no
6827	4	no
6828	4	no
6829	4	no
6830	4	no
6831	4	no
6832	4	no
6833	4	no
6834	4	no
6835	4	no
6836	4	no
6837	4	no
6838	4	no
6839	4	no
6840	4	no
6841	4	no
6842	4	no
6843	4	no
6844	4	no
6845	4	no
6846	4	no
6847	5	no
6848	4	no
6849	4	no
6850	5	no
6851	4	no
6852	4	no
6853	4	no
6854	4	no
6855	4	no
6856	4	no
6857	4	no
6858	4	no
6859	4	no
6860	4	no
6861	4	no
6862	4	no
6863	4	no
6864	4	no
6865	4	no
6866	4	no
6867	4	no
6868	4	no
6869	4	no
6870	4	no
6871	4	no
6872	4	no
6873	4	no
6874	4	no
6875	4	no
6876	4	no
6877	4	no
6878	4	no
6879	4	no
6880	4	no
6881	4	no
6882	4	no
6883	4	no
6884	4	no
6885	4	no
6886	4	no
6887	4	no
6888	4	no
6889	4	no
6890	4	no
6891	4	no
6892	4	no
6893	4	no
6894	4	no
6895	4	no
6896	4	no
6897	4	no
6898	4	no
6899	5	no
6900	4	no
6901	4	no
6902	4	no
6903	4	no
6904	4	no
6905	4	no
6906	5	no
6907	0	no
6908	4	no
6909	2	no
6910	4	no
6911	4	no
6912	4	no
6913	4	no
6914	4	no
6915	4	no
6916	4	no
6917	4	no
6918	4	no
6919	5	no
6920	4	no
6921	4	no
6922	4	no
6923	4	no
6924	4	no
6925	4	no
6926	5	no
6927	4	no
6928	4	no
6929	4	no
6930	4	no
6931	4	no
6932	4	no
6933	4	no
6934	4	no
6935	4	no
6936	4	no
6937	4	no
6938	5	no
6939	4	no
6940	4	no
6941	4	no
6942	4	no
6943	5	no
6944	4	no
6945	5	no
6946	4	no
6947	4	no
6948	4	no
6949	4	no
6950	4	no
6951	4	no
6952	4	no
6953	4	no
6954	4	no
6955	4	no
6956	2	no
6957	4	no
6958	4	no
6959	4	no
6960	5	no
6961	5	no
6962	0	no
6963	4	no
6964	4	no
6965	4	no
6966	5	no
6967	4	no
6968	4	no
6969	4	no
6970	4	no
6971	4	no
6972	4	no
6973	4	no
6974	4	no
6975	5	no
6976	4	no
6977	5	no
6978	4	no
6979	4	no
6980	5	no
6981	4	no
6982	4	no
6983	4	no
6984	4	no
6985	4	no
6986	4	no
6987	4	no
6988	4	no
6989	4	no
6990	4	no
6991	4	no
6992	4	no
6993	4	no
6994	4	no
6995	4	no
6996	4	no
6997	4	no
6998	0	no
6999	4	no
7000	4	no
7001	4	no
7002	4	no
7003	4	no
7004	4	no
7005	5	no
7006	4	no
7007	5	no
7008	4	no
7009	4	no
7010	4	no
7011	4	no
7012	5	no
7013	4	no
7014	4	no
7015	4	no
7016	4	no
7017	5	no
7018	4	no
7019	4	no
7020	5	no
7021	4	no
7022	4	no
7023	4	no
7024	5	no
7025	4	no
7026	4	no
7027	4	no
7028	4	no
7029	5	no
7030	4	no
7031	4	no
7032	4	no
7033	4	no
7034	4	no
7035	4	no
7036	4	no
7037	4	no
7038	5	no
7039	4	no
7040	4	no
7041	4	no
7042	4	no
7043	4	no
7044	4	no
7045	4	no
7046	4	no
7047	4	no
7048	4	no
7049	5	no
7050	4	no
7051	4	no
7052	4	no
7053	5	no
7054	4	no
7055	4	no
7056	5	no
7057	4	no
7058	4	no
7059	4	no
7060	4	no
7061	4	no
7062	4	no
7063	4	no
7064	4	no
7065	2	no
7066	4	no
7067	4	no
7068	4	no
7069	4	no
7070	4	no
7071	0	no
7072	4	no
7073	4	no
7074	4	no
7075	4	no
7076	5	no
7077	4	no
7078	4	no
7079	4	no
7080	4	no
7081	4	no
7082	4	no
7083	4	no
7084	4	no
7085	4	no
7086	4	no
7087	5	no
7088	4	no
7089	4	no
7090	4	no
7091	4	no
7092	4	no
7093	5	no
7094	4	no
7095	2	no
7096	4	no
7097	4	no
7098	4	no
7099	4	no
7100	4	no
7101	4	no
7102	4	no
7103	4	no
7104	4	no
7105	4	no
7106	5	no
7107	4	no
7108	4	no
7109	4	no
7110	4	no
7111	4	no
7112	5	no
7113	4	no
7114	4	no
7115	4	no
7116	4	no
7117	4	no
7118	4	no
7119	5	no
7120	4	no
7121	4	no
7122	4	no
7123	4	no
7124	4	no
7125	4	no
7126	4	no
7127	4	no
7128	4	no
7129	5	no
7130	0	no
7131	4	no
7132	4	no
7133	4	no
7134	4	no
7135	4	no
7136	4	no
7137	4	no
7138	4	no
7139	4	no
7140	4	no
7141	4	no
7142	4	no
7143	4	no
7144	5	no
7145	4	no
7146	4	no
7147	4	no
7148	4	no
7149	4	no
7150	4	no
7151	4	no
7152	4	no
7153	4	no
7154	4	no
7155	4	no
7156	4	no
7157	0	no
7158	4	no
7159	4	no
7160	4	no
7161	4	no
7162	4	no
7163	4	no
7164	5	no
7165	4	no
7166	5	no
7167	4	no
7168	4	no
7169	4	no
7170	4	no
7171	4	no
7172	4	no
7173	4	no
7174	4	no
7175	4	no
7176	4	no
7177	4	no
7178	4	no
7179	4	no
7180	5	no
7181	4	no
7182	4	no
7183	4	no
7184	5	no
7185	4	no
7186	4	no
7187	4	no
7188	4	no
7189	5	no
7190	4	no
7191	4	no
7192	4	no
7193	4	no
7194	4	no
7195	4	no
7196	4	no
7197	4	no
7198	4	no
7199	4	no
7200	5	no
7201	4	no
7202	5	no
7203	4	no
7204	4	no
7205	4	no
7206	5	no
7207	5	no
7208	4	no
7209	4	no
7210	4	no
7211	4	no
7212	4	no
7213	4	no
7214	4	no
7215	4	no
7216	4	no
7217	4	no
7218	4	no
7219	4	no
7220	4	no
7221	4	no
7222	4	no
7223	4	no
7224	5	no
7225	4	no
7226	4	no
7227	4	no
7228	4	no
7229	4	no
7230	4	no
7231	4	no
7232	4	no
7233	4	no
7234	4	no
7235	4	no
7236	4	no
7237	4	no
7238	4	no
7239	4	no
7240	4	no
7241	4	no
7242	4	no
7243	4	no
7244	4	no
7245	4	no
7246	4	no
7247	4	no
7248	4	no
7249	4	no
7250	4	no
7251	4	no
7252	4	no
7253	4	no
7254	4	no
7255	4	no
7256	5	no
7257	5	no
7258	4	no
7259	4	no
7260	5	no
7261	4	no
7262	4	no
7263	4	no
7264	4	no
7265	4	no
7266	0	no
7267	4	no
7268	0	no
7269	4	no
7270	4	no
7271	5	no
7272	5	no
7273	4	no
7274	4	no
7275	4	no
7276	4	no
7277	4	no
7278	4	no
7279	4	no
7280	4	no
7281	4	no
7282	4	no
7283	4	no
7284	4	no
7285	4	no
7286	4	no
7287	4	no
7288	4	no
7289	4	no
7290	0	no
7291	4	no
7292	4	no
7293	4	no
7294	4	no
7295	4	no
7296	4	no
7297	4	no
7298	4	no
7299	4	no
7300	4	no
7301	4	no
7302	4	no
7303	0	no
7304	4	no
7305	4	no
7306	4	no
7307	4	no
7308	4	no
7309	4	no
7310	5	no
7311	4	no
7312	4	no
7313	0	no
7314	4	no
7315	4	no
7316	4	no
7317	4	no
7318	4	no
7319	4	no
7320	0	no
7321	5	no
7322	4	no
7323	4	no
7324	5	no
7325	4	no
7326	4	no
7327	4	no
7328	4	no
7329	5	no
7330	4	no
7331	4	no
7332	4	no
7333	4	no
7334	4	no
7335	4	no
7336	4	no
7337	4	no
7338	4	no
7339	4	no
7340	4	no
7341	4	no
7342	5	no
7343	4	no
7344	0	no
7345	4	no
7346	4	no
7347	5	no
7348	5	no
7349	4	no
7350	4	no
7351	4	no
7352	4	no
7353	4	no
7354	4	no
7355	4	no
7356	5	no
7357	5	no
7358	4	no
7359	4	no
7360	4	no
7361	4	no
7362	4	no
7363	4	no
7364	4	no
7365	4	no
7366	4	no
7367	4	no
7368	4	no
7369	4	no
7370	5	no
7371	5	no
7372	5	no
7373	4	no
7374	4	no
7375	4	no
7376	4	no
7377	4	no
7378	4	no
7379	4	no
7380	4	no
7381	4	no
7382	4	no
7383	4	no
7384	4	no
7385	4	no
7386	4	no
7387	5	no
7388	4	no
7389	4	no
7390	0	no
7391	4	no
7392	5	no
7393	0	no
7394	4	no
7395	4	no
7396	5	no
7397	4	no
7398	4	no
7399	4	no
7400	4	no
7401	4	no
7402	4	no
7403	4	no
7404	4	no
7405	4	no
7406	5	no
7407	5	no
7408	4	no
7409	4	no
7410	4	no
7411	4	no
7412	4	no
7413	4	no
7414	4	no
7415	4	no
7416	4	no
7417	4	no
7418	4	no
7419	4	no
7420	4	no
7421	4	no
7422	4	no
7423	4	no
7424	4	no
7425	4	no
7426	4	no
7427	4	no
7428	4	no
7429	4	no
7430	4	no
7431	4	no
7432	5	no
7433	4	no
7434	4	no
7435	4	no
7436	4	no
7437	2	no
7438	4	no
7439	4	no
7440	4	no
7441	4	no
7442	4	no
7443	4	no
7444	4	no
7445	4	no
7446	4	no
7447	4	no
7448	4	no
7449	4	no
7450	4	no
7451	4	no
7452	4	no
7453	4	no
7454	4	no
7455	4	no
7456	4	no
7457	4	no
7458	5	no
7459	4	no
7460	5	no
7461	5	no
7462	5	no
7463	4	no
7464	4	no
7465	4	no
7466	4	no
7467	4	no
7468	4	no
7469	4	no
7470	4	no
7471	4	no
7472	4	no
7473	4	no
7474	4	no
7475	5	no
7476	5	no
7477	4	no
7478	4	no
7479	4	no
7480	4	no
7481	4	no
7482	4	no
7483	5	no
7484	4	no
7485	4	no
7486	4	no
7487	4	no
7488	5	no
7489	4	no
7490	5	no
7491	0	no
7492	4	no
7493	4	no
7494	4	no
7495	4	no
7496	4	no
7497	4	no
7498	4	no
7499	4	no
7500	4	no
7501	4	no
7502	4	no
7503	4	no
7504	4	no
7505	4	no
7506	4	no
7507	4	no
7508	4	no
7509	4	no
7510	4	no
7511	4	no
7512	4	no
7513	4	no
7514	4	no
7515	4	no
7516	4	no
7517	0	no
7518	4	no
7519	5	no
7520	5	no
7521	4	no
7522	4	no
7523	5	no
7524	4	no
7525	4	no
7526	4	no
7527	4	no
7528	4	no
7529	4	no
7530	4	no
7531	4	no
7532	5	no
7533	4	no
7534	4	no
7535	4	no
7536	5	no
7537	5	no
7538	4	no
7539	4	no
7540	4	no
7541	4	no
7542	4	no
7543	4	no
7544	4	no
7545	5	no
7546	4	no
7547	4	no
7548	4	no
7549	5	no
7550	4	no
7551	5	no
7552	4	no
7553	4	no
7554	2	no
7555	4	no
7556	4	no
7557	4	no
7558	4	no
7559	2	no
7560	4	no
7561	4	no
7562	4	no
7563	4	no
7564	5	no
7565	4	no
7566	4	no
7567	4	no
7568	4	no
7569	4	no
7570	4	no
7571	4	no
7572	4	no
7573	4	no
7574	4	no
7575	4	no
7576	4	no
7577	4	no
7578	4	no
7579	4	no
7580	5	no
7581	4	no
7582	0	no
7583	4	no
7584	4	no
7585	4	no
7586	4	no
7587	4	no
7588	4	no
7589	4	no
7590	4	no
7591	4	no
7592	4	no
7593	4	no
7594	5	no
7595	4	no
7596	4	no
7597	4	no
7598	4	no
7599	4	no
7600	4	no
7601	4	no
7602	4	no
7603	4	no
7604	4	no
7605	4	no
7606	5	no
7607	4	no
7608	4	no
7609	4	no
7610	4	no
7611	5	no
7612	4	no
7613	5	no
7614	4	no
7615	4	no
7616	4	no
7617	4	no
7618	4	no
7619	4	no
7620	4	no
7621	5	no
7622	4	no
7623	4	no
7624	4	no
7625	4	no
7626	4	no
7627	4	no
7628	4	no
7629	4	no
7630	4	no
7631	4	no
7632	4	no
7633	4	no
7634	4	no
7635	4	no
7636	4	no
7637	4	no
7638	4	no
7639	0	no
7640	4	no
7641	4	no
7642	4	no
7643	5	no
7644	4	no
7645	4	no
7646	4	no
7647	5	no
7648	4	no
7649	4	no
7650	4	no
7651	4	no
7652	4	no
7653	4	no
7654	4	no
7655	5	no
7656	4	no
7657	4	no
7658	4	no
7659	4	no
7660	5	no
7661	4	no
7662	4	no
7663	4	no
7664	4	no
7665	4	no
7666	4	no
7667	4	no
7668	4	no
7669	5	no
7670	4	no
7671	4	no
7672	4	no
7673	4	no
7674	4	no
7675	4	no
7676	4	no
7677	4	no
7678	4	no
7679	4	no
7680	4	no
7681	4	no
7682	4	no
7683	4	no
7684	4	no
7685	5	no
7686	4	no
7687	4	no
7688	4	no
7689	4	no
7690	4	no
7691	4	no
7692	4	no
7693	4	no
7694	4	no
7695	4	no
7696	4	no
7697	4	no
7698	4	no
7699	4	no
7700	4	no
7701	4	no
7702	5	no
7703	4	no
7704	4	no
7705	4	no
7706	4	no
7707	4	no
7708	4	no
7709	4	no
7710	4	no
7711	2	no
7712	4	no
7713	4	no
7714	4	no
7715	4	no
7716	4	no
7717	2	no
7718	4	no
7719	4	no
7720	5	no
7721	5	no
7722	4	no
7723	4	no
7724	0	no
7725	4	no
7726	4	no
7727	4	no
7728	4	no
7729	4	no
7730	4	no
7731	4	no
7732	4	no
7733	4	no
7734	5	no
7735	0	no
7736	5	no
7737	4	no
7738	2	no
7739	4	no
7740	4	no
7741	4	no
7742	5	no
7743	4	no
7744	4	no
7745	4	no
7746	4	no
7747	5	no
7748	4	no
7749	4	no
7750	4	no
7751	4	no
7752	4	no
7753	4	no
7754	4	no
7755	4	no
7756	4	no
7757	4	no
7758	4	no
7759	4	no
7760	4	no
7761	4	no
7762	4	no
7763	4	no
7764	4	no
7765	4	no
7766	4	no
7767	4	no
7768	4	no
7769	4	no
7770	4	no
7771	4	no
7772	4	no
7773	4	no
7774	4	no
7775	4	no
7776	4	no
7777	4	no
7778	5	no
7779	4	no
7780	4	no
7781	4	no
7782	4	no
7783	5	no
7784	4	no
7785	4	no
7786	4	no
7787	4	no
7788	4	no
7789	0	no
7790	4	no
7791	4	no
7792	4	no
7793	4	no
7794	4	no
7795	4	no
7796	4	no
7797	4	no
7798	4	no
7799	4	no
7800	4	no
7801	5	no
7802	4	no
7803	4	no
7804	4	no
7805	0	no
7806	4	no
7807	4	no
7808	4	no
7809	4	no
7810	4	no
7811	4	no
7812	4	no
7813	4	no
7814	5	no
7815	4	no
7816	4	no
7817	4	no
7818	2	no
7819	4	no
7820	4	no
7821	4	no
7822	4	no
7823	4	no
7824	4	no
7825	4	no
7826	0	no
7827	4	no
7828	4	no
7829	4	no
7830	4	no
7831	5	no
7832	4	no
7833	4	no
7834	4	no
7835	5	no
7836	4	no
7837	4	no
7838	4	no
7839	4	no
7840	4	no
7841	4	no
7842	4	no
7843	4	no
7844	4	no
7845	4	no
7846	4	no
7847	4	no
7848	4	no
7849	4	no
7850	4	no
7851	5	no
7852	4	no
7853	4	no
7854	4	no
7855	4	no
7856	4	no
7857	5	no
7858	4	no
7859	4	no
7860	4	no
7861	5	no
7862	4	no
7863	4	no
7864	4	no
7865	4	no
7866	4	no
7867	4	no
7868	4	no
7869	4	no
7870	0	no
7871	5	no
7872	4	no
7873	4	no
7874	4	no
7875	2	no
7876	4	no
7877	4	no
7878	5	no
7879	4	no
7880	4	no
7881	4	no
7882	4	no
7883	4	no
7884	4	no
7885	4	no
7886	4	no
7887	4	no
7888	4	no
7889	4	no
7890	4	no
7891	4	no
7892	4	no
7893	4	no
7894	4	no
7895	4	no
7896	5	no
7897	4	no
7898	4	no
7899	4	no
7900	4	no
7901	4	no
7902	4	no
7903	4	no
7904	4	no
7905	4	no
7906	4	no
7907	4	no
7908	4	no
7909	4	no
7910	4	no
7911	5	no
7912	4	no
7913	4	no
7914	5	no
7915	4	no
7916	4	no
7917	4	no
7918	4	no
7919	4	no
7920	4	no
7921	4	no
7922	4	no
7923	5	no
7924	4	no
7925	4	no
7926	4	no
7927	4	no
7928	4	no
7929	4	no
7930	4	no
7931	4	no
7932	4	no
7933	5	no
7934	4	no
7935	4	no
7936	4	no
7937	4	no
7938	4	no
7939	4	no
7940	4	no
7941	4	no
7942	4	no
7943	4	no
7944	4	no
7945	4	no
7946	4	no
7947	4	no
7948	5	no
7949	4	no
7950	5	no
7951	5	no
7952	4	no
7953	4	no
7954	4	no
7955	4	no
7956	4	no
7957	4	no
7958	4	no
7959	4	no
7960	4	no
7961	4	no
7962	4	no
7963	4	no
7964	4	no
7965	4	no
7966	5	no
7967	4	no
7968	4	no
7969	4	no
7970	4	no
7971	5	no
7972	4	no
7973	4	no
7974	5	no
7975	4	no
7976	5	no
7977	5	no
7978	4	no
7979	4	no
7980	5	no
7981	4	no
7982	4	no
7983	4	no
7984	4	no
7985	5	no
7986	5	no
7987	4	no
7988	4	no
7989	4	no
7990	4	no
7991	5	no
7992	4	no
7993	4	no
7994	4	no
7995	4	no
7996	4	no
7997	4	no
7998	4	no
7999	5	no
8000	4	no
8001	5	no
8002	5	no
8003	5	no
8004	5	no
8005	4	no
8006	4	no
8007	4	no
8008	4	no
8009	4	no
8010	4	no
8011	5	no
8012	4	no
8013	4	no
8014	4	no
8015	4	no
8016	4	no
8017	4	no
8018	4	no
8019	4	no
8020	4	no
8021	4	no
8022	5	no
8023	4	no
8024	4	no
8025	4	no
8026	4	no
8027	4	no
8028	4	no
8029	4	no
8030	4	no
8031	4	no
8032	0	no
8033	4	no
8034	4	no
8035	4	no
8036	4	no
8037	4	no
8038	4	no
8039	4	no
8040	4	no
8041	4	no
8042	4	no
8043	4	no
8044	4	no
8045	4	no
8046	4	no
8047	4	no
8048	4	no
8049	4	no
8050	0	no
8051	4	no
8052	5	no
8053	4	no
8054	0	no
8055	4	no
8056	5	no
8057	4	no
8058	4	no
8059	4	no
8060	4	no
8061	4	no
8062	4	no
8063	4	no
8064	5	no
8065	4	no
8066	4	no
8067	4	no
8068	5	no
8069	5	no
8070	4	no
8071	4	no
8072	4	no
8073	4	no
8074	4	no
8075	4	no
8076	4	no
8077	4	no
8078	4	no
8079	4	no
8080	4	no
8081	4	no
8082	4	no
8083	4	no
8084	4	no
8085	4	no
8086	5	no
8087	4	no
8088	4	no
8089	4	no
8090	4	no
8091	4	no
8092	4	no
8093	4	no
8094	4	no
8095	4	no
8096	5	no
8097	4	no
8098	4	no
8099	4	no
8100	4	no
8101	4	no
8102	4	no
8103	4	no
8104	2	no
8105	4	no
8106	5	no
8107	4	no
8108	4	no
8109	4	no
8110	4	no
8111	4	no
8112	4	no
8113	4	no
8114	4	no
8115	4	no
8116	4	no
8117	0	no
8118	4	no
8119	4	no
8120	4	no
8121	5	no
8122	4	no
8123	4	no
8124	4	no
8125	4	no
8126	5	no
8127	4	no
8128	4	no
8129	4	no
8130	4	no
8131	4	no
8132	4	no
8133	4	no
8134	4	no
8135	4	no
8136	4	no
8137	4	no
8138	5	no
8139	4	no
8140	5	no
8141	4	no
8142	4	no
8143	4	no
8144	4	no
8145	4	no
8146	4	no
8147	4	no
8148	5	no
8149	4	no
8150	4	no
8151	4	no
8152	4	no
8153	4	no
8154	5	no
8155	4	no
8156	4	no
8157	4	no
8158	4	no
8159	4	no
8160	4	no
8161	4	no
8162	4	no
8163	4	no
8164	4	no
8165	4	no
8166	5	no
8167	4	no
8168	4	no
8169	4	no
8170	4	no
8171	2	no
8172	4	no
8173	4	no
8174	4	no
8175	4	no
8176	5	no
8177	5	no
8178	4	no
8179	4	no
8180	4	no
8181	4	no
8182	4	no
8183	5	no
8184	4	no
8185	5	no
8186	4	no
8187	4	no
8188	4	no
8189	4	no
8190	4	no
8191	4	no
8192	4	no
8193	4	no
8194	5	no
8195	4	no
8196	4	no
8197	4	no
8198	4	no
8199	4	no
8200	4	no
8201	4	no
8202	4	no
8203	4	no
8204	4	no
8205	4	no
8206	4	no
8207	4	no
8208	4	no
8209	4	no
8210	4	no
8211	4	no
8212	4	no
8213	4	no
8214	4	no
8215	4	no
8216	4	no
8217	4	no
8218	4	no
8219	4	no
8220	4	no
8221	4	no
8222	0	no
8223	4	no
8224	4	no
8225	4	no
8226	4	no
8227	4	no
8228	4	no
8229	4	no
8230	4	no
8231	4	no
8232	4	no
8233	4	no
8234	4	no
8235	4	no
8236	4	no
8237	4	no
8238	4	no
8239	4	no
8240	4	no
8241	4	no
8242	5	no
8243	4	no
8244	4	no
8245	4	no
8246	4	no
8247	4	no
8248	4	no
8249	4	no
8250	4	no
8251	5	no
8252	4	no
8253	0	no
8254	4	no
8255	4	no
8256	4	no
8257	4	no
8258	4	no
8259	4	no
8260	5	no
8261	4	no
8262	4	no
8263	4	no
8264	4	no
8265	4	no
8266	4	no
8267	4	no
8268	4	no
8269	4	no
8270	4	no
8271	0	no
8272	4	no
8273	4	no
8274	4	no
8275	4	no
8276	4	no
8277	4	no
8278	4	no
8279	4	no
8280	4	no
8281	4	no
8282	4	no
8283	4	no
8284	5	no
8285	4	no
8286	4	no
8287	4	no
8288	5	no
8289	2	no
8290	4	no
8291	4	no
8292	4	no
8293	4	no
8294	4	no
8295	4	no
8296	4	no
8297	4	no
8298	4	no
8299	4	no
8300	4	no
8301	4	no
8302	4	no
8303	4	no
8304	4	no
8305	5	no
8306	4	no
8307	4	no
8308	4	no
8309	4	no
8310	4	no
8311	4	no
8312	4	no
8313	4	no
8314	4	no
8315	4	no
8316	4	no
8317	2	no
8318	4	no
8319	4	no
8320	4	no
8321	4	no
8322	4	no
8323	4	no
8324	4	no
8325	4	no
8326	4	no
8327	4	no
8328	4	no
8329	4	no
8330	4	no
8331	4	no
8332	4	no
8333	4	no
8334	5	no
8335	4	no
8336	4	no
8337	4	no
8338	4	no
8339	4	no
8340	4	no
8341	4	no
8342	4	no
8343	4	no
8344	4	no
8345	4	no
8346	4	no
8347	4	no
8348	4	no
8349	4	no
8350	4	no
8351	4	no
8352	4	no
8353	4	no
8354	4	no
8355	4	no
8356	4	no
8357	0	no
8358	5	no
8359	4	no
8360	5	no
8361	4	no
8362	4	no
8363	5	no
8364	4	no
8365	4	no
8366	4	no
8367	4	no
8368	4	no
8369	4	no
8370	4	no
8371	4	no
8372	4	no
8373	4	no
8374	5	no
8375	4	no
8376	4	no
8377	4	no
8378	4	no
8379	4	no
8380	4	no
8381	4	no
8382	4	no
8383	4	no
8384	4	no
8385	4	no
8386	4	no
8387	4	no
8388	4	no
8389	2	no
8390	4	no
8391	4	no
8392	4	no
8393	4	no
8394	4	no
8395	5	no
8396	4	no
8397	4	no
8398	4	no
8399	4	no
8400	4	no
8401	4	no
8402	4	no
8403	4	no
8404	4	no
8405	4	no
8406	4	no
8407	4	no
8408	5	no
8409	5	no
8410	4	no
8411	0	no
8412	4	no
8413	4	no
8414	4	no
8415	4	no
8416	4	no
8417	4	no
8418	4	no
8419	4	no
8420	4	no
8421	4	no
8422	4	no
8423	4	no
8424	4	no
8425	5	no
8426	4	no
8427	4	no
8428	4	no
8429	5	no
8430	4	no
8431	4	no
8432	4	no
8433	4	no
8434	5	no
8435	4	no
8436	5	no
8437	4	no
8438	4	no
8439	4	no
8440	4	no
8441	4	no
8442	4	no
8443	4	no
8444	4	no
8445	4	no
8446	4	no
8447	4	no
8448	4	no
8449	4	no
8450	4	no
8451	5	no
8452	4	no
8453	4	no
8454	4	no
8455	4	no
8456	4	no
8457	4	no
8458	5	no
8459	4	no
8460	4	no
8461	4	no
8462	4	no
8463	4	no
8464	4	no
8465	4	no
8466	4	no
8467	4	no
8468	4	no
8469	5	no
8470	4	no
8471	4	no
8472	5	no
8473	5	no
8474	2	no
8475	5	no
8476	4	no
8477	4	no
8478	4	no
8479	4	no
8480	4	no
8481	4	no
8482	4	no
8483	0	no
8484	4	no
8485	4	no
8486	4	no
8487	4	no
8488	4	no
8489	4	no
8490	4	no
8491	4	no
8492	4	no
8493	4	no
8494	4	no
8495	4	no
8496	4	no
8497	4	no
8498	4	no
8499	4	no
8500	4	no
8501	5	no
8502	4	no
8503	4	no
8504	4	no
8505	4	no
8506	4	no
8507	4	no
8508	4	no
8509	4	no
8510	4	no
8511	4	no
8512	5	no
8513	4	no
8514	4	no
8515	4	no
8516	4	no
8517	4	no
8518	4	no
8519	4	no
8520	4	no
8521	5	no
8522	4	no
8523	4	no
8524	4	no
8525	5	no
8526	5	no
8527	5	no
8528	2	no
8529	4	no
8530	5	no
8531	4	no
8532	5	no
8533	2	no
8534	0	no
8535	4	no
8536	4	no
8537	4	no
8538	4	no
8539	0	no
8540	4	no
8541	4	no
8542	4	no
8543	4	no
8544	5	no
8545	5	no
8546	5	no
8547	4	no
8548	4	no
8549	4	no
8550	4	no
8551	4	no
8552	4	no
8553	4	no
8554	4	no
8555	4	no
8556	4	no
8557	4	no
8558	4	no
8559	4	no
8560	4	no
8561	5	no
8562	4	no
8563	4	no
8564	4	no
8565	4	no
8566	4	no
8567	4	no
8568	0	no
8569	4	no
8570	4	no
8571	4	no
8572	4	no
8573	4	no
8574	5	no
8575	4	no
8576	4	no
8577	5	no
8578	4	no
8579	0	no
8580	4	no
8581	4	no
8582	4	no
8583	4	no
8584	4	no
8585	0	no
8586	4	no
8587	4	no
8588	4	no
8589	4	no
8590	4	no
8591	4	no
8592	4	no
8593	4	no
8594	4	no
8595	2	no
8596	4	no
8597	4	no
8598	4	no
8599	4	no
8600	4	no
8601	4	no
8602	5	no
8603	5	no
8604	4	no
8605	4	no
8606	5	no
8607	4	no
8608	4	no
8609	4	no
8610	4	no
8611	4	no
8612	4	no
8613	4	no
8614	4	no
8615	4	no
8616	4	no
8617	4	no
8618	4	no
8619	0	no
8620	4	no
8621	4	no
8622	4	no
8623	4	no
8624	4	no
8625	4	no
8626	4	no
8627	4	no
8628	4	no
8629	2	no
8630	4	no
8631	4	no
8632	4	no
8633	4	no
8634	4	no
8635	4	no
8636	4	no
8637	4	no
8638	4	no
8639	5	no
8640	4	no
8641	4	no
8642	4	no
8643	5	no
8644	4	no
8645	4	no
8646	4	no
8647	4	no
8648	4	no
8649	4	no
8650	4	no
8651	0	no
8652	4	no
8653	4	no
8654	5	no
8655	4	no
8656	4	no
8657	4	no
8658	4	no
8659	4	no
8660	4	no
8661	4	no
8662	4	no
8663	4	no
8664	4	no
8665	4	no
8666	4	no
8667	4	no
8668	4	no
8669	4	no
8670	4	no
8671	4	no
8672	4	no
8673	5	no
8674	4	no
8675	4	no
8676	4	no
8677	4	no
8678	4	no
8679	4	no
8680	4	no
8681	4	no
8682	4	no
8683	4	no
8684	4	no
8685	4	no
8686	5	no
8687	4	no
8688	4	no
8689	0	no
8690	4	no
8691	4	no
8692	4	no
8693	4	no
8694	4	no
8695	4	no
8696	4	no
8697	4	no
8698	4	no
8699	4	no
8700	5	no
8701	4	no
8702	4	no
8703	4	no
8704	4	no
8705	0	no
8706	5	no
8707	4	no
8708	4	no
8709	4	no
8710	4	no
8711	4	no
8712	4	no
8713	4	no
8714	4	no
8715	4	no
8716	4	no
8717	0	no
8718	4	no
8719	5	no
8720	4	no
8721	4	no
8722	4	no
8723	4	no
8724	4	no
8725	4	no
8726	4	no
8727	4	no
8728	4	no
8729	4	no
8730	4	no
8731	4	no
8732	4	no
8733	4	no
8734	4	no
8735	4	no
8736	4	no
8737	4	no
8738	4	no
8739	4	no
8740	4	no
8741	4	no
8742	4	no
8743	4	no
8744	4	no
8745	4	no
8746	4	no
8747	4	no
8748	5	no
8749	4	no
8750	5	no
8751	4	no
8752	4	no
8753	4	no
8754	4	no
8755	4	no
8756	4	no
8757	4	no
8758	4	no
8759	5	no
8760	4	no
8761	4	no
8762	5	no
8763	4	no
8764	4	no
8765	4	no
8766	4	no
8767	4	no
8768	4	no
8769	4	no
8770	4	no
8771	5	no
8772	4	no
8773	4	no
8774	4	no
8775	4	no
8776	4	no
8777	4	no
8778	4	no
8779	4	no
8780	4	no
8781	5	no
8782	4	no
8783	4	no
8784	4	no
8785	4	no
8786	5	no
8787	4	no
8788	5	no
8789	4	no
8790	4	no
8791	4	no
8792	4	no
8793	0	no
8794	5	no
8795	4	no
8796	5	no
8797	4	no
8798	4	no
8799	4	no
8800	4	no
8801	4	no
8802	4	no
8803	5	no
8804	5	no
8805	5	no
8806	4	no
8807	4	no
8808	4	no
8809	4	no
8810	4	no
8811	4	no
8812	4	no
8813	5	no
8814	4	no
8815	5	no
8816	4	no
8817	4	no
8818	4	no
8819	4	no
8820	4	no
8821	4	no
8822	4	no
8823	4	no
8824	0	no
8825	4	no
8826	5	no
8827	4	no
8828	5	no
8829	4	no
8830	4	no
8831	4	no
8832	2	no
8833	4	no
8834	4	no
8835	4	no
8836	4	no
8837	4	no
8838	4	no
8839	4	no
8840	4	no
8841	4	no
8842	4	no
8843	4	no
8844	4	no
8845	4	no
8846	4	no
8847	4	no
8848	4	no
8849	4	no
8850	4	no
8851	4	no
8852	4	no
8853	4	no
8854	4	no
8855	5	no
8856	4	no
8857	4	no
8858	4	no
8859	4	no
8860	4	no
8861	4	no
8862	4	no
8863	4	no
8864	4	no
8865	4	no
8866	4	no
8867	4	no
8868	4	no
8869	4	no
8870	5	no
8871	4	no
8872	4	no
8873	4	no
8874	4	no
8875	4	no
8876	4	no
8877	4	no
8878	4	no
8879	4	no
8880	4	no
8881	4	no
8882	4	no
8883	4	no
8884	5	no
8885	4	no
8886	4	no
8887	5	no
8888	5	no
8889	5	no
8890	4	no
8891	4	no
8892	4	no
8893	4	no
8894	4	no
8895	4	no
8896	4	no
8897	4	no
8898	4	no
8899	4	no
8900	4	no
8901	5	no
8902	4	no
8903	5	no
8904	4	no
8905	4	no
8906	4	no
8907	4	no
8908	4	no
8909	4	no
8910	4	no
8911	4	no
8912	4	no
8913	4	no
8914	4	no
8915	4	no
8916	5	no
8917	4	no
8918	2	no
8919	4	no
8920	0	no
8921	4	no
8922	4	no
8923	4	no
8924	4	no
8925	5	no
8926	4	no
8927	4	no
8928	5	no
8929	4	no
8930	5	no
8931	4	no
8932	4	no
8933	4	no
8934	4	no
8935	4	no
8936	4	no
8937	4	no
8938	4	no
8939	4	no
8940	4	no
8941	4	no
8942	5	no
8943	4	no
8944	2	no
8945	4	no
8946	4	no
8947	4	no
8948	4	no
8949	4	no
8950	4	no
8951	5	no
8952	4	no
8953	4	no
8954	4	no
8955	4	no
8956	4	no
8957	4	no
8958	4	no
8959	4	no
8960	4	no
8961	5	no
8962	4	no
8963	4	no
8964	4	no
8965	4	no
8966	4	no
8967	4	no
8968	5	no
8969	4	no
8970	4	no
8971	4	no
8972	4	no
8973	4	no
8974	4	no
8975	2	no
8976	4	no
8977	4	no
8978	4	no
8979	4	no
8980	4	no
8981	4	no
8982	4	no
8983	4	no
8984	4	no
8985	4	no
8986	0	no
8987	4	no
8988	4	no
8989	2	no
8990	4	no
8991	5	no
8992	5	no
8993	4	no
8994	4	no
8995	4	no
8996	4	no
8997	4	no
8998	4	no
8999	4	no
9000	4	no
9001	4	no
9002	4	no
9003	4	no
9004	4	no
9005	4	no
9006	4	no
9007	4	no
9008	4	no
9009	5	no
9010	5	no
9011	4	no
9012	4	no
9013	4	no
9014	4	no
9015	4	no
9016	4	no
9017	4	no
9018	4	no
9019	4	no
9020	4	no
9021	4	no
9022	5	no
9023	4	no
9024	4	no
9025	4	no
9026	4	no
9027	4	no
9028	4	no
9029	4	no
9030	4	no
9031	4	no
9032	5	no
9033	4	no
9034	4	no
9035	4	no
9036	4	no
9037	4	no
9038	4	no
9039	5	no
9040	4	no
9041	5	no
9042	4	no
9043	4	no
9044	4	no
9045	4	no
9046	4	no
9047	4	no
9048	4	no
9049	4	no
9050	4	no
9051	5	no
9052	4	no
9053	4	no
9054	4	no
9055	4	no
9056	5	no
9057	4	no
9058	4	no
9059	4	no
9060	4	no
9061	4	no
9062	4	no
9063	4	no
9064	4	no
9065	4	no
9066	4	no
9067	4	no
9068	4	no
9069	4	no
9070	4	no
9071	4	no
9072	0	no
9073	4	no
9074	4	no
9075	4	no
9076	4	no
9077	4	no
9078	4	no
9079	4	no
9080	4	no
9081	4	no
9082	4	no
9083	4	no
9084	4	no
9085	5	no
9086	4	no
9087	4	no
9088	4	no
9089	4	no
9090	4	no
9091	4	no
9092	4	no
9093	4	no
9094	4	no
9095	4	no
9096	4	no
9097	4	no
9098	4	no
9099	4	no
9100	4	no
9101	4	no
9102	4	no
9103	4	no
9104	4	no
9105	4	no
9106	4	no
9107	4	no
9108	4	no
9109	4	no
9110	4	no
9111	4	no
9112	5	no
9113	4	no
9114	5	no
9115	4	no
9116	4	no
9117	4	no
9118	4	no
9119	4	no
9120	4	no
9121	4	no
9122	4	no
9123	4	no
9124	4	no
9125	4	no
9126	4	no
9127	4	no
9128	4	no
9129	4	no
9130	4	no
9131	4	no
9132	0	no
9133	4	no
9134	4	no
9135	4	no
9136	4	no
9137	4	no
9138	4	no
9139	4	no
9140	4	no
9141	4	no
9142	4	no
9143	4	no
9144	4	no
9145	0	no
9146	4	no
9147	4	no
9148	4	no
9149	4	no
9150	5	no
9151	4	no
9152	4	no
9153	4	no
9154	4	no
9155	4	no
9156	4	no
9157	5	no
9158	4	no
9159	4	no
9160	4	no
9161	4	no
9162	4	no
9163	5	no
9164	4	no
9165	4	no
9166	4	no
9167	4	no
9168	4	no
9169	4	no
9170	4	no
9171	5	no
9172	4	no
9173	4	no
9174	4	no
9175	4	no
9176	4	no
9177	5	no
9178	4	no
9179	4	no
9180	4	no
9181	4	no
9182	4	no
9183	4	no
9184	4	no
9185	4	no
9186	4	no
9187	4	no
9188	2	no
9189	4	no
9190	4	no
9191	4	no
9192	4	no
9193	4	no
9194	4	no
9195	4	no
9196	4	no
9197	5	no
9198	4	no
9199	5	no
9200	4	no
9201	4	no
9202	4	no
9203	4	no
9204	4	no
9205	4	no
9206	4	no
9207	5	no
9208	2	no
9209	4	no
9210	4	no
9211	4	no
9212	4	no
9213	4	no
9214	4	no
9215	4	no
9216	4	no
9217	4	no
9218	4	no
9219	0	no
9220	4	no
9221	4	no
9222	4	no
9223	4	no
9224	4	no
9225	4	no
9226	4	no
9227	0	no
9228	4	no
9229	4	no
9230	4	no
9231	4	no
9232	4	no
9233	4	no
9234	4	no
9235	4	no
9236	4	no
9237	4	no
9238	4	no
9239	4	no
9240	4	no
9241	5	no
9242	4	no
9243	4	no
9244	4	no
9245	5	no
9246	4	no
9247	4	no
9248	4	no
9249	4	no
9250	4	no
9251	4	no
9252	4	no
9253	4	no
9254	4	no
9255	4	no
9256	4	no
9257	4	no
9258	4	no
9259	4	no
9260	4	no
9261	5	no
9262	4	no
9263	5	no
9264	4	no
9265	4	no
9266	4	no
9267	4	no
9268	4	no
9269	5	no
9270	4	no
9271	4	no
9272	4	no
9273	4	no
9274	4	no
9275	4	no
9276	4	no
9277	4	no
9278	4	no
9279	5	no
9280	4	no
9281	0	no
9282	4	no
9283	4	no
9284	4	no
9285	4	no
9286	4	no
9287	4	no
9288	4	no
9289	4	no
9290	4	no
9291	5	no
9292	4	no
9293	5	no
9294	4	no
9295	4	no
9296	4	no
9297	4	no
9298	4	no
9299	4	no
9300	4	no
9301	5	no
9302	4	no
9303	4	no
9304	4	no
9305	4	no
9306	4	no
9307	4	no
9308	5	no
9309	4	no
9310	4	no
9311	5	no
9312	4	no
9313	4	no
9314	4	no
9315	4	no
9316	4	no
9317	4	no
9318	4	no
9319	4	no
9320	4	no
9321	4	no
9322	2	no
9323	4	no
9324	4	no
9325	4	no
9326	4	no
9327	4	no
9328	4	no
9329	4	no
9330	5	no
9331	5	no
9332	4	no
9333	4	no
9334	4	no
9335	4	no
9336	4	no
9337	4	no
9338	4	no
9339	4	no
9340	4	no
9341	4	no
9342	4	no
9343	4	no
9344	4	no
9345	4	no
9346	4	no
9347	4	no
9348	4	no
9349	5	no
9350	4	no
9351	4	no
9352	4	no
9353	4	no
9354	4	no
9355	4	no
9356	4	no
9357	4	no
9358	4	no
9359	0	no
9360	4	no
9361	4	no
9362	4	no
9363	4	no
9364	4	no
9365	4	no
9366	4	no
9367	4	no
9368	4	no
9369	4	no
9370	5	no
9371	4	no
9372	4	no
9373	4	no
9374	4	no
9375	4	no
9376	4	no
9377	4	no
9378	4	no
9379	4	no
9380	4	no
9381	4	no
9382	4	no
9383	4	no
9384	4	no
9385	4	no
9386	5	no
9387	4	no
9388	4	no
9389	5	no
9390	4	no
9391	4	no
9392	4	no
9393	4	no
9394	4	no
9395	4	no
9396	2	no
9397	0	no
9398	4	no
9399	4	no
9400	4	no
9401	4	no
9402	4	no
9403	4	no
9404	4	no
9405	4	no
9406	4	no
9407	4	no
9408	4	no
9409	4	no
9410	4	no
9411	4	no
9412	4	no
9413	4	no
9414	4	no
9415	4	no
9416	4	no
9417	4	no
9418	4	no
9419	4	no
9420	5	no
9421	4	no
9422	4	no
9423	4	no
9424	4	no
9425	4	no
9426	4	no
9427	4	no
9428	4	no
9429	5	no
9430	4	no
9431	4	no
9432	5	no
9433	4	no
9434	5	no
9435	4	no
9436	4	no
9437	4	no
9438	4	no
9439	4	no
9440	4	no
9441	4	no
9442	4	no
9443	4	no
9444	4	no
9445	0	no
9446	4	no
9447	4	no
9448	4	no
9449	4	no
9450	4	no
9451	4	no
9452	4	no
9453	4	no
9454	4	no
9455	4	no
9456	4	no
9457	4	no
9458	4	no
9459	4	no
9460	4	no
9461	4	no
9462	0	no
9463	4	no
9464	4	no
9465	5	no
9466	4	no
9467	4	no
9468	4	no
9469	4	no
9470	4	no
9471	4	no
9472	4	no
9473	4	no
9474	4	no
9475	4	no
9476	4	no
9477	4	no
9478	4	no
9479	4	no
9480	4	no
9481	5	no
9482	4	no
9483	4	no
9484	4	no
9485	4	no
9486	4	no
9487	4	no
9488	4	no
9489	4	no
9490	4	no
9491	4	no
9492	4	no
9493	4	no
9494	4	no
9495	5	no
9496	5	no
9497	2	no
9498	4	no
9499	4	no
9500	4	no
9501	4	no
9502	4	no
9503	4	no
9504	0	no
9505	5	no
9506	4	no
9507	4	no
9508	5	no
9509	5	no
9510	4	no
9511	4	no
9512	4	no
9513	4	no
9514	4	no
9515	2	no
9516	4	no
9517	4	no
9518	4	no
9519	5	no
9520	0	no
9521	4	no
9522	4	no
9523	4	no
9524	4	no
9525	4	no
9526	4	no
9527	4	no
9528	4	no
9529	5	no
9530	4	no
9531	0	no
9532	4	no
9533	4	no
9534	5	no
9535	4	no
9536	4	no
9537	4	no
9538	4	no
9539	4	no
9540	4	no
9541	4	no
9542	5	no
9543	4	no
9544	5	no
9545	4	no
9546	4	no
9547	4	no
9548	4	no
9549	4	no
9550	4	no
9551	4	no
9552	4	no
9553	4	no
9554	4	no
9555	4	no
9556	4	no
9557	4	no
9558	4	no
9559	4	no
9560	4	no
9561	4	no
9562	4	no
9563	4	no
9564	4	no
9565	4	no
9566	4	no
9567	5	no
9568	5	no
9569	5	no
9570	5	no
9571	4	no
9572	4	no
9573	4	no
9574	4	no
9575	0	no
9576	4	no
9577	4	no
9578	4	no
9579	4	no
9580	4	no
9581	4	no
9582	4	no
9583	4	no
9584	4	no
9585	4	no
9586	4	no
9587	4	no
9588	4	no
9589	4	no
9590	4	no
9591	4	no
9592	4	no
9593	4	no
9594	4	no
9595	4	no
9596	4	no
9597	4	no
9598	4	no
9599	4	no
9600	4	no
9601	0	no
9602	4	no
9603	4	no
9604	4	no
9605	4	no
9606	4	no
9607	4	no
9608	4	no
9609	4	no
9610	5	no
9611	4	no
9612	4	no
9613	4	no
9614	4	no
9615	4	no
9616	2	no
9617	4	no
9618	4	no
9619	4	no
9620	4	no
9621	4	no
9622	4	no
9623	4	no
9624	0	no
9625	4	no
9626	4	no
9627	4	no
9628	4	no
9629	4	no
9630	4	no
9631	4	no
9632	4	no
9633	4	no
9634	4	no
9635	4	no
9636	4	no
9637	4	no
9638	4	no
9639	4	no
9640	5	no
9641	4	no
9642	4	no
9643	4	no
9644	0	no
9645	4	no
9646	4	no
9647	4	no
9648	4	no
9649	4	no
9650	4	no
9651	4	no
9652	4	no
9653	4	no
9654	4	no
9655	4	no
9656	4	no
9657	4	no
9658	5	no
9659	4	no
9660	4	no
9661	4	no
9662	0	no
9663	4	no
9664	4	no
9665	4	no
9666	4	no
9667	4	no
9668	4	no
9669	4	no
9670	4	no
9671	4	no
9672	4	no
9673	4	no
9674	4	no
9675	4	no
9676	4	no
9677	5	no
9678	5	no
9679	4	no
9680	4	no
9681	4	no
9682	4	no
9683	4	no
9684	4	no
9685	4	no
9686	4	no
9687	4	no
9688	4	no
9689	4	no
9690	4	no
9691	4	no
9692	4	no
9693	4	no
9694	4	no
9695	2	no
9696	4	no
9697	4	no
9698	4	no
9699	4	no
9700	4	no
9701	5	no
9702	4	no
9703	4	no
9704	0	no
9705	4	no
9706	4	no
9707	4	no
9708	4	no
9709	4	no
9710	4	no
9711	4	no
9712	4	no
9713	4	no
9714	4	no
9715	4	no
9716	2	no
9717	0	no
9718	5	no
9719	4	no
9720	4	no
9721	4	no
9722	4	no
9723	4	no
9724	0	no
9725	4	no
9726	4	no
9727	4	no
9728	0	no
9729	4	no
9730	4	no
9731	4	no
9732	0	no
9733	4	no
9734	5	no
9735	4	no
9736	4	no
9737	4	no
9738	4	no
9739	2	no
9740	4	no
9741	4	no
9742	4	no
9743	4	no
9744	4	no
9745	4	no
9746	4	no
9747	4	no
9748	4	no
9749	4	no
9750	4	no
9751	4	no
9752	4	no
9753	4	no
9754	4	no
9755	4	no
9756	5	no
9757	5	no
9758	4	no
9759	4	no
9760	4	no
9761	4	no
9762	4	no
9763	4	no
9764	4	no
9765	4	no
9766	4	no
9767	4	no
9768	4	no
9769	5	no
9770	4	no
9771	4	no
9772	4	no
9773	4	no
9774	4	no
9775	4	no
9776	0	no
9777	4	no
9778	4	no
9779	4	no
9780	4	no
9781	4	no
9782	5	no
9783	4	no
9784	4	no
9785	4	no
9786	5	no
9787	4	no
9788	4	no
9789	5	no
9790	4	no
9791	4	no
9792	4	no
9793	4	no
9794	4	no
9795	4	no
9796	5	no
9797	4	no
9798	4	no
9799	4	no
9800	5	no
9801	4	no
9802	4	no
9803	4	no
9804	4	no
9805	4	no
9806	4	no
9807	4	no
9808	2	no
9809	4	no
9810	4	no
9811	4	no
9812	4	no
9813	4	no
9814	4	no
9815	5	no
9816	4	no
9817	5	no
9818	5	no
9819	4	no
9820	4	no
9821	4	no
9822	4	no
9823	4	no
9824	4	no
9825	4	no
9826	4	no
9827	4	no
9828	4	no
9829	4	no
9830	4	no
9831	4	no
9832	4	no
9833	2	no
9834	4	no
9835	4	no
9836	4	no
9837	4	no
9838	0	no
9839	4	no
9840	4	no
9841	4	no
9842	4	no
9843	4	no
9844	4	no
9845	4	no
9846	4	no
9847	5	no
9848	4	no
9849	4	no
9850	4	no
9851	4	no
9852	4	no
9853	4	no
9854	4	no
9855	4	no
9856	5	no
9857	4	no
9858	4	no
9859	4	no
9860	4	no
9861	4	no
9862	4	no
9863	4	no
9864	4	no
9865	4	no
9866	4	no
9867	4	no
9868	4	no
9869	5	no
9870	4	no
9871	4	no
9872	4	no
9873	5	no
9874	4	no
9875	4	no
9876	4	no
9877	4	no
9878	4	no
9879	4	no
9880	4	no
9881	2	no
9882	4	no
9883	4	no
9884	4	no
9885	4	no
9886	4	no
9887	4	no
9888	4	no
9889	4	no
9890	4	no
9891	4	no
9892	4	no
9893	4	no
9894	4	no
9895	4	no
9896	4	no
9897	5	no
9898	4	no
9899	4	no
9900	0	no
9901	4	no
9902	4	no
9903	4	no
9904	4	no
9905	5	no
9906	4	no
9907	4	no
9908	4	no
9909	4	no
9910	4	no
9911	2	no
9912	4	no
9913	4	no
9914	4	no
9915	4	no
9916	4	no
9917	4	no
9918	4	no
9919	4	no
9920	4	no
9921	4	no
9922	4	no
9923	4	no
9924	4	no
9925	4	no
9926	4	no
9927	4	no
9928	5	no
9929	4	no
9930	4	no
9931	4	no
9932	4	no
9933	4	no
9934	4	no
9935	4	no
9936	4	no
9937	4	no
9938	4	no
9939	4	no
9940	5	no
9941	0	no
9942	4	no
9943	4	no
9944	4	no
9945	4	no
9946	4	no
9947	4	no
9948	4	no
9949	4	no
9950	4	no
9951	4	no
9952	4	no
9953	4	no
9954	5	no
9955	4	no
9956	4	no
9957	4	no
9958	4	no
9959	4	no
9960	2	no
9961	4	no
9962	4	no
9963	4	no
9964	4	no
9965	4	no
9966	4	no
9967	4	no
9968	4	no
9969	5	no
9970	4	no
9971	4	no
9972	4	no
9973	4	no
9974	4	no
9975	4	no
9976	4	no
9977	4	no
9978	4	no
9979	4	no
9980	4	no
9981	5	no
9982	4	no
9983	4	no
9984	4	no
9985	4	no
9986	4	no
9987	4	no
9988	4	no
9989	4	no
9990	4	no
9991	0	no
9992	4	no
9993	4	no
9994	4	no
9995	4	no
9996	4	no
9997	4	no
9998	4	no
9999	5	no
10000	4	no
10001	4	no
10002	4	no
10003	4	no
10004	4	no
10005	4	no
10006	5	no
10007	4	no
10008	4	no
10009	4	no
10010	5	no
10011	4	no
10012	4	no
10013	4	no
10014	4	no
10015	4	no
10016	5	no
10017	4	no
10018	4	no
10019	5	no
10020	4	no
10021	5	no
10022	5	no
10023	0	no
10024	4	no
10025	4	no
10026	4	no
10027	4	no
10028	4	no
10029	4	no
10030	0	no
10031	4	no
10032	4	no
10033	4	no
10034	4	no
10035	2	no
10036	4	no
10037	0	no
10038	5	no
10039	4	no
10040	4	no
10041	4	no
10042	2	no
10043	0	no
10044	4	no
10045	4	no
10046	4	no
10047	5	no
10048	4	no
10049	4	no
10050	4	no
10051	4	no
10052	5	no
10053	4	no
10054	5	no
10055	4	no
10056	4	no
10057	4	no
10058	4	no
10059	4	no
10060	4	no
10061	4	no
10062	5	no
10063	4	no
10064	4	no
10065	0	no
10066	4	no
10067	4	no
10068	4	no
10069	4	no
10070	4	no
10071	4	no
10072	4	no
10073	4	no
10074	4	no
10075	4	no
10076	4	no
10077	4	no
10078	4	no
10079	4	no
10080	4	no
10081	4	no
10082	4	no
10083	4	no
10084	0	no
10085	4	no
10086	4	no
10087	4	no
10088	4	no
10089	4	no
10090	4	no
10091	4	no
10092	4	no
10093	5	no
10094	5	no
10095	4	no
10096	5	no
10097	5	no
10098	4	no
10099	4	no
10100	4	no
10101	5	no
10102	4	no
10103	5	no
10104	4	no
10105	4	no
10106	4	no
10107	4	no
10108	5	no
10109	4	no
10110	4	no
10111	4	no
10112	5	no
10113	4	no
10114	4	no
10115	5	no
10116	4	no
10117	4	no
10118	4	no
10119	4	no
10120	4	no
10121	4	no
10122	4	no
10123	4	no
10124	4	no
10125	4	no
10126	4	no
10127	4	no
10128	4	no
10129	4	no
10130	4	no
10131	4	no
10132	4	no
10133	4	no
10134	4	no
10135	4	no
10136	5	no
10137	4	no
10138	4	no
10139	4	no
10140	4	no
10141	5	no
10142	4	no
10143	4	no
10144	5	no
10145	4	no
10146	4	no
10147	2	no
10148	5	no
10149	4	no
10150	4	no
10151	4	no
10152	4	no
10153	4	no
10154	4	no
10155	4	no
10156	4	no
10157	4	no
10158	4	no
10159	4	no
10160	4	no
10161	4	no
10162	5	no
10163	4	no
10164	4	no
10165	4	no
10166	4	no
10167	4	no
10168	4	no
10169	4	no
10170	4	no
10171	4	no
10172	4	no
10173	4	no
10174	4	no
10175	4	no
10176	4	no
10177	4	no
10178	4	no
10179	5	no
10180	4	no
10181	2	no
10182	4	no
10183	4	no
10184	4	no
10185	4	no
10186	5	no
10187	4	no
10188	5	no
10189	4	no
10190	4	no
10191	4	no
10192	4	no
10193	4	no
10194	2	no
10195	5	no
10196	4	no
10197	4	no
10198	4	no
10199	4	no
10200	4	no
10201	4	no
10202	5	no
10203	4	no
10204	4	no
10205	4	no
10206	4	no
10207	4	no
10208	4	no
10209	4	no
10210	4	no
10211	4	no
10212	4	no
10213	4	no
10214	4	no
10215	4	no
10216	4	no
10217	4	no
10218	4	no
10219	4	no
10220	4	no
10221	4	no
10222	5	no
10223	4	no
10224	4	no
10225	4	no
10226	4	no
10227	4	no
10228	4	no
10229	4	no
10230	4	no
10231	4	no
10232	4	no
10233	4	no
10234	4	no
10235	4	no
10236	4	no
10237	4	no
10238	4	no
10239	4	no
10240	4	no
10241	4	no
10242	4	no
10243	2	no
10244	4	no
10245	4	no
10246	4	no
10247	4	no
10248	4	no
10249	4	no
10250	4	no
10251	4	no
10252	4	no
10253	4	no
10254	4	no
10255	4	no
10256	4	no
10257	4	no
10258	4	no
10259	4	no
10260	4	no
10261	5	no
10262	4	no
10263	4	no
10264	4	no
10265	4	no
10266	4	no
10267	4	no
10268	4	no
10269	4	no
10270	4	no
10271	4	no
10272	4	no
10273	4	no
10274	4	no
10275	4	no
10276	4	no
10277	4	no
10278	4	no
10279	4	no
10280	4	no
10281	4	no
10282	4	no
10283	4	no
10284	4	no
10285	4	no
10286	4	no
10287	4	no
10288	4	no
10289	4	no
10290	4	no
10291	4	no
10292	5	no
10293	4	no
10294	4	no
10295	4	no
10296	4	no
10297	4	no
10298	4	no
10299	0	no
10300	5	no
10301	0	no
10302	4	no
10303	4	no
10304	4	no
10305	4	no
10306	4	no
10307	4	no
10308	4	no
10309	4	no
10310	4	no
10311	4	no
10312	4	no
10313	4	no
10314	4	no
10315	4	no
10316	4	no
10317	5	no
10318	4	no
10319	4	no
10320	4	no
10321	4	no
10322	4	no
10323	5	no
10324	4	no
10325	4	no
10326	5	no
10327	4	no
10328	4	no
10329	4	no
10330	4	no
10331	5	no
10332	4	no
10333	0	no
10334	4	no
10335	4	no
10336	4	no
10337	4	no
10338	4	no
10339	4	no
10340	5	no
10341	4	no
10342	4	no
10343	4	no
10344	4	no
10345	4	no
10346	0	no
10347	4	no
10348	4	no
10349	4	no
10350	5	no
10351	4	no
10352	4	no
10353	4	no
10354	4	no
10355	4	no
10356	4	no
10357	4	no
10358	4	no
10359	5	no
10360	4	no
10361	4	no
10362	4	no
10363	5	no
10364	4	no
10365	4	no
10366	5	no
10367	5	no
10368	5	no
10369	4	no
10370	4	no
10371	4	no
10372	4	no
10373	4	no
10374	5	no
10375	4	no
10376	4	no
10377	4	no
10378	4	no
10379	4	no
10380	4	no
10381	4	no
10382	4	no
10383	4	no
10384	4	no
10385	4	no
10386	4	no
10387	4	no
10388	5	no
10389	4	no
10390	4	no
10391	4	no
10392	4	no
10393	4	no
10394	4	no
10395	4	no
10396	4	no
10397	4	no
10398	4	no
10399	4	no
10400	4	no
10401	4	no
10402	5	no
10403	4	no
10404	4	no
10405	5	no
10406	4	no
10407	4	no
10408	4	no
10409	4	no
10410	4	no
10411	4	no
10412	4	no
10413	4	no
10414	4	no
10415	4	no
10416	4	no
10417	4	no
10418	4	no
10419	4	no
10420	4	no
10421	4	no
10422	4	no
10423	4	no
10424	4	no
10425	4	no
10426	4	no
10427	4	no
10428	2	no
10429	4	no
10430	4	no
10431	4	no
10432	4	no
10433	4	no
10434	4	no
10435	4	no
10436	4	no
10437	4	no
10438	4	no
10439	4	no
10440	4	no
10441	4	no
10442	4	no
10443	4	no
10444	4	no
10445	4	no
10446	4	no
10447	4	no
10448	4	no
10449	4	no
10450	5	no
10451	5	no
10452	5	no
10453	4	no
10454	5	no
10455	4	no
10456	5	no
10457	4	no
10458	4	no
10459	4	no
10460	4	no
10461	4	no
10462	4	no
10463	4	no
10464	4	no
10465	4	no
10466	4	no
10467	4	no
10468	4	no
10469	4	no
10470	4	no
10471	4	no
10472	4	no
10473	4	no
10474	4	no
10475	4	no
10476	4	no
10477	4	no
10478	4	no
10479	4	no
10480	4	no
10481	4	no
10482	5	no
10483	4	no
10484	4	no
10485	4	no
10486	5	no
10487	4	no
10488	4	no
10489	4	no
10490	4	no
10491	4	no
10492	4	no
10493	4	no
10494	4	no
10495	4	no
10496	4	no
10497	4	no
10498	4	no
10499	4	no
10500	4	no
10501	4	no
10502	4	no
10503	4	no
10504	4	no
10505	4	no
10506	4	no
10507	5	no
10508	4	no
10509	4	no
10510	4	no
10511	4	no
10512	4	no
10513	4	no
10514	4	no
10515	4	no
10516	4	no
10517	4	no
10518	4	no
10519	4	no
10520	4	no
10521	4	no
10522	5	no
10523	4	no
10524	4	no
10525	4	no
10526	4	no
10527	4	no
10528	5	no
10529	4	no
10530	4	no
10531	4	no
10532	4	no
10533	4	no
10534	4	no
10535	5	no
10536	4	no
10537	4	no
10538	4	no
10539	4	no
10540	4	no
10541	4	no
10542	4	no
10543	4	no
10544	4	no
10545	4	no
10546	4	no
10547	5	no
10548	4	no
10549	4	no
10550	4	no
10551	4	no
10552	4	no
10553	4	no
10554	5	no
10555	4	no
10556	4	no
10557	4	no
10558	4	no
10559	4	no
10560	4	no
10561	4	no
10562	4	no
10563	4	no
10564	4	no
10565	4	no
10566	4	no
10567	4	no
10568	4	no
10569	4	no
10570	4	no
10571	4	no
10572	4	no
10573	4	no
10574	5	no
10575	4	no
10576	4	no
10577	4	no
10578	4	no
10579	4	no
10580	4	no
10581	4	no
10582	4	no
10583	5	no
10584	4	no
10585	4	no
10586	4	no
10587	4	no
10588	4	no
10589	4	no
10590	4	no
10591	5	no
10592	4	no
10593	4	no
10594	4	no
10595	4	no
10596	4	no
10597	4	no
10598	4	no
10599	4	no
10600	4	no
10601	4	no
10602	4	no
10603	5	no
10604	4	no
10605	4	no
10606	4	no
10607	4	no
10608	4	no
10609	5	no
10610	4	no
10611	0	no
10612	4	no
10613	4	no
10614	5	no
10615	4	no
10616	4	no
10617	4	no
10618	4	no
10619	4	no
10620	5	no
10621	4	no
10622	4	no
10623	4	no
10624	4	no
10625	4	no
10626	4	no
10627	4	no
10628	4	no
10629	2	no
10630	4	no
10631	4	no
10632	4	no
10633	4	no
10634	4	no
10635	4	no
10636	4	no
10637	4	no
10638	4	no
10639	4	no
10640	4	no
10641	4	no
10642	5	no
10643	4	no
10644	4	no
10645	4	no
10646	4	no
10647	4	no
10648	4	no
10649	4	no
10650	4	no
10651	4	no
10652	2	no
10653	4	no
10654	4	no
10655	4	no
10656	4	no
10657	5	no
10658	4	no
10659	4	no
10660	4	no
10661	4	no
10662	4	no
10663	4	no
10664	4	no
10665	4	no
10666	4	no
10667	4	no
10668	4	no
10669	4	no
10670	4	no
10671	4	no
10672	4	no
10673	5	no
10674	5	no
10675	4	no
10676	4	no
10677	4	no
10678	4	no
10679	4	no
10680	4	no
10681	4	no
10682	4	no
10683	4	no
10684	4	no
10685	4	no
10686	4	no
10687	4	no
10688	4	no
10689	4	no
10690	4	no
10691	5	no
10692	4	no
10693	4	no
10694	4	no
10695	4	no
10696	4	no
10697	4	no
10698	4	no
10699	4	no
10700	4	no
10701	5	no
10702	0	no
10703	4	no
10704	4	no
10705	4	no
10706	4	no
10707	2	no
10708	4	no
10709	4	no
10710	4	no
10711	4	no
10712	4	no
10713	5	no
10714	4	no
10715	4	no
10716	4	no
10717	4	no
10718	4	no
10719	4	no
10720	4	no
10721	4	no
10722	4	no
10723	4	no
10724	4	no
10725	4	no
10726	5	no
10727	4	no
10728	4	no
10729	4	no
10730	4	no
10731	4	no
10732	4	no
10733	4	no
10734	5	no
10735	4	no
10736	4	no
10737	4	no
10738	4	no
10739	4	no
10740	2	no
10741	4	no
10742	4	no
10743	4	no
10744	4	no
10745	4	no
10746	4	no
10747	4	no
10748	4	no
10749	4	no
10750	4	no
10751	4	no
10752	4	no
10753	2	no
10754	4	no
10755	4	no
10756	4	no
10757	4	no
10758	4	no
10759	4	no
10760	4	no
10761	4	no
10762	4	no
10763	4	no
10764	4	no
10765	2	no
10766	4	no
10767	5	no
10768	4	no
10769	5	no
10770	4	no
10771	5	no
10772	4	no
10773	4	no
10774	4	no
10775	4	no
10776	4	no
10777	4	no
10778	4	no
10779	2	no
10780	4	no
10781	4	no
10782	2	no
10783	4	no
10784	4	no
10785	4	no
10786	4	no
10787	4	no
10788	4	no
10789	4	no
10790	4	no
10791	4	no
10792	5	no
10793	4	no
10794	4	no
10795	4	no
10796	4	no
10797	4	no
10798	4	no
10799	5	no
10800	4	no
10801	4	no
10802	4	no
10803	4	no
10804	5	no
10805	4	no
10806	2	no
10807	4	no
10808	4	no
10809	4	no
10810	4	no
10811	4	no
10812	2	no
10813	4	no
10814	4	no
10815	4	no
10816	4	no
10817	4	no
10818	4	no
10819	5	no
10820	4	no
10821	4	no
10822	4	no
10823	4	no
10824	4	no
10825	4	no
10826	4	no
10827	4	no
10828	4	no
10829	4	no
10830	4	no
10831	4	no
10832	4	no
10833	4	no
10834	4	no
10835	4	no
10836	4	no
10837	4	no
10838	4	no
10839	4	no
10840	4	no
10841	4	no
10842	5	no
10843	4	no
10844	4	no
10845	4	no
10846	4	no
10847	4	no
10848	4	no
10849	4	no
10850	4	no
10851	0	no
10852	4	no
10853	5	no
10854	4	no
10855	4	no
10856	4	no
10857	4	no
10858	4	no
10859	5	no
10860	4	no
10861	4	no
10862	4	no
10863	4	no
10864	5	no
10865	4	no
10866	4	no
10867	4	no
10868	4	no
10869	4	no
10870	4	no
10871	4	no
10872	5	no
10873	4	no
10874	4	no
10875	4	no
10876	4	no
10877	4	no
10878	4	no
10879	4	no
10880	4	no
10881	4	no
10882	4	no
10883	5	no
10884	4	no
10885	2	no
10886	4	no
10887	4	no
10888	4	no
10889	4	no
10890	4	no
10891	4	no
10892	4	no
10893	4	no
10894	5	no
10895	4	no
10896	4	no
10897	4	no
10898	4	no
10899	4	no
10900	4	no
10901	4	no
10902	4	no
10903	4	no
10904	4	no
10905	4	no
10906	4	no
10907	4	no
10908	4	no
10909	4	no
10910	4	no
10911	4	no
10912	5	no
10913	4	no
10914	4	no
10915	4	no
10916	4	no
10917	4	no
10918	4	no
10919	2	no
10920	4	no
10921	4	no
10922	4	no
10923	4	no
10924	4	no
10925	4	no
10926	4	no
10927	4	no
10928	4	no
10929	4	no
10930	4	no
10931	4	no
10932	4	no
10933	4	no
10934	4	no
10935	4	no
10936	4	no
10937	4	no
10938	4	no
10939	4	no
10940	5	no
10941	4	no
10942	5	no
10943	4	no
10944	5	no
10945	4	no
10946	4	no
10947	4	no
10948	4	no
10949	4	no
10950	4	no
10951	4	no
10952	4	no
10953	4	no
10954	4	no
10955	4	no
10956	4	no
10957	4	no
10958	4	no
10959	4	no
10960	4	no
10961	4	no
10962	4	no
10963	4	no
10964	4	no
10965	4	no
10966	4	no
10967	2	no
10968	5	no
10969	4	no
10970	4	no
10971	4	no
10972	4	no
10973	4	no
10974	2	no
10975	4	no
10976	4	no
10977	4	no
10978	4	no
10979	4	no
10980	5	no
10981	5	no
10982	4	no
10983	4	no
10984	4	no
10985	4	no
10986	4	no
10987	5	no
10988	4	no
10989	4	no
10990	4	no
10991	5	no
10992	4	no
10993	4	no
10994	5	no
10995	4	no
10996	4	no
10997	4	no
10998	4	no
10999	4	no
11000	4	no
11001	4	no
11002	4	no
11003	4	no
11004	4	no
11005	4	no
11006	4	no
11007	4	no
11008	4	no
11009	2	no
11010	4	no
11011	4	no
11012	4	no
11013	4	no
11014	4	no
11015	0	no
11016	4	no
11017	4	no
11018	4	no
11019	4	no
11020	4	no
11021	5	no
11022	4	no
11023	4	no
11024	4	no
11025	4	no
11026	4	no
11027	5	no
11028	4	no
11029	4	no
11030	4	no
11031	4	no
11032	4	no
11033	4	no
11034	4	no
11035	4	no
11036	4	no
11037	4	no
11038	4	no
11039	4	no
11040	4	no
11041	4	no
11042	4	no
11043	4	no
11044	4	no
11045	4	no
11046	4	no
11047	4	no
11048	5	no
11049	4	no
11050	4	no
11051	4	no
11052	5	no
11053	4	no
11054	4	no
11055	4	no
11056	5	no
11057	4	no
11058	4	no
11059	4	no
11060	4	no
11061	4	no
11062	5	no
11063	4	no
11064	0	no
11065	4	no
11066	4	no
11067	4	no
11068	4	no
11069	4	no
11070	4	no
11071	4	no
11072	5	no
11073	4	no
11074	4	no
11075	4	no
11076	4	no
11077	4	no
11078	4	no
11079	5	no
11080	4	no
11081	4	no
11082	4	no
11083	4	no
11084	4	no
11085	4	no
11086	0	no
11087	4	no
11088	4	no
11089	4	no
11090	4	no
11091	2	no
11092	4	no
11093	4	no
11094	4	no
11095	4	no
11096	4	no
11097	5	no
11098	4	no
11099	4	no
11100	4	no
11101	4	no
11102	4	no
11103	4	no
11104	4	no
11105	4	no
11106	4	no
11107	4	no
11108	4	no
11109	4	no
11110	0	no
11111	5	no
11112	4	no
11113	4	no
11114	4	no
11115	4	no
11116	4	no
11117	5	no
11118	4	no
11119	4	no
11120	4	no
11121	4	no
11122	4	no
11123	4	no
11124	4	no
11125	4	no
11126	4	no
11127	4	no
11128	4	no
11129	4	no
11130	5	no
11131	4	no
11132	4	no
11133	4	no
11134	4	no
11135	4	no
11136	4	no
11137	4	no
11138	4	no
11139	4	no
11140	4	no
11141	4	no
11142	4	no
11143	4	no
11144	4	no
11145	4	no
11146	4	no
11147	4	no
11148	4	no
11149	4	no
11150	4	no
11151	4	no
11152	4	no
11153	4	no
11154	4	no
11155	4	no
11156	4	no
11157	4	no
11158	4	no
11159	4	no
11160	4	no
11161	4	no
11162	4	no
11163	4	no
11164	4	no
11165	4	no
11166	4	no
11167	4	no
11168	4	no
11169	4	no
11170	4	no
11171	5	no
11172	4	no
11173	5	no
11174	4	no
11175	4	no
11176	4	no
11177	4	no
11178	4	no
11179	4	no
11180	4	no
11181	4	no
11182	4	no
11183	4	no
11184	4	no
11185	4	no
11186	4	no
11187	4	no
11188	4	no
11189	4	no
11190	0	no
11191	4	no
11192	4	no
11193	4	no
11194	4	no
11195	4	no
11196	4	no
11197	4	no
11198	4	no
11199	4	no
11200	4	no
11201	0	no
11202	4	no
11203	4	no
11204	4	no
11205	4	no
11206	4	no
11207	4	no
11208	4	no
11209	4	no
11210	4	no
11211	4	no
11212	4	no
11213	4	no
11214	4	no
11215	4	no
11216	4	no
11217	4	no
11218	4	no
11219	4	no
11220	4	no
11221	4	no
11222	4	no
11223	4	no
11224	4	no
11225	4	no
11226	4	no
11227	2	no
11228	4	no
11229	4	no
11230	4	no
11231	4	no
11232	4	no
11233	5	no
11234	5	no
11235	4	no
11236	5	no
11237	4	no
11238	4	no
11239	4	no
11240	4	no
11241	5	no
11242	5	no
11243	4	no
11244	4	no
11245	4	no
11246	4	no
11247	5	no
11248	4	no
11249	4	no
11250	4	no
11251	4	no
11252	4	no
11253	4	no
11254	4	no
11255	4	no
11256	5	no
11257	4	no
11258	5	no
11259	4	no
11260	4	no
11261	4	no
11262	4	no
11263	4	no
11264	4	no
11265	4	no
11266	4	no
11267	4	no
11268	4	no
11269	4	no
11270	0	no
11271	4	no
11272	0	no
11273	0	no
11274	4	no
11275	4	no
11276	4	no
11277	4	no
11278	4	no
11279	4	no
11280	4	no
11281	4	no
11282	4	no
11283	4	no
11284	4	no
11285	5	no
11286	5	no
11287	5	no
11288	4	no
11289	4	no
11290	4	no
11291	4	no
11292	4	no
11293	4	no
11294	4	no
11295	4	no
11296	5	no
11297	4	no
11298	4	no
11299	4	no
11300	5	no
11301	4	no
11302	4	no
11303	4	no
11304	4	no
11305	4	no
11306	4	no
11307	4	no
11308	4	no
11309	4	no
11310	4	no
11311	4	no
11312	4	no
11313	4	no
11314	4	no
11315	4	no
11316	4	no
11317	4	no
11318	4	no
11319	4	no
11320	4	no
11321	0	no
11322	0	no
11323	0	no
11324	0	no
11325	4	no
11326	0	no
11327	0	no
11328	0	no
11329	0	no
11330	0	no
11331	1	no
11332	0	no
11333	4	no
11334	0	no
11335	0	no
11336	0	no
11337	0	no
11338	0	no
11339	0	no
11340	2	no
11341	1	no
11342	1	no
11343	0	no
11344	0	no
11345	0	no
11346	0	no
11347	0	no
11348	0	no
11349	0	no
11350	0	no
11351	0	no
11352	0	no
11353	0	no
11354	0	no
11355	0	no
11356	1	no
11357	0	no
11358	0	no
11359	0	no
11360	1	no
11361	0	no
11362	0	no
11363	0	no
11364	0	no
11365	0	no
11366	0	no
11367	0	no
11368	0	no
11369	0	no
11370	0	no
11371	0	no
11372	4	no
11373	0	no
11374	0	no
11375	0	no
11376	0	no
11377	0	no
11378	1	no
11379	0	no
11380	0	no
11381	0	no
11382	0	no
11383	5	no
11384	0	no
11385	0	no
11386	0	no
11387	0	no
11388	0	no
11389	0	no
11390	0	no
11391	0	no
11392	0	no
11393	0	no
11394	0	no
11395	4	no
11396	0	no
11397	0	no
11398	0	no
11399	0	no
11400	0	no
11401	2	no
11402	4	no
11403	0	no
11404	0	no
11405	0	no
11406	0	no
11407	0	no
11408	0	no
11409	0	no
11410	0	no
11411	0	no
11412	0	no
11413	0	no
11414	0	no
11415	0	no
11416	0	no
11417	0	no
11418	0	no
11419	0	no
11420	0	no
11421	0	no
11422	0	no
11423	0	no
11424	0	no
11425	0	no
11426	0	no
11427	1	no
11428	1	no
11429	1	no
11430	0	no
11431	0	no
11432	0	no
11433	4	no
11434	0	no
11435	0	no
11436	0	no
11437	0	no
11438	0	no
11439	4	no
11440	0	no
11441	0	no
11442	0	no
11443	0	no
11444	0	no
11445	0	no
11446	1	no
11447	0	no
11448	0	no
11449	0	no
11450	0	no
11451	0	no
11452	0	no
11453	0	no
11454	0	no
11455	0	no
11456	0	no
11457	0	no
11458	0	no
11459	4	no
11460	0	no
11461	0	no
11462	0	no
11463	0	no
11464	0	no
11465	4	no
11466	0	no
11467	0	no
11468	0	no
11469	0	no
11470	0	no
11471	4	no
11472	0	no
11473	0	no
11474	0	no
11475	0	no
11476	0	no
11477	4	no
11478	3	no
11479	0	no
11480	1	no
11481	0	no
11482	0	no
11483	0	no
11484	4	no
11485	0	no
11486	1	no
11487	0	no
11488	0	no
11489	4	no
11490	0	no
11491	1	no
11492	0	no
11493	1	no
11494	0	no
11495	1	no
11496	0	no
11497	1	no
11498	0	no
11499	4	no
11500	1	no
11501	0	no
11502	4	no
11503	0	no
11504	1	no
11505	0	no
11506	0	no
11507	4	no
11508	0	no
11509	0	no
11510	0	no
11511	0	no
11512	0	no
11513	0	no
11514	2	no
11515	0	no
11516	0	no
11517	0	no
11518	0	no
11519	0	no
11520	0	no
11521	0	no
11522	0	no
11523	0	no
11524	0	no
11525	0	no
11526	0	no
11527	0	no
11528	0	no
11529	0	no
11530	0	no
11531	0	no
11532	0	no
11533	0	no
11534	0	no
11535	0	no
11536	1	no
11537	0	no
11538	0	no
11539	0	no
11540	0	no
11541	0	no
11542	0	no
11543	4	no
11544	0	no
11545	0	no
11546	1	no
11547	0	no
11548	0	no
11549	0	no
11550	0	no
11551	0	no
11552	4	no
11553	1	no
11554	1	no
11555	0	no
11556	0	no
11557	0	no
11558	0	no
11559	0	no
11560	0	no
11561	0	no
11562	1	no
11563	0	no
11564	0	no
11565	4	no
11566	0	no
11567	0	no
11568	0	no
11569	0	no
11570	1	no
11571	0	no
11572	0	no
11573	0	no
11574	0	no
11575	1	no
11576	4	no
11577	4	no
11578	0	no
11579	0	no
11580	0	no
11581	1	no
11582	0	no
11583	3	no
11584	0	no
11585	0	no
11586	1	no
11587	0	no
11588	0	no
11589	0	no
11590	0	no
11591	0	no
11592	4	no
11593	0	no
11594	0	no
11595	4	no
11596	0	no
11597	4	no
11598	4	no
11599	0	no
11600	0	no
11601	0	no
11602	0	no
11603	0	no
11604	0	no
11605	0	no
11606	0	no
11607	0	no
11608	0	no
11609	0	no
11610	0	no
11611	0	no
11612	0	no
11613	0	no
11614	0	no
11615	0	no
11616	0	no
11617	0	no
11618	0	no
11619	0	no
11620	1	no
11621	0	no
11622	0	no
11623	0	no
11624	0	no
11625	0	no
11626	1	no
11627	1	no
11628	0	no
11629	0	no
11630	0	no
11631	0	no
11632	0	no
11633	0	no
11634	4	no
11635	4	no
11636	0	no
11637	0	no
11638	0	no
11639	0	no
11640	4	no
11641	0	no
11642	0	no
11643	0	no
11644	0	no
11645	0	no
11646	0	no
11647	0	no
11648	0	no
11649	4	no
11650	0	no
11651	0	no
11652	0	no
11653	0	no
11654	0	no
11655	0	no
11656	1	no
11657	0	no
11658	1	no
11659	2	no
11660	0	no
11661	0	no
11662	0	no
11663	0	no
11664	0	no
11665	0	no
11666	0	no
11667	0	no
11668	0	no
11669	0	no
11670	4	no
11671	4	no
11672	4	no
11673	0	no
11674	0	no
11675	0	no
11676	1	no
11677	0	no
11678	4	no
11679	0	no
11680	1	no
11681	0	no
11682	0	no
11683	0	no
11684	0	no
11685	0	no
11686	0	no
11687	4	no
11688	1	no
11689	0	no
11690	0	no
11691	0	no
11692	0	no
11693	0	no
11694	4	no
11695	0	no
11696	0	no
11697	0	no
11698	1	no
11699	0	no
11700	1	no
11701	0	no
11702	0	no
11703	1	no
11704	1	no
11705	0	no
11706	1	no
11707	0	no
11708	0	no
11709	0	no
11710	0	no
11711	0	no
11712	0	no
11713	0	no
11714	0	no
11715	0	no
11716	0	no
11717	0	no
11718	0	no
11719	0	no
11720	4	no
11721	0	no
11722	0	no
11723	0	no
11724	0	no
11725	0	no
11726	0	no
11727	0	no
11728	0	no
11729	0	no
11730	0	no
11731	0	no
11732	0	no
11733	0	no
11734	0	no
11735	0	no
11736	0	no
11737	1	no
11738	0	no
11739	0	no
11740	0	no
11741	1	no
11742	0	no
11743	1	no
11744	0	no
11745	0	no
11746	0	no
11747	0	no
11748	0	no
11749	0	no
11750	0	no
11751	0	no
11752	0	no
11753	0	no
11754	3	no
11755	1	no
11756	0	no
11757	1	no
11758	0	no
11759	0	no
11760	0	no
11761	0	no
11762	0	no
11763	0	no
11764	0	no
11765	0	no
11766	2	no
11767	0	no
11768	0	no
11769	0	no
11770	0	no
11771	0	no
11772	4	no
11773	0	no
11774	0	no
11775	0	no
11776	0	no
11777	0	no
11778	0	no
11779	0	no
11780	0	no
11781	0	no
11782	0	no
11783	0	no
11784	0	no
11785	0	no
11786	0	no
11787	0	no
11788	0	no
11789	0	no
11790	0	no
11791	4	no
11792	0	no
11793	4	no
11794	0	no
11795	0	no
11796	0	no
11797	0	no
11798	0	no
11799	0	no
11800	0	no
11801	0	no
11802	0	no
11803	0	no
11804	0	no
11805	0	no
11806	0	no
11807	0	no
11808	0	no
11809	3	no
11810	2	no
11811	4	no
11812	4	no
11813	0	no
11814	0	no
11815	0	no
11816	0	no
11817	0	no
11818	0	no
11819	0	no
11820	0	no
11821	0	no
11822	0	no
11823	0	no
11824	0	no
11825	0	no
11826	0	no
11827	0	no
11828	0	no
11829	0	no
11830	0	no
11831	0	no
11832	4	no
11833	0	no
11834	0	no
11835	0	no
11836	0	no
11837	0	no
11838	0	no
11839	0	no
11840	0	no
11841	0	no
11842	0	no
11843	0	no
11844	0	no
11845	0	no
11846	0	no
11847	0	no
11848	4	no
11849	0	no
11850	0	no
11851	0	no
11852	0	no
11853	0	no
11854	0	no
11855	0	no
11856	1	no
11857	0	no
11858	0	no
11859	0	no
11860	4	no
11861	0	no
11862	0	no
11863	0	no
11864	0	no
11865	0	no
11866	0	no
11867	0	no
11868	0	no
11869	0	no
11870	0	no
11871	0	no
11872	0	no
11873	0	no
11874	0	no
11875	0	no
11876	4	no
11877	0	no
11878	0	no
11879	0	no
11880	0	no
11881	0	no
11882	0	no
11883	1	no
11884	0	no
11885	0	no
11886	0	no
11887	0	no
11888	0	no
11889	0	no
11890	0	no
11891	0	no
11892	0	no
11893	0	no
11894	4	no
11895	0	no
11896	0	no
11897	0	no
11898	0	no
11899	2	no
11900	0	no
11901	2	no
11902	4	no
11903	1	no
11904	0	no
11905	0	no
11906	1	no
11907	0	no
11908	0	no
11909	0	no
11910	0	no
11911	0	no
11912	0	no
11913	0	no
11914	3	no
11915	0	no
11916	0	no
11917	0	no
11918	4	no
11919	0	no
11920	0	no
11921	1	no
11922	0	no
11923	0	no
11924	0	no
11925	0	no
11926	0	no
11927	0	no
11928	0	no
11929	0	no
11930	0	no
11931	4	no
11932	0	no
11933	0	no
11934	0	no
11935	0	no
11936	2	no
11937	0	no
11938	0	no
11939	4	no
11940	0	no
11941	5	no
11942	0	no
11943	0	no
11944	0	no
11945	0	no
11946	0	no
11947	0	no
11948	0	no
11949	4	no
11950	0	no
11951	0	no
11952	0	no
11953	0	no
11954	1	no
11955	0	no
11956	0	no
11957	0	no
11958	0	no
11959	1	no
11960	0	no
11961	0	no
11962	0	no
11963	0	no
11964	0	no
11965	0	no
11966	0	no
11967	0	no
11968	0	no
11969	4	no
11970	0	no
11971	0	no
11972	1	no
11973	0	no
11974	0	no
11975	0	no
11976	0	no
11977	0	no
11978	0	no
11979	5	no
11980	0	no
11981	0	no
11982	0	no
11983	0	no
11984	0	no
11985	0	no
11986	1	no
11987	0	no
11988	0	no
11989	0	no
11990	0	no
11991	0	no
11992	0	no
11993	1	no
11994	0	no
11995	0	no
11996	0	no
11997	0	no
11998	0	no
11999	0	no
12000	0	no
12001	0	no
12002	0	no
12003	0	no
12004	4	no
12005	0	no
12006	0	no
12007	0	no
12008	4	no
12009	0	no
12010	0	no
12011	0	no
12012	0	no
12013	0	no
12014	2	no
12015	1	no
12016	0	no
12017	0	no
12018	0	no
12019	0	no
12020	4	no
12021	0	no
12022	0	no
12023	1	no
12024	0	no
12025	0	no
12026	0	no
12027	4	no
12028	0	no
12029	0	no
12030	0	no
12031	0	no
12032	0	no
12033	4	no
12034	0	no
12035	0	no
12036	0	no
12037	0	no
12038	0	no
12039	0	no
12040	0	no
12041	0	no
12042	1	no
12043	0	no
12044	0	no
12045	0	no
12046	0	no
12047	0	no
12048	0	no
12049	0	no
12050	0	no
12051	0	no
12052	0	no
12053	0	no
12054	0	no
12055	0	no
12056	0	no
12057	0	no
12058	1	no
12059	0	no
12060	4	no
12061	0	no
12062	0	no
12063	0	no
12064	4	no
12065	0	no
12066	0	no
12067	0	no
12068	0	no
12069	0	no
12070	0	no
12071	0	no
12072	0	no
12073	0	no
12074	0	no
12075	0	no
12076	0	no
12077	4	no
12078	0	no
12079	0	no
12080	0	no
12081	0	no
12082	0	no
12083	1	no
12084	0	no
12085	0	no
12086	0	no
12087	0	no
12088	0	no
12089	0	no
12090	0	no
12091	0	no
12092	0	no
12093	0	no
12094	0	no
12095	0	no
12096	1	no
12097	0	no
12098	0	no
12099	0	no
12100	0	no
12101	0	no
12102	0	no
12103	0	no
12104	0	no
12105	0	no
12106	0	no
12107	0	no
12108	0	no
12109	0	no
12110	0	no
12111	0	no
12112	1	no
12113	0	no
12114	0	no
12115	0	no
12116	0	no
12117	0	no
12118	0	no
12119	0	no
12120	0	no
12121	0	no
12122	0	no
12123	1	no
12124	0	no
12125	1	no
12126	1	no
12127	0	no
12128	0	no
12129	0	no
12130	0	no
12131	1	no
12132	0	no
12133	0	no
12134	0	no
12135	5	no
12136	1	no
12137	0	no
12138	0	no
12139	0	no
12140	0	no
12141	0	no
12142	0	no
12143	0	no
12144	0	no
12145	0	no
12146	0	no
12147	0	no
12148	1	no
12149	0	no
12150	4	no
12151	0	no
12152	0	no
12153	0	no
12154	0	no
12155	4	no
12156	0	no
12157	5	no
12158	0	no
12159	0	no
12160	0	no
12161	0	no
12162	0	no
12163	0	no
12164	0	no
12165	0	no
12166	0	no
12167	0	no
12168	0	no
12169	0	no
12170	0	no
12171	0	no
12172	0	no
12173	0	no
12174	0	no
12175	0	no
12176	0	no
12177	0	no
12178	0	no
12179	0	no
12180	0	no
12181	0	no
12182	0	no
12183	1	no
12184	4	no
12185	0	no
12186	0	no
12187	0	no
12188	1	no
12189	0	no
12190	0	no
12191	0	no
12192	0	no
12193	0	no
12194	0	no
12195	0	no
12196	0	no
12197	4	no
12198	1	no
12199	0	no
12200	0	no
12201	0	no
12202	0	no
12203	0	no
12204	0	no
12205	0	no
12206	0	no
12207	0	no
12208	0	no
12209	0	no
12210	0	no
12211	0	no
12212	0	no
12213	0	no
12214	0	no
12215	0	no
12216	0	no
12217	0	no
12218	0	no
12219	0	no
12220	0	no
12221	0	no
12222	1	no
12223	4	no
12224	0	no
12225	0	no
12226	0	no
12227	0	no
12228	0	no
12229	0	no
12230	0	no
12231	2	no
12232	0	no
12233	0	no
12234	0	no
12235	0	no
12236	0	no
12237	0	no
12238	0	no
12239	0	no
12240	0	no
12241	0	no
12242	0	no
12243	0	no
12244	0	no
12245	0	no
12246	0	no
12247	0	no
12248	0	no
12249	1	no
12250	0	no
12251	0	no
12252	0	no
12253	0	no
12254	4	no
12255	0	no
12256	0	no
12257	0	no
12258	0	no
12259	0	no
12260	0	no
12261	1	no
12262	0	no
12263	0	no
12264	0	no
12265	0	no
12266	0	no
12267	4	no
12268	0	no
12269	1	no
12270	0	no
12271	0	no
12272	0	no
12273	0	no
12274	0	no
12275	0	no
12276	4	no
12277	0	no
12278	0	no
12279	0	no
12280	0	no
12281	0	no
12282	0	no
12283	0	no
12284	0	no
12285	0	no
12286	0	no
12287	1	no
12288	0	no
12289	0	no
12290	5	no
12291	0	no
12292	0	no
12293	0	no
12294	0	no
12295	0	no
12296	1	no
12297	0	no
12298	0	no
12299	0	no
12300	0	no
12301	0	no
12302	0	no
12303	0	no
12304	1	no
12305	0	no
12306	0	no
12307	0	no
12308	0	no
12309	0	no
12310	0	no
12311	0	no
12312	0	no
12313	0	no
12314	0	no
12315	0	no
12316	0	no
12317	0	no
12318	3	no
12319	0	no
12320	0	no
12321	0	no
12322	0	no
12323	0	no
12324	0	no
12325	5	no
12326	0	no
12327	4	no
12328	0	no
12329	5	no
12330	1	no
12331	0	no
12332	4	no
12333	0	no
12334	0	no
12335	0	no
12336	0	no
12337	4	no
12338	0	no
12339	0	no
12340	0	no
12341	0	no
12342	0	no
12343	0	no
12344	0	no
12345	0	no
12346	0	no
12347	0	no
12348	0	no
12349	0	no
12350	0	no
12351	0	no
12352	0	no
12353	4	no
12354	0	no
12355	0	no
12356	0	no
12357	0	no
12358	0	no
12359	0	no
12360	0	no
12361	0	no
12362	0	no
12363	1	no
12364	0	no
12365	3	no
12366	0	no
12367	0	no
12368	4	no
12369	0	no
12370	0	no
12371	1	no
12372	0	no
12373	0	no
12374	0	no
12375	0	no
12376	4	no
12377	0	no
12378	0	no
12379	0	no
12380	0	no
12381	0	no
12382	0	no
12383	0	no
12384	0	no
12385	0	no
12386	0	no
12387	0	no
12388	0	no
12389	0	no
12390	4	no
12391	0	no
12392	0	no
12393	4	no
12394	1	no
12395	1	no
12396	0	no
12397	0	no
12398	1	no
12399	1	no
12400	0	no
12401	0	no
12402	0	no
12403	0	no
12404	0	no
12405	0	no
12406	0	no
12407	4	no
12408	0	no
12409	0	no
12410	0	no
12411	0	no
12412	0	no
12413	0	no
12414	0	no
12415	0	no
12416	0	no
12417	0	no
12418	0	no
12419	0	no
12420	0	no
12421	0	no
12422	0	no
12423	0	no
12424	0	no
12425	0	no
12426	0	no
12427	0	no
12428	0	no
12429	0	no
12430	0	no
12431	0	no
12432	0	no
12433	1	no
12434	0	no
12435	0	no
12436	0	no
12437	0	no
12438	0	no
12439	0	no
12440	0	no
12441	0	no
12442	0	no
12443	0	no
12444	0	no
12445	4	no
12446	0	no
12447	0	no
12448	0	no
12449	0	no
12450	0	no
12451	0	no
12452	0	no
12453	0	no
12454	0	no
12455	0	no
12456	0	no
12457	0	no
12458	1	no
12459	4	no
12460	0	no
12461	0	no
12462	0	no
12463	0	no
12464	0	no
12465	2	no
12466	0	no
12467	0	no
12468	1	no
12469	0	no
12470	0	no
12471	0	no
12472	0	no
12473	4	no
12474	0	no
12475	0	no
12476	0	no
12477	0	no
12478	3	no
12479	0	no
12480	0	no
12481	0	no
12482	0	no
12483	0	no
12484	0	no
12485	0	no
12486	0	no
12487	0	no
12488	0	no
12489	0	no
12490	0	no
12491	0	no
12492	0	no
12493	0	no
12494	0	no
12495	0	no
12496	1	no
12497	0	no
12498	0	no
12499	0	no
12500	0	no
12501	0	no
12502	4	no
12503	4	no
12504	0	no
12505	0	no
12506	1	no
12507	0	no
12508	0	no
12509	0	no
12510	0	no
12511	0	no
12512	0	no
12513	1	no
12514	1	no
12515	0	no
12516	0	no
12517	0	no
12518	0	no
12519	0	no
12520	0	no
12521	0	no
12522	0	no
12523	0	no
12524	4	no
12525	1	no
12526	0	no
12527	0	no
12528	0	no
12529	0	no
12530	0	no
12531	0	no
12532	4	no
12533	0	no
12534	0	no
12535	1	no
12536	0	no
12537	0	no
12538	0	no
12539	0	no
12540	0	no
12541	0	no
12542	0	no
12543	5	no
12544	0	no
12545	0	no
12546	1	no
12547	0	no
12548	0	no
12549	0	no
12550	0	no
12551	0	no
12552	0	no
12553	0	no
12554	0	no
12555	0	no
12556	0	no
12557	0	no
12558	3	no
12559	0	no
12560	0	no
12561	0	no
12562	0	no
12563	0	no
12564	0	no
12565	0	no
12566	0	no
12567	0	no
12568	0	no
12569	0	no
12570	0	no
12571	0	no
12572	0	no
12573	0	no
12574	0	no
12575	0	no
12576	0	no
12577	0	no
12578	1	no
12579	0	no
12580	0	no
12581	0	no
12582	5	no
12583	0	no
12584	0	no
12585	0	no
12586	4	no
12587	0	no
12588	0	no
12589	0	no
12590	0	no
12591	0	no
12592	0	no
12593	0	no
12594	0	no
12595	0	no
12596	0	no
12597	0	no
12598	0	no
12599	0	no
12600	0	no
12601	2	no
12602	0	no
12603	0	no
12604	0	no
12605	1	no
12606	0	no
12607	0	no
12608	3	no
12609	0	no
12610	0	no
12611	0	no
12612	0	no
12613	0	no
12614	0	no
12615	0	no
12616	1	no
12617	0	no
12618	0	no
12619	0	no
12620	0	no
12621	0	no
12622	0	no
12623	0	no
12624	4	no
12625	0	no
12626	0	no
12627	0	no
12628	0	no
12629	0	no
12630	0	no
12631	1	no
12632	0	no
12633	0	no
12634	0	no
12635	0	no
12636	0	no
12637	4	no
12638	0	no
12639	0	no
12640	0	no
12641	0	no
12642	0	no
12643	0	no
12644	1	no
12645	1	no
12646	0	no
12647	0	no
12648	0	no
12649	0	no
12650	0	no
12651	0	no
12652	0	no
12653	0	no
12654	0	no
12655	0	no
12656	0	no
12657	0	no
12658	0	no
12659	0	no
12660	0	no
12661	0	no
12662	0	no
12663	0	no
12664	0	no
12665	0	no
12666	0	no
12667	1	no
12668	0	no
12669	0	no
12670	1	no
12671	0	no
12672	0	no
12673	0	no
12674	0	no
12675	0	no
12676	0	no
12677	0	no
12678	0	no
12679	0	no
12680	0	no
12681	0	no
12682	0	no
12683	0	no
12684	1	no
12685	0	no
12686	0	no
12687	1	no
12688	0	no
12689	0	no
12690	4	no
12691	0	no
12692	0	no
12693	0	no
12694	0	no
12695	0	no
12696	4	no
12697	0	no
12698	0	no
12699	0	no
12700	0	no
12701	1	no
12702	0	no
12703	0	no
12704	0	no
12705	0	no
12706	4	no
12707	3	no
12708	4	no
12709	0	no
12710	0	no
12711	0	no
12712	0	no
12713	0	no
12714	0	no
12715	0	no
12716	0	no
12717	0	no
12718	0	no
12719	0	no
12720	0	no
12721	0	no
12722	0	no
12723	4	no
12724	0	no
12725	0	no
12726	0	no
12727	0	no
12728	0	no
12729	0	no
12730	0	no
12731	1	no
12732	0	no
12733	0	no
12734	0	no
12735	0	no
12736	0	no
12737	1	no
12738	0	no
12739	0	no
12740	0	no
12741	4	no
12742	0	no
12743	0	no
12744	0	no
12745	0	no
12746	0	no
12747	0	no
12748	0	no
12749	4	no
12750	0	no
12751	0	no
12752	0	no
12753	0	no
12754	0	no
12755	0	no
12756	0	no
12757	0	no
12758	0	no
12759	0	no
12760	4	no
12761	0	no
12762	0	no
12763	0	no
12764	0	no
12765	1	no
12766	0	no
12767	4	no
12768	0	no
12769	0	no
12770	0	no
12771	0	no
12772	0	no
12773	0	no
12774	0	no
12775	0	no
12776	0	no
12777	0	no
12778	0	no
12779	0	no
12780	0	no
12781	0	no
12782	0	no
12783	0	no
12784	1	no
12785	0	no
12786	0	no
12787	1	no
12788	0	no
12789	0	no
12790	0	no
12791	0	no
12792	0	no
12793	0	no
12794	1	no
12795	0	no
12796	0	no
12797	0	no
12798	0	no
12799	4	no
12800	0	no
12801	1	no
12802	0	no
12803	0	no
12804	0	no
12805	0	no
12806	0	no
12807	4	no
12808	0	no
12809	0	no
12810	1	no
12811	1	no
12812	1	no
12813	0	no
12814	0	no
12815	0	no
12816	0	no
12817	0	no
12818	0	no
12819	0	no
12820	4	no
12821	0	no
12822	0	no
12823	3	no
12824	1	no
12825	0	no
12826	1	no
12827	0	no
12828	0	no
12829	0	no
12830	1	no
12831	0	no
12832	0	no
12833	0	no
12834	0	no
12835	0	no
12836	0	no
12837	0	no
12838	0	no
12839	0	no
12840	0	no
12841	0	no
12842	0	no
12843	0	no
12844	0	no
12845	0	no
12846	0	no
12847	0	no
12848	0	no
12849	4	no
12850	0	no
12851	0	no
12852	0	no
12853	4	no
12854	0	no
12855	0	no
12856	0	no
12857	0	no
12858	0	no
12859	4	no
12860	0	no
12861	0	no
12862	1	no
12863	0	no
12864	0	no
12865	0	no
12866	0	no
12867	0	no
12868	0	no
12869	4	no
12870	0	no
12871	0	no
12872	4	no
12873	0	no
12874	0	no
12875	0	no
12876	0	no
12877	0	no
12878	1	no
12879	0	no
12880	0	no
12881	0	no
12882	4	no
12883	0	no
12884	0	no
12885	0	no
12886	1	no
12887	1	no
12888	1	no
12889	0	no
12890	0	no
12891	1	no
12892	0	no
12893	0	no
12894	1	no
12895	0	no
12896	0	no
12897	0	no
12898	0	no
12899	0	no
12900	1	no
12901	1	no
12902	0	no
12903	0	no
12904	0	no
12905	4	no
12906	1	no
12907	1	no
12908	0	no
12909	0	no
12910	0	no
12911	0	no
12912	1	no
12913	0	no
12914	0	no
12915	4	no
12916	0	no
12917	0	no
12918	1	no
12919	0	no
12920	1	no
12921	0	no
12922	4	no
12923	0	no
12924	1	no
12925	0	no
12926	0	no
12927	0	no
12928	0	no
12929	1	no
12930	0	no
12931	0	no
12932	0	no
12933	0	no
12934	0	no
12935	0	no
12936	0	no
12937	0	no
12938	0	no
12939	0	no
12940	4	no
12941	0	no
12942	0	no
12943	4	no
12944	0	no
12945	0	no
12946	0	no
12947	0	no
12948	4	no
12949	0	no
12950	0	no
12951	0	no
12952	0	no
12953	0	no
12954	0	no
12955	0	no
12956	0	no
12957	0	no
12958	0	no
12959	0	no
12960	0	no
12961	0	no
12962	0	no
12963	0	no
12964	0	no
12965	4	no
12966	0	no
12967	0	no
12968	0	no
12969	0	no
12970	0	no
12971	0	no
12972	0	no
12973	0	no
12974	0	no
12975	1	no
12976	0	no
12977	0	no
12978	0	no
12979	0	no
12980	0	no
12981	0	no
12982	0	no
12983	0	no
12984	0	no
12985	0	no
12986	0	no
12987	0	no
12988	0	no
12989	0	no
12990	1	no
12991	0	no
12992	0	no
12993	0	no
12994	0	no
12995	0	no
12996	0	no
12997	0	no
12998	0	no
12999	0	no
13000	0	no
13001	3	no
13002	0	no
13003	0	no
13004	0	no
13005	0	no
13006	0	no
13007	0	no
13008	0	no
13009	0	no
13010	1	no
13011	0	no
13012	0	no
13013	0	no
13014	0	no
13015	0	no
13016	0	no
13017	0	no
13018	0	no
13019	0	no
13020	0	no
13021	0	no
13022	0	no
13023	0	no
13024	0	no
13025	0	no
13026	0	no
13027	0	no
13028	0	no
13029	0	no
13030	0	no
13031	0	no
13032	0	no
13033	0	no
13034	0	no
13035	1	no
13036	0	no
13037	0	no
13038	0	no
13039	4	no
13040	3	no
13041	0	no
13042	0	no
13043	0	no
13044	3	no
13045	0	no
13046	0	no
13047	0	no
13048	0	no
13049	0	no
13050	0	no
13051	1	no
13052	0	no
13053	0	no
13054	0	no
13055	4	no
13056	0	no
13057	0	no
13058	0	no
13059	0	no
13060	0	no
13061	0	no
13062	1	no
13063	0	no
13064	4	no
13065	0	no
13066	0	no
13067	0	no
13068	1	no
13069	4	no
13070	0	no
13071	0	no
13072	0	no
13073	0	no
13074	0	no
13075	0	no
13076	1	no
13077	0	no
13078	0	no
13079	0	no
13080	0	no
13081	0	no
13082	0	no
13083	0	no
13084	4	no
13085	1	no
13086	0	no
13087	0	no
13088	0	no
13089	0	no
13090	0	no
13091	0	no
13092	0	no
13093	0	no
13094	4	no
13095	0	no
13096	0	no
13097	0	no
13098	0	no
13099	0	no
13100	0	no
13101	0	no
13102	0	no
13103	1	no
13104	0	no
13105	0	no
13106	0	no
13107	0	no
13108	0	no
13109	0	no
13110	0	no
13111	0	no
13112	0	no
13113	0	no
13114	1	no
13115	0	no
13116	0	no
13117	0	no
13118	1	no
13119	0	no
13120	0	no
13121	0	no
13122	0	no
13123	4	no
13124	0	no
13125	1	no
13126	0	no
13127	0	no
13128	0	no
13129	0	no
13130	1	no
13131	0	no
13132	0	no
13133	0	no
13134	0	no
13135	0	no
13136	0	no
13137	0	no
13138	0	no
13139	0	no
13140	0	no
13141	0	no
13142	0	no
13143	0	no
13144	0	no
13145	0	no
13146	1	no
13147	0	no
13148	4	no
13149	0	no
13150	0	no
13151	0	no
13152	0	no
13153	0	no
13154	0	no
13155	0	no
13156	0	no
13157	1	no
13158	0	no
13159	0	no
13160	1	no
13161	1	no
13162	0	no
13163	0	no
13164	0	no
13165	0	no
13166	0	no
13167	0	no
13168	0	no
13169	0	no
13170	0	no
13171	0	no
13172	0	no
13173	0	no
13174	0	no
13175	0	no
13176	0	no
13177	1	no
13178	0	no
13179	0	no
13180	0	no
13181	0	no
13182	0	no
13183	0	no
13184	0	no
13185	0	no
13186	0	no
13187	3	no
13188	0	no
13189	2	no
13190	4	no
13191	0	no
13192	4	no
13193	0	no
13194	0	no
13195	0	no
13196	0	no
13197	0	no
13198	0	no
13199	0	no
13200	0	no
13201	0	no
13202	0	no
13203	0	no
13204	0	no
13205	0	no
13206	0	no
13207	0	no
13208	0	no
13209	0	no
13210	0	no
13211	0	no
13212	1	no
13213	0	no
13214	0	no
13215	0	no
13216	0	no
13217	0	no
13218	0	no
13219	0	no
13220	0	no
13221	0	no
13222	0	no
13223	0	no
13224	0	no
13225	0	no
13226	0	no
13227	0	no
13228	0	no
13229	0	no
13230	0	no
13231	0	no
13232	0	no
13233	0	no
13234	4	no
13235	0	no
13236	0	no
13237	0	no
13238	0	no
13239	0	no
13240	0	no
13241	0	no
13242	0	no
13243	0	no
13244	0	no
13245	0	no
13246	4	no
13247	0	no
13248	0	no
13249	1	no
13250	0	no
13251	0	no
13252	0	no
13253	4	no
13254	0	no
13255	0	no
13256	0	no
13257	0	no
13258	0	no
13259	0	no
13260	0	no
13261	4	no
13262	0	no
13263	0	no
13264	0	no
13265	0	no
13266	0	no
13267	0	no
13268	0	no
13269	0	no
13270	0	no
13271	0	no
13272	0	no
13273	0	no
13274	0	no
13275	4	no
13276	0	no
13277	0	no
13278	0	no
13279	0	no
13280	1	no
13281	1	no
13282	0	no
13283	0	no
13284	0	no
13285	0	no
13286	0	no
13287	0	no
13288	0	no
13289	0	no
13290	0	no
13291	0	no
13292	3	no
13293	0	no
13294	0	no
13295	0	no
13296	1	no
13297	0	no
13298	0	no
13299	4	no
13300	0	no
13301	0	no
13302	4	no
13303	0	no
13304	0	no
13305	4	no
13306	0	no
13307	0	no
13308	1	no
13309	0	no
13310	0	no
13311	0	no
13312	0	no
13313	1	no
13314	0	no
13315	0	no
13316	0	no
13317	0	no
13318	0	no
13319	1	no
13320	0	no
13321	0	no
13322	0	no
13323	5	no
13324	0	no
13325	0	no
13326	0	no
13327	0	no
13328	1	no
13329	0	no
13330	0	no
13331	0	no
13332	0	no
13333	0	no
13334	4	no
13335	0	no
13336	0	no
13337	0	no
13338	4	no
13339	1	no
13340	0	no
13341	0	no
13342	3	no
13343	0	no
13344	0	no
13345	0	no
13346	0	no
13347	5	no
13348	0	no
13349	0	no
13350	0	no
13351	0	no
13352	0	no
13353	0	no
13354	4	no
13355	0	no
13356	0	no
13357	0	no
13358	0	no
13359	1	no
13360	4	no
13361	4	no
13362	0	no
13363	1	no
13364	0	no
13365	0	no
13366	0	no
13367	0	no
13368	0	no
13369	0	no
13370	1	no
13371	0	no
13372	0	no
13373	0	no
13374	0	no
13375	0	no
13376	0	no
13377	0	no
13378	0	no
13379	0	no
13380	0	no
13381	0	no
13382	0	no
13383	0	no
13384	0	no
13385	0	no
13386	1	no
13387	0	no
13388	0	no
13389	1	no
13390	1	no
13391	4	no
13392	0	no
13393	0	no
13394	0	no
13395	0	no
13396	3	no
13397	0	no
13398	0	no
13399	0	no
13400	0	no
13401	0	no
13402	0	no
13403	0	no
13404	0	no
13405	0	no
13406	0	no
13407	0	no
13408	0	no
13409	0	no
13410	0	no
13411	0	no
13412	0	no
13413	0	no
13414	3	no
13415	4	no
13416	0	no
13417	0	no
13418	0	no
13419	0	no
13420	3	no
13421	1	no
13422	1	no
13423	0	no
13424	0	no
13425	0	no
13426	0	no
13427	0	no
13428	1	no
13429	0	no
13430	0	no
13431	0	no
13432	0	no
13433	0	no
13434	0	no
13435	0	no
13436	0	no
13437	0	no
13438	0	no
13439	0	no
13440	0	no
13441	0	no
13442	0	no
13443	0	no
13444	0	no
13445	0	no
13446	0	no
13447	0	no
13448	4	no
13449	0	no
13450	4	no
13451	0	no
13452	0	no
13453	0	no
13454	0	no
13455	0	no
13456	0	no
13457	0	no
13458	0	no
13459	0	no
13460	0	no
13461	1	no
13462	0	no
13463	1	no
13464	0	no
13465	0	no
13466	0	no
13467	0	no
13468	0	no
13469	0	no
13470	0	no
13471	0	no
13472	0	no
13473	3	no
13474	0	no
13475	4	no
13476	0	no
13477	0	no
13478	0	no
13479	0	no
13480	0	no
13481	4	no
13482	0	no
13483	0	no
13484	4	no
13485	0	no
13486	0	no
13487	0	no
13488	0	no
13489	0	no
13490	0	no
13491	0	no
13492	0	no
13493	0	no
13494	0	no
13495	1	no
13496	0	no
13497	0	no
13498	4	no
13499	0	no
13500	0	no
13501	0	no
13502	0	no
13503	0	no
13504	0	no
13505	0	no
13506	4	no
13507	0	no
13508	0	no
13509	0	no
13510	0	no
13511	0	no
13512	1	no
13513	0	no
13514	0	no
13515	0	no
13516	0	no
13517	0	no
13518	0	no
13519	0	no
13520	1	no
13521	1	no
13522	0	no
13523	0	no
13524	0	no
13525	0	no
13526	0	no
13527	0	no
13528	0	no
13529	0	no
13530	0	no
13531	0	no
13532	0	no
13533	0	no
13534	0	no
13535	4	no
13536	0	no
13537	0	no
13538	4	no
13539	0	no
13540	0	no
13541	0	no
13542	4	no
13543	4	no
13544	1	no
13545	0	no
13546	0	no
13547	4	no
13548	0	no
13549	0	no
13550	0	no
13551	0	no
13552	0	no
13553	0	no
13554	1	no
13555	0	no
13556	0	no
13557	0	no
13558	0	no
13559	0	no
13560	0	no
13561	0	no
13562	1	no
13563	0	no
13564	0	no
13565	0	no
13566	0	no
13567	0	no
13568	0	no
13569	0	no
13570	0	no
13571	0	no
13572	0	no
13573	0	no
13574	4	no
13575	0	no
13576	0	no
13577	4	no
13578	0	no
13579	0	no
13580	0	no
13581	0	no
13582	0	no
13583	1	no
13584	0	no
13585	0	no
13586	0	no
13587	0	no
13588	0	no
13589	0	no
13590	0	no
13591	3	no
13592	1	no
13593	0	no
13594	0	no
13595	0	no
13596	0	no
13597	0	no
13598	4	no
13599	0	no
13600	0	no
13601	0	no
13602	4	no
13603	0	no
13604	0	no
13605	0	no
13606	4	no
13607	0	no
13608	0	no
13609	1	no
13610	0	no
13611	0	no
13612	3	no
13613	0	no
13614	0	no
13615	3	no
13616	1	no
13617	3	no
13618	1	no
13619	1	no
13620	0	no
13621	0	no
13622	3	no
13623	0	no
13624	0	no
13625	0	no
13626	0	no
13627	0	no
13628	0	no
13629	1	no
13630	0	no
13631	0	no
13632	0	no
13633	0	no
13634	0	no
13635	0	no
13636	0	no
13637	0	no
13638	0	no
13639	0	no
13640	0	no
13641	0	no
13642	0	no
13643	0	no
13644	0	no
13645	0	no
13646	0	no
13647	4	no
13648	0	no
13649	4	no
13650	0	no
13651	0	no
13652	0	no
13653	0	no
13654	0	no
13655	0	no
13656	0	no
13657	0	no
13658	4	no
13659	0	no
13660	0	no
13661	0	no
13662	0	no
13663	0	no
13664	0	no
13665	1	no
13666	0	no
13667	0	no
13668	0	no
13669	0	no
13670	0	no
13671	0	no
13672	0	no
13673	1	no
13674	4	no
13675	0	no
13676	0	no
13677	0	no
13678	1	no
13679	1	no
13680	1	no
13681	1	no
13682	1	no
13683	0	no
13684	1	no
13685	1	no
13686	4	no
13687	0	no
13688	4	no
13689	0	no
13690	0	no
13691	0	no
13692	0	no
13693	0	no
13694	0	no
13695	0	no
13696	0	no
13697	0	no
13698	0	no
13699	0	no
13700	0	no
13701	0	no
13702	0	no
13703	0	no
13704	0	no
13705	0	no
13706	0	no
13707	0	no
13708	0	no
13709	0	no
13710	0	no
13711	0	no
13712	0	no
13713	0	no
13714	0	no
13715	0	no
13716	0	no
13717	0	no
13718	0	no
13719	4	no
13720	0	no
13721	0	no
13722	0	no
13723	0	no
13724	0	no
13725	0	no
13726	0	no
13727	1	no
13728	0	no
13729	0	no
13730	0	no
13731	0	no
13732	0	no
13733	0	no
13734	0	no
13735	0	no
13736	0	no
13737	0	no
13738	0	no
13739	0	no
13740	0	no
13741	0	no
13742	0	no
13743	4	no
13744	0	no
13745	0	no
13746	1	no
13747	0	no
13748	0	no
13749	0	no
13750	0	no
13751	0	no
13752	0	no
13753	0	no
13754	0	no
13755	1	no
13756	0	no
13757	0	no
13758	0	no
13759	0	no
13760	3	no
13761	0	no
13762	0	no
13763	0	no
13764	1	no
13765	0	no
13766	0	no
13767	0	no
13768	0	no
13769	0	no
13770	0	no
13771	1	no
13772	0	no
13773	0	no
13774	0	no
13775	0	no
13776	1	no
13777	0	no
13778	0	no
13779	0	no
13780	3	no
13781	0	no
13782	0	no
13783	0	no
13784	0	no
13785	0	no
13786	0	no
13787	0	no
13788	0	no
13789	4	no
13790	0	no
13791	0	no
13792	0	no
13793	0	no
13794	0	no
13795	0	no
13796	0	no
13797	0	no
13798	1	no
13799	0	no
13800	0	no
13801	0	no
13802	1	no
13803	0	no
13804	0	no
13805	0	no
13806	0	no
13807	0	no
13808	4	no
13809	0	no
13810	0	no
13811	0	no
13812	0	no
13813	0	no
13814	0	no
13815	0	no
13816	0	no
13817	0	no
13818	0	no
13819	0	no
13820	0	no
13821	0	no
13822	0	no
13823	0	no
13824	0	no
13825	0	no
13826	0	no
13827	1	no
13828	0	no
13829	0	no
13830	0	no
13831	0	no
13832	0	no
13833	0	no
13834	0	no
13835	0	no
13836	5	no
13837	4	no
13838	0	no
13839	0	no
13840	0	no
13841	0	no
13842	0	no
13843	0	no
13844	4	no
13845	0	no
13846	0	no
13847	0	no
13848	0	no
13849	0	no
13850	4	no
13851	0	no
13852	0	no
13853	0	no
13854	0	no
13855	0	no
13856	0	no
13857	0	no
13858	0	no
13859	0	no
13860	0	no
13861	0	no
13862	0	no
13863	0	no
13864	0	no
13865	0	no
13866	0	no
13867	0	no
13868	0	no
13869	4	no
13870	0	no
13871	0	no
13872	1	no
13873	0	no
13874	0	no
13875	0	no
13876	0	no
13877	0	no
13878	1	no
13879	0	no
13880	0	no
13881	0	no
13882	0	no
13883	0	no
13884	0	no
13885	0	no
13886	0	no
13887	0	no
13888	0	no
13889	0	no
13890	0	no
13891	4	no
13892	1	no
13893	5	no
13894	3	no
13895	0	no
13896	0	no
13897	0	no
13898	4	no
13899	0	no
13900	0	no
13901	3	no
13902	0	no
13903	0	no
13904	0	no
13905	0	no
13906	0	no
13907	0	no
13908	0	no
13909	0	no
13910	0	no
13911	1	no
13912	0	no
13913	1	no
13914	4	no
13915	0	no
13916	0	no
13917	0	no
13918	0	no
13919	0	no
13920	0	no
13921	0	no
13922	0	no
13923	0	no
13924	0	no
13925	0	no
13926	0	no
13927	0	no
13928	5	no
13929	0	no
13930	0	no
13931	0	no
13932	0	no
13933	0	no
13934	0	no
13935	0	no
13936	0	no
13937	1	no
13938	0	no
13939	0	no
13940	0	no
13941	0	no
13942	0	no
13943	0	no
13944	0	no
13945	0	no
13946	0	no
13947	0	no
13948	1	no
13949	0	no
13950	0	no
13951	0	no
13952	0	no
13953	3	no
13954	0	no
13955	0	no
13956	0	no
13957	0	no
13958	0	no
13959	0	no
13960	0	no
13961	0	no
13962	0	no
13963	0	no
13964	0	no
13965	0	no
13966	0	no
13967	0	no
13968	0	no
13969	0	no
13970	0	no
13971	0	no
13972	4	no
13973	0	no
13974	0	no
13975	0	no
13976	0	no
13977	0	no
13978	0	no
13979	0	no
13980	0	no
13981	0	no
13982	0	no
13983	0	no
13984	0	no
13985	0	no
13986	0	no
13987	0	no
13988	0	no
13989	1	no
13990	0	no
13991	1	no
13992	0	no
13993	0	no
13994	4	no
13995	0	no
13996	0	no
13997	0	no
13998	0	no
13999	0	no
14000	1	no
14001	4	no
14002	1	no
14003	0	no
14004	0	no
14005	0	no
14006	0	no
14007	1	no
14008	0	no
14009	1	no
14010	0	no
14011	0	no
14012	0	no
14013	0	no
14014	0	no
14015	0	no
14016	0	no
14017	0	no
14018	0	no
14019	2	no
14020	0	no
14021	1	no
14022	0	no
14023	0	no
14024	0	no
14025	0	no
14026	0	no
14027	0	no
14028	0	no
14029	0	no
14030	0	no
14031	0	no
14032	0	no
14033	0	no
14034	1	no
14035	0	no
14036	0	no
14037	0	no
14038	0	no
14039	1	no
14040	0	no
14041	0	no
14042	0	no
14043	0	no
14044	0	no
14045	0	no
14046	0	no
14047	0	no
14048	0	no
14049	1	no
14050	0	no
14051	0	no
14052	0	no
14053	0	no
14054	0	no
14055	4	no
14056	0	no
14057	0	no
14058	0	no
14059	0	no
14060	0	no
14061	0	no
14062	0	no
14063	0	no
14064	0	no
14065	1	no
14066	0	no
14067	0	no
14068	0	no
14069	0	no
14070	1	no
14071	0	no
14072	0	no
14073	0	no
14074	0	no
14075	0	no
14076	0	no
14077	1	no
14078	0	no
14079	0	no
14080	0	no
14081	1	no
14082	0	no
14083	0	no
14084	0	no
14085	0	no
14086	0	no
14087	0	no
14088	0	no
14089	0	no
14090	1	no
14091	0	no
14092	0	no
14093	0	no
14094	0	no
14095	0	no
14096	0	no
14097	0	no
14098	0	no
14099	0	no
14100	0	no
14101	0	no
14102	0	no
14103	0	no
14104	0	no
14105	0	no
14106	0	no
14107	0	no
14108	1	no
14109	0	no
14110	0	no
14111	0	no
14112	0	no
14113	3	no
14114	0	no
14115	0	no
14116	0	no
14117	4	no
14118	0	no
14119	1	no
14120	0	no
14121	3	no
14122	1	no
14123	1	no
14124	0	no
14125	0	no
14126	0	no
14127	0	no
14128	0	no
14129	0	no
14130	1	no
14131	0	no
14132	0	no
14133	0	no
14134	0	no
14135	0	no
14136	1	no
14137	0	no
14138	0	no
14139	0	no
14140	0	no
14141	0	no
14142	0	no
14143	3	no
14144	0	no
14145	0	no
14146	4	no
14147	0	no
14148	0	no
14149	0	no
14150	0	no
14151	0	no
14152	0	no
14153	0	no
14154	0	no
14155	0	no
14156	0	no
14157	0	no
14158	0	no
14159	0	no
14160	0	no
14161	0	no
14162	0	no
14163	1	no
14164	0	no
14165	1	no
14166	0	no
14167	0	no
14168	0	no
14169	0	no
14170	0	no
14171	1	no
14172	0	no
14173	0	no
14174	0	no
14175	0	no
14176	0	no
14177	0	no
14178	0	no
14179	1	no
14180	0	no
14181	0	no
14182	0	no
14183	0	no
14184	0	no
14185	0	no
14186	3	no
14187	0	no
14188	0	no
14189	0	no
14190	0	no
14191	0	no
14192	0	no
14193	0	no
14194	4	no
14195	0	no
14196	0	no
14197	0	no
14198	0	no
14199	0	no
14200	0	no
14201	0	no
14202	0	no
14203	0	no
14204	0	no
14205	0	no
14206	0	no
14207	1	no
14208	0	no
14209	0	no
14210	4	no
14211	0	no
14212	0	no
14213	0	no
14214	0	no
14215	0	no
14216	0	no
14217	0	no
14218	0	no
14219	0	no
14220	0	no
14221	0	no
14222	0	no
14223	0	no
14224	0	no
14225	0	no
14226	0	no
14227	0	no
14228	0	no
14229	0	no
14230	0	no
14231	0	no
14232	0	no
14233	0	no
14234	0	no
14235	1	no
14236	0	no
14237	0	no
14238	0	no
14239	0	no
14240	0	no
14241	0	no
14242	0	no
14243	0	no
14244	0	no
14245	0	no
14246	0	no
14247	0	no
14248	0	no
14249	0	no
14250	0	no
14251	0	no
14252	4	no
14253	0	no
14254	0	no
14255	0	no
14256	0	no
14257	0	no
14258	0	no
14259	0	no
14260	3	no
14261	0	no
14262	0	no
14263	0	no
14264	0	no
14265	0	no
14266	0	no
14267	0	no
14268	0	no
14269	0	no
14270	0	no
14271	0	no
14272	0	no
14273	0	no
14274	2	no
14275	0	no
14276	4	no
14277	4	no
14278	0	no
14279	0	no
14280	0	no
14281	4	no
14282	0	no
14283	0	no
14284	0	no
14285	0	no
14286	4	no
14287	0	no
14288	0	no
14289	1	no
14290	0	no
14291	0	no
14292	0	no
14293	4	no
14294	0	no
14295	0	no
14296	0	no
14297	0	no
14298	0	no
14299	0	no
14300	0	no
14301	0	no
14302	0	no
14303	0	no
14304	4	no
14305	4	no
14306	0	no
14307	4	no
14308	0	no
14309	0	no
14310	4	no
14311	0	no
14312	0	no
14313	0	no
14314	1	no
14315	0	no
14316	1	no
14317	0	no
14318	0	no
14319	1	no
14320	0	no
14321	0	no
14322	0	no
14323	0	no
14324	0	no
14325	4	no
14326	0	no
14327	0	no
14328	0	no
14329	0	no
14330	0	no
14331	0	no
14332	1	no
14333	1	no
14334	0	no
14335	4	no
14336	0	no
14337	1	no
14338	0	no
14339	1	no
14340	0	no
14341	0	no
14342	0	no
14343	0	no
14344	0	no
14345	0	no
14346	0	no
14347	0	no
14348	2	no
14349	0	no
14350	0	no
14351	0	no
14352	0	no
14353	0	no
14354	0	no
14355	0	no
14356	0	no
14357	0	no
14358	0	no
14359	0	no
14360	1	no
14361	1	no
14362	0	no
14363	4	no
14364	0	no
14365	0	no
14366	0	no
14367	0	no
14368	0	no
14369	1	no
14370	0	no
14371	0	no
14372	0	no
14373	0	no
14374	0	no
14375	0	no
14376	0	no
14377	0	no
14378	0	no
14379	0	no
14380	0	no
14381	0	no
14382	0	no
14383	0	no
14384	0	no
14385	1	no
14386	0	no
14387	4	no
14388	0	no
14389	1	no
14390	0	no
14391	0	no
14392	0	no
14393	0	no
14394	0	no
14395	0	no
14396	0	no
14397	0	no
14398	0	no
14399	0	no
14400	0	no
14401	1	no
14402	0	no
14403	0	no
14404	0	no
14405	0	no
14406	0	no
14407	1	no
14408	0	no
14409	0	no
14410	0	no
14411	0	no
14412	0	no
14413	0	no
14414	0	no
14415	0	no
14416	0	no
14417	1	no
14418	0	no
14419	0	no
14420	0	no
14421	0	no
14422	0	no
14423	0	no
14424	0	no
14425	0	no
14426	1	no
14427	0	no
14428	3	no
14429	0	no
14430	1	no
14431	0	no
14432	0	no
14433	0	no
14434	0	no
14435	0	no
14436	0	no
14437	4	no
14438	0	no
14439	0	no
14440	0	no
14441	0	no
14442	4	no
14443	1	no
14444	0	no
14445	0	no
14446	0	no
14447	0	no
14448	0	no
14449	0	no
14450	2	no
14451	0	no
14452	4	no
14453	1	no
14454	0	no
14455	0	no
14456	4	no
14457	0	no
14458	0	no
14459	0	no
14460	0	no
14461	0	no
14462	0	no
14463	4	no
14464	0	no
14465	0	no
14466	0	no
14467	0	no
14468	0	no
14469	0	no
14470	0	no
14471	0	no
14472	4	no
14473	0	no
14474	0	no
14475	0	no
14476	0	no
14477	0	no
14478	0	no
14479	0	no
14480	0	no
14481	0	no
14482	0	no
14483	0	no
14484	0	no
14485	0	no
14486	0	no
14487	0	no
14488	0	no
14489	0	no
14490	0	no
14491	0	no
14492	0	no
14493	0	no
14494	0	no
14495	0	no
14496	0	no
14497	4	no
14498	0	no
14499	0	no
14500	1	no
14501	0	no
14502	4	no
14503	0	no
14504	0	no
14505	0	no
14506	0	no
14507	0	no
14508	0	no
14509	0	no
14510	1	no
14511	0	no
14512	0	no
14513	0	no
14514	0	no
14515	1	no
14516	1	no
14517	0	no
14518	0	no
14519	0	no
14520	0	no
14521	1	no
14522	0	no
14523	0	no
14524	0	no
14525	0	no
14526	0	no
14527	0	no
14528	0	no
14529	0	no
14530	0	no
14531	0	no
14532	0	no
14533	0	no
14534	0	no
14535	3	no
14536	0	no
14537	0	no
14538	0	no
14539	0	no
14540	0	no
14541	0	no
14542	0	no
14543	0	no
14544	0	no
14545	0	no
14546	0	no
14547	0	no
14548	0	no
14549	0	no
14550	0	no
14551	0	no
14552	0	no
14553	0	no
14554	0	no
14555	0	no
14556	0	no
14557	4	no
14558	4	no
14559	0	no
14560	5	no
14561	0	no
14562	0	no
14563	0	no
14564	0	no
14565	0	no
14566	0	no
14567	0	no
14568	4	no
14569	0	no
14570	0	no
14571	0	no
14572	0	no
14573	0	no
14574	0	no
14575	0	no
14576	1	no
14577	0	no
14578	0	no
14579	0	no
14580	0	no
14581	4	no
14582	0	no
14583	0	no
14584	0	no
14585	0	no
14586	0	no
14587	0	no
14588	0	no
14589	0	no
14590	0	no
14591	0	no
14592	0	no
14593	0	no
14594	0	no
14595	4	no
14596	0	no
14597	1	no
14598	0	no
14599	0	no
14600	1	no
14601	0	no
14602	1	no
14603	0	no
14604	0	no
14605	0	no
14606	0	no
14607	0	no
14608	4	no
14609	0	no
14610	0	no
14611	0	no
14612	0	no
14613	0	no
14614	4	no
14615	0	no
14616	0	no
14617	0	no
14618	0	no
14619	0	no
14620	0	no
14621	1	no
14622	0	no
14623	0	no
14624	0	no
14625	0	no
14626	0	no
14627	4	no
14628	0	no
14629	0	no
14630	4	no
14631	0	no
14632	0	no
14633	0	no
14634	0	no
14635	0	no
14636	0	no
14637	0	no
14638	0	no
14639	0	no
14640	0	no
14641	0	no
14642	1	no
14643	0	no
14644	0	no
14645	0	no
14646	0	no
14647	0	no
14648	0	no
14649	4	no
14650	1	no
14651	0	no
14652	0	no
14653	0	no
14654	0	no
14655	0	no
14656	0	no
14657	1	no
14658	0	no
14659	0	no
14660	0	no
14661	0	no
14662	0	no
14663	0	no
14664	0	no
14665	0	no
14666	1	no
14667	0	no
14668	0	no
14669	0	no
14670	0	no
14671	0	no
14672	0	no
14673	0	no
14674	0	no
14675	1	no
14676	0	no
14677	0	no
14678	0	no
14679	0	no
14680	0	no
14681	0	no
14682	0	no
14683	4	no
14684	0	no
14685	0	no
14686	4	no
14687	0	no
14688	0	no
14689	0	no
14690	0	no
14691	0	no
14692	0	no
14693	0	no
14694	0	no
14695	0	no
14696	0	no
14697	0	no
14698	0	no
14699	0	no
14700	0	no
14701	0	no
14702	0	no
14703	1	no
14704	0	no
14705	0	no
14706	0	no
14707	0	no
14708	0	no
14709	0	no
14710	0	no
14711	0	no
14712	0	no
14713	0	no
14714	0	no
14715	0	no
14716	0	no
14717	2	no
14718	4	no
14719	0	no
14720	1	no
14721	0	no
14722	1	no
14723	1	no
14724	0	no
14725	0	no
14726	0	no
14727	0	no
14728	1	no
14729	0	no
14730	0	no
14731	0	no
14732	0	no
14733	0	no
14734	0	no
14735	0	no
14736	4	no
14737	1	no
14738	1	no
14739	0	no
14740	0	no
14741	0	no
14742	0	no
14743	4	no
14744	1	no
14745	1	no
14746	0	no
14747	0	no
14748	0	no
14749	0	no
14750	0	no
14751	1	no
14752	1	no
14753	0	no
14754	0	no
14755	0	no
14756	0	no
14757	0	no
14758	0	no
14759	0	no
14760	0	no
14761	0	no
14762	0	no
14763	0	no
14764	0	no
14765	0	no
14766	0	no
14767	0	no
14768	0	no
14769	0	no
14770	0	no
14771	0	no
14772	0	no
14773	0	no
14774	0	no
14775	0	no
14776	0	no
14777	0	no
14778	0	no
14779	0	no
14780	0	no
14781	0	no
14782	0	no
14783	0	no
14784	0	no
14785	1	no
14786	4	no
14787	0	no
14788	4	no
14789	0	no
14790	5	no
14791	0	no
14792	0	no
14793	0	no
14794	0	no
14795	0	no
14796	0	no
14797	0	no
14798	0	no
14799	0	no
14800	0	no
14801	0	no
14802	0	no
14803	0	no
14804	0	no
14805	0	no
14806	0	no
14807	0	no
14808	4	no
14809	0	no
14810	0	no
14811	0	no
14812	0	no
14813	0	no
14814	4	no
14815	0	no
14816	0	no
14817	0	no
14818	0	no
14819	0	no
14820	4	no
14821	0	no
14822	0	no
14823	0	no
14824	0	no
14825	0	no
14826	1	no
14827	0	no
14828	0	no
14829	0	no
14830	0	no
14831	0	no
14832	1	no
14833	0	no
14834	0	no
14835	0	no
14836	1	no
14837	0	no
14838	1	no
14839	1	no
14840	0	no
14841	0	no
14842	0	no
14843	0	no
14844	0	no
14845	0	no
14846	0	no
14847	0	no
14848	0	no
14849	0	no
14850	0	no
14851	0	no
14852	0	no
14853	0	no
14854	0	no
14855	0	no
14856	0	no
14857	0	no
14858	0	no
14859	0	no
14860	0	no
14861	0	no
14862	0	no
14863	0	no
14864	0	no
14865	0	no
14866	0	no
14867	0	no
14868	0	no
14869	0	no
14870	0	no
14871	0	no
14872	4	no
14873	0	no
14874	0	no
14875	0	no
14876	4	no
14877	0	no
14878	0	no
14879	0	no
14880	0	no
14881	0	no
14882	0	no
14883	0	no
14884	0	no
14885	0	no
14886	0	no
14887	0	no
14888	4	no
14889	0	no
14890	1	no
14891	1	no
14892	0	no
14893	0	no
14894	0	no
14895	0	no
14896	0	no
14897	0	no
14898	0	no
14899	0	no
14900	0	no
14901	0	no
14902	0	no
14903	0	no
14904	0	no
14905	0	no
14906	0	no
14907	1	no
14908	0	no
14909	0	no
14910	0	no
14911	0	no
14912	0	no
14913	0	no
14914	1	no
14915	0	no
14916	0	no
14917	0	no
14918	0	no
14919	2	no
14920	4	no
14921	0	no
14922	0	no
14923	1	no
14924	1	no
14925	0	no
14926	0	no
14927	0	no
14928	0	no
14929	1	no
14930	0	no
14931	0	no
14932	0	no
14933	0	no
14934	0	no
14935	0	no
14936	0	no
14937	0	no
14938	0	no
14939	0	no
14940	0	no
14941	0	no
14942	0	no
14943	4	no
14944	0	no
14945	1	no
14946	0	no
14947	0	no
14948	0	no
14949	0	no
14950	0	no
14951	0	no
14952	0	no
14953	0	no
14954	4	no
14955	0	no
14956	0	no
14957	0	no
14958	0	no
14959	0	no
14960	0	no
14961	0	no
14962	1	no
14963	0	no
14964	0	no
14965	0	no
14966	0	no
14967	0	no
14968	0	no
14969	0	no
14970	0	no
14971	0	no
14972	0	no
14973	0	no
14974	0	no
14975	0	no
14976	0	no
14977	0	no
14978	0	no
14979	0	no
14980	0	no
14981	0	no
14982	2	no
14983	0	no
14984	0	no
14985	0	no
14986	4	no
14987	0	no
14988	0	no
14989	0	no
14990	0	no
14991	0	no
14992	0	no
14993	0	no
14994	0	no
14995	0	no
14996	0	no
14997	0	no
14998	0	no
14999	4	no
15000	0	no
15001	0	no
15002	1	no
15003	0	no
15004	0	no
15005	0	no
15006	4	no
15007	0	no
15008	0	no
15009	0	no
15010	0	no
15011	0	no
15012	0	no
15013	0	no
15014	0	no
15015	0	no
15016	0	no
15017	0	no
15018	0	no
15019	0	no
15020	0	no
15021	0	no
15022	0	no
15023	1	no
15024	0	no
15025	0	no
15026	0	no
15027	0	no
15028	0	no
15029	0	no
15030	1	no
15031	0	no
15032	0	no
15033	0	no
15034	0	no
15035	0	no
15036	0	no
15037	0	no
15038	0	no
15039	0	no
15040	0	no
15041	0	no
15042	0	no
15043	0	no
15044	0	no
15045	0	no
15046	0	no
15047	0	no
15048	0	no
15049	0	no
15050	0	no
15051	0	no
15052	0	no
15053	0	no
15054	0	no
15055	0	no
15056	0	no
15057	0	no
15058	1	no
15059	0	no
15060	4	no
15061	0	no
15062	0	no
15063	0	no
15064	0	no
15065	0	no
15066	4	no
15067	0	no
15068	4	no
15069	0	no
15070	0	no
15071	0	no
15072	0	no
15073	0	no
15074	0	no
15075	0	no
15076	0	no
15077	0	no
15078	0	no
15079	0	no
15080	0	no
15081	0	no
15082	4	no
15083	0	no
15084	0	no
15085	0	no
15086	0	no
15087	0	no
15088	1	no
15089	0	no
15090	0	no
15091	0	no
15092	0	no
15093	0	no
15094	0	no
15095	0	no
15096	0	no
15097	1	no
15098	0	no
15099	1	no
15100	0	no
15101	0	no
15102	0	no
15103	0	no
15104	0	no
15105	0	no
15106	0	no
15107	0	no
15108	0	no
15109	0	no
15110	0	no
15111	0	no
15112	0	no
15113	0	no
15114	0	no
15115	0	no
15116	4	no
15117	0	no
15118	0	no
15119	0	no
15120	0	no
15121	0	no
15122	0	no
15123	2	no
15124	0	no
15125	0	no
15126	2	no
15127	0	no
15128	0	no
15129	0	no
15130	1	no
15131	0	no
15132	3	no
15133	4	no
15134	0	no
15135	4	no
15136	0	no
15137	4	no
15138	0	no
15139	0	no
15140	0	no
15141	0	no
15142	0	no
15143	0	no
15144	0	no
15145	0	no
15146	0	no
15147	0	no
15148	0	no
15149	0	no
15150	0	no
15151	0	no
15152	0	no
15153	0	no
15154	0	no
15155	1	no
15156	0	no
15157	0	no
15158	0	no
15159	1	no
15160	0	no
15161	0	no
15162	0	no
15163	0	no
15164	0	no
15165	0	no
15166	1	no
15167	4	no
15168	0	no
15169	0	no
15170	0	no
15171	1	no
15172	1	no
15173	0	no
15174	4	no
15175	0	no
15176	0	no
15177	0	no
15178	0	no
15179	0	no
15180	0	no
15181	0	no
15182	0	no
15183	0	no
15184	4	no
15185	4	no
15186	0	no
15187	0	no
15188	0	no
15189	0	no
15190	1	no
15191	0	no
15192	0	no
15193	0	no
15194	0	no
15195	0	no
15196	4	no
15197	0	no
15198	0	no
15199	0	no
15200	0	no
15201	0	no
15202	1	no
15203	0	no
15204	1	no
15205	4	no
15206	0	no
15207	0	no
15208	0	no
15209	0	no
15210	0	no
15211	0	no
15212	4	no
15213	0	no
15214	0	no
15215	0	no
15216	0	no
15217	1	no
15218	0	no
15219	0	no
15220	0	no
15221	0	no
15222	0	no
15223	0	no
15224	0	no
15225	0	no
15226	0	no
15227	0	no
15228	4	no
15229	0	no
15230	0	no
15231	1	no
15232	0	no
15233	0	no
15234	1	no
15235	0	no
15236	0	no
15237	0	no
15238	0	no
15239	0	no
15240	0	no
15241	0	no
15242	0	no
15243	0	no
15244	0	no
15245	0	no
15246	0	no
15247	0	no
15248	4	no
15249	0	no
15250	1	no
15251	4	no
15252	0	no
15253	0	no
15254	4	no
15255	0	no
15256	0	no
15257	0	no
15258	1	no
15259	0	no
15260	0	no
15261	0	no
15262	0	no
15263	0	no
15264	0	no
15265	0	no
15266	4	no
15267	4	no
15268	0	no
15269	0	no
15270	0	no
15271	0	no
15272	1	no
15273	0	no
15274	0	no
15275	0	no
15276	0	no
15277	0	no
15278	1	no
15279	0	no
15280	0	no
15281	0	no
15282	0	no
15283	0	no
15284	0	no
15285	0	no
15286	0	no
15287	0	no
15288	0	no
15289	0	no
15290	1	no
15291	0	no
15292	0	no
15293	0	no
15294	0	no
15295	1	no
15296	4	no
15297	0	no
15298	0	no
15299	0	no
15300	0	no
15301	0	no
15302	4	no
15303	0	no
15304	4	no
15305	1	no
15306	0	no
15307	0	no
15308	0	no
15309	0	no
15310	0	no
15311	0	no
15312	0	no
15313	0	no
15314	0	no
15315	0	no
15316	4	no
15317	1	no
15318	0	no
15319	0	no
15320	0	no
15321	0	no
15322	0	no
15323	4	no
15324	0	no
15325	0	no
15326	0	no
15327	1	no
15328	0	no
15329	0	no
15330	0	no
15331	0	no
15332	0	no
15333	1	no
15334	0	no
15335	0	no
15336	3	no
15337	0	no
15338	4	no
15339	0	no
15340	0	no
15341	0	no
15342	1	no
15343	1	no
15344	0	no
15345	0	no
15346	0	no
15347	0	no
15348	0	no
15349	0	no
15350	0	no
15351	0	no
15352	4	no
15353	0	no
15354	1	no
15355	0	no
15356	0	no
15357	0	no
15358	0	no
15359	0	no
15360	0	no
15361	0	no
15362	0	no
15363	0	no
15364	0	no
15365	0	no
15366	0	no
15367	4	no
15368	0	no
15369	0	no
15370	0	no
15371	0	no
15372	0	no
15373	0	no
15374	0	no
15375	0	no
15376	1	no
15377	0	no
15378	0	no
15379	0	no
15380	0	no
15381	0	no
15382	0	no
15383	0	no
15384	0	no
15385	0	no
15386	0	no
15387	0	no
15388	0	no
15389	0	no
15390	0	no
15391	0	no
15392	0	no
15393	0	no
15394	0	no
15395	0	no
15396	0	no
15397	1	no
15398	0	no
15399	0	no
15400	0	no
15401	0	no
15402	0	no
15403	0	no
15404	0	no
15405	0	no
15406	0	no
15407	1	no
15408	0	no
15409	0	no
15410	1	no
15411	0	no
15412	0	no
15413	1	no
15414	0	no
15415	0	no
15416	1	no
15417	0	no
15418	0	no
15419	0	no
15420	0	no
15421	0	no
15422	0	no
15423	1	no
15424	0	no
15425	4	no
15426	0	no
15427	3	no
15428	0	no
15429	1	no
15430	0	no
15431	0	no
15432	0	no
15433	0	no
15434	0	no
15435	0	no
15436	0	no
15437	0	no
15438	0	no
15439	0	no
15440	0	no
15441	0	no
15442	0	no
15443	0	no
15444	0	no
15445	1	no
15446	1	no
15447	0	no
15448	0	no
15449	1	no
15450	0	no
15451	0	no
15452	0	no
15453	0	no
15454	0	no
15455	0	no
15456	0	no
15457	0	no
15458	0	no
15459	0	no
15460	0	no
15461	0	no
15462	0	no
15463	0	no
15464	0	no
15465	0	no
15466	0	no
15467	0	no
15468	0	no
15469	4	no
15470	0	no
15471	0	no
15472	0	no
15473	0	no
15474	0	no
15475	0	no
15476	0	no
15477	0	no
15478	4	no
15479	0	no
15480	0	no
15481	0	no
15482	0	no
15483	0	no
15484	0	no
15485	1	no
15486	0	no
15487	0	no
15488	0	no
15489	1	no
15490	0	no
15491	0	no
15492	0	no
15493	0	no
15494	0	no
15495	0	no
15496	0	no
15497	0	no
15498	0	no
15499	0	no
15500	0	no
15501	0	no
15502	0	no
15503	0	no
15504	0	no
15505	1	no
15506	0	no
15507	0	no
15508	0	no
15509	0	no
15510	0	no
15511	0	no
15512	0	no
15513	4	no
15514	0	no
15515	4	no
15516	0	no
15517	0	no
15518	0	no
15519	0	no
15520	0	no
15521	0	no
15522	0	no
15523	0	no
15524	0	no
15525	0	no
15526	1	no
15527	0	no
15528	3	no
15529	0	no
15530	0	no
15531	1	no
15532	0	no
15533	0	no
15534	0	no
15535	0	no
15536	0	no
15537	0	no
15538	0	no
15539	0	no
15540	0	no
15541	0	no
15542	0	no
15543	0	no
15544	0	no
15545	0	no
15546	0	no
15547	0	no
15548	0	no
15549	0	no
15550	0	no
15551	0	no
15552	0	no
15553	0	no
15554	0	no
15555	0	no
15556	0	no
15557	0	no
15558	0	no
15559	0	no
15560	4	no
15561	0	no
15562	0	no
15563	0	no
15564	1	no
15565	0	no
15566	0	no
15567	1	no
15568	0	no
15569	0	no
15570	0	no
15571	0	no
15572	1	no
15573	0	no
15574	1	no
15575	0	no
15576	0	no
15577	4	no
15578	0	no
15579	0	no
15580	0	no
15581	0	no
15582	0	no
15583	0	no
15584	0	no
15585	0	no
15586	0	no
15587	0	no
15588	0	no
15589	0	no
15590	0	no
15591	1	no
15592	1	no
15593	0	no
15594	0	no
15595	0	no
15596	0	no
15597	0	no
15598	0	no
15599	0	no
15600	0	no
15601	0	no
15602	0	no
15603	0	no
15604	0	no
15605	0	no
15606	0	no
15607	1	no
15608	0	no
15609	0	no
15610	0	no
15611	0	no
15612	0	no
15613	0	no
15614	0	no
15615	3	no
15616	0	no
15617	0	no
15618	0	no
15619	0	no
15620	0	no
15621	0	no
15622	0	no
15623	0	no
15624	0	no
15625	0	no
15626	0	no
15627	0	no
15628	0	no
15629	0	no
15630	0	no
15631	0	no
15632	0	no
15633	0	no
15634	0	no
15635	0	no
15636	0	no
15637	0	no
15638	0	no
15639	0	no
15640	0	no
15641	0	no
15642	0	no
15643	0	no
15644	0	no
15645	0	no
15646	0	no
15647	0	no
15648	0	no
15649	0	no
15650	0	no
15651	0	no
15652	4	no
15653	0	no
15654	0	no
15655	0	no
15656	0	no
15657	0	no
15658	4	no
15659	0	no
15660	0	no
15661	0	no
15662	0	no
15663	0	no
15664	0	no
15665	0	no
15666	0	no
15667	1	no
15668	0	no
15669	0	no
15670	0	no
15671	0	no
15672	0	no
15673	0	no
15674	0	no
15675	0	no
15676	0	no
15677	0	no
15678	4	no
15679	0	no
15680	0	no
15681	0	no
15682	0	no
15683	0	no
15684	0	no
15685	0	no
15686	0	no
15687	0	no
15688	0	no
15689	0	no
15690	1	no
15691	1	no
15692	0	no
15693	0	no
15694	0	no
15695	0	no
15696	0	no
15697	4	no
15698	0	no
15699	0	no
15700	0	no
15701	0	no
15702	0	no
15703	0	no
15704	0	no
15705	0	no
15706	0	no
15707	1	no
15708	0	no
15709	0	no
15710	0	no
15711	0	no
15712	0	no
15713	4	no
15714	1	no
15715	0	no
15716	0	no
15717	0	no
15718	0	no
15719	0	no
15720	0	no
15721	0	no
15722	0	no
15723	0	no
15724	0	no
15725	0	no
15726	0	no
15727	0	no
15728	0	no
15729	1	no
15730	0	no
15731	0	no
15732	0	no
15733	0	no
15734	0	no
15735	0	no
15736	0	no
15737	0	no
15738	3	no
15739	0	no
15740	0	no
15741	1	no
15742	0	no
15743	0	no
15744	0	no
15745	0	no
15746	0	no
15747	0	no
15748	0	no
15749	0	no
15750	0	no
15751	0	no
15752	1	no
15753	0	no
15754	0	no
15755	1	no
15756	0	no
15757	0	no
15758	0	no
15759	0	no
15760	0	no
15761	0	no
15762	0	no
15763	0	no
15764	0	no
15765	0	no
15766	0	no
15767	0	no
15768	0	no
15769	0	no
15770	0	no
15771	0	no
15772	0	no
15773	0	no
15774	0	no
15775	0	no
15776	0	no
15777	0	no
15778	0	no
15779	0	no
15780	0	no
15781	0	no
15782	0	no
15783	0	no
15784	0	no
15785	0	no
15786	1	no
15787	0	no
15788	0	no
15789	0	no
15790	3	no
15791	0	no
15792	0	no
15793	0	no
15794	0	no
15795	0	no
15796	0	no
15797	0	no
15798	1	no
15799	0	no
15800	0	no
15801	0	no
15802	0	no
15803	0	no
15804	0	no
15805	0	no
15806	0	no
15807	0	no
15808	0	no
15809	0	no
15810	0	no
15811	0	no
15812	0	no
15813	4	no
15814	0	no
15815	0	no
15816	0	no
15817	1	no
15818	1	no
15819	3	no
15820	0	no
15821	0	no
15822	0	no
15823	0	no
15824	4	no
15825	0	no
15826	0	no
15827	0	no
15828	0	no
15829	0	no
15830	0	no
15831	0	no
15832	0	no
15833	4	no
15834	0	no
15835	1	no
15836	0	no
15837	0	no
15838	0	no
15839	4	no
15840	0	no
15841	0	no
15842	0	no
15843	0	no
15844	0	no
15845	0	no
15846	0	no
15847	0	no
15848	0	no
15849	0	no
15850	1	no
15851	0	no
15852	0	no
15853	0	no
15854	0	no
15855	0	no
15856	0	no
15857	0	no
15858	0	no
15859	0	no
15860	0	no
15861	0	no
15862	0	no
15863	0	no
15864	0	no
15865	0	no
15866	1	no
15867	0	no
15868	0	no
15869	1	no
15870	0	no
15871	0	no
15872	0	no
15873	0	no
15874	0	no
15875	0	no
15876	4	no
15877	0	no
15878	0	no
15879	0	no
15880	0	no
15881	0	no
15882	0	no
15883	0	no
15884	0	no
15885	4	no
15886	0	no
15887	0	no
15888	0	no
15889	0	no
15890	0	no
15891	0	no
15892	0	no
15893	0	no
15894	0	no
15895	0	no
15896	0	no
15897	4	no
15898	4	no
15899	0	no
15900	0	no
15901	3	no
15902	1	no
15903	0	no
15904	0	no
15905	0	no
15906	0	no
15907	0	no
15908	0	no
15909	0	no
15910	0	no
15911	0	no
15912	0	no
15913	0	no
15914	0	no
15915	0	no
15916	0	no
15917	0	no
15918	0	no
15919	0	no
15920	0	no
15921	0	no
15922	1	no
15923	0	no
15924	0	no
15925	0	no
15926	0	no
15927	0	no
15928	0	no
15929	0	no
15930	1	no
15931	0	no
15932	0	no
15933	0	no
15934	0	no
15935	0	no
15936	0	no
15937	0	no
15938	0	no
15939	0	no
15940	0	no
15941	0	no
15942	0	no
15943	0	no
15944	0	no
15945	0	no
15946	0	no
15947	0	no
15948	0	no
15949	0	no
15950	0	no
15951	0	no
15952	0	no
15953	0	no
15954	0	no
15955	0	no
15956	0	no
15957	0	no
15958	0	no
15959	0	no
15960	0	no
15961	0	no
15962	0	no
15963	0	no
15964	0	no
15965	0	no
15966	0	no
15967	0	no
15968	0	no
15969	0	no
15970	0	no
15971	0	no
15972	0	no
15973	0	no
15974	0	no
15975	0	no
15976	1	no
15977	0	no
15978	0	no
15979	0	no
15980	0	no
15981	0	no
15982	0	no
15983	1	no
15984	0	no
15985	1	no
15986	0	no
15987	0	no
15988	0	no
15989	0	no
15990	0	no
15991	0	no
15992	0	no
15993	0	no
15994	4	no
15995	0	no
15996	0	no
15997	0	no
15998	0	no
15999	0	no
16000	4	no
16001	0	no
16002	0	no
16003	4	no
16004	0	no
16005	0	no
16006	4	no
16007	0	no
16008	0	no
16009	0	no
16010	0	no
16011	3	no
16012	0	no
16013	0	no
16014	0	no
16015	0	no
16016	0	no
16017	0	no
16018	0	no
16019	0	no
16020	0	no
16021	4	no
16022	0	no
16023	4	no
16024	0	no
16025	1	no
16026	0	no
16027	3	no
16028	0	no
16029	0	no
16030	0	no
16031	0	no
16032	0	no
16033	0	no
16034	0	no
16035	0	no
16036	0	no
16037	0	no
16038	0	no
16039	0	no
16040	0	no
16041	0	no
16042	0	no
16043	0	no
16044	0	no
16045	1	no
16046	0	no
16047	0	no
16048	0	no
16049	1	no
16050	0	no
16051	0	no
16052	0	no
16053	0	no
16054	0	no
16055	0	no
16056	0	no
16057	0	no
16058	1	no
16059	0	no
16060	0	no
16061	1	no
16062	0	no
16063	4	no
16064	0	no
16065	0	no
16066	0	no
16067	0	no
16068	0	no
16069	0	no
16070	0	no
16071	4	no
16072	1	no
16073	0	no
16074	4	no
16075	0	no
16076	0	no
16077	0	no
16078	0	no
16079	0	no
16080	0	no
16081	0	no
16082	1	no
16083	0	no
16084	0	no
16085	1	no
16086	0	no
16087	0	no
16088	0	no
16089	0	no
16090	0	no
16091	0	no
16092	4	no
16093	4	no
16094	0	no
16095	0	no
16096	0	no
16097	0	no
16098	0	no
16099	0	no
16100	0	no
16101	0	no
16102	0	no
16103	0	no
16104	1	no
16105	0	no
16106	0	no
16107	0	no
16108	0	no
16109	0	no
16110	0	no
16111	0	no
16112	4	no
16113	4	no
16114	0	no
16115	0	no
16116	4	no
16117	0	no
16118	0	no
16119	0	no
16120	0	no
16121	0	no
16122	0	no
16123	1	no
16124	0	no
16125	0	no
16126	0	no
16127	0	no
16128	0	no
16129	0	no
16130	0	no
16131	0	no
16132	0	no
16133	0	no
16134	0	no
16135	0	no
16136	0	no
16137	0	no
16138	3	no
16139	0	no
16140	0	no
16141	1	no
16142	0	no
16143	0	no
16144	4	no
16145	0	no
16146	0	no
16147	1	no
16148	1	no
16149	0	no
16150	4	no
16151	0	no
16152	0	no
16153	0	no
16154	0	no
16155	0	no
16156	0	no
16157	0	no
16158	0	no
16159	0	no
16160	0	no
16161	0	no
16162	0	no
16163	0	no
16164	0	no
16165	0	no
16166	1	no
16167	0	no
16168	0	no
16169	0	no
16170	1	no
16171	0	no
16172	0	no
16173	0	no
16174	0	no
16175	0	no
16176	1	no
16177	4	no
16178	4	no
16179	0	no
16180	0	no
16181	0	no
16182	0	no
16183	0	no
16184	0	no
16185	0	no
16186	0	no
16187	0	no
16188	0	no
16189	0	no
16190	0	no
16191	0	no
16192	0	no
16193	1	no
16194	0	no
16195	1	no
16196	0	no
16197	1	no
16198	0	no
16199	0	no
16200	0	no
16201	0	no
16202	1	no
16203	0	no
16204	0	no
16205	0	no
16206	4	no
16207	0	no
16208	0	no
16209	0	no
16210	0	no
16211	1	no
16212	0	no
16213	0	no
16214	0	no
16215	0	no
16216	0	no
16217	2	no
16218	0	no
16219	4	no
16220	0	no
16221	0	no
16222	0	no
16223	0	no
16224	0	no
16225	0	no
16226	0	no
16227	0	no
16228	0	no
16229	0	no
16230	0	no
16231	0	no
16232	0	no
16233	0	no
16234	0	no
16235	1	no
16236	0	no
16237	0	no
16238	0	no
16239	0	no
16240	0	no
16241	0	no
16242	0	no
16243	0	no
16244	0	no
16245	1	no
16246	0	no
16247	1	no
16248	1	no
16249	1	no
16250	0	no
16251	0	no
16252	0	no
16253	0	no
16254	4	no
16255	0	no
16256	0	no
16257	0	no
16258	0	no
16259	1	no
16260	0	no
16261	0	no
16262	0	no
16263	0	no
16264	0	no
16265	0	no
16266	0	no
16267	0	no
16268	0	no
16269	0	no
16270	0	no
16271	0	no
16272	0	no
16273	0	no
16274	0	no
16275	0	no
16276	1	no
16277	0	no
16278	4	no
16279	0	no
16280	0	no
16281	0	no
16282	0	no
16283	0	no
16284	1	no
16285	0	no
16286	0	no
16287	0	no
16288	0	no
16289	0	no
16290	0	no
16291	0	no
16292	0	no
16293	0	no
16294	0	no
16295	0	no
16296	0	no
16297	0	no
16298	1	no
16299	0	no
16300	0	no
16301	0	no
16302	0	no
16303	0	no
16304	1	no
16305	0	no
16306	0	no
16307	0	no
16308	0	no
16309	3	no
16310	0	no
16311	4	no
16312	0	no
16313	0	no
16314	0	no
16315	0	no
16316	0	no
16317	4	no
16318	0	no
16319	0	no
16320	0	no
16321	0	no
16322	0	no
16323	0	no
16324	0	no
16325	0	no
16326	0	no
16327	0	no
16328	0	no
16329	0	no
16330	0	no
16331	0	no
16332	0	no
16333	0	no
16334	0	no
16335	0	no
16336	0	no
16337	0	no
16338	0	no
16339	0	no
16340	5	no
16341	0	no
16342	0	no
16343	0	no
16344	0	no
16345	1	no
16346	0	no
16347	1	no
16348	0	no
16349	0	no
16350	0	no
16351	0	no
16352	0	no
16353	0	no
16354	0	no
16355	4	no
16356	0	no
16357	0	no
16358	0	no
16359	0	no
16360	0	no
16361	0	no
16362	0	no
16363	4	no
16364	0	no
16365	0	no
16366	0	no
16367	0	no
16368	0	no
16369	0	no
16370	0	no
16371	0	no
16372	1	no
16373	0	no
16374	0	no
16375	0	no
16376	1	no
16377	0	no
16378	0	no
16379	0	no
16380	0	no
16381	0	no
16382	0	no
16383	0	no
16384	4	no
16385	0	no
16386	0	no
16387	0	no
16388	0	no
16389	0	no
16390	1	no
16391	0	no
16392	0	no
16393	0	no
16394	0	no
16395	0	no
16396	0	no
16397	0	no
16398	0	no
16399	0	no
16400	0	no
16401	0	no
16402	0	no
16403	0	no
16404	0	no
16405	0	no
16406	0	no
16407	0	no
16408	0	no
16409	1	no
16410	0	no
16411	4	no
16412	1	no
16413	0	no
16414	1	no
16415	0	no
16416	0	no
16417	0	no
16418	0	no
16419	1	no
16420	4	no
16421	0	no
16422	0	no
16423	0	no
16424	0	no
16425	0	no
16426	0	no
16427	0	no
16428	0	no
16429	0	no
16430	0	no
16431	0	no
16432	0	no
16433	0	no
16434	0	no
16435	0	no
16436	4	no
16437	0	no
16438	0	no
16439	0	no
16440	0	no
16441	0	no
16442	0	no
16443	0	no
16444	0	no
16445	0	no
16446	0	no
16447	0	no
16448	0	no
16449	0	no
16450	0	no
16451	0	no
16452	1	no
16453	1	no
16454	0	no
16455	0	no
16456	4	no
16457	0	no
16458	0	no
16459	0	no
16460	0	no
16461	0	no
16462	0	no
16463	0	no
16464	0	no
16465	0	no
16466	0	no
16467	0	no
16468	0	no
16469	4	no
16470	1	no
16471	0	no
16472	0	no
16473	0	no
16474	0	no
16475	0	no
16476	1	no
16477	0	no
16478	0	no
16479	0	no
16480	1	no
16481	0	no
16482	1	no
16483	4	no
16484	0	no
16485	0	no
16486	0	no
16487	3	no
16488	1	no
16489	0	no
16490	0	no
16491	0	no
16492	0	no
16493	0	no
16494	0	no
16495	0	no
16496	0	no
16497	0	no
16498	0	no
16499	0	no
16500	1	no
16501	0	no
16502	0	no
16503	0	no
16504	0	no
16505	0	no
16506	0	no
16507	0	no
16508	0	no
16509	0	no
16510	0	no
16511	0	no
16512	0	no
16513	0	no
16514	0	no
16515	0	no
16516	1	no
16517	0	no
16518	0	no
16519	0	no
16520	4	no
16521	1	no
16522	0	no
16523	0	no
16524	0	no
16525	1	no
16526	0	no
16527	0	no
16528	0	no
16529	0	no
16530	0	no
16531	0	no
16532	0	no
16533	0	no
16534	1	no
16535	0	no
16536	4	no
16537	0	no
16538	0	no
16539	1	no
16540	0	no
16541	0	no
16542	0	no
16543	0	no
16544	0	no
16545	0	no
16546	0	no
16547	3	no
16548	0	no
16549	0	no
16550	0	no
16551	0	no
16552	0	no
16553	1	no
16554	1	no
16555	1	no
16556	0	no
16557	0	no
16558	0	no
16559	0	no
16560	0	no
16561	0	no
16562	0	no
16563	0	no
16564	0	no
16565	0	no
16566	0	no
16567	0	no
16568	0	no
16569	0	no
16570	0	no
16571	0	no
16572	0	no
16573	0	no
16574	0	no
16575	0	no
16576	4	no
16577	0	no
16578	0	no
16579	0	no
16580	0	no
16581	3	no
16582	0	no
16583	0	no
16584	0	no
16585	0	no
16586	0	no
16587	0	no
16588	0	no
16589	1	no
16590	0	no
16591	0	no
16592	4	no
16593	0	no
16594	1	no
16595	0	no
16596	0	no
16597	2	no
16598	4	no
16599	0	no
16600	0	no
16601	0	no
16602	0	no
16603	0	no
16604	4	no
16605	0	no
16606	0	no
16607	0	no
16608	0	no
16609	0	no
16610	0	no
16611	0	no
16612	0	no
16613	0	no
16614	0	no
16615	0	no
16616	0	no
16617	4	no
16618	0	no
16619	0	no
16620	1	no
16621	0	no
16622	0	no
16623	4	no
16624	0	no
16625	1	no
16626	0	no
16627	0	no
16628	0	no
16629	0	no
16630	0	no
16631	0	no
16632	0	no
16633	0	no
16634	1	no
16635	1	no
16636	1	no
16637	3	no
16638	0	no
16639	0	no
16640	0	no
16641	0	no
16642	0	no
16643	4	no
16644	0	no
16645	0	no
16646	0	no
16647	0	no
16648	0	no
16649	0	no
16650	0	no
16651	0	no
16652	0	no
16653	0	no
16654	3	no
16655	0	no
16656	0	no
16657	0	no
16658	0	no
16659	0	no
16660	0	no
16661	0	no
16662	4	no
16663	0	no
16664	0	no
16665	0	no
16666	0	no
16667	0	no
16668	0	no
16669	0	no
16670	0	no
16671	0	no
16672	0	no
16673	0	no
16674	0	no
16675	0	no
16676	0	no
16677	4	no
16678	0	no
16679	0	no
16680	0	no
16681	0	no
16682	0	no
16683	0	no
16684	1	no
16685	4	no
16686	0	no
16687	0	no
16688	0	no
16689	0	no
16690	0	no
16691	0	no
16692	0	no
16693	0	no
16694	0	no
16695	0	no
16696	0	no
16697	0	no
16698	1	no
16699	1	no
16700	0	no
16701	0	no
16702	0	no
16703	0	no
16704	0	no
16705	0	no
16706	0	no
16707	4	no
16708	0	no
16709	4	no
