,SNP_FLT3_intronic,TP53_splice-donor,SNP_SETBP1_pV1101I,CALR_pL367fs
0,29,11,209,52
1,17,39,31,0
2,0,618,127,24
3,9,42,0,38
4,0,158,0,78
5,123,32,0,180
6,40,13,154,28
7,14,116,255,83
8,0,187,427,43
9,77,148,174,40
10,119,63,319,0
11,55,258,550,42
12,5,171,58,174
13,163,118,650,252
14,218,104,0,84
15,10,22,0,34
16,143,92,132,365
17,213,75,0,56
18,150,342,1206,94
19,0,61,45,124
20,35,15,89,14
21,28,37,114,43
22,162,229,835,28
23,4,115,0,64
24,14,181,214,48
25,94,107,637,467
26,261,157,366,23
27,87,76,177,44
28,184,8,0,8
29,87,200,562,138
30,86,92,0,511
31,79,82,170,27
32,85,185,338,30
33,0,37,111,28
34,21,113,406,137
35,44,29,91,52
36,96,32,142,0
37,4,198,405,60
38,0,168,16,53
39,101,103,286,10
40,18,19,102,46
41,0,27,0,64
42,81,57,142,184
43,122,37,0,16
44,0,70,322,380
45,91,51,256,48
46,39,57,0,218
47,72,127,0,63
48,54,161,338,270
49,46,81,0,428
50,21,27,0,70
51,113,62,389,475
52,53,91,99,58
53,0,163,270,262
54,112,101,642,256
55,496,434,331,456
56,12,67,59,274
57,136,132,373,0
58,242,185,264,4
59,56,172,479,82
60,34,40,176,86
61,218,227,112,106
62,234,146,718,74
63,71,263,507,43
64,168,95,0,233
65,107,58,0,26
66,62,69,145,39
67,115,529,0,158
68,0,105,0,220
69,256,251,156,42
70,154,76,238,0
71,32,191,381,28
72,26,34,156,438
73,29,12,17,10
74,52,79,34,102
75,99,279,240,64
76,350,396,0,96
77,318,21,0,111
78,3,16,43,0
79,132,261,320,42
80,28,19,76,78
81,0,224,0,323
82,10,50,112,8
83,106,61,0,112
84,25,33,154,14
85,96,155,294,4
86,39,21,129,113
87,225,104,0,33
88,24,56,114,192
89,19,170,0,220
90,70,27,280,64
91,12,108,115,90
92,160,159,260,20
93,138,109,0,507
94,146,100,202,0
95,0,320,94,0
96,126,112,140,14
97,0,29,31,2
98,58,75,453,23
99,18,35,201,12
100,90,103,317,54
101,174,74,0,6
102,6,25,60,12
103,12,36,0,225
104,51,32,0,169
105,20,148,91,52
106,76,90,49,147
107,65,229,553,363
108,125,147,139,10
109,14,67,177,121
110,126,89,0,250
111,88,48,356,174
112,129,80,533,77
113,0,38,774,586
114,15,12,145,91
115,5,53,161,37
116,8,53,16,46
117,6,80,470,32
118,67,66,261,231
119,83,98,554,74
120,52,67,285,143
121,133,22,164,12
122,115,219,783,39
123,74,215,299,66
124,54,114,184,156
125,115,134,268,213
126,301,128,0,28
127,54,114,94,54
128,102,124,34,68
129,265,240,1238,293
130,51,34,26,10
131,24,161,90,98
132,180,574,558,138
133,52,66,193,188
134,12,77,195,26
135,0,49,143,76
136,59,56,0,0
137,97,38,395,305
138,154,210,237,78
139,88,55,171,115
140,9,90,0,140
141,0,42,60,2
142,126,137,14,75
143,84,99,337,40
144,7,127,0,28
145,168,262,0,102
146,469,1061,0,672
147,0,138,120,38
148,6,230,277,72
149,37,77,230,0
150,89,132,0,32
151,74,232,171,34
152,0,386,0,159
153,74,119,207,47
154,0,204,144,24
155,8,21,33,220
156,24,19,18,11
157,13,76,242,2
158,44,199,521,28
159,32,90,0,22
160,0,71,46,20
161,231,100,201,26
162,99,257,380,0
163,46,96,240,264
164,58,58,0,12
165,5,48,0,19
166,163,246,0,76
167,38,20,270,32
168,113,85,0,116
169,432,273,0,0
170,207,202,210,0
171,79,134,98,16
172,81,102,271,0
173,151,43,98,335
174,32,141,216,40
175,17,188,535,136
176,240,221,0,46
177,24,78,325,86
178,63,30,413,115
179,28,88,328,119
180,8,185,440,72
181,15,33,108,0
182,25,27,34,26
183,0,152,124,101
184,38,55,15,35
185,6,31,112,40
186,63,134,303,0
187,19,32,29,52
188,65,189,770,0
189,28,93,139,133
190,63,225,452,0
191,253,370,342,371
192,10,60,215,179
193,4,64,0,14
194,194,51,178,329
195,78,208,184,152
196,75,148,351,329
197,59,26,453,172
198,131,117,341,294
199,29,58,0,194
200,0,121,0,14
201,10,9,86,0
202,25,78,94,0
203,162,70,379,60
204,0,66,305,82
205,52,79,303,246
206,10,24,14,4
207,16,114,98,26
208,60,242,0,62
209,42,38,213,10
210,276,208,0,2
211,9,101,139,0
212,290,143,0,146
213,91,48,608,245
214,204,213,239,0
215,38,34,45,0
216,71,208,250,73
217,191,66,138,14
218,31,50,258,353
219,0,39,0,8
220,174,228,80,4
221,54,66,223,39
222,66,137,0,202
223,76,112,0,110
224,33,123,142,10
225,144,44,234,74
226,74,79,43,62
227,0,36,215,16
228,25,134,634,0
229,0,131,457,54
230,24,242,626,144
231,61,59,185,390
232,260,304,274,6
233,28,140,659,96
234,221,125,101,222
235,6,138,524,34
236,146,174,670,0
237,53,135,167,95
238,171,117,795,10
239,56,108,228,0
240,20,152,123,6
241,438,490,953,108
242,0,223,235,18
243,65,121,315,24
244,159,92,0,203
245,82,142,259,30
246,470,231,484,118
247,39,79,183,181
248,0,68,23,44
249,102,139,0,94
250,26,126,320,157
251,163,32,336,158
252,11,143,0,198
253,106,22,82,46
254,116,99,170,30
255,0,188,87,269
256,343,468,0,266
257,96,94,474,126
258,343,427,524,0
259,200,76,0,0
260,104,83,157,28
261,283,107,400,225
262,236,105,335,444
263,36,174,134,0
264,12,247,612,152
265,287,188,0,259
266,42,204,0,16
267,51,178,306,78
268,14,23,227,26
269,24,153,154,62
270,167,445,295,317
271,98,15,1,2
272,347,284,0,43
273,198,72,132,121
274,185,90,310,0
275,226,271,465,16
276,338,83,444,154
277,58,591,0,141
278,13,35,115,60
279,210,298,543,114
280,0,72,107,0
281,95,191,416,106
282,35,91,102,29
283,53,172,0,40
284,0,107,0,61
285,171,483,574,126
286,233,128,243,358
287,23,221,295,28
288,0,155,282,270
289,93,34,170,281
290,35,150,75,19
291,57,31,72,0
292,7,67,259,206
293,0,44,102,46
294,0,133,687,124
295,41,106,0,56
296,28,76,157,43
297,41,555,396,212
298,56,21,456,148
299,141,36,129,80
300,42,80,90,4
301,0,454,1063,157
302,109,133,138,0
303,37,71,101,58
304,70,205,208,164
305,0,71,317,26
306,96,18,399,24
307,0,213,379,116
308,167,105,0,20
309,52,239,0,138
310,83,131,0,103
311,92,179,0,7
312,29,218,87,42
313,122,152,336,66
314,11,90,113,308
315,81,76,158,0
316,296,130,0,0
317,123,125,0,40
318,21,28,0,0
319,313,193,966,238
320,16,38,25,22
321,41,51,42,0
322,60,72,37,40
323,67,44,319,39
324,260,181,581,86
325,77,67,328,225
326,216,21,472,114
327,0,21,178,43
328,97,145,0,68
329,81,57,148,0
330,22,123,55,0
331,159,240,0,109
332,61,242,393,255
333,144,95,331,100
334,184,599,417,800
335,154,262,0,348
336,56,318,435,10
337,0,77,175,115
338,11,30,101,40
339,61,76,189,16
340,41,5,130,8
341,127,252,816,20
342,152,306,6,50
343,105,93,147,49
344,139,148,544,845
345,156,85,127,28
346,472,124,96,473
347,0,83,37,20
348,36,57,276,96
349,126,119,215,6
350,44,66,0,92
351,78,114,243,50
352,0,136,457,303
353,0,68,127,86
354,29,19,124,18
355,164,67,117,26
356,158,101,666,408
357,131,167,149,21
358,564,58,336,142
359,72,68,81,56
360,261,290,0,12
361,0,45,168,0
362,0,51,31,38
363,247,170,398,10
364,69,33,222,7
365,0,25,0,43
366,65,63,90,60
367,67,35,293,78
368,60,183,0,115
369,38,41,216,259
370,2,162,0,38
371,23,38,137,86
372,52,336,10,170
373,70,63,166,0
374,118,116,467,22
375,138,76,376,418
376,40,92,277,121
377,52,81,275,104
378,0,248,267,385
379,52,153,117,0
380,51,57,213,0
381,177,45,241,20
382,249,228,72,36
383,68,166,334,397
384,4,174,182,172
385,47,92,98,2
386,58,192,199,28
387,363,219,0,172
388,126,89,334,157
389,99,51,91,14
390,148,74,297,28
391,0,53,84,90
392,199,64,282,0
393,223,75,7,348
394,58,10,0,2
395,112,66,0,22
396,0,175,210,46
397,138,52,303,74
398,115,229,649,0
399,205,9,0,226
400,263,97,85,42
401,66,126,0,11
402,39,124,252,12
403,44,53,202,44
404,6,141,207,38
405,9,58,383,73
406,133,93,120,156
407,175,179,97,60
408,130,114,0,18
409,528,205,491,372
410,57,52,110,136
411,21,68,119,18
412,312,200,0,97
413,7,43,0,157
414,83,36,143,68
415,65,97,218,44
416,548,583,374,186
417,62,120,344,0
418,42,83,263,68
419,120,79,0,149
420,9,48,184,12
421,52,25,405,428
422,7,60,304,10
423,152,81,89,99
424,55,3,134,24
425,22,201,852,122
426,176,64,0,75
427,34,35,111,180
428,15,49,159,121
429,0,101,0,8
430,105,204,0,225
431,40,32,64,6
432,32,86,355,43
433,57,68,380,141
434,68,58,122,0
435,19,111,62,154
436,46,105,0,116
437,69,92,228,104
438,23,189,381,384
439,87,64,428,10
440,150,281,0,0
441,152,126,316,535
442,9,67,218,30
443,14,12,58,10
444,69,458,422,22
445,81,96,486,18
446,33,166,407,110
447,7,23,194,0
448,72,28,0,8
449,40,117,121,144
450,95,94,378,2
451,49,176,215,0
452,119,292,0,10
453,103,84,172,0
454,30,99,0,26
455,37,98,774,6
456,75,268,808,228
457,36,163,0,144
458,550,553,0,882
459,113,35,124,42
460,146,342,0,542
461,51,216,86,6
462,53,66,100,245
463,32,197,165,10
464,26,171,467,106
465,11,135,187,436
466,96,148,199,401
467,221,149,375,312
468,342,120,137,44
469,100,71,220,34
470,0,112,0,50
471,22,59,971,162
472,144,542,0,0
473,48,105,188,393
474,42,78,114,72
475,54,66,218,66
476,233,103,434,101
477,7,99,144,4
478,115,175,175,16
479,0,438,520,59
480,126,238,214,0
481,35,54,167,85
482,65,83,427,12
483,278,125,0,645
484,328,155,0,58
485,50,238,300,10
486,192,148,0,69
487,68,151,175,10
488,10,29,40,331
489,214,286,309,225
490,22,85,0,0
491,26,90,343,0
492,0,102,0,40
493,18,81,267,0
494,7,39,67,72
495,45,61,75,109
496,70,146,91,6
497,89,46,0,51
498,58,86,0,86
499,67,251,212,76
500,7,68,100,2
501,26,673,606,0
502,22,47,0,0
503,35,89,0,215
504,120,127,192,74
505,85,27,219,104
506,130,141,37,18
507,0,47,0,8
508,0,119,0,401
509,44,128,397,28
510,18,87,82,0
511,22,78,48,39
512,45,91,0,124
513,46,218,394,2
514,91,155,19,0
515,110,187,0,0
516,34,46,321,14
517,85,263,0,54
518,87,152,228,64
519,173,126,595,156
520,90,156,95,4
521,11,40,103,0
522,0,405,820,24
523,0,460,1092,285
524,93,58,580,520
525,13,87,258,172
526,59,203,200,42
527,75,164,349,6
528,3,76,147,78
529,30,133,0,0
530,25,122,156,59
531,29,130,280,241
532,53,63,430,42
533,132,142,115,26
534,32,84,195,14
535,49,98,364,239
536,34,67,483,175
537,62,56,320,70
538,125,153,487,79
539,128,168,217,82
540,83,143,90,264
541,91,291,82,31
542,3,171,421,0
543,26,47,65,36
544,2,45,69,79
545,0,335,718,736
546,0,125,95,4
547,70,26,226,124
548,82,71,0,20
549,32,18,30,2
550,224,91,265,6
551,40,99,76,43
552,0,353,1027,0
553,86,413,0,2
554,208,120,189,0
555,226,543,0,105
556,389,257,335,181
557,98,226,39,0
558,0,149,403,215
559,108,27,0,28
560,185,90,694,351
561,2,20,2,24
562,193,156,119,2
563,124,122,107,90
564,252,247,62,358
565,27,92,251,134
566,189,125,0,100
567,0,323,456,529
568,0,141,54,40
569,2,87,366,250
570,91,740,0,571
571,2,215,52,4
572,107,122,74,0
573,8,48,141,198
574,20,66,66,126
575,15,152,128,81
576,52,56,70,53
577,43,142,384,0
578,11,155,110,28
579,22,92,208,0
580,19,290,0,90
581,2,32,23,0
582,23,403,409,97
583,0,123,1318,732
584,24,83,320,0
585,48,36,166,38
586,55,42,248,12
587,162,232,0,118
588,49,78,0,96
589,25,140,0,27
590,38,89,130,44
591,92,129,708,170
592,13,80,44,28
593,125,123,174,40
594,31,136,37,0
595,157,111,314,72
596,61,33,699,116
597,62,153,525,510
598,71,165,251,40
599,13,48,103,92
600,85,26,0,10
601,193,34,147,117
602,60,43,67,2
603,8,7,60,86
604,80,32,221,70
605,31,77,85,0
606,0,132,0,322
607,0,19,58,26
608,178,369,294,72
609,34,113,0,132
610,12,43,416,467
611,71,84,0,40
612,33,174,193,0
613,176,165,0,104
614,39,80,243,110
615,154,183,230,265
616,135,87,335,145
617,101,33,102,2
618,69,138,794,81
619,76,77,325,70
620,4,41,322,74
621,55,17,56,8
622,90,293,772,78
623,70,75,509,6
624,0,249,0,96
625,78,129,584,0
626,20,129,203,146
627,13,75,309,38
628,11,65,48,42
629,68,85,34,187
630,19,221,87,4
631,64,227,462,85
632,245,276,292,52
633,14,178,0,12
634,156,40,107,151
635,145,119,0,26
636,0,75,0,147
637,133,131,303,76
638,7,77,0,6
639,28,112,687,57
640,34,0,131,0
641,7,116,468,66
642,52,100,0,22
643,12,112,236,504
644,112,6,272,204
645,131,175,0,240
646,92,308,719,24
647,0,211,44,182
648,51,13,64,44
649,46,34,330,18
650,28,189,609,0
651,0,74,382,150
652,78,51,205,6
653,150,315,672,101
654,24,147,169,20
655,25,52,0,64
656,67,61,810,222
657,132,385,541,7
658,64,105,343,291
659,53,26,209,0
660,11,202,291,80
661,120,82,329,52
662,0,85,133,0
663,81,284,607,43
664,42,162,500,126
665,20,2,66,164
666,68,66,220,190
667,0,82,547,23
668,47,77,0,39
669,137,107,259,0
670,26,139,95,439
671,0,44,0,51
672,9,10,108,122
673,173,22,0,298
674,4,41,0,6
675,94,118,46,0
676,307,66,271,380
677,92,23,127,0
678,163,144,381,122
679,319,116,0,479
680,44,73,202,0
681,255,371,0,89
682,211,223,687,369
683,37,69,322,14
684,13,42,92,40
685,0,86,116,64
686,0,168,111,139
687,0,65,283,55
688,81,46,77,202
689,18,103,150,60
690,0,224,434,316
691,98,245,198,16
692,19,70,0,86
693,45,73,199,34
694,14,9,139,26
695,224,118,259,14
696,15,25,0,0
697,141,105,0,218
698,93,93,85,6
699,187,83,424,28
700,62,107,124,0
701,218,360,96,52
702,48,151,0,216
703,39,103,212,10
704,44,55,286,36
705,58,62,0,106
706,67,43,230,27
707,340,94,0,0
708,74,146,110,16
709,109,236,356,22
710,2,127,225,390
711,45,178,131,58
712,13,40,242,18
713,44,70,209,48
714,127,123,234,324
715,57,150,148,14
716,126,47,0,408
717,41,168,0,105
718,35,33,250,6
719,36,78,163,136
720,198,320,712,52
721,31,67,47,0
722,8,101,137,96
723,81,64,230,380
724,91,107,0,63
725,34,32,0,41
726,31,236,368,144
727,34,153,177,0
728,69,83,524,174
729,74,195,340,207
730,67,120,0,86
731,10,19,431,125
732,94,53,157,61
733,41,82,116,0
734,110,201,398,20
735,46,142,17,473
736,39,19,106,45
737,39,428,153,106
738,31,41,79,186
739,44,380,293,60
740,10,44,32,0
741,90,57,188,24
742,3,59,0,20
743,4,115,152,60
744,0,38,155,52
745,81,177,535,20
746,0,192,216,38
747,46,86,211,146
748,20,61,0,17
749,4,19,0,277
750,143,114,200,0
751,33,39,59,128
752,60,31,136,26
753,180,154,139,127
754,0,89,883,373
755,125,148,160,92
756,21,205,211,14
757,57,75,0,210
758,24,42,301,128
759,2,29,54,12
760,31,135,301,38
761,105,126,267,58
762,2,340,484,0
763,277,172,277,8
764,80,70,0,16
765,71,91,270,16
766,0,297,494,119
767,0,304,78,57
768,102,95,0,182
769,58,139,97,196
770,154,147,450,0
771,61,207,330,0
772,90,297,349,109
773,30,34,0,10
774,6,86,400,112
775,39,125,159,106
776,0,129,151,282
777,32,103,112,8
778,7,97,160,8
779,467,397,0,116
780,269,257,232,58
781,88,61,234,8
782,36,137,0,38
783,8,113,458,209
784,68,89,0,98
785,27,99,0,86
786,189,71,0,68
787,40,19,196,210
788,65,132,0,76
789,128,59,27,274
790,26,129,209,161
791,22,88,218,60
792,191,88,0,182
793,31,55,302,12
794,21,63,0,306
795,12,75,417,212
796,96,41,0,11
797,103,194,804,283
798,80,454,912,70
799,75,86,382,249
800,84,78,31,22
801,221,30,197,100
802,159,167,404,6
803,26,79,0,6
804,44,121,126,102
805,15,266,0,104
806,16,57,72,216
807,118,118,403,37
808,420,275,424,34
809,480,284,127,28
810,121,122,0,0
811,135,60,322,79
812,8,119,111,20
813,0,120,87,270
814,24,112,0,24
815,23,15,241,49
816,474,242,343,78
817,28,67,0,228
818,335,394,0,70
819,41,21,406,100
820,73,39,171,2
821,0,36,0,423
822,28,25,0,0
823,36,91,0,34
824,38,85,100,196
825,60,222,202,94
826,27,72,162,79
827,172,148,549,62
828,75,126,0,528
829,64,158,330,28
830,101,178,73,278
831,83,272,329,8
832,0,206,250,0
833,13,31,82,48
834,61,298,171,125
835,26,145,475,100
836,119,42,524,0
837,20,72,213,8
838,12,51,245,30
839,7,55,1,63
840,196,208,398,18
841,173,149,0,151
842,47,100,208,219
843,16,146,136,134
844,15,35,128,161
845,11,184,0,100
846,57,111,251,12
847,73,150,230,152
848,0,23,346,24
849,9,84,0,56
850,74,21,144,90
851,28,34,71,50
852,192,32,0,225
853,193,79,293,18
854,0,240,241,474
855,76,46,253,36
856,38,87,106,176
857,0,13,0,22
858,172,297,607,0
859,397,264,0,22
860,424,216,901,288
861,108,54,246,68
862,10,10,259,0
863,3,97,108,22
864,4,62,115,7
865,7,44,178,27
866,5,148,219,121
867,178,140,174,17
868,40,219,128,117
869,208,130,59,103
870,71,14,67,6
871,57,93,264,114
872,64,179,163,116
873,101,177,103,97
874,85,196,301,98
875,87,103,310,186
876,188,207,624,522
877,127,179,139,96
878,143,84,411,122
879,10,160,125,108
880,0,201,958,85
881,10,20,16,107
882,57,54,176,48
883,36,89,33,16
884,11,169,111,8
885,17,88,101,0
886,272,424,648,350
887,21,27,119,160
888,0,219,291,26
889,9,202,0,26
890,39,99,0,120
891,215,177,0,177
892,106,59,356,246
893,37,86,11,18
894,38,53,169,112
895,316,218,128,483
896,94,66,266,35
897,101,108,192,112
898,0,268,190,0
899,13,82,0,42
900,17,22,0,176
901,33,168,226,112
902,107,128,0,42
903,0,43,0,16
904,19,149,299,26
905,82,118,36,148
906,0,209,801,492
907,0,93,0,639
908,79,135,603,0
909,27,220,206,75
910,85,76,195,287
911,108,268,282,26
912,296,72,161,163
913,50,121,290,0
914,0,79,332,28
915,0,386,232,73
916,53,23,146,10
917,74,186,365,250
918,20,151,193,0
919,46,79,339,32
920,59,53,220,70
921,8,95,454,94
922,184,430,341,14
923,29,224,369,210
924,47,69,86,29
925,7,64,171,207
926,37,126,0,125
927,139,172,157,63
928,14,47,0,225
929,0,35,185,0
930,51,34,69,38
931,34,103,625,20
932,157,254,319,402
933,0,251,1175,26
934,0,31,0,76
935,280,107,633,220
936,117,63,293,353
937,13,28,92,0
938,28,79,65,38
939,103,95,0,10
940,215,85,202,359
941,66,196,299,0
942,146,120,702,0
943,119,218,510,216
944,20,79,197,44
945,212,101,358,60
946,32,182,0,488
947,12,40,79,15
948,0,125,97,196
949,55,24,295,2
950,38,54,0,49
951,31,107,456,53
952,76,136,0,58
953,94,46,115,0
954,22,105,251,44
955,42,78,77,113
956,49,302,527,124
957,81,215,103,182
958,360,642,604,308
959,9,95,374,0
960,40,18,326,40
961,271,91,121,231
962,0,70,493,117
963,73,119,0,0
964,14,52,207,14
965,17,200,0,5
966,99,236,0,20
967,26,21,66,40
968,21,129,751,168
969,23,321,121,373
970,99,92,0,99
971,111,245,466,194
972,182,110,0,87
973,66,104,0,48
974,0,634,0,233
975,68,129,136,168
976,221,154,363,268
977,102,90,312,86
978,187,218,1155,28
979,62,80,277,101
980,174,115,229,0
981,0,145,193,10
982,55,74,183,0
983,9,91,261,35
984,141,146,86,53
985,66,65,128,183
986,0,322,0,117
987,0,29,118,134
988,89,69,213,377
989,0,194,619,34
990,169,313,0,22
991,13,45,240,86
992,28,64,256,52
993,48,61,0,10
994,20,195,338,195
995,17,121,0,74
996,23,19,163,42
997,10,66,133,118
998,442,73,0,166
999,43,138,0,83
1000,7,71,294,38
1001,51,15,0,6
1002,268,359,724,33
1003,194,149,169,64
1004,25,159,0,273
1005,82,86,100,107
1006,37,55,154,0
1007,25,78,84,79
1008,47,155,355,64
1009,133,70,183,52
1010,69,90,0,80
1011,62,40,60,286
1012,0,100,140,23
1013,196,220,229,249
1014,39,32,26,18
1015,0,58,175,114
1016,125,25,0,38
1017,48,307,724,130
1018,25,118,44,0
1019,170,135,0,120
1020,58,53,153,379
1021,81,92,368,37
1022,41,110,38,80
1023,0,159,506,60
1024,128,235,177,32
1025,106,21,166,32
1026,55,117,228,290
1027,98,70,124,43
1028,78,433,488,196
1029,299,136,141,21
1030,198,123,0,260
1031,177,91,369,0
1032,42,112,148,92
1033,355,124,0,30
1034,43,30,117,212
1035,14,28,97,16
1036,96,39,0,28
1037,50,67,0,29
1038,25,59,56,99
1039,54,110,0,84
1040,46,8,67,47
1041,26,400,386,35
1042,83,82,251,82
1043,150,88,300,115
1044,10,278,142,40
1045,0,52,193,0
1046,12,80,275,21
1047,28,112,306,42
1048,34,55,44,170
1049,5,90,412,46
1050,3,39,0,371
1051,32,164,0,172
1052,48,53,80,0
1053,9,33,158,36
1054,92,161,478,220
1055,0,544,0,166
1056,133,136,450,124
1057,4,163,0,138
1058,42,46,0,55
1059,77,174,0,96
1060,142,67,224,72
1061,108,73,0,420
1062,13,30,289,32
1063,109,136,284,146
1064,136,72,241,205
1065,50,59,114,13
1066,253,192,430,8
1067,10,170,205,330
1068,46,14,0,66
1069,10,88,0,24
1070,82,234,0,110
1071,24,53,0,25
1072,0,114,0,122
1073,103,11,0,0
1074,8,64,78,22
1075,24,97,141,387
1076,7,78,213,52
1077,192,54,369,0
1078,285,241,131,85
1079,35,66,161,0
1080,60,91,52,579
1081,0,117,277,234
1082,88,30,438,150
1083,146,106,314,84
1084,91,128,328,56
1085,217,224,214,0
1086,31,93,601,164
1087,54,88,162,118
1088,75,76,161,22
1089,164,69,0,341
1090,149,144,640,506
1091,11,58,277,257
1092,50,38,82,124
1093,11,131,496,0
1094,66,55,66,82
1095,37,36,273,128
1096,82,181,133,18
1097,129,296,135,96
1098,32,291,301,62
1099,194,184,689,202
1100,5,27,255,6
1101,113,98,853,60
1102,100,140,78,29
1103,165,208,96,23
1104,0,97,182,180
1105,41,136,281,149
1106,0,24,0,14
1107,111,117,0,110
1108,152,103,203,90
1109,9,105,0,44
1110,18,40,0,212
1111,144,66,245,223
1112,232,220,0,228
1113,57,112,334,98
1114,0,51,107,22
1115,0,136,213,91
1116,99,175,0,69
1117,80,30,112,7
1118,0,266,958,66
1119,48,295,58,99
1120,80,65,216,46
1121,66,105,531,220
1122,23,73,399,0
1123,58,185,215,12
1124,569,325,372,196
1125,14,30,65,48
1126,43,41,271,6
1127,0,130,133,4
1128,0,76,544,38
1129,65,76,187,123
1130,222,18,0,100
1131,116,234,142,200
1132,58,48,0,8
1133,16,90,278,42
1134,0,211,0,21
1135,136,67,14,220
1136,180,57,0,68
1137,101,87,0,72
1138,402,291,598,30
1139,36,156,90,340
1140,365,366,657,112
1141,0,52,105,202
1142,44,78,183,30
1143,57,48,144,8
1144,0,15,210,46
1145,0,12,134,0
1146,6,55,243,24
1147,2,66,131,32
1148,226,28,0,189
1149,169,91,0,108
1150,0,191,134,61
1151,9,101,159,12
1152,66,106,197,177
1153,228,80,159,200
1154,19,130,0,543
1155,70,296,93,148
1156,54,130,144,90
1157,74,33,0,20
1158,186,116,260,103
1159,88,135,0,246
1160,0,47,139,16
1161,107,168,247,44
1162,28,89,226,86
1163,84,418,404,112
1164,18,35,22,30
1165,13,23,196,70
1166,73,42,181,197
1167,10,25,100,18
1168,15,77,50,20
1169,142,75,246,46
1170,38,70,409,50
1171,0,241,184,172
1172,0,110,261,34
1173,0,91,324,158
1174,6,106,286,19
1175,2,87,190,48
1176,66,149,259,354
1177,0,91,4,72
1178,109,164,212,196
1179,7,42,99,96
1180,16,94,293,18
1181,85,33,214,211
1182,14,54,86,58
1183,139,120,215,114
1184,20,148,261,52
1185,42,194,658,6
1186,45,65,483,419
1187,2,104,170,20
1188,165,142,458,99
1189,19,12,351,82
1190,57,117,211,56
1191,28,130,665,18
1192,141,248,135,0
1193,51,72,172,4
1194,110,61,501,14
1195,0,32,603,146
1196,44,87,81,184
1197,15,59,68,742
1198,177,329,195,98
1199,140,163,136,305
1200,18,94,255,10
1201,365,682,609,0
1202,38,20,93,62
1203,20,54,0,34
1204,13,8,123,170
1205,59,92,11,22
1206,150,191,82,30
1207,116,294,42,188
1208,3,112,333,2
1209,26,23,192,60
1210,9,226,386,20
1211,143,157,686,149
1212,40,46,82,16
1213,0,6,20,32
1214,100,113,152,54
1215,0,217,0,44
1216,43,120,172,26
1217,0,230,1116,203
1218,16,61,50,202
1219,60,280,180,38
1220,24,52,382,48
1221,69,41,227,119
1222,0,45,447,14
1223,0,51,214,425
1224,465,153,0,71
1225,7,29,73,27
1226,9,162,151,0
1227,129,321,0,32
1228,94,18,0,2
1229,66,137,0,31
1230,30,147,156,85
1231,39,47,74,0
1232,0,72,0,22
1233,133,146,513,319
1234,106,35,128,12
1235,25,38,144,38
1236,0,266,353,185
1237,45,159,402,49
1238,77,32,248,118
1239,19,41,28,0
1240,37,93,57,120
1241,34,81,401,56
1242,44,26,104,50
1243,64,45,313,0
1244,78,104,37,37
1245,20,22,64,66
1246,61,213,478,27
1247,38,119,0,64
1248,74,147,157,44
1249,54,23,0,99
1250,0,278,0,36
1251,58,238,408,36
1252,70,36,0,0
1253,60,55,210,92
1254,173,146,351,34
1255,37,163,235,6
1256,110,116,0,316
1257,19,110,112,45
1258,54,51,0,14
1259,0,276,688,164
1260,0,56,142,184
1261,19,106,147,96
1262,34,35,284,0
1263,42,28,341,64
1264,0,70,169,0
1265,113,152,254,91
1266,84,189,606,47
1267,17,37,129,0
1268,94,76,227,78
1269,23,116,64,16
1270,11,72,308,4
1271,153,94,174,22
1272,0,230,215,168
1273,0,46,78,98
1274,0,76,122,24
1275,1,31,237,66
1276,15,48,108,140
1277,20,165,196,2
1278,79,70,113,2
1279,9,38,215,0
1280,45,152,456,73
1281,0,240,0,184
1282,0,186,601,497
1283,336,430,201,52
1284,248,123,419,53
1285,28,89,36,3
1286,20,70,119,66
1287,3,24,8,0
1288,156,172,857,558
1289,15,82,113,130
1290,134,113,534,0
1291,187,74,102,205
1292,64,177,205,42
1293,100,95,198,228
1294,60,31,91,52
1295,0,215,552,80
1296,0,29,0,359
1297,15,29,0,36
1298,148,144,0,132
1299,35,55,81,52
1300,120,198,182,76
1301,63,200,216,6
1302,33,61,166,0
1303,0,280,249,6
1304,25,81,149,20
1305,16,27,174,122
1306,4,74,354,188
1307,110,186,414,36
1308,4,69,204,238
1309,213,123,351,105
1310,0,162,194,146
1311,23,212,203,80
1312,30,94,163,18
1313,51,68,62,25
1314,31,34,218,49
1315,67,27,15,159
1316,77,363,273,119
1317,23,44,155,57
1318,7,21,56,64
1319,96,118,0,174
1320,172,131,353,459
1321,15,144,377,27
1322,73,30,220,122
1323,22,69,459,55
1324,113,114,279,16
1325,65,59,235,16
1326,8,22,79,46
1327,70,143,426,0
1328,237,524,733,578
1329,77,217,183,56
1330,190,282,0,275
1331,57,42,377,226
1332,48,23,13,12
1333,180,142,390,2
1334,188,165,0,142
1335,421,201,57,212
1336,167,41,0,36
1337,10,61,65,68
1338,54,17,46,38
1339,2,12,35,87
1340,81,139,310,12
1341,65,199,0,223
1342,91,235,204,53
1343,68,133,0,40
1344,111,77,0,17
1345,87,105,0,96
1346,67,42,71,0
1347,216,184,235,247
1348,34,192,0,20
1349,0,40,0,46
1350,106,58,203,0
1351,59,162,166,116
1352,450,280,302,137
1353,47,47,0,38
1354,19,23,0,0
1355,61,205,410,330
1356,235,91,580,0
1357,185,289,340,0
1358,2,43,0,8
1359,66,171,239,62
1360,136,234,303,80
1361,143,95,0,43
1362,9,214,2,202
1363,194,225,286,249
1364,377,231,383,0
1365,44,43,124,12
1366,135,70,504,211
1367,153,177,407,6
1368,35,86,287,0
1369,52,118,148,264
1370,29,65,312,96
1371,48,76,249,361
1372,255,296,0,46
1373,305,92,626,367
1374,87,161,117,115
1375,127,163,207,501
1376,31,131,401,131
1377,59,164,0,136
1378,13,66,96,24
1379,183,137,52,61
1380,51,22,299,13
1381,172,79,1,0
1382,17,386,479,469
1383,22,17,95,0
1384,20,26,46,80
1385,12,68,147,56
1386,176,99,0,0
1387,135,191,484,122
1388,8,92,0,3
1389,139,172,39,0
1390,88,38,391,53
1391,4,38,129,0
1392,155,229,180,27
1393,47,63,0,326
1394,326,108,0,254
1395,196,326,426,98
1396,86,191,474,255
1397,168,128,0,38
1398,342,407,385,132
1399,146,224,64,72
1400,157,62,230,24
1401,277,85,288,48
1402,150,243,519,76
1403,24,44,67,4
1404,263,83,0,297
1405,23,20,89,0
1406,40,103,0,44
1407,59,288,470,0
1408,106,24,0,208
1409,55,18,299,175
1410,313,232,678,34
1411,32,38,100,488
1412,303,225,0,321
1413,4,13,87,63
1414,296,106,489,757
1415,116,171,434,80
1416,25,46,144,0
1417,160,342,410,54
1418,0,158,252,2
1419,17,55,275,30
1420,49,11,57,10
1421,111,81,141,23
1422,8,81,185,10
1423,93,75,72,168
1424,33,180,148,170
1425,49,34,182,136
1426,65,15,0,2
1427,41,100,41,4
1428,49,20,148,169
1429,70,11,69,277
1430,82,56,82,49
1431,252,53,484,0
1432,186,40,0,92
1433,60,116,350,8
1434,126,71,0,0
1435,13,21,111,0
1436,25,30,82,218
1437,0,78,0,30
1438,98,66,0,25
1439,64,75,182,56
1440,205,70,334,108
1441,55,114,290,301
1442,49,388,269,0
1443,30,45,55,220
1444,73,101,319,0
1445,36,21,0,54
1446,32,47,0,6
1447,118,319,0,19
1448,159,59,398,130
1449,72,19,310,159
1450,124,187,220,26
1451,119,177,707,63
1452,6,58,0,46
1453,61,104,234,51
1454,200,75,29,24
1455,36,33,48,60
1456,271,252,274,176
1457,88,167,142,76
1458,32,93,0,2
1459,0,11,72,36
1460,276,231,674,838
1461,72,30,47,42
1462,3,12,74,10
1463,6,188,0,6
1464,173,82,198,162
1465,51,263,193,82
1466,23,98,142,98
1467,198,210,0,231
1468,88,143,0,8
1469,95,480,0,20
1470,135,76,574,370
1471,45,86,194,14
1472,290,232,4,180
1473,16,43,231,47
1474,164,127,127,10
1475,65,87,0,4
1476,0,224,302,22
1477,22,36,0,56
1478,15,48,0,239
1479,309,193,757,38
1480,517,194,351,506
1481,46,71,106,52
1482,0,357,705,259
1483,163,135,250,0
1484,0,40,102,8
1485,10,37,159,40
1486,84,410,632,220
1487,14,82,199,0
1488,18,63,42,79
1489,183,120,79,18
1490,15,29,180,56
1491,0,77,217,652
1492,60,65,98,282
1493,43,94,68,42
1494,13,91,293,184
1495,415,101,207,194
1496,144,139,130,33
1497,16,31,150,11
1498,198,86,219,246
1499,122,57,280,0
1500,34,51,24,26
1501,62,74,135,146
1502,81,181,211,70
1503,35,89,0,124
1504,14,38,117,10
1505,52,270,318,233
1506,376,206,520,72
1507,56,95,248,56
1508,66,129,0,275
1509,41,82,176,32
1510,76,41,55,78
1511,69,111,379,2
1512,144,367,354,73
1513,165,146,729,122
1514,144,116,176,103
1515,20,55,57,54
1516,181,357,696,95
1517,35,51,133,104
1518,151,144,0,567
1519,38,95,82,0
1520,18,68,90,6
1521,65,21,128,256
1522,32,150,194,6
1523,84,38,46,0
1524,27,46,109,433
1525,88,39,282,80
1526,35,107,0,4
1527,17,162,0,14
1528,140,382,316,118
1529,116,47,165,150
1530,127,117,155,46
1531,48,141,305,10
1532,157,341,971,274
1533,201,118,66,40
1534,0,21,15,8
1535,187,156,128,46
1536,58,19,0,14
1537,44,48,131,12
1538,28,196,240,0
1539,94,111,125,2
1540,12,50,89,36
1541,271,206,114,112
1542,109,87,277,0
1543,21,34,147,184
1544,29,62,42,219
1545,53,68,115,0
1546,142,316,247,34
1547,27,181,517,98
1548,0,32,0,47
1549,64,62,286,16
1550,70,191,78,0
1551,180,169,51,216
1552,334,257,0,102
1553,22,142,0,240
1554,62,73,0,48
1555,103,231,0,106
1556,14,125,674,30
1557,30,63,361,66
1558,93,149,298,35
1559,167,24,82,71
1560,58,11,0,8
1561,104,51,51,12
1562,8,51,0,18
1563,80,46,0,4
1564,194,180,910,190
1565,57,142,315,37
1566,13,95,45,0
1567,98,27,245,6
1568,34,46,152,30
1569,90,44,152,6
1570,198,53,275,150
1571,89,337,520,114
1572,60,44,141,30
1573,188,280,261,57
1574,106,128,106,218
1575,13,111,356,51
1576,122,13,206,66
1577,258,77,124,48
1578,35,167,442,84
1579,42,55,499,126
1580,80,208,498,132
1581,171,136,341,0
1582,3,31,242,268
1583,28,42,44,16
1584,60,84,36,0
1585,98,92,70,6
1586,80,5,200,44
1587,0,242,373,243
1588,33,82,68,43
1589,0,254,426,159
1590,54,102,0,116
1591,54,103,335,28
1592,22,56,0,14
1593,10,89,362,350
1594,22,98,0,45
1595,51,54,0,0
1596,27,70,415,250
1597,13,21,0,0
1598,44,148,193,150
1599,26,64,0,53
1600,66,103,743,427
1601,36,46,0,0
1602,92,151,0,609
1603,25,219,183,38
1604,16,20,68,6
1605,6,0,51,36
1606,0,227,422,0
1607,16,250,181,24
1608,160,70,209,0
1609,316,263,248,185
1610,2,93,428,8
1611,20,155,681,10
1612,291,140,105,2
1613,76,95,204,72
1614,54,79,559,2
1615,55,163,128,135
1616,122,87,0,10
1617,59,21,130,266
1618,99,170,512,209
1619,14,29,219,46
1620,0,20,58,0
1621,166,86,206,116
1622,2,110,140,62
1623,268,289,268,185
1624,92,19,265,16
1625,165,122,257,2
1626,42,299,419,98
1627,35,181,305,0
1628,65,126,2,6
1629,53,145,227,150
1630,8,46,220,8
1631,15,18,127,0
1632,34,211,40,4
1633,134,23,0,111
1634,27,88,139,28
1635,16,74,145,142
1636,91,82,51,0
1637,29,88,280,9
1638,306,244,0,15
1639,7,324,0,44
1640,23,62,338,2
1641,7,36,69,48
1642,126,129,80,448
1643,20,29,69,2
1644,224,237,387,43
1645,0,388,19,44
1646,269,393,52,295
1647,16,69,287,160
1648,30,33,524,2
1649,174,64,405,52
1650,19,127,0,157
1651,30,50,118,24
1652,13,81,0,63
1653,15,43,182,0
1654,41,209,0,61
1655,206,164,315,299
1656,12,1,300,0
1657,24,113,294,132
1658,142,127,0,241
1659,163,84,311,112
1660,207,210,0,12
1661,62,84,146,16
1662,19,140,220,89
1663,54,116,265,4
1664,187,107,0,50
1665,52,115,149,14
1666,48,42,138,69
1667,0,49,66,12
1668,128,143,0,91
1669,0,14,0,54
1670,115,195,254,46
1671,9,52,0,46
1672,168,71,196,16
1673,18,108,242,318
1674,310,99,227,3
1675,77,160,434,38
1676,91,23,81,0
1677,179,180,268,38
1678,0,70,0,153
1679,145,80,0,217
1680,6,122,0,44
1681,274,139,0,568
1682,16,40,138,8
1683,43,137,0,0
1684,96,210,86,214
1685,37,111,0,63
1686,45,48,0,24
1687,26,96,380,161
1688,47,62,263,16
1689,121,127,303,316
1690,122,91,88,84
1691,34,45,205,0
1692,33,136,446,183
1693,110,99,0,140
1694,33,42,0,122
1695,45,53,0,56
1696,30,15,56,93
1697,51,39,82,27
1698,16,34,53,4
1699,49,111,504,70
1700,40,46,347,10
1701,115,108,127,86
1702,3,49,264,156
1703,14,43,97,0
1704,69,55,36,9
1705,0,149,361,130
1706,119,73,193,88
1707,88,25,151,0
1708,31,69,183,68
1709,0,93,577,9
1710,0,475,6,524
1711,25,226,0,0
1712,140,60,0,38
1713,146,107,209,16
1714,400,74,266,116
1715,0,148,104,85
1716,34,119,169,0
1717,13,246,642,52
1718,58,28,185,44
1719,135,73,385,0
1720,17,168,97,58
1721,50,68,0,216
1722,7,155,0,141
1723,2,169,0,270
1724,30,64,241,123
1725,48,51,322,70
1726,0,151,207,79
1727,114,119,73,30
1728,155,17,177,0
1729,0,161,247,82
1730,105,290,110,70
1731,104,182,0,16
1732,48,67,466,366
1733,64,228,0,16
1734,27,116,0,112
1735,17,177,668,12
1736,180,108,388,4
1737,109,61,276,75
1738,35,53,105,38
1739,38,57,185,223
1740,16,30,1,44
1741,2,148,286,58
1742,49,111,58,0
1743,93,165,359,0
1744,59,24,0,19
1745,70,205,302,6
1746,32,71,102,4
1747,54,60,235,10
1748,175,216,0,159
1749,76,25,11,49
1750,72,136,128,62
1751,87,145,158,80
1752,84,101,0,108
1753,171,34,256,284
1754,75,131,0,0
1755,101,54,433,224
1756,204,293,367,450
1757,35,123,48,62
1758,44,107,329,60
1759,69,345,220,141
1760,177,132,0,505
1761,227,196,210,42
1762,45,15,65,32
1763,55,116,298,59
1764,320,102,246,0
1765,243,110,415,64
1766,68,77,151,51
1767,20,3,105,28
1768,23,165,0,70
1769,9,42,408,2
1770,2,52,56,8
1771,140,83,189,12
1772,100,125,614,20
1773,15,40,249,12
1774,259,62,329,54
1775,0,526,0,98
1776,258,136,0,282
1777,10,32,3,46
1778,40,114,115,153
1779,0,133,471,965
1780,137,25,495,342
1781,111,207,85,6
1782,72,67,235,0
1783,61,167,340,249
1784,44,15,112,337
1785,63,117,318,362
1786,129,63,187,37
1787,185,45,429,74
1788,37,85,595,107
1789,2,310,0,53
1790,198,91,0,443
1791,61,45,113,0
1792,2,40,165,8
1793,32,24,138,229
1794,65,34,0,0
1795,21,114,0,78
1796,0,297,0,14
1797,137,77,160,80
1798,81,129,296,98
1799,24,48,306,0
1800,16,70,633,499
1801,97,125,0,0
1802,150,83,93,18
1803,10,42,0,54
1804,84,41,295,416
1805,124,140,0,407
1806,0,479,0,86
1807,100,255,330,70
1808,51,45,417,86
1809,53,61,306,80
1810,56,145,122,153
1811,84,57,228,6
1812,36,13,0,12
1813,0,227,0,65
1814,203,182,325,48
1815,55,74,235,17
1816,13,76,0,0
1817,83,92,36,42
1818,127,60,472,0
1819,240,470,0,427
1820,70,144,0,48
1821,8,110,0,59
1822,8,155,399,154
1823,29,197,0,9
1824,18,23,50,0
1825,26,26,171,201
1826,296,171,462,17
1827,155,22,0,86
1828,226,125,325,68
1829,21,225,789,459
1830,308,200,432,57
1831,107,83,140,72
1832,70,73,155,36
1833,263,28,283,0
1834,78,83,0,328
1835,97,110,83,52
1836,44,129,674,50
1837,23,107,134,0
1838,130,81,434,663
1839,0,115,240,262
1840,4,162,344,65
1841,17,30,269,207
1842,82,174,815,238
1843,13,140,94,96
1844,134,45,0,0
1845,30,109,144,299
1846,0,533,437,125
1847,241,92,568,646
1848,38,106,448,95
1849,129,421,0,296
1850,90,33,0,363
1851,94,106,0,118
1852,99,130,195,0
1853,38,40,0,32
1854,21,46,0,243
1855,41,65,248,0
1856,228,236,664,129
1857,66,153,183,239
1858,49,23,54,59
1859,39,112,0,193
1860,20,128,98,108
1861,53,107,354,82
1862,6,24,29,22
1863,8,73,236,2
1864,85,192,329,30
1865,10,125,129,308
1866,0,50,30,32
1867,13,60,210,0
1868,165,196,264,0
1869,33,58,0,146
1870,6,79,53,21
1871,328,118,0,151
1872,54,78,590,88
1873,29,242,295,0
1874,49,143,0,339
1875,18,55,217,65
1876,531,341,1384,192
1877,57,243,0,90
1878,15,370,213,346
1879,7,92,49,0
1880,63,78,142,0
1881,441,119,0,147
1882,43,54,856,348
1883,15,254,185,12
1884,145,311,606,118
1885,244,126,0,320
1886,146,228,289,79
1887,45,194,257,124
1888,157,211,0,70
1889,518,429,735,617
1890,67,1,60,74
1891,110,63,292,33
1892,47,36,281,26
1893,220,143,68,229
1894,131,59,457,42
1895,52,104,113,22
1896,77,318,407,401
1897,130,52,417,170
1898,81,84,215,27
1899,40,67,261,166
1900,25,59,86,16
1901,7,218,455,64
1902,41,249,260,8
1903,117,149,0,36
1904,43,97,91,50
1905,198,379,473,114
1906,272,159,517,168
1907,579,711,770,71
1908,347,352,783,66
1909,0,129,183,52
1910,114,121,207,7
1911,79,55,0,50
1912,25,361,229,302
1913,0,79,265,230
1914,58,57,113,165
1915,61,140,0,26
1916,41,164,172,710
1917,78,224,0,28
1918,7,33,13,12
1919,81,253,100,109
1920,225,185,0,104
1921,66,51,186,90
1922,83,146,0,30
1923,92,108,0,66
1924,49,74,379,30
1925,206,110,198,144
1926,85,86,351,80
1927,111,188,227,46
1928,0,505,436,283
1929,0,107,189,18
1930,137,100,287,28
1931,153,34,0,52
1932,43,15,102,204
1933,51,76,392,113
1934,20,13,126,145
1935,400,482,0,614
1936,66,132,579,194
1937,178,21,365,70
1938,58,133,387,90
1939,12,499,0,58
1940,193,56,0,188
1941,147,116,132,68
1942,175,185,326,17
1943,17,74,192,13
1944,20,10,0,68
1945,104,13,218,24
1946,0,169,103,685
1947,19,17,36,27
1948,57,54,27,100
1949,52,79,326,26
1950,4,94,180,42
1951,57,134,416,28
1952,454,443,717,0
1953,153,192,328,25
1954,0,220,524,48
1955,6,122,0,65
1956,26,12,54,23
1957,15,25,179,56
1958,133,166,0,200
1959,78,382,140,178
1960,4,30,151,63
1961,53,97,79,4
1962,7,67,54,4
1963,0,107,0,238
1964,102,208,449,280
1965,0,357,1338,585
1966,9,5,0,248
1967,0,88,241,246
1968,215,199,0,2
1969,32,40,98,62
1970,20,67,125,2
1971,18,39,65,6
1972,69,40,133,20
1973,4,7,221,58
1974,96,134,405,212
1975,0,89,0,151
1976,200,145,120,186
1977,55,90,0,0
1978,141,194,301,2
1979,85,110,1051,292
1980,202,373,475,78
1981,12,77,113,4
1982,180,206,700,115
1983,16,10,41,2
1984,151,85,0,100
1985,41,68,153,106
1986,15,29,101,152
1987,73,39,0,416
1988,117,61,0,18
1989,73,65,154,120
1990,19,172,1,24
1991,77,91,318,22
1992,51,359,726,144
1993,161,84,126,122
1994,63,134,61,60
1995,27,10,154,167
1996,37,89,56,90
1997,38,81,54,0
1998,27,33,160,51
1999,5,32,252,152
2000,331,282,830,62
2001,96,188,94,26
2002,22,71,0,421
2003,76,44,127,244
2004,0,52,0,81
2005,41,117,0,10
2006,16,109,72,20
2007,30,61,69,48
2008,87,176,589,150
2009,701,759,0,235
2010,124,160,643,722
2011,58,178,399,162
2012,42,47,128,10
2013,162,240,620,89
2014,33,204,0,101
2015,2,59,137,207
2016,25,132,252,130
2017,0,47,0,61
2018,271,86,262,13
2019,31,56,398,16
2020,135,48,411,80
2021,7,59,120,0
2022,127,44,177,35
2023,6,67,0,44
2024,175,32,189,110
2025,47,67,148,74
2026,64,87,224,28
2027,92,121,0,26
2028,12,48,120,6
2029,97,132,354,197
2030,0,195,981,12
2031,5,29,47,186
2032,58,125,496,83
2033,5,44,47,34
2034,0,84,348,44
2035,10,118,97,0
2036,21,138,0,568
2037,18,33,0,212
2038,7,29,211,20
2039,89,33,0,28
2040,0,173,292,81
2041,91,63,159,243
2042,39,34,94,8
2043,241,186,437,211
2044,35,67,166,17
2045,30,78,105,32
2046,0,82,67,108
2047,153,45,16,0
2048,120,25,324,43
2049,112,76,203,233
2050,105,200,358,58
2051,31,103,164,0
2052,101,33,407,94
2053,14,113,396,169
2054,75,105,38,14
2055,30,83,77,0
2056,61,67,191,116
2057,260,86,370,217
2058,13,38,204,97
2059,0,86,509,44
2060,58,105,124,38
2061,28,159,242,51
2062,164,164,602,17
2063,8,121,231,62
2064,19,83,105,35
2065,148,17,172,6
2066,55,163,0,45
2067,298,74,0,40
2068,7,11,0,72
2069,9,78,173,57
2070,310,230,0,0
2071,200,108,0,343
2072,54,230,1183,164
2073,17,218,343,38
2074,0,416,724,457
2075,0,404,0,165
2076,399,378,131,36
2077,185,142,41,0
2078,269,303,449,124
2079,361,614,185,126
2080,51,338,276,18
2081,42,287,167,0
2082,464,65,642,762
2083,61,114,21,27
2084,127,150,0,336
2085,113,156,313,52
2086,141,93,401,156
2087,11,20,113,8
2088,93,147,27,24
2089,78,108,141,9
2090,107,123,657,22
2091,28,81,109,123
2092,40,40,159,10
2093,259,534,498,38
2094,13,46,195,30
2095,73,95,228,154
2096,372,251,808,57
2097,150,84,279,191
2098,0,245,515,0
2099,0,46,37,50
2100,42,204,508,298
2101,20,64,108,0
2102,23,29,213,6
2103,81,271,1,0
2104,21,52,276,4
2105,93,224,70,326
2106,37,72,135,11
2107,190,133,367,66
2108,155,89,458,17
2109,0,186,231,0
2110,18,128,250,2
2111,82,27,339,8
2112,226,230,0,271
2113,68,65,277,42
2114,3,181,264,6
2115,13,41,401,150
2116,55,59,127,28
2117,129,220,93,132
2118,140,105,317,0
2119,56,153,478,12
2120,6,111,0,18
2121,37,105,38,73
2122,50,170,91,36
2123,99,96,0,268
2124,17,175,68,0
2125,78,59,413,169
2126,122,54,327,30
2127,3,118,181,74
2128,0,356,313,165
2129,0,134,237,95
2130,67,150,0,48
2131,27,61,289,10
2132,118,95,117,87
2133,23,46,0,0
2134,142,68,388,39
2135,417,218,560,232
2136,190,67,154,0
2137,32,171,201,38
2138,41,77,248,41
2139,35,51,7,10
2140,87,74,300,12
2141,256,337,816,36
2142,6,38,79,192
2143,18,37,119,74
2144,60,107,307,206
2145,6,18,0,0
2146,35,46,136,98
2147,288,296,177,127
2148,123,60,349,146
2149,71,35,355,134
2150,81,230,216,0
2151,20,75,0,227
2152,17,64,0,6
2153,119,156,0,0
2154,112,57,0,64
2155,8,246,339,8
2156,0,389,607,188
2157,25,66,104,0
2158,299,213,823,180
2159,64,184,340,321
2160,53,103,207,138
2161,6,325,199,174
2162,50,224,14,40
2163,27,86,302,672
2164,519,69,0,118
2165,36,681,679,477
2166,200,240,357,61
2167,107,97,328,6
2168,76,77,48,24
2169,17,14,0,18
2170,80,191,58,4
2171,29,28,0,16
2172,32,41,0,140
2173,0,43,478,872
2174,0,185,0,334
2175,102,88,378,38
2176,176,128,59,20
2177,99,139,20,110
2178,74,131,182,0
2179,56,94,214,78
2180,208,374,177,6
2181,101,37,62,24
2182,127,205,81,0
2183,94,13,149,522
2184,7,123,239,334
2185,12,99,0,165
2186,0,180,0,24
2187,30,69,0,16
2188,25,73,156,58
2189,71,74,329,292
2190,8,80,1,2
2191,183,171,585,0
2192,10,43,56,2
2193,129,26,4,48
2194,79,108,150,104
2195,4,137,58,22
2196,37,44,12,221
2197,197,122,201,90
2198,35,94,0,195
2199,139,42,300,129
2200,20,179,0,8
2201,110,179,141,0
2202,11,184,158,130
2203,2,134,623,38
2204,1029,671,1931,175
2205,123,234,385,4
2206,45,41,123,226
2207,87,64,182,48
2208,58,25,258,0
2209,106,51,248,86
2210,78,87,252,0
2211,12,70,0,4
2212,49,46,93,80
2213,43,169,158,309
2214,77,413,616,584
2215,159,143,50,2
2216,0,36,65,0
2217,143,134,210,206
2218,129,182,0,54
2219,57,37,81,60
2220,2,135,0,115
2221,0,196,224,26
2222,209,169,0,444
2223,139,43,277,22
2224,95,94,434,108
2225,156,35,139,10
2226,20,10,21,0
2227,9,24,65,14
2228,78,227,0,274
2229,35,114,90,100
2230,7,44,53,108
2231,47,87,190,12
2232,10,89,278,64
2233,0,35,208,8
2234,245,178,215,170
2235,108,172,287,0
2236,33,0,94,14
2237,197,86,176,47
2238,6,24,14,18
2239,40,63,109,133
2240,164,65,222,85
2241,153,20,0,166
2242,49,85,0,0
2243,54,169,205,117
2244,13,43,195,264
2245,91,84,135,58
2246,19,47,29,28
2247,0,534,502,228
2248,133,97,155,54
2249,40,29,140,0
2250,128,205,0,141
2251,7,184,0,450
2252,145,33,201,29
2253,2,22,49,48
2254,0,97,250,0
2255,68,73,197,24
2256,90,99,4,160
2257,8,92,267,172
2258,309,158,253,185
2259,7,99,14,50
2260,30,53,88,131
2261,30,23,134,38
2262,29,53,91,24
2263,127,381,337,40
2264,178,443,0,116
2265,186,88,374,65
2266,15,64,271,17
2267,56,58,61,165
2268,52,123,199,401
2269,159,250,37,94
2270,13,20,44,11
2271,67,194,243,12
2272,37,9,0,117
2273,31,50,0,10
2274,228,34,223,123
2275,0,344,883,30
2276,31,71,243,60
2277,13,54,308,0
2278,38,178,30,38
2279,105,85,0,28
2280,3,127,350,119
2281,81,131,295,0
2282,58,89,255,64
2283,31,120,302,103
2284,72,259,153,58
2285,60,86,166,24
2286,11,129,0,106
2287,2,46,0,18
2288,0,449,0,407
2289,168,52,0,190
2290,32,68,0,87
2291,35,12,0,178
2292,9,94,0,0
2293,0,14,62,18
2294,276,108,0,30
2295,176,70,83,42
2296,179,199,0,136
2297,21,75,179,0
2298,18,70,73,226
2299,103,111,0,109
2300,34,70,72,34
2301,63,222,693,455
2302,106,95,392,194
2303,106,37,72,109
2304,59,131,246,4
2305,91,43,196,144
2306,53,109,123,0
2307,59,123,139,22
2308,30,184,403,44
2309,106,64,0,34
2310,7,109,137,92
2311,53,61,308,96
2312,324,71,427,20
2313,50,44,257,89
2314,389,532,0,34
2315,67,68,92,28
2316,31,28,108,26
2317,130,86,0,109
2318,99,234,223,238
2319,27,129,359,310
2320,17,51,201,0
2321,21,117,66,0
2322,0,29,31,14
2323,36,368,576,4
2324,326,293,139,84
2325,17,33,89,57
2326,474,314,546,50
2327,440,271,271,0
2328,46,29,87,9
2329,35,140,198,157
2330,297,88,685,150
2331,49,74,440,42
2332,148,192,408,0
2333,88,144,0,223
2334,75,82,37,48
2335,67,45,0,292
2336,75,83,166,40
2337,58,119,405,174
2338,9,78,434,286
2339,15,125,0,9
2340,236,236,308,8
2341,27,404,306,282
2342,66,107,503,18
2343,4,61,411,116
2344,5,32,29,2
2345,66,91,0,68
2346,111,73,0,168
2347,118,90,0,16
2348,19,124,272,30
2349,132,389,457,0
2350,55,173,202,4
2351,68,25,137,120
2352,11,63,0,0
2353,4,9,0,24
2354,46,59,300,30
2355,16,14,44,145
2356,62,57,208,2
2357,18,90,164,0
2358,14,4,217,273
2359,2,50,0,40
2360,48,76,589,24
2361,16,242,129,544
2362,29,74,0,222
2363,134,117,669,106
2364,62,311,604,130
2365,61,246,104,64
2366,90,148,355,186
2367,153,118,0,120
2368,81,147,65,142
2369,136,47,170,150
2370,3,7,58,6
2371,0,24,67,0
2372,18,221,615,76
2373,187,207,0,160
2374,204,374,621,230
2375,176,39,0,0
2376,78,58,0,144
2377,0,263,684,299
2378,56,45,167,4
2379,121,62,222,47
2380,39,71,70,90
2381,33,87,245,80
2382,51,118,84,47
2383,61,211,0,0
2384,6,118,275,36
2385,60,77,0,51
2386,34,39,219,0
2387,5,74,270,138
2388,20,46,83,0
2389,49,270,647,732
2390,94,215,894,254
2391,30,59,184,6
2392,40,188,34,63
2393,67,25,155,4
2394,105,374,151,277
2395,154,301,612,323
2396,50,57,97,126
2397,108,317,243,61
2398,89,108,72,75
2399,110,38,253,112
2400,35,50,247,24
2401,236,549,1032,564
2402,4,41,244,16
2403,61,36,33,38
2404,12,33,0,30
2405,184,374,0,74
2406,11,62,17,92
2407,390,279,794,18
2408,70,201,499,7
2409,180,96,195,140
2410,63,284,754,52
2411,10,40,0,207
2412,0,37,268,256
2413,67,282,625,479
2414,181,39,256,120
2415,92,111,314,176
2416,34,175,463,0
2417,87,78,69,4
2418,18,68,108,107
2419,35,48,132,254
2420,144,72,275,26
2421,21,35,135,74
2422,57,53,84,18
2423,43,74,94,31
2424,65,120,285,87
2425,289,503,360,277
2426,336,85,0,36
2427,150,60,170,19
2428,62,42,149,2
2429,12,88,171,0
2430,147,272,235,66
2431,78,56,111,118
2432,54,62,171,204
2433,230,253,642,138
2434,27,153,235,264
2435,298,139,11,20
2436,64,48,102,34
2437,315,279,0,64
2438,47,187,185,31
2439,3,59,109,8
2440,121,62,158,81
2441,0,191,0,96
2442,43,72,0,231
2443,295,277,0,30
2444,15,28,137,84
2445,170,242,0,45
2446,51,101,128,77
2447,83,51,263,57
2448,285,196,66,114
2449,50,158,12,70
2450,152,97,428,94
2451,65,51,0,449
2452,17,255,288,30
2453,27,119,232,104
2454,6,109,427,16
2455,0,67,18,84
2456,401,171,101,120
2457,40,57,189,20
2458,0,62,805,198
2459,112,70,143,60
2460,104,43,73,2
2461,8,38,127,0
2462,195,92,31,12
2463,2,71,389,24
2464,16,314,361,198
2465,0,154,0,191
2466,75,128,0,62
2467,73,194,0,138
2468,202,225,477,35
2469,297,78,491,124
2470,26,41,0,4
2471,30,97,182,12
2472,25,57,298,128
2473,0,112,342,296
2474,24,86,216,35
2475,9,5,20,0
2476,53,74,159,38
2477,15,263,439,157
2478,147,122,0,53
2479,530,409,0,201
2480,2,18,0,94
2481,59,179,735,173
2482,28,80,350,262
2483,111,80,0,156
2484,65,84,230,50
2485,4,113,113,70
2486,138,50,0,42
2487,82,219,0,440
2488,55,220,201,58
2489,20,99,228,74
2490,236,71,166,71
2491,12,57,246,66
2492,0,610,136,175
2493,0,390,1390,500
2494,62,105,255,42
2495,142,90,307,54
2496,31,41,17,24
2497,37,19,188,189
2498,11,95,144,21
2499,29,18,76,0
2500,0,16,53,34
2501,100,143,0,50
2502,118,31,398,128
2503,22,64,0,44
2504,69,23,0,158
2505,83,85,352,16
2506,61,151,0,101
2507,210,72,0,140
2508,0,185,0,14
2509,57,97,101,40
2510,10,109,269,39
2511,95,106,232,140
2512,89,264,249,167
2513,105,76,841,374
2514,6,79,281,149
2515,31,100,55,18
2516,92,150,292,0
2517,105,115,542,27
2518,50,27,0,114
2519,145,312,0,283
2520,29,168,273,138
2521,17,119,153,430
2522,59,148,0,278
2523,121,205,0,164
2524,84,108,296,47
2525,20,17,52,54
2526,212,258,263,434
2527,14,18,47,20
2528,61,192,0,658
2529,32,533,368,394
2530,54,30,268,375
2531,160,0,415,0
2532,14,399,297,154
2533,14,83,141,28
2534,382,85,0,58
2535,19,176,31,16
2536,37,64,162,16
2537,70,265,261,129
2538,0,179,293,128
2539,370,460,1357,280
2540,78,28,177,0
2541,54,22,90,0
2542,0,48,16,6
2543,33,112,320,124
2544,92,126,456,30
2545,170,120,589,173
2546,112,195,268,36
2547,424,406,76,343
2548,162,123,492,162
2549,29,37,314,33
2550,56,85,16,8
2551,658,417,149,142
2552,0,96,250,57
2553,69,75,189,140
2554,47,105,497,126
2555,76,87,95,2
2556,33,202,213,22
2557,36,150,115,106
2558,225,4,576,0
2559,11,159,297,0
2560,410,311,282,294
2561,0,42,22,0
2562,26,14,0,0
2563,88,375,0,65
2564,0,37,0,228
2565,0,141,0,47
2566,6,74,42,8
2567,89,111,656,162
2568,0,209,415,88
2569,113,138,0,283
2570,135,51,309,100
2571,15,71,214,154
2572,27,37,0,132
2573,16,29,0,66
2574,12,190,0,201
2575,25,20,453,66
2576,398,198,0,4
2577,20,62,0,43
2578,102,162,530,224
2579,72,146,406,155
2580,177,207,535,590
2581,0,192,403,34
2582,56,218,0,14
2583,72,38,164,20
2584,93,51,236,66
2585,33,292,234,44
2586,78,45,200,38
2587,83,0,0,10
2588,36,7,156,8
2589,0,80,152,0
2590,9,112,192,95
2591,6,164,208,37
2592,28,114,100,0
2593,47,223,232,331
2594,34,48,65,20
2595,62,232,71,0
2596,0,189,539,55
2597,2,16,157,28
2598,30,70,36,0
2599,2,55,121,41
2600,42,87,0,107
2601,23,29,269,185
2602,79,44,0,22
2603,0,265,158,88
2604,10,165,449,104
2605,20,156,312,193
2606,182,62,108,74
2607,7,0,262,0
2608,63,110,163,106
2609,215,165,0,450
2610,122,155,188,115
2611,8,45,96,112
2612,3,109,0,85
2613,43,100,0,48
2614,3,337,0,23
2615,143,42,104,14
2616,74,99,383,167
2617,32,97,290,0
2618,198,172,137,52
2619,175,212,443,19
2620,62,88,62,4
2621,0,164,523,84
2622,18,174,198,255
2623,5,7,98,10
2624,45,99,178,90
2625,0,71,27,0
2626,108,74,117,57
2627,10,100,0,13
2628,32,20,51,190
2629,60,151,0,117
2630,24,24,38,7
2631,0,380,441,152
2632,30,43,153,64
2633,34,103,235,52
2634,104,32,141,140
2635,10,41,0,16
2636,18,117,0,0
2637,161,79,0,198
2638,49,91,82,8
2639,27,19,105,115
2640,57,35,283,80
2641,173,101,524,514
2642,43,73,127,75
2643,5,24,105,139
2644,71,35,165,12
2645,38,101,80,186
2646,6,426,392,116
2647,72,18,76,126
2648,33,173,0,64
2649,21,67,0,67
2650,57,65,0,67
2651,75,52,0,91
2652,14,32,24,32
2653,0,18,346,46
2654,38,92,0,0
2655,282,260,0,168
2656,113,258,84,18
2657,64,282,0,50
2658,8,44,261,98
2659,68,112,0,8
2660,45,144,0,6
2661,67,28,148,85
2662,24,29,95,4
2663,25,76,376,18
2664,47,96,55,122
2665,108,216,729,144
2666,67,121,293,219
2667,53,47,315,157
2668,91,134,416,128
2669,66,27,345,650
2670,0,73,0,56
2671,92,97,215,49
2672,57,90,234,70
2673,384,74,698,422
2674,76,146,126,48
2675,0,153,436,30
2676,8,104,272,82
2677,205,357,0,248
2678,21,94,0,32
2679,50,64,0,0
2680,156,55,130,114
2681,97,84,194,48
2682,30,79,808,0
2683,58,37,109,128
2684,112,188,0,128
2685,375,51,819,100
2686,0,281,0,178
2687,277,148,240,31
2688,0,15,66,0
2689,52,179,247,0
2690,192,0,0,32
2691,68,40,222,160
2692,46,51,293,51
2693,80,13,610,14
2694,89,128,236,37
2695,241,139,354,10
2696,340,101,483,67
2697,57,58,703,15
2698,19,7,159,0
2699,124,156,497,126
2700,47,40,214,4
2701,72,17,31,114
2702,309,175,692,116
2703,32,52,24,13
2704,0,51,165,174
2705,60,160,0,304
2706,69,122,651,38
2707,55,69,173,0
2708,0,219,93,30
2709,66,7,807,225
2710,44,84,79,0
2711,8,34,78,31
2712,40,111,250,0
2713,399,219,15,22
2714,0,61,164,2
2715,64,133,35,46
2716,0,344,512,20
2717,176,134,261,21
2718,30,73,0,14
2719,146,98,190,56
2720,0,264,548,18
2721,167,150,91,58
2722,53,129,429,412
2723,208,145,431,10
2724,228,230,725,442
2725,51,72,271,0
2726,41,110,254,58
2727,45,199,0,213
2728,2,44,4,24
2729,44,126,243,4
2730,101,101,9,22
2731,45,40,0,0
2732,46,32,0,53
2733,7,144,319,0
2734,64,378,117,42
2735,9,129,14,52
2736,64,45,352,3
2737,86,124,251,171
2738,168,121,430,12
2739,91,81,125,0
2740,21,170,48,115
2741,86,151,624,22
2742,323,316,623,59
2743,73,17,141,42
2744,57,94,252,0
2745,82,85,0,120
2746,251,209,976,54
2747,55,53,0,54
2748,56,106,0,369
2749,50,83,85,474
2750,160,184,346,0
2751,93,157,527,44
2752,163,40,251,0
2753,22,19,32,32
2754,45,135,49,10
2755,68,161,321,51
2756,129,202,357,237
2757,27,24,18,36
2758,109,122,483,174
2759,83,99,0,14
2760,239,196,250,365
2761,0,92,0,116
2762,77,117,367,410
2763,128,187,5,26
2764,312,170,770,8
2765,0,160,204,0
2766,15,173,302,162
2767,72,127,387,138
2768,4,98,173,96
2769,49,79,292,91
2770,56,60,0,132
2771,74,111,261,30
2772,548,183,403,246
2773,27,96,144,38
2774,66,29,127,98
2775,157,50,110,66
2776,55,119,363,98
2777,49,33,47,6
2778,0,72,462,0
2779,18,136,130,4
2780,9,26,122,24
2781,36,17,275,57
2782,67,144,373,276
2783,34,283,96,46
2784,47,14,124,24
2785,105,375,0,16
2786,219,157,557,88
2787,88,123,198,18
2788,11,252,478,104
2789,10,195,388,20
2790,0,19,0,46
2791,119,35,109,972
2792,18,345,87,0
2793,119,79,118,132
2794,31,107,241,6
2795,25,60,98,22
2796,46,118,299,0
2797,17,108,126,123
2798,358,227,339,657
2799,145,73,367,29
2800,254,175,448,134
2801,0,405,506,102
2802,116,200,287,0
2803,131,160,0,366
2804,44,135,68,222
2805,186,178,81,0
2806,191,260,343,0
2807,21,55,243,36
2808,145,293,122,14
2809,25,122,291,204
2810,24,65,26,183
2811,278,293,501,252
2812,62,113,794,222
2813,163,233,0,148
2814,44,159,144,23
2815,146,129,620,52
2816,30,341,0,238
2817,123,141,5,66
2818,0,110,186,44
2819,23,45,12,6
2820,0,289,338,20
2821,12,424,228,12
2822,188,97,0,42
2823,171,50,210,33
2824,88,127,155,0
2825,57,184,225,154
2826,37,109,0,0
2827,108,293,0,38
2828,90,103,438,250
2829,9,34,56,124
2830,44,70,0,204
2831,60,165,321,163
2832,37,527,280,164
2833,79,35,320,46
2834,80,41,10,4
2835,9,219,141,56
2836,328,246,822,484
2837,212,384,162,340
2838,77,71,190,24
2839,0,188,438,399
2840,20,134,258,8
2841,56,18,819,328
2842,150,95,286,0
2843,0,361,460,40
2844,30,51,12,0
2845,41,104,661,0
2846,72,55,0,196
2847,54,90,0,119
2848,345,364,518,240
2849,7,91,0,75
2850,15,43,0,53
2851,51,262,0,236
2852,99,151,286,225
2853,30,59,0,100
2854,475,320,0,188
2855,151,33,487,84
2856,13,38,120,63
2857,24,10,169,18
2858,0,111,0,54
2859,98,131,0,36
2860,159,83,0,333
2861,49,217,281,415
2862,177,184,241,58
2863,100,87,0,88
2864,127,81,0,2
2865,18,41,176,467
2866,0,109,716,192
2867,0,325,594,26
2868,67,157,301,90
2869,71,24,363,42
2870,67,130,368,38
2871,70,135,323,221
2872,28,68,161,64
2873,24,52,360,14
2874,0,367,977,372
2875,22,124,262,2
2876,33,73,148,44
2877,23,75,144,2
2878,438,418,278,617
2879,39,86,183,92
2880,409,186,0,385
2881,175,106,0,145
2882,0,169,0,40
2883,87,64,0,124
2884,20,89,0,32
2885,102,33,338,40
2886,153,157,205,82
2887,19,119,57,144
2888,55,170,463,387
2889,65,89,514,247
2890,14,28,156,96
2891,23,246,0,176
2892,589,519,0,2
2893,3,112,192,0
2894,11,148,142,12
2895,65,279,733,228
2896,5,44,1,44
2897,42,147,117,52
2898,15,120,277,224
2899,66,49,333,147
2900,76,57,83,60
2901,37,84,105,16
2902,77,40,132,2
2903,44,52,73,10
2904,48,138,540,14
2905,175,124,240,254
2906,97,195,294,202
2907,49,99,178,0
2908,14,76,94,2
2909,15,76,0,0
2910,300,187,530,179
2911,4,50,347,72
2912,253,363,520,340
2913,82,132,339,160
2914,50,111,66,50
2915,26,142,15,48
2916,14,23,143,4
2917,3,15,32,383
2918,22,58,93,322
2919,0,61,146,146
2920,8,147,0,74
2921,126,124,0,177
2922,161,179,273,0
2923,63,50,282,345
2924,62,85,180,67
2925,0,137,294,46
2926,65,85,714,0
2927,64,59,361,14
2928,274,345,0,86
2929,106,386,111,66
2930,0,338,525,92
2931,28,55,0,0
2932,133,177,389,240
2933,0,183,0,167
2934,2,56,0,6
2935,51,65,372,110
2936,13,65,299,96
2937,52,202,133,0
2938,225,530,458,37
2939,0,97,150,158
2940,5,23,113,6
2941,113,174,594,512
2942,91,46,496,250
2943,261,96,0,237
2944,35,77,192,0
2945,58,174,0,34
2946,71,151,0,0
2947,22,468,385,274
2948,21,169,129,411
2949,40,101,141,88
2950,410,165,354,213
2951,98,85,0,281
2952,38,115,289,74
2953,43,284,722,95
2954,8,289,204,26
2955,115,81,39,78
2956,40,25,331,110
2957,157,124,268,217
2958,13,54,46,24
2959,0,76,642,30
2960,164,100,0,0
2961,59,12,0,48
2962,129,127,0,82
2963,30,63,314,69
2964,38,134,370,8
2965,15,64,86,10
2966,69,536,0,62
2967,33,107,22,48
2968,122,342,333,14
2969,63,79,236,50
2970,30,17,137,73
2971,0,564,0,303
2972,101,55,28,0
2973,208,113,559,48
2974,20,226,579,0
2975,61,66,0,200
2976,21,74,143,90
2977,9,64,0,16
2978,55,163,127,116
2979,0,117,4,208
2980,32,89,470,8
2981,0,36,94,75
2982,369,115,296,0
2983,13,24,93,20
2984,41,27,210,4
2985,83,121,0,0
2986,35,22,24,6
2987,31,154,131,74
2988,18,17,114,57
2989,291,154,209,116
2990,154,454,193,323
2991,30,95,192,6
2992,34,17,334,0
2993,51,47,215,0
2994,38,156,305,372
2995,3,56,186,16
2996,54,67,246,104
2997,0,137,85,47
2998,179,130,385,297
2999,253,150,823,0
3000,324,178,364,458
3001,230,265,534,922
3002,51,115,435,342
3003,202,50,390,0
3004,142,108,205,421
3005,90,166,499,80
3006,10,67,0,20
3007,126,154,540,0
3008,38,60,583,171
3009,67,130,179,414
3010,149,89,657,82
3011,0,72,51,92
3012,72,293,351,60
3013,113,134,154,228
3014,0,160,335,106
3015,99,166,1257,0
3016,13,166,211,41
3017,303,141,763,66
3018,21,90,189,160
3019,70,322,512,166
3020,8,41,261,515
3021,49,63,374,209
3022,37,248,274,0
3023,151,177,0,12
3024,84,85,252,4
3025,0,149,9,6
3026,0,48,154,8
3027,10,24,56,0
3028,22,70,232,86
3029,116,284,0,186
3030,28,87,0,2
3031,0,68,122,150
3032,50,117,918,429
3033,11,23,0,8
3034,134,544,0,125
3035,85,62,682,161
3036,37,128,809,2
3037,55,398,255,0
3038,67,99,227,136
3039,187,47,529,16
3040,0,397,721,100
3041,49,34,136,126
3042,25,127,170,145
3043,35,119,222,80
3044,0,151,0,106
3045,73,143,434,545
3046,6,25,0,305
3047,67,68,265,59
3048,49,244,0,82
3049,237,245,263,148
3050,8,8,0,0
3051,137,86,496,34
3052,56,69,306,2
3053,0,177,97,38
3054,31,108,301,395
3055,108,187,39,84
3056,236,111,236,72
3057,111,0,354,0
3058,6,32,170,26
3059,126,108,122,219
3060,14,113,0,0
3061,4,34,32,30
3062,22,32,0,70
3063,156,262,0,26
3064,89,27,100,101
3065,6,31,95,8
3066,49,297,0,12
3067,63,149,0,6
3068,0,292,0,18
3069,214,81,444,102
3070,14,102,192,30
3071,69,69,534,161
3072,56,178,251,98
3073,24,42,0,29
3074,112,147,72,220
3075,598,377,311,164
3076,20,30,0,52
3077,66,59,147,0
3078,6,48,0,0
3079,0,195,322,158
3080,0,60,0,118
3081,333,175,558,65
3082,23,22,61,5
3083,49,16,62,48
3084,16,18,120,18
3085,141,131,269,0
3086,4,112,0,47
3087,53,64,0,68
3088,18,55,549,0
3089,48,181,0,67
3090,0,69,864,115
3091,15,59,56,4
3092,43,134,0,0
3093,3,212,245,211
3094,0,156,744,76
3095,60,21,115,20
3096,28,88,183,274
3097,4,78,151,0
3098,0,27,62,150
3099,134,107,191,32
3100,34,27,130,0
3101,80,71,107,0
3102,0,27,63,20
3103,191,82,77,112
3104,59,432,206,10
3105,0,77,85,0
3106,30,41,120,143
3107,40,307,0,266
3108,67,87,0,352
3109,56,83,149,160
3110,19,108,196,80
3111,11,77,215,4
3112,4,37,211,0
3113,101,145,182,216
3114,47,98,47,0
3115,49,22,161,16
3116,0,111,0,753
3117,49,82,78,12
3118,10,199,420,11
3119,136,73,346,48
3120,0,437,0,42
3121,45,95,270,6
3122,48,144,340,174
3123,239,42,223,114
3124,23,353,945,39
3125,5,80,23,8
3126,115,79,234,10
3127,23,157,0,44
3128,103,95,78,0
3129,55,83,102,0
3130,73,98,252,218
3131,13,34,47,131
3132,23,68,242,0
3133,80,72,308,257
3134,251,300,131,440
3135,36,76,229,34
3136,14,97,118,34
3137,130,199,269,144
3138,28,126,505,190
3139,81,94,137,354
3140,176,193,703,693
3141,18,96,47,98
3142,33,131,182,231
3143,43,150,66,0
3144,61,167,133,176
3145,140,61,186,147
3146,0,37,156,67
3147,0,41,103,86
3148,114,80,234,0
3149,73,150,144,96
3150,48,63,0,149
3151,5,47,128,0
3152,130,71,139,37
3153,80,68,347,2
3154,32,15,163,0
3155,125,253,284,146
3156,24,40,88,34
3157,5,48,46,39
3158,20,11,11,0
3159,23,43,168,14
3160,123,35,162,124
3161,0,24,76,10
3162,0,190,262,28
3163,27,116,0,0
3164,17,55,134,34
3165,0,208,99,0
3166,16,49,195,79
3167,51,44,270,10
3168,16,52,0,50
3169,156,133,0,36
3170,16,10,0,79
3171,0,102,286,66
3172,20,100,0,74
3173,0,96,343,24
3174,12,15,0,0
3175,217,127,116,22
3176,26,81,0,150
3177,12,39,0,0
3178,0,94,106,18
3179,25,42,0,32
3180,30,50,0,56
3181,173,118,0,34
3182,13,34,0,24
3183,16,159,0,117
3184,15,42,61,4
3185,49,38,201,17
3186,39,88,55,33
3187,32,57,216,58
3188,68,41,73,56
3189,100,58,161,4
3190,0,53,137,72
3191,15,259,430,91
3192,115,149,0,48
3193,0,55,97,28
3194,18,58,0,102
3195,61,104,0,51
3196,12,53,62,222
3197,116,33,37,31
3198,165,172,194,97
3199,0,109,0,59
3200,22,19,92,2
3201,19,30,83,29
3202,30,255,508,138
3203,17,4,0,14
3204,44,2,75,16
3205,5,65,27,25
3206,9,51,37,22
3207,4,11,41,6
3208,26,6,45,0
3209,25,46,46,0
3210,39,7,23,2
3211,32,61,0,37
3212,36,126,14,43
3213,16,147,172,0
3214,20,11,93,36
3215,25,19,5,64
3216,281,188,500,92
3217,2,40,77,12
3218,21,79,0,16
3219,17,52,0,52
3220,92,288,115,22
3221,27,54,191,42
3222,2,29,154,0
3223,0,57,230,38
3224,36,29,0,44
3225,13,127,204,127
3226,85,61,145,8
3227,32,59,39,52
3228,2,154,244,130
3229,100,73,0,4
3230,53,25,17,2
3231,4,52,78,2
3232,0,245,135,105
3233,164,46,0,12
3234,62,79,411,35
3235,0,7,63,4
3236,2,123,183,20
3237,0,31,187,28
3238,0,50,190,0
3239,12,15,95,18
3240,22,46,86,18
3241,0,77,103,28
3242,14,135,248,42
3243,78,106,209,42
3244,34,39,257,0
3245,4,172,85,18
3246,25,60,0,10
3247,79,117,0,0
3248,50,51,188,0
3249,28,131,0,114
3250,18,87,329,10
3251,144,220,0,74
3252,90,232,0,48
3253,7,10,0,2
3254,72,223,393,19
3255,0,203,643,40
3256,42,159,372,92
3257,49,51,270,101
3258,0,8,144,17
3259,39,43,69,0
3260,60,15,127,4
3261,47,32,0,0
3262,166,183,0,50
3263,24,37,0,0
3264,26,12,0,32
3265,105,158,407,20
3266,6,28,95,14
3267,43,6,40,4
3268,10,14,0,33
3269,12,3,0,18
3270,22,14,0,0
3271,43,26,200,47
3272,69,14,164,44
3273,190,154,294,26
3274,11,11,0,36
3275,64,43,31,0
3276,68,73,576,68
3277,0,22,25,48
3278,42,26,99,22
3279,31,0,263,0
3280,0,175,78,182
3281,81,101,229,8
3282,0,173,358,56
3283,3,47,174,36
3284,129,156,23,108
3285,38,79,160,90
3286,216,60,0,29
3287,37,36,110,0
3288,12,93,52,26
3289,77,60,260,116
3290,6,41,43,7
3291,18,46,176,34
3292,245,153,153,151
3293,150,128,167,13
3294,45,54,106,20
3295,21,20,36,20
3296,76,114,213,36
3297,116,85,344,42
3298,3,55,93,2
3299,26,44,63,9
3300,41,3,145,14
3301,29,22,122,0
3302,74,51,126,42
3303,18,29,240,30
3304,14,65,0,50
3305,0,49,163,15
3306,14,47,217,20
3307,29,48,61,4
3308,66,28,103,31
3309,21,31,188,43
3310,0,226,360,150
3311,29,24,107,34
3312,22,80,178,73
3313,0,43,245,49
3314,104,54,248,34
3315,0,28,126,36
3316,21,39,0,2
3317,0,627,0,314
3318,13,43,0,25
3319,88,42,0,59
3320,74,86,0,10
3321,50,24,0,2
3322,0,230,0,208
3323,14,120,0,52
3324,34,66,171,5
3325,0,48,144,0
3326,0,28,24,27
3327,34,13,12,21
3328,73,112,148,2
3329,0,49,52,20
3330,37,406,0,44
3331,51,27,68,0
3332,12,62,39,0
3333,213,283,0,140
3334,119,112,0,0
3335,201,9,73,48
3336,79,30,154,46
3337,118,117,0,97
3338,5,101,102,0
3339,1,7,116,86
3340,148,414,559,76
3341,14,47,186,0
3342,126,119,74,21
3343,116,123,1,19
3344,18,109,232,66
3345,13,88,0,168
3346,109,82,144,34
3347,19,57,40,0
3348,5,156,0,63
3349,84,63,523,34
3350,92,30,127,60
3351,36,46,274,17
3352,26,60,149,143
3353,58,83,0,0
3354,61,55,0,14
3355,15,70,279,0
3356,172,275,316,222
3357,53,9,76,6
3358,54,91,119,22
3359,35,48,234,74
3360,11,25,0,46
3361,0,24,270,0
3362,8,269,245,41
3363,15,82,155,54
3364,70,26,69,28
3365,5,82,82,88
3366,0,59,505,78
3367,49,63,79,56
3368,84,160,272,36
3369,3,169,253,147
3370,225,113,190,38
3371,0,51,148,16
3372,68,32,50,24
3373,73,42,36,86
3374,16,63,0,4
3375,220,150,194,40
3376,34,102,186,164
3377,0,68,112,12
3378,0,356,737,22
3379,4,8,29,2
3380,0,112,92,197
3381,1,25,100,133
3382,58,17,104,34
3383,78,206,138,165
3384,72,128,143,22
3385,28,56,221,12
3386,16,41,346,18
3387,0,44,127,16
3388,79,108,113,13
3389,0,49,143,0
3390,146,217,0,56
3391,18,41,197,23
3392,11,23,234,42
3393,41,50,119,8
3394,0,0,261,92
3395,38,41,126,4
3396,83,65,6,20
3397,28,6,283,33
3398,21,126,0,6
3399,17,63,180,34
3400,83,59,50,0
3401,96,247,90,10
3402,0,168,0,61
3403,0,156,0,35
3404,172,53,183,72
3405,0,131,415,27
3406,21,21,28,0
3407,0,125,436,62
3408,120,242,111,90
3409,19,62,121,157
3410,265,159,230,86
3411,43,35,86,12
3412,64,47,35,6
3413,0,24,96,20
3414,0,207,382,112
3415,170,122,0,31
3416,92,77,310,55
3417,24,45,304,8
3418,14,8,153,0
3419,65,95,236,29
3420,0,4,102,10
3421,115,40,155,30
3422,33,34,241,108
3423,10,29,53,69
3424,30,52,130,50
3425,45,28,0,14
3426,7,81,71,0
3427,7,29,18,0
3428,17,76,64,12
3429,252,62,215,0
3430,0,16,89,0
3431,63,30,373,254
3432,0,35,189,8
3433,69,104,344,30
3434,4,55,75,12
3435,3,78,241,11
3436,21,19,67,0
3437,70,23,0,0
3438,109,31,202,40
3439,50,64,186,0
3440,11,91,169,89
3441,99,139,116,45
3442,24,48,102,164
3443,30,79,229,45
3444,41,26,32,29
3445,47,34,41,2
3446,168,241,0,59
3447,8,21,0,14
3448,54,85,120,12
3449,0,68,61,0
3450,140,105,128,26
3451,66,143,0,0
3452,24,24,187,23
3453,56,33,74,23
3454,11,153,306,134
3455,4,90,632,100
3456,34,120,250,146
3457,420,202,135,132
3458,129,37,15,4
3459,0,33,50,50
3460,68,64,31,0
3461,87,139,145,8
3462,27,83,267,137
3463,116,454,469,116
3464,28,13,0,16
3465,28,31,153,44
3466,11,36,0,2
3467,77,100,93,14
3468,18,73,153,35
3469,10,153,332,0
3470,135,181,289,52
3471,0,123,163,131
3472,24,87,190,60
3473,101,57,232,79
3474,66,57,84,6
3475,31,35,25,2
3476,0,82,114,12
3477,11,8,0,32
3478,52,5,169,34
3479,6,154,284,46
3480,46,0,0,42
3481,4,25,94,0
3482,48,36,0,6
3483,71,57,154,26
3484,13,162,331,11
3485,3,26,150,10
3486,0,111,244,4
3487,0,68,187,40
3488,12,46,28,14
3489,7,52,42,0
3490,29,63,90,149
3491,19,34,52,16
3492,45,34,132,34
3493,0,60,31,2
3494,0,222,165,17
3495,38,59,120,58
3496,73,9,0,25
3497,12,32,0,0
3498,9,42,0,0
3499,53,144,229,15
3500,206,131,489,35
3501,29,79,127,56
3502,6,13,62,28
3503,66,47,24,2
3504,0,49,120,16
3505,95,85,188,40
3506,154,73,0,58
3507,21,17,220,51
3508,31,67,165,4
3509,10,34,0,0
3510,37,81,0,6
3511,69,249,102,42
3512,0,124,0,52
3513,20,159,214,0
3514,11,52,32,0
3515,0,63,117,53
3516,36,24,276,0
3517,228,186,44,4
3518,15,64,120,10
3519,146,90,56,18
3520,32,21,30,0
3521,14,31,128,64
3522,0,216,365,0
3523,14,62,35,2
3524,58,97,222,4
3525,30,23,79,14
3526,15,31,130,58
3527,26,22,55,6
3528,39,15,0,70
3529,17,41,0,25
3530,14,60,0,8
3531,78,163,295,88
3532,25,67,26,13
3533,8,66,80,102
3534,31,65,0,2
3535,58,175,0,54
3536,82,63,306,213
3537,76,127,337,90
3538,5,141,320,190
3539,60,25,49,2
3540,2,16,81,0
3541,17,27,7,12
3542,92,66,423,28
3543,28,50,63,0
3544,20,41,200,0
3545,0,48,0,35
3546,228,172,0,29
3547,16,15,75,32
3548,36,9,0,144
3549,29,71,69,6
3550,2,83,185,167
3551,28,189,205,19
3552,43,23,0,20
3553,56,33,162,54
3554,60,89,206,165
3555,0,39,155,27
3556,137,238,192,4
3557,23,27,97,24
3558,26,149,231,128
3559,55,55,93,10
3560,0,86,297,26
3561,14,60,392,19
3562,30,92,139,44
3563,0,153,0,199
3564,33,71,158,0
3565,35,30,109,0
3566,37,29,155,43
3567,91,293,340,37
3568,35,71,141,69
3569,36,192,250,16
3570,43,43,101,4
3571,40,49,44,0
3572,0,22,32,0
3573,25,54,96,0
3574,15,32,100,26
3575,215,220,437,34
3576,24,30,94,28
3577,19,119,81,16
3578,27,61,8,31
3579,27,31,121,58
3580,40,7,170,32
3581,57,83,0,74
3582,127,323,178,188
3583,23,7,0,2
3584,85,255,210,196
3585,67,202,0,20
3586,80,97,0,22
3587,32,38,207,198
3588,19,29,0,0
3589,119,78,189,29
3590,26,19,0,2
3591,121,32,113,58
3592,111,66,124,60
3593,56,142,0,113
3594,6,34,0,50
3595,57,125,210,10
3596,139,76,0,27
3597,4,15,58,7
3598,23,55,98,64
3599,64,61,83,53
3600,42,97,316,88
3601,12,90,243,40
3602,49,152,0,108
3603,14,87,0,36
3604,20,43,30,34
3605,4,44,127,22
3606,160,358,120,0
3607,66,66,111,10
3608,176,188,356,26
3609,16,39,123,17
3610,264,85,0,53
3611,39,95,0,52
3612,100,42,220,5
3613,30,12,39,30
3614,41,47,91,30
3615,52,150,0,35
3616,11,127,120,78
3617,17,54,68,24
3618,7,34,67,10
3619,206,172,0,4
3620,205,187,150,60
3621,3,139,174,8
3622,104,229,0,0
3623,151,116,0,30
3624,0,421,0,312
3625,6,204,301,66
3626,101,37,91,0
3627,73,134,198,20
3628,98,17,126,28
3629,6,42,0,22
3630,308,214,45,229
3631,10,65,9,28
3632,48,43,193,86
3633,46,87,0,12
3634,82,141,0,36
3635,98,104,0,13
3636,3,31,296,122
3637,0,14,36,20
3638,30,51,0,0
3639,9,28,50,0
3640,2,18,21,22
3641,43,8,207,88
3642,0,58,8,6
3643,0,91,0,12
3644,18,148,0,80
3645,0,31,58,62
3646,19,16,0,45
3647,27,34,108,38
3648,0,179,368,33
3649,78,143,183,74
3650,3,65,12,103
3651,106,81,268,42
3652,0,117,226,41
3653,158,54,118,0
3654,52,22,0,47
3655,33,64,0,8
3656,0,120,25,156
3657,135,163,368,128
3658,0,160,99,0
3659,0,13,0,16
3660,0,167,0,11
3661,96,110,70,34
3662,25,76,0,0
3663,31,58,176,0
3664,31,13,211,34
3665,0,101,126,32
3666,13,10,179,0
3667,126,180,154,65
3668,21,104,209,34
3669,38,80,130,48
3670,12,27,27,16
3671,10,28,137,28
3672,4,54,80,39
3673,156,190,244,48
3674,25,97,251,148
3675,92,28,0,112
3676,82,8,114,24
3677,2,16,81,50
3678,6,23,70,37
3679,52,152,0,245
3680,45,39,212,32
3681,0,100,166,84
3682,25,60,189,78
3683,3,143,315,18
3684,61,53,77,126
3685,138,63,0,16
3686,144,174,421,100
3687,0,37,0,78
3688,109,113,323,36
3689,48,64,220,26
3690,24,28,127,45
3691,112,86,0,28
3692,101,53,258,220
3693,75,59,13,54
3694,19,58,87,28
3695,46,299,174,77
3696,42,96,235,40
3697,52,22,240,17
3698,73,81,37,58
3699,2,202,40,40
3700,208,160,202,27
3701,31,8,0,58
3702,16,87,163,100
3703,84,21,0,0
3704,2,18,141,8
3705,17,33,0,61
3706,106,85,456,20
3707,21,12,0,77
3708,53,94,96,45
3709,147,93,0,82
3710,62,60,0,48
3711,9,184,229,12
3712,28,77,277,48
3713,121,67,241,18
3714,44,114,103,26
3715,13,67,174,12
3716,48,85,154,38
3717,28,83,77,24
3718,47,229,414,78
3719,15,104,89,4
3720,203,84,263,94
3721,86,133,322,156
3722,7,29,0,0
3723,58,82,2,187
3724,67,46,377,141
3725,50,76,142,24
3726,39,65,46,53
3727,31,85,158,0
3728,60,68,216,34
3729,36,57,162,62
3730,37,26,92,24
3731,86,71,18,69
3732,15,83,71,60
3733,18,82,0,26
3734,32,13,144,61
3735,0,56,185,58
3736,57,89,260,78
3737,12,7,109,10
3738,40,92,230,20
3739,37,64,33,14
3740,41,40,0,39
3741,35,93,226,6
3742,18,29,303,0
3743,78,165,188,105
3744,58,14,35,40
3745,9,11,351,58
3746,9,15,0,14
3747,106,49,256,253
3748,99,77,142,18
3749,12,14,132,9
3750,85,59,239,31
3751,34,66,188,12
3752,116,31,85,12
3753,18,51,170,49
3754,37,93,96,0
3755,72,53,69,0
3756,31,36,153,28
3757,15,166,281,124
3758,12,79,207,24
3759,52,285,158,28
3760,23,98,239,12
3761,63,99,49,28
3762,39,61,153,179
3763,56,80,398,188
3764,139,318,113,18
3765,104,22,0,36
3766,51,73,152,34
3767,113,48,120,58
3768,4,12,63,6
3769,83,24,0,0
3770,46,61,101,46
3771,19,12,22,0
3772,7,26,0,4
3773,50,45,107,0
3774,22,44,214,5
3775,48,71,0,82
3776,8,92,0,154
3777,224,83,62,90
3778,27,38,173,30
3779,46,24,140,93
3780,26,53,0,78
3781,162,177,0,54
3782,94,102,131,80
3783,32,150,232,24
3784,34,14,144,24
3785,25,44,109,30
3786,25,24,0,0
3787,5,42,0,6
3788,33,30,123,40
3789,48,123,441,22
3790,35,60,54,18
3791,87,57,173,64
3792,46,78,45,4
3793,7,18,39,16
3794,23,23,196,22
3795,0,30,36,8
3796,57,27,0,58
3797,88,32,113,84
3798,0,114,35,8
3799,0,15,27,28
3800,45,41,64,33
3801,90,42,0,12
3802,10,25,51,22
3803,0,32,191,14
3804,100,34,0,12
3805,21,28,41,12
3806,23,45,0,0
3807,148,204,57,0
3808,95,125,230,108
3809,0,31,112,73
3810,3,20,162,68
3811,35,17,0,14
3812,10,35,203,26
3813,67,29,78,12
3814,21,23,85,6
3815,63,81,505,125
3816,0,46,71,24
3817,120,146,0,60
3818,225,89,120,121
3819,42,122,176,58
3820,79,74,227,68
3821,0,86,202,16
3822,77,75,180,22
3823,25,17,0,6
3824,85,42,0,0
3825,52,57,0,19
3826,42,185,380,53
3827,38,33,0,0
3828,48,67,43,53
3829,19,70,79,21
3830,23,20,202,30
3831,83,43,162,46
3832,46,50,0,0
3833,102,94,0,30
3834,16,27,156,0
3835,209,64,0,24
3836,42,112,49,65
3837,65,57,0,24
3838,6,20,108,0
3839,21,41,98,6
3840,240,90,0,16
3841,10,66,31,80
3842,29,89,103,20
3843,60,194,0,349
3844,61,13,2,100
3845,11,37,99,0
3846,22,101,181,17
3847,109,16,116,49
3848,119,206,603,118
3849,12,55,38,56
3850,44,111,205,62
3851,9,23,83,0
3852,76,128,247,46
3853,24,53,146,36
3854,15,55,0,42
3855,18,83,0,12
3856,161,147,0,207
3857,47,30,192,94
3858,13,12,0,10
3859,21,15,62,10
3860,43,44,138,6
3861,104,26,157,28
3862,28,32,239,20
3863,17,74,45,32
3864,100,120,221,74
3865,172,148,751,244
3866,17,58,0,65
3867,80,65,52,148
3868,78,39,64,0
3869,206,153,202,12
3870,7,15,28,2
3871,15,25,41,0
3872,21,68,249,50
3873,130,157,193,17
3874,68,139,80,15
3875,0,69,39,0
3876,0,27,86,2
3877,94,120,95,34
3878,11,13,62,10
3879,94,80,48,0
3880,59,61,32,6
3881,136,9,336,54
3882,16,80,0,0
3883,0,93,226,12
3884,89,104,150,100
3885,80,47,129,12
3886,45,41,0,12
3887,2,72,0,96
3888,21,70,0,8
3889,5,38,90,34
3890,102,35,0,30
3891,38,55,179,85
3892,250,100,231,0
3893,138,287,126,102
3894,2,96,402,40
3895,6,77,200,226
3896,10,27,30,0
3897,20,24,33,8
3898,12,15,43,90
3899,15,16,96,47
3900,11,63,41,6
3901,32,50,0,0
3902,62,68,0,194
3903,77,49,130,14
3904,24,33,51,4
3905,26,43,48,24
3906,49,158,232,41
3907,7,37,68,9
3908,9,33,95,32
3909,46,46,36,18
3910,20,23,0,14
3911,21,46,117,16
3912,19,25,0,60
3913,181,105,466,58
3914,20,43,37,4
3915,2,17,149,35
3916,18,158,270,10
3917,154,128,214,215
3918,41,71,0,4
3919,27,59,0,20
3920,27,102,56,16
3921,132,186,329,18
3922,13,98,0,26
3923,32,36,0,18
3924,69,117,0,115
3925,0,53,0,26
3926,66,77,0,85
3927,74,33,0,19
3928,10,26,115,92
3929,0,431,0,153
3930,0,123,610,6
3931,44,164,320,48
3932,96,64,241,18
3933,13,44,366,0
3934,112,166,131,66
3935,6,74,228,32
3936,9,42,13,30
3937,41,20,117,0
3938,93,180,339,16
3939,1,394,542,30
3940,0,59,155,71
3941,50,10,0,32
3942,31,45,0,3
3943,55,32,0,8
3944,60,95,212,30
3945,27,37,125,41
3946,219,200,163,0
3947,25,36,133,25
3948,12,23,44,0
3949,103,93,158,66
3950,29,41,64,0
3951,126,60,0,120
3952,4,113,0,24
3953,0,49,153,32
3954,0,106,0,15
3955,0,45,0,6
3956,40,64,141,147
3957,4,40,79,82
3958,72,74,314,42
3959,6,33,0,18
3960,0,38,0,12
3961,7,30,0,4
3962,78,110,560,20
3963,0,155,30,52
3964,32,47,217,0
3965,161,238,636,24
3966,42,89,0,58
3967,92,73,0,44
3968,45,60,0,6
3969,24,33,20,0
3970,18,22,77,4
3971,122,92,270,40
3972,49,69,153,2
3973,445,194,382,188
3974,0,39,176,12
3975,0,28,123,12
3976,8,89,97,177
3977,15,52,115,28
3978,10,78,143,47
3979,2,48,127,0
3980,18,78,0,16
3981,10,39,0,118
3982,14,31,0,2
3983,119,74,0,0
3984,144,28,63,22
3985,44,39,77,0
3986,0,56,0,20
3987,87,116,233,28
3988,89,31,0,46
3989,231,181,0,45
3990,26,93,140,20
3991,3,33,38,0
3992,5,39,102,36
3993,35,110,263,94
3994,136,112,0,20
3995,0,43,105,54
3996,6,69,29,0
3997,15,34,84,36
3998,29,30,155,0
3999,21,35,100,16
4000,11,53,172,34
4001,94,108,86,11
4002,12,82,23,34
4003,10,30,114,28
4004,112,43,114,42
4005,7,15,66,8
4006,43,52,36,2
4007,2,66,67,0
4008,0,133,0,77
4009,50,68,421,32
4010,24,123,0,15
4011,14,14,46,16
4012,122,85,148,20
4013,9,23,112,0
4014,81,153,0,8
4015,18,72,0,0
4016,117,38,307,59
4017,16,29,44,31
4018,22,34,55,14
4019,34,0,119,0
4020,2,39,21,45
4021,38,60,222,13
4022,59,208,312,24
4023,21,6,105,2
4024,18,26,0,23
4025,15,109,0,18
4026,4,9,0,160
4027,49,11,0,30
4028,14,52,0,6
4029,99,19,0,8
4030,44,9,126,17
4031,13,23,99,52
4032,0,28,80,8
4033,23,80,18,6
4034,74,52,156,4
4035,126,100,200,32
4036,29,30,140,58
4037,5,83,60,21
4038,56,52,289,46
4039,155,58,74,4
4040,161,41,0,160
4041,5,18,34,10
4042,105,84,140,28
4043,35,89,89,23
4044,66,60,168,20
4045,0,44,157,0
4046,40,26,118,66
4047,316,94,310,30
4048,0,52,84,0
4049,66,77,217,7
4050,23,38,0,108
4051,45,95,0,22
4052,23,66,208,20
4053,25,23,0,0
4054,55,128,123,6
4055,34,32,0,28
4056,34,72,263,50
4057,35,28,83,44
4058,46,66,55,178
4059,64,102,171,0
4060,23,19,63,2
4061,17,21,5,35
4062,32,45,59,2
4063,44,61,49,13
4064,0,23,37,16
4065,110,10,128,54
4066,37,32,88,12
4067,144,139,173,4
4068,20,41,0,18
4069,23,78,0,88
4070,37,47,68,9
4071,29,33,72,96
4072,104,135,202,47
4073,19,38,4,6
4074,121,46,105,0
4075,32,43,0,22
4076,58,30,0,4
4077,14,57,137,26
4078,12,39,0,24
4079,94,82,53,40
4080,216,108,420,40
4081,3,21,137,12
4082,20,44,118,10
4083,294,111,355,46
4084,349,236,0,200
4085,35,95,0,6
4086,20,53,238,2
4087,58,85,164,65
4088,168,83,210,74
4089,18,19,0,40
4090,157,76,0,38
4091,25,52,0,2
4092,105,71,100,22
4093,15,62,174,269
4094,52,46,275,232
4095,50,51,51,28
4096,30,75,6,102
4097,66,30,203,0
4098,7,38,76,0
4099,51,29,61,28
4100,174,65,176,8
4101,77,53,0,0
4102,0,15,0,20
4103,13,11,42,10
4104,8,28,246,193
4105,22,10,26,10
4106,0,124,323,4
4107,14,29,156,12
4108,202,186,122,63
4109,24,103,156,15
4110,4,13,0,22
4111,73,98,0,2
4112,227,116,141,50
4113,36,17,0,31
4114,10,46,87,20
4115,0,69,246,143
4116,96,79,159,63
4117,14,24,150,131
4118,26,57,0,2
4119,56,39,167,15
4120,8,75,0,0
4121,14,15,0,22
4122,82,105,108,21
4123,29,21,0,0
4124,65,62,0,10
4125,99,51,221,86
4126,8,9,0,19
4127,180,105,0,44
4128,38,16,0,28
4129,88,16,0,66
4130,16,63,0,6
4131,157,97,128,27
4132,13,34,50,4
4133,51,142,276,14
4134,69,187,0,188
4135,19,24,0,0
4136,255,82,0,0
4137,0,26,61,19
4138,10,65,0,10
4139,0,140,104,43
4140,64,65,56,0
4141,39,58,74,0
4142,0,22,0,20
4143,106,177,314,141
4144,0,67,401,108
4145,5,28,0,34
4146,0,184,458,96
4147,68,81,136,173
4148,35,25,0,34
4149,137,50,0,45
4150,0,4,29,116
4151,0,122,132,73
4152,168,108,312,66
4153,11,157,137,6
4154,0,164,282,36
4155,14,112,230,35
4156,4,38,66,9
4157,64,70,198,232
4158,33,0,17,4
4159,21,22,88,2
4160,29,86,0,86
4161,39,56,141,22
4162,1,37,54,32
4163,20,32,150,14
4164,10,78,134,178
4165,358,281,473,2
4166,63,167,188,22
4167,36,68,112,4
4168,100,254,288,56
4169,15,59,62,4
4170,275,191,160,48
4171,0,463,333,59
4172,33,49,0,12
4173,33,138,77,101
4174,21,362,242,42
4175,12,20,7,12
4176,36,77,166,12
4177,34,10,143,14
4178,3,85,0,20
4179,48,86,107,19
4180,7,89,0,36
4181,28,156,274,0
4182,0,207,372,0
4183,63,117,38,39
4184,0,144,138,48
4185,19,69,173,40
4186,106,229,0,104
4187,124,82,213,24
4188,72,42,146,61
4189,45,334,248,10
4190,31,55,86,52
4191,171,45,147,131
4192,106,251,218,130
4193,49,3,60,48
4194,19,54,69,75
4195,54,232,0,295
4196,13,37,74,0
4197,36,36,4,14
4198,0,263,206,255
4199,195,341,609,74
4200,25,46,21,2
4201,0,91,43,0
4202,92,24,226,25
4203,3,30,45,2
4204,125,89,318,60
4205,60,28,45,6
4206,142,96,135,27
4207,16,96,220,22
4208,29,71,165,68
4209,163,154,332,196
4210,59,59,248,6
4211,15,118,83,4
4212,7,14,0,2
4213,29,127,0,16
4214,0,462,0,223
4215,35,42,67,0
4216,122,79,285,103
4217,0,42,9,112
4218,17,18,103,16
4219,28,71,0,127
4220,7,207,98,52
4221,11,44,58,0
4222,87,48,39,28
4223,26,50,194,20
4224,0,133,265,0
4225,38,148,0,82
4226,0,22,95,18
4227,0,158,0,64
4228,0,114,38,66
4229,47,32,115,24
4230,10,25,37,12
4231,3,28,216,27
4232,24,61,182,32
4233,18,9,146,14
4234,15,15,45,16
4235,38,7,72,19
4236,43,91,163,6
4237,60,217,457,106
4238,41,162,357,195
4239,5,25,73,36
4240,33,34,94,8
4241,14,32,48,2
4242,11,61,150,62
4243,45,86,184,10
4244,36,109,221,208
4245,35,25,26,4
4246,58,51,262,0
4247,73,95,186,200
4248,17,31,195,48
4249,42,20,61,23
4250,31,139,0,10
4251,33,118,0,24
4252,8,39,0,0
4253,0,32,295,153
4254,139,105,68,59
4255,0,32,151,0
4256,0,32,121,23
4257,183,86,240,26
4258,67,97,212,0
4259,0,280,243,176
4260,43,29,54,2
4261,78,44,0,20
4262,47,77,207,108
4263,0,140,222,43
4264,83,70,370,43
4265,13,101,244,26
4266,71,98,74,6
4267,8,16,23,0
4268,2,9,70,2
4269,46,113,81,12
4270,38,78,47,8
4271,159,120,320,0
4272,65,14,154,42
4273,21,33,166,0
4274,95,66,78,26
4275,56,50,400,54
4276,15,18,151,26
4277,0,165,186,30
4278,0,102,334,117
4279,51,53,39,36
4280,46,57,125,59
4281,68,37,0,0
4282,0,225,226,62
4283,23,31,81,0
4284,34,67,214,36
4285,75,125,426,44
4286,35,42,207,0
4287,34,32,162,0
4288,21,19,47,31
4289,10,20,72,10
4290,10,60,255,0
4291,0,84,0,68
4292,19,76,0,31
4293,17,24,0,8
4294,85,112,93,63
4295,38,54,115,4
4296,8,27,139,10
4297,10,134,130,8
4298,236,98,139,39
4299,14,26,31,12
4300,11,4,105,6
4301,68,87,0,14
4302,8,21,1,24
4303,33,114,26,47
4304,28,54,0,20
4305,34,40,0,7
4306,41,46,59,18
4307,35,33,0,30
4308,92,54,261,6
4309,39,48,0,66
4310,92,65,154,0
4311,54,47,13,28
4312,46,61,75,42
4313,89,90,65,62
4314,125,203,262,28
4315,12,25,0,26
4316,9,64,185,38
4317,69,82,136,16
4318,30,31,91,2
4319,88,126,171,54
4320,8,68,78,0
4321,12,79,69,8
4322,62,79,90,0
4323,10,51,128,7
4324,43,66,237,0
4325,119,124,124,71
4326,5,3,59,42
4327,17,61,197,18
4328,31,100,167,0
4329,57,53,92,14
4330,33,44,78,0
4331,148,74,307,29
4332,0,94,0,33
4333,0,81,99,4
4334,14,215,132,68
4335,22,22,79,6
4336,5,100,273,92
4337,14,46,0,13
4338,47,39,118,75
4339,24,0,84,49
4340,34,37,58,18
4341,0,8,0,68
4342,32,34,70,2
4343,53,61,69,10
4344,79,204,269,12
4345,27,2,48,4
4346,62,140,146,4
4347,17,49,104,10
4348,0,10,173,0
4349,8,3,46,0
4350,17,27,46,18
4351,6,42,22,18
4352,0,116,286,58
4353,28,181,0,212
4354,0,95,308,16
4355,73,39,0,10
4356,48,50,194,6
4357,21,44,100,66
4358,95,84,0,89
4359,100,66,0,60
4360,11,8,31,40
4361,126,157,246,74
4362,45,73,0,66
4363,69,78,0,22
4364,3,59,0,12
4365,15,6,67,2
4366,23,39,0,6
4367,39,96,0,44
4368,11,136,104,32
4369,28,35,0,0
4370,76,43,0,34
4371,299,197,120,12
4372,58,430,498,19
4373,177,288,395,54
4374,71,135,175,18
4375,5,5,76,54
4376,18,55,180,53
4377,0,80,545,200
4378,53,71,169,38
4379,124,189,117,0
4380,22,24,87,11
4381,33,95,149,114
4382,264,178,283,25
4383,73,40,92,36
4384,15,45,99,94
4385,4,23,27,18
4386,41,58,160,20
4387,0,45,135,94
4388,99,137,448,10
4389,6,43,79,0
4390,28,11,253,53
4391,26,118,45,44
4392,30,18,51,10
4393,0,55,78,4
4394,35,14,17,20
4395,33,104,222,241
4396,17,70,269,0
4397,7,61,96,42
4398,128,58,0,2
4399,14,3,22,8
4400,8,20,0,10
4401,168,258,0,16
4402,0,46,0,14
4403,33,103,0,76
4404,29,110,0,12
4405,34,29,0,35
4406,50,57,0,84
4407,27,62,0,0
4408,58,23,0,53
4409,69,88,0,257
4410,0,26,91,2
4411,152,67,31,0
4412,0,43,140,66
4413,4,31,0,104
4414,59,198,171,4
4415,0,76,0,65
4416,125,357,0,318
4417,35,82,32,49
4418,7,60,0,7
4419,0,92,209,21
4420,211,379,422,68
4421,85,79,227,42
4422,54,32,165,133
4423,0,13,0,24
4424,0,58,102,4
4425,11,12,179,63
4426,74,78,217,10
4427,17,37,0,0
4428,28,14,0,10
4429,69,58,26,16
4430,35,80,12,74
4431,41,31,83,16
4432,30,227,83,113
4433,36,43,49,0
4434,33,36,63,18
4435,33,11,138,2
4436,77,67,105,73
4437,0,75,64,0
4438,4,139,324,27
4439,117,123,48,38
4440,0,27,43,28
4441,125,238,421,195
4442,146,50,168,38
4443,71,55,189,8
4444,83,61,63,68
4445,7,25,93,0
4446,7,24,143,8
4447,69,45,198,2
4448,24,206,299,22
4449,19,105,71,2
4450,16,74,167,2
4451,43,135,0,225
4452,39,38,311,14
4453,29,10,48,32
4454,25,33,0,0
4455,99,33,300,95
4456,29,67,209,54
4457,14,37,83,0
4458,26,123,46,8
4459,113,107,54,0
4460,0,64,262,80
4461,6,23,113,68
4462,71,114,88,30
4463,8,11,102,12
4464,116,144,0,60
4465,49,138,84,132
4466,19,63,0,8
4467,12,30,159,0
4468,4,19,30,6
4469,56,109,121,73
4470,16,17,102,19
4471,26,42,218,69
4472,214,249,0,4
4473,62,53,55,16
4474,29,102,192,60
4475,0,88,92,11
4476,16,28,0,42
4477,21,32,0,6
4478,12,72,126,58
4479,21,113,279,27
4480,15,36,103,0
4481,81,163,194,54
4482,47,42,29,18
4483,0,80,117,48
4484,61,66,165,37
4485,8,211,0,6
4486,51,68,0,0
4487,18,8,404,32
4488,79,89,172,6
4489,23,79,0,2
4490,15,59,134,21
4491,175,299,596,4
4492,0,22,30,0
4493,37,47,91,12
4494,82,52,174,52
4495,12,38,89,16
4496,38,7,0,35
4497,0,109,180,32
4498,91,163,0,72
4499,0,234,0,199
4500,8,15,64,24
4501,40,49,119,2
4502,2,59,186,20
4503,17,36,106,16
4504,54,57,23,6
4505,10,113,424,26
4506,99,123,276,32
4507,0,10,305,18
4508,0,60,272,62
4509,0,69,176,103
4510,0,41,0,50
4511,14,241,161,73
4512,101,41,204,14
4513,32,68,127,0
4514,133,31,0,18
4515,107,134,0,0
4516,19,62,0,35
4517,8,80,0,8
4518,52,29,128,71
4519,60,94,138,20
4520,97,204,272,83
4521,84,73,128,46
4522,71,96,172,63
4523,83,115,91,128
4524,9,112,223,131
4525,5,22,0,56
4526,74,130,228,0
4527,99,111,0,0
4528,62,76,0,72
4529,0,25,0,22
4530,22,9,87,0
4531,39,8,0,0
4532,28,118,0,10
4533,6,18,0,0
4534,35,148,0,236
4535,23,13,0,12
4536,71,30,118,4
4537,161,145,155,86
4538,302,180,0,46
4539,38,29,0,28
4540,24,30,51,6
4541,27,26,0,92
4542,14,89,110,6
4543,5,31,48,2
4544,14,23,81,27
4545,101,167,22,26
4546,90,81,148,81
4547,148,103,102,16
4548,24,58,179,0
4549,31,29,40,10
4550,143,162,0,278
4551,6,47,73,24
4552,54,78,303,48
4553,0,54,40,2
4554,8,15,68,20
4555,13,50,146,11
4556,144,59,79,30
4557,10,68,162,55
4558,72,87,363,56
4559,2,50,0,9
4560,102,43,103,58
4561,21,72,162,143
4562,20,88,37,4
4563,0,292,345,42
4564,18,76,86,0
4565,27,33,142,109
4566,45,62,0,22
4567,141,148,335,86
4568,149,96,63,106
4569,75,65,50,2
4570,26,43,150,24
4571,25,80,126,0
4572,78,93,53,0
4573,0,437,638,148
4574,9,15,35,48
4575,22,99,26,40
4576,28,30,76,31
4577,169,160,465,17
4578,68,55,87,4
4579,37,19,42,30
4580,25,32,67,8
4581,41,56,87,60
4582,84,72,129,136
4583,105,26,169,16
4584,72,29,63,6
4585,107,34,231,0
4586,200,182,122,58
4587,12,56,206,12
4588,8,12,33,10
4589,16,104,55,24
4590,11,15,105,0
4591,54,2,172,46
4592,31,43,357,30
4593,15,26,56,14
4594,20,41,69,6
4595,57,67,281,42
4596,264,108,229,82
4597,9,46,32,0
4598,57,30,149,36
4599,54,121,292,126
4600,31,82,84,14
4601,4,210,377,138
4602,18,25,85,5
4603,9,59,52,0
4604,24,35,69,8
4605,325,89,0,0
4606,50,39,88,16
4607,42,8,87,0
4608,27,66,228,46
4609,48,71,77,98
4610,113,30,38,6
4611,0,26,101,0
4612,83,82,382,28
4613,2,75,193,44
4614,24,17,98,4
4615,51,106,192,0
4616,87,122,225,56
4617,2,66,70,50
4618,73,33,192,0
4619,8,61,252,6
4620,61,13,129,15
4621,42,39,40,0
4622,159,223,20,55
4623,31,113,291,148
4624,60,21,0,2
4625,25,61,0,58
4626,47,15,0,0
4627,29,15,0,0
4628,0,534,0,215
4629,14,28,74,14
4630,5,7,0,42
4631,22,39,0,84
4632,66,81,0,19
4633,15,13,26,2
4634,3,54,50,8
4635,6,22,55,5
4636,52,34,55,32
4637,0,20,22,0
4638,8,10,62,10
4639,0,373,482,130
4640,36,18,54,19
4641,13,48,256,2
4642,217,30,172,122
4643,7,47,0,12
4644,4,57,59,242
4645,71,109,55,2
4646,20,34,165,24
4647,63,60,0,2
4648,20,12,0,36
4649,33,16,43,6
4650,29,11,61,6
4651,10,18,0,157
4652,10,67,0,0
4653,45,18,0,0
4654,43,78,136,8
4655,24,20,64,2
4656,62,66,132,16
4657,0,37,32,0
4658,47,48,0,96
4659,0,111,180,40
4660,24,34,16,0
4661,9,57,126,58
4662,34,70,98,22
4663,12,141,0,26
4664,2,8,144,2
4665,89,66,0,10
4666,39,119,0,84
4667,183,285,0,23
4668,71,141,433,26
4669,39,88,106,75
4670,8,12,0,32
4671,7,56,148,46
4672,14,78,95,16
4673,46,66,99,62
4674,51,38,227,8
4675,9,14,109,0
4676,7,85,0,72
4677,69,92,372,79
4678,40,26,192,12
4679,21,40,43,50
4680,129,77,109,48
4681,45,71,70,0
4682,190,93,106,67
4683,0,42,49,39
4684,28,83,222,0
4685,45,19,55,22
4686,12,19,77,151
4687,54,50,14,13
4688,9,23,149,34
4689,66,278,62,40
4690,40,79,0,15
4691,18,16,48,24
4692,6,0,60,41
4693,0,28,64,14
4694,152,28,63,72
4695,75,224,184,12
4696,13,114,267,88
4697,101,30,72,26
4698,94,78,83,16
4699,69,41,91,192
4700,94,187,201,23
4701,131,81,158,0
4702,71,35,52,2
4703,77,40,26,14
4704,24,77,174,8
4705,105,100,147,38
4706,0,195,0,20
4707,63,77,126,2
4708,0,97,138,52
4709,0,147,0,116
4710,64,143,91,54
4711,0,115,0,91
4712,17,30,47,40
4713,7,61,195,33
4714,10,52,244,19
4715,37,64,92,11
4716,59,138,237,60
4717,208,159,679,22
4718,8,26,100,70
4719,99,5,0,79
4720,22,174,91,41
4721,114,66,111,12
4722,112,181,127,37
4723,31,24,185,34
4724,0,11,110,18
4725,7,66,98,20
4726,0,14,64,8
4727,31,13,48,24
4728,73,58,31,13
4729,2,33,12,8
4730,17,51,335,48
4731,13,33,198,28
4732,0,105,118,44
4733,0,103,207,137
4734,13,41,71,6
4735,15,254,76,12
4736,119,71,176,24
4737,132,158,0,36
4738,5,20,0,12
4739,8,104,0,73
4740,11,26,0,0
4741,19,64,0,86
4742,13,13,102,4
4743,167,44,0,46
4744,25,64,171,108
4745,75,252,0,176
4746,21,114,128,12
4747,0,113,81,6
4748,21,41,54,9
4749,94,55,109,0
4750,45,67,98,10
4751,0,108,99,46
4752,0,86,318,44
4753,2,44,50,70
4754,44,87,169,6
4755,63,92,72,11
4756,174,76,0,10
4757,10,24,106,44
4758,20,20,186,0
4759,31,48,192,60
4760,3,61,138,2
4761,0,67,103,0
4762,0,127,231,104
4763,32,61,95,28
4764,5,30,209,37
4765,95,10,107,127
4766,0,95,182,4
4767,60,69,0,12
4768,0,24,0,93
4769,55,47,0,20
4770,38,52,116,0
4771,135,67,149,0
4772,23,50,378,0
4773,0,309,210,10
4774,12,30,45,4
4775,0,42,131,8
4776,40,37,37,0
4777,20,39,158,2
4778,40,16,87,10
4779,140,50,142,101
4780,20,85,0,12
4781,15,10,25,0
4782,14,22,0,0
4783,10,22,0,18
4784,23,313,160,31
4785,97,125,0,16
4786,11,57,0,64
4787,46,21,0,22
4788,57,39,0,20
4789,6,116,0,0
4790,40,88,107,0
4791,41,52,235,32
4792,32,7,0,30
4793,22,77,503,8
4794,39,76,107,18
4795,17,177,118,63
4796,76,46,237,4
4797,93,181,275,57
4798,0,29,166,8
4799,74,16,21,31
4800,57,57,210,23
4801,45,71,81,22
4802,78,63,65,36
4803,10,34,121,60
4804,19,37,80,10
4805,22,41,29,0
4806,47,66,210,209
4807,24,125,255,4
4808,13,28,0,18
4809,14,107,44,8
4810,0,557,993,75
4811,0,24,143,15
4812,13,12,77,174
4813,0,18,40,4
4814,10,18,9,6
4815,245,29,0,0
4816,20,34,111,63
4817,0,30,45,4
4818,0,13,14,46
4819,30,74,88,4
4820,9,18,0,0
4821,43,47,0,76
4822,31,115,0,14
4823,0,87,0,155
4824,11,45,0,12
4825,51,10,462,128
4826,93,266,0,118
4827,8,34,180,4
4828,32,30,68,2
4829,134,328,262,116
4830,25,176,4,73
4831,21,71,252,170
4832,72,112,241,6
4833,12,158,82,0
4834,8,20,61,6
4835,228,232,270,122
4836,39,165,172,58
4837,17,135,174,28
4838,75,98,0,116
4839,211,337,113,137
4840,107,33,0,44
4841,28,37,57,199
4842,48,31,19,0
4843,8,57,0,30
4844,130,46,0,33
4845,76,174,40,50
4846,0,34,27,54
4847,0,7,38,0
4848,0,85,129,14
4849,12,8,0,14
4850,57,214,119,59
4851,53,23,0,77
4852,27,49,0,8
4853,0,48,0,6
4854,101,171,377,134
4855,145,105,141,14
4856,25,25,159,174
4857,80,98,91,94
4858,20,32,159,10
4859,38,94,158,10
4860,15,35,106,102
4861,60,342,314,112
4862,104,111,223,45
4863,26,52,47,48
4864,107,108,290,12
4865,22,28,22,10
4866,82,32,131,46
4867,11,36,0,52
4868,34,108,339,0
4869,33,47,0,0
4870,91,51,223,36
4871,33,28,183,18
4872,255,176,768,94
4873,43,51,79,12
4874,43,52,123,43
4875,32,96,187,59
4876,40,198,0,148
4877,6,14,0,0
4878,2,17,0,20
4879,23,51,191,114
4880,124,139,66,44
4881,63,50,136,2
4882,201,158,604,6
4883,44,52,110,28
4884,36,105,297,32
4885,36,86,194,22
4886,19,27,164,0
4887,0,228,201,101
4888,8,20,0,54
4889,24,97,0,23
4890,19,43,100,35
4891,75,57,94,42
4892,21,37,18,0
4893,26,18,89,8
4894,77,98,228,2
4895,42,82,41,66
4896,57,37,183,38
4897,74,117,43,8
4898,6,21,121,18
4899,15,61,101,34
4900,62,87,265,77
4901,0,39,0,49
4902,22,28,0,0
4903,66,18,72,22
4904,11,110,0,0
4905,17,37,26,22
4906,25,143,206,70
4907,5,45,0,8
4908,26,39,0,17
4909,22,86,191,42
4910,22,42,188,34
4911,6,33,79,20
4912,27,118,99,0
4913,24,27,30,0
4914,43,95,143,175
4915,27,134,98,24
4916,19,43,144,90
4917,6,25,51,6
4918,0,221,468,9
4919,37,7,206,26
4920,23,31,45,48
4921,16,28,59,2
4922,36,20,171,10
4923,20,18,97,34
4924,22,23,104,80
4925,26,26,0,105
4926,83,167,0,27
4927,12,25,31,0
4928,204,70,108,24
4929,17,5,52,0
4930,14,38,84,31
4931,18,46,56,45
4932,7,50,35,18
4933,3,17,0,6
4934,17,46,0,91
4935,26,72,86,9
4936,3,17,149,0
4937,0,109,185,12
4938,82,27,0,22
4939,21,34,99,14
4940,0,38,72,10
4941,120,80,205,47
4942,47,63,64,2
4943,17,11,42,12
4944,45,19,112,46
4945,35,48,0,10
4946,0,17,0,12
4947,0,185,435,14
4948,55,90,129,72
4949,23,16,116,25
4950,51,45,125,6
4951,24,46,204,11
4952,4,29,151,66
4953,114,97,188,28
4954,65,53,48,0
4955,85,189,0,134
4956,15,8,204,4
4957,17,32,0,6
4958,195,71,0,90
4959,11,47,0,4
4960,35,77,0,32
4961,30,36,0,14
4962,7,21,0,55
4963,56,69,151,26
4964,38,47,28,48
4965,29,6,56,0
4966,190,95,0,20
4967,0,85,166,12
4968,11,85,222,12
4969,20,36,0,16
4970,3,12,0,38
4971,50,24,261,44
4972,14,194,0,50
4973,23,89,0,76
4974,56,10,223,18
4975,57,86,263,133
4976,44,67,350,162
4977,61,45,167,0
4978,11,137,0,24
4979,8,104,0,48
4980,40,68,0,182
4981,22,21,0,84
4982,30,128,0,22
4983,9,44,0,0
4984,58,40,167,8
4985,39,48,109,20
4986,5,41,92,4
4987,22,2,154,4
4988,14,10,38,7
4989,30,19,236,80
4990,22,71,0,10
4991,39,32,0,50
4992,41,45,99,8
4993,0,225,66,2
4994,69,45,216,25
4995,5,38,80,16
4996,12,48,222,22
4997,31,58,58,10
4998,72,55,66,89
4999,14,50,137,49
5000,78,35,188,8
5001,39,32,0,0
5002,0,54,209,91
5003,13,38,79,29
5004,24,35,0,8
5005,7,125,150,30
5006,19,38,70,25
5007,59,37,82,16
5008,111,68,0,4
5009,11,20,50,76
5010,10,34,76,0
5011,13,19,128,32
5012,36,36,41,22
5013,45,22,126,2
5014,10,32,109,31
5015,24,69,66,20
5016,4,77,205,10
5017,31,78,0,5
5018,0,42,203,131
5019,40,45,203,86
5020,29,13,0,6
5021,70,30,38,12
5022,30,49,154,30
5023,16,15,79,34
5024,5,44,112,14
5025,16,46,25,0
5026,0,151,128,122
5027,37,47,93,14
5028,38,49,192,4
5029,46,47,0,31
5030,90,80,0,208
5031,112,48,127,36
5032,23,115,81,83
5033,31,18,97,0
5034,17,14,72,22
5035,29,37,0,12
5036,18,67,167,48
5037,90,111,0,14
5038,0,50,212,10
5039,0,151,0,38
5040,5,38,25,36
5041,190,194,261,63
5042,0,19,0,13
5043,26,144,447,123
5044,75,48,22,40
5045,0,11,63,0
5046,10,32,120,22
5047,14,32,36,0
5048,0,121,140,0
5049,34,5,11,0
5050,11,44,86,8
5051,3,20,62,0
5052,48,45,126,0
5053,16,90,53,2
5054,15,15,40,0
5055,188,52,296,18
5056,23,173,206,0
5057,39,29,89,16
5058,4,34,42,12
5059,2,9,102,10
5060,0,312,761,45
5061,37,94,0,14
5062,55,90,0,6
5063,44,13,77,30
5064,64,214,0,76
5065,16,49,0,22
5066,43,18,0,40
5067,23,73,118,16
5068,30,14,71,66
5069,94,92,157,94
5070,113,118,83,100
5071,14,36,37,24
5072,19,17,276,0
5073,67,43,251,47
5074,12,14,63,2
5075,2,23,75,14
5076,32,73,49,15
5077,35,80,0,30
5078,15,24,60,4
5079,103,65,379,36
5080,21,33,0,37
5081,106,97,74,0
5082,48,69,0,0
5083,53,44,0,101
5084,39,77,149,4
5085,60,71,0,35
5086,41,84,208,24
5087,27,55,99,0
5088,4,21,7,56
5089,29,28,0,0
5090,13,31,37,19
5091,22,12,9,28
5092,95,123,0,8
5093,108,180,0,48
5094,22,160,0,0
5095,41,72,0,56
5096,7,47,103,62
5097,18,29,301,0
5098,35,33,119,3
5099,94,113,164,43
5100,420,140,454,118
5101,20,37,115,15
5102,44,38,111,0
5103,237,111,274,64
5104,11,8,11,22
5105,0,52,88,16
5106,32,22,53,18
5107,25,48,237,28
5108,26,11,0,12
5109,22,29,10,2
5110,63,92,0,110
5111,3,16,25,6
5112,0,88,369,46
5113,19,61,163,0
5114,36,128,243,118
5115,20,15,98,6
5116,142,80,159,14
5117,156,44,224,14
5118,34,154,324,6
5119,42,64,42,43
5120,104,30,137,8
5121,77,35,120,22
5122,50,149,189,20
5123,0,272,99,206
5124,113,164,110,154
5125,11,36,115,0
5126,58,11,0,6
5127,47,67,186,40
5128,0,144,200,123
5129,16,10,151,23
5130,23,155,176,30
5131,28,130,196,0
5132,20,101,142,6
5133,77,44,107,32
5134,0,101,396,0
5135,10,21,88,22
5136,39,79,0,2
5137,182,32,91,31
5138,38,42,84,90
5139,170,126,0,45
5140,47,278,0,0
5141,190,210,447,334
5142,94,16,0,14
5143,61,90,248,40
5144,55,45,82,28
5145,129,78,168,27
5146,8,38,143,36
5147,38,41,0,27
5148,0,362,433,34
5149,30,42,178,0
5150,9,12,58,0
5151,103,41,377,63
5152,0,225,812,141
5153,0,83,0,21
5154,12,81,106,68
5155,102,74,0,0
5156,0,20,0,22
5157,0,53,177,6
5158,0,85,0,28
5159,40,81,0,36
5160,3,18,40,15
5161,21,23,0,46
5162,9,102,158,60
5163,16,58,0,6
5164,20,230,0,82
5165,0,32,130,0
5166,15,40,69,34
5167,49,19,145,24
5168,28,76,76,79
5169,12,66,200,11
5170,103,58,185,12
5171,84,252,767,235
5172,42,48,0,96
5173,0,78,124,0
5174,47,44,193,2
5175,30,21,46,46
5176,70,71,183,2
5177,13,43,16,12
5178,55,120,173,0
5179,99,156,0,30
5180,43,70,191,30
5181,49,40,0,2
5182,0,87,414,51
5183,65,44,50,6
5184,34,7,200,10
5185,126,76,81,8
5186,11,53,0,18
5187,138,43,310,4
5188,4,22,79,41
5189,2,14,327,4
5190,36,60,122,6
5191,76,46,125,6
5192,14,13,83,0
5193,0,0,42,44
5194,14,84,96,88
5195,113,45,167,24
5196,15,122,63,0
5197,93,32,148,14
5198,8,20,101,22
5199,90,99,0,10
5200,114,111,0,16
5201,50,156,192,76
5202,55,23,84,59
5203,28,50,162,14
5204,42,71,118,22
5205,58,112,473,41
5206,133,94,192,24
5207,72,51,0,0
5208,33,100,477,82
5209,22,36,0,50
5210,8,21,134,0
5211,92,244,0,178
5212,330,152,124,46
5213,53,46,132,6
5214,64,44,170,132
5215,19,43,53,2
5216,0,31,32,8
5217,3,8,2,18
5218,64,71,44,14
5219,58,85,143,14
5220,4,87,232,163
5221,0,293,467,24
5222,173,56,306,20
5223,0,32,125,10
5224,106,136,0,46
5225,49,64,0,69
5226,0,106,0,60
5227,103,69,57,2
5228,10,15,102,26
5229,33,99,169,121
5230,21,112,187,44
5231,17,75,214,16
5232,178,17,313,48
5233,36,50,59,6
5234,25,83,0,58
5235,73,115,426,25
5236,105,116,192,10
5237,34,155,0,18
5238,0,100,45,102
5239,164,248,578,59
5240,0,113,39,14
5241,141,167,0,107
5242,23,57,208,0
5243,156,149,115,72
5244,13,35,42,10
5245,68,216,208,59
5246,52,83,103,10
5247,63,41,107,0
5248,2,39,85,51
5249,7,65,141,14
5250,63,31,34,4
5251,11,3,76,6
5252,0,76,45,22
5253,0,316,245,175
5254,29,78,301,24
5255,50,38,109,4
5256,28,57,280,24
5257,46,17,92,7
5258,34,28,27,13
5259,14,58,0,108
5260,158,65,0,24
5261,20,133,0,92
5262,66,26,0,12
5263,0,199,251,2
5264,36,30,186,103
5265,100,38,0,162
5266,17,53,0,50
5267,176,141,506,58
5268,136,27,155,10
5269,8,96,189,26
5270,51,44,68,16
5271,265,141,493,91
5272,45,82,78,28
5273,32,27,141,70
5274,0,102,0,130
5275,76,17,181,57
5276,7,15,39,38
5277,135,187,533,32
5278,17,29,105,0
5279,0,173,297,169
5280,20,29,0,0
5281,141,62,0,48
5282,37,23,120,106
5283,77,100,158,0
5284,6,51,0,69
5285,12,35,81,4
5286,52,108,141,0
5287,8,95,21,0
5288,168,141,0,60
5289,13,51,199,11
5290,9,69,13,12
5291,22,219,310,109
5292,4,85,233,14
5293,11,182,110,26
5294,67,65,86,32
5295,2,23,0,34
5296,28,23,0,8
5297,85,62,37,64
5298,39,128,87,4
5299,64,57,151,22
5300,3,65,17,6
5301,80,62,49,2
5302,53,286,92,287
5303,115,60,0,12
5304,23,3,0,10
5305,2,82,159,25
5306,52,46,211,92
5307,15,44,34,0
5308,19,85,166,74
5309,57,33,104,8
5310,95,51,154,14
5311,0,21,72,82
5312,49,158,193,6
5313,110,127,68,0
5314,343,318,480,100
5315,16,45,170,48
5316,21,71,0,30
5317,47,53,221,76
5318,144,57,1,19
5319,56,66,97,18
5320,88,140,222,124
5321,15,48,148,0
5322,8,40,63,4
5323,97,47,4,54
5324,47,42,232,68
5325,30,100,157,26
5326,112,116,154,45
5327,48,80,209,0
5328,14,130,49,30
5329,160,321,537,8
5330,13,50,224,28
5331,72,59,0,18
5332,9,54,0,0
5333,23,214,202,24
5334,51,126,120,231
5335,42,33,192,2
5336,70,202,224,0
5337,30,116,44,0
5338,87,54,215,86
5339,0,91,198,7
5340,147,43,0,10
5341,14,16,47,4
5342,44,76,93,45
5343,29,34,205,16
5344,0,43,0,18
5345,0,11,320,103
5346,20,39,35,6
5347,83,135,143,22
5348,128,36,0,6
5349,31,50,0,10
5350,262,127,0,214
5351,74,106,0,109
5352,1,25,0,20
5353,65,0,132,12
5354,28,36,0,23
5355,17,33,0,25
5356,39,118,109,81
5357,24,60,132,18
5358,39,185,210,8
5359,52,37,139,8
5360,35,70,299,84
5361,53,38,38,18
5362,10,34,86,58
5363,98,37,64,0
5364,137,90,0,14
5365,0,184,361,76
5366,9,23,25,22
5367,6,22,0,18
5368,35,62,0,0
5369,29,100,200,22
5370,77,47,0,62
5371,15,54,0,23
5372,75,20,0,2
5373,49,64,71,31
5374,9,62,39,8
5375,26,65,138,21
5376,49,25,61,2
5377,31,13,82,9
5378,0,16,24,0
5379,9,12,45,7
5380,19,36,200,82
5381,133,153,137,20
5382,0,45,26,32
5383,35,24,0,38
5384,6,22,35,0
5385,10,19,154,0
5386,13,34,374,26
5387,19,15,56,38
5388,5,14,0,10
5389,34,30,318,15
5390,299,89,172,28
5391,0,394,0,84
5392,77,69,179,213
5393,14,34,274,176
5394,21,40,99,12
5395,34,203,123,64
5396,47,32,39,0
5397,14,44,0,56
5398,215,129,165,74
5399,108,110,77,6
5400,88,37,70,60
5401,99,41,40,36
5402,6,30,197,2
5403,131,157,313,61
5404,102,134,54,10
5405,0,58,299,18
5406,20,48,0,18
5407,0,236,0,120
5408,42,91,0,5
5409,10,130,107,99
5410,119,21,4,2
5411,12,39,43,0
5412,64,80,190,16
5413,5,90,79,0
5414,7,30,142,44
5415,34,112,273,78
5416,26,42,0,46
5417,22,48,81,20
5418,7,16,50,64
5419,18,22,63,24
5420,0,57,137,35
5421,57,75,102,16
5422,36,38,186,14
5423,110,73,186,3
5424,45,13,86,0
5425,74,21,234,12
5426,42,295,188,159
5427,28,82,249,137
5428,13,14,25,2
5429,136,148,428,38
5430,17,58,0,20
5431,88,61,100,0
5432,35,34,0,100
5433,74,46,0,18
5434,32,68,115,4
5435,40,396,0,138
5436,74,46,169,0
5437,25,32,0,6
5438,12,26,60,0
5439,2,25,103,26
5440,0,375,714,112
5441,58,21,56,70
5442,77,75,320,0
5443,2,9,86,10
5444,16,43,20,38
5445,0,56,222,4
5446,22,33,104,23
5447,185,89,231,104
5448,121,34,0,31
5449,11,29,17,0
5450,69,41,85,16
5451,26,85,60,16
5452,12,18,204,8
5453,289,133,0,176
5454,7,65,57,14
5455,22,32,70,20
5456,41,45,173,0
5457,31,49,199,66
5458,24,19,66,6
5459,217,146,250,14
5460,2,46,51,2
5461,9,33,158,26
5462,64,49,163,29
5463,0,56,35,18
5464,0,126,143,11
5465,34,29,96,2
5466,18,39,0,0
5467,46,66,226,12
5468,13,85,95,101
5469,15,37,181,22
5470,13,16,142,18
5471,17,30,0,26
5472,36,28,152,56
5473,48,65,71,78
5474,21,48,119,44
5475,100,75,420,42
5476,46,42,174,186
5477,9,32,115,32
5478,8,56,0,14
5479,8,43,10,6
5480,125,42,68,141
5481,11,18,79,0
5482,66,87,0,44
5483,32,6,66,12
5484,14,51,117,0
5485,178,385,582,64
5486,60,59,273,18
5487,30,13,126,18
5488,128,240,161,78
5489,140,59,178,54
5490,0,25,93,14
5491,4,42,193,0
5492,106,64,195,14
5493,10,35,0,34
5494,213,107,312,4
5495,70,72,15,50
5496,0,64,78,16
5497,109,172,236,154
5498,0,50,429,261
5499,0,96,442,0
5500,43,159,305,200
5501,27,61,51,15
5502,76,133,156,10
5503,157,147,205,58
5504,63,79,0,0
5505,0,34,136,6
5506,255,667,220,265
5507,47,133,148,0
5508,52,68,38,26
5509,13,107,0,40
5510,67,147,0,134
5511,155,116,227,6
5512,0,63,72,24
5513,36,87,196,18
5514,83,57,310,48
5515,0,79,284,79
5516,20,46,144,50
5517,148,70,393,13
5518,27,118,0,20
5519,14,38,0,26
5520,43,10,137,0
5521,135,126,3,56
5522,123,65,184,10
5523,10,17,28,12
5524,2,15,37,2
5525,4,29,85,16
5526,63,50,194,48
5527,82,18,0,20
5528,8,46,247,18
5529,105,96,156,52
5530,0,22,15,32
5531,91,167,220,70
5532,0,164,380,14
5533,84,61,98,32
5534,77,55,147,36
5535,232,258,456,38
5536,72,73,237,36
5537,189,125,381,2
5538,4,34,18,51
5539,137,299,129,2
5540,63,123,167,37
5541,87,53,135,0
5542,37,20,32,84
5543,13,255,217,179
5544,83,36,181,46
5545,34,17,134,70
5546,59,57,0,83
5547,8,16,87,38
5548,0,19,0,68
5549,335,575,0,213
5550,30,33,0,46
5551,68,195,154,91
5552,85,0,262,32
5553,13,25,0,11
5554,50,56,273,33
5555,19,15,52,0
5556,95,169,302,66
5557,13,14,20,10
5558,42,51,309,15
5559,31,156,115,98
5560,62,62,121,2
5561,0,119,221,8
5562,40,80,106,26
5563,142,146,432,111
5564,0,88,0,93
5565,43,40,247,99
5566,147,176,0,297
5567,67,55,0,2
5568,34,31,89,0
5569,42,31,231,8
5570,16,81,64,13
5571,38,130,266,0
5572,183,76,179,0
5573,22,46,157,20
5574,4,19,139,101
5575,6,74,0,2
5576,0,0,83,20
5577,68,19,0,10
5578,144,61,262,24
5579,8,52,6,77
5580,22,17,0,16
5581,24,21,34,0
5582,16,32,39,48
5583,13,97,224,4
5584,75,62,103,43
5585,150,165,447,90
5586,26,39,79,18
5587,67,47,22,4
5588,0,73,94,42
5589,38,25,69,18
5590,7,57,85,74
5591,14,31,0,32
5592,39,21,175,36
5593,5,19,0,14
5594,31,75,236,52
5595,0,68,162,20
5596,88,59,75,4
5597,48,12,242,6
5598,103,189,32,10
5599,0,60,230,88
5600,88,16,69,2
5601,89,39,202,54
5602,8,95,215,24
5603,19,136,252,114
5604,126,74,8,18
5605,111,92,133,6
5606,85,117,108,0
5607,35,30,0,86
5608,0,61,60,34
5609,94,58,0,0
5610,77,74,435,20
5611,124,55,165,12
5612,122,86,226,62
5613,33,58,134,113
5614,30,50,97,6
5615,18,61,207,76
5616,72,96,0,6
5617,25,31,0,29
5618,270,94,236,22
5619,53,45,243,46
5620,19,25,36,4
5621,68,18,0,8
5622,31,65,185,119
5623,32,95,106,34
5624,5,24,140,4
5625,50,120,0,68
5626,79,97,11,90
5627,84,118,194,17
5628,17,74,7,2
5629,30,12,100,17
5630,116,105,396,114
5631,9,50,169,44
5632,58,54,106,0
5633,24,39,155,10
5634,8,8,48,4
5635,44,106,0,11
5636,56,2,67,40
5637,52,26,0,40
5638,143,10,0,4
5639,19,16,103,5
5640,28,36,0,8
5641,112,95,80,18
5642,190,172,506,171
5643,60,50,70,58
5644,82,60,196,20
5645,23,78,96,24
5646,76,189,497,55
5647,7,18,34,16
5648,19,48,27,38
5649,76,156,175,42
5650,237,197,0,57
5651,0,120,573,185
5652,56,55,67,4
5653,56,85,56,18
5654,22,100,286,110
5655,5,50,0,6
5656,21,20,0,26
5657,19,57,203,0
5658,83,145,167,54
5659,55,119,116,76
5660,64,64,243,38
5661,77,176,418,48
5662,23,53,31,12
5663,82,271,429,155
5664,30,15,0,36
5665,18,32,50,0
5666,6,223,376,14
5667,67,97,71,70
5668,91,125,0,54
5669,0,56,195,2
5670,33,44,9,14
5671,7,23,49,38
5672,5,20,98,12
5673,15,283,124,6
5674,12,36,57,36
5675,12,20,34,0
5676,123,74,0,2
5677,102,24,42,66
5678,60,42,183,20
5679,34,52,168,16
5680,58,21,0,0
5681,19,177,285,16
5682,51,98,141,40
5683,34,25,317,64
5684,18,53,154,49
5685,15,17,16,26
5686,138,86,163,152
5687,2,10,13,8
5688,69,70,100,44
5689,20,57,37,14
5690,45,21,0,42
5691,28,89,0,19
5692,41,8,167,30
5693,2,14,19,23
5694,15,47,131,2
5695,24,23,93,14
5696,12,120,0,74
5697,61,46,0,22
5698,0,14,108,48
5699,21,54,137,258
5700,55,31,112,34
5701,211,291,153,62
5702,45,117,0,4
5703,38,52,45,0
5704,17,26,0,16
5705,21,43,92,28
5706,15,84,127,0
5707,107,285,195,0
5708,8,52,131,74
5709,64,61,84,66
5710,28,54,128,56
5711,100,133,56,145
5712,17,53,95,4
5713,17,24,125,20
5714,114,75,189,2
5715,7,77,168,0
5716,21,18,179,14
5717,58,44,35,6
5718,12,135,179,0
5719,175,255,260,8
5720,86,65,139,0
5721,501,135,0,32
5722,2,27,22,0
5723,96,71,0,122
5724,72,295,356,78
5725,18,61,84,0
5726,24,45,66,36
5727,11,63,0,81
5728,30,12,45,14
5729,5,85,11,84
5730,44,51,74,21
5731,149,13,302,56
5732,38,66,92,34
5733,47,137,145,8
5734,157,56,106,0
5735,36,221,0,58
5736,59,14,0,0
5737,0,72,314,18
5738,70,42,0,0
5739,0,72,165,52
5740,32,21,112,25
5741,67,60,209,28
5742,39,153,272,26
5743,192,22,239,0
5744,7,8,0,0
5745,109,114,0,8
5746,14,70,98,0
5747,160,95,268,32
5748,35,184,0,25
5749,67,78,0,28
5750,105,63,0,61
5751,65,87,0,75
5752,0,52,296,132
5753,36,120,295,33
5754,35,63,274,50
5755,13,24,188,0
5756,47,12,0,12
5757,18,99,117,10
5758,0,105,153,174
5759,17,33,97,24
5760,15,16,29,2
5761,57,23,235,2
5762,4,34,40,2
5763,3,58,255,0
5764,114,200,230,35
5765,31,366,557,80
5766,2,53,32,20
5767,116,79,9,44
5768,22,33,72,50
5769,155,16,104,105
5770,86,101,252,2
5771,0,98,104,34
5772,240,253,532,129
5773,0,16,74,6
5774,26,33,44,16
5775,2,36,0,108
5776,61,62,198,14
5777,23,83,171,114
5778,29,44,73,6
5779,0,31,114,59
5780,129,112,0,42
5781,88,39,0,79
5782,141,97,48,32
5783,40,71,263,136
5784,65,39,67,0
5785,37,38,56,25
5786,39,94,306,9
5787,107,22,64,14
5788,49,54,109,14
5789,62,226,630,32
5790,15,33,18,0
5791,43,41,118,2
5792,20,77,37,2
5793,29,362,0,0
5794,7,69,0,53
5795,19,24,0,12
5796,0,150,193,26
5797,55,32,62,56
5798,0,91,165,12
5799,86,40,394,2
5800,33,17,174,34
5801,28,39,160,0
5802,40,56,174,43
5803,3,18,28,2
5804,21,63,229,52
5805,127,61,175,34
5806,48,167,267,61
5807,120,70,137,44
5808,36,87,499,78
5809,29,25,7,39
5810,54,45,225,102
5811,9,64,0,16
5812,15,9,0,0
5813,15,12,68,68
5814,9,16,110,19
5815,36,42,124,10
5816,19,156,255,80
5817,116,236,0,114
5818,31,65,0,6
5819,6,99,0,85
5820,103,123,93,0
5821,14,55,153,10
5822,41,51,0,70
5823,0,62,0,6
5824,41,30,86,11
5825,13,35,0,4
5826,65,66,226,4
5827,0,121,374,38
5828,83,135,336,2
5829,29,25,156,30
5830,48,77,0,12
5831,205,187,391,179
5832,17,71,39,59
5833,25,103,178,39
5834,46,94,315,34
5835,41,29,0,42
5836,31,26,0,0
5837,106,59,0,73
5838,87,4,0,80
5839,0,173,537,106
5840,63,200,613,183
5841,14,14,36,32
5842,0,151,316,0
5843,102,47,139,2
5844,28,66,104,6
5845,42,32,88,0
5846,44,14,0,0
5847,271,111,202,58
5848,60,155,267,10
5849,14,31,111,38
5850,6,65,176,36
5851,39,23,118,12
5852,25,88,110,29
5853,42,54,0,12
5854,49,21,111,0
5855,79,181,0,58
5856,28,24,88,20
5857,46,139,44,20
5858,38,83,177,0
5859,55,17,76,34
5860,5,114,96,27
5861,113,179,0,218
5862,78,64,0,12
5863,25,46,0,20
5864,81,38,87,24
5865,39,59,55,51
5866,34,29,238,14
5867,0,16,144,46
5868,19,39,52,30
5869,78,34,94,52
5870,20,39,35,0
5871,204,105,172,18
5872,43,20,229,24
5873,14,47,172,48
5874,4,13,24,42
5875,50,29,0,0
5876,35,48,36,6
5877,116,79,136,35
5878,0,135,320,50
5879,78,166,559,39
5880,198,114,255,0
5881,21,21,33,22
5882,29,64,0,0
5883,9,41,98,0
5884,29,23,75,4
5885,44,41,166,59
5886,61,19,108,6
5887,63,90,376,66
5888,33,87,0,53
5889,154,91,31,18
5890,23,22,119,12
5891,14,40,52,8
5892,0,61,16,6
5893,229,133,142,38
5894,26,24,0,54
5895,0,54,0,26
5896,97,242,14,64
5897,33,79,46,24
5898,13,47,81,28
5899,0,33,90,53
5900,13,42,0,56
5901,107,113,0,54
5902,50,143,287,120
5903,49,56,98,16
5904,21,26,68,14
5905,0,47,101,18
5906,19,37,37,12
5907,23,63,239,18
5908,6,29,0,30
5909,22,49,0,98
5910,39,7,0,62
5911,23,48,0,47
5912,147,193,313,52
5913,72,46,0,123
5914,47,45,82,0
5915,0,49,254,93
5916,33,27,116,16
5917,17,45,44,68
5918,27,63,98,8
5919,3,21,142,18
5920,48,24,3,14
5921,27,29,147,0
5922,21,96,114,42
5923,129,110,0,27
5924,61,57,360,118
5925,124,99,9,26
5926,8,16,20,120
5927,4,26,106,50
5928,27,13,155,18
5929,16,23,60,42
5930,17,16,115,0
5931,11,15,0,24
5932,172,211,0,199
5933,52,57,216,55
5934,21,50,0,6
5935,18,64,0,41
5936,20,92,242,62
5937,17,7,0,39
5938,50,28,0,0
5939,23,117,142,8
5940,22,29,147,8
5941,99,108,32,2
5942,16,47,0,37
5943,15,103,84,0
5944,8,20,25,18
5945,15,36,152,2
5946,15,19,35,6
5947,93,56,179,26
5948,88,32,0,36
5949,22,38,79,0
5950,7,86,65,14
5951,0,109,104,10
5952,34,90,86,106
5953,68,71,74,20
5954,13,55,77,0
5955,81,55,84,12
5956,2,33,89,31
5957,34,160,177,16
5958,186,80,142,54
5959,14,25,66,28
5960,120,70,0,253
5961,21,44,223,80
5962,2,85,133,10
5963,61,80,0,6
5964,30,8,0,32
5965,8,22,0,11
5966,42,49,117,0
5967,127,103,326,8
5968,4,65,195,0
5969,0,95,61,90
5970,22,93,252,16
5971,37,87,131,16
5972,9,27,58,81
5973,15,169,22,0
5974,53,57,71,0
5975,58,30,0,50
5976,35,27,0,29
5977,108,60,273,0
5978,0,241,81,0
5979,104,204,64,52
5980,396,457,0,69
5981,191,94,88,4
5982,60,152,0,79
5983,169,203,0,20
5984,16,35,0,0
5985,155,132,0,0
5986,81,99,0,32
5987,170,188,0,88
5988,10,24,97,34
5989,48,22,65,32
5990,42,100,53,192
5991,41,87,163,24
5992,133,62,58,28
5993,19,89,154,26
5994,134,114,143,48
5995,164,136,164,28
5996,42,21,82,153
5997,0,47,113,0
5998,19,77,63,50
5999,121,26,23,61
6000,31,47,66,6
6001,0,0,425,16
6002,79,50,199,16
6003,2,45,96,0
6004,60,52,60,68
6005,15,24,88,4
6006,161,185,302,238
6007,49,87,3,24
6008,16,81,400,88
6009,131,166,342,18
6010,64,161,333,4
6011,73,139,155,12
6012,11,0,0,8
6013,167,114,24,16
6014,2,15,102,0
6015,45,10,20,24
6016,0,74,201,98
6017,30,128,257,14
6018,76,42,0,6
6019,16,146,37,0
6020,13,22,50,0
6021,27,61,0,75
6022,33,64,48,0
6023,4,64,313,28
6024,86,31,91,90
6025,13,53,47,22
6026,89,93,293,44
6027,0,68,307,9
6028,146,258,494,159
6029,37,26,36,59
6030,79,119,217,12
6031,22,7,42,20
6032,62,63,86,4
6033,70,188,160,36
6034,21,23,80,6
6035,279,117,116,80
6036,69,31,131,6
6037,21,65,65,41
6038,15,23,157,22
6039,91,52,25,36
6040,40,64,291,10
6041,15,45,80,168
6042,17,24,26,0
6043,26,45,260,147
6044,3,16,189,36
6045,30,62,276,24
6046,94,83,0,18
6047,137,28,91,26
6048,6,15,22,28
6049,20,106,124,20
6050,34,47,191,38
6051,23,28,217,8
6052,1,41,71,18
6053,16,14,187,39
6054,25,41,0,0
6055,0,34,259,2
6056,20,26,117,34
6057,10,57,123,32
6058,36,13,143,16
6059,47,46,54,90
6060,3,28,76,10
6061,30,37,169,37
6062,19,14,129,6
6063,9,89,0,108
6064,19,76,0,194
6065,77,96,0,57
6066,60,80,97,62
6067,28,22,32,23
6068,32,151,115,33
6069,0,19,52,0
6070,87,99,211,18
6071,20,27,27,18
6072,69,82,46,118
6073,0,41,287,8
6074,6,44,78,12
6075,17,42,141,39
6076,91,75,9,2
6077,85,76,75,34
6078,13,37,107,14
6079,52,184,168,10
6080,191,157,344,14
6081,3,52,94,54
6082,98,108,234,12
6083,107,42,304,4
6084,0,59,0,12
6085,4,33,0,30
6086,168,55,205,16
6087,17,55,0,36
6088,36,13,0,19
6089,0,62,44,6
6090,33,13,179,18
6091,2,71,236,24
6092,14,71,0,20
6093,147,75,166,8
6094,49,206,0,151
6095,31,56,0,46
6096,65,39,338,0
6097,13,49,0,62
6098,11,31,21,26
6099,52,19,88,46
6100,55,142,205,67
6101,81,87,0,68
6102,48,29,0,44
6103,6,7,64,12
6104,71,98,163,17
6105,3,69,124,0
6106,17,90,444,89
6107,20,262,0,30
6108,39,48,65,0
6109,45,29,0,38
6110,0,150,80,116
6111,18,28,51,0
6112,4,91,72,30
6113,37,42,166,0
6114,64,48,117,0
6115,61,20,36,10
6116,70,185,114,18
6117,15,50,181,75
6118,78,69,99,46
6119,32,68,128,14
6120,12,49,27,0
6121,29,76,150,0
6122,0,47,125,8
6123,43,57,126,20
6124,101,54,122,21
6125,154,38,402,118
6126,35,85,0,58
6127,3,79,0,24
6128,101,273,0,160
6129,81,155,229,29
6130,187,212,262,40
6131,75,96,294,61
6132,41,118,86,4
6133,61,89,270,106
6134,100,106,88,21
6135,0,23,21,18
6136,20,3,238,126
6137,202,195,336,23
6138,9,22,79,24
6139,18,45,101,20
6140,220,180,455,80
6141,69,66,65,6
6142,0,160,327,136
6143,7,8,89,70
6144,20,26,0,4
6145,40,45,144,22
6146,34,31,167,40
6147,13,22,119,0
6148,21,61,208,27
6149,0,98,337,4
6150,0,102,146,8
6151,109,59,221,0
6152,19,53,224,20
6153,135,34,193,20
6154,44,18,0,11
6155,32,39,0,86
6156,116,102,157,118
6157,63,197,0,60
6158,6,43,129,78
6159,18,52,19,0
6160,9,51,45,22
6161,11,26,24,16
6162,78,85,222,14
6163,23,11,21,23
6164,16,61,0,23
6165,4,27,0,22
6166,9,24,0,22
6167,48,20,43,0
6168,113,101,365,14
6169,150,16,122,111
6170,26,90,0,11
6171,22,87,0,94
6172,13,13,50,88
6173,63,54,150,56
6174,111,143,176,28
6175,0,45,0,6
6176,42,70,0,67
6177,2,19,0,6
6178,86,61,0,34
6179,240,210,69,33
6180,34,88,12,0
6181,67,67,136,73
6182,74,130,222,0
6183,37,90,202,24
6184,23,43,74,43
6185,73,168,542,114
6186,156,53,81,20
6187,47,27,40,11
6188,13,24,0,79
6189,83,57,177,10
6190,4,25,137,74
6191,37,53,0,70
6192,57,20,0,6
6193,22,55,0,2
6194,14,50,189,0
6195,19,117,0,117
6196,2,186,226,0
6197,13,20,65,0
6198,54,6,105,10
6199,3,47,45,0
6200,0,9,25,8
6201,21,21,182,56
6202,4,11,84,22
6203,0,149,294,172
6204,23,33,158,0
6205,31,63,118,0
6206,0,21,23,2
6207,21,100,36,29
6208,84,140,247,68
6209,17,49,9,0
6210,131,161,467,107
6211,98,145,269,56
6212,146,123,0,34
6213,108,19,213,26
6214,93,47,159,33
6215,22,39,52,4
6216,18,105,107,0
6217,12,56,86,18
6218,41,35,164,37
6219,44,41,275,124
6220,23,41,195,62
6221,2,78,133,0
6222,33,69,0,36
6223,31,70,315,0
6224,19,125,125,140
6225,19,122,16,0
6226,92,140,142,134
6227,87,62,63,0
6228,24,9,29,20
6229,6,20,195,48
6230,77,16,62,8
6231,11,73,0,87
6232,12,31,57,132
6233,43,28,49,0
6234,31,30,80,6
6235,100,109,235,0
6236,26,35,76,92
6237,94,40,195,24
6238,52,28,95,8
6239,21,20,39,22
6240,157,187,242,18
6241,75,53,96,34
6242,90,86,71,28
6243,72,87,198,122
6244,14,17,108,12
6245,50,60,50,12
6246,39,41,78,177
6247,7,14,171,56
6248,0,441,112,120
6249,288,257,580,72
6250,97,86,10,20
6251,0,99,118,14
6252,7,31,0,0
6253,39,67,306,204
6254,35,50,106,18
6255,18,52,208,52
6256,0,234,0,96
6257,65,106,0,66
6258,14,15,0,16
6259,65,26,0,46
6260,55,53,0,70
6261,21,18,0,76
6262,83,87,221,2
6263,36,52,187,10
6264,95,51,0,0
6265,1,13,25,20
6266,0,91,118,28
6267,123,71,107,7
6268,42,67,174,39
6269,48,217,0,211
6270,19,30,0,0
6271,30,42,0,16
6272,18,60,0,16
6273,15,24,0,6
6274,24,16,221,32
6275,90,127,297,14
6276,28,11,65,24
6277,39,21,0,66
6278,0,22,198,0
6279,11,81,203,72
6280,20,47,173,8
6281,52,52,126,12
6282,69,101,70,26
6283,0,201,63,8
6284,0,54,62,18
6285,45,69,35,0
6286,0,57,46,40
6287,217,284,14,56
6288,171,68,0,35
6289,26,72,0,61
6290,47,46,0,239
6291,27,13,0,0
6292,6,46,112,28
6293,49,59,186,0
6294,11,39,172,0
6295,7,61,398,0
6296,115,233,351,112
6297,0,82,172,72
6298,119,102,112,2
6299,21,65,20,8
6300,10,13,116,0
6301,23,12,106,26
6302,104,120,118,10
6303,193,160,162,0
6304,108,47,0,81
6305,0,180,0,83
6306,6,43,0,0
6307,7,19,111,0
6308,13,13,62,4
6309,16,86,84,16
6310,122,160,42,18
6311,16,21,0,28
6312,26,29,106,27
6313,111,68,210,0
6314,0,56,89,6
6315,43,33,0,63
6316,92,69,0,22
6317,0,18,0,22
6318,5,27,0,14
6319,64,27,0,62
6320,30,84,230,66
6321,4,64,0,19
6322,98,64,0,30
6323,0,54,151,0
6324,21,47,138,10
6325,91,114,0,100
6326,146,174,0,160
6327,0,17,0,37
6328,0,302,0,92
6329,5,72,48,0
6330,35,2,88,25
6331,18,45,59,15
6332,22,31,19,113
6333,57,133,96,0
6334,62,63,5,10
6335,84,23,27,15
6336,16,41,0,50
6337,43,46,247,19
6338,27,23,4,0
6339,3,21,56,57
6340,13,23,20,0
6341,9,72,138,8
6342,31,34,291,66
6343,23,20,91,9
6344,169,86,255,55
6345,6,15,40,8
6346,242,355,187,108
6347,9,83,64,20
6348,27,30,6,0
6349,94,58,121,16
6350,22,11,0,0
6351,33,154,0,46
6352,217,156,0,30
6353,103,252,0,0
6354,90,43,262,16
6355,18,31,49,17
6356,19,44,52,20
6357,87,80,231,4
6358,63,64,39,10
6359,266,259,0,46
6360,3,30,63,24
6361,3,27,172,17
6362,11,39,97,111
6363,28,90,118,36
6364,37,173,72,234
6365,0,121,690,68
6366,8,76,57,30
6367,0,42,169,100
6368,97,88,149,20
6369,214,117,73,8
6370,18,13,156,0
6371,142,129,0,217
6372,51,42,0,98
6373,23,26,0,65
6374,26,76,70,87
6375,96,120,500,281
6376,136,147,0,10
6377,113,84,0,38
6378,6,10,0,18
6379,13,11,0,0
6380,43,85,44,0
6381,24,53,0,106
6382,8,53,145,30
6383,126,127,16,17
6384,14,112,0,0
6385,25,48,0,30
6386,55,35,228,60
6387,20,10,0,0
6388,27,25,53,0
6389,0,102,110,0
6390,138,119,101,0
6391,27,107,41,0
6392,18,101,224,34
6393,246,463,700,202
6394,164,43,94,24
6395,19,19,40,22
6396,28,75,130,20
6397,94,109,213,2
6398,15,44,25,51
6399,39,43,172,0
6400,0,103,0,32
6401,110,79,0,28
6402,13,32,0,66
6403,0,197,345,94
6404,14,16,0,28
6405,23,43,90,0
6406,16,67,240,72
6407,8,10,0,14
6408,42,12,122,0
6409,0,312,0,55
6410,41,74,0,2
6411,45,120,197,4
6412,125,96,266,49
6413,4,79,108,35
6414,6,192,34,96
6415,22,10,0,82
6416,30,62,287,0
6417,6,39,20,12
6418,53,48,132,18
6419,0,38,0,10
6420,85,62,174,32
6421,110,62,18,12
6422,4,38,59,26
6423,37,34,134,0
6424,55,15,47,50
6425,21,12,32,0
6426,2,14,22,26
6427,43,103,183,22
6428,68,42,155,4
6429,21,145,264,98
6430,27,46,130,12
6431,102,100,95,4
6432,2,7,0,8
6433,297,200,265,99
6434,27,45,49,2
6435,18,24,89,2
6436,38,76,62,24
6437,68,25,76,0
6438,26,54,105,35
6439,22,87,262,102
6440,66,40,184,27
6441,14,21,102,52
6442,20,54,74,0
6443,0,252,310,37
6444,226,217,0,53
6445,88,144,305,0
6446,27,24,50,4
6447,121,114,64,94
6448,15,27,143,114
6449,93,51,139,28
6450,98,77,166,60
6451,18,34,140,76
6452,0,25,0,11
6453,94,107,27,55
6454,24,38,70,48
6455,77,41,58,84
6456,25,46,0,9
6457,0,118,71,28
6458,89,134,22,10
6459,0,13,116,26
6460,25,149,96,22
6461,5,109,114,145
6462,27,19,75,58
6463,8,109,153,5
6464,25,7,193,2
6465,76,67,58,14
6466,59,129,0,37
6467,57,92,55,82
6468,104,14,196,110
6469,47,24,69,2
6470,234,129,0,155
6471,20,81,140,0
6472,54,115,0,0
6473,52,7,0,18
6474,63,23,62,23
6475,8,57,62,0
6476,15,77,104,64
6477,10,131,90,0
6478,0,202,144,43
6479,50,62,139,70
6480,44,120,218,0
6481,68,103,113,16
6482,45,96,183,91
6483,53,162,216,19
6484,21,39,143,10
6485,75,51,200,0
6486,38,124,395,42
6487,44,82,83,16
6488,8,57,0,41
6489,93,131,104,0
6490,102,159,159,30
6491,225,220,143,36
6492,0,107,301,100
6493,11,0,48,0
6494,26,44,215,24
6495,71,86,0,61
6496,22,41,0,6
6497,49,48,0,20
6498,67,37,0,10
6499,39,23,0,2
6500,96,136,485,42
6501,69,150,220,12
6502,33,526,476,225
6503,5,23,40,20
6504,9,36,0,18
6505,49,38,0,20
6506,17,97,61,26
6507,66,87,2,64
6508,0,9,85,44
6509,0,38,27,4
6510,6,0,96,49
6511,159,77,56,26
6512,13,38,52,0
6513,16,41,91,35
6514,42,83,227,0
6515,36,46,65,0
6516,59,131,286,119
6517,55,83,87,0
6518,85,93,152,4
6519,159,80,170,19
6520,14,3,120,20
6521,77,75,72,0
6522,26,124,266,48
6523,38,75,117,12
6524,57,27,89,20
6525,101,193,17,20
6526,0,134,0,54
6527,73,61,0,10
6528,68,10,64,19
6529,8,14,28,17
6530,37,44,146,0
6531,9,24,45,2
6532,0,53,0,19
6533,23,64,142,18
6534,13,20,90,0
6535,0,26,39,140
6536,11,0,38,0
6537,33,83,18,22
6538,0,108,225,11
6539,17,10,227,0
6540,0,38,123,20
6541,86,46,297,13
6542,50,121,119,130
6543,16,113,340,42
6544,0,238,199,16
6545,60,35,54,26
6546,26,7,101,11
6547,62,44,209,5
6548,16,49,348,122
6549,22,130,108,9
6550,41,112,175,26
6551,66,50,214,109
6552,61,75,0,125
6553,120,82,524,12
6554,40,18,103,46
6555,21,40,144,85
6556,0,25,91,10
6557,179,218,59,92
6558,14,48,59,18
6559,19,115,0,86
6560,51,80,84,43
6561,32,48,140,2
6562,51,147,67,2
6563,132,61,90,60
6564,0,48,0,114
6565,14,41,0,41
6566,0,330,0,164
6567,58,91,308,0
6568,0,146,204,6
6569,140,89,246,52
6570,0,10,62,2
6571,32,102,237,58
6572,25,55,53,18
6573,87,56,88,2
6574,6,70,112,4
6575,0,6,54,10
6576,57,27,36,0
6577,11,73,0,12
6578,141,169,274,0
6579,15,44,85,34
6580,237,37,84,70
6581,141,194,496,13
6582,52,66,207,26
6583,90,176,267,114
6584,56,366,435,0
6585,30,78,0,40
6586,2,30,159,0
6587,2,51,231,68
6588,93,147,166,6
6589,19,27,38,47
6590,149,270,0,100
6591,11,28,116,8
6592,0,337,276,88
6593,0,14,46,24
6594,53,63,18,46
6595,39,33,94,76
6596,0,13,61,0
6597,19,227,227,60
6598,28,85,61,53
6599,16,43,148,44
6600,0,28,56,0
6601,0,64,65,64
6602,0,39,108,8
6603,26,73,26,22
6604,11,23,43,10
6605,7,82,93,58
6606,6,133,106,10
6607,161,144,307,128
6608,11,17,145,106
6609,0,131,128,64
6610,84,122,87,51
6611,5,65,52,14
6612,0,41,321,4
6613,31,30,147,12
6614,43,233,305,34
6615,60,58,45,18
6616,16,19,78,10
6617,61,10,0,32
6618,0,18,0,40
6619,5,178,36,36
6620,4,16,85,20
6621,48,15,0,0
6622,13,28,0,18
6623,14,40,0,0
6624,70,56,0,20
6625,41,77,0,6
6626,39,58,180,12
6627,0,170,411,44
6628,17,26,54,16
6629,22,36,64,10
6630,0,24,58,10
6631,47,56,15,4
6632,19,101,144,7
6633,37,2,128,4
6634,33,25,0,55
6635,96,122,315,35
6636,21,23,138,54
6637,28,19,136,86
6638,82,154,143,52
6639,19,18,119,21
6640,50,61,141,66
6641,32,15,247,18
6642,67,32,180,13
6643,173,223,135,36
6644,348,214,0,238
6645,10,23,251,94
6646,188,207,297,198
6647,74,85,0,0
6648,25,57,122,44
6649,27,69,50,4
6650,18,70,74,191
6651,39,120,103,20
6652,4,112,155,176
6653,17,36,166,29
6654,83,118,22,40
6655,51,145,137,26
6656,39,19,0,0
6657,19,37,178,33
6658,35,82,283,30
6659,12,46,123,4
6660,147,112,578,94
6661,10,36,185,48
6662,32,95,208,60
6663,194,44,138,331
6664,63,16,283,96
6665,4,34,0,16
6666,0,70,38,18
6667,17,53,0,6
6668,27,46,41,5
6669,4,15,31,20
6670,19,47,51,95
6671,27,19,124,8
6672,134,149,231,20
6673,43,54,121,44
6674,93,90,103,40
6675,242,233,319,120
6676,23,62,172,0
6677,32,94,155,12
6678,14,58,89,16
6679,187,283,0,79
6680,54,45,0,12
6681,28,64,0,12
6682,56,34,0,0
6683,85,197,0,185
6684,15,50,141,42
6685,49,48,275,0
6686,49,29,145,83
6687,73,138,224,0
6688,41,51,103,0
6689,4,100,313,76
6690,176,40,36,4
6691,146,141,188,22
6692,84,64,0,2
6693,9,24,144,0
6694,19,22,59,8
6695,38,37,102,24
6696,45,43,60,30
6697,40,31,325,34
6698,72,83,0,52
6699,100,133,0,43
6700,12,19,167,30
6701,46,189,156,22
6702,28,52,0,34
6703,0,89,0,154
6704,0,138,173,37
6705,57,65,0,61
6706,150,97,232,36
6707,14,67,61,42
6708,20,74,86,0
6709,52,49,28,20
6710,0,383,471,52
6711,18,58,158,14
6712,72,92,2,0
6713,129,66,221,8
6714,4,12,108,92
6715,162,199,299,72
6716,217,133,0,48
6717,116,25,77,14
6718,4,39,93,0
6719,69,41,154,115
6720,121,86,12,132
6721,126,46,47,84
6722,15,14,69,8
6723,28,79,100,0
6724,79,110,201,91
6725,51,131,136,16
6726,151,45,0,6
6727,46,49,163,78
6728,5,51,167,56
6729,15,22,0,36
6730,39,144,0,46
6731,0,78,99,70
6732,24,46,0,27
6733,26,30,88,8
6734,91,166,36,75
6735,90,83,15,42
6736,38,101,136,90
6737,21,31,60,10
6738,83,47,143,102
6739,7,191,248,0
6740,8,167,254,37
6741,125,474,592,109
6742,27,322,0,18
6743,86,67,0,84
6744,22,59,0,14
6745,70,39,0,0
6746,101,39,76,37
6747,0,2,180,20
6748,17,32,0,4
6749,118,71,0,141
6750,6,17,45,18
6751,249,116,222,64
6752,0,40,90,6
6753,44,119,95,0
6754,65,48,0,88
6755,88,49,324,42
6756,37,89,180,18
6757,10,58,45,18
6758,4,53,16,8
6759,35,12,137,1
6760,15,105,297,8
6761,51,40,21,54
6762,68,42,0,0
6763,34,102,195,101
6764,14,29,1,6
6765,18,14,96,12
6766,129,221,239,196
6767,12,15,46,0
6768,5,10,66,35
6769,4,55,36,42
6770,51,25,68,46
6771,118,24,190,51
6772,108,131,278,4
6773,3,42,42,6
6774,0,20,0,12
6775,18,96,32,13
6776,19,44,79,4
6777,0,225,145,2
6778,0,208,104,0
6779,26,52,116,34
6780,67,99,119,93
6781,13,52,136,25
6782,20,39,65,2
6783,0,108,34,32
6784,113,37,75,10
6785,24,23,55,0
6786,85,65,140,28
6787,25,64,50,0
6788,71,18,71,0
6789,26,46,0,8
6790,20,56,0,0
6791,5,64,0,18
6792,25,51,0,12
6793,24,55,38,16
6794,125,122,131,12
6795,37,58,81,12
6796,0,164,301,28
6797,31,15,82,18
6798,42,123,385,38
6799,21,80,147,2
6800,0,109,376,19
6801,64,163,113,20
6802,82,117,0,164
6803,80,86,120,167
6804,51,52,121,90
6805,48,20,0,4
6806,38,28,138,68
6807,11,35,121,85
6808,15,81,0,82
6809,103,54,67,66
6810,22,40,0,73
6811,37,33,71,71
6812,2,36,0,50
6813,24,51,0,69
6814,34,247,0,8
6815,0,200,0,8
6816,17,196,0,26
6817,29,38,0,8
6818,0,77,350,106
6819,277,187,0,0
6820,23,61,0,128
6821,9,62,21,38
6822,0,115,359,55
6823,46,83,125,34
6824,6,78,73,10
6825,16,33,74,0
6826,60,49,123,89
6827,73,99,67,46
6828,30,62,44,144
6829,45,21,177,0
6830,0,99,151,73
6831,38,71,80,34
6832,23,129,0,0
6833,118,120,338,0
6834,71,30,53,24
6835,70,49,196,12
6836,98,39,158,81
6837,0,262,377,215
6838,38,92,199,8
6839,65,61,184,74
6840,7,24,36,37
6841,23,51,88,23
6842,32,70,336,30
6843,20,37,32,0
6844,13,38,199,67
6845,95,83,44,10
6846,109,154,245,64
6847,15,41,163,19
6848,44,47,34,26
6849,0,51,0,122
6850,31,17,164,30
6851,18,29,40,16
6852,5,31,136,11
6853,28,52,211,10
6854,0,169,0,34
6855,11,108,54,6
6856,97,134,0,63
6857,53,181,140,50
6858,102,147,0,0
6859,35,19,44,52
6860,56,44,0,140
6861,24,16,0,65
6862,7,67,98,8
6863,53,32,0,4
6864,0,45,105,19
6865,29,35,0,32
6866,189,78,0,72
6867,90,213,76,155
6868,133,153,201,6
6869,23,41,97,46
6870,58,112,90,52
6871,48,39,0,93
6872,15,61,0,0
6873,50,56,0,49
6874,18,46,93,0
6875,173,69,0,24
6876,188,134,286,127
6877,70,110,102,70
6878,8,42,206,10
6879,76,63,88,19
6880,144,137,264,129
6881,20,73,226,23
6882,234,185,147,11
6883,63,116,151,152
6884,37,134,234,24
6885,16,51,150,4
6886,3,45,138,131
6887,0,90,0,54
6888,20,62,36,2
6889,52,77,137,14
6890,0,28,47,0
6891,10,79,34,20
6892,11,74,228,42
6893,74,93,233,13
6894,56,14,72,129
6895,3,61,126,10
6896,17,2,97,18
6897,20,13,239,14
6898,52,113,233,46
6899,26,46,12,46
6900,97,25,25,61
6901,21,125,502,0
6902,55,108,447,22
6903,92,59,48,26
6904,0,113,68,50
6905,14,49,101,24
6906,27,21,9,20
6907,47,85,127,0
6908,140,97,130,10
6909,21,32,35,8
6910,6,56,127,28
6911,88,281,0,96
6912,142,609,396,351
6913,3,12,0,18
6914,36,31,0,12
6915,212,29,235,39
6916,19,54,96,111
6917,7,22,0,34
6918,65,31,0,19
6919,2,75,0,28
6920,57,18,0,114
6921,73,140,0,68
6922,78,117,0,54
6923,22,96,50,0
6924,109,188,100,41
6925,0,37,95,24
6926,20,21,0,0
6927,14,20,163,38
6928,144,78,0,94
6929,90,295,0,38
6930,35,37,271,81
6931,30,27,168,16
6932,64,21,87,38
6933,153,147,123,38
6934,31,6,215,2
6935,37,27,115,6
6936,8,57,187,69
6937,59,70,182,17
6938,121,60,212,0
6939,50,53,76,53
6940,13,15,0,14
6941,69,70,57,0
6942,53,52,0,16
6943,23,16,0,0
6944,42,30,0,8
6945,0,266,0,102
6946,39,124,0,28
6947,16,66,0,11
6948,96,93,315,91
6949,0,268,483,66
6950,42,35,159,119
6951,121,169,158,36
6952,77,170,0,0
6953,33,53,64,2
6954,0,97,0,80
6955,74,77,256,52
6956,37,215,0,107
6957,10,225,135,32
6958,9,50,196,128
6959,38,26,0,0
6960,115,96,366,83
6961,0,11,0,73
6962,43,54,0,11
6963,97,226,187,10
6964,83,55,110,19
6965,36,81,178,56
6966,16,25,50,26
6967,0,191,282,124
6968,119,66,114,22
6969,19,6,53,0
6970,13,19,0,9
6971,14,187,0,60
6972,145,85,0,85
6973,0,23,72,2
6974,98,99,129,0
6975,14,34,45,4
6976,173,56,350,92
6977,81,61,68,20
6978,22,17,142,4
6979,37,131,264,49
6980,46,67,84,14
6981,35,101,57,0
6982,0,14,99,56
6983,192,246,397,44
6984,16,43,116,8
6985,68,96,239,65
6986,27,72,109,15
6987,60,5,31,28
6988,9,125,103,0
6989,34,23,0,32
6990,32,53,0,22
6991,8,39,43,149
6992,40,54,262,74
6993,144,37,120,0
6994,0,29,96,50
6995,171,154,166,243
6996,23,20,168,8
6997,0,8,163,0
6998,188,16,70,85
6999,6,117,280,87
7000,39,24,25,23
7001,24,60,102,0
7002,5,29,34,4
7003,18,29,175,41
7004,2,26,155,178
7005,41,94,216,16
7006,131,35,180,77
7007,14,87,54,52
7008,15,8,95,0
7009,77,122,202,2
7010,47,18,112,8
7011,0,46,19,24
7012,6,30,22,14
7013,31,37,47,52
7014,44,46,0,0
7015,46,0,139,0
7016,30,46,0,10
7017,37,62,0,6
7018,15,33,76,93
7019,24,62,54,0
7020,0,303,314,90
7021,50,11,91,4
7022,104,88,270,39
7023,92,96,0,32
7024,12,26,40,66
7025,28,70,0,10
7026,8,86,200,0
7027,15,107,89,46
7028,43,55,34,10
7029,17,40,79,0
7030,5,57,56,35
7031,82,135,170,26
7032,54,45,171,2
7033,52,69,255,37
7034,12,15,39,0
7035,21,62,473,28
7036,49,90,222,18
7037,8,21,117,8
7038,43,24,29,0
7039,18,140,145,40
7040,36,40,83,0
7041,10,26,198,0
7042,58,125,312,28
7043,0,11,85,102
7044,0,56,0,26
7045,99,526,0,65
7046,91,88,167,64
