cell	Node 0	Node 1	Node 2	Node 3	Node 4	Node 5
0	0.000255819	0.0304981	0.254103	0.661998	0.0163581	0.0367868
1	4.22655e-06	0.000505126	0.00144489	0.945249	0.000269845	0.0525269
2	1.75845e-07	2.09767e-05	6.13009e-05	0.947267	1.12282e-05	0.0526391
3	0.000688039	0.0820569	0.23289	0.606735	0.043914	0.0337159
4	2.08194e-07	2.4815e-05	0.999767	0.000184856	1.32861e-05	1.02723e-05
5	5.87026e-09	6.9978e-07	0.999993	5.22824e-06	3.74668e-07	2.9053e-07
6	0.00025581	0.0305614	0.254094	0.661974	0.016329	0.0367855
7	2.0447e-10	2.43744e-08	2.03098e-07	0.947356	1.30527e-08	0.052644
8	0.000255826	0.0305038	0.25411	0.662016	0.0163264	0.0367878
9	6.08651e-07	7.25638e-05	0.998225	0.00157505	3.88487e-05	8.75243e-05
10	5.34013e-05	0.00636596	0.939957	0.0475609	0.00342032	0.00264293
11	1.00216e-07	1.19458e-05	0.999708	0.000259335	6.39519e-06	1.44111e-05
12	3.06192e-06	0.000365026	0.00103306	0.945843	0.000195412	0.05256
13	0.000686607	0.0821381	0.232864	0.606665	0.043934	0.033712
14	4.09213e-07	4.87754e-05	0.000141747	0.94715	2.61748e-05	0.0526326
15	1.85368e-05	0.0022101	0.00642095	0.938041	0.00118329	0.0521264
16	2.67107e-05	0.00319746	0.922108	0.0691211	0.00170556	0.00384102
17	5.58308e-06	0.00066616	0.983721	0.0144477	0.000356406	0.000802849
18	4.56784e-05	0.00544901	0.0157402	0.924476	0.00291651	0.0513726
19	3.14432e-13	1	1.0511e-10	2.73836e-10	2.00671e-11	1.52169e-11
20	1.14724e-07	1.36788e-05	0.000113954	0.947228	7.32237e-06	0.0526369
21	0.000633112	0.0754644	0.213318	0.634861	0.0404448	0.0352788
22	7.41279e-09	0.99999	2.50911e-06	6.53683e-06	4.74784e-07	3.63248e-07
23	5.33368e-06	0.000635685	0.00178707	0.944733	0.000340356	0.0524983
24	1.18702e-09	1.41478e-07	4.04553e-07	0.947355	7.57486e-08	0.052644
25	2.69816e-08	0.999898	2.68007e-05	6.9822e-05	1.72311e-06	3.87997e-06
26	1.14134e-07	1.36046e-05	0.000113369	0.947229	7.2857e-06	0.0526369
27	0.000674321	0.080375	0.233578	0.608525	0.0430327	0.0338154
28	9.21528e-05	0.0118621	0.0310496	0.776427	0.137423	0.0431456
29	6.61475e-10	7.88366e-08	2.29128e-07	0.947356	4.2209e-08	0.052644
30	4.60169e-08	5.50202e-06	4.57082e-05	0.947305	2.93851e-06	0.0526411
31	2.66414e-10	3.1762e-08	0.999999	6.89416e-07	1.70636e-08	3.83104e-08
32	3.19783e-07	3.81134e-05	0.000109322	0.947197	2.04545e-05	0.0526351
33	0.000255812	0.0305132	0.254096	0.66198	0.0163687	0.0367858
34	3.41355e-07	4.06839e-05	0.000114298	0.947188	2.17821e-05	0.0526347
35	1.9937e-06	0.000237668	0.000674835	0.946369	0.000127231	0.0525892
36	5.10686e-09	6.10603e-07	1.74049e-06	4.53439e-06	0.999993	2.51973e-07
37	0.000699392	0.0833602	0.232348	0.605323	0.044632	0.0336374
38	5.50488e-06	0.977248	0.00183652	0.0194766	0.000351269	0.0010823
39	2.45192e-08	2.92347e-06	2.43547e-05	0.947329	1.56657e-06	0.0526425
40	3.578e-05	0.00426477	0.0355401	0.0925902	0.862424	0.00514518
41	4.32442e-07	5.15707e-05	0.000147382	0.947141	2.76068e-05	0.0526321
42	1.97379e-07	2.35894e-05	0.999424	0.000510771	1.2596e-05	2.83832e-05
43	4.40295e-07	5.24909e-05	0.000437342	0.946865	2.81081e-05	0.0526167
44	0.00016425	0.0195781	0.521116	0.425041	0.0104812	0.0236193
45	0.000247741	0.0295285	0.24608	0.641095	0.0474235	0.0356253
46	0.000255826	0.0305039	0.25411	0.662017	0.0163247	0.0367879
47	3.89446e-09	0.999985	3.86833e-06	1.00779e-05	2.49304e-07	5.60024e-07
48	8.50434e-05	0.203182	0.028537	0.722614	0.00542694	0.0401552
49	0.000670512	0.0799532	0.233746	0.608962	0.0428289	0.0338397
50	1.49079e-07	1.77698e-05	0.000148079	0.000385781	0.999427	2.14376e-05
51	1.62014e-10	1.93312e-08	1.60928e-07	0.947356	1.03499e-08	0.052644
52	0.00025574	0.0308213	0.254025	0.661795	0.016327	0.0367756
53	3.2218e-14	1	1.0736e-11	2.79698e-11	2.06244e-12	1.55427e-12
54	6.55325e-06	0.00078133	0.002211	0.944119	0.000418394	0.0524641
55	2.08791e-07	2.48841e-05	0.999767	0.000184119	1.33231e-05	1.02314e-05
56	6.94379e-11	8.27893e-09	6.89722e-08	0.947356	4.43171e-09	0.052644
57	0.000255824	0.0304903	0.254109	0.662013	0.016345	0.0367876
58	0.000255828	0.0304926	0.254112	0.662023	0.0163279	0.0367882
59	0.000255828	0.0304957	0.254112	0.662023	0.0163248	0.0367882
60	2.44859e-07	2.91914e-05	8.43753e-05	0.947233	1.56248e-05	0.0526372
61	1.84243e-07	2.19602e-05	6.23634e-05	0.947265	1.17585e-05	0.0526389
62	1.04625e-09	1.24738e-07	1.03923e-06	0.947355	6.68108e-08	0.0526439
63	1.84243e-07	2.19619e-05	6.23634e-05	0.947265	1.17715e-05	0.0526389
64	6.83185e-06	0.000814218	0.00233555	0.926417	0.0189456	0.0514805
65	0.000131446	0.0157833	0.0458232	0.880918	0.00839182	0.0489521
66	8.14825e-07	9.71209e-05	0.000273206	0.946955	5.19975e-05	0.0526217
67	7.69054e-11	9.17253e-09	7.63895e-08	0.947356	4.90816e-09	0.052644
68	1.14724e-07	1.36842e-05	0.000113954	0.947228	7.32543e-06	0.0526369
69	3.26123e-07	3.88699e-05	0.000109528	0.947195	2.08172e-05	0.0526351
70	0.000255826	0.0304947	0.25411	0.662017	0.0163342	0.0367879
71	3.888e-09	4.63393e-07	3.86192e-06	0.947352	2.48127e-07	0.0526438
72	4.67043e-09	5.56673e-07	4.6391e-06	0.947351	2.98135e-07	0.0526437
73	5.78819e-09	0.999992	1.93809e-06	5.04919e-06	3.69446e-07	2.80581e-07
74	4.80708e-07	5.73138e-05	0.000162712	0.947118	3.07052e-05	0.0526308
75	0.000691539	0.0824231	0.232725	0.606305	0.0441633	0.033692
76	3.52409e-10	4.21359e-08	3.50045e-07	0.947356	2.24902e-08	0.052644
77	3.41111e-08	4.0659e-06	1.18157e-05	0.947339	2.17683e-06	0.0526431
78	3.15244e-07	3.75809e-05	0.999081	0.000815776	2.01484e-05	4.53322e-05
79	3.00571e-09	0.999989	2.98555e-06	7.77806e-06	1.92039e-07	4.32222e-07
80	1.0058e-05	0.00119888	0.00336998	0.94241	0.000641919	0.0523692
81	2.03091e-07	2.42105e-05	6.82737e-05	0.947256	1.30163e-05	0.0526384
82	0.000499567	0.0595412	0.434681	0.448478	0.0318791	0.0249216
83	3.94315e-06	0.000470268	0.00137461	0.945366	0.000251868	0.0525334
84	5.0116e-09	5.98731e-07	4.97798e-06	0.94735	3.19878e-07	0.0526437
85	1.59744e-09	0.999957	5.30692e-07	4.0339e-05	1.01994e-07	2.24162e-06
86	7.4742e-10	8.98903e-08	0.999998	1.93414e-06	4.77049e-08	1.07479e-07
87	1.24984e-06	0.000148996	0.000428823	0.946732	7.98007e-05	0.0526093
88	3.25613e-09	3.88788e-07	1.12789e-06	2.93842e-06	0.999995	1.63286e-07
89	1.60308e-09	0.999994	1.59233e-06	4.1484e-06	1.02386e-07	2.30524e-07
90	2.79423e-07	3.3315e-05	9.74089e-05	0.947215	1.78309e-05	0.0526362
91	7.28303e-11	8.68107e-09	7.23418e-08	1.88467e-07	1	1.0473e-08
92	4.92692e-09	5.87798e-07	4.89387e-06	0.947351	3.14421e-07	0.0526437
93	0.000255785	0.0305128	0.254069	0.66191	0.0164703	0.0367819
94	2.51416e-07	2.9978e-05	8.51004e-05	0.947232	1.6046e-05	0.0526371
95	9.37974e-08	1.11816e-05	0.999893	8.46452e-05	6.02241e-06	4.70368e-06
96	3.70426e-07	4.41516e-05	0.00012563	0.947172	2.36376e-05	0.0526338
97	5.32017e-11	6.34714e-09	5.28449e-08	0.947356	3.39526e-09	0.052644
98	1.39553e-07	1.6635e-05	4.73295e-05	0.947287	8.90676e-06	0.0526402
99	1.49079e-07	1.77821e-05	0.000148079	0.000385781	0.999427	2.14376e-05
100	0.000255822	0.0305145	0.254106	0.662007	0.0163289	0.0367873
101	0.000255819	0.0305076	0.254103	0.661999	0.0163473	0.0367869
102	4.8998e-07	5.84807e-05	0.000486694	0.946809	3.13314e-05	0.0526136
103	0.000255829	0.030494	0.254113	0.662024	0.0163251	0.0367883
104	1.85155e-06	0.000220709	0.997936	0.00163276	0.000118432	9.07313e-05
105	0.000237606	0.0283292	0.307158	0.614867	0.0152406	0.0341678
106	1.9056e-12	2.28297e-10	1.89282e-09	0.947356	1.21664e-10	0.052644
107	5.15124e-08	6.13952e-06	1.77505e-05	0.94733	3.28866e-06	0.0526426
108	0.000688076	0.0820129	0.232903	0.606767	0.0439112	0.0337177
109	0.000255807	0.0304932	0.254091	0.661967	0.0164081	0.0367851
110	4.03004e-08	4.80747e-06	4.00301e-05	0.947311	2.57233e-06	0.0526415
111	0.000689978	0.0822881	0.232791	0.606475	0.0440542	0.0337015
112	0.000695891	0.0829508	0.232518	0.605765	0.0444086	0.033662
113	2.01729e-08	0.999924	2.00375e-05	5.22025e-05	1.28735e-06	2.90086e-06
114	4.60169e-08	5.48547e-06	4.57082e-05	0.947305	2.94251e-06	0.0526412
115	1.77746e-07	2.11855e-05	6.00607e-05	0.947268	1.13419e-05	0.0526391
116	2.1744e-07	2.59268e-05	0.000215982	0.947113	1.41201e-05	0.0526305
117	3.57256e-12	4.25819e-10	1.18966e-09	3.09933e-09	1	1.72228e-10
118	0.000692183	0.0825249	0.232693	0.60622	0.0441825	0.0336873
119	2.73075e-08	3.26359e-06	0.99992	7.06653e-05	1.74426e-06	3.92683e-06
120	0.000255827	0.0304998	0.254111	0.662019	0.0163265	0.036788
121	1.06657e-06	0.000127134	0.000369447	0.94682	6.80837e-05	0.0526142
122	4.10137e-08	5.03372e-06	4.07386e-05	0.000106134	0.999842	5.89778e-06
123	8.84133e-09	1.05372e-06	0.99999	7.85022e-06	5.64161e-07	4.36232e-07
124	0.000255822	0.0304984	0.254106	0.662005	0.0163474	0.0367872
125	0.000697659	0.0831804	0.232424	0.605518	0.044532	0.0336483
126	1.62837e-05	0.0019417	0.00551178	0.939295	0.00103959	0.052196
127	1.08093e-07	1.28834e-05	3.70869e-05	0.947302	6.89748e-06	0.052641
128	1.6895e-07	2.0147e-05	5.85227e-05	0.947271	1.07818e-05	0.0526393
129	6.18772e-12	1	2.06579e-09	5.38188e-09	3.949e-10	2.99068e-10
130	2.11978e-06	0.000253248	0.993819	0.00548548	0.000135374	0.000304825
131	5.40177e-06	0.000643854	0.00185336	0.944658	0.000344798	0.0524941
132	7.45779e-06	0.000889176	0.00250252	0.943685	0.000475957	0.05244
133	0.000679832	0.0810523	0.233252	0.607677	0.0435711	0.0337682
134	1.5818e-05	0.00188594	0.0157119	0.929712	0.00101079	0.0516635
135	4.18256e-09	4.98593e-07	0.999988	1.08235e-05	2.67023e-07	6.01454e-07
136	2.44114e-08	2.90998e-06	8.27916e-06	0.947344	1.5577e-06	0.0526433
137	7.4718e-08	8.90529e-06	2.57469e-05	0.947319	4.7682e-06	0.0526419
138	5.47638e-11	6.54058e-09	1	1.41716e-07	3.49472e-09	7.87505e-09
139	0.00024773	0.0295729	0.246068	0.641066	0.0474214	0.0356237
140	0.000255814	0.0305038	0.254099	0.661987	0.0163688	0.0367862
141	1.08646e-06	0.000130162	0.996832	0.00281151	6.93977e-05	0.000156234
142	8.78685e-07	0.000104743	0.999012	0.000782584	5.60842e-05	4.34877e-05
143	4.99749e-08	5.9567e-06	1.73108e-05	0.947331	3.18921e-06	0.0526426
144	1.36236e-06	0.000162364	0.000453248	0.946689	8.69298e-05	0.0526069
145	1.26577e-06	0.00015089	0.000441258	0.946717	8.07808e-05	0.0526085
146	0.000679938	0.0810964	0.233288	0.607771	0.0433909	0.0337735
147	0.000255804	0.0305853	0.254088	0.66196	0.0163256	0.0367847
148	4.31911e-07	5.14901e-05	0.999513	0.000386069	2.75626e-05	2.14536e-05
149	6.67308e-06	0.000795351	0.00225873	0.944053	0.000425959	0.0524604
150	7.31757e-06	0.000873957	0.00255096	0.943662	0.000467149	0.0524387
151	7.55328e-11	1	7.50262e-08	1.95461e-07	4.81992e-09	1.08616e-08
152	1.91739e-07	2.28751e-05	0.000190453	0.947142	1.2246e-05	0.0526321
153	1.17992e-10	1.48347e-08	1.172e-07	0.947356	7.5325e-09	0.052644
154	0.000627588	0.0748048	0.211741	0.637358	0.0400501	0.0354176
155	2.44851e-07	2.9215e-05	8.43727e-05	0.947204	4.68703e-05	0.0526355
156	0.000255826	0.0305038	0.25411	0.662016	0.0163261	0.0367879
157	0.00069001	0.0822612	0.232802	0.606503	0.0440406	0.033703
158	0.000255823	0.0305049	0.254107	0.66201	0.016335	0.0367875
159	1.89493e-08	2.25898e-06	1.88222e-05	0.947335	1.22016e-06	0.0526428
160	0.000616666	0.0735293	0.319315	0.53732	0.0393603	0.0298585
161	0.000697686	0.0831599	0.232432	0.605541	0.0445192	0.0336496
162	0.000690825	0.0823517	0.232764	0.606404	0.0440918	0.0336975
163	1.6895e-07	2.01399e-05	5.85227e-05	0.947271	1.07982e-05	0.0526393
164	4.22655e-06	0.000504066	0.0014449	0.94525	0.000270263	0.052527
165	3.01357e-07	3.59183e-05	0.000299336	0.94702	1.92295e-05	0.0526253
166	0.000685525	0.0817213	0.233024	0.607083	0.0437508	0.0337352
167	3.64512e-08	4.34755e-06	3.62067e-05	0.947315	2.33084e-06	0.0526417
168	4.60169e-08	5.48668e-06	4.57082e-05	0.947305	2.93851e-06	0.0526412
169	0.000255829	0.0304919	0.254113	0.662026	0.0163249	0.0367884
170	7.33261e-05	0.00873897	0.919066	0.0638912	0.00468012	0.00355039
171	2.73394e-05	0.00325892	0.969862	0.023779	0.00175107	0.00132138
172	9.91907e-14	1.18277e-11	9.85254e-11	2.56682e-10	1	1.42637e-11
173	3.39714e-06	0.00040498	0.00115779	0.945667	0.000217083	0.0525501
174	0.000255829	0.0304921	0.254113	0.662026	0.0163247	0.0367884
175	5.2715e-06	0.00062851	0.00175926	0.94477	0.000336411	0.0525003
176	0.000255826	0.0304901	0.25411	0.662017	0.0163392	0.0367879
177	1.47606e-06	0.000175982	0.000508633	0.946616	9.4773e-05	0.0526029
178	2.4637e-13	2.93777e-11	2.44718e-10	0.947356	1.57212e-11	0.052644
179	1.1501e-07	1.37512e-05	0.000114239	0.947228	7.34933e-06	0.0526369
180	0.000674312	0.0803807	0.233575	0.608517	0.0430379	0.0338149
181	6.26981e-07	7.47275e-05	0.000210223	0.947048	4.00069e-05	0.0526269
182	7.43427e-09	8.86689e-07	7.38441e-06	0.947348	4.75151e-07	0.0526435
183	2.65081e-07	3.16074e-05	8.99027e-05	0.947225	1.6932e-05	0.0526367
184	0.000255805	0.0305608	0.254089	0.661963	0.0163464	0.0367849
185	1.5705e-06	0.00018748	0.995421	0.00406409	0.000100256	0.000225839
186	0.000677076	0.0807126	0.233312	0.607833	0.0436884	0.0337769
187	3.98007e-05	0.00474362	0.95607	0.0346795	0.00254023	0.00192712
188	0.000693142	0.0828394	0.232589	0.60595	0.0442563	0.0336723
189	1.03834e-07	1.23761e-05	3.52953e-05	0.947304	6.62594e-06	0.0526411
190	6.39795e-06	0.000762597	0.992856	0.00565303	0.000408288	0.000314135
191	0.000255822	0.0305033	0.254106	0.662005	0.0163425	0.0367872
192	4.3187e-06	0.000514831	0.00146801	0.945212	0.000275828	0.0525249
193	4.18042e-06	0.000498565	0.987811	0.0108179	0.0002669	0.000601146
194	0.00067989	0.0810445	0.233272	0.607728	0.0435042	0.0337711
195	1.02537e-07	1.22257e-05	3.47756e-05	0.947305	6.59186e-06	0.0526412
196	1.5705e-06	0.00018748	0.995421	0.00406409	0.000100249	0.000225839
197	3.36214e-09	4.00735e-07	3.33959e-06	0.947352	2.14578e-07	0.0526438
198	0.000255827	0.0304991	0.254112	0.662021	0.0163248	0.0367881
199	0.00069703	0.083074	0.232466	0.605629	0.0444792	0.0336544
200	1.07332e-05	0.00128128	0.98773	0.00974793	0.000688453	0.000541687
201	0.000683937	0.081558	0.233095	0.607269	0.0436484	0.0337456
202	0.000687929	0.0820723	0.232853	0.606638	0.0440379	0.0337105
203	1.43031e-06	0.000170474	0.998387	0.0012785	9.12697e-05	7.10454e-05
204	7.4718e-08	8.91784e-06	2.57469e-05	0.947319	4.76801e-06	0.0526419
205	2.01738e-08	0.999973	6.87553e-06	1.79124e-05	1.28938e-06	9.95381e-07
206	9.26164e-06	0.00110473	0.989614	0.00822342	0.000591312	0.000456971
207	0.000207177	0.0246949	0.071083	0.84389	0.0132308	0.0468944
208	0.000370765	0.0442387	0.12721	0.762159	0.0236684	0.0423527
209	5.7333e-07	6.83868e-05	0.000569484	0.946716	3.6601e-05	0.0526085
210	0.000697975	0.0832055	0.232377	0.605397	0.044681	0.0336415
211	6.37777e-08	7.60342e-06	6.335e-05	0.947285	4.0738e-06	0.05264
212	0.000255825	0.0304968	0.254109	0.662013	0.0163376	0.0367877
213	0.000690779	0.0823836	0.232748	0.606364	0.0441188	0.0336953
214	0.000255827	0.0305017	0.254111	0.662019	0.0163248	0.036788
215	8.69467e-07	0.000103656	0.000863635	0.946386	5.54882e-05	0.0525901
216	9.19604e-08	1.09725e-05	9.13436e-05	0.947253	5.87335e-06	0.0526383
217	3.01116e-09	0.999996	1.01042e-06	2.63238e-06	1.92676e-07	1.4628e-07
218	7.47112e-06	0.00089156	0.00742101	0.939022	0.000477417	0.0521809
219	1.45728e-05	0.00173681	0.00491671	0.0128092	0.979811	0.0007118
220	2.58311e-06	0.000307899	0.997104	0.00229355	0.000164841	0.000127451
221	0.000255815	0.0305055	0.2541	0.66199	0.0163629	0.0367864
222	0.000255824	0.0305122	0.254108	0.662011	0.0163255	0.0367876
223	0.000255804	0.0305853	0.254089	0.661961	0.0163249	0.0367848
224	6.03028e-05	0.00719619	0.021022	0.916919	0.00384986	0.0509526
225	2.11978e-06	0.000252779	0.993819	0.00548548	0.000135338	0.000304825
226	6.67313e-11	1	2.23586e-08	5.82494e-08	4.25866e-09	3.23688e-09
227	0.000690706	0.082518	0.232724	0.6063	0.0440761	0.0336917
228	0.000144086	0.0171804	0.579896	0.372861	0.00919922	0.0207197
229	1.27833e-05	0.00152456	0.00440496	0.940953	0.000816015	0.0522882
230	5.05759e-07	6.03179e-05	0.000502367	0.946792	3.23763e-05	0.0526126
231	0.000255828	0.0304966	0.254112	0.662022	0.0163258	0.0367881
232	9.19604e-08	1.09667e-05	9.13436e-05	0.947253	5.88033e-06	0.0526383
233	0.00025577	0.0304884	0.254055	0.661873	0.0165487	0.0367799
234	1.36107e-07	1.62277e-05	4.60701e-05	0.947289	8.68685e-06	0.0526403
235	0.000255826	0.030499	0.254111	0.662018	0.0163287	0.0367879
236	0.00025579	0.0304946	0.254074	0.661923	0.0164706	0.0367826
237	1.68737e-06	0.000201189	0.998121	0.00148542	0.000107731	8.25436e-05
238	2.07948e-07	2.47951e-05	0.999769	0.000182123	1.32936e-05	1.01205e-05
239	0.00025582	0.0304963	0.254105	0.662002	0.016354	0.0367871
240	1.77269e-05	0.00211297	0.980291	0.0155815	0.00113126	0.000865857
241	0.000255788	0.0306442	0.254073	0.661919	0.016326	0.0367824
242	2.31138e-07	2.75642e-05	7.93039e-05	0.947241	1.47508e-05	0.0526376
243	3.20993e-07	3.82655e-05	0.999645	0.000280393	2.04977e-05	1.55813e-05
244	0.000255815	0.0305381	0.254099	0.661989	0.0163318	0.0367863
245	8.71519e-08	1.04019e-05	0.999746	0.000225529	5.56186e-06	1.25325e-05
246	1.98598e-09	2.36726e-07	1.97266e-06	0.947354	1.26729e-07	0.0526439
247	0.000255764	0.0307106	0.254048	0.661856	0.0163504	0.0367789
248	6.60366e-07	7.87684e-05	0.000655936	0.946619	4.22734e-05	0.0526031
249	6.06084e-12	7.22405e-10	2.02818e-09	5.28388e-09	1	2.93622e-10
250	0.000255827	0.0304942	0.254111	0.66202	0.0163301	0.0367881
251	2.6815e-08	3.19608e-06	9.20028e-06	0.947343	1.71131e-06	0.0526433
252	0.000692199	0.0825141	0.232698	0.606234	0.0441733	0.0336881
253	3.37606e-06	0.000402879	0.00335341	0.00873643	0.987018	0.000485478
254	3.92071e-10	4.67592e-08	0.999999	1.01459e-06	2.5054e-08	5.638e-08
255	2.99028e-08	3.56391e-06	2.97022e-05	0.947323	1.90851e-06	0.0526421
256	0.000255815	0.0305071	0.254099	0.661989	0.0163629	0.0367863
257	1.95774e-08	2.33322e-06	6.5552e-06	0.947346	1.24922e-06	0.0526435
258	3.40302e-05	0.00405992	0.961486	0.03055	0.00217211	0.00169765
259	8.22161e-08	9.80097e-06	0.99976	0.000212756	5.2529e-06	1.18227e-05
260	6.53951e-07	7.79691e-05	0.000226522	0.947027	4.1988e-05	0.0526257
261	6.37144e-05	0.00760761	0.063287	0.876278	0.00406895	0.0486943
262	0.000685503	0.0817261	0.233017	0.607063	0.0437744	0.0337341
263	5.20807e-07	6.20866e-05	0.00017869	0.947096	3.32494e-05	0.0526295
264	0.000122031	0.0145449	0.644209	0.315786	0.00779034	0.017548
265	1.84243e-07	2.1961e-05	6.23634e-05	0.947265	1.1757e-05	0.0526389
266	0.000674306	0.0803825	0.233573	0.608512	0.043044	0.0338146
267	2.22367e-08	0.999916	2.20876e-05	5.75433e-05	1.42037e-06	3.19765e-06
268	0.000686855	0.0818784	0.232948	0.606884	0.0438781	0.0337242
269	1.31666e-12	1.57065e-10	1.30782e-09	0.947356	8.55006e-11	0.052644
270	8.26523e-12	9.85222e-10	8.20979e-09	0.947356	5.27446e-10	0.052644
271	0.000695896	0.0829488	0.23252	0.605769	0.0444043	0.0336622
272	3.74748e-08	4.46659e-06	1.28577e-05	0.947337	2.39135e-06	0.052643
273	6.0422e-09	7.2052e-07	6.00168e-06	0.947349	3.85619e-07	0.0526436
274	2.87498e-07	3.45211e-05	0.999162	0.000743978	1.8362e-05	4.13424e-05
275	4.3187e-06	0.000514878	0.00146801	0.945212	0.000275597	0.0525249
276	1.46642e-05	0.00174832	0.983624	0.0129568	0.000936112	0.000720002
277	0.000636939	0.0759499	0.21373	0.556816	0.121925	0.030942
278	1.52935e-08	1.8233e-06	5.17662e-06	0.947348	9.76328e-07	0.0526436
279	3.44487e-07	4.10608e-05	0.000118194	0.947184	2.20222e-05	0.0526344
280	0.000670468	0.0800375	0.23373	0.608922	0.0428022	0.0338374
281	0.000255828	0.0304957	0.254112	0.662022	0.0163258	0.0367882
282	1.20718e-06	0.000143981	0.99648	0.00312389	7.70818e-05	0.000173593
283	0.000438302	0.0522405	0.14645	0.732214	0.0279686	0.0406887
284	7.1664e-09	8.56853e-07	7.11833e-06	0.947348	4.57436e-07	0.0526436
285	2.08803e-07	2.48872e-05	7.11631e-05	0.947252	1.33238e-05	0.0526382
286	1.85155e-06	0.000220732	0.997936	0.00163276	0.000118153	9.07313e-05
287	0.000255798	0.0305115	0.254082	0.661943	0.0164239	0.0367838
288	0.000255828	0.0304929	0.254112	0.662022	0.0163289	0.0367882
289	4.75353e-07	0.998198	0.000472164	0.0012301	3.04658e-05	6.83559e-05
290	0.000693314	0.0826389	0.232647	0.6061	0.0442403	0.0336806
291	1.37644e-12	1.64057e-10	1.36721e-09	0.947356	8.78294e-11	0.052644
292	0.00025579	0.0306198	0.254075	0.661924	0.0163428	0.0367827
293	3.21307e-08	3.83173e-06	1.1201e-05	0.94734	2.06561e-06	0.0526431
294	3.64714e-05	0.00434748	0.0123693	0.929279	0.00232865	0.0516395
295	1.06657e-06	0.000127143	0.000369447	0.94682	6.80649e-05	0.0526142
296	1.06657e-06	0.00012716	0.000369447	0.94682	6.80589e-05	0.0526142
297	0.000670544	0.0799237	0.233757	0.608992	0.0428161	0.0338413
298	5.42165e-06	0.00064634	0.99399	0.00474832	0.000346067	0.000263862
299	1.58179e-05	0.00188693	0.0157118	0.92971	0.00101177	0.0516634
300	4.18042e-06	0.000498565	0.987811	0.0108179	0.000267024	0.000601146
301	0.000255804	0.0305853	0.254088	0.66196	0.0163261	0.0367847
302	6.37777e-08	7.61086e-06	6.335e-05	0.947285	4.07485e-06	0.05264
303	0.000227756	0.0271472	0.748497	0.198559	0.0145349	0.0110338
304	1.40545e-10	0.999999	1.39602e-07	3.63697e-07	8.98471e-09	2.02104e-08
305	1.94822e-05	0.00232621	0.00658307	0.937718	0.00124457	0.0521084
306	1.83433e-07	2.19078e-05	0.000182202	0.947151	1.17925e-05	0.0526326
307	1.09215e-07	1.30164e-05	3.65088e-05	0.947302	6.96896e-06	0.052641
308	1.4566e-07	0.999448	0.000144683	0.000376934	9.29567e-06	2.0946e-05
309	1.5157e-08	1.80792e-06	1.50553e-05	0.947339	9.6815e-07	0.0526431
310	6.14845e-05	0.00733975	0.93041	0.0551966	0.00392483	0.00306724
311	7.48083e-05	0.00892073	0.0259128	0.909757	0.00478037	0.0505546
312	1.99369e-06	0.000237732	0.000674835	0.946369	0.000127247	0.0525892
313	7.31779e-07	8.72219e-05	0.000245767	0.946996	4.67027e-05	0.052624
314	3.33795e-09	3.97887e-07	0.99999	8.63783e-06	2.13211e-07	4.79999e-07
315	5.12013e-08	6.1031e-06	5.08579e-05	0.947299	3.27014e-06	0.0526408
316	7.62589e-06	0.00090919	0.991468	0.00675329	0.000486765	0.000375276
317	0.00025583	0.0304907	0.254114	0.662027	0.0163242	0.0367884
318	4.34361e-08	5.17699e-06	4.31447e-05	0.947308	2.77481e-06	0.0526413
319	0.000683612	0.0815117	0.232985	0.60698	0.0441102	0.0337295
320	1.66607e-06	0.000198606	0.000569567	0.946526	0.000106465	0.0525979
321	1.39774e-11	1.66635e-09	1.38836e-08	0.947356	8.91954e-10	0.052644
322	7.07843e-07	8.43713e-05	0.000241985	0.947003	4.51706e-05	0.0526244
323	2.35303e-11	2.80458e-09	8.01945e-09	2.08926e-08	1	1.16099e-09
324	1.82753e-12	1	6.1037e-10	1.59016e-09	1.16625e-10	8.83641e-11
325	1.03046e-07	1.22841e-05	0.999884	9.21091e-05	6.66725e-06	5.11845e-06
326	3.15244e-07	3.75836e-05	0.999081	0.000815776	2.01228e-05	4.53322e-05
327	1.31666e-12	1.57065e-10	1.30782e-09	0.947356	8.42181e-11	0.052644
328	9.90399e-08	1.18054e-05	3.3415e-05	0.947307	6.32178e-06	0.0526413
329	0.000255817	0.0305327	0.254102	0.661995	0.0163286	0.0367866
330	0.000255817	0.0305167	0.254102	0.661995	0.0163445	0.0367866
331	0.000255826	0.0305027	0.254111	0.662018	0.0163251	0.0367879
332	2.20031e-06	0.000262268	0.000767046	0.946245	0.000140697	0.0525823
333	1.41328e-05	0.0016848	0.0049268	0.940224	0.000902311	0.0522477
334	0.000543529	0.0648146	0.187293	0.675148	0.0346829	0.0375176
335	1.93169e-09	2.30597e-07	1.91874e-06	0.947354	1.23344e-07	0.0526439
336	7.76422e-10	9.2541e-08	2.62354e-07	0.947356	4.95466e-08	0.052644
337	1.27833e-05	0.0015238	0.00440497	0.940954	0.000815864	0.0522883
338	1.53093e-12	1.82476e-10	1	3.96169e-09	9.77231e-11	2.20149e-10
339	0.000255803	0.0305717	0.254087	0.661957	0.0163436	0.0367846
340	0.000255816	0.0305382	0.2541	0.661991	0.0163277	0.0367865
341	2.31989e-10	2.76527e-08	2.30433e-07	6.00333e-07	0.999999	3.33601e-08
342	3.21164e-08	3.82796e-06	1.08923e-05	0.94734	2.04938e-06	0.0526431
343	5.84013e-06	0.000696114	0.993507	0.00513335	0.000372663	0.000285257
344	2.61623e-06	0.000311893	0.0008815	0.946065	0.000166983	0.0525722
345	8.65359e-06	0.00103179	0.990399	0.00758701	0.000552304	0.000421606
346	3.21307e-08	3.83045e-06	1.1201e-05	0.94734	2.05129e-06	0.0526431
347	5.20807e-07	6.20854e-05	0.00017869	0.947096	3.32356e-05	0.0526296
348	7.71438e-07	9.19924e-05	0.999137	0.000683165	4.92255e-05	3.79631e-05
349	1.75094e-08	2.08711e-06	1.7392e-05	0.947336	1.11736e-06	0.0526429
350	6.0422e-09	7.20355e-07	6.00168e-06	0.947349	3.8563e-07	0.0526436
351	3.58757e-07	4.28009e-05	0.000356351	0.946956	2.29345e-05	0.0526218
352	5.80071e-07	6.91585e-05	0.000199886	0.947065	3.70922e-05	0.0526279
353	0.000255823	0.0305145	0.254107	0.662009	0.0163263	0.0367874
354	0.000679957	0.0810648	0.233295	0.607788	0.0433981	0.0337744
355	2.82197e-10	3.36351e-08	9.77499e-08	0.947356	1.80071e-08	0.052644
356	7.59077e-07	9.04806e-05	0.999158	0.000665518	4.84371e-05	3.69825e-05
357	1.19603e-12	1.42777e-10	1.18801e-09	0.947356	7.63238e-11	0.052644
358	5.7333e-07	6.8365e-05	0.000569484	0.946716	3.66436e-05	0.0526085
359	0.00025578	0.0306739	0.254064	0.661897	0.0163276	0.0367812
360	1.40367e-06	0.000167394	0.000470641	0.946665	8.96131e-05	0.0526056
361	2.79423e-07	3.3315e-05	9.74089e-05	0.947215	1.78332e-05	0.0526362
362	7.85314e-08	9.36029e-06	0.999913	6.89347e-05	5.0111e-06	3.83066e-06
363	2.39391e-07	2.85326e-05	8.08907e-05	0.947238	1.52788e-05	0.0526374
364	1.71278e-08	2.04156e-06	5.77873e-06	0.947348	1.09298e-06	0.0526435
365	1.43329e-07	1.70831e-05	4.87206e-05	0.947285	9.14815e-06	0.05264
366	1.83433e-07	2.18679e-05	0.000182202	0.947151	1.17083e-05	0.0526326
367	9.45421e-07	0.00011269	0.998952	0.000828008	6.03361e-05	4.60119e-05
368	0.000255828	0.0304977	0.254112	0.662021	0.0163257	0.0367881
369	5.60481e-10	6.68249e-08	1.8862e-07	4.914e-07	0.999999	2.73068e-08
370	0.000255828	0.0304953	0.254113	0.662023	0.016325	0.0367882
371	0.0002558	0.0306011	0.254084	0.661949	0.0163261	0.0367841
372	1.66729e-06	0.000198714	0.000558632	0.946536	0.000106487	0.0525984
373	4.30712e-05	0.0051359	0.951433	0.0384998	0.00274888	0.00213941
374	5.73183e-07	6.83205e-05	0.000194837	0.947071	3.72212e-05	0.0526282
375	1.25817e-10	1	1.24973e-07	3.25585e-07	8.03242e-09	1.80925e-08
376	0.000682149	0.0857641	0.231876	0.604093	0.0440158	0.0335691
377	3.69162e-06	0.995042	0.00125816	0.00327779	0.000235756	0.000182145
378	0.000255817	0.0305383	0.254101	0.661994	0.0163245	0.0367866
379	1.04619e-07	1.2495e-05	0.000103918	0.947239	6.67912e-06	0.0526375
380	6.07765e-12	1	2.10524e-09	5.48464e-09	3.87892e-10	3.04778e-10
381	4.99749e-08	5.95628e-06	1.73108e-05	0.947331	3.21794e-06	0.0526426
382	4.68089e-05	0.00557998	0.0157071	0.924313	0.0029896	0.0513635
383	4.09213e-07	4.88154e-05	0.000141747	0.94715	2.61163e-05	0.0526326
384	1.78683e-24	2.131e-22	1.77484e-21	4.62388e-21	1	2.56946e-22
385	4.40295e-07	5.26017e-05	0.000437342	0.946865	2.81004e-05	0.0526167
386	1.8395e-05	0.00219345	0.0182716	0.926838	0.00117443	0.0515038
387	1.24937e-07	1.48916e-05	4.20455e-05	0.947294	7.97269e-06	0.0526406
388	1.85367e-05	0.00221456	0.00642092	0.938036	0.0011837	0.0521261
389	0.000255803	0.0305057	0.254088	0.661958	0.0164079	0.0367846
390	0.000255821	0.0304992	0.254106	0.662005	0.0163474	0.0367872
391	4.37084e-08	5.20934e-06	1.46043e-05	0.947335	2.78903e-06	0.0526428
392	2.374e-11	2.84413e-09	7.92571e-09	2.06483e-08	1	1.14742e-09
393	1.06657e-06	0.000127231	0.000369447	0.94682	6.80747e-05	0.0526142
394	0.000255825	0.0305066	0.25411	0.662015	0.0163249	0.0367878
395	0.000255818	0.0305278	0.254102	0.661996	0.0163319	0.0367867
396	4.04377e-06	0.000482057	0.995424	0.00363022	0.000258053	0.000201729
397	7.40641e-12	8.83022e-10	7.35674e-09	1.9166e-08	1	1.06504e-09
398	0.000690991	0.0823593	0.232292	0.605176	0.0458525	0.0336293
399	4.04376e-06	0.000482165	0.995423	0.00363022	0.000258654	0.000201729
400	2.60557e-05	0.0031063	0.025881	0.918294	0.00166373	0.051029
401	0.000693767	0.0827091	0.232616	0.606019	0.0442863	0.0336761
402	1.14134e-07	1.36182e-05	0.000113369	0.947229	7.28546e-06	0.0526369
403	0.000167515	0.0199653	0.813248	0.14772	0.0106908	0.0082087
404	7.89196e-10	9.40782e-08	2.65051e-07	6.9052e-07	0.999999	3.83718e-08
405	0.000255817	0.0304881	0.254101	0.661993	0.0163761	0.0367865
406	4.80708e-07	5.73235e-05	0.000162712	0.947118	3.0702e-05	0.0526308
407	1.39553e-07	1.6638e-05	4.73295e-05	0.947287	8.90798e-06	0.0526402
408	1.1431e-09	0.999996	1.13543e-06	2.95806e-06	7.31756e-08	1.64378e-07
409	0.000255803	0.0305606	0.254088	0.661958	0.0163529	0.0367846
410	5.47463e-07	6.52688e-05	0.00018331	0.947087	3.49411e-05	0.052629
411	6.80826e-06	0.000811831	0.00231427	0.943976	0.000434482	0.0524562
412	8.01585e-06	0.000955606	0.991063	0.00706863	0.000511517	0.000392799
413	1.13796e-07	1.35686e-05	0.000113033	0.947229	7.26199e-06	0.0526369
414	1.75556e-08	2.09312e-06	1.74379e-05	0.947336	1.12125e-06	0.0526429
415	3.63263e-13	4.33013e-11	1.21896e-10	3.17567e-10	1	1.7647e-11
416	2.55766e-09	0.99999	2.54051e-06	6.61862e-06	1.63353e-07	3.67793e-07
417	2.85385e-05	0.00340562	0.00994874	0.932949	0.0018244	0.0518434
418	1.97462e-05	0.00235906	0.977431	0.0179336	0.00126028	0.000996559
419	2.45192e-08	2.92305e-06	2.43547e-05	0.947329	1.56573e-06	0.0526425
420	0.000255599	0.0304699	0.253885	0.661429	0.0172053	0.0367552
421	1.29535e-06	0.998283	0.000435462	0.00113448	8.27118e-05	6.30424e-05
422	2.19866e-06	0.000262059	0.000757633	0.0866792	0.907482	0.00481671
423	3.20993e-07	3.82562e-05	0.999645	0.000280393	2.04823e-05	1.55813e-05
424	0.000255809	0.0305613	0.254094	0.661974	0.01633	0.0367855
425	2.79991e-06	0.000335437	0.00278113	0.944231	0.000179237	0.0524704
426	0.00025582	0.030499	0.254104	0.662	0.0163539	0.036787
427	1.15138e-08	1.37247e-06	3.98827e-06	0.94735	7.353e-07	0.0526437
428	8.81983e-09	1.05169e-06	8.76068e-06	0.947346	5.63307e-07	0.0526435
429	1.72259e-06	0.000205388	0.000582066	0.946504	0.000110602	0.0525966
430	0.00069142	0.0826034	0.232686	0.606201	0.0441326	0.0336862
431	6.74151e-08	8.03911e-06	6.69629e-05	0.947281	4.30238e-06	0.0526398
432	8.69467e-07	0.000103645	0.000863635	0.946386	5.54901e-05	0.0525901
433	3.94315e-06	0.000470487	0.00137461	0.945366	0.000251739	0.0525334
434	0.000255829	0.0304917	0.254114	0.662026	0.0163245	0.0367884
435	2.08696e-12	2.48741e-10	6.94953e-10	1.81052e-09	1	1.00609e-10
436	1.93803e-09	2.31041e-07	6.60506e-07	0.947355	1.23671e-07	0.0526439
437	1.24258e-06	0.00014811	0.99858	0.00112852	7.93036e-05	6.2711e-05
438	0.000255823	0.0305002	0.254107	0.662009	0.0163407	0.0367874
439	0.000255821	0.0305	0.254105	0.662004	0.0163474	0.0367872
440	1.18588e-07	1.41334e-05	3.97932e-05	0.947298	7.56714e-06	0.0526408
441	2.95318e-06	0.000351976	0.99668	0.00263019	0.00018847	0.000146158
442	6.18254e-11	1	6.14108e-08	1.5999e-07	3.95149e-09	8.89052e-09
443	1.07795e-06	0.000128486	0.000365589	0.946822	6.87927e-05	0.0526143
444	2.51582e-05	0.00299905	0.00857428	0.934847	0.00160541	0.0519489
445	8.78685e-07	0.000104725	0.999012	0.000782584	5.60686e-05	4.34877e-05
446	2.66708e-09	3.18158e-07	9.19043e-07	0.947355	1.70213e-07	0.0526439
447	3.16984e-08	3.77791e-06	3.14858e-05	0.947321	2.02829e-06	0.052642
448	3.54744e-08	0.999866	3.52365e-05	9.17993e-05	2.26569e-06	5.10123e-06
449	2.42087e-05	0.00288573	0.973186	0.0211818	0.00154553	0.00117706
450	1.62569e-05	0.00581239	0.00557777	0.935567	0.00103769	0.0519889
451	3.24968e-07	3.87326e-05	0.000109807	0.947195	2.07937e-05	0.0526351
452	0.000255827	0.0304983	0.254111	0.662019	0.0163281	0.036788
453	7.30385e-05	0.00871373	0.916498	0.0663339	0.00469547	0.00368613
454	6.7559e-07	8.05176e-05	0.000226699	0.947023	4.31087e-05	0.0526255
455	2.21663e-07	2.64315e-05	0.000220176	0.947109	1.42066e-05	0.0526303
456	1.06619e-07	1.27112e-05	3.6449e-05	0.947303	6.80896e-06	0.0526411
457	1.83949e-05	0.00219381	0.0182715	0.926836	0.00117704	0.0515037
458	4.67825e-10	0.999999	1.63087e-07	4.2488e-07	2.99238e-08	2.36104e-08
459	1.9316e-08	0.999974	6.55105e-06	1.7067e-05	1.23273e-06	9.48405e-07
460	3.47273e-11	1	3.44944e-08	8.98659e-08	2.21759e-09	4.9938e-09
461	1.22894e-06	0.000146508	0.000417743	0.946746	7.84465e-05	0.0526101
462	0.000255823	0.0305081	0.254107	0.66201	0.0163316	0.0367875
463	1.16759e-07	1.39156e-05	3.91485e-05	0.947299	7.45023e-06	0.0526408
464	7.59385e-08	9.05262e-06	2.5704e-05	0.947318	4.85909e-06	0.0526419
465	2.12562e-08	2.53365e-06	2.11136e-05	0.947332	1.35886e-06	0.0526427
466	1.75131e-06	0.000208721	0.000588174	0.946494	0.000111751	0.0525961
467	1.24984e-06	0.000148982	0.000428823	0.946731	8.01677e-05	0.0526093
468	2.2874e-07	2.72643e-05	7.71744e-05	0.947243	1.4598e-05	0.0526377
469	9.93064e-09	1.18453e-06	9.86404e-06	0.947345	6.34319e-07	0.0526434
470	0.000255805	0.0305514	0.254089	0.661962	0.0163572	0.0367848
471	1.80784e-06	0.000215474	0.994729	0.00467827	0.000115444	0.000259969
472	1.83947e-05	0.00219482	0.0182714	0.926828	0.00118446	0.0515033
473	8.03457e-10	9.86106e-08	7.98069e-07	0.947355	5.1303e-08	0.052644
474	6.7559e-07	8.05206e-05	0.000226699	0.947023	4.31089e-05	0.0526255
475	0.000255828	0.0304961	0.254112	0.662022	0.0163263	0.0367881
476	8.81983e-09	1.05119e-06	8.76068e-06	0.947346	5.62875e-07	0.0526435
477	1.82167e-20	2.17463e-18	6.25019e-18	1.62832e-17	1	9.04849e-19
478	1.14134e-07	1.36223e-05	0.000113369	0.947229	7.31497e-06	0.0526369
479	2.1925e-07	2.61344e-05	7.38731e-05	0.947248	1.39936e-05	0.052638
480	5.84636e-08	6.96883e-06	1.9725e-05	0.947327	3.7313e-06	0.0526424
481	9.2894e-07	0.000110854	0.00092271	0.94632	5.95845e-05	0.0525864
482	1.41383e-07	1.68588e-05	4.71386e-05	0.947287	9.02211e-06	0.0526402
483	2.43134e-06	0.000289808	0.000837809	0.946138	0.000155222	0.0525763
484	0.000698745	0.0833395	0.232365	0.605366	0.0445913	0.0336398
485	2.80022e-08	3.34987e-06	0.999968	2.54317e-05	1.79178e-06	1.41323e-06
486	2.53846e-06	0.000302646	0.992599	0.00656894	0.000162054	0.000365032
487	2.03091e-07	2.42084e-05	6.82737e-05	0.947256	1.29599e-05	0.0526384
488	1.26577e-06	0.000150915	0.000441258	0.946717	8.07838e-05	0.0526085
489	7.25218e-07	0.997252	0.000720354	0.00187669	4.62878e-05	0.000104287
490	3.17201e-06	0.000378431	0.00106748	0.945791	0.000202735	0.052557
491	1.92296e-14	2.29231e-12	6.41133e-12	1.6703e-11	1	9.28177e-13
492	1.46732e-05	0.00174919	0.983547	0.0130284	0.000936575	0.000723978
493	1.57782e-06	0.000189027	0.00156723	0.945595	0.000100727	0.0525462
494	0.000251753	0.0459236	0.250064	0.651476	0.0160826	0.0362021
495	0.00068209	0.0813378	0.233181	0.607491	0.0435506	0.0337579
496	1.04044e-05	0.001243	0.0103346	0.935749	0.000664085	0.051999
497	1.72259e-06	0.000205454	0.000582066	0.946504	0.00010993	0.0525967
498	0.000698299	0.08324	0.232397	0.60545	0.0445697	0.0336445
499	4.196e-09	5.00214e-07	1.43966e-06	0.947354	2.6775e-07	0.0526439
500	0.000473725	0.056475	0.461467	0.427502	0.0303256	0.023756
501	3.30168e-15	3.93527e-13	1.09969e-12	2.86496e-12	1	1.59204e-13
502	4.19035e-09	4.99591e-07	1.45149e-06	0.947354	2.67411e-07	0.0526439
503	4.0222e-08	4.79485e-06	1.37082e-05	0.947336	2.56829e-06	0.0526429
504	0.000255828	0.0304918	0.254112	0.662022	0.0163301	0.0367882
505	3.1998e-08	3.81506e-06	1.07372e-05	0.94734	2.04347e-06	0.0526431
506	1.40755e-07	1.67856e-05	0.999589	0.00036424	9.10704e-06	2.02406e-05
507	0.000683874	0.0816095	0.233074	0.607213	0.0436778	0.0337424
508	2.92389e-09	0.999996	9.87986e-07	2.57394e-06	1.87023e-07	1.43032e-07
509	2.6815e-08	3.19823e-06	9.20028e-06	0.947343	1.71352e-06	0.0526433
510	5.50876e-07	6.58127e-05	0.998394	0.00142554	3.5249e-05	7.92162e-05
511	7.47857e-07	8.91625e-05	0.000260709	0.946979	4.77391e-05	0.052623
512	1.2567e-06	0.000149813	0.00124827	0.945954	8.03583e-05	0.0525661
513	5.47638e-11	6.53046e-09	1	1.41716e-07	3.49707e-09	7.87505e-09
514	1.14134e-07	1.36103e-05	0.000113369	0.947229	7.28733e-06	0.0526369
515	6.02982e-05	0.00718751	0.0210204	0.916848	0.00393508	0.0509487
516	0.000255827	0.0304938	0.254111	0.662019	0.0163325	0.036788
517	3.10922e-06	0.000370614	0.990932	0.00804593	0.000201172	0.000447107
518	4.8998e-07	5.84094e-05	0.000486694	0.946809	3.12913e-05	0.0526136
519	5.5957e-05	0.00666979	0.019199	0.919406	0.00357812	0.0510909
520	1.85471e-06	0.000221058	0.997947	0.0016214	0.00011836	9.01005e-05
521	1.66569e-11	1	1.65452e-08	4.31041e-08	1.06296e-09	2.39527e-09
522	4.47235e-06	0.000533704	0.995037	0.00392112	0.000285442	0.000217894
523	2.39391e-07	2.85314e-05	8.08907e-05	0.947238	1.52754e-05	0.0526374
524	0.000679957	0.0810481	0.233295	0.607788	0.0434144	0.0337744
525	0.000247731	0.0295675	0.24607	0.64107	0.0474216	0.0356239
526	0.000255815	0.0305447	0.254099	0.661988	0.0163268	0.0367863
527	0.000255782	0.0304887	0.254066	0.661903	0.0165044	0.0367816
528	1.80784e-06	0.000215708	0.994729	0.00467827	0.000115369	0.000259969
529	6.99831e-08	8.34162e-06	6.95137e-05	0.947278	4.46719e-06	0.0526397
530	1.12414e-06	0.000139326	0.998716	0.00101445	7.27335e-05	5.63725e-05
531	0.000118751	0.0596315	0.0394217	0.846226	0.00757744	0.0470243
532	1.80784e-06	0.00021548	0.994729	0.00467827	0.000115372	0.000259969
533	7.61577e-06	0.000908695	0.00756469	0.938861	0.000486045	0.0521719
534	7.27006e-12	8.67446e-10	7.2213e-09	1.88132e-08	1	1.04544e-09
535	0.000222932	0.0265744	0.221437	0.576895	0.142813	0.0320577
536	7.13126e-06	0.000850387	0.00245734	0.943784	0.000455136	0.0524455
537	3.24499e-08	3.86733e-06	1.07561e-05	0.94734	2.07082e-06	0.0526431
538	2.43134e-06	0.000289803	0.000837809	0.946138	0.000155172	0.0525763
539	2.03606e-07	2.42678e-05	0.999769	0.000183739	1.29934e-05	1.02103e-05
540	3.64512e-08	4.34651e-06	3.62067e-05	0.947315	2.32684e-06	0.0526417
541	3.70623e-06	0.000441786	0.00368137	0.943222	0.000237064	0.0524143
542	6.99831e-08	8.34393e-06	6.95137e-05	0.947278	4.46684e-06	0.0526397
543	6.51528e-07	7.76602e-05	0.000218025	0.947036	4.15801e-05	0.0526262
544	8.83723e-06	0.00105326	0.990035	0.00789927	0.000564418	0.000438958
545	4.56292e-09	0.999982	4.53232e-06	1.18078e-05	8.73451e-07	6.5615e-07
546	1.14134e-07	1.36166e-05	0.000113369	0.947229	7.28656e-06	0.0526369
547	0.000697679	0.0831598	0.23243	0.605535	0.0445277	0.0336492
548	2.22379e-08	0.99997	7.51423e-06	1.95763e-05	1.41933e-06	1.08785e-06
549	1.05767e-11	1.26321e-09	1.05058e-08	0.947356	6.75185e-10	0.052644
550	6.99883e-14	8.34753e-12	6.95189e-11	0.947356	4.46752e-12	0.052644
551	1.79532e-06	0.000214129	0.997959	0.00162015	0.000114597	9.00306e-05
552	8.81983e-09	1.05161e-06	8.76068e-06	0.947346	5.62905e-07	0.0526435
553	0.000255828	0.0304957	0.254112	0.662022	0.0163263	0.0367882
554	5.97073e-07	7.1276e-05	0.998258	0.00154508	3.89652e-05	8.58594e-05
555	1.47862e-08	1.76253e-06	5.15459e-06	0.947349	9.46543e-07	0.0526436
556	0.000496946	0.05923	0.167919	0.701648	0.0317164	0.0389901
557	1.2622e-08	1.50648e-06	1.25374e-05	0.947342	8.05817e-07	0.0526432
558	1.08431e-10	1	3.62145e-08	9.43472e-08	6.92684e-09	5.24282e-09
559	0.000255816	0.0305275	0.2541	0.66199	0.0163402	0.0367864
560	5.28893e-10	0.999998	5.25345e-07	1.36865e-06	3.37544e-08	7.6055e-08
561	0.000586124	0.0702898	0.19976	0.655517	0.0374213	0.0364267
562	4.29996e-05	0.00512487	0.952063	0.0379184	0.00274386	0.0021071
563	4.03004e-08	4.80353e-06	4.00301e-05	0.947311	2.57197e-06	0.0526415
564	1.5786e-05	0.0018931	0.0156801	0.92783	0.0030218	0.051559
565	0.000255829	0.0304922	0.254113	0.662025	0.0163253	0.0367883
566	7.74808e-06	0.000924275	0.00769612	0.0200502	0.970207	0.00111418
567	2.09535e-08	2.49786e-06	0.999939	5.42227e-05	1.33733e-06	3.01312e-06
568	3.94315e-06	0.000469975	0.00137461	0.945366	0.000251622	0.0525334
569	1.24984e-06	0.000149003	0.000428823	0.946732	7.9854e-05	0.0526093
570	3.24033e-06	0.000386314	0.00111176	0.945737	0.000207146	0.0525541
571	1.24643e-06	0.000148554	0.000416873	0.946744	7.95349e-05	0.05261
572	4.196e-09	5.0012e-07	1.43966e-06	0.947354	2.67762e-07	0.0526439
573	2.53841e-13	1	8.44382e-11	2.19981e-10	1.62065e-11	1.22242e-11
574	1.91978e-06	0.000229996	0.00190691	0.945213	0.000122759	0.0525249
575	7.87422e-06	0.0009385	0.00265311	0.94347	0.000502489	0.0524281
576	0.000693277	0.0826641	0.232634	0.606067	0.0442624	0.0336788
577	1.9344e-08	2.30557e-06	6.63696e-06	0.947346	1.23434e-06	0.0526435
578	1.40368e-05	0.00167322	0.959073	0.0363239	0.000896975	0.0020185
579	1.24229e-09	1.4809e-07	1.23396e-06	0.947355	7.92797e-08	0.0526439
580	1.47606e-06	0.000175939	0.000508634	0.946617	9.42507e-05	0.0526029
581	0.000694617	0.0827916	0.232583	0.605933	0.0443263	0.0336713
582	0.000692764	0.0825771	0.232664	0.606145	0.044238	0.0336831
583	1.23602e-08	1.47329e-06	4.21253e-06	0.94735	7.88735e-07	0.0526437
584	0.000255819	0.0304938	0.254103	0.661998	0.0163631	0.0367868
585	8.16649e-05	0.00973361	0.0811172	0.856268	0.00521697	0.0475823
586	1.57486e-08	1.87909e-06	0.999954	4.07536e-05	1.00501e-06	2.26466e-06
587	5.28895e-06	0.000630422	0.00525348	0.941457	0.00033758	0.0523162
588	1.10796e-07	1.32062e-05	0.999677	0.000286713	7.08136e-06	1.59325e-05
589	1.30634e-16	1	1.29758e-13	3.3805e-13	8.33786e-15	1.87852e-14
590	3.96147e-07	4.72374e-05	0.00039349	0.946914	2.53145e-05	0.0526194
591	1.75094e-08	2.08852e-06	1.7392e-05	0.947336	1.11963e-06	0.0526429
592	7.99835e-07	9.53336e-05	0.000274425	0.946956	5.13547e-05	0.0526218
593	3.07483e-13	1	1.02739e-10	2.6766e-10	1.96486e-11	1.48737e-11
594	2.09539e-07	2.49847e-05	0.000208134	0.947122	1.34078e-05	0.052631
595	7.1664e-09	8.56476e-07	7.11833e-06	0.947348	4.5736e-07	0.0526436
596	2.08194e-07	2.48226e-05	0.999766	0.000184856	1.33675e-05	1.02723e-05
597	2.09539e-07	2.49807e-05	0.000208134	0.947122	1.33796e-05	0.052631
598	0.000683941	0.0815448	0.233097	0.607272	0.0436564	0.0337458
599	6.74151e-08	8.03955e-06	6.69629e-05	0.947281	4.30238e-06	0.0526398
600	0.000473764	0.0564901	0.461505	0.427537	0.0302364	0.023758
601	7.62587e-06	0.000908945	0.991465	0.00675327	0.000489632	0.000375275
602	0.000255829	0.0304923	0.254113	0.662024	0.0163272	0.0367883
603	1.47606e-06	0.000175968	0.000508634	0.946617	9.41913e-05	0.0526029
604	2.05047e-08	2.44376e-06	6.88649e-06	0.947346	1.30858e-06	0.0526434
605	0.0002558	0.0305306	0.254085	0.66195	0.0163945	0.0367842
606	1.57122e-07	1.87265e-05	5.39088e-05	0.947278	1.00285e-05	0.0526396
607	4.52379e-07	5.39329e-05	0.000157703	0.947128	2.88736e-05	0.0526313
608	4.80532e-09	5.72791e-07	1.64276e-06	0.947354	3.06907e-07	0.0526439
609	0.000255814	0.0305322	0.254098	0.661986	0.0163421	0.0367861
610	1.97067e-08	2.34919e-06	0.999943	5.09962e-05	1.25801e-06	2.83383e-06
611	3.0938e-07	3.68759e-05	0.999646	0.00028098	1.97485e-05	1.56139e-05
612	2.82498e-13	1	9.53118e-11	2.4831e-10	1.80298e-11	1.37984e-11
613	0.000255827	0.0304961	0.254112	0.662021	0.0163276	0.0367881
614	2.39595e-06	0.996813	0.000808366	0.00210598	0.000152897	0.000117028
615	3.19783e-07	3.81512e-05	0.000109322	0.947197	2.04094e-05	0.0526351
616	9.39243e-07	0.996441	0.000932943	0.00243054	5.99433e-05	0.000135063
617	1.05196e-07	1.25402e-05	3.58523e-05	0.947304	6.71299e-06	0.0526411
618	0.000255736	0.0308208	0.254021	0.661785	0.016342	0.036775
619	1.4386e-08	1.71453e-06	4.84717e-06	0.947349	9.17981e-07	0.0526436
620	2.09539e-07	2.49918e-05	0.000208134	0.947122	1.33924e-05	0.052631
621	0.000255826	0.0304927	0.25411	0.662016	0.0163376	0.0367878
622	1.09597e-07	1.30629e-05	3.77659e-05	0.947301	6.9948e-06	0.052641
623	1.05196e-07	1.25378e-05	3.58523e-05	0.947304	6.71314e-06	0.0526411
624	2.79282e-06	0.000332925	0.000949335	0.94597	0.000178254	0.052567
625	1.07947e-10	1.2922e-08	1.07223e-07	2.79341e-07	1	1.55228e-08
626	2.95245e-10	1.0556e-07	2.93265e-07	0.947356	1.88404e-08	0.052644
627	1.0392e-08	0.999986	3.4694e-06	9.03859e-06	6.63278e-07	5.02269e-07
628	9.2894e-07	0.00011078	0.00092271	0.94632	5.94663e-05	0.0525864
629	5.69518e-08	6.78888e-06	0.999936	5.0723e-05	3.63455e-06	2.81865e-06
630	0.00024774	0.0295342	0.246078	0.641092	0.0474232	0.0356251
631	1.91493e-07	2.2834e-05	6.4945e-05	0.947261	1.22243e-05	0.0526387
632	4.47227e-18	1	4.44227e-15	1.15732e-14	2.85549e-16	6.43114e-16
633	0.000255789	0.0305835	0.254074	0.661921	0.0163831	0.0367826
634	2.99028e-08	3.56414e-06	2.97022e-05	0.947323	1.90811e-06	0.0526421
635	2.0588e-06	0.000246161	0.00204499	0.945058	0.000132056	0.0525163
636	8.57835e-10	0.999997	8.52081e-07	2.21987e-06	5.47435e-08	1.23357e-07
637	1.15512e-08	0.999985	3.91759e-06	1.02063e-05	7.37317e-07	5.67155e-07
638	1.06335e-10	1.26861e-08	1	2.7517e-07	6.79214e-09	1.5291e-08
639	6.70323e-09	7.99271e-07	2.30985e-06	0.947353	4.27739e-07	0.0526438
640	0.000255824	0.0304973	0.254108	0.662011	0.0163407	0.0367875
641	0.00025582	0.0304947	0.254104	0.662	0.0163582	0.036787
642	0.000255816	0.0305276	0.254101	0.661992	0.0163371	0.0367865
643	2.00593e-07	2.39734e-05	0.000199248	0.947132	1.28115e-05	0.0526316
644	7.64607e-10	0.999999	2.55865e-07	6.66589e-07	4.87906e-08	3.70419e-08
645	1.77909e-06	0.000212062	0.998026	0.00155981	0.000113586	8.66778e-05
646	0.000698311	0.0832334	0.232402	0.605461	0.0445602	0.0336451
647	0.000100986	0.012037	0.100309	0.834715	0.0064532	0.0463846
648	2.58311e-06	0.000307896	0.997104	0.00229355	0.000164892	0.000127451
649	1.1501e-07	1.37359e-05	0.000114239	0.947228	7.35071e-06	0.0526369
650	0.000255827	0.0304945	0.254112	0.66202	0.0163296	0.0367881
651	0.000255821	0.0305097	0.254105	0.662005	0.0163374	0.0367872
652	4.40295e-07	5.24909e-05	0.000437342	0.946865	2.81409e-05	0.0526167
653	4.22655e-06	0.000503829	0.0014449	0.94525	0.000269702	0.052527
654	3.27498e-07	3.92353e-05	0.000325302	0.946991	2.09277e-05	0.0526237
655	0.000255824	0.0304973	0.254108	0.662011	0.0163407	0.0367875
656	4.67043e-09	5.57657e-07	4.6391e-06	0.94735	8.9403e-07	0.0526437
657	0.000574155	0.0684634	0.196282	0.661281	0.0366522	0.036747
658	3.01357e-07	3.5922e-05	0.000299336	0.94702	1.9231e-05	0.0526253
659	5.31738e-06	0.000633736	0.00177939	0.944743	0.000339307	0.0524988
660	0.000697962	0.0831861	0.23242	0.605509	0.0445385	0.0336478
661	4.0911e-08	4.88378e-06	4.06366e-05	0.94731	2.61138e-06	0.0526415
662	1.41323e-05	0.00168486	0.00492662	0.940191	0.000937785	0.0522458
663	0.000255827	0.0305007	0.254111	0.662019	0.0163258	0.036788
664	0.000691539	0.0824537	0.232726	0.606305	0.0441319	0.033692
665	5.97074e-07	7.11682e-05	0.998259	0.00154509	3.8191e-05	8.58594e-05
666	0.000255823	0.0305023	0.254107	0.66201	0.0163375	0.0367875
667	2.0821e-07	2.48332e-05	0.999769	0.000182547	1.33138e-05	1.0144e-05
668	4.60169e-08	5.48889e-06	4.57082e-05	0.947305	2.94251e-06	0.0526411
669	0.000679932	0.0811022	0.233286	0.607765	0.0433933	0.0337732
670	6.99831e-08	8.36387e-06	6.95137e-05	0.947278	4.46632e-06	0.0526397
671	2.93662e-06	0.000350139	0.000993998	0.945902	0.000187406	0.0525632
672	1.14949e-05	0.956437	0.0114178	0.0297461	0.000734843	0.00165297
673	4.81666e-08	5.75443e-06	1.67912e-05	0.947332	3.07664e-06	0.0526427
674	0.00025581	0.0305048	0.254094	0.661975	0.0163844	0.0367856
675	0.000685542	0.0817053	0.23303	0.607098	0.0437456	0.0337361
676	1.57782e-06	0.000188501	0.00156724	0.945596	0.000100731	0.0525462
677	0.000696838	0.0830502	0.232477	0.605656	0.0444643	0.033656
678	2.20031e-06	0.000262536	0.000767046	0.946245	0.000140661	0.0525823
679	3.21307e-08	3.83023e-06	1.1201e-05	0.94734	2.05048e-06	0.0526431
680	0.000254612	0.0303945	0.252905	0.658876	0.0209566	0.0366134
681	1.2977e-06	0.000154741	0.998541	0.00115577	8.28331e-05	6.42256e-05
682	1.89493e-08	2.26166e-06	1.88222e-05	0.947335	1.21112e-06	0.0526428
683	1.18942e-06	0.000141778	0.000400277	0.946769	7.59007e-05	0.0526114
684	1.34039e-07	1.59782e-05	0.000209569	0.000119812	0.999648	6.65791e-06
685	0.000480628	0.0573293	0.162685	0.709413	0.0306704	0.0394217
686	4.51512e-09	5.38171e-07	4.48484e-06	0.947351	2.88578e-07	0.0526437
687	0.000255789	0.0304962	0.254073	0.661921	0.0164705	0.0367826
688	3.35176e-05	0.95499	0.0114233	0.0297604	0.00213899	0.00165376
689	6.74099e-22	8.21665e-20	6.69577e-19	1.74441e-18	1	9.69357e-20
690	1.12808e-13	1	3.93255e-11	1.02452e-10	7.20022e-12	5.69321e-12
691	0.000255827	0.0304998	0.254111	0.662019	0.0163271	0.036788
692	3.10923e-06	0.000370751	0.990935	0.00804595	0.000198434	0.000447109
693	3.03472e-09	3.61756e-07	1.0512e-06	0.947354	1.9365e-07	0.0526439
694	1.45744e-05	0.00173708	0.981954	0.0127934	0.00278989	0.00071092
695	0.000674308	0.0803914	0.233573	0.608513	0.043033	0.0338147
696	0.000255059	0.0305323	0.253348	0.660032	0.0191541	0.0366776
697	2.95318e-06	0.000351986	0.99668	0.00263019	0.00018845	0.000146158
698	1.64869e-08	1.96563e-06	0.999952	4.26641e-05	1.05204e-06	2.37082e-06
699	3.63055e-05	0.0043274	0.0122491	0.929415	0.00232534	0.051647
700	1.07681e-14	1	3.61646e-12	9.42173e-12	6.88557e-13	5.2356e-13
701	0.000107875	0.0128588	0.0370121	0.893485	0.00688554	0.0496504
702	2.43134e-06	0.000290036	0.000837809	0.946138	0.000155194	0.0525763
703	3.72891e-06	0.000444563	0.0012564	0.945516	0.000237958	0.0525417
704	0.000255827	0.0304983	0.254111	0.662018	0.0163288	0.036788
705	8.90455e-08	1.06124e-05	2.974e-05	0.947312	5.68196e-06	0.0526416
706	1.1501e-07	1.37452e-05	0.000114239	0.947228	7.33937e-06	0.0526369
707	0.000682131	0.0813079	0.233194	0.607527	0.0435289	0.0337599
708	0.000255829	0.0304914	0.254113	0.662025	0.0163267	0.0367883
709	3.19783e-07	3.81316e-05	0.000109322	0.947197	2.04088e-05	0.0526351
710	2.94781e-08	3.5133e-06	9.92033e-06	0.947341	1.88099e-06	0.0526432
711	0.000679875	0.0811783	0.233267	0.607715	0.0433897	0.0337704
712	3.24034e-07	0.998772	0.000321861	0.000838523	2.07147e-05	4.65962e-05
713	5.40177e-06	0.000643859	0.00185336	0.944659	0.000344746	0.0524941
714	1.47606e-06	0.000175918	0.000508634	0.946617	9.42063e-05	0.0526029
715	0.000255824	0.0305003	0.254108	0.662011	0.0163375	0.0367875
716	2.12562e-08	2.53359e-06	2.11136e-05	0.947332	1.35657e-06	0.0526427
717	3.01357e-07	3.59329e-05	0.000299336	0.94702	1.92384e-05	0.0526253
718	7.99835e-07	9.53626e-05	0.000274425	0.946957	5.10407e-05	0.0526218
719	0.00025582	0.0305201	0.254104	0.662	0.0163329	0.036787
720	0.000255829	0.0304933	0.254113	0.662024	0.0163256	0.0367883
721	5.0829e-06	0.000605798	0.994355	0.00446175	0.000324806	0.000247937
722	9.09945e-09	1.08625e-06	9.03842e-06	0.947346	5.82503e-07	0.0526434
723	0.000255796	0.0305173	0.25408	0.661939	0.0164238	0.0367836
724	3.01357e-07	3.59362e-05	0.000299336	0.94702	1.93143e-05	0.0526253
725	7.75068e-07	9.23926e-05	0.0002615	0.946969	5.33091e-05	0.0526225
726	0.000255827	0.030493	0.254111	0.662019	0.0163325	0.036788
727	1.72259e-06	0.000205363	0.000582066	0.946504	0.000110097	0.0525967
728	3.99654e-07	4.76342e-05	0.000134107	0.947159	2.55016e-05	0.0526331
729	1.99064e-05	0.00237339	0.94196	0.051513	0.00127071	0.00286255
730	3.29194e-07	3.92424e-05	0.0001119	0.000291525	0.999541	1.61999e-05
731	1.28936e-05	0.00154245	0.962399	0.0333656	0.000825827	0.00185411
732	5.75409e-07	6.85831e-05	0.998322	0.00148902	3.67337e-05	8.2744e-05
733	0.000255829	0.0304925	0.254113	0.662025	0.0163254	0.0367883
734	0.000254936	0.0338683	0.253226	0.659713	0.0162783	0.0366598
735	0.000690007	0.0822631	0.232801	0.606502	0.0440414	0.0337029
736	0.000255785	0.0306438	0.254069	0.661911	0.0163382	0.036782
737	8.16635e-05	0.00973772	0.0811157	0.856253	0.00523049	0.0475815
738	0.00025581	0.0304932	0.254094	0.661976	0.0163951	0.0367856
739	0.000131461	0.015675	0.0458283	0.881017	0.00839083	0.0489576
740	0.000255821	0.0305061	0.254105	0.662003	0.0163425	0.0367871
741	1.70861e-17	1	1.69715e-14	4.42149e-14	1.09166e-15	2.45699e-15
742	0.000255812	0.0305377	0.254096	0.66198	0.0163442	0.0367858
743	5.40955e-06	0.000644897	0.00184365	0.944666	0.000345252	0.0524945
744	1.21381e-09	1.44691e-07	1.20567e-06	0.947355	7.80329e-08	0.0526439
745	6.72938e-07	8.02329e-05	0.999238	0.000604118	4.30593e-05	3.35705e-05
746	0.000686884	0.0818713	0.232958	0.60691	0.0438485	0.0337256
747	0.000255774	0.0305816	0.254058	0.661881	0.0164431	0.0367803
748	1.98997e-06	0.810919	0.000667751	0.178372	0.00012698	0.00991202
749	3.16621e-08	3.78051e-06	0.999964	2.85727e-05	2.02326e-06	1.58777e-06
750	2.19224e-07	2.61757e-05	7.49443e-05	0.947247	1.40756e-05	0.0526379
751	6.02529e-07	7.18173e-05	0.999323	0.000536631	3.86167e-05	2.98202e-05
752	1.40232e-05	0.00167137	0.00469854	0.94046	0.000894952	0.0522608
753	1.77626e-08	2.11692e-06	5.91255e-06	0.947347	1.13472e-06	0.0526435
754	1.42267e-06	0.000169565	0.998425	0.0012437	9.07881e-05	6.91119e-05
755	4.60169e-08	5.48458e-06	4.57082e-05	0.947305	2.93746e-06	0.0526412
756	3.06599e-07	3.65424e-05	0.000103443	0.947205	1.95649e-05	0.0526356
757	2.45192e-08	2.94412e-06	2.43547e-05	0.947329	1.5647e-06	0.0526425
758	1.43329e-07	1.70832e-05	4.87206e-05	0.947285	9.14657e-06	0.05264
759	1.3241e-07	1.57806e-05	0.999853	0.000115854	8.44892e-06	6.43794e-06
760	1.37223e-06	0.000163587	0.000464479	0.946677	8.7562e-05	0.0526063
761	0.000698518	0.0832546	0.232392	0.605437	0.0445743	0.0336437
762	7.16675e-07	8.54382e-05	0.999185	0.000646747	4.57436e-05	3.59393e-05
763	0.000696838	0.0830498	0.232477	0.605656	0.0444647	0.033656
764	0.000679431	0.080984	0.229977	0.599143	0.0559225	0.033294
765	1.47862e-08	1.76246e-06	5.15459e-06	0.947349	9.43646e-07	0.0526436
766	4.34361e-08	5.17834e-06	4.31447e-05	0.947308	2.77241e-06	0.0526413
767	0.00068999	0.0822536	0.232795	0.606486	0.044073	0.0337021
768	2.79991e-06	0.000334503	0.00278113	0.944231	0.00018	0.0524704
769	4.44812e-06	0.000530282	0.00150075	0.945159	0.000283865	0.0525219
770	2.36735e-10	2.82929e-08	2.35147e-07	0.947356	1.62826e-08	0.052644
771	2.8283e-08	3.37119e-06	9.66889e-06	0.947342	1.80484e-06	0.0526432
772	6.73076e-11	8.03665e-09	1	1.74176e-07	4.32705e-09	9.67886e-09
773	5.3402e-05	0.0063663	0.939968	0.0475614	0.00340816	0.00264296
774	0.000696397	0.0830037	0.232495	0.605704	0.0444423	0.0336586
775	2.17647e-06	0.000259457	0.000741772	0.946274	0.000138934	0.0525839
776	0.00067045	0.0799786	0.233724	0.608906	0.0428845	0.0338365
777	0.000255829	0.0304904	0.254113	0.662025	0.016327	0.0367883
778	1.91851e-05	0.00228757	0.00647284	0.0168633	0.97342	0.000937082
779	1.99097e-06	0.000237325	0.000683105	0.946362	0.000127206	0.0525887
780	1.1501e-07	1.37211e-05	0.000114239	0.947228	7.34284e-06	0.0526369
781	7.51864e-08	8.96333e-06	2.57966e-05	0.947318	4.7984e-06	0.0526419
782	6.64446e-06	0.000792431	0.99248	0.00596495	0.000424161	0.000331468
783	1.27524e-16	1.52016e-14	1.26669e-13	3.30002e-13	1	1.8338e-14
784	4.37039e-09	0.999994	1.47254e-06	3.83631e-06	2.78922e-07	2.13182e-07
785	4.72462e-07	5.63221e-05	0.000161517	0.947121	3.01645e-05	0.0526309
786	1.9344e-08	2.30559e-06	6.63696e-06	0.947346	1.23436e-06	0.0526435
787	1.05767e-11	1.26077e-09	1.05058e-08	0.947356	6.74948e-10	0.052644
788	5.59573e-05	0.0066696	0.0191991	0.919411	0.0035728	0.0510911
789	1.93169e-09	2.30647e-07	1.91874e-06	0.947354	1.23362e-07	0.0526439
790	1.92562e-05	0.0022976	0.978206	0.0172869	0.0012293	0.000960624
791	0.000255821	0.0304934	0.254105	0.662004	0.016354	0.0367872
792	5.7333e-07	6.84001e-05	0.000569484	0.946716	3.65951e-05	0.0526085
793	6.94379e-11	8.29569e-09	6.89722e-08	0.947356	4.43587e-09	0.052644
794	0.0006967	0.0830357	0.23243	0.605536	0.0446521	0.0336493
795	7.07653e-09	8.43819e-07	2.46693e-06	0.947352	4.51582e-07	0.0526438
796	2.8466e-09	3.39283e-07	2.8275e-06	0.947353	1.81646e-07	0.0526438
797	6.19069e-06	0.000737874	0.993132	0.00542767	0.000395062	0.000301612
798	0.000670458	0.0800363	0.233727	0.608913	0.042817	0.0338369
799	3.70426e-07	4.41503e-05	0.00012563	0.947172	2.36512e-05	0.0526338
800	3.52409e-10	4.2102e-08	3.50045e-07	0.947356	2.2627e-08	0.052644
801	8.34486e-11	1	2.81168e-08	7.32509e-08	5.32657e-09	4.07051e-09
802	2.44859e-07	2.92044e-05	8.43753e-05	0.947233	1.56273e-05	0.0526372
803	0.000255819	0.0305279	0.254103	0.661998	0.0163291	0.0367868
804	1.39553e-07	1.66346e-05	4.73295e-05	0.947287	8.91931e-06	0.0526402
805	1.87454e-07	0.999748	6.40835e-05	0.000166953	1.19615e-05	9.27745e-06
806	2.92497e-06	0.000348922	0.996675	0.00263957	0.00018672	0.000146679
807	5.21099e-06	0.000621141	0.984807	0.0134848	0.000332938	0.000749343
808	2.81895e-06	0.000336451	0.991781	0.00729477	0.000179926	0.000405366
809	3.53156e-05	0.00422899	0.0117746	0.930027	0.00225346	0.051681
810	0.000673549	0.0802837	0.224707	0.61706	0.0429865	0.0342896
811	1.10086e-05	0.00131204	0.00367149	0.941959	0.000702455	0.0523441
812	2.34039e-06	0.000279031	0.000793747	0.946196	0.000149385	0.0525795
813	0.000255814	0.0304991	0.254098	0.661985	0.016376	0.0367861
814	0.000255828	0.0304972	0.254112	0.662021	0.0163256	0.0367881
815	2.51361e-06	0.000299666	0.997155	0.00225655	0.000160437	0.000125395
816	6.08651e-07	7.26329e-05	0.998225	0.00157505	3.88407e-05	8.75243e-05
817	6.34901e-09	7.56895e-07	0.999981	1.64297e-05	4.05286e-07	9.1299e-07
818	7.61983e-09	9.09071e-07	7.56872e-06	0.947347	4.86304e-07	0.0526435
819	2.1631e-19	2.57797e-17	7.18552e-17	1.872e-16	1	1.04026e-17
820	3.63606e-06	0.000433397	0.00122863	0.945558	0.000232054	0.0525441
821	9.28941e-07	0.000110729	0.00092271	0.94632	5.92884e-05	0.0525864
822	1.6221e-09	1.93337e-07	5.6188e-07	0.947355	1.03515e-07	0.052644
823	2.60557e-05	0.00310616	0.025881	0.918293	0.00166474	0.051029
824	2.62505e-10	3.13258e-08	2.60744e-07	6.793e-07	0.999999	3.77483e-08
825	0.000247724	0.0295954	0.246063	0.641051	0.0474203	0.0356228
826	0.000255826	0.0305027	0.25411	0.662018	0.0163256	0.0367879
827	7.67855e-07	9.15237e-05	0.999123	0.00069737	4.90174e-05	3.87524e-05
828	3.36214e-09	4.00747e-07	3.33959e-06	0.947352	2.15656e-07	0.0526438
829	6.08117e-05	0.0072482	0.822656	0.157366	0.00392389	0.00874475
830	0.000255817	0.0305383	0.254101	0.661993	0.0163248	0.0367866
831	8.69467e-07	0.000103649	0.000863635	0.946386	5.56346e-05	0.0525901
832	0.000255826	0.0304964	0.25411	0.662016	0.0163342	0.0367878
833	0.000255823	0.0305146	0.254107	0.662009	0.0163257	0.0367875
834	0.000683702	0.0818438	0.233015	0.60706	0.0436629	0.033734
835	1.91493e-07	2.28261e-05	6.49451e-05	0.947261	1.222e-05	0.0526387
836	1.26577e-06	0.00015087	0.000441258	0.946717	8.07878e-05	0.0526085
837	4.20878e-07	0.998405	0.000418055	0.00108913	2.69209e-05	6.05224e-05
838	2.43134e-06	0.000289821	0.000837809	0.946138	0.000155186	0.0525763
839	1.03522e-06	0.000123378	0.000344468	0.946849	6.60587e-05	0.0526158
840	9.52013e-08	1.1346e-05	3.19733e-05	0.947309	6.07478e-06	0.0526414
841	0.000255824	0.0304995	0.254108	0.662012	0.0163375	0.0367876
842	2.36735e-10	2.82211e-08	2.35147e-07	0.947356	1.51096e-08	0.052644
843	0.000686841	0.0819424	0.232943	0.606872	0.0438324	0.0337235
844	4.0222e-08	4.79415e-06	1.37082e-05	0.947336	2.56672e-06	0.0526429
845	1.27062e-06	0.000151437	0.000425728	0.946731	8.10778e-05	0.0526093
846	4.0911e-08	4.89154e-06	4.06366e-05	0.94731	2.61138e-06	0.0526415
847	1.47481e-07	1.75769e-05	5.02638e-05	0.947283	9.4171e-06	0.0526399
848	0.000255815	0.0305447	0.254099	0.661987	0.0163273	0.0367862
849	0.000674194	0.0805454	0.233534	0.608411	0.0430271	0.033809
850	0.000255829	0.0304905	0.254113	0.662025	0.0163268	0.0367883
851	7.18094e-08	8.55939e-06	7.13278e-05	0.947276	4.58426e-06	0.0526396
852	2.87498e-07	3.4279e-05	0.999162	0.000743978	1.83512e-05	4.13424e-05
853	0.000692752	0.0826137	0.23266	0.606134	0.0442166	0.0336825
854	3.01114e-09	0.999989	2.99095e-06	7.79212e-06	1.92165e-07	4.33003e-07
855	0.000255828	0.0304977	0.254112	0.662021	0.0163258	0.0367881
856	0.000255819	0.0304934	0.254103	0.661998	0.0163631	0.0367868
857	2.99028e-08	3.56471e-06	2.97022e-05	0.947323	1.90938e-06	0.0526421
858	4.71651e-06	0.000562199	0.994749	0.004152	0.000301143	0.000230724
859	3.15244e-07	3.75887e-05	0.999081	0.000815776	2.01191e-05	4.53322e-05
860	1.13796e-07	1.35692e-05	0.000113033	0.947229	7.26177e-06	0.0526369
861	2.00053e-15	1	6.74958e-13	1.75843e-12	1.27661e-13	9.77146e-14
862	0.00069809	0.0831987	0.232415	0.605497	0.044544	0.0336471
863	0.000255819	0.0305095	0.254103	0.662	0.0163447	0.0367869
864	2.09707e-19	2.49991e-17	2.083e-16	5.42671e-16	1	3.01559e-17
865	0.000255826	0.0305067	0.25411	0.662016	0.0163243	0.0367878
866	0.000255823	0.0305081	0.254107	0.66201	0.0163316	0.0367875
867	9.93064e-09	1.18394e-06	9.86404e-06	0.947345	6.33918e-07	0.0526434
868	0.000255652	0.0311616	0.253937	0.661566	0.0163172	0.0367628
869	8.02031e-05	0.00956083	0.901155	0.0699633	0.0153528	0.00388782
870	4.83353e-07	5.76291e-05	0.999448	0.000438984	3.08536e-05	2.43941e-05
871	3.58757e-07	4.27691e-05	0.000356351	0.946956	2.28962e-05	0.0526218
872	0.000255804	0.0305607	0.254089	0.661961	0.0163494	0.0367848
873	0.000283051	0.0337343	0.0947756	0.808232	0.0180618	0.044913
874	5.91293e-07	0.997759	0.000587327	0.00153012	3.77293e-05	8.50281e-05
875	0.000682038	0.0813904	0.233163	0.607444	0.0435651	0.0337553
876	4.84397e-06	0.000577501	0.00481148	0.941953	0.000309323	0.0523438
877	5.37342e-06	0.000640641	0.0018613	0.944656	0.000343227	0.0524939
878	1.92562e-05	0.00229615	0.978208	0.017287	0.00122883	0.000960626
879	0.000255828	0.0304972	0.254112	0.662022	0.0163252	0.0367881
880	4.42534e-05	0.00527565	0.0150822	0.92535	0.00282668	0.0514211
881	0.000689077	0.0821669	0.23284	0.606603	0.0439921	0.0337086
882	1.43888e-07	0.999809	4.84809e-05	0.000126304	9.2159e-06	7.01865e-06
883	0.000255809	0.0305064	0.254094	0.661974	0.0163844	0.0367855
884	9.79962e-05	0.0116814	0.0335012	0.0872784	0.862591	0.00485001
885	0.000255822	0.0304984	0.254106	0.662005	0.0163474	0.0367872
886	0.000255807	0.0305722	0.254091	0.661967	0.0163283	0.0367851
887	3.73857e-07	4.45618e-05	0.000128827	0.947169	2.3857e-05	0.0526336
888	3.58757e-07	4.27738e-05	0.000356351	0.946956	2.28968e-05	0.0526218
889	3.94315e-06	0.000470081	0.00137461	0.945366	0.000251718	0.0525334
890	3.74748e-08	4.46633e-06	1.28577e-05	0.947337	2.39345e-06	0.052643
891	2.15518e-06	0.000256868	0.00072011	0.946298	0.000137554	0.0525852
892	1.91274e-12	1	1.89992e-09	4.94973e-09	1.23758e-10	2.75053e-10
893	5.40177e-06	0.000643944	0.00185336	0.944658	0.000344702	0.0524941
894	0.000695613	0.0829059	0.232533	0.605803	0.0443982	0.0336641
895	1.94182e-06	0.000231431	0.997862	0.00168669	0.000123906	9.37281e-05
896	0.000255825	0.0305066	0.254109	0.662014	0.0163268	0.0367877
897	6.53951e-07	7.79525e-05	0.000226522	0.947027	4.17331e-05	0.0526257
898	0.000695892	0.0829499	0.232518	0.605765	0.044409	0.033662
899	2.28574e-09	2.72507e-07	2.27041e-06	0.947353	1.46039e-07	0.0526439
900	2.13503e-09	2.54666e-07	2.12071e-06	5.52494e-06	0.999992	3.07018e-07
901	2.79423e-07	3.33083e-05	9.74089e-05	0.947215	1.78368e-05	0.0526362
902	1.84139e-07	2.19472e-05	6.17408e-05	0.947265	1.17498e-05	0.052639
903	0.000683911	0.0815843	0.233086	0.607245	0.0436557	0.0337443
904	6.60315e-07	7.87505e-05	0.000655886	0.946547	0.000118692	0.052599
905	3.24968e-07	3.87307e-05	0.000109807	0.947195	2.07435e-05	0.0526351
906	3.98885e-07	4.75639e-05	0.000135589	0.947158	2.54738e-05	0.052633
907	4.02962e-05	0.0116377	0.0135014	0.921066	0.00257129	0.0511831
908	1.53612e-06	0.000183137	0.00152582	0.945643	9.8145e-05	0.0525488
909	1.21381e-09	1.4468e-07	1.20567e-06	0.947355	7.74959e-08	0.0526439
910	0.000227757	0.027145	0.7485	0.19856	0.0145336	0.0110339
911	5.35042e-14	1	5.31453e-11	1.38456e-10	3.47444e-12	7.69392e-12
912	5.48017e-13	1	1.82352e-10	4.75069e-10	3.4972e-11	2.63993e-11
913	5.94329e-07	7.09823e-05	0.998267	0.00153798	3.80461e-05	8.54648e-05
914	1.03231e-06	0.00012319	0.00102538	0.946204	6.59018e-05	0.05258
915	6.34901e-09	7.57069e-07	0.999981	1.64297e-05	4.0665e-07	9.1299e-07
916	3.98885e-07	4.7553e-05	0.000135589	0.947158	2.54626e-05	0.052633
917	1.83433e-07	2.1867e-05	0.000182202	0.947151	1.17067e-05	0.0526326
918	1.14134e-07	1.36128e-05	0.000113369	0.947229	7.29821e-06	0.0526369
919	6.53951e-07	7.79454e-05	0.000226522	0.947027	4.17964e-05	0.0526257
920	3.15244e-07	3.75789e-05	0.999081	0.000815776	2.01241e-05	4.53322e-05
921	6.14848e-05	0.00733047	0.930415	0.0551969	0.00392898	0.00306726
922	4.00815e-08	0.999848	3.98127e-05	0.000103721	2.5602e-06	5.76374e-06
923	0.00025583	0.0304902	0.254114	0.662027	0.0163246	0.0367884
924	1.75845e-07	2.09649e-05	6.13009e-05	0.947267	1.12217e-05	0.0526391
925	0.000670537	0.0799345	0.233754	0.608984	0.0428156	0.0338409
926	2.09893e-13	2.5044e-11	2.08485e-10	0.947356	1.3398e-11	0.052644
927	9.93064e-09	1.1849e-06	9.86404e-06	0.947345	6.33918e-07	0.0526434
928	1.75313e-07	2.09081e-05	0.999489	0.000453668	1.11889e-05	2.521e-05
929	0.000685496	0.081766	0.233014	0.607057	0.0437432	0.0337338
930	1.9256e-05	0.00230235	0.978195	0.0172867	0.00123636	0.000960613
931	0.000696341	0.0830107	0.232476	0.605655	0.0445057	0.0336559
932	1.39553e-07	1.66325e-05	4.73295e-05	0.947287	8.90485e-06	0.0526402
933	1.19148e-06	0.000142002	0.000397142	0.946772	7.60347e-05	0.0526116
934	8.82761e-10	0.999997	8.76841e-07	2.28438e-06	5.64009e-08	1.26941e-07
935	0.000687787	0.0823989	0.232805	0.606512	0.0438924	0.0337035
936	1.14706e-08	1.36705e-06	3.84076e-06	0.94735	7.31918e-07	0.0526437
937	4.32651e-05	0.00515635	0.952438	0.0375124	0.00276584	0.00208454
938	2.45192e-08	2.92598e-06	2.43547e-05	0.947329	1.56491e-06	0.0526425
939	0.000255818	0.030496	0.254102	0.661996	0.0163631	0.0367867
940	5.72697e-09	6.84197e-07	5.68856e-06	0.94735	3.65547e-07	0.0526436
941	1.52727e-08	1.82032e-06	5.22114e-06	0.947348	9.74653e-07	0.0526436
942	0.000695725	0.0829276	0.232363	0.60536	0.0450145	0.0336395
943	1.57718e-06	0.000188241	0.000534901	0.946574	0.000100707	0.0526005
944	7.55502e-06	0.000908624	0.977965	0.0195506	0.000482229	0.00108642
945	9.94014e-06	0.00118687	0.971017	0.0257227	0.000634428	0.0014294
946	4.32442e-07	5.15678e-05	0.000147382	0.947141	2.7608e-05	0.0526321
947	0.000255804	0.0305367	0.254088	0.661959	0.0163753	0.0367847
948	1.70045e-07	2.02672e-05	0.999812	0.000148165	1.08506e-05	8.23343e-06
949	4.31907e-07	5.14909e-05	0.999505	0.000386066	3.55494e-05	2.14535e-05
950	0.000690018	0.0822554	0.232804	0.60651	0.0440364	0.0337034
951	2.14875e-13	1	2.13434e-10	5.56045e-10	1.37204e-11	3.08991e-11
952	0.000255802	0.0305511	0.254086	0.661955	0.016368	0.0367844
953	0.000254621	0.0303615	0.252913	0.658899	0.0209573	0.0366146
954	2.15256e-11	1	2.13812e-08	5.57031e-08	1.37367e-09	3.09539e-09
955	4.72462e-07	5.63166e-05	0.000161517	0.947121	3.01554e-05	0.0526309
956	4.69759e-07	0.99822	0.000466609	0.00121563	3.00877e-05	6.75516e-05
957	6.98711e-07	8.32753e-05	0.000233953	0.947013	4.4598e-05	0.0526249
958	2.76529e-05	0.00329601	0.00928719	0.933737	0.00176481	0.0518872
959	1.91979e-06	0.000228843	0.00190691	0.945215	0.000122516	0.052525
960	0.000255818	0.0305327	0.254102	0.661996	0.016327	0.0367867
961	2.85468e-07	3.40455e-05	0.99968	0.000252803	1.85377e-05	1.40481e-05
962	7.20861e-10	8.59217e-08	7.16026e-07	0.947355	4.59987e-08	0.052644
963	2.11975e-06	0.000266508	0.993805	0.0054854	0.000135966	0.000304821
964	6.99831e-08	8.34632e-06	6.95137e-05	0.947278	4.46719e-06	0.0526397
965	4.04376e-06	0.000482559	0.995423	0.00363022	0.000258076	0.000201729
966	0.000696998	0.0830849	0.232455	0.605601	0.0445084	0.0336529
967	5.99047e-05	0.00714391	0.933389	0.0526549	0.00382601	0.002926
968	1.13796e-07	1.35637e-05	0.000113033	0.947229	7.2621e-06	0.0526369
969	5.72697e-09	6.84447e-07	5.68856e-06	0.94735	3.67342e-07	0.0526436
970	0.000255813	0.0305524	0.254097	0.661983	0.0163258	0.036786
971	0.000255827	0.0305007	0.254111	0.66202	0.0163244	0.036788
972	1.04044e-05	0.00124094	0.0103346	0.935751	0.00066416	0.0519991
973	0.000670523	0.0799679	0.233749	0.608972	0.0427999	0.0338402
974	0.000255827	0.0304912	0.254111	0.66202	0.0163342	0.036788
975	3.06751e-06	0.000366266	0.00304693	0.00793798	0.988205	0.000441109
976	4.02122e-07	4.79249e-05	0.999557	0.000349504	2.56588e-05	1.94217e-05
977	0.000255828	0.0304932	0.254112	0.662023	0.0163274	0.0367882
978	2.21663e-07	2.64343e-05	0.000220176	0.947109	1.41473e-05	0.0526303
979	0.000255823	0.0305121	0.254107	0.662009	0.0163285	0.0367874
980	4.71651e-06	0.000562305	0.994749	0.004152	0.000301066	0.000230724
981	1.71915e-05	0.93485	0.0170762	0.0444876	0.00109718	0.00247215
982	4.56221e-06	0.00054423	0.994871	0.00406325	0.00029114	0.000225792
983	3.0475e-06	0.000363506	0.00105562	0.945824	0.000194682	0.0525589
984	0.000699341	0.0833506	0.232353	0.605335	0.0446244	0.0336381
985	5.14855e-06	0.000615318	0.00511402	0.941608	0.000333119	0.0523246
986	2.0423e-09	2.43424e-07	0.999994	5.285e-06	1.30352e-07	2.93684e-07
987	4.34361e-08	5.1794e-06	4.31447e-05	0.947308	2.81038e-06	0.0526413
988	1.08093e-07	1.28877e-05	3.70869e-05	0.947302	6.89759e-06	0.052641
989	7.75071e-07	9.2421e-05	0.000261501	0.946973	4.94939e-05	0.0526227
990	4.25065e-08	5.0674e-06	1.44162e-05	0.947335	2.71253e-06	0.0526428
991	0.000255822	0.0305001	0.254106	0.662006	0.0163448	0.0367873
992	6.28673e-07	7.49325e-05	0.999301	0.000552589	4.01178e-05	3.07071e-05
993	0.000126045	0.0150306	0.04309	0.884555	0.00804431	0.0491542
994	1.86172e-06	0.00022189	0.000622347	0.946442	0.000118801	0.0525932
995	4.6649e-11	5.56021e-09	4.63362e-08	0.947356	2.97695e-09	0.052644
996	7.31758e-06	0.000873011	0.00255096	0.943663	0.000467218	0.0524388
997	2.60339e-06	0.000310272	0.000866746	0.946081	0.000166123	0.0525732
998	3.01357e-07	3.5943e-05	0.000299336	0.94702	1.92345e-05	0.0526253
999	7.75071e-07	9.25073e-05	0.000261501	0.946973	4.94747e-05	0.0526227
1000	2.61623e-06	0.000311824	0.0008815	0.946065	0.000166958	0.0525723
1001	7.68698e-10	0.999999	2.57388e-07	6.70555e-07	4.90835e-08	3.72624e-08
1002	0.000255807	0.0305517	0.254091	0.661967	0.0163495	0.0367851
1003	0.000163576	0.0195969	0.818853	0.142999	0.0104406	0.00794638
1004	4.32728e-11	5.16684e-09	1	1.1198e-07	2.76262e-09	6.22264e-09
1005	1.94085e-08	2.35403e-06	1.92784e-05	5.02247e-05	0.999925	2.79096e-06
1006	3.41111e-08	4.06598e-06	1.18157e-05	0.947339	2.17824e-06	0.0526431
1007	5.211e-06	0.000621129	0.984807	0.0134848	0.00033254	0.000749343
1008	1.40545e-10	0.999999	1.39602e-07	3.63697e-07	8.99307e-09	2.02104e-08
1009	8.46745e-09	1.00924e-06	2.8947e-06	0.947352	5.40329e-07	0.0526438
1010	1.07685e-06	0.000128346	0.000368133	0.94682	6.87145e-05	0.0526142
1011	3.1603e-07	3.76746e-05	0.999079	0.00081781	2.01693e-05	4.54452e-05
1012	0.000686741	0.0820743	0.232909	0.606783	0.0438278	0.0337186
1013	2.00593e-07	2.39289e-05	0.000199248	0.947132	1.28036e-05	0.0526316
1014	7.47857e-07	8.91388e-05	0.000260709	0.946979	4.77391e-05	0.052623
1015	1.39774e-11	1.66987e-09	1.38836e-08	0.947356	8.92163e-10	0.052644
1016	0.000627543	0.074842	0.211726	0.637313	0.0400764	0.0354151
1017	0.000255822	0.0305098	0.254106	0.662006	0.0163349	0.0367873
1018	2.00593e-07	2.39101e-05	0.000199248	0.947132	1.28028e-05	0.0526316
1019	1.66607e-06	0.000198687	0.000569567	0.946526	0.000106321	0.0525979
1020	3.49171e-08	4.16138e-06	1.16385e-05	0.947339	2.228e-06	0.0526431
1021	0.000255822	0.0305002	0.254107	0.662008	0.0163426	0.0367874
1022	2.85821e-05	0.00340671	0.00955937	0.933318	0.0018239	0.0518639
1023	0.000255808	0.0305612	0.254092	0.66197	0.0163352	0.0367853
1024	0.000420071	0.050064	0.13953	0.741952	0.026804	0.0412298
1025	3.64701e-05	0.00437912	0.0123689	0.929246	0.00233145	0.0516377
1026	4.00347e-06	0.000477135	0.00133083	0.945397	0.000255459	0.0525352
1027	0.000255649	0.0305249	0.253934	0.661559	0.0169643	0.0367624
1028	0.000255828	0.0304946	0.254112	0.662023	0.0163262	0.0367882
1029	1.80642e-05	0.00215306	0.00614039	0.93839	0.00115316	0.0521457
1030	1.41986e-06	0.000169233	0.000483908	0.94665	9.07314e-05	0.0526048
1031	3.29876e-09	3.93351e-07	3.27664e-06	0.947352	2.10686e-07	0.0526438
1032	0.000677233	0.0808451	0.233366	0.607974	0.0433532	0.0337847
1033	0.00025578	0.0306739	0.254065	0.661899	0.0163258	0.0367813
1034	6.96069e-06	0.000830093	0.00237959	0.943888	0.00044419	0.0524513
1035	2.73457e-12	1	2.71623e-09	7.07641e-09	1.74622e-10	3.93232e-10
1036	5.10626e-09	6.08771e-07	1.71087e-06	0.000116716	0.999874	6.48582e-06
1037	0.000255808	0.0304884	0.254092	0.66197	0.0164081	0.0367853
1038	1.13944e-06	0.000135863	0.0011318	0.946085	7.29802e-05	0.0525734
1039	1.24984e-06	0.000149003	0.000428823	0.946732	7.97615e-05	0.0526093
1040	4.87181e-06	0.000580837	0.994458	0.00439645	0.000315214	0.000244308
1041	1.41986e-06	0.000169253	0.000483908	0.94665	9.06145e-05	0.0526048
1042	3.05556e-12	3.64412e-10	3.03506e-09	0.947356	1.95255e-10	0.052644
1043	2.79991e-06	0.000334078	0.00278113	0.94423	0.00018182	0.0524703
1044	5.40177e-06	0.00064415	0.00185336	0.944658	0.000344831	0.0524941
1045	1.57782e-06	0.000188187	0.00156724	0.945596	0.000100702	0.0525462
1046	1.00123e-06	0.000119341	0.998889	0.000877827	6.38972e-05	4.87803e-05
1047	2.51036e-12	1	8.33095e-10	2.17041e-09	1.60332e-10	1.20608e-10
1048	0.000255815	0.0305381	0.254099	0.661988	0.0163326	0.0367863
1049	0.00025583	0.030491	0.254114	0.662026	0.0163246	0.0367884
1050	1.20831e-06	0.000144089	0.000408291	0.946758	7.73165e-05	0.0526108
1051	3.43398e-06	0.000409263	0.00114982	0.945668	0.000219135	0.0525502
1052	0.000143278	0.0170812	0.836229	0.130126	0.00919019	0.007231
1053	2.62837e-19	1	2.61074e-16	6.8016e-16	1.67721e-17	3.77961e-17
1054	1.75905e-20	1	1.74726e-17	4.55202e-17	1.12348e-18	2.52953e-18
1055	9.48394e-13	1.13083e-10	9.42033e-10	2.45422e-09	1	1.36379e-10
1056	0.000122029	0.0145525	0.644199	0.315782	0.0077966	0.0175478
1057	3.92523e-05	0.00468052	0.885555	0.101576	0.00250496	0.00564449
1058	6.94379e-11	8.27802e-09	6.89722e-08	0.947356	4.43488e-09	0.052644
1059	0.000122028	0.0145584	0.644197	0.31578	0.00779455	0.0175477
1060	0.000686875	0.0818855	0.232955	0.606902	0.0438463	0.0337252
1061	0.000670507	0.0799343	0.233744	0.608958	0.0428545	0.0338394
1062	3.44487e-07	4.10662e-05	0.000118194	0.947184	2.19857e-05	0.0526344
1063	0.000255807	0.0305722	0.254091	0.661967	0.0163283	0.0367851
1064	5.89584e-08	7.03256e-06	1.98652e-05	0.947327	3.76466e-06	0.0526424
1065	2.79423e-07	3.33722e-05	9.74089e-05	0.947215	1.78556e-05	0.0526362
1066	0.000255819	0.0305201	0.254103	0.661999	0.0163348	0.0367869
1067	3.58757e-07	4.28009e-05	0.000356351	0.946956	2.31489e-05	0.0526218
1068	1.57718e-06	0.000188143	0.000534901	0.946574	0.000100803	0.0526005
1069	1.18362e-10	1.41458e-08	1.17568e-07	3.06292e-07	1	1.70205e-08
1070	1.04044e-05	0.00124054	0.0103346	0.935751	0.000663958	0.0519991
1071	0.00025578	0.0304961	0.254065	0.661898	0.0165043	0.0367813
1072	2.34039e-06	0.000278984	0.000793747	0.946196	0.000149361	0.0525795
1073	1.52299e-14	1.81614e-12	1.51278e-11	3.94114e-11	1	2.19007e-12
1074	0.000255827	0.0304944	0.254111	0.662019	0.0163325	0.036788
1075	4.09388e-12	4.91569e-10	4.06642e-09	0.947356	2.61228e-10	0.052644
1076	0.000255829	0.0304943	0.254113	0.662024	0.0163253	0.0367883
1077	0.000688061	0.0820289	0.232898	0.606754	0.0439139	0.033717
1078	1.72625e-06	0.997722	0.000577667	0.00150496	0.00011017	8.36297e-05
1079	0.000255826	0.0304937	0.25411	0.662016	0.0163363	0.0367879
1080	9.5646e-07	0.000113998	0.000323747	0.946883	6.10337e-05	0.0526177
1081	8.9861e-07	0.000107118	0.99738	0.00232539	5.73926e-05	0.00012922
1082	6.90954e-07	8.2376e-05	0.99923	0.000609305	4.40993e-05	3.38587e-05
1083	3.52673e-08	4.20499e-06	1.18988e-05	0.947339	2.25177e-06	0.052643
1084	1.53612e-06	0.000183105	0.00152582	0.945643	9.80446e-05	0.0525488
1085	0.000689094	0.0821592	0.232846	0.606619	0.0439771	0.0337095
1086	0.000628843	0.153067	0.214977	0.560067	0.0401374	0.0311226
1087	1.19603e-12	1.42708e-10	1.18801e-09	0.947356	7.63301e-11	0.052644
1088	0.000699161	0.0833254	0.232363	0.605361	0.0446124	0.0336395
1089	0.000686327	0.0823063	0.232769	0.606418	0.0441224	0.0336983
1090	0.000255817	0.0305383	0.254101	0.661993	0.0163249	0.0367866
1091	1.65134e-12	1.97224e-10	1.64027e-09	4.27328e-09	1	2.37464e-10
1092	3.99779e-05	0.00476529	0.0133707	0.927719	0.00255197	0.0515528
1093	1.83433e-07	2.18841e-05	0.000182202	0.947151	1.17064e-05	0.0526326
1094	0.000255763	0.0307105	0.254047	0.661853	0.0163545	0.0367788
1095	4.34361e-08	5.18027e-06	4.31447e-05	0.947308	2.77255e-06	0.0526413
1096	6.99831e-08	8.34185e-06	6.95137e-05	0.947278	4.46695e-06	0.0526397
1097	3.36936e-06	0.00040222	0.00334676	0.943597	0.000215244	0.0524351
1098	0.000255593	0.0304931	0.253879	0.661414	0.0172049	0.0367544
1099	1.28433e-08	1.53068e-06	0.999963	3.32354e-05	8.21042e-07	1.84687e-06
1100	2.8283e-08	3.37114e-06	9.66889e-06	0.947342	1.80481e-06	0.0526432
1101	0.000683937	0.0815443	0.233095	0.607269	0.043662	0.0337456
1102	1.30217e-12	1	4.48713e-10	1.169e-09	8.30993e-11	6.49608e-11
1103	0.000670547	0.0799279	0.233758	0.608994	0.0428091	0.0338414
1104	0.00069376	0.0827029	0.232613	0.606013	0.0443016	0.0336758
1105	4.52379e-07	5.39234e-05	0.000157703	0.947128	2.88742e-05	0.0526313
1106	7.27348e-05	0.00866986	0.0243397	0.911618	0.00464141	0.0506581
1107	9.25012e-06	0.0011028	0.00317374	0.942732	0.000594668	0.0523871
1108	5.72697e-09	6.83661e-07	5.68856e-06	0.94735	3.65709e-07	0.0526436
1109	8.80686e-06	0.00104974	0.0030015	0.942977	0.000562026	0.0524007
1110	1.91274e-12	1	1.89992e-09	4.94973e-09	1.22095e-10	2.75053e-10
1111	2.62126e-05	0.00312428	0.00887254	0.934375	0.0016789	0.0519227
1112	1.13416e-08	1.35219e-06	1.12655e-05	0.947343	7.23813e-07	0.0526433
1113	0.000692684	0.0825933	0.232637	0.606075	0.0443228	0.0336792
1114	0.000255827	0.0305007	0.254111	0.662019	0.0163251	0.036788
1115	2.80213e-08	3.34017e-06	9.35158e-06	0.947342	1.7918e-06	0.0526432
1116	0.000255827	0.030499	0.254111	0.662019	0.0163273	0.036788
1117	3.66908e-05	0.00437335	0.959292	0.0321685	0.00234147	0.00178759
1118	1.21671e-09	1.45017e-07	1.20855e-06	0.947355	7.76814e-08	0.0526439
1119	3.38776e-09	4.04171e-07	1.12709e-06	0.947354	2.21087e-07	0.0526439
1120	0.000255807	0.0305722	0.254091	0.661967	0.0163288	0.0367851
1121	2.69429e-07	3.21111e-05	0.999701	0.000236504	1.71978e-05	1.31424e-05
1122	0.000241163	0.028743	0.734212	0.209756	0.0153915	0.011656
1123	0.000255813	0.0305088	0.254097	0.661983	0.0163687	0.036786
1124	3.24968e-07	3.87452e-05	0.000109807	0.947195	2.0741e-05	0.0526351
1125	0.000255825	0.0304954	0.254109	0.662015	0.0163363	0.0367878
1126	2.53746e-11	1	8.60583e-09	2.24202e-08	1.6199e-09	1.24588e-09
1127	1.26577e-06	0.000150959	0.000441258	0.946717	8.13735e-05	0.0526085
1128	0.000690017	0.0822453	0.232804	0.60651	0.0440469	0.0337034
1129	0.000694486	0.0828257	0.232539	0.605818	0.0444576	0.033665
1130	0.000688078	0.0820154	0.232904	0.606769	0.0439066	0.0337178
1131	0.000255825	0.0304989	0.25411	0.662015	0.0163324	0.0367878
1132	0.000255829	0.0304913	0.254113	0.662025	0.0163257	0.0367884
1133	0.000244488	0.0291602	0.0824877	0.826573	0.0156026	0.0459322
1134	1.57122e-07	1.87298e-05	5.39088e-05	0.947278	1.00266e-05	0.0526396
1135	0.000255755	0.0304841	0.25404	0.661834	0.0166082	0.0367777
1136	0.00069627	0.0829994	0.232367	0.60537	0.044927	0.0336401
1137	0.000107875	0.0128588	0.0370122	0.893486	0.00688437	0.0496505
1138	8.14825e-07	9.71178e-05	0.000273206	0.946955	5.19938e-05	0.0526217
1139	2.44859e-07	2.91859e-05	8.43753e-05	0.947233	1.5625e-05	0.0526372
1140	1.79532e-06	0.000213993	0.997958	0.00162015	0.000115603	9.00305e-05
1141	0.000255815	0.0305448	0.254099	0.661989	0.0163252	0.0367863
1142	6.26689e-06	0.000746941	0.00210125	0.944273	0.000399983	0.0524727
1143	0.000255818	0.030496	0.254102	0.661996	0.0163631	0.0367867
1144	0.000255827	0.0304971	0.254111	0.66202	0.0163271	0.0367881
1145	3.35478e-06	0.000399822	0.00112484	0.9453	0.000642184	0.0525298
1146	4.84145e-07	5.77256e-05	0.000162931	0.947117	3.09005e-05	0.0526307
1147	5.0576e-07	6.02816e-05	0.000502367	0.946792	3.22751e-05	0.0526127
1148	1.11189e-07	1.32549e-05	0.000110444	0.947232	7.13196e-06	0.0526371
1149	0.000255824	0.0305065	0.254108	0.662012	0.0163304	0.0367876
1150	5.28319e-08	6.29656e-06	1.81268e-05	0.94733	3.37205e-06	0.0526425
1151	6.60366e-07	7.871e-05	0.000655937	0.946619	4.21692e-05	0.0526031
1152	1.12534e-07	1.34314e-05	3.92304e-05	0.947299	7.18999e-06	0.0526408
1153	1.77975e-06	0.000212257	0.000616487	0.946461	0.000113805	0.0525943
1154	2.29523e-07	0.99913	0.000227983	0.000593951	1.4652e-05	3.30055e-05
1155	1.1501e-07	1.37211e-05	0.000114239	0.947228	7.34004e-06	0.0526369
1156	1.84614e-08	0.999975	6.22869e-06	1.62272e-05	1.1789e-06	9.01736e-07
1157	2.79423e-07	3.33563e-05	9.74089e-05	0.947215	1.78527e-05	0.0526362
1158	0.000255755	0.0304874	0.254039	0.661832	0.0166081	0.0367776
1159	0.000255828	0.0304942	0.254112	0.662022	0.0163279	0.0367882
1160	1.24984e-06	0.000149007	0.000428823	0.946732	7.97708e-05	0.0526093
1161	0.000692075	0.0826563	0.232656	0.606125	0.0441881	0.033682
1162	5.28894e-06	0.00063042	0.00525347	0.941455	0.000339585	0.0523161
1163	6.73169e-05	0.00803029	0.0230131	0.913796	0.00431441	0.0507791
1164	0.000255822	0.0305079	0.254106	0.662006	0.0163374	0.0367873
1165	0.000255816	0.0305234	0.2541	0.661992	0.0163422	0.0367865
1166	8.9861e-07	0.000107143	0.99738	0.00232539	5.73787e-05	0.00012922
1167	4.14145e-08	4.94037e-06	1.40776e-05	0.947335	2.64903e-06	0.0526429
1168	0.000255827	0.0304956	0.254111	0.66202	0.0163292	0.0367881
1169	7.31759e-06	0.000872364	0.00255096	0.943664	0.000466985	0.0524388
1170	2.8283e-08	3.37132e-06	9.66889e-06	0.947342	1.80491e-06	0.0526432
1171	1.33828e-05	0.00651872	0.00453881	0.936059	0.000853999	0.0520162
1172	2.21663e-07	2.64303e-05	0.000220176	0.947109	1.41604e-05	0.0526303
1173	0.0003423	0.0407995	0.117952	0.775943	0.0218443	0.0431187
1174	4.52379e-07	5.39555e-05	0.000157703	0.947128	2.88808e-05	0.0526313
1175	0.00068684	0.0819263	0.232943	0.606871	0.0438493	0.0337235
1176	4.95949e-09	5.91157e-07	1.72892e-06	0.947353	3.1649e-07	0.0526439
1177	1.99096e-06	0.000237363	0.000683102	0.946357	0.000132115	0.0525885
1178	3.00401e-06	0.000358017	0.000999258	0.945886	0.000191681	0.0525623
1179	1.24984e-06	0.000148993	0.000428823	0.946732	7.97924e-05	0.0526093
1180	7.18094e-08	8.56198e-06	7.13278e-05	0.947276	4.583e-06	0.0526396
1181	0.000255819	0.030528	0.254103	0.661999	0.0163266	0.0367869
1182	0.000255824	0.0305101	0.254108	0.662012	0.0163259	0.0367876
1183	6.40309e-11	1	2.13855e-08	5.57142e-08	4.08622e-09	3.096e-09
1184	1.07051e-06	0.000382744	0.000359876	0.946586	6.90749e-05	0.0526012
1185	1.5157e-08	1.80677e-06	1.50553e-05	0.947339	9.67185e-07	0.0526431
1186	8.33741e-07	9.93777e-05	0.000283406	0.946942	5.32689e-05	0.052621
1187	3.70623e-06	0.000441919	0.00368137	0.943222	0.000236625	0.0524143
1188	4.14148e-07	4.9359e-05	0.000139729	0.947151	2.64283e-05	0.0526326
1189	5.50876e-07	6.59437e-05	0.998394	0.00142554	3.51533e-05	7.92162e-05
1190	0.000685518	0.0817278	0.233022	0.607076	0.0437539	0.0337349
1191	6.74167e-08	8.03579e-06	0.999803	0.000174458	4.30325e-06	9.69454e-06
1192	0.000699272	0.0833464	0.232352	0.605333	0.044631	0.033638
1193	5.73183e-07	6.83154e-05	0.000194837	0.947072	3.65753e-05	0.0526282
1194	1.53612e-06	0.000183133	0.00152582	0.945643	9.80332e-05	0.0525488
1195	1.31043e-08	1.56189e-06	1.30164e-05	0.947341	8.36264e-07	0.0526432
1196	6.37777e-08	7.61947e-06	6.335e-05	0.947285	4.07122e-06	0.05264
1197	6.02529e-07	7.18382e-05	0.999323	0.000536631	3.84667e-05	2.98203e-05
1198	0.000253608	0.0303228	0.251907	0.656278	0.0247687	0.036469
1199	0.000694598	0.0827932	0.232576	0.605916	0.0443492	0.0336704
1200	7.27383e-09	8.67552e-07	7.22504e-06	1.88229e-05	0.999972	1.04598e-06
1201	1.88061e-05	0.00224173	0.978859	0.0167493	0.00120075	0.000930748
1202	7.06257e-07	8.41816e-05	0.000237963	0.947007	4.50808e-05	0.0526246
1203	4.4732e-07	5.33192e-05	0.999494	0.000401574	2.85443e-05	2.23152e-05
1204	0.000670182	0.0803702	0.233631	0.608663	0.0428432	0.033823
1205	2.00593e-07	2.39122e-05	0.000199248	0.947132	1.28182e-05	0.0526316
1206	1.80073e-09	2.14722e-07	0.999995	4.65985e-06	1.14914e-07	2.58945e-07
1207	0.000255829	0.0304943	0.254113	0.662024	0.016325	0.0367883
1208	0.000255819	0.0305094	0.254103	0.661998	0.0163472	0.0367868
1209	0.000689834	0.0822767	0.232742	0.606349	0.0442476	0.0336944
1210	3.71857e-07	4.4318e-05	0.000123914	0.947174	2.37277e-05	0.0526339
1211	0.000255822	0.0305173	0.254106	0.662007	0.0163258	0.0367873
1212	5.35019e-06	0.000637667	0.0017953	0.944722	0.000341567	0.0524977
1213	0.000269167	0.0321014	0.692407	0.244459	0.017179	0.0135844
1214	0.000682122	0.0813128	0.233191	0.607519	0.0435355	0.0337594
1215	4.85884e-11	1	1.63516e-08	4.25997e-08	3.10214e-09	2.36724e-09
1216	1.75716e-08	2.09429e-06	5.97294e-06	0.947347	1.12129e-06	0.0526435
1217	1.91739e-07	2.2881e-05	0.000190453	0.947142	1.22385e-05	0.0526321
1218	4.25065e-08	5.07178e-06	1.44162e-05	0.947335	2.71416e-06	0.0526428
1219	2.95668e-14	1	9.87915e-12	2.57375e-11	1.88683e-12	1.43022e-12
1220	4.04376e-06	0.000483105	0.995423	0.00363022	0.000258189	0.000201729
1221	0.000255813	0.0305446	0.254098	0.661984	0.0163317	0.0367861
1222	7.61577e-06	0.000908164	0.00756469	0.938861	0.000486406	0.052172
1223	2.79282e-06	0.000332906	0.000949335	0.94597	0.000178258	0.052567
1224	7.77729e-08	9.26891e-06	0.999913	6.92669e-05	4.96308e-06	3.84912e-06
1225	0.000255816	0.0305381	0.2541	0.66199	0.0163299	0.0367864
1226	5.63762e-07	6.71904e-05	0.000188145	0.947079	3.59732e-05	0.0526286
1227	0.000679921	0.0810791	0.233282	0.607756	0.0434299	0.0337726
1228	3.01114e-09	0.999989	2.99095e-06	7.79212e-06	1.92674e-07	4.33003e-07
1229	1.50682e-06	0.000179877	0.000508383	0.946611	9.6164e-05	0.0526026
1230	2.68005e-06	0.000319415	0.000896352	0.94604	0.00017103	0.0525709
1231	7.61983e-09	9.09071e-07	7.56872e-06	0.947347	4.86582e-07	0.0526435
1232	1.53612e-06	0.000183117	0.00152582	0.945642	9.85305e-05	0.0525488
1233	0.000690829	0.0823385	0.232765	0.606408	0.0441003	0.0336977
1234	2.67111e-05	0.00318399	0.922122	0.0691221	0.0017046	0.00384107
1235	0.000690023	0.082246	0.232806	0.606515	0.0440391	0.0337037
1236	6.68712e-06	0.000796979	0.00223022	0.944078	0.000426732	0.0524618
1237	0.000255809	0.0305612	0.254093	0.661972	0.0163331	0.0367854
1238	0.000699593	0.0833834	0.232339	0.605297	0.0446458	0.033636
1239	3.4131e-06	0.000406849	0.00113707	0.945684	0.00021779	0.0525511
1240	1.14724e-07	1.36753e-05	0.000113954	0.947228	7.32289e-06	0.0526369
1241	4.86363e-05	0.00579923	0.944715	0.0438907	0.00310794	0.00243898
1242	0.000691377	0.0826647	0.232671	0.606163	0.0441255	0.0336841
1243	3.36936e-06	0.00040177	0.00334677	0.943598	0.000215273	0.0524352
1244	3.24033e-06	0.000386205	0.00111176	0.945738	0.000206869	0.0525541
1245	1.09628e-05	0.00130696	0.00372649	0.941914	0.000699569	0.0523416
1246	1.13416e-08	1.35272e-06	1.12655e-05	0.947343	7.24193e-07	0.0526433
1247	7.31184e-08	8.71746e-06	2.54896e-05	0.947319	4.66747e-06	0.052642
1248	0.000255806	0.0305721	0.25409	0.661965	0.016332	0.036785
1249	0.000255791	0.0304905	0.254075	0.661925	0.0164706	0.0367828
1250	0.000696292	0.0831203	0.23246	0.605613	0.0444574	0.0336535
1251	4.1215e-05	0.00491211	0.954735	0.0356979	0.00262989	0.00198371
1252	3.73857e-07	4.45652e-05	0.000128827	0.947169	2.38588e-05	0.0526336
1253	2.87122e-05	0.00342387	0.916266	0.0743004	0.00185266	0.00412883
1254	1.39774e-11	1.66697e-09	1.38836e-08	0.947356	8.9244e-10	0.052644
1255	5.80072e-07	6.9149e-05	0.000199886	0.947066	3.70217e-05	0.0526279
1256	5.73183e-07	6.83136e-05	0.000194837	0.947071	3.65971e-05	0.0526282
1257	0.000255822	0.0305079	0.254106	0.662007	0.0163361	0.0367873
1258	1.84243e-07	2.19622e-05	6.23634e-05	0.947265	1.17625e-05	0.0526389
1259	4.39073e-06	0.000523357	0.00148619	0.945183	0.000280178	0.0525232
1260	1.91739e-07	2.28623e-05	0.000190453	0.947142	1.22405e-05	0.0526321
1261	0.000696159	0.0829741	0.232508	0.605737	0.0444243	0.0336605
1262	2.2947e-06	0.991304	0.00227931	0.00593815	0.000146425	0.000329979
1263	1.91739e-07	2.28645e-05	0.000190453	0.947142	1.22688e-05	0.0526321
1264	3.96796e-06	0.988586	0.00131846	0.00932062	0.000253196	0.000517941
1265	1.19148e-06	0.000142014	0.000397142	0.946772	7.60368e-05	0.0526116
1266	8.69467e-07	0.000103641	0.000863635	0.946386	5.55973e-05	0.0525901
1267	0.000694958	0.0828533	0.232558	0.605869	0.0443574	0.0336678
1268	2.34039e-06	0.000279102	0.000793747	0.946196	0.000149393	0.0525795
1269	3.39714e-06	0.000405101	0.00115779	0.945667	0.000216891	0.0525501
1270	1.41986e-06	0.000169268	0.000483908	0.94665	9.0636e-05	0.0526048
1271	1.53582e-06	0.00018355	0.00152552	0.945457	0.000293992	0.0525385
1272	0.000255221	0.032787	0.25351	0.660453	0.0162947	0.0367009
1273	3.74822e-05	0.00448396	0.957153	0.0340415	0.00239258	0.00189167
1274	3.36214e-09	4.01219e-07	3.33959e-06	0.947352	2.14539e-07	0.0526438
1275	0.000184487	0.0220156	0.0625689	0.855891	0.0117786	0.0475614
1276	0.000670359	0.0801517	0.233692	0.608823	0.0428302	0.033832
1277	6.74252e-05	0.911247	0.0225019	0.0586226	0.00430391	0.00325762
1278	4.10588e-06	0.000489749	0.00141483	0.9453	0.00026204	0.0525297
1279	0.000255818	0.0305327	0.254102	0.661996	0.0163267	0.0367867
1280	5.85913e-08	6.98877e-06	5.81983e-05	0.947291	3.73918e-06	0.0526404
1281	0.000683776	0.08151	0.23304	0.607125	0.0439029	0.0337376
1282	4.8998e-07	5.86158e-05	0.000486694	0.946809	3.14033e-05	0.0526136
1283	2.83069e-07	3.37365e-05	9.48435e-05	0.947217	1.80623e-05	0.0526363
1284	1.1244e-05	0.00134108	0.0111686	0.934813	0.000719474	0.051947
1285	1.1879e-06	0.000141587	0.998668	0.00105474	7.58864e-05	5.86114e-05
1286	0.000255828	0.0304972	0.254112	0.662022	0.016325	0.0367882
1287	0.000679953	0.0810693	0.233293	0.607784	0.0433987	0.0337742
1288	0.000255818	0.0305093	0.254102	0.661996	0.0163502	0.0367867
1289	1.10796e-07	1.32059e-05	0.999677	0.000286713	7.0726e-06	1.59325e-05
1290	0.000694219	0.0827496	0.232601	0.60598	0.0443007	0.033674
1291	0.000682086	0.0813265	0.233179	0.607487	0.0435682	0.0337577
1292	0.000255801	0.0304986	0.254085	0.661952	0.0164241	0.0367843
1293	1.98118e-05	0.924919	0.0196789	0.0512681	0.00126482	0.00284894
1294	0.000255828	0.0304953	0.254112	0.662023	0.0163254	0.0367882
1295	0.000255825	0.0305066	0.25411	0.662015	0.0163247	0.0367878
1296	0.000694976	0.0828297	0.232564	0.605884	0.0443585	0.0336686
1297	5.13345e-05	0.00612595	0.850307	0.132841	0.00329272	0.00738191
1298	0.000255826	0.0304969	0.25411	0.662016	0.0163333	0.0367878
1299	6.33709e-11	1	6.29458e-08	1.63989e-07	4.04428e-09	9.11276e-09
1300	1.47606e-06	0.000175973	0.000508634	0.946617	9.42396e-05	0.0526029
1301	0.000698035	0.083249	0.232397	0.605449	0.0445621	0.0336445
1302	1.79035e-08	2.13403e-06	6.16933e-06	0.947347	1.14248e-06	0.0526435
1303	1.85471e-06	0.000221053	0.997947	0.0016214	0.000118395	9.01005e-05
1304	2.31989e-10	2.77257e-08	2.30433e-07	6.00333e-07	0.999999	3.33601e-08
1305	5.18509e-10	6.18477e-08	5.15031e-07	1.34178e-06	0.999998	7.45618e-08
1306	0.000255829	0.0304923	0.254113	0.662025	0.0163255	0.0367883
1307	0.000255827	0.0304948	0.254112	0.662021	0.0163292	0.0367881
1308	2.58311e-06	0.000307952	0.997104	0.00229355	0.000164844	0.000127451
1309	1.66607e-06	0.00019863	0.000569567	0.946525	0.000106973	0.0525978
1310	0.000694186	0.0827591	0.23259	0.605952	0.0443324	0.0336724
1311	0.00025579	0.0305702	0.254074	0.661923	0.0163938	0.0367827
1312	3.27823e-09	3.90703e-07	1.10772e-06	0.947354	2.09178e-07	0.0526439
1313	9.09945e-09	1.08529e-06	9.03842e-06	0.947346	5.81227e-07	0.0526434
1314	0.000255827	0.0304991	0.254111	0.66202	0.0163257	0.0367881
1315	0.00069719	0.0831244	0.23245	0.605587	0.0444891	0.0336521
1316	2.79423e-07	3.33074e-05	9.74089e-05	0.947215	1.78432e-05	0.0526362
1317	8.2703e-07	9.85805e-05	0.997589	0.00214016	5.28837e-05	0.000118927
1318	0.000254243	0.0364997	0.252537	0.65792	0.0162289	0.0365602
1319	7.58517e-08	9.04226e-06	2.57835e-05	0.947318	4.84705e-06	0.0526419
1320	4.44812e-06	0.000530403	0.00150075	0.945159	0.000283919	0.0525219
1321	1.82386e-05	0.00217384	0.00610328	0.938394	0.00116451	0.052146
1322	5.14858e-06	0.000613835	0.00511405	0.941614	0.000328549	0.0523249
1323	1.77648e-06	0.000211746	0.000593086	0.946484	0.000113361	0.0525956
1324	1.82868e-09	2.17975e-07	1.81641e-06	0.947354	1.16691e-07	0.0526439
1325	6.67313e-11	1	2.23073e-08	5.81157e-08	4.25879e-09	3.22945e-09
1326	0.000255812	0.0305192	0.254096	0.66198	0.0163627	0.0367858
1327	1.11189e-07	1.32598e-05	0.000110444	0.947232	7.10221e-06	0.0526371
1328	3.94947e-05	0.0047076	0.956088	0.0347149	0.00252104	0.00192909
1329	0.000255086	0.0304294	0.253375	0.660103	0.0191561	0.0366815
1330	1.80784e-06	0.000215538	0.994729	0.00467827	0.000115506	0.000259969
1331	1.70531e-11	1	5.68918e-09	1.48217e-08	1.0887e-09	8.23631e-10
1332	0.000683953	0.0815324	0.233101	0.607283	0.043654	0.0337463
1333	5.39567e-06	0.000646417	0.0018232	0.944679	0.000350382	0.0524953
1334	0.000255797	0.0305142	0.254081	0.661941	0.0164239	0.0367837
1335	1.47606e-06	0.000175994	0.000508634	0.946617	9.41946e-05	0.0526029
1336	1.26713e-05	0.00151035	0.0125863	0.0327904	0.951278	0.00182214
1337	9.015e-11	1.07565e-08	3.04618e-08	7.93603e-08	1	4.41e-09
1338	0.000277615	0.0330995	0.694566	0.24095	0.017717	0.0133895
1339	0.000255829	0.0304946	0.254113	0.662024	0.0163243	0.0367883
1340	3.52586e-05	0.00422409	0.0350222	0.908006	0.00225527	0.0504573
1341	5.37342e-06	0.000640622	0.0018613	0.944656	0.000343268	0.0524939
1342	5.7333e-07	6.83289e-05	0.000569484	0.946716	3.66611e-05	0.0526085
1343	7.13126e-06	0.000850033	0.00245734	0.943785	0.000455082	0.0524456
1344	4.5302e-06	0.000539965	0.00152146	0.944577	0.000867187	0.0524896
1345	2.04853e-06	0.00024417	0.997712	0.00181002	0.000130741	0.000100582
1346	1.84243e-07	2.19718e-05	6.23634e-05	0.947265	1.17644e-05	0.0526389
1347	4.23972e-05	0.00505336	0.953159	0.0369842	0.0027059	0.00205519
1348	1.79035e-08	2.13399e-06	6.16933e-06	0.947347	1.14358e-06	0.0526435
1349	0.000670373	0.0801182	0.233697	0.608836	0.042846	0.0338326
1350	1.4691e-05	0.00175208	0.0050069	0.94005	0.000938387	0.052238
1351	0.000254624	0.0303504	0.252916	0.658906	0.0209575	0.036615
1352	1.4691e-05	0.00175197	0.00500691	0.940051	0.000937494	0.0522381
1353	3.19783e-07	3.81379e-05	0.000109322	0.947197	2.04385e-05	0.0526351
1354	0.000255826	0.0304989	0.25411	0.662017	0.0163305	0.0367879
1355	0.000698196	0.0832237	0.232406	0.605472	0.0445552	0.0336457
1356	1.13772e-06	0.000135647	0.998735	0.00100003	7.25973e-05	5.55709e-05
1357	2.49313e-09	2.9724e-07	8.69122e-07	0.947355	1.59111e-07	0.0526439
1358	1.41849e-08	0.999981	4.73393e-06	1.2333e-05	9.05962e-07	6.85337e-07
1359	0.000694978	0.0828372	0.232565	0.605886	0.0443483	0.0336687
1360	0.000691527	0.0824631	0.232721	0.606294	0.0441384	0.0336914
1361	2.71466e-06	0.000323608	0.000911715	0.00237523	0.996255	0.00013199
1362	1.5705e-06	0.000187279	0.995421	0.00406409	0.000100398	0.000225839
1363	0.000255818	0.0305328	0.254103	0.661997	0.0163248	0.0367868
1364	1.38605e-06	0.000165268	0.995959	0.00358676	8.86296e-05	0.000199314
1365	1.06619e-07	1.27071e-05	3.6449e-05	0.947303	6.80391e-06	0.0526411
1366	8.34727e-08	9.95167e-06	0.999907	7.31062e-05	5.32997e-06	4.06247e-06
1367	0.000640717	0.0763647	0.213754	0.556879	0.121416	0.0309454
1368	1.17609e-05	0.00140254	0.0040206	0.941495	0.00075204	0.0523183
1369	0.000255594	0.0311547	0.25388	0.661418	0.0165374	0.0367546
1370	0.000677409	0.0807425	0.233427	0.608132	0.0432276	0.0337935
1371	0.000188903	0.0225233	0.792028	0.164084	0.0120585	0.00911803
1372	1.03231e-06	0.000123084	0.00102538	0.946205	6.59556e-05	0.05258
1373	7.75641e-13	9.24458e-11	7.70439e-10	0.947356	4.94994e-11	0.052644
1374	0.00069278	0.0825847	0.23267	0.606159	0.0442096	0.0336839
1375	0.000696392	0.0830153	0.232493	0.6057	0.0444367	0.0336584
1376	0.000695138	0.0830476	0.232491	0.605695	0.0444134	0.0336581
1377	1.24984e-06	0.000149272	0.000428823	0.946732	7.97681e-05	0.0526093
1378	6.93977e-13	8.29089e-11	6.89323e-10	0.947356	4.4303e-11	0.052644
1379	3.60421e-09	4.29607e-07	1.24197e-06	0.947354	2.30155e-07	0.0526439
1380	9.00333e-06	0.0010731	0.00302376	0.942921	0.000575236	0.0523976
1381	0.000255818	0.0305278	0.254102	0.661996	0.0163319	0.0367867
1382	1.74442e-05	0.00207952	0.980646	0.0152941	0.00111337	0.000849885
1383	1.45776e-05	0.55581	0.429879	0.0126622	0.000930194	0.000703633
1384	7.58553e-09	9.04067e-07	2.60261e-06	0.947352	4.84025e-07	0.0526438
1385	0.000255825	0.0304996	0.254109	0.662015	0.0163324	0.0367878
1386	2.03606e-07	2.42714e-05	0.999769	0.000183739	1.29926e-05	1.02103e-05
1387	0.000255817	0.030494	0.254101	0.661993	0.016369	0.0367866
1388	1.97635e-05	0.00235883	0.00662183	0.937633	0.00126292	0.0521037
1389	0.000255813	0.0305036	0.254097	0.661982	0.0163759	0.0367859
1390	0.000255717	0.0309027	0.254002	0.661734	0.0163339	0.0367722
1391	1.99097e-06	0.000237347	0.000683105	0.946362	0.000127129	0.0525887
1392	0.000255814	0.0305053	0.254098	0.661986	0.0163688	0.0367862
1393	1.03231e-06	0.000123173	0.00102538	0.946205	6.58846e-05	0.05258
1394	2.32846e-07	2.77638e-05	7.80718e-05	0.947241	1.48769e-05	0.0526376
1395	8.31489e-06	0.000991257	0.990549	0.00750358	0.000531009	0.000416969
1396	0.000255825	0.0305051	0.254109	0.662015	0.0163266	0.0367878
1397	5.069e-15	6.04229e-13	5.035e-12	0.947356	3.2347e-13	0.052644
1398	0.000255797	0.0305302	0.254081	0.661942	0.0164074	0.0367837
1399	1.13607e-08	1.35403e-06	3.79143e-06	0.94735	7.25145e-07	0.0526437
1400	3.1603e-07	3.77262e-05	0.999079	0.00081781	2.01864e-05	4.54452e-05
1401	1.47481e-05	0.980296	0.004992	0.0130053	0.000969114	0.000722699
1402	1.13796e-07	1.35665e-05	0.000113033	0.947229	7.2641e-06	0.0526369
1403	8.57221e-07	0.000102179	0.000289656	0.946932	5.47325e-05	0.0526204
1404	0.000255818	0.0305168	0.254103	0.661998	0.0163404	0.0367868
1405	0.000696264	0.0831014	0.232365	0.605365	0.0448332	0.0336398
1406	7.40525e-08	8.83227e-06	2.5651e-05	0.947319	4.8088e-06	0.0526419
1407	6.53951e-07	7.79784e-05	0.000226522	0.947027	4.17433e-05	0.0526257
1408	1.1501e-07	1.3712e-05	0.000114239	0.947228	7.34216e-06	0.0526369
1409	2.57953e-12	3.07439e-10	8.67166e-10	2.25917e-09	1	1.25541e-10
1410	9.71257e-07	0.000115765	0.000326196	0.946878	6.19865e-05	0.0526174
1411	0.00028244	0.0336671	0.0960073	0.807164	0.0180252	0.0448536
1412	0.00030548	0.0365974	0.652604	0.275673	0.0195016	0.015319
1413	0.000255801	0.0305147	0.254085	0.661952	0.0164077	0.0367843
1414	2.08803e-07	2.49547e-05	7.11631e-05	0.947252	1.33245e-05	0.0526382
1415	4.34291e-07	5.17981e-05	0.999522	0.000376934	2.77154e-05	2.0946e-05
1416	1.41986e-06	0.000169497	0.000483908	0.94665	9.06241e-05	0.0526048
1417	0.000255826	0.0305027	0.25411	0.662017	0.0163263	0.0367879
1418	1.85702e-06	0.000221342	0.000625695	0.946439	0.000118782	0.0525931
1419	5.1068e-09	6.09331e-07	5.07255e-06	1.32152e-05	0.99998	7.3436e-07
1420	0.000255824	0.0304921	0.254108	0.662012	0.016345	0.0367876
1421	0.000255819	0.0304988	0.254103	0.661998	0.0163581	0.0367868
1422	3.94315e-06	0.000470012	0.00137461	0.945366	0.000252076	0.0525334
1423	1.99097e-06	0.000237364	0.000683105	0.946362	0.000127054	0.0525888
1424	9.15611e-07	0.000109134	0.000305365	0.946906	5.95093e-05	0.052619
1425	0.000255827	0.0304912	0.254112	0.662021	0.0163326	0.0367881
1426	2.62127e-05	0.00312408	0.00887259	0.934381	0.00167328	0.051923
1427	0.000255825	0.0304949	0.254109	0.662015	0.0163376	0.0367878
1428	1.24984e-06	0.000148986	0.000428823	0.946732	7.98007e-05	0.0526093
1429	7.07843e-07	8.43919e-05	0.000241985	0.947003	4.53368e-05	0.0526244
1430	0.000255826	0.0304943	0.25411	0.662017	0.0163352	0.0367879
1431	0.000255811	0.0305522	0.254095	0.661978	0.0163332	0.0367857
1432	1.5818e-05	0.00188601	0.0157119	0.929713	0.00100973	0.0516636
1433	6.54811e-10	7.80744e-08	6.50419e-07	0.947355	4.17949e-08	0.052644
1434	0.000473746	0.0565195	0.461488	0.427521	0.0302404	0.0237571
1435	0.000255806	0.0305515	0.25409	0.661965	0.0163531	0.036785
1436	4.4732e-07	5.33249e-05	0.999494	0.000401574	2.85452e-05	2.23152e-05
1437	0.000255784	0.0306437	0.254069	0.661909	0.0163402	0.0367819
1438	3.58821e-08	4.27759e-06	1.23645e-05	0.947338	2.29103e-06	0.052643
1439	3.50877e-06	0.000418172	0.00116795	0.945638	0.000223889	0.0525485
1440	1.49045e-05	0.00177647	0.00502863	0.939993	0.000951839	0.0522349
1441	0.000255797	0.0306007	0.254081	0.661941	0.0163373	0.0367837
1442	3.74748e-08	4.46674e-06	1.28577e-05	0.947337	2.39148e-06	0.052643
1443	0.000255823	0.0305049	0.254107	0.66201	0.016335	0.0367875
1444	3.96147e-07	4.73273e-05	0.00039349	0.946914	2.58527e-05	0.0526194
1445	0.000694979	0.0828313	0.232565	0.605887	0.0443522	0.0336688
1446	0.000255822	0.0305034	0.254107	0.662008	0.0163389	0.0367874
1447	0.000251753	0.0459237	0.250065	0.651478	0.0160791	0.0362023
1448	5.3121e-09	6.33491e-07	0.999985	1.37464e-05	3.39677e-07	7.63882e-07
1449	7.11054e-07	8.47424e-05	0.000236563	0.947008	4.53711e-05	0.0526247
1450	6.80362e-08	0.999742	6.75798e-05	0.000176061	4.34762e-06	9.78363e-06
1451	0.000255829	0.0304921	0.254113	0.662024	0.0163272	0.0367883
1452	2.52341e-08	3.008e-06	8.69536e-06	0.947343	1.61039e-06	0.0526433
1453	7.47857e-07	8.914e-05	0.000260708	0.946978	4.82556e-05	0.052623
1454	3.04485e-11	3.63561e-09	1	7.87936e-08	1.94608e-09	4.37851e-09
1455	0.000697	0.08307	0.232456	0.605603	0.0445208	0.033653
1456	1.87368e-07	0.99929	0.000186112	0.000484865	1.19565e-05	2.69437e-05
1457	1.46512e-05	0.00174713	0.983479	0.0130962	0.000935323	0.000727746
1458	3.16984e-08	3.78098e-06	3.14858e-05	0.947321	2.02452e-06	0.052642
1459	3.65311e-05	0.00435486	0.012654	0.928997	0.00233402	0.0516238
1460	0.000255819	0.030528	0.254103	0.662	0.0163262	0.0367869
1461	0.000694547	0.082794	0.232559	0.605872	0.0444122	0.0336679
1462	0.000247724	0.0295954	0.246063	0.641051	0.0474203	0.0356228
1463	0.000698865	0.0832963	0.232374	0.60539	0.0445998	0.0336411
1464	2.34039e-06	0.000279102	0.000793747	0.946196	0.00014935	0.0525795
1465	0.000697536	0.0831421	0.23244	0.60556	0.0445096	0.0336506
1466	4.84145e-07	5.77043e-05	0.000162931	0.947117	3.08934e-05	0.0526307
1467	8.22469e-13	1	8.16952e-10	2.12835e-09	5.26082e-11	1.18271e-10
1468	0.000255783	0.0304853	0.254067	0.661905	0.0165044	0.0367817
1469	0.000255824	0.0305122	0.254108	0.662012	0.0163248	0.0367876
1470	0.000255645	0.0311608	0.25393	0.661549	0.0163428	0.0367619
1471	2.34039e-06	0.000279009	0.000793747	0.946196	0.000149431	0.0525795
1472	1.5705e-06	0.000187223	0.995421	0.00406409	0.000100264	0.000225839
1473	0.00035017	0.0417765	0.118323	0.774154	0.0223765	0.0430193
1474	0.000693679	0.0827197	0.232586	0.605942	0.0443865	0.0336718
1475	0.000126033	0.0151143	0.0430859	0.884471	0.00805373	0.0491495
1476	8.24562e-06	0.000982792	0.990895	0.00718858	0.000526172	0.000399465
1477	1.14724e-07	1.36788e-05	0.000113954	0.947228	7.32237e-06	0.0526369
1478	0.000694965	0.0828452	0.232561	0.605875	0.044356	0.0336681
1479	3.86658e-08	4.61039e-06	0.999956	3.45619e-05	2.4826e-06	1.92059e-06
1480	0.000255829	0.0304925	0.254113	0.662024	0.0163258	0.0367883
1481	3.06192e-06	0.000364924	0.00103306	0.945843	0.000195923	0.0525599
1482	1.57122e-07	1.87386e-05	5.39088e-05	0.947278	1.00262e-05	0.0526396
1483	0.000694978	0.0828392	0.232565	0.605886	0.0443465	0.0336687
1484	0.000255825	0.0304996	0.254109	0.662015	0.0163324	0.0367878
1485	2.28574e-09	2.72668e-07	2.27041e-06	0.947353	1.45866e-07	0.0526439
1486	6.48001e-07	7.7228e-05	0.000218074	0.947036	4.13718e-05	0.0526262
1487	5.28319e-08	6.29951e-06	1.81268e-05	0.94733	3.3717e-06	0.0526425
1488	9.9077e-06	0.00118233	0.988968	0.00872188	0.000632787	0.00048467
1489	1.06335e-10	1.26745e-08	1	2.7517e-07	6.78743e-09	1.5291e-08
1490	8.34485e-11	1	8.28888e-08	2.15945e-07	5.32657e-09	1.19999e-08
1491	4.56782e-05	0.00544703	0.0157402	0.924473	0.00292175	0.0513724
1492	1.36107e-07	1.62222e-05	4.60701e-05	0.947289	8.68499e-06	0.0526403
1493	1.53727e-12	1	1.52696e-09	3.9781e-09	9.81008e-11	2.21061e-10
1494	1.09597e-07	1.30637e-05	3.77659e-05	0.947301	7.00346e-06	0.052641
1495	2.15191e-11	2.56546e-09	2.13748e-08	0.947356	1.37323e-09	0.052644
1496	0.000255826	0.0305052	0.25411	0.662017	0.0163238	0.0367879
1497	8.2703e-07	9.88045e-05	0.997588	0.00214016	5.28119e-05	0.000118927
1498	0.000255817	0.0305092	0.254101	0.661993	0.0163538	0.0367866
1499	0.000688067	0.0820172	0.2329	0.606759	0.0439186	0.0337172
1500	7.25543e-10	8.65297e-08	7.20677e-07	0.947355	4.63225e-08	0.052644
1501	0.000255825	0.0305051	0.254109	0.662014	0.0163277	0.0367877
1502	7.07843e-07	8.43919e-05	0.000241985	0.947003	4.54028e-05	0.0526244
1503	0.000255817	0.0305198	0.254101	0.661993	0.0163445	0.0367865
1504	0.000697381	0.0831175	0.232449	0.605584	0.0445003	0.0336519
1505	1.33238e-06	0.000158836	0.000448928	0.946698	8.50195e-05	0.0526075
1506	8.49854e-07	0.996779	0.000844154	0.00219922	5.42355e-05	0.000122209
1507	6.74151e-08	8.03687e-06	6.69629e-05	0.947281	4.3023e-06	0.0526398
1508	0.00025579	0.0305417	0.254074	0.661923	0.0164234	0.0367826
1509	0.000255766	0.0305053	0.25405	0.661861	0.0165484	0.0367792
1510	7.1739e-06	0.000858765	0.991932	0.0063893	0.000457798	0.000355049
1511	2.35277e-08	2.80484e-06	8.14974e-06	0.947344	1.50206e-06	0.0526433
1512	1.80411e-05	0.00215046	0.979683	0.0159092	0.00135483	0.000884065
1513	9.85278e-15	1.17434e-12	9.7867e-12	0.947356	6.28733e-13	0.052644
1514	0.000682113	0.0813329	0.233188	0.60751	0.0435273	0.033759
1515	2.9342e-06	0.000349723	0.000983115	0.945913	0.000187246	0.0525638
1516	2.08738e-07	2.48903e-05	0.999767	0.000184434	1.33218e-05	1.02489e-05
1517	1.9344e-08	2.30599e-06	6.63696e-06	0.947346	1.23502e-06	0.0526435
1518	1.9056e-12	2.27591e-10	1.89282e-09	0.947356	1.22053e-10	0.052644
1519	5.7333e-07	6.83764e-05	0.000569485	0.946717	3.65899e-05	0.0526085
1520	2.49399e-32	2.97235e-30	8.29368e-30	2.1607e-29	1	1.20069e-30
1521	1.46303e-07	1.74392e-05	4.90544e-05	0.947284	9.34899e-06	0.05264
1522	1.57122e-07	1.87474e-05	5.39088e-05	0.947278	1.00444e-05	0.0526396
1523	0.000658861	0.0785294	0.22061	0.623509	0.0420446	0.034648
1524	1.80447e-05	0.00215237	0.979881	0.0159124	0.0011517	0.000884243
1525	0.000694963	0.0828436	0.23256	0.605874	0.0443599	0.033668
1526	6.52066e-06	0.000777199	0.00217234	0.944161	0.00041609	0.0524665
1527	0.000255825	0.0304942	0.254109	0.662015	0.0163376	0.0367878
1528	0.000114156	0.0136166	0.03818	0.891276	0.0072853	0.0495277
1529	4.04377e-06	0.000482066	0.995424	0.00363022	0.000258073	0.000201729
1530	0.00025583	0.0304907	0.254114	0.662027	0.0163242	0.0367884
1531	1.21381e-09	1.44731e-07	1.20567e-06	0.947355	7.74608e-08	0.0526439
1532	8.69467e-07	0.000103629	0.000863635	0.946386	5.55371e-05	0.0525901
1533	1.28074e-08	1.5266e-06	4.41327e-06	0.94735	8.17248e-07	0.0526436
1534	7.48583e-10	8.92384e-08	7.43562e-07	0.947355	4.79774e-08	0.052644
1535	0.000255717	0.0309028	0.254002	0.661736	0.0163307	0.0367723
1536	0.000255829	0.030492	0.254113	0.662025	0.0163261	0.0367883
1537	1.26507e-07	1.50827e-05	0.999631	0.00032737	8.09481e-06	1.81917e-05
1538	1.91979e-06	0.000228831	0.00190691	0.945215	0.000122519	0.052525
1539	5.40585e-06	0.000644551	0.0018334	0.944677	0.000345021	0.0524951
1540	5.94316e-10	0.999999	1.97949e-07	5.15705e-07	3.79221e-08	2.86574e-08
1541	0.000683492	0.0815526	0.232944	0.606874	0.044223	0.0337236
1542	0.000255825	0.030495	0.25411	0.662015	0.0163363	0.0367878
1543	0.000255822	0.0305098	0.254106	0.662005	0.0163361	0.0367872
1544	1.05367e-21	1	3.54214e-19	9.2281e-19	6.72394e-20	5.128e-20
1545	3.5259e-05	0.00421236	0.0350225	0.908015	0.00225711	0.0504578
1546	3.54744e-08	0.999866	3.52365e-05	9.17993e-05	2.28899e-06	5.10123e-06
1547	6.48001e-07	7.72339e-05	0.000218074	0.947036	4.135e-05	0.0526262
1548	6.0422e-09	7.20265e-07	6.00168e-06	0.947349	3.85584e-07	0.0526436
1549	0.000255818	0.03052	0.254103	0.661998	0.0163372	0.0367868
1550	7.55508e-06	0.00090064	0.977972	0.0195508	0.000482275	0.00108642
1551	4.68234e-08	5.58073e-06	1.57576e-05	0.947333	2.98785e-06	0.0526427
1552	1.75313e-07	2.09179e-05	0.999489	0.000453668	1.11889e-05	2.521e-05
1553	2.48464e-05	0.00296344	0.971982	0.0222093	0.00158662	0.00123416
1554	4.34361e-08	5.18027e-06	4.31447e-05	0.947308	2.77293e-06	0.0526413
1555	0.000255823	0.0304972	0.254107	0.662008	0.0163449	0.0367874
1556	6.53951e-07	7.79435e-05	0.000226522	0.947027	4.17293e-05	0.0526257
1557	3.5941e-05	0.00428639	0.0120508	0.929671	0.00229414	0.0516613
1558	0.000255823	0.0304972	0.254107	0.662008	0.0163449	0.0367874
1559	0.000255824	0.0305101	0.254108	0.662012	0.0163256	0.0367876
1560	0.0002558	0.0306011	0.254085	0.66195	0.0163237	0.0367842
1561	6.60365e-07	7.8722e-05	0.000655936	0.946619	4.26102e-05	0.052603
1562	1.74771e-12	2.08301e-10	1.73599e-09	4.52266e-09	1	2.51321e-10
1563	9.19604e-08	1.097e-05	9.13436e-05	0.947253	6.04282e-06	0.0526383
1564	6.01633e-06	0.00071757	0.993125	0.00546406	0.000384007	0.000303635
1565	9.93064e-09	1.18394e-06	9.86404e-06	0.947345	6.34483e-07	0.0526434
1566	1.62837e-05	0.00194092	0.00551178	0.939296	0.00103937	0.0521961
1567	1.62837e-05	0.0019419	0.00551178	0.939295	0.00103935	0.052196
1568	7.68696e-10	0.999997	7.6354e-07	1.9892e-06	4.90629e-08	1.10539e-07
1569	4.46162e-06	0.000531829	0.0015053	0.00392167	0.993819	0.000217925
1570	0.00025583	0.0304915	0.254114	0.662026	0.0163246	0.0367884
1571	1.35486e-08	1.61523e-06	0.99996	3.50606e-05	8.65116e-07	1.9483e-06
1572	0.000255819	0.0305169	0.254104	0.662	0.0163372	0.0367869
1573	0.000685418	0.0818613	0.232988	0.606988	0.0437476	0.03373
1574	0.000677358	0.080778	0.233409	0.608087	0.0432577	0.033791
1575	3.25473e-10	0.999999	3.2329e-07	8.42246e-07	2.07714e-08	4.68031e-08
1576	7.74913e-07	9.23911e-05	0.000769715	0.946492	4.94975e-05	0.052596
1577	0.00068081	0.0829846	0.232743	0.60635	0.0435471	0.0336945
1578	1.75556e-08	2.09294e-06	1.74379e-05	0.947336	1.12606e-06	0.0526429
1579	1.16533e-06	0.000138891	0.998709	0.00101962	7.44351e-05	5.66597e-05
1580	6.99831e-08	8.34169e-06	6.95137e-05	0.947278	4.46607e-06	0.0526397
1581	1.10753e-08	1.32001e-06	3.75621e-06	0.947351	7.08202e-07	0.0526437
1582	2.65081e-07	3.15987e-05	8.99027e-05	0.947225	1.69161e-05	0.0526367
1583	3.96147e-07	4.72567e-05	0.00039349	0.946914	2.52969e-05	0.0526194
1584	0.000255827	0.030499	0.254111	0.662019	0.0163273	0.036788
1585	0.000255784	0.0306191	0.254068	0.661908	0.0163669	0.0367818
1586	3.52437e-16	1	3.50073e-13	9.12023e-13	2.24993e-14	5.06806e-14
1587	4.03004e-08	4.80493e-06	4.00301e-05	0.947311	2.64818e-06	0.0526415
1588	3.01357e-07	3.59302e-05	0.000299336	0.94702	1.92413e-05	0.0526253
1589	8.9861e-07	0.000107152	0.99738	0.00232539	5.73986e-05	0.00012922
1590	0.000593148	0.212071	0.199853	0.520663	0.0378872	0.0289329
1591	9.1761e-05	0.010939	0.895701	0.0828076	0.00585919	0.00460157
1592	3.70623e-06	0.000441886	0.00368138	0.943222	0.000236571	0.0524143
1593	0.000255829	0.0304954	0.254113	0.662024	0.0163241	0.0367883
1594	4.52379e-07	5.39198e-05	0.000157703	0.947128	2.8867e-05	0.0526313
1595	0.000255829	0.0304927	0.254113	0.662025	0.0163253	0.0367883
1596	3.10471e-06	0.000370021	0.00103409	0.945835	0.000198111	0.0525595
1597	2.0437e-05	0.00243639	0.00698663	0.937174	0.00130426	0.0520782
1598	2.00593e-07	2.39171e-05	0.000199248	0.947132	1.28206e-05	0.0526316
1599	1.10667e-09	1.35314e-07	1.09925e-06	0.947355	7.06264e-08	0.0526439
1600	4.56298e-09	0.999994	1.54184e-06	4.01685e-06	2.91243e-07	2.23214e-07
1601	5.28319e-08	6.2972e-06	1.81268e-05	0.94733	3.37199e-06	0.0526425
1602	1.54896e-06	0.000184622	0.998277	0.0013615	9.92744e-05	7.56579e-05
1603	0.00025579	0.0304912	0.254075	0.661925	0.0164706	0.0367828
1604	4.57126e-13	5.45143e-11	1.53062e-10	3.98763e-10	1	2.2159e-11
1605	3.87821e-06	0.000462285	0.00130136	0.945447	0.000247475	0.0525379
1606	1.10599e-07	1.31828e-05	0.999876	9.82013e-05	7.05735e-06	5.45699e-06
1607	6.35188e-06	0.000757053	0.00213327	0.944228	0.00040556	0.0524702
1608	3.70623e-06	0.00044176	0.00368137	0.943222	0.000237255	0.0524143
1609	5.28895e-06	0.000630521	0.00525348	0.941457	0.000337597	0.0523162
1610	1.11098e-07	1.3244e-05	3.84832e-05	0.9473	7.09347e-06	0.0526409
1611	1.08507e-12	1.29805e-10	1.07779e-09	2.80789e-09	1	1.56033e-10
1612	5.98212e-07	7.13212e-05	0.000201102	0.947061	3.8174e-05	0.0526276
1613	7.30068e-08	0.999714	7.25172e-05	0.000188924	1.39752e-05	1.04984e-05
1614	0.000255711	0.030902	0.253996	0.661719	0.0163562	0.0367713
1615	9.04405e-07	0.00010779	0.000302329	0.946912	5.77132e-05	0.0526193
1616	0.000255824	0.03051	0.254108	0.662011	0.0163282	0.0367875
1617	2.7186e-10	1	9.32759e-08	2.43006e-07	1.73603e-08	1.35037e-08
1618	0.000689978	0.0822743	0.232791	0.606476	0.0440677	0.0337015
1619	2.49313e-09	2.97232e-07	8.69122e-07	0.947355	1.61898e-07	0.0526439
1620	2.09539e-07	2.49821e-05	0.000208134	0.947122	1.33817e-05	0.052631
1621	4.35101e-08	5.18571e-06	1.47275e-05	0.947334	2.77656e-06	0.0526428
1622	0.000255825	0.0305026	0.254109	0.662015	0.0163299	0.0367878
1623	0.000689027	0.0821336	0.232823	0.606559	0.0440888	0.0337061
1624	7.60779e-14	1	2.55285e-11	6.65078e-11	4.85514e-12	3.6958e-12
1625	4.4241e-09	0.999994	1.52449e-06	3.97166e-06	2.82386e-07	2.20703e-07
1626	2.54989e-07	0.999655	8.74873e-05	0.000227925	1.62874e-05	1.26657e-05
1627	1.05196e-07	1.25389e-05	3.58523e-05	0.947304	6.71413e-06	0.0526411
1628	0.000255821	0.0304908	0.254105	0.662003	0.0163582	0.0367871
1629	2.60785e-07	3.10813e-05	9.03331e-05	0.947225	1.66456e-05	0.0526367
1630	1.13796e-07	1.35646e-05	0.000113033	0.947229	7.26174e-06	0.0526369
1631	0.000255734	0.0304844	0.254018	0.661778	0.0166893	0.0367746
1632	0.000157862	0.0188169	0.822538	0.140597	0.0100778	0.00781288
1633	7.31758e-06	0.000872606	0.00255096	0.943663	0.00046717	0.0524388
1634	1.80784e-06	0.000215553	0.994729	0.00467827	0.000115524	0.000259969
1635	0.000480646	0.0572966	0.162691	0.709439	0.0306695	0.0394231
1636	7.61983e-09	9.08699e-07	7.56872e-06	0.947347	4.87392e-07	0.0526435
1637	1.17382e-08	1.39929e-06	3.96636e-06	1.03333e-05	0.999984	5.74216e-07
1638	3.58757e-07	4.29178e-05	0.000356351	0.946956	2.28986e-05	0.0526218
1639	0.000255829	0.0304928	0.254113	0.662024	0.0163261	0.0367883
1640	0.000255811	0.030502	0.254095	0.661977	0.0163845	0.0367857
1641	0.000255783	0.0305828	0.254067	0.661906	0.0164065	0.0367817
1642	7.4718e-08	8.90571e-06	2.57469e-05	0.947319	4.76801e-06	0.0526419
1643	2.13518e-06	0.000254474	0.000720386	0.946301	0.000136251	0.0525854
1644	0.000231799	0.121553	0.230244	0.599841	0.0147979	0.0333328
1645	1.97067e-08	2.35434e-06	0.999943	5.09962e-05	1.25863e-06	2.83383e-06
1646	0.000698618	0.0832608	0.23239	0.60543	0.0445781	0.0336434
1647	0.000255816	0.0305027	0.2541	0.661992	0.016363	0.0367865
1648	0.000686678	0.0821466	0.232888	0.606728	0.0438353	0.0337155
1649	0.000673802	0.0803271	0.233398	0.608057	0.0437552	0.0337893
1650	3.13952e-05	0.00374516	0.964704	0.0279616	0.0020041	0.00155381
1651	1.33616e-08	1.59271e-06	4.54187e-06	0.947349	8.53233e-07	0.0526436
1652	1.12474e-07	1.34171e-05	0.999672	0.000291056	7.17929e-06	1.61738e-05
1653	0.000633413	0.0754975	0.214031	0.557602	0.12125	0.0309856
1654	1.07258e-05	0.00127843	0.988144	0.00936251	0.000684483	0.000520269
1655	8.50486e-12	1.01371e-09	8.44781e-09	0.947356	5.4473e-10	0.052644
1656	4.10588e-06	0.000489535	0.00141483	0.9453	0.000262262	0.0525297
1657	5.85913e-08	6.98728e-06	5.81983e-05	0.947291	3.74408e-06	0.0526404
1658	6.18646e-08	0.999766	6.14497e-05	0.000160091	3.94858e-06	8.89616e-06
1659	5.23892e-12	6.24409e-10	5.20378e-09	0.947356	3.3457e-10	0.052644
1660	5.58308e-06	0.00066608	0.983721	0.0144477	0.000356362	0.00080285
1661	0.00025569	0.0310123	0.253975	0.661666	0.0163224	0.0367684
1662	5.85913e-08	6.98479e-06	5.81983e-05	0.947291	3.74348e-06	0.0526404
1663	4.8998e-07	5.84094e-05	0.000486694	0.946809	3.12866e-05	0.0526136
1664	5.02952e-05	0.00599579	0.0169948	0.922487	0.00321002	0.051262
1665	1.27833e-05	0.0015243	0.00440496	0.940953	0.000816446	0.0522882
1666	0.000255816	0.0305382	0.2541	0.66199	0.0163293	0.0367864
1667	8.83723e-06	0.00105353	0.990035	0.00789927	0.000563949	0.000438958
1668	2.43134e-06	0.000289825	0.000837809	0.946138	0.000155186	0.0525763
1669	9.14234e-05	0.0108965	0.898353	0.0803592	0.0058341	0.00446551
1670	1.50682e-06	0.000179604	0.000508384	0.946612	9.61499e-05	0.0526026
1671	5.14857e-06	0.000613956	0.00511404	0.941611	0.000330989	0.0523248
1672	6.60366e-07	7.87621e-05	0.000655937	0.946619	4.21662e-05	0.0526031
1673	1.6273e-07	1.94302e-05	5.60747e-05	0.947274	1.03844e-05	0.0526395
1674	0.000420974	0.0501747	0.143474	0.738044	0.0268736	0.0410127
1675	5.0576e-07	6.02987e-05	0.000502367	0.946792	3.22789e-05	0.0526127
1676	0.000255795	0.0306005	0.25408	0.661937	0.0163431	0.0367835
1677	3.10106e-05	0.00369691	0.0104785	0.931948	0.00205779	0.0517878
1678	1.56169e-06	0.000186204	0.000524038	0.946587	9.97335e-05	0.0526013
1679	0.000694603	0.0827963	0.232578	0.605921	0.0443396	0.0336707
1680	3.00081e-10	1	1.00879e-07	2.62814e-07	1.91523e-08	1.46044e-08
1681	1.55862e-10	1.86061e-08	1.54817e-07	4.03334e-07	0.999999	2.2413e-08
1682	2.8283e-08	3.3715e-06	9.66889e-06	0.947342	1.80502e-06	0.0526432
1683	2.8466e-09	3.39326e-07	2.8275e-06	0.947353	1.81653e-07	0.0526438
1684	0.000255598	0.0304734	0.253884	0.661427	0.0172053	0.0367551
1685	4.22655e-06	0.000503766	0.0014449	0.94525	0.000269728	0.052527
1686	3.10155e-07	3.69712e-05	0.000104075	0.947203	1.98042e-05	0.0526355
1687	0.000370779	0.044199	0.127215	0.762189	0.0236713	0.0423544
1688	0.000255824	0.0304995	0.254108	0.662012	0.0163375	0.0367876
1689	0.000255516	0.0316688	0.253802	0.661215	0.0163154	0.0367433
1690	0.000255806	0.0305721	0.254091	0.661966	0.0163299	0.0367851
1691	0.000697184	0.0830924	0.232448	0.605582	0.0445279	0.0336519
1692	0.000143284	0.0170835	0.836266	0.130131	0.00914441	0.00723132
1693	1.05196e-07	1.25432e-05	3.58523e-05	0.947304	6.71319e-06	0.0526411
1694	5.05254e-06	0.000602538	0.00501865	0.0130748	0.980572	0.000726558
1695	9.19604e-08	1.09626e-05	9.13436e-05	0.947253	5.90447e-06	0.0526383
1696	8.69467e-07	0.000103656	0.000863635	0.946386	5.54848e-05	0.0525901
1697	2.21663e-07	2.64423e-05	0.000220176	0.947109	1.41898e-05	0.0526303
1698	1.13796e-07	1.36001e-05	0.000113033	0.947229	7.26347e-06	0.0526369
1699	1.95467e-05	0.00232996	0.943009	0.0505822	0.00124811	0.00281082
1700	7.31758e-06	0.000872525	0.00255096	0.943663	0.000467361	0.0524388
1701	2.78425e-07	0.999627	9.46425e-05	0.000246566	1.77771e-05	1.37015e-05
1702	0.000255822	0.030501	0.254106	0.662005	0.0163448	0.0367872
1703	0.000255817	0.0304995	0.254101	0.661994	0.016363	0.0367866
1704	1.6167e-05	0.00192678	0.0054349	0.939389	0.00103172	0.0522013
1705	2.14025e-11	1	7.23193e-09	1.88409e-08	1.36617e-09	1.04698e-09
1706	2.90499e-10	0.999999	2.88551e-07	7.51742e-07	1.86333e-08	4.17739e-08
1707	5.38182e-07	0.99796	0.000534572	0.00139269	3.43441e-05	7.73907e-05
1708	0.000255824	0.030498	0.254108	0.662012	0.016339	0.0367876
1709	4.0955e-07	4.8968e-05	0.000406803	0.00105982	0.998425	5.88934e-05
1710	0.000674229	0.0804865	0.233546	0.608442	0.0430406	0.0338108
1711	1.6796e-13	1	1.66833e-10	4.34639e-10	1.07349e-11	2.41527e-11
1712	9.14234e-05	0.0108975	0.898353	0.0803592	0.00583369	0.00446551
1713	5.28895e-06	0.000631253	0.00525347	0.941456	0.000337738	0.0523161
1714	0.000700243	0.0834546	0.232305	0.605209	0.0446997	0.0336311
1715	0.000371545	0.0443219	0.580909	0.33211	0.0238318	0.0184552
1716	4.92692e-09	5.87293e-07	4.89387e-06	0.947351	3.14433e-07	0.0526437
1717	4.16774e-08	4.96766e-06	0.999878	0.000107851	2.66503e-06	5.99323e-06
1718	1.302e-06	0.000155172	0.000432812	0.00112758	0.99822	6.26588e-05
1719	0.00025583	0.0304904	0.254114	0.662027	0.0163242	0.0367884
1720	6.74151e-08	8.04062e-06	6.69629e-05	0.947281	4.30304e-06	0.0526398
1721	1.53612e-06	0.000183586	0.00152582	0.945642	9.80856e-05	0.0525488
1722	1.9914e-11	2.37911e-09	1.97805e-08	0.947356	1.29317e-09	0.052644
1723	1.13796e-07	1.35699e-05	0.000113033	0.947229	7.26366e-06	0.0526369
1724	5.05298e-13	6.03895e-11	5.01908e-10	0.947356	3.22474e-11	0.052644
1725	4.99912e-08	0.999811	4.9656e-05	0.000129365	3.19285e-06	7.18876e-06
1726	1.07568e-08	1.28869e-06	0.999969	2.7836e-05	6.86735e-07	1.54683e-06
1727	4.08332e-09	0.999995	1.36436e-06	3.55448e-06	2.60558e-07	1.9752e-07
1728	1.5157e-08	1.80713e-06	1.50553e-05	0.947339	9.68949e-07	0.0526431
1729	5.58307e-06	0.000665455	0.98372	0.0144477	0.000358923	0.000802848
1730	3.58757e-07	4.27659e-05	0.000356351	0.946956	2.30346e-05	0.0526218
1731	0.00069413	0.0828334	0.232571	0.605903	0.0443288	0.0336697
1732	1.07685e-06	0.000128347	0.000368133	0.94682	6.87358e-05	0.0526142
1733	7.07367e-07	8.43286e-05	0.000235843	0.947009	4.51485e-05	0.0526247
1734	0.000255819	0.0305018	0.254103	0.661999	0.0163539	0.0367869
1735	0.000158542	0.0188994	0.0532	0.869318	0.0101165	0.0483075
1736	1.40368e-05	0.0016737	0.959074	0.0363239	0.000895915	0.0020185
1737	0.000255789	0.0306443	0.254074	0.661922	0.0163222	0.0367826
1738	1.57059e-09	1.8749e-07	1.56005e-06	4.06431e-06	0.999994	2.25851e-07
1739	2.43133e-06	0.000289798	0.000837808	0.946137	0.000156882	0.0525763
1740	0.00068552	0.081726	0.233022	0.607078	0.0437532	0.033735
1741	0.000255823	0.0305121	0.254108	0.66201	0.0163269	0.0367875
1742	3.15243e-07	3.76323e-05	0.999077	0.000815773	2.36737e-05	4.5332e-05
1743	9.31115e-09	0.999987	3.18313e-06	8.2928e-06	5.94214e-07	4.60826e-07
1744	0.000255817	0.0305383	0.254101	0.661993	0.0163249	0.0367866
1745	2.31138e-07	2.75482e-05	7.93039e-05	0.947241	1.47491e-05	0.0526376
1746	0.000679858	0.0811585	0.233261	0.6077	0.0434311	0.0337695
1747	0.00069879	0.0832836	0.23238	0.605405	0.0445904	0.033642
1748	0.000255823	0.0305013	0.254108	0.66201	0.0163375	0.0367875
1749	1.14724e-07	1.3674e-05	0.000113954	0.947228	7.32797e-06	0.0526369
1750	3.29876e-09	3.9327e-07	3.27664e-06	0.947352	2.10525e-07	0.0526438
1751	1.14134e-07	1.36278e-05	0.000113369	0.947229	7.28435e-06	0.0526369
1752	4.44355e-08	5.29627e-06	1.50148e-05	0.947334	2.83548e-06	0.0526428
1753	7.43427e-09	8.86195e-07	7.38441e-06	0.947348	4.75063e-07	0.0526435
1754	1.29638e-08	0.999982	4.46715e-06	1.1638e-05	8.27369e-07	6.46716e-07
1755	9.05155e-05	0.0107894	0.0313536	0.0816836	0.871544	0.00453911
1756	2.21663e-07	2.64519e-05	0.000220176	0.947109	1.41529e-05	0.0526303
1757	2.61408e-08	3.11999e-06	0.999924	6.76462e-05	1.66994e-06	3.75906e-06
1758	3.70426e-07	4.41551e-05	0.00012563	0.947172	2.36374e-05	0.0526338
1759	0.000255786	0.0305346	0.25407	0.661913	0.0164439	0.0367821
1760	4.09213e-07	4.88154e-05	0.000141747	0.94715	2.61149e-05	0.0526326
1761	3.888e-09	4.63574e-07	3.86192e-06	0.947352	2.48691e-07	0.0526438
1762	1.77975e-06	0.000212272	0.000616487	0.946461	0.000114158	0.0525943
1763	2.51497e-07	2.99737e-05	8.41141e-05	0.947232	1.60504e-05	0.0526371
1764	6.14845e-05	0.00732956	0.930411	0.0551967	0.00393422	0.00306725
1765	0.000122024	0.0145538	0.644173	0.315769	0.00783475	0.0175471
1766	1.26577e-06	0.000151011	0.000441258	0.946717	8.10719e-05	0.0526085
1767	3.94315e-06	0.000470054	0.00137461	0.945366	0.000251709	0.0525334
1768	0.000255822	0.0305098	0.254106	0.662007	0.0163339	0.0367873
1769	0.000255825	0.030505	0.254109	0.662013	0.0163294	0.0367877
1770	4.87181e-06	0.000584978	0.994458	0.00439645	0.000311186	0.000244308
1771	0.000677856	0.0808144	0.227281	0.59212	0.0662029	0.0329038
1772	0.000255798	0.0305091	0.254082	0.661945	0.0164239	0.0367839
1773	0.000670542	0.0799292	0.233756	0.60899	0.0428133	0.0338412
1774	1.29894e-06	0.00015481	0.000436246	0.946716	8.28889e-05	0.0526085
1775	1.6273e-07	1.93998e-05	5.60747e-05	0.947275	1.03869e-05	0.0526395
1776	0.000695812	0.0829365	0.232491	0.605695	0.0445229	0.0336581
1777	5.7333e-07	6.84743e-05	0.000569484	0.946716	3.66309e-05	0.0526085
1778	1.06917e-08	1.27432e-06	0.999969	2.76677e-05	6.82257e-07	1.53748e-06
1779	2.03856e-05	0.00242955	0.00677658	0.937383	0.00130077	0.0520898
1780	7.15477e-09	0.999973	7.10679e-06	1.85149e-05	4.58556e-07	1.02886e-06
1781	2.43134e-06	0.000289851	0.000837809	0.946138	0.000155186	0.0525763
1782	1.21112e-08	1.44395e-06	1.203e-05	3.13409e-05	0.999953	1.7416e-06
1783	2.9047e-07	4.15332e-05	9.78699e-05	0.947206	1.85354e-05	0.0526357
1784	6.18425e-05	0.00737422	0.0207697	0.90942	0.0118381	0.0505359
1785	8.06553e-12	1	2.71432e-09	7.07143e-09	5.14661e-10	3.92955e-10
1786	5.94329e-07	7.10611e-05	0.998267	0.00153798	3.83492e-05	8.54647e-05
1787	4.196e-09	5.00084e-07	1.43966e-06	0.947354	2.67745e-07	0.0526439
1788	7.94753e-18	1	2.64597e-15	6.89339e-15	5.07147e-16	3.83061e-16
1789	1.9937e-06	0.000237623	0.000674835	0.946369	0.00012722	0.0525892
1790	0.000255805	0.0305312	0.25409	0.661963	0.0163754	0.0367849
1791	9.16201e-07	0.000109294	0.000315712	0.946897	5.8682e-05	0.0526185
1792	3.1261e-07	3.72595e-05	0.000104328	0.947202	2.01712e-05	0.0526355
1793	0.000255817	0.0305326	0.254102	0.661994	0.016329	0.0367866
1794	0.000255785	0.0305128	0.254069	0.66191	0.0164703	0.0367819
1795	0.000100985	0.0120478	0.100307	0.834701	0.00645935	0.0463838
1796	6.39272e-06	0.000762218	0.992045	0.00564842	0.00122372	0.000313879
1797	0.00025582	0.0305239	0.254105	0.662003	0.0163259	0.0367871
1798	0.00068394	0.0815357	0.233097	0.607272	0.0436663	0.0337457
1799	5.85913e-08	6.98529e-06	5.81983e-05	0.947291	3.74909e-06	0.0526404
1800	0.000192786	0.0229829	0.0667789	0.173975	0.726403	0.00966768
1801	0.000255826	0.0305027	0.25411	0.662017	0.0163258	0.0367879
1802	5.77736e-12	6.89827e-10	5.73861e-09	0.947356	3.69333e-10	0.052644
1803	7.47114e-06	0.000890617	0.00742103	0.939023	0.000476864	0.0521809
1804	0.00069272	0.0826276	0.232649	0.606107	0.0442428	0.033681
1805	1.37413e-07	1.64038e-05	0.999844	0.000124005	8.76984e-06	6.89091e-06
1806	1.27591e-08	1.52069e-06	4.31131e-06	0.94735	8.16416e-07	0.0526437
1807	3.33795e-09	3.97816e-07	0.99999	8.63783e-06	2.1307e-07	4.79999e-07
1808	0.000614068	0.0734603	0.207852	0.643133	0.0392017	0.0357385
1809	2.08552e-07	2.48644e-05	0.999767	0.000184688	1.33114e-05	1.0263e-05
1810	0.000255793	0.0305593	0.254077	0.661931	0.016394	0.0367831
1811	1.45733e-05	0.00176115	0.98341	0.0131514	0.000931639	0.000730814
1812	0.000685525	0.0817229	0.233024	0.607083	0.0437497	0.0337352
1813	0.000255827	0.0304948	0.254111	0.662019	0.0163318	0.036788
1814	4.84397e-06	0.000577633	0.00481148	0.941953	0.000309376	0.0523438
1815	0.000186575	0.0222364	0.0621426	0.855964	0.0119051	0.0475654
1816	0.000695309	0.082876	0.232548	0.605843	0.0443712	0.0336663
1817	5.41618e-08	6.45529e-06	0.99994	4.74354e-05	3.45634e-06	2.63596e-06
1818	1.03834e-07	1.23808e-05	3.52953e-05	0.947304	6.62686e-06	0.0526411
1819	4.56783e-05	0.00544957	0.0157402	0.924473	0.00291892	0.0513724
1820	1.21381e-09	1.44849e-07	1.20567e-06	0.947355	8.34857e-08	0.0526439
1821	4.196e-09	5.00423e-07	1.43966e-06	0.947354	2.67745e-07	0.0526439
1822	7.20861e-10	8.61521e-08	7.16026e-07	0.947355	4.6008e-08	0.052644
1823	1.00216e-07	1.19538e-05	0.999708	0.000259335	6.39616e-06	1.44111e-05
1824	0.000255825	0.0304988	0.254109	0.662015	0.0163332	0.0367878
1825	1.33247e-10	0.999999	1.32354e-07	3.44812e-07	8.50449e-09	1.9161e-08
1826	7.74912e-07	9.26119e-05	0.000769715	0.946491	4.95034e-05	0.052596
1827	2.73312e-06	0.000325957	0.000918799	0.946009	0.000174599	0.0525691
1828	1.19565e-14	1.42843e-12	1	3.09406e-11	2.28876e-12	1.71935e-12
1829	8.57221e-07	0.000102189	0.000289656	0.946932	5.46986e-05	0.0526204
1830	1.13796e-07	1.35909e-05	0.000113033	0.947229	7.29914e-06	0.0526369
1831	1.69644e-08	0.999977	5.78172e-06	1.50628e-05	1.10163e-06	8.37028e-07
1832	1.04044e-05	0.00124115	0.0103346	0.93575	0.00066458	0.0519991
1833	1.91739e-07	2.29069e-05	0.000190453	0.947142	1.22488e-05	0.0526321
1834	0.000255829	0.0304925	0.254113	0.662025	0.0163245	0.0367884
1835	0.000255791	0.0306	0.254075	0.661925	0.0163613	0.0367828
1836	1.8788e-09	2.2396e-07	0.999998	1.70633e-06	1.1989e-07	9.48199e-08
1837	4.65019e-06	0.00055423	0.00155248	0.945075	0.000296766	0.0525172
1838	3.01308e-07	3.59471e-05	0.999659	0.000270494	1.92278e-05	1.50312e-05
1839	4.40295e-07	5.25105e-05	0.000437342	0.946865	2.81094e-05	0.0526167
1840	1.83433e-07	2.18679e-05	0.000182202	0.947151	1.17065e-05	0.0526326
1841	0.000224911	0.147661	0.223402	0.582016	0.0143537	0.0323423
1842	0.000674207	0.0805223	0.233538	0.608423	0.0430329	0.0338097
1843	7.96913e-05	0.00949981	0.0271599	0.907733	0.00508548	0.0504422
1844	1.11098e-07	1.3244e-05	3.84832e-05	0.9473	7.08969e-06	0.0526409
1845	1.12474e-07	1.34069e-05	0.999672	0.000291056	7.20388e-06	1.61738e-05
1846	0.000690836	0.0823441	0.232767	0.606414	0.0440855	0.0336981
1847	0.000255825	0.0305101	0.254109	0.662013	0.0163244	0.0367877
1848	4.75881e-07	0.999307	0.000160341	0.000417727	9.10948e-05	2.32128e-05
1849	2.99453e-08	0.999887	2.97444e-05	7.74912e-05	1.91255e-06	4.30614e-06
1850	0.000693794	0.0826896	0.232625	0.606043	0.0442713	0.0336774
1851	3.12938e-07	0.999584	0.00010544	0.000274697	1.99778e-05	1.52647e-05
1852	7.58517e-08	9.04334e-06	2.57835e-05	0.947318	4.84502e-06	0.0526419
1853	2.28792e-06	0.000272701	0.99744	0.00202612	0.000146066	0.000112591
1854	1.6167e-05	0.00192788	0.00543489	0.939387	0.00103246	0.0522012
1855	6.96068e-06	0.000830346	0.00237959	0.943887	0.000444566	0.0524512
1856	6.0422e-09	7.2029e-07	6.00168e-06	0.947349	3.85561e-07	0.0526436
1857	7.78169e-05	0.00927608	0.912937	0.0689125	0.0049674	0.00382943
1858	0.000255787	0.030644	0.254071	0.661915	0.0163317	0.0367822
1859	2.93662e-06	0.000350139	0.000993998	0.945902	0.000187407	0.0525632
1860	0.000689991	0.0822723	0.232796	0.606487	0.0440527	0.0337021
1861	2.0437e-05	0.00243645	0.00698663	0.937173	0.00130516	0.0520781
1862	0.00025582	0.030499	0.254104	0.662	0.0163539	0.036787
1863	6.72053e-09	0.999991	2.28445e-06	5.95152e-06	4.28862e-07	3.30723e-07
1864	0.000693785	0.0826928	0.232622	0.606035	0.0442799	0.033677
1865	7.63881e-12	1	7.58757e-09	1.97674e-08	1.46225e-09	1.09846e-09
1866	6.88813e-10	8.20964e-08	2.30153e-07	5.99603e-07	0.999999	3.33196e-08
1867	6.37777e-08	7.60172e-06	6.335e-05	0.947285	4.09086e-06	0.05264
1868	7.8088e-05	0.00930815	0.0261824	0.908939	0.00498347	0.0505092
1869	0.000255759	0.0305314	0.254043	0.661843	0.016548	0.0367782
1870	0.000255828	0.0304953	0.254112	0.662023	0.0163255	0.0367882
1871	4.68234e-08	5.58099e-06	1.57576e-05	0.947333	2.98789e-06	0.0526427
1872	3.65791e-05	0.00436021	0.012505	0.929132	0.00233518	0.0516313
1873	9.88574e-12	1	9.81944e-09	2.5582e-08	6.31614e-10	1.42157e-09
1874	1.43031e-06	0.000170661	0.998387	0.0012785	9.16101e-05	7.10453e-05
1875	0.000692206	0.082502	0.232701	0.60624	0.0441771	0.0336884
1876	0.000696397	0.083007	0.232495	0.605704	0.0444384	0.0336586
1877	6.00074e-09	7.1527e-07	0.999983	1.55285e-05	3.83712e-07	8.62909e-07
1878	1.85307e-07	2.21054e-05	0.99946	0.000479529	1.18268e-05	2.66472e-05
1879	1.58878e-11	1.89963e-09	1	4.11138e-08	1.01463e-09	2.28467e-09
1880	4.60169e-08	5.4869e-06	4.57082e-05	0.947305	2.93657e-06	0.0526412
1881	1.53612e-06	0.000183312	0.00152582	0.945642	9.81607e-05	0.0525488
1882	3.52696e-06	0.000420449	0.00119618	0.945608	0.000225142	0.0525469
1883	2.58311e-06	0.000307913	0.997104	0.00229355	0.000164904	0.000127451
1884	4.97403e-12	1	1.72295e-09	4.4887e-09	3.18583e-10	2.49434e-10
1885	3.24033e-06	0.000386506	0.00111176	0.945737	0.000207	0.0525541
1886	4.73993e-12	1	1.58244e-09	4.12264e-09	3.02679e-10	2.29093e-10
1887	3.42605e-06	0.000408388	0.996137	0.00306242	0.000218651	0.000170177
1888	4.75552e-07	5.66834e-05	0.000472363	0.00123062	0.998171	6.83846e-05
1889	8.9861e-07	0.000107136	0.99738	0.00232539	5.73751e-05	0.00012922
1890	0.000255808	0.0305612	0.254092	0.66197	0.0163352	0.0367853
1891	5.19146e-12	6.18728e-10	1	4.68491e-09	3.31275e-10	2.60338e-10
1892	0.00025583	0.0304911	0.254114	0.662027	0.0163242	0.0367884
1893	2.7761e-10	1	9.43653e-08	2.45844e-07	1.77369e-08	1.36614e-08
1894	1.84265e-08	2.20015e-06	0.999979	1.62811e-05	1.17827e-06	9.0473e-07
1895	0.000364713	0.518939	0.121979	0.317785	0.0232721	0.0176591
1896	1.14134e-07	1.3608e-05	0.000113369	0.947229	7.28389e-06	0.0526369
1897	5.12013e-08	6.10266e-06	5.08579e-05	0.947299	3.26754e-06	0.0526408
1898	0.000697179	0.0831371	0.232446	0.605578	0.0444903	0.0336516
1899	6.99831e-08	8.34301e-06	6.95137e-05	0.947278	4.46614e-06	0.0526397
1900	0.000255808	0.0305723	0.254092	0.661969	0.0163259	0.0367852
1901	0.00069663	0.0830238	0.232487	0.605683	0.0444525	0.0336574
1902	0.000255814	0.0305446	0.254098	0.661986	0.0163297	0.0367861
1903	1.83433e-07	2.18659e-05	0.000182202	0.947151	1.1706e-05	0.0526326
1904	0.000699057	0.0833292	0.232354	0.605336	0.0446434	0.0336382
1905	1.17254e-06	0.000139771	0.000393454	0.946779	7.48384e-05	0.0526119
1906	7.31184e-08	8.72431e-06	2.54896e-05	0.947319	4.66707e-06	0.052642
1907	3.76052e-06	0.000448207	0.995808	0.00331615	0.000240019	0.000184276
1908	0.000255826	0.0304965	0.254111	0.662018	0.0163311	0.0367879
1909	7.35431e-06	0.000876489	0.00245067	0.943752	0.000469268	0.0524438
1910	0.000627475	0.0748452	0.21451	0.558849	0.120114	0.0310549
1911	1.47481e-07	1.75773e-05	5.02638e-05	0.947283	9.41149e-06	0.0526399
1912	1.6167e-05	0.00192694	0.00543489	0.939389	0.00103174	0.0522013
1913	2.73833e-08	3.26628e-06	2.71997e-05	0.947325	1.748e-06	0.0526423
1914	1.09628e-05	0.00130668	0.00372649	0.941915	0.000699714	0.0523416
1915	6.29609e-06	0.000750428	0.993048	0.00548897	0.000401769	0.000305019
1916	4.614e-06	0.00054997	0.00154317	0.94509	0.000294428	0.0525181
1917	5.7333e-07	6.83453e-05	0.000569485	0.946717	3.66087e-05	0.0526085
1918	0.000255815	0.0305275	0.254099	0.661989	0.0163421	0.0367863
1919	0.000693319	0.0826309	0.232649	0.606105	0.0442417	0.0336809
1920	0.000255807	0.0305371	0.254091	0.661968	0.0163624	0.0367852
1921	4.20385e-07	5.0106e-05	0.000141186	0.000367822	0.99942	2.04397e-05
1922	1.00123e-06	0.000119375	0.998889	0.000877827	6.38994e-05	4.87803e-05
1923	5.26314e-07	6.27407e-05	0.999345	0.000465035	0.000100749	2.58417e-05
1924	3.01208e-13	3.59313e-11	2.99188e-10	7.79454e-10	1	4.33138e-11
1925	1.14724e-07	1.36927e-05	0.000113954	0.947228	7.32359e-06	0.0526369
1926	2.19165e-05	0.00261298	0.975601	0.0192934	0.00139885	0.00107212
1927	2.53586e-11	1	8.42527e-09	2.19498e-08	1.61811e-09	1.21974e-09
1928	0.000255803	0.0304912	0.254087	0.661957	0.0164242	0.0367846
1929	1.57355e-11	1.87579e-09	1.563e-08	0.947356	1.00427e-09	0.052644
1930	0.000255505	0.0316675	0.253792	0.661187	0.0163562	0.0367418
1931	7.48583e-10	8.93191e-08	7.43562e-07	0.947355	4.83024e-08	0.052644
1932	1.13796e-07	1.35641e-05	0.000113033	0.947229	7.2621e-06	0.0526369
1933	1.20551e-07	1.43722e-05	4.04871e-05	0.947297	7.6956e-06	0.0526407
1934	2.28381e-11	2.72285e-09	2.2685e-08	0.947356	1.45746e-09	0.052644
1935	1.0658e-06	0.000127032	0.000357357	0.946832	6.8008e-05	0.0526149
1936	1.67252e-07	1.99334e-05	5.57636e-05	0.947274	1.06721e-05	0.0526394
1937	4.7112e-07	5.62843e-05	0.000161058	0.000419594	0.999339	2.33166e-05
1938	0.000693789	0.0826949	0.232623	0.606039	0.0442721	0.0336772
1939	9.00333e-06	0.00107327	0.00302376	0.942922	0.000574705	0.0523976
1940	1.1819e-12	1	3.99365e-10	1.04044e-09	7.54936e-11	5.78166e-11
1941	6.20368e-05	0.00739382	0.0210399	0.916609	0.00396009	0.0509354
1942	2.44754e-11	2.91864e-09	2.43113e-08	0.947356	1.56238e-09	0.052644
1943	1.13796e-07	1.35797e-05	0.000113033	0.947229	7.26464e-06	0.0526369
1944	3.24478e-10	3.8675e-08	0.999999	8.39671e-07	2.0709e-08	4.666e-08
1945	2.51361e-06	0.000299959	0.997155	0.00225655	0.000160437	0.000125395
1946	7.4718e-08	8.90509e-06	2.57469e-05	0.947319	4.76785e-06	0.0526419
1947	3.70621e-06	0.000441957	0.00368135	0.943216	0.000243539	0.0524139
1948	0.000683902	0.0816016	0.233084	0.607238	0.0436492	0.0337438
1949	1.04619e-07	1.24814e-05	0.000103918	0.947239	6.67812e-06	0.0526375
1950	1.77975e-06	0.000212243	0.000616488	0.946462	0.000113583	0.0525943
1951	5.24628e-09	6.25834e-07	1.77928e-06	0.947353	3.3485e-07	0.0526439
1952	8.92927e-07	0.000106421	0.999006	0.000786056	5.69801e-05	4.36806e-05
1953	4.81636e-13	5.74245e-11	1.62746e-10	4.23991e-10	1	2.35609e-11
1954	4.52379e-07	5.39483e-05	0.000157703	0.947128	2.88742e-05	0.0526313
1955	0.000255824	0.0305065	0.254108	0.662012	0.0163304	0.0367876
1956	1.92362e-07	2.29335e-05	0.999439	0.000497787	1.22814e-05	2.76617e-05
1957	0.000255827	0.0305016	0.254111	0.662018	0.0163256	0.036788
1958	1.5818e-05	0.00188648	0.0157119	0.929712	0.00101063	0.0516635
1959	1.13495e-05	0.00135262	0.0037802	0.941797	0.000724229	0.0523351
1960	5.8004e-09	6.91413e-07	1.96335e-06	0.947353	3.70147e-07	0.0526438
1961	5.95558e-24	7.10274e-22	2.04337e-21	5.32347e-21	1	2.95822e-22
1962	3.72473e-05	0.00443985	0.958826	0.032513	0.00237674	0.00180673
1963	1.57405e-07	1.87659e-05	5.29153e-05	0.947278	1.00456e-05	0.0526397
1964	0.000255828	0.0304972	0.254112	0.662022	0.0163248	0.0367882
1965	2.62627e-06	0.000313038	0.000897821	0.946048	0.000167659	0.0525713
1966	1.14984e-05	0.00137077	0.987074	0.0102408	0.000733857	0.000569075
1967	0.000255828	0.0304962	0.254112	0.662022	0.016326	0.0367882
1968	1.61062e-07	1.92025e-05	0.99953	0.00041679	1.02941e-05	2.31608e-05
1969	0.000144088	0.0171731	0.579901	0.372865	0.00919697	0.0207199
1970	1.37223e-06	0.000163603	0.000464479	0.946677	8.76879e-05	0.0526062
1971	0.000388604	0.0463169	0.572382	0.337363	0.0248017	0.0187471
1972	6.37142e-05	0.00760956	0.0632869	0.876277	0.00406862	0.0486942
1973	6.53951e-07	7.79515e-05	0.000226522	0.947027	4.17391e-05	0.0526257
1974	0.000255827	0.0305027	0.254111	0.662018	0.0163244	0.036788
1975	0.000255829	0.0304931	0.254113	0.662025	0.016325	0.0367883
1976	5.70418e-05	0.00680178	0.9363	0.0504004	0.00363984	0.00280072
1977	0.000255822	0.0305001	0.254106	0.662006	0.0163448	0.0367873
1978	0.000255813	0.0305322	0.254098	0.661984	0.0163443	0.0367861
1979	0.000255817	0.0305326	0.254101	0.661993	0.0163312	0.0367866
1980	0.000153968	0.416512	0.152935	0.398432	0.00982635	0.0221406
1981	4.4732e-07	5.33157e-05	0.999494	0.000401574	2.86123e-05	2.23152e-05
1982	0.000693787	0.0826922	0.232622	0.606036	0.0442781	0.0336771
1983	2.79991e-06	0.000333791	0.00278114	0.944233	0.000178701	0.0524705
1984	4.3187e-06	0.000514878	0.00146801	0.945212	0.000275972	0.0525249
1985	2.76385e-09	0.999996	9.20995e-07	2.39941e-06	1.76385e-07	1.33334e-07
1986	1.25669e-06	0.000152422	0.00124826	0.945952	8.03373e-05	0.052566
1987	2.07108e-08	2.46909e-06	7.08022e-06	0.947346	1.32651e-06	0.0526434
1988	2.29334e-07	2.73394e-05	7.64409e-05	0.947244	1.46458e-05	0.0526378
1989	0.000685525	0.0817213	0.233024	0.607083	0.0437514	0.0337352
1990	0.000699597	0.0833821	0.23234	0.605301	0.0446415	0.0336362
1991	0.000255823	0.0305049	0.254108	0.66201	0.016334	0.0367875
1992	0.000686159	0.0820846	0.232712	0.60627	0.0445576	0.03369
1993	9.98368e-09	1.18985e-06	3.33585e-06	0.947351	6.37052e-07	0.0526437
1994	1.26507e-07	1.50792e-05	0.999631	0.00032737	8.16288e-06	1.81917e-05
1995	0.000255826	0.0304916	0.25411	0.662016	0.0163391	0.0367878
1996	2.01038e-07	2.39945e-05	0.99977	0.000182583	1.2831e-05	1.0146e-05
1997	0.000255821	0.0304991	0.254105	0.662003	0.0163504	0.0367871
1998	1.6273e-07	1.93998e-05	5.60747e-05	0.947275	1.03853e-05	0.0526395
1999	1.47481e-07	1.75774e-05	5.02638e-05	0.947283	9.4144e-06	0.0526399
2000	0.000255807	0.0305611	0.254092	0.661968	0.016338	0.0367852
2001	0.000255804	0.0305853	0.254088	0.66196	0.0163261	0.0367847
2002	1.85538e-06	0.000221135	0.000618115	0.946447	0.000118391	0.0525935
2003	0.000254938	0.0338687	0.253228	0.65972	0.0162678	0.0366602
2004	0.000695298	0.0828715	0.232545	0.605834	0.0443893	0.0336658
2005	2.76651e-05	0.00329775	0.969157	0.024396	0.00176569	0.00135567
2006	3.16984e-08	3.77947e-06	3.14858e-05	0.947321	2.02693e-06	0.052642
2007	1.63303e-06	0.00019464	0.000549567	0.946551	0.00010421	0.0525993
2008	0.00025582	0.030499	0.254104	0.662	0.0163539	0.036787
2009	1.48408e-07	1.77037e-05	0.999833	0.000132177	9.47094e-06	7.34498e-06
2010	0.000690027	0.0822449	0.232808	0.606519	0.0440347	0.0337039
2011	6.80431e-10	8.11553e-08	6.75867e-07	1.76079e-06	0.999997	9.78463e-08
2012	1.5206e-07	1.81319e-05	5.19834e-05	0.94728	9.70391e-06	0.0526398
2013	0.000255821	0.0304941	0.254105	0.662004	0.016354	0.0367872
2014	0.000688042	0.0820521	0.232891	0.606737	0.043915	0.033716
2015	1.05767e-11	1.26079e-09	1.05058e-08	0.947356	6.77433e-10	0.052644
2016	0.000255824	0.030498	0.254108	0.662012	0.016339	0.0367876
2017	1.34416e-08	1.60331e-06	1.33514e-05	0.947341	8.57984e-07	0.0526432
2018	4.99749e-08	5.96052e-06	1.73108e-05	0.947331	3.19126e-06	0.0526426
2019	0.000255823	0.0305081	0.254108	0.66201	0.0163309	0.0367875
2020	2.3542e-06	0.991078	0.00233841	0.0060921	0.00015029	0.000338535
2021	2.90861e-11	3.4749e-09	1	7.5268e-08	1.85628e-09	4.1826e-09
2022	1.85307e-07	2.21077e-05	0.99946	0.000479529	1.18352e-05	2.66472e-05
2023	0.000255754	0.0304896	0.254039	0.66183	0.0166081	0.0367775
2024	1.12474e-07	1.34092e-05	0.999672	0.000291056	7.17878e-06	1.61738e-05
2025	2.1925e-07	2.61304e-05	7.38731e-05	0.947248	1.399e-05	0.052638
2026	9.93064e-09	1.18453e-06	9.86404e-06	0.947345	6.33879e-07	0.0526434
2027	1.47606e-06	0.000176081	0.000508633	0.946617	9.42208e-05	0.0526029
2028	7.59214e-08	9.04833e-06	2.5654e-05	0.947318	4.84458e-06	0.0526419
2029	4.45241e-09	0.999983	4.42254e-06	1.15218e-05	2.84169e-07	6.40258e-07
2030	0.000255802	0.0305432	0.254086	0.661955	0.0163752	0.0367844
2031	0.000255819	0.0305279	0.254103	0.661998	0.0163279	0.0367869
2032	4.72506e-07	5.63246e-05	0.999475	0.000415323	3.01541e-05	2.30792e-05
2033	1.34416e-08	1.6024e-06	1.33514e-05	0.947341	8.58138e-07	0.0526432
2034	0.000255816	0.030504	0.2541	0.661991	0.0163629	0.0367864
2035	0.000255827	0.0305007	0.254111	0.662018	0.0163267	0.036788
2036	2.07662e-07	2.47501e-05	0.99977	0.000181697	1.32511e-05	1.00968e-05
2037	1.2977e-06	0.000154717	0.998541	0.00115577	8.28443e-05	6.42256e-05
2038	0.000255795	0.0306205	0.25408	0.661938	0.016323	0.0367835
2039	1.1501e-07	1.37129e-05	0.000114239	0.947228	7.33933e-06	0.0526369
2040	8.54863e-06	0.00101882	0.990621	0.00739531	0.000545475	0.000410953
2041	0.000693782	0.0827041	0.232621	0.606032	0.0442726	0.0336768
2042	0.000255782	0.0306434	0.254066	0.661902	0.0163515	0.0367815
2043	7.4718e-08	8.90769e-06	2.57469e-05	0.947319	4.76906e-06	0.0526419
2044	4.29268e-06	0.000512685	0.987483	0.0111084	0.000274141	0.000617289
2045	5.2404e-11	6.24696e-09	5.20525e-08	1.35609e-07	1	7.53571e-09
2046	0.000690795	0.082362	0.232754	0.606378	0.0441198	0.0336961
2047	4.39073e-06	0.000523337	0.00148619	0.945183	0.000280185	0.0525232
2048	3.71018e-07	0.999507	0.000125009	0.000325679	2.36762e-05	1.80978e-05
2049	2.0588e-06	0.000245963	0.00204499	0.945059	0.000131438	0.0525164
2050	1.1501e-07	1.37173e-05	0.000114239	0.947228	7.34423e-06	0.0526369
2051	4.29268e-06	0.000512192	0.987483	0.0111084	0.000274421	0.000617289
2052	5.26592e-07	6.34637e-05	0.998463	0.0013627	3.41957e-05	7.57242e-05
2053	1.92875e-05	0.00229889	0.978702	0.016815	0.00123076	0.0009344
2054	0.00069462	0.0827897	0.232584	0.605935	0.0443257	0.0336714
2055	7.74912e-07	9.26119e-05	0.000769715	0.946491	4.95844e-05	0.052596
2056	1.20831e-06	0.000144082	0.000408291	0.946758	7.71902e-05	0.0526108
2057	1.24162e-08	1.4802e-06	0.999964	3.21303e-05	7.9374e-07	1.78546e-06
2058	1.07795e-06	0.000128493	0.000365589	0.946822	6.87927e-05	0.0526143
2059	1.2622e-08	1.50523e-06	1.25374e-05	0.947342	8.0556e-07	0.0526432
2060	2.48144e-06	0.000295743	0.000828767	0.946138	0.000158339	0.0525763
2061	6.8501e-09	8.16424e-07	0.999992	6.08222e-06	4.37119e-07	3.37985e-07
2062	0.000694338	0.0827598	0.232489	0.60569	0.0447092	0.0336578
2063	5.72697e-09	6.82645e-07	5.68856e-06	0.94735	3.68766e-07	0.0526436
2064	5.02951e-05	0.00599657	0.0169948	0.922485	0.00321128	0.0512619
2065	0.000255802	0.0304941	0.254086	0.661955	0.0164242	0.0367844
2066	1.6221e-09	1.93328e-07	5.6188e-07	0.947355	1.0355e-07	0.052644
2067	2.86544e-11	3.41563e-09	2.84622e-08	7.41509e-08	1	4.12052e-09
2068	4.84397e-06	0.00057746	0.00481148	0.941953	0.000309838	0.0523437
2069	0.000255802	0.0305511	0.254086	0.661955	0.016368	0.0367844
2070	1.25911e-08	0.999952	1.25067e-05	3.25829e-05	8.47558e-07	1.81061e-06
2071	3.98885e-07	4.75412e-05	0.000135589	0.947158	2.54534e-05	0.052633
2072	1.48967e-07	1.77543e-05	4.9715e-05	0.947283	9.50559e-06	0.0526399
2073	1.14134e-07	1.36096e-05	0.000113369	0.947229	7.28459e-06	0.0526369
2074	1.67591e-11	1	1.66467e-08	4.33685e-08	1.06958e-09	2.40996e-09
2075	6.88106e-07	8.2009e-05	0.999242	0.000598067	4.3914e-05	3.32342e-05
2076	0.000255828	0.0304915	0.254112	0.662022	0.0163297	0.0367882
2077	9.05062e-05	0.881219	0.0301108	0.0784458	0.00577514	0.00435919
2078	4.098e-05	0.00488434	0.0136383	0.927292	0.00261494	0.0515291
2079	7.07843e-07	8.43713e-05	0.000241985	0.947003	4.51706e-05	0.0526244
2080	0.000144086	0.0171811	0.579896	0.372861	0.00919801	0.0207197
2081	1.88061e-05	0.00224238	0.978857	0.0167493	0.00120155	0.000930747
2082	0.000264032	0.0314732	0.0889619	0.817041	0.0168572	0.0454025
2083	8.7421e-07	0.000104193	0.0002942	0.946925	5.57963e-05	0.05262
2084	0.000255829	0.0304908	0.254113	0.662024	0.0163285	0.0367883
2085	4.87183e-06	0.000580858	0.994462	0.00439647	0.000311155	0.000244309
2086	0.000255822	0.030512	0.254106	0.662007	0.0163315	0.0367873
2087	2.79281e-06	0.000333192	0.000949335	0.945969	0.000178356	0.0525669
2088	6.74445e-07	8.03934e-05	0.000228289	0.947022	4.30625e-05	0.0526254
2089	1.91739e-07	2.28572e-05	0.000190453	0.947142	1.22368e-05	0.0526321
2090	9.07244e-05	0.0108187	0.0312625	0.901896	0.00581461	0.0501178
2091	1.12384e-07	0.999786	0.000104044	9.74776e-05	7.17118e-06	5.41677e-06
2092	0.00068385	0.0815176	0.233066	0.607191	0.0438001	0.0337413
2093	0.000255814	0.0305446	0.254098	0.661986	0.0163297	0.0367861
2094	3.58821e-08	4.27676e-06	1.23645e-05	0.947338	2.2909e-06	0.052643
2095	0.000255812	0.0305444	0.254096	0.661981	0.0163368	0.0367859
2096	0.000683615	0.0816709	0.232986	0.606982	0.043948	0.0337296
2097	3.36904e-06	0.000401569	0.996231	0.00298353	0.000214991	0.000165793
2098	0.000255816	0.0305197	0.2541	0.661991	0.0163471	0.0367864
2099	6.22484e-06	0.986946	0.00682836	0.00551256	0.000400181	0.000306329
2100	7.55277e-08	9.00139e-06	2.53659e-05	0.947319	4.81942e-06	0.0526419
2101	0.000690812	0.0823778	0.232759	0.606393	0.0440826	0.0336969
2102	3.21307e-08	3.83745e-06	1.1201e-05	0.94734	2.05404e-06	0.0526431
2103	2.98897e-05	0.00356257	0.00994928	0.93272	0.00190731	0.0518307
2104	2.71789e-10	3.24965e-08	2.69966e-07	0.947356	1.73476e-08	0.052644
2105	3.44487e-07	4.10689e-05	0.000118194	0.947184	2.19854e-05	0.0526344
2106	6.0422e-09	7.21857e-07	6.00168e-06	0.947349	3.85636e-07	0.0526436
2107	0.000210642	0.0251233	0.766671	0.184305	0.0134485	0.0102417
2108	2.35437e-08	0.999911	2.33858e-05	6.09255e-05	1.50267e-06	3.3856e-06
2109	4.3187e-06	0.000515451	0.00146801	0.945212	0.000275613	0.0525248
2110	0.000685463	0.081762	0.233003	0.607028	0.0437892	0.0337322
2111	1.47862e-08	1.7623e-06	5.15459e-06	0.947349	9.43552e-07	0.0526436
2112	2.66042e-10	0.999999	2.64258e-07	6.88453e-07	1.69954e-08	3.82569e-08
2113	4.04377e-06	0.00048221	0.995424	0.00363022	0.000258103	0.000201729
2114	1.56169e-06	0.000186128	0.000524039	0.946587	9.96542e-05	0.0526013
2115	1.03231e-06	0.000123066	0.00102538	0.946205	6.58805e-05	0.05258
2116	0.000681702	0.0818549	0.233048	0.607145	0.0435317	0.0337387
2117	0.00025581	0.030513	0.254094	0.661976	0.0163757	0.0367856
2118	2.8856e-09	3.43904e-07	9.61821e-07	0.947355	1.84126e-07	0.0526439
2119	1.93169e-09	2.3035e-07	1.91874e-06	0.947354	1.23344e-07	0.0526439
2120	5.7333e-07	6.83527e-05	0.000569484	0.946716	3.66857e-05	0.0526085
2121	4.82723e-08	5.75339e-06	0.999859	0.000124917	3.09631e-06	6.94158e-06
2122	0.00069754	0.0831337	0.232441	0.605564	0.0445133	0.0336508
2123	0.000121908	0.014536	0.0412641	0.886991	0.00779771	0.0492895
2124	0.00025583	0.0304902	0.254114	0.662026	0.0163258	0.0367884
2125	0.00025583	0.0304905	0.254114	0.662027	0.0163241	0.0367884
2126	2.99028e-08	3.56494e-06	2.97022e-05	0.947323	1.90834e-06	0.0526421
2127	1.57782e-06	0.000188174	0.00156724	0.945596	0.000100923	0.0525462
2128	0.000693661	0.0827067	0.232414	0.605494	0.0450448	0.0336469
2129	1.04619e-07	1.24725e-05	0.000103918	0.947239	6.68024e-06	0.0526375
2130	1.02537e-07	1.22273e-05	3.47756e-05	0.947305	6.54337e-06	0.0526412
2131	0.000255812	0.0305523	0.254096	0.66198	0.0163302	0.0367858
2132	1.28937e-05	0.00153844	0.962404	0.0333658	0.000824263	0.00185412
2133	2.08552e-07	2.48593e-05	0.999767	0.000184688	1.33133e-05	1.0263e-05
2134	2.60785e-07	3.1082e-05	9.03331e-05	0.947225	1.66413e-05	0.0526367
2135	2.13952e-09	2.55024e-07	2.12517e-06	5.53656e-06	0.999992	3.07664e-07
2136	0.000118714	0.0141518	0.039951	0.888793	0.00759614	0.0493897
2137	0.000232662	0.0277397	0.0795382	0.831022	0.0152885	0.0461794
2138	0.000689974	0.0823	0.23279	0.606472	0.0440474	0.0337013
2139	2.42087e-05	0.00288545	0.973187	0.0211818	0.00154479	0.00117706
2140	3.12696e-07	3.72904e-05	0.999088	0.000809183	1.99591e-05	4.49658e-05
2141	0.000255804	0.0305151	0.254089	0.661961	0.0163947	0.0367848
2142	0.000109316	0.0130291	0.877395	0.0970615	0.00701177	0.00539365
2143	1.92011e-10	2.28982e-08	6.65108e-08	1.73276e-07	1	9.62886e-09
2144	0.000247741	0.0295309	0.246079	0.641094	0.0474234	0.0356252
2145	1.35801e-08	1.61846e-06	4.58177e-06	0.947349	8.66532e-07	0.0526436
2146	1.19238e-08	1.42112e-06	4.03602e-06	0.94735	7.60933e-07	0.0526437
2147	0.000255818	0.0305167	0.254102	0.661996	0.0163423	0.0367867
2148	1.70807e-15	1	5.73654e-13	1.4945e-12	1.09027e-13	8.30486e-14
2149	0.000571374	0.0682865	0.360345	0.505993	0.036686	0.0281177
2150	0.000699209	0.083351	0.232354	0.605338	0.0446187	0.0336383
2151	6.53951e-07	7.79644e-05	0.000226522	0.947027	4.17369e-05	0.0526257
2152	0.000690014	0.0822493	0.232803	0.606507	0.0440467	0.0337033
2153	2.04853e-06	0.00024419	0.997712	0.00181002	0.000130714	0.000100582
2154	0.000692208	0.0824985	0.232701	0.606242	0.0441773	0.0336885
2155	1.03231e-06	0.000123172	0.00102538	0.946204	6.6281e-05	0.05258
2156	1.73217e-06	0.000206441	0.000575951	0.946508	0.000110535	0.0525969
2157	2.72289e-09	0.99999	2.70463e-06	7.0462e-06	1.74306e-07	3.91553e-07
2158	4.67043e-09	5.56939e-07	4.6391e-06	0.947351	2.98038e-07	0.0526437
2159	6.74445e-07	8.03821e-05	0.000228289	0.947022	4.30357e-05	0.0526255
2160	7.70086e-07	9.17815e-05	0.000257558	0.946978	4.91384e-05	0.052623
2161	9.25015e-06	0.00110273	0.00317375	0.942736	0.00059069	0.0523873
2162	5.34108e-10	6.3667e-08	5.30526e-07	0.947355	3.43366e-08	0.052644
2163	0.000255802	0.0304947	0.254086	0.661955	0.0164242	0.0367844
2164	0.000255823	0.0304966	0.254107	0.662008	0.0163449	0.0367874
2165	7.98542e-08	0.999894	2.69419e-05	7.01901e-05	5.09806e-06	3.90042e-06
2166	0.000255823	0.0305121	0.254107	0.662009	0.0163289	0.0367874
2167	6.31785e-15	1	6.27548e-12	1.63491e-11	4.03327e-13	9.0851e-13
2168	7.7782e-12	1	7.72603e-09	2.01281e-08	4.96381e-10	1.11851e-09
2169	1.96575e-06	0.99255	0.00195256	0.00508689	0.000125437	0.000282675
2170	2.45192e-08	2.92256e-06	2.43547e-05	0.947329	1.56711e-06	0.0526425
2171	0.000255823	0.0305024	0.254108	0.66201	0.0163362	0.0367875
2172	4.16787e-09	4.96731e-07	1.42047e-06	0.947354	2.65946e-07	0.0526439
2173	0.000255825	0.0304996	0.254109	0.662013	0.0163351	0.0367877
2174	0.000696985	0.0831099	0.232451	0.60559	0.0444992	0.0336523
2175	1.26577e-06	0.000150949	0.000441258	0.946717	8.08512e-05	0.0526085
2176	2.00593e-07	2.39414e-05	0.000199248	0.947132	1.28144e-05	0.0526316
2177	3.39714e-06	0.000404874	0.00115779	0.945667	0.000216789	0.0525501
2178	0.000255509	0.0316679	0.253795	0.661196	0.0163433	0.0367423
2179	9.23241e-09	1.10076e-06	3.18137e-06	0.947351	5.8913e-07	0.0526437
2180	9.46143e-10	1.12763e-07	3.19703e-07	0.947356	6.03739e-08	0.052644
2181	3.59411e-05	0.00428375	0.0120508	0.929675	0.00229336	0.0516615
2182	0.000255824	0.0305036	0.254108	0.662012	0.0163323	0.0367876
2183	2.86399e-16	1	2.84478e-13	7.41132e-13	1.82787e-14	4.11843e-14
2184	7.61576e-06	0.00090957	0.00756468	0.93886	0.000486148	0.0521719
2185	0.000255791	0.0305167	0.254075	0.661926	0.0164442	0.0367828
2186	0.000699225	0.0833327	0.23236	0.605352	0.044617	0.0336391
2187	4.55598e-08	5.4307e-06	1.53507e-05	3.99922e-05	0.999937	2.22234e-06
2188	4.56222e-06	0.000543778	0.994871	0.00406325	0.000291354	0.000225792
2189	0.000255827	0.0304933	0.254111	0.66202	0.0163312	0.0367881
2190	3.58757e-07	4.27653e-05	0.000356351	0.946955	2.34126e-05	0.0526217
2191	0.000255816	0.030504	0.2541	0.661991	0.0163629	0.0367864
2192	1.1501e-07	1.37079e-05	0.000114239	0.947228	7.35071e-06	0.0526369
2193	6.99831e-08	8.34632e-06	6.95137e-05	0.947278	4.47203e-06	0.0526397
2194	2.83859e-06	0.000338382	0.000952512	0.945958	0.000181633	0.0525663
2195	9.46502e-07	0.000112806	0.998933	0.000846043	6.04019e-05	4.70141e-05
2196	6.96218e-11	1	6.91548e-08	1.80165e-07	4.44317e-09	1.00116e-08
2197	0.000690028	0.0822456	0.232808	0.60652	0.0440324	0.0337039
2198	3.21307e-08	3.82959e-06	1.1201e-05	0.94734	2.07891e-06	0.0526431
2199	0.000691545	0.0824287	0.232728	0.60631	0.0441497	0.0336923
2200	4.67022e-10	5.56821e-08	4.6389e-07	0.947355	2.98279e-08	0.052644
2201	9.77106e-07	0.000116454	0.000326796	0.946876	6.23485e-05	0.0526173
2202	0.000255817	0.0305326	0.254101	0.661994	0.01633	0.0367866
2203	3.26943e-06	0.000389697	0.00109804	0.945746	0.000208658	0.0525545
2204	0.000685522	0.0817332	0.233023	0.60708	0.0437438	0.033735
2205	1.14134e-07	1.37928e-05	0.000113369	0.947228	7.32084e-06	0.0526369
2206	4.25065e-08	5.06625e-06	1.44162e-05	0.947335	2.71231e-06	0.0526428
2207	3.01357e-07	3.59344e-05	0.000299336	0.94702	1.92329e-05	0.0526253
2208	0.000247737	0.0295456	0.246075	0.641084	0.0474227	0.0356247
2209	0.000255792	0.0306201	0.254077	0.66193	0.0163342	0.0367831
2210	1.76281e-05	0.00210119	0.00593953	0.938656	0.00112532	0.0521605
2211	3.27498e-07	3.90469e-05	0.000325302	0.946991	2.09214e-05	0.0526237
2212	3.0475e-06	0.000363374	0.00105562	0.945824	0.000194579	0.0525589
2213	3.84015e-10	4.57907e-08	3.81439e-07	9.93739e-07	0.999999	5.52215e-08
2214	7.58097e-08	9.03565e-06	2.5543e-05	0.947319	4.83749e-06	0.0526419
2215	1.17397e-05	0.00139912	0.00389382	0.941621	0.000749087	0.0523253
2216	1.09688e-08	0.999958	1.08953e-05	2.83847e-05	7.00167e-07	1.57732e-06
2217	2.79423e-07	3.33071e-05	9.74089e-05	0.947215	1.78432e-05	0.0526362
2218	0.000692147	0.0825468	0.232681	0.606188	0.0442062	0.0336855
2219	0.000255822	0.0304978	0.254107	0.662008	0.0163449	0.0367874
2220	1.75556e-08	2.10016e-06	1.74379e-05	0.947336	1.12292e-06	0.0526429
2221	5.6616e-08	6.74918e-06	1.92014e-05	0.947328	3.6128e-06	0.0526424
2222	1.75556e-08	2.09736e-06	1.74379e-05	0.947336	1.12443e-06	0.0526429
2223	3.52409e-10	4.21174e-08	3.50045e-07	0.947356	2.25195e-08	0.052644
2224	1.57718e-06	0.000188085	0.000534902	0.946574	0.000100654	0.0526006
2225	5.99545e-09	7.15363e-07	5.95524e-06	0.947349	3.82626e-07	0.0526436
2226	5.31738e-06	0.000633743	0.00177939	0.944743	0.000339612	0.0524988
2227	3.47193e-14	4.13937e-12	3.44864e-11	0.947356	2.21554e-12	0.052644
2228	1.13772e-06	0.000135603	0.998735	0.00100003	7.26175e-05	5.55709e-05
2229	5.39739e-08	6.43663e-06	1.84516e-05	0.947329	3.44427e-06	0.0526425
2230	2.76455e-08	3.3072e-06	2.74601e-05	0.947325	1.7648e-06	0.0526423
2231	2.76529e-05	0.00329575	0.00928719	0.933737	0.00176488	0.0518872
2232	3.21164e-08	3.82765e-06	1.08923e-05	0.94734	2.05143e-06	0.0526431
2233	6.39794e-06	0.000762596	0.992855	0.00565303	0.000408526	0.000314135
2234	0.000255825	0.0304996	0.254109	0.662014	0.0163332	0.0367877
2235	7.96914e-05	0.00949854	0.0271599	0.907734	0.00508548	0.0504422
2236	2.5022e-08	2.9849e-06	0.999927	6.4751e-05	1.6005e-06	3.59817e-06
2237	2.79991e-06	0.000333947	0.00278114	0.944233	0.000178716	0.0524705
2238	0.000255818	0.0305093	0.254102	0.661996	0.0163502	0.0367867
2239	3.0475e-06	0.00036322	0.00105562	0.945825	0.000194497	0.0525589
2240	1.38447e-08	1.65043e-06	1.37519e-05	3.58269e-05	0.999947	1.99088e-06
2241	5.0576e-07	6.0294e-05	0.000502367	0.946792	3.2299e-05	0.0526127
2242	1.27833e-05	0.00152365	0.00440496	0.940953	0.000817026	0.0522882
2243	8.16652e-05	0.00973512	0.0811175	0.856271	0.00521201	0.0475825
2244	9.93064e-09	1.18364e-06	9.86404e-06	0.947345	6.36051e-07	0.0526434
2245	0.000693286	0.0826563	0.232637	0.606075	0.0442589	0.0336792
2246	3.65789e-05	0.0043645	0.0125049	0.929127	0.00233623	0.051631
2247	5.05759e-07	6.03753e-05	0.000502367	0.946792	3.23189e-05	0.0526126
2248	1.11189e-07	1.32584e-05	0.000110444	0.947232	7.1481e-06	0.0526371
2249	6.99831e-08	8.34422e-06	6.95137e-05	0.947278	4.46651e-06	0.0526397
2250	6.01633e-06	0.000717106	0.993125	0.00546406	0.000384026	0.000303635
2251	3.27496e-07	3.93239e-05	0.0003253	0.946985	2.69555e-05	0.0526234
2252	1.19412e-05	0.00142316	0.986688	0.0105301	0.000762028	0.000585152
2253	5.62292e-10	6.71007e-08	0.999998	1.45508e-06	3.58837e-08	8.08579e-08
2254	7.46336e-07	8.90039e-05	0.000253121	0.946986	4.76628e-05	0.0526234
2255	0.000255802	0.0305851	0.254087	0.661956	0.0163318	0.0367845
2256	0.000255772	0.0305272	0.254056	0.661877	0.0165037	0.0367801
2257	1.07518e-06	0.000128166	0.000362753	0.946825	6.86207e-05	0.0526145
2258	1.43837e-07	0.999455	0.000142872	0.000372215	9.1866e-06	2.06838e-05
2259	8.02787e-11	9.56861e-09	7.97403e-08	0.947356	5.18e-09	0.052644
2260	0.000677061	0.0811951	0.233307	0.60782	0.043225	0.0337762
2261	0.000696828	0.0830625	0.232473	0.605647	0.0444647	0.0336555
2262	3.0475e-06	0.000363307	0.00105562	0.945825	0.000194543	0.0525589
2263	6.01633e-06	0.000717219	0.993124	0.00546406	0.000384709	0.000303634
2264	3.73857e-07	4.45692e-05	0.000128827	0.947169	2.38718e-05	0.0526336
2265	2.32403e-08	2.76986e-06	7.89986e-06	0.947344	1.48297e-06	0.0526434
2266	0.000339774	0.04058	0.615414	0.305026	0.02169	0.0169501
2267	7.74913e-07	9.2381e-05	0.000769715	0.946492	4.94619e-05	0.052596
2268	1.12808e-13	1	1.12051e-10	2.91919e-10	7.19887e-12	1.62218e-11
2269	9.50106e-27	1.13251e-24	3.18815e-24	8.30589e-24	1	4.61553e-25
2270	7.51864e-08	8.96688e-06	2.57966e-05	0.947318	4.80377e-06	0.0526419
2271	1.85702e-06	0.000221358	0.000625695	0.946439	0.000118534	0.0525931
2272	0.000255787	0.0306441	0.254072	0.661917	0.0163293	0.0367823
2273	0.000683931	0.0815464	0.233093	0.607263	0.0436681	0.0337452
2274	2.04853e-06	0.000244312	0.997712	0.00181002	0.000130732	0.000100582
2275	3.24033e-06	0.000386541	0.00111176	0.945738	0.000206793	0.0525541
2276	7.71438e-07	9.19446e-05	0.999137	0.000683165	4.92444e-05	3.79631e-05
2277	0.000693692	0.0826823	0.232591	0.605954	0.0444069	0.0336725
2278	0.000455443	0.0542846	0.153271	0.399308	0.370491	0.0221893
2279	0.0006867	0.0820143	0.232895	0.606747	0.0439399	0.0337166
2280	6.64602e-05	0.00792078	0.0221183	0.914818	0.00424079	0.0508359
2281	7.38046e-08	8.79808e-06	0.999918	6.44698e-05	4.71002e-06	3.58255e-06
2282	0.000699283	0.0833442	0.232356	0.605342	0.0446203	0.0336385
2283	2.06723e-07	2.46406e-05	0.999767	0.000184782	1.32898e-05	1.02682e-05
2284	0.000255821	0.030497	0.254105	0.662004	0.0163505	0.0367872
2285	0.000255827	0.0304971	0.254112	0.662021	0.0163266	0.0367881
2286	1.50365e-06	0.000179341	0.000503477	0.946617	9.59743e-05	0.0526029
2287	2.41829e-05	0.00288237	0.972151	0.0211592	0.00260698	0.00117581
2288	0.000677247	0.0807397	0.233371	0.607986	0.0434403	0.0337854
2289	0.00025582	0.0305059	0.254104	0.662	0.0163473	0.036787
2290	7.06419e-06	0.990536	0.00240126	0.00625586	0.000452457	0.000347634
2291	3.13625e-07	3.7421e-05	0.999086	0.000811587	2.00352e-05	4.50994e-05
2292	0.000693779	0.082699	0.23262	0.60603	0.0442812	0.0336767
2293	0.000255827	0.0304948	0.254111	0.66202	0.0163296	0.0367881
2294	1.80784e-06	0.000215532	0.994729	0.00467827	0.00011549	0.000259969
2295	1.07855e-16	1.28569e-14	3.6223e-14	9.43695e-14	1	5.24406e-15
2296	2.87533e-10	3.42691e-08	9.90802e-08	0.947356	1.83473e-08	0.052644
2297	2.6711e-05	0.00318638	0.922118	0.0691218	0.00170557	0.00384106
2298	0.000255817	0.0305167	0.254102	0.661995	0.0163445	0.0367866
2299	7.32182e-09	0.999972	7.27272e-06	1.89471e-05	4.67256e-07	1.05288e-06
2300	3.21307e-08	3.82985e-06	1.1201e-05	0.94734	2.05058e-06	0.0526431
2301	7.18094e-08	8.56141e-06	7.13278e-05	0.947276	4.58273e-06	0.0526396
2302	4.04377e-06	0.000482301	0.995424	0.00363022	0.00025807	0.000201729
2303	1.6273e-07	1.93983e-05	5.60747e-05	0.947274	1.03944e-05	0.0526395
2304	1.15138e-08	1.37247e-06	3.98827e-06	0.94735	7.3473e-07	0.0526437
2305	5.40954e-06	0.000645077	0.00184365	0.944666	0.000345316	0.0524945
2306	1.75936e-14	2.09733e-12	1.74756e-11	4.55281e-11	1	2.52997e-12
2307	6.57271e-18	7.83531e-16	2.19614e-15	5.72146e-15	1	3.17938e-16
2308	6.99831e-08	8.34422e-06	6.95137e-05	0.947278	4.47638e-06	0.0526397
2309	2.64882e-06	0.000315699	0.997058	0.00232513	0.000169046	0.000129206
2310	0.000255821	0.0305203	0.254105	0.662005	0.0163265	0.0367872
2311	2.05261e-06	0.000244782	0.997654	0.00186419	0.000131023	0.000103592
2312	1.83948e-05	0.00220198	0.0182714	0.926829	0.00117546	0.0515034
2313	4.71535e-06	0.000561983	0.00156929	0.945047	0.00030088	0.0525157
2314	2.95318e-06	0.000352021	0.99668	0.00263019	0.000188458	0.000146158
2315	6.60365e-07	8.04925e-05	0.000655935	0.946618	4.21462e-05	0.052603
2316	7.18354e-07	8.56155e-05	0.000240135	0.947003	4.58421e-05	0.0526244
2317	5.28893e-10	0.999998	5.25345e-07	1.36865e-06	3.37529e-08	7.6055e-08
2318	0.000689076	0.0821332	0.23284	0.606603	0.0440261	0.0337086
2319	0.000255812	0.0305067	0.254096	0.66198	0.0163758	0.0367858
2320	0.000255824	0.0305101	0.254108	0.662012	0.0163269	0.0367876
2321	2.95733e-09	0.999989	2.93749e-06	7.65287e-06	1.8872e-07	4.25265e-07
2322	2.19503e-06	0.00026163	0.997525	0.00196206	0.000140079	0.00010903
2323	8.92927e-07	0.000106424	0.999006	0.000786056	5.69808e-05	4.36806e-05
2324	3.42605e-06	0.000408788	0.996136	0.00306241	0.000218716	0.000170177
2325	0.000255811	0.0305376	0.254095	0.661979	0.0163468	0.0367858
2326	8.81983e-09	1.05151e-06	8.76068e-06	0.947346	5.62889e-07	0.0526435
2327	1.49045e-05	0.00177684	0.00502862	0.939993	0.000951839	0.0522348
2328	0.000255823	0.0305002	0.254107	0.662009	0.0163407	0.0367874
2329	0.000690771	0.0824113	0.232746	0.606357	0.0441003	0.0336949
2330	3.77946e-05	0.00450434	0.0125976	0.908588	0.0237827	0.0504897
2331	2.1744e-07	2.5948e-05	0.000215982	0.947113	1.3889e-05	0.0526305
2332	1.34295e-06	0.000160117	0.996084	0.00347523	8.57807e-05	0.000193116
2333	0.000255828	0.0304939	0.254112	0.662021	0.0163288	0.0367881
2334	3.91826e-06	0.985151	0.00389198	0.0101395	0.000250343	0.000563447
2335	1.83433e-07	2.18666e-05	0.000182202	0.947151	1.18684e-05	0.0526326
2336	2.70188e-05	0.0032201	0.00910361	0.934021	0.00172512	0.051903
2337	2.44754e-11	2.92177e-09	2.43113e-08	0.947356	1.56228e-09	0.052644
2338	7.32078e-06	0.00087255	0.99192	0.00637882	0.000467198	0.000354467
2339	0.000255827	0.0305007	0.254111	0.662018	0.0163267	0.036788
2340	6.02529e-07	7.18238e-05	0.999322	0.000536631	3.86477e-05	2.98202e-05
2341	1.04148e-14	1	3.47991e-12	9.06598e-12	6.91104e-13	5.03791e-13
2342	0.000692198	0.0825168	0.232698	0.606233	0.0441716	0.033688
2343	5.37342e-06	0.000640516	0.0018613	0.944655	0.000343599	0.0524939
2344	7.47113e-06	0.000891237	0.00742102	0.939022	0.000477022	0.0521809
2345	5.48951e-09	6.54995e-07	5.45269e-06	1.42055e-05	0.999979	7.89393e-07
2346	1.83794e-06	0.000219072	0.000624755	0.946444	0.000117301	0.0525933
2347	4.24208e-07	5.05567e-05	0.00014247	0.947147	2.70704e-05	0.0526324
2348	4.40295e-07	5.25507e-05	0.000437342	0.946865	2.81036e-05	0.0526167
2349	1.54224e-16	1	5.23051e-14	1.64589e-13	9.84163e-15	9.14614e-15
2350	1.85391e-09	0.999993	1.84147e-06	4.79747e-06	1.18449e-07	2.66593e-07
2351	0.000255826	0.030494	0.25411	0.662017	0.0163352	0.0367879
2352	8.78684e-07	0.000104752	0.999012	0.000782583	5.66972e-05	4.34877e-05
2353	0.000255827	0.0305007	0.254111	0.662018	0.0163267	0.036788
2354	9.88702e-10	1.17865e-07	9.82071e-07	0.947355	6.30998e-08	0.0526439
2355	1.34295e-06	0.000160163	0.996084	0.00347523	8.58736e-05	0.000193116
2356	3.98885e-07	4.75487e-05	0.000135589	0.947158	2.54569e-05	0.052633
2357	1.57486e-08	1.87799e-06	0.999954	4.07536e-05	1.00584e-06	2.26466e-06
2358	8.33741e-07	9.93826e-05	0.000283406	0.946942	5.32874e-05	0.052621
2359	0.000255822	0.0304935	0.254106	0.662007	0.0163505	0.0367873
2360	2.95318e-06	0.000351986	0.99668	0.00263019	0.000188683	0.000146158
2361	1.99097e-06	0.000237371	0.000683105	0.946362	0.000127052	0.0525888
2362	0.000686889	0.0818768	0.23296	0.606915	0.0438363	0.0337259
2363	5.2108e-07	6.21049e-05	0.000175571	0.947099	3.3284e-05	0.0526297
2364	1.47606e-06	0.000175928	0.000508634	0.946617	9.41994e-05	0.0526029
2365	5.29993e-10	6.31816e-08	5.26439e-07	1.3715e-06	0.999998	7.62133e-08
2366	2.04329e-07	0.999729	6.86897e-05	0.000178953	1.30437e-05	9.94431e-06
2367	0.000690838	0.08234	0.232768	0.606416	0.0440868	0.0336982
2368	3.20344e-05	0.00850737	0.0106838	0.927208	0.00204432	0.0515244
2369	1.77975e-06	0.000212168	0.000616488	0.946462	0.00011375	0.0525943
2370	8.31102e-08	9.90597e-06	2.77467e-05	7.22866e-05	0.999886	4.01692e-06
2371	0.000255808	0.0304878	0.254092	0.661971	0.0164082	0.0367853
2372	1.3006e-07	1.55031e-05	4.38808e-05	0.947292	8.3009e-06	0.0526404
2373	2.31138e-07	2.75572e-05	7.93039e-05	0.947241	1.47499e-05	0.0526376
2374	1.39774e-11	1.66856e-09	1.38836e-08	0.947356	8.92105e-10	0.052644
2375	0.000255823	0.0305024	0.254108	0.66201	0.0163362	0.0367875
2376	9.25972e-11	1.10367e-08	3.14045e-08	0.947356	5.91111e-09	0.052644
2377	0.000255827	0.0304991	0.254111	0.66202	0.0163251	0.0367881
2378	6.39073e-08	7.62355e-06	0.999928	5.65946e-05	4.07873e-06	3.14493e-06
2379	1.17992e-10	4.21861e-08	1.172e-07	0.947356	7.53986e-09	0.052644
2380	1.91493e-07	2.28232e-05	6.49451e-05	0.947261	1.22193e-05	0.0526387
2381	2.53846e-06	0.000302629	0.992599	0.00656894	0.000162112	0.000365032
2382	0.000686833	0.0819254	0.23294	0.606865	0.0438593	0.0337231
2383	0.000691445	0.0825597	0.232694	0.606222	0.0441454	0.0336874
2384	1.89493e-08	2.26129e-06	1.88222e-05	0.947335	1.2227e-06	0.0526428
2385	1.57782e-06	0.000188108	0.00156724	0.945596	0.000100701	0.0525462
2386	1.26577e-06	0.000150927	0.000441258	0.946717	8.07777e-05	0.0526085
2387	2.26156e-08	2.69686e-06	7.59542e-06	1.97878e-05	0.999969	1.0996e-06
2388	2.94871e-06	0.000351455	0.996722	0.00259185	0.000188161	0.000144028
2389	1.91372e-12	1	6.448e-10	1.67986e-09	1.2213e-10	9.33487e-11
2390	0.000255827	0.0304977	0.254111	0.662019	0.0163281	0.036788
2391	3.42647e-06	0.000408676	0.99001	0.00886688	0.000218666	0.000492727
2392	0.000218926	0.0260922	0.0729525	0.840084	0.0139695	0.046683
2393	9.65562e-07	0.000115096	0.000325332	0.946879	6.16133e-05	0.0526175
2394	0.000255805	0.0305719	0.254089	0.661962	0.0163363	0.0367848
2395	5.79143e-08	6.90223e-06	1.95693e-05	0.947327	3.69549e-06	0.0526424
2396	1.64837e-06	0.000196707	0.00163731	0.00426559	0.993662	0.000237036
2397	3.27498e-07	3.90763e-05	0.000325302	0.946991	2.10276e-05	0.0526237
2398	0.000255826	0.0305016	0.25411	0.662017	0.0163278	0.0367879
2399	0.000691549	0.0824273	0.232729	0.606314	0.0441462	0.0336925
2400	1.02537e-07	1.22213e-05	3.47756e-05	0.947305	6.5431e-06	0.0526412
2401	5.94329e-07	7.08606e-05	0.998267	0.00153798	3.79857e-05	8.54648e-05
2402	2.12562e-08	2.53945e-06	2.11136e-05	0.947332	1.36342e-06	0.0526427
2403	1.57428e-06	0.000187636	0.998263	0.00137103	0.000100497	7.61872e-05
2404	2.0588e-06	0.000245407	0.00204499	0.945058	0.000133693	0.0525163
2405	5.3402e-05	0.00636616	0.939968	0.0475614	0.00340816	0.00264296
2406	0.000255828	0.0304939	0.254112	0.662022	0.0163282	0.0367882
2407	4.19983e-08	5.00587e-06	0.999953	3.74049e-05	2.67994e-06	2.07857e-06
2408	9.36899e-06	0.00111667	0.00315297	0.942736	0.000597839	0.0523873
2409	2.51582e-05	0.00299869	0.00857428	0.934847	0.00160615	0.0519489
2410	2.13997e-05	0.00255066	0.0212561	0.923466	0.00138965	0.0513164
2411	5.39739e-08	6.43352e-06	1.84516e-05	0.947329	3.44417e-06	0.0526425
2412	8.03457e-10	9.58551e-08	7.98069e-07	0.947355	5.19849e-08	0.052644
2413	0.000255828	0.0304895	0.254112	0.662023	0.0163312	0.0367882
2414	3.46942e-06	0.000414362	0.996035	0.00315095	0.000221609	0.000175096
2415	0.000686885	0.0818807	0.232958	0.606911	0.0438376	0.0337257
2416	0.000686835	0.0819331	0.232941	0.606867	0.043849	0.0337232
2417	0.000255825	0.030505	0.254109	0.662014	0.016329	0.0367877
2418	1.45604e-05	0.00173585	0.98386	0.0127521	0.000929117	0.000708628
2419	1.41641e-07	1.68812e-05	0.99984	0.000127155	9.03798e-06	7.06595e-06
2420	6.74151e-08	8.0364e-06	6.69629e-05	0.947281	4.30725e-06	0.0526398
2421	0.000255813	0.0304917	0.254098	0.661984	0.0163847	0.0367861
2422	0.000255824	0.0304904	0.254108	0.662011	0.0163476	0.0367875
2423	1.93927e-09	0.999997	6.48951e-07	1.69067e-06	1.23847e-07	9.39495e-08
2424	0.000690755	0.0824192	0.23274	0.606343	0.0441133	0.0336941
2425	5.85913e-08	6.98363e-06	5.81983e-05	0.947291	3.7394e-06	0.0526404
2426	0.000687892	0.0820343	0.232841	0.606605	0.0441231	0.0337087
2427	2.68398e-08	3.19882e-06	8.99922e-06	0.947343	1.71262e-06	0.0526433
2428	0.000255815	0.0304946	0.254099	0.661988	0.016376	0.0367863
2429	1.24984e-06	0.000148971	0.000428823	0.946732	7.97963e-05	0.0526093
2430	3.01557e-09	0.999996	1.03465e-06	2.69551e-06	1.92459e-07	1.49788e-07
2431	6.06087e-09	7.22431e-07	2.06021e-06	0.947353	3.87372e-07	0.0526438
2432	5.72697e-09	6.82632e-07	5.68856e-06	0.94735	3.65505e-07	0.0526436
2433	0.000281656	0.0335869	0.0947865	0.803512	0.0231825	0.0446507
2434	0.000255811	0.0305443	0.254095	0.661977	0.0163418	0.0367857
2435	2.73312e-06	0.000325739	0.000918799	0.946009	0.000174406	0.0525692
2436	5.7333e-07	6.83465e-05	0.000569484	0.946716	3.70953e-05	0.0526084
2437	2.37287e-05	0.00282845	0.00817662	0.935469	0.00151833	0.0519835
2438	7.55087e-08	9.00306e-06	2.58135e-05	0.947318	4.87221e-06	0.0526419
2439	6.74151e-08	8.03526e-06	6.69629e-05	0.947281	4.31789e-06	0.0526398
2440	3.47077e-08	4.13724e-06	0.999899	8.98153e-05	2.21581e-06	4.99098e-06
2441	0.000255829	0.0304917	0.254114	0.662026	0.0163246	0.0367884
2442	5.72697e-09	6.82896e-07	5.68856e-06	0.94735	3.65591e-07	0.0526436
2443	8.22161e-08	9.79852e-06	0.99976	0.000212756	5.24619e-06	1.18227e-05
2444	0.000693795	0.0826879	0.232625	0.606044	0.0442721	0.0336775
2445	4.0803e-08	4.86317e-06	1.36712e-05	0.947336	2.60367e-06	0.0526429
2446	5.20807e-07	6.20928e-05	0.00017869	0.947096	3.3294e-05	0.0526295
2447	0.000255827	0.0304991	0.254111	0.66202	0.016326	0.036788
2448	1.29025e-10	1	1.2816e-07	3.33887e-07	8.25294e-09	1.85539e-08
2449	2.95547e-05	0.0035228	0.967239	0.0258842	0.00188605	0.00143837
2450	4.15373e-10	0.999998	4.12587e-07	1.07489e-06	2.65122e-08	5.97309e-08
2451	2.42387e-14	1	2.40761e-11	6.2724e-11	1.54794e-12	3.48554e-12
2452	7.58517e-08	9.04028e-06	2.57835e-05	0.947318	4.84004e-06	0.0526419
2453	7.47857e-07	8.91654e-05	0.000260709	0.946979	4.77498e-05	0.052623
2454	8.69467e-07	0.000103677	0.000863635	0.946386	5.55262e-05	0.0525901
2455	1.27591e-08	1.52078e-06	4.31131e-06	0.94735	8.14178e-07	0.0526437
2456	0.000696131	0.0829673	0.232499	0.605714	0.0444653	0.0336591
2457	3.1603e-07	3.7696e-05	0.999079	0.00081781	2.01843e-05	4.54452e-05
2458	0.0002556	0.030467	0.253885	0.661431	0.0172054	0.0367553
2459	2.85383e-05	0.00340219	0.00994867	0.932943	0.00183466	0.0518431
2460	0.000226316	0.141762	0.224798	0.585651	0.0150178	0.0325443
2461	4.81666e-08	5.74113e-06	1.67912e-05	0.947332	3.07664e-06	0.0526427
2462	0.000255656	0.0304974	0.253941	0.661577	0.0169647	0.0367635
2463	1.28936e-05	0.00154039	0.962399	0.0333656	0.000827856	0.00185411
2464	1.49852e-27	1.78645e-25	5.09376e-25	1.32705e-24	1	7.37431e-26
2465	0.000690847	0.082334	0.232771	0.606424	0.0440818	0.0336986
2466	9.57404e-05	0.0114112	0.0319897	0.90036	0.00611117	0.0500325
2467	0.000255828	0.030494	0.254113	0.662023	0.0163259	0.0367882
2468	0.000249541	0.0542771	0.247868	0.645754	0.0159674	0.0358842
2469	1.26577e-06	0.000150881	0.000441258	0.946717	8.07974e-05	0.0526085
2470	1.16597e-15	1	1.15815e-12	3.01725e-12	7.44208e-14	1.67667e-13
2471	0.000235168	0.0280297	0.0784559	0.832037	0.0150062	0.0462358
2472	0.000679896	0.0811348	0.233274	0.607734	0.043406	0.0337714
2473	5.0576e-07	6.03325e-05	0.000502367	0.946792	3.22794e-05	0.0526127
2474	4.44812e-06	0.000530179	0.00150075	0.945159	0.000283843	0.0525219
2475	1.59281e-06	0.00018993	0.998197	0.00142992	0.000101644	7.94598e-05
2476	2.44859e-07	2.92247e-05	8.43753e-05	0.947233	1.56469e-05	0.0526372
2477	1.09597e-07	1.30717e-05	3.77659e-05	0.947301	6.99376e-06	0.052641
2478	1.46732e-05	0.00174913	0.983547	0.0130284	0.000936384	0.000723978
2479	3.63606e-06	0.000433374	0.00122863	0.945558	0.000232081	0.0525441
2480	9.68776e-11	1.15627e-08	9.62279e-08	0.947356	6.18274e-09	0.052644
2481	7.61983e-09	9.10334e-07	7.56872e-06	0.947347	4.86582e-07	0.0526435
2482	5.75409e-07	6.86564e-05	0.998322	0.00148902	3.67218e-05	8.2744e-05
2483	4.81666e-08	5.74106e-06	1.67912e-05	0.947332	3.07364e-06	0.0526427
2484	0.000214327	0.0255444	0.0717215	0.842051	0.0136768	0.0467923
2485	1.45014e-06	0.000172891	0.000487496	0.946641	9.25364e-05	0.0526043
2486	4.64411e-07	5.5429e-05	0.999472	0.000419097	2.96384e-05	2.3289e-05
2487	4.03004e-08	4.8044e-06	4.00301e-05	0.947311	2.57212e-06	0.0526415
2488	1.09582e-06	0.000130602	0.998774	0.00097043	6.9924e-05	5.39262e-05
2489	1.04611e-07	1.24693e-05	3.49118e-05	0.947305	6.67534e-06	0.0526412
2490	1.5818e-05	0.00188578	0.0157119	0.929712	0.0010112	0.0516635
2491	1.36769e-05	0.00163034	0.960122	0.0353926	0.000874334	0.00196675
2492	1.10473e-05	0.00131673	0.00371379	0.941911	0.000706071	0.0523414
2493	0.000255816	0.0305027	0.2541	0.661992	0.016363	0.0367865
2494	4.82723e-08	5.75705e-06	0.999859	0.000124917	3.08468e-06	6.94158e-06
2495	2.09707e-19	2.50048e-17	7.04299e-17	1.83486e-16	1	1.01962e-17
2496	1.02712e-06	0.000122445	0.998838	0.000922077	6.55486e-05	5.12393e-05
2497	0.000683861	0.0816542	0.233069	0.607201	0.0436501	0.0337418
2498	3.74081e-06	0.000445858	0.995869	0.00326126	0.000238736	0.000181226
2499	2.70187e-05	0.00322039	0.00910358	0.934018	0.00172822	0.0519028
2500	1.03834e-07	1.23795e-05	3.52953e-05	0.947304	6.65481e-06	0.0526411
2501	0.000255821	0.0305203	0.254105	0.662003	0.0163288	0.0367871
2502	6.36148e-08	7.58159e-06	2.11882e-05	0.947325	4.05917e-06	0.0526423
2503	0.000521696	0.0622562	0.41164	0.466325	0.0333435	0.0259134
2504	2.92497e-06	0.000348663	0.996675	0.00263957	0.000186676	0.000146679
2505	0.000255817	0.0305326	0.254101	0.661994	0.01633	0.0367866
2506	4.18002e-07	4.98207e-05	0.99953	0.000372286	2.66925e-05	2.06877e-05
2507	2.99453e-08	0.999887	2.97444e-05	7.74912e-05	1.91298e-06	4.30614e-06
2508	0.000685523	0.081716	0.233023	0.607081	0.0437586	0.0337351
2509	1.85391e-09	0.999993	1.84147e-06	4.79747e-06	1.18302e-07	2.66593e-07
2510	3.70623e-06	0.000442219	0.00368137	0.943222	0.000236559	0.0524143
2511	1.03046e-07	1.22816e-05	0.999884	9.21091e-05	6.57679e-06	5.11845e-06
2512	5.85913e-08	6.98624e-06	5.81983e-05	0.947291	3.74348e-06	0.0526404
2513	4.60169e-08	5.48532e-06	4.57082e-05	0.947305	2.93702e-06	0.0526412
2514	6.67307e-06	0.000796325	0.00225873	0.944052	0.000425871	0.0524604
2515	9.16201e-07	0.000109213	0.000315712	0.946897	5.84678e-05	0.0526185
2516	1.64416e-10	1.95981e-08	1.63314e-07	0.947356	1.0492e-08	0.052644
2517	2.51012e-11	2.99406e-09	2.49328e-08	0.947356	1.60211e-09	0.052644
2518	7.31184e-08	8.73539e-06	2.54896e-05	0.947319	4.66782e-06	0.052642
2519	0.000700534	0.083489	0.232296	0.605185	0.0447002	0.0336298
2520	0.000255804	0.0305853	0.254088	0.66196	0.0163254	0.0367847
2521	9.98851e-11	1.1905e-08	9.92151e-08	2.58479e-07	1	1.43635e-08
2522	1.07685e-06	0.000128611	0.000368133	0.946819	6.87424e-05	0.0526142
2523	1.10796e-07	1.32199e-05	0.999677	0.000286713	7.08004e-06	1.59325e-05
2524	8.50357e-08	1.01362e-05	0.999905	7.53053e-05	5.4264e-06	4.18467e-06
2525	6.39795e-06	0.000762609	0.992856	0.00565303	0.000408322	0.000314135
2526	1.6655e-05	0.00198538	0.137445	0.0146869	0.84505	0.000816145
2527	2.10747e-07	2.51179e-05	7.09232e-05	0.947252	1.36357e-05	0.0526382
2528	0.000255824	0.0305101	0.254108	0.662011	0.0163271	0.0367876
2529	2.07325e-11	1	6.96968e-09	1.81577e-08	1.32325e-09	1.00901e-09
2530	4.18042e-06	0.000498338	0.987812	0.0108179	0.000266786	0.000601146
2531	2.69517e-13	3.21246e-11	2.6771e-10	0.947356	1.72008e-11	0.052644
2532	9.02167e-09	0.999988	3.04844e-06	7.94189e-06	5.75664e-07	4.41326e-07
2533	9.70135e-08	1.15637e-05	3.26482e-05	0.947308	6.19077e-06	0.0526413
2534	0.000255822	0.0305144	0.254106	0.662006	0.0163303	0.0367873
2535	0.000683956	0.0815358	0.233102	0.607285	0.0436464	0.0337465
2536	3.44487e-07	4.10569e-05	0.000118194	0.947184	2.20018e-05	0.0526344
2537	0.000255806	0.0305185	0.254091	0.661966	0.0163842	0.036785
2538	5.51171e-05	0.00657384	0.0185289	0.92019	0.00351754	0.0511344
2539	0.000255828	0.0304931	0.254112	0.662022	0.0163292	0.0367881
2540	9.46502e-07	0.000112858	0.998932	0.000846043	6.07109e-05	4.70141e-05
2541	3.70623e-06	0.000441902	0.00368137	0.943222	0.000236992	0.0524143
2542	1.7486e-05	0.00208415	0.00582839	0.938786	0.0011158	0.0521678
2543	0.000396899	0.0474026	0.135684	0.749389	0.0254835	0.0416431
2544	5.98212e-07	7.13e-05	0.000201102	0.947061	3.82423e-05	0.0526276
2545	4.03135e-05	0.847224	0.0400431	0.104322	0.00257348	0.0057971
2546	5.1512e-08	6.13923e-06	1.77504e-05	0.947324	9.86062e-06	0.0526422
2547	1.66569e-11	1	5.64921e-09	1.47175e-08	1.06756e-09	8.17844e-10
2548	0.000255779	0.0304983	0.254064	0.661897	0.0165042	0.0367812
2549	0.000247739	0.0295384	0.246077	0.641089	0.047423	0.0356249
2550	7.63881e-12	1	2.58562e-09	6.73614e-09	4.89972e-10	3.74323e-10
2551	2.81895e-06	0.000336244	0.99178	0.00729476	0.000180551	0.000405366
2552	1.08502e-09	1.29323e-07	1.07774e-06	0.947355	6.92423e-08	0.0526439
2553	1.7672e-06	0.000210623	0.000591368	0.946488	0.000112769	0.0525958
2554	2.87498e-07	3.42748e-05	0.999162	0.000743978	1.83687e-05	4.13424e-05
2555	5.94329e-07	7.08631e-05	0.998267	0.00153798	3.85944e-05	8.54647e-05
2556	5.93125e-10	7.06928e-08	0.999998	1.53487e-06	3.78537e-08	8.52916e-08
2557	5.64558e-06	0.000672936	0.993768	0.00491916	0.000360443	0.000273355
2558	8.83131e-08	1.05259e-05	0.999901	7.80308e-05	5.63541e-06	4.33612e-06
2559	2.66708e-09	3.17872e-07	9.19043e-07	0.947355	1.70201e-07	0.0526439
2560	9.79507e-06	0.00116774	0.00339291	0.942429	0.000630716	0.0523702
2561	0.000255827	0.030492	0.254112	0.662021	0.0163318	0.0367881
2562	0.000693788	0.08269	0.232623	0.606037	0.0442794	0.0336771
2563	3.0475e-06	0.000363408	0.00105562	0.945824	0.000194591	0.0525589
2564	0.000685462	0.0817991	0.233003	0.607027	0.0437535	0.0337321
2565	0.000255824	0.0305065	0.254108	0.662012	0.0163299	0.0367876
2566	5.03533e-08	6.00121e-06	1.68601e-05	0.947331	3.21299e-06	0.0526426
2567	3.27498e-07	3.90469e-05	0.000325302	0.946991	2.09598e-05	0.0526237
2568	0.000255819	0.0305279	0.254103	0.661998	0.0163283	0.0367868
2569	1.43109e-06	0.000170565	0.998411	0.0012562	9.13198e-05	6.98065e-05
2570	5.96211e-08	7.10729e-06	0.999932	5.41481e-05	3.81143e-06	3.00898e-06
2571	1.62837e-05	0.00194103	0.00551178	0.939296	0.00103927	0.0521961
2572	2.73833e-08	3.26378e-06	2.71997e-05	0.947325	1.76041e-06	0.0526423
2573	4.84145e-07	5.77113e-05	0.000162931	0.947117	3.08954e-05	0.0526307
2574	7.15477e-09	0.999973	7.10679e-06	1.85149e-05	4.57388e-07	1.02886e-06
2575	0.000693312	0.0837848	0.232297	0.605189	0.0444061	0.03363
2576	8.46745e-09	1.00917e-06	2.8947e-06	0.947352	5.40326e-07	0.0526438
2577	2.98772e-09	0.999996	1.0004e-06	2.60627e-06	1.90657e-07	1.44829e-07
2578	6.51022e-10	7.75918e-08	0.999998	1.68469e-06	4.1584e-08	9.36172e-08
2579	4.70128e-09	5.60339e-07	1.59806e-06	0.947354	3.00086e-07	0.0526439
2580	0.000255813	0.0304931	0.254097	0.661983	0.0163846	0.036786
2581	9.69743e-07	0.998715	0.000326001	0.000849309	6.19422e-05	4.71956e-05
2582	1.83949e-05	0.00219415	0.0182716	0.926838	0.00117457	0.0515038
2583	6.80827e-06	0.000811431	0.00231427	0.943977	0.000434522	0.0524562
2584	2.43242e-08	0.999908	2.41611e-05	6.29454e-05	1.5521e-06	3.49784e-06
2585	0.000699019	0.0833112	0.232368	0.605373	0.0446082	0.0336402
2586	1.35204e-08	1.61228e-06	1.34297e-05	3.49875e-05	0.999948	1.94424e-06
2587	1.30642e-07	1.55706e-05	0.999855	0.000114417	8.33626e-06	6.3581e-06
2588	5.64063e-07	6.72814e-05	0.000190309	0.947077	3.6017e-05	0.0526285
2589	6.13207e-09	7.3085e-07	0.999982	1.58683e-05	3.9134e-07	8.81794e-07
2590	1.07795e-06	0.000128526	0.000365589	0.946822	6.88001e-05	0.0526143
2591	4.8998e-07	5.8406e-05	0.000486694	0.946809	3.13409e-05	0.0526136
2592	1.38441e-13	1	1.37512e-10	3.58252e-10	8.84116e-12	1.99078e-11
2593	6.99831e-08	8.34252e-06	6.95137e-05	0.947278	4.46607e-06	0.0526397
2594	0.000674301	0.0804014	0.233571	0.608507	0.0430321	0.0338144
2595	1.46512e-05	0.00174815	0.983478	0.0130962	0.000935585	0.000727745
2596	0.00025582	0.0305009	0.254104	0.662002	0.0163504	0.036787
2597	1.79035e-08	2.13399e-06	6.16933e-06	0.947347	1.14559e-06	0.0526435
2598	5.05986e-10	6.03057e-08	5.02592e-07	0.947355	3.22874e-08	0.052644
2599	0.000164237	0.0195787	0.521075	0.425007	0.0105584	0.0236174
2600	9.81527e-09	0.999987	3.32232e-06	8.65542e-06	6.26307e-07	4.80976e-07
2601	1.27833e-05	0.00152392	0.00440497	0.940954	0.000815737	0.0522883
2602	0.000681998	0.0814528	0.233149	0.607409	0.043554	0.0337533
2603	9.90772e-06	0.00118101	0.98897	0.0087219	0.000632228	0.00048467
2604	5.19301e-08	6.19478e-06	0.999943	4.53295e-05	3.31703e-06	2.51893e-06
2605	1.52935e-08	1.82298e-06	5.17662e-06	0.947348	9.75865e-07	0.0526436
2606	0.000255789	0.0305835	0.254074	0.661921	0.0163831	0.0367826
2607	0.000255758	0.0307594	0.254043	0.661841	0.0163229	0.0367781
2608	0.000689118	0.0821327	0.232854	0.60664	0.043974	0.0337106
2609	1.66601e-07	1.98554e-05	5.61339e-05	0.947274	1.06306e-05	0.0526394
2610	0.000255792	0.0305499	0.254076	0.661928	0.0164071	0.036783
2611	0.000255825	0.0304975	0.254109	0.662015	0.0163351	0.0367878
2612	3.73857e-07	4.45692e-05	0.000128827	0.947169	2.38576e-05	0.0526336
2613	0.000686143	0.0817737	0.227611	0.612132	0.043782	0.0340158
2614	1.18942e-06	0.000141754	0.000400277	0.946769	7.58951e-05	0.0526114
2615	2.93662e-06	0.00035003	0.000993998	0.945902	0.000187599	0.0525632
2616	2.81632e-05	0.00335657	0.0094362	0.933506	0.00179892	0.0518744
2617	8.84044e-06	0.0010536	0.00293909	0.943031	0.000564094	0.0524036
2618	6.74151e-08	8.03871e-06	6.69629e-05	0.947281	4.30249e-06	0.0526398
2619	8.57221e-07	0.000102172	0.000289656	0.946932	5.47186e-05	0.0526204
2620	7.07843e-07	8.43976e-05	0.000241985	0.947003	4.51701e-05	0.0526244
2621	1.59281e-06	0.00018987	0.998197	0.00142992	0.000101741	7.94598e-05
2622	8.69467e-07	0.000103688	0.000863635	0.946386	5.54926e-05	0.0525901
2623	2.0437e-05	0.00243585	0.00698664	0.937175	0.00130425	0.0520782
2624	4.09213e-07	4.87978e-05	0.000141747	0.94715	2.61203e-05	0.0526326
2625	7.17669e-07	8.55401e-05	0.999211	0.000622245	4.58012e-05	3.45778e-05
2626	4.04377e-06	0.00048221	0.995424	0.00363022	0.000258093	0.000201729
2627	8.69466e-07	0.000103677	0.000863635	0.946385	5.64612e-05	0.0525901
2628	0.000255827	0.030499	0.254111	0.662019	0.0163273	0.036788
2629	2.16439e-07	2.58027e-05	0.000214987	0.947115	1.38968e-05	0.0526306
2630	8.98609e-07	0.000107123	0.99738	0.00232539	5.78625e-05	0.00012922
2631	2.65081e-07	3.15942e-05	8.99027e-05	0.947225	1.69143e-05	0.0526367
2632	5.3179e-12	1	5.28223e-09	1.37615e-08	3.39645e-10	7.64716e-10
2633	2.92433e-09	3.4855e-07	2.90472e-06	7.56748e-06	0.999989	4.2052e-07
2634	4.72462e-07	5.63114e-05	0.000161517	0.947121	3.01511e-05	0.0526309
2635	4.62209e-07	5.50869e-05	0.999492	0.000400752	2.94937e-05	2.22695e-05
2636	1.14134e-07	1.36405e-05	0.000113369	0.947229	7.28506e-06	0.0526369
2637	2.1744e-07	2.59362e-05	0.000215982	0.947113	1.38833e-05	0.0526305
2638	2.48607e-06	0.00029639	0.000840045	0.946127	0.000158659	0.0525757
2639	4.25874e-10	5.07578e-08	4.23018e-07	0.947356	2.71887e-08	0.052644
2640	0.000255814	0.0305323	0.254099	0.661987	0.0163401	0.0367862
2641	0.000255822	0.0305144	0.254106	0.662007	0.0163293	0.0367873
2642	0.000255817	0.0305277	0.254101	0.661993	0.0163358	0.0367866
2643	0.000698207	0.0832137	0.232409	0.605481	0.0445516	0.0336462
2644	0.000251528	0.0467075	0.249841	0.650896	0.0161337	0.0361699
2645	0.000255828	0.0304937	0.254112	0.662022	0.0163279	0.0367882
2646	0.000255826	0.0305007	0.254111	0.662018	0.0163271	0.0367879
2647	0.000255784	0.0306437	0.254068	0.661908	0.0163424	0.0367818
2648	1.12534e-07	1.34188e-05	3.92304e-05	0.947299	7.18166e-06	0.0526408
2649	0.000699394	0.0833578	0.232349	0.605325	0.0446308	0.0336376
2650	0.000255811	0.0305615	0.254095	0.661977	0.016325	0.0367857
2651	5.39739e-08	6.4348e-06	1.84516e-05	0.947329	3.44431e-06	0.0526425
2652	0.000255823	0.0304979	0.254107	0.662009	0.0163426	0.0367874
2653	4.99749e-08	5.95636e-06	1.73108e-05	0.947331	3.18908e-06	0.0526426
2654	0.000255822	0.0305172	0.254106	0.662005	0.0163288	0.0367872
2655	0.000642089	0.076526	0.213312	0.555728	0.122911	0.0308814
2656	1.75042e-06	0.997634	0.000600573	0.00156463	0.000111855	8.69458e-05
2657	1.14134e-07	1.3611e-05	0.000113369	0.947229	7.28955e-06	0.0526369
2658	7.74731e-15	1	7.69535e-12	2.00482e-11	7.56642e-13	1.11407e-12
2659	0.000255822	0.0305144	0.254106	0.662005	0.0163315	0.0367872
2660	2.7622e-07	3.29198e-05	9.29571e-05	0.94722	1.76435e-05	0.0526364
2661	8.5434e-09	0.999968	8.4861e-06	2.21083e-05	5.46667e-07	1.22854e-06
2662	0.000698311	0.0832358	0.232401	0.605461	0.0445589	0.0336451
2663	1.66825e-09	1.98826e-07	5.59794e-07	0.947355	1.06451e-07	0.052644
2664	2.21663e-07	2.64315e-05	0.000220176	0.947109	1.41444e-05	0.0526303
2665	2.34824e-07	2.79945e-05	7.84618e-05	0.947241	1.49847e-05	0.0526376
2666	0.000683852	0.0816742	0.233066	0.607193	0.0436416	0.0337413
2667	0.000687947	0.0820842	0.232859	0.606654	0.0440036	0.0337114
2668	0.000255821	0.0305143	0.254105	0.662003	0.0163349	0.0367871
2669	8.61887e-08	1.02719e-05	2.87281e-05	0.947314	5.49954e-06	0.0526417
2670	0.000255824	0.0305065	0.254108	0.662012	0.0163299	0.0367876
2671	1.22212e-05	0.00145667	0.986441	0.0107149	0.000780069	0.000595422
2672	0.000501545	0.059941	0.174842	0.694108	0.0320361	0.0385712
2673	2.99028e-08	3.57377e-06	2.97022e-05	0.947323	1.91211e-06	0.0526421
2674	0.000694214	0.0827571	0.232599	0.605976	0.0442995	0.0336737
2675	0.000688044	0.0820437	0.232892	0.606739	0.0439209	0.0337161
2676	0.000255775	0.0306733	0.25406	0.661886	0.0163445	0.0367806
2677	3.06858e-10	3.65873e-08	3.048e-07	7.94076e-07	0.999999	4.41263e-08
2678	4.71651e-06	0.000562175	0.994749	0.004152	0.000300966	0.000230724
2679	0.000685306	0.0817507	0.23295	0.606889	0.0440012	0.0337244
2680	6.44641e-14	7.68461e-12	6.40317e-11	0.947356	4.11367e-12	0.052644
2681	9.2894e-07	0.00011129	0.000922709	0.946319	5.94663e-05	0.0525864
2682	6.60366e-07	7.87122e-05	0.000655937	0.946619	4.21692e-05	0.0526031
2683	0.00069524	0.0829059	0.232525	0.605783	0.044427	0.033663
2684	0.00025224	0.0440253	0.250548	0.652736	0.0161663	0.0362722
2685	0.000102777	0.0122559	0.886159	0.089926	0.00655882	0.00499713
2686	2.27881e-12	1	2.26353e-09	5.89702e-09	1.45445e-10	3.27694e-10
2687	0.000596824	0.0711397	0.202873	0.6509	0.0383201	0.0361701
2688	2.19224e-07	2.61407e-05	7.49443e-05	0.947247	1.39913e-05	0.0526379
2689	4.14148e-07	4.93715e-05	0.000139729	0.947151	2.64329e-05	0.0526326
2690	2.71789e-10	3.2412e-08	2.69966e-07	0.947356	1.73516e-08	0.052644
2691	0.000255826	0.030497	0.25411	0.662018	0.0163311	0.0367879
2692	1.25669e-06	0.000150435	0.00124827	0.945954	8.03049e-05	0.0525661
2693	0.000255825	0.0304904	0.25411	0.662016	0.0163408	0.0367878
2694	0.000692788	0.082579	0.232672	0.606166	0.0442057	0.0336843
2695	0.000255828	0.030495	0.254113	0.662023	0.0163251	0.0367882
2696	5.3121e-09	6.37042e-07	0.999985	1.37464e-05	3.39515e-07	7.63882e-07
2697	0.000686876	0.0818897	0.232955	0.606903	0.0438406	0.0337252
2698	3.59411e-05	0.00428377	0.0120508	0.929675	0.00229344	0.0516615
2699	1.77746e-07	2.11845e-05	6.00607e-05	0.947268	1.1342e-05	0.0526391
2700	7.12587e-05	0.00849274	0.0236573	0.912523	0.0045469	0.0507084
2701	2.17647e-06	0.000259874	0.000741772	0.946273	0.000138919	0.0525838
2702	0.000683178	0.0814772	0.232226	0.605005	0.046989	0.0336197
2703	1.03046e-07	1.22864e-05	0.999884	9.21091e-05	6.5762e-06	5.11845e-06
2704	0.000255828	0.0304957	0.254112	0.662022	0.0163257	0.0367882
2705	0.000102932	0.609919	0.102242	0.266365	0.00656901	0.0148017
2706	0.000255827	0.0304966	0.254112	0.662021	0.0163273	0.0367881
2707	2.85386e-05	0.00340475	0.00994876	0.932951	0.00182312	0.0518435
2708	0.000695893	0.08295	0.232519	0.605766	0.0444077	0.033662
2709	2.35176e-08	2.80353e-06	8.01515e-06	2.08813e-05	0.999967	1.16036e-06
2710	0.000255705	0.0304789	0.25399	0.661703	0.0168026	0.0367704
2711	2.79423e-07	3.33026e-05	9.74089e-05	0.947215	1.78324e-05	0.0526362
2712	2.05879e-06	0.000247606	0.00204499	0.945057	0.000131864	0.0525163
2713	5.94329e-07	7.09484e-05	0.998267	0.00153798	3.79472e-05	8.54648e-05
2714	1.77975e-06	0.000212204	0.000616488	0.946462	0.000113587	0.0525943
2715	0.00024112	0.0862086	0.239502	0.623961	0.0154142	0.0346731
2716	1.27396e-07	1.51842e-05	4.29243e-05	0.947293	8.1293e-06	0.0526405
2717	0.00068804	0.082016	0.232891	0.606736	0.0439538	0.0337159
2718	5.55293e-07	6.61859e-05	0.000186495	0.947083	3.54352e-05	0.0526288
2719	0.000255782	0.0304898	0.254066	0.661902	0.0165044	0.0367815
2720	1.02742e-13	1.22473e-11	1.02053e-10	0.947356	6.55606e-12	0.052644
2721	6.55325e-06	0.000781069	0.002211	0.944119	0.000418253	0.0524641
2722	0.000255825	0.0305066	0.254109	0.662015	0.0163255	0.0367878
2723	0.000255829	0.0304903	0.254113	0.662025	0.0163277	0.0367883
2724	3.58757e-07	4.28761e-05	0.000356351	0.946956	2.30637e-05	0.0526218
2725	5.37342e-06	0.000640641	0.0018613	0.944656	0.000342989	0.052494
2726	6.80344e-16	8.10837e-14	2.2577e-13	5.88184e-13	1	3.26851e-14
2727	0.000627446	0.0748878	0.2145	0.558823	0.120108	0.0310535
2728	0.000255815	0.0305447	0.254099	0.661988	0.0163268	0.0367863
2729	1.74063e-06	0.000207504	0.00059323	0.036397	0.960778	0.00202256
2730	2.20516e-05	0.97094	0.00736809	0.0191956	0.00140729	0.00106669
2731	2.3769e-06	0.000283403	0.99307	0.00615086	0.000151809	0.0003418
2732	0.00025583	0.030491	0.254114	0.662027	0.0163242	0.0367884
2733	1.00502e-06	0.000119782	0.998895	0.000871551	6.4129e-05	4.84316e-05
2734	3.13149e-12	1	1.04278e-09	2.71669e-09	1.99836e-10	1.50965e-10
2735	3.36214e-09	4.00837e-07	3.33959e-06	0.947352	2.14565e-07	0.0526438
2736	1.61278e-15	1	1.60196e-12	4.17348e-12	1.02923e-13	2.31918e-13
2737	0.000689025	0.0822374	0.232823	0.606558	0.0439869	0.0337061
2738	5.3121e-09	6.33223e-07	0.999985	1.37464e-05	3.40236e-07	7.63882e-07
2739	0.000255821	0.0305078	0.254105	0.662005	0.0163389	0.0367872
2740	1.89493e-08	2.25955e-06	1.88222e-05	0.947335	1.20958e-06	0.0526428
2741	1.1431e-09	0.999996	1.13543e-06	2.95806e-06	7.30152e-08	1.64378e-07
2742	0.000697959	0.0831884	0.232419	0.605507	0.0445394	0.0336477
2743	1.10599e-07	1.31821e-05	0.999876	9.82013e-05	7.05823e-06	5.45699e-06
2744	3.05556e-12	3.6424e-10	3.03506e-09	0.947356	1.95602e-10	0.052644
2745	5.7744e-12	6.88209e-10	1.93232e-09	5.03416e-09	1	2.79745e-10
2746	0.000586379	0.0698997	0.199846	0.655801	0.0374237	0.0364425
2747	5.20807e-07	6.20815e-05	0.00017869	0.947096	3.32805e-05	0.0526295
2748	3.1013e-05	0.00369823	0.0104793	0.93202	0.00197952	0.0517918
2749	5.05759e-07	6.03179e-05	0.000502367	0.946792	3.23935e-05	0.0526126
2750	2.09539e-07	2.50193e-05	0.000208134	0.947122	1.33731e-05	0.052631
2751	1.61489e-05	0.00192464	0.982279	0.0139733	0.00103049	0.000776487
2752	4.72462e-07	5.63401e-05	0.000161517	0.947121	3.01576e-05	0.0526309
2753	7.31177e-08	8.72318e-06	2.54894e-05	0.94731	1.39965e-05	0.0526415
2754	7.4711e-06	0.000895955	0.00742099	0.939018	0.000476898	0.0521807
2755	0.000255827	0.0304999	0.254111	0.66202	0.0163246	0.0367881
2756	0.000696752	0.0830556	0.232448	0.605581	0.0445668	0.0336518
2757	1.16619e-09	1.39027e-07	1.15837e-06	0.947355	7.44901e-08	0.0526439
2758	4.3436e-08	5.17705e-06	4.31447e-05	0.947306	4.24218e-06	0.0526412
2759	5.68048e-11	1	5.64238e-08	1.46997e-07	3.62508e-09	8.16856e-09
2760	1.57718e-06	0.000188125	0.000534902	0.946574	0.000100667	0.0526006
2761	0.000255828	0.0304932	0.254112	0.662023	0.0163279	0.0367882
2762	0.000679953	0.0810753	0.233293	0.607784	0.0433928	0.0337742
2763	0.000255797	0.0305426	0.254081	0.661942	0.0163943	0.0367837
2764	3.96147e-07	4.72815e-05	0.00039349	0.946914	2.53192e-05	0.0526194
2765	5.27481e-05	0.00628726	0.0179302	0.921175	0.00336597	0.0511891
2766	2.31073e-10	0.999999	2.29523e-07	5.97961e-07	1.47462e-08	3.32283e-08
2767	5.42583e-10	6.46854e-08	5.38944e-07	1.40408e-06	0.999998	7.80237e-08
2768	3.21497e-06	0.000383789	0.996441	0.00281055	0.000205177	0.00015618
2769	0.000694107	0.0827931	0.232564	0.605883	0.0443977	0.0336686
2770	7.76042e-10	9.24911e-08	0.999999	7.00321e-07	4.97772e-08	3.89164e-08
2771	5.39572e-06	0.000643264	0.00182322	0.944688	0.000344306	0.0524957
2772	0.000255824	0.0305101	0.254108	0.662012	0.0163263	0.0367876
2773	0.000129715	0.0269677	0.845487	0.112866	0.00827746	0.00627192
2774	1.2567e-06	0.000149788	0.00124827	0.945954	8.0188e-05	0.0525661
2775	0.000694187	0.0827849	0.23259	0.605953	0.0443056	0.0336724
2776	3.53047e-07	4.21081e-05	0.999611	0.000307191	2.25296e-05	1.70704e-05
2777	0.000255821	0.0305078	0.254105	0.662004	0.0163405	0.0367871
2778	5.41137e-08	6.45186e-06	0.999842	0.000140033	3.45331e-06	7.78157e-06
2779	0.000255829	0.0304932	0.254113	0.662024	0.0163261	0.0367883
2780	1.00216e-07	1.19452e-05	0.999708	0.000259335	6.39489e-06	1.44111e-05
2781	6.60366e-07	7.87368e-05	0.000655937	0.946619	4.21917e-05	0.0526031
2782	0.000255809	0.0305613	0.254093	0.661973	0.0163314	0.0367854
2783	2.19224e-07	2.61294e-05	7.49443e-05	0.947247	1.39892e-05	0.0526379
2784	2.00593e-07	2.39131e-05	0.000199248	0.947132	1.28182e-05	0.0526316
2785	1.11189e-07	1.32579e-05	0.000110444	0.947232	7.17451e-06	0.0526371
2786	0.000694968	0.0828366	0.232561	0.605877	0.0443615	0.0336682
2787	1.37413e-07	1.63817e-05	0.999844	0.000124006	8.77009e-06	6.89091e-06
2788	1.04619e-07	1.24763e-05	0.000103918	0.947239	6.67699e-06	0.0526375
2789	0.000255826	0.0304983	0.254111	0.662018	0.0163291	0.036788
2790	2.86518e-09	3.4151e-07	9.73934e-07	0.947355	1.82847e-07	0.0526439
2791	3.70623e-06	0.000441872	0.00368137	0.943222	0.000236764	0.0524143
2792	2.7342e-09	0.99999	2.71586e-06	7.07546e-06	1.74473e-07	3.93179e-07
2793	2.76455e-08	3.31951e-06	2.74601e-05	0.947325	1.76524e-06	0.0526423
2794	0.000670559	0.0799241	0.233762	0.609005	0.0427962	0.033842
2795	0.000321038	0.0382619	0.646262	0.279126	0.0205187	0.0155108
2796	1.81755e-08	2.16633e-06	6.09414e-06	0.947347	1.15992e-06	0.0526435
2797	0.000695845	0.083008	0.232503	0.605725	0.0444089	0.0336598
2798	0.000255823	0.0304939	0.254107	0.662008	0.0163475	0.0367874
2799	0.000255806	0.0305264	0.254091	0.661966	0.0163755	0.0367851
2800	3.58757e-07	4.27701e-05	0.000356351	0.946956	2.29156e-05	0.0526218
2801	1.2622e-08	1.50467e-06	1.25374e-05	0.947342	8.05599e-07	0.0526432
2802	0.000629265	0.0749954	0.209933	0.638781	0.0401644	0.0354967
2803	7.98385e-09	9.51968e-07	0.999977	2.06603e-05	5.09663e-07	1.14808e-06
2804	2.0437e-05	0.00243583	0.00698664	0.937174	0.00130444	0.0520782
2805	6.00044e-12	7.15298e-10	5.96019e-09	1.55277e-08	1	8.62866e-10
2806	1.02537e-07	1.22207e-05	3.47756e-05	0.947305	6.54276e-06	0.0526412
2807	9.00333e-06	0.00107331	0.00302376	0.942921	0.000575087	0.0523976
2808	1.28883e-09	1.53627e-07	4.49297e-07	0.947355	8.22442e-08	0.052644
2809	0.00025583	0.0304917	0.254114	0.662026	0.0163242	0.0367884
2810	5.77736e-12	6.90468e-10	5.73861e-09	0.947356	3.689e-10	0.052644
2811	0.00025583	0.03049	0.254114	0.662027	0.0163241	0.0367885
2812	4.83353e-07	5.7612e-05	0.999448	0.000438984	3.08438e-05	2.43941e-05
2813	1.18942e-06	0.000141769	0.000400277	0.946769	7.58976e-05	0.0526114
2814	1.75313e-07	2.09009e-05	0.999489	0.000453668	1.11876e-05	2.521e-05
2815	7.89745e-12	9.41566e-10	7.84448e-09	0.947356	5.03958e-10	0.052644
2816	0.000255787	0.0306441	0.254072	0.661916	0.01633	0.0367823
2817	0.000255828	0.0304957	0.254112	0.662021	0.0163274	0.0367881
2818	0.000696122	0.0829845	0.232495	0.605705	0.0444601	0.0336587
2819	7.23898e-09	0.999973	7.19043e-06	1.87328e-05	4.66126e-07	1.04097e-06
2820	2.10747e-07	2.5119e-05	7.09233e-05	0.947252	1.34486e-05	0.0526382
2821	3.0475e-06	0.000363292	0.00105562	0.945825	0.000194543	0.0525589
2822	1.5206e-07	1.81393e-05	5.19834e-05	0.94728	9.71869e-06	0.0526398
2823	1.08262e-14	1	1.07536e-11	2.80157e-11	6.91284e-13	1.55681e-12
2824	0.000255826	0.0305038	0.25411	0.662016	0.016326	0.0367879
2825	2.08406e-09	0.999997	7.02195e-07	1.82938e-06	1.33229e-07	1.01658e-07
2826	1.25669e-06	0.000151868	0.00124826	0.945952	8.04474e-05	0.052566
2827	1.07795e-06	0.000128526	0.000365589	0.946822	6.88405e-05	0.0526143
2828	2.87126e-05	0.00342694	0.916278	0.0743013	0.00183656	0.00412888
2829	1.13796e-07	1.35627e-05	0.000113033	0.947229	7.26265e-06	0.0526369
2830	0.000255812	0.030488	0.254096	0.661979	0.0163952	0.0367858
2831	7.31758e-06	0.00087249	0.00255096	0.943663	0.000467063	0.0524388
2832	0.000255823	0.0305099	0.254107	0.662008	0.0163322	0.0367874
2833	0.000255826	0.0304959	0.25411	0.662017	0.0163333	0.0367879
2834	9.05232e-07	0.996569	0.00089916	0.00234252	5.77701e-05	0.000130173
2835	1.35204e-08	1.61168e-06	1.34297e-05	3.49875e-05	0.999948	1.94424e-06
2836	0.000255819	0.0305238	0.254104	0.662	0.0163301	0.0367869
2837	1.14984e-05	0.00137067	0.987073	0.0102408	0.000735063	0.000569075
2838	0.000255816	0.0305165	0.2541	0.661991	0.0163501	0.0367864
2839	2.09539e-07	2.4975e-05	0.000208134	0.947122	1.34538e-05	0.052631
2840	0.000255811	0.0305521	0.254095	0.661977	0.0163342	0.0367857
2841	0.000255821	0.0305239	0.254105	0.662004	0.0163243	0.0367871
2842	0.000255827	0.030496	0.254111	0.662019	0.0163306	0.036788
2843	2.73833e-08	3.26398e-06	2.71997e-05	0.947325	1.74753e-06	0.0526423
2844	3.32331e-08	3.96095e-06	1.12489e-05	0.94734	2.12061e-06	0.0526431
2845	5.39571e-06	0.000643319	0.00182322	0.944688	0.000344615	0.0524957
2846	1.02537e-07	1.22206e-05	3.47756e-05	0.947305	6.545e-06	0.0526412
2847	1.1964e-07	1.42605e-05	0.999867	0.000105502	7.63474e-06	5.8627e-06
2848	1.99063e-05	0.00237464	0.941959	0.0515129	0.00127093	0.00286254
2849	1.66505e-09	1.99082e-07	1.65388e-06	0.947354	1.06287e-07	0.0526439
2850	5.06635e-09	6.03984e-07	5.03237e-06	1.31105e-05	0.999981	7.28544e-07
2851	2.79991e-06	0.000334951	0.00278113	0.944232	0.000178725	0.0524704
2852	5.20807e-07	6.20759e-05	0.00017869	0.947096	3.32347e-05	0.0526296
2853	5.14858e-06	0.000613927	0.00511405	0.941613	0.000328564	0.0523249
2854	2.18211e-09	2.60306e-07	2.16748e-06	0.947354	1.39244e-07	0.0526439
2855	0.000683927	0.0815492	0.233092	0.607259	0.0436706	0.033745
2856	2.48631e-06	0.000296355	0.00246963	0.944583	0.000158985	0.0524899
2857	1.25817e-10	1	4.31681e-08	1.12463e-07	8.03571e-09	6.24951e-09
2858	0.000677104	0.0811191	0.233322	0.607858	0.0432454	0.0337783
2859	1.37079e-07	1.63382e-05	0.999848	0.000119656	8.74829e-06	6.6492e-06
2860	1.5705e-06	0.00018888	0.995419	0.00406408	0.000100288	0.000225838
2861	0.000682121	0.0813076	0.233191	0.607518	0.0435415	0.0337594
2862	0.000255823	0.0305146	0.254107	0.662009	0.0163257	0.0367875
2863	3.21307e-08	3.83005e-06	1.1201e-05	0.94734	2.05457e-06	0.0526431
2864	7.47113e-06	0.000891085	0.00742102	0.939023	0.000476853	0.0521809
2865	0.00069153	0.0824681	0.232722	0.606297	0.0441293	0.0336916
2866	1.1431e-09	0.999998	3.83274e-07	9.9852e-07	7.29629e-08	5.54872e-08
2867	3.62601e-07	0.998626	0.000360169	0.000938325	2.31439e-05	5.21421e-05
2868	0.000255793	0.0306202	0.254078	0.661933	0.0163304	0.0367832
2869	7.57269e-08	9.02682e-06	2.54846e-05	0.947319	4.83226e-06	0.0526419
2870	5.03809e-07	6.04944e-05	0.998531	0.00130374	3.22686e-05	7.24479e-05
2871	4.8998e-07	5.84047e-05	0.000486694	0.946809	3.13233e-05	0.0526136
2872	0.000688035	0.0820563	0.232889	0.606731	0.0439203	0.0337157
2873	1.63854e-08	1.95317e-06	5.67572e-06	0.947348	1.04563e-06	0.0526435
2874	0.00025582	0.0305142	0.254104	0.662	0.0163387	0.036787
2875	2.00118e-05	0.00238596	0.0198775	0.0517857	0.923053	0.0028777
2876	1.1562e-07	1.37798e-05	0.999872	0.000100798	7.38142e-06	5.60129e-06
2877	1.87368e-07	0.99929	0.000186112	0.000484865	1.19593e-05	2.69437e-05
2878	9.7926e-07	0.00011671	0.000326697	0.946876	6.24852e-05	0.0526173
2879	6.99831e-08	8.34921e-06	6.95137e-05	0.947278	4.47287e-06	0.0526397
2880	4.31989e-06	0.000514883	0.995176	0.00381692	0.000275664	0.000212104
2881	1.14722e-07	1.3676e-05	0.000113953	0.947214	2.19605e-05	0.0526361
2882	0.000692204	0.0825066	0.2327	0.606238	0.0441747	0.0336883
2883	5.40585e-06	0.000644318	0.0018334	0.944676	0.000345904	0.0524951
2884	2.87498e-07	3.42778e-05	0.999162	0.000743978	1.83537e-05	4.13424e-05
2885	1.5157e-08	1.8067e-06	1.50553e-05	0.947339	9.67609e-07	0.0526431
2886	3.64712e-05	0.00435472	0.0123692	0.929272	0.00232812	0.0516391
2887	0.000686828	0.081859	0.232939	0.60686	0.0439321	0.0337229
2888	2.5759e-06	0.000307079	0.000856607	0.946095	0.000164377	0.052574
2889	0.000255823	0.0304937	0.254108	0.66201	0.0163449	0.0367875
2890	0.00025583	0.0304905	0.254114	0.662027	0.0163246	0.0367884
2891	1.39774e-11	1.66621e-09	1.38836e-08	0.947356	8.91908e-10	0.052644
2892	3.06182e-13	3.64954e-11	1.04078e-10	0.947356	1.95373e-11	0.052644
2893	0.000694617	0.0827962	0.232583	0.605933	0.0443225	0.0336713
2894	0.000255824	0.0305025	0.254108	0.662012	0.0163332	0.0367876
2895	0.000692778	0.0825845	0.232669	0.606158	0.0442122	0.0336838
2896	1.33228e-06	0.000158799	0.000445155	0.946702	8.50139e-05	0.0526077
2897	0.000255828	0.0304936	0.254112	0.662021	0.0163296	0.0367881
2898	0.000689066	0.0821532	0.232836	0.606594	0.0440193	0.0337081
2899	5.26591e-07	6.5266e-05	0.998462	0.00136269	3.36501e-05	7.57241e-05
2900	2.58311e-06	0.000307885	0.997104	0.00229355	0.000164861	0.000127451
2901	9.41573e-07	0.000112266	0.000320901	0.946888	6.00937e-05	0.052618
2902	4.2025e-06	0.994457	0.00140554	0.00366176	0.000268195	0.000203482
2903	4.65271e-11	1	1.56767e-08	4.08414e-08	2.97161e-09	2.26953e-09
2904	9.54929e-11	1	9.48524e-08	2.47113e-07	6.09376e-09	1.37319e-08
2905	1.41328e-05	0.00168452	0.0049268	0.940225	0.000902061	0.0522477
2906	1.45737e-05	0.0017378	0.983435	0.0131517	0.000930119	0.000730832
2907	4.34361e-08	5.17966e-06	4.31447e-05	0.947308	2.78386e-06	0.0526413
2908	0.000695607	0.0829231	0.232531	0.605798	0.0443889	0.0336638
2909	0.000255828	0.0304949	0.254112	0.662022	0.0163266	0.0367882
2910	5.7333e-07	6.83465e-05	0.000569485	0.946717	3.65895e-05	0.0526085
2911	9.19613e-05	0.0109612	0.896608	0.0819035	0.00588433	0.00455133
2912	0.000255763	0.0307105	0.254047	0.661853	0.0163545	0.0367788
2913	1.12474e-07	1.34331e-05	0.999672	0.000291056	7.18133e-06	1.61738e-05
2914	0.000677406	0.0807383	0.233426	0.608129	0.0432362	0.0337934
2915	1.66607e-06	0.000198851	0.000569567	0.946526	0.000106337	0.0525979
2916	2.86518e-09	3.41478e-07	9.73934e-07	0.947355	1.82836e-07	0.0526439
2917	0.000255827	0.0305007	0.254111	0.66202	0.0163244	0.036788
2918	8.60004e-12	1	8.54236e-09	2.22549e-08	5.52179e-10	1.23669e-09
2919	5.7333e-07	6.8393e-05	0.000569484	0.946716	3.65951e-05	0.0526085
2920	1.35207e-08	1.6116e-06	4.56175e-06	1.8353e-05	0.999974	1.01987e-06
2921	0.000255516	0.0316687	0.253802	0.661214	0.0163165	0.0367433
2922	4.60169e-08	5.48482e-06	4.57082e-05	0.947305	2.95163e-06	0.0526411
2923	0.000690806	0.0823869	0.232757	0.606388	0.0440808	0.0336966
2924	9.79389e-13	1	9.7282e-10	2.53443e-09	6.25033e-11	1.40837e-10
2925	3.64702e-05	0.00434951	0.0123689	0.929248	0.00235968	0.0516377
2926	8.13426e-06	0.000969529	0.00274858	0.943334	0.00051906	0.0524205
2927	2.07609e-07	2.47441e-05	0.999767	0.000184903	1.32477e-05	1.0275e-05
2928	0.00025578	0.0304961	0.254065	0.661898	0.0165043	0.0367813
2929	0.000255789	0.0305835	0.254074	0.661921	0.0163831	0.0367826
2930	0.000255822	0.0305172	0.254106	0.662007	0.016327	0.0367873
2931	3.6196e-08	4.31408e-06	1.21957e-05	0.947338	2.31055e-06	0.052643
2932	0.000697833	0.0831668	0.232428	0.605529	0.0445296	0.0336489
2933	0.000255652	0.0311617	0.253937	0.661567	0.0163159	0.0367629
2934	6.87765e-16	1	2.30985e-13	6.01772e-13	4.38879e-14	3.34401e-14
2935	2.52218e-07	3.01922e-05	8.47072e-05	0.947232	1.61029e-05	0.0526371
2936	1.75556e-08	2.09312e-06	1.74379e-05	0.947336	1.12091e-06	0.0526429
2937	0.000255825	0.0305051	0.254109	0.662015	0.0163274	0.0367878
2938	0.000255828	0.0304967	0.254112	0.662023	0.0163243	0.0367882
2939	0.000255742	0.0305942	0.254027	0.6618	0.0165469	0.0367758
2940	1.78664e-09	2.13025e-07	6.22836e-07	0.947355	1.14012e-07	0.052644
2941	0.000692197	0.0825183	0.232698	0.606232	0.0441717	0.033688
2942	1.39774e-11	1.66639e-09	1.38836e-08	0.947356	8.92495e-10	0.052644
2943	4.68234e-08	5.58066e-06	1.57576e-05	0.947333	2.98795e-06	0.0526427
2944	1.45268e-07	1.73221e-05	0.999836	0.00012985	9.27383e-06	7.21569e-06
2945	0.000255753	0.0304939	0.254037	0.661828	0.016608	0.0367774
2946	2.87498e-07	3.42778e-05	0.999162	0.000743978	1.83751e-05	4.13424e-05
2947	1.91978e-06	0.000229662	0.00190691	0.945214	0.000122841	0.052525
2948	1.63854e-08	1.95347e-06	5.67572e-06	0.947348	1.04567e-06	0.0526435
2949	2.00687e-09	2.39847e-07	1.99341e-06	0.947354	1.28295e-07	0.0526439
2950	2.76455e-08	3.31201e-06	2.74601e-05	0.947325	1.76973e-06	0.0526423
2951	3.19783e-07	3.81237e-05	0.000109322	0.947197	2.04166e-05	0.0526351
2952	0.000689049	0.0821334	0.232831	0.606579	0.0440606	0.0337072
2953	1.9914e-11	2.37362e-09	1.97805e-08	0.947356	1.10336e-08	0.052644
2954	0.000675112	0.0805057	0.232636	0.60607	0.0464342	0.033679
2955	0.00025581	0.030552	0.254094	0.661975	0.0163381	0.0367855
2956	7.40525e-08	8.85412e-06	2.5651e-05	0.947319	4.72546e-06	0.0526419
2957	6.99831e-08	8.34632e-06	6.95137e-05	0.947278	4.46666e-06	0.0526397
2958	6.64446e-06	0.000792084	0.99248	0.00596494	0.000424764	0.000331468
2959	1.52982e-08	1.82323e-06	1.51956e-05	3.95881e-05	0.999941	2.19989e-06
2960	3.01357e-07	3.59195e-05	0.000299336	0.94702	1.92329e-05	0.0526253
2961	2.16816e-08	2.5847e-06	7.55835e-06	0.947345	1.38351e-06	0.0526434
2962	0.000339769	0.0405795	0.615406	0.305022	0.0217027	0.0169499
2963	8.3643e-09	0.999968	8.3082e-06	2.16448e-05	5.33739e-07	1.20279e-06
2964	9.81573e-10	1.16999e-07	0.999997	2.54008e-06	6.40578e-08	1.41151e-07
2965	0.00025583	0.0304911	0.254114	0.662026	0.0163251	0.0367884
2966	0.000207179	0.0246954	0.0710836	0.843897	0.0132216	0.0468949
2967	5.07025e-10	6.04315e-08	5.03624e-07	0.947355	3.23588e-08	0.052644
2968	2.43133e-06	0.00028981	0.000837807	0.946136	0.000157885	0.0525762
2969	0.00025583	0.0304908	0.254114	0.662027	0.0163244	0.0367884
2970	1.45014e-06	0.000172839	0.000487496	0.946641	9.25477e-05	0.0526043
2971	4.31911e-07	5.14942e-05	0.999513	0.000386069	2.75657e-05	2.14536e-05
2972	0.00025583	0.0304896	0.254114	0.662028	0.0163244	0.0367885
2973	0.000255829	0.0304935	0.254113	0.662023	0.0163263	0.0367882
2974	8.82367e-05	0.665612	0.0876449	0.228336	0.00563066	0.0126885
2975	6.54811e-10	2.34117e-07	6.50419e-07	0.947355	4.17911e-08	0.052644
2976	0.000255771	0.0306728	0.254056	0.661875	0.0163601	0.03678
2977	6.08651e-07	7.25619e-05	0.998225	0.00157505	3.88559e-05	8.75243e-05
2978	2.79423e-07	3.33189e-05	9.74089e-05	0.947215	1.78389e-05	0.0526362
2979	4.26999e-13	5.09101e-11	1	1.10497e-09	2.72493e-11	6.14026e-11
2980	0.000255827	0.0304977	0.254111	0.66202	0.0163271	0.0367881
2981	1.1501e-07	1.37129e-05	0.000114239	0.947228	7.34325e-06	0.0526369
2982	0.000143284	0.0170786	0.836268	0.130132	0.00914758	0.00723134
2983	0.00025583	0.0304908	0.254114	0.662027	0.0163246	0.0367884
2984	0.000255802	0.0304936	0.254087	0.661955	0.0164242	0.0367845
2985	9.25016e-06	0.00110278	0.00317375	0.942737	0.000590361	0.0523873
2986	8.13426e-06	0.000969502	0.00274858	0.943334	0.000519075	0.0524205
2987	3.12459e-05	0.0037293	0.0310363	0.0808569	0.879853	0.00449317
2988	1.46512e-05	0.00174613	0.98348	0.0130962	0.000934916	0.000727747
2989	2.00593e-07	2.39103e-05	0.000199248	0.947132	1.28206e-05	0.0526316
2990	1.40755e-07	1.68628e-05	0.99959	0.00036424	8.99446e-06	2.02406e-05
2991	0.000118155	0.552228	0.117363	0.305758	0.00754265	0.0169908
2992	5.80071e-07	6.91401e-05	0.000199886	0.947065	3.71773e-05	0.0526279
2993	0.000674311	0.0803751	0.233574	0.608516	0.0430458	0.0338149
2994	1.03046e-07	1.22828e-05	0.999884	9.21091e-05	6.57561e-06	5.11845e-06
2995	3.26943e-06	0.000389694	0.00109804	0.945746	0.000208633	0.0525545
2996	9.31094e-09	0.999965	9.24849e-06	2.40945e-05	6.04631e-07	1.33892e-06
2997	1.32954e-07	1.58453e-05	4.49253e-05	0.94729	8.48451e-06	0.0526403
2998	2.08437e-07	2.48437e-05	0.999769	0.000182966	1.33005e-05	1.01673e-05
2999	1.57782e-06	0.000188162	0.00156724	0.945596	0.000100723	0.0525462
3000	9.25016e-06	0.00110246	0.00317375	0.942737	0.000590316	0.0523873
3001	0.000255819	0.030514	0.254103	0.661998	0.0163424	0.0367868
3002	4.16774e-08	4.96736e-06	0.999878	0.000107851	2.66023e-06	5.99323e-06
3003	0.000255825	0.0305026	0.254109	0.662015	0.0163291	0.0367878
3004	3.96061e-09	4.72162e-07	1.32536e-06	3.45288e-06	0.999995	1.91875e-07
3005	0.000255766	0.0305053	0.25405	0.661861	0.0165484	0.0367792
3006	3.50334e-09	4.17815e-07	1.22129e-06	0.947354	2.24018e-07	0.0526439
3007	2.20575e-05	0.0026337	0.975648	0.0192193	0.00140877	0.00106801
3008	1.94601e-08	2.32027e-06	0.999978	1.76738e-05	1.24209e-06	9.82122e-07
3009	4.60169e-08	5.48996e-06	4.57082e-05	0.947305	2.9368e-06	0.0526412
3010	8.31488e-06	0.000991215	0.990547	0.00750357	0.000532562	0.000416969
3011	7.13124e-06	0.000850149	0.00245734	0.943783	0.000457048	0.0524454
3012	6.74445e-07	8.03837e-05	0.000228289	0.947022	4.30385e-05	0.0526255
3013	0.000255829	0.0304905	0.254113	0.662025	0.0163272	0.0367883
3014	1.04655e-11	1.24742e-09	3.60629e-09	0.947356	6.67813e-10	0.052644
3015	9.75321e-21	1	9.68779e-18	2.5239e-17	6.2241e-19	1.40252e-18
3016	1.11098e-07	1.32599e-05	3.84832e-05	0.9473	7.09146e-06	0.0526409
3017	5.28895e-06	0.000630355	0.00525348	0.941457	0.000337588	0.0523162
3018	0.000107097	0.0127652	0.0363223	0.894276	0.00683536	0.0496944
3019	0.000255815	0.0305164	0.254099	0.661989	0.0163536	0.0367863
3020	6.0482e-06	0.977079	0.00600764	0.0156513	0.000386328	0.000869734
3021	2.76455e-08	3.30544e-06	2.74601e-05	0.947325	1.76503e-06	0.0526423
3022	1.64869e-08	1.96517e-06	0.999952	4.26641e-05	1.05209e-06	2.37082e-06
3023	1.07685e-06	0.000128427	0.000368133	0.946819	6.87179e-05	0.0526142
3024	0.000255823	0.0305048	0.254107	0.662008	0.0163374	0.0367874
3025	6.1384e-05	0.00731623	0.932516	0.0532318	0.00391692	0.00295806
3026	3.19129e-17	3.80396e-15	1.07086e-14	2.78985e-14	1	1.5503e-15
3027	7.53014e-08	8.97599e-06	2.52481e-05	0.947319	4.80667e-06	0.0526419
3028	3.42814e-08	4.08572e-06	1.15837e-05	0.947339	2.18765e-06	0.0526431
3029	5.02951e-05	0.00599639	0.0169948	0.922486	0.00321014	0.051262
3030	0.000255778	0.0305046	0.254062	0.661892	0.0165041	0.036781
3031	6.41068e-05	0.00764087	0.929093	0.0559986	0.00409141	0.00311181
3032	6.02529e-07	7.18116e-05	0.999323	0.000536631	3.84522e-05	2.98203e-05
3033	1.24162e-08	1.48069e-06	0.999964	3.21303e-05	7.94478e-07	1.78546e-06
3034	1.36769e-05	0.0016319	0.960122	0.0353926	0.000872826	0.00196675
3035	1.85785e-12	2.21674e-10	1.84539e-09	0.947356	1.18562e-10	0.052644
3036	1.07685e-06	0.000128373	0.000368133	0.946819	6.88013e-05	0.0526142
3037	1.23468e-10	1	1.2264e-07	3.19505e-07	7.87833e-09	1.77547e-08
3038	3.25613e-09	3.88427e-07	1.12789e-06	2.93842e-06	0.999995	1.63286e-07
3039	0.000255793	0.0306002	0.254077	0.661931	0.0163522	0.0367831
3040	0.000255828	0.0304957	0.254112	0.662023	0.0163248	0.0367882
3041	2.12562e-08	2.53394e-06	2.11136e-05	0.947332	1.35736e-06	0.0526427
3042	2.03606e-07	2.42683e-05	0.999769	0.000183739	1.30234e-05	1.02103e-05
3043	4.52379e-07	5.39453e-05	0.000157703	0.947128	2.88736e-05	0.0526313
3044	0.000677399	0.0807476	0.233424	0.608123	0.0432349	0.0337931
3045	1.09597e-07	1.30646e-05	3.77659e-05	0.947301	6.99397e-06	0.052641
3046	0.000687854	0.0820407	0.232828	0.606572	0.0441648	0.0337068
3047	4.04376e-06	0.000482099	0.995422	0.00363021	0.000259636	0.000201729
3048	2.94871e-06	0.00035144	0.996722	0.00259185	0.000188163	0.000144028
3049	0.000255818	0.0305278	0.254102	0.661996	0.0163319	0.0367867
3050	9.37974e-08	1.11789e-05	0.999893	8.46452e-05	5.98521e-06	4.70369e-06
3051	1.90844e-12	2.27621e-10	1	4.9386e-09	1.21868e-10	2.74435e-10
3052	1.10473e-05	0.00131668	0.00371379	0.941912	0.000705022	0.0523415
3053	0.000255828	0.0304925	0.254112	0.662022	0.0163301	0.0367881
3054	1.03242e-05	0.00123068	0.00349457	0.942244	0.00066	0.05236
3055	3.24478e-10	3.86768e-08	0.999999	8.39671e-07	2.07056e-08	4.666e-08
3056	0.000255828	0.0304901	0.254112	0.662023	0.0163307	0.0367882
3057	0.000682116	0.0813183	0.23319	0.607514	0.0435368	0.0337592
3058	1.45732e-05	0.0017371	0.983399	0.0131512	0.000967042	0.000730805
3059	2.21663e-07	2.64451e-05	0.000220176	0.947109	1.41673e-05	0.0526303
3060	1.58878e-11	1.89494e-09	1	4.11138e-08	3.0413e-09	2.28467e-09
3061	7.55099e-05	0.00900033	0.0254116	0.910119	0.00481877	0.0505748
3062	0.000255823	0.0305145	0.254107	0.662009	0.0163268	0.0367874
3063	2.20031e-06	0.000262299	0.000767046	0.946245	0.000140853	0.0525823
3064	0.000255796	0.0305173	0.25408	0.661939	0.0164238	0.0367836
3065	3.52595e-05	0.00420355	0.035023	0.908027	0.0022522	0.0504585
3066	3.27498e-07	3.90368e-05	0.000325302	0.946991	2.09064e-05	0.0526237
3067	0.000255811	0.030527	0.254095	0.661978	0.0163576	0.0367857
3068	3.72891e-06	0.000444507	0.0012564	0.945515	0.000238834	0.0525417
3069	6.95579e-16	8.29007e-14	1	1.79999e-12	4.43854e-14	1.00025e-13
3070	3.46942e-06	0.000413639	0.996035	0.00315095	0.000221917	0.000175096
3071	3.36904e-06	0.000401531	0.996231	0.00298353	0.000214978	0.000165793
3072	2.87125e-05	0.00342333	0.916276	0.0743012	0.00184169	0.00412887
3073	4.3187e-06	0.000514996	0.00146801	0.945212	0.000275665	0.0525249
3074	0.000255743	0.0307576	0.254028	0.661803	0.0163802	0.036776
3075	3.66257e-09	4.36521e-07	1.24498e-06	0.947354	2.33704e-07	0.0526439
3076	0.000255817	0.0305138	0.254101	0.661993	0.0163502	0.0367865
3077	0.000692698	0.0825749	0.232642	0.606087	0.0443237	0.0336799
3078	0.000698206	0.0832126	0.232409	0.60548	0.0445536	0.0336462
3079	7.31184e-08	8.71699e-06	2.54896e-05	0.947319	4.66654e-06	0.052642
3080	3.42646e-06	0.000409357	0.990009	0.00886687	0.000218922	0.000492727
3081	4.10588e-06	0.000489345	0.00141483	0.9453	0.000262479	0.0525297
3082	1.08646e-06	0.000129513	0.996832	0.00281151	6.9341e-05	0.000156234
3083	3.58821e-08	4.2769e-06	1.23645e-05	0.947338	2.28977e-06	0.052643
3084	5.57892e-05	0.00665454	0.938489	0.048543	0.00355998	0.00269751
3085	0.00025582	0.0305096	0.254105	0.662002	0.0163405	0.0367871
3086	0.000255827	0.0305017	0.254111	0.662019	0.0163252	0.036788
3087	3.58821e-08	4.27815e-06	1.23645e-05	0.947338	2.29013e-06	0.052643
3088	0.000255815	0.030538	0.254099	0.661988	0.0163335	0.0367863
3089	1.75094e-08	2.08705e-06	1.7392e-05	0.947336	1.11888e-06	0.0526429
3090	1.06657e-06	0.000127169	0.000369447	0.94682	6.80951e-05	0.0526142
3091	5.40853e-06	0.000644605	0.00184331	0.94449	0.000532372	0.0524847
3092	4.83353e-07	5.76099e-05	0.999448	0.000438984	3.09076e-05	2.43941e-05
3093	0.000255811	0.0305443	0.254095	0.661977	0.0163418	0.0367857
3094	0.000696404	0.082998	0.232497	0.60571	0.0444396	0.0336589
3095	0.000255817	0.0305326	0.254101	0.661993	0.0163305	0.0367866
3096	5.23892e-12	6.25182e-10	5.20378e-09	0.947356	3.3537e-10	0.052644
3097	6.70323e-09	7.99051e-07	2.30985e-06	0.947353	4.2805e-07	0.0526438
3098	2.6815e-08	3.19592e-06	9.20028e-06	0.947343	1.71105e-06	0.0526433
3099	4.57238e-09	0.999994	1.55425e-06	4.04918e-06	2.91813e-07	2.2501e-07
3100	5.84621e-07	6.96751e-05	0.00019588	0.947069	3.73149e-05	0.052628
3101	1.11189e-07	1.32584e-05	0.000110444	0.947232	7.10221e-06	0.0526371
3102	3.73857e-07	4.46077e-05	0.000128827	0.947169	2.38599e-05	0.0526336
3103	0.000255829	0.0304914	0.254113	0.662025	0.0163255	0.0367884
3104	5.33368e-06	0.000635885	0.00178707	0.944733	0.000340353	0.0524983
3105	0.000255825	0.0305014	0.254109	0.662014	0.0163324	0.0367877
3106	2.46252e-14	2.93482e-12	2.44601e-11	0.947356	1.57173e-12	0.052644
3107	9.85278e-15	1.17535e-12	9.7867e-12	0.947356	6.29088e-13	0.052644
3108	6.92767e-08	0.999737	6.8812e-05	0.000179272	4.42417e-06	9.96201e-06
3109	6.14838e-05	0.00733446	0.9304	0.0551961	0.00394056	0.00306721
3110	7.4718e-08	8.93073e-06	2.57469e-05	0.947319	4.76804e-06	0.0526419
3111	1.84243e-07	2.19677e-05	6.23634e-05	0.947265	1.17568e-05	0.0526389
3112	1.79035e-08	2.13385e-06	6.16933e-06	0.947347	1.14242e-06	0.0526435
3113	1.26577e-06	0.000150874	0.000441258	0.946717	8.07734e-05	0.0526085
3114	4.66836e-12	5.56426e-10	4.63705e-09	1.20806e-08	1	6.71313e-10
3115	2.12562e-08	2.53417e-06	2.11136e-05	0.947332	1.35726e-06	0.0526427
3116	1.04044e-05	0.00124023	0.0103346	0.935751	0.000664451	0.0519991
3117	6.57864e-09	9.22739e-07	2.22293e-06	5.79126e-06	0.999991	3.21817e-07
3118	0.000623226	0.0747391	0.214756	0.559491	0.1193	0.0310906
3119	4.49461e-06	0.0005374	0.00151258	0.945138	0.000286843	0.0525207
3120	1.85306e-07	2.21259e-05	0.999459	0.000479529	1.21767e-05	2.66471e-05
3121	1.2474e-05	0.00148684	0.004215	0.941188	0.000796274	0.0523013
3122	0.000255812	0.0305523	0.254096	0.661981	0.0163286	0.0367859
3123	6.37777e-08	7.60384e-06	6.335e-05	0.947285	4.0755e-06	0.05264
3124	1.95467e-05	0.00233134	0.943008	0.0505821	0.00124854	0.00281082
3125	0.000255827	0.0304983	0.254111	0.66202	0.0163271	0.036788
3126	8.17617e-10	9.74566e-08	0.999999	7.15387e-07	5.21864e-08	3.97536e-08
3127	1.75716e-08	2.09518e-06	5.97294e-06	0.947347	1.12199e-06	0.0526435
3128	1.89493e-08	2.26688e-06	1.88222e-05	0.947335	1.2227e-06	0.0526428
3129	6.01633e-06	0.000717339	0.993124	0.00546406	0.000384454	0.000303634
3130	0.000693736	0.0827224	0.232605	0.605992	0.0443123	0.0336746
3131	3.96147e-07	4.7216e-05	0.00039349	0.946914	2.52857e-05	0.0526195
3132	3.47077e-08	4.13653e-06	0.999899	8.98153e-05	2.21618e-06	4.99098e-06
3133	7.58517e-08	9.04686e-06	2.57835e-05	0.947318	4.84012e-06	0.0526419
3134	0.000172272	0.0205551	0.804161	0.155463	0.0110105	0.00863897
3135	2.67111e-05	0.00318374	0.922121	0.0691221	0.0017049	0.00384107
3136	6.74445e-07	8.04731e-05	0.000228289	0.947022	4.30448e-05	0.0526254
3137	0.000690813	0.0823739	0.232759	0.606393	0.0440855	0.0336969
3138	9.94016e-06	0.00118489	0.971019	0.0257228	0.000634336	0.0014294
3139	0.000255827	0.030499	0.254111	0.662019	0.0163267	0.036788
3140	0.000255807	0.0305438	0.254091	0.661967	0.0163573	0.0367851
3141	0.000255796	0.0306006	0.25408	0.661939	0.0163409	0.0367835
3142	5.89575e-07	7.02649e-05	0.99935	0.000512604	3.76245e-05	2.84851e-05
3143	1.90844e-12	2.2793e-10	1	4.9386e-09	1.21878e-10	2.74435e-10
3144	7.31779e-07	8.72189e-05	0.000245767	0.946996	4.66951e-05	0.052624
3145	1.36107e-07	1.62231e-05	4.60701e-05	0.947289	8.68658e-06	0.0526403
3146	3.60421e-09	4.29554e-07	1.24197e-06	0.947354	2.29982e-07	0.0526439
3147	2.92269e-05	0.00348436	0.00975057	0.933022	0.00186622	0.0518475
3148	2.18998e-05	0.00261005	0.00742735	0.936502	0.00139781	0.0520409
3149	1.89493e-08	2.26071e-06	1.88222e-05	0.947335	1.21206e-06	0.0526428
3150	6.1484e-05	0.00732924	0.930402	0.0551962	0.00394373	0.00306722
3151	1.35486e-08	1.61543e-06	0.99996	3.50606e-05	8.64556e-07	1.9483e-06
3152	1.21381e-09	1.44681e-07	1.20567e-06	0.947355	7.74886e-08	0.0526439
3153	0.00069782	0.0831781	0.232424	0.605518	0.0445339	0.0336483
3154	5.12013e-08	6.10443e-06	5.08579e-05	0.947299	3.26853e-06	0.0526408
3155	4.09213e-07	4.88109e-05	0.000141747	0.94715	2.61312e-05	0.0526326
3156	0.000255823	0.0305121	0.254107	0.66201	0.0163271	0.0367875
3157	0.000255827	0.0304998	0.254111	0.662018	0.0163273	0.036788
3158	8.01584e-06	0.000955712	0.991063	0.00706863	0.000511566	0.000392799
3159	6.48001e-07	7.72281e-05	0.000218074	0.947036	4.13488e-05	0.0526262
3160	1.91979e-06	0.000228872	0.00190691	0.945215	0.000122658	0.052525
3161	4.74868e-05	0.00566126	0.946871	0.042053	0.00303065	0.00233686
3162	2.1744e-07	2.59258e-05	0.000215982	0.947113	1.38786e-05	0.0526305
3163	1.83433e-07	2.18662e-05	0.000182202	0.947151	1.17155e-05	0.0526326
3164	0.00037158	0.0443308	0.580964	0.332142	0.0237347	0.0184569
3165	5.48017e-13	1	1.85176e-10	4.82427e-10	3.49754e-11	2.68082e-11
3166	6.08651e-07	7.26228e-05	0.998225	0.00157504	3.93807e-05	8.75243e-05
3167	0.000697149	0.0831225	0.232436	0.605552	0.0445418	0.0336502
3168	0.00067002	0.0805816	0.233574	0.608516	0.0428439	0.0338148
3169	2.61028e-07	3.11096e-05	8.73495e-05	0.947228	1.66562e-05	0.0526369
3170	4.31589e-10	5.14458e-08	1.43896e-07	3.74884e-07	0.999999	2.08321e-08
3171	4.87183e-06	0.000580955	0.994462	0.00439647	0.000311002	0.000244309
3172	0.000122646	0.014627	0.863457	0.107967	0.0078271	0.00599966
3173	5.19211e-08	6.19066e-06	5.15729e-05	0.000134359	0.9998	7.46628e-06
3174	1.22894e-06	0.000146508	0.000417743	0.946746	7.84666e-05	0.0526101
3175	0.00025583	0.0304898	0.254114	0.662027	0.0163243	0.0367885
3176	1.23602e-08	1.47312e-06	4.21253e-06	0.94735	7.88735e-07	0.0526437
3177	2.00593e-07	2.39136e-05	0.000199248	0.947132	1.28031e-05	0.0526316
3178	2.17647e-06	0.00025942	0.000741773	0.946274	0.000138908	0.0525839
3179	7.18094e-08	8.56413e-06	7.13278e-05	0.947276	4.58634e-06	0.0526396
3180	0.000255826	0.0305016	0.254111	0.662018	0.0163258	0.036788
3181	0.000677393	0.0807551	0.233421	0.608117	0.0432362	0.0337927
3182	0.000674299	0.0804087	0.23357	0.608505	0.0430278	0.0338143
3183	0.000255828	0.0304946	0.254112	0.662023	0.016326	0.0367882
3184	1.82868e-09	2.17969e-07	1.81641e-06	0.947354	1.16703e-07	0.0526439
3185	0.000106217	0.0126598	0.883039	0.092289	0.00677775	0.00512844
3186	0.000253615	0.0302991	0.251914	0.656294	0.0247693	0.0364699
3187	0.000255829	0.0304947	0.254113	0.662024	0.0163241	0.0367883
3188	0.000694985	0.0828289	0.232567	0.605893	0.0443468	0.0336691
3189	0.000690413	0.0829008	0.232625	0.606043	0.0440634	0.0336774
3190	1.01964e-05	0.00121596	0.0034041	0.942353	0.000650741	0.052366
3191	1.18456e-06	0.000141178	0.998691	0.00103333	7.55885e-05	5.74213e-05
3192	2.87639e-09	3.43127e-07	9.59305e-07	0.947355	1.84684e-07	0.0526439
3193	0.000255815	0.0305447	0.254099	0.661987	0.0163273	0.0367862
3194	4.03004e-08	4.8055e-06	4.00301e-05	0.947311	2.57329e-06	0.0526415
3195	1.91979e-06	0.00022881	0.00190691	0.945215	0.000122505	0.052525
3196	4.596e-05	0.00547938	0.0456518	0.896094	0.00293325	0.0497954
3197	2.60785e-07	3.10965e-05	9.03331e-05	0.947225	1.66491e-05	0.0526367
3198	4.92692e-09	5.87868e-07	4.89387e-06	0.947351	3.14597e-07	0.0526437
3199	0.000255826	0.0304927	0.25411	0.662016	0.0163376	0.0367878
3200	2.96243e-09	3.53062e-07	9.99491e-07	0.947355	1.8903e-07	0.0526439
3201	4.09213e-07	4.87792e-05	0.000141747	0.94715	2.61157e-05	0.0526326
3202	3.52696e-06	0.000420499	0.00119618	0.945608	0.000225097	0.0525469
3203	1.19414e-07	1.43385e-05	0.999652	0.000309015	7.62546e-06	1.71718e-05
3204	3.94684e-07	0.998504	0.000392037	0.00102135	2.51885e-05	5.67558e-05
3205	3.19129e-17	3.80448e-15	1.07526e-14	2.8013e-14	1	1.55667e-15
3206	1.91979e-06	0.000229355	0.00190691	0.945214	0.000122535	0.052525
3207	8.16639e-05	0.00974087	0.0811162	0.856258	0.00522193	0.0475817
3208	7.46336e-07	8.90634e-05	0.000253121	0.946986	4.76348e-05	0.0526234
3209	0.000697661	0.0831868	0.232424	0.60552	0.0445229	0.0336484
3210	4.99749e-08	5.95662e-06	1.73108e-05	0.947331	3.18917e-06	0.0526426
3211	2.18211e-09	2.60146e-07	2.16748e-06	0.947354	1.40509e-07	0.0526439
3212	1.45014e-06	0.000172827	0.000487496	0.946641	9.25332e-05	0.0526043
3213	1.02537e-07	1.2221e-05	3.47756e-05	0.947305	6.54519e-06	0.0526412
3214	2.73833e-08	3.26411e-06	2.71997e-05	0.947325	1.751e-06	0.0526423
3215	4.40295e-07	5.25605e-05	0.000437342	0.946865	2.81108e-05	0.0526167
3216	2.71257e-09	0.999996	9.01414e-07	2.3484e-06	1.73114e-07	1.30499e-07
3217	2.87127e-05	0.00342361	0.916282	0.0743017	0.00183513	0.0041289
3218	9.93064e-09	1.18506e-06	9.86404e-06	0.947345	6.34024e-07	0.0526434
3219	2.0437e-05	0.00243634	0.00698663	0.937174	0.0013042	0.0520782
3220	4.42262e-07	5.27092e-05	0.999513	0.000383947	2.82203e-05	2.13357e-05
3221	0.00067431	0.0803829	0.233574	0.608515	0.0430386	0.0338148
3222	4.57233e-09	0.999983	4.54166e-06	1.18321e-05	2.91828e-07	6.57503e-07
3223	4.40295e-07	5.24909e-05	0.000437342	0.946865	2.81094e-05	0.0526167
3224	1.5241e-11	1	5.0742e-09	1.32195e-08	9.72602e-10	7.34599e-10
3225	0.000695862	0.0829569	0.232508	0.605739	0.0444394	0.0336605
3226	1.78664e-09	2.13017e-07	6.22836e-07	0.947355	1.14099e-07	0.052644
3227	8.31487e-06	0.000991718	0.990547	0.00750356	0.000532908	0.000416968
3228	0.000694217	0.0827512	0.2326	0.605979	0.0443018	0.0336739
3229	1.27833e-05	0.00152573	0.00440496	0.940952	0.000816151	0.0522881
3230	3.21504e-09	3.83217e-07	1.09573e-06	0.947354	2.05158e-07	0.0526439
3231	7.46335e-07	8.89574e-05	0.000253121	0.946985	4.87061e-05	0.0526234
3232	5.10909e-12	6.09363e-10	1	1.32211e-08	3.26343e-10	7.3469e-10
3233	8.34953e-08	9.952e-06	0.999908	7.27153e-05	5.33325e-06	4.04075e-06
3234	1.24258e-06	0.000148125	0.99858	0.00112852	7.92958e-05	6.2711e-05
3235	2.07108e-08	2.47116e-06	7.08022e-06	0.947346	1.32222e-06	0.0526434
3236	1.98138e-06	0.000236204	0.000666085	0.94638	0.000126433	0.0525897
3237	2.26692e-12	2.70744e-10	7.65997e-10	1.9956e-09	1	1.10894e-10
3238	0.000255819	0.0304981	0.254103	0.661998	0.0163581	0.0367868
3239	9.43775e-05	0.0112543	0.0937445	0.244226	0.637109	0.0135715
3240	1.41328e-05	0.00168522	0.0049268	0.940224	0.000902023	0.0522477
3241	3.70724e-08	4.41854e-06	1.24761e-05	0.947338	2.36557e-06	0.052643
3242	0.000694616	0.0827918	0.232582	0.605932	0.0443286	0.0336713
3243	1.93442e-09	2.30688e-07	1.92144e-06	5.00581e-06	0.999993	2.7817e-07
3244	0.000255813	0.0305036	0.254097	0.661982	0.0163759	0.0367859
3245	1.4691e-05	0.00175139	0.00500691	0.940051	0.000938204	0.0522381
3246	0.000255825	0.0304981	0.254109	0.662013	0.0163363	0.0367877
3247	3.82693e-25	1	3.80127e-22	9.9032e-22	2.44211e-23	5.50315e-23
3248	2.44859e-07	2.91886e-05	8.43753e-05	0.947233	1.59001e-05	0.0526372
3249	6.72938e-07	8.0209e-05	0.999238	0.000604118	4.29474e-05	3.35705e-05
3250	1.6273e-07	1.93956e-05	5.60747e-05	0.947275	1.03839e-05	0.0526395
3251	2.44114e-08	2.91101e-06	8.27916e-06	0.947344	1.56144e-06	0.0526433
3252	5.72697e-09	6.8301e-07	5.68856e-06	0.94735	3.65738e-07	0.0526436
3253	0.000255816	0.030497	0.2541	0.661991	0.0163689	0.0367865
3254	0.000694223	0.0827466	0.232602	0.605984	0.0442981	0.0336742
3255	4.92325e-08	5.86988e-06	0.999944	4.41976e-05	3.14184e-06	2.45604e-06
3256	1.14134e-07	1.36128e-05	0.000113369	0.947229	7.30311e-06	0.0526369
3257	0.000255822	0.0305144	0.254106	0.662007	0.0163297	0.0367873
3258	3.90351e-11	1	1.2996e-08	3.38576e-08	2.49103e-09	1.88145e-09
3259	3.92506e-05	0.00467883	0.885518	0.101571	0.00254885	0.00564425
3260	5.41852e-16	6.45785e-14	1.80833e-13	4.71112e-13	1	2.61794e-14
3261	4.31911e-07	5.14812e-05	0.999513	0.000386069	2.75666e-05	2.14536e-05
3262	0.000255759	0.0307594	0.254043	0.661842	0.0163212	0.0367782
3263	7.57215e-08	9.0307e-06	2.5807e-05	0.947318	4.83503e-06	0.0526419
3264	1.79995e-15	1	1.78788e-12	4.65785e-12	1.14855e-13	2.58834e-13
3265	1.22932e-10	1	1.22108e-07	3.1812e-07	7.85877e-09	1.76777e-08
3266	2.85387e-05	0.0034026	0.00994879	0.932955	0.00182175	0.0518437
3267	1.15138e-08	1.37243e-06	3.98827e-06	0.94735	7.3472e-07	0.0526437
3268	5.77747e-05	0.921208	0.0200126	0.0521375	0.00368719	0.00289725
3269	0.000689105	0.0821429	0.23285	0.606628	0.0439805	0.03371
3270	0.000255809	0.0305613	0.254093	0.661973	0.0163307	0.0367855
3271	0.000255821	0.0305078	0.254105	0.662004	0.0163405	0.0367871
3272	1.93169e-09	2.30339e-07	1.91874e-06	0.947354	1.23292e-07	0.0526439
3273	2.17647e-06	0.000259397	0.000741773	0.946274	0.000138897	0.0525839
3274	1.31666e-12	1.57177e-10	1.30782e-09	0.947356	8.41012e-11	0.052644
3275	1.91739e-07	2.28554e-05	0.000190453	0.947142	1.22388e-05	0.0526321
3276	6.66671e-11	7.94544e-09	2.32406e-08	0.947356	4.25422e-09	0.052644
3277	1.10722e-11	1.31974e-09	1.09979e-08	0.947356	7.08e-10	0.052644
3278	0.000253633	0.0302304	0.251931	0.656341	0.0247711	0.0364725
3279	8.77687e-05	0.0104606	0.0293398	0.90426	0.00560309	0.0502492
3280	0.000695884	0.0829578	0.232516	0.605758	0.0444113	0.0336616
3281	1.19238e-08	1.42111e-06	4.03602e-06	0.94735	7.6102e-07	0.0526437
3282	4.34361e-08	5.18341e-06	4.31447e-05	0.947308	2.77263e-06	0.0526413
3283	7.58334e-13	1	2.53766e-10	6.61121e-10	4.84096e-11	3.67381e-11
3284	2.94871e-06	0.000351466	0.996721	0.00259185	0.000188252	0.000144028
3285	0.000255802	0.0304947	0.254086	0.661955	0.0164242	0.0367844
3286	6.79381e-06	0.000809787	0.992437	0.00598068	0.000433531	0.000332343
3287	6.54811e-10	7.81684e-08	6.50419e-07	0.947355	4.1801e-08	0.052644
3288	2.72292e-07	3.2654e-05	0.999697	0.000239339	1.73806e-05	1.32999e-05
3289	1.50749e-12	1.80165e-10	1.49738e-09	3.90104e-09	1	2.16778e-10
3290	2.79991e-06	0.000333867	0.00278114	0.944233	0.000178725	0.0524705
3291	5.47638e-11	6.53428e-09	1	1.41716e-07	5.34851e-09	7.87505e-09
3292	0.000687705	0.0821132	0.232777	0.60644	0.0442821	0.0336995
3293	3.21307e-08	3.83001e-06	1.1201e-05	0.94734	2.05163e-06	0.0526431
3294	0.000255826	0.0304983	0.254111	0.662018	0.0163291	0.036788
3295	9.8417e-07	0.000117349	0.997131	0.0025468	6.2809e-05	0.000141524
3296	0.000695889	0.08294	0.232517	0.605763	0.0444218	0.0336619
3297	9.25015e-06	0.00110271	0.00317375	0.942736	0.000590648	0.0523873
3298	1.14134e-07	1.36201e-05	0.000113369	0.947229	7.28888e-06	0.0526369
3299	5.51172e-05	0.0065713	0.0185289	0.920192	0.00351838	0.0511345
3300	0.000691506	0.0857055	0.231858	0.604044	0.0441352	0.0335663
3301	3.40303e-05	0.00405599	0.96149	0.0305501	0.00217198	0.00169765
3302	0.000255823	0.0304943	0.254107	0.662008	0.0163475	0.0367874
3303	2.8466e-09	3.39383e-07	2.8275e-06	0.947353	1.81666e-07	0.0526438
3304	0.00025583	0.0304897	0.254114	0.662028	0.0163241	0.0367885
3305	5.0116e-09	5.98263e-07	4.97798e-06	0.94735	3.19984e-07	0.0526437
3306	1.06657e-06	0.000127124	0.000369447	0.94682	6.81268e-05	0.0526142
3307	5.26633e-10	6.27998e-08	1.7795e-07	0.947356	3.36527e-08	0.052644
3308	4.8859e-17	5.82314e-15	4.85313e-14	1.26436e-13	1	7.02595e-15
3309	1.28431e-09	1.53095e-07	0.999996	3.32349e-06	8.19762e-08	1.84684e-07
3310	0.000699222	0.0833367	0.232359	0.60535	0.0446168	0.0336389
3311	0.000685502	0.0817158	0.233016	0.607062	0.0437864	0.0337341
3312	0.000694195	0.0827383	0.232593	0.60596	0.0443417	0.0336728
3313	8.69467e-07	0.000103793	0.000863635	0.946386	5.54986e-05	0.0525901
3314	4.84145e-07	5.77149e-05	0.000162931	0.947117	3.08956e-05	0.0526307
3315	1.80447e-05	0.00215131	0.979882	0.0159124	0.00115158	0.000884244
3316	3.05556e-12	3.65339e-10	3.03506e-09	0.947356	1.94995e-10	0.052644
3317	0.000686763	0.0818874	0.232917	0.606803	0.0439867	0.0337197
3318	1.13796e-07	1.3563e-05	0.000113033	0.947229	7.26246e-06	0.0526369
3319	2.69816e-08	0.999898	2.68007e-05	6.9822e-05	1.72389e-06	3.87997e-06
3320	1.97379e-07	2.3527e-05	0.999424	0.000510771	1.2642e-05	2.83833e-05
3321	1.37223e-06	0.000163543	0.000464479	0.946677	8.75668e-05	0.0526063
3322	1.77975e-06	0.000212134	0.000616488	0.946462	0.00011359	0.0525943
3323	0.000255829	0.0304915	0.254113	0.662025	0.0163259	0.0367883
3324	2.19165e-05	0.00261247	0.975601	0.0192934	0.00139903	0.00107212
3325	2.35277e-08	2.80412e-06	8.14974e-06	0.947344	1.5014e-06	0.0526433
3326	7.31759e-06	0.000872298	0.00255096	0.943664	0.000467044	0.0524388
3327	3.09244e-08	3.68598e-06	1.05118e-05	0.947341	1.97612e-06	0.0526431
3328	1.66729e-06	0.000198712	0.000558632	0.946536	0.000106389	0.0525984
3329	3.92523e-05	0.00467909	0.885554	0.101576	0.00250723	0.00564449
3330	0.000255825	0.0305066	0.254109	0.662014	0.0163266	0.0367877
3331	4.80708e-07	5.72924e-05	0.000162712	0.947118	3.06768e-05	0.0526308
3332	0.000255794	0.0306203	0.254078	0.661934	0.016328	0.0367833
3333	0.000255822	0.0305098	0.254106	0.662005	0.0163361	0.0367872
3334	5.03777e-07	6.00476e-05	0.998467	0.00130365	9.64348e-05	7.24433e-05
3335	9.74852e-07	0.000116191	0.000326628	0.946877	6.22137e-05	0.0526174
3336	0.00069373	0.0827028	0.232603	0.605987	0.0443388	0.0336743
3337	4.64409e-07	5.96602e-05	0.999468	0.000419095	2.96377e-05	2.32889e-05
3338	0.000255829	0.0304923	0.254113	0.662025	0.0163249	0.0367883
3339	1.57782e-06	0.000188353	0.00156724	0.945596	0.000100706	0.0525462
3340	4.72462e-07	5.63129e-05	0.000161517	0.947121	3.01616e-05	0.0526309
3341	4.02536e-10	0.999999	1.38709e-07	3.61369e-07	2.57092e-08	2.00811e-08
3342	2.87128e-05	0.00342348	0.916284	0.0743019	0.00183263	0.00412891
3343	1.17992e-10	1.40785e-08	1.172e-07	0.947356	7.53006e-09	0.052644
3344	0.000255825	0.0305014	0.254109	0.662013	0.0163332	0.0367877
3345	1.07795e-06	0.000128479	0.000365589	0.946822	6.87856e-05	0.0526143
3346	0.000676536	0.0807468	0.232121	0.60473	0.0481207	0.0336045
3347	0.000688074	0.0820181	0.232902	0.606766	0.0439082	0.0337176
3348	2.14001e-05	0.00255092	0.0212566	0.923486	0.0013671	0.0513176
3349	1.38441e-13	1	1.37512e-10	3.58252e-10	8.91436e-12	1.99078e-11
3350	1.91739e-07	2.28623e-05	0.000190453	0.947142	1.22431e-05	0.0526321
3351	8.83722e-06	0.00105382	0.990035	0.00789926	0.000564162	0.000438957
3352	0.000255782	0.0304887	0.254066	0.661903	0.0165044	0.0367816
3353	9.07142e-09	1.08204e-06	0.999974	2.34747e-05	5.78962e-07	1.30447e-06
3354	0.000697027	0.0830779	0.232465	0.605626	0.0444793	0.0336543
3355	7.7675e-11	9.28316e-09	2.70781e-08	7.05448e-08	1	3.92013e-09
3356	9.41573e-07	0.000112239	0.000320901	0.946888	6.01311e-05	0.052618
3357	4.0911e-08	4.87622e-06	4.06366e-05	0.94731	2.61212e-06	0.0526415
3358	0.000685513	0.0817252	0.23302	0.607072	0.0437627	0.0337346
3359	0.000255816	0.0304913	0.2541	0.66199	0.0163761	0.0367864
3360	0.00025581	0.0305614	0.254094	0.661975	0.0163281	0.0367856
3361	4.64411e-07	5.53589e-05	0.999472	0.000419097	2.96465e-05	2.3289e-05
3362	2.14426e-12	2.56683e-10	2.12988e-09	5.54884e-09	1	3.08346e-10
3363	0.000255827	0.0305017	0.254111	0.662019	0.0163252	0.036788
3364	1.2875e-07	1.53461e-05	0.999857	0.000112881	8.21595e-06	6.27272e-06
3365	4.95256e-10	0.999998	4.91934e-07	1.2816e-06	3.1604e-08	7.1218e-08
3366	0.000681898	0.0813527	0.233115	0.60732	0.0437824	0.0337484
3367	4.53684e-09	0.999994	1.50914e-06	3.93167e-06	2.89494e-07	2.18481e-07
3368	0.000255829	0.0304917	0.254113	0.662024	0.0163266	0.0367883
3369	7.51864e-08	9.00033e-06	2.57966e-05	0.947318	4.79846e-06	0.0526419
3370	1.02933e-08	1.22679e-06	3.53164e-06	0.947351	6.60235e-07	0.0526437
3371	4.84397e-06	0.000577702	0.00481148	0.941953	0.000309236	0.0523438
3372	0.000698403	0.083264	0.232392	0.605436	0.0445655	0.0336437
3373	1.77975e-06	0.000212145	0.000616486	0.94646	0.000115573	0.0525942
3374	3.13625e-07	3.73991e-05	0.999086	0.000811587	2.00246e-05	4.50994e-05
3375	0.000700228	0.0834538	0.232309	0.605219	0.0446864	0.0336317
3376	1.04669e-06	0.000124743	0.000348977	0.946843	6.67877e-05	0.0526155
3377	0.000255823	0.0304933	0.254107	0.662009	0.0163475	0.0367874
3378	3.60421e-09	4.29585e-07	1.24197e-06	0.947354	2.30006e-07	0.0526439
3379	3.0938e-07	3.6888e-05	0.999646	0.00028098	1.97454e-05	1.56139e-05
3380	7.40526e-08	8.826e-06	2.5651e-05	0.947319	4.72598e-06	0.0526419
3381	5.2635e-07	6.27501e-05	0.999412	0.000465067	3.35909e-05	2.58435e-05
3382	5.3734e-06	0.000640562	0.00186129	0.944652	0.00034672	0.0524938
3383	3.888e-09	4.6343e-07	3.86192e-06	0.947352	2.48167e-07	0.0526438
3384	0.000694946	0.0828568	0.232554	0.605858	0.044369	0.0336672
3385	3.89145e-08	4.64172e-06	1.33034e-05	0.947337	2.48337e-06	0.0526429
3386	0.000255742	0.0308214	0.254026	0.661799	0.0163221	0.0367758
3387	1.36769e-05	0.00163036	0.96012	0.0353926	0.000876566	0.00196674
3388	1.22657e-08	1.46182e-06	4.09071e-06	0.94735	7.82721e-07	0.0526437
3389	4.18042e-06	0.0004986	0.987811	0.0108179	0.000266875	0.000601146
3390	9.28941e-07	0.000110814	0.00092271	0.94632	5.93244e-05	0.0525864
3391	4.67043e-09	5.57139e-07	4.6391e-06	0.947351	2.98157e-07	0.0526437
3392	0.000693759	0.0827183	0.232613	0.606012	0.0442873	0.0336757
3393	3.24033e-06	0.000386337	0.00111176	0.945738	0.0002068	0.0525541
3394	0.000255768	0.0307111	0.254053	0.661867	0.016334	0.0367796
3395	7.7782e-12	1	2.62428e-09	6.83687e-09	4.96377e-10	3.79921e-10
3396	0.000255828	0.0304953	0.254112	0.662023	0.0163256	0.0367882
3397	1.2977e-06	0.000154679	0.998541	0.00115577	8.28309e-05	6.42256e-05
3398	0.000255827	0.0304919	0.254111	0.66202	0.0163333	0.036788
3399	4.32661e-09	5.1624e-07	4.29759e-06	1.11962e-05	0.999983	6.22168e-07
3400	4.09213e-07	4.87761e-05	0.000141747	0.94715	2.63497e-05	0.0526326
3401	0.000255827	0.0304991	0.254111	0.66202	0.0163258	0.036788
3402	3.58757e-07	4.27596e-05	0.000356351	0.946956	2.29076e-05	0.0526218
3403	0.000255828	0.0304978	0.254112	0.662021	0.0163252	0.0367881
3404	0.000670548	0.0799431	0.233758	0.608995	0.0427923	0.0338415
3405	0.000691556	0.0824276	0.232731	0.60632	0.0441369	0.0336928
3406	1.09582e-06	0.000130965	0.998773	0.000970429	7.09013e-05	5.39261e-05
3407	9.5646e-07	0.000114012	0.000323747	0.946883	6.10366e-05	0.0526177
3408	9.28941e-07	0.000110872	0.00092271	0.94632	5.92821e-05	0.0525864
3409	1.43329e-07	1.70857e-05	4.87206e-05	0.947285	9.14634e-06	0.05264
3410	2.13988e-10	2.55224e-08	7.14691e-08	1.86194e-07	1	1.03467e-08
3411	8.80686e-06	0.00104993	0.0030015	0.942977	0.000562004	0.0524007
3412	0.0002558	0.0305036	0.254084	0.661949	0.016424	0.0367841
3413	1.07795e-06	0.000128619	0.000365589	0.946822	6.88014e-05	0.0526143
3414	0.000255804	0.0305719	0.254089	0.661961	0.0163378	0.0367848
3415	1.32442e-07	1.57934e-05	0.999849	0.000120284	8.45626e-06	6.68413e-06
3416	0.000328677	0.0391986	0.111252	0.784639	0.0209797	0.0436019
3417	5.18008e-07	6.17505e-05	0.000173822	0.947101	3.30559e-05	0.0526298
3418	3.58757e-07	4.28009e-05	0.000356351	0.946956	2.28986e-05	0.0526218
3419	0.000694223	0.0827478	0.232602	0.605984	0.0442979	0.0336742
3420	0.000697017	0.0830872	0.232462	0.605618	0.0444815	0.0336539
3421	0.000255825	0.0305014	0.254109	0.662013	0.0163332	0.0367877
3422	5.72697e-09	6.82896e-07	5.68856e-06	0.94735	3.65484e-07	0.0526436
3423	0.000255808	0.0305188	0.254093	0.661972	0.0163756	0.0367854
3424	1.15572e-11	1.45304e-09	1.14797e-08	2.99073e-08	1	1.66193e-09
3425	0.00025582	0.0305202	0.254104	0.662002	0.0163307	0.036787
3426	1.36769e-05	0.00163269	0.960121	0.0353926	0.000873611	0.00196674
3427	1.88061e-05	0.00224285	0.978858	0.0167493	0.00120022	0.000930748
3428	0.000255818	0.0305327	0.254102	0.661995	0.0163275	0.0367867
3429	1.35015e-09	1.60925e-07	0.999996	3.49388e-06	8.61576e-08	1.94153e-07
3430	3.1603e-07	3.77345e-05	0.999078	0.00081781	2.02307e-05	4.54452e-05
3431	3.87233e-11	4.62364e-09	3.84636e-08	1.00207e-07	1	5.56843e-09
3432	0.000686882	0.0818864	0.232957	0.606908	0.0438359	0.0337255
3433	3.44487e-07	4.10585e-05	0.000118194	0.947184	2.19894e-05	0.0526344
3434	2.53746e-11	1	2.52044e-08	6.56634e-08	1.62759e-09	3.64888e-09
3435	0.000112355	0.0133936	0.872832	0.100865	0.00719243	0.005605
3436	0.00069662	0.0830273	0.232483	0.605674	0.0444616	0.0336569
3437	0.000255823	0.0304933	0.254107	0.662009	0.0163475	0.0367874
3438	0.000255826	0.0305006	0.25411	0.662016	0.01633	0.0367878
3439	9.46677e-12	1	9.40328e-09	2.44978e-08	6.0424e-10	1.36133e-09
3440	3.27498e-07	3.91039e-05	0.000325302	0.946991	2.09092e-05	0.0526237
3441	2.79991e-06	0.000334004	0.00278113	0.944233	0.000178844	0.0524704
3442	8.80685e-06	0.00104999	0.0030015	0.942977	0.000562132	0.0524007
3443	5.37342e-06	0.000640564	0.0018613	0.944655	0.00034337	0.0524939
3444	7.04976e-10	8.40235e-08	7.00248e-07	0.947355	4.4985e-08	0.052644
3445	1.91967e-06	0.000229162	0.0019068	0.945158	0.000181982	0.0525219
3446	0.000255827	0.0304984	0.254112	0.662021	0.0163256	0.0367881
3447	2.62688e-05	0.00313433	0.970138	0.0237056	0.00167893	0.00131731
3448	0.000255823	0.03051	0.254108	0.66201	0.0163286	0.0367875
3449	8.015e-07	0.882371	0.000272446	0.111129	5.11524e-05	0.00617538
3450	2.71506e-07	3.23587e-05	9.09098e-05	0.947223	1.73246e-05	0.0526366
3451	0.000255821	0.0304906	0.254105	0.662003	0.0163582	0.0367871
3452	7.31184e-08	8.72024e-06	2.54896e-05	0.947319	4.66696e-06	0.052642
3453	7.51864e-08	8.96266e-06	2.57966e-05	0.947318	4.80006e-06	0.0526419
3454	2.07108e-08	2.47038e-06	7.08022e-06	0.947346	1.32176e-06	0.0526434
3455	2.0437e-05	0.00243582	0.00698664	0.937175	0.00130428	0.0520782
3456	1.12534e-07	1.34152e-05	3.92304e-05	0.947299	7.1818e-06	0.0526408
3457	5.94963e-06	0.000709114	0.00198489	0.944439	0.000379639	0.0524819
3458	7.64374e-11	1	7.59248e-08	1.97802e-07	4.88074e-09	1.09917e-08
3459	3.62819e-11	1	3.60386e-08	9.38891e-08	2.31621e-09	5.21736e-09
3460	0.000255816	0.0305276	0.254101	0.661992	0.0163371	0.0367865
3461	9.36899e-06	0.00111675	0.00315297	0.942736	0.000597916	0.0523873
3462	9.70135e-08	1.15633e-05	3.26482e-05	0.947308	6.19074e-06	0.0526413
3463	3.26943e-06	0.000389795	0.00109804	0.945745	0.000208961	0.0525545
3464	7.47857e-07	8.91423e-05	0.000260709	0.946979	4.77561e-05	0.052623
3465	6.48624e-11	7.73749e-09	6.44273e-08	1.67848e-07	1	9.32724e-09
3466	0.000255828	0.0304917	0.254112	0.662022	0.0163306	0.0367881
3467	2.44754e-11	2.93223e-09	2.43113e-08	0.947356	1.56256e-09	0.052644
3468	1.29634e-08	0.999951	1.28764e-05	3.35461e-05	8.28716e-07	1.86414e-06
3469	0.000691195	0.0838339	0.232361	0.605354	0.0441207	0.0336392
3470	2.55253e-08	3.04214e-06	8.6399e-06	0.947343	1.62896e-06	0.0526433
3471	2.80022e-08	3.33759e-06	0.999968	2.54317e-05	1.78688e-06	1.41323e-06
3472	8.1769e-08	0.131409	8.12206e-05	0.000211599	0.868286	1.17584e-05
3473	3.9252e-05	0.00468676	0.885549	0.101575	0.00250605	0.00564445
3474	7.47113e-06	0.000891085	0.00742102	0.939023	0.000476797	0.0521809
3475	0.000255827	0.0304998	0.254111	0.662019	0.0163267	0.036788
3476	1.02712e-06	0.000122429	0.998838	0.000922077	6.55733e-05	5.12393e-05
3477	0.000693752	0.0827006	0.232611	0.606006	0.0443134	0.0336754
3478	4.64411e-07	5.54394e-05	0.999472	0.000419097	2.96521e-05	2.3289e-05
3479	0.000247739	0.0295356	0.246078	0.641091	0.0474232	0.035625
3480	0.000255826	0.0304951	0.25411	0.662018	0.0163333	0.0367879
3481	0.000255812	0.0305523	0.254097	0.661982	0.0163279	0.0367859
3482	0.000700009	0.0834375	0.232318	0.605244	0.0446674	0.033633
3483	0.000255819	0.0304926	0.254103	0.661999	0.0163631	0.0367869
3484	0.000251092	0.0484225	0.249408	0.649766	0.0160452	0.0361071
3485	0.000255827	0.0304926	0.254111	0.662019	0.0163342	0.036788
3486	1.0648e-06	0.000127566	0.998817	0.000934676	6.79494e-05	5.19394e-05
3487	1.83794e-06	0.000220014	0.000624754	0.946442	0.000117719	0.0525932
3488	1.08502e-09	1.2936e-07	1.07774e-06	0.947355	6.93804e-08	0.0526439
3489	1.22894e-06	0.000146505	0.000417743	0.946746	7.84268e-05	0.0526101
3490	3.13953e-05	0.00374205	0.964706	0.0279616	0.00200498	0.00155381
3491	7.58517e-08	9.04121e-06	2.57835e-05	0.947318	4.84034e-06	0.0526419
3492	1.57782e-06	0.000188095	0.00156724	0.945596	0.000100713	0.0525462
3493	6.02529e-07	7.18203e-05	0.999323	0.000536631	3.85182e-05	2.98202e-05
3494	3.3307e-17	3.96972e-15	3.30836e-14	8.61906e-14	1	4.78956e-15
3495	1.4688e-09	1.75184e-07	0.999996	3.8009e-06	9.37757e-08	2.11214e-07
3496	2.43215e-12	2.8998e-10	8.16836e-10	2.12805e-09	1	1.18254e-10
3497	0.00025583	0.0304902	0.254114	0.662027	0.016325	0.0367884
3498	1.13796e-07	1.35699e-05	0.000113033	0.947229	7.2747e-06	0.0526369
3499	0.000255825	0.0304918	0.254109	0.662015	0.0163408	0.0367877
3500	0.000255824	0.0305081	0.254108	0.662011	0.016329	0.0367876
3501	4.40295e-07	5.24754e-05	0.000437342	0.946865	2.81036e-05	0.0526167
3502	2.00593e-07	2.39163e-05	0.000199248	0.947132	1.28031e-05	0.0526316
3503	1.74502e-08	2.07973e-06	5.85556e-06	0.947347	1.11351e-06	0.0526435
3504	1.09628e-05	0.00130703	0.00372648	0.941914	0.000699666	0.0523416
3505	7.52902e-08	8.97989e-06	0.99978	0.000194833	4.81313e-06	1.08268e-05
3506	2.79282e-06	0.00033288	0.000949335	0.94597	0.000178219	0.052567
3507	0.000255827	0.0304976	0.254111	0.662019	0.0163288	0.036788
3508	1.6273e-07	1.93951e-05	5.60747e-05	0.947275	1.03844e-05	0.0526395
3509	4.40295e-07	5.26441e-05	0.000437342	0.946865	2.81043e-05	0.0526167
3510	1.82868e-09	2.1798e-07	1.81641e-06	0.947354	1.167e-07	0.0526439
3511	1.39959e-10	1.66807e-08	1	1.27112e-07	8.93071e-09	7.06353e-09
3512	0.000698868	0.0832982	0.232375	0.605392	0.0445942	0.0336413
3513	1.56725e-16	1.8681e-14	1.55674e-13	0.947356	1.00134e-14	0.052644
3514	0.000257941	0.0307427	0.0879101	0.819113	0.0164588	0.0455176
3515	5.15124e-08	6.14057e-06	1.77505e-05	0.94733	3.28736e-06	0.0526426
3516	3.71558e-10	0.999999	3.69066e-07	9.61505e-07	2.37236e-08	5.34303e-08
3517	0.000255817	0.0305277	0.254102	0.661995	0.0163336	0.0367866
3518	0.000698415	0.0832427	0.232396	0.605446	0.0445723	0.0336443
3519	3.08347e-05	0.00367741	0.0102369	0.932281	0.00196764	0.0518063
3520	2.27236e-05	0.00270888	0.974624	0.0200779	0.00145079	0.00111572
3521	1.01307e-07	1.20738e-05	3.42907e-05	0.947306	6.57862e-06	0.0526412
3522	4.92692e-09	5.87447e-07	4.89387e-06	0.947351	3.144e-07	0.0526437
3523	1.9937e-06	0.000237645	0.000674835	0.946369	0.000127225	0.0525892
3524	1.96803e-08	2.346e-06	1.95483e-05	0.947334	1.25593e-06	0.0526428
3525	0.000693718	0.0826844	0.232599	0.605976	0.0443728	0.0336737
3526	6.53951e-07	7.79498e-05	0.000226522	0.947027	4.17328e-05	0.0526257
3527	5.39572e-06	0.000643174	0.00182322	0.944688	0.000344651	0.0524957
3528	5.37342e-06	0.00064089	0.0018613	0.944656	0.000342918	0.0524939
3529	3.96147e-07	4.7214e-05	0.00039349	0.946914	2.52779e-05	0.0526195
3530	0.000685504	0.0817449	0.233017	0.607064	0.043755	0.0337342
3531	2.79423e-07	3.33061e-05	9.74089e-05	0.947215	1.78332e-05	0.0526362
3532	0.000114158	0.0136063	0.0381804	0.891286	0.00728444	0.0495283
3533	0.000255821	0.0305203	0.254105	0.662005	0.0163265	0.0367872
3534	1.09595e-07	3.91838e-05	3.77649e-05	0.947276	6.99348e-06	0.0526396
3535	1.03834e-07	1.23771e-05	3.52953e-05	0.947304	6.62778e-06	0.0526411
3536	9.35722e-07	0.996454	0.000929446	0.00242143	5.97132e-05	0.000134557
3537	1.57405e-07	1.88765e-05	5.29153e-05	0.947278	1.00682e-05	0.0526397
3538	2.20031e-06	0.000262348	0.000767046	0.946246	0.000140506	0.0525823
3539	2.43219e-07	2.89912e-05	0.000241587	0.000629392	0.999065	3.49749e-05
3540	1.36744e-08	1.62972e-06	4.57867e-06	0.947349	8.72699e-07	0.0526436
3541	4.57884e-09	5.46047e-07	0.999987	1.1849e-05	2.92225e-07	6.58439e-07
3542	0.000690789	0.0824048	0.232751	0.606372	0.0440848	0.0336958
3543	4.09213e-07	4.88036e-05	0.000141747	0.94715	2.61137e-05	0.0526326
3544	0.000255828	0.0304942	0.254112	0.662021	0.0163292	0.0367881
3545	2.20031e-06	0.000262397	0.000767046	0.946246	0.00014048	0.0525823
3546	0.00025583	0.0304899	0.254114	0.662027	0.0163248	0.0367884
3547	0.000255779	0.0305011	0.254063	0.661895	0.0165042	0.0367811
3548	0.000253628	0.0302463	0.251927	0.65633	0.0247707	0.0364719
3549	3.44487e-07	4.10626e-05	0.000118194	0.947184	2.19818e-05	0.0526344
3550	1.83794e-06	0.00021907	0.000624755	0.946443	0.000117656	0.0525933
3551	0.000255826	0.0305052	0.25411	0.662016	0.0163251	0.0367878
3552	4.56662e-07	5.44286e-05	0.000153007	0.947131	2.91397e-05	0.0526315
3553	0.00067363	0.0802983	0.230288	0.599956	0.055445	0.0333392
3554	1.91977e-06	0.000235619	0.0019069	0.945208	0.000122796	0.0525246
3555	4.12695e-05	0.00491881	0.0138603	0.927031	0.00263354	0.0515146
3556	3.0938e-07	3.68972e-05	0.999646	0.00028098	1.97461e-05	1.56139e-05
3557	3.42348e-11	1	3.40052e-08	8.85916e-08	2.18474e-09	4.92298e-09
3558	0.000255821	0.0305078	0.254105	0.662004	0.0163405	0.0367871
3559	3.65791e-05	0.00436031	0.012505	0.929132	0.00233487	0.0516313
3560	9.16201e-07	0.000109319	0.000315712	0.946897	5.84707e-05	0.0526185
3561	0.000255828	0.0304932	0.254112	0.662023	0.0163276	0.0367882
3562	4.28675e-13	5.11161e-11	4.258e-10	0.947356	2.73675e-11	0.052644
3563	1.37526e-08	1.63908e-06	0.999985	1.19664e-05	8.77566e-07	6.64964e-07
3564	7.61576e-06	0.000908408	0.00756468	0.93886	0.000486983	0.0521719
3565	0.000255814	0.030538	0.254099	0.661987	0.0163345	0.0367862
3566	2.48963e-06	0.000296757	0.000834758	0.946131	0.000159459	0.0525759
3567	0.000679953	0.0810556	0.233294	0.607785	0.0434118	0.0337742
3568	0.000694928	0.0828686	0.232548	0.605842	0.0443797	0.0336663
3569	4.51512e-09	5.38392e-07	4.48484e-06	0.947351	4.4097e-07	0.0526437
3570	1.99626e-07	2.37924e-05	6.78569e-05	0.947257	1.27403e-05	0.0526385
3571	2.0437e-05	0.00243658	0.00698663	0.937173	0.0013048	0.0520782
3572	2.37288e-05	0.00282934	0.00817664	0.935472	0.00151462	0.0519836
3573	0.000677208	0.0810138	0.233358	0.607952	0.0432156	0.0337835
3574	0.000255787	0.0306194	0.254071	0.661915	0.0163561	0.0367822
3575	1.6273e-07	1.93998e-05	5.60747e-05	0.947275	1.03862e-05	0.0526395
3576	1.2622e-08	1.5046e-06	1.25374e-05	0.947342	8.14439e-07	0.0526432
3577	2.1744e-07	2.59205e-05	0.000215982	0.947113	1.38761e-05	0.0526305
3578	2.73833e-08	3.26485e-06	2.71997e-05	0.947325	1.74806e-06	0.0526423
3579	2.85387e-05	0.00340143	0.00994881	0.932956	0.00182111	0.0518438
3580	3.12233e-05	0.00372228	0.965323	0.0274077	0.00199248	0.00152303
3581	0.000255824	0.0305122	0.254108	0.662012	0.0163248	0.0367876
3582	1.38605e-06	0.000165283	0.995959	0.00358676	8.85565e-05	0.000199314
3583	2.61408e-08	3.11652e-06	0.999924	6.76462e-05	1.66811e-06	3.75906e-06
3584	1.45737e-05	0.00173798	0.983434	0.0131517	0.000930637	0.000730832
3585	3.36936e-06	0.00040177	0.00334677	0.943598	0.000215273	0.0524352
3586	2.18211e-09	2.60243e-07	2.16748e-06	0.947354	1.39254e-07	0.0526439
3587	5.36717e-15	1	5.33117e-12	1.3889e-11	3.42491e-13	7.71801e-13
3588	0.000255825	0.0305025	0.254109	0.662014	0.0163305	0.0367877
3589	2.16816e-08	2.58449e-06	7.55835e-06	0.947345	1.38375e-06	0.0526434
3590	2.62124e-05	0.00312491	0.0088725	0.934371	0.00168301	0.0519224
3591	4.47227e-18	1	4.44227e-15	1.15732e-14	2.85786e-16	6.43114e-16
3592	4.80708e-07	5.7298e-05	0.000162712	0.947118	3.06746e-05	0.0526308
3593	9.7951e-06	0.00116775	0.00339292	0.942431	0.000627778	0.0523703
3594	0.000677353	0.0807654	0.233408	0.608082	0.043277	0.0337907
3595	5.26593e-07	6.29346e-05	0.998464	0.0013627	3.36223e-05	7.57242e-05
3596	7.18082e-08	2.56739e-05	7.13266e-05	0.94726	4.58292e-06	0.0526387
3597	0.000682056	0.0813813	0.233169	0.60746	0.0435512	0.0337562
3598	0.000694639	0.0830548	0.232451	0.605591	0.0445559	0.0336523
3599	2.20031e-06	0.000262268	0.000767046	0.946245	0.000140697	0.0525823
3600	0.00069769	0.0831548	0.232434	0.605545	0.0445195	0.0336498
3601	3.52062e-31	1	1.17883e-28	3.07113e-28	2.24879e-29	1.70661e-29
3602	5.37341e-06	0.000640682	0.00186129	0.944653	0.000345444	0.0524938
3603	3.10155e-07	3.69649e-05	0.000104075	0.947203	1.97914e-05	0.0526355
3604	0.000686819	0.0818715	0.232936	0.606852	0.0439315	0.0337224
3605	1.2567e-06	0.000149899	0.00124827	0.945954	8.04476e-05	0.0525661
3606	9.16201e-07	0.000109245	0.000315712	0.946897	5.84922e-05	0.0526185
3607	6.0134e-14	1	5.97307e-11	1.55613e-10	3.83754e-12	8.6473e-12
3608	6.53951e-07	7.79535e-05	0.000226522	0.947027	4.19123e-05	0.0526257
3609	0.000255817	0.030494	0.254101	0.661993	0.016369	0.0367866
3610	5.0116e-09	5.99532e-07	4.97798e-06	0.94735	3.2056e-07	0.0526437
3611	0.000679441	0.0810057	0.233118	0.607327	0.0441214	0.0337488
3612	3.5983e-07	0.998636	0.000357416	0.000931154	2.30468e-05	5.17437e-05
3613	2.43134e-06	0.000290381	0.000837808	0.946138	0.000155366	0.0525763
3614	0.000255813	0.0305378	0.254097	0.661983	0.01634	0.036786
3615	0.000255828	0.0304926	0.254112	0.662023	0.0163282	0.0367882
3616	3.00081e-10	0.999999	2.98068e-07	7.76538e-07	1.91488e-08	4.31517e-08
3617	4.32442e-07	5.15575e-05	0.000147382	0.947141	2.76031e-05	0.0526321
3618	0.000255823	0.0305122	0.254108	0.66201	0.0163267	0.0367875
3619	5.40175e-06	0.000646206	0.00185335	0.944655	0.000345978	0.0524939
3620	2.05703e-06	0.997278	0.000690252	0.00179827	0.000131367	9.99288e-05
3621	6.39794e-06	0.00076265	0.992855	0.00565303	0.000408374	0.000314135
3622	0.00025583	0.0304901	0.254114	0.662026	0.0163256	0.0367884
3623	1.86702e-05	0.00780951	0.00627038	0.932871	0.00119145	0.0518391
3624	2.55253e-08	3.04276e-06	8.6399e-06	0.947343	1.62939e-06	0.0526433
3625	3.01357e-07	3.59262e-05	0.000299336	0.94702	1.92308e-05	0.0526253
3626	0.000255783	0.0305828	0.254067	0.661906	0.0164065	0.0367817
3627	3.73857e-07	4.45869e-05	0.000128827	0.947169	2.38618e-05	0.0526336
3628	1.16597e-15	1	1.15815e-12	3.01725e-12	7.49574e-14	1.67667e-13
3629	2.12562e-08	2.53489e-06	2.11136e-05	0.947332	1.35726e-06	0.0526427
3630	0.000693272	0.0826758	0.232633	0.606063	0.0442562	0.0336786
3631	2.62627e-06	0.000313162	0.000897821	0.946047	0.000167607	0.0525713
3632	0.000255828	0.0304932	0.254112	0.662023	0.0163274	0.0367882
3633	1.9914e-11	2.37556e-09	1.97805e-08	0.947356	1.27085e-09	0.052644
3634	0.000694197	0.0827705	0.232594	0.605961	0.0443079	0.0336729
3635	6.46973e-08	7.71197e-06	0.999926	5.83846e-05	4.12938e-06	3.2444e-06
3636	6.44504e-05	0.00768135	0.0214665	0.915785	0.00411284	0.0508896
3637	2.85387e-05	0.00340144	0.00994879	0.932954	0.00182312	0.0518437
3638	0.00025581	0.0305615	0.254095	0.661977	0.0163258	0.0367856
3639	3.47077e-08	4.13812e-06	0.999899	8.98153e-05	2.21498e-06	4.99098e-06
3640	0.00025582	0.0305077	0.254105	0.662002	0.0163425	0.0367871
3641	0.000255824	0.0304921	0.254109	0.662013	0.0163427	0.0367877
3642	0.000255821	0.0305119	0.254105	0.662005	0.0163349	0.0367872
3643	0.000255721	0.0309032	0.254006	0.661745	0.0163178	0.0367728
3644	2.48631e-06	0.000296749	0.00246963	0.944582	0.000158985	0.0524899
3645	0.000107875	0.0128612	0.037012	0.893483	0.00688508	0.0496503
3646	0.000232701	0.0382263	0.0776328	0.823309	0.0148487	0.0457508
3647	1.47606e-06	0.000175973	0.000508634	0.946617	9.42449e-05	0.0526029
3648	0.000685487	0.0817353	0.233011	0.607049	0.0437854	0.0337334
3649	2.44114e-08	2.90941e-06	8.27916e-06	0.947344	1.55782e-06	0.0526433
3650	0.000255826	0.0305052	0.25411	0.662016	0.0163257	0.0367878
3651	8.30042e-10	0.999997	8.24475e-07	2.14795e-06	5.30626e-08	1.1936e-07
3652	5.28893e-10	0.999999	1.78203e-07	4.64261e-07	3.38109e-08	2.57987e-08
3653	1.48354e-08	1.76844e-06	1.47359e-05	3.83905e-05	0.999943	2.13334e-06
3654	0.000683425	0.0815065	0.229749	0.598549	0.0562512	0.033261
3655	7.1664e-09	8.54222e-07	7.11833e-06	0.947348	4.57366e-07	0.0526436
3656	5.20924e-08	6.20832e-06	1.74056e-05	0.94733	3.32395e-06	0.0526426
3657	1.08093e-07	1.28906e-05	3.70869e-05	0.947302	6.898e-06	0.052641
3658	8.31489e-06	0.000991366	0.990549	0.00750358	0.000530718	0.000416969
3659	0.000695151	0.0830237	0.232495	0.605706	0.0444213	0.0336587
3660	1.2663e-15	1	1.25781e-12	3.27688e-12	8.0831e-14	1.82094e-13
3661	0.000695862	0.0829363	0.232508	0.605739	0.0444596	0.0336606
3662	1.29774e-08	1.54703e-06	4.49523e-06	1.17111e-05	0.999982	6.5078e-07
3663	0.00025581	0.0305614	0.254094	0.661976	0.0163265	0.0367856
3664	7.81211e-05	0.00931629	0.772225	0.202159	0.00498766	0.0112338
3665	0.000255823	0.0305049	0.254107	0.66201	0.016335	0.0367875
3666	1.37223e-06	0.000163544	0.000464479	0.946677	8.76104e-05	0.0526063
3667	5.05986e-10	6.03036e-08	5.02592e-07	0.947355	3.22888e-08	0.052644
3668	1.86172e-06	0.00022194	0.000622347	0.946442	0.000118838	0.0525932
3669	7.97249e-07	9.50161e-05	0.000268013	0.946963	5.08714e-05	0.0526222
3670	7.13973e-06	0.000850963	0.00238921	0.943848	0.000455631	0.0524491
3671	3.91165e-09	4.66278e-07	3.88541e-06	0.947352	2.49665e-07	0.0526438
3672	4.11337e-09	4.90364e-07	4.08578e-06	0.947351	2.82918e-07	0.0526437
3673	0.000255807	0.0304924	0.254091	0.661967	0.0164081	0.0367851
3674	0.00068395	0.0815351	0.2331	0.60728	0.0436548	0.0337462
3675	2.48631e-06	0.000296447	0.00246963	0.944583	0.000158854	0.0524899
3676	1.45604e-05	0.00173563	0.98386	0.0127521	0.000929283	0.000708628
3677	5.13357e-05	0.00611844	0.850327	0.132845	0.00327608	0.00738209
3678	4.81666e-08	5.75118e-06	1.67912e-05	0.947332	3.11646e-06	0.0526426
3679	1.9872e-09	2.36833e-07	6.62751e-07	0.947355	1.26804e-07	0.0526439
3680	2.19554e-07	0.999708	7.41878e-05	0.000193277	1.40257e-05	1.07403e-05
3681	0.000255823	0.0305099	0.254107	0.662009	0.0163309	0.0367874
3682	4.82663e-11	1	4.79425e-08	1.24902e-07	3.0801e-09	6.94071e-09
3683	0.000255827	0.0304977	0.254111	0.66202	0.0163278	0.036788
3684	5.7333e-07	6.83453e-05	0.000569485	0.946717	3.65891e-05	0.0526085
3685	0.000255735	0.0304791	0.25402	0.661781	0.0166894	0.0367748
3686	4.86105e-11	1	4.82845e-08	1.25793e-07	3.1155e-09	6.99021e-09
3687	2.0447e-10	2.4373e-08	2.03098e-07	0.947356	1.30478e-08	0.052644
3688	1.28937e-05	0.00153763	0.962407	0.0333659	0.000822911	0.00185412
3689	1.56936e-12	1.87143e-10	1.55884e-09	4.06114e-09	1	2.25675e-10
3690	7.65113e-06	0.000911913	0.0025721	0.943586	0.000488221	0.0524345
3691	2.22987e-09	2.65769e-07	2.21491e-06	0.947354	1.4229e-07	0.0526439
3692	8.44855e-06	0.00100693	0.00281078	0.94322	0.000539156	0.0524142
3693	2.42531e-08	2.89156e-06	0.999929	6.27614e-05	1.54795e-06	3.48761e-06
3694	6.93977e-13	8.27776e-11	6.89323e-10	0.947356	4.42844e-11	0.052644
3695	7.6011e-08	9.06028e-06	0.999778	0.000196698	4.85723e-06	1.09304e-05
3696	0.000692195	0.0825084	0.232697	0.60623	0.0441845	0.0336879
3697	4.86358e-05	0.00580484	0.944705	0.0438902	0.00311206	0.00243895
3698	0.000255829	0.0304901	0.254113	0.662025	0.016327	0.0367884
3699	0.000255792	0.0306001	0.254076	0.661929	0.0163564	0.036783
3700	3.98885e-07	4.75464e-05	0.000135589	0.947158	2.54818e-05	0.052633
3701	0.000255823	0.0305145	0.254107	0.662008	0.0163273	0.0367874
3702	2.60556e-05	0.00310655	0.0258808	0.918288	0.00166993	0.0510287
3703	0.000690828	0.0823473	0.232765	0.606407	0.044092	0.0336977
3704	1.26507e-07	1.50911e-05	0.999631	0.00032737	8.09371e-06	1.81917e-05
3705	0.000697833	0.0831683	0.232428	0.605529	0.0445278	0.0336489
3706	7.31184e-08	8.71504e-06	2.54896e-05	0.947319	4.66881e-06	0.052642
3707	1.52727e-08	1.82029e-06	5.22114e-06	0.947348	9.7468e-07	0.0526436
3708	0.000255823	0.0305121	0.254107	0.662009	0.0163289	0.0367874
3709	9.07042e-12	1	3.06491e-09	7.98481e-09	5.79522e-10	4.43711e-10
3710	1.51836e-07	1.80976e-05	5.0691e-05	0.947282	9.68846e-06	0.0526399
3711	3.27498e-07	3.90516e-05	0.000325302	0.946991	2.09029e-05	0.0526237
3712	6.37151e-05	0.00759879	0.0632877	0.876289	0.00406641	0.0486948
3713	4.31989e-06	0.000514859	0.995176	0.00381692	0.000275695	0.000212104
3714	9.49756e-05	0.0113194	0.0318975	0.900583	0.00606025	0.0500449
3715	0.000691562	0.0824283	0.232733	0.606325	0.044129	0.0336931
3716	3.86658e-08	4.60861e-06	0.999956	3.45619e-05	2.46748e-06	1.92059e-06
3717	1.06657e-06	0.000127193	0.000369447	0.94682	6.80667e-05	0.0526142
3718	1.10796e-07	1.32053e-05	0.999677	0.000286713	7.0789e-06	1.59325e-05
3719	1.38604e-06	0.000165302	0.995957	0.00358675	9.04537e-05	0.000199314
3720	1.03242e-05	0.00123061	0.00349456	0.942242	0.000662216	0.0523598
3721	5.02961e-10	5.99632e-08	4.99587e-07	0.947355	3.20952e-08	0.052644
3722	1.80081e-08	2.14623e-06	6.06757e-06	0.947347	1.14908e-06	0.0526435
3723	0.000690827	0.0823567	0.232764	0.606406	0.0440841	0.0336976
3724	0.000255821	0.0305046	0.254105	0.662003	0.0163447	0.0367871
3725	0.000206652	0.0246516	0.768772	0.183005	0.0131953	0.0101695
3726	0.000691532	0.082439	0.232723	0.606299	0.0441562	0.0336916
3727	1.38061e-06	0.000164556	0.000460447	0.946679	8.81504e-05	0.0526064
3728	1.13878e-07	1.35766e-05	0.999873	0.000100848	7.26654e-06	5.60404e-06
3729	5.40177e-06	0.000643985	0.00185336	0.944658	0.000345643	0.0524941
3730	9.18509e-11	1	3.10366e-08	8.08576e-08	5.87985e-09	4.49321e-09
3731	5.84461e-08	6.96892e-06	0.99983	0.000151245	3.73132e-06	8.40457e-06
3732	0.00012189	0.0145277	0.0412578	0.886856	0.00795457	0.0492821
3733	4.596e-05	0.00547971	0.0456518	0.896094	0.00293285	0.0497954
3734	5.22919e-07	6.23332e-05	0.000177349	0.947097	3.34479e-05	0.0526296
3735	8.28332e-05	0.00987219	0.0279895	0.906402	0.00528542	0.0503682
3736	2.09533e-07	2.49794e-05	0.000208128	0.947097	4.01096e-05	0.0526296
3737	9.2894e-07	0.000110756	0.00092271	0.94632	5.95845e-05	0.0525864
3738	0.000695618	0.0829097	0.232535	0.605808	0.0443878	0.0336644
3739	0.000255818	0.0305236	0.254102	0.661996	0.0163358	0.0367867
3740	0.000677194	0.0810121	0.233353	0.607939	0.0432356	0.0337828
3741	1.42697e-05	0.00170071	0.984286	0.0123985	0.000911711	0.000688979
3742	0.000697542	0.0831344	0.232442	0.605566	0.0445097	0.0336509
3743	2.46044e-06	0.000293233	0.000818705	0.946152	0.000157029	0.0525771
3744	0.000597393	0.0712116	0.317344	0.542555	0.0381428	0.0301494
3745	5.28319e-08	6.29679e-06	1.81268e-05	0.94733	3.37174e-06	0.0526425
3746	5.73183e-07	6.83909e-05	0.000194837	0.947071	3.65889e-05	0.0526282
3747	1.58736e-07	5.67535e-05	0.000157671	0.000410771	0.999352	2.28263e-05
3748	1.02005e-12	1	3.39009e-10	8.832e-10	6.51331e-11	4.90789e-11
3749	1.3006e-07	1.55032e-05	4.38808e-05	0.947292	8.29905e-06	0.0526404
3750	3.0475e-06	0.000363274	0.00105562	0.945824	0.000194777	0.0525589
3751	3.43619e-10	4.09704e-08	3.41315e-07	0.947356	2.19464e-08	0.052644
3752	0.000255829	0.0304921	0.254114	0.662026	0.0163242	0.0367884
3753	2.27952e-08	8.15005e-06	7.63762e-06	0.94734	1.45468e-06	0.0526431
3754	3.29013e-09	3.92387e-07	0.999996	2.9691e-06	2.09968e-07	1.64991e-07
3755	3.52409e-10	4.20156e-08	3.50045e-07	0.947356	2.25237e-08	0.052644
3756	1.43221e-05	0.00170689	0.00477029	0.94034	0.000914218	0.0522541
3757	8.20997e-07	9.78749e-05	0.999079	0.000728964	5.25563e-05	4.05081e-05
3758	0.00068979	0.082235	0.232728	0.60631	0.044345	0.0336923
3759	4.46078e-09	5.31656e-07	0.999995	4.02553e-06	2.8464e-07	2.23696e-07
3760	6.2857e-09	7.49519e-07	0.999982	1.62659e-05	4.08179e-07	9.03886e-07
3761	0.000255689	0.0310121	0.253974	0.661662	0.0163276	0.0367682
3762	2.00593e-07	2.39267e-05	0.000199248	0.947132	1.29164e-05	0.0526316
3763	3.35622e-06	0.000400094	0.00112532	0.945705	0.000214219	0.0525522
3764	5.0576e-07	6.0287e-05	0.000502367	0.946792	3.2299e-05	0.0526127
3765	4.85387e-07	5.78497e-05	0.000162747	0.947117	3.09728e-05	0.0526307
3766	6.42969e-07	0.999141	0.000218064	0.000568108	4.10334e-05	3.15694e-05
3767	9.07142e-09	1.08132e-06	0.999974	2.34747e-05	5.79035e-07	1.30447e-06
3768	1.52727e-08	1.82044e-06	5.22114e-06	0.947348	9.74577e-07	0.0526436
3769	1.2567e-06	0.000149967	0.00124827	0.945954	8.0292e-05	0.0525661
3770	3.24032e-06	0.000386237	0.00111176	0.945736	0.000208648	0.052554
3771	0.000255825	0.0305051	0.254109	0.662014	0.016328	0.0367877
3772	5.39739e-08	6.43359e-06	1.84516e-05	0.947329	3.4445e-06	0.0526425
3773	7.01901e-08	8.3716e-06	0.999922	6.18958e-05	4.47953e-06	3.43951e-06
3774	4.09213e-07	4.88154e-05	0.000141747	0.94715	2.61278e-05	0.0526326
3775	0.000255826	0.0305026	0.25411	0.662016	0.0163283	0.0367878
3776	2.42796e-07	2.89422e-05	8.11629e-05	0.947237	1.56664e-05	0.0526374
3777	0.000255737	0.0306135	0.254022	0.661787	0.0165466	0.0367751
3778	1.29123e-06	0.995107	0.00128257	0.0033414	8.25117e-05	0.000185679
3779	0.000685527	0.0817154	0.233025	0.607084	0.0437545	0.0337353
3780	0.000255819	0.0304981	0.254103	0.661998	0.0163581	0.0367868
3781	2.28792e-06	0.000272761	0.99744	0.00202612	0.000145999	0.000112591
3782	9.00459e-05	0.0107325	0.0299852	0.90325	0.00574968	0.050193
3783	0.000674159	0.0803759	0.233522	0.608379	0.0432422	0.0338072
3784	9.28941e-07	0.000110743	0.00092271	0.94632	5.94185e-05	0.0525864
3785	5.34108e-10	6.37735e-08	5.30526e-07	0.947355	3.4191e-08	0.052644
3786	0.000695815	0.082948	0.232493	0.605698	0.0445069	0.0336583
3787	7.55508e-06	0.000900609	0.977972	0.0195508	0.00048253	0.00108642
3788	2.10747e-07	2.51191e-05	7.09233e-05	0.947252	1.34488e-05	0.0526382
3789	3.44487e-07	4.10583e-05	0.000118194	0.947184	2.19852e-05	0.0526344
3790	1.07795e-06	0.000128543	0.000365589	0.946822	6.87958e-05	0.0526143
3791	3.70623e-06	0.000442351	0.00368137	0.943222	0.00023655	0.0524143
3792	0.000606158	0.0722764	0.20558	0.646901	0.0386896	0.0359479
3793	9.79513e-06	0.00116775	0.00339293	0.942434	0.000625126	0.0523705
3794	0.000677374	0.0807435	0.233415	0.6081	0.0432724	0.0337918
3795	0.000255824	0.0305065	0.254108	0.662012	0.0163294	0.0367876
3796	1.08093e-07	1.2886e-05	3.70869e-05	0.947302	6.89849e-06	0.052641
3797	0.000156116	0.0186215	0.0540771	0.868886	0.0099761	0.0482835
3798	5.62846e-08	0.999925	1.89416e-05	4.93474e-05	3.5925e-06	2.7422e-06
3799	1.75131e-06	0.000208744	0.000588174	0.946494	0.000111754	0.0525961
3800	5.72697e-09	6.82616e-07	5.68856e-06	0.94735	3.65458e-07	0.0526436
3801	0.000255821	0.0305097	0.254105	0.662004	0.0163388	0.0367871
3802	0.000255829	0.030494	0.254113	0.662024	0.0163251	0.0367883
3803	7.17829e-08	0.999905	2.40684e-05	6.27037e-05	4.5808e-06	3.48441e-06
3804	2.50219e-08	2.98397e-06	0.999922	6.47506e-05	7.02508e-06	3.59815e-06
3805	6.80362e-08	0.999742	6.75798e-05	0.000176061	4.38092e-06	9.78363e-06
3806	0.000692674	0.0826884	0.232634	0.606066	0.0442399	0.0336787
3807	1.08646e-06	0.000129673	0.996832	0.00281151	6.93434e-05	0.000156234
3808	3.13729e-05	0.0037404	0.010558	0.931884	0.00200245	0.0517842
3809	2.16994e-08	2.58615e-06	7.23697e-06	0.947345	1.38483e-06	0.0526434
3810	1.47862e-08	1.7627e-06	5.15459e-06	0.947349	9.43646e-07	0.0526436
3811	7.04976e-10	8.40202e-08	7.00248e-07	0.947355	4.49884e-08	0.052644
3812	0.000699137	0.083344	0.232355	0.605339	0.0446241	0.0336384
3813	2.0739e-12	2.47258e-10	2.05999e-09	5.36676e-09	1	2.98227e-10
3814	5.26593e-07	6.27892e-05	0.998465	0.0013627	3.36725e-05	7.57242e-05
3815	0.000255827	0.0304933	0.254111	0.66202	0.0163312	0.0367881
3816	2.04294e-09	2.43481e-07	0.999998	1.78595e-06	1.30371e-07	9.92441e-08
3817	0.000255813	0.0305445	0.254097	0.661983	0.0163333	0.036786
3818	9.79982e-08	1.16798e-05	3.30191e-05	0.947308	6.25356e-06	0.0526413
3819	7.51864e-08	8.96184e-06	2.57966e-05	0.947318	4.7984e-06	0.0526419
3820	5.72697e-09	6.82815e-07	5.68856e-06	0.94735	3.65456e-07	0.0526436
3821	0.00025578	0.0305578	0.254064	0.661897	0.0164435	0.0367812
3822	0.000255804	0.0305434	0.254088	0.66196	0.0163681	0.0367847
3823	0.000670485	0.0799434	0.233736	0.608938	0.0428736	0.0338383
3824	0.000255821	0.0305239	0.254105	0.662003	0.0163258	0.0367871
3825	2.46438e-10	1	8.26941e-08	2.15438e-07	1.57478e-08	1.19717e-08
3826	1.85307e-07	2.21169e-05	0.99946	0.000479529	1.18266e-05	2.66472e-05
3827	0.000255827	0.030491	0.254111	0.66202	0.0163342	0.036788
3828	1.89492e-08	6.77498e-06	1.88221e-05	0.947331	1.2097e-06	0.0526426
3829	5.59335e-14	1	5.55584e-11	1.44743e-10	3.57151e-12	8.04327e-12
3830	1.88061e-05	0.00224145	0.978859	0.0167493	0.00120024	0.000930749
3831	2.13518e-06	0.000254479	0.000720386	0.946301	0.000136624	0.0525854
3832	0.000691545	0.0824318	0.232728	0.606311	0.044146	0.0336923
3833	5.84636e-08	6.96768e-06	1.9725e-05	0.947327	3.73744e-06	0.0526424
3834	6.23182e-13	1	6.19002e-10	1.61265e-09	3.9772e-11	8.96138e-11
3835	0.00069423	0.0827383	0.232605	0.60599	0.0442983	0.0336745
3836	5.51884e-09	6.59862e-07	0.999984	1.42814e-05	3.52175e-07	7.93611e-07
3837	1.84243e-07	2.19622e-05	6.23634e-05	0.947265	1.17607e-05	0.0526389
3838	2.97377e-05	0.00354781	0.0102031	0.932502	0.00189861	0.0518186
3839	2.7622e-07	3.29257e-05	9.29571e-05	0.94722	1.76337e-05	0.0526364
3840	1.77974e-06	0.000212133	0.000616484	0.946456	0.000119801	0.052594
3841	0.000127842	0.0152397	0.856959	0.113213	0.00816929	0.00629118
3842	4.87183e-06	0.000581225	0.994462	0.00439647	0.000310944	0.000244309
3843	2.07609e-07	2.47472e-05	0.999767	0.000184903	1.32504e-05	1.0275e-05
3844	1.73908e-08	2.07287e-06	5.79666e-06	1.51017e-05	0.999976	8.39191e-07
3845	3.35622e-06	0.000400006	0.00112532	0.945705	0.000214162	0.0525523
3846	0.000255807	0.0304932	0.254091	0.661967	0.0164081	0.0367851
3847	4.29268e-06	0.00051172	0.987484	0.0111084	0.000274309	0.000617289
3848	0.000255824	0.0305065	0.254108	0.662012	0.0163299	0.0367876
3849	1.83433e-07	2.18666e-05	0.000182202	0.947151	1.17294e-05	0.0526326
3850	1.1258e-17	1.34177e-15	1	2.9133e-14	7.18352e-16	1.6189e-15
3851	2.53846e-06	0.000304803	0.992597	0.00656892	0.000162186	0.000365031
3852	8.69467e-07	0.000103677	0.000863635	0.946386	5.54901e-05	0.0525901
3853	2.00593e-07	2.39343e-05	0.000199248	0.947132	1.28093e-05	0.0526316
3854	2.49096e-09	2.96912e-07	8.48953e-07	0.947355	1.58971e-07	0.0526439
3855	4.16774e-08	4.98318e-06	0.999878	0.000107851	2.66214e-06	5.99323e-06
3856	2.70188e-05	0.00322021	0.00910361	0.934022	0.00172463	0.051903
3857	5.50876e-07	6.56876e-05	0.998394	0.00142554	3.52361e-05	7.92163e-05
3858	1.12441e-05	0.00134021	0.0111687	0.934815	0.000717965	0.0519471
3859	3.39883e-11	1	1.15045e-08	2.99719e-08	2.20712e-09	1.66552e-09
3860	1.10398e-05	0.0013158	0.00369231	0.941934	0.000704533	0.0523427
3861	6.22053e-08	7.42742e-06	6.17881e-05	0.000160972	0.999761	8.94514e-06
3862	0.00069053	0.0826612	0.232664	0.606145	0.0441553	0.0336831
3863	0.000169055	0.0201649	0.813303	0.147384	0.0107889	0.00819002
3864	0.000255818	0.0305115	0.254102	0.661996	0.0163472	0.0367867
3865	0.000255813	0.0305445	0.254097	0.661982	0.0163343	0.036786
3866	2.22987e-09	2.6578e-07	2.21491e-06	0.947354	1.42294e-07	0.0526439
3867	8.91308e-15	1.06781e-12	8.8533e-12	0.947356	5.68762e-13	0.052644
3868	8.20997e-07	9.78587e-05	0.999079	0.000728965	5.23991e-05	4.05081e-05
3869	1.16365e-05	0.00597662	0.00392075	0.937265	0.000742517	0.0520833
3870	7.52902e-08	8.97466e-06	0.99978	0.000194833	4.80444e-06	1.08268e-05
3871	3.01357e-07	3.59382e-05	0.000299336	0.94702	1.92322e-05	0.0526253
3872	0.000255824	0.0305013	0.254108	0.662011	0.0163362	0.0367876
3873	8.57835e-10	0.999997	8.52081e-07	2.21987e-06	5.48083e-08	1.23357e-07
3874	4.4554e-10	5.31191e-08	0.999999	1.15295e-06	2.84589e-08	6.40689e-08
3875	4.70158e-06	0.000560342	0.994829	0.00407969	0.000300006	0.000226706
3876	0.000255765	0.0307107	0.254049	0.661858	0.0163468	0.0367791
3877	1.87423e-07	2.23369e-05	6.25968e-05	0.947264	1.19592e-05	0.0526389
3878	8.7421e-07	0.000104198	0.0002942	0.946925	5.57889e-05	0.05262
3879	5.44725e-06	0.000649541	0.993856	0.00486909	0.00034975	0.000270572
3880	4.55785e-08	0.999827	4.52728e-05	0.000117946	2.94096e-06	6.5542e-06
3881	0.000680795	0.0811878	0.226704	0.613872	0.0434435	0.0341125
3882	3.13625e-07	3.73839e-05	0.999086	0.000811587	2.00179e-05	4.50994e-05
3883	2.44754e-11	2.9179e-09	2.43113e-08	0.947356	1.56273e-09	0.052644
3884	7.4718e-08	8.90594e-06	2.57469e-05	0.947319	4.7682e-06	0.0526419
3885	9.8417e-07	0.000117392	0.99713	0.0025468	6.28464e-05	0.000141524
3886	6.5001e-05	0.00774993	0.927115	0.0577145	0.00414885	0.00320716
3887	5.14856e-06	0.000614176	0.00511403	0.94161	0.000332212	0.0523247
3888	3.49637e-05	0.00417861	0.0116341	0.930229	0.00223155	0.0516922
3889	3.60337e-08	4.29655e-06	0.999895	9.32468e-05	2.29953e-06	5.18167e-06
3890	1.80642e-05	0.00215452	0.00614038	0.938388	0.00115308	0.0521457
3891	3.06192e-06	0.00036495	0.00103306	0.945844	0.000195393	0.05256
3892	0.000695607	0.082917	0.232531	0.605798	0.0443942	0.0336638
3893	2.68747e-06	0.000320316	0.997045	0.00233056	0.000171485	0.000129508
3894	7.30405e-05	0.00870818	0.916523	0.0663357	0.00467365	0.00368624
3895	1.22894e-06	0.000146497	0.000417743	0.946746	7.8422e-05	0.0526101
3896	0.00025583	0.0304903	0.254114	0.662026	0.0163254	0.0367884
3897	1.85368e-05	0.00220977	0.00642095	0.938041	0.00118309	0.0521264
3898	0.000255081	0.0304504	0.25337	0.660088	0.0191557	0.0366807
3899	0.000231381	0.0275762	0.741605	0.204441	0.0147856	0.0113607
3900	0.000255769	0.0304922	0.254054	0.66187	0.0165487	0.0367797
3901	4.68234e-08	5.58073e-06	1.57576e-05	0.947333	2.98788e-06	0.0526427
3902	1.2622e-08	1.50709e-06	1.25374e-05	0.947342	8.06147e-07	0.0526432
3903	1.07005e-07	1.2754e-05	0.99988	9.53015e-05	6.82797e-06	5.29585e-06
3904	1.2567e-06	0.000149887	0.00124827	0.945954	8.02265e-05	0.0525661
3905	5.15124e-08	6.1409e-06	1.77505e-05	0.94733	3.28766e-06	0.0526426
3906	7.55506e-06	0.00090125	0.977969	0.0195507	0.0004846	0.00108642
3907	1.2567e-06	0.000150019	0.00124827	0.945954	8.0292e-05	0.0525661
3908	1.93442e-09	2.30688e-07	1.92144e-06	5.00581e-06	0.999993	2.7817e-07
3909	0.00025583	0.0304902	0.254114	0.662027	0.0163251	0.0367884
3910	0.000255821	0.0304964	0.254105	0.662005	0.0163505	0.0367872
3911	4.11524e-07	4.90505e-05	0.999545	0.000359757	2.62605e-05	1.99915e-05
3912	0.00025583	0.0304896	0.254114	0.662027	0.0163246	0.0367885
3913	1.10599e-07	1.31815e-05	0.999876	9.82013e-05	7.05886e-06	5.45699e-06
3914	1.02656e-07	1.22395e-05	3.42369e-05	0.947306	6.55036e-06	0.0526412
3915	1.83433e-07	2.18689e-05	0.000182202	0.947151	1.1712e-05	0.0526326
3916	0.000697379	0.083116	0.232448	0.605582	0.0445049	0.0336518
3917	5.49696e-08	6.55147e-06	1.87344e-05	0.947329	3.50809e-06	0.0526425
3918	3.01308e-07	3.60976e-05	0.999659	0.000270494	1.92362e-05	1.50312e-05
3919	3.41111e-08	4.07061e-06	1.18157e-05	0.947339	2.17709e-06	0.052643
3920	0.000241121	0.0862091	0.239504	0.623964	0.015408	0.0346733
3921	5.38203e-06	0.000641497	0.0018134	0.9447	0.000343709	0.0524964
3922	4.51512e-09	5.38894e-07	4.48484e-06	0.947351	2.89901e-07	0.0526437
3923	0.000255825	0.0304957	0.254109	0.662013	0.0163391	0.0367877
3924	0.000695206	0.0828725	0.232514	0.605753	0.0445037	0.0336614
3925	7.61577e-06	0.000908491	0.00756469	0.938861	0.000486258	0.0521719
3926	3.24033e-06	0.000386215	0.00111176	0.945738	0.000206775	0.0525541
3927	0.00025582	0.0305238	0.254104	0.662001	0.0163287	0.036787
3928	3.29194e-07	3.9284e-05	0.000112194	0.000292291	0.99954	1.62425e-05
3929	1.41328e-05	0.0016854	0.00492679	0.940224	0.000902191	0.0522477
3930	1.47481e-07	1.75774e-05	5.02638e-05	0.947283	9.4113e-06	0.0526399
3931	1.51146e-07	1.80259e-05	0.999831	0.000134202	9.64543e-06	7.45755e-06
3932	2.81904e-07	3.36006e-05	0.999685	0.000249082	1.79887e-05	1.38413e-05
3933	1.57122e-07	1.87347e-05	5.39088e-05	0.947278	1.00283e-05	0.0526396
3934	1.82386e-05	0.00217391	0.00610329	0.938395	0.00116383	0.052146
3935	2.65081e-07	3.15959e-05	8.99027e-05	0.947225	1.69162e-05	0.0526367
3936	2.8466e-09	3.46974e-07	2.8275e-06	0.947353	1.81695e-07	0.0526438
3937	0.00069219	0.0825096	0.232695	0.606226	0.0441889	0.0336876
3938	3.24069e-06	0.000386223	0.00108152	0.945767	0.000206784	0.0525557
3939	2.43058e-06	0.00028992	0.000837549	0.945845	0.000465271	0.05256
3940	1.07635e-11	1	3.57408e-09	9.31133e-09	6.86823e-10	5.17425e-10
3941	2.64882e-06	0.000315724	0.997058	0.00232513	0.000169092	0.000129206
3942	0.0003854	0.491098	0.129046	0.336195	0.0245939	0.0186821
3943	2.44859e-07	2.91867e-05	8.43753e-05	0.947233	1.56258e-05	0.0526372
3944	2.78437e-09	3.31842e-07	9.5187e-07	0.947355	1.77676e-07	0.0526439
3945	9.88702e-10	1.17881e-07	9.82071e-07	0.947355	6.30934e-08	0.0526439
3946	2.79423e-07	3.33175e-05	9.74089e-05	0.947215	1.78357e-05	0.0526362
3947	7.17392e-06	0.000855395	0.991935	0.00638931	0.000458075	0.00035505
3948	0.000255828	0.0304972	0.254112	0.662021	0.0163255	0.0367881
3949	1.63854e-08	1.95285e-06	5.67572e-06	0.947348	1.04561e-06	0.0526435
3950	1.89739e-06	0.00022613	0.99791	0.00164968	0.00012107	9.16718e-05
3951	3.95619e-06	0.994687	0.00134832	0.0035127	0.000253052	0.000195199
3952	4.56459e-06	0.000544086	0.00153048	0.94511	0.000291276	0.0525192
3953	1.6273e-07	1.94302e-05	5.60747e-05	0.947274	1.03886e-05	0.0526395
3954	9.78478e-07	0.000116616	0.000326799	0.946876	6.24352e-05	0.0526173
3955	3.76051e-06	0.000450971	0.995805	0.00331614	0.000240024	0.000184276
3956	7.99835e-07	9.53422e-05	0.000274425	0.946957	5.10419e-05	0.0526218
3957	0.000255828	0.0304896	0.254112	0.662022	0.0163326	0.0367882
3958	1.98598e-09	2.36711e-07	1.97266e-06	0.947354	1.26728e-07	0.0526439
3959	1.08093e-07	1.28835e-05	3.70869e-05	0.947302	6.89787e-06	0.052641
3960	2.30876e-09	2.75367e-07	2.29328e-06	0.947353	1.47875e-07	0.0526439
3961	5.0576e-07	6.02885e-05	0.000502367	0.946792	3.22763e-05	0.0526127
3962	2.92389e-09	0.999996	9.85162e-07	2.56658e-06	1.86659e-07	1.42623e-07
3963	7.78833e-08	9.28227e-06	0.999914	6.79396e-05	4.96971e-06	3.77536e-06
3964	0.000255826	0.0305027	0.254111	0.662018	0.0163249	0.0367879
3965	3.15244e-07	3.75809e-05	0.999081	0.000815776	2.01249e-05	4.53322e-05
3966	1.8515e-06	0.000220668	0.000616187	0.94645	0.000118153	0.0525936
3967	5.37342e-06	0.000641066	0.0018613	0.944655	0.000343268	0.0524939
3968	8.81983e-09	1.05141e-06	8.76068e-06	0.947346	5.62975e-07	0.0526435
3969	4.31021e-14	5.13694e-12	1	1.11538e-10	2.75044e-12	6.1981e-12
3970	1.29894e-06	0.000154828	0.000436246	0.946716	8.28869e-05	0.0526085
3971	0.000255805	0.0305124	0.254089	0.661963	0.0163948	0.0367849
3972	9.19604e-08	1.09636e-05	9.13436e-05	0.947253	5.87123e-06	0.0526383
3973	3.53816e-06	0.000421708	0.00121921	0.468257	0.504078	0.0260208
3974	0.000686873	0.081878	0.232954	0.6069	0.043856	0.0337251
3975	1.91493e-07	2.28258e-05	6.49451e-05	0.947261	1.22248e-05	0.0526387
3976	1.79035e-08	2.13391e-06	6.16933e-06	0.947347	1.14252e-06	0.0526435
3977	1.18082e-07	0.990548	3.99001e-05	0.00890949	7.53725e-06	0.000495095
3978	0.00067429	0.0804001	0.233567	0.608497	0.0430481	0.0338138
3979	0.000530988	0.0632877	0.177501	0.462433	0.27055	0.0256971
3980	0.000124006	0.0147792	0.863748	0.107465	0.00791262	0.00597174
3981	9.93064e-09	1.18394e-06	9.86404e-06	0.947345	6.33767e-07	0.0526434
3982	4.18041e-06	0.000499149	0.98781	0.0108179	0.000267185	0.000601145
3983	4.94915e-10	5.89942e-08	1.65009e-07	4.29889e-07	0.999999	2.38887e-08
3984	6.93977e-13	8.27709e-11	6.89323e-10	0.947356	4.42875e-11	0.052644
3985	1.67258e-07	1.99375e-05	0.999815	0.000146103	1.06739e-05	8.11884e-06
3986	0.000255808	0.030503	0.254092	0.661969	0.016395	0.0367852
3987	6.01633e-06	0.000717193	0.993125	0.00546406	0.00038405	0.000303635
3988	3.888e-09	4.65794e-07	3.86192e-06	0.947352	2.48127e-07	0.0526438
3989	9.28363e-09	1.10643e-06	3.12799e-06	0.947351	5.92414e-07	0.0526437
3990	0.000694227	0.0827405	0.232604	0.605988	0.0442997	0.0336744
3991	7.40526e-08	8.82736e-06	2.5651e-05	0.947319	4.72584e-06	0.0526419
3992	4.27781e-06	0.000509839	0.995265	0.00373969	0.000272977	0.000207812
3993	0.000255825	0.0304954	0.254109	0.662015	0.0163363	0.0367878
3994	2.45452e-12	1	8.1735e-10	2.12939e-09	1.56638e-10	1.18329e-10
3995	0.000255822	0.0305172	0.254106	0.662006	0.0163278	0.0367873
3996	4.92692e-09	5.87293e-07	4.89387e-06	0.947351	3.14429e-07	0.0526437
3997	1.34295e-06	0.000160077	0.996085	0.00347523	8.57119e-05	0.000193116
3998	6.01633e-06	0.000717399	0.993125	0.00546406	0.000384016	0.000303635
3999	0.00023836	0.0284371	0.0810233	0.211085	0.667486	0.0117299
4000	1.00216e-07	1.19506e-05	0.999708	0.000259335	6.40062e-06	1.44111e-05
4001	4.71545e-12	5.62164e-10	4.68382e-09	0.947356	3.01381e-10	0.052644
4002	2.90472e-07	3.46211e-05	9.78706e-05	0.947213	1.85351e-05	0.052636
4003	4.04376e-06	0.000484454	0.995421	0.00363021	0.00025815	0.000201729
4004	1.87455e-07	0.999752	6.29566e-05	0.000164017	1.19836e-05	9.11432e-06
4005	0.00058924	0.210674	0.200295	0.521815	0.0376303	0.028997
4006	8.57802e-08	1.02278e-05	0.999905	7.50548e-05	5.47443e-06	4.17075e-06
4007	1.5206e-07	1.8123e-05	5.19834e-05	0.94728	9.77556e-06	0.0526398
4008	5.03809e-07	6.00998e-05	0.998531	0.00130374	3.21492e-05	7.24479e-05
4009	2.62124e-05	0.00312562	0.00887249	0.93437	0.00168301	0.0519224
4010	9.84169e-07	0.000117673	0.99713	0.0025468	6.28262e-05	0.000141524
4011	2.43134e-06	0.000290101	0.000837809	0.946138	0.000155215	0.0525763
4012	3.23782e-12	3.85929e-10	3.2161e-09	0.947356	2.06672e-10	0.052644
4013	0.000255827	0.0305016	0.254111	0.662018	0.0163257	0.036788
4014	2.4336e-06	0.000290076	0.997307	0.00212747	0.000155294	0.000118222
4015	0.000255827	0.0304984	0.254111	0.66202	0.0163259	0.0367881
4016	9.5646e-07	0.000114701	0.000323747	0.946882	6.10343e-05	0.0526177
4017	2.0447e-10	2.44948e-08	2.03098e-07	0.947356	1.30483e-08	0.052644
4018	1.68167e-12	2.00559e-10	5.61433e-10	1.46266e-09	1	8.12794e-11
4019	2.05261e-06	0.000244707	0.997654	0.00186419	0.000130993	0.000103592
4020	0.000255774	0.0305816	0.254058	0.661881	0.0164431	0.0367803
4021	1.92634e-08	0.999974	6.56523e-06	1.7104e-05	1.23381e-06	9.50458e-07
4022	0.000693679	0.0826768	0.232586	0.605942	0.0444296	0.0336718
4023	0.000255824	0.0305036	0.254108	0.662012	0.0163323	0.0367876
4024	0.000674208	0.0803722	0.233538	0.608423	0.0431825	0.0338097
4025	7.96804e-05	0.00962916	0.0271562	0.907609	0.00509089	0.0504353
4026	3.41111e-08	4.0663e-06	1.18157e-05	0.947339	2.17739e-06	0.0526431
4027	4.25874e-10	5.07761e-08	4.23018e-07	0.947356	2.7179e-08	0.052644
4028	9.54929e-11	1	3.30777e-08	8.61753e-08	6.09482e-09	4.78871e-09
4029	0.000674317	0.0803782	0.233576	0.608522	0.043034	0.0338152
4030	5.58308e-06	0.000665771	0.983721	0.0144477	0.000356619	0.00080285
4031	0.000255828	0.0304984	0.254112	0.662021	0.0163248	0.0367881
4032	1.14984e-05	0.00137077	0.987074	0.0102408	0.000734202	0.000569075
4033	0.000255804	0.0305151	0.254089	0.661961	0.0163947	0.0367848
4034	3.12696e-07	3.73283e-05	0.999088	0.000809183	1.9956e-05	4.49658e-05
4035	3.35033e-08	3.99331e-06	1.12254e-05	0.94734	2.13815e-06	0.0526431
4036	0.000255817	0.0305074	0.254102	0.661995	0.0163538	0.0367866
4037	7.1039e-09	8.46655e-07	2.42111e-06	0.947352	4.53345e-07	0.0526438
4038	0.000255775	0.0305479	0.25406	0.661886	0.0164697	0.0367806
4039	0.00025583	0.0304904	0.254114	0.662026	0.0163252	0.0367884
4040	0.00026917	0.0320906	0.692414	0.244461	0.0171801	0.0135846
4041	5.7333e-07	6.83547e-05	0.000569485	0.946717	3.65869e-05	0.0526085
4042	0.00016971	0.356856	0.168571	0.439168	0.0108309	0.0244043
4043	7.47857e-07	8.91536e-05	0.000260708	0.946978	4.78997e-05	0.052623
4044	1.43329e-07	1.70826e-05	4.87206e-05	0.947285	9.14856e-06	0.05264
4045	0.000255819	0.0304915	0.254103	0.661999	0.0163631	0.0367869
4046	0.000255737	0.0307569	0.254022	0.661787	0.0164036	0.0367751
4047	0.000255827	0.030496	0.254111	0.662018	0.0163311	0.036788
4048	2.01301e-05	0.00239935	0.97772	0.0175978	0.00128458	0.000977901
4049	5.05759e-07	6.0953e-05	0.000502367	0.946791	3.23403e-05	0.0526126
4050	7.31183e-08	8.72234e-06	2.54896e-05	0.947319	5.20076e-06	0.0526419
4051	2.63548e-07	3.14125e-05	8.85976e-05	0.947226	1.68183e-05	0.0526368
4052	1.3694e-09	1.63212e-07	4.69846e-07	0.947355	8.73857e-08	0.052644
4053	2.42087e-05	0.00288544	0.973187	0.0211818	0.00154479	0.00117706
4054	0.000679917	0.0811164	0.233281	0.607753	0.0433974	0.0337724
4055	6.5001e-05	0.00774926	0.927115	0.0577145	0.00414917	0.00320716
4056	2.18803e-06	0.000260774	0.997575	0.0019163	0.000139617	0.000106487
4057	1.9937e-06	0.000237616	0.000674835	0.946369	0.000127236	0.0525892
4058	3.60912e-22	1	3.58491e-19	9.33955e-19	2.30332e-20	5.18993e-20
4059	0.00069928	0.0833452	0.232355	0.605339	0.0446229	0.0336383
4060	0.000255826	0.0305016	0.254111	0.662018	0.0163262	0.0367879
4061	4.52379e-07	5.39291e-05	0.000157703	0.947128	2.88749e-05	0.0526313
4062	1.36385e-08	1.62587e-06	0.999984	1.23865e-05	8.78196e-07	6.88311e-07
4063	4.56586e-06	0.000544248	0.994953	0.00398552	0.000291564	0.000221473
4064	1.12534e-07	1.34164e-05	3.92304e-05	0.947299	7.18412e-06	0.0526408
4065	1.34295e-06	0.00016105	0.996083	0.00347523	8.57806e-05	0.000193116
4066	1.5206e-07	1.81319e-05	5.19834e-05	0.94728	9.70355e-06	0.0526398
4067	8.04019e-13	9.59222e-11	7.98627e-10	0.947356	5.13628e-11	0.052644
4068	0.000690793	0.0823479	0.232753	0.606377	0.0441358	0.033696
4069	2.07192e-08	2.50386e-06	7.00104e-06	0.947346	1.32344e-06	0.0526434
4070	2.18211e-09	2.60093e-07	2.16748e-06	0.947354	1.39467e-07	0.0526439
4071	1.75313e-07	2.09281e-05	0.999489	0.000453668	1.11918e-05	2.521e-05
4072	1.12877e-13	1	3.75597e-11	9.78519e-11	7.20281e-12	5.43757e-12
4073	0.000255824	0.0305101	0.254108	0.662012	0.0163258	0.0367876
4074	1.72694e-05	0.00205844	0.00579032	0.93886	0.00110202	0.0521719
4075	3.82495e-07	4.55899e-05	0.000126874	0.947169	2.44164e-05	0.0526336
4076	0.000255823	0.0304993	0.254107	0.662008	0.0163426	0.0367874
4077	0.000255811	0.0305443	0.254095	0.661979	0.0163399	0.0367858
4078	1.27724e-09	1.52277e-07	1.26867e-06	3.30518e-06	0.999995	1.83667e-07
4079	7.68418e-12	9.15998e-10	1	1.98848e-08	4.90367e-10	1.10499e-09
4080	0.000255824	0.0305065	0.254108	0.662012	0.0163304	0.0367876
4081	2.30275e-06	0.000274698	0.000770585	0.946224	0.000147177	0.0525811
4082	4.56059e-08	5.43553e-06	1.52149e-05	0.947334	2.9319e-06	0.0526428
4083	5.38203e-06	0.000641456	0.0018134	0.9447	0.000343467	0.0524964
4084	1.03967e-08	0.999986	3.47237e-06	9.04635e-06	6.63412e-07	5.027e-07
4085	0.000255826	0.0304997	0.25411	0.662016	0.0163311	0.0367878
4086	7.16675e-07	8.54476e-05	0.999185	0.000646747	4.57486e-05	3.59393e-05
4087	0.000694202	0.0827453	0.232595	0.605965	0.0443267	0.0336731
4088	2.51012e-11	2.9923e-09	2.49328e-08	0.947356	1.60182e-09	0.052644
4089	1.37815e-08	1.6436e-06	0.99996	3.56631e-05	8.81513e-07	1.98178e-06
4090	7.74912e-07	9.24735e-05	0.000769715	0.946491	4.95844e-05	0.052596
4091	2.41248e-11	2.87891e-09	2.39629e-08	0.947356	1.53944e-09	0.052644
4092	3.1603e-07	3.77079e-05	0.999079	0.00081781	2.01665e-05	4.54452e-05
4093	4.59131e-06	0.000547192	0.00153734	0.945099	0.000292964	0.0525186
4094	0.000255827	0.0304991	0.254112	0.66202	0.016325	0.0367881
4095	0.000683844	0.0815849	0.232453	0.605594	0.0460322	0.0336525
4096	1.03046e-07	1.22844e-05	0.999884	9.21091e-05	6.57641e-06	5.11845e-06
4097	0.000255829	0.0304918	0.254113	0.662024	0.0163277	0.0367883
4098	5.20798e-07	6.20796e-05	0.000178687	0.947079	5.08638e-05	0.0526286
4099	2.12562e-08	2.53432e-06	2.11136e-05	0.947332	1.35654e-06	0.0526427
4100	7.17392e-06	0.000855257	0.991935	0.00638932	0.00045784	0.000355051
4101	7.99835e-07	9.53521e-05	0.000274425	0.946956	5.11791e-05	0.0526218
4102	6.14851e-05	0.00733029	0.930419	0.0551971	0.00392516	0.00306727
4103	5.12013e-08	6.11921e-06	5.08579e-05	0.947299	3.27622e-06	0.0526408
4104	1.33359e-12	1.59028e-10	1.32465e-09	3.45103e-09	1	1.91771e-10
4105	7.99835e-07	9.53246e-05	0.000274425	0.946957	5.10382e-05	0.0526218
4106	0.000682084	0.0813234	0.233179	0.607485	0.0435733	0.0337576
4107	1.49493e-06	0.000178169	0.000498732	0.946623	9.53896e-05	0.0526033
4108	5.03809e-07	6.00456e-05	0.998531	0.00130374	3.21527e-05	7.24479e-05
4109	0.000241126	0.0862109	0.239509	0.623977	0.0153876	0.034674
4110	0.000255825	0.0305082	0.254109	0.662013	0.0163264	0.0367877
4111	1.89019e-10	2.25315e-08	1.87751e-07	0.947356	1.20664e-08	0.052644
4112	6.19069e-06	0.000737893	0.993132	0.00542767	0.000395037	0.000301612
4113	0.000255829	0.0304927	0.254113	0.662025	0.0163249	0.0367883
4114	8.43731e-10	1.006e-07	2.90739e-07	0.947356	5.3852e-08	0.052644
4115	0.000255781	0.030674	0.254065	0.661899	0.0163244	0.0367814
4116	1.5818e-05	0.00188578	0.0157119	0.929713	0.00100962	0.0516636
4117	5.28895e-06	0.00063057	0.00525348	0.941457	0.000337541	0.0523162
4118	3.40211e-06	0.000406323	0.0033793	0.00880386	0.986918	0.000489225
4119	1.15079e-11	1	3.83385e-09	9.98807e-09	7.34768e-10	5.55031e-10
4120	0.000674268	0.080389	0.233559	0.608478	0.0430869	0.0338127
4121	4.60169e-08	5.48772e-06	4.57082e-05	0.947305	2.9368e-06	0.0526412
4122	0.000255824	0.0304974	0.254109	0.662013	0.0163376	0.0367877
4123	2.07577e-08	0.999921	2.06185e-05	5.37161e-05	1.3267e-06	2.98497e-06
4124	0.000255823	0.0305023	0.254107	0.662009	0.0163389	0.0367874
4125	1.19856e-13	1.42943e-11	1.19052e-10	0.947356	7.64819e-12	0.052644
4126	4.73993e-12	1	4.70814e-09	1.22658e-08	3.0252e-10	6.81604e-10
4127	3.14739e-09	3.75181e-07	1.07988e-06	0.947354	2.01257e-07	0.0526439
4128	7.45773e-08	8.8882e-06	2.49185e-05	0.947319	4.76019e-06	0.052642
4129	1.86225e-11	2.2195e-09	1	1.69131e-08	1.19049e-09	9.39849e-10
4130	5.40177e-06	0.000644064	0.00185336	0.944658	0.000344727	0.0524941
4131	4.34361e-08	5.1775e-06	4.31447e-05	0.947308	2.78888e-06	0.0526413
4132	7.46132e-07	8.89251e-05	0.999176	0.000650871	4.76151e-05	3.61685e-05
4133	2.51577e-05	0.00300109	0.00857411	0.934828	0.00162331	0.0519479
4134	0.000255823	0.0304946	0.254107	0.662008	0.0163475	0.0367874
4135	6.57497e-09	7.83612e-07	2.19902e-06	0.947353	4.19547e-07	0.0526438
4136	0.000245639	0.0377625	0.243992	0.635656	0.0470212	0.035323
4137	2.20031e-06	0.000262348	0.000767046	0.946246	0.000140424	0.0525823
4138	0.000255817	0.0305139	0.254102	0.661995	0.0163472	0.0367867
4139	3.58757e-07	4.2812e-05	0.000356351	0.946956	2.29781e-05	0.0526218
4140	3.91165e-09	4.6623e-07	3.88541e-06	0.947352	2.4974e-07	0.0526438
4141	2.27947e-20	2.71786e-18	7.60225e-18	1.98057e-17	1	1.10059e-18
4142	3.0356e-08	3.61807e-06	1.02048e-05	0.947341	1.93702e-06	0.0526432
4143	1.44012e-12	1.71702e-10	1.43046e-09	3.72668e-09	1	2.07089e-10
4144	1.29025e-10	0.999999	1.2816e-07	3.33887e-07	2.46985e-08	1.85539e-08
4145	0.00034915	0.0416129	0.614938	0.303931	0.0222798	0.0168893
4146	4.51512e-09	5.38482e-07	4.48484e-06	0.947351	2.88182e-07	0.0526437
4147	2.36852e-05	0.0028233	0.973442	0.0210301	0.0015118	0.00116863
4148	5.40177e-06	0.00064415	0.00185336	0.944658	0.000344918	0.0524941
4149	1.14846e-08	1.36968e-06	1.14076e-05	0.947343	7.33502e-07	0.0526433
4150	1.97086e-08	2.34951e-06	6.67106e-06	0.947346	1.25779e-06	0.0526435
4151	0.000255824	0.0305082	0.254108	0.662012	0.0163286	0.0367876
4152	1.76281e-05	0.00210211	0.00593953	0.938655	0.00112485	0.0521605
4153	2.4863e-06	0.000296946	0.00246963	0.944582	0.000159161	0.0524898
4154	7.40526e-08	8.82572e-06	2.5651e-05	0.947319	4.72879e-06	0.0526419
4155	4.65271e-11	1	4.62151e-08	1.20401e-07	2.97054e-09	6.69062e-09
4156	6.67307e-06	0.000795676	0.00225873	0.944052	0.000426023	0.0524604
4157	0.000345124	0.0411348	0.614584	0.304941	0.0220504	0.0169454
4158	9.71257e-07	0.000115755	0.000326196	0.946878	6.19873e-05	0.0526174
4159	9.60823e-08	1.14516e-05	3.23002e-05	0.947309	6.13094e-06	0.0526414
4160	2.09539e-07	2.49801e-05	0.000208134	0.947122	1.34924e-05	0.052631
4161	4.59783e-07	0.998257	0.0004567	0.00118981	2.94202e-05	6.6117e-05
4162	0.000255823	0.0304994	0.254107	0.662009	0.0163407	0.0367875
4163	1.47606e-06	0.000175938	0.000508634	0.946617	9.42063e-05	0.0526029
4164	5.63228e-09	6.71764e-07	5.5945e-06	1.4575e-05	0.999978	8.09924e-07
4165	1.11098e-07	1.3243e-05	3.84832e-05	0.9473	7.09564e-06	0.0526409
4166	8.80685e-06	0.00104996	0.0030015	0.942977	0.000562107	0.0524007
4167	1.03231e-06	0.000123034	0.00102538	0.946204	6.61186e-05	0.05258
4168	2.28574e-09	2.72643e-07	2.27041e-06	0.947353	1.45876e-07	0.0526439
4169	0.000255828	0.0304927	0.254112	0.662021	0.0163301	0.0367881
4170	7.75062e-06	0.000924296	0.991421	0.00677564	0.000494658	0.000376518
4171	0.000255802	0.0305432	0.254086	0.661955	0.0163752	0.0367844
4172	7.59191e-08	9.0503e-06	2.57481e-05	0.947318	4.84528e-06	0.0526419
4173	0.00025582	0.0305031	0.254104	0.662	0.0163504	0.0367869
4174	1.1879e-06	0.000141607	0.998668	0.00105474	7.62714e-05	5.86114e-05
4175	1.08093e-07	1.28886e-05	3.70869e-05	0.947302	6.89858e-06	0.052641
4176	1.58663e-09	0.999994	1.57599e-06	4.10582e-06	1.01254e-07	2.28158e-07
4177	0.00069377	0.0827141	0.232617	0.606022	0.044277	0.0336763
4178	0.000107874	0.0128653	0.0370119	0.89348	0.00688446	0.0496502
4179	8.2703e-07	9.85852e-05	0.997589	0.00214016	5.27777e-05	0.000118927
4180	0.000291784	0.0347782	0.676819	0.255301	0.0186225	0.014187
4181	2.99593e-12	3.57424e-10	1	7.75275e-09	1.91387e-10	4.30815e-10
4182	7.58553e-09	9.04191e-07	2.60261e-06	0.947352	4.843e-07	0.0526438
4183	2.93123e-07	3.49994e-05	0.99967	0.000261065	1.87136e-05	1.45072e-05
4184	6.21771e-10	7.41279e-08	6.17601e-07	1.609e-06	0.999998	8.94109e-08
4185	1.61181e-05	0.00192103	0.00535677	0.939469	0.00103135	0.0522057
4186	4.56495e-13	1	4.53434e-10	1.1813e-09	2.92226e-11	6.56442e-11
4187	6.74151e-08	8.03536e-06	6.69629e-05	0.947281	4.30437e-06	0.0526398
4188	0.000255827	0.0304966	0.254112	0.662021	0.0163273	0.0367881
4189	1.02537e-07	1.22267e-05	3.47756e-05	0.947305	6.55124e-06	0.0526412
4190	2.58657e-08	3.08841e-06	2.56922e-05	0.947327	1.65776e-06	0.0526424
4191	5.21099e-06	0.000622362	0.984806	0.0134848	0.00033276	0.000749342
4192	1.27591e-08	1.52066e-06	4.31131e-06	0.94735	8.14825e-07	0.0526437
4193	1.53612e-06	0.000183214	0.00152582	0.945643	9.80544e-05	0.0525488
4194	1.43612e-06	0.000171166	0.998396	0.00126891	9.16397e-05	7.05126e-05
4195	8.45819e-14	1	2.81852e-11	7.34291e-11	5.39764e-12	4.08041e-12
4196	0.00025581	0.0305048	0.254094	0.661975	0.0163844	0.0367856
4197	1.11098e-07	1.32413e-05	3.84832e-05	0.9473	7.09012e-06	0.0526409
4198	0.000255823	0.0305146	0.254108	0.66201	0.0163242	0.0367875
4199	8.89215e-05	0.0105977	0.902173	0.0771775	0.0056745	0.00428871
4200	1.91979e-06	0.0002289	0.00190691	0.945215	0.000122602	0.052525
4201	9.94013e-06	0.00118687	0.971016	0.0257227	0.000635089	0.0014294
4202	2.15613e-08	2.56965e-06	7.20761e-06	0.947345	1.37579e-06	0.0526434
4203	4.17189e-14	5.01742e-12	4.14391e-11	0.947356	2.66224e-12	0.052644
4204	3.52578e-05	0.00420281	0.0350213	0.907984	0.00230093	0.0504561
4205	2.09539e-07	2.49791e-05	0.000208134	0.947122	1.34029e-05	0.052631
4206	8.40896e-10	0.999999	2.83709e-07	7.39129e-07	5.37186e-08	4.1073e-08
4207	2.39391e-07	2.85368e-05	8.08907e-05	0.947238	1.52869e-05	0.0526374
4208	5.97074e-07	7.1276e-05	0.998259	0.00154508	3.81184e-05	8.58594e-05
4209	2.6711e-05	0.00318374	0.922116	0.0691217	0.00171082	0.00384105
4210	2.52937e-16	3.01454e-14	2.51241e-13	0.947356	1.61395e-14	0.052644
4211	1.22932e-10	1	1.22108e-07	3.1812e-07	7.84516e-09	1.76777e-08
4212	1.08646e-06	0.000129546	0.996832	0.00281151	6.9473e-05	0.000156234
4213	1.20741e-06	0.000143906	0.000402812	0.946764	7.70438e-05	0.0526111
4214	7.63881e-12	1	2.61142e-09	6.80336e-09	4.87728e-10	3.78058e-10
4215	0.000698422	0.0832377	0.232398	0.605453	0.0445682	0.0336446
4216	2.73075e-08	3.255e-06	0.99992	7.06653e-05	1.74297e-06	3.92683e-06
4217	4.67022e-10	5.57064e-08	4.6389e-07	0.947355	2.98279e-08	0.052644
4218	2.16816e-08	2.58427e-06	7.55835e-06	0.947345	1.38403e-06	0.0526434
4219	0.000255829	0.0304943	0.254113	0.662024	0.016324	0.0367883
4220	1.46909e-05	0.0017586	0.00500687	0.940044	0.000938381	0.0522377
4221	6.01822e-08	7.17341e-06	2.02121e-05	0.947326	3.84014e-06	0.0526424
4222	2.51361e-06	0.000299959	0.997155	0.00225655	0.00016078	0.000125395
4223	0.000255828	0.0304953	0.254112	0.662023	0.0163255	0.0367882
4224	6.79381e-06	0.000809861	0.992437	0.00598068	0.00043353	0.000332343
4225	0.000255795	0.0305357	0.25408	0.661938	0.0164073	0.0367835
4226	5.77208e-13	6.89585e-11	1	1.49368e-09	3.68342e-11	8.30027e-11
4227	2.17439e-07	3.04986e-05	0.000215981	0.947109	1.39359e-05	0.0526303
4228	2.1012e-16	1	2.08711e-13	5.43741e-13	1.34125e-14	3.02154e-14
4229	0.000255807	0.0305314	0.254091	0.661968	0.0163683	0.0367852
4230	0.000255754	0.0305956	0.254038	0.66183	0.0165026	0.0367775
4231	4.83353e-07	5.76241e-05	0.999448	0.000438984	3.08454e-05	2.43941e-05
4232	2.35277e-08	2.80498e-06	8.14974e-06	0.947344	1.50156e-06	0.0526433
4233	1.17119e-12	1	1.16334e-09	3.03077e-09	7.69603e-11	1.68418e-10
4234	3.6961e-08	4.40578e-06	0.999892	9.56463e-05	2.35895e-06	5.31501e-06
4235	1.10667e-09	1.31984e-07	1.09925e-06	0.947355	7.07315e-08	0.0526439
4236	0.000255713	0.030561	0.253998	0.661725	0.0166879	0.0367717
4237	4.66476e-06	0.000556043	0.00155624	0.945068	0.000297858	0.0525169
4238	3.41698e-06	0.000407374	0.996228	0.00297731	0.000218061	0.000165448
4239	4.10588e-06	0.000489644	0.00141483	0.945299	0.000262235	0.0525297
4240	2.6815e-08	3.19614e-06	9.20028e-06	0.947343	1.71116e-06	0.0526433
4241	5.37341e-06	0.000641454	0.00186129	0.944654	0.000344387	0.0524938
4242	3.9882e-06	0.00047541	0.9956	0.00347329	0.000254531	0.000193009
4243	3.64512e-08	4.35057e-06	3.62067e-05	0.947315	2.35845e-06	0.0526417
4244	6.26689e-06	0.000747163	0.00210125	0.944273	0.000400031	0.0524727
4245	4.82723e-08	5.75974e-06	0.999859	0.000124917	3.08419e-06	6.94158e-06
4246	2.76455e-08	3.2982e-06	2.74601e-05	0.947325	1.76458e-06	0.0526423
4247	0.000695894	0.0829429	0.232519	0.605767	0.0444131	0.0336621
4248	1.61062e-07	1.91995e-05	0.99953	0.00041679	1.02793e-05	2.31608e-05
4249	9.69125e-10	1.1558e-07	0.999997	2.50786e-06	6.19188e-08	1.39361e-07
4250	6.34901e-09	7.5677e-07	0.999981	1.64297e-05	4.05431e-07	9.1299e-07
4251	3.99269e-06	0.000475898	0.0013361	0.945394	0.000254856	0.052535
4252	1.77746e-07	2.11875e-05	6.00607e-05	0.947268	1.13431e-05	0.0526391
4253	1.99097e-06	0.00023732	0.000683105	0.946362	0.000127049	0.0525888
4254	1.13772e-06	0.00013567	0.998735	0.00100003	7.27019e-05	5.55709e-05
4255	0.000255059	0.0305323	0.253348	0.660032	0.0191541	0.0366776
4256	0.000255818	0.030495	0.254102	0.661997	0.0163631	0.0367868
4257	0.000698757	0.0833252	0.232369	0.605376	0.0445905	0.0336404
4258	2.31649e-09	0.999997	8.02409e-07	2.09047e-06	1.47868e-07	1.16166e-07
4259	1.91739e-07	2.28567e-05	0.000190453	0.947142	1.22385e-05	0.0526321
4260	8.9861e-07	0.000107323	0.99738	0.00232539	5.73666e-05	0.00012922
4261	3.43619e-10	4.09597e-08	3.41315e-07	0.947356	2.19274e-08	0.052644
4262	0.000255716	0.0309025	0.254	0.661731	0.016338	0.036772
4263	9.88702e-10	1.17885e-07	9.82071e-07	0.947355	6.31078e-08	0.0526439
4264	1.18103e-10	1	1.17311e-07	3.05623e-07	7.53661e-09	1.69833e-08
4265	0.000255825	0.0304996	0.254109	0.662015	0.0163324	0.0367878
4266	0.000145019	0.017288	0.0494245	0.875244	0.00926125	0.0486368
4267	1.04449e-08	1.24492e-06	3.48845e-06	0.947351	6.6661e-07	0.0526437
4268	5.0116e-09	6.10868e-07	4.97798e-06	0.94735	3.2056e-07	0.0526437
4269	9.80253e-06	0.00116854	0.00330727	0.942514	0.000625963	0.0523749
4270	0.000255829	0.0304921	0.254113	0.662026	0.0163247	0.0367884
4271	1.69784e-05	0.00202351	0.00567562	0.93902	0.0010834	0.0521808
4272	1.37548e-07	1.63937e-05	4.60287e-05	0.947288	8.77691e-06	0.0526402
4273	9.26165e-06	0.0011039	0.989615	0.00822343	0.000591079	0.000456971
4274	2.13996e-05	0.00255255	0.0212561	0.923464	0.00138964	0.0513163
4275	7.11184e-08	8.47835e-06	0.999793	0.000184037	4.53842e-06	1.02269e-05
4276	1.53727e-12	1	1.52696e-09	3.9781e-09	1.01016e-10	2.21061e-10
4277	3.23761e-10	3.85918e-08	3.2159e-07	0.947356	2.06594e-08	0.052644
4278	7.59643e-05	0.00906659	0.914334	0.0679017	0.00484899	0.00377326
4279	0.000400755	0.0478064	0.549439	0.356925	0.0255955	0.0198341
4280	9.50789e-07	0.000113351	0.99894	0.000838436	6.06706e-05	4.65914e-05
4281	0.000255825	0.0304988	0.254109	0.662015	0.0163332	0.0367878
4282	5.2292e-07	6.23266e-05	0.000177349	0.947097	3.33878e-05	0.0526296
4283	1.32145e-08	1.57507e-06	0.999985	1.17692e-05	8.43245e-07	6.5401e-07
4284	7.61983e-09	9.08976e-07	7.56872e-06	0.947347	4.89861e-07	0.0526435
4285	2.53597e-05	0.00302264	0.0251896	0.0656248	0.902491	0.00364673
4286	1.61062e-07	1.92031e-05	0.99953	0.00041679	1.0281e-05	2.31608e-05
4287	0.000255774	0.0306424	0.254058	0.661881	0.0163821	0.0367803
4288	8.49946e-08	0.999678	8.44246e-05	0.000219946	5.42559e-06	1.22223e-05
4289	0.000255789	0.0304982	0.254073	0.66192	0.0164705	0.0367825
4290	0.000255818	0.0305057	0.254102	0.661996	0.0163538	0.0367867
4291	1.2567e-06	0.000149867	0.00124827	0.945954	8.02385e-05	0.0525661
4292	1.2622e-08	1.50473e-06	1.25374e-05	0.947342	8.05585e-07	0.0526432
4293	1.12417e-05	0.00134021	0.0111663	0.934621	0.000925283	0.0519363
4294	1.1505e-07	1.37151e-05	3.85479e-05	0.947299	7.34333e-06	0.0526409
4295	5.55293e-07	6.62114e-05	0.000186495	0.947082	3.54361e-05	0.0526288
4296	7.47102e-06	0.000906148	0.00742091	0.939008	0.000477117	0.0521801
4297	6.54811e-10	7.80995e-08	6.50419e-07	0.947355	4.18026e-08	0.052644
4298	1.62837e-05	0.00194154	0.00551177	0.939293	0.00104098	0.052196
4299	2.44859e-07	2.91867e-05	8.43753e-05	0.947233	1.56273e-05	0.0526372
4300	0.000255822	0.0305172	0.254106	0.662005	0.0163288	0.0367872
4301	2.70186e-05	0.00322102	0.00910354	0.934014	0.00173165	0.0519026
4302	4.54957e-06	0.000542259	0.994998	0.00394536	0.000290315	0.000219241
4303	1.75845e-07	2.09606e-05	6.13009e-05	0.947267	1.12269e-05	0.0526391
4304	3.92469e-05	0.00481688	0.885433	0.101562	0.00250509	0.00564372
4305	2.08194e-07	2.48281e-05	0.999767	0.000184856	1.32866e-05	1.02723e-05
4306	0.000255827	0.0304948	0.254112	0.662021	0.0163288	0.0367881
4307	4.87569e-08	5.81091e-06	1.63608e-05	0.947332	3.11132e-06	0.0526427
4308	9.6128e-06	0.00114587	0.989266	0.00849358	0.000613415	0.000471983
4309	4.42405e-09	0.999983	4.39438e-06	1.14484e-05	2.82407e-07	6.3618e-07
4310	7.00744e-06	0.000835223	0.00234248	0.943915	0.00044716	0.0524528
4311	4.82723e-08	5.75974e-06	0.999859	0.000124917	3.08098e-06	6.94158e-06
4312	2.76455e-08	3.30177e-06	2.74601e-05	0.947325	1.76731e-06	0.0526423
4313	8.96102e-07	0.000106802	0.999007	0.000784059	5.71814e-05	4.35697e-05
4314	8.73784e-10	1.06506e-07	8.67923e-07	2.26114e-06	0.999997	1.2565e-07
4315	0.000694604	0.0828021	0.232578	0.605921	0.044333	0.0336707
4316	5.37342e-06	0.000641232	0.0018613	0.944655	0.000342998	0.0524939
4317	2.164e-05	0.00257954	0.00726147	0.936704	0.00138115	0.0520521
4318	1.04044e-05	0.00124085	0.0103346	0.93575	0.000664859	0.0519991
4319	0.000255824	0.0305065	0.254108	0.662013	0.016329	0.0367876
4320	4.53282e-06	0.000540281	0.00152234	0.945124	0.00028925	0.05252
4321	7.81165e-05	0.00934002	0.77218	0.202147	0.00502192	0.0112332
4322	3.63058e-05	0.00432801	0.0122492	0.929422	0.0023167	0.0516474
4323	1.17469e-05	0.00140026	0.986857	0.0104028	0.000749887	0.000578076
4324	3.43398e-06	0.000409339	0.00114982	0.945668	0.000219372	0.0525502
4325	4.18002e-07	4.98242e-05	0.99953	0.000372286	2.66739e-05	2.06877e-05
4326	2.14629e-05	0.00255805	0.00713645	0.936854	0.00136954	0.0520604
4327	0.000255824	0.0304994	0.254108	0.662011	0.016339	0.0367875
4328	2.76777e-11	1	2.7492e-08	7.16232e-08	1.76652e-09	3.98006e-09
4329	1.06335e-10	1.26836e-08	1	2.7517e-07	6.78865e-09	1.5291e-08
4330	1.11189e-07	1.33342e-05	0.000110444	0.947232	7.09825e-06	0.0526371
4331	0.000255823	0.0305121	0.254107	0.662009	0.0163282	0.0367875
4332	7.47112e-06	0.000892568	0.00742101	0.939021	0.000477217	0.0521808
4333	0.000695618	0.08291	0.232535	0.605808	0.0443877	0.0336644
4334	0.000699076	0.0833257	0.23236	0.605353	0.0446225	0.0336391
4335	3.23935e-06	0.000386069	0.00108107	0.945376	0.000620088	0.052534
4336	1.91979e-06	0.000228943	0.00190691	0.945215	0.000122626	0.052525
4337	0.00025583	0.0304901	0.254114	0.662027	0.0163252	0.0367884
4338	1.06917e-08	1.27448e-06	0.999969	2.76677e-05	6.82387e-07	1.53748e-06
4339	7.67855e-07	9.15269e-05	0.999123	0.00069737	4.89999e-05	3.87524e-05
4340	0.000255795	0.0305842	0.254079	0.661936	0.0163616	0.0367834
4341	6.35123e-08	7.5716e-06	2.1159e-05	0.947325	4.05288e-06	0.0526423
4342	0.000255816	0.0305324	0.2541	0.66199	0.0163357	0.0367864
4343	6.35188e-06	0.000757045	0.00213327	0.944228	0.000405327	0.0524702
4344	1.38083e-05	0.00164615	0.00464693	0.940546	0.000881149	0.0522656
4345	8.06158e-14	9.60959e-12	1	2.08615e-10	5.14461e-12	1.15926e-11
4346	7.77729e-08	9.27675e-06	0.999913	6.92669e-05	4.96459e-06	3.84912e-06
4347	2.8283e-08	3.37269e-06	9.66889e-06	0.947342	1.80532e-06	0.0526432
4348	6.37777e-08	7.60324e-06	6.335e-05	0.947285	4.07267e-06	0.05264
4349	3.36936e-06	0.000401631	0.00334676	0.943597	0.00021569	0.0524351
4350	0.000255755	0.0305455	0.25404	0.661834	0.0165478	0.0367777
4351	0.000253459	0.0308944	0.251759	0.655892	0.0247541	0.0364475
4352	3.16984e-08	3.7827e-06	3.14858e-05	0.947321	2.02434e-06	0.052642
4353	3.36936e-06	0.000401898	0.00334677	0.943598	0.000215045	0.0524352
4354	5.48693e-07	6.54123e-05	0.999386	0.000485908	3.50143e-05	2.70016e-05
4355	1.08502e-09	1.29462e-07	1.07774e-06	0.947355	6.92538e-08	0.0526439
4356	1.15138e-08	1.37254e-06	3.98827e-06	0.94735	7.3589e-07	0.0526437
4357	5.37341e-06	0.000642473	0.00186129	0.944653	0.00034398	0.0524938
4358	1.91739e-07	2.28592e-05	0.000190453	0.947142	1.22382e-05	0.0526321
4359	4.86366e-05	0.00579719	0.944721	0.043891	0.0031036	0.00243899
4360	2.65081e-07	3.15953e-05	8.99027e-05	0.947225	1.69504e-05	0.0526367
4361	0.0002557	0.0304953	0.253985	0.661692	0.0168023	0.0367698
4362	1.99096e-06	0.000237342	0.000683105	0.946361	0.000127994	0.0525887
4363	4.0911e-08	4.88939e-06	4.06366e-05	0.94731	2.62413e-06	0.0526415
4364	2.27236e-05	0.0027092	0.974624	0.0200779	0.00145006	0.00111572
4365	0.000573927	0.0684395	0.196204	0.661018	0.0370327	0.0367324
4366	1.14724e-07	1.36747e-05	0.000113954	0.947228	7.32198e-06	0.0526369
4367	7.13126e-06	0.000850132	0.00245734	0.943785	0.000455193	0.0524455
4368	1.20718e-06	0.000143992	0.99648	0.00312389	7.74314e-05	0.000173593
4369	4.22655e-06	0.000503788	0.0014449	0.94525	0.000269739	0.052527
4370	1.13772e-06	0.00013561	0.998735	0.00100003	7.26039e-05	5.55709e-05
4371	1.24737e-05	0.00148675	0.00421487	0.941159	0.000827722	0.0522996
4372	1.75094e-08	2.08707e-06	1.7392e-05	0.947336	1.11764e-06	0.0526429
4373	5.23892e-12	6.24847e-10	5.20378e-09	0.947356	4.31204e-10	0.052644
4374	1.58009e-13	1	1.56949e-10	4.08889e-10	1.00881e-11	2.27217e-11
4375	4.72462e-07	5.63186e-05	0.000161517	0.947121	3.01548e-05	0.0526309
4376	3.56309e-11	4.24691e-09	3.53919e-08	0.947356	2.27374e-09	0.052644
4377	5.97074e-07	7.11606e-05	0.998259	0.00154509	3.81479e-05	8.58594e-05
4378	0.000278824	0.033246	0.0972	0.806504	0.0179538	0.044817
4379	0.000255579	0.0311528	0.253865	0.661378	0.0165967	0.0367524
4380	0.000699249	0.083338	0.232224	0.605	0.0451192	0.0336195
4381	1.41328e-05	0.00168629	0.00492679	0.940223	0.00090248	0.0522476
4382	9.69125e-10	1.1569e-07	0.999997	2.50786e-06	6.1846e-08	1.39361e-07
4383	9.5455e-06	0.152201	0.00948148	0.793599	0.000609252	0.0440998
4384	0.000687568	0.082692	0.232731	0.606319	0.0438778	0.0336928
4385	0.00067737	0.0807614	0.233414	0.608098	0.0432585	0.0337916
4386	0.00068808	0.0820133	0.232904	0.60677	0.0439062	0.0337179
4387	0.000255827	0.0304961	0.254111	0.66202	0.0163281	0.0367881
4388	8.94008e-11	1.07744e-08	1	2.31348e-07	5.70544e-09	1.28559e-08
4389	0.000692191	0.0825258	0.232695	0.606227	0.0441722	0.0336877
4390	4.40143e-07	5.24578e-05	0.000146839	0.94714	2.80896e-05	0.052632
4391	4.31911e-07	5.15284e-05	0.999513	0.000386069	2.78112e-05	2.14536e-05
4392	0.000255823	0.0305121	0.254107	0.662009	0.0163289	0.0367874
4393	4.18042e-06	0.000498737	0.987811	0.0108179	0.000266875	0.000601146
4394	1.33238e-06	0.000158844	0.000448928	0.946698	8.50521e-05	0.0526075
4395	0.000255827	0.0305017	0.254111	0.662019	0.0163248	0.036788
4396	0.000255824	0.030505	0.254108	0.662013	0.0163304	0.0367876
4397	1.11189e-07	1.32524e-05	0.000110444	0.947232	7.0971e-06	0.0526371
4398	1.17992e-10	1.40644e-08	1.172e-07	0.947356	7.5317e-09	0.052644
4399	0.000700451	0.0834808	0.232298	0.605192	0.0446978	0.0336302
4400	0.000677303	0.0807264	0.23339	0.608037	0.0433808	0.0337882
4401	1.16901e-05	0.00139335	0.00393882	0.941586	0.00074656	0.0523234
4402	4.60852e-08	5.493e-06	1.55278e-05	0.947333	2.94248e-06	0.0526427
4403	4.65271e-11	1	1.56767e-08	4.08414e-08	2.96949e-09	2.26953e-09
4404	2.37286e-05	0.00283397	0.0081766	0.935468	0.00151451	0.0519834
4405	9.65562e-07	0.00011508	0.000325332	0.946879	6.1617e-05	0.0526175
4406	1.99064e-05	0.00237392	0.94196	0.0515129	0.00127067	0.00286254
4407	1.1353e-11	1.35342e-09	1.12769e-08	0.947356	7.24541e-10	0.052644
4408	0.000255779	0.0306431	0.254064	0.661896	0.0163606	0.0367811
4409	9.78478e-07	0.000116624	0.000326799	0.946876	6.24829e-05	0.0526173
4410	0.000689098	0.082157	0.232847	0.606622	0.0439754	0.0337096
4411	2.73833e-08	3.26485e-06	2.71997e-05	0.947325	1.74749e-06	0.0526423
4412	3.03642e-08	3.61887e-06	1.01503e-05	0.947341	1.93751e-06	0.0526432
4413	0.000699502	0.0833697	0.232345	0.605314	0.0446345	0.0336369
4414	2.79423e-07	3.3313e-05	9.74089e-05	0.947215	1.78326e-05	0.0526362
4415	0.00025582	0.0305202	0.254104	0.662001	0.0163314	0.036787
4416	1.09597e-07	1.3064e-05	3.77659e-05	0.947301	6.99379e-06	0.052641
4417	7.58517e-08	9.04515e-06	2.57835e-05	0.947318	4.84023e-06	0.0526419
4418	4.98115e-12	5.93732e-10	4.94774e-09	0.947356	3.17876e-10	0.052644
4419	7.4711e-06	0.000890763	0.00742099	0.939019	0.000481073	0.0521807
4420	0.00025583	0.0304911	0.254114	0.662027	0.0163242	0.0367884
4421	4.45241e-09	0.999983	4.42254e-06	1.15218e-05	2.84265e-07	6.40258e-07
4422	2.59694e-05	0.0030954	0.0257953	0.915252	0.00497116	0.05086
4423	1.47862e-08	1.76278e-06	5.15459e-06	0.947349	9.44082e-07	0.0526436
4424	0.000696161	0.0829728	0.232508	0.605739	0.0444225	0.0336606
4425	1.03569e-09	0.999999	3.54063e-07	9.22418e-07	6.61477e-08	5.12582e-08
4426	2.66042e-10	0.999999	2.64258e-07	6.88453e-07	1.70037e-08	3.82569e-08
4427	0.000255829	0.0304922	0.254113	0.662025	0.0163261	0.0367883
4428	5.21099e-06	0.000621624	0.984806	0.0134848	0.000332892	0.000749343
4429	0.000699091	0.0833212	0.232365	0.605367	0.044608	0.0336399
4430	8.28051e-15	1	8.22497e-12	2.1428e-11	5.28457e-13	1.19074e-12
4431	4.81666e-08	5.74445e-06	1.67912e-05	0.947332	3.0834e-06	0.0526427
4432	9.60823e-08	1.14515e-05	3.23002e-05	0.947309	6.15801e-06	0.0526414
4433	2.16816e-08	2.58562e-06	7.55835e-06	0.947345	1.38355e-06	0.0526434
4434	2.16816e-08	2.58431e-06	7.55835e-06	0.947345	1.3835e-06	0.0526434
4435	1.02151e-08	1.2176e-06	3.47232e-06	0.947351	6.51847e-07	0.0526437
4436	3.52673e-08	4.20345e-06	1.18988e-05	0.947339	2.25127e-06	0.052643
4437	0.000693219	0.082738	0.232615	0.606017	0.0442612	0.033676
4438	6.01633e-06	0.000717475	0.993125	0.00546406	0.000384135	0.000303635
4439	5.40177e-06	0.00064385	0.00185336	0.944659	0.000344724	0.0524941
4440	2.51416e-07	2.99675e-05	8.51004e-05	0.947232	1.6049e-05	0.0526371
4441	3.27498e-07	3.90581e-05	0.000325302	0.946991	2.0948e-05	0.0526237
4442	0.000484684	0.0577653	0.466973	0.420483	0.0309285	0.023366
4443	0.000241126	0.0862108	0.239509	0.623977	0.0153887	0.034674
4444	5.58438e-08	6.65792e-06	1.89825e-05	0.947328	3.56794e-06	0.0526425
4445	3.26943e-06	0.000389673	0.00109804	0.945746	0.000208664	0.0525545
4446	1.79532e-06	0.000214069	0.997959	0.00162015	0.000114581	9.00306e-05
4447	0.000255822	0.0305034	0.254107	0.662008	0.0163389	0.0367874
4448	0.000637975	0.0761754	0.2147	0.632584	0.0407506	0.0351523
4449	3.94276e-08	4.69894e-06	1.32302e-05	0.947337	2.51593e-06	0.0526429
4450	1.24984e-06	0.000148976	0.000428823	0.946732	7.97681e-05	0.0526093
4451	1.82318e-08	2.17286e-06	6.09461e-06	0.947347	1.16334e-06	0.0526435
4452	6.9702e-14	8.3082e-12	1	1.80372e-10	4.4481e-12	1.00232e-11
4453	1.27832e-06	0.998272	0.000438596	0.00114265	8.23127e-05	6.34961e-05
4454	0.000255822	0.0304938	0.254106	0.662006	0.0163505	0.0367873
4455	1.18371e-23	1.41307e-21	4.02369e-21	1.04827e-20	1	5.82515e-22
4456	2.26405e-06	0.000269874	0.000761927	0.946239	0.00014449	0.052582
4457	5.6616e-08	6.7502e-06	1.92014e-05	0.947328	3.61288e-06	0.0526424
4458	1.83433e-07	2.18696e-05	0.000182202	0.947151	1.17086e-05	0.0526326
4459	0.00068689	0.0818731	0.23296	0.606915	0.0438398	0.0337259
4460	1.83433e-07	2.18689e-05	0.000182202	0.947151	1.17127e-05	0.0526326
4461	1.83949e-05	0.00219484	0.0182715	0.926837	0.00117437	0.0515038
4462	6.35253e-07	7.57236e-05	0.999284	0.000567829	4.06331e-05	3.15539e-05
4463	1.54247e-06	0.000183853	0.000515164	0.946599	9.84794e-05	0.0526019
4464	2.43134e-06	0.000290381	0.000837809	0.946138	0.000155301	0.0525763
4465	0.000690835	0.0823417	0.232767	0.606413	0.0440897	0.033698
4466	7.31754e-06	0.000876664	0.00255095	0.943658	0.000468228	0.0524385
4467	1.97067e-08	2.34898e-06	0.999943	5.09962e-05	1.25793e-06	2.83383e-06
4468	2.71201e-07	3.23214e-05	9.00892e-05	0.947223	1.73052e-05	0.0526366
4469	3.52696e-06	0.000420662	0.00119617	0.945607	0.000225529	0.0525468
4470	0.00069458	0.0828428	0.23257	0.6059	0.0443226	0.0336695
4471	0.000689085	0.0821327	0.232843	0.606611	0.0440153	0.033709
4472	3.15801e-08	1.1291e-05	0.9999	8.17217e-05	2.01605e-06	4.54122e-06
4473	4.8998e-07	5.84632e-05	0.000486694	0.946809	3.17025e-05	0.0526136
4474	0.000685523	0.0817244	0.233023	0.607081	0.0437507	0.0337351
4475	1.99369e-06	0.00023783	0.000674835	0.946369	0.00012723	0.0525892
4476	5.94329e-07	7.11453e-05	0.998267	0.00153798	3.79857e-05	8.54648e-05
4477	0.000255809	0.0305613	0.254093	0.661973	0.0163314	0.0367854
4478	0.000255822	0.0305145	0.254107	0.662008	0.0163281	0.0367874
4479	6.33776e-07	7.55382e-05	0.000216	0.947041	4.04432e-05	0.0526265
4480	4.87183e-06	0.00058077	0.994462	0.00439647	0.000311318	0.000244309
4481	0.000255825	0.0305025	0.254109	0.662014	0.016331	0.0367877
4482	0.000255745	0.0307579	0.25403	0.661808	0.0163716	0.0367763
4483	8.69467e-07	0.000103668	0.000863635	0.946386	5.54876e-05	0.0525901
4484	0.000255804	0.0305151	0.254089	0.661961	0.0163947	0.0367848
4485	8.46745e-09	1.00917e-06	2.8947e-06	0.947352	5.40348e-07	0.0526438
4486	2.51416e-07	2.99648e-05	8.51004e-05	0.947232	1.60445e-05	0.0526371
4487	2.15815e-05	0.97159	0.0072024	0.018764	0.00137909	0.0010427
4488	7.55087e-08	9.02822e-06	2.58135e-05	0.947318	4.81933e-06	0.0526419
4489	3.46942e-06	0.000413582	0.996034	0.00315095	0.000222537	0.000175096
4490	1.40608e-08	1.67602e-06	4.82428e-06	0.947349	8.97279e-07	0.0526436
4491	0.000255826	0.0305005	0.25411	0.662016	0.0163305	0.0367878
4492	6.72042e-09	0.999975	6.67535e-06	1.73909e-05	4.28969e-07	9.664e-07
4493	1.31043e-08	1.5624e-06	1.30164e-05	0.947341	8.36873e-07	0.0526432
4494	0.000255827	0.0305007	0.254111	0.662019	0.0163256	0.036788
4495	1.55689e-06	0.00885474	0.986792	0.00402885	9.93472e-05	0.000223881
4496	1.11036e-12	1	3.71568e-10	9.68022e-10	7.08664e-11	5.37924e-11
4497	0.000255817	0.0305277	0.254102	0.661995	0.0163336	0.0367866
4498	0.000634863	0.0756805	0.213908	0.557281	0.121528	0.0309678
4499	0.000255768	0.0307111	0.254053	0.661867	0.016334	0.0367796
4500	8.06807e-09	9.61709e-07	2.71517e-06	0.947352	5.14964e-07	0.0526438
4501	0.000255826	0.030495	0.25411	0.662016	0.0163352	0.0367878
4502	2.19224e-07	2.61337e-05	7.49443e-05	0.947247	1.39903e-05	0.0526379
4503	0.000255801	0.030585	0.254086	0.661953	0.0163361	0.0367843
4504	8.33741e-07	9.93777e-05	0.000283406	0.946942	5.32144e-05	0.052621
4505	1.85368e-05	0.00221018	0.00642095	0.938041	0.00118309	0.0521264
4506	0.000255829	0.0304935	0.254113	0.662025	0.0163245	0.0367883
4507	2.83231e-08	3.37563e-06	9.4836e-06	0.947342	1.80729e-06	0.0526432
4508	5.58438e-08	6.65566e-06	1.89825e-05	0.947328	3.56338e-06	0.0526425
4509	0.000255558	0.0311502	0.253844	0.661323	0.0166778	0.0367493
4510	0.000255805	0.0305436	0.25409	0.661964	0.0163623	0.0367849
4511	5.34997e-15	1	1.78611e-12	4.65323e-12	3.41513e-13	2.58577e-13
4512	7.97945e-06	0.000951118	0.00266617	0.943439	0.000509185	0.0524263
4513	2.58657e-08	3.08526e-06	2.56922e-05	0.947327	1.65286e-06	0.0526424
4514	4.09213e-07	4.88331e-05	0.000141747	0.94715	2.61294e-05	0.0526326
4515	4.08556e-07	4.87008e-05	0.000136718	0.947155	2.60719e-05	0.0526328
4516	0.000695515	0.0830458	0.2325	0.605718	0.0443807	0.0336594
4517	1.06784e-07	1.2727e-05	3.56644e-05	0.947304	6.81628e-06	0.0526411
4518	1.53278e-06	0.00235923	0.0015225	0.943584	9.79061e-05	0.0524344
4519	7.67855e-07	9.16186e-05	0.999122	0.00069737	4.90239e-05	3.87524e-05
4520	7.00526e-05	0.00834912	0.922931	0.0608007	0.00447025	0.00337866
4521	1.04619e-07	1.24829e-05	0.000103918	0.947239	6.67775e-06	0.0526375
4522	0.000255823	0.0304943	0.254107	0.662008	0.0163475	0.0367874
4523	1.42656e-10	1.70067e-08	1.41699e-07	0.947356	9.1043e-09	0.052644
4524	1.06619e-07	1.27084e-05	3.6449e-05	0.947303	6.80713e-06	0.0526411
4525	0.000255828	0.0304945	0.254112	0.662021	0.0163285	0.0367881
4526	5.52137e-05	0.00658061	0.0183988	0.920302	0.00352317	0.0511406
4527	0.000255807	0.0305611	0.254092	0.661968	0.016338	0.0367852
4528	0.000670098	0.0800853	0.233601	0.608586	0.0432382	0.0338188
4529	1.13796e-07	1.36221e-05	0.000113033	0.947229	7.26532e-06	0.0526369
4530	0.000685521	0.0817242	0.233023	0.607079	0.0437533	0.033735
4531	8.80685e-06	0.0010501	0.0030015	0.942977	0.000562047	0.0524007
4532	0.000255807	0.030561	0.254091	0.661967	0.0163396	0.0367851
4533	4.29268e-06	0.000511845	0.987484	0.0111084	0.000274309	0.000617289
4534	0.000255734	0.0308205	0.254018	0.661778	0.0163527	0.0367746
4535	3.26109e-06	0.000388812	0.996382	0.00285915	0.000208103	0.000158881
4536	1.79539e-06	0.000213976	0.00059609	0.109546	0.883555	0.00608741
4537	2.00593e-07	2.39734e-05	0.000199248	0.947132	1.28011e-05	0.0526316
4538	1.52726e-08	1.82405e-06	5.22114e-06	0.947348	9.74837e-07	0.0526436
4539	1.26965e-14	1.51352e-12	1.26113e-11	0.947356	8.10448e-13	0.052644
4540	1.06656e-06	0.000127422	0.000369447	0.94682	6.80682e-05	0.0526142
4541	2.53055e-10	3.01605e-08	2.51358e-07	0.947356	1.61564e-08	0.052644
4542	2.45394e-13	2.92764e-11	2.43748e-10	6.35022e-10	1	3.52878e-11
4543	3.64419e-07	4.34331e-05	0.000122639	0.947176	2.3254e-05	0.052634
4544	0.00025575	0.0307584	0.254035	0.66182	0.0163537	0.036777
4545	1.40367e-06	0.000167318	0.000470641	0.946665	8.95704e-05	0.0526056
4546	1.71644e-07	2.04641e-05	0.999811	0.00014935	1.09527e-05	8.2993e-06
4547	8.97751e-16	1	3.0101e-13	7.84203e-13	5.72945e-14	4.35777e-14
4548	4.98115e-12	5.9384e-10	4.94774e-09	0.947356	3.17893e-10	0.052644
4549	7.73217e-06	0.567024	0.00258141	0.407262	0.000493447	0.0226313
4550	5.2292e-07	6.23371e-05	0.000177349	0.947097	3.33815e-05	0.0526296
4551	1.24984e-06	0.000148984	0.000428823	0.946732	7.97566e-05	0.0526093
4552	1.13796e-07	1.35641e-05	0.000113033	0.947229	7.28146e-06	0.0526369
4553	0.000255819	0.0305018	0.254103	0.661999	0.0163539	0.0367869
4554	1.22894e-06	0.000146557	0.000417743	0.946746	7.8449e-05	0.0526101
4555	5.40955e-06	0.000644859	0.00184365	0.944666	0.000345213	0.0524945
4556	3.74748e-08	4.46804e-06	1.28577e-05	0.947337	2.39432e-06	0.052643
4557	6.21093e-08	0.999919	2.06355e-05	5.37605e-05	3.98248e-06	2.98744e-06
4558	1.1505e-07	1.37124e-05	3.85479e-05	0.947299	7.34278e-06	0.0526409
4559	1.15648e-05	0.00137859	0.00387232	0.941671	0.000738211	0.0523281
4560	5.43718e-05	0.00648022	0.0180837	0.920612	0.0036115	0.0511579
4561	3.05539e-07	3.6448e-05	0.999109	0.000790663	1.95054e-05	4.39367e-05
4562	1.0058e-05	0.00120068	0.00336997	0.942408	0.000642722	0.052369
4563	6.14545e-07	7.32439e-05	0.000207656	0.947052	3.92178e-05	0.0526271
4564	3.65174e-06	0.000435291	0.995944	0.00320549	0.000233057	0.000178127
4565	5.28895e-06	0.000630637	0.00525348	0.941457	0.000337566	0.0523162
4566	6.37777e-08	7.60435e-06	6.335e-05	0.947285	4.07035e-06	0.05264
4567	6.2857e-09	7.50947e-07	0.999982	1.62659e-05	4.01232e-07	9.03886e-07
4568	0.000597083	0.213478	0.199418	0.519531	0.0381064	0.02887
4569	3.91165e-09	4.66378e-07	3.88541e-06	0.947352	2.49665e-07	0.0526438
4570	0.000670375	0.0801536	0.233698	0.608837	0.0428083	0.0338327
4571	0.000688036	0.0820469	0.232889	0.606732	0.0439278	0.0337157
4572	4.72462e-07	5.63104e-05	0.000161517	0.947121	3.0163e-05	0.0526309
4573	0.000695622	0.0829051	0.232536	0.605811	0.0443876	0.0336646
4574	2.80723e-07	3.34601e-05	9.54236e-05	0.947216	1.83201e-05	0.0526362
4575	1.96803e-08	2.34624e-06	1.95483e-05	0.947334	1.25621e-06	0.0526428
4576	4.56221e-06	0.000545242	0.99487	0.00406324	0.000291486	0.000225792
4577	1.75313e-07	2.12634e-05	0.999488	0.000453668	1.11888e-05	2.521e-05
4578	3.888e-09	4.63405e-07	3.86192e-06	0.947352	2.49386e-07	0.0526438
4579	0.000131654	0.0156916	0.0442583	0.882479	0.00840102	0.0490388
4580	9.57404e-05	0.0114128	0.0319897	0.90036	0.00610964	0.0500324
4581	2.0588e-06	0.000245824	0.00204499	0.945058	0.000132355	0.0525163
4582	1.98598e-09	2.3671e-07	1.97266e-06	0.947354	1.49141e-07	0.0526439
4583	0.000679938	0.0810649	0.233288	0.607771	0.0434225	0.0337735
4584	0.000255827	0.0305007	0.254111	0.662019	0.016325	0.036788
4585	5.12013e-08	6.1068e-06	5.08579e-05	0.947299	3.27048e-06	0.0526408
4586	0.00025582	0.0305169	0.254104	0.662	0.0163359	0.036787
4587	0.000252211	0.030068	0.25052	0.652663	0.0302295	0.0362681
4588	5.20807e-07	6.20719e-05	0.00017869	0.947096	3.326e-05	0.0526295
4589	0.000255824	0.0305081	0.254108	0.662011	0.0163294	0.0367876
4590	6.33776e-07	7.55486e-05	0.000216	0.947041	4.04453e-05	0.0526265
4591	1.67498e-06	0.000199624	0.998151	0.00145946	0.000106879	8.11015e-05
4592	3.70623e-06	0.000441859	0.00368137	0.943222	0.000236735	0.0524143
4593	0.000255803	0.0305852	0.254088	0.661958	0.0163286	0.0367846
4594	1.14724e-07	1.36749e-05	0.000113954	0.947228	7.3212e-06	0.0526369
4595	5.2292e-07	6.23269e-05	0.000177349	0.947097	3.33815e-05	0.0526296
4596	5.82567e-09	6.94402e-07	2.01795e-06	0.947353	3.7181e-07	0.0526438
4597	4.8998e-07	5.84142e-05	0.000486694	0.946809	3.12846e-05	0.0526136
4598	5.39739e-08	6.43341e-06	1.84516e-05	0.947329	3.44412e-06	0.0526425
4599	3.43398e-06	0.000409304	0.00114982	0.945668	0.000219126	0.0525502
4600	2.60557e-05	0.00310693	0.0258809	0.918292	0.001665	0.0510289
4601	1.6895e-07	2.01414e-05	5.85227e-05	0.947271	1.07826e-05	0.0526393
4602	0.000693773	0.0827017	0.232618	0.606024	0.0442866	0.0336764
4603	3.96147e-07	4.72423e-05	0.00039349	0.946914	2.53012e-05	0.0526194
4604	9.26165e-06	0.00110381	0.989615	0.00822343	0.000591213	0.000456971
4605	1.83433e-07	2.18628e-05	0.000182202	0.947151	1.17055e-05	0.0526326
4606	0.000697692	0.0831525	0.232435	0.605547	0.0445187	0.0336499
4607	0.000239608	0.0919454	0.238001	0.620049	0.0153089	0.0344558
4608	8.3004e-05	0.00989338	0.0276744	0.906665	0.00530132	0.0503828
4609	2.04864e-08	2.45989e-06	2.0349e-05	5.3014e-05	0.999921	2.94596e-06
4610	0.000683942	0.0815423	0.233097	0.607273	0.0436577	0.0337458
4611	1.06656e-06	0.000127278	0.000369447	0.94682	6.83127e-05	0.0526142
4612	5.28895e-06	0.000630865	0.00525347	0.941456	0.000337918	0.0523162
4613	6.15541e-07	7.33594e-05	0.000204354	0.947055	3.92778e-05	0.0526273
4614	1.27724e-09	1.52229e-07	1.26867e-06	3.30518e-06	0.999995	1.83667e-07
4615	3.10234e-20	1	3.08154e-17	8.02813e-17	1.97997e-18	4.46118e-18
4616	3.6221e-09	4.31854e-07	1.21447e-06	3.16397e-06	0.999995	1.7582e-07
4617	2.93661e-06	0.000351117	0.000993997	0.945901	0.000187499	0.0525632
4618	1.86598e-08	2.22416e-06	6.32851e-06	0.947347	1.19089e-06	0.0526435
4619	8.9861e-07	0.000107143	0.99738	0.00232539	5.73526e-05	0.00012922
4620	6.98711e-07	8.32726e-05	0.000233953	0.947013	4.45842e-05	0.0526249
4621	0.000698604	0.0833963	0.232351	0.605328	0.0445883	0.0336377
4622	0.000255818	0.03052	0.254103	0.661998	0.0163372	0.0367868
4623	1.57059e-09	1.87399e-07	1.56005e-06	4.06431e-06	0.999994	2.25851e-07
4624	1.50251e-05	0.00179106	0.00501435	0.939986	0.000959017	0.0522345
4625	1.15468e-07	0.999562	0.000114694	0.000298804	7.38577e-06	1.66044e-05
4626	4.44555e-07	5.29825e-05	0.99951	0.000387159	2.8367e-05	2.15142e-05
4627	2.81632e-05	0.00335671	0.00943621	0.933507	0.00179736	0.0518744
4628	0.000698863	0.0833041	0.232374	0.605388	0.0445943	0.0336411
4629	0.000255829	0.0304911	0.254113	0.662026	0.0163257	0.0367884
4630	0.000694983	0.0828322	0.232566	0.605891	0.0443469	0.033669
4631	0.000145018	0.0172978	0.0494242	0.87524	0.00925636	0.0486366
4632	1.9937e-06	0.000237696	0.000674835	0.946369	0.000127224	0.0525892
4633	2.30876e-09	2.75443e-07	2.29328e-06	0.947353	1.47384e-07	0.0526439
4634	1.07685e-06	0.000128368	0.000368133	0.94682	6.87253e-05	0.0526142
4635	3.06192e-06	0.000365055	0.00103306	0.945843	0.000195662	0.0525599
4636	1.71895e-07	2.04874e-05	5.79955e-05	0.947271	1.09786e-05	0.0526393
4637	0.000255824	0.0305081	0.254108	0.662011	0.016329	0.0367876
4638	1.10086e-05	0.00131204	0.00367149	0.941959	0.000702572	0.0523441
4639	1.14134e-07	1.3608e-05	0.000113369	0.947229	7.2857e-06	0.0526369
4640	2.66708e-09	3.17962e-07	9.19043e-07	0.947355	1.70659e-07	0.0526439
4641	0.000255518	0.031669	0.253804	0.661219	0.0163084	0.0367436
4642	1.91493e-07	2.28246e-05	6.49451e-05	0.947261	1.22194e-05	0.0526387
4643	6.61475e-10	7.88402e-08	2.29128e-07	0.947356	4.22133e-08	0.052644
4644	1.85666e-13	1	1.84421e-10	4.80459e-10	1.18484e-11	2.66988e-11
4645	0.000698373	0.0832467	0.232382	0.60541	0.0446201	0.0336423
4646	1.19551e-06	0.995469	0.00118749	0.00309369	7.63631e-05	0.000171915
4647	7.74912e-07	9.24399e-05	0.000769715	0.946491	5.00013e-05	0.0525959
4648	1.48492e-09	1.7698e-07	5.11685e-07	0.947355	9.4823e-08	0.052644
4649	0.00069809	0.0831988	0.232415	0.605497	0.0445443	0.0336471
4650	5.7333e-07	6.83375e-05	0.000569485	0.946717	3.65942e-05	0.0526085
4651	0.000683804	0.08158	0.23305	0.60715	0.0437971	0.033739
4652	4.34361e-08	5.17862e-06	4.31447e-05	0.947308	2.77198e-06	0.0526413
4653	1.99626e-07	2.38418e-05	6.78569e-05	0.947257	1.27422e-05	0.0526385
4654	2.72289e-09	0.99999	2.70463e-06	7.0462e-06	1.74068e-07	3.91553e-07
4655	1.87751e-05	0.00223817	0.00630559	0.938109	0.00119836	0.0521301
4656	5.37342e-06	0.000640509	0.0018613	0.944656	0.000342898	0.052494
4657	1.25013e-34	1.48995e-32	4.16127e-32	1.08411e-31	1	6.02433e-33
4658	0.000253425	0.0395948	0.251726	0.655804	0.0161792	0.0364427
4659	2.52883e-05	0.00301419	0.00846238	0.93017	0.00663948	0.051689
4660	1.40755e-07	1.67831e-05	0.99959	0.00036424	8.98701e-06	2.02406e-05
4661	0.000143283	0.0170923	0.836257	0.13013	0.00914637	0.00723124
4662	0.000685516	0.0817174	0.233021	0.607074	0.0437669	0.0337348
4663	0.000255822	0.0305145	0.254106	0.662007	0.0163285	0.0367874
4664	7.28484e-07	8.68527e-05	0.999186	0.000643666	4.64896e-05	3.57681e-05
4665	1.13416e-08	1.35196e-06	1.12655e-05	0.947343	7.23792e-07	0.0526433
4666	0.000693678	0.0827008	0.232586	0.605942	0.044406	0.0336718
4667	1.06657e-06	0.000127143	0.000369447	0.94682	6.80638e-05	0.0526142
4668	0.000681842	0.0816867	0.233096	0.60727	0.0435203	0.0337456
4669	2.17647e-06	0.000259414	0.000741772	0.946274	0.000138995	0.0525839
4670	8.15303e-08	9.71708e-06	0.999909	7.23908e-05	5.2028e-06	4.02272e-06
4671	4.52379e-07	5.39192e-05	0.000157703	0.947128	2.88682e-05	0.0526313
4672	0.000101271	0.616211	0.100591	0.262065	0.00646866	0.0145628
4673	1.66607e-06	0.00019858	0.000569565	0.946523	0.000109479	0.0525977
4674	1.99369e-06	0.000237642	0.000674833	0.946366	0.000130109	0.052589
4675	3.36935e-06	0.000406067	0.00334675	0.943593	0.000215395	0.0524349
4676	4.0222e-08	4.79439e-06	1.37082e-05	0.947336	2.56984e-06	0.0526429
4677	0.000255802	0.0305851	0.254087	0.661956	0.0163318	0.0367845
4678	0.000696113	0.0829795	0.232493	0.605698	0.0444757	0.0336583
4679	2.0437e-05	0.00243735	0.00698662	0.937172	0.00130596	0.0520781
4680	1.83718e-08	2.19121e-06	6.11218e-06	1.59237e-05	0.999975	8.84869e-07
4681	5.40954e-06	0.000645045	0.00184365	0.944665	0.000345908	0.0524945
4682	5.05759e-07	6.03754e-05	0.000502367	0.946792	3.22794e-05	0.0526127
4683	5.40585e-06	0.000644355	0.0018334	0.944677	0.000345157	0.0524951
4684	3.27823e-09	3.90709e-07	1.10772e-06	0.947354	2.09183e-07	0.0526439
4685	2.23806e-05	0.00266981	0.0222305	0.0579158	0.913943	0.00321835
4686	4.0404e-06	0.000481551	0.00135065	0.945372	0.000257822	0.0525338
4687	0.000255827	0.0304999	0.254111	0.66202	0.0163244	0.0367881
4688	2.69429e-07	3.21111e-05	0.999701	0.000236504	1.71983e-05	1.31424e-05
4689	5.85913e-08	6.98728e-06	5.81983e-05	0.947291	3.73973e-06	0.0526404
4690	0.000683555	0.0820773	0.232965	0.606929	0.0436182	0.0337267
4691	0.000681902	0.0812927	0.233116	0.607323	0.0438379	0.0337486
4692	9.17551e-05	0.0109707	0.895643	0.0828022	0.00589128	0.00460127
4693	5.07025e-10	6.04394e-08	5.03624e-07	0.947355	3.23657e-08	0.052644
4694	5.72697e-09	6.82839e-07	5.68856e-06	0.94735	3.6581e-07	0.0526436
4695	4.04376e-06	0.000481974	0.995422	0.00363022	0.000259636	0.000201729
4696	1.53612e-06	0.000183312	0.00152582	0.945642	9.87535e-05	0.0525487
4697	1.40368e-05	0.00167386	0.959074	0.0363239	0.000895866	0.0020185
4698	1.21823e-05	0.00145201	0.00408465	0.941362	0.000778063	0.0523109
4699	2.44859e-07	2.9194e-05	8.43753e-05	0.947233	1.56262e-05	0.0526372
4700	7.07843e-07	8.44088e-05	0.000241985	0.947003	4.52507e-05	0.0526244
4701	2.18993e-05	0.00261028	0.00742716	0.936479	0.00142209	0.0520396
4702	0.000674198	0.0804437	0.233535	0.608414	0.0431242	0.0338092
4703	5.0576e-07	6.03179e-05	0.000502367	0.946792	3.22903e-05	0.0526127
4704	2.43133e-06	0.000289845	0.000837808	0.946138	0.000156108	0.0525763
4705	3.70623e-06	0.00044196	0.00368137	0.943221	0.000238265	0.0524142
4706	0.000255829	0.0304901	0.254113	0.662025	0.0163268	0.0367884
4707	0.000694794	0.0830733	0.232503	0.605726	0.0443424	0.0336598
4708	1.78941e-06	0.000213395	0.998029	0.00155526	0.000114187	8.6425e-05
4709	0.000255809	0.0304985	0.254093	0.661972	0.016395	0.0367854
4710	0.000694959	0.0828311	0.232558	0.60587	0.0443782	0.0336678
4711	0.000689019	0.0821937	0.232821	0.606553	0.0440377	0.0337058
4712	0.000255805	0.0305514	0.254089	0.661962	0.0163572	0.0367848
4713	6.37777e-08	7.6081e-06	6.335e-05	0.947285	4.07013e-06	0.05264
4714	5.37341e-06	0.00064176	0.00186129	0.944654	0.000343829	0.0524938
4715	0.000688071	0.0820176	0.232901	0.606762	0.0439132	0.0337174
4716	0.000677115	0.0811203	0.233325	0.607868	0.0432305	0.0337788
4717	1.40755e-07	1.6822e-05	0.99959	0.00036424	8.98893e-06	2.02406e-05
4718	0.000255817	0.0305326	0.254101	0.661994	0.01633	0.0367866
4719	7.61576e-06	0.000909848	0.00756468	0.93886	0.000486361	0.0521719
4720	1.75845e-07	2.09656e-05	6.13009e-05	0.947267	1.12212e-05	0.0526391
4721	0.00025582	0.0305238	0.254104	0.662001	0.0163277	0.036787
4722	2.24129e-06	0.000267148	0.000748263	0.946256	0.000143067	0.0525829
4723	0.000255813	0.0305446	0.254098	0.661984	0.0163317	0.0367861
4724	3.87821e-06	0.000462255	0.00130136	0.945447	0.000247465	0.0525379
4725	0.000255825	0.0305037	0.254109	0.662014	0.0163299	0.0367877
4726	6.72908e-11	8.05517e-09	6.68395e-08	1.74133e-07	1	9.67645e-09
4727	1.92709e-26	2.29724e-24	1.91416e-23	4.98685e-23	1	2.77116e-24
4728	2.61408e-08	3.13488e-06	0.999924	6.76462e-05	1.66827e-06	3.75906e-06
4729	0.000255824	0.0305049	0.254108	0.662011	0.0163331	0.0367875
4730	5.85913e-08	7.00241e-06	5.81983e-05	0.947291	3.74348e-06	0.0526404
4731	7.58553e-09	9.04191e-07	2.60261e-06	0.947352	4.84052e-07	0.0526438
4732	1.6025e-10	1	5.39939e-08	1.40667e-07	1.02291e-08	7.81677e-09
4733	4.44871e-07	5.3041e-05	0.000150323	0.947136	2.83981e-05	0.0526318
4734	6.07765e-12	1	2.06592e-09	5.38221e-09	3.91347e-10	2.99086e-10
4735	5.23892e-12	6.24671e-10	5.20378e-09	0.947356	3.34463e-10	0.052644
4736	7.1664e-09	8.54739e-07	7.11833e-06	0.947348	4.57627e-07	0.0526436
4737	4.196e-09	5.00392e-07	1.43966e-06	0.947354	2.67826e-07	0.0526439
4738	1.06657e-06	0.000127121	0.000369447	0.94682	6.80837e-05	0.0526142
4739	1.41641e-07	1.6882e-05	0.99984	0.000127155	9.03875e-06	7.06595e-06
4740	1.17054e-10	1.39577e-08	1	3.02907e-07	7.46933e-09	1.68324e-08
4741	0.000692196	0.0825137	0.232697	0.606231	0.0441778	0.0336879
4742	1.20718e-06	0.000144177	0.99648	0.00312389	7.71284e-05	0.000173593
4743	0.000692204	0.0825113	0.2327	0.606238	0.0441698	0.0336883
4744	3.92211e-05	0.851363	0.038958	0.101495	0.00250475	0.00564
4745	8.33741e-07	9.93815e-05	0.000283406	0.946942	5.32072e-05	0.052621
4746	0.00025583	0.0304907	0.254114	0.662027	0.0163247	0.0367884
4747	0.000696336	0.0830523	0.232475	0.605651	0.0444697	0.0336557
4748	7.5478e-06	0.000900229	0.97703	0.0195319	0.00144483	0.00108538
4749	0.000255823	0.0305121	0.254107	0.662008	0.0163298	0.0367874
4750	1.2567e-06	0.000149793	0.00124827	0.945954	8.02265e-05	0.0525661
4751	2.41864e-08	2.88315e-06	2.40241e-05	0.00104372	0.998871	5.79989e-05
4752	0.000255829	0.0304925	0.254113	0.662025	0.0163253	0.0367883
4753	1.5157e-08	1.80744e-06	1.50553e-05	0.947339	9.67373e-07	0.0526431
4754	7.61571e-06	0.000915922	0.00756463	0.938854	0.000486453	0.0521715
4755	2.28792e-06	0.000272817	0.99744	0.00202612	0.000146026	0.000112591
4756	0.000255826	0.0305038	0.25411	0.662016	0.0163268	0.0367878
4757	0.000255817	0.0305005	0.254101	0.661993	0.016363	0.0367866
4758	1.14724e-07	1.36788e-05	0.000113954	0.947228	7.3212e-06	0.0526369
4759	3.52595e-05	0.00420345	0.035023	0.908027	0.00225247	0.0504585
4760	0.00025582	0.0304916	0.254105	0.662003	0.0163582	0.0367871
4761	9.17559e-05	0.0109838	0.895651	0.082803	0.00586905	0.00460131
4762	0.000698937	0.0833098	0.232369	0.605375	0.0446068	0.0336403
4763	0.00025578	0.0306186	0.254064	0.661898	0.0163825	0.0367812
4764	1.13796e-07	1.35627e-05	0.000113033	0.947229	7.26121e-06	0.0526369
4765	1.21381e-09	1.44829e-07	1.20567e-06	0.947355	7.75644e-08	0.0526439
4766	1.24937e-07	1.49145e-05	4.20455e-05	0.947294	7.9756e-06	0.0526406
4767	3.05432e-07	3.64265e-05	0.999653	0.00027563	1.94994e-05	1.53166e-05
4768	2.16439e-07	2.58008e-05	0.000214987	0.947114	1.39368e-05	0.0526306
4769	2.93913e-09	0.999996	9.9163e-07	2.58343e-06	1.87815e-07	1.4356e-07
4770	6.37777e-08	7.60236e-06	6.335e-05	0.947285	4.08492e-06	0.05264
4771	1.4493e-08	1.72728e-06	0.999984	1.26351e-05	9.24779e-07	7.02126e-07
4772	0.00069841	0.0832532	0.232394	0.605442	0.0445683	0.033644
4773	6.02529e-07	7.18159e-05	0.999323	0.000536631	3.84518e-05	2.98203e-05
4774	0.000255824	0.030505	0.254109	0.662013	0.0163299	0.0367877
4775	1.96803e-08	2.34618e-06	1.95483e-05	0.947334	1.25593e-06	0.0526428
4776	5.14858e-06	0.000614401	0.00511405	0.941613	0.000328535	0.0523249
4777	2.20082e-08	2.62354e-06	7.50069e-06	0.947345	1.4045e-06	0.0526434
4778	3.01357e-07	3.59314e-05	0.000299336	0.94702	1.92345e-05	0.0526253
4779	0.000686859	0.0819219	0.232949	0.606887	0.0438303	0.0337244
4780	5.08038e-05	0.80747	0.0504631	0.131468	0.00324249	0.00730561
4781	7.76739e-11	9.26579e-09	7.7153e-08	0.947356	4.95736e-09	0.052644
4782	1.8806e-05	0.00224674	0.978853	0.0167492	0.00120111	0.000930743
4783	8.58945e-07	0.000102399	0.000286381	0.946935	5.48144e-05	0.0526206
4784	0.0002555	0.0304696	0.253787	0.661174	0.0175733	0.036741
4785	0.000685299	0.0819817	0.232947	0.606883	0.0437787	0.0337241
4786	0.000255807	0.0305722	0.254091	0.661968	0.0163272	0.0367852
4787	0.000255825	0.0305037	0.254109	0.662013	0.016331	0.0367877
4788	1.75556e-08	2.09277e-06	1.74379e-05	0.947336	1.12125e-06	0.0526429
4789	1.24984e-06	0.00014897	0.000428823	0.946732	7.97648e-05	0.0526093
4790	8.59588e-07	0.000102458	0.000853823	0.00222441	0.996695	0.000123609
4791	7.55507e-06	0.000901723	0.977971	0.0195507	0.000482412	0.00108642
4792	4.52144e-07	5.38932e-05	0.000151998	0.947133	2.88562e-05	0.0526316
4793	5.20807e-07	6.21052e-05	0.00017869	0.947096	3.32358e-05	0.0526295
4794	1.43329e-07	1.70866e-05	4.87206e-05	0.947285	9.14578e-06	0.05264
4795	1.0674e-12	1	3.54515e-10	9.23596e-10	6.81156e-11	5.13237e-11
4796	0.000700076	0.0834354	0.232318	0.605243	0.0446708	0.033633
4797	2.92497e-06	0.000348658	0.996675	0.00263957	0.000186832	0.000146679
4798	9.97757e-08	0.999869	3.3147e-05	8.63558e-05	6.47921e-06	4.79874e-06
4799	5.05298e-13	6.03895e-11	5.01908e-10	0.947356	3.22669e-11	0.052644
4800	4.83777e-09	0.999994	1.60499e-06	4.18137e-06	3.08747e-07	2.32356e-07
4801	2.79991e-06	0.000335438	0.00278113	0.944231	0.000179038	0.0524704
4802	7.99835e-07	9.54344e-05	0.000274425	0.946956	5.10631e-05	0.0526218
4803	0.000255817	0.0305327	0.254102	0.661995	0.0163286	0.0367866
4804	0.000255816	0.0305382	0.2541	0.661991	0.0163285	0.0367864
4805	1.32681e-07	1.58133e-05	4.43531e-05	0.947291	8.46702e-06	0.0526404
4806	1.0658e-06	0.000127043	0.000357357	0.946832	6.80205e-05	0.0526149
4807	0.000686687	0.0821476	0.232891	0.606736	0.0438234	0.0337159
4808	0.00014502	0.0172875	0.0494248	0.87525	0.00925506	0.0486371
4809	0.000255828	0.0304919	0.254112	0.662023	0.0163289	0.0367882
4810	1.5157e-08	1.80809e-06	1.50553e-05	0.947339	9.67571e-07	0.0526431
4811	4.40295e-07	5.24755e-05	0.000437342	0.946865	2.8107e-05	0.0526167
4812	0.000255826	0.0305026	0.25411	0.662016	0.0163283	0.0367878
4813	2.13604e-10	2.54607e-08	0.999999	5.52756e-07	1.36324e-08	3.07163e-08
4814	8.16375e-12	1	2.74443e-09	7.14988e-09	5.20994e-10	3.97315e-10
4815	3.36936e-06	0.000401812	0.00334677	0.943598	0.000215107	0.0524352
4816	1.31384e-13	1	1.30503e-10	3.39991e-10	8.38923e-12	1.88931e-11
4817	3.52409e-10	4.20782e-08	3.50045e-07	0.947356	2.25715e-08	0.052644
4818	1.43329e-07	1.70963e-05	4.87206e-05	0.947285	9.14935e-06	0.05264
4819	5.7333e-07	6.83432e-05	0.000569485	0.946717	3.65852e-05	0.0526085
4820	8.00876e-05	0.00955208	0.0265975	0.908192	0.00511074	0.0504677
4821	0.000255826	0.0304944	0.254111	0.662018	0.0163333	0.0367879
4822	3.65791e-05	0.00435969	0.012505	0.929132	0.00233518	0.0516313
4823	6.53951e-07	7.7956e-05	0.000226522	0.947027	4.17517e-05	0.0526257
4824	2.0447e-10	2.43793e-08	2.03098e-07	0.947356	1.30605e-08	0.052644
4825	0.000255819	0.030514	0.254103	0.661998	0.0163424	0.0367868
4826	1.34491e-05	0.00160305	0.00456127	0.94069	0.00085831	0.0522736
4827	6.96069e-06	0.000829857	0.00237959	0.943888	0.000444213	0.0524513
4828	5.21099e-06	0.000621849	0.984806	0.0134848	0.000332715	0.000749343
4829	3.60337e-08	4.29457e-06	0.999895	9.32468e-05	2.29958e-06	5.18167e-06
4830	1.57122e-07	1.87298e-05	5.39088e-05	0.947278	1.00387e-05	0.0526396
4831	1.07568e-08	1.28307e-06	0.999969	2.7836e-05	6.88295e-07	1.54683e-06
4832	1.82868e-09	2.17975e-07	1.81641e-06	0.947354	1.1669e-07	0.0526439
4833	1.80719e-06	0.000215544	0.000603116	0.00157126	0.997521	8.73139e-05
4834	3.53162e-05	0.00421082	0.0117748	0.930041	0.00225609	0.0516818
4835	1.17609e-05	0.00140273	0.00402061	0.941496	0.000750551	0.0523184
4836	9.80253e-06	0.00116828	0.00330727	0.942514	0.000625562	0.0523749
4837	0.000255826	0.0304932	0.25411	0.662017	0.0163352	0.0367879
4838	1.04043e-05	0.00124772	0.0103346	0.935744	0.000664345	0.0519987
4839	1.80642e-05	0.00215383	0.00614038	0.938389	0.00115325	0.0521457
4840	4.44871e-07	5.30562e-05	0.000150323	0.947136	2.84045e-05	0.0526318
4841	4.52826e-11	5.40049e-09	1	1.17181e-07	2.88953e-09	6.51166e-09
4842	2.31138e-07	2.75557e-05	7.93039e-05	0.947241	1.47761e-05	0.0526376
4843	1.86172e-06	0.00022195	0.000622346	0.946441	0.000119415	0.0525932
4844	2.35354e-08	2.80495e-06	7.92042e-06	0.947344	1.50176e-06	0.0526434
4845	4.72462e-07	5.63232e-05	0.000161517	0.947121	3.02112e-05	0.0526309
4846	3.74827e-05	0.00446973	0.957166	0.034042	0.00239297	0.00189169
4847	4.85997e-08	5.79238e-06	1.61803e-05	0.947332	3.10123e-06	0.0526427
4848	2.60785e-07	3.10909e-05	9.03331e-05	0.947225	1.66428e-05	0.0526367
4849	0.000255827	0.0304938	0.254111	0.662018	0.0163333	0.036788
4850	5.6048e-10	6.69845e-08	5.56721e-07	1.45039e-06	0.999998	8.05972e-08
4851	4.32693e-07	5.15744e-05	0.99952	0.000378956	2.76767e-05	2.10584e-05
4852	0.000261926	0.03122	0.705555	0.23328	0.0167205	0.0129632
4853	2.10604e-09	0.999997	6.98705e-07	1.82029e-06	1.34978e-07	1.01152e-07
4854	5.39739e-08	6.43663e-06	1.84516e-05	0.947329	3.44902e-06	0.0526425
4855	3.99748e-11	4.76595e-09	1.33362e-08	3.47441e-08	1	1.93071e-09
4856	0.000255823	0.0304993	0.254107	0.662008	0.0163426	0.0367874
4857	0.000255248	0.0326916	0.253536	0.660522	0.01629	0.0367048
4858	9.30769e-10	1.11013e-07	9.24526e-07	2.40861e-06	0.999996	1.33845e-07
4859	2.44859e-07	2.91896e-05	8.43753e-05	0.947233	1.56262e-05	0.0526372
4860	1.1501e-07	1.37324e-05	0.000114239	0.947228	7.34284e-06	0.0526369
4861	2.48864e-15	2.96665e-13	1	6.44e-12	1.58817e-13	3.57867e-13
4862	3.05539e-07	3.64226e-05	0.999109	0.000790663	1.95063e-05	4.39367e-05
4863	3.92515e-05	0.00469562	0.885538	0.101574	0.00250871	0.00564439
4864	0.000255795	0.0305209	0.254079	0.661937	0.0164237	0.0367834
4865	2.13988e-10	2.55571e-08	7.34198e-08	1.91276e-07	1	1.06291e-08
4866	0.000255829	0.0304933	0.254113	0.662025	0.0163245	0.0367883
4867	4.53282e-06	0.000540338	0.00152234	0.945123	0.000289936	0.0525199
4868	0.000255825	0.0305066	0.254109	0.662014	0.0163268	0.0367877
4869	0.000255828	0.0304939	0.254112	0.662021	0.0163292	0.0367881
4870	3.10923e-06	0.000370751	0.990934	0.00804595	0.000198602	0.000447109
4871	7.57215e-08	9.03616e-06	2.5807e-05	0.947318	4.83576e-06	0.0526419
4872	1.83433e-07	2.18653e-05	0.000182202	0.947151	1.18114e-05	0.0526326
4873	8.7421e-07	0.000104234	0.0002942	0.946925	5.58047e-05	0.05262
4874	0.000255828	0.0304909	0.254112	0.662023	0.0163301	0.0367882
4875	0.000697774	0.0831941	0.232408	0.605478	0.0445756	0.0336461
4876	0.00069909	0.0833191	0.232365	0.605366	0.0446116	0.0336398
4877	2.48464e-05	0.00296368	0.971982	0.0222093	0.00158564	0.00123416
4878	0.000112354	0.0134016	0.872825	0.100864	0.00719237	0.00560495
4879	9.00333e-06	0.00107349	0.00302376	0.942921	0.000574766	0.0523976
4880	0.000674277	0.0804212	0.233562	0.608485	0.0430436	0.0338132
4881	0.00025581	0.0305033	0.254095	0.661976	0.0163845	0.0367856
4882	3.06599e-07	3.65428e-05	0.000103443	0.947205	1.9569e-05	0.0526356
4883	9.19604e-08	1.09661e-05	9.13436e-05	0.947253	5.87396e-06	0.0526383
4884	0.000255828	0.0304949	0.254112	0.662022	0.0163274	0.0367882
4885	0.000255823	0.0305146	0.254108	0.66201	0.0163244	0.0367875
4886	0.000697018	0.0830914	0.232462	0.605619	0.0444762	0.0336539
4887	0.000255827	0.0304984	0.254111	0.66202	0.0163259	0.0367881
4888	4.81666e-08	5.74102e-06	1.67912e-05	0.947332	3.07632e-06	0.0526427
4889	1.82868e-09	2.17967e-07	1.81641e-06	0.947354	1.16688e-07	0.0526439
4890	0.00025578	0.0306738	0.254064	0.661897	0.0163281	0.0367812
4891	5.16876e-14	1	5.1341e-11	1.33755e-10	3.29871e-12	7.4327e-12
4892	5.20807e-07	6.21021e-05	0.00017869	0.947096	3.32444e-05	0.0526295
4893	6.53951e-07	7.81555e-05	0.000226522	0.947027	4.17711e-05	0.0526257
4894	1.75845e-07	2.096e-05	6.13009e-05	0.947267	1.12212e-05	0.0526391
4895	3.16e-08	0.999958	1.05808e-05	2.75655e-05	2.01751e-06	1.5318e-06
4896	1.10796e-07	1.32059e-05	0.999677	0.000286713	7.07016e-06	1.59325e-05
4897	0.000255807	0.0305722	0.254091	0.661968	0.0163279	0.0367851
4898	0.00025583	0.0304901	0.254114	0.662027	0.0163241	0.0367885
4899	0.000698055	0.0832305	0.232404	0.605466	0.0445561	0.0336454
4900	1.80784e-06	0.000215527	0.994729	0.00467827	0.000115444	0.000259969
4901	1.6796e-13	1	1.66833e-10	4.34639e-10	1.07204e-11	2.41527e-11
4902	2.47083e-06	0.000294479	0.000823355	0.946145	0.000157665	0.0525767
4903	0.000255829	0.030495	0.254113	0.662023	0.0163249	0.0367882
4904	0.000686879	0.0818787	0.232956	0.606905	0.0438481	0.0337254
4905	0.000690785	0.0823968	0.23275	0.606369	0.0440975	0.0336956
4906	9.6594e-12	1	9.59462e-09	2.49962e-08	6.16419e-10	1.38903e-09
4907	1.75094e-08	2.08719e-06	1.7392e-05	0.947336	1.11747e-06	0.0526429
4908	9.95038e-10	1.18607e-07	0.999997	2.57492e-06	6.3507e-08	1.43087e-07
4909	6.98711e-07	8.32783e-05	0.000233953	0.947013	4.46118e-05	0.0526249
4910	3.98007e-05	0.00474357	0.95607	0.0346795	0.0025398	0.00192712
4911	3.01308e-07	3.59971e-05	0.999659	0.000270494	1.92271e-05	1.50312e-05
4912	5.7333e-07	6.83406e-05	0.000569485	0.946717	3.65862e-05	0.0526085
4913	0.000693731	0.0827094	0.232604	0.605988	0.0443306	0.0336744
4914	1.05767e-11	1.26529e-09	1.05058e-08	0.947356	6.75402e-10	0.052644
4915	1.34416e-08	1.6046e-06	1.33514e-05	0.947341	8.58411e-07	0.0526432
4916	2.13999e-05	0.00255165	0.0212564	0.923476	0.00137796	0.051317
4917	1.21082e-08	0.999954	1.2027e-05	3.13331e-05	7.73328e-07	1.74116e-06
4918	0.000255825	0.0305065	0.254109	0.662013	0.016328	0.0367877
4919	2.48631e-06	0.000296398	0.00246963	0.944583	0.000158691	0.0524899
4920	6.71258e-07	8.00506e-05	0.000666756	0.00173706	0.997419	9.65272e-05
4921	3.26943e-06	0.000389703	0.00109804	0.945746	0.000208727	0.0525545
4922	0.000255828	0.0304928	0.254112	0.662023	0.0163279	0.0367882
4923	5.98212e-07	7.13092e-05	0.000201102	0.947061	3.81853e-05	0.0526276
4924	0.000255719	0.0309029	0.254004	0.66174	0.0163249	0.0367725
4925	0.000255826	0.0305016	0.25411	0.662018	0.0163267	0.0367879
4926	0.000143279	0.0170919	0.836235	0.130127	0.00917203	0.00723106
4927	0.000255794	0.0306004	0.254078	0.661934	0.0163487	0.0367833
4928	0.000255741	0.0308214	0.254026	0.661797	0.0163241	0.0367757
4929	1.63854e-08	1.95366e-06	5.67572e-06	0.947348	1.04725e-06	0.0526435
4930	0.000679479	0.0817192	0.233131	0.607361	0.0433592	0.0337507
4931	0.000255806	0.0304965	0.25409	0.661965	0.016408	0.036785
4932	0.000255812	0.0305444	0.254096	0.66198	0.0163382	0.0367858
4933	7.42658e-10	8.85167e-08	7.37677e-07	0.947355	4.73965e-08	0.052644
4934	1.09597e-07	1.30651e-05	3.77659e-05	0.947301	6.9946e-06	0.052641
4935	4.50579e-08	5.37029e-06	0.999949	4.06615e-05	2.87541e-06	2.25953e-06
4936	7.27139e-12	8.66693e-10	7.22262e-09	0.947356	4.63981e-10	0.052644
4937	4.24185e-07	5.05653e-05	0.000142462	0.947096	8.1199e-05	0.0526295
4938	1.63201e-05	0.00194516	0.00559947	0.939206	0.00104179	0.0521911
4939	6.33776e-07	7.55693e-05	0.000216	0.947041	4.04744e-05	0.0526265
4940	5.19301e-08	6.18942e-06	0.999943	4.53295e-05	3.3138e-06	2.51893e-06
4941	2.5022e-08	2.99045e-06	0.999927	6.4751e-05	1.61119e-06	3.59817e-06
4942	0.000255822	0.030512	0.254106	0.662007	0.0163315	0.0367873
4943	2.0447e-10	2.43914e-08	2.03098e-07	0.947356	1.30591e-08	0.052644
4944	3.42814e-08	4.0859e-06	1.15837e-05	0.947339	2.18749e-06	0.0526431
4945	3.27498e-07	3.90535e-05	0.000325302	0.946991	2.09018e-05	0.0526237
4946	0.000255803	0.0305852	0.254088	0.661958	0.0163286	0.0367846
4947	0.000255805	0.0305124	0.254089	0.661963	0.0163948	0.0367849
4948	1.7985e-09	2.14457e-07	6.17071e-07	0.947355	1.14893e-07	0.052644
4949	1.63303e-06	0.000194709	0.000549567	0.946551	0.000104247	0.0525992
4950	2.43134e-06	0.000289817	0.000837809	0.946138	0.000155215	0.0525763
4951	1.95606e-10	1	6.60956e-08	1.72195e-07	1.24857e-08	9.56875e-09
4952	0.000670552	0.0799271	0.233759	0.608998	0.042803	0.0338417
4953	5.48693e-07	6.54273e-05	0.999386	0.000485908	3.50131e-05	2.70016e-05
4954	2.33868e-14	1	7.87985e-12	2.05289e-11	1.49255e-12	1.14078e-12
4955	5.78366e-12	1	1.92109e-09	5.00489e-09	3.69063e-10	2.78119e-10
4956	3.70426e-07	4.41556e-05	0.00012563	0.947172	2.36384e-05	0.0526338
4957	0.000698318	0.083226	0.232404	0.605467	0.044559	0.0336454
4958	1.06619e-07	1.27377e-05	3.6449e-05	0.947303	6.80598e-06	0.052641
4959	2.00687e-09	2.39254e-07	1.99341e-06	0.947354	1.28088e-07	0.0526439
4960	9.69125e-10	1.15745e-07	0.999997	2.50786e-06	6.19403e-08	1.39361e-07
4961	0.000679929	0.0810954	0.233285	0.607763	0.0434029	0.033773
4962	2.09539e-07	2.49938e-05	0.000208134	0.947122	1.33741e-05	0.052631
4963	3.5604e-06	0.000425697	0.996055	0.00311523	0.000227208	0.000173111
4964	6.4468e-06	0.000768858	0.00216956	0.944176	0.000411559	0.0524673
4965	1.13416e-08	1.35196e-06	1.12655e-05	0.947343	7.23985e-07	0.0526433
4966	4.67022e-10	5.56821e-08	4.6389e-07	0.947355	2.98082e-08	0.052644
4967	4.5346e-08	5.40993e-06	1.53792e-05	4.00664e-05	0.999937	2.22646e-06
4968	2.98772e-07	3.56113e-05	0.000101826	0.947207	1.90654e-05	0.0526357
4969	4.81666e-08	5.74485e-06	1.67912e-05	0.947332	3.07435e-06	0.0526427
4970	1.99096e-06	0.000240602	0.000683103	0.946358	0.000127452	0.0525886
4971	2.99028e-08	3.56395e-06	2.97022e-05	0.947323	1.90828e-06	0.0526421
4972	6.30767e-05	0.76096	0.0626536	0.163227	0.00402516	0.00907045
4973	0.000255818	0.0305278	0.254102	0.661995	0.0163327	0.0367867
4974	5.21501e-08	0.999802	5.18004e-05	0.000134952	3.3384e-06	7.49921e-06
4975	7.07843e-07	8.43624e-05	0.000241985	0.947003	4.51687e-05	0.0526244
4976	2.20031e-06	0.000262414	0.000767046	0.946245	0.000140792	0.0525823
4977	0.000683873	0.0815296	0.233074	0.607212	0.043759	0.0337424
4978	3.5605e-05	0.00424363	0.0118967	0.929879	0.00227232	0.0516728
4979	3.80818e-06	0.000454117	0.0012802	0.945324	0.000407202	0.0525311
4980	5.20807e-07	6.20743e-05	0.00017869	0.947096	3.32356e-05	0.0526296
4981	0.00010787	0.0128831	0.0370103	0.893442	0.00690897	0.049648
4982	1.85471e-06	0.000221055	0.997947	0.0016214	0.000118349	9.01005e-05
4983	1.01307e-07	1.20775e-05	3.42907e-05	0.947306	6.46476e-06	0.0526412
4984	2.64163e-07	3.14843e-05	0.999707	0.000231356	1.68561e-05	1.28563e-05
4985	0.000690669	0.0824884	0.232711	0.606267	0.0441528	0.0336899
4986	1.91739e-07	2.2856e-05	0.000190453	0.947142	1.23463e-05	0.0526321
4987	0.000690775	0.0823472	0.232747	0.606361	0.0441596	0.0336951
4988	4.18042e-06	0.00049833	0.987812	0.0108179	0.000266801	0.000601146
4989	2.79991e-06	0.000333756	0.00278114	0.944233	0.000178737	0.0524705
4990	1.43612e-06	0.000171161	0.998396	0.00126891	9.16467e-05	7.05126e-05
4991	2.58311e-06	0.000307899	0.997104	0.00229355	0.000164838	0.000127451
4992	1.15138e-08	1.37421e-06	3.98827e-06	0.94735	7.34842e-07	0.0526437
4993	7.59191e-08	9.04951e-06	2.57481e-05	0.947318	4.84468e-06	0.0526419
4994	0.000255826	0.0305007	0.254111	0.662018	0.0163271	0.0367879
4995	0.000255826	0.0305027	0.25411	0.662017	0.0163265	0.0367879
4996	2.76455e-08	3.29905e-06	2.74601e-05	0.947325	1.78013e-06	0.0526423
4997	0.000696059	0.0829845	0.232474	0.605651	0.0445388	0.0336556
4998	0.000690768	0.0823449	0.232745	0.606354	0.0441706	0.0336948
4999	0.000692762	0.0826103	0.232663	0.606143	0.0442075	0.033683
5000	5.12013e-08	6.10331e-06	5.08579e-05	0.947299	3.26798e-06	0.0526408
5001	2.97378e-05	0.00354463	0.0102031	0.932505	0.00189913	0.0518187
5002	1.33627e-09	1.59259e-07	4.49218e-07	0.947355	8.52654e-08	0.052644
5003	3.06192e-06	0.00036511	0.00103306	0.945843	0.000195741	0.0525599
5004	0.000255828	0.0304943	0.254113	0.662023	0.0163257	0.0367882
5005	2.35426e-09	2.8063e-07	2.33847e-06	6.09227e-06	0.999991	3.38544e-07
5006	4.18002e-07	4.98218e-05	0.99953	0.000372286	2.66807e-05	2.06877e-05
5007	2.20031e-06	0.000262299	0.000767046	0.946246	0.000140545	0.0525823
5008	2.42087e-05	0.00288577	0.973186	0.0211818	0.00154478	0.00117706
5009	0.00025583	0.03049	0.254114	0.662027	0.0163244	0.0367885
5010	4.18042e-06	0.000498422	0.987811	0.0108179	0.000267395	0.000601145
5011	0.000255827	0.0304971	0.254111	0.66202	0.0163276	0.0367881
5012	8.80677e-06	0.00105031	0.00300147	0.942967	0.000571891	0.0524001
5013	1.57788e-09	0.999994	1.5673e-06	4.08317e-06	1.0072e-07	2.269e-07
5014	3.34595e-09	3.98977e-07	0.99999	8.65851e-06	2.13554e-07	4.81148e-07
5015	2.73833e-08	3.26579e-06	2.71997e-05	0.947325	1.74774e-06	0.0526423
5016	5.05759e-07	6.03886e-05	0.000502367	0.946792	3.23935e-05	0.0526126
5017	2.39947e-05	0.00286002	0.00806635	0.935531	0.00153146	0.0519869
5018	1.47606e-06	0.000175931	0.000508634	0.946617	9.4265e-05	0.0526029
5019	8.02787e-11	9.57217e-09	7.97403e-08	0.947356	5.1278e-09	0.052644
5020	0.000674282	0.0804161	0.233564	0.60849	0.0430424	0.0338134
5021	0.00025583	0.0304904	0.254114	0.662027	0.0163249	0.0367884
5022	7.40526e-08	8.82796e-06	2.5651e-05	0.947319	4.72584e-06	0.0526419
5023	1.07332e-05	0.00127966	0.987735	0.00974798	0.000685035	0.000541689
5024	2.09535e-08	2.49771e-06	0.999939	5.42227e-05	1.34026e-06	3.01312e-06
5025	4.59576e-05	0.00548035	0.0456494	0.896047	0.00298438	0.0497928
5026	1.11423e-09	1.328e-07	3.78751e-07	0.947355	7.11006e-08	0.052644
5027	6.94379e-11	8.27602e-09	6.89722e-08	0.947356	4.43099e-09	0.052644
5028	2.92545e-07	3.48765e-05	0.00708193	0.000257141	0.992611	1.42891e-05
5029	0.000543429	0.0649031	0.187259	0.675024	0.0347597	0.0375107
5030	4.80532e-09	5.7278e-07	1.64276e-06	0.947354	3.06693e-07	0.0526439
5031	2.85586e-13	3.40461e-11	2.83671e-10	7.39029e-10	1	4.10674e-11
5032	1.47862e-08	1.76282e-06	5.15459e-06	0.947349	9.43682e-07	0.0526436
5033	4.14145e-08	4.93659e-06	1.40776e-05	0.947335	2.64279e-06	0.0526429
5034	1.12415e-06	0.000133986	0.998722	0.00101446	7.1864e-05	5.63729e-05
5035	3.42605e-06	0.000408455	0.996137	0.00306242	0.000218676	0.000170177
5036	1.09628e-05	0.00130806	0.00372648	0.941913	0.000699782	0.0523415
5037	3.6196e-08	4.31407e-06	1.21957e-05	0.947338	2.31094e-06	0.052643
5038	1.37705e-07	0.999478	0.000136781	0.000356347	8.79178e-06	1.9802e-05
5039	1.03231e-06	0.00012308	0.00102538	0.946204	6.5993e-05	0.05258
5040	9.39242e-07	0.996441	0.000932943	0.00243054	5.99606e-05	0.000135063
5041	2.82197e-10	3.36336e-08	9.77499e-08	0.947356	1.80079e-08	0.052644
5042	4.0222e-08	4.79529e-06	1.37082e-05	0.947336	2.56666e-06	0.0526429
5043	8.15824e-09	9.72458e-07	2.82593e-06	0.947352	5.21831e-07	0.0526438
5044	2.21868e-08	2.64424e-06	0.999975	1.94522e-05	1.41574e-06	1.08095e-06
5045	3.68293e-10	4.38951e-08	1.2519e-07	0.947356	2.35007e-08	0.052644
5046	0.000694966	0.0828304	0.232561	0.605876	0.0443702	0.0336681
5047	1.08646e-06	0.000129759	0.996832	0.00281151	6.94398e-05	0.000156234
5048	2.06723e-07	2.4648e-05	0.999767	0.000184782	1.321e-05	1.02682e-05
5049	0.000537221	0.0640289	0.180793	0.682417	0.0343031	0.0379215
5050	1.08646e-06	0.000129726	0.996832	0.00281151	6.95501e-05	0.000156234
5051	0.000255778	0.0306429	0.254062	0.661892	0.0163665	0.0367809
5052	0.000167514	0.0199678	0.813245	0.147719	0.010692	0.00820867
5053	3.16984e-08	3.77818e-06	3.14858e-05	0.947321	2.02434e-06	0.052642
5054	6.74151e-08	8.04621e-06	6.69629e-05	0.947281	4.30392e-06	0.0526398
5055	2.1744e-07	2.59444e-05	0.000215982	0.947113	1.38948e-05	0.0526305
5056	4.39073e-06	0.000523357	0.00148619	0.945183	0.000280177	0.0525232
5057	5.02952e-05	0.00599593	0.0169948	0.922487	0.00320963	0.0512621
5058	0.000679893	0.0811051	0.233273	0.607731	0.0434394	0.0337713
5059	2.30876e-09	2.7526e-07	2.29328e-06	0.947353	1.47443e-07	0.0526439
5060	0.000153545	0.797445	0.0513537	0.133788	0.0098249	0.00743454
5061	0.000691467	0.0824483	0.232701	0.606242	0.0442288	0.0336885
5062	2.95246e-10	3.51931e-08	2.93265e-07	0.947356	1.88588e-08	0.052644
5063	3.73857e-07	4.45869e-05	0.000128827	0.947169	2.38735e-05	0.0526336
5064	3.10816e-05	0.643349	0.0308731	0.0804317	0.240846	0.00446954
5065	4.72462e-07	5.63306e-05	0.000161517	0.947121	3.01821e-05	0.0526309
5066	0.000677345	0.0807411	0.233405	0.608074	0.0433122	0.0337903
5067	1.77975e-06	0.000212221	0.000616488	0.946462	0.0001136	0.0525943
5068	3.0475e-06	0.000363274	0.00105562	0.945825	0.000194559	0.0525589
5069	0.000255822	0.0305173	0.254107	0.662008	0.0163251	0.0367874
5070	0.000255825	0.0305015	0.254109	0.662015	0.0163305	0.0367878
5071	4.09213e-07	4.87822e-05	0.000141747	0.94715	2.61211e-05	0.0526326
5072	3.92587e-09	4.68152e-07	3.89954e-06	1.01592e-05	0.999985	5.64542e-07
5073	2.37328e-09	2.82873e-07	8.14277e-07	0.947355	1.51926e-07	0.0526439
5074	0.000255798	0.0304883	0.254082	0.661945	0.0164447	0.0367839
5075	6.08301e-08	7.25076e-06	2.0396e-05	0.947326	3.88185e-06	0.0526423
5076	9.41786e-11	1.12247e-08	9.35469e-08	2.43712e-07	1	1.35429e-08
5077	0.000198558	0.735527	0.0670932	0.174794	0.0126749	0.00971317
5078	4.14145e-08	4.93602e-06	1.40776e-05	0.947335	2.64272e-06	0.0526429
5079	2.8466e-09	3.39383e-07	2.8275e-06	0.947353	1.81642e-07	0.0526438
5080	7.65089e-07	0.9971	0.000759957	0.00197987	4.88904e-05	0.00011002
5081	2.71506e-07	3.23589e-05	9.09098e-05	0.947223	1.73249e-05	0.0526366
5082	2.35277e-08	2.80424e-06	8.14974e-06	0.947344	1.50152e-06	0.0526433
5083	0.000255827	0.0304926	0.254111	0.662019	0.0163333	0.036788
5084	1.04044e-05	0.00124346	0.0103346	0.935748	0.000664509	0.051999
5085	0.000255822	0.0305204	0.254106	0.662005	0.0163255	0.0367872
5086	0.000255805	0.0305013	0.254089	0.661961	0.0164079	0.0367848
5087	1.2567e-06	0.000149967	0.00124827	0.945954	8.03829e-05	0.0525661
5088	3.36214e-09	4.01073e-07	3.33959e-06	0.947352	2.14614e-07	0.0526438
5089	9.90772e-06	0.00118082	0.98897	0.0087219	0.000632246	0.000484671
5090	0.00069612	0.0830206	0.232495	0.605704	0.0444264	0.0336586
5091	0.000255829	0.0304914	0.254114	0.662026	0.0163252	0.0367884
5092	3.98885e-07	4.75519e-05	0.000135589	0.947158	2.54593e-05	0.052633
5093	2.5307e-09	3.01638e-07	2.51372e-06	0.947353	1.61558e-07	0.0526438
5094	2.41192e-10	2.87487e-08	1	2.19052e-07	1.5392e-08	1.21726e-08
5095	0.000255826	0.0305016	0.25411	0.662017	0.016327	0.0367879
5096	2.60785e-07	3.11382e-05	9.03331e-05	0.947225	1.66576e-05	0.0526367
5097	4.32442e-07	5.15504e-05	0.000147382	0.947141	2.75996e-05	0.0526321
5098	1.97067e-08	2.35083e-06	0.999943	5.09962e-05	1.25891e-06	2.83383e-06
5099	1.27833e-05	0.00152369	0.00440497	0.940954	0.000815821	0.0522883
5100	2.14875e-13	1	7.37241e-11	1.92069e-10	1.37213e-11	1.06731e-11
5101	0.000455054	0.0542352	0.152697	0.723378	0.0290367	0.0401977
5102	5.97074e-07	7.13101e-05	0.998259	0.00154508	3.8138e-05	8.58594e-05
5103	4.44846e-07	5.3031e-05	0.000150314	0.947082	8.5154e-05	0.0526288
5104	4.35101e-08	5.18623e-06	1.47275e-05	0.947334	2.77754e-06	0.0526428
5105	1.80784e-06	0.000215594	0.994729	0.00467827	0.000115464	0.000259969
5106	2.85586e-13	3.41083e-11	9.63537e-11	2.51024e-10	1	1.39493e-11
5107	0.000685452	0.0818109	0.232999	0.607018	0.0437555	0.0337316
5108	9.05697e-06	0.00108614	0.973587	0.0234373	0.000578016	0.0013024
5109	5.69518e-08	6.78821e-06	0.999936	5.0723e-05	3.6344e-06	2.81865e-06
5110	1.85702e-06	0.000221353	0.000625695	0.94644	0.0001185	0.0525931
5111	6.71783e-12	8.0063e-10	2.23055e-09	5.8111e-09	1	3.22919e-10
5112	7.69054e-11	9.24921e-09	7.63895e-08	0.947356	4.90847e-09	0.052644
5113	7.84979e-07	9.52089e-05	0.000779714	0.00203134	0.99698	0.00011288
5114	1.04043e-05	0.00124929	0.0103345	0.935743	0.000664178	0.0519987
5115	5.99545e-09	7.14782e-07	5.95524e-06	0.947349	3.82853e-07	0.0526436
5116	3.92513e-05	0.00470243	0.885534	0.101573	0.00250718	0.00564436
5117	1.07795e-06	0.000128496	0.000365589	0.946822	6.87934e-05	0.0526143
5118	2.79423e-07	3.33326e-05	9.74089e-05	0.947215	1.78503e-05	0.0526362
5119	9.28935e-07	0.000116792	0.000922705	0.946314	5.93151e-05	0.0525861
5120	8.33741e-07	9.95501e-05	0.000283406	0.946942	5.32108e-05	0.052621
5121	0.000698481	0.0832882	0.23238	0.605404	0.0445872	0.033642
5122	0.000255797	0.0305302	0.254081	0.661942	0.0164074	0.0367837
5123	0.000688069	0.0820246	0.232901	0.606761	0.0439085	0.0337173
5124	1.84434e-14	2.19867e-12	6.137e-12	1.59883e-11	1	8.88461e-13
5125	0.000255807	0.0305722	0.254091	0.661968	0.0163275	0.0367852
5126	6.51781e-13	7.76987e-11	6.47409e-10	0.947356	4.16776e-11	0.052644
5127	1.41986e-06	0.000169438	0.000483908	0.94665	9.06079e-05	0.0526048
5128	0.000697689	0.0831568	0.232433	0.605544	0.0445186	0.0336497
5129	0.000255771	0.0307115	0.254056	0.661875	0.0163216	0.03678
5130	5.20807e-07	6.20947e-05	0.00017869	0.947096	3.32343e-05	0.0526295
5131	6.53951e-07	7.80387e-05	0.000226522	0.947027	4.17496e-05	0.0526257
5132	4.82723e-08	5.75522e-06	0.999859	0.000124917	3.08673e-06	6.94158e-06
5133	0.000692792	0.0825722	0.232674	0.60617	0.0442073	0.0336845
5134	1.25981e-11	1	1.25136e-08	3.26009e-08	8.03971e-10	1.81161e-09
5135	2.05082e-09	0.999992	2.03707e-06	5.30705e-06	1.30943e-07	2.94909e-07
5136	3.41108e-08	1.21958e-05	1.18156e-05	0.947331	2.17807e-06	0.0526426
5137	2.30574e-05	0.00275082	0.00777931	0.935964	0.00147238	0.0520109
5138	0.000255801	0.0305147	0.254085	0.661952	0.0164077	0.0367843
5139	4.8636e-05	0.00580596	0.94471	0.0438904	0.0031063	0.00243897
5140	2.62627e-06	0.000313029	0.000897821	0.946048	0.000167684	0.0525713
5141	0.000690788	0.0823709	0.232751	0.606372	0.0441194	0.0336957
5142	2.35568e-14	1	7.85189e-12	2.0456e-11	1.50328e-12	1.13673e-12
5143	3.1603e-07	3.76726e-05	0.999079	0.00081781	2.01724e-05	4.54452e-05
5144	3.15803e-08	3.76461e-06	0.999908	8.17223e-05	2.02564e-06	4.54126e-06
5145	5.7333e-07	6.83509e-05	0.000569484	0.946716	3.69173e-05	0.0526085
5146	0.000670537	0.0799562	0.233754	0.608985	0.0427932	0.0338409
5147	0.00025582	0.0305169	0.254104	0.662	0.0163359	0.036787
5148	5.7333e-07	6.83414e-05	0.000569485	0.946717	3.66176e-05	0.0526085
5149	0.000122647	0.0146179	0.863464	0.107968	0.00782793	0.00599971
5150	2.27235e-05	0.00271213	0.974621	0.0200778	0.00145019	0.00111571
5151	2.25838e-10	1	7.64425e-08	1.99151e-07	1.44124e-08	1.10667e-08
5152	1.83433e-07	2.18703e-05	0.000182202	0.947151	1.17063e-05	0.0526326
5153	0.000255821	0.0305119	0.254105	0.662005	0.0163349	0.0367872
5154	5.8004e-09	6.91303e-07	1.96335e-06	0.947353	3.7012e-07	0.0526438
5155	0.000682976	0.082837	0.232768	0.606415	0.043599	0.0336981
5156	0.000255815	0.030493	0.2541	0.661989	0.0163761	0.0367863
5157	0.000255805	0.0305436	0.25409	0.661964	0.0163623	0.0367849
5158	5.05759e-07	6.03141e-05	0.000502367	0.946792	3.24406e-05	0.0526126
5159	9.79512e-06	0.00116811	0.00339293	0.942433	0.000626041	0.0523704
5160	5.20807e-07	6.20866e-05	0.00017869	0.947096	3.32426e-05	0.0526295
5161	2.99028e-08	3.56464e-06	2.97022e-05	0.947323	1.91004e-06	0.0526421
5162	2.79991e-06	0.000334241	0.00278113	0.944233	0.000178844	0.0524704
5163	0.000255818	0.0305278	0.254102	0.661996	0.0163312	0.0367867
5164	1.5339e-07	1.82823e-05	5.15157e-05	0.94728	9.80028e-06	0.0526398
5165	1.47965e-07	1.76345e-05	0.999837	0.000128563	9.44138e-06	7.14414e-06
5166	2.53851e-11	3.0277e-09	2.52149e-08	0.947356	1.6201e-09	0.052644
5167	0.000255823	0.0305146	0.254107	0.66201	0.016325	0.0367875
5168	0.000677364	0.0807666	0.233411	0.608091	0.043262	0.0337913
5169	3.94175e-28	4.69785e-26	1.30788e-25	3.40734e-25	1	1.89344e-26
5170	0.000255815	0.0305447	0.254099	0.661988	0.0163268	0.0367863
5171	0.000698315	0.083226	0.232403	0.605464	0.044563	0.0336453
5172	0.000698607	0.0832692	0.232386	0.60542	0.0445829	0.0336428
5173	0.000255661	0.0304773	0.253947	0.661591	0.0169651	0.0367642
5174	3.2584e-07	3.88395e-05	0.000109038	0.947196	2.0796e-05	0.0526351
5175	4.70303e-07	0.999374	0.000158675	0.000413386	3.0017e-05	2.29716e-05
5176	1.2622e-08	1.50495e-06	1.25374e-05	0.947342	8.07105e-07	0.0526432
5177	0.000255817	0.0305139	0.254102	0.661995	0.0163472	0.0367867
5178	1.47481e-07	1.7586e-05	5.02638e-05	0.947283	9.41126e-06	0.0526399
5179	5.20807e-07	6.20823e-05	0.00017869	0.947096	3.32805e-05	0.0526295
5180	1.12415e-06	0.000133996	0.998722	0.00101446	7.17678e-05	5.63729e-05
5181	9.19604e-08	1.0974e-05	9.13436e-05	0.947253	5.87025e-06	0.0526383
5182	1.19412e-05	0.00142348	0.986687	0.0105301	0.000761989	0.000585152
5183	9.56242e-07	0.00034189	0.000323673	0.946667	6.10309e-05	0.0526057
5184	0.000255827	0.0304941	0.254111	0.662019	0.0163318	0.036788
5185	3.0938e-07	3.68972e-05	0.999646	0.00028098	1.97562e-05	1.56139e-05
5186	1.46512e-05	0.00174683	0.98348	0.0130962	0.000935042	0.000727747
5187	7.31184e-08	8.71588e-06	2.54896e-05	0.947319	4.66603e-06	0.052642
5188	6.2052e-08	7.39595e-06	2.0743e-05	0.947326	3.96153e-06	0.0526423
5189	2.12066e-21	2.52884e-19	7.1781e-19	1.87006e-18	1	1.03918e-19
5190	7.52889e-08	2.69184e-05	0.999763	0.00019483	4.80603e-06	1.08266e-05
5191	3.27498e-07	3.90418e-05	0.000325302	0.946991	2.0899e-05	0.0526237
5192	2.97378e-05	0.00354511	0.0102031	0.932505	0.00189798	0.0518188
5193	0.00025582	0.0305238	0.254104	0.662	0.0163291	0.036787
5194	1.34491e-05	0.00160326	0.00456127	0.94069	0.000858248	0.0522736
5195	4.52379e-07	5.42506e-05	0.000157703	0.947127	2.88765e-05	0.0526313
5196	7.69054e-11	9.26847e-09	7.63895e-08	0.947356	4.91232e-09	0.052644
5197	0.000255745	0.030524	0.25403	0.661807	0.0166075	0.0367762
5198	7.48583e-10	8.92519e-08	7.43562e-07	0.947355	4.77991e-08	0.052644
5199	3.69132e-13	4.40081e-11	3.66656e-10	9.55225e-10	1	5.30813e-11
5200	2.56503e-09	3.05737e-07	2.54783e-06	6.6377e-06	0.99999	3.68853e-07
5201	3.58757e-07	4.27861e-05	0.000356351	0.946956	2.29004e-05	0.0526218
5202	0.000696322	0.083035	0.23247	0.605639	0.0445045	0.033655
5203	1.75094e-08	2.08761e-06	1.7392e-05	0.947336	1.11758e-06	0.0526429
5204	3.64512e-08	4.34467e-06	3.62067e-05	0.947315	2.32767e-06	0.0526417
5205	0.000255821	0.0305203	0.254105	0.662004	0.0163269	0.0367872
5206	7.31758e-06	0.000872406	0.00255096	0.943663	0.000467693	0.0524388
5207	8.78685e-07	0.000104733	0.999012	0.000782584	5.60764e-05	4.34877e-05
5208	0.000255814	0.0305038	0.254099	0.661987	0.0163688	0.0367862
5209	4.60169e-08	5.48616e-06	4.57082e-05	0.947305	2.93648e-06	0.0526412
5210	6.3221e-07	7.53484e-05	0.00021115	0.947046	4.0341e-05	0.0526268
5211	9.67e-06	0.00115256	0.00323593	0.942604	0.000617418	0.05238
5212	6.08651e-07	7.25461e-05	0.998225	0.00157505	3.88447e-05	8.75243e-05
5213	3.39714e-06	0.000405081	0.00115779	0.945667	0.000216798	0.0525501
5214	0.000255811	0.0304989	0.254096	0.661979	0.0163845	0.0367858
5215	0.000255826	0.0304965	0.254111	0.662018	0.0163311	0.0367879
5216	8.69466e-07	0.000103682	0.000863634	0.946385	5.67416e-05	0.05259
5217	2.95246e-10	3.52015e-08	2.93265e-07	0.947356	2.10002e-08	0.052644
5218	0.000255825	0.0304996	0.254109	0.662015	0.0163324	0.0367878
5219	6.96069e-06	0.000829754	0.00237959	0.943888	0.000444226	0.0524513
5220	5.39571e-06	0.000643132	0.00182322	0.944687	0.000345256	0.0524957
5221	1.47481e-07	1.75816e-05	5.02638e-05	0.947283	9.42607e-06	0.0526399
5222	0.000682115	0.0813069	0.233189	0.607513	0.0435498	0.0337591
5223	5.73329e-07	6.83374e-05	0.000569484	0.946715	3.80448e-05	0.0526084
5224	0.000255829	0.0304938	0.254113	0.662025	0.0163242	0.0367883
5225	0.000470673	0.0560973	0.478263	0.41222	0.0300426	0.0229068
5226	0.000698312	0.0832324	0.232402	0.605462	0.0445604	0.0336451
5227	9.19604e-08	1.09904e-05	9.13436e-05	0.947253	5.87025e-06	0.0526383
5228	5.11417e-07	6.09563e-05	0.000170806	0.947105	3.26432e-05	0.0526301
5229	1.34295e-06	0.000160174	0.996084	0.00347523	8.58999e-05	0.000193116
5230	0.000255579	0.030545	0.253865	0.661378	0.017204	0.0367524
5231	0.00025581	0.030494	0.254094	0.661975	0.0163951	0.0367856
5232	0.000255826	0.0305016	0.25411	0.662017	0.0163273	0.0367879
5233	1.94821e-05	0.00232238	0.00658304	0.937714	0.00125246	0.0521082
5234	0.000255808	0.0305373	0.254093	0.661971	0.0163574	0.0367854
5235	0.000255828	0.0304953	0.254112	0.662023	0.0163252	0.0367882
5236	6.99831e-08	8.35826e-06	6.95137e-05	0.947278	4.48528e-06	0.0526397
5237	6.96218e-11	1	6.91548e-08	1.80165e-07	4.44621e-09	1.00116e-08
5238	2.81895e-06	0.000336397	0.991781	0.00729476	0.000180107	0.000405366
5239	8.71519e-08	1.0412e-05	0.999746	0.000225529	5.56396e-06	1.25325e-05
5240	0.000685495	0.0817193	0.233014	0.607056	0.0437912	0.0337338
5241	7.31758e-06	0.000872327	0.00255096	0.943663	0.000468059	0.0524388
5242	6.03125e-11	1	5.9908e-08	1.56074e-07	3.84863e-09	8.67296e-09
5243	3.65857e-06	0.986135	0.00363403	0.00946751	0.000233626	0.000526104
5244	7.48583e-10	8.94052e-08	7.43562e-07	0.947355	4.77735e-08	0.052644
5245	6.02529e-07	7.18142e-05	0.999323	0.000536631	3.84731e-05	2.98203e-05
5246	5.21099e-06	0.000621317	0.984807	0.0134848	0.000332787	0.000749343
5247	0.000255806	0.030537	0.25409	0.661964	0.0163683	0.0367849
5248	1.97463e-05	0.00235423	0.977435	0.0179337	0.00126028	0.000996564
5249	1.98598e-09	2.36813e-07	1.97266e-06	0.947354	1.26789e-07	0.0526439
5250	7.6011e-08	9.0633e-06	0.999778	0.000196698	4.85212e-06	1.09304e-05
5251	1.37333e-09	0.999998	4.62723e-07	1.2055e-06	8.88565e-08	6.69891e-08
5252	7.61983e-09	9.08564e-07	7.56872e-06	0.947347	4.86354e-07	0.0526435
5253	1.31023e-09	0.999995	1.30144e-06	3.39056e-06	8.37257e-08	1.88411e-07
5254	4.87183e-06	0.000581225	0.994462	0.00439647	0.000311043	0.000244309
5255	0.000255804	0.0305434	0.254088	0.66196	0.0163681	0.0367847
5256	4.24482e-11	1	1.42132e-08	3.70287e-08	2.70925e-09	2.05766e-09
5257	3.01357e-07	3.59247e-05	0.000299336	0.94702	1.92572e-05	0.0526253
5258	9.8417e-07	0.000117313	0.997131	0.0025468	6.28084e-05	0.000141524
5259	2.37287e-05	0.00283013	0.00817662	0.93547	0.00151567	0.0519835
5260	0.000698621	0.0833983	0.232324	0.605259	0.0446864	0.0336339
5261	1.03231e-06	0.000123059	0.00102538	0.946205	6.58846e-05	0.05258
5262	0.000255826	0.0305006	0.25411	0.662017	0.0163287	0.0367879
5263	2.76777e-11	1	9.24397e-09	2.40827e-08	1.76656e-09	1.33826e-09
5264	5.0576e-07	6.03051e-05	0.000502367	0.946792	3.23053e-05	0.0526127
5265	9.8667e-08	1.17596e-05	0.999888	8.85766e-05	6.29637e-06	4.92215e-06
5266	1.43031e-06	0.000170479	0.998387	0.0012785	9.12706e-05	7.10454e-05
5267	1.47606e-06	0.000176009	0.000508633	0.946617	9.43612e-05	0.0526029
5268	0.000690834	0.082347	0.232767	0.606412	0.0440854	0.033698
5269	5.03809e-07	6.00725e-05	0.998531	0.00130374	3.23155e-05	7.24479e-05
5270	0.000255828	0.0304946	0.254113	0.662023	0.0163255	0.0367882
5271	0.000695422	0.0829374	0.232469	0.605637	0.0446061	0.0336549
5272	8.20997e-07	9.78587e-05	0.999079	0.000728965	5.23935e-05	4.05081e-05
5273	1.0058e-05	0.00119892	0.00336998	0.94241	0.000641836	0.0523692
5274	1.93927e-09	0.999997	6.71743e-07	1.75005e-06	1.23792e-07	9.72492e-08
5275	0.000255822	0.0305172	0.254106	0.662006	0.0163272	0.0367873
5276	0.000255825	0.0304922	0.25411	0.662015	0.0163391	0.0367878
5277	0.000496505	0.0600665	0.16777	0.701024	0.0316873	0.0389555
5278	0.000686893	0.0818686	0.232961	0.606918	0.0438394	0.0337261
5279	8.51167e-08	1.01559e-05	8.45458e-05	0.000220262	0.999673	1.22398e-05
5280	5.31934e-08	6.34214e-06	0.99994	4.75476e-05	3.39583e-06	2.64219e-06
5281	3.65311e-05	0.00435478	0.012654	0.928997	0.00233402	0.0516238
5282	3.87821e-06	0.000462275	0.00130136	0.945447	0.000247482	0.0525379
5283	1.83433e-07	2.18632e-05	0.000182202	0.947151	1.17067e-05	0.0526326
5284	6.37147e-05	0.00760334	0.0632873	0.876283	0.00406836	0.0486945
5285	3.32331e-08	3.96077e-06	1.12489e-05	0.94734	2.12056e-06	0.0526431
5286	2.58657e-08	3.0846e-06	2.56922e-05	0.947327	1.6515e-06	0.0526424
5287	4.51512e-09	5.38295e-07	4.48484e-06	0.947351	2.89036e-07	0.0526437
5288	0.000255799	0.0306009	0.254083	0.661946	0.01633	0.036784
5289	0.000255827	0.0304966	0.254112	0.662021	0.0163271	0.0367881
5290	0.000254928	0.0338674	0.253219	0.659694	0.0163062	0.0366588
5291	1.07685e-06	0.000128394	0.000368132	0.946818	6.99279e-05	0.0526141
5292	0.000670541	0.0799257	0.233755	0.608988	0.0428189	0.0338411
5293	7.31184e-08	8.71805e-06	2.54896e-05	0.947319	4.66622e-06	0.052642
5294	6.72938e-07	8.02076e-05	0.999238	0.000604118	4.29448e-05	3.35705e-05
5295	6.14545e-07	7.32456e-05	0.000207656	0.947052	3.92203e-05	0.0526271
5296	3.66257e-09	4.36525e-07	1.24498e-06	0.947354	2.33704e-07	0.0526439
5297	5.05759e-07	6.0346e-05	0.000502367	0.946792	3.24406e-05	0.0526126
5298	0.000255827	0.0304971	0.254111	0.66202	0.0163273	0.0367881
5299	1.1501e-07	1.37129e-05	0.000114239	0.947228	7.3405e-06	0.0526369
5300	3.54744e-08	0.999866	3.52365e-05	9.17993e-05	2.26457e-06	5.10123e-06
5301	5.2635e-07	6.27312e-05	0.999412	0.000465067	3.37123e-05	2.58435e-05
5302	5.64279e-05	0.0067261	0.937544	0.0493297	0.00360285	0.00274122
5303	1.83433e-07	2.18798e-05	0.000182202	0.947151	1.17144e-05	0.0526326
5304	1.84243e-07	2.1965e-05	6.23634e-05	0.947265	1.17576e-05	0.0526389
5305	0.000692759	0.082606	0.232662	0.606141	0.0442152	0.0336829
5306	0.000255689	0.0305376	0.253974	0.661663	0.0168016	0.0367682
5307	6.73076e-11	8.05718e-09	1	1.74176e-07	4.29617e-09	9.67886e-09
5308	7.47857e-07	8.95236e-05	0.000260708	0.946978	4.77426e-05	0.052623
5309	3.36936e-06	0.000403073	0.00334676	0.943596	0.000215451	0.0524351
5310	1.14846e-08	1.36977e-06	1.14076e-05	0.947343	7.3606e-07	0.0526433
5311	2.29653e-07	0.999697	7.6734e-05	0.00019991	1.46579e-05	1.11089e-05
5312	5.07791e-10	0.999999	1.68864e-07	4.39931e-07	3.24317e-08	2.44467e-08
5313	0.000150916	0.0180657	0.149904	0.390536	0.419642	0.0217018
5314	1.22894e-06	0.000146472	0.000417743	0.946746	7.84422e-05	0.0526101
5315	1.09628e-05	0.00130707	0.00372648	0.941914	0.000699687	0.0523416
5316	5.75409e-07	6.86072e-05	0.998322	0.00148902	3.71283e-05	8.2744e-05
5317	5.37342e-06	0.000640445	0.0018613	0.944656	0.000343191	0.052494
5318	1.9056e-12	2.27591e-10	1.89282e-09	0.947356	1.21627e-10	0.052644
5319	0.000501441	0.0599286	0.174806	0.693964	0.0322365	0.0385632
5320	3.1998e-08	3.8136e-06	1.07372e-05	0.94734	2.04175e-06	0.0526431
5321	1.2611e-06	0.99522	0.00125264	0.00326343	8.13728e-05	0.000181347
5322	9.6155e-05	0.0114918	0.719612	0.248826	0.00614696	0.0138271
5323	3.36934e-06	0.000401594	0.00334674	0.94359	0.000223581	0.0524347
5324	0.000656438	0.136474	0.218928	0.57036	0.0418873	0.0316946
5325	8.83131e-08	1.05282e-05	0.999901	7.80308e-05	5.63578e-06	4.33612e-06
5326	1.03231e-06	0.00012304	0.00102538	0.946205	6.601e-05	0.05258
5327	1.07078e-06	0.000127628	0.000359968	0.946828	6.83488e-05	0.0526147
5328	0.000255806	0.0305721	0.254091	0.661966	0.0163299	0.0367851
5329	3.71559e-10	1	1.2536e-07	3.26592e-07	2.38136e-08	1.81485e-08
5330	0.000255827	0.0304977	0.254112	0.662021	0.0163261	0.0367881
5331	1.00216e-07	1.19478e-05	0.999708	0.000259335	6.39867e-06	1.44111e-05
5332	5.84013e-06	0.000696284	0.993507	0.00513335	0.000372699	0.000285257
5333	9.28938e-07	0.000113229	0.000922708	0.946317	5.94978e-05	0.0525863
5334	2.6815e-08	3.19595e-06	9.20028e-06	0.947343	1.71113e-06	0.0526433
5335	1.5705e-06	0.000187236	0.995421	0.00406409	0.000100256	0.000225839
5336	3.71209e-07	4.42423e-05	0.99959	0.000323445	2.36867e-05	1.79737e-05
5337	3.65308e-05	0.00435483	0.0126539	0.92899	0.00234129	0.0516234
5338	3.3874e-12	1	1.13496e-09	2.95684e-09	2.16181e-10	1.6431e-10
5339	1.05392e-12	1	3.53374e-10	9.20623e-10	6.99359e-11	5.11585e-11
5340	5.2108e-07	6.21235e-05	0.000175571	0.947099	3.32522e-05	0.0526297
5341	0.000255826	0.0305038	0.25411	0.662016	0.0163268	0.0367878
5342	8.03529e-09	9.57714e-07	0.999991	7.08577e-06	5.12779e-07	3.93752e-07
5343	1.15138e-08	1.37287e-06	3.98827e-06	0.94735	7.34821e-07	0.0526437
5344	1.36107e-07	1.62229e-05	4.60701e-05	0.947289	8.68532e-06	0.0526403
5345	2.03606e-07	2.42824e-05	0.999769	0.000183739	1.30493e-05	1.02103e-05
5346	6.33776e-07	7.55591e-05	0.000216	0.947041	4.04616e-05	0.0526265
5347	5.28319e-08	6.2968e-06	1.81268e-05	0.94733	3.37121e-06	0.0526425
5348	8.83723e-06	0.00105377	0.990035	0.00789927	0.000563929	0.000438957
5349	2.98661e-06	0.000356529	0.00296658	0.00772865	0.988516	0.000429476
5350	7.41266e-09	0.999972	7.36294e-06	1.91822e-05	4.74775e-07	1.06594e-06
5351	3.94947e-05	0.00470726	0.956089	0.034715	0.00252023	0.00192909
5352	0.000687754	0.082119	0.232794	0.606483	0.0442141	0.0337019
5353	0.000255813	0.0305525	0.254098	0.661984	0.0163239	0.0367861
5354	0.000167027	0.780642	0.0556083	0.144873	0.0106597	0.00805049
5355	1.43329e-07	1.70883e-05	4.87206e-05	0.947285	9.14614e-06	0.05264
5356	0.000107875	0.012858	0.0370121	0.893485	0.00688695	0.0496504
5357	2.45192e-08	2.92236e-06	2.43547e-05	0.947329	1.57044e-06	0.0526425
5358	0.000693795	0.0826875	0.232625	0.606043	0.0442731	0.0336775
5359	7.20861e-10	8.59372e-08	7.16026e-07	0.947355	4.60322e-08	0.052644
5360	0.000686472	0.0824276	0.232818	0.606546	0.0438168	0.0337054
5361	0.00068911	0.0821407	0.232851	0.606633	0.0439759	0.0337102
5362	9.2501e-06	0.00110248	0.00317373	0.942731	0.000596864	0.052387
5363	3.13771e-05	0.00374033	0.964147	0.0279454	0.00258258	0.00155291
5364	3.89369e-05	0.00464107	0.956342	0.0345721	0.00248519	0.00192115
5365	9.88702e-10	1.17868e-07	9.82071e-07	0.947355	6.33257e-08	0.0526439
5366	4.95949e-09	5.9122e-07	1.72892e-06	0.947353	3.16979e-07	0.0526439
5367	9.33837e-09	1.11298e-06	3.16089e-06	0.947351	5.95897e-07	0.0526437
5368	2.20747e-07	2.63085e-05	7.36971e-05	0.947248	1.40857e-05	0.052638
5369	1.01829e-08	1.21401e-06	3.54982e-06	0.947351	6.49828e-07	0.0526437
5370	1.81124e-06	0.993136	0.00179909	0.00468705	0.000115588	0.000260457
5371	7.96907e-05	0.00949817	0.0271597	0.907726	0.00509444	0.0504418
5372	2.76651e-05	0.00329757	0.969157	0.024396	0.00176576	0.00135567
5373	3.68293e-10	4.38932e-08	1.2519e-07	0.947356	2.35005e-08	0.052644
5374	0.000255809	0.0304977	0.254093	0.661973	0.016395	0.0367854
5375	3.9686e-09	4.73087e-07	3.94198e-06	1.02698e-05	0.999985	5.70686e-07
5376	0.000255826	0.0304943	0.25411	0.662017	0.0163352	0.0367879
5377	0.000689102	0.0821463	0.232849	0.606626	0.0439803	0.0337098
5378	6.74167e-08	8.03706e-06	0.999803	0.000174458	4.30383e-06	9.69454e-06
5379	9.93064e-09	1.1841e-06	9.86404e-06	0.947345	6.34024e-07	0.0526434
5380	2.20368e-10	1	7.35708e-08	1.91669e-07	1.42582e-08	1.06509e-08
5381	6.60363e-07	7.87336e-05	0.000655933	0.946615	4.69703e-05	0.0526028
5382	1.75556e-08	2.09289e-06	1.74379e-05	0.947336	1.1204e-06	0.0526429
5383	5.72697e-09	6.82688e-07	5.68856e-06	0.94735	3.6566e-07	0.0526436
5384	0.0002558	0.0305036	0.254084	0.661949	0.016424	0.0367841
5385	1.66569e-11	1	5.56815e-09	1.45063e-08	1.06289e-09	8.06109e-10
5386	5.03809e-07	6.01313e-05	0.998531	0.00130374	3.21594e-05	7.24479e-05
5387	1.22477e-10	1.46079e-08	1.21656e-07	0.947356	7.84039e-09	0.052644
5388	0.000683946	0.0815454	0.233099	0.607277	0.0436495	0.033746
5389	0.000255597	0.0313701	0.253882	0.661423	0.0163137	0.0367549
5390	0.000255827	0.030499	0.254111	0.662019	0.0163273	0.036788
5391	0.000691664	0.0824479	0.232518	0.605765	0.0449151	0.033662
5392	1.37223e-06	0.000163559	0.000464479	0.946677	8.75631e-05	0.0526063
5393	0.000699285	0.0833412	0.232357	0.605344	0.0446203	0.0336386
5394	7.47857e-07	8.91415e-05	0.000260709	0.946979	4.77263e-05	0.052623
5395	4.52379e-07	5.39291e-05	0.000157703	0.947128	2.88749e-05	0.0526313
5396	1.76281e-05	0.00210116	0.00593953	0.938656	0.00112532	0.0521605
5397	1.36756e-08	1.63023e-06	4.69212e-06	1.22241e-05	0.999981	6.79284e-07
5398	1.20831e-06	0.000144017	0.000408291	0.946759	7.71205e-05	0.0526108
5399	0.000118716	0.0141524	0.0399518	0.88881	0.00757602	0.0493907
5400	0.000255796	0.0306006	0.25408	0.661939	0.0163409	0.0367835
5401	0.000147299	0.0175562	0.835385	0.130149	0.00953046	0.00723229
5402	1.07518e-06	0.000128144	0.000362753	0.946825	6.86531e-05	0.0526145
5403	1.5626e-10	1.86281e-08	1.55212e-07	0.947356	9.97311e-09	0.052644
5404	3.36214e-09	4.01073e-07	3.33959e-06	0.947352	2.16943e-07	0.0526438
5405	2.79282e-06	0.000332906	0.000949335	0.94597	0.000178238	0.052567
5406	4.60169e-08	5.48453e-06	4.57082e-05	0.947305	2.93737e-06	0.0526412
5407	1.89493e-08	2.26047e-06	1.88222e-05	0.947335	1.20936e-06	0.0526428
5408	3.96147e-07	4.73907e-05	0.00039349	0.946914	2.52935e-05	0.0526194
5409	7.47114e-06	0.000890546	0.00742103	0.939023	0.000476798	0.052181
5410	0.000210646	0.0251089	0.766686	0.184308	0.013444	0.0102419
5411	0.000255808	0.0305723	0.254092	0.66197	0.0163245	0.0367853
5412	6.55325e-06	0.000781108	0.002211	0.944119	0.000418163	0.0524641
5413	3.1603e-07	3.76695e-05	0.999079	0.00081781	2.01659e-05	4.54452e-05
5414	7.1664e-09	8.54382e-07	7.11833e-06	0.947348	4.57663e-07	0.0526436
5415	0.000694962	0.0828435	0.23256	0.605873	0.0443612	0.033668
5416	0.000255829	0.0304931	0.254113	0.662025	0.0163249	0.0367883
5417	2.36735e-10	2.82172e-08	2.35147e-07	0.947356	1.51119e-08	0.052644
5418	4.44812e-06	0.000530128	0.00150075	0.945159	0.000283848	0.0525219
5419	3.96147e-07	4.72486e-05	0.00039349	0.946914	2.52969e-05	0.0526194
5420	6.93977e-13	8.29392e-11	6.89323e-10	0.947356	4.43546e-11	0.052644
5421	0.000255824	0.0304974	0.254109	0.662013	0.0163376	0.0367877
5422	1.05196e-07	1.25444e-05	3.58523e-05	0.947304	6.7878e-06	0.0526411
5423	0.000686479	0.0824284	0.23282	0.606552	0.0438066	0.0337057
5424	1.15138e-08	1.37287e-06	3.98827e-06	0.94735	7.35532e-07	0.0526437
5425	0.000687875	0.0820572	0.232835	0.60659	0.044122	0.0337078
5426	0.000255787	0.0305291	0.254072	0.661917	0.016444	0.0367823
5427	5.95217e-06	0.000709448	0.993326	0.00528494	0.000379814	0.000293681
5428	1.11098e-07	1.32433e-05	3.84832e-05	0.9473	7.09028e-06	0.0526409
5429	0.000255767	0.0305469	0.254051	0.661863	0.0165034	0.0367794
5430	1.52414e-15	1	1.51392e-12	3.94411e-12	9.72798e-14	2.19172e-13
5431	0.000255826	0.0305016	0.25411	0.662018	0.0163265	0.0367879
5432	0.000690023	0.0822513	0.232806	0.606515	0.0440341	0.0337037
5433	8.85148e-08	1.05492e-05	2.9551e-05	0.947313	5.64802e-06	0.0526416
5434	1.08942e-12	1.2989e-10	1.08212e-09	0.947356	6.95429e-11	0.052644
5435	3.46045e-07	4.12512e-05	0.000117131	0.947185	2.20912e-05	0.0526345
5436	1.55272e-13	1.85357e-11	1.5423e-10	0.947356	9.90797e-12	0.052644
5437	9.69492e-09	1.15542e-06	3.22544e-06	0.947351	6.1862e-07	0.0526437
5438	0.000255798	0.0306008	0.254082	0.661944	0.0163334	0.0367838
5439	3.52409e-10	4.2069e-08	3.50045e-07	0.947356	2.2492e-08	0.052644
5440	1.85702e-06	0.000221856	0.000625695	0.946439	0.000118502	0.052593
5441	3.0938e-07	3.68998e-05	0.999646	0.00028098	1.97469e-05	1.56139e-05
5442	0.000695342	0.0828704	0.232442	0.605567	0.0447738	0.033651
5443	1.80784e-06	0.000215494	0.994729	0.00467827	0.000115361	0.000259969
5444	1.54896e-06	0.000184721	0.998278	0.0013615	9.89204e-05	7.56579e-05
5445	3.4678e-13	4.13305e-11	3.44454e-10	8.97385e-10	1	4.98671e-11
5446	2.79423e-07	3.33029e-05	9.74089e-05	0.947215	1.78446e-05	0.0526362
5447	3.92521e-05	0.00468162	0.885552	0.101575	0.00250787	0.00564447
5448	0.000694482	0.0829691	0.232537	0.605815	0.0443193	0.0336648
5449	3.02121e-06	0.00036011	0.00101101	0.945872	0.00019279	0.0525615
5450	0.000255823	0.0305121	0.254107	0.662009	0.0163279	0.0367875
5451	6.48001e-07	7.72405e-05	0.000218074	0.947036	4.13497e-05	0.0526262
5452	2.50121e-06	0.990521	0.00248443	0.00647253	0.000159642	0.000359675
5453	0.000677401	0.0807544	0.233424	0.608125	0.0432256	0.0337931
5454	5.45501e-06	0.00065021	0.993918	0.00481041	0.00034837	0.000267311
5455	0.000255704	0.0304819	0.253989	0.661701	0.0168026	0.0367703
5456	9.90772e-06	0.00118094	0.98897	0.0087219	0.000632215	0.000484671
5457	2.97378e-05	0.00354519	0.0102031	0.932505	0.00189787	0.0518188
5458	2.03091e-07	2.42105e-05	6.82737e-05	0.947256	1.29609e-05	0.0526384
5459	5.34108e-10	6.36881e-08	5.30526e-07	0.947355	3.40894e-08	0.052644
5460	0.000255817	0.0305114	0.254102	0.661994	0.0163502	0.0367866
5461	2.16816e-08	2.58668e-06	7.55835e-06	0.947345	1.38353e-06	0.0526434
5462	3.04485e-11	3.63161e-09	1	7.87936e-08	1.95304e-09	4.37851e-09
5463	5.2635e-07	6.27387e-05	0.999412	0.000465067	3.35864e-05	2.58435e-05
5464	2.09539e-07	2.49938e-05	0.000208134	0.947122	1.33738e-05	0.052631
5465	2.18211e-09	2.60178e-07	2.16748e-06	0.947354	1.3929e-07	0.0526439
5466	4.19615e-06	0.000500268	0.00416801	0.0108587	0.983865	0.000603409
5467	0.00025581	0.030513	0.254094	0.661976	0.0163757	0.0367856
5468	5.28895e-06	0.000630484	0.00525348	0.941457	0.00033758	0.0523162
5469	1.37413e-07	1.63786e-05	0.999844	0.000124006	8.77118e-06	6.89091e-06
5470	5.50876e-07	6.56847e-05	0.998394	0.00142554	3.51549e-05	7.92163e-05
5471	1.90504e-08	2.27049e-06	0.999979	1.67449e-05	1.21559e-06	9.30502e-07
5472	9.80253e-06	0.00116852	0.00330727	0.942514	0.000625614	0.0523749
5473	3.92071e-10	4.73807e-08	0.999999	1.01459e-06	2.5023e-08	5.638e-08
5474	1.63412e-08	1.94761e-06	5.47162e-06	0.947348	1.04272e-06	0.0526436
5475	1.11098e-07	1.32417e-05	3.84832e-05	0.9473	7.08932e-06	0.0526409
5476	0.000691541	0.0824509	0.232726	0.606306	0.0441332	0.0336921
5477	7.43427e-09	8.86088e-07	7.38441e-06	0.947348	4.74425e-07	0.0526435
5478	2.57984e-12	3.07542e-10	2.56253e-09	0.947356	1.64677e-10	0.052644
5479	2.38178e-06	0.000284022	0.000799917	0.946183	0.000151989	0.0525788
5480	0.000689129	0.082133	0.232505	0.60573	0.0452834	0.03366
5481	0.000255827	0.0304966	0.254111	0.66202	0.0163276	0.0367881
5482	9.04405e-07	0.000107793	0.000302329	0.946912	5.77111e-05	0.0526193
5483	0.000255763	0.0306412	0.254048	0.661855	0.0164217	0.0367789
5484	6.02602e-06	0.000718235	0.993339	0.00526008	0.000384523	0.0002923
5485	2.45192e-08	2.92267e-06	2.43547e-05	0.947329	1.57044e-06	0.0526425
5486	2.31138e-07	2.75572e-05	7.93039e-05	0.947241	1.47526e-05	0.0526376
5487	4.62887e-07	5.52048e-05	0.000154288	0.947129	2.95989e-05	0.0526314
5488	1.55672e-07	1.85598e-05	0.999826	0.000137547	9.95431e-06	7.64341e-06
5489	2.42037e-07	2.88538e-05	8.12174e-05	0.947237	1.54585e-05	0.0526374
5490	1.40755e-07	1.67839e-05	0.99959	0.00036424	8.99302e-06	2.02406e-05
5491	4.25874e-10	5.07821e-08	4.23018e-07	0.947356	2.72251e-08	0.052644
5492	2.56291e-09	3.0546e-07	8.59329e-07	0.947355	1.63572e-07	0.0526439
5493	0.000254624	0.0303507	0.252916	0.658906	0.0209575	0.036615
5494	1.38083e-05	0.00164692	0.00464693	0.940546	0.000881224	0.0522656
5495	1.08093e-07	1.28873e-05	3.70869e-05	0.947302	6.90087e-06	0.052641
5496	0.000693088	0.0829134	0.232571	0.605902	0.0442504	0.0336696
5497	9.23241e-09	1.10047e-06	3.18137e-06	0.947351	5.8931e-07	0.0526437
5498	1.92362e-07	2.29431e-05	0.999439	0.000497787	1.22793e-05	2.76617e-05
5499	0.000424586	0.050605	0.142734	0.738125	0.0270944	0.0410172
5500	0.000683918	0.0815776	0.233089	0.607251	0.0436537	0.0337446
5501	2.00724e-07	2.3923e-05	0.999779	0.000174005	1.28096e-05	9.66936e-06
5502	4.79338e-07	5.71311e-05	0.999473	0.00041576	3.05863e-05	2.31035e-05
5503	0.000481583	0.0573959	0.160664	0.711208	0.0307293	0.0395214
5504	4.99749e-08	5.9582e-06	1.73108e-05	0.947331	3.18927e-06	0.0526426
5505	5.8389e-05	0.00695893	0.936	0.0504527	0.00372617	0.00280363
5506	9.41573e-07	0.000112311	0.000320901	0.946888	6.00878e-05	0.052618
5507	8.07515e-07	9.62465e-05	0.000268055	0.946961	5.15535e-05	0.0526221
5508	5.73019e-08	6.82973e-06	1.93958e-05	0.947328	3.65736e-06	0.0526424
5509	0.000695558	0.0829595	0.232515	0.605756	0.0444133	0.0336615
5510	8.56883e-07	0.000102181	0.999054	0.000746627	5.46877e-05	4.14896e-05
5511	0.000253623	0.0302659	0.251922	0.656317	0.0247702	0.0364711
5512	1.34416e-08	1.60331e-06	1.33514e-05	0.947341	8.58138e-07	0.0526432
5513	0.000255757	0.0307592	0.254041	0.661838	0.016328	0.0367779
5514	1.0357e-12	1.23538e-10	1	2.68013e-09	6.61074e-11	1.48933e-10
5515	4.10588e-06	0.000489437	0.00141484	0.9453	0.000262037	0.0525297
5516	6.06087e-09	7.2236e-07	2.06021e-06	0.947353	3.86759e-07	0.0526438
5517	5.13345e-05	0.00612153	0.850308	0.132842	0.00329602	0.00738192
5518	2.48631e-06	0.000296366	0.00246963	0.944583	0.000158782	0.0524899
5519	1.83433e-07	2.18719e-05	0.000182202	0.947151	1.17238e-05	0.0526326
5520	0.000696567	0.0830798	0.232466	0.605628	0.0444749	0.0336544
5521	1.07795e-06	0.000128522	0.000365589	0.946822	6.87927e-05	0.0526143
5522	1.13516e-11	1.35464e-09	3.82477e-09	9.96443e-09	1	5.53717e-10
5523	0.000255798	0.0306009	0.254083	0.661945	0.0163315	0.0367839
5524	1.22894e-06	0.000146497	0.000417743	0.946746	7.8449e-05	0.0526101
5525	4.72585e-08	0.999821	4.69415e-05	0.000122294	3.04936e-06	6.79579e-06
5526	2.48607e-06	0.000296369	0.000840045	0.946127	0.000158645	0.0525757
5527	0.000255815	0.0305275	0.254099	0.661989	0.0163421	0.0367863
5528	1.03242e-05	0.00123107	0.00349457	0.942244	0.000659626	0.05236
5529	0.00025583	0.0304903	0.254114	0.662027	0.0163241	0.0367885
5530	3.74748e-08	4.46636e-06	1.28577e-05	0.947337	2.39192e-06	0.052643
5531	0.000172277	0.0205395	0.804183	0.155467	0.0109985	0.00863921
5532	4.20693e-07	5.01393e-05	0.000140305	0.94715	2.68449e-05	0.0526325
5533	2.44719e-09	2.91734e-07	2.43077e-06	6.33274e-06	0.999991	3.51906e-07
5534	0.000255822	0.0304977	0.254106	0.662006	0.0163474	0.0367873
5535	4.20261e-06	0.994483	0.00139865	0.00364381	0.0002682	0.000202485
5536	0.000255798	0.0306008	0.254082	0.661943	0.0163345	0.0367838
5537	1.24258e-06	0.000148215	0.99858	0.00112852	7.94351e-05	6.2711e-05
5538	2.05261e-06	0.000244769	0.997654	0.00186419	0.000131016	0.000103592
5539	3.9686e-09	4.73138e-07	3.94198e-06	1.02698e-05	0.999985	5.70686e-07
5540	1.14984e-05	0.00137088	0.987074	0.0102408	0.000733868	0.000569075
5541	0.000255809	0.0305519	0.254093	0.661972	0.0163417	0.0367854
5542	3.72386e-05	0.858878	0.0369888	0.0963646	0.00237684	0.00535492
5543	1.43607e-18	1.71205e-16	1.42644e-15	3.71622e-15	1	2.06508e-16
5544	5.15124e-08	6.14048e-06	1.77505e-05	0.94733	3.28701e-06	0.0526426
5545	5.85913e-08	6.99985e-06	5.81983e-05	0.947291	3.73965e-06	0.0526404
5546	0.000247739	0.0295365	0.246078	0.64109	0.0474231	0.035625
5547	1.12534e-07	1.34158e-05	3.92304e-05	0.947299	7.18196e-06	0.0526408
5548	5.58308e-06	0.000665709	0.983722	0.0144477	0.000356406	0.00080285
5549	0.000122031	0.0145463	0.644209	0.315787	0.00778756	0.0175481
5550	3.15244e-07	3.76057e-05	0.999081	0.000815776	2.01642e-05	4.53322e-05
5551	2.81894e-06	0.000337228	0.99178	0.00729476	0.000179952	0.000405365
5552	0.000255827	0.0304976	0.254111	0.662019	0.0163288	0.036788
5553	4.56222e-06	0.00054391	0.994871	0.00406325	0.000291133	0.000225792
5554	1.91739e-07	2.28538e-05	0.000190453	0.947142	1.22431e-05	0.0526321
5555	7.46336e-07	8.8956e-05	0.000253121	0.946986	4.76238e-05	0.0526234
5556	2.06553e-05	0.002462	0.00695117	0.93717	0.00131808	0.052078
5557	2.65855e-08	3.16886e-06	8.9833e-06	0.947343	1.69652e-06	0.0526433
5558	2.0437e-05	0.00243695	0.00698662	0.937173	0.00130505	0.0520781
5559	1.91978e-06	0.000229133	0.00190691	0.945214	0.000123418	0.052525
5560	0.000255826	0.0304976	0.25411	0.662017	0.0163317	0.0367879
5561	0.00024112	0.0862086	0.239502	0.623961	0.0154142	0.0346731
5562	3.12696e-07	3.72746e-05	0.999088	0.000809183	1.9955e-05	4.49658e-05
5563	8.30343e-10	9.90523e-08	8.24774e-07	2.14873e-06	0.999997	1.19404e-07
5564	1.47606e-06	0.000176051	0.000508633	0.946617	9.4265e-05	0.0526029
5565	0.000255758	0.0307594	0.254043	0.661842	0.0163214	0.0367782
5566	1.85368e-05	0.00221059	0.00642095	0.938041	0.00118291	0.0521264
5567	0.00025577	0.0307114	0.254055	0.661872	0.016326	0.0367798
5568	2.19503e-06	0.000261657	0.997525	0.00196206	0.000140266	0.00010903
5569	0.000699601	0.083378	0.232341	0.605304	0.0446404	0.0336364
5570	4.28183e-19	1	4.25311e-16	1.10803e-15	2.7322e-17	6.15728e-17
5571	1.12534e-07	1.34134e-05	3.92304e-05	0.947299	7.19406e-06	0.0526408
5572	2.58657e-08	3.08391e-06	2.56922e-05	0.947327	1.65237e-06	0.0526424
5573	5.12013e-08	6.10382e-06	5.08579e-05	0.947299	3.27014e-06	0.0526408
5574	6.71347e-06	0.974558	0.00666844	0.0173729	0.000428738	0.0009654
5575	2.96495e-08	3.53445e-06	1.0105e-05	0.947341	1.89202e-06	0.0526432
5576	4.22651e-06	0.000510763	0.00144488	0.945241	0.00027215	0.0525265
5577	0.000255814	0.0305163	0.254098	0.661986	0.0163578	0.0367862
5578	1.1431e-09	0.999998	3.86255e-07	1.00629e-06	7.32147e-08	5.59187e-08
5579	1.74007e-06	0.000207407	0.998049	0.00154501	0.000111032	8.58551e-05
5580	4.71651e-06	0.000562188	0.994749	0.004152	0.000300988	0.000230724
5581	1.27642e-10	1.52185e-08	1.26786e-07	3.30307e-07	1	1.83549e-08
5582	8.52903e-10	1.01697e-07	8.47183e-07	2.20711e-06	0.999997	1.22648e-07
5583	7.61577e-06	0.000908409	0.00756469	0.938861	0.000486095	0.052172
5584	5.99545e-09	7.14782e-07	5.95524e-06	0.947349	3.82586e-07	0.0526436
5585	0.000524209	0.0625109	0.181581	0.683853	0.0335304	0.0380013
5586	3.0938e-07	3.69028e-05	0.999646	0.00028098	2.01902e-05	1.56139e-05
5587	7.06257e-07	8.41944e-05	0.000237963	0.947007	4.50936e-05	0.0526246
5588	7.18094e-08	8.56312e-06	7.13278e-05	0.947276	4.58283e-06	0.0526396
5589	5.37342e-06	0.000640564	0.0018613	0.944656	0.000343035	0.052494
5590	2.95317e-06	0.000352001	0.996679	0.00263019	0.000189853	0.000146158
5591	3.06183e-12	1	1.03843e-09	2.70534e-09	1.95474e-10	1.50334e-10
5592	3.80204e-05	0.00453125	0.95818	0.0329914	0.00242607	0.00183331
5593	0.000255829	0.0304902	0.254113	0.662026	0.0163267	0.0367884
5594	1.03241e-05	0.00123441	0.00349456	0.942241	0.000659453	0.0523598
5595	5.5957e-05	0.00667665	0.019199	0.919406	0.00357144	0.0510908
5596	0.000255399	0.0321104	0.253686	0.660912	0.0163104	0.0367265
5597	1.47606e-06	0.000175968	0.000508633	0.946617	9.43078e-05	0.0526029
5598	7.17392e-06	0.000855082	0.991935	0.00638932	0.000457904	0.000355051
5599	4.31861e-06	0.000535251	0.00146798	0.945193	0.000275603	0.0525238
5600	1.75716e-08	2.09436e-06	5.97294e-06	0.947347	1.1215e-06	0.0526435
5601	3.92514e-05	0.00467946	0.885536	0.101573	0.00252744	0.00564437
5602	1.47922e-07	1.76293e-05	4.92382e-05	0.947284	9.43888e-06	0.05264
5603	7.18094e-08	8.5636e-06	7.13278e-05	0.947276	4.58273e-06	0.0526396
5604	4.09213e-07	4.88331e-05	0.000141747	0.94715	2.61844e-05	0.0526326
5605	2.19224e-07	2.61314e-05	7.49443e-05	0.947247	1.39892e-05	0.0526379
5606	1.23408e-09	0.999995	1.2258e-06	3.1935e-06	7.87796e-08	1.77461e-07
5607	3.96147e-07	4.75071e-05	0.00039349	0.946914	2.53247e-05	0.0526194
5608	0.000255812	0.0305523	0.254097	0.661982	0.0163272	0.0367859
5609	6.94379e-11	8.28331e-09	6.89722e-08	0.947356	4.43215e-09	0.052644
5610	1.32171e-05	0.00157521	0.00442293	0.940862	0.000843396	0.0522831
5611	2.20031e-06	0.000262397	0.000767046	0.946246	0.000140545	0.0525823
5612	1.85155e-06	0.00022068	0.997936	0.00163276	0.000118151	9.07313e-05
5613	3.19783e-07	3.81154e-05	0.000109322	0.947197	2.04105e-05	0.0526351
5614	5.05759e-07	6.05429e-05	0.000502367	0.946791	3.25141e-05	0.0526126
5615	1.04619e-07	1.24722e-05	0.000103918	0.947239	6.69723e-06	0.0526375
5616	8.69467e-07	0.000103637	0.000863635	0.946386	5.55002e-05	0.0525901
5617	0.000698654	0.0835793	0.232304	0.605207	0.0445803	0.033631
5618	5.80072e-07	6.9141e-05	0.000199886	0.947066	3.70198e-05	0.0526279
5619	0.000698043	0.0833946	0.232355	0.605339	0.0445751	0.0336383
5620	2.66931e-09	3.18174e-07	8.89974e-07	2.31859e-06	0.999996	1.28843e-07
5621	3.41111e-08	4.06612e-06	1.18157e-05	0.947339	2.1794e-06	0.052643
5622	0.000255826	0.0304997	0.25411	0.662016	0.0163305	0.0367878
5623	0.000255826	0.030497	0.254111	0.662018	0.0163306	0.0367879
5624	4.18042e-06	0.000498565	0.987811	0.0108179	0.000266887	0.000601146
5625	0.000255825	0.0305026	0.254109	0.662015	0.0163295	0.0367878
5626	4.81453e-08	5.73919e-06	0.99986	0.000124589	3.07344e-06	6.92331e-06
5627	2.95625e-06	0.00035248	0.996699	0.00261206	0.000188643	0.00014515
5628	0.000674236	0.0804594	0.233548	0.608449	0.0430583	0.0338111
5629	0.000694977	0.0828408	0.232564	0.605885	0.0443461	0.0336687
5630	2.14001e-05	0.00255222	0.0212566	0.923487	0.00136567	0.0513176
5631	1.85368e-05	0.00220957	0.00642095	0.938041	0.00118371	0.0521264
5632	4.0911e-08	4.8779e-06	4.06366e-05	0.94731	2.63007e-06	0.0526415
5633	1.91739e-07	2.28606e-05	0.000190453	0.947142	1.22423e-05	0.0526321
5634	3.8088e-06	0.000454018	0.00128041	0.945479	0.000243051	0.0525397
5635	1.31666e-12	1.57081e-10	1.30782e-09	0.947356	8.40312e-11	0.052644
5636	0.000255808	0.0305373	0.254093	0.661971	0.0163574	0.0367854
5637	2.45653e-10	0.999999	2.44006e-07	6.35692e-07	1.56812e-08	3.5325e-08
5638	4.50579e-08	5.37047e-06	0.999949	4.06615e-05	2.87616e-06	2.25953e-06
5639	7.99835e-07	9.53839e-05	0.000274425	0.946956	5.13034e-05	0.0526218
5640	1.26577e-06	0.000150878	0.000441258	0.946717	8.07838e-05	0.0526085
5641	1.22894e-06	0.000146602	0.000417743	0.946746	7.84239e-05	0.0526101
5642	6.0422e-09	7.2052e-07	6.00168e-06	0.947349	3.85678e-07	0.0526436
5643	6.02183e-12	7.17712e-10	5.98144e-09	1.55831e-08	1	8.65941e-10
5644	1.75845e-07	2.09594e-05	6.13009e-05	0.947267	1.1224e-05	0.0526391
5645	0.00053721	0.0640266	0.406492	0.468622	0.0342805	0.0260411
5646	1.41328e-05	0.0016855	0.00492679	0.940224	0.000901945	0.0522477
5647	0.000255825	0.030495	0.25411	0.662015	0.0163363	0.0367878
5648	3.74166e-07	4.45945e-05	0.999583	0.000329951	2.38768e-05	1.83352e-05
5649	6.00074e-09	7.15481e-07	0.999983	1.55285e-05	3.83021e-07	8.62909e-07
5650	2.90327e-09	3.47541e-07	2.8838e-06	0.947353	1.85704e-07	0.0526438
5651	0.000255827	0.0304977	0.254111	0.66202	0.0163269	0.0367881
5652	3.92441e-05	0.00467708	0.0130197	0.928181	0.00250424	0.0515785
5653	0.000255822	0.0305047	0.254106	0.662007	0.0163389	0.0367873
5654	2.37287e-05	0.00283164	0.00817662	0.93547	0.00151448	0.0519835
5655	0.000692781	0.082569	0.23267	0.60616	0.0442249	0.0336839
5656	7.31779e-07	8.72172e-05	0.000245767	0.946996	4.67183e-05	0.052624
5657	0.000677353	0.0807882	0.233408	0.608082	0.0432539	0.0337908
5658	3.46942e-06	0.000414021	0.996035	0.00315095	0.000221849	0.000175096
5659	0.000687927	0.082023	0.232853	0.606636	0.0440899	0.0337104
5660	0.000255818	0.0305236	0.254102	0.661996	0.0163358	0.0367867
5661	0.000682016	0.0813249	0.233155	0.607424	0.0436594	0.0337542
5662	6.37777e-08	7.60408e-06	6.335e-05	0.947285	4.07213e-06	0.05264
5663	0.000685482	0.0817803	0.233009	0.607045	0.043747	0.0337331
5664	4.06606e-08	4.85769e-06	0.999954	3.69282e-05	2.61398e-06	2.05208e-06
5665	3.2584e-07	3.88404e-05	0.000109038	0.947196	2.07925e-05	0.0526351
5666	8.16636e-05	0.00973875	0.0811159	0.856254	0.00522771	0.0475815
5667	1.46641e-05	0.00175054	0.983622	0.0129568	0.000936021	0.00072
5668	1.35031e-07	1.6093e-05	4.51614e-05	0.94729	8.6161e-06	0.0526403
5669	1.47862e-08	1.76243e-06	5.15459e-06	0.947349	9.43904e-07	0.0526436
5670	4.07285e-15	4.85439e-13	4.04553e-12	0.947356	2.59919e-13	0.052644
5671	0.000255819	0.0305279	0.254103	0.661998	0.0163279	0.0367869
5672	6.60366e-07	7.87516e-05	0.000655937	0.946619	4.21662e-05	0.0526031
5673	1.1244e-05	0.00134841	0.0111685	0.934806	0.000719468	0.0519466
5674	0.000255818	0.03052	0.254103	0.661998	0.0163372	0.0367868
5675	0.000255825	0.0305005	0.25411	0.662015	0.0163311	0.0367878
5676	3.33795e-09	3.99576e-07	0.99999	8.63783e-06	2.13112e-07	4.79999e-07
5677	1.47929e-08	1.76314e-06	0.999984	1.29697e-05	9.4547e-07	7.20717e-07
5678	9.16201e-07	0.000109222	0.000315712	0.946897	5.85706e-05	0.0526185
5679	5.50876e-07	6.56945e-05	0.998394	0.00142554	3.5157e-05	7.92163e-05
5680	9.04405e-07	0.000107798	0.000302329	0.946912	5.77116e-05	0.0526193
5681	0.000255828	0.0304953	0.254112	0.662023	0.0163252	0.0367882
5682	1.20718e-06	0.000144508	0.996479	0.00312389	7.75089e-05	0.000173593
5683	2.19224e-07	2.61347e-05	7.49443e-05	0.947247	1.39907e-05	0.0526379
5684	1.14724e-07	1.36783e-05	0.000113954	0.947228	7.33591e-06	0.0526369
5685	0.000255828	0.0304946	0.254113	0.662023	0.0163256	0.0367882
5686	0.000683969	0.0815228	0.233106	0.607297	0.043643	0.0337471
5687	0.000255829	0.0304928	0.254113	0.662024	0.0163263	0.0367883
5688	9.93064e-09	1.18367e-06	9.86404e-06	0.947345	6.34144e-07	0.0526434
5689	5.14855e-06	0.000620492	0.00511401	0.941607	0.000328772	0.0523245
5690	4.32442e-07	5.15424e-05	0.000147382	0.947141	2.75944e-05	0.0526321
5691	6.33775e-07	7.57443e-05	0.000216	0.947041	4.04712e-05	0.0526265
5692	1.03834e-07	1.23776e-05	3.52953e-05	0.947304	6.63516e-06	0.0526411
5693	7.12475e-06	0.000852881	0.0024551	0.942923	0.00136385	0.0523977
5694	1.92512e-05	0.00255753	0.977952	0.0172824	0.00122875	0.000960374
5695	1.75845e-07	2.09649e-05	6.13009e-05	0.947267	1.12226e-05	0.0526391
5696	4.83198e-08	5.75884e-06	0.999946	4.27907e-05	3.084e-06	2.37786e-06
5697	0.000255827	0.0304951	0.254111	0.662019	0.0163312	0.036788
5698	3.35749e-07	4.00449e-05	0.000112761	0.000293769	0.999537	1.63246e-05
5699	0.000255811	0.0305376	0.254095	0.661979	0.0163468	0.0367858
5700	1.09597e-07	1.30637e-05	3.77659e-05	0.947301	6.99379e-06	0.052641
5701	0.000688061	0.0820116	0.232898	0.606754	0.0439318	0.0337169
5702	1.5705e-06	0.000187199	0.995421	0.00406409	0.000100275	0.000225839
5703	6.72053e-09	0.999991	2.34283e-06	6.10362e-06	4.33643e-07	3.39174e-07
5704	2.14001e-05	0.00255106	0.0212566	0.923485	0.00136806	0.0513175
5705	0.000597348	0.0712656	0.31732	0.542514	0.0381555	0.0301472
5706	3.19783e-07	3.81172e-05	0.000109322	0.947197	2.04055e-05	0.0526351
5707	4.72462e-07	5.63221e-05	0.000161517	0.947121	3.01645e-05	0.0526309
5708	2.07662e-07	2.47495e-05	0.99977	0.000181697	1.32507e-05	1.00968e-05
5709	3.99692e-07	4.76405e-05	0.000397011	0.00103431	0.998463	5.74759e-05
5710	0.000255792	0.03062	0.254076	0.661928	0.016337	0.036783
5711	7.71037e-13	1	7.65866e-10	1.99526e-09	4.91998e-11	1.10875e-10
5712	0.000255741	0.0308213	0.254026	0.661797	0.0163251	0.0367756
5713	1.15508e-08	0.999956	1.14734e-05	2.98908e-05	7.37506e-07	1.66101e-06
5714	1.75845e-07	2.10498e-05	6.13009e-05	0.947267	1.12389e-05	0.0526391
5715	7.65113e-06	0.000911935	0.0025721	0.943585	0.000488376	0.0524345
5716	2.32846e-07	2.77525e-05	7.80718e-05	0.947241	1.48586e-05	0.0526376
5717	0.000255817	0.0304919	0.254102	0.661995	0.016369	0.0367867
5718	6.24668e-15	1	2.0776e-12	5.41264e-12	3.98597e-13	3.00777e-13
5719	1.09628e-05	0.00130683	0.00372647	0.941912	0.000702615	0.0523415
5720	4.08004e-13	4.86401e-11	1.3716e-10	3.57334e-10	1	1.98568e-11
5721	1.31043e-08	1.56205e-06	1.30164e-05	0.947341	8.3657e-07	0.0526432
5722	0.000255828	0.0304934	0.254112	0.662022	0.0163285	0.0367882
5723	3.33565e-07	3.97553e-05	0.999633	0.000289825	2.12845e-05	1.61054e-05
5724	1.91979e-06	0.000228833	0.00190691	0.945215	0.000122512	0.052525
5725	0.00025582	0.0305142	0.254104	0.662001	0.0163373	0.036787
5726	1.2451e-08	1.48428e-06	4.17474e-06	0.94735	7.95029e-07	0.0526437
5727	0.00018438	0.0219911	0.183143	0.741693	0.0117724	0.0412154
5728	0.000255791	0.0305838	0.254076	0.661927	0.0163745	0.0367829
5729	1.37223e-06	0.000163598	0.000464479	0.946676	8.79476e-05	0.0526062
5730	8.43347e-08	1.00656e-05	8.37691e-05	0.000218238	0.999676	1.21274e-05
5731	2.31138e-07	2.75518e-05	7.93039e-05	0.947241	1.47526e-05	0.0526376
5732	4.26999e-13	5.0937e-11	1	1.10497e-09	2.74507e-11	6.14026e-11
5733	0.000255822	0.030512	0.254106	0.662007	0.0163309	0.0367874
5734	0.000674129	0.0804174	0.233511	0.608351	0.0432402	0.0338057
5735	1.22713e-09	1.46252e-07	4.15363e-07	0.947355	7.83012e-08	0.052644
5736	0.000255826	0.0304997	0.25411	0.662017	0.01633	0.0367879
5737	1.24229e-09	1.4847e-07	1.23396e-06	0.947355	7.95678e-08	0.0526439
5738	5.82551e-12	1	5.78644e-09	1.5075e-08	3.71763e-10	8.37711e-10
5739	0.000255826	0.0305038	0.25411	0.662016	0.016327	0.0367878
5740	7.16675e-07	8.54318e-05	0.999185	0.000646747	4.57377e-05	3.59393e-05
5741	7.78052e-05	0.00927811	0.9128	0.0689022	0.00511267	0.00382886
5742	4.25874e-10	5.08974e-08	4.23018e-07	0.947356	2.7178e-08	0.052644
5743	8.40237e-13	1	8.34601e-10	2.17433e-09	5.36925e-11	1.20826e-10
5744	0.000255794	0.0306203	0.254078	0.661934	0.0163285	0.0367833
5745	0.000255704	0.0304805	0.253989	0.661702	0.0168026	0.0367704
5746	0.000255794	0.0306203	0.254079	0.661935	0.0163275	0.0367833
5747	0.000698296	0.083234	0.232397	0.605448	0.0445787	0.0336444
5748	0.000255683	0.0310114	0.253968	0.661648	0.0163494	0.0367674
5749	9.83839e-13	1.1731e-10	9.7724e-10	2.54594e-09	1	1.41476e-10
5750	1.87751e-05	0.00223775	0.0063056	0.93811	0.00119808	0.0521302
5751	1.24984e-06	0.000149233	0.000428823	0.946732	7.97708e-05	0.0526093
5752	0.000255828	0.0304937	0.254112	0.662023	0.0163268	0.0367882
5753	5.14858e-06	0.0006145	0.00511405	0.941613	0.000328865	0.0523248
5754	6.50164e-10	0.999998	6.45804e-07	1.68247e-06	4.14886e-08	9.34939e-08
5755	0.000688996	0.0821909	0.232813	0.606532	0.0440707	0.0337046
5756	0.000696822	0.0830666	0.232471	0.605643	0.0444675	0.0336552
5757	2.41248e-11	2.87573e-09	2.39629e-08	0.947356	1.54025e-09	0.052644
5758	0.000255351	0.030435	0.253639	0.660789	0.0181627	0.0367196
5759	4.09568e-06	0.000488142	0.995489	0.00355976	0.000261342	0.000197814
5760	1.6895e-07	2.01371e-05	5.85226e-05	0.947271	1.11019e-05	0.0526393
5761	4.94489e-08	5.89367e-06	4.91172e-05	0.000127962	0.99981	7.11077e-06
5762	5.20807e-07	6.20947e-05	0.00017869	0.947096	3.32631e-05	0.0526295
5763	0.000255826	0.0305027	0.25411	0.662017	0.0163266	0.0367879
5764	8.69467e-07	0.00010371	0.000863635	0.946386	5.54871e-05	0.0525901
5765	8.49854e-07	0.996779	0.000844154	0.00219922	5.42519e-05	0.000122209
5766	0.000255789	0.0306443	0.254073	0.661921	0.0163227	0.0367826
5767	2.51012e-11	2.9923e-09	2.49328e-08	0.947356	1.60251e-09	0.052644
5768	0.000255823	0.0304917	0.254107	0.662008	0.0163505	0.0367874
5769	1.1501e-07	1.37124e-05	0.000114239	0.947228	7.35647e-06	0.0526369
5770	0.000670538	0.0799563	0.233754	0.608985	0.0427924	0.033841
5771	0.00069276	0.0825742	0.232663	0.606142	0.0442454	0.0336829
5772	5.69313e-11	6.78603e-09	5.65494e-08	0.947356	4.27535e-09	0.052644
5773	0.000253582	0.0389835	0.251881	0.656209	0.0162073	0.0364652
5774	5.38203e-06	0.000642363	0.0018134	0.944699	0.000343433	0.0524964
5775	0.000216752	0.0258333	0.215299	0.560904	0.166578	0.0311691
5776	2.98535e-09	0.999989	2.96532e-06	7.72537e-06	1.90503e-07	4.29294e-07
5777	0.00013976	0.470356	0.138822	0.361665	0.00891884	0.0200975
5778	5.40954e-06	0.000644727	0.00184365	0.944666	0.000346141	0.0524945
5779	1.25981e-11	1	1.25136e-08	3.26009e-08	8.0491e-10	1.81161e-09
5780	0.000696624	0.0830247	0.232485	0.605678	0.0444591	0.0336571
5781	1.53429e-10	1.82944e-08	1.524e-07	3.97038e-07	0.999999	2.20632e-08
5782	1.25669e-06	0.000155755	0.00124826	0.945949	8.03195e-05	0.0525658
5783	7.99835e-07	9.53596e-05	0.000274425	0.946957	5.10462e-05	0.0526218
5784	7.40526e-08	8.83471e-06	2.5651e-05	0.947319	4.7258e-06	0.0526419
5785	0.000255823	0.0305099	0.254107	0.662008	0.0163315	0.0367874
5786	1.06853e-10	1.27395e-08	1	2.7651e-07	6.827e-09	1.53655e-08
5787	5.37342e-06	0.000640804	0.0018613	0.944655	0.000343315	0.0524939
5788	4.84397e-06	0.000577841	0.00481148	0.941953	0.000309488	0.0523437
5789	2.8283e-08	3.37081e-06	9.66889e-06	0.947342	1.805e-06	0.0526432
5790	0.000677253	0.0808652	0.233373	0.607992	0.0433064	0.0337858
5791	1.57782e-06	0.000188114	0.00156724	0.945596	0.000100825	0.0525462
5792	0.000255808	0.0305223	0.254092	0.661969	0.0163756	0.0367852
5793	1.32442e-07	1.5786e-05	0.999849	0.000120284	8.45385e-06	6.68413e-06
5794	0.000679767	0.0812112	0.23323	0.607618	0.0434963	0.033765
5795	9.4107e-05	0.0112156	0.896624	0.0815307	0.00600489	0.00453061
5796	3.21176e-06	0.000382804	0.00106889	0.945784	0.000204942	0.0525566
5797	1.15508e-08	0.999956	1.14734e-05	2.98908e-05	7.37341e-07	1.66101e-06
5798	3.15803e-08	3.76724e-06	0.999908	8.17223e-05	2.01698e-06	4.54126e-06
5799	9.46502e-07	0.000112863	0.998933	0.000846043	6.04368e-05	4.70141e-05
5800	8.80681e-06	0.00105253	0.00300149	0.942972	0.000564437	0.0524004
5801	2.06359e-06	0.000246297	0.000690175	0.946342	0.000131738	0.0525877
5802	0.000688079	0.0820132	0.232904	0.606769	0.0439077	0.0337178
5803	2.80723e-07	3.34638e-05	9.54236e-05	0.947217	1.79165e-05	0.0526363
5804	2.81629e-08	0.999962	9.59832e-06	2.50059e-05	1.79753e-06	1.38956e-06
5805	1.88139e-12	1	6.2958e-10	1.6402e-09	1.20075e-10	9.11452e-11
5806	1.77746e-07	2.11849e-05	6.00607e-05	0.947268	1.13489e-05	0.0526391
5807	7.99835e-07	9.53301e-05	0.000274425	0.946957	5.10794e-05	0.0526218
5808	0.000255829	0.0304925	0.254113	0.662024	0.0163258	0.0367883
5809	2.87498e-07	3.42928e-05	0.999162	0.000743978	1.83507e-05	4.13424e-05
5810	0.000255809	0.0304985	0.254093	0.661972	0.016395	0.0367854
5811	0.000255807	0.0305722	0.254091	0.661967	0.0163283	0.0367851
5812	4.88583e-07	5.8234e-05	0.999456	0.000430106	3.11865e-05	2.39007e-05
5813	6.53951e-07	7.79606e-05	0.000226522	0.947027	4.17317e-05	0.0526257
5814	0.000255821	0.0305143	0.254105	0.662004	0.016333	0.0367872
5815	4.88583e-07	5.8232e-05	0.999456	0.000430106	3.11908e-05	2.39007e-05
5816	2.20031e-06	0.000262273	0.000767045	0.946245	0.000141681	0.0525822
5817	1.46512e-05	0.00174651	0.983479	0.0130962	0.000936412	0.000727746
5818	0.000255823	0.0304961	0.254108	0.66201	0.0163427	0.0367875
5819	3.05002e-05	0.00363547	0.0103677	0.932217	0.00194667	0.0518027
5820	0.000255789	0.0306197	0.254073	0.661921	0.0163484	0.0367825
5821	5.51174e-05	0.00657003	0.0185289	0.920194	0.00351712	0.0511346
5822	0.000255821	0.0305202	0.254105	0.662003	0.0163292	0.0367871
5823	2.41475e-06	0.000287856	0.000810991	0.00211282	0.996669	0.000117408
5824	5.12013e-08	6.11353e-06	5.08579e-05	0.947299	3.26984e-06	0.0526408
5825	2.44859e-07	2.92441e-05	8.43753e-05	0.947233	1.56273e-05	0.0526372
5826	1.38605e-06	0.000165234	0.995959	0.00358676	8.84556e-05	0.000199314
5827	3.17201e-06	0.000378046	0.00106749	0.945792	0.000202406	0.0525571
5828	6.64446e-06	0.000792117	0.992481	0.00596495	0.000424196	0.000331469
5829	2.58657e-08	3.08382e-06	2.56922e-05	0.947327	1.652e-06	0.0526424
5830	1.83428e-07	2.18684e-05	0.000182198	0.947129	3.51125e-05	0.0526314
5831	3.15803e-08	3.77591e-06	0.999908	8.17223e-05	2.01625e-06	4.54126e-06
5832	7.74913e-07	9.23981e-05	0.000769715	0.946492	4.9472e-05	0.052596
5833	2.18211e-09	2.61424e-07	2.16748e-06	0.947354	1.39497e-07	0.0526439
5834	0.000674215	0.0804203	0.233541	0.608429	0.0431253	0.03381
5835	2.35277e-08	2.80473e-06	8.14974e-06	0.947344	1.50283e-06	0.0526433
5836	4.26666e-06	0.000508506	0.00142023	0.945267	0.000272292	0.0525279
5837	4.81666e-08	5.74193e-06	1.67912e-05	0.947332	3.07408e-06	0.0526427
5838	7.67144e-05	0.665218	0.025602	0.288185	0.00490417	0.0160142
5839	0.000255826	0.0305038	0.25411	0.662016	0.0163272	0.0367878
5840	1.23242e-05	0.00146905	0.98635	0.0107832	0.000786562	0.000599218
5841	9.09945e-09	1.08588e-06	9.03842e-06	0.947346	5.82503e-07	0.0526434
5842	0.00025577	0.0304903	0.254054	0.661871	0.0165487	0.0367798
5843	0.000255828	0.0304939	0.254112	0.662021	0.0163296	0.0367881
5844	1.64428e-08	1.96032e-06	5.60394e-06	0.947348	1.04948e-06	0.0526435
5845	0.000255792	0.0306201	0.254077	0.66193	0.0163342	0.0367831
5846	1.47602e-06	0.000175943	0.00050862	0.946591	0.000121488	0.0526015
5847	0.000255813	0.0305445	0.254097	0.661983	0.0163333	0.036786
5848	0.000255787	0.0306441	0.254072	0.661917	0.0163286	0.0367823
5849	0.000685516	0.0817276	0.233021	0.607074	0.0437569	0.0337348
5850	7.1039e-09	8.46656e-07	2.42111e-06	0.947352	4.53312e-07	0.0526438
5851	9.19604e-08	1.09646e-05	9.13436e-05	0.947253	5.89e-06	0.0526383
5852	4.10588e-06	0.00048943	0.00141483	0.945299	0.000262479	0.0525297
5853	2.48963e-06	0.000296725	0.000834759	0.946131	0.000158865	0.0525759
5854	7.67855e-07	9.16186e-05	0.999122	0.000697369	4.90526e-05	3.87524e-05
5855	0.000255796	0.030497	0.25408	0.661939	0.0164445	0.0367835
5856	0.00069153	0.0824525	0.232722	0.606297	0.044145	0.0336916
5857	0.000255825	0.0304968	0.254109	0.662013	0.0163376	0.0367877
5858	0.000695614	0.0829114	0.232533	0.605804	0.044391	0.0336642
5859	1.46512e-05	0.00174627	0.98348	0.0130962	0.000935012	0.000727747
5860	5.05759e-07	6.0346e-05	0.000502367	0.946792	3.23502e-05	0.0526126
5861	1.2983e-07	1.54733e-05	0.999857	0.000112711	8.28428e-06	6.26327e-06
5862	0.000253623	0.0302659	0.251922	0.656317	0.0247702	0.0364711
5863	7.1039e-09	8.4691e-07	2.42111e-06	0.947352	4.53353e-07	0.0526438
5864	1.63201e-05	0.00194533	0.00559947	0.939206	0.00104154	0.0521911
5865	1.04619e-07	1.2489e-05	0.000103918	0.947239	6.68807e-06	0.0526375
5866	4.66886e-09	5.56493e-07	4.63755e-06	0.947033	0.000335849	0.052626
5867	1.97379e-07	2.35371e-05	0.999425	0.000510771	1.25965e-05	2.83833e-05
5868	1.31043e-08	1.5624e-06	1.30164e-05	0.947341	8.36232e-07	0.0526432
5869	4.09213e-07	4.87775e-05	0.000141747	0.94715	2.61668e-05	0.0526326
5870	5.10505e-05	0.00608483	0.943165	0.0449405	0.00326169	0.00249731
5871	0.000145017	0.0172901	0.0494239	0.875234	0.0092706	0.0486362
5872	1.53612e-06	0.000183416	0.00152582	0.945642	9.82919e-05	0.0525488
5873	0.000690817	0.0823433	0.232761	0.606397	0.0441106	0.0336971
5874	3.1603e-07	3.7684e-05	0.999079	0.00081781	2.01699e-05	4.54452e-05
5875	0.000255825	0.0305005	0.254109	0.662015	0.0163317	0.0367878
5876	0.000674087	0.080376	0.233497	0.608314	0.0433355	0.0338036
5877	0.000692759	0.0826147	0.232663	0.606141	0.0442058	0.0336829
5878	1.79035e-08	2.13401e-06	6.16933e-06	0.947347	1.14256e-06	0.0526435
5879	1.83433e-07	2.18679e-05	0.000182202	0.947151	1.17072e-05	0.0526326
5880	0.000255115	0.0331549	0.253404	0.660177	0.0163241	0.0366856
5881	2.81629e-08	0.999963	9.4891e-06	2.47213e-05	1.79771e-06	1.37375e-06
5882	0.000693311	0.0826398	0.232646	0.606097	0.0442437	0.0336804
5883	1.06671e-06	0.000127164	0.998822	0.000929453	6.84896e-05	5.16491e-05
5884	0.000685513	0.0817272	0.23302	0.607072	0.0437609	0.0337346
5885	0.000255799	0.0306009	0.254083	0.661946	0.01633	0.036784
5886	1.4688e-09	1.75253e-07	0.999996	3.8009e-06	9.3732e-08	2.11214e-07
5887	2.65855e-08	3.16892e-06	8.9833e-06	0.947343	1.69656e-06	0.0526433
5888	1.14724e-07	1.36736e-05	0.000113954	0.947228	7.34084e-06	0.0526369
5889	1.05657e-08	1.25923e-06	3.55188e-06	0.947351	6.74188e-07	0.0526437
5890	3.94315e-06	0.000470628	0.00137461	0.945366	0.000251701	0.0525334
5891	5.85913e-08	6.98571e-06	5.81983e-05	0.947291	3.73918e-06	0.0526404
5892	2.61408e-08	3.11585e-06	0.999924	6.76462e-05	1.66846e-06	3.75906e-06
5893	1.55672e-07	1.85546e-05	0.999826	0.000137547	9.93356e-06	7.64341e-06
5894	0.000255718	0.0309029	0.254003	0.661738	0.0163273	0.0367724
5895	0.000255816	0.0305234	0.2541	0.661992	0.0163422	0.0367865
5896	1.09318e-09	1.30407e-07	1.08585e-06	2.8289e-06	0.999996	1.572e-07
5897	5.73141e-07	6.83588e-05	0.000194823	0.947002	0.000109713	0.0526243
5898	0.000255807	0.030492	0.254091	0.661968	0.0164081	0.0367851
5899	4.09213e-07	4.87814e-05	0.000141747	0.94715	2.6113e-05	0.0526326
5900	1.16759e-07	1.39157e-05	3.91485e-05	0.947299	7.45066e-06	0.0526408
5901	1.81755e-08	2.16656e-06	6.09414e-06	0.947347	1.15996e-06	0.0526435
5902	3.99269e-06	0.000475885	0.0013361	0.945394	0.000254793	0.052535
5903	6.53951e-07	7.79409e-05	0.000226522	0.947027	4.17363e-05	0.0526257
5904	9.50634e-09	1.13392e-06	9.44258e-06	0.947345	6.06711e-07	0.0526434
5905	5.7333e-07	6.83569e-05	0.000569485	0.946717	3.65982e-05	0.0526085
5906	0.000674265	0.0804336	0.233558	0.608475	0.0430465	0.0338126
5907	1.9409e-10	2.3136e-08	1.92788e-07	0.947356	1.23848e-08	0.052644
5908	7.17392e-06	0.000855033	0.991935	0.00638932	0.000458234	0.00035505
5909	5.20807e-07	6.20745e-05	0.00017869	0.947096	3.32358e-05	0.0526296
5910	6.73182e-05	0.00802971	0.0230135	0.913813	0.00429625	0.05078
5911	0.000577249	0.0688064	0.194055	0.50556	0.202907	0.0280937
5912	2.0437e-05	0.00243599	0.00698663	0.937174	0.00130496	0.0520782
5913	0.000699018	0.0833116	0.232367	0.605372	0.0446095	0.0336402
5914	6.01633e-06	0.000717291	0.993125	0.00546406	0.000384026	0.000303635
5915	5.39803e-05	0.00643936	0.940104	0.0473271	0.00344543	0.00262994
5916	1.15138e-08	1.37249e-06	3.98827e-06	0.94735	7.34751e-07	0.0526437
5917	9.36898e-06	0.00111673	0.00315297	0.942734	0.000599274	0.0523872
5918	3.36214e-09	4.01673e-07	3.33959e-06	0.947352	2.14558e-07	0.0526438
5919	5.62774e-08	6.70723e-06	1.87262e-05	0.947328	3.59151e-06	0.0526425
5920	2.82216e-14	3.3636e-12	2.80323e-11	0.947356	1.80096e-12	0.052644
5921	1.40367e-06	0.000167313	0.000470641	0.946665	8.97331e-05	0.0526056
5922	1.39116e-08	1.65805e-06	0.999985	1.21521e-05	8.88711e-07	6.75284e-07
5923	5.40169e-06	0.00065278	0.00185333	0.944644	0.000350774	0.0524933
5924	1.36769e-05	0.00163528	0.960118	0.0353925	0.000873306	0.00196674
5925	4.24208e-07	5.05792e-05	0.00014247	0.947147	2.70714e-05	0.0526324
5926	3.46264e-09	4.12912e-07	3.43942e-06	8.96049e-06	0.999987	4.97929e-07
5927	0.000696049	0.0830624	0.232379	0.605402	0.0448194	0.0336418
5928	5.00192e-15	5.96187e-13	1	1.29438e-11	3.19207e-13	7.19279e-13
5929	2.5158e-05	0.00300802	0.0085742	0.934839	0.0016054	0.0519484
5930	4.55835e-08	0.999938	1.57075e-05	4.09218e-05	2.9124e-06	2.274e-06
5931	0.000109318	0.0130342	0.877412	0.0970635	0.0069869	0.00539376
5932	2.49404e-05	0.00297245	0.972556	0.0216518	0.00159141	0.00120318
5933	1.75094e-08	2.08738e-06	1.7392e-05	0.947336	1.11743e-06	0.0526429
5934	2.41266e-10	2.87546e-08	8.20112e-08	0.947356	1.5395e-08	0.052644
5935	0.000396996	0.0473158	0.135718	0.749572	0.0253439	0.0416533
5936	1.02537e-07	1.22218e-05	3.47756e-05	0.947305	6.54327e-06	0.0526412
5937	0.000686855	0.0819105	0.232948	0.606884	0.0438466	0.0337242
5938	1.63201e-05	0.00194588	0.00559946	0.939206	0.00104148	0.0521911
5939	5.71718e-05	0.0068137	0.0190673	0.919327	0.00364803	0.0510865
5940	0.000679943	0.0810913	0.23329	0.607776	0.0433892	0.0337737
5941	1.54896e-06	0.000184633	0.998278	0.0013615	9.90773e-05	7.56579e-05
5942	0.000255798	0.0305599	0.254082	0.661944	0.0163749	0.0367838
5943	0.000251389	0.0299618	0.0842893	0.823685	0.016041	0.0457717
5944	2.48631e-06	0.000296946	0.00246963	0.944582	0.000158854	0.0524899
5945	7.18094e-08	8.55974e-06	7.13278e-05	0.947276	4.58377e-06	0.0526396
5946	8.69467e-07	0.000103702	0.000863635	0.946386	5.54947e-05	0.0525901
5947	1.11189e-07	1.33208e-05	0.000110444	0.947232	7.09749e-06	0.0526371
5948	0.00025582	0.030517	0.254104	0.662001	0.0163348	0.036787
5949	1.09597e-07	1.30671e-05	3.77659e-05	0.947301	6.99662e-06	0.052641
5950	1.92914e-08	2.29915e-06	6.43196e-06	0.947347	1.23115e-06	0.0526435
5951	1.08942e-12	1.2986e-10	1.08212e-09	0.947356	6.95263e-11	0.052644
5952	1.80642e-05	0.00215357	0.00614038	0.93839	0.00115269	0.0521457
5953	7.48039e-05	0.00891842	0.0259113	0.909704	0.00483993	0.0505517
5954	1.92562e-05	0.00229596	0.978207	0.0172869	0.00123014	0.000960625
5955	2.53741e-06	0.000907213	0.000845139	0.94554	0.00016191	0.0525431
5956	6.14852e-05	0.00732928	0.930421	0.0551973	0.00392357	0.00306728
5957	9.24571e-09	1.10213e-06	0.999973	2.39257e-05	5.90216e-07	1.32954e-06
5958	0.000255802	0.0304953	0.254086	0.661954	0.0164242	0.0367844
5959	0.000255827	0.0304977	0.254111	0.66202	0.0163269	0.0367881
5960	5.0576e-07	6.03108e-05	0.000502367	0.946792	3.23137e-05	0.0526127
5961	8.52234e-09	1.01597e-06	8.46518e-06	2.20538e-05	0.999967	1.22552e-06
5962	2.20537e-08	2.62837e-06	7.39447e-06	0.947345	1.40721e-06	0.0526434
5963	0.000255828	0.0304942	0.254112	0.662021	0.0163292	0.0367881
5964	2.48447e-05	0.00302835	0.971916	0.0222078	0.00158916	0.00123407
5965	3.21307e-08	3.83054e-06	1.1201e-05	0.94734	2.05067e-06	0.0526431
5966	4.81453e-08	5.7463e-06	0.99986	0.000124589	3.0724e-06	6.92331e-06
5967	1.62837e-05	0.0019432	0.00551177	0.939293	0.00103946	0.052196
5968	5.75409e-07	6.88804e-05	0.998322	0.00148902	3.67414e-05	8.2744e-05
5969	1.20718e-06	0.000143929	0.99648	0.00312389	7.75089e-05	0.000173593
5970	3.36935e-06	0.000403658	0.00334675	0.943593	0.000218798	0.0524349
5971	4.09213e-07	4.8841e-05	0.000141747	0.94715	2.61219e-05	0.0526326
5972	1.03231e-06	0.000123494	0.00102538	0.946204	6.61616e-05	0.05258
5973	7.55087e-08	9.02096e-06	2.58135e-05	0.947318	4.82006e-06	0.0526419
5974	0.00069683	0.0830593	0.232474	0.605649	0.0444652	0.0336556
5975	2.24775e-05	0.0026791	0.00752628	0.936303	0.00143967	0.0520298
5976	1.75094e-08	2.08821e-06	1.7392e-05	0.947336	1.11752e-06	0.0526429
5977	2.87498e-07	3.42757e-05	0.999162	0.000743978	1.83463e-05	4.13424e-05
5978	0.000694619	0.0827909	0.232583	0.605934	0.0443255	0.0336714
5979	2.17647e-06	0.000259515	0.000741772	0.946274	0.000139137	0.0525839
5980	6.37777e-08	7.60465e-06	6.335e-05	0.947285	4.073e-06	0.05264
5981	1.32034e-06	0.00015736	0.998528	0.00116432	8.42528e-05	6.47003e-05
5982	1.11536e-16	1.3295e-14	1.10788e-13	2.88629e-13	1	1.60389e-14
5983	0.000255823	0.0305146	0.254107	0.66201	0.0163253	0.0367875
5984	2.90327e-09	3.46274e-07	2.8838e-06	0.947353	1.85308e-07	0.0526438
5985	8.69102e-06	0.00103589	0.00291405	0.94308	0.000554568	0.0524064
5986	4.46148e-06	0.994058	0.00150754	0.0039275	0.000284718	0.000218249
5987	1.5157e-08	1.80744e-06	1.50553e-05	0.947339	9.67296e-07	0.0526431
5988	1.97439e-11	1	6.60008e-09	1.71948e-08	1.25986e-09	9.55502e-10
5989	9.29852e-05	0.0110896	0.0316076	0.901197	0.00593413	0.050079
5990	1.92625e-08	0.999927	1.91333e-05	4.98467e-05	1.22996e-06	2.76995e-06
5991	3.59411e-05	0.00428353	0.0120508	0.929675	0.00229337	0.0516615
5992	0.000255817	0.0305041	0.254101	0.661994	0.016358	0.0367866
5993	1.03231e-06	0.000123259	0.00102538	0.946204	6.5993e-05	0.05258
5994	1.06657e-06	0.000127231	0.000369447	0.94682	6.81031e-05	0.0526142
5995	1.32442e-07	1.57908e-05	0.999849	0.000120284	8.46326e-06	6.68413e-06
5996	9.89047e-10	1.1789e-07	3.32847e-07	0.947356	6.31196e-08	0.052644
5997	4.99749e-08	5.95749e-06	1.73108e-05	0.947331	3.21277e-06	0.0526426
5998	2.37902e-08	2.83536e-06	7.92565e-06	0.947344	1.51813e-06	0.0526434
5999	1.2474e-05	0.00148694	0.004215	0.941188	0.000796249	0.0523013
6000	3.09526e-06	0.000368907	0.00102795	0.945842	0.000197792	0.0525599
6001	3.0938e-07	3.68765e-05	0.999646	0.00028098	1.97452e-05	1.56139e-05
6002	5.84794e-11	6.97071e-09	5.80872e-08	0.947356	3.73288e-09	0.052644
6003	0.000255756	0.0307592	0.254041	0.661837	0.0163297	0.0367779
6004	0.000451308	0.0538067	0.495063	0.399666	0.0288037	0.0222092
6005	6.74445e-07	8.03977e-05	0.000228289	0.947022	4.304e-05	0.0526255
6006	1.14846e-08	1.37098e-06	1.14076e-05	0.947343	7.32932e-07	0.0526433
6007	4.47227e-18	1	1.54915e-15	4.0359e-15	2.85567e-16	2.24272e-16
6008	0.000255822	0.030512	0.254106	0.662007	0.0163322	0.0367873
6009	2.20031e-06	0.000262414	0.000767045	0.946245	0.00014102	0.0525823
6010	4.72462e-07	5.63166e-05	0.000161517	0.947121	3.01911e-05	0.0526309
6011	3.58757e-07	4.28061e-05	0.000356351	0.946956	2.29781e-05	0.0526218
6012	7.20861e-10	8.59307e-08	7.16026e-07	0.947355	4.60401e-08	0.052644
6013	1.0058e-05	0.00119888	0.00336998	0.94241	0.000642156	0.0523691
6014	5.14858e-06	0.000613731	0.00511405	0.941614	0.000328569	0.0523249
6015	6.56902e-05	0.00782902	0.927462	0.0572692	0.0041916	0.00318241
6016	0.00025583	0.030491	0.254114	0.662026	0.0163247	0.0367884
6017	1.96803e-08	2.346e-06	1.95483e-05	0.947334	1.2574e-06	0.0526428
6018	5.72697e-09	6.82669e-07	5.68856e-06	0.94735	3.65517e-07	0.0526436
6019	0.00024764	0.0299266	0.245979	0.640832	0.0474041	0.0356107
6020	1.47862e-08	1.76314e-06	5.15459e-06	0.947349	9.43983e-07	0.0526436
6021	3.65311e-05	0.00435626	0.012654	0.928998	0.00233164	0.0516238
6022	3.30886e-11	3.94391e-09	3.28667e-08	0.947356	2.12068e-09	0.052644
6023	0.00069461	0.0828015	0.23258	0.605927	0.0443253	0.033671
6024	5.20807e-07	6.20928e-05	0.00017869	0.947096	3.32511e-05	0.0526295
6025	0.000688027	0.0820753	0.232886	0.606724	0.0439111	0.0337153
6026	6.05192e-08	7.21296e-06	0.999932	5.37351e-05	3.86321e-06	2.98602e-06
6027	7.13125e-06	0.000850692	0.00245734	0.943783	0.000456308	0.0524455
6028	5.44725e-06	0.000649267	0.993856	0.0048691	0.00034912	0.000270573
6029	7.13126e-06	0.000850487	0.00245734	0.943784	0.000455112	0.0524455
6030	0.000255794	0.0306004	0.254078	0.661934	0.0163487	0.0367833
6031	0.000255826	0.0305016	0.25411	0.662017	0.0163278	0.0367879
6032	0.000623472	0.0743745	0.214841	0.559711	0.119347	0.0311028
6033	4.31217e-07	5.13993e-05	0.000144387	0.947144	2.7516e-05	0.0526322
6034	0.000255711	0.0308178	0.253996	0.66172	0.0164391	0.0367714
6035	5.08942e-11	6.06612e-09	1.77421e-08	0.947356	3.24778e-09	0.052644
6036	1.1501e-07	1.37076e-05	0.000114239	0.947228	7.33947e-06	0.0526369
6037	6.41957e-07	0.997567	0.000637651	0.00166123	4.10494e-05	9.23136e-05
6038	3.19783e-07	3.81237e-05	0.000109322	0.947197	2.04482e-05	0.0526351
6039	7.52902e-08	8.97736e-06	0.99978	0.000194833	4.80822e-06	1.08268e-05
6040	0.000685529	0.0817217	0.233025	0.607086	0.0437461	0.0337354
6041	0.000690796	0.0823682	0.232754	0.606379	0.0441123	0.0336961
6042	3.70426e-07	4.41488e-05	0.00012563	0.947172	2.36384e-05	0.0526338
6043	2.57984e-12	3.08037e-10	2.56253e-09	0.947356	1.6464e-10	0.052644
6044	1.47862e-08	1.76282e-06	5.15459e-06	0.947349	9.43841e-07	0.0526436
6045	3.23782e-12	3.89404e-10	3.2161e-09	0.947356	2.06653e-10	0.052644
6046	1.6273e-07	1.94075e-05	5.60747e-05	0.947274	1.03857e-05	0.0526395
6047	9.14234e-05	0.0108966	0.898353	0.0803592	0.00583382	0.00446551
6048	5.03809e-07	6.01133e-05	0.998531	0.00130374	3.21508e-05	7.24479e-05
6049	5.28895e-06	0.000630637	0.00525348	0.941457	0.000337714	0.0523162
6050	7.65113e-06	0.000911984	0.0025721	0.943585	0.000488332	0.0524345
6051	0.0002546	0.0304413	0.252892	0.658844	0.0209556	0.0366116
6052	4.47938e-09	5.33865e-07	0.0103473	3.92308e-06	0.989648	2.18003e-07
6053	0.000688941	0.0821409	0.232794	0.606484	0.0441903	0.0337019
6054	0.000255789	0.0305998	0.254073	0.661921	0.0163672	0.0367826
6055	2.10747e-07	2.51182e-05	7.09233e-05	0.947252	1.34568e-05	0.0526382
6056	4.56222e-06	0.000543827	0.994871	0.00406325	0.00029114	0.000225792
6057	7.9691e-05	0.00950251	0.0271598	0.907729	0.00508659	0.050442
6058	1.91739e-07	2.28599e-05	0.000190453	0.947142	1.22358e-05	0.0526321
6059	4.32728e-11	5.15875e-09	1	1.1198e-07	2.76221e-09	6.22264e-09
6060	0.00069221	0.0825042	0.232702	0.606243	0.0441696	0.0336886
6061	0.000694618	0.0827885	0.232583	0.605934	0.0443284	0.0336714
6062	1.53612e-06	0.000183124	0.00152582	0.945642	9.89125e-05	0.0525487
6063	0.000255827	0.0304991	0.254111	0.66202	0.0163261	0.036788
6064	0.000255826	0.0304916	0.25411	0.662016	0.0163391	0.0367878
6065	0.000255401	0.0321106	0.253688	0.660916	0.0163039	0.0367267
6066	0.000573261	0.0683231	0.36503	0.501584	0.036617	0.0278727
6067	1.83281e-06	0.993054	0.00182052	0.00474289	0.000117467	0.000263559
6068	1.43329e-07	1.7083e-05	4.87205e-05	0.947284	9.85817e-06	0.05264
6069	1.80784e-06	0.000215497	0.994729	0.00467827	0.000115453	0.000259969
6070	8.49854e-07	0.996779	0.000844154	0.00219922	5.42453e-05	0.000122209
6071	2.80909e-08	3.34871e-06	0.999969	2.48765e-05	1.79347e-06	1.38237e-06
6072	3.42646e-06	0.000409357	0.990009	0.00886687	0.000218891	0.000492727
6073	0.000131457	0.0157107	0.0458267	0.880986	0.00838956	0.0489558
6074	0.000255827	0.0305016	0.254111	0.662018	0.0163257	0.036788
6075	0.000255819	0.0305094	0.254103	0.661998	0.0163472	0.0367868
6076	0.000693291	0.0826625	0.232639	0.60608	0.0442459	0.0336795
6077	7.55508e-06	0.000900698	0.977972	0.0195508	0.000482118	0.00108642
6078	0.000255825	0.0305051	0.254109	0.662015	0.0163268	0.0367878
6079	1.91739e-07	2.28572e-05	0.000190453	0.947142	1.22643e-05	0.0526321
6080	2.79423e-07	3.33175e-05	9.74089e-05	0.947215	1.78389e-05	0.0526362
6081	5.69313e-11	6.78757e-09	5.65494e-08	0.947356	3.63396e-09	0.052644
6082	1.09628e-05	0.00130655	0.00372649	0.941914	0.000699889	0.0523416
6083	1.01307e-07	1.2085e-05	3.42907e-05	0.947306	6.46831e-06	0.0526412
6084	2.85386e-05	0.00340475	0.00994877	0.932952	0.00182205	0.0518436
6085	7.47112e-06	0.000891083	0.00742101	0.939021	0.00047852	0.0521808
6086	0.000241099	0.0862011	0.239482	0.623906	0.0154997	0.0346701
6087	4.44871e-07	5.305e-05	0.000150323	0.947136	2.83944e-05	0.0526318
6088	6.60366e-07	7.87368e-05	0.000655937	0.946619	4.21612e-05	0.0526031
6089	1.24643e-06	0.000148563	0.000416873	0.946744	7.95348e-05	0.05261
6090	0.000255823	0.0304915	0.254108	0.66201	0.0163475	0.0367875
6091	0.000682115	0.0813133	0.233189	0.607512	0.043544	0.0337591
6092	2.41248e-11	2.87937e-09	2.39629e-08	0.947356	1.54618e-09	0.052644
6093	7.61983e-09	9.08395e-07	7.56872e-06	0.947347	4.86326e-07	0.0526435
6094	8.26523e-12	9.85562e-10	8.20979e-09	0.947356	5.27426e-10	0.052644
6095	8.80685e-06	0.00104986	0.0030015	0.942976	0.000562772	0.0524006
6096	5.40177e-06	0.000643864	0.00185336	0.944658	0.000344774	0.0524941
6097	5.40955e-06	0.000644912	0.00184365	0.944666	0.000345295	0.0524945
6098	4.67043e-09	5.57265e-07	4.6391e-06	0.947351	2.98359e-07	0.0526437
6099	0.000679007	0.0809283	0.22722	0.591962	0.0663153	0.032895
6100	0.000696836	0.0830523	0.232476	0.605654	0.0444651	0.0336558
6101	7.4718e-08	8.90656e-06	2.57469e-05	0.947319	4.76776e-06	0.0526419
6102	0.000255828	0.0304919	0.254112	0.662023	0.0163289	0.0367882
6103	0.000687996	0.0820802	0.232876	0.606697	0.0439457	0.0337138
6104	0.00058633	0.069951	0.199829	0.655746	0.0374478	0.0364394
6105	0.000255815	0.030493	0.2541	0.661989	0.0163761	0.0367863
6106	2.90472e-07	3.4619e-05	9.78706e-05	0.947213	1.8538e-05	0.052636
6107	9.09945e-09	1.08455e-06	9.03842e-06	0.947346	8.04981e-07	0.0526434
6108	0.000682082	0.081326	0.233178	0.607483	0.0435732	0.0337575
6109	4.88583e-07	5.823e-05	0.999456	0.000430106	3.11884e-05	2.39007e-05
6110	2.28321e-13	1	7.74355e-11	2.01738e-10	1.45901e-11	1.12104e-11
6111	0.000692082	0.0825082	0.232659	0.606131	0.0443273	0.0336823
6112	1.34416e-08	1.60288e-06	1.33514e-05	0.947341	8.58682e-07	0.0526432
6113	0.000670545	0.0799388	0.233757	0.608992	0.0428002	0.0338413
6114	0.000255824	0.0305101	0.254109	0.662013	0.0163247	0.0367877
6115	0.000255807	0.0304932	0.254091	0.661967	0.0164081	0.0367851
6116	6.29609e-06	0.000750389	0.993047	0.00548897	0.000401908	0.000305019
6117	3.01357e-07	3.5923e-05	0.000299336	0.947019	1.98025e-05	0.0526253
6118	2.73833e-08	3.26558e-06	2.71997e-05	0.947325	1.74743e-06	0.0526423
6119	9.61576e-05	0.0114615	0.719631	0.248833	0.0061506	0.0138275
6120	5.37342e-06	0.000641761	0.00186129	0.944655	0.000342946	0.0524939
6121	0.000682097	0.08132	0.233183	0.607496	0.0435603	0.0337582
6122	2.06359e-06	0.000246023	0.000690176	0.946342	0.000131738	0.0525877
6123	6.72938e-07	8.02047e-05	0.999238	0.000604118	4.29406e-05	3.35705e-05
6124	7.18842e-08	8.56776e-06	2.38769e-05	0.947321	4.58718e-06	0.052642
6125	0.000255776	0.0305117	0.25406	0.661887	0.016504	0.0367807
6126	1.53612e-06	0.000183099	0.00152582	0.945643	9.81607e-05	0.0525488
6127	0.000321045	0.038271	0.646277	0.279132	0.0204881	0.0155112
6128	7.40526e-08	8.83017e-06	2.5651e-05	0.947319	4.7301e-06	0.0526419
6129	2.73018e-06	0.989653	0.00271187	0.00706505	0.000174463	0.000392601
6130	0.000640922	0.0763953	0.212985	0.633859	0.0408969	0.0352231
6131	3.01357e-07	3.59382e-05	0.000299336	0.94702	1.92329e-05	0.0526253
6132	0.000255785	0.0306193	0.25407	0.661912	0.016361	0.0367821
6133	3.74748e-08	4.46722e-06	1.28577e-05	0.947337	2.3914e-06	0.052643
6134	2.19224e-07	2.61353e-05	7.49443e-05	0.947247	1.40029e-05	0.0526379
6135	4.31989e-06	0.000514955	0.995176	0.00381692	0.000275722	0.000212104
6136	9.14394e-08	1.09021e-05	3.0599e-05	0.947311	5.83507e-06	0.0526415
6137	1.83433e-07	2.18679e-05	0.000182202	0.947151	1.17086e-05	0.0526326
6138	0.000255518	0.0316691	0.253804	0.661221	0.0163068	0.0367436
6139	6.23344e-05	0.00743226	0.020935	0.916654	0.00397829	0.0509379
6140	1.49045e-05	0.00177663	0.00502863	0.939994	0.000951075	0.0522349
6141	0.000677345	0.0808095	0.233405	0.608075	0.0432431	0.0337904
6142	6.28686e-05	0.00749399	0.0624469	0.162689	0.758267	0.00904053
6143	4.26666e-06	0.000508498	0.00142023	0.945267	0.000272457	0.0525279
6144	0.000692768	0.0826001	0.232665	0.606148	0.0442099	0.0336833
6145	1.33228e-06	0.000158807	0.000445154	0.946701	8.62005e-05	0.0526076
6146	3.65789e-05	0.00436451	0.0125049	0.929128	0.00233447	0.0516311
6147	6.4468e-06	0.000768348	0.00216956	0.944176	0.000412128	0.0524673
6148	5.7333e-07	6.83868e-05	0.000569484	0.946716	3.66142e-05	0.0526085
6149	1.34416e-08	1.60362e-06	1.33514e-05	0.947341	8.59509e-07	0.0526432
6150	8.44081e-06	0.00100606	0.00286271	0.943173	0.000538608	0.0524115
6151	2.19436e-07	0.999168	0.000217964	0.000567848	1.40052e-05	3.1555e-05
6152	6.46973e-08	7.71647e-06	0.999926	5.83846e-05	4.13828e-06	3.2444e-06
6153	7.51864e-08	8.96752e-06	2.57966e-05	0.947318	4.80056e-06	0.0526419
6154	0.000255821	0.0305171	0.254105	0.662004	0.0163308	0.0367872
6155	0.000696814	0.0830687	0.232469	0.605635	0.0444759	0.0336548
6156	3.23761e-10	3.85918e-08	3.2159e-07	0.947356	2.0661e-08	0.052644
6157	5.02881e-09	5.99595e-07	0.999985	1.30134e-05	9.62633e-07	7.23145e-07
6158	1.31043e-08	1.56197e-06	1.30164e-05	0.947341	8.36186e-07	0.0526432
6159	0.000255797	0.0305302	0.254081	0.661942	0.0164074	0.0367837
6160	0.000255828	0.0304966	0.254112	0.662021	0.0163261	0.0367881
6161	0.000255818	0.0305115	0.254102	0.661996	0.0163472	0.0367867
6162	4.09213e-07	4.87832e-05	0.000141747	0.94715	2.63497e-05	0.0526326
6163	6.99831e-08	8.3432e-06	6.95137e-05	0.947278	4.46861e-06	0.0526397
6164	2.7342e-09	0.99999	2.71586e-06	7.07546e-06	1.74487e-07	3.93179e-07
6165	1.93442e-09	2.30879e-07	1.92144e-06	5.00581e-06	0.999993	2.7817e-07
6166	5.37342e-06	0.000641067	0.0018613	0.944655	0.000342989	0.0524939
6167	1.06657e-06	0.000127245	0.000369447	0.94682	6.81134e-05	0.0526142
6168	0.000255808	0.0305188	0.254093	0.661972	0.0163756	0.0367854
6169	7.1664e-09	8.54129e-07	7.11833e-06	0.947348	4.57498e-07	0.0526436
6170	0.000255816	0.0305324	0.2541	0.66199	0.0163357	0.0367864
6171	0.000255823	0.0304972	0.254107	0.66201	0.0163426	0.0367875
6172	1.23214e-05	0.0014687	0.986125	0.0107808	0.00101414	0.000599082
6173	8.44081e-06	0.00100691	0.00286271	0.943172	0.000538834	0.0524115
6174	7.07843e-07	8.44992e-05	0.000241985	0.947003	4.52408e-05	0.0526244
6175	2.18855e-12	1	7.42251e-10	1.93374e-09	1.39684e-10	1.07457e-10
6176	2.87125e-05	0.00343151	0.916275	0.0743011	0.00183512	0.00412887
6177	0.000255649	0.0311613	0.253934	0.661559	0.0163278	0.0367624
6178	0.000255802	0.0305365	0.254086	0.661954	0.0163839	0.0367844
6179	3.24968e-07	3.87323e-05	0.000109807	0.947195	2.0738e-05	0.0526351
6180	2.38178e-06	0.000283859	0.000799918	0.946183	0.000151988	0.0525788
6181	0.000325881	0.0388746	0.638051	0.286057	0.0207955	0.015896
6182	8.28327e-05	0.0098728	0.0279893	0.906397	0.00529038	0.0503679
6183	1.83433e-07	2.18662e-05	0.000182202	0.947151	1.17097e-05	0.0526326
6184	0.000255663	0.0308961	0.253948	0.661594	0.0165418	0.0367644
6185	3.31916e-13	1	3.2969e-10	8.58919e-10	2.11826e-11	4.77296e-11
6186	3.06599e-07	3.6541e-05	0.000103443	0.947205	1.95731e-05	0.0526356
6187	6.37777e-08	7.70737e-06	6.335e-05	0.947285	4.07337e-06	0.05264
6188	2.73833e-08	3.26485e-06	2.71997e-05	0.947325	1.74785e-06	0.0526423
6189	0.000255651	0.0311615	0.253936	0.661564	0.0163199	0.0367627
6190	0.000255821	0.0305239	0.254105	0.662003	0.016325	0.0367871
6191	2.05261e-06	0.000244746	0.997654	0.00186419	0.00013101	0.000103592
6192	3.70519e-10	4.4168e-08	1.29166e-07	0.947356	2.36479e-08	0.052644
6193	0.00069939	0.083358	0.232348	0.605321	0.0446363	0.0336373
6194	3.58757e-07	4.2777e-05	0.000356351	0.946956	2.30637e-05	0.0526218
6195	9.54929e-11	1	9.48524e-08	2.47113e-07	6.09595e-09	1.37319e-08
6196	6.11148e-08	7.28524e-06	2.04768e-05	0.947326	3.89981e-06	0.0526423
6197	2.80022e-08	3.33788e-06	0.999968	2.54317e-05	1.79058e-06	1.41323e-06
6198	0.00025581	0.0305048	0.254094	0.661975	0.0163844	0.0367856
6199	0.000697009	0.0830782	0.232459	0.605611	0.0445007	0.0336535
6200	9.61581e-05	0.0114661	0.719635	0.248834	0.00614089	0.0138276
6201	0.000697028	0.0830755	0.232466	0.605628	0.0444798	0.0336544
6202	2.34824e-07	2.79906e-05	7.84618e-05	0.947241	1.49964e-05	0.0526376
6203	1.99097e-06	0.00023759	0.000683105	0.946361	0.000127206	0.0525887
6204	0.000687722	0.0823251	0.232783	0.606455	0.0440481	0.0337004
6205	0.000693255	0.0826356	0.232627	0.606048	0.0443181	0.0336777
6206	0.000673718	0.081195	0.233369	0.607981	0.0429967	0.0337851
6207	2.29329e-07	2.73342e-05	0.000227791	0.000593449	0.999118	3.29776e-05
6208	9.71418e-08	1.15774e-05	3.23415e-05	0.947308	6.19888e-06	0.0526414
6209	0.000255809	0.0305157	0.254094	0.661974	0.0163757	0.0367855
6210	4.81666e-08	5.74485e-06	1.67912e-05	0.947332	3.0748e-06	0.0526427
6211	3.86672e-11	4.61312e-09	3.84078e-08	0.947356	2.46774e-09	0.052644
6212	6.37772e-08	7.60302e-06	6.33495e-05	0.947277	1.22085e-05	0.0526396
6213	8.2703e-07	9.8627e-05	0.997589	0.00214016	5.29425e-05	0.000118927
6214	1.77975e-06	0.000212308	0.000616488	0.946462	0.000113592	0.0525943
6215	5.75409e-07	6.8641e-05	0.998322	0.00148902	3.67353e-05	8.2744e-05
6216	8.08031e-05	0.892996	0.0271376	0.0707	0.00515664	0.00392875
6217	0.000255819	0.0305094	0.254103	0.661998	0.0163472	0.0367868
6218	1.78889e-07	2.13293e-05	5.99376e-05	0.947268	1.14161e-05	0.0526391
6219	0.000255825	0.0305066	0.254109	0.662015	0.016326	0.0367878
6220	0.000255826	0.0305038	0.25411	0.662016	0.0163264	0.0367878
6221	4.45245e-09	0.999994	1.49288e-06	3.88931e-06	2.84119e-07	2.16126e-07
6222	0.000112351	0.0134184	0.872802	0.100861	0.0072007	0.00560481
6223	2.19503e-06	0.00026174	0.997525	0.00196206	0.00014011	0.00010903
6224	9.16201e-07	0.000109197	0.000315712	0.946897	5.85468e-05	0.0526185
6225	4.49322e-05	0.00535807	0.868992	0.116274	0.00287004	0.00646127
6226	9.90772e-06	0.00118095	0.98897	0.0087219	0.000632304	0.00048467
6227	0.000524184	0.0625748	0.181572	0.68382	0.0335099	0.0379995
6228	3.19779e-05	0.0038133	0.0106897	0.931652	0.00204202	0.0517713
6229	1.00032e-07	0.999621	9.93613e-05	0.00025886	6.38626e-06	1.43847e-05
6230	0.000224623	0.0267845	0.0759004	0.836284	0.0143351	0.0464718
6231	5.05254e-06	0.000602275	0.00501866	0.0130748	0.980573	0.000726558
6232	3.46045e-07	4.12429e-05	0.000117131	0.947185	2.20852e-05	0.0526345
6233	1.53549e-07	1.83016e-05	0.999828	0.000135979	9.79806e-06	7.55627e-06
6234	8.71519e-08	1.03988e-05	0.999746	0.000225529	5.56176e-06	1.25325e-05
6235	5.37342e-06	0.000640844	0.0018613	0.944655	0.000343435	0.0524939
6236	1.22894e-06	0.000146524	0.000417743	0.946746	7.84184e-05	0.0526101
6237	5.72697e-09	6.8301e-07	5.68856e-06	0.94735	3.88588e-07	0.0526436
6238	0.000254495	0.0355437	0.252789	0.658574	0.0162428	0.0365966
6239	1.04044e-05	0.00124027	0.0103346	0.935752	0.000663939	0.0519992
6240	0.000699504	0.0833669	0.232346	0.605316	0.0446345	0.0336371
6241	0.000255822	0.0305144	0.254106	0.662007	0.0163297	0.0367873
6242	1.24162e-08	1.48061e-06	0.999964	3.21303e-05	7.92479e-07	1.78546e-06
6243	1.12238e-06	0.000133877	0.99876	0.000978495	7.16917e-05	5.43744e-05
6244	1.06671e-06	0.000127227	0.998823	0.000929453	6.8068e-05	5.16492e-05
6245	0.000255733	0.0307563	0.254018	0.661776	0.0164198	0.0367745
6246	1.08646e-06	0.000129546	0.996832	0.00281151	6.93421e-05	0.000156234
6247	0.000449986	0.0537292	0.150289	0.726447	0.0287165	0.0403682
6248	3.05539e-07	3.65513e-05	0.999109	0.000790663	1.95028e-05	4.39367e-05
6249	0.000683918	0.081545	0.233089	0.607252	0.0436852	0.0337446
6250	9.52013e-08	1.13462e-05	3.19733e-05	0.947309	6.07583e-06	0.0526414
6251	0.000694964	0.0828329	0.23256	0.605874	0.0443701	0.033668
6252	5.80072e-07	6.91428e-05	0.000199886	0.947065	3.7033e-05	0.0526279
6253	9.68776e-11	1.15546e-08	9.62279e-08	0.947356	6.20898e-09	0.052644
6254	2.43134e-06	0.000289805	0.000837809	0.946138	0.000155725	0.0525763
6255	9.50634e-09	1.13299e-06	9.44258e-06	0.947345	6.07153e-07	0.0526434
6256	3.888e-09	4.63517e-07	3.86192e-06	0.947352	2.48218e-07	0.0526438
6257	2.79991e-06	0.000334039	0.00278113	0.944233	0.000178752	0.0524704
6258	4.32442e-07	5.15407e-05	0.000147382	0.947141	2.75971e-05	0.0526321
6259	0.000255813	0.0305011	0.254097	0.661984	0.0163759	0.036786
6260	2.58657e-08	3.08502e-06	2.56922e-05	0.947327	1.65113e-06	0.0526424
6261	0.00025583	0.0304902	0.254114	0.662027	0.0163249	0.0367884
6262	2.00593e-07	2.39069e-05	0.000199248	0.947132	1.28028e-05	0.0526316
6263	9.93064e-09	1.18443e-06	9.86404e-06	0.947345	6.33993e-07	0.0526434
6264	0.000255818	0.0305327	0.254102	0.661996	0.0163265	0.0367867
6265	6.74167e-08	8.0389e-06	0.999803	0.000174458	4.30675e-06	9.69454e-06
6266	1.55272e-13	1.85053e-11	1.5423e-10	0.947356	9.90785e-12	0.052644
6267	0.000122647	0.0146179	0.863463	0.107968	0.00782864	0.00599971
6268	0.000694609	0.0828002	0.23258	0.605926	0.0443278	0.033671
6269	0.000677186	0.0807233	0.23335	0.607932	0.0435347	0.0337824
6270	8.69467e-07	0.000103702	0.000863635	0.946386	5.5725e-05	0.0525901
6271	7.13126e-06	0.000850217	0.00245734	0.943784	0.000455297	0.0524455
6272	0.000255806	0.0305721	0.25409	0.661965	0.016332	0.036785
6273	4.30721e-05	0.00513626	0.0145792	0.926032	0.00275028	0.051459
6274	2.73833e-08	3.26401e-06	2.71997e-05	0.947325	1.74747e-06	0.0526423
6275	6.72368e-07	8.01469e-05	0.00022685	0.000590997	0.999068	3.28414e-05
6276	0.000255825	0.0305051	0.254109	0.662015	0.0163266	0.0367878
6277	0.000255691	0.0310123	0.253976	0.661667	0.0163214	0.0367684
6278	7.43427e-09	8.86439e-07	7.38441e-06	0.947348	4.74428e-07	0.0526435
6279	3.28178e-05	0.87563	0.0325977	0.0849247	0.00209602	0.00471922
6280	0.000234737	0.0279797	0.233162	0.607443	0.0974248	0.0337552
6281	0.000686879	0.081886	0.232956	0.606905	0.0438408	0.0337254
6282	1.34742e-08	1.60604e-06	0.999985	1.20962e-05	8.59796e-07	6.72179e-07
6283	4.32442e-07	5.16134e-05	0.000147382	0.947141	2.75992e-05	0.0526321
6284	1.85368e-05	0.00220966	0.00642095	0.938041	0.00118391	0.0521264
6285	1.83433e-07	2.18729e-05	0.000182202	0.947151	1.17076e-05	0.0526326
6286	0.000255806	0.0305721	0.25409	0.661964	0.0163329	0.036785
6287	0.000692086	0.0826576	0.23266	0.606135	0.0441731	0.0336825
6288	1.75845e-07	2.09624e-05	6.13009e-05	0.947267	1.12443e-05	0.0526391
6289	0.000695616	0.0829082	0.232534	0.605806	0.044392	0.0336643
6290	0.000255348	0.0304482	0.253635	0.66078	0.0181624	0.0367191
6291	6.4468e-06	0.000768414	0.00216956	0.944177	0.000411483	0.0524673
6292	0.000690811	0.0823777	0.232759	0.606392	0.0440841	0.0336968
6293	5.39739e-08	6.5226e-06	1.84516e-05	0.947329	3.45131e-06	0.0526425
6294	3.44487e-07	4.10631e-05	0.000118194	0.947184	2.1982e-05	0.0526344
6295	1.37223e-06	0.000163562	0.000464479	0.946677	8.75904e-05	0.0526063
6296	9.68776e-11	1.15478e-08	9.62279e-08	0.947356	6.1821e-09	0.052644
6297	0.000646441	0.0770959	0.217107	0.628946	0.0412546	0.0349502
6298	1.18362e-10	1.41458e-08	1.17568e-07	3.06292e-07	1	1.70205e-08
6299	0.000679969	0.0810529	0.233299	0.607799	0.0433939	0.033775
6300	4.31479e-08	5.14248e-06	1.43331e-05	0.947335	2.75364e-06	0.0526428
6301	0.000255812	0.0305229	0.254096	0.661981	0.0163577	0.0367859
6302	0.000255824	0.030505	0.254108	0.662012	0.0163316	0.0367876
6303	4.56221e-06	0.000545043	0.99487	0.00406325	0.000291201	0.000225792
6304	0.000126042	0.0150496	0.0430889	0.884531	0.00805187	0.0491528
6305	8.9861e-07	0.000107395	0.99738	0.00232539	5.73828e-05	0.00012922
6306	7.66518e-07	0.998964	0.000262994	0.000685162	4.9095e-05	3.8074e-05
6307	0.000473755	0.0564848	0.461497	0.427529	0.0302579	0.0237576
6308	3.01357e-07	3.5923e-05	0.000299336	0.94702	1.92393e-05	0.0526253
6309	1.07332e-05	0.0012798	0.987735	0.00974798	0.000684912	0.000541689
6310	8.34485e-11	1	8.28888e-08	2.15945e-07	5.32842e-09	1.19999e-08
6311	2.30563e-05	0.00279647	0.00777896	0.935921	0.00147184	0.0520086
6312	0.000255816	0.0305382	0.2541	0.661992	0.0163274	0.0367865
6313	3.8088e-06	0.000454217	0.00128041	0.945479	0.000243287	0.0525397
6314	6.18254e-11	1	6.14108e-08	1.5999e-07	3.94957e-09	8.89052e-09
6315	0.000255755	0.0304866	0.254039	0.661833	0.0166081	0.0367776
6316	2.01263e-06	0.000239897	0.000670667	0.94637	0.000128556	0.0525892
6317	0.000699357	0.0835516	0.232297	0.605189	0.044633	0.03363
6318	1.24984e-06	0.000149007	0.000428823	0.946732	7.97829e-05	0.0526093
6319	6.03234e-07	0.999202	0.00020242	0.000527351	3.86619e-05	2.93046e-05
6320	0.00069217	0.0825444	0.232689	0.606209	0.0441795	0.0336867
6321	4.24208e-07	5.05596e-05	0.00014247	0.947147	2.70685e-05	0.0526324
6322	0.0001815	0.0216476	0.0625427	0.85645	0.011586	0.0475924
6323	0.000255829	0.030492	0.254113	0.662024	0.0163268	0.0367883
6324	0.000255821	0.0304912	0.254105	0.662003	0.0163582	0.0367871
6325	0.000700321	0.0834648	0.232306	0.605211	0.044687	0.0336312
6326	1.02933e-08	1.22686e-06	3.53164e-06	0.947351	6.56826e-07	0.0526437
6327	0.000255799	0.0305361	0.254083	0.661947	0.0163944	0.036784
6328	5.50876e-07	6.57145e-05	0.998394	0.00142554	3.51963e-05	7.92163e-05
6329	0.000697503	0.0838869	0.23222	0.604987	0.0445897	0.0336188
6330	1.99085e-09	0.999992	1.9775e-06	5.15184e-06	1.27034e-07	2.86285e-07
6331	2.81895e-06	0.00033603	0.99178	0.00729476	0.000180669	0.000405366
6332	0.000255763	0.0306718	0.254048	0.661854	0.0163921	0.0367788
6333	0.000700366	0.0834708	0.232284	0.605154	0.044763	0.033628
6334	1.3694e-09	1.63217e-07	4.69846e-07	0.947355	8.73868e-08	0.052644
6335	0.000255826	0.0304989	0.25411	0.662017	0.0163305	0.0367879
6336	7.17391e-06	0.000855474	0.991934	0.00638931	0.000459484	0.00035505
6337	9.33837e-09	1.11302e-06	3.16089e-06	0.947351	5.95899e-07	0.0526437
6338	0.000255829	0.0304922	0.254113	0.662026	0.0163246	0.0367884
6339	6.35188e-06	0.000757193	0.00213327	0.944228	0.000405484	0.0524702
6340	2.24776e-05	0.00267942	0.00752631	0.936306	0.00143613	0.0520299
6341	5.82567e-09	6.94336e-07	2.01795e-06	0.947353	3.71734e-07	0.0526438
6342	5.13356e-05	0.00611941	0.850326	0.132844	0.00327638	0.00738209
6343	1.57396e-06	0.000187778	0.998239	0.00139385	0.000100476	7.74555e-05
6344	0.000255771	0.0307115	0.254055	0.661874	0.0163233	0.0367799
6345	0.000255825	0.0305004	0.254109	0.662013	0.0163341	0.0367877
6346	7.40526e-08	8.82884e-06	2.5651e-05	0.947319	4.73523e-06	0.0526419
6347	3.24968e-07	3.87345e-05	0.000109807	0.947195	2.07383e-05	0.0526351
6348	1.40608e-08	1.67621e-06	4.82428e-06	0.947349	8.97322e-07	0.0526436
6349	6.20369e-05	0.00739375	0.0210399	0.916609	0.00395942	0.0509354
6350	9.41572e-07	0.00011253	0.000320901	0.946887	6.06289e-05	0.0526179
6351	1.08093e-07	1.3e-05	3.70869e-05	0.947302	6.9037e-06	0.052641
6352	1.51146e-07	1.80152e-05	0.999831	0.000134202	9.64459e-06	7.45755e-06
6353	4.70128e-09	5.60341e-07	1.59806e-06	0.947354	2.99996e-07	0.0526439
6354	4.50736e-06	0.000537595	0.99504	0.00391303	0.0002877	0.000217445
6355	3.56748e-06	0.000425192	0.001192	0.945605	0.000227637	0.0525467
6356	0.000255814	0.0304991	0.254098	0.661985	0.016376	0.0367861
6357	6.60366e-07	7.88488e-05	0.000655937	0.946619	4.21612e-05	0.0526031
6358	2.60785e-07	3.10805e-05	9.03331e-05	0.947225	1.66409e-05	0.0526367
6359	1.25981e-11	1	1.25136e-08	3.26009e-08	8.04032e-10	1.81161e-09
6360	1.62014e-10	1.93628e-08	1.60928e-07	0.947356	1.03466e-08	0.052644
6361	1.43031e-06	0.00017049	0.998387	0.0012785	9.15614e-05	7.10454e-05
6362	3.89049e-06	0.000463727	0.995638	0.00345437	0.000248262	0.000191957
6363	5.50876e-07	6.56649e-05	0.998394	0.00142554	3.51649e-05	7.92163e-05
6364	0.000677392	0.0807389	0.233421	0.608117	0.0432533	0.0337927
6365	9.18611e-07	0.949969	0.00091245	0.00237715	0.0466089	0.000132097
6366	2.26156e-08	2.69566e-06	7.64183e-06	1.99088e-05	0.999969	1.10632e-06
6367	4.84396e-06	0.000580901	0.00481147	0.94195	0.000309375	0.0523436
6368	1.11189e-07	1.32653e-05	0.000110444	0.947232	7.09975e-06	0.0526371
6369	0.000255821	0.0305203	0.254106	0.662005	0.0163259	0.0367872
6370	1.89071e-05	0.0346472	0.0187803	0.0489271	0.894908	0.00271885
6371	0.000255089	0.0304188	0.253378	0.66011	0.0191563	0.0366819
6372	0.000255822	0.0304938	0.254106	0.662006	0.0163505	0.0367873
6373	9.29827e-05	0.0110978	0.0316067	0.901173	0.00595231	0.0500776
6374	0.000157861	0.0188221	0.822534	0.140596	0.0100767	0.00781285
6375	1.85368e-05	0.00220981	0.00642094	0.93804	0.00118434	0.0521263
6376	1.61792e-07	1.92824e-05	5.44483e-05	0.947276	1.03239e-05	0.0526396
6377	0.000255819	0.0304962	0.254103	0.662	0.0163581	0.0367869
6378	8.2703e-07	9.86167e-05	0.997589	0.00214016	5.27805e-05	0.000118927
6379	0.000688064	0.0820199	0.232899	0.606757	0.0439195	0.0337171
6380	1.01829e-08	1.21378e-06	3.54982e-06	0.947351	6.50127e-07	0.0526437
6381	0.000255787	0.030644	0.254071	0.661916	0.0163308	0.0367823
6382	2.00593e-07	2.39181e-05	0.000199248	0.947132	1.28048e-05	0.0526316
6383	1.24198e-06	0.000148026	0.998623	0.00108774	7.92511e-05	6.04448e-05
6384	6.44641e-14	7.70428e-12	6.40317e-11	0.947356	4.11449e-12	0.052644
6385	5.40177e-06	0.000643957	0.00185336	0.944658	0.000344692	0.0524941
6386	2.68005e-06	0.000319434	0.000896352	0.94604	0.000171021	0.0525709
6387	0.000255819	0.0304998	0.254104	0.662	0.0163539	0.0367869
6388	1.20718e-06	0.000143914	0.99648	0.0031239	7.7053e-05	0.000173593
6389	2.36515e-15	2.81949e-13	2.34929e-12	6.12044e-12	1	3.40109e-13
6390	2.20031e-06	0.000263081	0.000767045	0.946245	0.000140473	0.0525823
6391	2.12562e-08	2.53747e-06	2.11136e-05	0.947332	1.35688e-06	0.0526427
6392	5.40177e-06	0.000644615	0.00185336	0.944658	0.000344808	0.0524941
6393	1.57122e-07	1.87308e-05	5.39088e-05	0.947278	1.00266e-05	0.0526396
6394	2.45192e-08	2.92328e-06	2.43547e-05	0.947329	1.56552e-06	0.0526425
6395	0.000692717	0.0826648	0.232648	0.606104	0.0442092	0.0336808
6396	2.90327e-09	3.46228e-07	2.8838e-06	0.947353	1.85335e-07	0.0526438
6397	5.40177e-06	0.000643819	0.00185336	0.944659	0.000344781	0.0524941
6398	6.60366e-07	7.88316e-05	0.000655937	0.946619	4.21541e-05	0.0526031
6399	2.1149e-10	2.52227e-08	0.999999	5.47286e-07	1.35089e-08	3.04124e-08
6400	2.28574e-09	2.72602e-07	2.27041e-06	0.947353	1.4588e-07	0.0526439
6401	2.35224e-06	0.000280362	0.997381	0.00207071	0.000150116	0.000115068
6402	1.00216e-07	1.19467e-05	0.999708	0.000259335	6.40397e-06	1.44111e-05
6403	1.12213e-06	0.000133737	0.00037424	0.946806	7.16012e-05	0.0526134
6404	3.65857e-06	0.986135	0.00363403	0.00946751	0.000233496	0.000526104
6405	2.08803e-07	2.48909e-05	7.11631e-05	0.947252	1.33336e-05	0.0526382
6406	6.04294e-06	0.000720215	0.0663525	0.00522631	0.927405	0.000290423
6407	2.00593e-07	2.39097e-05	0.000199248	0.947132	1.28004e-05	0.0526316
6408	1.39553e-07	1.66458e-05	4.73295e-05	0.947287	8.90798e-06	0.0526402
6409	0.000255824	0.03051	0.254108	0.662011	0.0163282	0.0367875
6410	7.17358e-07	8.54975e-05	0.999208	0.000625397	4.57752e-05	3.47529e-05
6411	0.000255827	0.0304956	0.254111	0.66202	0.0163288	0.0367881
6412	0.000255821	0.0304924	0.254106	0.662005	0.0163541	0.0367872
6413	1.10722e-11	1.32175e-09	1.09979e-08	0.947356	7.07662e-10	0.052644
6414	8.57221e-07	0.000102177	0.000289656	0.946932	5.4699e-05	0.0526205
6415	1.75094e-08	2.08722e-06	1.7392e-05	0.947336	1.11888e-06	0.0526429
6416	8.86925e-07	0.000105704	0.000297615	0.946919	5.65996e-05	0.0526197
6417	0.000255814	0.0305322	0.254098	0.661986	0.0163421	0.0367861
6418	8.80686e-06	0.00104966	0.0030015	0.942977	0.000562042	0.0524007
6419	0.000255824	0.0305082	0.254108	0.662012	0.0163277	0.0367876
6420	3.13149e-12	1	1.04546e-09	2.72367e-09	1.99839e-10	1.51353e-10
6421	0.00025582	0.030517	0.254104	0.662002	0.0163338	0.036787
6422	1.18942e-06	0.000141822	0.000400277	0.946769	7.61812e-05	0.0526114
6423	1.27833e-05	0.0015243	0.00440497	0.940954	0.000815965	0.0522882
6424	2.43134e-06	0.00029001	0.000837809	0.946138	0.000155238	0.0525763
6425	2.28574e-09	2.72544e-07	2.27041e-06	0.947353	1.46001e-07	0.0526439
6426	4.29268e-06	0.000511893	0.987484	0.0111084	0.000274004	0.000617289
6427	0.000255824	0.0305014	0.254108	0.662013	0.0163341	0.0367876
6428	9.74852e-07	0.000116189	0.000326628	0.946877	6.22126e-05	0.0526174
6429	1.13772e-06	0.000135597	0.998735	0.00100003	7.25998e-05	5.55709e-05
6430	0.000255821	0.0305203	0.254105	0.662003	0.0163288	0.0367871
6431	7.49275e-14	8.93132e-12	2.55364e-11	6.65283e-11	1	3.69694e-12
6432	5.7333e-07	6.85503e-05	0.000569484	0.946716	3.67453e-05	0.0526084
6433	2.45192e-08	2.92839e-06	2.43547e-05	0.947329	1.56493e-06	0.0526425
6434	2.63895e-14	1	8.81752e-12	2.29717e-11	1.68392e-12	1.27652e-12
6435	9.71257e-07	0.000115765	0.000326196	0.946878	6.19813e-05	0.0526174
6436	2.6711e-05	0.0031871	0.922118	0.0691218	0.00170557	0.00384106
6437	0.000255824	0.0305064	0.254108	0.662011	0.0163316	0.0367875
6438	2.30876e-09	2.75269e-07	2.29328e-06	0.947353	1.47421e-07	0.0526439
6439	0.000107873	0.0128671	0.0370114	0.893468	0.00689605	0.0496495
6440	3.64419e-07	4.34644e-05	0.000122639	0.947176	2.32599e-05	0.052634
6441	0.000692173	0.0825401	0.232689	0.606211	0.0441807	0.0336868
6442	2.81904e-07	3.36079e-05	0.999685	0.000249082	1.79892e-05	1.38413e-05
6443	1.96961e-08	2.349e-06	6.6213e-06	0.947346	1.25725e-06	0.0526435
6444	4.4732e-07	5.33148e-05	0.999494	0.000401574	2.85527e-05	2.23152e-05
6445	0.000255823	0.0305048	0.254107	0.662009	0.0163362	0.0367874
6446	6.67308e-06	0.000795391	0.00225873	0.944053	0.000425817	0.0524605
6447	0.000255503	0.0304604	0.253789	0.66118	0.0175735	0.0367414
6448	1.3962e-09	1.66401e-07	1.38684e-06	0.947354	8.90967e-08	0.0526439
6449	3.66257e-09	4.36667e-07	1.24498e-06	0.947354	2.33723e-07	0.0526439
6450	9.07517e-11	1.08258e-08	3.03869e-08	7.91651e-08	1	4.39916e-09
6451	2.79282e-06	0.000332884	0.000949335	0.94597	0.000178236	0.052567
6452	0.000690026	0.0822416	0.232807	0.606517	0.04404	0.0337038
6453	0.000172273	0.0205456	0.804164	0.155463	0.0110158	0.008639
6454	1.63201e-05	0.00194517	0.00559946	0.939205	0.00104257	0.0521911
6455	1.11098e-07	1.32518e-05	3.84832e-05	0.9473	7.13323e-06	0.0526409
6456	3.64419e-07	4.34357e-05	0.000122639	0.947176	2.32541e-05	0.052634
6457	0.000688025	0.0820836	0.232886	0.606722	0.0439058	0.0337152
6458	8.59511e-09	1.02448e-06	2.91504e-06	0.947352	5.4847e-07	0.0526438
6459	4.52379e-07	5.39453e-05	0.000157703	0.947128	2.88699e-05	0.0526313
6460	0.000255655	0.0305005	0.253941	0.661575	0.0169647	0.0367633
6461	0.000255818	0.0305043	0.254102	0.661997	0.0163539	0.0367868
6462	0.000255824	0.0305101	0.254108	0.662012	0.016326	0.0367876
6463	0.000255811	0.0305522	0.254096	0.661979	0.0163315	0.0367858
6464	4.69759e-07	0.99822	0.000466609	0.00121563	2.99774e-05	6.75516e-05
6465	0.000685516	0.0817235	0.233021	0.607074	0.0437611	0.0337348
6466	1.61206e-05	0.00192258	0.982243	0.0140112	0.00102871	0.000778596
6467	1.05196e-07	1.25444e-05	3.58523e-05	0.947304	6.7138e-06	0.0526411
6468	1.72753e-08	2.05888e-06	0.999981	1.51153e-05	1.10248e-06	8.39946e-07
6469	0.000693292	0.0826383	0.232639	0.606081	0.0442686	0.0336795
6470	1.89739e-06	0.00022618	0.997909	0.00164968	0.000121072	9.16718e-05
6471	1.97379e-07	2.35324e-05	0.999425	0.000510771	1.25956e-05	2.83833e-05
6472	7.47857e-07	8.93458e-05	0.000260708	0.946978	4.77693e-05	0.052623
6473	0.000695612	0.0829134	0.232533	0.605803	0.0443915	0.0336641
6474	8.16627e-05	0.00973426	0.081115	0.856245	0.00524329	0.047581
6475	0.000511705	0.0610027	0.172644	0.694586	0.0326579	0.0385977
6476	1.92914e-16	2.29924e-14	1.9162e-13	0.947356	1.23135e-14	0.052644
6477	2.28792e-06	0.000272716	0.99744	0.00202612	0.000145995	0.000112591
6478	2.93672e-06	0.000350012	0.996745	0.002572	0.000187392	0.000142925
6479	2.8283e-08	3.37132e-06	9.66889e-06	0.947342	1.8049e-06	0.0526432
6480	0.000255821	0.0304953	0.254105	0.662003	0.016354	0.0367871
6481	3.64512e-08	4.34724e-06	3.62067e-05	0.947315	2.3262e-06	0.0526417
6482	2.43134e-06	0.000289845	0.000837809	0.946138	0.00015519	0.0525763
6483	0.000693781	0.0827054	0.23262	0.606031	0.0442727	0.0336768
6484	5.35019e-06	0.000637705	0.0017953	0.944723	0.000341417	0.0524977
6485	3.16984e-08	3.79452e-06	3.14858e-05	0.947321	2.0264e-06	0.052642
6486	2.50219e-08	2.98381e-06	0.999924	6.47508e-05	4.78979e-06	3.59816e-06
6487	6.74445e-07	8.04477e-05	0.000228289	0.947022	4.30716e-05	0.0526254
6488	4.18256e-09	4.98529e-07	0.999988	1.08235e-05	2.66897e-07	6.01454e-07
6489	0.000255823	0.0305013	0.254108	0.66201	0.0163375	0.0367875
6490	1.0058e-05	0.00119883	0.00336998	0.94241	0.000641801	0.0523692
6491	4.51512e-09	5.3852e-07	4.48484e-06	0.947351	2.88804e-07	0.0526437
6492	1.34416e-08	1.60362e-06	1.33514e-05	0.947341	8.59099e-07	0.0526432
6493	3.76052e-06	0.000448206	0.995808	0.00331615	0.000239981	0.000184276
6494	6.82762e-17	1	2.30047e-14	5.99327e-14	4.35935e-15	3.33042e-15
6495	0.000255823	0.0305146	0.254107	0.66201	0.0163249	0.0367875
6496	8.60004e-12	1	2.86654e-09	7.46801e-09	5.48837e-10	4.14993e-10
6497	3.52593e-05	0.00420706	0.0350228	0.908023	0.00225313	0.0504583
6498	0.000107875	0.0128574	0.0370122	0.893488	0.00688354	0.0496506
6499	1.05579e-06	0.000125844	0.00035277	0.946838	6.73981e-05	0.0526152
6500	5.31201e-10	0.999999	1.83045e-07	4.76876e-07	3.3906e-08	2.64997e-08
6501	0.000697688	0.0831548	0.232433	0.605543	0.0445219	0.0336497
6502	0.000255763	0.0306718	0.254048	0.661854	0.0163921	0.0367788
6503	0.000255775	0.0306732	0.254059	0.661884	0.0163475	0.0367805
6504	0.000693725	0.0827409	0.232602	0.605983	0.044307	0.0336741
6505	0.00068518	0.0820866	0.232907	0.606777	0.0438266	0.0337182
6506	4.64411e-07	5.54515e-05	0.999472	0.000419097	2.96521e-05	2.3289e-05
6507	4.60852e-08	5.49259e-06	1.55278e-05	0.947333	2.94193e-06	0.0526427
6508	1.75618e-06	0.000209351	0.000605159	0.00157658	0.99752	8.76098e-05
6509	1.85392e-09	0.999998	6.27521e-07	1.63484e-06	1.18299e-07	9.08471e-08
6510	2.03606e-07	2.43172e-05	0.999769	0.000183739	1.29951e-05	1.02103e-05
6511	0.000210977	0.0251479	0.0721251	0.753569	0.107071	0.0418754
6512	2.14384e-10	2.55505e-08	7.42603e-08	0.947356	1.36817e-08	0.052644
6513	1.42513e-09	0.999995	1.41557e-06	3.68789e-06	9.15026e-08	2.04934e-07
6514	6.74151e-08	8.05156e-06	6.69629e-05	0.947281	4.30464e-06	0.0526398
6515	1.19636e-06	0.901938	0.000401133	0.0924465	7.63404e-05	0.00513719
6516	7.32182e-09	0.999972	7.27272e-06	1.89471e-05	4.7146e-07	1.05288e-06
6517	0.000698417	0.0832459	0.232397	0.605448	0.0445666	0.0336444
6518	4.32442e-07	5.15419e-05	0.000147382	0.947141	2.75951e-05	0.0526321
6519	7.11184e-08	8.48821e-06	0.999793	0.000184037	4.5476e-06	1.02269e-05
6520	0.000689908	0.0822423	0.232767	0.606414	0.0441881	0.0336981
6521	0.000671007	0.0799879	0.23243	0.605535	0.0477274	0.0336492
6522	7.06257e-07	8.42243e-05	0.000237963	0.947007	4.50752e-05	0.0526246
6523	0.000255823	0.0304961	0.254108	0.66201	0.0163427	0.0367875
6524	0.000255821	0.0305144	0.254106	0.662005	0.0163322	0.0367872
6525	1.42697e-05	0.00170073	0.984287	0.0123985	0.000910546	0.00068898
6526	3.06599e-07	3.65613e-05	0.000103443	0.947205	1.95665e-05	0.0526356
6527	0.000699443	0.0833596	0.232345	0.605314	0.0446447	0.0336369
6528	0.000255828	0.0304957	0.254112	0.662022	0.016326	0.0367882
6529	3.74748e-08	4.46634e-06	1.28577e-05	0.947337	2.39187e-06	0.052643
6530	0.000255801	0.0305715	0.254086	0.661953	0.0163492	0.0367843
6531	6.52444e-11	1	2.22362e-08	5.79306e-08	4.16471e-09	3.21917e-09
6532	1.40755e-07	1.67797e-05	0.99959	0.00036424	8.98239e-06	2.02406e-05
6533	2.2752e-05	0.00271164	0.974998	0.0197202	0.00145185	0.00109584
6534	1.05196e-07	1.25383e-05	3.58523e-05	0.947304	6.71329e-06	0.0526411
6535	0.000255823	0.0305035	0.254107	0.662009	0.0163375	0.0367874
6536	7.45773e-08	8.88869e-06	2.49185e-05	0.947319	4.75884e-06	0.052642
6537	0.00069083	0.0823406	0.232765	0.606408	0.0440973	0.0336977
6538	9.10216e-12	1.11713e-09	3.10215e-09	8.08182e-09	1	4.49102e-10
6539	1.52935e-08	1.83636e-06	5.17662e-06	0.947348	9.75978e-07	0.0526436
6540	0.000255815	0.0305323	0.254099	0.661988	0.0163384	0.0367863
6541	0.000674272	0.0803759	0.233561	0.608481	0.0430952	0.0338129
6542	9.50789e-07	0.000113324	0.99894	0.000838436	6.06713e-05	4.65914e-05
6543	0.00068801	0.0820917	0.232881	0.606709	0.0439161	0.0337145
6544	0.000698854	0.0832938	0.231902	0.604159	0.0463743	0.0335727
6545	1.57782e-06	0.000188152	0.00156724	0.945596	0.000100755	0.0525462
6546	4.21629e-07	0.999436	0.000142996	0.000372539	2.69315e-05	2.07018e-05
6547	2.22354e-05	0.969943	0.00762902	0.0198754	0.00142623	0.00110446
6548	0.000255828	0.0304984	0.254112	0.662021	0.0163248	0.0367881
6549	0.000255822	0.0305099	0.254106	0.662007	0.016333	0.0367874
6550	4.40295e-07	5.24764e-05	0.000437342	0.946865	2.81209e-05	0.0526167
6551	2.83859e-06	0.000338346	0.000952512	0.945959	0.000181128	0.0525664
6552	6.02529e-07	7.19023e-05	0.999323	0.000536631	3.84539e-05	2.98202e-05
6553	0.000255804	0.0305151	0.254089	0.661961	0.0163947	0.0367848
6554	1.28433e-08	1.53391e-06	0.999963	3.32354e-05	8.20279e-07	1.84687e-06
6555	6.55324e-06	0.000781091	0.00221099	0.944117	0.000420004	0.052464
6556	9.24571e-09	1.10259e-06	0.999973	2.39257e-05	5.90012e-07	1.32954e-06
6557	2.93672e-06	0.00035003	0.996745	0.002572	0.0001874	0.000142925
6558	2.31138e-07	2.75539e-05	7.93039e-05	0.947241	1.47546e-05	0.0526376
6559	2.58656e-05	0.965491	0.00875508	0.0228091	0.00165117	0.00126749
6560	0.000255822	0.0304942	0.254106	0.662006	0.0163505	0.0367873
6561	0.00025581	0.0304945	0.254094	0.661975	0.0163951	0.0367856
6562	0.000255794	0.0306203	0.254078	0.661934	0.016329	0.0367832
6563	9.70135e-08	1.1563e-05	3.26482e-05	0.947308	6.19261e-06	0.0526413
6564	4.02536e-10	0.999999	1.3683e-07	3.56475e-07	2.57e-08	1.98091e-08
6565	2.58657e-08	3.09429e-06	2.56922e-05	0.947327	1.65286e-06	0.0526424
6566	3.35871e-07	0.998727	0.000333619	0.000869155	2.14323e-05	4.82984e-05
6567	0.000688935	0.0835599	0.232439	0.605559	0.0441023	0.0336506
6568	4.03004e-08	4.80369e-06	4.00301e-05	0.947311	2.57208e-06	0.0526415
6569	7.89745e-12	9.42305e-10	7.84448e-09	0.947356	5.04099e-10	0.052644
6570	1.02548e-05	0.986506	0.00342118	0.00891298	0.000654443	0.000495289
6571	0.000689967	0.0822661	0.232787	0.606466	0.04409	0.0337009
6572	2.51361e-06	0.000299601	0.997155	0.00225655	0.00016054	0.000125395
6573	0.000674058	0.0806893	0.233486	0.608287	0.0430605	0.0338022
6574	7.77729e-08	9.2695e-06	0.999913	6.92669e-05	4.96902e-06	3.84912e-06
6575	0.000255814	0.0305195	0.254098	0.661986	0.0163536	0.0367862
6576	1.1079e-07	1.32039e-05	3.69282e-05	0.0880356	0.907022	0.00489208
6577	6.09346e-11	7.26376e-09	6.05259e-08	0.947356	3.88834e-09	0.052644
6578	4.0911e-08	4.89414e-06	4.06366e-05	0.94731	2.61105e-06	0.0526415
6579	1.11189e-07	1.32536e-05	0.000110444	0.947232	7.09729e-06	0.0526371
6580	0.000255825	0.0304935	0.254109	0.662013	0.0163408	0.0367877
6581	7.99074e-10	0.999997	7.93715e-07	2.06781e-06	5.11304e-08	1.14907e-07
6582	1.90962e-05	0.0022766	0.00638061	0.937982	0.00121889	0.0521231
6583	5.84794e-11	6.96983e-09	5.80872e-08	0.947356	3.73251e-09	0.052644
6584	7.33389e-08	8.77346e-06	7.2847e-05	0.000189784	0.999718	1.05462e-05
6585	1.04619e-07	1.2489e-05	0.000103918	0.947239	6.68807e-06	0.0526375
6586	7.25543e-10	8.64834e-08	7.20677e-07	0.947355	4.63496e-08	0.052644
6587	8.50124e-08	0.999887	2.87258e-05	7.48375e-05	5.42496e-06	4.15868e-06
6588	4.65271e-11	1	1.58571e-08	4.13115e-08	3.01038e-09	2.29566e-09
6589	2.95246e-10	3.51944e-08	2.93265e-07	0.947356	1.88437e-08	0.052644
6590	2.93911e-09	0.999989	2.9194e-06	7.60571e-06	1.87572e-07	4.22645e-07
6591	0.000255803	0.0305717	0.254087	0.661957	0.0163436	0.0367846
6592	2.91225e-25	3.47192e-23	2.89272e-22	7.53622e-22	1	4.18783e-23
6593	0.000697952	0.0831848	0.232417	0.605501	0.044552	0.0336473
6594	0.000685508	0.0817073	0.233018	0.607068	0.0437868	0.0337344
6595	2.17647e-06	0.000259417	0.000741773	0.946274	0.000138896	0.0525839
6596	4.99749e-08	5.9594e-06	1.73108e-05	0.947331	3.19012e-06	0.0526426
6597	3.83634e-07	4.57476e-05	0.999572	0.000338968	2.44909e-05	1.88362e-05
6598	2.73833e-08	3.26558e-06	2.71997e-05	0.947325	1.74745e-06	0.0526423
6599	2.79282e-06	0.000332853	0.000949335	0.94597	0.000178318	0.052567
6600	0.000255804	0.0305262	0.254089	0.661961	0.0163841	0.0367848
6601	0.00015612	0.0186099	0.0540784	0.868907	0.00996349	0.0482847
6602	5.40584e-06	0.000644455	0.0018334	0.944674	0.000348088	0.0524949
6603	4.99749e-08	5.95704e-06	1.73108e-05	0.947331	3.19915e-06	0.0526426
6604	0.000255828	0.0304918	0.254113	0.662023	0.0163285	0.0367882
6605	6.78306e-06	0.000808407	0.00226372	0.944029	0.000432829	0.0524591
6606	1.94305e-06	0.000231591	0.997816	0.00173054	0.000123999	9.61649e-05
6607	1.74007e-06	0.000207397	0.998049	0.00154501	0.000111042	8.58551e-05
6608	3.16984e-08	3.7791e-06	3.14858e-05	0.947321	2.10343e-06	0.052642
6609	2.39946e-05	0.00286066	0.00806634	0.93553	0.00153169	0.0519869
6610	6.0422e-09	7.20158e-07	6.00168e-06	0.947349	3.85636e-07	0.0526436
6611	0.000255812	0.0304973	0.254096	0.66198	0.0163846	0.0367859
6612	1.6895e-07	2.01393e-05	5.85227e-05	0.947271	1.07837e-05	0.0526393
6613	1.40755e-07	1.6779e-05	0.99959	0.00036424	8.98268e-06	2.02406e-05
6614	0.000670562	0.0799253	0.233763	0.609007	0.042792	0.0338422
6615	6.44057e-05	0.755906	0.0639737	0.166667	0.00412782	0.00926156
6616	2.48552e-06	0.000296325	0.00246885	0.944283	0.000475787	0.0524733
6617	5.40954e-06	0.000646793	0.00184365	0.944664	0.00034522	0.0524944
6618	0.000683773	0.0859682	0.231902	0.604161	0.043712	0.0335728
6619	0.00068911	0.0821384	0.232851	0.606633	0.0439785	0.0337102
6620	0.000682035	0.0814361	0.233162	0.607441	0.0435241	0.0337551
6621	4.86364e-05	0.00579831	0.944717	0.0438908	0.00310665	0.00243898
6622	6.22011e-11	1	6.17839e-08	1.60962e-07	3.96921e-09	8.94455e-09
6623	2.79281e-06	0.000333127	0.000949335	0.945969	0.000178704	0.0525669
6624	1.5818e-05	0.00188556	0.0157119	0.929712	0.00101098	0.0516635
6625	5.50876e-07	6.56711e-05	0.998394	0.00142554	3.54715e-05	7.92162e-05
6626	0.000674194	0.0805207	0.233534	0.60841	0.0430522	0.033809
6627	0.000696295	0.0831207	0.232461	0.605616	0.0444529	0.0336537
6628	1.5206e-07	1.81248e-05	5.19834e-05	0.94728	9.71397e-06	0.0526398
6629	0.000255821	0.0305239	0.254105	0.662003	0.0163248	0.0367871
6630	2.24513e-07	2.6758e-05	7.52239e-05	0.947246	1.43261e-05	0.0526379
6631	3.11837e-07	3.71648e-05	0.000104295	0.947203	1.9898e-05	0.0526355
6632	0.000255824	0.030498	0.254108	0.662013	0.0163376	0.0367876
6633	2.14506e-07	2.55648e-05	7.15872e-05	0.947251	1.36873e-05	0.0526382
6634	0.000255828	0.0304949	0.254112	0.662022	0.0163266	0.0367882
6635	0.000696398	0.0830009	0.232495	0.605705	0.0444432	0.0336587
6636	6.03523e-19	7.19281e-17	5.99475e-16	1.56178e-15	1	8.67869e-17
6637	6.80827e-06	0.000811645	0.00231427	0.943977	0.000434486	0.0524562
6638	4.75552e-07	5.67153e-05	0.000472363	0.00123062	0.998171	6.83846e-05
6639	1.28937e-05	0.00153845	0.962406	0.0333658	0.000823161	0.00185412
6640	3.9038e-06	0.276965	0.0013191	0.683482	0.000249112	0.0379807
6641	6.34901e-09	7.56729e-07	0.999981	1.64297e-05	4.06433e-07	9.1299e-07
6642	0.000189664	0.0226107	0.791835	0.164139	0.0121043	0.00912112
6643	3.70426e-07	4.41592e-05	0.00012563	0.947172	2.36638e-05	0.0526338
6644	5.80072e-07	6.91352e-05	0.000199886	0.947066	3.70157e-05	0.0526279
6645	1.1501e-07	1.37101e-05	0.000114239	0.947228	7.3711e-06	0.0526369
6646	0.000670526	0.0799633	0.23375	0.608975	0.0428001	0.0338404
6647	0.000255818	0.03052	0.254103	0.661998	0.0163372	0.0367868
6648	0.000122978	0.014662	0.0413419	0.107705	0.830183	0.00598513
6649	0.000255793	0.0305085	0.254077	0.661931	0.0164443	0.0367831
6650	3.01357e-07	3.59362e-05	0.000299336	0.94702	1.92384e-05	0.0526253
6651	0.000180812	0.0253612	0.0623055	0.853202	0.011539	0.0474119
6652	1.97463e-05	0.00235608	0.977434	0.0179337	0.0012603	0.000996562
6653	2.11978e-06	0.000252793	0.993819	0.00548548	0.000135345	0.000304825
6654	0.000255794	0.0306203	0.254079	0.661935	0.0163267	0.0367833
6655	1.45962e-14	1	4.85952e-12	1.26602e-11	9.31371e-13	7.0352e-13
6656	5.85913e-08	6.98728e-06	5.81983e-05	0.947291	3.7456e-06	0.0526404
6657	2.19224e-07	2.61396e-05	7.49443e-05	0.947247	1.40181e-05	0.0526379
6658	3.71558e-10	0.999997	1.27021e-07	2.6075e-06	2.37361e-08	1.44897e-07
6659	1.12474e-07	1.34139e-05	0.999672	0.000291056	7.19689e-06	1.61738e-05
6660	1.11098e-07	1.32431e-05	3.84832e-05	0.9473	7.08958e-06	0.0526409
6661	3.00081e-10	1	1.01773e-07	2.65143e-07	1.93226e-08	1.47338e-08
6662	4.15298e-08	4.95086e-06	4.12513e-05	0.000107469	0.99984	5.97201e-06
6663	1.03231e-06	0.000123329	0.00102538	0.946204	6.58896e-05	0.05258
6664	5.77872e-05	0.78099	0.0573996	0.149539	0.00370364	0.00830982
6665	4.31911e-07	5.14927e-05	0.999513	0.000386069	2.75672e-05	2.14536e-05
6666	0.000255826	0.0304997	0.25411	0.662016	0.0163305	0.0367878
6667	3.42604e-06	0.000408738	0.996136	0.00306241	0.000219436	0.000170176
6668	0.000255826	0.0305038	0.25411	0.662016	0.0163264	0.0367878
6669	0.000694582	0.082801	0.232571	0.605902	0.0443617	0.0336696
6670	2.66042e-10	1	8.95319e-08	2.33252e-07	1.69793e-08	1.29617e-08
6671	7.17701e-08	0.999728	7.12888e-05	0.000185724	4.93635e-06	1.03206e-05
6672	5.3121e-09	6.34016e-07	0.999985	1.37464e-05	3.3931e-07	7.63882e-07
6673	0.000691531	0.0824372	0.232723	0.606298	0.0441593	0.0336916
6674	0.000255824	0.0304995	0.254108	0.662012	0.0163362	0.0367876
6675	1.13796e-07	1.35651e-05	0.000113033	0.947229	7.28466e-06	0.0526369
6676	3.64714e-05	0.00434738	0.0123693	0.92928	0.00232764	0.0516395
6677	1.45014e-06	0.000172877	0.000487496	0.946641	9.25328e-05	0.0526043
6678	1.84243e-07	2.19628e-05	6.23634e-05	0.947265	1.17595e-05	0.0526389
6679	8.69467e-07	0.000103668	0.000863635	0.946386	5.54839e-05	0.0525901
6680	0.00025582	0.030528	0.254104	0.662001	0.0163243	0.036787
6681	0.000255826	0.0304969	0.25411	0.662016	0.0163333	0.0367878
6682	0.00025577	0.0307113	0.254054	0.661871	0.0163275	0.0367798
6683	7.4718e-08	8.90682e-06	2.57469e-05	0.947319	4.76878e-06	0.0526419
6684	3.41628e-09	4.07194e-07	0.99999	8.84051e-06	2.18043e-07	4.91262e-07
6685	9.55191e-06	0.00113859	0.989457	0.00832286	0.000609559	0.000462496
6686	3.16984e-08	3.77947e-06	3.14858e-05	0.947321	2.02693e-06	0.052642
6687	9.65403e-14	1.15144e-11	9.58928e-11	2.49823e-10	1	1.38825e-11
6688	0.000255826	0.0305016	0.254111	0.662018	0.0163258	0.036788
6689	0.000679727	0.0810605	0.233216	0.607583	0.0436981	0.033763
6690	6.98711e-07	8.32749e-05	0.000233953	0.947013	4.45923e-05	0.0526249
6691	0.000688066	0.0820214	0.232899	0.606758	0.0439157	0.0337172
6692	4.80708e-07	5.73002e-05	0.000162712	0.947118	3.06926e-05	0.0526308
6693	0.000674261	0.0804415	0.233557	0.608471	0.0430443	0.0338124
6694	0.000679937	0.0810811	0.233288	0.607771	0.0434067	0.0337735
6695	1.57782e-06	0.000189216	0.00156723	0.945595	0.000100742	0.0525461
6696	7.9691e-05	0.00950209	0.0271598	0.90773	0.00508687	0.050442
6697	1.79035e-08	2.13379e-06	6.16933e-06	0.947347	1.14249e-06	0.0526435
6698	5.84535e-10	6.9666e-08	1.99218e-07	0.947356	3.72987e-08	0.052644
6699	7.61983e-09	9.08204e-07	7.56872e-06	0.947347	4.86304e-07	0.0526435
6700	3.89049e-06	0.0004641	0.995637	0.00345437	0.000248269	0.000191957
6701	4.07112e-06	0.994558	0.00138073	0.00359712	0.000259795	0.00019989
6702	0.000255826	0.0305016	0.254111	0.662018	0.0163262	0.0367879
6703	1.83433e-07	2.18627e-05	0.000182202	0.947151	1.17057e-05	0.0526326
6704	7.4718e-08	8.90712e-06	2.57469e-05	0.947319	4.78309e-06	0.0526419
6705	2.76442e-06	0.000329479	0.000923677	0.945999	0.000176408	0.0525686
6706	4.55598e-08	5.43199e-06	1.53323e-05	3.99444e-05	0.999937	2.21969e-06
6707	0.000255821	0.0305203	0.254105	0.662003	0.0163284	0.0367871
6708	6.6506e-11	1	2.21335e-08	5.76631e-08	1.27308e-08	3.2043e-09
6709	0.000255828	0.0304962	0.254112	0.662022	0.016325	0.0367882
6710	0.000255792	0.0306201	0.254076	0.661929	0.0163355	0.036783
6711	4.60169e-08	5.48525e-06	4.57082e-05	0.947305	2.96308e-06	0.0526411
6712	0.000700588	0.0834978	0.232292	0.605175	0.0447058	0.0336292
6713	2.35277e-08	2.80473e-06	8.14974e-06	0.947344	1.50407e-06	0.0526433
6714	0.000255828	0.0304967	0.254112	0.662022	0.016325	0.0367882
6715	1.0865e-11	1.29519e-09	1.07921e-08	0.947356	6.93305e-10	0.052644
6716	1.75845e-07	2.09843e-05	6.13009e-05	0.947267	1.12627e-05	0.0526391
6717	1.36892e-06	0.000163161	0.000454031	0.946687	8.73574e-05	0.0526068
6718	3.29562e-09	3.92802e-07	1.10587e-06	0.947354	2.10294e-07	0.0526439
6719	0.000695583	0.0829468	0.232523	0.605777	0.0443947	0.0336627
6720	4.72462e-07	5.63432e-05	0.000161517	0.94712	3.02609e-05	0.0526309
6721	2.99799e-13	3.57362e-11	2.97788e-10	0.947356	1.913e-11	0.052644
6722	0.000255807	0.0305611	0.254092	0.661968	0.016338	0.0367852
6723	1.00773e-08	1.20213e-06	3.40513e-06	0.947351	6.52016e-07	0.0526437
6724	1.09628e-05	0.00130685	0.00372649	0.941914	0.000699745	0.0523416
6725	0.000255829	0.0304938	0.254113	0.662025	0.0163245	0.0367883
6726	5.73183e-07	6.83211e-05	0.000194837	0.947071	3.65798e-05	0.0526282
6727	2.01419e-10	2.40111e-08	2.00068e-07	5.21225e-07	0.999999	2.89642e-08
6728	3.97332e-06	0.000473544	0.995596	0.00347987	0.000253553	0.000193374
6729	0.00045976	0.392121	0.154155	0.401609	0.0293387	0.0223172
6730	1.31043e-08	1.56296e-06	1.30164e-05	0.947341	8.36277e-07	0.0526432
6731	9.19621e-05	0.0109644	0.896616	0.0819043	0.00587204	0.00455137
6732	0.000134814	0.0160677	0.0455539	0.86351	0.0267486	0.0479847
6733	7.74913e-07	9.23692e-05	0.000769715	0.946492	4.94772e-05	0.052596
6734	7.04976e-10	8.40311e-08	7.00248e-07	0.947355	4.50094e-08	0.052644
6735	4.51512e-09	5.38733e-07	4.48484e-06	0.947351	2.88804e-07	0.0526437
6736	2.79423e-07	3.33245e-05	9.74089e-05	0.947215	1.78332e-05	0.0526362
6737	0.000255823	0.0305173	0.254107	0.662008	0.0163243	0.0367874
6738	1.82382e-08	2.1738e-06	6.08456e-06	0.947347	1.16403e-06	0.0526435
6739	1.34295e-06	0.000160096	0.996084	0.00347523	8.57456e-05	0.000193116
6740	1.61667e-05	0.00192678	0.0054348	0.939372	0.00104983	0.0522003
6741	9.95038e-10	1.18688e-07	0.999997	2.57492e-06	6.35081e-08	1.43087e-07
6742	0.000255813	0.0305524	0.254097	0.661984	0.0163246	0.036786
6743	0.000670522	0.0799734	0.233749	0.608971	0.042796	0.0338402
6744	1.38083e-05	0.00164569	0.00464693	0.940547	0.000881194	0.0522656
6745	7.07843e-07	8.43976e-05	0.000241985	0.947003	4.53368e-05	0.0526244
6746	7.57215e-08	9.025e-06	2.5807e-05	0.947318	4.83365e-06	0.0526419
6747	1.75556e-08	2.09265e-06	1.74379e-05	0.947336	1.12136e-06	0.0526429
6748	2.73312e-06	0.000325794	0.000918799	0.946009	0.000174559	0.0525691
6749	4.75552e-07	5.66869e-05	0.000472363	0.00123062	0.998171	6.83846e-05
6750	0.000255814	0.0304903	0.254098	0.661985	0.0163847	0.0367861
6751	4.49462e-06	0.000535732	0.00151259	0.945139	0.00028696	0.0525208
6752	3.16984e-08	3.7827e-06	3.14858e-05	0.947321	2.02403e-06	0.052642
6753	3.74166e-07	4.45964e-05	0.999583	0.000329951	2.38855e-05	1.83352e-05
6754	0.000672719	0.0802068	0.233023	0.607079	0.0452833	0.033735
6755	1.24229e-09	1.48082e-07	1.23396e-06	0.947355	7.93992e-08	0.0526439
6756	7.07843e-07	8.4379e-05	0.000241985	0.947003	4.51882e-05	0.0526244
6757	5.37342e-06	0.000640496	0.0018613	0.944656	0.000342932	0.052494
6758	2.17647e-06	0.000259691	0.000741772	0.946274	0.000138939	0.0525839
6759	0.000255818	0.0304966	0.254102	0.661996	0.0163631	0.0367867
6760	2.5307e-09	3.0172e-07	2.51372e-06	0.947353	1.61565e-07	0.0526438
6761	0.000254442	0.0356888	0.252735	0.658436	0.0162968	0.0365889
6762	0.000255829	0.0304927	0.254113	0.662025	0.0163253	0.0367883
6763	0.000255809	0.0305613	0.254093	0.661973	0.0163314	0.0367854
6764	0.000683866	0.0815039	0.226939	0.591229	0.0667899	0.0328543
6765	0.000695543	0.0829643	0.23251	0.605742	0.0444277	0.0336607
6766	5.94934e-05	0.00709033	0.0198621	0.91817	0.00379623	0.0510221
6767	1.28074e-08	1.52647e-06	4.41327e-06	0.94735	8.17281e-07	0.0526436
6768	3.21307e-08	3.83075e-06	1.1201e-05	0.94734	2.05082e-06	0.0526431
6769	5.73904e-07	6.84013e-05	0.999357	0.00050957	3.66214e-05	2.83165e-05
6770	0.000255829	0.030495	0.254113	0.662024	0.0163248	0.0367882
6771	4.52379e-07	5.39381e-05	0.000157703	0.947128	2.88992e-05	0.0526313
6772	1.28937e-05	0.00153709	0.962406	0.0333659	0.00082393	0.00185412
6773	1.75845e-07	2.09597e-05	6.13009e-05	0.947267	1.12206e-05	0.0526391
6774	2.91378e-05	0.00652268	0.00972085	0.930179	0.00185924	0.0516895
6775	3.70623e-06	0.000442166	0.00368137	0.943222	0.000236796	0.0524143
6776	1.66601e-07	1.98584e-05	5.61339e-05	0.947274	1.06367e-05	0.0526394
6777	1.62014e-10	1.9337e-08	1.60928e-07	0.947356	1.03572e-08	0.052644
6778	0.000255826	0.0305006	0.25411	0.662017	0.0163287	0.0367879
6779	6.00074e-09	7.15834e-07	0.999983	1.55285e-05	3.83257e-07	8.62909e-07
6780	7.61983e-09	9.08395e-07	7.56872e-06	0.947347	4.86278e-07	0.0526435
6781	1.13796e-07	1.35676e-05	0.000113033	0.947229	7.26287e-06	0.0526369
6782	0.000255818	0.0305017	0.254102	0.661996	0.016358	0.0367867
6783	1.01307e-07	1.20893e-05	3.42907e-05	0.947306	6.46467e-06	0.0526412
6784	0.000255787	0.0306194	0.254071	0.661915	0.0163561	0.0367822
6785	1.6895e-07	2.01369e-05	5.85227e-05	0.947271	1.07861e-05	0.0526393
6786	7.61983e-09	9.09821e-07	7.56872e-06	0.947347	4.86774e-07	0.0526435
6787	1.78316e-05	0.00212523	0.00593342	0.938624	0.00114099	0.0521588
6788	1.99064e-05	0.00237392	0.941959	0.0515129	0.00127152	0.00286254
6789	1.13772e-06	0.000135608	0.998735	0.00100003	7.26175e-05	5.55709e-05
6790	0.000255813	0.0305272	0.254097	0.661984	0.0163499	0.036786
6791	0.000543411	0.0649209	0.187253	0.675002	0.0347713	0.0375095
6792	0.000255828	0.0304953	0.254112	0.662022	0.0163266	0.0367882
6793	2.43134e-06	0.000289808	0.000837809	0.946138	0.000155157	0.0525763
6794	0.0006741	0.0803579	0.233501	0.608326	0.0433363	0.0338043
6795	3.17864e-09	3.7887e-07	0.999996	2.7982e-06	2.02876e-07	1.55494e-07
6796	1.66607e-06	0.000198612	0.000569567	0.946526	0.00010678	0.0525979
6797	7.31758e-06	0.000872273	0.00255096	0.943663	0.000467693	0.0524388
6798	7.98385e-08	0.999697	7.9303e-05	0.000206603	5.09497e-06	1.14808e-05
6799	4.08332e-09	0.999995	1.36035e-06	3.54403e-06	2.60771e-07	1.9694e-07
6800	4.54695e-07	5.41907e-05	0.000150869	0.947134	2.90134e-05	0.0526317
6801	1.26577e-06	0.000150885	0.000441258	0.946717	8.08721e-05	0.0526085
6802	0.000255828	0.0304957	0.254112	0.662023	0.0163248	0.0367882
6803	1.32171e-05	0.00157561	0.00442292	0.940862	0.000843417	0.0522831
6804	4.10587e-06	0.000491895	0.00141483	0.945297	0.00026233	0.0525296
6805	0.000255819	0.0305279	0.254103	0.661998	0.0163286	0.0367868
6806	1.13796e-07	1.35661e-05	0.000113033	0.947229	7.263e-06	0.0526369
6807	0.000255798	0.0305599	0.254082	0.661944	0.0163749	0.0367838
6808	0.000255781	0.0304911	0.254066	0.661901	0.0165043	0.0367815
6809	5.27308e-06	0.993033	0.00176677	0.00460285	0.000336547	0.000255777
6810	3.33084e-08	0.999874	3.3085e-05	8.61943e-05	2.12639e-06	4.78976e-06
6811	1.75556e-08	2.09387e-06	1.74379e-05	0.947336	1.12204e-06	0.0526429
6812	0.000255816	0.0305165	0.2541	0.661991	0.0163501	0.0367864
6813	4.81666e-08	5.79288e-06	1.67912e-05	0.947332	3.07664e-06	0.0526426
6814	1.4688e-09	1.75095e-07	0.999996	3.8009e-06	9.38967e-08	2.11214e-07
6815	1.85367e-05	0.00221242	0.00642093	0.938038	0.00118403	0.0521262
6816	0.000255816	0.0305325	0.2541	0.661991	0.0163335	0.0367865
6817	1.91739e-07	2.28672e-05	0.000190453	0.947142	1.22574e-05	0.0526321
6818	0.000255818	0.0305327	0.254102	0.661997	0.0163257	0.0367868
6819	2.44859e-07	2.91989e-05	8.43753e-05	0.947233	1.56316e-05	0.0526372
6820	0.000255689	0.0310121	0.253974	0.661662	0.0163289	0.0367681
6821	0.000255821	0.0305143	0.254105	0.662003	0.0163349	0.0367871
6822	0.000677328	0.0807347	0.233399	0.608059	0.0433402	0.0337895
6823	7.31184e-08	8.71805e-06	2.54896e-05	0.947319	4.66642e-06	0.052642
6824	4.02926e-07	4.80481e-05	0.000133992	0.947159	2.57123e-05	0.052633
6825	6.99988e-05	0.00834271	0.0234886	0.912903	0.00446671	0.0507294
6826	1.03231e-06	0.000123055	0.00102538	0.946204	6.66098e-05	0.05258
6827	9.78478e-07	0.000116617	0.000326799	0.946876	6.24425e-05	0.0526173
6828	5.11417e-07	6.09518e-05	0.000170806	0.947105	3.26349e-05	0.0526301
6829	9.48942e-05	0.011311	0.0942577	0.245564	0.635127	0.0136458
6830	8.97447e-11	1	8.91428e-08	2.32238e-07	5.7404e-09	1.29053e-08
6831	4.90965e-10	5.85367e-08	4.87672e-07	0.947355	3.13429e-08	0.052644
6832	0.000255814	0.0305038	0.254099	0.661987	0.0163688	0.0367862
6833	2.87533e-10	3.42684e-08	9.90802e-08	0.947356	1.8347e-08	0.052644
6834	1.57782e-06	0.000188394	0.00156724	0.945596	0.000100755	0.0525462
6835	2.38788e-14	1	2.37186e-11	6.17925e-11	1.52793e-12	3.43377e-12
6836	0.000255758	0.0306159	0.254042	0.66184	0.0164685	0.036778
6837	2.16816e-08	2.58424e-06	7.55835e-06	0.947345	1.38426e-06	0.0526434
6838	0.00069988	0.0834161	0.232326	0.605264	0.0446601	0.0336341
6839	0.000255814	0.0305038	0.254099	0.661987	0.0163688	0.0367862
6840	0.000255823	0.0305023	0.254107	0.66201	0.0163375	0.0367875
6841	1.45014e-06	0.000172877	0.000487496	0.946641	9.25501e-05	0.0526043
6842	1.07795e-06	0.000128526	0.000365589	0.946822	6.87927e-05	0.0526143
6843	0.000255824	0.0304995	0.254108	0.662012	0.0163375	0.0367876
6844	1.13773e-12	1	1.1301e-09	2.94417e-09	7.38815e-11	1.63606e-10
6845	6.60366e-07	7.87292e-05	0.000655937	0.946619	4.21764e-05	0.0526031
6846	1.28937e-05	0.00153796	0.962406	0.0333659	0.000823014	0.00185412
6847	0.000255824	0.0305082	0.254108	0.662013	0.0163274	0.0367876
6848	1.91739e-07	2.28576e-05	0.000190453	0.947142	1.22382e-05	0.0526321
6849	2.08803e-07	2.48993e-05	7.11631e-05	0.947252	1.33264e-05	0.0526382
6850	0.000247736	0.0295499	0.246074	0.641081	0.0474225	0.0356245
6851	0.000278514	0.234228	0.491098	0.243113	0.0177727	0.0135097
6852	8.11776e-13	9.67563e-11	8.06332e-10	0.947356	5.18018e-11	0.052644
6853	9.25072e-06	0.00110258	0.988447	0.00821373	0.00177081	0.000456432
6854	0.000689316	0.0821954	0.232568	0.605894	0.044985	0.0336691
6855	1.90577e-17	2.27196e-15	1	4.93169e-14	1.21718e-15	2.74051e-15
6856	2.79991e-06	0.000333728	0.00278113	0.944232	0.000179773	0.0524704
6857	5.13356e-05	0.0061196	0.850326	0.132844	0.0032771	0.00738208
6858	4.51512e-09	5.38257e-07	4.48484e-06	0.947351	2.88127e-07	0.0526437
6859	4.88368e-10	5.82052e-08	1.68286e-07	0.947356	3.11631e-08	0.052644
6860	4.04377e-06	0.00048201	0.995424	0.00363022	0.000258042	0.000201729
6861	8.15409e-15	1	8.0994e-12	2.11009e-11	5.20389e-13	1.17256e-12
6862	1.1617e-06	0.000140006	0.00115391	0.00300621	0.995532	0.000167053
6863	0.00025581	0.030513	0.254094	0.661976	0.0163757	0.0367856
6864	0.000255734	0.030481	0.254019	0.66178	0.0166893	0.0367747
6865	1.75556e-08	2.09294e-06	1.74379e-05	0.947336	1.12079e-06	0.0526429
6866	1.16619e-09	1.39012e-07	1.15837e-06	0.947355	7.44406e-08	0.0526439
6867	0.000255829	0.0304938	0.254113	0.662025	0.0163242	0.0367883
6868	7.77887e-07	9.27099e-05	0.99914	0.000679014	4.96427e-05	3.77324e-05
6869	0.000255781	0.0305283	0.254065	0.6619	0.01647	0.0367814
6870	0.000631877	0.0753111	0.299579	0.553404	0.0403218	0.0307523
6871	6.03032e-05	0.0071873	0.0210222	0.916925	0.00385233	0.050953
6872	0.000255827	0.0304955	0.254111	0.662018	0.0163318	0.036788
6873	1.45737e-05	0.00173711	0.983435	0.0131517	0.000930416	0.000730832
6874	7.46336e-07	8.90776e-05	0.000253121	0.946986	4.77384e-05	0.0526234
6875	0.000255822	0.0305063	0.254107	0.662008	0.0163361	0.0367874
6876	3.47077e-08	4.13724e-06	0.999899	8.98152e-05	2.22182e-06	4.99098e-06
6877	5.26592e-07	6.32302e-05	0.998464	0.0013627	3.36828e-05	7.57242e-05
6878	4.42764e-13	5.2772e-11	1	1.14577e-09	2.82526e-11	6.36697e-11
6879	0.000692182	0.0824999	0.232693	0.60622	0.0442085	0.0336873
6880	2.28792e-06	0.000272701	0.99744	0.00202612	0.000146026	0.000112591
6881	4.19035e-09	4.99416e-07	1.45149e-06	0.947354	2.67435e-07	0.0526439
6882	0.000255828	0.0304908	0.254113	0.662023	0.0163293	0.0367882
6883	0.000255817	0.0305383	0.254101	0.661994	0.0163243	0.0367866
6884	0.000255821	0.0305118	0.254105	0.662003	0.0163373	0.0367871
6885	6.54811e-10	7.81211e-08	6.50419e-07	0.947355	4.17906e-08	0.052644
6886	0.000255819	0.0305238	0.254104	0.662	0.0163301	0.0367869
6887	0.00069001	0.0822576	0.232802	0.606504	0.0440438	0.033703
6888	2.00593e-07	2.39967e-05	0.000199248	0.947132	1.28144e-05	0.0526316
6889	0.000255825	0.0305005	0.254109	0.662014	0.0163332	0.0367877
6890	2.60557e-05	0.00310768	0.025881	0.918293	0.001663	0.051029
6891	7.43427e-09	8.8676e-07	7.38441e-06	0.947348	4.75063e-07	0.0526435
6892	5.58309e-06	0.000665638	0.983722	0.0144477	0.000356372	0.00080285
6893	7.07843e-07	8.43853e-05	0.000241985	0.947003	4.51809e-05	0.0526244
6894	3.30886e-11	3.94349e-09	3.28667e-08	0.947356	2.11135e-09	0.052644
6895	0.000255825	0.0305005	0.254109	0.662014	0.0163324	0.0367877
6896	2.8283e-08	3.37104e-06	9.66889e-06	0.947342	1.80471e-06	0.0526432
6897	0.000255766	0.0305032	0.254051	0.661862	0.0165485	0.0367793
6898	1.98138e-06	0.000236253	0.000666085	0.94638	0.000126433	0.0525897
6899	2.62389e-06	0.000312774	0.997075	0.00231383	0.000167583	0.000128578
6900	5.40585e-06	0.000644672	0.0018334	0.944676	0.000345034	0.0524951
6901	0.000679757	0.0812397	0.233226	0.60761	0.0434798	0.0337645
6902	7.61983e-09	9.08301e-07	7.56872e-06	0.947347	4.86425e-07	0.0526435
6903	1.43612e-06	0.000171162	0.998396	0.00126891	9.16376e-05	7.05126e-05
6904	0.000695896	0.0829467	0.23252	0.605769	0.0444065	0.0336622
6905	4.55635e-08	5.43036e-06	1.5396e-05	4.01101e-05	0.999937	2.2289e-06
6906	3.18292e-05	0.00379356	0.0106576	0.931711	0.00203126	0.0517746
6907	3.36936e-06	0.000401752	0.00334676	0.943597	0.000216119	0.0524351
6908	0.000255787	0.0305038	0.254071	0.661916	0.0164704	0.0367823
6909	3.60275e-11	1	3.57858e-08	9.32305e-08	2.29908e-09	5.18077e-09
6910	2.09539e-07	2.49814e-05	0.000208134	0.947122	1.33741e-05	0.052631
6911	1.06656e-06	0.000127422	0.000369447	0.94682	6.83127e-05	0.0526142
6912	5.40177e-06	0.000644185	0.00185336	0.944658	0.000345127	0.0524941
6913	1.6273e-07	1.9396e-05	5.60747e-05	0.947275	1.03842e-05	0.0526395
6914	1.30217e-12	1	1.29344e-09	3.36971e-09	8.31013e-11	1.87253e-10
6915	1.31927e-08	0.99995	1.31042e-05	3.41396e-05	8.4218e-07	1.89712e-06
6916	0.000695606	0.082919	0.232531	0.605797	0.0443936	0.0336638
6917	4.80708e-07	5.7291e-05	0.000162712	0.947118	3.06792e-05	0.0526308
6918	4.53282e-06	0.000540252	0.00152234	0.945124	0.000289325	0.0525199
6919	1.91669e-18	1	6.39045e-16	1.66486e-15	1.22305e-16	9.25155e-17
6920	1.41328e-05	0.00168591	0.00492679	0.940224	0.000902006	0.0522477
6921	0.000255828	0.030494	0.254112	0.662023	0.0163272	0.0367882
6922	7.97249e-07	9.50248e-05	0.000268013	0.946963	5.09794e-05	0.0526222
6923	1.03242e-05	0.00123054	0.00349458	0.942246	0.000658793	0.05236
6924	1.06619e-07	1.27148e-05	3.6449e-05	0.947303	6.80557e-06	0.0526411
6925	2.30876e-09	2.75252e-07	2.29328e-06	0.947353	1.47331e-07	0.0526439
6926	7.32448e-13	8.73027e-11	2.51305e-10	6.54708e-10	1	3.63817e-11
6927	0.000695312	0.0828688	0.23255	0.605846	0.0443734	0.0336665
6928	2.164e-05	0.00257924	0.00726147	0.936704	0.0013813	0.0520521
6929	1.05083e-09	1.25239e-07	3.56392e-07	0.947355	6.70521e-08	0.052644
6930	2.60558e-05	0.00310532	0.025881	0.918296	0.00166271	0.0510291
6931	0.000255658	0.0304903	0.253943	0.661582	0.0169649	0.0367637
6932	9.41573e-07	0.00011227	0.000320901	0.946888	6.01183e-05	0.052618
6933	9.16201e-07	0.000109227	0.000315712	0.946897	5.84852e-05	0.0526185
6934	0.000679865	0.0810943	0.233263	0.607706	0.0434867	0.0337699
6935	0.000255826	0.0305006	0.25411	0.662017	0.0163291	0.0367879
6936	0.000683949	0.0815283	0.2331	0.607279	0.0436628	0.0337461
6937	3.65311e-05	0.00435487	0.012654	0.928998	0.00233261	0.0516239
6938	6.60366e-07	7.87071e-05	0.000655937	0.946619	4.22549e-05	0.0526031
6939	1.26577e-06	0.000150911	0.000441258	0.946717	8.08029e-05	0.0526085
6940	3.29876e-09	3.93392e-07	3.27664e-06	0.947352	2.10512e-07	0.0526438
6941	2.73457e-12	1	9.15085e-10	2.38401e-09	1.74533e-10	1.32478e-10
6942	3.60737e-08	4.30131e-06	3.58317e-05	9.33501e-05	0.999861	5.18741e-06
6943	0.000115866	0.0138144	0.115089	0.299833	0.554486	0.0166615
6944	5.80743e-14	1	5.76848e-11	1.50283e-10	3.71351e-12	8.35111e-12
6945	2.22367e-08	0.999916	2.20876e-05	5.75433e-05	1.41971e-06	3.19765e-06
6946	0.000255818	0.0305279	0.254103	0.661997	0.01633	0.0367868
6947	1.57102e-09	1.87235e-07	5.26754e-07	0.947355	1.00267e-07	0.052644
6948	9.36899e-06	0.00111679	0.00315297	0.942736	0.000597865	0.0523873
6949	0.000255815	0.0305196	0.254099	0.661989	0.0163501	0.0367863
6950	3.58757e-07	4.27601e-05	0.000356351	0.946956	2.28965e-05	0.0526218
6951	0.000674301	0.0803929	0.233571	0.608507	0.04304	0.0338144
6952	1.66607e-06	0.000198597	0.000569567	0.946526	0.000106399	0.0525979
6953	2.20031e-06	0.000262348	0.000767046	0.946246	0.000140461	0.0525823
6954	0.000104705	0.0124786	0.884785	0.0908989	0.00668157	0.0050512
6955	1.01829e-08	1.21387e-06	3.54982e-06	0.947351	6.4977e-07	0.0526437
6956	1.32442e-07	1.5785e-05	0.999849	0.000120284	8.455e-06	6.68413e-06
6957	2.99176e-05	0.00823183	0.00995339	0.928291	0.00190901	0.0515846
6958	0.000692188	0.0825281	0.232695	0.606224	0.0441733	0.0336875
6959	0.000255817	0.0305074	0.254102	0.661995	0.0163538	0.0367866
6960	0.000686838	0.0819334	0.232942	0.606869	0.0438455	0.0337233
6961	1.53612e-06	0.000183667	0.00152582	0.945642	9.80427e-05	0.0525488
6962	0.000255825	0.0304946	0.254109	0.662015	0.0163376	0.0367878
6963	0.000255824	0.0305049	0.254108	0.662011	0.0163331	0.0367875
6964	4.56782e-05	0.00545405	0.0157401	0.924471	0.00291649	0.0513723
6965	0.00025581	0.0305521	0.254094	0.661976	0.0163366	0.0367856
6966	1.6895e-07	2.01386e-05	5.85227e-05	0.947271	1.07812e-05	0.0526393
6967	7.87401e-06	0.000938719	0.00265303	0.943444	0.000530029	0.0524266
6968	0.000255816	0.0305382	0.2541	0.66199	0.0163293	0.0367864
6969	1.92362e-07	2.29262e-05	0.999439	0.000497787	1.2277e-05	2.76617e-05
6970	1.16899e-05	0.00141269	0.00393875	0.941569	0.000745967	0.0523224
6971	0.000255815	0.0305071	0.254099	0.661989	0.0163629	0.0367863
6972	1.5705e-06	0.000187213	0.995421	0.00406409	0.000100655	0.000225839
6973	0.000255822	0.0305204	0.254106	0.662005	0.0163254	0.0367872
6974	7.68749e-10	0.999999	2.67992e-07	6.98182e-07	4.90902e-08	3.87975e-08
6975	1.47481e-07	1.75783e-05	5.02638e-05	0.947283	9.41776e-06	0.0526399
6976	1.2983e-07	1.54743e-05	0.999857	0.000112711	8.28455e-06	6.26327e-06
6977	0.00067424	0.0804728	0.23355	0.608452	0.0430398	0.0338113
6978	0.000697829	0.0831684	0.232427	0.605526	0.0445323	0.0336487
6979	0.000589238	0.210673	0.200294	0.521813	0.0376336	0.0289969
6980	1.21831e-10	1.45198e-08	4.05694e-08	1.05693e-07	1	5.87329e-09
6981	0.000255826	0.0305016	0.25411	0.662018	0.0163265	0.0367879
6982	1.21085e-08	0.999983	4.19427e-06	1.09271e-05	7.74269e-07	6.0721e-07
6983	5.64063e-07	6.7234e-05	0.000190309	0.947077	3.59935e-05	0.0526285
6984	2.36852e-05	0.00282356	0.973443	0.0210301	0.00151146	0.00116863
6985	1.28883e-09	1.53642e-07	4.49297e-07	0.947355	1.25874e-07	0.052644
6986	3.01308e-07	3.59121e-05	0.999659	0.000270494	1.92275e-05	1.50312e-05
6987	2.3727e-05	0.00286735	0.00817605	0.935405	0.00154843	0.0519799
6988	0.000364007	0.0434273	0.361566	0.541316	0.0232464	0.0300806
6989	0.00069208	0.0825102	0.232658	0.60613	0.0443272	0.0336823
6990	8.08729e-07	9.64024e-05	0.000268807	0.94696	5.2326e-05	0.052622
6991	1.52823e-09	0.999998	5.12406e-07	1.33494e-06	9.75154e-08	7.41818e-08
6992	0.000255812	0.0305445	0.254097	0.661982	0.0163355	0.0367859
6993	2.16064e-11	2.57838e-09	7.48424e-09	0.947356	1.3794e-09	0.052644
6994	0.000695891	0.0829555	0.232518	0.605764	0.0444048	0.0336619
6995	9.90772e-06	0.00118097	0.98897	0.00872189	0.000632399	0.00048467
6996	6.94802e-09	0.999974	6.90142e-06	1.79798e-05	4.43539e-07	9.99129e-07
6997	0.000699451	0.0833624	0.232348	0.605321	0.0446318	0.0336373
6998	0.000682377	0.0813381	0.227022	0.591447	0.0666444	0.0328663
6999	1.79532e-06	0.000214129	0.997959	0.00162015	0.000114575	9.00306e-05
7000	8.55166e-16	1.01921e-13	1	2.21297e-12	5.45675e-14	1.22973e-13
7001	7.02472e-07	8.37217e-05	0.000233489	0.947012	4.48308e-05	0.0526249
7002	6.63432e-11	7.91173e-09	1	1.71681e-07	4.23385e-09	9.54018e-09
7003	5.33368e-06	0.00063573	0.00178707	0.944733	0.0003404	0.0524983
7004	2.90327e-09	3.46068e-07	2.8838e-06	0.947353	1.85647e-07	0.0526438
7005	0.000255739	0.0308211	0.254023	0.661791	0.0163336	0.0367753
7006	3.16296e-07	3.76976e-05	0.99965	0.000276093	2.01872e-05	1.53423e-05
7007	2.95885e-07	3.52656e-05	9.92084e-05	0.94721	1.88804e-05	0.0526359
7008	0.000243827	0.0290621	0.730714	0.212454	0.0157206	0.0118059
7009	0.000255826	0.0305026	0.25411	0.662016	0.0163275	0.0367878
7010	0.000255828	0.0304966	0.254112	0.662021	0.0163264	0.0367881
7011	0.000255824	0.0305101	0.254108	0.662012	0.0163267	0.0367876
7012	0.000255726	0.0305126	0.254011	0.661758	0.0166888	0.0367735
7013	0.000255822	0.0305173	0.254107	0.662008	0.0163254	0.0367874
7014	0.000689079	0.0821712	0.232841	0.606606	0.0439844	0.0337087
7015	1.10667e-09	1.31918e-07	1.09925e-06	0.947355	7.06642e-08	0.0526439
7016	2.53846e-06	0.000302723	0.992599	0.00656894	0.000162041	0.000365032
7017	0.000255807	0.0304932	0.254091	0.661967	0.0164081	0.0367851
7018	1.77975e-06	0.000212196	0.000616488	0.946462	0.00011367	0.0525943
7019	1.14134e-07	1.36062e-05	0.000113369	0.947229	7.30044e-06	0.0526369
7020	2.13503e-09	2.54476e-07	2.12071e-06	5.52494e-06	0.999992	3.07018e-07
7021	5.38203e-06	0.000641535	0.0018134	0.9447	0.000343433	0.0524964
7022	9.79206e-06	0.00147546	0.00339187	0.942138	0.000630522	0.0523541
7023	1.15758e-06	0.000137962	0.0003876	0.946787	7.38962e-05	0.0526124
7024	0.000255828	0.0304962	0.254112	0.662022	0.0163251	0.0367882
7025	1.12064e-08	1.33576e-06	0.999988	9.86514e-06	7.15184e-07	5.482e-07
7026	5.4062e-07	6.44352e-05	0.000180637	0.947091	3.45033e-05	0.0526293
7027	0.000694606	0.0827942	0.232579	0.605923	0.0443384	0.0336708
7028	1.09597e-07	1.30656e-05	3.77659e-05	0.947301	7.00346e-06	0.052641
7029	7.47113e-06	0.000890466	0.00742102	0.939023	0.000477168	0.0521809
7030	5.20807e-07	6.20842e-05	0.00017869	0.947096	3.32529e-05	0.0526295
7031	1.13796e-07	1.35641e-05	0.000113033	0.947229	7.2747e-06	0.0526369
7032	2.95625e-06	0.000352494	0.996699	0.00261206	0.000188711	0.00014515
7033	0.000695583	0.0829162	0.232523	0.605777	0.0444256	0.0336627
7034	5.2292e-07	6.23488e-05	0.000177349	0.947097	3.33859e-05	0.0526296
7035	0.00025583	0.0304911	0.254114	0.662026	0.0163244	0.0367884
7036	4.25874e-10	5.07606e-08	4.23018e-07	0.947356	2.7179e-08	0.052644
7037	1.28074e-08	1.52644e-06	4.41327e-06	0.94735	8.17316e-07	0.0526436
7038	1.10796e-07	1.32415e-05	0.999677	0.000286713	7.07462e-06	1.59325e-05
7039	1.49044e-05	0.00178416	0.00502859	0.939986	0.000951576	0.0522345
7040	0.000255326	0.0304334	0.253614	0.660724	0.0182579	0.036716
7041	0.000690839	0.0823371	0.232768	0.606417	0.0440889	0.0336982
7042	3.13625e-07	3.77189e-05	0.999085	0.000811587	2.00493e-05	4.50994e-05
7043	9.91152e-09	1.18141e-06	0.999989	8.89789e-06	6.32579e-07	4.9445e-07
7044	0.000683863	0.0815232	0.23307	0.607203	0.0437776	0.0337419
7045	9.16201e-07	0.000109245	0.000315712	0.946897	5.87674e-05	0.0526185
7046	0.000255819	0.030528	0.254104	0.662	0.0163255	0.0367869
7047	0.000255827	0.0304956	0.254111	0.66202	0.0163296	0.036788
7048	0.000697654	0.0831983	0.232422	0.605513	0.0445208	0.033648
7049	0.000443606	0.0540716	0.154644	0.402885	0.365567	0.0223881
7050	5.50876e-07	6.56741e-05	0.998394	0.00142554	3.5175e-05	7.92163e-05
7051	0.000255742	0.0305942	0.254027	0.6618	0.0165469	0.0367758
7052	9.8417e-07	0.000117312	0.99713	0.0025468	6.29319e-05	0.000141524
7053	1.36769e-05	0.00163073	0.960123	0.0353927	0.000873256	0.00196675
7054	1.13796e-07	1.35779e-05	0.000113033	0.947229	7.28466e-06	0.0526369
7055	5.09699e-06	0.000607515	0.994362	0.00445232	0.000325249	0.000247413
7056	2.1744e-07	2.59774e-05	0.000215982	0.947113	1.39611e-05	0.0526305
7057	0.000255779	0.0305986	0.254063	0.661895	0.0164063	0.0367811
7058	1.16901e-05	0.00139335	0.00393882	0.941587	0.000745998	0.0523234
7059	0.000255816	0.0305197	0.2541	0.661991	0.0163471	0.0367864
7060	4.08332e-09	0.999995	1.37019e-06	3.56967e-06	2.60771e-07	1.98364e-07
7061	9.9983e-12	1	9.93124e-09	2.58732e-08	6.38128e-10	1.43776e-09
7062	1.65785e-05	0.00197607	0.981701	0.0144453	0.0010579	0.000802718
7063	2.27236e-05	0.0027082	0.974625	0.0200779	0.00144999	0.00111572
7064	4.37039e-09	0.999994	1.46336e-06	3.8124e-06	2.78972e-07	2.11853e-07
7065	0.00025582	0.0304927	0.254104	0.662002	0.0163582	0.036787
7066	0.000255804	0.0305853	0.254089	0.661961	0.0163249	0.0367848
7067	7.99835e-07	9.53465e-05	0.000274425	0.946957	5.10393e-05	0.0526218
7068	0.000695903	0.0829394	0.232522	0.605775	0.0444048	0.0336626
7069	0.000683946	0.0815205	0.233098	0.607276	0.0436749	0.033746
7070	0.00025579	0.0306198	0.254075	0.661924	0.0163428	0.0367827
7071	0.000255812	0.0305523	0.254096	0.66198	0.0163296	0.0367858
7072	3.21307e-08	3.82941e-06	1.1201e-05	0.94734	2.05235e-06	0.0526431
7073	8.23191e-08	0.999891	2.76468e-05	7.20265e-05	5.2528e-06	4.00247e-06
7074	4.0222e-08	4.80063e-06	1.37082e-05	0.947336	2.56712e-06	0.0526429
7075	0.000255827	0.0304956	0.254111	0.662019	0.0163301	0.036788
7076	6.72296e-06	0.00080129	0.980389	0.0173974	0.000438742	0.000966764
7077	0.000682068	0.0813144	0.233173	0.607471	0.043603	0.0337568
7078	0.000255805	0.0304981	0.25409	0.661964	0.016408	0.0367849
7079	1.03046e-07	1.22846e-05	0.999884	9.21091e-05	6.57769e-06	5.11845e-06
7080	1.91739e-07	2.28586e-05	0.000190453	0.947142	1.22385e-05	0.0526321
7081	2.16816e-08	2.58435e-06	7.55835e-06	0.947345	1.38366e-06	0.0526434
7082	4.196e-09	5.00204e-07	1.43966e-06	0.947354	2.6787e-07	0.0526439
7083	0.000597427	0.213601	0.19938	0.519432	0.0381259	0.0288645
7084	0.000255809	0.0305374	0.254094	0.661974	0.0163533	0.0367855
7085	4.16774e-08	4.96745e-06	0.999878	0.000107851	2.66186e-06	5.99323e-06
7086	2.49585e-05	0.905414	0.0247911	0.0645865	0.00159489	0.00358904
7087	0.000683799	0.081557	0.233049	0.607146	0.0438254	0.0337388
7088	1.24258e-06	0.000148096	0.99858	0.00112852	7.948e-05	6.2711e-05
7089	0.000255827	0.0304983	0.254111	0.662019	0.0163273	0.036788
7090	0.00025793	0.030756	0.0879061	0.819076	0.0164888	0.0455155
7091	1.37815e-08	1.64486e-06	0.99996	3.56631e-05	8.79798e-07	1.98178e-06
7092	0.000695456	0.0828925	0.232481	0.605667	0.0446083	0.0336565
7093	1.82799e-07	2.1787e-05	6.10281e-05	0.947266	1.16655e-05	0.052639
7094	1.2474e-05	0.00148725	0.004215	0.941188	0.000796094	0.0523012
7095	0.000255793	0.0306201	0.254077	0.661931	0.0163331	0.0367831
7096	5.7333e-07	6.84952e-05	0.000569484	0.946716	3.67453e-05	0.0526085
7097	0.000694229	0.0827392	0.232604	0.60599	0.0442979	0.0336745
7098	1.38608e-08	1.65594e-06	1.37679e-05	3.58686e-05	0.999947	1.99319e-06
7099	2.16439e-07	2.58578e-05	0.000214987	0.947115	1.38179e-05	0.0526306
7100	1.78664e-09	2.12999e-07	6.22836e-07	0.947355	1.14012e-07	0.052644
7101	0.000685509	0.0817143	0.233019	0.607069	0.0437783	0.0337344
7102	0.000261813	0.651781	0.0883327	0.230128	0.0167093	0.012788
7103	2.90269e-08	3.46029e-06	9.71345e-06	0.947342	1.85333e-06	0.0526432
7104	3.98885e-07	4.75459e-05	0.000135589	0.947158	2.54563e-05	0.052633
7105	4.53261e-09	0.999983	4.5022e-06	1.17293e-05	2.89312e-07	6.5179e-07
7106	0.000255806	0.0305185	0.254091	0.661966	0.0163842	0.036785
7107	0.000115123	0.0137244	0.87258	0.100641	0.00734643	0.00559258
7108	1.5206e-07	1.81287e-05	5.19834e-05	0.94728	9.70342e-06	0.0526398
7109	9.05232e-07	0.996569	0.00089916	0.00234252	5.77786e-05	0.000130173
7110	9.16201e-07	0.000109213	0.000315712	0.946897	5.84682e-05	0.0526185
7111	6.78306e-06	0.000808406	0.00226372	0.944029	0.000432826	0.0524591
7112	1.24057e-06	0.000147852	0.000413025	0.946748	7.91602e-05	0.0526102
7113	6.60366e-07	7.87253e-05	0.000655937	0.946619	4.21692e-05	0.0526031
7114	0.000255823	0.0305035	0.254107	0.66201	0.0163362	0.0367875
7115	2.60558e-05	0.00310574	0.025881	0.918295	0.0016629	0.0510291
7116	0.00025583	0.0304912	0.254114	0.662026	0.0163247	0.0367884
7117	6.98711e-07	8.32741e-05	0.000233953	0.947013	4.45839e-05	0.0526249
7118	3.01357e-07	3.59216e-05	0.000299336	0.94702	1.92341e-05	0.0526253
7119	0.000255827	0.0304984	0.254112	0.662021	0.0163255	0.0367881
7120	1.11189e-07	1.32569e-05	0.000110444	0.947232	7.09749e-06	0.0526371
7121	0.000255827	0.0304977	0.254112	0.662021	0.016326	0.0367881
7122	6.01467e-09	0.999565	2.02413e-06	0.000409688	3.84111e-07	2.27661e-05
7123	0.000699881	0.0834147	0.232326	0.605264	0.044661	0.0336342
7124	0.000255815	0.0305025	0.254099	0.661988	0.0163688	0.0367863
7125	2.21663e-07	2.64244e-05	0.000220176	0.947109	1.41836e-05	0.0526303
7126	0.000698039	0.0832621	0.232398	0.605453	0.0445441	0.0336446
7127	0.000693766	0.0827191	0.232615	0.606018	0.044278	0.033676
7128	6.74991e-11	8.04511e-09	6.70463e-08	0.947356	4.30797e-09	0.052644
7129	8.35543e-06	0.000995839	0.99071	0.00734424	0.000533176	0.000408115
7130	2.58874e-06	0.000308592	0.000866802	0.946084	0.000165204	0.0525733
7131	6.7936e-05	0.155479	0.0231536	0.773834	0.00446415	0.0430015
7132	0.000255807	0.0305154	0.254091	0.661968	0.0163843	0.0367852
7133	1.06305e-13	1.27255e-11	1.05592e-10	2.75093e-10	1	1.52868e-11
7134	1.01829e-08	1.21367e-06	3.54982e-06	0.947351	6.49888e-07	0.0526437
7135	0.000690773	0.0823381	0.232746	0.606359	0.0441709	0.033695
7136	1.95119e-06	0.000232555	0.000651672	0.946399	0.00012451	0.0525908
7137	2.45192e-08	2.92283e-06	2.43547e-05	0.947329	1.56471e-06	0.0526425
7138	1.94305e-06	0.000231626	0.997816	0.00173054	0.000124069	9.61649e-05
7139	3.6579e-05	0.00436058	0.012505	0.929131	0.00233602	0.0516312
7140	4.19949e-07	5.01317e-05	0.000417133	0.00108673	0.998385	6.03889e-05
7141	1.66607e-06	0.000198983	0.000569567	0.946525	0.000106485	0.0525978
7142	2.58657e-08	3.08428e-06	2.56922e-05	0.947327	1.65091e-06	0.0526424
7143	2.12562e-08	2.53463e-06	2.11136e-05	0.947332	1.35759e-06	0.0526427
7144	5.02467e-07	5.98874e-05	0.999446	0.00043703	3.20626e-05	2.42855e-05
7145	1.57781e-06	0.000188353	0.00156723	0.945594	0.000102969	0.0525461
7146	0.000693738	0.082749	0.232606	0.605994	0.044283	0.0336747
7147	0.000668661	0.0797205	0.257369	0.586949	0.0426764	0.0326164
7148	9.93064e-09	1.18361e-06	9.86404e-06	0.947345	6.34585e-07	0.0526434
7149	0.000677257	0.0807256	0.233375	0.607996	0.0434409	0.033786
7150	0.000401223	0.047873	0.137163	0.357342	0.437363	0.0198573
7151	6.01822e-08	7.17257e-06	2.02121e-05	0.947326	3.84016e-06	0.0526424
7152	0.000694191	0.0827853	0.232591	0.605956	0.0443007	0.0336726
7153	2.85387e-05	0.00340173	0.0099488	0.932955	0.00182255	0.0518437
7154	2.5307e-09	3.0169e-07	2.51372e-06	0.947353	1.61499e-07	0.0526438
7155	7.46132e-07	8.89321e-05	0.999176	0.000650871	4.76111e-05	3.61685e-05
7156	2.10993e-06	0.00200795	0.995915	0.00183845	0.000134649	0.000102161
7157	0.000255782	0.0306189	0.254067	0.661903	0.0163739	0.0367816
7158	5.76406e-11	6.87032e-09	5.7254e-08	0.947356	3.67905e-09	0.052644
7159	7.74913e-07	9.23855e-05	0.000769715	0.946492	4.95034e-05	0.052596
7160	0.000255826	0.0304912	0.25411	0.662016	0.0163391	0.0367878
7161	3.40966e-09	0.999987	3.38679e-06	8.82339e-06	2.17596e-07	4.9031e-07
7162	0.000255825	0.0305026	0.254109	0.662015	0.0163299	0.0367878
7163	7.70086e-07	9.17872e-05	0.000257558	0.946978	4.91396e-05	0.052623
7164	1.5705e-06	0.000187314	0.995421	0.00406409	0.000100244	0.000225839
7165	1.47862e-08	1.76249e-06	5.15459e-06	0.947349	9.4437e-07	0.0526436
7166	0.000255825	0.0304963	0.254109	0.662014	0.0163376	0.0367877
7167	3.02628e-07	3.60699e-05	0.00010082	0.947208	1.93108e-05	0.0526358
7168	0.000188201	0.0224369	0.790483	0.165676	0.0120096	0.00920653
7169	1.1501e-07	1.37147e-05	0.000114239	0.947228	7.34004e-06	0.0526369
7170	0.000694961	0.0828462	0.232559	0.605872	0.0443598	0.0336679
7171	5.21097e-06	0.000623788	0.984801	0.0134847	0.00033554	0.000749339
7172	3.0641e-09	3.65201e-07	1.02105e-06	0.947354	1.95515e-07	0.0526439
7173	0.000207174	0.024705	0.0710818	0.843876	0.0132366	0.0468937
7174	0.000100982	0.0120686	0.100305	0.834679	0.00646438	0.0463826
7175	0.000224604	0.0268549	0.0758942	0.836215	0.0143438	0.0464679
7176	5.28893e-06	0.000630461	0.00525345	0.941453	0.000342202	0.052316
7177	2.42114e-08	2.9006e-06	2.4049e-05	6.26534e-05	0.999907	3.48161e-06
7178	2.19866e-12	1	7.34639e-10	1.91391e-09	1.40322e-10	1.06355e-10
7179	4.52379e-07	5.39167e-05	0.000157703	0.947128	2.88742e-05	0.0526313
7180	0.00025582	0.0305077	0.254104	0.662001	0.0163447	0.036787
7181	1.28423e-09	1.53855e-07	1.27562e-06	3.32328e-06	0.999995	1.84673e-07
7182	0.000255816	0.0305197	0.2541	0.661991	0.0163471	0.0367864
7183	0.000255823	0.0305099	0.254107	0.662008	0.0163322	0.0367874
7184	9.09945e-09	1.08487e-06	9.03842e-06	0.947346	5.80824e-07	0.0526434
7185	5.14858e-06	0.000613672	0.00511405	0.941614	0.000328596	0.0523249
7186	0.000255828	0.0304984	0.254112	0.662021	0.0163252	0.0367881
7187	3.16605e-06	0.988002	0.00314482	0.00819299	0.000202053	0.00045528
7188	4.98531e-08	5.9426e-06	1.67035e-05	0.947331	3.18995e-06	0.0526426
7189	0.000255819	0.0305141	0.254103	0.661999	0.0163404	0.0367869
7190	0.00025572	0.030903	0.254004	0.661742	0.0163227	0.0367726
7191	9.25003e-06	0.0011026	0.00317371	0.942724	0.00060366	0.0523866
7192	0.0002558	0.0305848	0.254084	0.66195	0.0163412	0.0367841
7193	0.000255713	0.0309022	0.253998	0.661725	0.0163471	0.0367717
7194	6.23291e-07	0.997638	0.000619111	0.00161293	3.97801e-05	8.96295e-05
7195	0.00025577	0.0306727	0.254054	0.661871	0.016366	0.0367798
7196	1.19166e-28	1.42031e-26	4.02052e-26	1.04744e-25	1	5.82057e-27
7197	1.75845e-07	2.09624e-05	6.13009e-05	0.947267	1.12231e-05	0.0526391
7198	5.44726e-06	0.000649335	0.993858	0.0048691	0.00034764	0.000270573
7199	3.04334e-09	3.62721e-07	0.999991	7.87543e-06	1.94211e-07	4.37633e-07
7200	1.67624e-05	0.00199778	0.981481	0.0146222	0.00106959	0.000812549
7201	2.18211e-09	2.60905e-07	2.16748e-06	0.947354	1.39533e-07	0.0526439
7202	7.46336e-07	8.89907e-05	0.000253121	0.946986	4.76721e-05	0.0526234
7203	0.000298366	0.0355597	0.0998442	0.800758	0.0190423	0.0444976
7204	2.65556e-10	3.165e-08	2.63775e-07	0.947356	1.69807e-08	0.052644
7205	0.000255827	0.0304984	0.254111	0.66202	0.016326	0.0367881
7206	1.07568e-08	1.28255e-06	0.999969	2.7836e-05	6.89966e-07	1.54683e-06
7207	3.403e-05	0.00405801	0.961482	0.0305499	0.00217844	0.00169764
7208	0.000255819	0.0305169	0.254103	0.661999	0.0163387	0.0367869
7209	1.45602e-06	0.998032	0.000499564	0.00130148	9.29119e-05	7.23225e-05
7210	1.06619e-07	1.2708e-05	3.6449e-05	0.947303	6.8033e-06	0.0526411
7211	2.62126e-05	0.00312639	0.00887257	0.934379	0.00167327	0.0519229
7212	0.000255823	0.0304926	0.254107	0.662009	0.0163475	0.0367875
7213	0.000255823	0.0304986	0.254107	0.662009	0.0163426	0.0367874
7214	8.33717e-07	9.93914e-05	0.000283398	0.946915	8.14251e-05	0.0526195
7215	0.00025583	0.0304903	0.254114	0.662027	0.0163247	0.0367884
7216	1.15358e-08	1.37488e-06	3.88683e-06	0.94735	7.37158e-07	0.0526437
7217	2.02808e-07	2.41707e-05	6.75209e-05	0.947257	1.29423e-05	0.0526385
7218	0.000255817	0.0305198	0.254101	0.661993	0.0163445	0.0367865
7219	2.87127e-05	0.00342434	0.916283	0.0743018	0.00183339	0.0041289
7220	0.000679827	0.0812183	0.23325	0.607672	0.0434119	0.033768
7221	1.24984e-06	0.000149172	0.000428823	0.946732	7.98334e-05	0.0526093
7222	0.000255803	0.0305513	0.254088	0.661958	0.0163621	0.0367846
7223	4.318e-08	5.14627e-06	1.44344e-05	0.947335	2.75534e-06	0.0526428
7224	1.07332e-05	0.0012797	0.987735	0.00974798	0.000685075	0.000541689
7225	0.000255816	0.0305091	0.2541	0.661991	0.0163579	0.0367864
7226	0.000670509	0.0799719	0.233745	0.60896	0.0428139	0.0338395
7227	3.35622e-06	0.000400016	0.00112532	0.945705	0.000214185	0.0525523
7228	1.03046e-07	1.22818e-05	0.999884	9.21091e-05	6.5875e-06	5.11845e-06
7229	0.000255829	0.0304935	0.254113	0.662025	0.0163248	0.0367883
7230	2.79991e-06	0.000334004	0.00278113	0.944233	0.000179038	0.0524704
7231	0.000685242	0.0820281	0.232928	0.606832	0.0438059	0.0337213
7232	1.53612e-06	0.000183312	0.00152582	0.945643	9.80305e-05	0.0525488
7233	7.18094e-08	8.55903e-06	7.13278e-05	0.947276	4.64618e-06	0.0526395
7234	0.000255758	0.0305798	0.254043	0.661841	0.0165028	0.0367781
7235	8.78685e-07	0.000104738	0.999012	0.000782584	5.6069e-05	4.34877e-05
7236	3.64303e-10	0.999999	3.61859e-07	9.42729e-07	2.32617e-08	5.23869e-08
7237	1.75845e-07	2.09703e-05	6.13009e-05	0.947267	1.12263e-05	0.0526391
7238	5.62513e-09	6.70752e-07	1.93e-06	0.947353	3.58956e-07	0.0526438
7239	0.000683971	0.0815192	0.233107	0.607298	0.0436443	0.0337472
7240	0.000677369	0.0807748	0.233413	0.608096	0.0432468	0.0337915
7241	3.29876e-09	3.93476e-07	3.27664e-06	0.947352	2.10547e-07	0.0526438
7242	4.18159e-08	0.999842	4.15355e-05	0.00010821	2.68002e-06	6.01315e-06
7243	0.000364005	0.0434382	0.361563	0.541313	0.0232413	0.0300804
7244	3.42646e-06	0.000409506	0.990008	0.00886687	0.000218998	0.000492727
7245	1.1501e-07	1.37074e-05	0.000114239	0.947228	7.34014e-06	0.0526369
7246	2.60557e-05	0.00310768	0.025881	0.918293	0.00166304	0.051029
7247	1.06335e-10	1.26876e-08	1	2.7517e-07	6.93946e-09	1.5291e-08
7248	7.31759e-06	0.000872206	0.00255096	0.943664	0.000467131	0.0524388
7249	5.0116e-09	5.98394e-07	4.97798e-06	0.94735	3.20989e-07	0.0526437
7250	5.34925e-16	6.37576e-14	1.778e-13	4.6321e-13	1	2.57403e-14
7251	1.62014e-10	1.93189e-08	1.60928e-07	0.947356	1.0353e-08	0.052644
7252	3.0938e-07	3.68855e-05	0.999646	0.00028098	1.9744e-05	1.56139e-05
7253	1.07518e-06	0.000128139	0.000362753	0.946825	6.86188e-05	0.0526145
7254	1.65523e-07	1.97275e-05	5.53597e-05	0.947275	1.0562e-05	0.0526395
7255	5.58216e-07	6.65319e-05	0.999381	0.00048889	3.56192e-05	2.71673e-05
7256	2.22987e-09	2.65957e-07	2.21491e-06	0.947354	1.42305e-07	0.0526439
7257	0.000255736	0.0308208	0.254021	0.661785	0.016342	0.036775
7258	5.72697e-09	6.82688e-07	5.68856e-06	0.94735	3.68766e-07	0.0526436
7259	1.226e-05	0.00146303	0.0121778	0.0317259	0.952858	0.00176299
7260	1.5206e-07	1.81251e-05	5.19834e-05	0.94728	9.74566e-06	0.0526398
7261	0.000255828	0.0304945	0.254112	0.662021	0.0163282	0.0367881
7262	5.40177e-06	0.00064415	0.00185336	0.944658	0.000344819	0.0524941
7263	1.41986e-06	0.000169287	0.000483908	0.94665	9.07682e-05	0.0526048
7264	0.000686876	0.0818947	0.232955	0.606902	0.0438359	0.0337252
7265	4.30686e-05	0.00513411	0.951375	0.0384974	0.00281067	0.00213928
7266	1.66607e-06	0.000198593	0.000569567	0.946526	0.000106337	0.0525979
7267	1.43329e-07	1.70831e-05	4.87206e-05	0.947285	9.15898e-06	0.05264
7268	0.000247734	0.0295555	0.246073	0.641078	0.0474222	0.0356243
7269	4.99749e-08	5.95605e-06	1.73108e-05	0.947331	3.18927e-06	0.0526426
7270	1.91739e-07	2.28567e-05	0.000190453	0.947142	1.23264e-05	0.0526321
7271	4.32442e-07	5.15535e-05	0.000147382	0.947141	2.75996e-05	0.0526321
7272	0.000680134	0.0810595	0.227156	0.591794	0.0664253	0.0328856
7273	2.14505e-19	1	2.13067e-16	5.55089e-16	1.37001e-17	3.08459e-17
7274	4.81666e-08	5.74409e-06	1.67912e-05	0.947332	3.07396e-06	0.0526427
7275	6.12423e-13	7.29911e-11	1	1.5848e-09	3.91507e-11	8.80666e-11
7276	1.37223e-06	0.000163754	0.000464479	0.946677	8.75649e-05	0.0526062
7277	2.16439e-07	2.58192e-05	0.000214987	0.947115	1.38163e-05	0.0526306
7278	1.24258e-06	0.000148113	0.99858	0.00112852	7.93036e-05	6.2711e-05
7279	2.52733e-07	3.01414e-05	0.999263	0.000654012	1.63076e-05	3.63431e-05
7280	3.05539e-07	3.64671e-05	0.999109	0.000790663	1.96424e-05	4.39367e-05
7281	7.6011e-08	9.08097e-06	0.999778	0.000196698	4.93598e-06	1.09304e-05
7282	2.99028e-08	3.56627e-06	2.97022e-05	0.947323	1.91027e-06	0.0526421
7283	1.14724e-07	1.36905e-05	0.000113954	0.947228	7.32721e-06	0.0526369
7284	8.40894e-10	0.999997	8.35254e-07	2.17603e-06	5.37446e-08	1.20921e-07
7285	0.000677128	0.081122	0.23333	0.60788	0.0432115	0.0337795
7286	0.000694213	0.0827542	0.232599	0.605975	0.0443037	0.0336737
7287	0.000255811	0.0305228	0.254095	0.661978	0.0163626	0.0367857
7288	4.12798e-06	0.000492013	0.99541	0.00362841	0.000263406	0.000201628
7289	1.85307e-07	2.20974e-05	0.99946	0.000479529	1.18395e-05	2.66472e-05
7290	0.000255813	0.0305445	0.254097	0.661984	0.0163325	0.036786
7291	1.6273e-07	1.94019e-05	5.60747e-05	0.947275	1.0386e-05	0.0526395
7292	2.43134e-06	0.000289893	0.000837809	0.946138	0.000155517	0.0525763
7293	1.61883e-12	1	1.60797e-09	4.18914e-09	1.03836e-10	2.32788e-10
7294	0.00025583	0.03049	0.254114	0.662027	0.016325	0.0367884
7295	0.000255798	0.0305091	0.254082	0.661945	0.0164239	0.0367839
7296	1.07795e-06	0.000128485	0.000365589	0.946822	6.88105e-05	0.0526143
7297	0.000106883	0.0127382	0.0354639	0.129475	0.815021	0.00719485
7298	3.08205e-08	3.67388e-06	1.02759e-05	2.67711e-05	0.999958	1.48765e-06
7299	1.42915e-09	0.999998	4.79185e-07	1.24839e-06	9.12189e-08	6.93723e-08
7300	0.000255781	0.0305283	0.254065	0.6619	0.01647	0.0367814
7301	3.15244e-07	3.75778e-05	0.999081	0.000815776	2.01189e-05	4.53322e-05
7302	4.91856e-12	5.86365e-10	4.88557e-09	0.947356	3.13947e-10	0.052644
7303	2.48631e-06	0.000296522	0.00246963	0.944583	0.000158813	0.0524899
7304	5.35042e-14	1	1.79151e-11	4.66731e-11	3.41434e-12	2.5936e-12
7305	3.58757e-07	4.27666e-05	0.000356351	0.946956	2.29295e-05	0.0526218
7306	0.00025582	0.0305009	0.254104	0.662002	0.0163504	0.036787
7307	8.1665e-05	0.00973479	0.0811173	0.856269	0.00521491	0.0475824
7308	4.4732e-07	5.3326e-05	0.999494	0.000401574	2.85453e-05	2.23152e-05
7309	1.14846e-08	1.37032e-06	1.14076e-05	0.947343	7.33435e-07	0.0526433
7310	1.84336e-08	2.19705e-06	0.999979	1.65485e-05	1.17631e-06	9.19587e-07
7311	2.31136e-07	2.75496e-05	7.93033e-05	0.947233	2.25739e-05	0.0526372
7312	3.65312e-05	0.00435388	0.012654	0.928999	0.00233247	0.0516239
7313	0.000241093	0.0861989	0.239476	0.623891	0.0155242	0.0346692
7314	1.63854e-08	1.95313e-06	5.67572e-06	0.947348	1.04589e-06	0.0526435
7315	0.000694208	0.0827443	0.232597	0.605971	0.0443197	0.0336734
7316	1.43329e-07	1.70843e-05	4.87206e-05	0.947285	9.14626e-06	0.05264
7317	6.07905e-10	7.25176e-08	6.03828e-07	1.57312e-06	0.999998	8.74171e-08
7318	0.000255787	0.0305056	0.254071	0.661915	0.0164704	0.0367822
7319	8.40894e-10	0.999997	8.35254e-07	2.17603e-06	5.36844e-08	1.20921e-07
7320	0.000688063	0.0820238	0.232898	0.606755	0.0439173	0.033717
7321	0.000255828	0.0304925	0.254112	0.662022	0.0163292	0.0367882
7322	3.86738e-07	4.6099e-05	0.000128906	0.947166	2.46845e-05	0.0526335
7323	6.96069e-06	0.000829634	0.00237959	0.943888	0.00044425	0.0524513
7324	0.000255645	0.0311608	0.25393	0.661549	0.0163428	0.0367619
7325	3.17201e-06	0.000378135	0.00106749	0.945792	0.000202428	0.0525571
7326	0.000686777	0.0818926	0.232921	0.606815	0.0439641	0.0337203
7327	8.33741e-07	9.93839e-05	0.000283406	0.946942	5.32367e-05	0.052621
7328	1.26577e-06	0.000150873	0.000441258	0.946717	8.07777e-05	0.0526085
7329	9.50634e-09	1.13309e-06	9.44258e-06	0.947345	6.0672e-07	0.0526434
7330	0.000543442	0.0649483	0.187263	0.67504	0.0346929	0.0375116
7331	5.32017e-11	6.34057e-09	5.28449e-08	0.947356	3.39488e-09	0.052644
7332	3.27498e-07	3.90435e-05	0.000325302	0.946991	2.09148e-05	0.0526237
7333	0.000255823	0.0305121	0.254107	0.662009	0.0163282	0.0367875
7334	6.72299e-06	0.000804789	0.980395	0.0173975	0.000429386	0.000966769
7335	6.37059e-05	0.00762108	0.0632786	0.876163	0.00418619	0.0486878
7336	1.02712e-06	0.000122414	0.998838	0.000922077	6.55445e-05	5.12393e-05
7337	3.01357e-07	3.59826e-05	0.000299336	0.94702	1.92322e-05	0.0526253
7338	5.4614e-09	6.50953e-07	0.999984	1.41328e-05	3.48524e-07	7.85351e-07
7339	0.00015612	0.0186111	0.0540784	0.868907	0.00996271	0.0482846
7340	0.000688051	0.0820486	0.232894	0.606745	0.0439075	0.0337165
7341	6.569e-05	0.00783089	0.927459	0.057269	0.00419303	0.0031824
7342	8.41425e-07	0.000100281	0.000279281	0.946945	5.36947e-05	0.0526211
7343	1.28074e-08	1.52644e-06	4.41327e-06	0.94735	8.18747e-07	0.0526436
7344	0.000255785	0.0306438	0.254069	0.661911	0.0163382	0.036782
7345	8.80685e-06	0.0010501	0.0030015	0.942977	0.000561985	0.0524007
7346	3.27498e-07	3.90469e-05	0.000325302	0.946991	2.09104e-05	0.0526237
7347	8.33741e-07	9.93675e-05	0.000283406	0.946942	5.32496e-05	0.052621
7348	7.47857e-07	8.92325e-05	0.000260708	0.946979	4.77267e-05	0.052623
7349	3.15231e-07	3.76239e-05	0.999041	0.000815743	6.03427e-05	4.53304e-05
7350	5.33479e-08	6.35813e-06	1.77171e-05	0.94733	3.40415e-06	0.0526426
7351	1.17992e-10	3.18405e-08	1.172e-07	0.947356	7.53592e-09	0.052644
7352	0.000255802	0.0305716	0.254087	0.661955	0.0163462	0.0367845
7353	0.0002558	0.0305021	0.254084	0.66195	0.0164241	0.0367841
7354	2.48607e-06	0.000296334	0.000840045	0.946127	0.000158838	0.0525757
7355	2.79991e-06	0.000333784	0.00278114	0.944233	0.000178761	0.0524705
7356	0.000255818	0.0305278	0.254102	0.661996	0.0163319	0.0367867
7357	1.75556e-08	2.09359e-06	1.74379e-05	0.947336	1.12115e-06	0.0526429
7358	0.000255823	0.0305023	0.254107	0.662009	0.0163389	0.0367874
7359	0.000694897	0.0828385	0.232538	0.605816	0.0444482	0.0336648
7360	4.24208e-07	5.05576e-05	0.00014247	0.947147	2.70683e-05	0.0526324
7361	0.000698626	0.0832708	0.232358	0.605347	0.0446867	0.0336388
7362	0.000683846	0.0815228	0.233064	0.607188	0.0437999	0.0337411
7363	1.15643e-11	1.37825e-09	3.85358e-09	1.00395e-08	1	5.57889e-10
7364	1.1501e-07	1.37109e-05	0.000114239	0.947228	7.3389e-06	0.0526369
7365	1.97086e-08	2.34921e-06	6.67106e-06	0.947346	1.25769e-06	0.0526435
7366	0.00069783	0.0831699	0.232427	0.605526	0.0445304	0.0336487
7367	5.0576e-07	6.02894e-05	0.000502367	0.946792	3.2332e-05	0.0526127
7368	0.000255825	0.0305066	0.254109	0.662015	0.0163257	0.0367878
7369	1.77975e-06	0.000212703	0.000616487	0.94646	0.000114839	0.0525942
7370	0.00069213	0.0825648	0.232675	0.606174	0.0442097	0.0336847
7371	2.79991e-06	0.000333721	0.00278114	0.944233	0.000178752	0.0524705
7372	1.97463e-05	0.00235364	0.977436	0.0179337	0.00126036	0.000996565
7373	5.7333e-07	6.83569e-05	0.000569484	0.946716	3.66367e-05	0.0526085
7374	3.34753e-15	3.98971e-13	1.11103e-12	2.8945e-12	1	1.60846e-13
7375	1.12441e-05	0.00134056	0.0111687	0.934814	0.000718073	0.0519471
7376	7.18094e-08	8.55974e-06	7.13278e-05	0.947276	4.58592e-06	0.0526396
7377	0.000255821	0.0305061	0.254105	0.662005	0.0163406	0.0367872
7378	1.20831e-06	0.000144018	0.000408291	0.946759	7.71147e-05	0.0526108
7379	4.196e-09	5.00086e-07	1.43966e-06	0.947354	2.67826e-07	0.0526439
7380	0.00025583	0.0304909	0.254114	0.662027	0.0163241	0.0367884
7381	4.92692e-09	5.87208e-07	4.89387e-06	0.947351	3.14436e-07	0.0526437
7382	3.94315e-06	0.000470071	0.00137461	0.945366	0.000251739	0.0525334
7383	2.30276e-06	0.000274498	0.000770586	0.946224	0.000147048	0.0525811
7384	3.46942e-06	0.00041377	0.996035	0.00315095	0.000221566	0.000175096
7385	4.09213e-07	4.87806e-05	0.000141747	0.94715	2.61129e-05	0.0526326
7386	2.20082e-08	2.62328e-06	7.50069e-06	0.947345	1.40435e-06	0.0526434
7387	0.000690779	0.0823663	0.232748	0.606364	0.0441349	0.0336953
7388	0.000255825	0.0305038	0.254109	0.662015	0.0163287	0.0367878
7389	1.5157e-08	1.80662e-06	1.50553e-05	0.947339	9.6733e-07	0.0526431
7390	0.000131456	0.0157107	0.0458266	0.880983	0.00839243	0.0489557
7391	3.0475e-06	0.000363729	0.00105562	0.945824	0.000194489	0.0525589
7392	2.63777e-10	0.999999	2.62008e-07	6.82593e-07	1.68558e-08	3.79313e-08
7393	1.57782e-06	0.000188108	0.00156724	0.945596	0.000100783	0.0525462
7394	6.53951e-07	7.81031e-05	0.000226522	0.947027	4.17886e-05	0.0526257
7395	0.000677408	0.0807459	0.233427	0.608132	0.0432249	0.0337935
7396	0.00069277	0.0825753	0.232666	0.60615	0.0442325	0.0336834
7397	5.15124e-08	6.14007e-06	1.77505e-05	0.94733	3.28712e-06	0.0526426
7398	5.09344e-20	1	1.71847e-17	4.47703e-17	3.25149e-18	2.48786e-18
7399	4.18041e-06	0.000498356	0.98781	0.0108179	0.000268749	0.000601145
7400	2.87122e-05	0.00344325	0.916266	0.0743004	0.00183305	0.00412883
7401	5.03809e-07	6.01061e-05	0.998531	0.00130374	3.21744e-05	7.24479e-05
7402	0.000694219	0.0827496	0.232601	0.60598	0.0443009	0.033674
7403	0.000685512	0.0817351	0.23302	0.607071	0.0437536	0.0337346
7404	3.63606e-06	0.000433397	0.00122863	0.945558	0.000232189	0.0525441
7405	5.34017e-05	0.00636719	0.939963	0.0475612	0.00341191	0.00264295
7406	1.85124e-11	1	6.25537e-09	1.62967e-08	1.18132e-09	9.05598e-10
7407	0.000698855	0.0832955	0.232371	0.605381	0.0446127	0.0336407
7408	0.00025577	0.0304908	0.254054	0.661871	0.0165487	0.0367798
7409	6.20368e-05	0.00739415	0.0210399	0.916609	0.00395924	0.0509354
7410	0.000255813	0.0305445	0.254097	0.661982	0.0163343	0.036786
7411	2.5307e-09	3.01626e-07	2.51372e-06	0.947353	1.61506e-07	0.0526438
7412	1.77975e-06	0.000212178	0.000616488	0.946462	0.000113579	0.0525943
7413	0.000255795	0.0306204	0.254079	0.661937	0.0163243	0.0367834
7414	0.000683942	0.0815423	0.233097	0.607273	0.0436577	0.0337458
7415	4.09213e-07	4.88036e-05	0.000141747	0.94715	2.61171e-05	0.0526326
7416	2.6711e-05	0.00318561	0.922118	0.0691218	0.00170688	0.00384106
7417	1.63854e-08	1.95323e-06	5.67572e-06	0.947348	1.04566e-06	0.0526435
7418	2.45192e-08	2.92288e-06	2.43547e-05	0.947329	1.56474e-06	0.0526425
7419	0.000255652	0.0311616	0.253937	0.661566	0.0163169	0.0367628
7420	3.64512e-08	4.35479e-06	3.62067e-05	0.947315	2.33155e-06	0.0526417
7421	1.07518e-06	0.000128177	0.000362753	0.946825	6.86092e-05	0.0526145
7422	7.52472e-10	8.96889e-08	7.47425e-07	0.947355	4.80167e-08	0.052644
7423	1.95774e-08	2.3332e-06	6.5552e-06	0.947346	1.24924e-06	0.0526435
7424	5.21099e-06	0.000621689	0.984806	0.0134848	0.00033276	0.000749343
7425	0.00025581	0.0305048	0.254094	0.661975	0.0163844	0.0367856
7426	1.74007e-06	0.000207446	0.998049	0.00154501	0.000111062	8.58551e-05
7427	0.000694184	0.0827352	0.232589	0.60595	0.0443595	0.0336723
7428	0.000255828	0.0304953	0.254112	0.662022	0.0163261	0.0367882
7429	4.81453e-08	5.76795e-06	0.99986	0.000124589	3.07607e-06	6.92331e-06
7430	1.75716e-08	2.09434e-06	5.97294e-06	0.947347	1.12126e-06	0.0526435
7431	0.000255805	0.0305608	0.254089	0.661963	0.0163464	0.0367849
7432	0.000686814	0.0818619	0.232934	0.606848	0.0439472	0.0337222
7433	2.11978e-06	0.000252694	0.99382	0.00548548	0.000135284	0.000304825
7434	3.64714e-05	0.00434768	0.0123693	0.92928	0.00232744	0.0516395
7435	1.24229e-09	1.48062e-07	1.23396e-06	0.947355	7.92705e-08	0.0526439
7436	0.000691541	0.0824269	0.232726	0.606307	0.0441568	0.0336921
7437	0.000255792	0.0305499	0.254076	0.661928	0.0164071	0.036783
7438	7.55087e-08	9.00341e-06	2.58136e-05	0.947318	4.82369e-06	0.0526419
7439	1.10599e-07	1.31817e-05	0.999876	9.82013e-05	7.06124e-06	5.45699e-06
7440	2.43134e-06	0.000290101	0.000837809	0.946138	0.000155366	0.0525763
7441	2.38178e-06	0.000283889	0.000799918	0.946183	0.000152011	0.0525788
7442	3.99269e-06	0.000475847	0.0013361	0.945394	0.000254769	0.052535
7443	2.64918e-08	3.15946e-06	2.63141e-05	6.85545e-05	0.999898	3.80953e-06
7444	2.79423e-07	3.33722e-05	9.74089e-05	0.947215	1.78338e-05	0.0526362
7445	5.28895e-06	0.000630815	0.00525348	0.941456	0.000337765	0.0523162
7446	0.000255827	0.0304956	0.254112	0.66202	0.0163285	0.0367881
7447	0.000255829	0.0304923	0.254113	0.662025	0.016326	0.0367883
7448	7.14244e-05	0.00851503	0.024176	0.903366	0.0136723	0.0501995
7449	1.37107e-05	0.00163413	0.0045647	0.940642	0.000874873	0.0522709
7450	7.84948e-09	9.35548e-07	2.6682e-06	0.947352	5.01152e-07	0.0526438
7451	2.52341e-08	3.0078e-06	8.69536e-06	0.947343	1.61093e-06	0.0526433
7452	2.98772e-07	3.56208e-05	0.000101826	0.947207	1.90863e-05	0.0526357
7453	6.33776e-07	7.55693e-05	0.000216	0.947041	4.04543e-05	0.0526265
7454	0.000255826	0.0305038	0.25411	0.662016	0.0163268	0.0367878
7455	0.00025578	0.0306739	0.254064	0.661898	0.0163266	0.0367813
7456	4.98746e-07	5.94401e-05	0.000165813	0.947112	3.18241e-05	0.0526304
7457	1.38605e-06	0.000165292	0.995959	0.00358676	8.86067e-05	0.000199314
7458	1.15252e-13	1	1.14479e-10	2.98245e-10	7.35732e-12	1.65733e-11
7459	0.000255826	0.0305027	0.254111	0.662018	0.016325	0.0367879
7460	2.51416e-07	2.9969e-05	8.51004e-05	0.947232	1.60449e-05	0.0526371
7461	5.39739e-08	6.43327e-06	1.84516e-05	0.947329	3.44902e-06	0.0526425
7462	1.47481e-07	1.7579e-05	5.02638e-05	0.947283	9.45223e-06	0.0526399
7463	3.27498e-07	3.9034e-05	0.000325302	0.94699	2.13726e-05	0.0526237
7464	0.000685366	0.0817504	0.23297	0.606941	0.0439257	0.0337274
7465	0.000693289	0.0826567	0.232638	0.606078	0.0442543	0.0336794
7466	0.000255828	0.0304991	0.254112	0.662021	0.0163245	0.0367881
7467	6.60366e-07	7.87136e-05	0.000655937	0.946619	4.21541e-05	0.0526031
7468	3.13952e-05	0.00374516	0.964704	0.0279616	0.00200388	0.00155381
7469	0.000255814	0.030538	0.254099	0.661987	0.0163345	0.0367862
7470	1.88415e-09	2.24643e-07	1.87151e-06	4.87572e-06	0.999993	2.70941e-07
7471	0.000107095	0.0127754	0.0363213	0.894253	0.00685017	0.0496931
7472	3.63437e-06	0.000434545	0.00122806	0.945118	0.000695705	0.0525197
7473	2.63439e-13	3.14026e-11	2.61672e-10	6.81718e-10	1	3.78827e-11
7474	2.09539e-07	2.49764e-05	0.000208134	0.947122	1.33758e-05	0.052631
7475	2.18211e-09	2.60262e-07	2.16748e-06	0.947354	1.39368e-07	0.0526439
7476	1.40368e-05	0.00167417	0.959074	0.0363239	0.000895866	0.0020185
7477	0.000255826	0.030497	0.254111	0.662018	0.0163306	0.0367879
7478	1.70531e-11	1	1.69387e-08	4.41293e-08	1.09016e-09	2.45224e-09
7479	0.000255826	0.0304976	0.25411	0.662018	0.0163305	0.0367879
7480	1.9344e-08	2.30569e-06	6.63696e-06	0.947346	1.23447e-06	0.0526435
7481	4.01328e-08	4.78305e-06	1.34563e-05	0.947336	2.56085e-06	0.0526429
7482	6.74445e-07	8.03843e-05	0.000228289	0.947022	4.30383e-05	0.0526255
7483	5.0777e-13	1	5.04364e-10	1.31399e-09	3.25223e-11	7.30175e-11
7484	7.99128e-09	9.52424e-07	2.70027e-06	0.947352	5.09929e-07	0.0526438
7485	1.09582e-06	0.00013071	0.998774	0.00097043	6.99394e-05	5.39262e-05
7486	6.37777e-08	7.62226e-06	6.335e-05	0.947285	4.23214e-06	0.05264
7487	8.66093e-07	0.000103232	0.000288537	0.946932	5.52665e-05	0.0526204
7488	5.40585e-06	0.000644399	0.0018334	0.944676	0.000345672	0.0524951
7489	0.000253625	0.0302583	0.251924	0.656322	0.0247703	0.0364714
7490	3.96147e-07	4.72353e-05	0.00039349	0.946914	2.52989e-05	0.0526194
7491	3.27859e-08	3.90767e-06	1.09417e-05	0.94734	2.09205e-06	0.0526431
7492	1.2977e-06	0.000154676	0.998541	0.00115577	8.28241e-05	6.42256e-05
7493	1.92562e-05	0.00229507	0.978208	0.017287	0.00122965	0.000960626
7494	1.01771e-06	0.000121317	0.998864	0.000899221	6.4942e-05	4.99692e-05
7495	3.92521e-05	0.00468487	0.885551	0.101575	0.00250514	0.00564447
7496	7.48583e-10	8.92519e-08	7.43562e-07	0.947355	4.79462e-08	0.052644
7497	0.000255802	0.030496	0.254086	0.661954	0.0164242	0.0367844
7498	4.70444e-09	5.60966e-07	1.57189e-06	0.947353	9.0054e-07	0.0526438
7499	0.000679907	0.0811361	0.233278	0.607743	0.0433912	0.0337719
7500	5.03809e-07	6.00515e-05	0.998531	0.00130374	3.22514e-05	7.24479e-05
7501	3.65791e-05	0.00436087	0.012505	0.929132	0.00233448	0.0516313
7502	0.00025582	0.0305142	0.254104	0.662001	0.0163373	0.036787
7503	1.13772e-05	0.00135601	0.00388942	0.0101329	0.984047	0.000563077
7504	5.84461e-08	6.97089e-06	0.99983	0.000151245	3.73076e-06	8.40457e-06
7505	2.1744e-07	2.59241e-05	0.000215982	0.947113	1.3889e-05	0.0526305
7506	0.000255733	0.0304865	0.254018	0.661776	0.0166892	0.0367745
7507	2.0588e-06	0.000247208	0.00204499	0.945058	0.000131411	0.0525163
7508	3.14431e-15	1	3.12322e-12	8.13673e-12	2.01684e-13	4.52153e-13
7509	0.000164564	0.0196164	0.0559386	0.865613	0.0105661	0.0481016
7510	0.000606182	0.0722522	0.205587	0.646925	0.0386799	0.0359492
7511	0.00025582	0.0305239	0.254104	0.662002	0.0163271	0.036787
7512	9.05701e-06	0.0010817	0.973591	0.0234374	0.000578193	0.0013024
7513	0.000679822	0.0812474	0.233248	0.607667	0.0433895	0.0337677
7514	3.83043e-09	4.5658e-07	3.80474e-06	9.91224e-06	0.999985	5.50817e-07
7515	2.87718e-09	3.42936e-07	0.999992	7.44546e-06	1.8362e-07	4.1374e-07
7516	1.09597e-07	1.30626e-05	3.77659e-05	0.947301	6.99353e-06	0.052641
7517	7.74912e-07	9.23882e-05	0.000769715	0.946492	4.96062e-05	0.052596
7518	3.0938e-07	3.68744e-05	0.999646	0.00028098	1.97891e-05	1.56139e-05
7519	3.95778e-09	4.71765e-07	3.93123e-06	1.02418e-05	0.999985	5.6913e-07
7520	1.43887e-07	0.999805	4.9368e-05	0.000128615	9.34371e-06	7.14708e-06
7521	0.000685225	0.0840996	0.232395	0.605444	0.0437322	0.0336441
7522	0.00068396	0.081526	0.233103	0.607289	0.0436509	0.0337467
7523	2.1744e-07	2.59293e-05	0.000215982	0.947113	1.38784e-05	0.0526305
7524	6.72302e-06	0.000801501	0.980398	0.0173976	0.000429314	0.000966773
7525	2.07192e-08	2.46932e-06	7.00104e-06	0.947346	1.3221e-06	0.0526434
7526	0.000255827	0.0304971	0.254111	0.662019	0.0163288	0.036788
7527	0.000686875	0.0818727	0.232955	0.606902	0.0438589	0.0337252
7528	2.91468e-10	3.4751e-08	1.00003e-07	0.947356	1.85985e-08	0.052644
7529	2.63548e-07	3.14133e-05	8.85976e-05	0.947226	1.68187e-05	0.0526368
7530	1.70861e-17	1	1.69715e-14	4.42149e-14	1.10953e-15	2.45699e-15
7531	7.1664e-09	8.54807e-07	7.11833e-06	0.947348	4.57663e-07	0.0526436
7532	2.26311e-08	2.69722e-06	7.62524e-06	0.947345	1.44408e-06	0.0526434
7533	8.57221e-07	0.000102227	0.000289656	0.946932	5.49401e-05	0.0526204
7534	7.81209e-05	0.00931825	0.772224	0.202158	0.00498792	0.0112338
7535	3.70623e-06	0.00044196	0.00368137	0.943222	0.000236653	0.0524143
7536	5.00723e-09	0.999993	1.71178e-06	4.45959e-06	3.19836e-07	2.47817e-07
7537	1.23018e-08	0.999984	4.15679e-06	1.08294e-05	7.85083e-07	6.01785e-07
7538	0.000686956	0.0833197	0.232524	0.605779	0.0440276	0.0336628
7539	0.000670124	0.0799323	0.23361	0.608609	0.043358	0.0338201
7540	2.95508e-12	3.52268e-10	2.93526e-09	7.64705e-09	1	4.24942e-10
7541	4.26738e-13	1	4.23875e-10	1.1043e-09	2.72307e-11	6.1365e-11
7542	2.87498e-07	3.43367e-05	0.999162	0.000743978	1.8353e-05	4.13424e-05
7543	0.000107875	0.0128568	0.0370121	0.893484	0.00688914	0.0496504
7544	2.28762e-10	1	7.92408e-08	2.06441e-07	1.46071e-08	1.14718e-08
7545	7.1055e-07	8.46837e-05	0.999217	0.000617786	4.53562e-05	3.433e-05
7546	7.13126e-06	0.000850193	0.00245734	0.943784	0.000455322	0.0524455
7547	0.000164573	0.0196224	0.0559419	0.865664	0.0105032	0.0481044
7548	9.21588e-05	0.0109837	0.0305999	0.902303	0.00588063	0.0501404
7549	3.27498e-07	3.90483e-05	0.000325302	0.946991	2.09214e-05	0.0526237
7550	1.4691e-05	0.00175096	0.00500691	0.940052	0.000937572	0.0522381
7551	2.18211e-09	2.60135e-07	2.16748e-06	0.947354	1.39399e-07	0.0526439
7552	8.80685e-06	0.0010504	0.0030015	0.942977	0.000562147	0.0524006
7553	0.000474324	0.05653	0.157694	0.715288	0.0302662	0.0397481
7554	7.94585e-11	1	7.89256e-08	2.0562e-07	5.0702e-09	1.14262e-08
7555	1.95764e-14	2.33362e-12	1.94451e-11	5.06591e-11	1	2.81509e-12
7556	2.98772e-07	3.56208e-05	0.000101826	0.947207	1.90774e-05	0.0526357
7557	2.79282e-06	0.000332945	0.000949335	0.94597	0.00017824	0.052567
7558	7.58553e-09	9.04239e-07	2.60261e-06	0.947352	4.84081e-07	0.0526438
7559	2.17647e-06	0.000259462	0.000741772	0.946274	0.000138904	0.0525839
7560	1.57718e-06	0.000187973	0.000534902	0.946574	0.000100641	0.0526006
7561	8.83723e-06	0.00105336	0.990035	0.00789927	0.000564102	0.000438958
7562	2.35163e-08	2.8105e-06	2.33586e-05	6.08546e-05	0.99991	3.38165e-06
7563	0.000255741	0.0308214	0.254026	0.661797	0.0163241	0.0367757
7564	4.22655e-06	0.000504657	0.0014449	0.945249	0.00026982	0.0525269
7565	0.000255794	0.0306203	0.254078	0.661934	0.0163285	0.0367833
7566	5.12013e-08	6.10317e-06	5.08579e-05	0.947299	3.27246e-06	0.0526408
7567	7.92832e-11	9.45009e-09	2.70209e-08	7.03957e-08	1	3.91185e-09
7568	0.000255827	0.0304941	0.254111	0.66202	0.0163312	0.036788
7569	0.000255798	0.0304877	0.254083	0.661945	0.0164447	0.0367839
7570	0.0002558	0.0305509	0.254084	0.66195	0.0163751	0.0367841
7571	8.42133e-06	0.0010037	0.00281976	0.943217	0.000537356	0.052414
7572	5.73183e-07	6.83335e-05	0.000194837	0.947071	3.66924e-05	0.0526282
7573	1.02933e-08	1.22695e-06	3.53164e-06	0.947351	6.56879e-07	0.0526437
7574	0.000700074	0.083436	0.232317	0.605241	0.0446728	0.0336329
7575	3.888e-09	4.63517e-07	3.86192e-06	0.947352	2.48156e-07	0.0526438
7576	2.60556e-05	0.00311109	0.0258809	0.918289	0.00166372	0.0510288
7577	1.90112e-14	2.26591e-12	1.88837e-11	0.947356	1.2131e-12	0.052644
7578	1.19238e-08	1.42115e-06	4.03602e-06	0.94735	7.60928e-07	0.0526437
7579	1.75715e-08	2.09502e-06	5.97293e-06	0.947345	3.36361e-06	0.0526434
7580	5.64541e-10	0.999998	5.60755e-07	1.4609e-06	3.60244e-08	8.11812e-08
7581	0.000255822	0.0305144	0.254106	0.662006	0.0163308	0.0367873
7582	0.000255826	0.0304927	0.25411	0.662017	0.0163364	0.0367879
7583	3.65857e-06	0.986134	0.00363403	0.0094675	0.000235201	0.000526103
7584	0.000695314	0.0828708	0.23255	0.605848	0.0443696	0.0336666
7585	3.41355e-07	4.06828e-05	0.000114298	0.947188	2.17835e-05	0.0526347
7586	0.000669958	0.0807419	0.233552	0.608459	0.0427651	0.0338117
7587	7.55508e-06	0.000900808	0.977972	0.0195508	0.00048253	0.00108642
7588	0.000255828	0.0304924	0.254112	0.662022	0.0163292	0.0367882
7589	1.13796e-07	1.35762e-05	0.000113033	0.947229	7.26669e-06	0.0526369
7590	5.14858e-06	0.000614073	0.00511405	0.941613	0.000328801	0.0523249
7591	3.06599e-07	3.65529e-05	0.000103443	0.947205	1.95654e-05	0.0526356
7592	0.000255732	0.0304904	0.254017	0.661774	0.0166892	0.0367744
7593	0.000683393	0.0821899	0.23291	0.606786	0.0437123	0.0337187
7594	3.21307e-08	3.83016e-06	1.1201e-05	0.94734	2.05061e-06	0.0526431
7595	2.96887e-11	3.53941e-09	2.94895e-08	0.947356	1.89445e-09	0.052644
7596	5.7333e-07	6.83722e-05	0.000569484	0.946716	3.66176e-05	0.0526085
7597	0.000255792	0.030486	0.254076	0.661928	0.0164707	0.036783
7598	0.000255816	0.0305165	0.2541	0.661991	0.0163501	0.0367864
7599	1.45268e-07	1.73143e-05	0.999836	0.00012985	9.27058e-06	7.21569e-06
7600	3.52696e-06	0.000420527	0.00119618	0.945608	0.000225066	0.0525469
7601	7.62588e-06	0.000908953	0.991467	0.00675328	0.000488172	0.000375276
7602	2.93672e-06	0.000350028	0.996745	0.002572	0.000187408	0.000142925
7603	3.64714e-05	0.00434814	0.0123693	0.929279	0.0023277	0.0516395
7604	2.20031e-06	0.00026237	0.000767046	0.946246	0.000140451	0.0525823
7605	0.000255819	0.0305328	0.254103	0.661998	0.0163241	0.0367868
7606	5.03809e-07	6.01313e-05	0.998531	0.00130374	3.21719e-05	7.24479e-05
7607	9.16173e-07	0.000109246	0.000315702	0.946868	8.94781e-05	0.0526169
7608	0.000318685	0.0379975	0.643434	0.282219	0.0203477	0.0156827
7609	0.000696834	0.0830549	0.232475	0.605652	0.0444652	0.0336557
7610	1.32954e-07	1.58459e-05	4.49253e-05	0.94729	8.48408e-06	0.0526403
7611	7.40526e-08	8.82749e-06	2.5651e-05	0.947319	4.72696e-06	0.0526419
7612	4.34361e-08	5.17756e-06	4.31447e-05	0.947308	2.78888e-06	0.0526413
7613	1.08807e-11	1.29991e-09	1.08077e-08	2.81566e-08	1	1.56465e-09
7614	0.000255784	0.0305411	0.254069	0.661909	0.0164438	0.0367819
7615	2.20031e-06	0.00026229	0.000767046	0.946246	0.000140437	0.0525823
7616	1.1501e-07	1.3714e-05	0.000114239	0.947228	7.33925e-06	0.0526369
7617	5.28894e-06	0.000630446	0.00525347	0.941455	0.000339246	0.0523161
7618	7.64374e-11	1	7.59248e-08	1.97802e-07	4.89316e-09	1.09917e-08
7619	4.42405e-09	0.999983	4.39438e-06	1.14484e-05	2.8247e-07	6.3618e-07
7620	1.0658e-06	0.000127039	0.000357357	0.946832	6.8026e-05	0.0526149
7621	8.42133e-06	0.00100369	0.00281976	0.943217	0.000537396	0.052414
7622	4.22146e-09	0.999984	4.19315e-06	1.09241e-05	2.69466e-07	6.07047e-07
7623	8.69467e-07	0.000103757	0.000863635	0.946386	5.59859e-05	0.0525901
7624	8.69467e-07	0.000103774	0.000863635	0.946386	5.55515e-05	0.0525901
7625	5.69518e-08	6.78752e-06	0.999936	5.0723e-05	3.63413e-06	2.81865e-06
7626	0.000255827	0.0304971	0.254111	0.662019	0.0163284	0.036788
7627	2.62627e-06	0.000313148	0.000897821	0.946047	0.000167615	0.0525713
7628	0.000255825	0.0305066	0.254109	0.662014	0.0163262	0.0367877
7629	4.59591e-07	5.47913e-05	0.000153634	0.94713	2.94079e-05	0.0526315
7630	0.000255826	0.0305039	0.25411	0.662017	0.0163255	0.0367879
7631	0.000255828	0.0304946	0.254112	0.662022	0.0163268	0.0367882
7632	0.000688069	0.0820143	0.232901	0.606761	0.0439187	0.0337173
7633	2.00593e-07	2.39101e-05	0.000199248	0.947132	1.28033e-05	0.0526316
7634	0.000696991	0.0831069	0.232453	0.605595	0.0444954	0.0336526
7635	0.000255814	0.0305447	0.254099	0.661987	0.0163276	0.0367862
7636	3.13729e-05	0.00373939	0.010558	0.931885	0.00200222	0.0517843
7637	1.07685e-06	0.000128347	0.000368133	0.946819	6.88252e-05	0.0526142
7638	3.36936e-06	0.00040208	0.00334676	0.943597	0.000215395	0.0524351
7639	1.38605e-06	0.000165268	0.995959	0.00358676	8.85873e-05	0.000199314
7640	6.82352e-09	0.999991	2.3327e-06	6.07723e-06	4.35806e-07	3.37708e-07
7641	1.45556e-06	0.000173484	0.000486573	0.946641	9.29122e-05	0.0526043
7642	5.39806e-05	0.00643403	0.940109	0.0473273	0.00344524	0.00262995
7643	2.26361e-05	0.00269789	0.00754501	0.936262	0.00144442	0.0520275
7644	1.43396e-08	1.70953e-06	4.86329e-06	0.947349	9.15088e-07	0.0526436
7645	0.000690028	0.0822434	0.232808	0.60652	0.0440348	0.0337039
7646	2.98378e-09	3.55689e-07	0.999991	7.72131e-06	1.90433e-07	4.29069e-07
7647	3.37845e-08	4.02647e-06	3.35579e-05	8.74263e-05	0.99987	4.85823e-06
7648	0.000255794	0.0306004	0.254078	0.661934	0.0163487	0.0367833
7649	5.41137e-08	6.45077e-06	0.999842	0.000140033	3.4641e-06	7.78157e-06
7650	5.33757e-09	6.37908e-07	1.79435e-06	4.67469e-06	0.999993	2.5977e-07
7651	6.46802e-19	7.71389e-17	6.42464e-16	1.67377e-15	1	9.30104e-17
7652	2.8283e-08	3.37145e-06	9.66889e-06	0.947342	1.80523e-06	0.0526432
7653	0.000105268	0.0125468	0.104562	0.272409	0.59524	0.0151376
7654	3.23782e-12	3.86961e-10	3.2161e-09	0.947356	2.06709e-10	0.052644
7655	0.000692783	0.0825714	0.232671	0.606162	0.0442196	0.033684
7656	0.000255827	0.0305007	0.254111	0.662019	0.0163258	0.036788
7657	7.51374e-07	0.999003	0.000252862	0.000658765	4.80335e-05	3.66072e-05
7658	1.9937e-06	0.000237642	0.000674835	0.946369	0.00012722	0.0525892
7659	1.68188e-14	1	1.6706e-11	4.3523e-11	1.07325e-12	2.41854e-12
7660	0.000255802	0.0305432	0.254086	0.661955	0.0163752	0.0367844
7661	0.000674318	0.0803767	0.233577	0.608523	0.0430345	0.0338152
7662	7.48091e-05	0.00891656	0.0259131	0.909766	0.00477421	0.0505552
7663	1.57122e-07	1.87308e-05	5.39088e-05	0.947278	1.00267e-05	0.0526396
7664	0.000255827	0.0304948	0.254111	0.66202	0.0163306	0.036788
7665	1.34295e-06	0.000160315	0.996084	0.00347523	8.64738e-05	0.000193116
7666	4.32442e-07	5.15653e-05	0.000147382	0.947141	2.76047e-05	0.0526321
7667	1.13416e-08	1.35205e-06	1.12655e-05	0.947342	2.17105e-06	0.0526432
7668	7.51864e-08	8.96112e-06	2.57966e-05	0.947318	4.7992e-06	0.0526419
7669	0.000614235	0.0732228	0.207909	0.643308	0.0391977	0.0357482
7670	5.15124e-08	6.13977e-06	1.77505e-05	0.94733	3.28739e-06	0.0526426
7671	1.13944e-06	0.000135925	0.0011318	0.946085	7.27477e-05	0.0525734
7672	1.82167e-20	2.17242e-18	1.80945e-17	4.71405e-17	1	2.61957e-18
7673	8.51632e-07	0.998864	0.000288264	0.000750996	5.43756e-05	4.17324e-05
7674	0.000255827	0.0304991	0.254111	0.66202	0.0163255	0.0367881
7675	2.3769e-06	0.000283332	0.99307	0.00615086	0.000151678	0.0003418
7676	4.47237e-07	0.00172409	0.000444237	0.00115734	0.99661	6.43128e-05
7677	0.00025583	0.0304912	0.254114	0.662026	0.0163248	0.0367884
7678	2.60785e-07	3.10894e-05	9.03331e-05	0.947225	1.66449e-05	0.0526367
7679	1.85367e-05	0.00221088	0.00642092	0.938037	0.00118611	0.0521262
7680	1.2663e-15	1	1.25781e-12	3.27688e-12	8.0831e-14	1.82094e-13
7681	9.93064e-09	1.18548e-06	9.86404e-06	0.947345	6.40776e-07	0.0526434
7682	7.47113e-06	0.000890669	0.00742102	0.939023	0.000477218	0.0521809
7683	9.61564e-05	0.0114659	0.719622	0.24883	0.00615875	0.0138273
7684	2.20082e-08	2.62317e-06	7.50069e-06	0.947345	1.40483e-06	0.0526434
7685	4.09213e-07	4.87832e-05	0.000141747	0.94715	2.61175e-05	0.0526326
7686	0.000255819	0.030503	0.254103	0.661998	0.0163539	0.0367868
7687	2.00868e-06	0.000239413	0.997775	0.00175753	0.000128176	9.76649e-05
7688	4.83807e-07	5.76735e-05	0.000161142	0.947119	3.09164e-05	0.0526308
7689	2.41248e-11	2.87553e-09	2.39629e-08	0.947356	1.53971e-09	0.052644
7690	3.7509e-22	4.47054e-20	1.28229e-19	3.34067e-19	1	1.85639e-20
7691	6.60365e-07	7.8722e-05	0.000655936	0.946619	4.27267e-05	0.052603
7692	1.4691e-05	0.00175187	0.00500691	0.940051	0.000937671	0.0522381
7693	3.8088e-06	0.000453936	0.00128041	0.945479	0.000243142	0.0525397
7694	1.89876e-07	2.26303e-05	6.37143e-05	0.947263	1.21166e-05	0.0526388
7695	6.93894e-08	8.26989e-06	0.999921	6.22931e-05	4.43339e-06	3.46159e-06
7696	2.05261e-06	0.000244883	0.997654	0.00186419	0.000131126	0.000103592
7697	6.72299e-06	0.000805435	0.980394	0.0173975	0.000429086	0.000966769
7698	2.05261e-06	0.00024464	0.997655	0.00186419	0.00013098	0.000103592
7699	0.000683934	0.0815577	0.233095	0.607266	0.043652	0.0337454
7700	1.2622e-08	1.50495e-06	1.25374e-05	0.947342	8.06328e-07	0.0526432
7701	2.65081e-07	3.16062e-05	8.99027e-05	0.947225	1.69156e-05	0.0526367
7702	0.000690015	0.0822503	0.232803	0.606508	0.0440453	0.0337033
7703	1.03231e-06	0.000123072	0.00102538	0.946205	6.59018e-05	0.05258
7704	5.37342e-06	0.000640661	0.0018613	0.944656	0.000343191	0.0524939
7705	0.000253588	0.0389845	0.251887	0.656226	0.0161822	0.0364661
7706	7.31055e-08	8.71308e-06	0.999919	6.43558e-05	4.66494e-06	3.57621e-06
7707	1.93442e-09	2.30675e-07	1.92144e-06	5.00581e-06	0.999993	2.7817e-07
7708	1.41328e-05	0.00168454	0.0049268	0.940224	0.000902731	0.0522477
7709	6.2857e-09	7.5961e-07	0.999982	1.62659e-05	4.0117e-07	9.03886e-07
7710	0.000255823	0.030508	0.254107	0.662009	0.0163323	0.0367875
7711	0.000255826	0.0304997	0.25411	0.662017	0.0163291	0.0367879
7712	4.92674e-10	5.87353e-08	4.89369e-07	1.27492e-06	0.999998	7.08467e-08
7713	1.14983e-05	0.0013742	0.987071	0.0102408	0.000733808	0.000569073
7714	5.7333e-07	6.83479e-05	0.000569485	0.946717	3.65876e-05	0.0526085
7715	6.72301e-06	0.000802413	0.980397	0.0173975	0.000429692	0.000966771
7716	1.83794e-06	0.000219142	0.000624755	0.946444	0.00011747	0.0525933
7717	8.22161e-08	9.80023e-06	0.99976	0.000212756	5.24666e-06	1.18227e-05
7718	0.000683921	0.0815715	0.23309	0.607255	0.0436551	0.0337448
7719	0.000688081	0.0820089	0.232905	0.606771	0.0439092	0.0337179
7720	0.000109317	0.0130474	0.877408	0.097063	0.00697822	0.00539373
7721	0.000679865	0.0811771	0.233263	0.607706	0.043404	0.0337699
7722	1.1501e-07	1.37096e-05	0.000114239	0.947228	7.33964e-06	0.0526369
7723	4.72462e-07	5.63118e-05	0.000161517	0.947121	3.01489e-05	0.0526309
7724	3.43398e-06	0.000409282	0.00114982	0.945668	0.000219124	0.0525502
7725	0.000255806	0.0305721	0.25409	0.661964	0.0163329	0.036785
7726	8.33741e-07	9.93749e-05	0.000283406	0.946942	5.32367e-05	0.052621
7727	0.000255822	0.030508	0.254106	0.662007	0.016335	0.0367874
7728	1.9409e-10	2.31336e-08	1.92788e-07	0.947356	1.23854e-08	0.052644
7729	2.16439e-07	2.57989e-05	0.000214987	0.947115	1.38628e-05	0.0526306
7730	0.000694915	0.0829156	0.232544	0.605832	0.0443481	0.0336657
7731	1.14846e-08	1.37015e-06	1.14076e-05	0.947343	7.34184e-07	0.0526433
7732	0.000255827	0.0305007	0.254111	0.66202	0.0163245	0.036788
7733	2.15256e-11	1	7.23631e-09	1.88523e-08	1.37418e-09	1.04761e-09
7734	0.000255803	0.0305717	0.254087	0.661957	0.0163436	0.0367846
7735	2.09539e-07	2.49786e-05	0.000208134	0.947122	1.33743e-05	0.052631
7736	4.51512e-09	5.38295e-07	4.48484e-06	0.947351	2.88804e-07	0.0526437
7737	3.4953e-13	1	1.17502e-10	3.06121e-10	2.23068e-11	1.7011e-11
7738	0.000697194	0.0830992	0.232452	0.605591	0.0445084	0.0336523
7739	1.85792e-05	0.0022146	0.00619633	0.938247	0.00118561	0.0521378
7740	5.84636e-08	6.96783e-06	1.9725e-05	0.947327	3.7306e-06	0.0526424
7741	3.48873e-08	4.15809e-06	1.16746e-05	0.947339	2.22702e-06	0.052643
7742	1.13796e-07	1.35844e-05	0.000113033	0.947229	7.26496e-06	0.0526369
7743	1.41351e-06	0.000168465	0.998439	0.0012323	9.03254e-05	6.84784e-05
7744	9.93064e-09	1.18427e-06	9.86404e-06	0.947345	6.33791e-07	0.0526434
7745	9.37923e-07	0.000111781	0.998964	0.000818175	5.98494e-05	4.54655e-05
7746	0.000698319	0.0832259	0.232404	0.605468	0.0445586	0.0336455
7747	0.00069971	0.0834082	0.232328	0.605268	0.0446618	0.0336344
7748	3.97312e-05	0.00474006	0.956345	0.0344264	0.00253534	0.00191305
7749	0.00067053	0.079917	0.233752	0.608979	0.0428411	0.0338406
7750	6.39794e-06	0.000762746	0.992855	0.00565303	0.000408774	0.000314135
7751	2.90327e-09	3.46031e-07	2.8838e-06	0.947353	1.85268e-07	0.0526438
7752	8.2703e-07	9.86085e-05	0.997589	0.00214016	5.27861e-05	0.000118927
7753	1.91739e-07	2.28567e-05	0.000190453	0.947142	1.2241e-05	0.0526321
7754	1.20831e-06	0.000144024	0.000408291	0.946759	7.71108e-05	0.0526108
7755	3.74748e-08	4.46645e-06	1.28577e-05	0.947337	2.39148e-06	0.052643
7756	7.47857e-07	8.9176e-05	0.000260709	0.946979	4.77527e-05	0.052623
7757	1.21671e-09	1.45042e-07	1.20855e-06	0.947355	7.76552e-08	0.0526439
7758	8.69467e-07	0.000103629	0.000863635	0.946386	5.55973e-05	0.0525901
7759	1.04619e-07	1.247e-05	0.000103918	0.947239	6.68807e-06	0.0526375
7760	1.19412e-05	0.00142331	0.986688	0.0105301	0.000761973	0.000585152
7761	4.77435e-05	0.819068	0.0474233	0.123549	0.00304674	0.00686553
7762	8.9861e-07	0.000107196	0.99738	0.00232539	5.73787e-05	0.00012922
7763	1.78664e-09	2.12975e-07	6.22836e-07	0.947355	1.1401e-07	0.052644
7764	1.86334e-07	2.22124e-05	6.33386e-05	0.000165012	0.99974	9.16962e-06
7765	1.2622e-08	1.5046e-06	1.25374e-05	0.947342	8.05487e-07	0.0526432
7766	3.74748e-08	4.46722e-06	1.28577e-05	0.947337	2.39237e-06	0.052643
7767	5.5522e-07	0.00019851	0.00018647	0.946957	3.5441e-05	0.0526218
7768	1.22183e-06	0.000145657	0.998484	0.00107559	0.000233887	5.977e-05
7769	0.000255829	0.030492	0.254113	0.662025	0.0163254	0.0367883
7770	0.000255805	0.0304981	0.25409	0.661964	0.016408	0.0367849
7771	7.40525e-08	8.82669e-06	2.5651e-05	0.947319	4.91395e-06	0.0526419
7772	2.8329e-19	3.37623e-17	9.42805e-17	2.45623e-16	1	1.36491e-17
7773	4.95949e-09	5.91142e-07	1.72892e-06	0.947353	3.17049e-07	0.0526439
7774	4.60169e-08	5.49138e-06	4.57082e-05	0.947305	2.93851e-06	0.0526412
7775	0.000184382	0.0219828	0.183145	0.741701	0.0117704	0.0412159
7776	6.23346e-05	0.00742923	0.020935	0.916657	0.00397836	0.0509381
7777	0.000691416	0.0824796	0.232684	0.606197	0.0442612	0.033686
7778	0.000696806	0.0830695	0.232466	0.605628	0.0444855	0.0336544
7779	0.000674282	0.0803629	0.233564	0.60849	0.0430958	0.0338134
7780	1.22557e-06	0.000147159	0.000409323	0.946754	7.82286e-05	0.0526105
7781	1.22602e-08	1.46133e-06	1.21779e-05	3.17264e-05	0.999953	1.76302e-06
7782	0.000685485	0.0817427	0.23301	0.607047	0.0437807	0.0337333
7783	0.000255821	0.0305061	0.254105	0.662003	0.0163425	0.0367871
7784	4.09213e-07	4.87881e-05	0.000141747	0.94715	2.6113e-05	0.0526326
7785	1.97463e-05	0.00235483	0.977434	0.0179337	0.00126085	0.000996563
7786	2.12376e-07	2.53115e-05	7.07363e-05	0.947252	1.35518e-05	0.0526382
7787	1.17469e-05	0.00140061	0.986857	0.0104028	0.00074966	0.000578076
7788	0.000255826	0.0304989	0.25411	0.662017	0.0163305	0.0367879
7789	3.96147e-07	4.72617e-05	0.00039349	0.946914	2.53039e-05	0.0526194
7790	1.15389e-08	1.37625e-06	0.999987	1.03142e-05	7.36356e-07	5.73154e-07
7791	4.95201e-08	5.90366e-06	0.999945	4.34686e-05	3.16749e-06	2.41552e-06
7792	2.96495e-08	3.53384e-06	1.0105e-05	0.947341	1.89226e-06	0.0526432
7793	0.000255717	0.0309027	0.254002	0.661735	0.0163322	0.0367722
7794	2.52341e-08	3.00815e-06	8.69536e-06	0.947343	1.61021e-06	0.0526433
7795	3.31759e-07	3.95387e-05	0.999636	0.000287064	2.11689e-05	1.5952e-05
7796	7.31758e-06	0.000872606	0.00255096	0.943663	0.000467086	0.0524388
7797	3.67653e-08	4.38257e-06	1.22844e-05	0.947338	2.34636e-06	0.052643
7798	0.000687978	0.082078	0.23287	0.60668	0.0439711	0.0337129
7799	0.000698519	0.0832537	0.232393	0.605438	0.0445732	0.0336438
7800	5.72697e-09	6.82815e-07	5.68856e-06	0.94735	3.65963e-07	0.0526436
7801	1.19595e-10	1.42571e-08	1.18792e-07	3.09482e-07	1	1.71978e-08
7802	4.13516e-07	4.9284e-05	0.999547	0.000357322	2.64133e-05	1.98562e-05
7803	4.52913e-08	5.3987e-06	1.52808e-05	0.947334	2.89009e-06	0.0526428
7804	4.14148e-07	4.93608e-05	0.000139729	0.947151	2.64464e-05	0.0526326
7805	2.06646e-07	2.46298e-05	6.86004e-05	0.947255	1.3188e-05	0.0526384
7806	1.99626e-07	2.3805e-05	6.78569e-05	0.947257	1.28173e-05	0.0526385
7807	7.51864e-08	8.96177e-06	2.57966e-05	0.947318	4.79876e-06	0.0526419
7808	0.000255829	0.0304919	0.254113	0.662025	0.0163259	0.0367883
7809	1.07568e-08	1.28386e-06	0.999969	2.7836e-05	6.86654e-07	1.54683e-06
7810	7.39958e-10	8.82017e-08	7.34995e-07	1.91484e-06	0.999997	1.06406e-07
7811	0.000158543	0.0188964	0.0532001	0.869321	0.0101164	0.0483076
7812	1.07332e-05	0.00128066	0.987733	0.00974796	0.000685871	0.000541688
7813	0.000255634	0.0305812	0.253919	0.66152	0.0169633	0.0367603
7814	1.09597e-07	1.30644e-05	3.77659e-05	0.947301	6.99429e-06	0.052641
7815	0.00025581	0.0305614	0.254094	0.661976	0.0163268	0.0367856
7816	0.000695365	0.08324	0.23245	0.605588	0.0443748	0.0336521
7817	1.09063e-07	1.2998e-05	3.62904e-05	0.947303	6.95934e-06	0.052641
7818	2.67314e-15	3.18664e-13	2.65521e-12	0.947356	1.7059e-13	0.052644
7819	7.61983e-09	9.08604e-07	7.56872e-06	0.947347	4.8649e-07	0.0526435
7820	0.000696768	0.0830588	0.232453	0.605596	0.0445428	0.0336526
7821	8.65359e-06	0.00103179	0.990399	0.00758701	0.000552439	0.000421606
7822	0.000255825	0.0305065	0.254109	0.662013	0.0163277	0.0367877
7823	0.000255828	0.0304949	0.254112	0.662022	0.0163272	0.0367882
7824	2.72292e-07	3.2505e-05	0.999697	0.000239339	1.73771e-05	1.32999e-05
7825	1.28431e-09	1.53287e-07	0.999996	3.32349e-06	2.45847e-07	1.84684e-07
7826	1.2622e-08	1.50916e-06	1.25374e-05	0.947342	8.05817e-07	0.0526432
7827	2.34039e-06	0.000279031	0.000793747	0.946196	0.000149431	0.0525795
7828	3.76586e-09	4.48995e-07	0.999996	3.36616e-06	2.40477e-07	1.87055e-07
7829	7.55328e-11	1	2.51578e-08	6.5542e-08	4.81987e-09	3.64213e-09
7830	0.000255825	0.0304996	0.254109	0.662015	0.0163324	0.0367878
7831	8.82761e-10	0.999997	8.76841e-07	2.28438e-06	5.63753e-08	1.26941e-07
7832	0.00025583	0.0304912	0.254114	0.662026	0.0163249	0.0367884
7833	0.000692156	0.0825037	0.232684	0.606196	0.0442382	0.033686
7834	2.29609e-10	2.7379e-08	2.28069e-07	5.94173e-07	0.999999	3.30178e-08
7835	1.16619e-09	1.49814e-07	1.15837e-06	0.947355	7.44176e-08	0.0526439
7836	3.97599e-11	1	3.94932e-08	1.02889e-07	2.53997e-09	5.71749e-09
7837	0.000255823	0.0304986	0.254107	0.66201	0.0163407	0.0367875
7838	3.13625e-07	3.74987e-05	0.999085	0.000811587	2.00379e-05	4.50994e-05
7839	0.000255826	0.0305027	0.25411	0.662017	0.0163259	0.0367879
7840	1.06657e-06	0.000127143	0.000369447	0.94682	6.80622e-05	0.0526142
7841	1.19155e-07	0.999548	0.000118356	0.000308345	7.60647e-06	1.71345e-05
7842	2.79423e-07	3.3315e-05	9.74089e-05	0.947215	1.78319e-05	0.0526362
7843	2.16816e-08	2.59028e-06	7.55835e-06	0.947345	1.40795e-06	0.0526434
7844	5.27481e-05	0.00628731	0.0179302	0.921174	0.00336653	0.0511891
7845	1.41986e-06	0.000169233	0.000483908	0.94665	9.06179e-05	0.0526048
7846	5.61615e-09	6.69345e-07	1.88454e-06	0.947353	3.58377e-07	0.0526438
7847	0.000255811	0.0305085	0.254095	0.661979	0.0163758	0.0367858
7848	3.56935e-10	4.25413e-08	3.54541e-07	0.947356	2.27779e-08	0.052644
7849	2.39874e-06	0.000285916	0.000799765	0.94618	0.000153102	0.0525787
7850	2.26311e-08	2.69738e-06	7.62524e-06	0.947345	1.44408e-06	0.0526434
7851	1.07518e-06	0.000128154	0.000362753	0.946825	6.86111e-05	0.0526145
7852	1.09993e-05	0.00131092	0.987865	0.00957923	0.000701857	0.000532312
7853	0.00067426	0.0804135	0.233557	0.60847	0.0430735	0.0338123
7854	6.65396e-05	0.00793096	0.0224196	0.914517	0.00424628	0.0508192
7855	6.73171e-05	0.00804526	0.0230132	0.913798	0.00429668	0.0507792
7856	3.1603e-07	3.7688e-05	0.999078	0.00081781	2.02912e-05	4.54452e-05
7857	2.00687e-09	2.39216e-07	1.99341e-06	0.947354	1.28097e-07	0.0526439
7858	4.81666e-08	5.74193e-06	1.67912e-05	0.947332	3.08204e-06	0.0526427
7859	4.30712e-05	0.00513615	0.951432	0.0384997	0.00275004	0.00213941
7860	5.99545e-09	7.14559e-07	5.95524e-06	0.947349	3.82596e-07	0.0526436
7861	2.96495e-08	3.53584e-06	1.0105e-05	0.947341	1.89209e-06	0.0526432
7862	1.24229e-09	1.48133e-07	1.23396e-06	0.947355	7.92922e-08	0.0526439
7863	5.28319e-08	6.29753e-06	1.81268e-05	0.94733	3.37504e-06	0.0526425
7864	4.29995e-05	0.00512579	0.952061	0.0379183	0.00274468	0.0021071
7865	6.10058e-05	0.0072842	0.923167	0.0547669	0.011678	0.00304336
7866	4.60169e-08	5.48616e-06	4.57082e-05	0.947305	2.93697e-06	0.0526412
7867	0.000255822	0.0305098	0.254106	0.662005	0.0163361	0.0367872
7868	5.2292e-07	6.23311e-05	0.000177349	0.947097	3.33714e-05	0.0526296
7869	0.000255809	0.0304969	0.254093	0.661973	0.0163951	0.0367855
7870	0.000254616	0.0303802	0.252908	0.658886	0.0209569	0.0366139
7871	1.06656e-06	0.000127592	0.000369447	0.94682	6.8168e-05	0.0526142
7872	1.83947e-05	0.0021984	0.0182713	0.926826	0.00118255	0.0515032
7873	5.20807e-07	6.20719e-05	0.00017869	0.947096	3.32328e-05	0.0526296
7874	0.000241121	0.0862091	0.239504	0.623964	0.015408	0.0346733
7875	3.61832e-10	4.31367e-08	3.59405e-07	0.947356	2.30954e-08	0.052644
7876	5.41137e-08	6.44994e-06	0.999842	0.000140033	3.46258e-06	7.78157e-06
7877	7.35115e-08	8.76106e-06	0.999919	6.38184e-05	4.69066e-06	3.54635e-06
7878	4.84396e-06	0.000579169	0.00481147	0.94195	0.000310703	0.0523436
7879	3.25473e-10	1	1.0931e-07	2.84778e-07	2.19088e-08	1.58249e-08
7880	2.30876e-09	2.75741e-07	2.29328e-06	0.947353	1.47971e-07	0.0526439
7881	4.39073e-06	0.000523348	0.00148619	0.945183	0.000280198	0.0525232
7882	2.5022e-08	2.99176e-06	0.999927	6.4751e-05	1.60179e-06	3.59817e-06
7883	3.60275e-11	1	3.57858e-08	9.32305e-08	2.30125e-09	5.18077e-09
7884	0.000690785	0.0823792	0.23275	0.606369	0.0441152	0.0336956
7885	3.67431e-08	4.37916e-06	0.999959	3.25387e-05	2.34483e-06	1.80816e-06
7886	7.98385e-09	9.51815e-07	0.999977	2.06603e-05	5.09524e-07	1.14808e-06
7887	2.44717e-07	0.00060922	8.43264e-05	0.946684	1.56158e-05	0.0526067
7888	1.24258e-06	0.0001481	0.99858	0.00112852	7.94557e-05	6.2711e-05
7889	0.000255823	0.030496	0.254107	0.662009	0.0163449	0.0367874
7890	0.000255829	0.0304931	0.254113	0.662025	0.0163251	0.0367883
7891	0.000255827	0.0304998	0.254111	0.662019	0.0163261	0.036788
7892	2.31138e-07	2.75627e-05	7.93039e-05	0.947241	1.47677e-05	0.0526376
7893	8.81772e-05	0.0105088	0.0292354	0.90429	0.00562642	0.0502509
7894	2.60557e-05	0.00310746	0.025881	0.918293	0.00166345	0.051029
7895	1.33238e-06	0.000158831	0.000448928	0.946698	8.50409e-05	0.0526075
7896	2.71789e-10	3.24604e-08	2.69966e-07	0.947356	1.73456e-08	0.052644
7897	3.4347e-07	4.09346e-05	0.999619	0.000301137	2.19171e-05	1.6734e-05
7898	0.000255816	0.0304994	0.2541	0.66199	0.0163689	0.0367864
7899	0.000694966	0.0828502	0.232561	0.605876	0.0443496	0.0336682
7900	6.94259e-08	8.27448e-06	0.999923	6.07453e-05	4.43726e-06	3.37558e-06
7901	7.95106e-09	9.47668e-07	2.69131e-06	7.0115e-06	0.999989	3.89625e-07
7902	0.000255657	0.0304947	0.253942	0.661579	0.0169648	0.0367636
7903	1.43329e-07	1.70824e-05	4.87206e-05	0.947285	9.14584e-06	0.05264
7904	1.5157e-08	1.80689e-06	1.50553e-05	0.947339	9.69199e-07	0.0526431
7905	3.63541e-07	4.33385e-05	0.000121283	0.947178	2.32104e-05	0.0526341
7906	7.58762e-08	9.04475e-06	2.55998e-05	0.947319	4.84237e-06	0.0526419
7907	2.46044e-06	0.000293277	0.000818705	0.946151	0.000157029	0.0525771
7908	1.24667e-07	1.48601e-05	4.16052e-05	0.947295	7.95492e-06	0.0526406
7909	5.05759e-07	6.03078e-05	0.000502367	0.946792	3.23935e-05	0.0526126
7910	1.27833e-05	0.00152467	0.00440496	0.940953	0.000816531	0.0522882
7911	2.51361e-06	0.000299659	0.997155	0.00225655	0.000160501	0.000125395
7912	0.000106754	0.0127285	0.88098	0.0941389	0.00681458	0.00523124
7913	8.46745e-09	1.00956e-06	2.8947e-06	0.947352	6.831e-07	0.0526438
7914	2.98072e-11	3.55242e-09	9.89636e-09	2.78538e-07	1	1.54782e-08
7915	2.1744e-07	2.59215e-05	0.000215982	0.947113	1.38802e-05	0.0526305
7916	4.16232e-11	4.96879e-09	4.1344e-08	0.947356	2.65614e-09	0.052644
7917	3.32504e-05	0.00396297	0.962985	0.0292708	0.00212186	0.00162656
7918	3.91826e-06	0.985151	0.00389198	0.0101395	0.000250034	0.000563448
7919	0.000255803	0.0305075	0.254087	0.661957	0.0164078	0.0367846
7920	3.0475e-06	0.000363274	0.00105562	0.945825	0.000194519	0.0525589
7921	1.02887e-06	0.000122625	0.00034206	0.946853	6.56526e-05	0.052616
7922	3.94315e-06	0.000470268	0.00137461	0.945366	0.000251659	0.0525334
7923	6.94379e-11	8.3272e-09	6.89722e-08	0.947356	4.43328e-09	0.052644
7924	5.06432e-07	6.03647e-05	0.999435	0.000446588	3.23522e-05	2.48166e-05
7925	0.000685374	0.0817674	0.232973	0.606949	0.0438977	0.0337278
7926	5.85913e-08	6.98654e-06	5.81983e-05	0.947291	3.7394e-06	0.0526404
7927	3.96147e-07	4.72739e-05	0.00039349	0.946914	2.54674e-05	0.0526194
7928	5.7333e-07	6.85869e-05	0.000569484	0.946716	3.6601e-05	0.0526085
7929	0.000692203	0.0825093	0.2327	0.606237	0.0441735	0.0336882
7930	1.91739e-07	2.28706e-05	0.000190453	0.947142	1.2241e-05	0.0526321
7931	4.7165e-06	0.000562635	0.994748	0.004152	0.000302088	0.000230724
7932	0.000255818	0.0305278	0.254102	0.661997	0.0163306	0.0367868
7933	0.000255814	0.0305447	0.254098	0.661986	0.0163284	0.0367862
7934	0.000255815	0.0305071	0.254099	0.661989	0.0163629	0.0367863
7935	1.74218e-06	0.000207732	0.00173049	0.00450835	0.993301	0.000250526
7936	4.10588e-06	0.000489424	0.00141484	0.9453	0.00026201	0.0525297
7937	0.000255823	0.0305081	0.254107	0.66201	0.0163316	0.0367875
7938	0.000698517	0.0832509	0.232392	0.605436	0.0445789	0.0336437
7939	1.19238e-08	1.42121e-06	4.03602e-06	0.94735	7.6096e-07	0.0526437
7940	0.000255752	0.0307587	0.254037	0.661826	0.016346	0.0367773
7941	0.00025583	0.0304909	0.254114	0.662027	0.0163244	0.0367884
7942	9.28941e-07	0.000110726	0.00092271	0.94632	5.9372e-05	0.0525864
7943	0.000255782	0.0305693	0.254067	0.661904	0.0164229	0.0367816
7944	2.93263e-05	0.00349525	0.967164	0.0259706	0.00189746	0.00144317
7945	1.38605e-06	0.000165207	0.995959	0.00358676	8.85565e-05	0.000199314
7946	6.74167e-08	8.03974e-06	0.999803	0.000174458	4.30303e-06	9.69454e-06
7947	0.000255829	0.030491	0.254114	0.662026	0.0163252	0.0367884
7948	1.97379e-07	2.35246e-05	0.999425	0.000510771	1.25996e-05	2.83833e-05
7949	1.67591e-11	1	5.63997e-09	1.46935e-08	1.06951e-09	8.16507e-10
7950	3.90144e-05	0.00465067	0.0130158	0.928224	0.00248996	0.0515808
7951	0.000255795	0.0305209	0.254079	0.661937	0.0164237	0.0367834
7952	2.05717e-15	2.45193e-13	2.04338e-12	5.32348e-12	1	2.95822e-13
7953	0.000255785	0.0306193	0.25407	0.661912	0.016361	0.0367821
7954	0.000255741	0.0308214	0.254026	0.661798	0.016323	0.0367757
7955	2.52341e-08	3.008e-06	8.69536e-06	0.947343	1.61056e-06	0.0526433
7956	1.0648e-06	0.000126906	0.998817	0.000934677	6.79547e-05	5.19394e-05
7957	0.000172276	0.020549	0.804179	0.155466	0.0109944	0.00863916
7958	0.000677364	0.0807666	0.233411	0.608091	0.043262	0.0337913
7959	0.000690836	0.0823455	0.232767	0.606414	0.0440846	0.033698
7960	1.44151e-07	0.997958	4.83711e-05	0.00187998	9.20062e-06	0.000104469
7961	1.71556e-10	2.04499e-08	5.88612e-08	1.53347e-07	1	8.52142e-09
7962	1.08093e-07	1.28851e-05	3.70869e-05	0.947302	6.89834e-06	0.052641
7963	0.000316962	0.0377759	0.650156	0.276178	0.0202256	0.015347
7964	0.000255816	0.0304964	0.254101	0.661992	0.0163689	0.0367865
7965	0.000686561	0.0818352	0.231638	0.603472	0.0488337	0.0335346
7966	3.1998e-08	3.81372e-06	1.07372e-05	0.94734	2.04197e-06	0.0526431
7967	1.03231e-06	0.000123089	0.00102538	0.946205	6.58819e-05	0.05258
7968	1.9344e-08	2.30555e-06	6.63696e-06	0.947346	1.23535e-06	0.0526435
7969	5.15124e-08	6.14308e-06	1.77505e-05	0.94733	3.28851e-06	0.0526426
7970	7.55087e-08	9.00094e-06	2.58136e-05	0.947318	4.81869e-06	0.0526419
7971	1.13796e-07	1.35636e-05	0.000113033	0.947229	7.26497e-06	0.0526369
7972	7.40525e-08	8.83471e-06	2.5651e-05	0.947318	5.26721e-06	0.0526419
7973	2.82197e-10	3.36333e-08	9.77499e-08	0.947356	1.80066e-08	0.052644
7974	0.000698598	0.0832645	0.231914	0.604191	0.0463573	0.0335745
7975	2.18997e-05	0.00261199	0.00742732	0.936498	0.00139969	0.0520407
7976	1.13422e-08	1.35177e-06	0.999987	1.00216e-05	7.23744e-07	5.56896e-07
7977	0.000255829	0.030495	0.254113	0.662024	0.0163244	0.0367883
7978	4.16774e-08	4.9697e-06	0.999878	0.000107851	2.66141e-06	5.99323e-06
7979	5.62513e-09	6.70448e-07	1.93e-06	0.947353	3.58941e-07	0.0526438
7980	7.99835e-07	9.54344e-05	0.000274425	0.946956	5.11316e-05	0.0526218
7981	1.03231e-06	0.000123059	0.00102538	0.946204	6.60302e-05	0.05258
7982	1.03242e-05	0.00123064	0.00349457	0.942245	0.000659732	0.05236
7983	0.000255816	0.0304908	0.2541	0.661991	0.0163761	0.0367864
7984	2.92497e-06	0.000348678	0.996675	0.00263957	0.000186674	0.000146679
7985	5.20774e-06	0.000620662	0.00173348	0.944806	0.000332362	0.0525023
7986	5.18008e-07	6.17368e-05	0.000173822	0.947101	3.30556e-05	0.0526298
7987	2.755e-12	1	2.73652e-09	7.12929e-09	1.76456e-10	3.9617e-10
7988	1.64869e-08	1.96626e-06	0.999952	4.26641e-05	1.05212e-06	2.37082e-06
7989	4.21047e-15	5.01961e-13	1.42518e-12	3.71292e-12	1	2.06325e-13
7990	0.000669445	0.079867	0.233373	0.607993	0.0443116	0.0337858
7991	7.4742e-10	8.90886e-08	0.999998	1.93414e-06	4.77049e-08	1.07479e-07
7992	1.63854e-08	1.9531e-06	5.67572e-06	0.947348	1.04556e-06	0.0526435
7993	1.14724e-07	1.36736e-05	0.000113954	0.947228	7.32198e-06	0.0526369
7994	0.000693301	0.0826517	0.232643	0.606089	0.0442437	0.03368
7995	0.000255821	0.0305033	0.254105	0.662004	0.0163448	0.0367872
7996	1.24548e-12	1.5298e-10	4.22407e-10	1.10047e-09	1	6.11525e-11
7997	0.000255732	0.0304894	0.254017	0.661774	0.0166892	0.0367744
7998	1.34416e-08	1.6028e-06	1.33514e-05	0.947341	8.57831e-07	0.0526432
7999	5.48693e-07	6.53985e-05	0.999386	0.000485908	3.50356e-05	2.70016e-05
8000	3.36936e-06	0.000401698	0.00334677	0.943598	0.000215176	0.0524352
8001	5.6636e-05	0.00674999	0.937726	0.0491239	0.00361385	0.00272979
8002	6.64445e-06	0.000792179	0.99248	0.00596494	0.000424874	0.000331468
8003	5.6428e-05	0.00672533	0.937546	0.0493298	0.0036009	0.00274123
8004	2.48631e-06	0.000296353	0.00246963	0.944583	0.000158673	0.0524899
8005	2.30876e-09	2.76597e-07	2.29328e-06	0.947353	1.47362e-07	0.0526439
8006	7.47114e-06	0.000890482	0.00742103	0.939023	0.000476875	0.052181
8007	8.2703e-07	9.8605e-05	0.997589	0.00214016	5.27872e-05	0.000118927
8008	0.000692675	0.082728	0.232634	0.606067	0.0441987	0.0336788
8009	3.92522e-05	0.00468051	0.885553	0.101575	0.00250697	0.00564448
8010	2.58657e-08	3.08502e-06	2.56922e-05	0.947327	1.65094e-06	0.0526424
8011	1.14134e-07	1.36075e-05	0.000113369	0.947229	7.29219e-06	0.0526369
8012	1.6895e-07	2.01424e-05	5.85227e-05	0.947271	1.07827e-05	0.0526393
8013	7.81129e-09	9.3122e-07	7.75889e-06	2.02138e-05	0.99997	1.12327e-06
8014	0.000255823	0.0305122	0.254108	0.66201	0.0163265	0.0367875
8015	8.40237e-13	1	8.34601e-10	2.17433e-09	5.3629e-11	1.20826e-10
8016	0.000311592	0.0371482	0.107932	0.790765	0.0199008	0.0439423
8017	1.99291e-06	0.000237516	0.000663371	0.94638	0.00012717	0.0525898
8018	4.0222e-08	4.79529e-06	1.37082e-05	0.947336	2.56656e-06	0.0526429
8019	6.24843e-09	0.999992	2.12397e-06	5.53344e-06	4.00468e-07	3.0749e-07
8020	7.61577e-06	0.000907912	0.00756469	0.938862	0.000486288	0.052172
8021	4.03004e-08	4.80321e-06	4.00301e-05	0.947311	2.5717e-06	0.0526415
8022	0.000694866	0.0828197	0.232527	0.605789	0.0445057	0.0336633
8023	2.44859e-07	2.9189e-05	8.43753e-05	0.947233	1.5626e-05	0.0526372
8024	2.53055e-10	3.01614e-08	2.51358e-07	0.947356	1.6149e-08	0.052644
8025	0.000255825	0.0305014	0.254109	0.662013	0.0163332	0.0367877
8026	1.57122e-07	1.87355e-05	5.39088e-05	0.947278	1.00444e-05	0.0526396
8027	2.05649e-16	1	2.0427e-13	5.32171e-13	1.31233e-14	2.95724e-14
8028	1.26577e-06	0.000150899	0.000441258	0.946717	8.07791e-05	0.0526085
8029	7.59077e-07	9.04677e-05	0.999158	0.000665518	4.84364e-05	3.69825e-05
8030	1.99092e-06	0.000237441	0.00068309	0.94634	0.000149512	0.0525876
8031	2.65081e-07	3.16121e-05	8.99027e-05	0.947225	1.69164e-05	0.0526367
8032	9.83614e-09	0.999963	9.77016e-06	2.54536e-05	6.28159e-07	1.41444e-06
8033	2.73312e-06	0.000325902	0.000918799	0.946009	0.000174415	0.0525692
8034	2.58657e-08	3.08351e-06	2.56922e-05	0.947327	1.652e-06	0.0526424
8035	3.58757e-07	4.2777e-05	0.000356351	0.946956	2.29474e-05	0.0526218
8036	0.000690547	0.0825655	0.23267	0.606161	0.0442291	0.033684
8037	5.34019e-05	0.00636644	0.939967	0.0475614	0.00340837	0.00264296
8038	0.000255828	0.0304928	0.254112	0.662023	0.0163279	0.0367882
8039	3.5604e-06	0.000425227	0.996055	0.00311523	0.00022742	0.000173111
8040	1.80081e-08	2.14627e-06	6.06757e-06	0.947347	1.14917e-06	0.0526435
8041	6.33776e-07	7.55376e-05	0.000216	0.947041	4.0441e-05	0.0526265
8042	7.50622e-08	8.94673e-06	2.51335e-05	0.947319	4.7897e-06	0.052642
8043	6.53951e-07	7.82824e-05	0.000226522	0.947027	4.1741e-05	0.0526257
8044	6.19045e-06	0.000737841	0.00207278	0.944313	0.00039512	0.0524749
8045	1.11098e-07	1.3244e-05	3.84832e-05	0.9473	7.09095e-06	0.0526409
8046	7.55497e-06	0.000902076	0.977957	0.0195505	0.000496445	0.00108641
8047	5.73329e-07	6.98836e-05	0.000569484	0.946715	3.67018e-05	0.0526084
8048	9.87051e-10	1.1765e-07	3.37435e-07	0.947356	6.29936e-08	0.052644
8049	0.000255829	0.0304938	0.254113	0.662024	0.0163249	0.0367883
8050	3.46942e-06	0.000413582	0.996034	0.00315094	0.00022276	0.000175096
8051	1.59281e-06	0.000189849	0.998198	0.00142992	0.000101643	7.94599e-05
8052	5.94059e-08	7.0802e-06	1.9992e-05	0.947327	3.79073e-06	0.0526424
8053	2.13485e-12	2.54465e-10	1	5.52448e-09	1.36245e-10	3.06992e-10
8054	0.000694973	0.0828366	0.232563	0.605882	0.044355	0.0336685
8055	6.14851e-05	0.00732993	0.93042	0.0551972	0.00392421	0.00306728
8056	1.41328e-05	0.00168502	0.0049268	0.940224	0.000902081	0.0522477
8057	2.49313e-09	2.9715e-07	8.69122e-07	0.947355	1.5913e-07	0.0526439
8058	2.51577e-05	0.00299869	0.00857409	0.934827	0.00162774	0.0519477
8059	7.07367e-07	8.43034e-05	0.000235843	0.947009	4.51362e-05	0.0526247
8060	4.22655e-06	0.000503757	0.0014449	0.94525	0.000269728	0.052527
8061	4.42532e-05	0.0052771	0.0150821	0.925347	0.00282838	0.051421
8062	0.000255782	0.0304875	0.254067	0.661904	0.0165044	0.0367816
8063	2.21663e-07	2.66588e-05	0.000220176	0.947109	1.41587e-05	0.0526303
8064	8.81983e-09	1.05125e-06	8.76068e-06	0.947346	5.63009e-07	0.0526435
8065	2.38178e-06	0.000283886	0.000799918	0.946183	0.000151987	0.0525788
8066	3.4347e-07	4.09362e-05	0.999619	0.000301137	2.19173e-05	1.6734e-05
8067	4.84145e-07	5.77019e-05	0.000162931	0.947117	3.08934e-05	0.0526307
8068	0.000677206	0.0810135	0.233357	0.60795	0.0432188	0.0337834
8069	1.07795e-06	0.000128559	0.000365589	0.946822	6.88468e-05	0.0526143
8070	0.000255795	0.0306005	0.25408	0.661937	0.0163431	0.0367835
8071	4.8998e-07	5.8834e-05	0.000486694	0.946809	3.13055e-05	0.0526136
8072	1.24984e-06	0.000149027	0.000428823	0.946732	7.98113e-05	0.0526093
8073	8.69091e-06	0.0010358	0.00291401	0.943069	0.000567172	0.0524058
8074	1.79532e-06	0.000214318	0.997959	0.00162015	0.000114706	9.00306e-05
8075	2.1744e-07	2.59197e-05	0.000215982	0.947113	1.38906e-05	0.0526305
8076	0.00069455	0.0828196	0.23256	0.605875	0.0443829	0.0336681
8077	0.000255819	0.0305238	0.254104	0.662	0.0163301	0.0367869
8078	3.70623e-06	0.000442044	0.00368137	0.943222	0.000236517	0.0524143
8079	3.64512e-08	4.34829e-06	3.62067e-05	0.947315	2.32635e-06	0.0526417
8080	0.000255824	0.0304973	0.254108	0.662012	0.016339	0.0367876
8081	0.000255827	0.0304948	0.254111	0.66202	0.0163306	0.036788
8082	0.000255828	0.0304977	0.254112	0.662021	0.0163259	0.0367881
8083	7.47113e-06	0.000891022	0.00742102	0.939022	0.000477218	0.0521809
8084	2.99028e-08	3.56478e-06	2.97022e-05	0.947323	1.90848e-06	0.0526421
8085	1.79532e-06	0.000214002	0.997959	0.00162015	0.000114623	9.00306e-05
8086	1.44015e-12	1	1.43049e-09	3.72677e-09	9.19159e-11	2.07095e-10
8087	0.000678971	0.0823514	0.232957	0.606907	0.0433804	0.0337255
8088	7.11184e-08	8.47671e-06	0.999793	0.000184037	4.53966e-06	1.02269e-05
8089	0.000255823	0.0304993	0.254107	0.662008	0.0163426	0.0367874
8090	8.69467e-07	0.000103912	0.000863635	0.946386	5.54926e-05	0.0525901
8091	2.00593e-07	2.39967e-05	0.000199248	0.947132	1.28162e-05	0.0526316
8092	1.41986e-06	0.000169281	0.000483908	0.94665	9.06135e-05	0.0526048
8093	9.23241e-09	1.10057e-06	3.18137e-06	0.947351	5.89157e-07	0.0526437
8094	6.08132e-05	0.0072653	0.822676	0.15737	0.00388244	0.00874496
8095	0.000255824	0.0305024	0.254108	0.662012	0.0163341	0.0367876
8096	0.000255825	0.0305066	0.254109	0.662015	0.016326	0.0367878
8097	0.000255829	0.0304935	0.254113	0.662025	0.0163244	0.0367883
8098	0.00025583	0.0304908	0.254114	0.662026	0.0163246	0.0367884
8099	0.000255814	0.0305447	0.254099	0.661987	0.0163276	0.0367862
8100	5.98122e-08	7.13247e-06	2.01072e-05	0.947327	3.81853e-06	0.0526424
8101	0.000697497	0.0831849	0.232427	0.605527	0.0445155	0.0336487
8102	2.62627e-06	0.000313043	0.000897821	0.946047	0.000167773	0.0525713
8103	0.000255769	0.0307112	0.254053	0.661869	0.0163315	0.0367796
8104	1.40608e-08	1.6761e-06	4.82428e-06	0.947349	8.97235e-07	0.0526436
8105	0.000255811	0.0304989	0.254096	0.661979	0.0163845	0.0367858
8106	3.96147e-07	4.74215e-05	0.00039349	0.946914	2.5287e-05	0.0526194
8107	1.96803e-08	2.34662e-06	1.95483e-05	0.947334	1.25598e-06	0.0526428
8108	2.08744e-07	2.48828e-05	0.999768	0.00018376	1.33206e-05	1.02114e-05
8109	1.15898e-10	1.38133e-08	4.04031e-08	0.947356	7.39574e-09	0.052644
8110	1.91739e-07	2.28657e-05	0.000190453	0.947142	1.22439e-05	0.0526321
8111	0.000255823	0.0305121	0.254108	0.66201	0.0163269	0.0367875
8112	3.94684e-07	0.998504	0.000392037	0.00102135	2.51877e-05	5.67558e-05
8113	0.000239284	0.0855523	0.237679	0.61921	0.0458046	0.0115142
8114	0.000239289	0.0855541	0.237684	0.619224	0.0458056	0.011493
8115	0.000239284	0.0855523	0.237679	0.61921	0.0458046	0.0115142
8116	0.00023925	0.08554	0.237645	0.619121	0.045798	0.0116563
8117	0.000239272	0.0855479	0.237667	0.619179	0.0458023	0.0115646
8118	0.000239283	0.0855518	0.237678	0.619207	0.0458044	0.0115198
8119	0.00023926	0.0855437	0.237655	0.619148	0.0458	0.0116139
8120	0.000219455	0.0784626	0.217983	0.567897	0.0420088	0.0934296
8121	0.000239274	0.0855486	0.237669	0.619184	0.0458027	0.0115565
8122	0.000239276	0.0855495	0.237671	0.61919	0.0458032	0.0115462
8123	0.000239276	0.0855492	0.237671	0.619188	0.045803	0.0115494
8124	0.00023928	0.0855507	0.237675	0.619199	0.0458038	0.011533
8125	0.000239271	0.0855475	0.237666	0.619176	0.0458021	0.0115692
8126	0.00023927	0.0855471	0.237665	0.619173	0.0458019	0.0115741
8127	0.000239282	0.0855515	0.237677	0.619205	0.0458042	0.0115231
8128	0.000239286	0.0855529	0.237681	0.619215	0.045805	0.0115065
8129	0.000239195	0.0855205	0.237591	0.618981	0.0457876	0.0118812
8130	0.000239276	0.0855492	0.237671	0.619188	0.045803	0.0115494
8131	0.000239286	0.0855529	0.237681	0.619215	0.045805	0.0115065
8132	0.00023927	0.0855471	0.237665	0.619173	0.0458019	0.0115741
8133	0.000239286	0.0855531	0.237681	0.619216	0.0458051	0.0115047
8134	0.000239279	0.0855505	0.237674	0.619197	0.0458037	0.0115353
8135	0.000239272	0.0855479	0.237667	0.619179	0.0458023	0.0115646
8136	0.000239277	0.0855498	0.237672	0.619192	0.0458033	0.0115432
8137	0.000239282	0.0855514	0.237677	0.619204	0.0458041	0.0115249
8138	0.000239277	0.0855498	0.237672	0.619192	0.0458033	0.0115432
8139	0.000239282	0.0855515	0.237677	0.619205	0.0458042	0.0115231
8140	0.000239285	0.0855526	0.23768	0.619213	0.0458048	0.0115106
8141	0.000239288	0.0855538	0.237683	0.619222	0.0458055	0.0114964
8142	0.000239283	0.0855519	0.237678	0.619208	0.0458044	0.0115183
8143	0.000239277	0.0855498	0.237672	0.619192	0.0458033	0.0115432
8144	0.000239287	0.0855532	0.237682	0.619217	0.0458051	0.0115031
8145	0.000239288	0.0855537	0.237683	0.619221	0.0458054	0.0114976
8146	0.000239282	0.0855514	0.237677	0.619204	0.0458041	0.0115249
8147	0.000239264	0.085545	0.237659	0.619158	0.0458007	0.0115982
8148	0.000239282	0.0855515	0.237677	0.619205	0.0458042	0.0115231
8149	0.000239278	0.0855502	0.237674	0.619196	0.0458035	0.0115378
8150	0.000239253	0.085541	0.237648	0.619129	0.0457986	0.011644
8151	0.000239281	0.085551	0.237676	0.619201	0.045804	0.0115287
8152	0.000239289	0.085554	0.237684	0.619223	0.0458056	0.0114939
8153	0.000239283	0.085552	0.237679	0.619209	0.0458045	0.0115169
8154	0.000239238	0.0855359	0.237634	0.619092	0.0457959	0.0117032
8155	0.000239238	0.0855359	0.237634	0.619092	0.0457959	0.0117032
8156	0.000239268	0.0855466	0.237664	0.61917	0.0458016	0.0115794
8157	0.000239287	0.0855532	0.237682	0.619217	0.0458051	0.0115039
8158	0.000239287	0.0855533	0.237682	0.619218	0.0458052	0.0115023
8159	0.000239288	0.0855537	0.237683	0.619221	0.0458054	0.0114976
8160	0.00023928	0.0855508	0.237675	0.6192	0.0458039	0.0115308
8161	0.000239278	0.08555	0.237673	0.619194	0.0458034	0.0115404
8162	0.000239271	0.0855475	0.237666	0.619176	0.0458021	0.0115692
8163	0.00023925	0.08554	0.237645	0.619121	0.045798	0.0116563
8164	0.000239278	0.0855502	0.237674	0.619196	0.0458035	0.0115378
8165	0.000239283	0.0855518	0.237678	0.619207	0.0458044	0.0115198
8166	0.000239255	0.085542	0.237651	0.619136	0.0457991	0.0116329
8167	0.000239287	0.0855532	0.237682	0.619217	0.0458051	0.0115039
8168	0.000239234	0.0855342	0.237629	0.61908	0.045795	0.0117231
8169	0.000239287	0.0855532	0.237682	0.619217	0.0458051	0.0115031
8170	0.000239255	0.085542	0.237651	0.619136	0.0457991	0.0116329
8171	0.000239287	0.0855534	0.237682	0.619218	0.0458052	0.0115015
8172	0.000239238	0.0855359	0.237634	0.619092	0.0457959	0.0117032
8173	0.000239289	0.085554	0.237684	0.619223	0.0458056	0.0114939
8174	0.00023928	0.0855507	0.237675	0.619199	0.0458038	0.011533
8175	0.000239282	0.0855515	0.237677	0.619205	0.0458042	0.0115231
8176	0.000239278	0.0855502	0.237674	0.619196	0.0458035	0.0115378
8177	0.000237681	0.0849792	0.236087	0.615063	0.0454978	0.0181356
8178	0.000239286	0.085553	0.237681	0.619216	0.045805	0.0115056
8179	0.000239222	0.0855299	0.237617	0.619049	0.0457927	0.0117723
8180	0.000239282	0.0855515	0.237677	0.619205	0.0458042	0.0115231
8181	0.000239291	0.0855547	0.237686	0.619228	0.045806	0.0114858
8182	0.000239285	0.0855528	0.237681	0.619214	0.0458049	0.0115085
8183	0.000239278	0.0855502	0.237674	0.619196	0.0458035	0.0115378
8184	0.000239289	0.0855539	0.237684	0.619222	0.0458055	0.0114954
8185	0.000239287	0.0855534	0.237682	0.619219	0.0458053	0.0115008
8186	0.000239268	0.0855466	0.237664	0.61917	0.0458016	0.0115794
8187	0.00023926	0.0855437	0.237655	0.619148	0.0458	0.0116139
8188	0.000239262	0.0855444	0.237657	0.619153	0.0458004	0.0116057
8189	0.000239276	0.0855495	0.237671	0.61919	0.0458032	0.0115462
8190	0.000239282	0.0855514	0.237677	0.619204	0.0458041	0.0115249
8191	0.000239291	0.0855548	0.237686	0.619228	0.045806	0.0114856
8192	0.000239271	0.0855475	0.237666	0.619176	0.0458021	0.0115692
8193	0.000239288	0.0855536	0.237683	0.61922	0.0458053	0.0114988
8194	0.000239287	0.0855533	0.237682	0.619218	0.0458052	0.0115023
8195	0.000239278	0.08555	0.237673	0.619194	0.0458034	0.0115404
8196	0.000239281	0.085551	0.237676	0.619201	0.045804	0.0115287
8197	0.000239265	0.0855456	0.237661	0.619162	0.0458011	0.0115914
8198	0.000239274	0.0855486	0.237669	0.619184	0.0458027	0.0115565
8199	0.000239262	0.0855444	0.237657	0.619153	0.0458004	0.0116057
8200	0.000239265	0.0855456	0.237661	0.619162	0.0458011	0.0115914
8201	0.000239278	0.0855502	0.237674	0.619196	0.0458035	0.0115378
8202	0.00023927	0.0855471	0.237665	0.619173	0.0458019	0.0115741
8203	0.000239265	0.0855456	0.237661	0.619162	0.0458011	0.0115914
8204	0.000239272	0.0855479	0.237667	0.619179	0.0458023	0.0115646
8205	0.00023926	0.0855437	0.237655	0.619148	0.0458	0.0116139
8206	0.000239183	0.0855161	0.237579	0.618949	0.0457853	0.011932
8207	0.00023925	0.08554	0.237645	0.619121	0.045798	0.0116563
8208	0.000239265	0.0855456	0.237661	0.619162	0.0458011	0.0115914
8209	0.000239289	0.0855539	0.237684	0.619222	0.0458055	0.0114954
8210	0.000239286	0.0855529	0.237681	0.619215	0.0458049	0.0115075
8211	0.00023925	0.08554	0.237645	0.619121	0.045798	0.0116563
8212	0.000163617	0.0584986	0.162519	0.423401	0.0313201	0.324097
8213	1.14722e-05	0.00410169	0.0113952	0.0296872	0.00219604	0.952608
8214	0.000239285	0.0855527	0.23768	0.619213	0.0458049	0.0115095
8215	0.000239268	0.0855466	0.237664	0.61917	0.0458016	0.0115794
8216	0.000239288	0.0855536	0.237683	0.61922	0.0458053	0.0114988
8217	0.000239288	0.0855538	0.237683	0.619222	0.0458055	0.0114964
8218	0.000239283	0.085552	0.237679	0.619209	0.0458045	0.0115169
8219	0.000239282	0.0855515	0.237677	0.619205	0.0458042	0.0115231
8220	0.000239288	0.0855538	0.237683	0.619221	0.0458054	0.011497
8221	0.000239274	0.0855486	0.237669	0.619184	0.0458027	0.0115565
8222	0.000239284	0.0855524	0.237679	0.619211	0.0458047	0.011513
8223	0.000239284	0.0855522	0.237679	0.61921	0.0458046	0.0115155
8224	0.000239292	0.0855551	0.237687	0.619231	0.0458061	0.0114818
8225	0.000239274	0.0855486	0.237669	0.619184	0.0458027	0.0115565
8226	0.00023928	0.0855507	0.237675	0.619199	0.0458038	0.011533
8227	0.000239274	0.0855486	0.237669	0.619184	0.0458027	0.0115565
8228	1.14451e-05	0.00409202	0.0113683	0.0296172	0.00219086	0.95272
8229	0.000239265	0.0855456	0.237661	0.619162	0.0458011	0.0115914
8230	0.000239282	0.0855515	0.237677	0.619205	0.0458042	0.0115231
8231	4.83091e-05	0.0172722	0.0479851	0.125013	0.00924751	0.800434
8232	0.000239255	0.085542	0.237651	0.619136	0.0457991	0.0116329
8233	0.000239274	0.0855486	0.237669	0.619184	0.0458027	0.0115565
8234	0.000239243	0.0855374	0.237638	0.619103	0.0457967	0.0116856
8235	0.00023926	0.0855437	0.237655	0.619148	0.0458	0.0116139
8236	0.000239255	0.085542	0.237651	0.619136	0.0457991	0.0116329
8237	0.000239283	0.0855519	0.237678	0.619208	0.0458044	0.0115183
8238	0.000239277	0.0855498	0.237672	0.619192	0.0458033	0.0115432
8239	0.000239285	0.0855526	0.23768	0.619213	0.0458048	0.0115106
8240	0.000239271	0.0855475	0.237666	0.619176	0.0458021	0.0115692
8241	7.22449e-05	0.02583	0.0717603	0.186953	0.0138294	0.701555
8242	0.000239268	0.0855466	0.237664	0.61917	0.0458016	0.0115794
8243	0.000164074	0.0586622	0.162974	0.424585	0.0314077	0.322207
8244	0.000239262	0.0855444	0.237657	0.619153	0.0458004	0.0116057
8245	0.000239285	0.0855526	0.23768	0.619213	0.0458048	0.0115106
8246	0.000239274	0.0855486	0.237669	0.619184	0.0458027	0.0115565
8247	0.000239264	0.085545	0.237659	0.619158	0.0458007	0.0115982
8248	0.000239255	0.085542	0.237651	0.619136	0.0457991	0.0116329
8249	0.000239286	0.0855529	0.237681	0.619215	0.0458049	0.0115075
8250	0.000239286	0.0855529	0.237681	0.619215	0.0458049	0.0115075
8251	0.000239293	0.0855554	0.237688	0.619233	0.0458063	0.0114781
8252	0.000239288	0.0855538	0.237683	0.619221	0.0458054	0.011497
8253	0.000239287	0.0855533	0.237682	0.619218	0.0458052	0.0115023
8254	0.000239278	0.08555	0.237673	0.619194	0.0458034	0.0115404
8255	0.000239274	0.0855486	0.237669	0.619184	0.0458027	0.0115565
8256	0.000239279	0.0855505	0.237674	0.619197	0.0458037	0.0115353
8257	0.000239281	0.0855512	0.237676	0.619203	0.0458041	0.0115267
8258	0.000239282	0.0855515	0.237677	0.619205	0.0458042	0.0115231
8259	0.000239284	0.0855524	0.237679	0.619211	0.0458047	0.011513
8260	0.000239273	0.0855483	0.237668	0.619181	0.0458025	0.0115604
8261	0.000239278	0.0855502	0.237674	0.619196	0.0458035	0.0115378
8262	0.00023928	0.0855508	0.237675	0.6192	0.0458039	0.0115308
8263	0.000239288	0.0855537	0.237683	0.619221	0.0458054	0.0114976
8264	0.000239285	0.0855525	0.23768	0.619212	0.0458047	0.0115118
8265	0.000239271	0.0855475	0.237666	0.619176	0.0458021	0.0115692
8266	0.000239281	0.085551	0.237676	0.619201	0.045804	0.0115287
8267	0.000239283	0.0855518	0.237678	0.619207	0.0458044	0.0115198
8268	0.000239258	0.0855429	0.237653	0.619142	0.0457996	0.0116229
8269	0.000239276	0.0855492	0.237671	0.619188	0.045803	0.0115494
8270	0.000239288	0.0855537	0.237683	0.619221	0.0458054	0.0114976
8271	0.000239262	0.0855444	0.237657	0.619153	0.0458004	0.0116057
8272	0.00023925	0.08554	0.237645	0.619121	0.045798	0.0116563
8273	0.000239272	0.0855479	0.237667	0.619179	0.0458023	0.0115646
8274	0.000239258	0.0855429	0.237653	0.619142	0.0457996	0.0116229
8275	0.000239282	0.0855515	0.237677	0.619205	0.0458042	0.0115231
8276	0.000239284	0.0855524	0.237679	0.619211	0.0458047	0.011513
8277	0.000239285	0.0855525	0.23768	0.619212	0.0458047	0.0115118
8278	0.000239286	0.0855531	0.237681	0.619216	0.0458051	0.0115047
8279	0.000239272	0.0855479	0.237667	0.619179	0.0458023	0.0115646
8280	0.000239292	0.0855553	0.237687	0.619232	0.0458062	0.0114798
8281	0.000239283	0.0855518	0.237678	0.619207	0.0458044	0.0115198
8282	0.000239282	0.0855514	0.237677	0.619204	0.0458041	0.0115249
8283	0.000239272	0.0855479	0.237667	0.619179	0.0458023	0.0115646
8284	0.000239285	0.0855526	0.23768	0.619213	0.0458048	0.0115106
8285	0.000239287	0.0855532	0.237682	0.619217	0.0458051	0.0115031
8286	0.000239255	0.085542	0.237651	0.619136	0.0457991	0.0116329
8287	0.000233928	0.0836374	0.232359	0.605351	0.0447794	0.033639
8288	0.000239276	0.0855495	0.237671	0.61919	0.0458032	0.0115462
8289	0.000239287	0.0855534	0.237682	0.619218	0.0458052	0.0115015
8290	0.000239255	0.085542	0.237651	0.619136	0.0457991	0.0116329
8291	0.000239283	0.085552	0.237679	0.619209	0.0458045	0.0115169
8292	0.000239271	0.0855475	0.237666	0.619176	0.0458021	0.0115692
8293	0.00023927	0.0855471	0.237665	0.619173	0.0458019	0.0115741
8294	0.00023927	0.0855471	0.237665	0.619173	0.0458019	0.0115741
8295	0.000239276	0.0855492	0.237671	0.619188	0.045803	0.0115494
8296	0.000239274	0.0855486	0.237669	0.619184	0.0458027	0.0115565
8297	0.000239271	0.0855475	0.237666	0.619176	0.0458021	0.0115692
8298	0.000239288	0.0855536	0.237683	0.61922	0.0458053	0.0114988
8299	0.000239283	0.0855519	0.237678	0.619208	0.0458044	0.0115183
8300	0.000239265	0.0855456	0.237661	0.619162	0.0458011	0.0115914
8301	0.000239283	0.0855519	0.237678	0.619208	0.0458044	0.0115183
8302	0.000239271	0.0855475	0.237666	0.619176	0.0458021	0.0115692
8303	0.000239264	0.085545	0.237659	0.619158	0.0458007	0.0115982
8304	0.000239282	0.0855515	0.237677	0.619205	0.0458042	0.0115231
8305	0.000239258	0.0855429	0.237653	0.619142	0.0457996	0.0116229
8306	0.000239282	0.0855517	0.237677	0.619206	0.0458043	0.0115214
8307	0.00023928	0.0855507	0.237675	0.619199	0.0458038	0.011533
8308	0.00023927	0.0855471	0.237665	0.619173	0.0458019	0.0115741
8309	0.00023927	0.0855471	0.237665	0.619173	0.0458019	0.0115741
8310	0.000239287	0.0855534	0.237682	0.619218	0.0458052	0.0115015
8311	0.000239284	0.0855522	0.237679	0.61921	0.0458046	0.0115155
8312	0.000239283	0.0855518	0.237678	0.619207	0.0458044	0.0115198
8313	0.000239285	0.0855527	0.23768	0.619213	0.0458049	0.0115095
8314	0.000239275	0.0855489	0.23767	0.619186	0.0458028	0.0115528
8315	0.000239291	0.0855549	0.237686	0.619229	0.045806	0.0114839
8316	0.000239276	0.0855492	0.237671	0.619188	0.045803	0.0115494
8317	0.000239059	0.0854717	0.237455	0.618627	0.0457615	0.0124448
8318	0.000239276	0.0855492	0.237671	0.619188	0.045803	0.0115494
8319	0.000239268	0.0855466	0.237664	0.61917	0.0458016	0.0115794
8320	0.000239279	0.0855505	0.237674	0.619197	0.0458037	0.0115353
8321	0.000239287	0.0855532	0.237682	0.619217	0.0458051	0.0115031
8322	0.000239287	0.0855533	0.237682	0.619218	0.0458052	0.0115023
8323	0.000191266	0.0683842	0.189983	0.494952	0.0366129	0.209877
8324	0.000239276	0.0855495	0.237671	0.61919	0.0458032	0.0115462
8325	0.000239288	0.0855536	0.237683	0.61922	0.0458053	0.0114988
8326	0.000239282	0.0855514	0.237677	0.619204	0.0458041	0.0115249
8327	0.000239277	0.0855498	0.237672	0.619192	0.0458033	0.0115432
8328	0.000239255	0.085542	0.237651	0.619136	0.0457991	0.0116329
8329	0.000239264	0.085545	0.237659	0.619158	0.0458007	0.0115982
8330	0.000239272	0.0855479	0.237667	0.619179	0.0458023	0.0115646
8331	1.27157e-05	0.00454629	0.0126304	0.0329052	0.00243408	0.947471
8332	0.000239283	0.0855518	0.237678	0.619207	0.0458044	0.0115198
8333	0.000239265	0.0855456	0.237661	0.619162	0.0458011	0.0115914
8334	0.000239275	0.0855489	0.23767	0.619186	0.0458028	0.0115528
8335	0.000239276	0.0855492	0.237671	0.619188	0.045803	0.0115494
8336	0.000239282	0.0855517	0.237677	0.619206	0.0458043	0.0115214
8337	0.000239289	0.085554	0.237684	0.619223	0.0458056	0.0114939
8338	0.00023928	0.0855507	0.237675	0.619199	0.0458038	0.011533
8339	0.000239283	0.0855518	0.237678	0.619207	0.0458044	0.0115198
8340	0.000239285	0.0855528	0.237681	0.619214	0.0458049	0.0115085
8341	0.000239286	0.085553	0.237681	0.619216	0.045805	0.0115056
8342	0.000239282	0.0855514	0.237677	0.619204	0.0458041	0.0115249
8343	0.000239253	0.085541	0.237648	0.619129	0.0457986	0.011644
8344	2.1885e-05	0.00782465	0.0217382	0.0566332	0.00418931	0.909593
8345	0.000239282	0.0855517	0.237677	0.619206	0.0458043	0.0115214
8346	0.000239279	0.0855505	0.237674	0.619197	0.0458037	0.0115353
8347	0.000239274	0.0855486	0.237669	0.619184	0.0458027	0.0115565
8348	0.000239279	0.0855505	0.237674	0.619197	0.0458037	0.0115353
8349	0.000239222	0.0855299	0.237617	0.619049	0.0457927	0.0117723
8350	0.000239289	0.085554	0.237684	0.619223	0.0458055	0.0114948
8351	0.000239288	0.0855536	0.237683	0.61922	0.0458053	0.0114994
8352	0.000239222	0.0855299	0.237617	0.619049	0.0457927	0.0117723
8353	0.000239289	0.0855539	0.237684	0.619222	0.0458055	0.0114954
8354	0.000239274	0.0855486	0.237669	0.619184	0.0458027	0.0115565
8355	0.000239286	0.0855529	0.237681	0.619215	0.0458049	0.0115075
8356	0.000239283	0.0855518	0.237678	0.619207	0.0458044	0.0115198
8357	7.202e-05	0.0257496	0.071537	0.186371	0.0137863	0.702484
8358	0.000239271	0.0855475	0.237666	0.619176	0.0458021	0.0115692
8359	0.000239283	0.085552	0.237679	0.619209	0.0458045	0.0115169
8360	0.000239262	0.0855444	0.237657	0.619153	0.0458004	0.0116057
8361	0.000239286	0.0855529	0.237681	0.619215	0.0458049	0.0115075
8362	0.000239258	0.0855429	0.237653	0.619142	0.0457996	0.0116229
8363	0.000239283	0.0855518	0.237678	0.619207	0.0458044	0.0115198
8364	0.000239276	0.0855492	0.237671	0.619188	0.045803	0.0115494
8365	0.000239255	0.085542	0.237651	0.619136	0.0457991	0.0116329
8366	0.000239097	0.0854855	0.237494	0.618727	0.0457689	0.0122859
8367	0.000239228	0.0855322	0.237623	0.619065	0.0457939	0.011746
8368	0.000167422	0.0598591	0.166299	0.433248	0.0320485	0.308378
8369	0.000239195	0.0855205	0.237591	0.618981	0.0457876	0.0118812
8370	0.00023927	0.0855471	0.237665	0.619173	0.0458019	0.0115741
8371	0.000239253	0.085541	0.237648	0.619129	0.0457986	0.011644
8372	0.000239271	0.0855475	0.237666	0.619176	0.0458021	0.0115692
8373	0.00023925	0.08554	0.237645	0.619121	0.045798	0.0116563
8374	0.000239288	0.0855535	0.237683	0.619219	0.0458053	0.0115001
8375	0.000239275	0.0855489	0.23767	0.619186	0.0458028	0.0115528
8376	0.000239279	0.0855505	0.237674	0.619197	0.0458037	0.0115353
8377	0.000239243	0.0855374	0.237638	0.619103	0.0457967	0.0116856
8378	0.000239282	0.0855517	0.237677	0.619206	0.0458043	0.0115214
8379	0.000239278	0.0855502	0.237674	0.619196	0.0458035	0.0115378
8380	0.000239262	0.0855444	0.237657	0.619153	0.0458004	0.0116057
8381	0.000239274	0.0855486	0.237669	0.619184	0.0458027	0.0115565
8382	0.000239283	0.0855519	0.237678	0.619208	0.0458044	0.0115183
8383	0.000239278	0.0855502	0.237674	0.619196	0.0458035	0.0115378
8384	0.00023928	0.0855508	0.237675	0.6192	0.0458039	0.0115308
8385	0.000239273	0.0855483	0.237668	0.619181	0.0458025	0.0115604
8386	0.000239282	0.0855517	0.237677	0.619206	0.0458043	0.0115214
8387	0.00023926	0.0855437	0.237655	0.619148	0.0458	0.0116139
8388	0.000239253	0.085541	0.237648	0.619129	0.0457986	0.011644
8389	0.000239279	0.0855505	0.237674	0.619197	0.0458037	0.0115353
8390	0.000239265	0.0855456	0.237661	0.619162	0.0458011	0.0115914
8391	0.000239272	0.0855479	0.237667	0.619179	0.0458023	0.0115646
8392	0.000239285	0.0855526	0.23768	0.619213	0.0458048	0.0115106
8393	0.000239286	0.085553	0.237681	0.619216	0.045805	0.0115056
8394	0.00023928	0.0855508	0.237675	0.6192	0.0458039	0.0115308
8395	0.000239277	0.0855498	0.237672	0.619192	0.0458033	0.0115432
8396	0.000239282	0.0855514	0.237677	0.619204	0.0458041	0.0115249
8397	0.000239284	0.0855524	0.237679	0.619211	0.0458047	0.011513
8398	0.000239234	0.0855342	0.237629	0.61908	0.045795	0.0117231
8399	0.000239278	0.08555	0.237673	0.619194	0.0458034	0.0115404
8400	0.000239276	0.0855495	0.237671	0.61919	0.0458032	0.0115462
8401	0.000239277	0.0855498	0.237672	0.619192	0.0458033	0.0115432
8402	0.000239286	0.085553	0.237681	0.619216	0.045805	0.0115056
8403	0.000219064	0.078323	0.217595	0.566886	0.0419341	0.0950429
8404	0.000239271	0.0855475	0.237666	0.619176	0.0458021	0.0115692
8405	0.000239287	0.0855532	0.237682	0.619217	0.0458051	0.0115039
8406	0.000239278	0.0855502	0.237674	0.619196	0.0458035	0.0115378
8407	0.000239276	0.0855495	0.237671	0.61919	0.0458032	0.0115462
8408	0.000239127	0.085496	0.237523	0.618803	0.0457745	0.0121645
8409	0.00023927	0.0855471	0.237665	0.619173	0.0458019	0.0115741
8410	0.000239288	0.0855537	0.237683	0.619221	0.0458054	0.0114976
8411	0.00023927	0.0855471	0.237665	0.619173	0.0458019	0.0115741
8412	0.000239276	0.0855495	0.237671	0.61919	0.0458032	0.0115462
8413	0.000239274	0.0855486	0.237669	0.619184	0.0458027	0.0115565
8414	0.00023926	0.0855437	0.237655	0.619148	0.0458	0.0116139
8415	0.000239264	0.085545	0.237659	0.619158	0.0458007	0.0115982
8416	0.000239274	0.0855486	0.237669	0.619184	0.0458027	0.0115565
8417	0.000233928	0.0836374	0.232359	0.605351	0.0447794	0.033639
8418	0.000239284	0.0855523	0.237679	0.61921	0.0458046	0.0115142
8419	0.000239267	0.0855461	0.237662	0.619166	0.0458013	0.0115851
8420	0.000239214	0.0855273	0.23761	0.61903	0.0457913	0.0118029
8421	0.000239282	0.0855517	0.237677	0.619206	0.0458043	0.0115214
8422	0.000239268	0.0855466	0.237664	0.61917	0.0458016	0.0115794
8423	0.000234908	0.0839878	0.233333	0.607887	0.044967	0.0295908
8424	0.000239283	0.0855518	0.237678	0.619207	0.0458044	0.0115198
8425	0.00023915	0.0855042	0.237546	0.618863	0.0457789	0.0120695
8426	9.54411e-06	0.00341235	0.00948009	0.0246979	0.00182697	0.960573
8427	0.000239277	0.0855498	0.237672	0.619192	0.0458033	0.0115432
8428	0.000239264	0.085545	0.237659	0.619158	0.0458007	0.0115982
8429	0.00023928	0.0855507	0.237675	0.619199	0.0458038	0.011533
8430	0.000239262	0.0855444	0.237657	0.619153	0.0458004	0.0116057
8431	0.000239286	0.085553	0.237681	0.619216	0.045805	0.0115056
8432	0.000239276	0.0855495	0.237671	0.61919	0.0458032	0.0115462
8433	0.000239289	0.0855542	0.237685	0.619224	0.0458057	0.0114921
8434	0.00023928	0.0855508	0.237675	0.6192	0.0458039	0.0115308
8435	0.000239279	0.0855505	0.237674	0.619197	0.0458037	0.0115353
8436	0.000239267	0.0855461	0.237662	0.619166	0.0458013	0.0115851
8437	0.000239273	0.0855483	0.237668	0.619181	0.0458025	0.0115604
8438	0.000239265	0.0855456	0.237661	0.619162	0.0458011	0.0115914
8439	0.000239288	0.0855536	0.237683	0.61922	0.0458053	0.0114988
8440	0.000239262	0.0855444	0.237657	0.619153	0.0458004	0.0116057
8441	5.90849e-05	0.0211249	0.0586886	0.152898	0.0113102	0.75592
8442	0.000239238	0.0855359	0.237634	0.619092	0.0457959	0.0117032
8443	0.000238828	0.0853891	0.237226	0.61803	0.0457173	0.0133992
8444	0.000239279	0.0855505	0.237674	0.619197	0.0458037	0.0115353
8445	0.00023929	0.0855546	0.237686	0.619227	0.0458059	0.0114879
8446	0.000239267	0.0855461	0.237662	0.619166	0.0458013	0.0115851
8447	0.000239277	0.0855498	0.237672	0.619192	0.0458033	0.0115432
8448	0.000239272	0.0855479	0.237667	0.619179	0.0458023	0.0115646
8449	0.000239284	0.0855522	0.237679	0.61921	0.0458046	0.0115155
8450	0.000239267	0.0855461	0.237662	0.619166	0.0458013	0.0115851
8451	0.000239206	0.0855242	0.237601	0.619007	0.0457896	0.0118387
8452	0.000239238	0.0855359	0.237634	0.619092	0.0457959	0.0117032
8453	0.00023928	0.0855508	0.237675	0.6192	0.0458039	0.0115308
8454	0.000239274	0.0855486	0.237669	0.619184	0.0458027	0.0115565
8455	5.0505e-06	0.00180573	0.00501662	0.0130695	0.000966785	0.979136
8456	0.000239281	0.0855512	0.237676	0.619203	0.0458041	0.0115267
8457	0.000239255	0.085542	0.237651	0.619136	0.0457991	0.0116329
8458	0.000239271	0.0855475	0.237666	0.619176	0.0458021	0.0115692
8459	0.000239274	0.0855486	0.237669	0.619184	0.0458027	0.0115565
8460	0.000239264	0.085545	0.237659	0.619158	0.0458007	0.0115982
8461	0.000239288	0.0855538	0.237683	0.619222	0.0458055	0.0114964
8462	0.00023929	0.0855543	0.237685	0.619225	0.0458057	0.0114909
8463	0.000239278	0.08555	0.237673	0.619194	0.0458034	0.0115404
8464	0.00023925	0.08554	0.237645	0.619121	0.045798	0.0116563
8465	0.00023927	0.0855471	0.237665	0.619173	0.0458019	0.0115741
8466	0.000239246	0.0855388	0.237642	0.619113	0.0457974	0.0116701
8467	0.000239271	0.0855475	0.237666	0.619176	0.0458021	0.0115692
8468	0.000239283	0.085552	0.237679	0.619209	0.0458045	0.0115169
8469	0.000239288	0.0855537	0.237683	0.619221	0.0458054	0.0114976
8470	0.000239288	0.0855538	0.237683	0.619221	0.0458054	0.011497
8471	0.000239279	0.0855505	0.237674	0.619197	0.0458037	0.0115353
8472	0.000239258	0.0855429	0.237653	0.619142	0.0457996	0.0116229
8473	0.000239277	0.0855498	0.237672	0.619192	0.0458033	0.0115432
8474	0.00023925	0.08554	0.237645	0.619121	0.045798	0.0116563
8475	0.00023926	0.0855437	0.237655	0.619148	0.0458	0.0116139
8476	0.000239282	0.0855517	0.237677	0.619206	0.0458043	0.0115214
8477	0.000239282	0.0855514	0.237677	0.619204	0.0458041	0.0115249
8478	0.000239243	0.0855374	0.237638	0.619103	0.0457967	0.0116856
8479	0.00023927	0.0855471	0.237665	0.619173	0.0458019	0.0115741
8480	0.000239276	0.0855492	0.237671	0.619188	0.045803	0.0115494
8481	0.000180424	0.0645076	0.179214	0.466893	0.0345373	0.254668
8482	0.000239285	0.0855527	0.23768	0.619213	0.0458049	0.0115095
8483	0.000239285	0.0855528	0.237681	0.619214	0.0458049	0.0115085
8484	0.000239265	0.0855456	0.237661	0.619162	0.0458011	0.0115914
8485	0.000239272	0.0855479	0.237667	0.619179	0.0458023	0.0115646
8486	0.000239289	0.0855541	0.237684	0.619224	0.0458056	0.011493
8487	0.000239278	0.08555	0.237673	0.619194	0.0458034	0.0115404
8488	0.000239277	0.0855498	0.237672	0.619192	0.0458033	0.0115432
8489	0.00023927	0.0855471	0.237665	0.619173	0.0458019	0.0115741
8490	0.000239283	0.0855518	0.237678	0.619207	0.0458044	0.0115198
8491	0.000239274	0.0855486	0.237669	0.619184	0.0458027	0.0115565
8492	0.000239286	0.0855529	0.237681	0.619215	0.0458049	0.0115075
8493	0.000239265	0.0855456	0.237661	0.619162	0.0458011	0.0115914
8494	0.000239278	0.0855502	0.237674	0.619196	0.0458035	0.0115378
8495	3.95583e-05	0.0141434	0.0392929	0.102367	0.00757239	0.836584
8496	0.000239282	0.0855515	0.237677	0.619205	0.0458042	0.0115231
8497	0.000239255	0.085542	0.237651	0.619136	0.0457991	0.0116329
8498	0.000239289	0.0855539	0.237684	0.619222	0.0458055	0.0114959
8499	0.00023925	0.08554	0.237645	0.619121	0.045798	0.0116563
8500	0.000239271	0.0855475	0.237666	0.619176	0.0458021	0.0115692
8501	0.000239243	0.0855374	0.237638	0.619103	0.0457967	0.0116856
8502	0.000239283	0.085552	0.237679	0.619209	0.0458045	0.0115169
8503	0.000239265	0.0855456	0.237661	0.619162	0.0458011	0.0115914
8504	0.000239264	0.085545	0.237659	0.619158	0.0458007	0.0115982
8505	0.000239284	0.0855522	0.237679	0.61921	0.0458046	0.0115155
8506	0.000239243	0.0855374	0.237638	0.619103	0.0457967	0.0116856
8507	0.000239264	0.085545	0.237659	0.619158	0.0458007	0.0115982
8508	0.000239291	0.0855547	0.237686	0.619228	0.0458059	0.011486
8509	0.000239258	0.0855429	0.237653	0.619142	0.0457996	0.0116229
8510	0.000239284	0.0855524	0.237679	0.619211	0.0458047	0.011513
8511	0.000239284	0.0855523	0.237679	0.61921	0.0458046	0.0115142
8512	0.00023928	0.0855507	0.237675	0.619199	0.0458038	0.011533
8513	0.000239287	0.0855532	0.237682	0.619217	0.0458051	0.0115039
8514	0.000214152	0.0765667	0.212716	0.554174	0.0409937	0.115336
8515	0.000239214	0.0855273	0.23761	0.61903	0.0457913	0.0118029
8516	0.000239195	0.0855205	0.237591	0.618981	0.0457876	0.0118812
8517	0.000239243	0.0855374	0.237638	0.619103	0.0457967	0.0116856
8518	0.000239264	0.085545	0.237659	0.619158	0.0458007	0.0115982
8519	0.00023927	0.0855471	0.237665	0.619173	0.0458019	0.0115741
8520	0.000239287	0.0855533	0.237682	0.619218	0.0458052	0.0115023
8521	0.00023927	0.0855471	0.237665	0.619173	0.0458019	0.0115741
8522	0.000239264	0.085545	0.237659	0.619158	0.0458007	0.0115982
8523	0.000239274	0.0855486	0.237669	0.619184	0.0458027	0.0115565
8524	0.000239168	0.0855108	0.237564	0.61891	0.0457824	0.0119936
8525	0.000239258	0.0855429	0.237653	0.619142	0.0457996	0.0116229
8526	0.000239183	0.0855161	0.237579	0.618949	0.0457853	0.011932
8527	0.000239278	0.08555	0.237673	0.619194	0.0458034	0.0115404
8528	0.000239097	0.0854855	0.237494	0.618727	0.0457689	0.0122859
8529	0.000239272	0.0855479	0.237667	0.619179	0.0458023	0.0115646
8530	0.00023928	0.0855507	0.237675	0.619199	0.0458038	0.011533
8531	0.000239286	0.0855531	0.237681	0.619216	0.0458051	0.0115047
8532	0.000239278	0.08555	0.237673	0.619194	0.0458034	0.0115404
8533	0.000239264	0.085545	0.237659	0.619158	0.0458007	0.0115982
8534	0.000239262	0.0855444	0.237657	0.619153	0.0458004	0.0116057
8535	0.000239271	0.0855475	0.237666	0.619176	0.0458021	0.0115692
8536	0.000239279	0.0855505	0.237674	0.619197	0.0458037	0.0115353
8537	0.000239281	0.085551	0.237676	0.619201	0.045804	0.0115287
8538	0.000239287	0.0855534	0.237682	0.619219	0.0458053	0.0115008
8539	0.000239281	0.085551	0.237676	0.619201	0.045804	0.0115287
8540	0.000239282	0.0855517	0.237677	0.619206	0.0458043	0.0115214
8541	0.000239275	0.0855489	0.23767	0.619186	0.0458028	0.0115528
8542	0.00023454	0.083856	0.232967	0.606933	0.0448964	0.0311138
8543	0.00023927	0.0855471	0.237665	0.619173	0.0458019	0.0115741
8544	0.000239282	0.0855514	0.237677	0.619204	0.0458041	0.0115249
8545	0.000161943	0.0579003	0.160857	0.419071	0.0309998	0.33101
8546	0.000239278	0.0855502	0.237674	0.619196	0.0458035	0.0115378
8547	0.000239274	0.0855486	0.237669	0.619184	0.0458027	0.0115565
8548	0.000239274	0.0855486	0.237669	0.619184	0.0458027	0.0115565
8549	0.000239283	0.085552	0.237679	0.619209	0.0458045	0.0115169
8550	0.00023927	0.0855471	0.237665	0.619173	0.0458019	0.0115741
8551	0.000239287	0.0855534	0.237682	0.619218	0.0458052	0.0115015
8552	0.000239276	0.0855492	0.237671	0.619188	0.045803	0.0115494
8553	0.000239278	0.08555	0.237673	0.619194	0.0458034	0.0115404
8554	0.000239284	0.0855524	0.237679	0.619211	0.0458047	0.011513
8555	0.000239268	0.0855466	0.237664	0.61917	0.0458016	0.0115794
8556	0.000239243	0.0855374	0.237638	0.619103	0.0457967	0.0116856
8557	0.000239283	0.0855519	0.237678	0.619208	0.0458044	0.0115183
8558	0.000239278	0.0855502	0.237674	0.619196	0.0458035	0.0115378
8559	0.000239268	0.0855466	0.237664	0.61917	0.0458016	0.0115794
8560	0.000239267	0.0855461	0.237662	0.619166	0.0458013	0.0115851
8561	0.000239253	0.085541	0.237648	0.619129	0.0457986	0.011644
8562	0.000239276	0.0855495	0.237671	0.61919	0.0458032	0.0115462
8563	0.000239288	0.0855535	0.237683	0.619219	0.0458053	0.0115001
8564	0.000239264	0.085545	0.237659	0.619158	0.0458007	0.0115982
8565	0.000239183	0.0855161	0.237579	0.618949	0.0457853	0.011932
8566	0.000239283	0.085552	0.237679	0.619209	0.0458045	0.0115169
8567	0.000239262	0.0855444	0.237657	0.619153	0.0458004	0.0116057
8568	0.00023928	0.0855507	0.237675	0.619199	0.0458038	0.011533
8569	0.000239238	0.0855359	0.237634	0.619092	0.0457959	0.0117032
8570	0.000239283	0.0855518	0.237678	0.619207	0.0458044	0.0115198
8571	0.00023927	0.0855471	0.237665	0.619173	0.0458019	0.0115741
8572	0.000239267	0.0855461	0.237662	0.619166	0.0458013	0.0115851
8573	0.000239284	0.0855522	0.237679	0.61921	0.0458046	0.0115155
8574	0.000239289	0.0855541	0.237684	0.619223	0.0458056	0.0114934
8575	0.000239276	0.0855495	0.237671	0.61919	0.0458032	0.0115462
8576	0.000239288	0.0855537	0.237683	0.61922	0.0458054	0.0114982
8577	0.000239262	0.0855444	0.237657	0.619153	0.0458004	0.0116057
8578	0.000239271	0.0855475	0.237666	0.619176	0.0458021	0.0115692
8579	0.000239286	0.0855529	0.237681	0.619215	0.045805	0.0115065
8580	0.000239288	0.0855537	0.237683	0.61922	0.0458054	0.0114982
8581	0.000239278	0.08555	0.237673	0.619194	0.0458034	0.0115404
8582	0.000239283	0.0855518	0.237678	0.619207	0.0458044	0.0115198
8583	0.000239289	0.0855541	0.237684	0.619224	0.0458056	0.011493
8584	0.000239287	0.0855533	0.237682	0.619218	0.0458052	0.0115023
8585	0.00023926	0.0855437	0.237655	0.619148	0.0458	0.0116139
8586	0.000239284	0.0855522	0.237679	0.61921	0.0458046	0.0115155
8587	0.000239275	0.0855489	0.23767	0.619186	0.0458028	0.0115528
8588	0.000239267	0.0855461	0.237662	0.619166	0.0458013	0.0115851
8589	0.000239283	0.0855518	0.237678	0.619207	0.0458044	0.0115198
8590	0.000239275	0.0855489	0.23767	0.619186	0.0458028	0.0115528
8591	0.000239246	0.0855388	0.237642	0.619113	0.0457974	0.0116701
8592	0.000239276	0.0855495	0.237671	0.61919	0.0458032	0.0115462
8593	0.000239243	0.0855374	0.237638	0.619103	0.0457967	0.0116856
8594	0.000239273	0.0855483	0.237668	0.619181	0.0458025	0.0115604
8595	0.000239284	0.0855523	0.237679	0.61921	0.0458046	0.0115142
8596	0.000239258	0.0855429	0.237653	0.619142	0.0457996	0.0116229
8597	0.000239267	0.0855461	0.237662	0.619166	0.0458013	0.0115851
8598	0.000239267	0.0855461	0.237662	0.619166	0.0458013	0.0115851
8599	0.000239276	0.0855492	0.237671	0.619188	0.045803	0.0115494
8600	0.000239286	0.0855529	0.237681	0.619215	0.045805	0.0115065
8601	0.000239271	0.0855475	0.237666	0.619176	0.0458021	0.0115692
8602	0.000239283	0.0855518	0.237678	0.619207	0.0458044	0.0115198
8603	0.000239264	0.085545	0.237659	0.619158	0.0458007	0.0115982
8604	0.000239276	0.0855495	0.237671	0.61919	0.0458032	0.0115462
8605	0.000239286	0.085553	0.237681	0.619216	0.045805	0.0115056
8606	0.000239275	0.0855489	0.23767	0.619186	0.0458028	0.0115528
8607	0.00023925	0.08554	0.237645	0.619121	0.045798	0.0116563
8608	0.000239272	0.0855479	0.237667	0.619179	0.0458023	0.0115646
8609	0.000239274	0.0855486	0.237669	0.619184	0.0458027	0.0115565
8610	0.000239283	0.0855518	0.237678	0.619207	0.0458044	0.0115198
8611	0.000239284	0.0855524	0.237679	0.619211	0.0458047	0.011513
8612	0.000239262	0.0855444	0.237657	0.619153	0.0458004	0.0116057
8613	0.000239281	0.085551	0.237676	0.619201	0.045804	0.0115287
8614	0.000239276	0.0855492	0.237671	0.619188	0.045803	0.0115494
8615	0.000239284	0.0855524	0.237679	0.619211	0.0458047	0.011513
8616	0.000239284	0.0855523	0.237679	0.61921	0.0458046	0.0115142
8617	0.000239272	0.0855479	0.237667	0.619179	0.0458023	0.0115646
8618	0.000239278	0.0855502	0.237674	0.619196	0.0458035	0.0115378
8619	0.000239289	0.085554	0.237684	0.619223	0.0458056	0.0114944
8620	0.000239288	0.0855536	0.237683	0.61922	0.0458053	0.0114994
8621	0.000239267	0.0855461	0.237662	0.619166	0.0458013	0.0115851
8622	0.000239283	0.0855519	0.237678	0.619208	0.0458044	0.0115183
8623	0.000239277	0.0855498	0.237672	0.619192	0.0458033	0.0115432
8624	0.000239284	0.0855524	0.237679	0.619211	0.0458047	0.011513
8625	0.00023928	0.0855508	0.237675	0.6192	0.0458039	0.0115308
8626	0.000239274	0.0855486	0.237669	0.619184	0.0458027	0.0115565
8627	0.000239287	0.0855532	0.237682	0.619217	0.0458051	0.0115039
8628	0.000239285	0.0855528	0.237681	0.619214	0.0458049	0.0115085
8629	0.000239243	0.0855374	0.237638	0.619103	0.0457967	0.0116856
8630	0.000239273	0.0855483	0.237668	0.619181	0.0458025	0.0115604
8631	0.000239284	0.0855522	0.237679	0.61921	0.0458046	0.0115155
8632	0.00023926	0.0855437	0.237655	0.619148	0.0458	0.0116139
8633	0.000239286	0.0855529	0.237681	0.619215	0.045805	0.0115065
8634	0.000239274	0.0855486	0.237669	0.619184	0.0458027	0.0115565
8635	0.000239279	0.0855505	0.237674	0.619197	0.0458037	0.0115353
8636	0.000239281	0.085551	0.237676	0.619201	0.045804	0.0115287
8637	0.00023928	0.0855508	0.237675	0.6192	0.0458039	0.0115308
8638	0.00023927	0.0855471	0.237665	0.619173	0.0458019	0.0115741
8639	0.000239276	0.0855492	0.237671	0.619188	0.045803	0.0115494
8640	0.000239281	0.085551	0.237676	0.619201	0.045804	0.0115287
8641	0.000239288	0.0855537	0.237683	0.61922	0.0458054	0.0114982
8642	0.00023928	0.0855508	0.237675	0.6192	0.0458039	0.0115308
8643	0.000239281	0.0855512	0.237676	0.619203	0.0458041	0.0115267
8644	0.000239271	0.0855475	0.237666	0.619176	0.0458021	0.0115692
8645	0.000239281	0.0855512	0.237676	0.619203	0.0458041	0.0115267
8646	0.000239282	0.0855514	0.237677	0.619204	0.0458041	0.0115249
8647	0.000239288	0.0855536	0.237683	0.61922	0.0458053	0.0114988
8648	0.000239277	0.0855498	0.237672	0.619192	0.0458033	0.0115432
8649	0.000239265	0.0855456	0.237661	0.619162	0.0458011	0.0115914
8650	0.00023926	0.0855437	0.237655	0.619148	0.0458	0.0116139
8651	0.000239268	0.0855466	0.237664	0.61917	0.0458016	0.0115794
8652	0.000239275	0.0855489	0.23767	0.619186	0.0458028	0.0115528
8653	0.000239284	0.0855524	0.237679	0.619211	0.0458047	0.011513
8654	0.000239258	0.0855429	0.237653	0.619142	0.0457996	0.0116229
8655	0.000239277	0.0855498	0.237672	0.619192	0.0458033	0.0115432
8656	0.000239268	0.0855466	0.237664	0.61917	0.0458016	0.0115794
8657	0.000239246	0.0855388	0.237642	0.619113	0.0457974	0.0116701
8658	0.000239264	0.085545	0.237659	0.619158	0.0458007	0.0115982
8659	0.000239278	0.08555	0.237673	0.619194	0.0458034	0.0115404
8660	0.000239287	0.0855534	0.237682	0.619218	0.0458052	0.0115015
8661	0.000239284	0.0855524	0.237679	0.619211	0.0458047	0.011513
8662	0.000239265	0.0855456	0.237661	0.619162	0.0458011	0.0115914
8663	0.000239288	0.0855537	0.237683	0.61922	0.0458054	0.0114982
8664	0.000239183	0.0855161	0.237579	0.618949	0.0457853	0.011932
8665	0.000239278	0.0855502	0.237674	0.619196	0.0458035	0.0115378
8666	0.000239275	0.0855489	0.23767	0.619186	0.0458028	0.0115528
8667	0.000239276	0.0855492	0.237671	0.619188	0.045803	0.0115494
8668	0.000239283	0.085552	0.237679	0.619209	0.0458045	0.0115169
8669	0.000210609	0.0752998	0.209196	0.545005	0.0403155	0.129973
8670	0.000239268	0.0855466	0.237664	0.61917	0.0458016	0.0115794
8671	0.00023928	0.0855508	0.237675	0.6192	0.0458039	0.0115308
8672	0.00023925	0.08554	0.237645	0.619121	0.045798	0.0116563
8673	0.000239271	0.0855475	0.237666	0.619176	0.0458021	0.0115692
8674	0.000239288	0.0855537	0.237683	0.61922	0.0458054	0.0114982
8675	0.000239265	0.0855456	0.237661	0.619162	0.0458011	0.0115914
8676	0.000239282	0.0855514	0.237677	0.619204	0.0458041	0.0115249
8677	0.000239278	0.08555	0.237673	0.619194	0.0458034	0.0115404
8678	3.7339e-06	0.001335	0.00370885	0.00966244	0.000714756	0.984575
8679	0.000239282	0.0855515	0.237677	0.619205	0.0458042	0.0115231
8680	0.000239284	0.0855523	0.237679	0.61921	0.0458046	0.0115142
8681	0.00023925	0.08554	0.237645	0.619121	0.045798	0.0116563
8682	0.000239274	0.0855486	0.237669	0.619184	0.0458027	0.0115565
8683	0.000239253	0.085541	0.237648	0.619129	0.0457986	0.011644
8684	0.000239286	0.085553	0.237681	0.619216	0.045805	0.0115056
8685	0.000239255	0.085542	0.237651	0.619136	0.0457991	0.0116329
8686	0.000239265	0.0855456	0.237661	0.619162	0.0458011	0.0115914
8687	0.00023928	0.0855507	0.237675	0.619199	0.0458038	0.011533
8688	0.000239287	0.0855532	0.237682	0.619217	0.0458051	0.0115039
8689	0.000239284	0.0855523	0.237679	0.61921	0.0458046	0.0115142
8690	0.000239268	0.0855466	0.237664	0.61917	0.0458016	0.0115794
8691	0.000239285	0.0855526	0.23768	0.619213	0.0458048	0.0115106
8692	0.000239195	0.0855205	0.237591	0.618981	0.0457876	0.0118812
8693	0.000239264	0.085545	0.237659	0.619158	0.0458007	0.0115982
8694	0.000239285	0.0855527	0.23768	0.619213	0.0458049	0.0115095
8695	0.000239288	0.0855535	0.237683	0.619219	0.0458053	0.0115001
8696	0.00023928	0.0855507	0.237675	0.619199	0.0458038	0.011533
8697	0.000239287	0.0855532	0.237682	0.619217	0.0458051	0.0115031
8698	0.000239255	0.085542	0.237651	0.619136	0.0457991	0.0116329
8699	0.000239288	0.0855538	0.237683	0.619221	0.0458054	0.011497
8700	0.000239265	0.0855456	0.237661	0.619162	0.0458011	0.0115914
8701	0.000239278	0.0855502	0.237674	0.619196	0.0458035	0.0115378
8702	0.000239277	0.0855498	0.237672	0.619192	0.0458033	0.0115432
8703	0.000239272	0.0855479	0.237667	0.619179	0.0458023	0.0115646
8704	0.000239291	0.0855546	0.237686	0.619227	0.0458059	0.0114871
8705	0.000239265	0.0855456	0.237661	0.619162	0.0458011	0.0115914
8706	0.000239272	0.0855479	0.237667	0.619179	0.0458023	0.0115646
8707	0.000239262	0.0855444	0.237657	0.619153	0.0458004	0.0116057
8708	0.000239276	0.0855495	0.237671	0.61919	0.0458032	0.0115462
8709	0.000239285	0.0855528	0.237681	0.619214	0.0458049	0.0115085
8710	0.000239243	0.0855374	0.237638	0.619103	0.0457967	0.0116856
8711	0.000239278	0.08555	0.237673	0.619194	0.0458034	0.0115404
8712	0.000239274	0.0855486	0.237669	0.619184	0.0458027	0.0115565
8713	0.000239279	0.0855505	0.237674	0.619197	0.0458037	0.0115353
8714	0.000239281	0.0855512	0.237676	0.619203	0.0458041	0.0115267
8715	0.000239243	0.0855374	0.237638	0.619103	0.0457967	0.0116856
8716	0.000239268	0.0855466	0.237664	0.61917	0.0458016	0.0115794
8717	0.000239264	0.085545	0.237659	0.619158	0.0458007	0.0115982
8718	0.000239288	0.0855537	0.237683	0.61922	0.0458054	0.0114982
8719	0.000239287	0.0855532	0.237682	0.619217	0.0458051	0.0115039
8720	0.000239271	0.0855475	0.237666	0.619176	0.0458021	0.0115692
8721	0.000239286	0.0855531	0.237681	0.619216	0.0458051	0.0115047
8722	0.000239283	0.0855518	0.237678	0.619207	0.0458044	0.0115198
8723	0.000239281	0.0855512	0.237676	0.619203	0.0458041	0.0115267
8724	0.000239283	0.085552	0.237679	0.619209	0.0458045	0.0115169
8725	0.000239284	0.0855522	0.237679	0.61921	0.0458046	0.0115155
8726	0.000239276	0.0855495	0.237671	0.61919	0.0458032	0.0115462
8727	0.00023926	0.0855437	0.237655	0.619148	0.0458	0.0116139
8728	0.000239273	0.0855483	0.237668	0.619181	0.0458025	0.0115604
8729	0.000239284	0.0855524	0.237679	0.619211	0.0458047	0.011513
8730	0.000239262	0.0855444	0.237657	0.619153	0.0458004	0.0116057
8731	0.00023928	0.0855508	0.237675	0.6192	0.0458039	0.0115308
8732	0.000239284	0.0855524	0.237679	0.619211	0.0458047	0.011513
8733	0.00023925	0.08554	0.237645	0.619121	0.045798	0.0116563
8734	0.000239265	0.0855456	0.237661	0.619162	0.0458011	0.0115914
8735	0.000239253	0.085541	0.237648	0.619129	0.0457986	0.011644
8736	0.000239246	0.0855388	0.237642	0.619113	0.0457974	0.0116701
8737	0.000239268	0.0855466	0.237664	0.61917	0.0458016	0.0115794
8738	0.000239268	0.0855466	0.237664	0.61917	0.0458016	0.0115794
8739	0.000239287	0.0855532	0.237682	0.619217	0.0458051	0.0115031
8740	0.000239214	0.0855273	0.23761	0.61903	0.0457913	0.0118029
8741	0.000239265	0.0855456	0.237661	0.619162	0.0458011	0.0115914
8742	0.000239273	0.0855483	0.237668	0.619181	0.0458025	0.0115604
8743	0.000239289	0.085554	0.237684	0.619223	0.0458055	0.0114948
8744	0.000239291	0.0855547	0.237686	0.619228	0.0458059	0.0114868
8745	0.000239267	0.0855461	0.237662	0.619166	0.0458013	0.0115851
8746	0.000239267	0.0855461	0.237662	0.619166	0.0458013	0.0115851
8747	0.000239281	0.0855512	0.237676	0.619203	0.0458041	0.0115267
8748	0.000239272	0.0855479	0.237667	0.619179	0.0458023	0.0115646
8749	0.000239288	0.0855536	0.237683	0.61922	0.0458053	0.0114994
8750	0.000239281	0.085551	0.237676	0.619201	0.045804	0.0115287
8751	0.000239283	0.0855518	0.237678	0.619207	0.0458044	0.0115198
8752	0.000239287	0.0855533	0.237682	0.619218	0.0458052	0.0115023
8753	0.000239267	0.0855461	0.237662	0.619166	0.0458013	0.0115851
8754	0.00023928	0.0855508	0.237675	0.6192	0.0458039	0.0115308
8755	0.000239284	0.0855524	0.237679	0.619211	0.0458047	0.011513
8756	0.00023928	0.0855508	0.237675	0.6192	0.0458039	0.0115308
8757	0.000239276	0.0855492	0.237671	0.619188	0.045803	0.0115494
8758	0.000239285	0.0855527	0.23768	0.619213	0.0458049	0.0115095
8759	0.000239288	0.0855537	0.237683	0.61922	0.0458054	0.0114982
8760	0.000239275	0.0855489	0.23767	0.619186	0.0458028	0.0115528
8761	0.000239284	0.0855522	0.237679	0.61921	0.0458046	0.0115155
8762	0.000239283	0.0855519	0.237678	0.619208	0.0458044	0.0115183
8763	4.85506e-06	0.00173585	0.0048225	0.0125637	0.000929373	0.979944
8764	0.000239284	0.0855522	0.237679	0.61921	0.0458046	0.0115155
8765	0.000239281	0.0855512	0.237676	0.619203	0.0458041	0.0115267
8766	0.000239288	0.0855535	0.237683	0.619219	0.0458053	0.0115001
8767	0.000239284	0.0855522	0.237679	0.61921	0.0458046	0.0115155
8768	0.000239246	0.0855388	0.237642	0.619113	0.0457974	0.0116701
8769	0.000239278	0.0855502	0.237674	0.619196	0.0458035	0.0115378
8770	0.000239287	0.0855532	0.237682	0.619217	0.0458051	0.0115031
8771	0.000239276	0.0855492	0.237671	0.619188	0.045803	0.0115494
8772	0.000239282	0.0855514	0.237677	0.619204	0.0458041	0.0115249
8773	0.000239278	0.0855502	0.237674	0.619196	0.0458035	0.0115378
8774	0.000239267	0.0855461	0.237662	0.619166	0.0458013	0.0115851
8775	0.000239284	0.0855522	0.237679	0.61921	0.0458046	0.0115155
8776	0.000239283	0.0855519	0.237678	0.619208	0.0458044	0.0115183
8777	0.000239274	0.0855486	0.237669	0.619184	0.0458027	0.0115565
8778	0.000239279	0.0855505	0.237674	0.619197	0.0458037	0.0115353
8779	0.000239276	0.0855492	0.237671	0.619188	0.045803	0.0115494
8780	0.000239287	0.0855533	0.237682	0.619218	0.0458052	0.0115023
8781	0.000239285	0.0855526	0.23768	0.619213	0.0458048	0.0115106
8782	0.000239253	0.085541	0.237648	0.619129	0.0457986	0.011644
8783	0.000239271	0.0855475	0.237666	0.619176	0.0458021	0.0115692
8784	1.04223e-05	0.00372632	0.0103524	0.0269704	0.00199507	0.956945
8785	0.000239288	0.0855536	0.237683	0.61922	0.0458053	0.0114988
8786	0.000235189	0.0840883	0.233612	0.608614	0.0450208	0.0284297
8787	0.000239281	0.085551	0.237676	0.619201	0.045804	0.0115287
8788	0.000239278	0.0855502	0.237674	0.619196	0.0458035	0.0115378
8789	0.000239281	0.085551	0.237676	0.619201	0.045804	0.0115287
8790	0.000239195	0.0855205	0.237591	0.618981	0.0457876	0.0118812
8791	0.000239284	0.0855522	0.237679	0.61921	0.0458046	0.0115155
8792	0.000239258	0.0855429	0.237653	0.619142	0.0457996	0.0116229
8793	0.000239283	0.0855519	0.237678	0.619208	0.0458044	0.0115183
8794	0.000239288	0.0855535	0.237683	0.619219	0.0458053	0.0115001
8795	0.000239267	0.0855461	0.237662	0.619166	0.0458013	0.0115851
8796	0.000239264	0.085545	0.237659	0.619158	0.0458007	0.0115982
8797	0.000239291	0.0855546	0.237686	0.619227	0.0458059	0.0114871
8798	0.000239284	0.0855524	0.237679	0.619211	0.0458047	0.011513
8799	0.000239286	0.085553	0.237681	0.619216	0.045805	0.0115056
8800	0.000239273	0.0855483	0.237668	0.619181	0.0458025	0.0115604
8801	0.00023925	0.08554	0.237645	0.619121	0.045798	0.0116563
8802	0.000239288	0.0855538	0.237683	0.619222	0.0458055	0.0114964
8803	0.000239273	0.0855483	0.237668	0.619181	0.0458025	0.0115604
8804	0.000239234	0.0855342	0.237629	0.61908	0.045795	0.0117231
8805	0.000239255	0.085542	0.237651	0.619136	0.0457991	0.0116329
8806	0.000239273	0.0855483	0.237668	0.619181	0.0458025	0.0115604
8807	0.000239272	0.0855479	0.237667	0.619179	0.0458023	0.0115646
8808	0.000239288	0.0855535	0.237683	0.619219	0.0458053	0.0115001
8809	0.000239288	0.0855537	0.237683	0.619221	0.0458054	0.0114976
8810	0.000239277	0.0855498	0.237672	0.619192	0.0458033	0.0115432
8811	0.000239288	0.0855538	0.237683	0.619221	0.0458054	0.011497
8812	0.000239288	0.0855536	0.237683	0.61922	0.0458053	0.0114988
8813	0.000239282	0.0855517	0.237677	0.619206	0.0458043	0.0115214
8814	0.000239278	0.0855502	0.237674	0.619196	0.0458035	0.0115378
8815	0.000239271	0.0855475	0.237666	0.619176	0.0458021	0.0115692
8816	0.000239286	0.0855531	0.237681	0.619216	0.0458051	0.0115047
8817	0.000239273	0.0855483	0.237668	0.619181	0.0458025	0.0115604
8818	0.000239281	0.0855512	0.237676	0.619203	0.0458041	0.0115267
8819	0.000239284	0.0855522	0.237679	0.61921	0.0458046	0.0115155
8820	0.000239283	0.085552	0.237679	0.619209	0.0458045	0.0115169
8821	0.000239283	0.0855518	0.237678	0.619207	0.0458044	0.0115198
8822	0.000239281	0.0855512	0.237676	0.619203	0.0458041	0.0115267
8823	0.000239281	0.0855512	0.237676	0.619203	0.0458041	0.0115267
8824	0.000239285	0.0855527	0.23768	0.619213	0.0458049	0.0115095
8825	1.49889e-05	0.00535903	0.0148883	0.0387876	0.00286922	0.938081
8826	0.000239274	0.0855486	0.237669	0.619184	0.0458027	0.0115565
8827	0.000239289	0.0855541	0.237684	0.619224	0.0458056	0.011493
8828	0.000239291	0.0855548	0.237686	0.619228	0.045806	0.0114856
8829	0.000239283	0.0855519	0.237678	0.619208	0.0458044	0.0115183
8830	0.00023929	0.0855543	0.237685	0.619225	0.0458057	0.0114906
8831	0.00023929	0.0855544	0.237685	0.619226	0.0458058	0.0114898
8832	0.000239271	0.0855475	0.237666	0.619176	0.0458021	0.0115692
8833	0.000239287	0.0855532	0.237682	0.619217	0.0458051	0.0115039
8834	0.000239168	0.0855108	0.237564	0.61891	0.0457824	0.0119936
8835	0.000239286	0.0855531	0.237681	0.619216	0.0458051	0.0115047
8836	8.57164e-05	0.0306466	0.0851415	0.221814	0.0164082	0.645904
8837	0.00023929	0.0855543	0.237685	0.619225	0.0458057	0.0114909
8838	0.000239286	0.085553	0.237681	0.619216	0.045805	0.0115056
8839	0.000239267	0.0855461	0.237662	0.619166	0.0458013	0.0115851
8840	0.000239234	0.0855342	0.237629	0.61908	0.045795	0.0117231
8841	0.000219957	0.0786422	0.218482	0.569196	0.042105	0.0913548
8842	0.000239271	0.0855475	0.237666	0.619176	0.0458021	0.0115692
8843	0.000239284	0.0855524	0.237679	0.619211	0.0458047	0.011513
8844	0.000239243	0.0855374	0.237638	0.619103	0.0457967	0.0116856
8845	0.000239283	0.0855518	0.237678	0.619207	0.0458044	0.0115198
8846	0.000239255	0.085542	0.237651	0.619136	0.0457991	0.0116329
8847	0.000239276	0.0855495	0.237671	0.61919	0.0458032	0.0115462
8848	0.000239283	0.0855518	0.237678	0.619207	0.0458044	0.0115198
8849	0.00023928	0.0855507	0.237675	0.619199	0.0458038	0.011533
8850	0.000239273	0.0855483	0.237668	0.619181	0.0458025	0.0115604
8851	0.00023928	0.0855507	0.237675	0.619199	0.0458038	0.011533
8852	0.000239253	0.085541	0.237648	0.619129	0.0457986	0.011644
8853	0.000239289	0.085554	0.237684	0.619223	0.0458056	0.0114939
8854	0.000239288	0.0855538	0.237683	0.619221	0.0458054	0.011497
8855	0.000239284	0.0855524	0.237679	0.619211	0.0458047	0.011513
8856	0.000239262	0.0855444	0.237657	0.619153	0.0458004	0.0116057
8857	0.000239276	0.0855492	0.237671	0.619188	0.045803	0.0115494
8858	0.000239276	0.0855495	0.237671	0.61919	0.0458032	0.0115462
8859	0.000239286	0.085553	0.237681	0.619216	0.045805	0.0115056
8860	0.000239284	0.0855523	0.237679	0.61921	0.0458046	0.0115142
8861	0.000239291	0.0855546	0.237686	0.619227	0.0458059	0.0114876
8862	0.000239279	0.0855505	0.237674	0.619197	0.0458037	0.0115353
8863	0.000239281	0.085551	0.237676	0.619201	0.045804	0.0115287
8864	8.23939e-05	0.0294586	0.0818412	0.213216	0.0157721	0.65963
8865	0.000239238	0.0855359	0.237634	0.619092	0.0457959	0.0117032
8866	0.000239267	0.0855461	0.237662	0.619166	0.0458013	0.0115851
8867	0.000239285	0.0855525	0.23768	0.619212	0.0458047	0.0115118
8868	0.000239267	0.0855461	0.237662	0.619166	0.0458013	0.0115851
8869	0.000239265	0.0855456	0.237661	0.619162	0.0458011	0.0115914
8870	0.00023925	0.08554	0.237645	0.619121	0.045798	0.0116563
8871	0.000239282	0.0855515	0.237677	0.619205	0.0458042	0.0115231
8872	0.000239272	0.0855479	0.237667	0.619179	0.0458023	0.0115646
8873	0.000239267	0.0855461	0.237662	0.619166	0.0458013	0.0115851
8874	0.000239262	0.0855444	0.237657	0.619153	0.0458004	0.0116057
8875	0.00023928	0.0855507	0.237675	0.619199	0.0458038	0.011533
8876	0.000239284	0.0855522	0.237679	0.61921	0.0458046	0.0115155
8877	0.000239285	0.0855526	0.23768	0.619213	0.0458048	0.0115106
8878	0.000239264	0.085545	0.237659	0.619158	0.0458007	0.0115982
8879	0.000223138	0.0797796	0.221642	0.577429	0.0427139	0.0782133
8880	0.000239282	0.0855515	0.237677	0.619205	0.0458042	0.0115231
8881	0.000239287	0.0855534	0.237682	0.619218	0.0458052	0.0115015
8882	0.00023926	0.0855437	0.237655	0.619148	0.0458	0.0116139
8883	0.000239279	0.0855505	0.237674	0.619197	0.0458037	0.0115353
8884	0.000239279	0.0855505	0.237674	0.619197	0.0458037	0.0115353
8885	0.000239281	0.085551	0.237676	0.619201	0.045804	0.0115287
8886	3.08145e-05	0.0110172	0.0306078	0.0797405	0.00589862	0.872705
8887	0.000239281	0.085551	0.237676	0.619201	0.045804	0.0115287
8888	0.000239279	0.0855505	0.237674	0.619197	0.0458037	0.0115353
8889	0.000239288	0.0855536	0.237683	0.61922	0.0458053	0.0114994
8890	0.000239286	0.0855529	0.237681	0.619215	0.045805	0.0115065
8891	0.00023926	0.0855437	0.237655	0.619148	0.0458	0.0116139
8892	0.000239285	0.0855525	0.23768	0.619212	0.0458047	0.0115118
8893	0.00023928	0.0855507	0.237675	0.619199	0.0458038	0.011533
8894	0.000239278	0.0855502	0.237674	0.619196	0.0458035	0.0115378
8895	0.000239262	0.0855444	0.237657	0.619153	0.0458004	0.0116057
8896	0.000239276	0.0855495	0.237671	0.61919	0.0458032	0.0115462
8897	0.000239287	0.0855534	0.237682	0.619219	0.0458053	0.0115008
8898	0.000239281	0.0855512	0.237676	0.619203	0.0458041	0.0115267
8899	0.000239287	0.0855533	0.237682	0.619218	0.0458052	0.0115023
8900	0.000239264	0.085545	0.237659	0.619158	0.0458007	0.0115982
8901	0.000239284	0.0855524	0.237679	0.619211	0.0458047	0.011513
8902	0.000239281	0.0855512	0.237676	0.619203	0.0458041	0.0115267
8903	4.69557e-05	0.0167883	0.0466407	0.12151	0.00898843	0.806025
8904	0.000239281	0.085551	0.237676	0.619201	0.045804	0.0115287
8905	0.000239282	0.0855515	0.237677	0.619205	0.0458042	0.0115231
8906	2.42835e-05	0.00868217	0.0241206	0.0628398	0.00464843	0.899685
8907	0.00023928	0.0855507	0.237675	0.619199	0.0458038	0.011533
8908	0.000239243	0.0855374	0.237638	0.619103	0.0457967	0.0116856
8909	0.000239285	0.0855525	0.23768	0.619212	0.0458047	0.0115118
8910	0.000239283	0.0855518	0.237678	0.619207	0.0458044	0.0115198
8911	0.000239276	0.0855492	0.237671	0.619188	0.045803	0.0115494
8912	0.000239277	0.0855498	0.237672	0.619192	0.0458033	0.0115432
8913	0.000239285	0.0855527	0.23768	0.619213	0.0458049	0.0115095
8914	0.00023928	0.0855508	0.237675	0.6192	0.0458039	0.0115308
8915	0.000239284	0.0855524	0.237679	0.619211	0.0458047	0.011513
8916	0.000239284	0.0855522	0.237679	0.61921	0.0458046	0.0115155
8917	0.000239284	0.0855523	0.237679	0.61921	0.0458046	0.0115142
8918	0.000239277	0.0855498	0.237672	0.619192	0.0458033	0.0115432
8919	0.000239273	0.0855483	0.237668	0.619181	0.0458025	0.0115604
8920	0.000239283	0.0855519	0.237678	0.619208	0.0458044	0.0115183
8921	0.000239288	0.0855536	0.237683	0.61922	0.0458053	0.0114994
8922	0.000239274	0.0855486	0.237669	0.619184	0.0458027	0.0115565
8923	0.00023929	0.0855544	0.237685	0.619226	0.0458058	0.0114895
8924	0.000239284	0.0855523	0.237679	0.61921	0.0458046	0.0115142
8925	0.00023926	0.0855437	0.237655	0.619148	0.0458	0.0116139
8926	0.000239281	0.085551	0.237676	0.619201	0.045804	0.0115287
8927	0.000239288	0.0855538	0.237683	0.619221	0.0458054	0.011497
8928	0.000239284	0.0855522	0.237679	0.61921	0.0458046	0.0115155
8929	0.000239282	0.0855514	0.237677	0.619204	0.0458041	0.0115249
8930	0.000239282	0.0855515	0.237677	0.619205	0.0458042	0.0115231
8931	0.00023929	0.0855545	0.237685	0.619227	0.0458058	0.0114882
8932	0.000239281	0.085551	0.237676	0.619201	0.045804	0.0115287
8933	5.59413e-06	0.00200009	0.00555661	0.0144763	0.00107085	0.976891
8934	0.00023926	0.0855437	0.237655	0.619148	0.0458	0.0116139
8935	0.000239287	0.0855533	0.237682	0.619218	0.0458052	0.0115023
8936	0.000239286	0.085553	0.237681	0.619216	0.045805	0.0115056
8937	0.000143059	0.0511485	0.1421	0.370203	0.0273849	0.409021
8938	0.000239281	0.085551	0.237676	0.619201	0.045804	0.0115287
8939	0.000239267	0.0855461	0.237662	0.619166	0.0458013	0.0115851
8940	0.000239278	0.08555	0.237673	0.619194	0.0458034	0.0115404
8941	3.70851e-05	0.0132592	0.0368364	0.0959674	0.00709896	0.846801
8942	0.000239289	0.085554	0.237684	0.619223	0.0458056	0.0114944
8943	0.000239277	0.0855498	0.237672	0.619192	0.0458033	0.0115432
8944	0.000239286	0.085553	0.237681	0.619216	0.045805	0.0115056
8945	0.000239275	0.0855489	0.23767	0.619186	0.0458028	0.0115528
8946	0.000239277	0.0855498	0.237672	0.619192	0.0458033	0.0115432
8947	0.00023927	0.0855471	0.237665	0.619173	0.0458019	0.0115741
8948	0.000239285	0.0855525	0.23768	0.619212	0.0458047	0.0115118
8949	0.000239289	0.085554	0.237684	0.619223	0.0458055	0.0114948
8950	0.000239284	0.0855522	0.237679	0.61921	0.0458046	0.0115155
8951	0.00023928	0.0855508	0.237675	0.6192	0.0458039	0.0115308
8952	0.000239284	0.0855522	0.237679	0.61921	0.0458046	0.0115155
8953	0.00023928	0.0855507	0.237675	0.619199	0.0458038	0.011533
8954	0.000239292	0.0855552	0.237687	0.619231	0.0458062	0.0114807
8955	0.000239289	0.0855539	0.237684	0.619222	0.0458055	0.0114954
8956	0.000239287	0.0855532	0.237682	0.619217	0.0458051	0.0115039
8957	0.00023925	0.08554	0.237645	0.619121	0.045798	0.0116563
8958	0.000239276	0.0855495	0.237671	0.61919	0.0458032	0.0115462
8959	0.00023925	0.08554	0.237645	0.619121	0.045798	0.0116563
8960	0.000239282	0.0855517	0.237677	0.619206	0.0458043	0.0115214
8961	0.000239286	0.085553	0.237681	0.619216	0.045805	0.0115056
8962	0.000239282	0.0855515	0.237677	0.619205	0.0458042	0.0115231
8963	0.000239284	0.0855524	0.237679	0.619211	0.0458047	0.011513
8964	0.000239289	0.085554	0.237684	0.619223	0.0458056	0.0114944
8965	0.000239274	0.0855486	0.237669	0.619184	0.0458027	0.0115565
8966	0.000239275	0.0855489	0.23767	0.619186	0.0458028	0.0115528
8967	0.000239275	0.0855489	0.23767	0.619186	0.0458028	0.0115528
8968	0.00023928	0.0855508	0.237675	0.6192	0.0458039	0.0115308
8969	0.000239281	0.0855512	0.237676	0.619203	0.0458041	0.0115267
8970	0.000239255	0.085542	0.237651	0.619136	0.0457991	0.0116329
8971	0.00023928	0.0855508	0.237675	0.6192	0.0458039	0.0115308
8972	0.000239282	0.0855517	0.237677	0.619206	0.0458043	0.0115214
8973	0.000239283	0.085552	0.237679	0.619209	0.0458045	0.0115169
8974	0.000239277	0.0855498	0.237672	0.619192	0.0458033	0.0115432
8975	0.000239273	0.0855483	0.237668	0.619181	0.0458025	0.0115604
8976	0.000239287	0.0855533	0.237682	0.619218	0.0458052	0.0115023
8977	0.000239255	0.085542	0.237651	0.619136	0.0457991	0.0116329
8978	0.000239276	0.0855492	0.237671	0.619188	0.045803	0.0115494
8979	0.00023928	0.0855507	0.237675	0.619199	0.0458038	0.011533
8980	0.000239127	0.085496	0.237523	0.618803	0.0457745	0.0121645
8981	0.000239281	0.0855512	0.237676	0.619203	0.0458041	0.0115267
8982	0.000239275	0.0855489	0.23767	0.619186	0.0458028	0.0115528
8983	0.000239286	0.085553	0.237681	0.619216	0.045805	0.0115056
8984	0.00023925	0.08554	0.237645	0.619121	0.045798	0.0116563
8985	0.000239228	0.0855322	0.237623	0.619065	0.0457939	0.011746
8986	0.00023927	0.0855471	0.237665	0.619173	0.0458019	0.0115741
8987	0.00023928	0.0855508	0.237675	0.6192	0.0458039	0.0115308
8988	0.00023928	0.0855508	0.237675	0.6192	0.0458039	0.0115308
8989	0.000239284	0.0855524	0.237679	0.619211	0.0458047	0.011513
8990	0.000239271	0.0855475	0.237666	0.619176	0.0458021	0.0115692
8991	0.000239255	0.085542	0.237651	0.619136	0.0457991	0.0116329
8992	0.000239286	0.0855531	0.237681	0.619216	0.0458051	0.0115047
8993	0.000239286	0.0855531	0.237681	0.619216	0.0458051	0.0115047
8994	0.000239272	0.0855479	0.237667	0.619179	0.0458023	0.0115646
8995	0.000239286	0.0855529	0.237681	0.619215	0.045805	0.0115065
8996	0.000239222	0.0855299	0.237617	0.619049	0.0457927	0.0117723
8997	0.000239281	0.0855512	0.237676	0.619203	0.0458041	0.0115267
8998	0.000239278	0.0855502	0.237674	0.619196	0.0458035	0.0115378
8999	0.000239183	0.0855161	0.237579	0.618949	0.0457853	0.011932
9000	0.000239277	0.0855498	0.237672	0.619192	0.0458033	0.0115432
9001	0.000239273	0.0855483	0.237668	0.619181	0.0458025	0.0115604
9002	0.000239285	0.0855528	0.237681	0.619214	0.0458049	0.0115085
9003	0.000239285	0.0855525	0.23768	0.619212	0.0458047	0.0115118
9004	0.000239271	0.0855475	0.237666	0.619176	0.0458021	0.0115692
9005	0.000239273	0.0855483	0.237668	0.619181	0.0458025	0.0115604
9006	0.000239283	0.085552	0.237679	0.619209	0.0458045	0.0115169
9007	0.000239283	0.0855519	0.237678	0.619208	0.0458044	0.0115183
9008	0.000239268	0.0855466	0.237664	0.61917	0.0458016	0.0115794
9009	0.000239272	0.0855479	0.237667	0.619179	0.0458023	0.0115646
9010	0.000239275	0.0855489	0.23767	0.619186	0.0458028	0.0115528
9011	0.000239276	0.0855495	0.237671	0.61919	0.0458032	0.0115462
9012	0.000239288	0.0855537	0.237683	0.61922	0.0458054	0.0114982
9013	0.000239271	0.0855475	0.237666	0.619176	0.0458021	0.0115692
9014	0.00023927	0.0855471	0.237665	0.619173	0.0458019	0.0115741
9015	0.000239276	0.0855492	0.237671	0.619188	0.045803	0.0115494
9016	0.000239291	0.0855548	0.237686	0.619228	0.045806	0.0114856
9017	0.000239275	0.0855489	0.23767	0.619186	0.0458028	0.0115528
9018	0.000239277	0.0855498	0.237672	0.619192	0.0458033	0.0115432
9019	0.000239276	0.0855495	0.237671	0.61919	0.0458032	0.0115462
9020	0.000239271	0.0855475	0.237666	0.619176	0.0458021	0.0115692
9021	0.000239279	0.0855505	0.237674	0.619197	0.0458037	0.0115353
9022	0.000239275	0.0855489	0.23767	0.619186	0.0458028	0.0115528
9023	0.000239278	0.0855502	0.237674	0.619196	0.0458035	0.0115378
9024	0.000239273	0.0855483	0.237668	0.619181	0.0458025	0.0115604
9025	0.000239276	0.0855495	0.237671	0.61919	0.0458032	0.0115462
9026	0.000239278	0.0855502	0.237674	0.619196	0.0458035	0.0115378
9027	0.00023928	0.0855507	0.237675	0.619199	0.0458038	0.011533
9028	0.000239277	0.0855498	0.237672	0.619192	0.0458033	0.0115432
9029	0.000239258	0.0855429	0.237653	0.619142	0.0457996	0.0116229
9030	0.000239258	0.0855429	0.237653	0.619142	0.0457996	0.0116229
9031	0.000239274	0.0855486	0.237669	0.619184	0.0458027	0.0115565
9032	0.000233928	0.0836374	0.232359	0.605351	0.0447794	0.033639
9033	0.000239289	0.085554	0.237684	0.619223	0.0458055	0.0114948
9034	0.000239287	0.0855534	0.237682	0.619218	0.0458052	0.0115015
9035	0.000239283	0.0855519	0.237678	0.619208	0.0458044	0.0115183
9036	0.000239285	0.0855528	0.237681	0.619214	0.0458049	0.0115085
9037	0.000239271	0.0855475	0.237666	0.619176	0.0458021	0.0115692
9038	0.000239253	0.085541	0.237648	0.619129	0.0457986	0.011644
9039	0.00023928	0.0855508	0.237675	0.6192	0.0458039	0.0115308
9040	0.00023928	0.0855508	0.237675	0.6192	0.0458039	0.0115308
9041	0.000239262	0.0855444	0.237657	0.619153	0.0458004	0.0116057
9042	0.000239267	0.0855461	0.237662	0.619166	0.0458013	0.0115851
9043	0.000239285	0.0855528	0.237681	0.619214	0.0458049	0.0115085
9044	0.00023926	0.0855437	0.237655	0.619148	0.0458	0.0116139
9045	0.000239285	0.0855527	0.23768	0.619213	0.0458049	0.0115095
9046	0.000239276	0.0855495	0.237671	0.61919	0.0458032	0.0115462
9047	0.00023927	0.0855471	0.237665	0.619173	0.0458019	0.0115741
9048	0.000239276	0.0855492	0.237671	0.619188	0.045803	0.0115494
9049	0.000239272	0.0855479	0.237667	0.619179	0.0458023	0.0115646
9050	0.000239267	0.0855461	0.237662	0.619166	0.0458013	0.0115851
9051	0.000239283	0.0855519	0.237678	0.619208	0.0458044	0.0115183
9052	0.000239272	0.0855479	0.237667	0.619179	0.0458023	0.0115646
9053	0.000239271	0.0855475	0.237666	0.619176	0.0458021	0.0115692
9054	0.000239282	0.0855514	0.237677	0.619204	0.0458041	0.0115249
9055	0.000239238	0.0855359	0.237634	0.619092	0.0457959	0.0117032
9056	0.000239234	0.0855342	0.237629	0.61908	0.045795	0.0117231
9057	0.000239283	0.0855518	0.237678	0.619207	0.0458044	0.0115198
9058	0.000239183	0.0855161	0.237579	0.618949	0.0457853	0.011932
9059	0.000239286	0.0855529	0.237681	0.619215	0.045805	0.0115065
9060	0.000239291	0.0855546	0.237686	0.619227	0.0458059	0.0114876
9061	0.000239288	0.0855537	0.237683	0.619221	0.0458054	0.0114976
9062	0.000239285	0.0855528	0.237681	0.619214	0.0458049	0.0115085
9063	0.000239276	0.0855495	0.237671	0.61919	0.0458032	0.0115462
9064	0.000239289	0.0855539	0.237684	0.619222	0.0458055	0.0114959
9065	0.000239255	0.085542	0.237651	0.619136	0.0457991	0.0116329
9066	0.000239246	0.0855388	0.237642	0.619113	0.0457974	0.0116701
9067	0.000239277	0.0855498	0.237672	0.619192	0.0458033	0.0115432
9068	0.00023928	0.0855508	0.237675	0.6192	0.0458039	0.0115308
9069	0.000239271	0.0855475	0.237666	0.619176	0.0458021	0.0115692
9070	0.000239275	0.0855489	0.23767	0.619186	0.0458028	0.0115528
9071	0.000239206	0.0855242	0.237601	0.619007	0.0457896	0.0118387
9072	0.000239234	0.0855342	0.237629	0.61908	0.045795	0.0117231
9073	0.000239275	0.0855489	0.23767	0.619186	0.0458028	0.0115528
9074	0.000239283	0.085552	0.237679	0.619209	0.0458045	0.0115169
9075	0.000239238	0.0855359	0.237634	0.619092	0.0457959	0.0117032
9076	0.000239272	0.0855479	0.237667	0.619179	0.0458023	0.0115646
9077	0.00023928	0.0855507	0.237675	0.619199	0.0458038	0.011533
9078	0.000239282	0.0855514	0.237677	0.619204	0.0458041	0.0115249
9079	0.000239282	0.0855514	0.237677	0.619204	0.0458041	0.0115249
9080	0.000239287	0.0855532	0.237682	0.619217	0.0458051	0.0115031
9081	0.000239274	0.0855486	0.237669	0.619184	0.0458027	0.0115565
9082	0.000236438	0.0845346	0.234852	0.611845	0.0452598	0.0232721
9083	0.000239287	0.0855534	0.237682	0.619218	0.0458052	0.0115015
9084	0.000239272	0.0855479	0.237667	0.619179	0.0458023	0.0115646
9085	0.000239274	0.0855486	0.237669	0.619184	0.0458027	0.0115565
9086	0.000239282	0.0855514	0.237677	0.619204	0.0458041	0.0115249
9087	0.000239274	0.0855486	0.237669	0.619184	0.0458027	0.0115565
9088	0.000239183	0.0855161	0.237579	0.618949	0.0457853	0.011932
9089	0.000105552	0.0377384	0.104844	0.273143	0.0202051	0.563964
9090	0.00023926	0.0855437	0.237655	0.619148	0.0458	0.0116139
9091	0.00023928	0.0855508	0.237675	0.6192	0.0458039	0.0115308
9092	0.000239286	0.0855531	0.237681	0.619216	0.0458051	0.0115047
9093	0.000239264	0.085545	0.237659	0.619158	0.0458007	0.0115982
9094	0.000239214	0.0855273	0.23761	0.61903	0.0457913	0.0118029
9095	0.000239287	0.0855534	0.237682	0.619219	0.0458053	0.0115008
9096	0.00023866	0.0853292	0.237059	0.617595	0.0456852	0.0140923
9097	0.000239258	0.0855429	0.237653	0.619142	0.0457996	0.0116229
9098	0.000239238	0.0855359	0.237634	0.619092	0.0457959	0.0117032
9099	0.000239276	0.0855492	0.237671	0.619188	0.045803	0.0115494
9100	0.00023928	0.0855507	0.237675	0.619199	0.0458038	0.011533
9101	0.000239183	0.0855161	0.237579	0.618949	0.0457853	0.011932
9102	0.00023927	0.0855471	0.237665	0.619173	0.0458019	0.0115741
9103	0.000239278	0.08555	0.237673	0.619194	0.0458034	0.0115404
9104	0.000239265	0.0855456	0.237661	0.619162	0.0458011	0.0115914
9105	0.000239278	0.0855502	0.237674	0.619196	0.0458035	0.0115378
9106	0.000239214	0.0855273	0.23761	0.61903	0.0457913	0.0118029
9107	0.000239284	0.0855522	0.237679	0.61921	0.0458046	0.0115155
9108	0.000239273	0.0855483	0.237668	0.619181	0.0458025	0.0115604
9109	0.000239285	0.0855525	0.23768	0.619212	0.0458047	0.0115118
9110	0.000239285	0.0855525	0.23768	0.619212	0.0458047	0.0115118
9111	0.000239267	0.0855461	0.237662	0.619166	0.0458013	0.0115851
9112	0.000239283	0.085552	0.237679	0.619209	0.0458045	0.0115169
9113	0.000239222	0.0855299	0.237617	0.619049	0.0457927	0.0117723
9114	0.000239286	0.0855529	0.237681	0.619215	0.045805	0.0115065
9115	0.000232365	0.0830785	0.230807	0.601306	0.0444802	0.0400961
9116	0.000239234	0.0855342	0.237629	0.61908	0.045795	0.0117231
9117	0.000239267	0.0855461	0.237662	0.619166	0.0458013	0.0115851
9118	0.00023928	0.0855508	0.237675	0.6192	0.0458039	0.0115308
9119	0.000239274	0.0855486	0.237669	0.619184	0.0458027	0.0115565
9120	0.000239286	0.0855529	0.237681	0.619215	0.0458049	0.0115075
9121	0.000239267	0.0855461	0.237662	0.619166	0.0458013	0.0115851
9122	0.000239277	0.0855498	0.237672	0.619192	0.0458033	0.0115432
9123	0.000239282	0.0855514	0.237677	0.619204	0.0458041	0.0115249
9124	0.000239272	0.0855479	0.237667	0.619179	0.0458023	0.0115646
9125	0.000239283	0.0855519	0.237678	0.619208	0.0458044	0.0115183
9126	0.000239289	0.085554	0.237684	0.619223	0.0458056	0.0114944
9127	0.00023926	0.0855437	0.237655	0.619148	0.0458	0.0116139
9128	0.000239268	0.0855466	0.237664	0.61917	0.0458016	0.0115794
9129	0.00023925	0.08554	0.237645	0.619121	0.045798	0.0116563
9130	0.000239284	0.0855522	0.237679	0.61921	0.0458046	0.0115155
9131	0.00023928	0.0855508	0.237675	0.6192	0.0458039	0.0115308
9132	0.000239288	0.0855538	0.237683	0.619221	0.0458054	0.011497
9133	0.000239286	0.0855531	0.237681	0.619216	0.0458051	0.0115047
9134	0.000239277	0.0855498	0.237672	0.619192	0.0458033	0.0115432
9135	0.000239286	0.0855529	0.237681	0.619215	0.045805	0.0115065
9136	0.00023928	0.0855507	0.237675	0.619199	0.0458038	0.011533
9137	0.000239283	0.085552	0.237679	0.619209	0.0458045	0.0115169
9138	0.000239271	0.0855475	0.237666	0.619176	0.0458021	0.0115692
9139	0.000239278	0.08555	0.237673	0.619194	0.0458034	0.0115404
9140	2.1885e-05	0.00782465	0.0217382	0.0566332	0.00418931	0.909593
9141	0.000239279	0.0855505	0.237674	0.619197	0.0458037	0.0115353
9142	0.000239262	0.0855444	0.237657	0.619153	0.0458004	0.0116057
9143	0.000239183	0.0855161	0.237579	0.618949	0.0457853	0.011932
9144	0.000239283	0.0855519	0.237678	0.619208	0.0458044	0.0115183
9145	0.000239262	0.0855444	0.237657	0.619153	0.0458004	0.0116057
9146	0.000239282	0.0855515	0.237677	0.619205	0.0458042	0.0115231
9147	0.00023927	0.0855471	0.237665	0.619173	0.0458019	0.0115741
9148	0.000239283	0.085552	0.237679	0.619209	0.0458045	0.0115169
9149	0.000239289	0.0855542	0.237684	0.619224	0.0458056	0.0114925
9150	0.000239279	0.0855505	0.237674	0.619197	0.0458037	0.0115353
9151	0.000239286	0.0855529	0.237681	0.619215	0.045805	0.0115065
9152	0.000239268	0.0855466	0.237664	0.61917	0.0458016	0.0115794
9153	0.000239284	0.0855522	0.237679	0.61921	0.0458046	0.0115155
9154	0.000239271	0.0855475	0.237666	0.619176	0.0458021	0.0115692
9155	0.000239276	0.0855492	0.237671	0.619188	0.045803	0.0115494
9156	0.000239284	0.0855523	0.237679	0.61921	0.0458046	0.0115142
9157	0.000239288	0.0855538	0.237683	0.619221	0.0458054	0.011497
9158	0.00023927	0.0855471	0.237665	0.619173	0.0458019	0.0115741
9159	0.000239278	0.0855502	0.237674	0.619196	0.0458035	0.0115378
9160	0.000239288	0.0855537	0.237683	0.61922	0.0458054	0.0114982
9161	0.000239271	0.0855475	0.237666	0.619176	0.0458021	0.0115692
9162	0.00023927	0.0855471	0.237665	0.619173	0.0458019	0.0115741
9163	0.000239273	0.0855483	0.237668	0.619181	0.0458025	0.0115604
9164	0.000239264	0.085545	0.237659	0.619158	0.0458007	0.0115982
9165	0.000239243	0.0855374	0.237638	0.619103	0.0457967	0.0116856
9166	0.000239271	0.0855475	0.237666	0.619176	0.0458021	0.0115692
9167	0.000239284	0.0855522	0.237679	0.61921	0.0458046	0.0115155
9168	0.000239281	0.0855512	0.237676	0.619203	0.0458041	0.0115267
9169	0.000239286	0.0855529	0.237681	0.619215	0.045805	0.0115065
9170	0.000239195	0.0855205	0.237591	0.618981	0.0457876	0.0118812
9171	0.000239286	0.0855531	0.237681	0.619216	0.0458051	0.0115047
9172	0.00023928	0.0855508	0.237675	0.6192	0.0458039	0.0115308
9173	0.000239287	0.0855533	0.237682	0.619218	0.0458052	0.0115023
9174	0.000239274	0.0855486	0.237669	0.619184	0.0458027	0.0115565
9175	0.000239281	0.0855512	0.237676	0.619203	0.0458041	0.0115267
9176	0.00023928	0.0855508	0.237675	0.6192	0.0458039	0.0115308
9177	0.00023928	0.0855507	0.237675	0.619199	0.0458038	0.011533
9178	0.000239288	0.0855538	0.237683	0.619222	0.0458055	0.0114964
9179	0.000239268	0.0855466	0.237664	0.61917	0.0458016	0.0115794
9180	0.000239234	0.0855342	0.237629	0.61908	0.045795	0.0117231
9181	0.000239282	0.0855517	0.237677	0.619206	0.0458043	0.0115214
9182	0.000239285	0.0855526	0.23768	0.619213	0.0458048	0.0115106
9183	0.000239279	0.0855505	0.237674	0.619197	0.0458037	0.0115353
9184	0.00023925	0.08554	0.237645	0.619121	0.045798	0.0116563
9185	0.000239285	0.0855526	0.23768	0.619213	0.0458048	0.0115106
9186	0.000239195	0.0855205	0.237591	0.618981	0.0457876	0.0118812
9187	0.000239253	0.085541	0.237648	0.619129	0.0457986	0.011644
9188	0.000239283	0.0855519	0.237678	0.619208	0.0458044	0.0115183
9189	0.00023928	0.0855507	0.237675	0.619199	0.0458038	0.011533
9190	0.000239282	0.0855515	0.237677	0.619205	0.0458042	0.0115231
9191	0.000239278	0.0855502	0.237674	0.619196	0.0458035	0.0115378
9192	0.000239286	0.0855529	0.237681	0.619215	0.0458049	0.0115075
9193	0.000239264	0.085545	0.237659	0.619158	0.0458007	0.0115982
9194	0.000239282	0.0855515	0.237677	0.619205	0.0458042	0.0115231
9195	0.000239278	0.0855502	0.237674	0.619196	0.0458035	0.0115378
9196	0.000239282	0.0855514	0.237677	0.619204	0.0458041	0.0115249
9197	0.000239284	0.0855522	0.237679	0.61921	0.0458046	0.0115155
9198	0.000239286	0.0855529	0.237681	0.619215	0.045805	0.0115065
9199	0.00023928	0.0855507	0.237675	0.619199	0.0458038	0.011533
9200	0.00023928	0.0855508	0.237675	0.6192	0.0458039	0.0115308
9201	0.000239281	0.0855512	0.237676	0.619203	0.0458041	0.0115267
9202	0.000239277	0.0855498	0.237672	0.619192	0.0458033	0.0115432
9203	0.000239289	0.0855542	0.237684	0.619224	0.0458056	0.0114925
9204	0.000239278	0.0855502	0.237674	0.619196	0.0458035	0.0115378
9205	0.000239278	0.08555	0.237673	0.619194	0.0458034	0.0115404
9206	0.000239279	0.0855505	0.237674	0.619197	0.0458037	0.0115353
9207	0.000239276	0.0855492	0.237671	0.619188	0.045803	0.0115494
9208	0.000239276	0.0855495	0.237671	0.61919	0.0458032	0.0115462
9209	0.000239287	0.0855532	0.237682	0.619217	0.0458051	0.0115031
9210	0.000239279	0.0855505	0.237674	0.619197	0.0458037	0.0115353
9211	0.000239276	0.0855492	0.237671	0.619188	0.045803	0.0115494
9212	0.000239289	0.085554	0.237684	0.619223	0.0458056	0.0114944
9213	0.000239268	0.0855466	0.237664	0.61917	0.0458016	0.0115794
9214	0.00023928	0.0855508	0.237675	0.6192	0.0458039	0.0115308
9215	0.000239228	0.0855322	0.237623	0.619065	0.0457939	0.011746
9216	0.000239277	0.0855498	0.237672	0.619192	0.0458033	0.0115432
9217	0.000239276	0.0855492	0.237671	0.619188	0.045803	0.0115494
9218	0.000239272	0.0855479	0.237667	0.619179	0.0458023	0.0115646
9219	0.000239286	0.085553	0.237681	0.619216	0.045805	0.0115056
9220	0.000239276	0.0855495	0.237671	0.61919	0.0458032	0.0115462
9221	0.000239288	0.0855538	0.237683	0.619221	0.0458054	0.011497
9222	1.8705e-05	0.00668769	0.0185796	0.0484042	0.00358059	0.922729
9223	0.00023929	0.0855544	0.237685	0.619225	0.0458057	0.0114902
9224	0.00023926	0.0855437	0.237655	0.619148	0.0458	0.0116139
9225	0.000239281	0.085551	0.237676	0.619201	0.045804	0.0115287
9226	0.000239268	0.0855466	0.237664	0.61917	0.0458016	0.0115794
9227	0.000239282	0.0855514	0.237677	0.619204	0.0458041	0.0115249
9228	0.000239278	0.08555	0.237673	0.619194	0.0458034	0.0115404
9229	0.000239281	0.0855512	0.237676	0.619203	0.0458041	0.0115267
9230	0.000239265	0.0855456	0.237661	0.619162	0.0458011	0.0115914
9231	0.000239284	0.0855522	0.237679	0.61921	0.0458046	0.0115155
9232	0.000239278	0.0855502	0.237674	0.619196	0.0458035	0.0115378
9233	0.000239273	0.0855483	0.237668	0.619181	0.0458025	0.0115604
9234	0.000239279	0.0855505	0.237674	0.619197	0.0458037	0.0115353
9235	0.00023928	0.0855508	0.237675	0.6192	0.0458039	0.0115308
9236	0.000239274	0.0855486	0.237669	0.619184	0.0458027	0.0115565
9237	0.000239264	0.085545	0.237659	0.619158	0.0458007	0.0115982
9238	0.000239276	0.0855492	0.237671	0.619188	0.045803	0.0115494
9239	0.000239271	0.0855475	0.237666	0.619176	0.0458021	0.0115692
9240	0.000239283	0.0855519	0.237678	0.619208	0.0458044	0.0115183
9241	9.104e-05	0.0325499	0.0904294	0.23559	0.0174272	0.623912
9242	0.000239273	0.0855483	0.237668	0.619181	0.0458025	0.0115604
9243	0.00023928	0.0855508	0.237675	0.6192	0.0458039	0.0115308
9244	0.000239265	0.0855456	0.237661	0.619162	0.0458011	0.0115914
9245	0.000239279	0.0855505	0.237674	0.619197	0.0458037	0.0115353
9246	0.000239279	0.0855505	0.237674	0.619197	0.0458037	0.0115353
9247	0.000239243	0.0855374	0.237638	0.619103	0.0457967	0.0116856
9248	0.000127748	0.0456742	0.126891	0.330581	0.0244539	0.472272
9249	0.00023927	0.0855471	0.237665	0.619173	0.0458019	0.0115741
9250	0.000239281	0.085551	0.237676	0.619201	0.045804	0.0115287
9251	0.000239264	0.085545	0.237659	0.619158	0.0458007	0.0115982
9252	0.000239278	0.0855502	0.237674	0.619196	0.0458035	0.0115378
9253	2.09225e-06	0.00074805	0.00207821	0.00541424	0.000400506	0.991357
9254	0.000239281	0.085551	0.237676	0.619201	0.045804	0.0115287
9255	0.000239284	0.0855523	0.237679	0.61921	0.0458046	0.0115142
9256	0.000239238	0.0855359	0.237634	0.619092	0.0457959	0.0117032
9257	0.00023928	0.0855507	0.237675	0.619199	0.0458038	0.011533
9258	0.000239267	0.0855461	0.237662	0.619166	0.0458013	0.0115851
9259	0.000239286	0.085553	0.237681	0.619216	0.045805	0.0115056
9260	0.000239278	0.0855502	0.237674	0.619196	0.0458035	0.0115378
9261	0.000239262	0.0855444	0.237657	0.619153	0.0458004	0.0116057
9262	0.000239279	0.0855505	0.237674	0.619197	0.0458037	0.0115353
9263	0.000239238	0.0855359	0.237634	0.619092	0.0457959	0.0117032
9264	0.00023927	0.0855471	0.237665	0.619173	0.0458019	0.0115741
9265	0.000239273	0.0855483	0.237668	0.619181	0.0458025	0.0115604
9266	0.000239282	0.0855514	0.237677	0.619204	0.0458041	0.0115249
9267	0.000239258	0.0855429	0.237653	0.619142	0.0457996	0.0116229
9268	0.000239267	0.0855461	0.237662	0.619166	0.0458013	0.0115851
9269	0.000239286	0.085553	0.237681	0.619216	0.045805	0.0115056
9270	0.000239265	0.0855456	0.237661	0.619162	0.0458011	0.0115914
9271	0.000239288	0.0855536	0.237683	0.61922	0.0458053	0.0114988
9272	0.000239267	0.0855461	0.237662	0.619166	0.0458013	0.0115851
9273	0.000239277	0.0855498	0.237672	0.619192	0.0458033	0.0115432
9274	0.000239267	0.0855461	0.237662	0.619166	0.0458013	0.0115851
9275	0.000239283	0.085552	0.237679	0.619209	0.0458045	0.0115169
9276	0.000239222	0.0855299	0.237617	0.619049	0.0457927	0.0117723
9277	0.000239278	0.08555	0.237673	0.619194	0.0458034	0.0115404
9278	0.000239265	0.0855456	0.237661	0.619162	0.0458011	0.0115914
9279	0.000239267	0.0855461	0.237662	0.619166	0.0458013	0.0115851
9280	0.000239283	0.085552	0.237679	0.619209	0.0458045	0.0115169
9281	0.000239276	0.0855495	0.237671	0.61919	0.0458032	0.0115462
9282	0.000239281	0.0855512	0.237676	0.619203	0.0458041	0.0115267
9283	0.000239275	0.0855489	0.23767	0.619186	0.0458028	0.0115528
9284	0.000239281	0.0855512	0.237676	0.619203	0.0458041	0.0115267
9285	0.000239258	0.0855429	0.237653	0.619142	0.0457996	0.0116229
9286	0.000233928	0.0836374	0.232359	0.605351	0.0447794	0.033639
9287	0.000239285	0.0855528	0.237681	0.619214	0.0458049	0.0115085
9288	0.000239276	0.0855492	0.237671	0.619188	0.045803	0.0115494
9289	0.000239289	0.085554	0.237684	0.619223	0.0458055	0.0114948
9290	0.000239287	0.0855532	0.237682	0.619217	0.0458051	0.0115031
9291	0.000239283	0.0855519	0.237678	0.619208	0.0458044	0.0115183
9292	0.000239277	0.0855498	0.237672	0.619192	0.0458033	0.0115432
9293	0.000239243	0.0855374	0.237638	0.619103	0.0457967	0.0116856
9294	0.000239273	0.0855483	0.237668	0.619181	0.0458025	0.0115604
9295	0.000239285	0.0855525	0.23768	0.619212	0.0458047	0.0115118
9296	0.000239282	0.0855515	0.237677	0.619205	0.0458042	0.0115231
9297	0.000239255	0.085542	0.237651	0.619136	0.0457991	0.0116329
9298	0.000239277	0.0855498	0.237672	0.619192	0.0458033	0.0115432
9299	0.000239253	0.085541	0.237648	0.619129	0.0457986	0.011644
9300	0.000239281	0.085551	0.237676	0.619201	0.045804	0.0115287
9301	0.000239287	0.0855534	0.237682	0.619218	0.0458052	0.0115015
9302	0.000239274	0.0855486	0.237669	0.619184	0.0458027	0.0115565
9303	0.000239287	0.0855534	0.237682	0.619218	0.0458052	0.0115015
9304	0.000239286	0.0855531	0.237681	0.619216	0.0458051	0.0115047
9305	0.000239289	0.085554	0.237684	0.619223	0.0458055	0.0114948
9306	0.00023915	0.0855042	0.237546	0.618863	0.0457789	0.0120695
9307	0.000239281	0.085551	0.237676	0.619201	0.045804	0.0115287
9308	0.000239278	0.08555	0.237673	0.619194	0.0458034	0.0115404
9309	0.000150324	0.0537459	0.149316	0.389002	0.0287755	0.37901
9310	0.000239287	0.0855534	0.237682	0.619218	0.0458052	0.0115015
9311	0.000239285	0.0855525	0.23768	0.619212	0.0458047	0.0115118
9312	0.00023928	0.0855507	0.237675	0.619199	0.0458038	0.011533
9313	0.000239272	0.0855479	0.237667	0.619179	0.0458023	0.0115646
9314	0.000239228	0.0855322	0.237623	0.619065	0.0457939	0.011746
9315	0.000239274	0.0855486	0.237669	0.619184	0.0458027	0.0115565
9316	0.000239268	0.0855466	0.237664	0.61917	0.0458016	0.0115794
9317	0.000239276	0.0855495	0.237671	0.61919	0.0458032	0.0115462
9318	0.00023927	0.0855471	0.237665	0.619173	0.0458019	0.0115741
9319	0.000239287	0.0855532	0.237682	0.619217	0.0458051	0.0115039
9320	0.000239285	0.0855526	0.23768	0.619213	0.0458048	0.0115106
9321	0.000239285	0.0855525	0.23768	0.619212	0.0458047	0.0115118
9322	0.000239287	0.0855533	0.237682	0.619218	0.0458052	0.0115023
9323	0.000239272	0.0855479	0.237667	0.619179	0.0458023	0.0115646
9324	0.000239285	0.0855527	0.23768	0.619213	0.0458049	0.0115095
9325	0.00023928	0.0855508	0.237675	0.6192	0.0458039	0.0115308
9326	0.00023928	0.0855507	0.237675	0.619199	0.0458038	0.011533
9327	0.000231825	0.0828854	0.23027	0.599908	0.0443768	0.0423276
9328	0.000239285	0.0855528	0.237681	0.619214	0.0458049	0.0115085
9329	0.000239273	0.0855483	0.237668	0.619181	0.0458025	0.0115604
9330	0.000239273	0.0855483	0.237668	0.619181	0.0458025	0.0115604
9331	0.000239272	0.0855479	0.237667	0.619179	0.0458023	0.0115646
9332	0.000239273	0.0855483	0.237668	0.619181	0.0458025	0.0115604
9333	0.000239288	0.0855536	0.237683	0.61922	0.0458053	0.0114988
9334	0.000239278	0.0855502	0.237674	0.619196	0.0458035	0.0115378
9335	0.000239287	0.0855533	0.237682	0.619218	0.0458052	0.0115023
9336	0.000239276	0.0855492	0.237671	0.619188	0.045803	0.0115494
9337	0.000239285	0.0855526	0.23768	0.619213	0.0458048	0.0115106
9338	0.00023915	0.0855042	0.237546	0.618863	0.0457789	0.0120695
9339	0.000239195	0.0855205	0.237591	0.618981	0.0457876	0.0118812
9340	0.000239276	0.0855495	0.237671	0.61919	0.0458032	0.0115462
9341	0.000239275	0.0855489	0.23767	0.619186	0.0458028	0.0115528
9342	0.000239276	0.0855495	0.237671	0.61919	0.0458032	0.0115462
9343	0.000239287	0.0855532	0.237682	0.619217	0.0458051	0.0115039
9344	0.000239278	0.0855502	0.237674	0.619196	0.0458035	0.0115378
9345	0.00023925	0.08554	0.237645	0.619121	0.045798	0.0116563
9346	0.00023925	0.08554	0.237645	0.619121	0.045798	0.0116563
9347	0.000239282	0.0855514	0.237677	0.619204	0.0458041	0.0115249
9348	0.00023927	0.0855471	0.237665	0.619173	0.0458019	0.0115741
9349	0.000239282	0.0855514	0.237677	0.619204	0.0458041	0.0115249
9350	0.000239285	0.0855526	0.23768	0.619213	0.0458048	0.0115106
9351	0.000239278	0.08555	0.237673	0.619194	0.0458034	0.0115404
9352	0.000239278	0.08555	0.237673	0.619194	0.0458034	0.0115404
9353	0.000239276	0.0855495	0.237671	0.61919	0.0458032	0.0115462
9354	0.000239288	0.0855536	0.237683	0.61922	0.0458053	0.0114994
9355	0.000239287	0.0855533	0.237682	0.619218	0.0458052	0.0115023
9356	0.00023928	0.0855507	0.237675	0.619199	0.0458038	0.011533
9357	0.000239287	0.0855532	0.237682	0.619217	0.0458051	0.0115039
9358	0.000239271	0.0855475	0.237666	0.619176	0.0458021	0.0115692
9359	0.000239283	0.085552	0.237679	0.619209	0.0458045	0.0115169
9360	0.000239275	0.0855489	0.23767	0.619186	0.0458028	0.0115528
9361	0.000239275	0.0855489	0.23767	0.619186	0.0458028	0.0115528
9362	0.000239264	0.085545	0.237659	0.619158	0.0458007	0.0115982
9363	0.000239273	0.0855483	0.237668	0.619181	0.0458025	0.0115604
9364	0.00023928	0.0855508	0.237675	0.6192	0.0458039	0.0115308
9365	0.000239271	0.0855475	0.237666	0.619176	0.0458021	0.0115692
9366	0.000239276	0.0855495	0.237671	0.61919	0.0458032	0.0115462
9367	0.000239285	0.0855526	0.23768	0.619213	0.0458048	0.0115106
9368	0.000239278	0.0855502	0.237674	0.619196	0.0458035	0.0115378
9369	0.000239276	0.0855492	0.237671	0.619188	0.045803	0.0115494
9370	0.000239281	0.085551	0.237676	0.619201	0.045804	0.0115287
9371	0.000239264	0.085545	0.237659	0.619158	0.0458007	0.0115982
9372	0.000239292	0.0855551	0.237687	0.619231	0.0458061	0.0114817
9373	0.000239264	0.085545	0.237659	0.619158	0.0458007	0.0115982
9374	0.000239278	0.0855502	0.237674	0.619196	0.0458035	0.0115378
9375	0.000239287	0.0855533	0.237682	0.619218	0.0458052	0.0115023
9376	0.000239286	0.0855531	0.237681	0.619216	0.0458051	0.0115047
9377	0.000239278	0.08555	0.237673	0.619194	0.0458034	0.0115404
9378	0.000239274	0.0855486	0.237669	0.619184	0.0458027	0.0115565
9379	0.000239265	0.0855456	0.237661	0.619162	0.0458011	0.0115914
9380	0.000239275	0.0855489	0.23767	0.619186	0.0458028	0.0115528
9381	0.000239282	0.0855515	0.237677	0.619205	0.0458042	0.0115231
9382	0.000239234	0.0855342	0.237629	0.61908	0.045795	0.0117231
9383	0.000239255	0.085542	0.237651	0.619136	0.0457991	0.0116329
9384	0.000239288	0.0855538	0.237683	0.619221	0.0458054	0.011497
9385	0.000239274	0.0855486	0.237669	0.619184	0.0458027	0.0115565
9386	0.000239246	0.0855388	0.237642	0.619113	0.0457974	0.0116701
9387	0.000239282	0.0855517	0.237677	0.619206	0.0458043	0.0115214
9388	0.000239255	0.085542	0.237651	0.619136	0.0457991	0.0116329
9389	0.000239277	0.0855498	0.237672	0.619192	0.0458033	0.0115432
9390	0.000239282	0.0855517	0.237677	0.619206	0.0458043	0.0115214
9391	0.000239284	0.0855523	0.237679	0.61921	0.0458046	0.0115142
9392	0.000239284	0.0855522	0.237679	0.61921	0.0458046	0.0115155
9393	0.000239286	0.0855529	0.237681	0.619215	0.045805	0.0115065
9394	0.000239282	0.0855517	0.237677	0.619206	0.0458043	0.0115214
9395	0.000239277	0.0855498	0.237672	0.619192	0.0458033	0.0115432
9396	0.000239277	0.0855498	0.237672	0.619192	0.0458033	0.0115432
9397	0.000239292	0.085555	0.237687	0.61923	0.0458061	0.0114831
9398	0.000239284	0.0855524	0.237679	0.619211	0.0458047	0.011513
9399	0.000239281	0.0855512	0.237676	0.619203	0.0458041	0.0115267
9400	0.000239275	0.0855489	0.23767	0.619186	0.0458028	0.0115528
9401	0.000239287	0.0855533	0.237682	0.619218	0.0458052	0.0115023
9402	4.11158e-07	0.000147003	0.0004084	0.00106398	7.87053e-05	0.998302
9403	0.000239262	0.0855444	0.237657	0.619153	0.0458004	0.0116057
9404	0.000239288	0.0855536	0.237683	0.61922	0.0458053	0.0114994
9405	0.000239284	0.0855524	0.237679	0.619211	0.0458047	0.011513
9406	0.000239258	0.0855429	0.237653	0.619142	0.0457996	0.0116229
9407	0.00023927	0.0855471	0.237665	0.619173	0.0458019	0.0115741
9408	0.000239282	0.0855514	0.237677	0.619204	0.0458041	0.0115249
9409	0.000239288	0.0855537	0.237683	0.61922	0.0458054	0.0114982
9410	0.000239284	0.0855522	0.237679	0.61921	0.0458046	0.0115155
9411	0.00023926	0.0855437	0.237655	0.619148	0.0458	0.0116139
9412	0.000239274	0.0855486	0.237669	0.619184	0.0458027	0.0115565
9413	0.000239276	0.0855492	0.237671	0.619188	0.045803	0.0115494
9414	0.000239278	0.08555	0.237673	0.619194	0.0458034	0.0115404
9415	0.000239277	0.0855498	0.237672	0.619192	0.0458033	0.0115432
9416	0.000239287	0.0855534	0.237682	0.619219	0.0458053	0.0115008
9417	0.000239291	0.0855547	0.237686	0.619228	0.0458059	0.0114865
9418	0.000239288	0.0855538	0.237683	0.619221	0.0458054	0.011497
9419	0.00023928	0.0855507	0.237675	0.619199	0.0458038	0.011533
9420	0.000239282	0.0855517	0.237677	0.619206	0.0458043	0.0115214
9421	0.000239267	0.0855461	0.237662	0.619166	0.0458013	0.0115851
9422	0.000239272	0.0855479	0.237667	0.619179	0.0458023	0.0115646
9423	0.000239285	0.0855525	0.23768	0.619212	0.0458047	0.0115118
9424	0.00023929	0.0855544	0.237685	0.619226	0.0458058	0.0114898
9425	0.000239288	0.0855535	0.237683	0.619219	0.0458053	0.0115001
9426	0.000239276	0.0855492	0.237671	0.619188	0.045803	0.0115494
9427	0.000239267	0.0855461	0.237662	0.619166	0.0458013	0.0115851
9428	0.000239276	0.0855492	0.237671	0.619188	0.045803	0.0115494
9429	0.000239285	0.0855527	0.23768	0.619213	0.0458049	0.0115095
9430	0.00023927	0.0855471	0.237665	0.619173	0.0458019	0.0115741
9431	0.000239277	0.0855498	0.237672	0.619192	0.0458033	0.0115432
9432	0.000239276	0.0855492	0.237671	0.619188	0.045803	0.0115494
9433	4.91406e-05	0.0175695	0.048811	0.127164	0.00940668	0.796999
9434	0.000239284	0.0855523	0.237679	0.61921	0.0458046	0.0115142
9435	3.56778e-05	0.012756	0.0354385	0.0923256	0.00682957	0.852615
9436	0.000239258	0.0855429	0.237653	0.619142	0.0457996	0.0116229
9437	0.000239283	0.0855519	0.237678	0.619208	0.0458044	0.0115183
9438	0.000239284	0.0855522	0.237679	0.61921	0.0458046	0.0115155
9439	0.000239285	0.0855528	0.237681	0.619214	0.0458049	0.0115085
9440	0.000239228	0.0855322	0.237623	0.619065	0.0457939	0.011746
9441	0.000239285	0.0855526	0.23768	0.619213	0.0458048	0.0115106
9442	0.00023927	0.0855471	0.237665	0.619173	0.0458019	0.0115741
9443	0.000239278	0.0855502	0.237674	0.619196	0.0458035	0.0115378
9444	0.000239278	0.0855502	0.237674	0.619196	0.0458035	0.0115378
9445	0.000239234	0.0855342	0.237629	0.61908	0.045795	0.0117231
9446	0.000239255	0.085542	0.237651	0.619136	0.0457991	0.0116329
9447	0.000239267	0.0855461	0.237662	0.619166	0.0458013	0.0115851
9448	0.000239276	0.0855492	0.237671	0.619188	0.045803	0.0115494
9449	0.000239282	0.0855517	0.237677	0.619206	0.0458043	0.0115214
9450	0.000239274	0.0855486	0.237669	0.619184	0.0458027	0.0115565
9451	0.000239285	0.0855527	0.23768	0.619213	0.0458049	0.0115095
9452	0.000239272	0.0855479	0.237667	0.619179	0.0458023	0.0115646
9453	0.000239284	0.0855522	0.237679	0.61921	0.0458046	0.0115155
9454	0.00023928	0.0855507	0.237675	0.619199	0.0458038	0.011533
9455	0.000239284	0.0855524	0.237679	0.619211	0.0458047	0.011513
9456	0.000239278	0.08555	0.237673	0.619194	0.0458034	0.0115404
9457	0.00023926	0.0855437	0.237655	0.619148	0.0458	0.0116139
9458	0.00023929	0.0855545	0.237685	0.619227	0.0458058	0.0114882
9459	0.000239274	0.0855486	0.237669	0.619184	0.0458027	0.0115565
9460	0.000239286	0.0855529	0.237681	0.619215	0.0458049	0.0115075
9461	0.000239285	0.0855527	0.23768	0.619213	0.0458049	0.0115095
9462	0.000239282	0.0855517	0.237677	0.619206	0.0458043	0.0115214
9463	0.000239287	0.0855533	0.237682	0.619218	0.0458052	0.0115023
9464	0.00023928	0.0855507	0.237675	0.619199	0.0458038	0.011533
9465	0.000239276	0.0855492	0.237671	0.619188	0.045803	0.0115494
9466	8.44895e-05	0.0302079	0.0839228	0.218639	0.0161733	0.650973
9467	0.000239277	0.0855498	0.237672	0.619192	0.0458033	0.0115432
9468	0.000239267	0.0855461	0.237662	0.619166	0.0458013	0.0115851
9469	0.000239276	0.0855495	0.237671	0.61919	0.0458032	0.0115462
9470	0.000239277	0.0855498	0.237672	0.619192	0.0458033	0.0115432
9471	0.000239271	0.0855475	0.237666	0.619176	0.0458021	0.0115692
9472	0.00023926	0.0855437	0.237655	0.619148	0.0458	0.0116139
9473	0.00023927	0.0855471	0.237665	0.619173	0.0458019	0.0115741
9474	0.000239281	0.085551	0.237676	0.619201	0.045804	0.0115287
9475	0.000144029	0.0514952	0.143063	0.372712	0.0275705	0.405016
9476	0.000239283	0.085552	0.237679	0.619209	0.0458045	0.0115169
9477	0.000239289	0.0855539	0.237684	0.619222	0.0458055	0.0114959
9478	0.00023926	0.0855437	0.237655	0.619148	0.0458	0.0116139
9479	0.000239284	0.0855524	0.237679	0.619211	0.0458047	0.011513
9480	0.000239286	0.0855529	0.237681	0.619215	0.045805	0.0115065
9481	0.000239255	0.085542	0.237651	0.619136	0.0457991	0.0116329
9482	0.000239282	0.0855514	0.237677	0.619204	0.0458041	0.0115249
9483	0.000239278	0.0855502	0.237674	0.619196	0.0458035	0.0115378
9484	0.000239283	0.085552	0.237679	0.619209	0.0458045	0.0115169
9485	0.000239265	0.0855456	0.237661	0.619162	0.0458011	0.0115914
9486	0.000239282	0.0855515	0.237677	0.619205	0.0458042	0.0115231
9487	0.000239283	0.0855519	0.237678	0.619208	0.0458044	0.0115183
9488	0.00023544	0.0841777	0.23386	0.609262	0.0450687	0.027396
9489	0.000239287	0.0855534	0.237682	0.619218	0.0458052	0.0115015
9490	0.000239284	0.0855524	0.237679	0.619211	0.0458047	0.011513
9491	0.000239286	0.0855529	0.237681	0.619215	0.045805	0.0115065
9492	0.000239281	0.0855512	0.237676	0.619203	0.0458041	0.0115267
9493	0.000239262	0.0855444	0.237657	0.619153	0.0458004	0.0116057
9494	0.000239273	0.0855483	0.237668	0.619181	0.0458025	0.0115604
9495	0.00023927	0.0855471	0.237665	0.619173	0.0458019	0.0115741
9496	0.000239255	0.085542	0.237651	0.619136	0.0457991	0.0116329
9497	0.00023925	0.08554	0.237645	0.619121	0.045798	0.0116563
9498	0.000239127	0.085496	0.237523	0.618803	0.0457745	0.0121645
9499	0.000239288	0.0855536	0.237683	0.61922	0.0458053	0.0114988
9500	0.000239278	0.0855502	0.237674	0.619196	0.0458035	0.0115378
9501	0.000239273	0.0855483	0.237668	0.619181	0.0458025	0.0115604
9502	0.000239271	0.0855475	0.237666	0.619176	0.0458021	0.0115692
9503	0.000239285	0.0855525	0.23768	0.619212	0.0458047	0.0115118
9504	0.000239289	0.0855541	0.237684	0.619224	0.0458056	0.011493
9505	0.000239288	0.0855536	0.237683	0.61922	0.0458053	0.0114988
9506	0.000239222	0.0855299	0.237617	0.619049	0.0457927	0.0117723
9507	0.000239284	0.0855523	0.237679	0.61921	0.0458046	0.0115142
9508	0.000239288	0.0855538	0.237683	0.619221	0.0458054	0.011497
9509	0.000239276	0.0855495	0.237671	0.61919	0.0458032	0.0115462
9510	0.00023928	0.0855508	0.237675	0.6192	0.0458039	0.0115308
9511	0.000239282	0.0855517	0.237677	0.619206	0.0458043	0.0115214
9512	0.00023928	0.0855508	0.237675	0.6192	0.0458039	0.0115308
9513	0.000239273	0.0855483	0.237668	0.619181	0.0458025	0.0115604
9514	0.000239284	0.0855524	0.237679	0.619211	0.0458047	0.011513
9515	0.000239285	0.0855527	0.23768	0.619213	0.0458049	0.0115095
9516	0.000239292	0.0855551	0.237687	0.619231	0.0458062	0.0114813
9517	0.000239278	0.08555	0.237673	0.619194	0.0458034	0.0115404
9518	0.000214687	0.0767581	0.213247	0.55556	0.0410962	0.113124
9519	0.000239234	0.0855342	0.237629	0.61908	0.045795	0.0117231
9520	0.000239289	0.0855539	0.237684	0.619222	0.0458055	0.0114954
9521	0.000239262	0.0855444	0.237657	0.619153	0.0458004	0.0116057
9522	0.00023928	0.0855508	0.237675	0.6192	0.0458039	0.0115308
9523	0.000239271	0.0855475	0.237666	0.619176	0.0458021	0.0115692
9524	0.000239274	0.0855486	0.237669	0.619184	0.0458027	0.0115565
9525	0.000239285	0.0855525	0.23768	0.619212	0.0458047	0.0115118
9526	0.000239279	0.0855505	0.237674	0.619197	0.0458037	0.0115353
9527	0.000239285	0.0855527	0.23768	0.619213	0.0458049	0.0115095
9528	0.000239234	0.0855342	0.237629	0.61908	0.045795	0.0117231
9529	0.00023929	0.0855544	0.237685	0.619226	0.0458058	0.0114895
9530	0.00023926	0.0855437	0.237655	0.619148	0.0458	0.0116139
9531	0.000239281	0.0855512	0.237676	0.619203	0.0458041	0.0115267
9532	0.000239273	0.0855483	0.237668	0.619181	0.0458025	0.0115604
9533	0.000239287	0.0855534	0.237682	0.619218	0.0458052	0.0115015
9534	0.00023926	0.0855437	0.237655	0.619148	0.0458	0.0116139
9535	0.000239206	0.0855242	0.237601	0.619007	0.0457896	0.0118387
9536	0.000239274	0.0855486	0.237669	0.619184	0.0458027	0.0115565
9537	0.000239285	0.0855525	0.23768	0.619212	0.0458047	0.0115118
9538	0.000239243	0.0855374	0.237638	0.619103	0.0457967	0.0116856
9539	0.000239253	0.085541	0.237648	0.619129	0.0457986	0.011644
9540	0.000239283	0.0855518	0.237678	0.619207	0.0458044	0.0115198
9541	0.00023928	0.0855508	0.237675	0.6192	0.0458039	0.0115308
9542	0.000239273	0.0855483	0.237668	0.619181	0.0458025	0.0115604
9543	0.000239281	0.0855512	0.237676	0.619203	0.0458041	0.0115267
9544	0.000239283	0.085552	0.237679	0.619209	0.0458045	0.0115169
9545	0.00023926	0.0855437	0.237655	0.619148	0.0458	0.0116139
9546	0.000239277	0.0855498	0.237672	0.619192	0.0458033	0.0115432
9547	0.00023925	0.08554	0.237645	0.619121	0.045798	0.0116563
9548	0.000239278	0.0855502	0.237674	0.619196	0.0458035	0.0115378
9549	0.000239283	0.085552	0.237679	0.619209	0.0458045	0.0115169
9550	0.000239278	0.0855502	0.237674	0.619196	0.0458035	0.0115378
9551	0.000239289	0.085554	0.237684	0.619223	0.0458055	0.0114948
9552	0.000239279	0.0855505	0.237674	0.619197	0.0458037	0.0115353
9553	0.000239262	0.0855444	0.237657	0.619153	0.0458004	0.0116057
9554	0.000239274	0.0855486	0.237669	0.619184	0.0458027	0.0115565
9555	0.000239281	0.0855512	0.237676	0.619203	0.0458041	0.0115267
9556	0.000239284	0.0855523	0.237679	0.61921	0.0458046	0.0115142
9557	0.000239285	0.0855527	0.23768	0.619213	0.0458049	0.0115095
9558	0.000239288	0.0855537	0.237683	0.61922	0.0458054	0.0114982
9559	0.000239282	0.0855517	0.237677	0.619206	0.0458043	0.0115214
9560	0.000239284	0.0855523	0.237679	0.61921	0.0458046	0.0115142
9561	8.04767e-07	0.000287732	0.00079937	0.00208255	0.000154051	0.996675
9562	0.000239264	0.085545	0.237659	0.619158	0.0458007	0.0115982
9563	0.000239253	0.085541	0.237648	0.619129	0.0457986	0.011644
9564	0.000239265	0.0855456	0.237661	0.619162	0.0458011	0.0115914
9565	0.00023926	0.0855437	0.237655	0.619148	0.0458	0.0116139
9566	0.000239289	0.0855541	0.237684	0.619223	0.0458056	0.0114934
9567	0.000239281	0.085551	0.237676	0.619201	0.045804	0.0115287
9568	0.000239285	0.0855525	0.23768	0.619212	0.0458047	0.0115118
9569	0.000239285	0.0855528	0.237681	0.619214	0.0458049	0.0115085
9570	1.7151e-05	0.00613208	0.017036	0.0443828	0.00328311	0.929149
9571	0.000239281	0.0855512	0.237676	0.619203	0.0458041	0.0115267
9572	0.000239276	0.0855495	0.237671	0.61919	0.0458032	0.0115462
9573	0.000239285	0.0855526	0.23768	0.619213	0.0458048	0.0115106
9574	0.000239285	0.0855528	0.237681	0.619214	0.0458049	0.0115085
9575	0.00023927	0.0855471	0.237665	0.619173	0.0458019	0.0115741
9576	0.000239287	0.0855533	0.237682	0.619218	0.0458052	0.0115023
9577	0.000239273	0.0855483	0.237668	0.619181	0.0458025	0.0115604
9578	0.000239286	0.085553	0.237681	0.619216	0.045805	0.0115056
9579	0.000239276	0.0855492	0.237671	0.619188	0.045803	0.0115494
9580	0.000239285	0.0855527	0.23768	0.619213	0.0458049	0.0115095
9581	0.000239276	0.0855492	0.237671	0.619188	0.045803	0.0115494
9582	0.000233928	0.0836374	0.232359	0.605351	0.0447794	0.033639
9583	0.000239228	0.0855322	0.237623	0.619065	0.0457939	0.011746
9584	0.000239272	0.0855479	0.237667	0.619179	0.0458023	0.0115646
9585	0.000239282	0.0855515	0.237677	0.619205	0.0458042	0.0115231
9586	0.000239255	0.085542	0.237651	0.619136	0.0457991	0.0116329
9587	0.000239274	0.0855486	0.237669	0.619184	0.0458027	0.0115565
9588	0.000239287	0.0855532	0.237682	0.619217	0.0458051	0.0115039
9589	0.000239277	0.0855498	0.237672	0.619192	0.0458033	0.0115432
9590	0.000239291	0.0855546	0.237686	0.619227	0.0458059	0.0114871
9591	0.000239281	0.0855512	0.237676	0.619203	0.0458041	0.0115267
9592	0.000239289	0.0855539	0.237684	0.619222	0.0458055	0.0114954
9593	0.000239289	0.085554	0.237684	0.619223	0.0458056	0.0114944
9594	0.000239284	0.0855524	0.237679	0.619211	0.0458047	0.011513
9595	0.00023929	0.0855543	0.237685	0.619225	0.0458057	0.0114909
9596	7.34855e-06	0.00262736	0.00729926	0.0190163	0.00140669	0.969643
9597	0.000239272	0.0855479	0.237667	0.619179	0.0458023	0.0115646
9598	0.000239243	0.0855374	0.237638	0.619103	0.0457967	0.0116856
9599	0.000239253	0.085541	0.237648	0.619129	0.0457986	0.011644
9600	0.000239284	0.0855522	0.237679	0.61921	0.0458046	0.0115155
9601	0.000239287	0.0855534	0.237682	0.619218	0.0458052	0.0115015
9602	0.00023926	0.0855437	0.237655	0.619148	0.0458	0.0116139
9603	0.000239281	0.0855512	0.237676	0.619203	0.0458041	0.0115267
9604	0.000239287	0.0855534	0.237682	0.619218	0.0458052	0.0115015
9605	0.000239282	0.0855514	0.237677	0.619204	0.0458041	0.0115249
9606	0.000239168	0.0855108	0.237564	0.61891	0.0457824	0.0119936
9607	0.00023926	0.0855437	0.237655	0.619148	0.0458	0.0116139
9608	0.000239281	0.085551	0.237676	0.619201	0.045804	0.0115287
9609	0.000239278	0.0855502	0.237674	0.619196	0.0458035	0.0115378
9610	0.000233928	0.0836374	0.232359	0.605351	0.0447794	0.033639
9611	0.000239276	0.0855495	0.237671	0.61919	0.0458032	0.0115462
9612	0.000239275	0.0855489	0.23767	0.619186	0.0458028	0.0115528
9613	0.000239279	0.0855505	0.237674	0.619197	0.0458037	0.0115353
9614	0.000239274	0.0855486	0.237669	0.619184	0.0458027	0.0115565
9615	0.000239273	0.0855483	0.237668	0.619181	0.0458025	0.0115604
9616	0.00023926	0.0855437	0.237655	0.619148	0.0458	0.0116139
9617	0.000239278	0.08555	0.237673	0.619194	0.0458034	0.0115404
9618	0.000239275	0.0855489	0.23767	0.619186	0.0458028	0.0115528
9619	0.000239281	0.0855512	0.237676	0.619203	0.0458041	0.0115267
9620	0.00023925	0.08554	0.237645	0.619121	0.045798	0.0116563
9621	0.000239271	0.0855475	0.237666	0.619176	0.0458021	0.0115692
9622	0.00023928	0.0855507	0.237675	0.619199	0.0458038	0.011533
9623	0.000239276	0.0855492	0.237671	0.619188	0.045803	0.0115494
9624	0.000239262	0.0855444	0.237657	0.619153	0.0458004	0.0116057
9625	0.000239264	0.085545	0.237659	0.619158	0.0458007	0.0115982
9626	0.000239285	0.0855526	0.23768	0.619213	0.0458048	0.0115106
9627	0.000239289	0.0855539	0.237684	0.619222	0.0458055	0.0114954
9628	0.000239292	0.0855551	0.237687	0.61923	0.0458061	0.0114821
9629	0.000239283	0.0855519	0.237678	0.619208	0.0458044	0.0115183
9630	0.000239264	0.085545	0.237659	0.619158	0.0458007	0.0115982
9631	0.000239262	0.0855444	0.237657	0.619153	0.0458004	0.0116057
9632	0.000239279	0.0855505	0.237674	0.619197	0.0458037	0.0115353
9633	0.000239234	0.0855342	0.237629	0.61908	0.045795	0.0117231
9634	0.000239228	0.0855322	0.237623	0.619065	0.0457939	0.011746
9635	0.000239264	0.085545	0.237659	0.619158	0.0458007	0.0115982
9636	0.000239286	0.0855529	0.237681	0.619215	0.045805	0.0115065
9637	0.000239281	0.085551	0.237676	0.619201	0.045804	0.0115287
9638	0.000239282	0.0855517	0.237677	0.619206	0.0458043	0.0115214
9639	0.000239273	0.0855483	0.237668	0.619181	0.0458025	0.0115604
9640	0.000239275	0.0855489	0.23767	0.619186	0.0458028	0.0115528
9641	0.000239271	0.0855475	0.237666	0.619176	0.0458021	0.0115692
9642	0.000239282	0.0855514	0.237677	0.619204	0.0458041	0.0115249
9643	0.000239276	0.0855492	0.237671	0.619188	0.045803	0.0115494
9644	0.000239286	0.0855529	0.237681	0.619215	0.045805	0.0115065
9645	0.000239272	0.0855479	0.237667	0.619179	0.0458023	0.0115646
9646	0.000239288	0.0855538	0.237683	0.619222	0.0458055	0.0114964
9647	0.000239277	0.0855498	0.237672	0.619192	0.0458033	0.0115432
9648	0.000239255	0.085542	0.237651	0.619136	0.0457991	0.0116329
9649	0.000239258	0.0855429	0.237653	0.619142	0.0457996	0.0116229
9650	0.000239234	0.0855342	0.237629	0.61908	0.045795	0.0117231
9651	0.000239281	0.085551	0.237676	0.619201	0.045804	0.0115287
9652	0.000239253	0.085541	0.237648	0.619129	0.0457986	0.011644
9653	0.000239265	0.0855456	0.237661	0.619162	0.0458011	0.0115914
9654	0.000239285	0.0855527	0.23768	0.619213	0.0458049	0.0115095
9655	0.00023925	0.08554	0.237645	0.619121	0.045798	0.0116563
9656	0.000239281	0.085551	0.237676	0.619201	0.045804	0.0115287
9657	0.000239281	0.0855512	0.237676	0.619203	0.0458041	0.0115267
9658	0.000239265	0.0855456	0.237661	0.619162	0.0458011	0.0115914
9659	0.00023925	0.08554	0.237645	0.619121	0.045798	0.0116563
9660	0.000239264	0.085545	0.237659	0.619158	0.0458007	0.0115982
9661	0.000239287	0.0855533	0.237682	0.619218	0.0458052	0.0115023
9662	0.000239276	0.0855492	0.237671	0.619188	0.045803	0.0115494
9663	0.00023928	0.0855508	0.237675	0.6192	0.0458039	0.0115308
9664	0.000239262	0.0855444	0.237657	0.619153	0.0458004	0.0116057
9665	0.000239267	0.0855461	0.237662	0.619166	0.0458013	0.0115851
9666	0.000109543	0.0391655	0.108809	0.283472	0.0209692	0.547475
9667	0.000239271	0.0855475	0.237666	0.619176	0.0458021	0.0115692
9668	0.000239281	0.085551	0.237676	0.619201	0.045804	0.0115287
9669	0.000239289	0.0855539	0.237684	0.619222	0.0458055	0.0114954
9670	0.000239277	0.0855498	0.237672	0.619192	0.0458033	0.0115432
9671	0.00023927	0.0855471	0.237665	0.619173	0.0458019	0.0115741
9672	0.000239277	0.0855498	0.237672	0.619192	0.0458033	0.0115432
9673	0.00023928	0.0855508	0.237675	0.6192	0.0458039	0.0115308
9674	0.000239281	0.085551	0.237676	0.619201	0.045804	0.0115287
9675	0.00023929	0.0855543	0.237685	0.619225	0.0458057	0.0114906
9676	0.000239284	0.0855522	0.237679	0.61921	0.0458046	0.0115155
9677	0.000239287	0.0855532	0.237682	0.619217	0.0458051	0.0115039
9678	0.000239222	0.0855299	0.237617	0.619049	0.0457927	0.0117723
9679	0.00023928	0.0855508	0.237675	0.6192	0.0458039	0.0115308
9680	0.000239285	0.0855526	0.23768	0.619213	0.0458048	0.0115106
9681	0.000239283	0.0855518	0.237678	0.619207	0.0458044	0.0115198
9682	0.00023928	0.0855508	0.237675	0.6192	0.0458039	0.0115308
9683	1.05618e-06	0.000377622	0.0010491	0.00273316	0.000202179	0.995637
9684	0.000239262	0.0855444	0.237657	0.619153	0.0458004	0.0116057
9685	0.000239195	0.0855205	0.237591	0.618981	0.0457876	0.0118812
9686	0.00023929	0.0855543	0.237685	0.619225	0.0458057	0.0114909
9687	0.000239282	0.0855515	0.237677	0.619205	0.0458042	0.0115231
9688	0.000239284	0.0855522	0.237679	0.61921	0.0458046	0.0115155
9689	0.000239286	0.085553	0.237681	0.619216	0.045805	0.0115056
9690	0.000239288	0.0855536	0.237683	0.61922	0.0458053	0.0114988
9691	0.000239273	0.0855483	0.237668	0.619181	0.0458025	0.0115604
9692	0.000239265	0.0855456	0.237661	0.619162	0.0458011	0.0115914
9693	0.00023928	0.0855507	0.237675	0.619199	0.0458038	0.011533
9694	0.000239273	0.0855483	0.237668	0.619181	0.0458025	0.0115604
9695	0.000239282	0.0855514	0.237677	0.619204	0.0458041	0.0115249
9696	0.000239265	0.0855456	0.237661	0.619162	0.0458011	0.0115914
9697	0.00023925	0.08554	0.237645	0.619121	0.045798	0.0116563
9698	0.000239255	0.085542	0.237651	0.619136	0.0457991	0.0116329
9699	0.000239284	0.0855524	0.237679	0.619211	0.0458047	0.011513
9700	0.000239274	0.0855486	0.237669	0.619184	0.0458027	0.0115565
9701	0.000239267	0.0855461	0.237662	0.619166	0.0458013	0.0115851
9702	0.000239284	0.0855522	0.237679	0.61921	0.0458046	0.0115155
9703	0.000239265	0.0855456	0.237661	0.619162	0.0458011	0.0115914
9704	0.000239291	0.0855548	0.237686	0.619228	0.045806	0.0114853
9705	0.000233928	0.0836374	0.232359	0.605351	0.0447794	0.033639
9706	0.000239288	0.0855535	0.237683	0.619219	0.0458053	0.0115001
9707	0.000239285	0.0855525	0.23768	0.619212	0.0458047	0.0115118
9708	0.000239276	0.0855495	0.237671	0.61919	0.0458032	0.0115462
9709	0.000239285	0.0855525	0.23768	0.619212	0.0458047	0.0115118
9710	0.000239287	0.0855532	0.237682	0.619217	0.0458051	0.0115031
9711	0.00023929	0.0855542	0.237685	0.619225	0.0458057	0.0114917
9712	0.000239275	0.0855489	0.23767	0.619186	0.0458028	0.0115528
9713	0.000239278	0.0855502	0.237674	0.619196	0.0458035	0.0115378
9714	0.000239271	0.0855475	0.237666	0.619176	0.0458021	0.0115692
9715	0.000239284	0.0855523	0.237679	0.61921	0.0458046	0.0115142
9716	0.000239276	0.0855492	0.237671	0.619188	0.045803	0.0115494
9717	0.000239262	0.0855444	0.237657	0.619153	0.0458004	0.0116057
9718	0.000239283	0.0855518	0.237678	0.619207	0.0458044	0.0115198
9719	0.00023928	0.0855507	0.237675	0.619199	0.0458038	0.011533
9720	0.000239272	0.0855479	0.237667	0.619179	0.0458023	0.0115646
9721	0.000239276	0.0855492	0.237671	0.619188	0.045803	0.0115494
9722	0.000239268	0.0855466	0.237664	0.61917	0.0458016	0.0115794
9723	0.000239281	0.085551	0.237676	0.619201	0.045804	0.0115287
9724	0.000239234	0.0855342	0.237629	0.61908	0.045795	0.0117231
9725	0.000239284	0.0855524	0.237679	0.619211	0.0458047	0.011513
9726	0.000239288	0.0855537	0.237683	0.61922	0.0458054	0.0114982
9727	0.00023928	0.0855508	0.237675	0.6192	0.0458039	0.0115308
9728	0.000163617	0.0584986	0.162519	0.423401	0.0313201	0.324097
9729	0.000239282	0.0855515	0.237677	0.619205	0.0458042	0.0115231
9730	0.000239281	0.0855512	0.237676	0.619203	0.0458041	0.0115267
9731	2.9485e-06	0.00105419	0.00292872	0.00763001	0.000564412	0.98782
9732	0.000239278	0.0855502	0.237674	0.619196	0.0458035	0.0115378
9733	0.000239264	0.085545	0.237659	0.619158	0.0458007	0.0115982
9734	0.000239271	0.0855475	0.237666	0.619176	0.0458021	0.0115692
9735	0.000239289	0.085554	0.237684	0.619223	0.0458056	0.0114944
9736	0.00023927	0.0855471	0.237665	0.619173	0.0458019	0.0115741
9737	0.000239285	0.0855526	0.23768	0.619213	0.0458048	0.0115106
9738	0.000239288	0.0855536	0.237683	0.61922	0.0458053	0.0114988
9739	0.000239288	0.0855536	0.237683	0.61922	0.0458053	0.0114988
9740	0.000239291	0.0855549	0.237686	0.619229	0.045806	0.0114839
9741	0.000239282	0.0855514	0.237677	0.619204	0.0458041	0.0115249
9742	0.000239276	0.0855495	0.237671	0.61919	0.0458032	0.0115462
9743	0.000239284	0.0855524	0.237679	0.619211	0.0458047	0.011513
9744	0.000239278	0.0855502	0.237674	0.619196	0.0458035	0.0115378
9745	0.000239283	0.085552	0.237679	0.619209	0.0458045	0.0115169
9746	0.000239278	0.0855502	0.237674	0.619196	0.0458035	0.0115378
9747	0.000239222	0.0855299	0.237617	0.619049	0.0457927	0.0117723
9748	0.000239258	0.0855429	0.237653	0.619142	0.0457996	0.0116229
9749	0.000239276	0.0855492	0.237671	0.619188	0.045803	0.0115494
9750	0.000239278	0.08555	0.237673	0.619194	0.0458034	0.0115404
9751	0.000239288	0.0855535	0.237683	0.619219	0.0458053	0.0115001
9752	0.00023928	0.0855507	0.237675	0.619199	0.0458038	0.011533
9753	0.000239255	0.085542	0.237651	0.619136	0.0457991	0.0116329
9754	0.00023928	0.0855507	0.237675	0.619199	0.0458038	0.011533
9755	0.000239273	0.0855483	0.237668	0.619181	0.0458025	0.0115604
9756	0.000239271	0.0855475	0.237666	0.619176	0.0458021	0.0115692
9757	0.000239268	0.0855466	0.237664	0.61917	0.0458016	0.0115794
9758	0.000239278	0.08555	0.237673	0.619194	0.0458034	0.0115404
9759	0.000239258	0.0855429	0.237653	0.619142	0.0457996	0.0116229
9760	0.000239228	0.0855322	0.237623	0.619065	0.0457939	0.011746
9761	0.000239278	0.08555	0.237673	0.619194	0.0458034	0.0115404
9762	1.31504e-05	0.00470171	0.0130622	0.0340301	0.00251729	0.945676
9763	0.000239272	0.0855479	0.237667	0.619179	0.0458023	0.0115646
9764	0.000239287	0.0855532	0.237682	0.619217	0.0458051	0.0115031
9765	0.000239283	0.0855518	0.237678	0.619207	0.0458044	0.0115198
9766	4.645e-05	0.0166075	0.0461385	0.120202	0.00889163	0.808114
9767	0.000239272	0.0855479	0.237667	0.619179	0.0458023	0.0115646
9768	0.000239276	0.0855492	0.237671	0.619188	0.045803	0.0115494
9769	0.000239285	0.0855525	0.23768	0.619212	0.0458047	0.0115118
9770	0.000239276	0.0855492	0.237671	0.619188	0.045803	0.0115494
9771	0.00023928	0.0855508	0.237675	0.6192	0.0458039	0.0115308
9772	0.00023926	0.0855437	0.237655	0.619148	0.0458	0.0116139
9773	0.000239281	0.0855512	0.237676	0.619203	0.0458041	0.0115267
9774	0.000239272	0.0855479	0.237667	0.619179	0.0458023	0.0115646
9775	0.00023928	0.0855508	0.237675	0.6192	0.0458039	0.0115308
9776	0.000239278	0.08555	0.237673	0.619194	0.0458034	0.0115404
9777	0.000239258	0.0855429	0.237653	0.619142	0.0457996	0.0116229
9778	0.000239273	0.0855483	0.237668	0.619181	0.0458025	0.0115604
9779	0.000239273	0.0855483	0.237668	0.619181	0.0458025	0.0115604
9780	0.000239255	0.085542	0.237651	0.619136	0.0457991	0.0116329
9781	0.000239234	0.0855342	0.237629	0.61908	0.045795	0.0117231
9782	0.000239255	0.085542	0.237651	0.619136	0.0457991	0.0116329
9783	0.000239282	0.0855517	0.237677	0.619206	0.0458043	0.0115214
9784	0.000239283	0.085552	0.237679	0.619209	0.0458045	0.0115169
9785	0.000239272	0.0855479	0.237667	0.619179	0.0458023	0.0115646
9786	0.000239283	0.0855519	0.237678	0.619208	0.0458044	0.0115183
9787	0.00023928	0.0855507	0.237675	0.619199	0.0458038	0.011533
9788	0.000239264	0.085545	0.237659	0.619158	0.0458007	0.0115982
9789	0.000239274	0.0855486	0.237669	0.619184	0.0458027	0.0115565
9790	0.000239278	0.0855502	0.237674	0.619196	0.0458035	0.0115378
9791	0.000239287	0.0855532	0.237682	0.619217	0.0458051	0.0115039
9792	0.000239276	0.0855492	0.237671	0.619188	0.045803	0.0115494
9793	0.00023929	0.0855542	0.237685	0.619225	0.0458057	0.0114917
9794	0.000239281	0.0855512	0.237676	0.619203	0.0458041	0.0115267
9795	0.000239206	0.0855242	0.237601	0.619007	0.0457896	0.0118387
9796	0.000239282	0.0855515	0.237677	0.619205	0.0458042	0.0115231
9797	0.000239271	0.0855475	0.237666	0.619176	0.0458021	0.0115692
9798	0.000239283	0.0855518	0.237678	0.619207	0.0458044	0.0115198
9799	0.000239264	0.085545	0.237659	0.619158	0.0458007	0.0115982
9800	0.000239286	0.0855529	0.237681	0.619215	0.045805	0.0115065
9801	0.000239287	0.0855532	0.237682	0.619217	0.0458051	0.0115039
9802	0.000239282	0.0855517	0.237677	0.619206	0.0458043	0.0115214
9803	0.000143059	0.0511485	0.1421	0.370203	0.0273849	0.409021
9804	0.000239273	0.0855483	0.237668	0.619181	0.0458025	0.0115604
9805	0.000239285	0.0855525	0.23768	0.619212	0.0458047	0.0115118
9806	0.00023925	0.08554	0.237645	0.619121	0.045798	0.0116563
9807	0.000239271	0.0855475	0.237666	0.619176	0.0458021	0.0115692
9808	0.000239264	0.085545	0.237659	0.619158	0.0458007	0.0115982
9809	0.000239283	0.085552	0.237679	0.619209	0.0458045	0.0115169
9810	0.000239286	0.085553	0.237681	0.619216	0.045805	0.0115056
9811	0.000239258	0.0855429	0.237653	0.619142	0.0457996	0.0116229
9812	0.000239214	0.0855273	0.23761	0.61903	0.0457913	0.0118029
9813	0.000239286	0.0855529	0.237681	0.619215	0.045805	0.0115065
9814	0.000239289	0.085554	0.237684	0.619223	0.0458055	0.0114948
9815	0.000239253	0.085541	0.237648	0.619129	0.0457986	0.011644
9816	0.000239285	0.0855526	0.23768	0.619213	0.0458048	0.0115106
9817	0.000239283	0.0855518	0.237678	0.619207	0.0458044	0.0115198
9818	0.000239276	0.0855492	0.237671	0.619188	0.045803	0.0115494
9819	0.000239278	0.0855502	0.237674	0.619196	0.0458035	0.0115378
9820	0.000239293	0.0855555	0.237688	0.619233	0.0458063	0.0114774
9821	0.000239258	0.0855429	0.237653	0.619142	0.0457996	0.0116229
9822	0.000239265	0.0855456	0.237661	0.619162	0.0458011	0.0115914
9823	0.000239282	0.0855517	0.237677	0.619206	0.0458043	0.0115214
9824	0.000239273	0.0855483	0.237668	0.619181	0.0458025	0.0115604
9825	0.000239289	0.0855539	0.237684	0.619222	0.0458055	0.0114959
9826	0.000239281	0.085551	0.237676	0.619201	0.045804	0.0115287
9827	0.000239288	0.0855538	0.237683	0.619222	0.0458055	0.0114964
9828	0.000239279	0.0855505	0.237674	0.619197	0.0458037	0.0115353
9829	0.000239267	0.0855461	0.237662	0.619166	0.0458013	0.0115851
9830	0.000239287	0.0855532	0.237682	0.619217	0.0458051	0.0115031
9831	0.000239285	0.0855526	0.23768	0.619213	0.0458048	0.0115106
9832	0.000239275	0.0855489	0.23767	0.619186	0.0458028	0.0115528
9833	0.000239282	0.0855517	0.237677	0.619206	0.0458043	0.0115214
9834	0.000239268	0.0855466	0.237664	0.61917	0.0458016	0.0115794
9835	0.00023915	0.0855042	0.237546	0.618863	0.0457789	0.0120695
9836	0.000239283	0.0855519	0.237678	0.619208	0.0458044	0.0115183
9837	0.000239278	0.0855502	0.237674	0.619196	0.0458035	0.0115378
9838	0.000239267	0.0855461	0.237662	0.619166	0.0458013	0.0115851
9839	0.000239271	0.0855475	0.237666	0.619176	0.0458021	0.0115692
9840	0.000239271	0.0855475	0.237666	0.619176	0.0458021	0.0115692
9841	0.00023928	0.0855507	0.237675	0.619199	0.0458038	0.011533
9842	0.00023928	0.0855508	0.237675	0.6192	0.0458039	0.0115308
9843	0.000239258	0.0855429	0.237653	0.619142	0.0457996	0.0116229
9844	0.000239262	0.0855444	0.237657	0.619153	0.0458004	0.0116057
9845	0.000239265	0.0855456	0.237661	0.619162	0.0458011	0.0115914
9846	0.000239195	0.0855205	0.237591	0.618981	0.0457876	0.0118812
9847	0.000239281	0.0855512	0.237676	0.619203	0.0458041	0.0115267
9848	0.000239253	0.085541	0.237648	0.619129	0.0457986	0.011644
9849	0.00023928	0.0855507	0.237675	0.619199	0.0458038	0.011533
9850	0.000239275	0.0855489	0.23767	0.619186	0.0458028	0.0115528
9851	0.000239282	0.0855517	0.237677	0.619206	0.0458043	0.0115214
9852	0.000239283	0.0855518	0.237678	0.619207	0.0458044	0.0115198
9853	0.000239258	0.0855429	0.237653	0.619142	0.0457996	0.0116229
9854	0.000239275	0.0855489	0.23767	0.619186	0.0458028	0.0115528
9855	0.000239272	0.0855479	0.237667	0.619179	0.0458023	0.0115646
9856	0.000239279	0.0855505	0.237674	0.619197	0.0458037	0.0115353
9857	0.000239278	0.08555	0.237673	0.619194	0.0458034	0.0115404
9858	0.000239272	0.0855479	0.237667	0.619179	0.0458023	0.0115646
9859	0.00023928	0.0855508	0.237675	0.6192	0.0458039	0.0115308
9860	0.00023927	0.0855471	0.237665	0.619173	0.0458019	0.0115741
9861	0.000239284	0.0855523	0.237679	0.61921	0.0458046	0.0115142
9862	0.000239286	0.0855529	0.237681	0.619215	0.0458049	0.0115075
9863	0.000239275	0.0855489	0.23767	0.619186	0.0458028	0.0115528
9864	0.00023928	0.0855508	0.237675	0.6192	0.0458039	0.0115308
9865	0.000239265	0.0855456	0.237661	0.619162	0.0458011	0.0115914
9866	0.000191189	0.0683566	0.189907	0.494752	0.0365981	0.210196
9867	0.000239255	0.085542	0.237651	0.619136	0.0457991	0.0116329
9868	0.000239275	0.0855489	0.23767	0.619186	0.0458028	0.0115528
9869	0.000239246	0.0855388	0.237642	0.619113	0.0457974	0.0116701
9870	0.000239278	0.08555	0.237673	0.619194	0.0458034	0.0115404
9871	0.000239285	0.0855527	0.23768	0.619213	0.0458049	0.0115095
9872	0.000239287	0.0855532	0.237682	0.619217	0.0458051	0.0115039
9873	0.000239277	0.0855498	0.237672	0.619192	0.0458033	0.0115432
9874	0.000239265	0.0855456	0.237661	0.619162	0.0458011	0.0115914
9875	0.000239287	0.0855533	0.237682	0.619218	0.0458052	0.0115023
9876	0.000239281	0.085551	0.237676	0.619201	0.045804	0.0115287
9877	0.000239277	0.0855498	0.237672	0.619192	0.0458033	0.0115432
9878	0.000239284	0.0855524	0.237679	0.619211	0.0458047	0.011513
9879	0.000239285	0.0855526	0.23768	0.619213	0.0458048	0.0115106
9880	0.000239289	0.085554	0.237684	0.619223	0.0458056	0.0114939
9881	0.000239286	0.085553	0.237681	0.619216	0.045805	0.0115056
9882	0.000239284	0.0855523	0.237679	0.61921	0.0458046	0.0115142
9883	0.000239288	0.0855537	0.237683	0.619221	0.0458054	0.0114976
9884	0.000239285	0.0855527	0.23768	0.619213	0.0458049	0.0115095
9885	0.000239275	0.0855489	0.23767	0.619186	0.0458028	0.0115528
9886	0.00023928	0.0855508	0.237675	0.6192	0.0458039	0.0115308
9887	0.000239283	0.0855519	0.237678	0.619208	0.0458044	0.0115183
9888	0.000239283	0.085552	0.237679	0.619209	0.0458045	0.0115169
9889	0.000239291	0.0855549	0.237686	0.619229	0.045806	0.0114845
9890	0.000239284	0.0855523	0.237679	0.61921	0.0458046	0.0115142
9891	0.000239243	0.0855374	0.237638	0.619103	0.0457967	0.0116856
9892	0.000239278	0.08555	0.237673	0.619194	0.0458034	0.0115404
9893	0.000239276	0.0855492	0.237671	0.619188	0.045803	0.0115494
9894	0.000239264	0.085545	0.237659	0.619158	0.0458007	0.0115982
9895	0.000239286	0.0855531	0.237681	0.619216	0.0458051	0.0115047
9896	0.000239283	0.0855518	0.237678	0.619207	0.0458044	0.0115198
9897	0.000239277	0.0855498	0.237672	0.619192	0.0458033	0.0115432
9898	0.000239281	0.0855512	0.237676	0.619203	0.0458041	0.0115267
9899	0.000239281	0.0855512	0.237676	0.619203	0.0458041	0.0115267
9900	0.000239286	0.085553	0.237681	0.619216	0.045805	0.0115056
9901	0.00023927	0.0855471	0.237665	0.619173	0.0458019	0.0115741
9902	0.000239283	0.0855519	0.237678	0.619208	0.0458044	0.0115183
9903	0.000239228	0.0855322	0.237623	0.619065	0.0457939	0.011746
9904	0.000239271	0.0855475	0.237666	0.619176	0.0458021	0.0115692
9905	0.00023926	0.0855437	0.237655	0.619148	0.0458	0.0116139
9906	0.00023927	0.0855471	0.237665	0.619173	0.0458019	0.0115741
9907	0.000239283	0.0855519	0.237678	0.619208	0.0458044	0.0115183
9908	0.000239278	0.08555	0.237673	0.619194	0.0458034	0.0115404
9909	0.00023925	0.08554	0.237645	0.619121	0.045798	0.0116563
9910	2.51456e-05	0.00899043	0.024977	0.065071	0.00481347	0.896123
9911	0.000239283	0.0855518	0.237678	0.619207	0.0458044	0.0115198
9912	0.000239282	0.0855515	0.237677	0.619205	0.0458042	0.0115231
9913	0.000233928	0.0836374	0.232359	0.605351	0.0447794	0.033639
9914	0.000239282	0.0855514	0.237677	0.619204	0.0458041	0.0115249
9915	0.000239281	0.0855512	0.237676	0.619203	0.0458041	0.0115267
9916	0.000239273	0.0855483	0.237668	0.619181	0.0458025	0.0115604
9917	0.000239281	0.085551	0.237676	0.619201	0.045804	0.0115287
9918	0.000239274	0.0855486	0.237669	0.619184	0.0458027	0.0115565
9919	0.000239265	0.0855456	0.237661	0.619162	0.0458011	0.0115914
9920	0.000239276	0.0855492	0.237671	0.619188	0.045803	0.0115494
9921	0.000239279	0.0855505	0.237674	0.619197	0.0458037	0.0115353
9922	0.000239267	0.0855461	0.237662	0.619166	0.0458013	0.0115851
9923	0.000239283	0.085552	0.237679	0.619209	0.0458045	0.0115169
9924	0.000239274	0.0855486	0.237669	0.619184	0.0458027	0.0115565
9925	0.000236556	0.0845769	0.234969	0.612151	0.0452824	0.022784
9926	0.000239287	0.0855534	0.237682	0.619219	0.0458053	0.0115008
9927	0.000239282	0.0855515	0.237677	0.619205	0.0458042	0.0115231
9928	0.000239222	0.0855299	0.237617	0.619049	0.0457927	0.0117723
9929	0.000239281	0.0855512	0.237676	0.619203	0.0458041	0.0115267
9930	0.00023928	0.0855508	0.237675	0.6192	0.0458039	0.0115308
9931	0.000239288	0.0855537	0.237683	0.61922	0.0458054	0.0114982
9932	0.00023926	0.0855437	0.237655	0.619148	0.0458	0.0116139
9933	0.000239283	0.085552	0.237679	0.619209	0.0458045	0.0115169
9934	0.000239283	0.085552	0.237679	0.619209	0.0458045	0.0115169
9935	0.000239282	0.0855514	0.237677	0.619204	0.0458041	0.0115249
9936	0.000239278	0.0855502	0.237674	0.619196	0.0458035	0.0115378
9937	0.000239127	0.085496	0.237523	0.618803	0.0457745	0.0121645
9938	0.00023928	0.0855507	0.237675	0.619199	0.0458038	0.011533
9939	0.00023925	0.08554	0.237645	0.619121	0.045798	0.0116563
9940	0.000239282	0.0855515	0.237677	0.619205	0.0458042	0.0115231
9941	0.000239275	0.0855489	0.23767	0.619186	0.0458028	0.0115528
9942	0.000239272	0.0855479	0.237667	0.619179	0.0458023	0.0115646
9943	0.000239243	0.0855374	0.237638	0.619103	0.0457967	0.0116856
9944	0.000239275	0.0855489	0.23767	0.619186	0.0458028	0.0115528
9945	0.000239283	0.0855519	0.237678	0.619208	0.0458044	0.0115183
9946	0.000239281	0.085551	0.237676	0.619201	0.045804	0.0115287
9947	0.000239285	0.0855527	0.23768	0.619213	0.0458049	0.0115095
9948	0.000239281	0.0855512	0.237676	0.619203	0.0458041	0.0115267
9949	0.000239273	0.0855483	0.237668	0.619181	0.0458025	0.0115604
9950	0.000239284	0.0855523	0.237679	0.61921	0.0458046	0.0115142
9951	0.000239278	0.08555	0.237673	0.619194	0.0458034	0.0115404
9952	0.000239288	0.0855538	0.237683	0.619221	0.0458054	0.011497
9953	0.000239272	0.0855479	0.237667	0.619179	0.0458023	0.0115646
9954	0.000239292	0.0855552	0.237687	0.619232	0.0458062	0.0114804
9955	0.000239271	0.0855475	0.237666	0.619176	0.0458021	0.0115692
9956	0.000239281	0.085551	0.237676	0.619201	0.045804	0.0115287
9957	0.000239284	0.0855523	0.237679	0.61921	0.0458046	0.0115142
9958	0.00023928	0.0855507	0.237675	0.619199	0.0458038	0.011533
9959	0.000239281	0.0855512	0.237676	0.619203	0.0458041	0.0115267
9960	0.000239273	0.0855483	0.237668	0.619181	0.0458025	0.0115604
9961	0.000239253	0.085541	0.237648	0.619129	0.0457986	0.011644
9962	0.000239278	0.0855502	0.237674	0.619196	0.0458035	0.0115378
9963	0.000239283	0.0855518	0.237678	0.619207	0.0458044	0.0115198
9964	0.000239285	0.0855526	0.23768	0.619213	0.0458048	0.0115106
9965	0.000239268	0.0855466	0.237664	0.61917	0.0458016	0.0115794
9966	0.000239234	0.0855342	0.237629	0.61908	0.045795	0.0117231
9967	1.62437e-05	0.00580769	0.0161348	0.0420349	0.00310944	0.932897
9968	0.000239283	0.085552	0.237679	0.619209	0.0458045	0.0115169
9969	5.3816e-05	0.0192411	0.0534551	0.139263	0.0103017	0.777685
9970	0.00023925	0.08554	0.237645	0.619121	0.045798	0.0116563
9971	0.00023929	0.0855543	0.237685	0.619225	0.0458057	0.0114913
9972	0.000239282	0.0855514	0.237677	0.619204	0.0458041	0.0115249
9973	0.000239274	0.0855486	0.237669	0.619184	0.0458027	0.0115565
9974	0.000239281	0.0855512	0.237676	0.619203	0.0458041	0.0115267
9975	0.000239277	0.0855498	0.237672	0.619192	0.0458033	0.0115432
9976	1.64636e-05	0.0058863	0.0163532	0.0426039	0.00315152	0.931989
9977	0.00023926	0.0855437	0.237655	0.619148	0.0458	0.0116139
9978	0.000239278	0.0855502	0.237674	0.619196	0.0458035	0.0115378
9979	0.000239284	0.0855522	0.237679	0.61921	0.0458046	0.0115155
9980	0.000239283	0.0855519	0.237678	0.619208	0.0458044	0.0115183
9981	0.000239286	0.0855529	0.237681	0.619215	0.0458049	0.0115075
9982	0.00023928	0.0855507	0.237675	0.619199	0.0458038	0.011533
9983	0.00023928	0.0855508	0.237675	0.6192	0.0458039	0.0115308
9984	0.000239273	0.0855483	0.237668	0.619181	0.0458025	0.0115604
9985	0.000239255	0.085542	0.237651	0.619136	0.0457991	0.0116329
9986	0.000239268	0.0855466	0.237664	0.61917	0.0458016	0.0115794
9987	0.000239288	0.0855535	0.237683	0.619219	0.0458053	0.0115001
9988	0.00023927	0.0855471	0.237665	0.619173	0.0458019	0.0115741
9989	0.000239281	0.0855512	0.237676	0.619203	0.0458041	0.0115267
9990	0.00023926	0.0855437	0.237655	0.619148	0.0458	0.0116139
9991	0.000239276	0.0855492	0.237671	0.619188	0.045803	0.0115494
9992	0.00023925	0.08554	0.237645	0.619121	0.045798	0.0116563
9993	0.000238364	0.0852232	0.236765	0.616829	0.0456285	0.0153162
9994	0.000239264	0.085545	0.237659	0.619158	0.0458007	0.0115982
9995	0.000239275	0.0855489	0.23767	0.619186	0.0458028	0.0115528
9996	0.000239283	0.0855518	0.237678	0.619207	0.0458044	0.0115198
9997	0.000239283	0.0855518	0.237678	0.619207	0.0458044	0.0115198
9998	0.000239275	0.0855489	0.23767	0.619186	0.0458028	0.0115528
9999	0.000239286	0.0855531	0.237681	0.619216	0.0458051	0.0115047
10000	0.000239278	0.08555	0.237673	0.619194	0.0458034	0.0115404
10001	0.000239287	0.0855534	0.237682	0.619218	0.0458052	0.0115015
10002	0.000239059	0.0854717	0.237455	0.618627	0.0457615	0.0124448
10003	0.00023927	0.0855471	0.237665	0.619173	0.0458019	0.0115741
10004	0.000239059	0.0854717	0.237455	0.618627	0.0457615	0.0124448
10005	0.000239289	0.0855541	0.237684	0.619223	0.0458056	0.0114934
10006	0.000239282	0.0855515	0.237677	0.619205	0.0458042	0.0115231
10007	0.000239258	0.0855429	0.237653	0.619142	0.0457996	0.0116229
10008	0.000239285	0.0855528	0.237681	0.619214	0.0458049	0.0115085
10009	0.00023928	0.0855507	0.237675	0.619199	0.0458038	0.011533
10010	0.000239273	0.0855483	0.237668	0.619181	0.0458025	0.0115604
10011	0.000239278	0.08555	0.237673	0.619194	0.0458034	0.0115404
10012	0.000239285	0.0855525	0.23768	0.619212	0.0458047	0.0115118
10013	0.000239262	0.0855444	0.237657	0.619153	0.0458004	0.0116057
10014	0.000239287	0.0855532	0.237682	0.619217	0.0458051	0.0115031
10015	0.000239281	0.085551	0.237676	0.619201	0.045804	0.0115287
10016	0.000239277	0.0855498	0.237672	0.619192	0.0458033	0.0115432
10017	0.000239282	0.0855514	0.237677	0.619204	0.0458041	0.0115249
10018	0.000239277	0.0855498	0.237672	0.619192	0.0458033	0.0115432
10019	0.000239284	0.0855522	0.237679	0.61921	0.0458046	0.0115155
10020	0.00019323	0.0690865	0.191934	0.500034	0.0369888	0.201763
10021	0.000239272	0.0855479	0.237667	0.619179	0.0458023	0.0115646
10022	0.000239289	0.085554	0.237684	0.619223	0.0458056	0.0114939
10023	0.000239278	0.0855502	0.237674	0.619196	0.0458035	0.0115378
10024	0.000239268	0.0855466	0.237664	0.61917	0.0458016	0.0115794
10025	0.000239234	0.0855342	0.237629	0.61908	0.045795	0.0117231
10026	0.000239278	0.08555	0.237673	0.619194	0.0458034	0.0115404
10027	0.000239288	0.0855536	0.237683	0.61922	0.0458053	0.0114988
10028	0.00023915	0.0855042	0.237546	0.618863	0.0457789	0.0120695
10029	0.000239272	0.0855479	0.237667	0.619179	0.0458023	0.0115646
10030	0.000239285	0.0855527	0.23768	0.619213	0.0458049	0.0115095
10031	0.000239281	0.0855512	0.237676	0.619203	0.0458041	0.0115267
10032	0.000239281	0.0855512	0.237676	0.619203	0.0458041	0.0115267
10033	0.000239284	0.0855523	0.237679	0.61921	0.0458046	0.0115142
10034	0.00023929	0.0855543	0.237685	0.619225	0.0458057	0.0114909
10035	0.00023926	0.0855437	0.237655	0.619148	0.0458	0.0116139
10036	2.06765e-05	0.00739257	0.0205379	0.053506	0.00395798	0.914585
10037	0.000239282	0.0855514	0.237677	0.619204	0.0458041	0.0115249
10038	0.000239282	0.0855515	0.237677	0.619205	0.0458042	0.0115231
10039	0.000239285	0.0855526	0.23768	0.619213	0.0458048	0.0115106
10040	0.000239272	0.0855479	0.237667	0.619179	0.0458023	0.0115646
10041	0.000239274	0.0855486	0.237669	0.619184	0.0458027	0.0115565
10042	0.000239282	0.0855515	0.237677	0.619205	0.0458042	0.0115231
10043	0.000239292	0.0855549	0.237687	0.61923	0.0458061	0.0114835
10044	0.000239275	0.0855489	0.23767	0.619186	0.0458028	0.0115528
10045	0.000239287	0.0855533	0.237682	0.619218	0.0458052	0.0115023
10046	0.000239289	0.085554	0.237684	0.619223	0.0458056	0.0114944
10047	0.00023915	0.0855042	0.237546	0.618863	0.0457789	0.0120695
10048	0.000239282	0.0855514	0.237677	0.619204	0.0458041	0.0115249
10049	0.00023927	0.0855471	0.237665	0.619173	0.0458019	0.0115741
10050	0.000239273	0.0855483	0.237668	0.619181	0.0458025	0.0115604
10051	0.00023928	0.0855507	0.237675	0.619199	0.0458038	0.011533
10052	0.000239287	0.0855533	0.237682	0.619218	0.0458052	0.0115023
10053	0.000239273	0.0855483	0.237668	0.619181	0.0458025	0.0115604
10054	0.00023926	0.0855437	0.237655	0.619148	0.0458	0.0116139
10055	0.000239285	0.0855526	0.23768	0.619213	0.0458048	0.0115106
10056	0.000239286	0.0855529	0.237681	0.619215	0.045805	0.0115065
10057	0.00023925	0.08554	0.237645	0.619121	0.045798	0.0116563
10058	0.000239276	0.0855495	0.237671	0.61919	0.0458032	0.0115462
10059	0.000239277	0.0855498	0.237672	0.619192	0.0458033	0.0115432
10060	0.000239292	0.0855551	0.237687	0.619231	0.0458061	0.0114817
10061	0.000239282	0.0855517	0.237677	0.619206	0.0458043	0.0115214
10062	0.000239278	0.08555	0.237673	0.619194	0.0458034	0.0115404
10063	0.000239273	0.0855483	0.237668	0.619181	0.0458025	0.0115604
10064	4.09431e-06	0.00146386	0.00406685	0.0105951	0.000783748	0.983086
10065	0.000239272	0.0855479	0.237667	0.619179	0.0458023	0.0115646
10066	0.000239287	0.0855534	0.237682	0.619218	0.0458052	0.0115015
10067	0.000239272	0.0855479	0.237667	0.619179	0.0458023	0.0115646
10068	0.00023928	0.0855508	0.237675	0.6192	0.0458039	0.0115308
10069	0.000239265	0.0855456	0.237661	0.619162	0.0458011	0.0115914
10070	0.000239283	0.0855518	0.237678	0.619207	0.0458044	0.0115198
10071	0.000239274	0.0855486	0.237669	0.619184	0.0458027	0.0115565
10072	0.000239281	0.0855512	0.237676	0.619203	0.0458041	0.0115267
10073	0.00023928	0.0855508	0.237675	0.6192	0.0458039	0.0115308
10074	0.000239255	0.085542	0.237651	0.619136	0.0457991	0.0116329
10075	0.000239286	0.0855531	0.237681	0.619216	0.0458051	0.0115047
10076	0.000239292	0.085555	0.237687	0.61923	0.0458061	0.0114833
10077	0.000239264	0.085545	0.237659	0.619158	0.0458007	0.0115982
10078	0.000239265	0.0855456	0.237661	0.619162	0.0458011	0.0115914
10079	0.00023927	0.0855471	0.237665	0.619173	0.0458019	0.0115741
10080	0.000239289	0.0855542	0.237685	0.619224	0.0458057	0.0114921
10081	0.000239289	0.0855542	0.237685	0.619224	0.0458057	0.0114921
10082	0.000239289	0.085554	0.237684	0.619223	0.0458056	0.0114944
10083	0.00023929	0.0855544	0.237685	0.619226	0.0458058	0.0114892
10084	0.000239273	0.0855483	0.237668	0.619181	0.0458025	0.0115604
10085	0.000239277	0.0855498	0.237672	0.619192	0.0458033	0.0115432
10086	0.000239276	0.0855495	0.237671	0.61919	0.0458032	0.0115462
10087	0.000239274	0.0855486	0.237669	0.619184	0.0458027	0.0115565
10088	0.00023927	0.0855471	0.237665	0.619173	0.0458019	0.0115741
10089	0.000239291	0.0855548	0.237686	0.619228	0.045806	0.0114853
10090	0.000239288	0.0855536	0.237683	0.61922	0.0458053	0.0114988
10091	0.000239282	0.0855517	0.237677	0.619206	0.0458043	0.0115214
10092	0.000239274	0.0855486	0.237669	0.619184	0.0458027	0.0115565
10093	0.000239276	0.0855492	0.237671	0.619188	0.045803	0.0115494
10094	0.00023926	0.0855437	0.237655	0.619148	0.0458	0.0116139
10095	0.000239278	0.08555	0.237673	0.619194	0.0458034	0.0115404
10096	0.000239278	0.08555	0.237673	0.619194	0.0458034	0.0115404
10097	0.000239238	0.0855359	0.237634	0.619092	0.0457959	0.0117032
10098	0.000239286	0.0855529	0.237681	0.619215	0.045805	0.0115065
10099	0.000239287	0.0855532	0.237682	0.619217	0.0458051	0.0115039
10100	0.000239289	0.0855542	0.237684	0.619224	0.0458056	0.0114925
10101	0.000239195	0.0855205	0.237591	0.618981	0.0457876	0.0118812
10102	0.000239289	0.085554	0.237684	0.619223	0.0458056	0.0114939
10103	0.000239281	0.085551	0.237676	0.619201	0.045804	0.0115287
10104	0.000239282	0.0855517	0.237677	0.619206	0.0458043	0.0115214
10105	0.000239284	0.0855522	0.237679	0.61921	0.0458046	0.0115155
10106	0.000239285	0.0855526	0.23768	0.619213	0.0458048	0.0115106
10107	0.000239243	0.0855374	0.237638	0.619103	0.0457967	0.0116856
10108	0.000239271	0.0855475	0.237666	0.619176	0.0458021	0.0115692
10109	0.000239273	0.0855483	0.237668	0.619181	0.0458025	0.0115604
10110	0.00023927	0.0855471	0.237665	0.619173	0.0458019	0.0115741
10111	0.000239283	0.0855518	0.237678	0.619207	0.0458044	0.0115198
10112	0.000239285	0.0855526	0.23768	0.619213	0.0458048	0.0115106
10113	0.000239289	0.0855542	0.237685	0.619224	0.0458057	0.0114921
10114	0.00023929	0.0855543	0.237685	0.619225	0.0458057	0.0114913
10115	0.000239268	0.0855466	0.237664	0.61917	0.0458016	0.0115794
10116	0.000239168	0.0855108	0.237564	0.61891	0.0457824	0.0119936
10117	0.00023929	0.0855544	0.237685	0.619226	0.0458058	0.0114895
10118	0.000239285	0.0855528	0.237681	0.619214	0.0458049	0.0115085
10119	0.000239264	0.085545	0.237659	0.619158	0.0458007	0.0115982
10120	0.000239285	0.0855525	0.23768	0.619212	0.0458047	0.0115118
10121	0.000239272	0.0855479	0.237667	0.619179	0.0458023	0.0115646
10122	0.000239276	0.0855492	0.237671	0.619188	0.045803	0.0115494
10123	0.000239286	0.0855529	0.237681	0.619215	0.0458049	0.0115075
10124	0.000239281	0.085551	0.237676	0.619201	0.045804	0.0115287
10125	0.00023928	0.0855507	0.237675	0.619199	0.0458038	0.011533
10126	0.000239284	0.0855524	0.237679	0.619211	0.0458047	0.011513
10127	0.00023928	0.0855507	0.237675	0.619199	0.0458038	0.011533
10128	0.000239283	0.0855519	0.237678	0.619208	0.0458044	0.0115183
10129	0.000239214	0.0855273	0.23761	0.61903	0.0457913	0.0118029
10130	0.000239234	0.0855342	0.237629	0.61908	0.045795	0.0117231
10131	0.00023928	0.0855507	0.237675	0.619199	0.0458038	0.011533
10132	0.000239264	0.085545	0.237659	0.619158	0.0458007	0.0115982
10133	0.000239273	0.0855483	0.237668	0.619181	0.0458025	0.0115604
10134	0.000239284	0.0855523	0.237679	0.61921	0.0458046	0.0115142
10135	0.000239246	0.0855388	0.237642	0.619113	0.0457974	0.0116701
10136	0.000239265	0.0855456	0.237661	0.619162	0.0458011	0.0115914
10137	0.000239255	0.085542	0.237651	0.619136	0.0457991	0.0116329
10138	0.00023928	0.0855507	0.237675	0.619199	0.0458038	0.011533
10139	0.00023925	0.08554	0.237645	0.619121	0.045798	0.0116563
10140	0.000239278	0.0855502	0.237674	0.619196	0.0458035	0.0115378
10141	0.000239097	0.0854855	0.237494	0.618727	0.0457689	0.0122859
10142	0.000239278	0.08555	0.237673	0.619194	0.0458034	0.0115404
10143	0.000239271	0.0855475	0.237666	0.619176	0.0458021	0.0115692
10144	0.000239283	0.0855519	0.237678	0.619208	0.0458044	0.0115183
10145	0.000239284	0.0855524	0.237679	0.619211	0.0458047	0.011513
10146	0.000239283	0.085552	0.237679	0.619209	0.0458045	0.0115169
10147	0.000239276	0.0855495	0.237671	0.61919	0.0458032	0.0115462
10148	0.000239282	0.0855515	0.237677	0.619205	0.0458042	0.0115231
10149	0.00023928	0.0855507	0.237675	0.619199	0.0458038	0.011533
10150	0.000239285	0.0855525	0.23768	0.619212	0.0458047	0.0115118
10151	0.000239284	0.0855522	0.237679	0.61921	0.0458046	0.0115155
10152	0.000239276	0.0855492	0.237671	0.619188	0.045803	0.0115494
10153	0.00023915	0.0855042	0.237546	0.618863	0.0457789	0.0120695
10154	0.000239267	0.0855461	0.237662	0.619166	0.0458013	0.0115851
10155	0.000239291	0.0855548	0.237686	0.619229	0.045806	0.0114851
10156	0.000239288	0.0855536	0.237683	0.61922	0.0458053	0.0114994
10157	0.000239255	0.085542	0.237651	0.619136	0.0457991	0.0116329
10158	0.000239291	0.0855546	0.237686	0.619227	0.0458059	0.0114874
10159	0.000239282	0.0855515	0.237677	0.619205	0.0458042	0.0115231
10160	0.000239277	0.0855498	0.237672	0.619192	0.0458033	0.0115432
10161	0.000239276	0.0855495	0.237671	0.61919	0.0458032	0.0115462
10162	0.000239285	0.0855525	0.23768	0.619212	0.0458047	0.0115118
10163	0.000239265	0.0855456	0.237661	0.619162	0.0458011	0.0115914
10164	0.000239289	0.0855542	0.237684	0.619224	0.0458056	0.0114925
10165	0.00023928	0.0855508	0.237675	0.6192	0.0458039	0.0115308
10166	0.000239284	0.0855522	0.237679	0.61921	0.0458046	0.0115155
10167	0.000239264	0.085545	0.237659	0.619158	0.0458007	0.0115982
10168	0.000239281	0.085551	0.237676	0.619201	0.045804	0.0115287
10169	0.000239286	0.0855531	0.237681	0.619216	0.0458051	0.0115047
10170	0.000239283	0.0855519	0.237678	0.619208	0.0458044	0.0115183
10171	0.000239283	0.085552	0.237679	0.619209	0.0458045	0.0115169
10172	0.000239271	0.0855475	0.237666	0.619176	0.0458021	0.0115692
10173	0.000239278	0.0855502	0.237674	0.619196	0.0458035	0.0115378
10174	0.000239288	0.0855535	0.237683	0.619219	0.0458053	0.0115001
10175	0.000239262	0.0855444	0.237657	0.619153	0.0458004	0.0116057
10176	0.000239284	0.0855523	0.237679	0.61921	0.0458046	0.0115142
10177	0.000239206	0.0855242	0.237601	0.619007	0.0457896	0.0118387
10178	0.000239292	0.0855551	0.237687	0.61923	0.0458061	0.0114821
10179	4.09431e-06	0.00146386	0.00406685	0.0105951	0.000783748	0.983086
10180	0.000239262	0.0855444	0.237657	0.619153	0.0458004	0.0116057
10181	0.000239258	0.0855429	0.237653	0.619142	0.0457996	0.0116229
10182	0.000239265	0.0855456	0.237661	0.619162	0.0458011	0.0115914
10183	0.000239267	0.0855461	0.237662	0.619166	0.0458013	0.0115851
10184	0.000239274	0.0855486	0.237669	0.619184	0.0458027	0.0115565
10185	0.000239283	0.0855519	0.237678	0.619208	0.0458044	0.0115183
10186	0.000239272	0.0855479	0.237667	0.619179	0.0458023	0.0115646
10187	0.000239283	0.0855519	0.237678	0.619208	0.0458044	0.0115183
10188	0.000239238	0.0855359	0.237634	0.619092	0.0457959	0.0117032
10189	0.000239253	0.085541	0.237648	0.619129	0.0457986	0.011644
10190	0.000239258	0.0855429	0.237653	0.619142	0.0457996	0.0116229
10191	0.000239276	0.0855492	0.237671	0.619188	0.045803	0.0115494
10192	0.000239283	0.0855519	0.237678	0.619208	0.0458044	0.0115183
10193	0.00023928	0.0855507	0.237675	0.619199	0.0458038	0.011533
10194	0.000239282	0.0855515	0.237677	0.619205	0.0458042	0.0115231
10195	0.00023928	0.0855508	0.237675	0.6192	0.0458039	0.0115308
10196	0.000237681	0.0849792	0.236087	0.615063	0.0454978	0.0181356
10197	0.000239274	0.0855486	0.237669	0.619184	0.0458027	0.0115565
10198	0.000239284	0.0855524	0.237679	0.619211	0.0458047	0.011513
10199	0.000239283	0.0855519	0.237678	0.619208	0.0458044	0.0115183
10200	0.000239285	0.0855526	0.23768	0.619213	0.0458048	0.0115106
10201	0.000239268	0.0855466	0.237664	0.61917	0.0458016	0.0115794
10202	0.000239279	0.0855505	0.237674	0.619197	0.0458037	0.0115353
10203	0.000239276	0.0855492	0.237671	0.619188	0.045803	0.0115494
10204	0.000239265	0.0855456	0.237661	0.619162	0.0458011	0.0115914
10205	0.000239292	0.0855551	0.237687	0.619231	0.0458061	0.0114817
10206	0.000239276	0.0855495	0.237671	0.61919	0.0458032	0.0115462
10207	0.00023928	0.0855508	0.237675	0.6192	0.0458039	0.0115308
10208	0.000239277	0.0855498	0.237672	0.619192	0.0458033	0.0115432
10209	0.000239271	0.0855475	0.237666	0.619176	0.0458021	0.0115692
10210	0.000239287	0.0855532	0.237682	0.619217	0.0458051	0.0115039
10211	0.000239278	0.0855502	0.237674	0.619196	0.0458035	0.0115378
10212	0.00023929	0.0855544	0.237685	0.619226	0.0458058	0.0114895
10213	0.000239281	0.085551	0.237676	0.619201	0.045804	0.0115287
10214	0.000239195	0.0855205	0.237591	0.618981	0.0457876	0.0118812
10215	0.000239253	0.085541	0.237648	0.619129	0.0457986	0.011644
10216	0.000239288	0.0855537	0.237683	0.619221	0.0458054	0.0114976
10217	0.000239286	0.0855529	0.237681	0.619215	0.045805	0.0115065
10218	0.000239286	0.0855529	0.237681	0.619215	0.0458049	0.0115075
10219	0.000239267	0.0855461	0.237662	0.619166	0.0458013	0.0115851
10220	0.000239265	0.0855456	0.237661	0.619162	0.0458011	0.0115914
10221	0.000239268	0.0855466	0.237664	0.61917	0.0458016	0.0115794
10222	0.000239268	0.0855466	0.237664	0.61917	0.0458016	0.0115794
10223	0.000239284	0.0855522	0.237679	0.61921	0.0458046	0.0115155
10224	0.000239271	0.0855475	0.237666	0.619176	0.0458021	0.0115692
10225	0.000239265	0.0855456	0.237661	0.619162	0.0458011	0.0115914
10226	0.000239276	0.0855495	0.237671	0.61919	0.0458032	0.0115462
10227	0.000239265	0.0855456	0.237661	0.619162	0.0458011	0.0115914
10228	0.000239276	0.0855492	0.237671	0.619188	0.045803	0.0115494
10229	0.000239285	0.0855527	0.23768	0.619213	0.0458049	0.0115095
10230	0.000239274	0.0855486	0.237669	0.619184	0.0458027	0.0115565
10231	7.21492e-05	0.0257958	0.0716653	0.186705	0.0138111	0.701951
10232	0.000239288	0.0855537	0.237683	0.619221	0.0458054	0.0114976
10233	0.000239289	0.0855539	0.237684	0.619222	0.0458055	0.0114959
10234	0.000239283	0.0855519	0.237678	0.619208	0.0458044	0.0115183
10235	0.000239275	0.0855489	0.23767	0.619186	0.0458028	0.0115528
10236	0.000239258	0.0855429	0.237653	0.619142	0.0457996	0.0116229
10237	0.000239253	0.085541	0.237648	0.619129	0.0457986	0.011644
10238	0.000239281	0.085551	0.237676	0.619201	0.045804	0.0115287
10239	0.000239278	0.0855502	0.237674	0.619196	0.0458035	0.0115378
10240	0.000239271	0.0855475	0.237666	0.619176	0.0458021	0.0115692
10241	0.000239289	0.0855539	0.237684	0.619222	0.0458055	0.0114959
10242	0.000239265	0.0855456	0.237661	0.619162	0.0458011	0.0115914
10243	0.000239278	0.0855502	0.237674	0.619196	0.0458035	0.0115378
10244	0.000239277	0.0855498	0.237672	0.619192	0.0458033	0.0115432
10245	0.000239282	0.0855514	0.237677	0.619204	0.0458041	0.0115249
10246	0.000239291	0.0855548	0.237686	0.619228	0.045806	0.0114853
10247	0.000239283	0.0855518	0.237678	0.619207	0.0458044	0.0115198
10248	0.00023926	0.0855437	0.237655	0.619148	0.0458	0.0116139
10249	0.000239272	0.0855479	0.237667	0.619179	0.0458023	0.0115646
10250	0.000239273	0.0855483	0.237668	0.619181	0.0458025	0.0115604
10251	0.000239265	0.0855456	0.237661	0.619162	0.0458011	0.0115914
10252	0.000222228	0.079454	0.220737	0.575072	0.0425396	0.0819751
10253	0.00023925	0.08554	0.237645	0.619121	0.045798	0.0116563
10254	0.000239268	0.0855466	0.237664	0.61917	0.0458016	0.0115794
10255	0.000239278	0.0855502	0.237674	0.619196	0.0458035	0.0115378
10256	0.000239268	0.0855466	0.237664	0.61917	0.0458016	0.0115794
10257	0.00023925	0.08554	0.237645	0.619121	0.045798	0.0116563
10258	0.000239282	0.0855515	0.237677	0.619205	0.0458042	0.0115231
10259	0.000239246	0.0855388	0.237642	0.619113	0.0457974	0.0116701
10260	0.000239258	0.0855429	0.237653	0.619142	0.0457996	0.0116229
10261	0.000239262	0.0855444	0.237657	0.619153	0.0458004	0.0116057
10262	0.000239282	0.0855517	0.237677	0.619206	0.0458043	0.0115214
10263	0.000239264	0.085545	0.237659	0.619158	0.0458007	0.0115982
10264	0.000239287	0.0855533	0.237682	0.619218	0.0458052	0.0115023
10265	0.000239288	0.0855538	0.237683	0.619222	0.0458055	0.0114964
10266	8.44895e-05	0.0302079	0.0839228	0.218639	0.0161733	0.650973
10267	0.000239258	0.0855429	0.237653	0.619142	0.0457996	0.0116229
10268	0.000239276	0.0855495	0.237671	0.61919	0.0458032	0.0115462
10269	0.000239291	0.0855548	0.237686	0.619228	0.045806	0.0114853
10270	0.000239285	0.0855525	0.23768	0.619212	0.0458047	0.0115118
10271	0.000239276	0.0855492	0.237671	0.619188	0.045803	0.0115494
10272	0.000239258	0.0855429	0.237653	0.619142	0.0457996	0.0116229
10273	0.000239288	0.0855536	0.237683	0.61922	0.0458053	0.0114994
10274	0.000239278	0.08555	0.237673	0.619194	0.0458034	0.0115404
10275	0.000239287	0.0855532	0.237682	0.619217	0.0458051	0.0115031
10276	0.000239228	0.0855322	0.237623	0.619065	0.0457939	0.011746
10277	0.000239281	0.085551	0.237676	0.619201	0.045804	0.0115287
10278	0.000239284	0.0855523	0.237679	0.61921	0.0458046	0.0115142
10279	0.000239273	0.0855483	0.237668	0.619181	0.0458025	0.0115604
10280	0.000239127	0.085496	0.237523	0.618803	0.0457745	0.0121645
10281	0.000239264	0.085545	0.237659	0.619158	0.0458007	0.0115982
10282	0.000239281	0.085551	0.237676	0.619201	0.045804	0.0115287
10283	0.00023928	0.0855508	0.237675	0.6192	0.0458039	0.0115308
10284	0.000239286	0.0855531	0.237681	0.619216	0.0458051	0.0115047
10285	0.000239282	0.0855517	0.237677	0.619206	0.0458043	0.0115214
10286	0.000239271	0.0855475	0.237666	0.619176	0.0458021	0.0115692
10287	0.000239275	0.0855489	0.23767	0.619186	0.0458028	0.0115528
10288	0.000239288	0.0855537	0.237683	0.61922	0.0458054	0.0114982
10289	0.000239278	0.0855502	0.237674	0.619196	0.0458035	0.0115378
10290	0.000239284	0.0855523	0.237679	0.61921	0.0458046	0.0115142
10291	0.000239282	0.0855514	0.237677	0.619204	0.0458041	0.0115249
10292	0.000239271	0.0855475	0.237666	0.619176	0.0458021	0.0115692
10293	0.000223132	0.0797775	0.221636	0.577414	0.0427128	0.078237
10294	0.00023926	0.0855437	0.237655	0.619148	0.0458	0.0116139
10295	0.000239262	0.0855444	0.237657	0.619153	0.0458004	0.0116057
10296	0.000239268	0.0855466	0.237664	0.61917	0.0458016	0.0115794
10297	0.000239288	0.0855535	0.237683	0.619219	0.0458053	0.0115001
10298	0.000239258	0.0855429	0.237653	0.619142	0.0457996	0.0116229
10299	0.00023928	0.0855508	0.237675	0.6192	0.0458039	0.0115308
10300	0.000239282	0.0855517	0.237677	0.619206	0.0458043	0.0115214
10301	0.00023927	0.0855471	0.237665	0.619173	0.0458019	0.0115741
10302	0.000239284	0.0855524	0.237679	0.619211	0.0458047	0.011513
10303	0.00023927	0.0855471	0.237665	0.619173	0.0458019	0.0115741
10304	0.000239284	0.0855524	0.237679	0.619211	0.0458047	0.011513
10305	0.000239281	0.0855512	0.237676	0.619203	0.0458041	0.0115267
10306	0.000239284	0.0855522	0.237679	0.61921	0.0458046	0.0115155
10307	0.000239281	0.085551	0.237676	0.619201	0.045804	0.0115287
10308	0.000239265	0.0855456	0.237661	0.619162	0.0458011	0.0115914
10309	0.00023928	0.0855507	0.237675	0.619199	0.0458038	0.011533
10310	0.000239246	0.0855388	0.237642	0.619113	0.0457974	0.0116701
10311	0.000239286	0.0855529	0.237681	0.619215	0.045805	0.0115065
10312	2.80105e-05	0.0100147	0.0278226	0.0724844	0.00536186	0.884288
10313	0.000239285	0.0855525	0.23768	0.619212	0.0458047	0.0115118
10314	0.000239281	0.0855512	0.237676	0.619203	0.0458041	0.0115267
10315	0.000239258	0.0855429	0.237653	0.619142	0.0457996	0.0116229
10316	0.000239286	0.0855529	0.237681	0.619215	0.045805	0.0115065
10317	0.000239282	0.0855515	0.237677	0.619205	0.0458042	0.0115231
10318	0.00023928	0.0855507	0.237675	0.619199	0.0458038	0.011533
10319	0.000239287	0.0855533	0.237682	0.619218	0.0458052	0.0115023
10320	0.000239271	0.0855475	0.237666	0.619176	0.0458021	0.0115692
10321	0.000239274	0.0855486	0.237669	0.619184	0.0458027	0.0115565
10322	0.000239286	0.0855529	0.237681	0.619215	0.0458049	0.0115075
10323	0.000239288	0.0855538	0.237683	0.619222	0.0458055	0.0114964
10324	0.000239284	0.0855524	0.237679	0.619211	0.0458047	0.011513
10325	0.000239059	0.0854717	0.237455	0.618627	0.0457615	0.0124448
10326	0.000239253	0.085541	0.237648	0.619129	0.0457986	0.011644
10327	0.000239253	0.085541	0.237648	0.619129	0.0457986	0.011644
10328	0.00023915	0.0855042	0.237546	0.618863	0.0457789	0.0120695
10329	0.000233928	0.0836374	0.232359	0.605351	0.0447794	0.033639
10330	0.000239234	0.0855342	0.237629	0.61908	0.045795	0.0117231
10331	0.000239183	0.0855161	0.237579	0.618949	0.0457853	0.011932
10332	0.000239222	0.0855299	0.237617	0.619049	0.0457927	0.0117723
10333	0.000239274	0.0855486	0.237669	0.619184	0.0458027	0.0115565
10334	0.000239292	0.0855551	0.237687	0.619231	0.0458061	0.011482
10335	0.000239246	0.0855388	0.237642	0.619113	0.0457974	0.0116701
10336	0.000239278	0.08555	0.237673	0.619194	0.0458034	0.0115404
10337	0.000239277	0.0855498	0.237672	0.619192	0.0458033	0.0115432
10338	0.000239279	0.0855505	0.237674	0.619197	0.0458037	0.0115353
10339	0.00023928	0.0855508	0.237675	0.6192	0.0458039	0.0115308
10340	0.000239276	0.0855492	0.237671	0.619188	0.045803	0.0115494
10341	0.000239273	0.0855483	0.237668	0.619181	0.0458025	0.0115604
10342	0.000239277	0.0855498	0.237672	0.619192	0.0458033	0.0115432
10343	0.000239272	0.0855479	0.237667	0.619179	0.0458023	0.0115646
10344	0.000239246	0.0855388	0.237642	0.619113	0.0457974	0.0116701
10345	0.00019963	0.0713746	0.198291	0.516595	0.0382139	0.175326
10346	0.000239222	0.0855299	0.237617	0.619049	0.0457927	0.0117723
10347	0.000239271	0.0855475	0.237666	0.619176	0.0458021	0.0115692
10348	0.000239282	0.0855517	0.237677	0.619206	0.0458043	0.0115214
10349	0.000239281	0.085551	0.237676	0.619201	0.045804	0.0115287
10350	0.000239275	0.0855489	0.23767	0.619186	0.0458028	0.0115528
10351	0.00023926	0.0855437	0.237655	0.619148	0.0458	0.0116139
10352	0.000239276	0.0855495	0.237671	0.61919	0.0458032	0.0115462
10353	0.000239287	0.0855534	0.237682	0.619219	0.0458053	0.0115008
10354	0.00023925	0.08554	0.237645	0.619121	0.045798	0.0116563
10355	0.000239284	0.0855524	0.237679	0.619211	0.0458047	0.011513
10356	0.000239238	0.0855359	0.237634	0.619092	0.0457959	0.0117032
10357	0.00023926	0.0855437	0.237655	0.619148	0.0458	0.0116139
10358	0.000239262	0.0855444	0.237657	0.619153	0.0458004	0.0116057
10359	0.000239253	0.085541	0.237648	0.619129	0.0457986	0.011644
10360	0.000239279	0.0855505	0.237674	0.619197	0.0458037	0.0115353
10361	0.000239258	0.0855429	0.237653	0.619142	0.0457996	0.0116229
10362	0.000239276	0.0855495	0.237671	0.61919	0.0458032	0.0115462
10363	0.00023926	0.0855437	0.237655	0.619148	0.0458	0.0116139
10364	0.000239283	0.085552	0.237679	0.619209	0.0458045	0.0115169
10365	0.00023915	0.0855042	0.237546	0.618863	0.0457789	0.0120695
10366	0.000239284	0.0855524	0.237679	0.619211	0.0458047	0.011513
10367	0.000239279	0.0855505	0.237674	0.619197	0.0458037	0.0115353
10368	0.000239274	0.0855486	0.237669	0.619184	0.0458027	0.0115565
10369	0.000239265	0.0855456	0.237661	0.619162	0.0458011	0.0115914
10370	0.000239281	0.085551	0.237676	0.619201	0.045804	0.0115287
10371	0.000239288	0.0855538	0.237683	0.619222	0.0458055	0.0114964
10372	0.000239277	0.0855498	0.237672	0.619192	0.0458033	0.0115432
10373	5.48806e-05	0.0196217	0.0545125	0.142018	0.0105054	0.773288
10374	0.000239289	0.085554	0.237684	0.619223	0.0458056	0.0114939
10375	0.000239282	0.0855514	0.237677	0.619204	0.0458041	0.0115249
10376	0.000239265	0.0855456	0.237661	0.619162	0.0458011	0.0115914
10377	0.000239267	0.0855461	0.237662	0.619166	0.0458013	0.0115851
10378	0.000239283	0.0855518	0.237678	0.619207	0.0458044	0.0115198
10379	0.000239265	0.0855456	0.237661	0.619162	0.0458011	0.0115914
10380	0.000239276	0.0855492	0.237671	0.619188	0.045803	0.0115494
10381	0.000239283	0.0855518	0.237678	0.619207	0.0458044	0.0115198
10382	0.000239283	0.085552	0.237679	0.619209	0.0458045	0.0115169
10383	0.000239253	0.085541	0.237648	0.619129	0.0457986	0.011644
10384	0.000239281	0.0855512	0.237676	0.619203	0.0458041	0.0115267
10385	0.000239287	0.0855532	0.237682	0.619217	0.0458051	0.0115031
10386	0.000239272	0.0855479	0.237667	0.619179	0.0458023	0.0115646
10387	0.000239285	0.0855528	0.237681	0.619214	0.0458049	0.0115085
10388	0.000239285	0.0855525	0.23768	0.619212	0.0458047	0.0115118
10389	3.22206e-06	0.001152	0.00320045	0.00833793	0.000616779	0.98669
10390	0.000239276	0.0855495	0.237671	0.61919	0.0458032	0.0115462
10391	0.000239276	0.0855492	0.237671	0.619188	0.045803	0.0115494
10392	0.000239281	0.0855512	0.237676	0.619203	0.0458041	0.0115267
10393	0.000239271	0.0855475	0.237666	0.619176	0.0458021	0.0115692
10394	0.000239284	0.0855524	0.237679	0.619211	0.0458047	0.011513
10395	0.000239292	0.0855552	0.237687	0.619232	0.0458062	0.0114805
10396	0.000239289	0.0855541	0.237684	0.619224	0.0458056	0.011493
10397	0.000239292	0.0855551	0.237687	0.619231	0.0458061	0.0114817
10398	0.000239285	0.0855527	0.23768	0.619213	0.0458049	0.0115095
10399	0.000239282	0.0855514	0.237677	0.619204	0.0458041	0.0115249
10400	0.00023928	0.0855507	0.237675	0.619199	0.0458038	0.011533
10401	0.000239285	0.0855528	0.237681	0.619214	0.0458049	0.0115085
10402	0.00023928	0.0855507	0.237675	0.619199	0.0458038	0.011533
10403	0.000239285	0.0855528	0.237681	0.619214	0.0458049	0.0115085
10404	0.000239284	0.0855524	0.237679	0.619211	0.0458047	0.011513
10405	0.000239289	0.085554	0.237684	0.619223	0.0458055	0.0114948
10406	0.000239278	0.0855502	0.237674	0.619196	0.0458035	0.0115378
10407	2.87655e-05	0.0102847	0.0285726	0.0744383	0.0055064	0.881169
10408	0.000239285	0.0855527	0.23768	0.619213	0.0458049	0.0115095
10409	0.000239258	0.0855429	0.237653	0.619142	0.0457996	0.0116229
10410	0.000239276	0.0855495	0.237671	0.61919	0.0458032	0.0115462
10411	0.000239283	0.085552	0.237679	0.619209	0.0458045	0.0115169
10412	0.000239262	0.0855444	0.237657	0.619153	0.0458004	0.0116057
10413	0.000239282	0.0855517	0.237677	0.619206	0.0458043	0.0115214
10414	0.000238934	0.0854273	0.237332	0.618305	0.0457377	0.0129588
10415	0.000239288	0.0855535	0.237683	0.619219	0.0458053	0.0115001
10416	0.000239285	0.0855526	0.23768	0.619213	0.0458048	0.0115106
10417	0.000239271	0.0855475	0.237666	0.619176	0.0458021	0.0115692
10418	0.000239234	0.0855342	0.237629	0.61908	0.045795	0.0117231
10419	0.000239283	0.0855518	0.237678	0.619207	0.0458044	0.0115198
10420	0.000239281	0.0855512	0.237676	0.619203	0.0458041	0.0115267
10421	0.00023926	0.0855437	0.237655	0.619148	0.0458	0.0116139
10422	0.00023928	0.0855507	0.237675	0.619199	0.0458038	0.011533
10423	0.000239274	0.0855486	0.237669	0.619184	0.0458027	0.0115565
10424	0.000239292	0.085555	0.237687	0.61923	0.0458061	0.0114825
10425	0.000239274	0.0855486	0.237669	0.619184	0.0458027	0.0115565
10426	0.000239262	0.0855444	0.237657	0.619153	0.0458004	0.0116057
10427	0.000239288	0.0855536	0.237683	0.61922	0.0458053	0.0114988
10428	0.000239214	0.0855273	0.23761	0.61903	0.0457913	0.0118029
10429	0.000239283	0.0855519	0.237678	0.619208	0.0458044	0.0115183
10430	0.000239273	0.0855483	0.237668	0.619181	0.0458025	0.0115604
10431	0.000239271	0.0855475	0.237666	0.619176	0.0458021	0.0115692
10432	0.000239282	0.0855515	0.237677	0.619205	0.0458042	0.0115231
10433	0.000239279	0.0855505	0.237674	0.619197	0.0458037	0.0115353
10434	0.000239276	0.0855495	0.237671	0.61919	0.0458032	0.0115462
10435	0.000239285	0.0855526	0.23768	0.619213	0.0458048	0.0115106
10436	0.000239282	0.0855515	0.237677	0.619205	0.0458042	0.0115231
10437	0.000239282	0.0855514	0.237677	0.619204	0.0458041	0.0115249
10438	0.000239274	0.0855486	0.237669	0.619184	0.0458027	0.0115565
10439	0.00023925	0.08554	0.237645	0.619121	0.045798	0.0116563
10440	0.000239285	0.0855525	0.23768	0.619212	0.0458047	0.0115118
10441	0.00023928	0.0855508	0.237675	0.6192	0.0458039	0.0115308
10442	0.000239282	0.0855515	0.237677	0.619205	0.0458042	0.0115231
10443	0.000239264	0.085545	0.237659	0.619158	0.0458007	0.0115982
10444	0.000239284	0.0855522	0.237679	0.61921	0.0458046	0.0115155
10445	0.000239281	0.0855512	0.237676	0.619203	0.0458041	0.0115267
10446	0.000239278	0.08555	0.237673	0.619194	0.0458034	0.0115404
10447	0.000239281	0.085551	0.237676	0.619201	0.045804	0.0115287
10448	0.000239283	0.0855518	0.237678	0.619207	0.0458044	0.0115198
10449	0.000239288	0.0855537	0.237683	0.619221	0.0458054	0.0114976
10450	0.000239281	0.085551	0.237676	0.619201	0.045804	0.0115287
10451	0.000239278	0.08555	0.237673	0.619194	0.0458034	0.0115404
10452	0.00023927	0.0855471	0.237665	0.619173	0.0458019	0.0115741
10453	0.000239282	0.0855515	0.237677	0.619205	0.0458042	0.0115231
10454	0.000239277	0.0855498	0.237672	0.619192	0.0458033	0.0115432
10455	0.000239278	0.0855502	0.237674	0.619196	0.0458035	0.0115378
10456	0.000239271	0.0855475	0.237666	0.619176	0.0458021	0.0115692
10457	0.000239281	0.0855512	0.237676	0.619203	0.0458041	0.0115267
10458	0.000239278	0.0855502	0.237674	0.619196	0.0458035	0.0115378
10459	8.98016e-05	0.0321072	0.0891993	0.232385	0.0171902	0.629028
10460	0.000239288	0.0855538	0.237683	0.619221	0.0458054	0.011497
10461	0.000239279	0.0855505	0.237674	0.619197	0.0458037	0.0115353
10462	0.000239288	0.0855538	0.237683	0.619221	0.0458054	0.011497
10463	0.000239276	0.0855495	0.237671	0.61919	0.0458032	0.0115462
10464	3.27389e-05	0.0117053	0.0325193	0.0847205	0.006267	0.864755
10465	0.000239277	0.0855498	0.237672	0.619192	0.0458033	0.0115432
10466	0.000239281	0.0855512	0.237676	0.619203	0.0458041	0.0115267
10467	0.000239277	0.0855498	0.237672	0.619192	0.0458033	0.0115432
10468	0.000239286	0.0855529	0.237681	0.619215	0.0458049	0.0115075
10469	0.000239287	0.0855533	0.237682	0.619218	0.0458052	0.0115023
10470	0.000239287	0.0855532	0.237682	0.619217	0.0458051	0.0115031
10471	0.000239271	0.0855475	0.237666	0.619176	0.0458021	0.0115692
10472	0.000239276	0.0855492	0.237671	0.619188	0.045803	0.0115494
10473	0.00023927	0.0855471	0.237665	0.619173	0.0458019	0.0115741
10474	0.000239281	0.085551	0.237676	0.619201	0.045804	0.0115287
10475	0.000239281	0.085551	0.237676	0.619201	0.045804	0.0115287
10476	0.000239253	0.085541	0.237648	0.619129	0.0457986	0.011644
10477	0.000239246	0.0855388	0.237642	0.619113	0.0457974	0.0116701
10478	0.000239258	0.0855429	0.237653	0.619142	0.0457996	0.0116229
10479	0.000239287	0.0855532	0.237682	0.619217	0.0458051	0.0115039
10480	0.00023928	0.0855507	0.237675	0.619199	0.0458038	0.011533
10481	0.000239264	0.085545	0.237659	0.619158	0.0458007	0.0115982
10482	0.000239267	0.0855461	0.237662	0.619166	0.0458013	0.0115851
10483	0.000239283	0.0855518	0.237678	0.619207	0.0458044	0.0115198
10484	0.000239278	0.08555	0.237673	0.619194	0.0458034	0.0115404
10485	0.000239276	0.0855495	0.237671	0.61919	0.0458032	0.0115462
10486	0.00023928	0.0855508	0.237675	0.6192	0.0458039	0.0115308
10487	0.000239272	0.0855479	0.237667	0.619179	0.0458023	0.0115646
10488	0.000239289	0.0855541	0.237684	0.619224	0.0458056	0.011493
10489	0.000239277	0.0855498	0.237672	0.619192	0.0458033	0.0115432
10490	0.000239268	0.0855466	0.237664	0.61917	0.0458016	0.0115794
10491	0.000239268	0.0855466	0.237664	0.61917	0.0458016	0.0115794
10492	0.000239279	0.0855505	0.237674	0.619197	0.0458037	0.0115353
10493	0.000239274	0.0855486	0.237669	0.619184	0.0458027	0.0115565
10494	0.000239274	0.0855486	0.237669	0.619184	0.0458027	0.0115565
10495	0.000239195	0.0855205	0.237591	0.618981	0.0457876	0.0118812
10496	0.000239282	0.0855514	0.237677	0.619204	0.0458041	0.0115249
10497	0.000239283	0.085552	0.237679	0.619209	0.0458045	0.0115169
10498	0.000239288	0.0855535	0.237683	0.619219	0.0458053	0.0115001
10499	0.000239283	0.0855519	0.237678	0.619208	0.0458044	0.0115183
10500	0.000239246	0.0855388	0.237642	0.619113	0.0457974	0.0116701
10501	0.000239278	0.08555	0.237673	0.619194	0.0458034	0.0115404
10502	0.000239283	0.085552	0.237679	0.619209	0.0458045	0.0115169
10503	0.000239271	0.0855475	0.237666	0.619176	0.0458021	0.0115692
10504	0.000239275	0.0855489	0.23767	0.619186	0.0458028	0.0115528
10505	0.000239271	0.0855475	0.237666	0.619176	0.0458021	0.0115692
10506	0.000239283	0.085552	0.237679	0.619209	0.0458045	0.0115169
10507	0.00023928	0.0855507	0.237675	0.619199	0.0458038	0.011533
10508	0.000239284	0.0855523	0.237679	0.61921	0.0458046	0.0115142
10509	5.7246e-05	0.0204674	0.0568621	0.148139	0.0109582	0.763516
10510	0.000239277	0.0855498	0.237672	0.619192	0.0458033	0.0115432
10511	0.000239281	0.0855512	0.237676	0.619203	0.0458041	0.0115267
10512	0.000239282	0.0855515	0.237677	0.619205	0.0458042	0.0115231
10513	0.000239281	0.0855512	0.237676	0.619203	0.0458041	0.0115267
10514	0.00023926	0.0855437	0.237655	0.619148	0.0458	0.0116139
10515	0.000239282	0.0855517	0.237677	0.619206	0.0458043	0.0115214
10516	0.000239283	0.0855518	0.237678	0.619207	0.0458044	0.0115198
10517	0.000239282	0.0855515	0.237677	0.619205	0.0458042	0.0115231
10518	0.000239292	0.0855551	0.237687	0.619231	0.0458061	0.0114817
10519	0.00023925	0.08554	0.237645	0.619121	0.045798	0.0116563
10520	0.000239282	0.0855514	0.237677	0.619204	0.0458041	0.0115249
10521	0.000239277	0.0855498	0.237672	0.619192	0.0458033	0.0115432
10522	0.000239289	0.0855539	0.237684	0.619222	0.0458055	0.0114954
10523	0.000239285	0.0855527	0.23768	0.619213	0.0458049	0.0115095
10524	0.000239285	0.0855528	0.237681	0.619214	0.0458049	0.0115085
10525	0.00023929	0.0855543	0.237685	0.619225	0.0458057	0.0114906
10526	0.000239288	0.0855538	0.237683	0.619221	0.0458054	0.011497
10527	0.000239286	0.0855529	0.237681	0.619215	0.0458049	0.0115075
10528	0.000239285	0.0855527	0.23768	0.619213	0.0458049	0.0115095
10529	0.000239281	0.0855512	0.237676	0.619203	0.0458041	0.0115267
10530	0.000239272	0.0855479	0.237667	0.619179	0.0458023	0.0115646
10531	0.000239276	0.0855492	0.237671	0.619188	0.045803	0.0115494
10532	0.000239287	0.0855534	0.237682	0.619218	0.0458052	0.0115015
10533	0.000239283	0.085552	0.237679	0.619209	0.0458045	0.0115169
10534	0.000239283	0.085552	0.237679	0.619209	0.0458045	0.0115169
10535	0.000239279	0.0855505	0.237674	0.619197	0.0458037	0.0115353
10536	0.000239279	0.0855505	0.237674	0.619197	0.0458037	0.0115353
10537	0.000239277	0.0855498	0.237672	0.619192	0.0458033	0.0115432
10538	0.000239285	0.0855527	0.23768	0.619213	0.0458049	0.0115095
10539	0.000239283	0.0855519	0.237678	0.619208	0.0458044	0.0115183
10540	0.000239284	0.0855524	0.237679	0.619211	0.0458047	0.011513
10541	0.000239267	0.0855461	0.237662	0.619166	0.0458013	0.0115851
10542	0.000239273	0.0855483	0.237668	0.619181	0.0458025	0.0115604
10543	0.000239278	0.0855502	0.237674	0.619196	0.0458035	0.0115378
10544	0.000239265	0.0855456	0.237661	0.619162	0.0458011	0.0115914
10545	0.000239283	0.0855519	0.237678	0.619208	0.0458044	0.0115183
10546	0.000222387	0.0795112	0.220896	0.575486	0.0425702	0.0813144
10547	0.00023928	0.0855507	0.237675	0.619199	0.0458038	0.011533
10548	0.000239276	0.0855492	0.237671	0.619188	0.045803	0.0115494
10549	0.000239234	0.0855342	0.237629	0.61908	0.045795	0.0117231
10550	0.000239267	0.0855461	0.237662	0.619166	0.0458013	0.0115851
10551	0.000239243	0.0855374	0.237638	0.619103	0.0457967	0.0116856
10552	0.000239206	0.0855242	0.237601	0.619007	0.0457896	0.0118387
10553	0.00023929	0.0855543	0.237685	0.619225	0.0458057	0.0114906
10554	0.000239288	0.0855536	0.237683	0.61922	0.0458053	0.0114988
10555	0.000239282	0.0855515	0.237677	0.619205	0.0458042	0.0115231
10556	0.000239265	0.0855456	0.237661	0.619162	0.0458011	0.0115914
10557	0.000239287	0.0855534	0.237682	0.619219	0.0458053	0.0115008
10558	0.000239281	0.085551	0.237676	0.619201	0.045804	0.0115287
10559	0.000239276	0.0855492	0.237671	0.619188	0.045803	0.0115494
10560	0.000239274	0.0855486	0.237669	0.619184	0.0458027	0.0115565
10561	0.000239288	0.0855535	0.237683	0.619219	0.0458053	0.0115001
10562	0.000239258	0.0855429	0.237653	0.619142	0.0457996	0.0116229
10563	0.000239283	0.0855518	0.237678	0.619207	0.0458044	0.0115198
10564	0.000239283	0.085552	0.237679	0.619209	0.0458045	0.0115169
10565	0.000239277	0.0855498	0.237672	0.619192	0.0458033	0.0115432
10566	0.000239289	0.0855541	0.237684	0.619223	0.0458056	0.0114934
10567	0.000239275	0.0855489	0.23767	0.619186	0.0458028	0.0115528
10568	0.000239281	0.0855512	0.237676	0.619203	0.0458041	0.0115267
10569	0.000239268	0.0855466	0.237664	0.61917	0.0458016	0.0115794
10570	0.000239284	0.0855524	0.237679	0.619211	0.0458047	0.011513
10571	0.000239286	0.0855531	0.237681	0.619216	0.0458051	0.0115047
10572	0.000239285	0.0855528	0.237681	0.619214	0.0458049	0.0115085
10573	0.000239276	0.0855492	0.237671	0.619188	0.045803	0.0115494
10574	0.000239258	0.0855429	0.237653	0.619142	0.0457996	0.0116229
10575	0.000239278	0.08555	0.237673	0.619194	0.0458034	0.0115404
10576	0.00023926	0.0855437	0.237655	0.619148	0.0458	0.0116139
10577	0.000239276	0.0855492	0.237671	0.619188	0.045803	0.0115494
10578	0.00023927	0.0855471	0.237665	0.619173	0.0458019	0.0115741
10579	0.000239282	0.0855514	0.237677	0.619204	0.0458041	0.0115249
10580	0.00023927	0.0855471	0.237665	0.619173	0.0458019	0.0115741
10581	0.000239281	0.085551	0.237676	0.619201	0.045804	0.0115287
10582	0.000239276	0.0855492	0.237671	0.619188	0.045803	0.0115494
10583	0.000239274	0.0855486	0.237669	0.619184	0.0458027	0.0115565
10584	0.000239271	0.0855475	0.237666	0.619176	0.0458021	0.0115692
10585	0.000239278	0.08555	0.237673	0.619194	0.0458034	0.0115404
10586	0.000239277	0.0855498	0.237672	0.619192	0.0458033	0.0115432
10587	0.000239276	0.0855495	0.237671	0.61919	0.0458032	0.0115462
10588	0.000239282	0.0855514	0.237677	0.619204	0.0458041	0.0115249
10589	0.000239286	0.0855529	0.237681	0.619215	0.045805	0.0115065
10590	0.000239282	0.0855514	0.237677	0.619204	0.0458041	0.0115249
10591	0.000239206	0.0855242	0.237601	0.619007	0.0457896	0.0118387
10592	3.08145e-05	0.0110172	0.0306078	0.0797405	0.00589862	0.872705
10593	0.000239268	0.0855466	0.237664	0.61917	0.0458016	0.0115794
10594	0.000239285	0.0855528	0.237681	0.619214	0.0458049	0.0115085
10595	0.000239274	0.0855486	0.237669	0.619184	0.0458027	0.0115565
10596	0.000239276	0.0855495	0.237671	0.61919	0.0458032	0.0115462
10597	0.000239238	0.0855359	0.237634	0.619092	0.0457959	0.0117032
10598	0.000239195	0.0855205	0.237591	0.618981	0.0457876	0.0118812
10599	0.000239282	0.0855514	0.237677	0.619204	0.0458041	0.0115249
10600	0.00023915	0.0855042	0.237546	0.618863	0.0457789	0.0120695
10601	0.000239275	0.0855489	0.23767	0.619186	0.0458028	0.0115528
10602	0.000239271	0.0855475	0.237666	0.619176	0.0458021	0.0115692
10603	0.000239272	0.0855479	0.237667	0.619179	0.0458023	0.0115646
10604	0.000239272	0.0855479	0.237667	0.619179	0.0458023	0.0115646
10605	0.000239268	0.0855466	0.237664	0.61917	0.0458016	0.0115794
10606	0.000239274	0.0855486	0.237669	0.619184	0.0458027	0.0115565
10607	0.000239276	0.0855495	0.237671	0.61919	0.0458032	0.0115462
10608	0.000239262	0.0855444	0.237657	0.619153	0.0458004	0.0116057
10609	0.000239282	0.0855517	0.237677	0.619206	0.0458043	0.0115214
10610	0.000100494	0.0359302	0.0998203	0.260055	0.019237	0.584857
10611	0.00023928	0.0855507	0.237675	0.619199	0.0458038	0.011533
10612	0.000239243	0.0855374	0.237638	0.619103	0.0457967	0.0116856
10613	0.000224856	0.0803937	0.223348	0.581874	0.0430427	0.0711172
10614	0.000239277	0.0855498	0.237672	0.619192	0.0458033	0.0115432
10615	0.000239258	0.0855429	0.237653	0.619142	0.0457996	0.0116229
10616	0.000239265	0.0855456	0.237661	0.619162	0.0458011	0.0115914
10617	0.000239277	0.0855498	0.237672	0.619192	0.0458033	0.0115432
10618	0.000239278	0.08555	0.237673	0.619194	0.0458034	0.0115404
10619	0.000239278	0.0855502	0.237674	0.619196	0.0458035	0.0115378
10620	0.00023928	0.0855508	0.237675	0.6192	0.0458039	0.0115308
10621	0.000239278	0.0855502	0.237674	0.619196	0.0458035	0.0115378
10622	0.000239234	0.0855342	0.237629	0.61908	0.045795	0.0117231
10623	0.000239283	0.0855519	0.237678	0.619208	0.0458044	0.0115183
10624	0.000239222	0.0855299	0.237617	0.619049	0.0457927	0.0117723
10625	0.000239286	0.0855529	0.237681	0.619215	0.0458049	0.0115075
10626	0.000239285	0.0855526	0.23768	0.619213	0.0458048	0.0115106
10627	0.000239276	0.0855492	0.237671	0.619188	0.045803	0.0115494
10628	0.000239287	0.0855532	0.237682	0.619217	0.0458051	0.0115039
10629	0.000239277	0.0855498	0.237672	0.619192	0.0458033	0.0115432
10630	0.00023928	0.0855507	0.237675	0.619199	0.0458038	0.011533
10631	0.00023929	0.0855545	0.237685	0.619226	0.0458058	0.0114885
10632	0.000239289	0.0855541	0.237684	0.619224	0.0458056	0.011493
10633	0.00023928	0.0855508	0.237675	0.6192	0.0458039	0.0115308
10634	0.000239288	0.0855537	0.237683	0.619221	0.0458054	0.0114976
10635	0.000239276	0.0855495	0.237671	0.61919	0.0458032	0.0115462
10636	0.000239285	0.0855528	0.237681	0.619214	0.0458049	0.0115085
10637	0.000239168	0.0855108	0.237564	0.61891	0.0457824	0.0119936
10638	0.000239276	0.0855495	0.237671	0.61919	0.0458032	0.0115462
10639	0.000239275	0.0855489	0.23767	0.619186	0.0458028	0.0115528
10640	0.000239274	0.0855486	0.237669	0.619184	0.0458027	0.0115565
10641	0.000239278	0.0855502	0.237674	0.619196	0.0458035	0.0115378
10642	0.000239097	0.0854855	0.237494	0.618727	0.0457689	0.0122859
10643	0.000239283	0.085552	0.237679	0.619209	0.0458045	0.0115169
10644	0.000239273	0.0855483	0.237668	0.619181	0.0458025	0.0115604
10645	0.00023925	0.08554	0.237645	0.619121	0.045798	0.0116563
10646	0.000239276	0.0855492	0.237671	0.619188	0.045803	0.0115494
10647	0.000239289	0.0855539	0.237684	0.619222	0.0458055	0.0114959
10648	0.00023927	0.0855471	0.237665	0.619173	0.0458019	0.0115741
10649	0.000239278	0.0855502	0.237674	0.619196	0.0458035	0.0115378
10650	0.000239276	0.0855495	0.237671	0.61919	0.0458032	0.0115462
10651	0.000239228	0.0855322	0.237623	0.619065	0.0457939	0.011746
10652	0.00023928	0.0855507	0.237675	0.619199	0.0458038	0.011533
10653	0.000239258	0.0855429	0.237653	0.619142	0.0457996	0.0116229
10654	0.000239285	0.0855526	0.23768	0.619213	0.0458048	0.0115106
10655	0.00023928	0.0855507	0.237675	0.619199	0.0458038	0.011533
10656	0.000239282	0.0855514	0.237677	0.619204	0.0458041	0.0115249
10657	0.000239278	0.08555	0.237673	0.619194	0.0458034	0.0115404
10658	0.00023929	0.0855544	0.237685	0.619226	0.0458058	0.0114898
10659	0.00023928	0.0855507	0.237675	0.619199	0.0458038	0.011533
10660	0.000239281	0.085551	0.237676	0.619201	0.045804	0.0115287
10661	0.000239279	0.0855505	0.237674	0.619197	0.0458037	0.0115353
10662	0.000239267	0.0855461	0.237662	0.619166	0.0458013	0.0115851
10663	0.000239281	0.085551	0.237676	0.619201	0.045804	0.0115287
10664	0.000239287	0.0855534	0.237682	0.619219	0.0458053	0.0115008
10665	0.000239246	0.0855388	0.237642	0.619113	0.0457974	0.0116701
10666	0.000239283	0.085552	0.237679	0.619209	0.0458045	0.0115169
10667	0.000239279	0.0855505	0.237674	0.619197	0.0458037	0.0115353
10668	0.000239289	0.085554	0.237684	0.619223	0.0458055	0.0114948
10669	0.000239284	0.0855523	0.237679	0.61921	0.0458046	0.0115142
10670	0.00023928	0.0855507	0.237675	0.619199	0.0458038	0.011533
10671	0.000239278	0.08555	0.237673	0.619194	0.0458034	0.0115404
10672	0.00023929	0.0855542	0.237685	0.619225	0.0458057	0.0114917
10673	0.000239243	0.0855374	0.237638	0.619103	0.0457967	0.0116856
10674	0.000239283	0.085552	0.237679	0.619209	0.0458045	0.0115169
10675	0.000239283	0.0855519	0.237678	0.619208	0.0458044	0.0115183
10676	0.000239281	0.0855512	0.237676	0.619203	0.0458041	0.0115267
10677	0.000239275	0.0855489	0.23767	0.619186	0.0458028	0.0115528
10678	0.00023926	0.0855437	0.237655	0.619148	0.0458	0.0116139
10679	0.000239281	0.085551	0.237676	0.619201	0.045804	0.0115287
10680	0.000239278	0.08555	0.237673	0.619194	0.0458034	0.0115404
10681	0.00023927	0.0855471	0.237665	0.619173	0.0458019	0.0115741
10682	0.00023929	0.0855543	0.237685	0.619225	0.0458057	0.0114906
10683	0.000239273	0.0855483	0.237668	0.619181	0.0458025	0.0115604
10684	0.000239283	0.085552	0.237679	0.619209	0.0458045	0.0115169
10685	0.00023925	0.08554	0.237645	0.619121	0.045798	0.0116563
10686	0.00023929	0.0855543	0.237685	0.619225	0.0458057	0.0114909
10687	0.000239275	0.0855489	0.23767	0.619186	0.0458028	0.0115528
10688	0.00023928	0.0855507	0.237675	0.619199	0.0458038	0.011533
10689	0.000239285	0.0855525	0.23768	0.619212	0.0458047	0.0115118
10690	0.000239267	0.0855461	0.237662	0.619166	0.0458013	0.0115851
10691	0.000239272	0.0855479	0.237667	0.619179	0.0458023	0.0115646
10692	0.000239283	0.085552	0.237679	0.619209	0.0458045	0.0115169
10693	0.000239272	0.0855479	0.237667	0.619179	0.0458023	0.0115646
10694	0.000239228	0.0855322	0.237623	0.619065	0.0457939	0.011746
10695	0.00023926	0.0855437	0.237655	0.619148	0.0458	0.0116139
10696	0.000239287	0.0855532	0.237682	0.619217	0.0458051	0.0115031
10697	0.000239281	0.085551	0.237676	0.619201	0.045804	0.0115287
10698	0.000239277	0.0855498	0.237672	0.619192	0.0458033	0.0115432
10699	0.00023915	0.0855042	0.237546	0.618863	0.0457789	0.0120695
10700	0.000239292	0.0855551	0.237687	0.61923	0.0458061	0.0114821
10701	0.000239285	0.0855527	0.23768	0.619213	0.0458049	0.0115095
10702	0.000239228	0.0855322	0.237623	0.619065	0.0457939	0.011746
10703	0.000239292	0.085555	0.237687	0.61923	0.0458061	0.0114823
10704	0.000239284	0.0855523	0.237679	0.61921	0.0458046	0.0115142
10705	0.00023928	0.0855507	0.237675	0.619199	0.0458038	0.011533
10706	0.000239283	0.0855519	0.237678	0.619208	0.0458044	0.0115183
10707	0.000239276	0.0855492	0.237671	0.619188	0.045803	0.0115494
10708	0.000239283	0.085552	0.237679	0.619209	0.0458045	0.0115169
10709	0.000239271	0.0855475	0.237666	0.619176	0.0458021	0.0115692
10710	0.00023928	0.0855508	0.237675	0.6192	0.0458039	0.0115308
10711	0.000239278	0.08555	0.237673	0.619194	0.0458034	0.0115404
10712	0.000239278	0.0855502	0.237674	0.619196	0.0458035	0.0115378
10713	0.00023927	0.0855471	0.237665	0.619173	0.0458019	0.0115741
10714	0.000239265	0.0855456	0.237661	0.619162	0.0458011	0.0115914
10715	0.000239289	0.0855541	0.237684	0.619223	0.0458056	0.0114934
10716	0.000239273	0.0855483	0.237668	0.619181	0.0458025	0.0115604
10717	0.000239283	0.0855518	0.237678	0.619207	0.0458044	0.0115198
10718	0.000239282	0.0855514	0.237677	0.619204	0.0458041	0.0115249
10719	0.000239278	0.08555	0.237673	0.619194	0.0458034	0.0115404
10720	0.00023928	0.0855507	0.237675	0.619199	0.0458038	0.011533
10721	0.000239281	0.0855512	0.237676	0.619203	0.0458041	0.0115267
10722	0.000239267	0.0855461	0.237662	0.619166	0.0458013	0.0115851
10723	0.000239264	0.085545	0.237659	0.619158	0.0458007	0.0115982
10724	0.000239282	0.0855517	0.237677	0.619206	0.0458043	0.0115214
10725	0.000239283	0.0855518	0.237678	0.619207	0.0458044	0.0115198
10726	0.000239276	0.0855492	0.237671	0.619188	0.045803	0.0115494
10727	0.000239274	0.0855486	0.237669	0.619184	0.0458027	0.0115565
10728	0.000239289	0.085554	0.237684	0.619223	0.0458056	0.0114944
10729	0.00023928	0.0855508	0.237675	0.6192	0.0458039	0.0115308
10730	0.000239289	0.0855541	0.237684	0.619224	0.0458056	0.011493
10731	0.000239258	0.0855429	0.237653	0.619142	0.0457996	0.0116229
10732	0.000238934	0.0854273	0.237332	0.618305	0.0457377	0.0129588
10733	0.00023926	0.0855437	0.237655	0.619148	0.0458	0.0116139
10734	0.000239278	0.08555	0.237673	0.619194	0.0458034	0.0115404
10735	0.000239267	0.0855461	0.237662	0.619166	0.0458013	0.0115851
10736	0.000239243	0.0855374	0.237638	0.619103	0.0457967	0.0116856
10737	0.000239278	0.0855502	0.237674	0.619196	0.0458035	0.0115378
10738	0.000239267	0.0855461	0.237662	0.619166	0.0458013	0.0115851
10739	0.00023928	0.0855508	0.237675	0.6192	0.0458039	0.0115308
10740	1.81602e-05	0.0064929	0.0180384	0.0469943	0.00347629	0.92498
10741	0.00023928	0.0855508	0.237675	0.6192	0.0458039	0.0115308
10742	0.00023928	0.0855507	0.237675	0.619199	0.0458038	0.011533
10743	0.000239273	0.0855483	0.237668	0.619181	0.0458025	0.0115604
10744	0.000239278	0.08555	0.237673	0.619194	0.0458034	0.0115404
10745	0.000167422	0.0598591	0.166299	0.433248	0.0320485	0.308378
10746	0.000239284	0.0855522	0.237679	0.61921	0.0458046	0.0115155
10747	0.000239278	0.0855502	0.237674	0.619196	0.0458035	0.0115378
10748	0.000239288	0.0855536	0.237683	0.61922	0.0458053	0.0114994
10749	0.000239228	0.0855322	0.237623	0.619065	0.0457939	0.011746
10750	0.000239283	0.0855519	0.237678	0.619208	0.0458044	0.0115183
10751	0.000239282	0.0855517	0.237677	0.619206	0.0458043	0.0115214
10752	0.000239228	0.0855322	0.237623	0.619065	0.0457939	0.011746
10753	0.000239276	0.0855492	0.237671	0.619188	0.045803	0.0115494
10754	0.000239282	0.0855517	0.237677	0.619206	0.0458043	0.0115214
10755	0.00023928	0.0855508	0.237675	0.6192	0.0458039	0.0115308
10756	0.00023925	0.08554	0.237645	0.619121	0.045798	0.0116563
10757	0.000239276	0.0855495	0.237671	0.61919	0.0458032	0.0115462
10758	0.000239258	0.0855429	0.237653	0.619142	0.0457996	0.0116229
10759	0.000239279	0.0855505	0.237674	0.619197	0.0458037	0.0115353
10760	1.24378e-08	4.44696e-06	1.23544e-05	3.21862e-05	2.3809e-06	0.999949
10761	0.000239281	0.085551	0.237676	0.619201	0.045804	0.0115287
10762	0.000239282	0.0855515	0.237677	0.619205	0.0458042	0.0115231
10763	0.000239258	0.0855429	0.237653	0.619142	0.0457996	0.0116229
10764	0.000239286	0.0855529	0.237681	0.619215	0.0458049	0.0115075
10765	0.000239282	0.0855515	0.237677	0.619205	0.0458042	0.0115231
10766	0.000239285	0.0855527	0.23768	0.619213	0.0458049	0.0115095
10767	0.000239278	0.08555	0.237673	0.619194	0.0458034	0.0115404
10768	0.000239288	0.0855537	0.237683	0.619221	0.0458054	0.0114976
10769	0.000239282	0.0855515	0.237677	0.619205	0.0458042	0.0115231
10770	0.000239255	0.085542	0.237651	0.619136	0.0457991	0.0116329
10771	0.000239272	0.0855479	0.237667	0.619179	0.0458023	0.0115646
10772	0.000239272	0.0855479	0.237667	0.619179	0.0458023	0.0115646
10773	0.000239276	0.0855495	0.237671	0.61919	0.0458032	0.0115462
10774	0.000239284	0.0855522	0.237679	0.61921	0.0458046	0.0115155
10775	0.000239287	0.0855532	0.237682	0.619217	0.0458051	0.0115031
10776	0.000239268	0.0855466	0.237664	0.61917	0.0458016	0.0115794
10777	0.000239285	0.0855526	0.23768	0.619213	0.0458048	0.0115106
10778	0.000239234	0.0855342	0.237629	0.61908	0.045795	0.0117231
10779	0.000239283	0.0855519	0.237678	0.619208	0.0458044	0.0115183
10780	0.000239273	0.0855483	0.237668	0.619181	0.0458025	0.0115604
10781	0.000239276	0.0855492	0.237671	0.619188	0.045803	0.0115494
10782	0.000239277	0.0855498	0.237672	0.619192	0.0458033	0.0115432
10783	0.00023926	0.0855437	0.237655	0.619148	0.0458	0.0116139
10784	0.000239278	0.08555	0.237673	0.619194	0.0458034	0.0115404
10785	0.000239282	0.0855515	0.237677	0.619205	0.0458042	0.0115231
10786	0.000239278	0.08555	0.237673	0.619194	0.0458034	0.0115404
10787	0.000239281	0.0855512	0.237676	0.619203	0.0458041	0.0115267
10788	0.000239272	0.0855479	0.237667	0.619179	0.0458023	0.0115646
10789	0.000239264	0.085545	0.237659	0.619158	0.0458007	0.0115982
10790	0.000239278	0.08555	0.237673	0.619194	0.0458034	0.0115404
10791	0.000239267	0.0855461	0.237662	0.619166	0.0458013	0.0115851
10792	0.000239274	0.0855486	0.237669	0.619184	0.0458027	0.0115565
10793	0.000239285	0.0855526	0.23768	0.619213	0.0458048	0.0115106
10794	0.000239262	0.0855444	0.237657	0.619153	0.0458004	0.0116057
10795	0.000239288	0.0855535	0.237683	0.619219	0.0458053	0.0115001
10796	0.00023926	0.0855437	0.237655	0.619148	0.0458	0.0116139
10797	0.000239284	0.0855523	0.237679	0.61921	0.0458046	0.0115142
10798	0.000239284	0.0855522	0.237679	0.61921	0.0458046	0.0115155
10799	0.000239288	0.0855537	0.237683	0.619221	0.0458054	0.0114976
10800	0.000239265	0.0855456	0.237661	0.619162	0.0458011	0.0115914
10801	0.000239289	0.085554	0.237684	0.619223	0.0458055	0.0114948
10802	0.000239284	0.0855522	0.237679	0.61921	0.0458046	0.0115155
10803	0.000239277	0.0855498	0.237672	0.619192	0.0458033	0.0115432
10804	0.000239271	0.0855475	0.237666	0.619176	0.0458021	0.0115692
10805	0.00023925	0.08554	0.237645	0.619121	0.045798	0.0116563
10806	0.000239228	0.0855322	0.237623	0.619065	0.0457939	0.011746
10807	0.000239278	0.0855502	0.237674	0.619196	0.0458035	0.0115378
10808	0.000239268	0.0855466	0.237664	0.61917	0.0458016	0.0115794
10809	0.000239287	0.0855532	0.237682	0.619217	0.0458051	0.0115039
10810	0.000239267	0.0855461	0.237662	0.619166	0.0458013	0.0115851
10811	0.000239284	0.0855524	0.237679	0.619211	0.0458047	0.011513
10812	0.000239282	0.0855517	0.237677	0.619206	0.0458043	0.0115214
10813	0.000239264	0.085545	0.237659	0.619158	0.0458007	0.0115982
10814	0.000239285	0.0855525	0.23768	0.619212	0.0458047	0.0115118
10815	0.000239273	0.0855483	0.237668	0.619181	0.0458025	0.0115604
10816	0.000239274	0.0855486	0.237669	0.619184	0.0458027	0.0115565
10817	0.000239289	0.085554	0.237684	0.619223	0.0458056	0.0114939
10818	0.000239285	0.0855527	0.23768	0.619213	0.0458049	0.0115095
10819	0.000239286	0.0855531	0.237681	0.619216	0.0458051	0.0115047
10820	0.00023928	0.0855507	0.237675	0.619199	0.0458038	0.011533
10821	0.000239228	0.0855322	0.237623	0.619065	0.0457939	0.011746
10822	0.000239279	0.0855505	0.237674	0.619197	0.0458037	0.0115353
10823	0.000239279	0.0855505	0.237674	0.619197	0.0458037	0.0115353
10824	0.000239271	0.0855475	0.237666	0.619176	0.0458021	0.0115692
10825	0.000239279	0.0855505	0.237674	0.619197	0.0458037	0.0115353
10826	0.000239273	0.0855483	0.237668	0.619181	0.0458025	0.0115604
10827	1.62437e-05	0.00580769	0.0161348	0.0420349	0.00310944	0.932897
10828	0.000239222	0.0855299	0.237617	0.619049	0.0457927	0.0117723
10829	0.000239279	0.0855505	0.237674	0.619197	0.0458037	0.0115353
10830	9.39927e-06	0.00336056	0.00933623	0.0243231	0.00179924	0.961171
10831	0.000239258	0.0855429	0.237653	0.619142	0.0457996	0.0116229
10832	0.000239289	0.085554	0.237684	0.619223	0.0458056	0.0114944
10833	0.000239284	0.0855523	0.237679	0.61921	0.0458046	0.0115142
10834	0.000239286	0.0855529	0.237681	0.619215	0.045805	0.0115065
10835	0.000239258	0.0855429	0.237653	0.619142	0.0457996	0.0116229
10836	0.000239283	0.085552	0.237679	0.619209	0.0458045	0.0115169
10837	0.000239282	0.0855515	0.237677	0.619205	0.0458042	0.0115231
10838	0.000239277	0.0855498	0.237672	0.619192	0.0458033	0.0115432
10839	0.000239281	0.0855512	0.237676	0.619203	0.0458041	0.0115267
10840	0.000239287	0.0855533	0.237682	0.619218	0.0458052	0.0115023
10841	0.000239265	0.0855456	0.237661	0.619162	0.0458011	0.0115914
10842	0.000239282	0.0855517	0.237677	0.619206	0.0458043	0.0115214
10843	0.000239288	0.0855537	0.237683	0.61922	0.0458054	0.0114982
10844	0.00023927	0.0855471	0.237665	0.619173	0.0458019	0.0115741
10845	0.000239286	0.0855531	0.237681	0.619216	0.0458051	0.0115047
10846	0.000239271	0.0855475	0.237666	0.619176	0.0458021	0.0115692
10847	0.000239286	0.0855529	0.237681	0.619215	0.045805	0.0115065
10848	0.000239288	0.0855535	0.237683	0.619219	0.0458053	0.0115001
10849	0.00023926	0.0855437	0.237655	0.619148	0.0458	0.0116139
10850	0.000239283	0.0855519	0.237678	0.619208	0.0458044	0.0115183
10851	0.000239279	0.0855505	0.237674	0.619197	0.0458037	0.0115353
10852	0.000239253	0.085541	0.237648	0.619129	0.0457986	0.011644
10853	0.00023926	0.0855437	0.237655	0.619148	0.0458	0.0116139
10854	0.000239267	0.0855461	0.237662	0.619166	0.0458013	0.0115851
10855	0.000239275	0.0855489	0.23767	0.619186	0.0458028	0.0115528
10856	0.000239282	0.0855514	0.237677	0.619204	0.0458041	0.0115249
10857	0.00023927	0.0855471	0.237665	0.619173	0.0458019	0.0115741
10858	0.000239286	0.085553	0.237681	0.619216	0.045805	0.0115056
10859	0.000239278	0.08555	0.237673	0.619194	0.0458034	0.0115404
10860	0.000239282	0.0855514	0.237677	0.619204	0.0458041	0.0115249
10861	0.000239281	0.0855512	0.237676	0.619203	0.0458041	0.0115267
10862	0.00023925	0.08554	0.237645	0.619121	0.045798	0.0116563
10863	6.69401e-09	2.39334e-06	6.64911e-06	1.73225e-05	1.28139e-06	0.999972
10864	0.000239282	0.0855515	0.237677	0.619205	0.0458042	0.0115231
10865	0.000239267	0.0855461	0.237662	0.619166	0.0458013	0.0115851
10866	0.000239282	0.0855515	0.237677	0.619205	0.0458042	0.0115231
10867	0.00023926	0.0855437	0.237655	0.619148	0.0458	0.0116139
10868	0.000239283	0.085552	0.237679	0.619209	0.0458045	0.0115169
10869	0.000239284	0.0855523	0.237679	0.61921	0.0458046	0.0115142
10870	0.000239285	0.0855527	0.23768	0.619213	0.0458049	0.0115095
10871	0.000239258	0.0855429	0.237653	0.619142	0.0457996	0.0116229
10872	0.000239283	0.0855519	0.237678	0.619208	0.0458044	0.0115183
10873	0.000239285	0.0855526	0.23768	0.619213	0.0458048	0.0115106
10874	0.000239274	0.0855486	0.237669	0.619184	0.0458027	0.0115565
10875	0.00023928	0.0855508	0.237675	0.6192	0.0458039	0.0115308
10876	0.000239283	0.0855519	0.237678	0.619208	0.0458044	0.0115183
10877	0.000239276	0.0855495	0.237671	0.61919	0.0458032	0.0115462
10878	0.000239271	0.0855475	0.237666	0.619176	0.0458021	0.0115692
10879	0.00023927	0.0855471	0.237665	0.619173	0.0458019	0.0115741
10880	0.000239278	0.08555	0.237673	0.619194	0.0458034	0.0115404
10881	0.000239282	0.0855515	0.237677	0.619205	0.0458042	0.0115231
10882	0.000239277	0.0855498	0.237672	0.619192	0.0458033	0.0115432
10883	0.00023927	0.0855471	0.237665	0.619173	0.0458019	0.0115741
10884	0.000239255	0.085542	0.237651	0.619136	0.0457991	0.0116329
10885	0.00023925	0.08554	0.237645	0.619121	0.045798	0.0116563
10886	0.000239258	0.0855429	0.237653	0.619142	0.0457996	0.0116229
10887	0.000239282	0.0855517	0.237677	0.619206	0.0458043	0.0115214
10888	0.000239283	0.085552	0.237679	0.619209	0.0458045	0.0115169
10889	0.000239273	0.0855483	0.237668	0.619181	0.0458025	0.0115604
10890	0.000239278	0.08555	0.237673	0.619194	0.0458034	0.0115404
10891	0.000239243	0.0855374	0.237638	0.619103	0.0457967	0.0116856
10892	0.000239285	0.0855528	0.237681	0.619214	0.0458049	0.0115085
10893	0.000239285	0.0855528	0.237681	0.619214	0.0458049	0.0115085
10894	0.000239267	0.0855461	0.237662	0.619166	0.0458013	0.0115851
10895	0.000239275	0.0855489	0.23767	0.619186	0.0458028	0.0115528
10896	0.000239278	0.08555	0.237673	0.619194	0.0458034	0.0115404
10897	0.000239287	0.0855532	0.237682	0.619217	0.0458051	0.0115039
10898	0.000239282	0.0855514	0.237677	0.619204	0.0458041	0.0115249
10899	0.000239275	0.0855489	0.23767	0.619186	0.0458028	0.0115528
10900	0.000239278	0.08555	0.237673	0.619194	0.0458034	0.0115404
10901	0.000239272	0.0855479	0.237667	0.619179	0.0458023	0.0115646
10902	0.00023926	0.0855437	0.237655	0.619148	0.0458	0.0116139
10903	0.000239246	0.0855388	0.237642	0.619113	0.0457974	0.0116701
10904	0.000239276	0.0855495	0.237671	0.61919	0.0458032	0.0115462
10905	0.000239273	0.0855483	0.237668	0.619181	0.0458025	0.0115604
10906	0.000239283	0.085552	0.237679	0.619209	0.0458045	0.0115169
10907	0.000239276	0.0855492	0.237671	0.619188	0.045803	0.0115494
10908	0.000239287	0.0855532	0.237682	0.619217	0.0458051	0.0115031
10909	0.000239287	0.0855533	0.237682	0.619218	0.0458052	0.0115023
10910	1.43017e-05	0.00511334	0.0142058	0.0370094	0.00273768	0.94092
10911	0.000239264	0.085545	0.237659	0.619158	0.0458007	0.0115982
10912	0.00023927	0.0855471	0.237665	0.619173	0.0458019	0.0115741
10913	0.000239285	0.0855525	0.23768	0.619212	0.0458047	0.0115118
10914	0.000239262	0.0855444	0.237657	0.619153	0.0458004	0.0116057
10915	0.000239274	0.0855486	0.237669	0.619184	0.0458027	0.0115565
10916	0.000239272	0.0855479	0.237667	0.619179	0.0458023	0.0115646
10917	0.00023929	0.0855544	0.237685	0.619226	0.0458058	0.0114898
10918	0.000239268	0.0855466	0.237664	0.61917	0.0458016	0.0115794
10919	0.000239274	0.0855486	0.237669	0.619184	0.0458027	0.0115565
10920	0.000239264	0.085545	0.237659	0.619158	0.0458007	0.0115982
10921	0.000239281	0.085551	0.237676	0.619201	0.045804	0.0115287
10922	0.000239279	0.0855505	0.237674	0.619197	0.0458037	0.0115353
10923	0.000239273	0.0855483	0.237668	0.619181	0.0458025	0.0115604
10924	0.000239265	0.0855456	0.237661	0.619162	0.0458011	0.0115914
10925	0.000239289	0.0855539	0.237684	0.619222	0.0458055	0.0114954
10926	0.000239284	0.0855523	0.237679	0.61921	0.0458046	0.0115142
10927	0.00023926	0.0855437	0.237655	0.619148	0.0458	0.0116139
10928	0.000239287	0.0855534	0.237682	0.619219	0.0458053	0.0115008
10929	0.000239271	0.0855475	0.237666	0.619176	0.0458021	0.0115692
10930	3.59424e-07	0.000128507	0.000357014	0.000930105	6.88023e-05	0.998515
10931	0.000214809	0.0768016	0.213368	0.555875	0.0411196	0.112621
10932	0.000239273	0.0855483	0.237668	0.619181	0.0458025	0.0115604
10933	0.000239275	0.0855489	0.23767	0.619186	0.0458028	0.0115528
10934	0.00023928	0.0855508	0.237675	0.6192	0.0458039	0.0115308
10935	0.000239278	0.0855502	0.237674	0.619196	0.0458035	0.0115378
10936	0.000239291	0.0855546	0.237686	0.619227	0.0458059	0.0114876
10937	0.000239283	0.0855518	0.237678	0.619207	0.0458044	0.0115198
10938	0.000239278	0.0855502	0.237674	0.619196	0.0458035	0.0115378
10939	0.000239286	0.085553	0.237681	0.619216	0.045805	0.0115056
10940	0.000239289	0.085554	0.237684	0.619223	0.0458055	0.0114948
10941	0.000239275	0.0855489	0.23767	0.619186	0.0458028	0.0115528
10942	0.000239286	0.085553	0.237681	0.619216	0.045805	0.0115056
10943	0.00023925	0.08554	0.237645	0.619121	0.045798	0.0116563
10944	0.000239288	0.0855536	0.237683	0.61922	0.0458053	0.0114988
10945	0.000239275	0.0855489	0.23767	0.619186	0.0458028	0.0115528
10946	0.000239288	0.0855537	0.237683	0.61922	0.0458054	0.0114982
10947	0.000239282	0.0855515	0.237677	0.619205	0.0458042	0.0115231
10948	0.000239272	0.0855479	0.237667	0.619179	0.0458023	0.0115646
10949	0.00023925	0.08554	0.237645	0.619121	0.045798	0.0116563
10950	0.000239275	0.0855489	0.23767	0.619186	0.0458028	0.0115528
10951	0.000239271	0.0855475	0.237666	0.619176	0.0458021	0.0115692
10952	0.000239285	0.0855527	0.23768	0.619213	0.0458049	0.0115095
10953	0.000239255	0.085542	0.237651	0.619136	0.0457991	0.0116329
10954	0.00023925	0.08554	0.237645	0.619121	0.045798	0.0116563
10955	0.000239268	0.0855466	0.237664	0.61917	0.0458016	0.0115794
10956	0.00023928	0.0855508	0.237675	0.6192	0.0458039	0.0115308
10957	0.000239262	0.0855444	0.237657	0.619153	0.0458004	0.0116057
10958	0.000239292	0.0855551	0.237687	0.619231	0.0458061	0.011482
10959	0.000239276	0.0855495	0.237671	0.61919	0.0458032	0.0115462
10960	0.000239267	0.0855461	0.237662	0.619166	0.0458013	0.0115851
10961	0.00023929	0.0855544	0.237685	0.619225	0.0458057	0.0114902
10962	0.000239243	0.0855374	0.237638	0.619103	0.0457967	0.0116856
10963	0.000239228	0.0855322	0.237623	0.619065	0.0457939	0.011746
10964	0.000239285	0.0855528	0.237681	0.619214	0.0458049	0.0115085
10965	0.000239283	0.0855519	0.237678	0.619208	0.0458044	0.0115183
10966	0.000239287	0.0855534	0.237682	0.619218	0.0458052	0.0115015
10967	0.000239279	0.0855505	0.237674	0.619197	0.0458037	0.0115353
10968	0.000239265	0.0855456	0.237661	0.619162	0.0458011	0.0115914
10969	0.000239285	0.0855525	0.23768	0.619212	0.0458047	0.0115118
10970	0.000239285	0.0855525	0.23768	0.619212	0.0458047	0.0115118
10971	0.000239265	0.0855456	0.237661	0.619162	0.0458011	0.0115914
10972	0.00023927	0.0855471	0.237665	0.619173	0.0458019	0.0115741
10973	0.00023928	0.0855507	0.237675	0.619199	0.0458038	0.011533
10974	0.000239262	0.0855444	0.237657	0.619153	0.0458004	0.0116057
10975	0.000239283	0.0855518	0.237678	0.619207	0.0458044	0.0115198
10976	0.000239238	0.0855359	0.237634	0.619092	0.0457959	0.0117032
10977	0.000239274	0.0855486	0.237669	0.619184	0.0458027	0.0115565
10978	0.000239278	0.0855502	0.237674	0.619196	0.0458035	0.0115378
10979	0.000239288	0.0855538	0.237683	0.619222	0.0458055	0.0114964
10980	0.000239246	0.0855388	0.237642	0.619113	0.0457974	0.0116701
10981	0.00023928	0.0855508	0.237675	0.6192	0.0458039	0.0115308
10982	0.000239284	0.0855524	0.237679	0.619211	0.0458047	0.011513
10983	0.000239288	0.0855536	0.237683	0.61922	0.0458053	0.0114994
10984	7.19414e-05	0.0257215	0.0714589	0.186167	0.0137713	0.702809
10985	0.000239292	0.0855552	0.237687	0.619231	0.0458062	0.0114807
10986	0.000239278	0.0855502	0.237674	0.619196	0.0458035	0.0115378
10987	0.000239284	0.0855523	0.237679	0.61921	0.0458046	0.0115142
10988	0.000239278	0.08555	0.237673	0.619194	0.0458034	0.0115404
10989	0.000239273	0.0855483	0.237668	0.619181	0.0458025	0.0115604
10990	0.000239279	0.0855505	0.237674	0.619197	0.0458037	0.0115353
10991	0.000239288	0.0855537	0.237683	0.619221	0.0458054	0.0114976
10992	0.000239287	0.0855532	0.237682	0.619217	0.0458051	0.0115031
10993	0.000239287	0.0855534	0.237682	0.619218	0.0458052	0.0115015
10994	0.000239274	0.0855486	0.237669	0.619184	0.0458027	0.0115565
10995	0.000239278	0.08555	0.237673	0.619194	0.0458034	0.0115404
10996	0.000239286	0.0855529	0.237681	0.619215	0.045805	0.0115065
10997	0.000239195	0.0855205	0.237591	0.618981	0.0457876	0.0118812
10998	0.000239286	0.0855531	0.237681	0.619216	0.0458051	0.0115047
10999	0.000239284	0.0855523	0.237679	0.61921	0.0458046	0.0115142
11000	0.000226528	0.0809915	0.225009	0.586201	0.0433628	0.0642098
11001	0.000239262	0.0855444	0.237657	0.619153	0.0458004	0.0116057
11002	0.000239278	0.0855502	0.237674	0.619196	0.0458035	0.0115378
11003	0.000239284	0.0855522	0.237679	0.61921	0.0458046	0.0115155
11004	0.00023926	0.0855437	0.237655	0.619148	0.0458	0.0116139
11005	0.000239288	0.0855537	0.237683	0.61922	0.0458054	0.0114982
11006	0.000239265	0.0855456	0.237661	0.619162	0.0458011	0.0115914
11007	0.000239282	0.0855514	0.237677	0.619204	0.0458041	0.0115249
11008	0.000239262	0.0855444	0.237657	0.619153	0.0458004	0.0116057
11009	0.000239273	0.0855483	0.237668	0.619181	0.0458025	0.0115604
11010	0.000239276	0.0855495	0.237671	0.61919	0.0458032	0.0115462
11011	0.000239276	0.0855495	0.237671	0.61919	0.0458032	0.0115462
11012	0.000239288	0.0855535	0.237683	0.619219	0.0458053	0.0115001
11013	0.000239282	0.0855514	0.237677	0.619204	0.0458041	0.0115249
11014	0.000239265	0.0855456	0.237661	0.619162	0.0458011	0.0115914
11015	0.000239283	0.0855518	0.237678	0.619207	0.0458044	0.0115198
11016	0.000239285	0.0855525	0.23768	0.619212	0.0458047	0.0115118
11017	0.00023925	0.08554	0.237645	0.619121	0.045798	0.0116563
11018	0.000239283	0.085552	0.237679	0.619209	0.0458045	0.0115169
11019	0.000239287	0.0855533	0.237682	0.619218	0.0458052	0.0115023
11020	0.000239284	0.0855523	0.237679	0.61921	0.0458046	0.0115142
11021	0.000239285	0.0855525	0.23768	0.619212	0.0458047	0.0115118
11022	0.000239287	0.0855534	0.237682	0.619218	0.0458052	0.0115015
11023	0.00023928	0.0855507	0.237675	0.619199	0.0458038	0.011533
11024	7.34855e-06	0.00262736	0.00729926	0.0190163	0.00140669	0.969643
11025	0.000239278	0.08555	0.237673	0.619194	0.0458034	0.0115404
11026	0.000239283	0.085552	0.237679	0.619209	0.0458045	0.0115169
11027	0.000239292	0.0855551	0.237687	0.619231	0.0458061	0.0114815
11028	0.000239206	0.0855242	0.237601	0.619007	0.0457896	0.0118387
11029	0.000239253	0.085541	0.237648	0.619129	0.0457986	0.011644
11030	0.00023925	0.08554	0.237645	0.619121	0.045798	0.0116563
11031	0.000239286	0.0855529	0.237681	0.619215	0.045805	0.0115065
11032	0.000239272	0.0855479	0.237667	0.619179	0.0458023	0.0115646
11033	0.000239262	0.0855444	0.237657	0.619153	0.0458004	0.0116057
11034	0.000239272	0.0855479	0.237667	0.619179	0.0458023	0.0115646
11035	0.000239246	0.0855388	0.237642	0.619113	0.0457974	0.0116701
11036	0.000239195	0.0855205	0.237591	0.618981	0.0457876	0.0118812
11037	0.00023915	0.0855042	0.237546	0.618863	0.0457789	0.0120695
11038	0.000239281	0.0855512	0.237676	0.619203	0.0458041	0.0115267
11039	0.000239279	0.0855505	0.237674	0.619197	0.0458037	0.0115353
11040	0.000239286	0.0855529	0.237681	0.619215	0.0458049	0.0115075
11041	2.56296e-07	9.16347e-05	0.000254577	0.000663234	4.90612e-05	0.998941
11042	0.000239255	0.085542	0.237651	0.619136	0.0457991	0.0116329
11043	0.000239279	0.0855505	0.237674	0.619197	0.0458037	0.0115353
11044	0.000239276	0.0855492	0.237671	0.619188	0.045803	0.0115494
11045	0.000239288	0.0855535	0.237683	0.619219	0.0458053	0.0115001
11046	0.000239214	0.0855273	0.23761	0.61903	0.0457913	0.0118029
11047	0.000239234	0.0855342	0.237629	0.61908	0.045795	0.0117231
11048	0.000239287	0.0855534	0.237682	0.619219	0.0458053	0.0115008
11049	0.000239289	0.0855542	0.237684	0.619224	0.0458056	0.0114925
11050	0.000239278	0.0855502	0.237674	0.619196	0.0458035	0.0115378
11051	0.000239279	0.0855505	0.237674	0.619197	0.0458037	0.0115353
11052	0.000235558	0.08422	0.233978	0.609567	0.0450913	0.0269079
11053	0.000239268	0.0855466	0.237664	0.61917	0.0458016	0.0115794
11054	0.000189114	0.0676147	0.187845	0.489382	0.0362008	0.218768
11055	0.000239253	0.085541	0.237648	0.619129	0.0457986	0.011644
11056	0.000239278	0.0855502	0.237674	0.619196	0.0458035	0.0115378
11057	0.000239262	0.0855444	0.237657	0.619153	0.0458004	0.0116057
11058	0.000239246	0.0855388	0.237642	0.619113	0.0457974	0.0116701
11059	0.00023926	0.0855437	0.237655	0.619148	0.0458	0.0116139
11060	0.000239268	0.0855466	0.237664	0.61917	0.0458016	0.0115794
11061	0.000239222	0.0855299	0.237617	0.619049	0.0457927	0.0117723
11062	0.000239214	0.0855273	0.23761	0.61903	0.0457913	0.0118029
11063	0.00023925	0.08554	0.237645	0.619121	0.045798	0.0116563
11064	0.000239278	0.08555	0.237673	0.619194	0.0458034	0.0115404
11065	0.000239283	0.0855519	0.237678	0.619208	0.0458044	0.0115183
11066	0.000239272	0.0855479	0.237667	0.619179	0.0458023	0.0115646
11067	0.000239276	0.0855492	0.237671	0.619188	0.045803	0.0115494
11068	0.000239262	0.0855444	0.237657	0.619153	0.0458004	0.0116057
11069	0.000239274	0.0855486	0.237669	0.619184	0.0458027	0.0115565
11070	0.000239277	0.0855498	0.237672	0.619192	0.0458033	0.0115432
11071	0.000239264	0.085545	0.237659	0.619158	0.0458007	0.0115982
11072	0.000239265	0.0855456	0.237661	0.619162	0.0458011	0.0115914
11073	0.000239278	0.08555	0.237673	0.619194	0.0458034	0.0115404
11074	0.000239234	0.0855342	0.237629	0.61908	0.045795	0.0117231
11075	0.000239282	0.0855515	0.237677	0.619205	0.0458042	0.0115231
11076	0.000239287	0.0855532	0.237682	0.619217	0.0458051	0.0115031
11077	0.000239277	0.0855498	0.237672	0.619192	0.0458033	0.0115432
11078	0.000239222	0.0855299	0.237617	0.619049	0.0457927	0.0117723
11079	0.000239214	0.0855273	0.23761	0.61903	0.0457913	0.0118029
11080	0.000239228	0.0855322	0.237623	0.619065	0.0457939	0.011746
11081	0.000239206	0.0855242	0.237601	0.619007	0.0457896	0.0118387
11082	0.000239281	0.0855512	0.237676	0.619203	0.0458041	0.0115267
11083	0.000239276	0.0855492	0.237671	0.619188	0.045803	0.0115494
11084	0.000239278	0.0855502	0.237674	0.619196	0.0458035	0.0115378
11085	0.000239283	0.0855519	0.237678	0.619208	0.0458044	0.0115183
11086	0.000239278	0.0855502	0.237674	0.619196	0.0458035	0.0115378
11087	0.000239274	0.0855486	0.237669	0.619184	0.0458027	0.0115565
11088	0.000126325	0.0451654	0.125477	0.326898	0.0241815	0.478151
11089	0.00023928	0.0855508	0.237675	0.6192	0.0458039	0.0115308
11090	0.000239195	0.0855205	0.237591	0.618981	0.0457876	0.0118812
11091	0.000239265	0.0855456	0.237661	0.619162	0.0458011	0.0115914
11092	0.000239287	0.0855532	0.237682	0.619217	0.0458051	0.0115031
11093	0.000239281	0.0855512	0.237676	0.619203	0.0458041	0.0115267
11094	0.000239275	0.0855489	0.23767	0.619186	0.0458028	0.0115528
11095	0.000239282	0.0855514	0.237677	0.619204	0.0458041	0.0115249
11096	0.000239287	0.0855534	0.237682	0.619219	0.0458053	0.0115008
11097	0.000239284	0.0855524	0.237679	0.619211	0.0458047	0.011513
11098	0.000239276	0.0855492	0.237671	0.619188	0.045803	0.0115494
11099	0.000239228	0.0855322	0.237623	0.619065	0.0457939	0.011746
11100	0.000239276	0.0855492	0.237671	0.619188	0.045803	0.0115494
11101	0.00023926	0.0855437	0.237655	0.619148	0.0458	0.0116139
11102	0.000239262	0.0855444	0.237657	0.619153	0.0458004	0.0116057
11103	0.000239272	0.0855479	0.237667	0.619179	0.0458023	0.0115646
11104	0.000239253	0.085541	0.237648	0.619129	0.0457986	0.011644
11105	0.000239283	0.0855519	0.237678	0.619208	0.0458044	0.0115183
11106	0.000239268	0.0855466	0.237664	0.61917	0.0458016	0.0115794
11107	0.000239275	0.0855489	0.23767	0.619186	0.0458028	0.0115528
11108	0.000239279	0.0855505	0.237674	0.619197	0.0458037	0.0115353
11109	0.000239276	0.0855495	0.237671	0.61919	0.0458032	0.0115462
11110	0.000239234	0.0855342	0.237629	0.61908	0.045795	0.0117231
11111	0.000239267	0.0855461	0.237662	0.619166	0.0458013	0.0115851
11112	0.000239262	0.0855444	0.237657	0.619153	0.0458004	0.0116057
11113	0.000239262	0.0855444	0.237657	0.619153	0.0458004	0.0116057
11114	0.000239282	0.0855515	0.237677	0.619205	0.0458042	0.0115231
11115	0.000239274	0.0855486	0.237669	0.619184	0.0458027	0.0115565
11116	0.000239278	0.08555	0.237673	0.619194	0.0458034	0.0115404
11117	0.00023928	0.0855507	0.237675	0.619199	0.0458038	0.011533
11118	0.000239283	0.0855519	0.237678	0.619208	0.0458044	0.0115183
11119	0.000239265	0.0855456	0.237661	0.619162	0.0458011	0.0115914
11120	0.000239268	0.0855466	0.237664	0.61917	0.0458016	0.0115794
11121	0.000239275	0.0855489	0.23767	0.619186	0.0458028	0.0115528
11122	0.000239278	0.0855502	0.237674	0.619196	0.0458035	0.0115378
11123	0.000239278	0.08555	0.237673	0.619194	0.0458034	0.0115404
11124	0.000239284	0.0855523	0.237679	0.61921	0.0458046	0.0115142
11125	0.000239281	0.085551	0.237676	0.619201	0.045804	0.0115287
11126	0.000239288	0.0855538	0.237683	0.619222	0.0458055	0.0114964
11127	0.000239283	0.085552	0.237679	0.619209	0.0458045	0.0115169
11128	0.000239291	0.0855546	0.237686	0.619227	0.0458059	0.0114871
11129	0.000239286	0.0855529	0.237681	0.619215	0.045805	0.0115065
11130	0.000239276	0.0855495	0.237671	0.61919	0.0458032	0.0115462
11131	0.000239285	0.0855528	0.237681	0.619214	0.0458049	0.0115085
11132	0.000239277	0.0855498	0.237672	0.619192	0.0458033	0.0115432
11133	0.000239282	0.0855517	0.237677	0.619206	0.0458043	0.0115214
11134	0.00023928	0.0855507	0.237675	0.619199	0.0458038	0.011533
11135	0.000239274	0.0855486	0.237669	0.619184	0.0458027	0.0115565
11136	0.000239267	0.0855461	0.237662	0.619166	0.0458013	0.0115851
11137	0.000239283	0.0855519	0.237678	0.619208	0.0458044	0.0115183
11138	1.43017e-05	0.00511334	0.0142058	0.0370094	0.00273768	0.94092
11139	0.000239278	0.08555	0.237673	0.619194	0.0458034	0.0115404
11140	0.000239273	0.0855483	0.237668	0.619181	0.0458025	0.0115604
11141	0.000239127	0.085496	0.237523	0.618803	0.0457745	0.0121645
11142	0.00023928	0.0855508	0.237675	0.6192	0.0458039	0.0115308
11143	0.00023754	0.0849288	0.235947	0.614698	0.0454708	0.0187176
11144	0.000239278	0.0855502	0.237674	0.619196	0.0458035	0.0115378
11145	0.000239246	0.0855388	0.237642	0.619113	0.0457974	0.0116701
11146	6.13752e-05	0.0219438	0.0609636	0.158825	0.0117487	0.746458
11147	0.000239283	0.0855518	0.237678	0.619207	0.0458044	0.0115198
11148	0.000239277	0.0855498	0.237672	0.619192	0.0458033	0.0115432
11149	0.000239274	0.0855486	0.237669	0.619184	0.0458027	0.0115565
11150	0.000239287	0.0855534	0.237682	0.619218	0.0458052	0.0115015
11151	0.000239287	0.0855534	0.237682	0.619219	0.0458053	0.0115008
11152	0.000239238	0.0855359	0.237634	0.619092	0.0457959	0.0117032
11153	0.000239276	0.0855495	0.237671	0.61919	0.0458032	0.0115462
11154	0.00023925	0.08554	0.237645	0.619121	0.045798	0.0116563
11155	0.000239278	0.0855502	0.237674	0.619196	0.0458035	0.0115378
11156	0.00023925	0.08554	0.237645	0.619121	0.045798	0.0116563
11157	0.000239273	0.0855483	0.237668	0.619181	0.0458025	0.0115604
11158	0.000239267	0.0855461	0.237662	0.619166	0.0458013	0.0115851
11159	0.000239238	0.0855359	0.237634	0.619092	0.0457959	0.0117032
11160	0.000239289	0.0855539	0.237684	0.619222	0.0458055	0.0114954
11161	0.000239265	0.0855456	0.237661	0.619162	0.0458011	0.0115914
11162	0.000239282	0.0855515	0.237677	0.619205	0.0458042	0.0115231
11163	0.000239265	0.0855456	0.237661	0.619162	0.0458011	0.0115914
11164	0.000239267	0.0855461	0.237662	0.619166	0.0458013	0.0115851
11165	0.000239275	0.0855489	0.23767	0.619186	0.0458028	0.0115528
11166	0.00023927	0.0855471	0.237665	0.619173	0.0458019	0.0115741
11167	0.000239277	0.0855498	0.237672	0.619192	0.0458033	0.0115432
11168	0.000239282	0.0855514	0.237677	0.619204	0.0458041	0.0115249
11169	0.000239279	0.0855505	0.237674	0.619197	0.0458037	0.0115353
11170	0.000239281	0.0855512	0.237676	0.619203	0.0458041	0.0115267
11171	0.000239287	0.0855534	0.237682	0.619219	0.0458053	0.0115008
11172	0.000239283	0.0855519	0.237678	0.619208	0.0458044	0.0115183
11173	0.000239276	0.0855495	0.237671	0.61919	0.0458032	0.0115462
11174	0.00023927	0.0855471	0.237665	0.619173	0.0458019	0.0115741
11175	0.000239276	0.0855492	0.237671	0.619188	0.045803	0.0115494
11176	0.000239277	0.0855498	0.237672	0.619192	0.0458033	0.0115432
11177	0.000239286	0.0855531	0.237681	0.619216	0.0458051	0.0115047
11178	0.000239276	0.0855492	0.237671	0.619188	0.045803	0.0115494
11179	0.000239282	0.0855514	0.237677	0.619204	0.0458041	0.0115249
11180	0.000239279	0.0855505	0.237674	0.619197	0.0458037	0.0115353
11181	0.000239262	0.0855444	0.237657	0.619153	0.0458004	0.0116057
11182	0.000239283	0.0855519	0.237678	0.619208	0.0458044	0.0115183
11183	0.000239277	0.0855498	0.237672	0.619192	0.0458033	0.0115432
11184	0.000239238	0.0855359	0.237634	0.619092	0.0457959	0.0117032
11185	0.000239288	0.0855537	0.237683	0.619221	0.0458054	0.0114976
11186	0.000239267	0.0855461	0.237662	0.619166	0.0458013	0.0115851
11187	0.000239283	0.0855519	0.237678	0.619208	0.0458044	0.0115183
11188	0.000239274	0.0855486	0.237669	0.619184	0.0458027	0.0115565
11189	0.000239268	0.0855466	0.237664	0.61917	0.0458016	0.0115794
11190	0.000239282	0.0855514	0.237677	0.619204	0.0458041	0.0115249
11191	0.00023928	0.0855507	0.237675	0.619199	0.0458038	0.011533
11192	0.00023928	0.0855508	0.237675	0.6192	0.0458039	0.0115308
11193	0.000239276	0.0855492	0.237671	0.619188	0.045803	0.0115494
11194	0.000239271	0.0855475	0.237666	0.619176	0.0458021	0.0115692
11195	0.00023928	0.0855507	0.237675	0.619199	0.0458038	0.011533
11196	0.000239258	0.0855429	0.237653	0.619142	0.0457996	0.0116229
11197	0.000239275	0.0855489	0.23767	0.619186	0.0458028	0.0115528
11198	0.000239214	0.0855273	0.23761	0.61903	0.0457913	0.0118029
11199	0.000239284	0.0855523	0.237679	0.61921	0.0458046	0.0115142
11200	0.000239268	0.0855466	0.237664	0.61917	0.0458016	0.0115794
11201	0.000239283	0.0855518	0.237678	0.619207	0.0458044	0.0115198
11202	0.000239277	0.0855498	0.237672	0.619192	0.0458033	0.0115432
11203	0.000239258	0.0855429	0.237653	0.619142	0.0457996	0.0116229
11204	0.000239278	0.08555	0.237673	0.619194	0.0458034	0.0115404
11205	0.000156575	0.0559808	0.155524	0.405178	0.0299721	0.353188
11206	0.00023925	0.08554	0.237645	0.619121	0.045798	0.0116563
11207	0.000239276	0.0855492	0.237671	0.619188	0.045803	0.0115494
11208	0.000239238	0.0855359	0.237634	0.619092	0.0457959	0.0117032
11209	0.000239265	0.0855456	0.237661	0.619162	0.0458011	0.0115914
11210	0.000239276	0.0855495	0.237671	0.61919	0.0458032	0.0115462
11211	0.000239288	0.0855536	0.237683	0.61922	0.0458053	0.0114988
11212	0.000239276	0.0855495	0.237671	0.61919	0.0458032	0.0115462
11213	0.000239284	0.0855524	0.237679	0.619211	0.0458047	0.011513
11214	0.000239287	0.0855532	0.237682	0.619217	0.0458051	0.0115039
11215	0.000239282	0.0855517	0.237677	0.619206	0.0458043	0.0115214
11216	0.000239284	0.0855524	0.237679	0.619211	0.0458047	0.011513
11217	0.000239283	0.0855518	0.237678	0.619207	0.0458044	0.0115198
11218	0.000239287	0.0855532	0.237682	0.619217	0.0458051	0.0115031
11219	0.000239281	0.085551	0.237676	0.619201	0.045804	0.0115287
11220	0.000239265	0.0855456	0.237661	0.619162	0.0458011	0.0115914
11221	0.000239283	0.0855518	0.237678	0.619207	0.0458044	0.0115198
11222	0.000239285	0.0855526	0.23768	0.619213	0.0458048	0.0115106
11223	0.000239276	0.0855495	0.237671	0.61919	0.0458032	0.0115462
11224	0.000239283	0.085552	0.237679	0.619209	0.0458045	0.0115169
11225	0.000239283	0.0855519	0.237678	0.619208	0.0458044	0.0115183
11226	0.000239255	0.085542	0.237651	0.619136	0.0457991	0.0116329
11227	0.000239283	0.0855519	0.237678	0.619208	0.0458044	0.0115183
11228	0.000239284	0.0855523	0.237679	0.61921	0.0458046	0.0115142
11229	0.000239276	0.0855495	0.237671	0.61919	0.0458032	0.0115462
11230	0.000239206	0.0855242	0.237601	0.619007	0.0457896	0.0118387
11231	0.000239276	0.0855495	0.237671	0.61919	0.0458032	0.0115462
11232	0.000239267	0.0855461	0.237662	0.619166	0.0458013	0.0115851
11233	0.00023927	0.0855471	0.237665	0.619173	0.0458019	0.0115741
11234	0.000239282	0.0855514	0.237677	0.619204	0.0458041	0.0115249
11235	0.000239253	0.085541	0.237648	0.619129	0.0457986	0.011644
11236	0.000239255	0.085542	0.237651	0.619136	0.0457991	0.0116329
11237	0.000239287	0.0855532	0.237682	0.619217	0.0458051	0.0115039
11238	0.000239238	0.0855359	0.237634	0.619092	0.0457959	0.0117032
11239	0.000239283	0.085552	0.237679	0.619209	0.0458045	0.0115169
11240	0.000239277	0.0855498	0.237672	0.619192	0.0458033	0.0115432
11241	0.000239288	0.0855536	0.237683	0.61922	0.0458053	0.0114994
11242	0.000239286	0.085553	0.237681	0.619216	0.045805	0.0115056
11243	0.000239272	0.0855479	0.237667	0.619179	0.0458023	0.0115646
11244	0.000239286	0.0855529	0.237681	0.619215	0.045805	0.0115065
11245	0.000239274	0.0855486	0.237669	0.619184	0.0458027	0.0115565
11246	0.000239273	0.0855483	0.237668	0.619181	0.0458025	0.0115604
11247	0.000239273	0.0855483	0.237668	0.619181	0.0458025	0.0115604
11248	0.000239281	0.085551	0.237676	0.619201	0.045804	0.0115287
11249	0.000239278	0.08555	0.237673	0.619194	0.0458034	0.0115404
11250	0.000239277	0.0855498	0.237672	0.619192	0.0458033	0.0115432
11251	0.000239246	0.0855388	0.237642	0.619113	0.0457974	0.0116701
11252	0.00023927	0.0855471	0.237665	0.619173	0.0458019	0.0115741
11253	0.000239289	0.0855541	0.237684	0.619223	0.0458056	0.0114934
11254	0.000239282	0.0855517	0.237677	0.619206	0.0458043	0.0115214
11255	0.000239281	0.0855512	0.237676	0.619203	0.0458041	0.0115267
11256	0.000239282	0.0855514	0.237677	0.619204	0.0458041	0.0115249
11257	0.00023925	0.08554	0.237645	0.619121	0.045798	0.0116563
11258	0.000239291	0.0855548	0.237686	0.619229	0.045806	0.0114849
11259	0.000239258	0.0855429	0.237653	0.619142	0.0457996	0.0116229
11260	0.000239279	0.0855505	0.237674	0.619197	0.0458037	0.0115353
11261	0.000239289	0.0855542	0.237685	0.619224	0.0458057	0.0114921
11262	0.000239284	0.0855524	0.237679	0.619211	0.0458047	0.011513
11263	0.000239289	0.085554	0.237684	0.619223	0.0458055	0.0114948
11264	0.000239274	0.0855486	0.237669	0.619184	0.0458027	0.0115565
11265	0.000239285	0.0855528	0.237681	0.619214	0.0458049	0.0115085
11266	0.000239278	0.08555	0.237673	0.619194	0.0458034	0.0115404
11267	0.00021692	0.0775562	0.215465	0.561337	0.0415236	0.103902
11268	0.00023929	0.0855542	0.237685	0.619225	0.0458057	0.0114917
11269	3.81585e-05	0.013643	0.0379026	0.0987451	0.00730444	0.842367
11270	0.000239289	0.0855541	0.237684	0.619223	0.0458056	0.0114934
11271	0.000239288	0.0855537	0.237683	0.619221	0.0458054	0.0114976
11272	0.00023928	0.0855507	0.237675	0.619199	0.0458038	0.011533
11273	0.000239287	0.0855533	0.237682	0.619218	0.0458052	0.0115023
11274	0.000239255	0.085542	0.237651	0.619136	0.0457991	0.0116329
11275	0.000239281	0.085551	0.237676	0.619201	0.045804	0.0115287
11276	0.000239267	0.0855461	0.237662	0.619166	0.0458013	0.0115851
11277	0.000239289	0.0855541	0.237684	0.619223	0.0458056	0.0114934
11278	0.000239282	0.0855517	0.237677	0.619206	0.0458043	0.0115214
11279	0.00023929	0.0855544	0.237685	0.619226	0.0458058	0.0114895
11280	0.000239282	0.0855515	0.237677	0.619205	0.0458042	0.0115231
11281	0.000239291	0.0855549	0.237686	0.619229	0.045806	0.0114845
11282	0.000239276	0.0855492	0.237671	0.619188	0.045803	0.0115494
11283	0.000239289	0.085554	0.237684	0.619223	0.0458055	0.0114948
11284	0.000239284	0.0855522	0.237679	0.61921	0.0458046	0.0115155
11285	0.000239284	0.0855523	0.237679	0.61921	0.0458046	0.0115142
11286	0.000239283	0.085552	0.237679	0.619209	0.0458045	0.0115169
11287	0.000239276	0.0855492	0.237671	0.619188	0.045803	0.0115494
11288	0.000239275	0.0855489	0.23767	0.619186	0.0458028	0.0115528
11289	0.00023927	0.0855471	0.237665	0.619173	0.0458019	0.0115741
11290	0.000239282	0.0855515	0.237677	0.619205	0.0458042	0.0115231
11291	0.000239285	0.0855525	0.23768	0.619212	0.0458047	0.0115118
11292	0.000239275	0.0855489	0.23767	0.619186	0.0458028	0.0115528
11293	0.000239278	0.0855502	0.237674	0.619196	0.0458035	0.0115378
11294	0.000239267	0.0855461	0.237662	0.619166	0.0458013	0.0115851
11295	0.000239277	0.0855498	0.237672	0.619192	0.0458033	0.0115432
11296	0.000239288	0.0855535	0.237683	0.619219	0.0458053	0.0115001
11297	0.000239286	0.0855529	0.237681	0.619215	0.045805	0.0115065
11298	0.000239284	0.0855523	0.237679	0.61921	0.0458046	0.0115142
11299	0.00023928	0.0855508	0.237675	0.6192	0.0458039	0.0115308
11300	0.00023928	0.0855507	0.237675	0.619199	0.0458038	0.011533
11301	0.000239288	0.0855538	0.237683	0.619222	0.0458055	0.0114964
11302	0.000239288	0.0855537	0.237683	0.61922	0.0458054	0.0114982
11303	0.000239278	0.08555	0.237673	0.619194	0.0458034	0.0115404
11304	0.000239276	0.0855495	0.237671	0.61919	0.0458032	0.0115462
11305	0.000239268	0.0855466	0.237664	0.61917	0.0458016	0.0115794
11306	0.000239283	0.085552	0.237679	0.619209	0.0458045	0.0115169
11307	0.000173376	0.0619879	0.172213	0.448656	0.0331883	0.283781
11308	0.00023928	0.0855508	0.237675	0.6192	0.0458039	0.0115308
11309	0.000239278	0.08555	0.237673	0.619194	0.0458034	0.0115404
11310	0.000239264	0.085545	0.237659	0.619158	0.0458007	0.0115982
11311	0.000239287	0.0855532	0.237682	0.619217	0.0458051	0.0115039
11312	0.000239262	0.0855444	0.237657	0.619153	0.0458004	0.0116057
11313	0.000239289	0.085554	0.237684	0.619223	0.0458055	0.0114948
11314	0.000239268	0.0855466	0.237664	0.61917	0.0458016	0.0115794
11315	0.000239281	0.085551	0.237676	0.619201	0.045804	0.0115287
11316	0.000239284	0.0855523	0.237679	0.61921	0.0458046	0.0115142
11317	0.000239222	0.0855299	0.237617	0.619049	0.0457927	0.0117723
11318	0.000239281	0.085551	0.237676	0.619201	0.045804	0.0115287
11319	0.000239281	0.085551	0.237676	0.619201	0.045804	0.0115287
11320	0.000239286	0.085553	0.237681	0.619216	0.045805	0.0115056
11321	0.000239278	0.0855502	0.237674	0.619196	0.0458035	0.0115378
11322	0.000239275	0.0855489	0.23767	0.619186	0.0458028	0.0115528
11323	0.000239275	0.0855489	0.23767	0.619186	0.0458028	0.0115528
11324	0.000239284	0.0855523	0.237679	0.61921	0.0458046	0.0115142
11325	0.000239274	0.0855486	0.237669	0.619184	0.0458027	0.0115565
11326	0.000239284	0.0855522	0.237679	0.61921	0.0458046	0.0115155
11327	0.000239262	0.0855444	0.237657	0.619153	0.0458004	0.0116057
11328	0.000239282	0.0855517	0.237677	0.619206	0.0458043	0.0115214
11329	0.00023926	0.0855437	0.237655	0.619148	0.0458	0.0116139
11330	0.000239288	0.0855535	0.237683	0.619219	0.0458053	0.0115001
11331	0.000239278	0.08555	0.237673	0.619194	0.0458034	0.0115404
11332	0.00023926	0.0855437	0.237655	0.619148	0.0458	0.0116139
11333	0.000239246	0.0855388	0.237642	0.619113	0.0457974	0.0116701
11334	0.000239276	0.0855492	0.237671	0.619188	0.045803	0.0115494
11335	0.000239267	0.0855461	0.237662	0.619166	0.0458013	0.0115851
11336	0.00023927	0.0855471	0.237665	0.619173	0.0458019	0.0115741
11337	0.000239281	0.085551	0.237676	0.619201	0.045804	0.0115287
11338	0.000239264	0.085545	0.237659	0.619158	0.0458007	0.0115982
11339	0.000239281	0.085551	0.237676	0.619201	0.045804	0.0115287
11340	0.000239281	0.085551	0.237676	0.619201	0.045804	0.0115287
11341	0.000239281	0.0855512	0.237676	0.619203	0.0458041	0.0115267
11342	0.00023928	0.0855507	0.237675	0.619199	0.0458038	0.011533
11343	0.000239283	0.0855518	0.237678	0.619207	0.0458044	0.0115198
11344	0.000239265	0.0855456	0.237661	0.619162	0.0458011	0.0115914
11345	0.000239272	0.0855479	0.237667	0.619179	0.0458023	0.0115646
11346	0.000239293	0.0855554	0.237688	0.619233	0.0458063	0.0114783
11347	0.000239283	0.0855519	0.237678	0.619208	0.0458044	0.0115183
11348	0.00023926	0.0855437	0.237655	0.619148	0.0458	0.0116139
11349	0.000239277	0.0855498	0.237672	0.619192	0.0458033	0.0115432
11350	0.000239255	0.085542	0.237651	0.619136	0.0457991	0.0116329
11351	0.000239258	0.0855429	0.237653	0.619142	0.0457996	0.0116229
11352	0.000239282	0.0855515	0.237677	0.619205	0.0458042	0.0115231
11353	0.000239281	0.085551	0.237676	0.619201	0.045804	0.0115287
11354	0.000239279	0.0855505	0.237674	0.619197	0.0458037	0.0115353
11355	0.000239246	0.0855388	0.237642	0.619113	0.0457974	0.0116701
11356	0.000239287	0.0855533	0.237682	0.619218	0.0458052	0.0115023
11357	0.000239262	0.0855444	0.237657	0.619153	0.0458004	0.0116057
11358	0.00023926	0.0855437	0.237655	0.619148	0.0458	0.0116139
11359	0.000239283	0.0855518	0.237678	0.619207	0.0458044	0.0115198
11360	0.000239286	0.0855529	0.237681	0.619215	0.045805	0.0115065
11361	0.000239286	0.0855529	0.237681	0.619215	0.0458049	0.0115075
11362	0.000239282	0.0855514	0.237677	0.619204	0.0458041	0.0115249
11363	0.000239291	0.0855546	0.237686	0.619227	0.0458059	0.0114871
11364	0.000239278	0.08555	0.237673	0.619194	0.0458034	0.0115404
11365	0.000239283	0.0855519	0.237678	0.619208	0.0458044	0.0115183
11366	0.000239284	0.0855524	0.237679	0.619211	0.0458047	0.011513
11367	0.000239283	0.0855518	0.237678	0.619207	0.0458044	0.0115198
11368	0.00023927	0.0855471	0.237665	0.619173	0.0458019	0.0115741
11369	0.000239284	0.0855522	0.237679	0.61921	0.0458046	0.0115155
11370	0.000239282	0.0855517	0.237677	0.619206	0.0458043	0.0115214
11371	0.000239286	0.0855529	0.237681	0.619215	0.045805	0.0115065
11372	0.000239281	0.0855512	0.237676	0.619203	0.0458041	0.0115267
11373	0.000239289	0.0855542	0.237685	0.619224	0.0458057	0.0114921
11374	0.000239283	0.0855519	0.237678	0.619208	0.0458044	0.0115183
11375	0.000239282	0.0855517	0.237677	0.619206	0.0458043	0.0115214
11376	0.000239278	0.08555	0.237673	0.619194	0.0458034	0.0115404
11377	0.000239288	0.0855536	0.237683	0.61922	0.0458053	0.0114988
11378	0.000239265	0.0855456	0.237661	0.619162	0.0458011	0.0115914
11379	0.000239271	0.0855475	0.237666	0.619176	0.0458021	0.0115692
11380	0.00023926	0.0855437	0.237655	0.619148	0.0458	0.0116139
11381	0.000239283	0.0855519	0.237678	0.619208	0.0458044	0.0115183
11382	0.00023928	0.0855507	0.237675	0.619199	0.0458038	0.011533
11383	0.000239292	0.0855551	0.237687	0.619231	0.0458062	0.0114811
11384	0.000239283	0.085552	0.237679	0.619209	0.0458045	0.0115169
11385	0.00023928	0.0855507	0.237675	0.619199	0.0458038	0.011533
11386	0.000239272	0.0855479	0.237667	0.619179	0.0458023	0.0115646
11387	0.00023927	0.0855471	0.237665	0.619173	0.0458019	0.0115741
11388	0.000239286	0.0855529	0.237681	0.619215	0.0458049	0.0115075
11389	0.000239222	0.0855299	0.237617	0.619049	0.0457927	0.0117723
11390	0.000239278	0.08555	0.237673	0.619194	0.0458034	0.0115404
11391	0.000239275	0.0855489	0.23767	0.619186	0.0458028	0.0115528
11392	0.000239274	0.0855486	0.237669	0.619184	0.0458027	0.0115565
11393	0.000239277	0.0855498	0.237672	0.619192	0.0458033	0.0115432
11394	0.000239286	0.0855531	0.237681	0.619216	0.0458051	0.0115047
11395	0.000239271	0.0855475	0.237666	0.619176	0.0458021	0.0115692
11396	0.000239271	0.0855475	0.237666	0.619176	0.0458021	0.0115692
11397	0.000239273	0.0855483	0.237668	0.619181	0.0458025	0.0115604
11398	0.000239243	0.0855374	0.237638	0.619103	0.0457967	0.0116856
11399	0.000239282	0.0855515	0.237677	0.619205	0.0458042	0.0115231
11400	0.000239288	0.0855537	0.237683	0.619221	0.0458054	0.0114976
11401	0.000239282	0.0855515	0.237677	0.619205	0.0458042	0.0115231
11402	0.000239264	0.085545	0.237659	0.619158	0.0458007	0.0115982
11403	0.000239289	0.0855541	0.237684	0.619223	0.0458056	0.0114934
11404	0.000239291	0.0855546	0.237686	0.619227	0.0458059	0.0114876
11405	0.000239275	0.0855489	0.23767	0.619186	0.0458028	0.0115528
11406	0.000239275	0.0855489	0.23767	0.619186	0.0458028	0.0115528
11407	0.00023928	0.0855507	0.237675	0.619199	0.0458038	0.011533
11408	0.000239278	0.0855502	0.237674	0.619196	0.0458035	0.0115378
11409	0.000239283	0.085552	0.237679	0.619209	0.0458045	0.0115169
11410	0.000239253	0.085541	0.237648	0.619129	0.0457986	0.011644
11411	0.000239285	0.0855527	0.23768	0.619213	0.0458049	0.0115095
11412	0.000239283	0.0855518	0.237678	0.619207	0.0458044	0.0115198
11413	0.000239288	0.0855536	0.237683	0.61922	0.0458053	0.0114994
11414	0.000236245	0.0844658	0.234661	0.611347	0.0452229	0.0240674
11415	0.000239288	0.0855537	0.237683	0.619221	0.0458054	0.0114976
11416	0.000239268	0.0855466	0.237664	0.61917	0.0458016	0.0115794
11417	0.000239282	0.0855515	0.237677	0.619205	0.0458042	0.0115231
11418	0.000239276	0.0855495	0.237671	0.61919	0.0458032	0.0115462
11419	0.000239279	0.0855505	0.237674	0.619197	0.0458037	0.0115353
11420	0.00023925	0.08554	0.237645	0.619121	0.045798	0.0116563
11421	0.000239228	0.0855322	0.237623	0.619065	0.0457939	0.011746
11422	0.000239287	0.0855534	0.237682	0.619218	0.0458052	0.0115015
11423	0.000239282	0.0855514	0.237677	0.619204	0.0458041	0.0115249
11424	0.000239268	0.0855466	0.237664	0.61917	0.0458016	0.0115794
11425	0.000239291	0.0855549	0.237687	0.61923	0.045806	0.0114837
11426	0.000239277	0.0855498	0.237672	0.619192	0.0458033	0.0115432
11427	0.000239206	0.0855242	0.237601	0.619007	0.0457896	0.0118387
11428	0.000239228	0.0855322	0.237623	0.619065	0.0457939	0.011746
11429	0.000239278	0.0855502	0.237674	0.619196	0.0458035	0.0115378
11430	0.000239274	0.0855486	0.237669	0.619184	0.0458027	0.0115565
11431	0.000239265	0.0855456	0.237661	0.619162	0.0458011	0.0115914
11432	0.000239276	0.0855492	0.237671	0.619188	0.045803	0.0115494
11433	0.000109543	0.0391655	0.108809	0.283472	0.0209692	0.547475
11434	0.000239271	0.0855475	0.237666	0.619176	0.0458021	0.0115692
11435	0.00023926	0.0855437	0.237655	0.619148	0.0458	0.0116139
11436	0.000239258	0.0855429	0.237653	0.619142	0.0457996	0.0116229
11437	0.000239286	0.0855531	0.237681	0.619216	0.0458051	0.0115047
11438	0.000239267	0.0855461	0.237662	0.619166	0.0458013	0.0115851
11439	0.000239288	0.0855537	0.237683	0.61922	0.0458054	0.0114982
11440	0.000239284	0.0855524	0.237679	0.619211	0.0458047	0.011513
11441	0.000239168	0.0855108	0.237564	0.61891	0.0457824	0.0119936
11442	0.000233928	0.0836374	0.232359	0.605351	0.0447794	0.033639
11443	0.000239268	0.0855466	0.237664	0.61917	0.0458016	0.0115794
11444	0.000239222	0.0855299	0.237617	0.619049	0.0457927	0.0117723
11445	0.000239287	0.0855532	0.237682	0.619217	0.0458051	0.0115031
11446	0.000239265	0.0855456	0.237661	0.619162	0.0458011	0.0115914
11447	0.000239285	0.0855528	0.237681	0.619214	0.0458049	0.0115085
11448	0.000239267	0.0855461	0.237662	0.619166	0.0458013	0.0115851
11449	0.000239271	0.0855475	0.237666	0.619176	0.0458021	0.0115692
11450	0.000239265	0.0855456	0.237661	0.619162	0.0458011	0.0115914
11451	0.000239267	0.0855461	0.237662	0.619166	0.0458013	0.0115851
11452	0.000239268	0.0855466	0.237664	0.61917	0.0458016	0.0115794
11453	0.000239278	0.0855502	0.237674	0.619196	0.0458035	0.0115378
11454	0.000239279	0.0855505	0.237674	0.619197	0.0458037	0.0115353
11455	0.00023925	0.08554	0.237645	0.619121	0.045798	0.0116563
11456	0.000239255	0.085542	0.237651	0.619136	0.0457991	0.0116329
11457	0.000239284	0.0855523	0.237679	0.61921	0.0458046	0.0115142
11458	0.000239288	0.0855537	0.237683	0.619221	0.0458054	0.0114976
11459	0.000239276	0.0855495	0.237671	0.61919	0.0458032	0.0115462
11460	0.000239273	0.0855483	0.237668	0.619181	0.0458025	0.0115604
11461	0.000239283	0.085552	0.237679	0.619209	0.0458045	0.0115169
11462	0.000239267	0.0855461	0.237662	0.619166	0.0458013	0.0115851
11463	0.000239286	0.0855529	0.237681	0.619215	0.0458049	0.0115075
11464	0.000239278	0.0855502	0.237674	0.619196	0.0458035	0.0115378
11465	0.00023928	0.0855508	0.237675	0.6192	0.0458039	0.0115308
11466	0.000239273	0.0855483	0.237668	0.619181	0.0458025	0.0115604
11467	2.06765e-05	0.00739257	0.0205379	0.053506	0.00395798	0.914585
11468	0.000239275	0.0855489	0.23767	0.619186	0.0458028	0.0115528
11469	0.000194523	0.0695487	0.193218	0.503379	0.0372363	0.196423
11470	0.00023927	0.0855471	0.237665	0.619173	0.0458019	0.0115741
11471	0.000239283	0.0855518	0.237678	0.619207	0.0458044	0.0115198
11472	0.000239262	0.0855444	0.237657	0.619153	0.0458004	0.0116057
11473	0.000239275	0.0855489	0.23767	0.619186	0.0458028	0.0115528
11474	0.00023928	0.0855507	0.237675	0.619199	0.0458038	0.011533
11475	0.000239267	0.0855461	0.237662	0.619166	0.0458013	0.0115851
11476	0.000239278	0.0855502	0.237674	0.619196	0.0458035	0.0115378
11477	0.000239253	0.085541	0.237648	0.619129	0.0457986	0.011644
11478	0.000201936	0.072199	0.200582	0.522562	0.0386553	0.1658
11479	0.000239275	0.0855489	0.23767	0.619186	0.0458028	0.0115528
11480	0.000239287	0.0855534	0.237682	0.619219	0.0458053	0.0115008
11481	4.37234e-05	0.0156326	0.0434302	0.113146	0.0083697	0.819378
11482	0.000239293	0.0855555	0.237688	0.619234	0.0458064	0.0114765
11483	0.000239291	0.0855547	0.237686	0.619228	0.0458059	0.0114868
11484	0.000239253	0.085541	0.237648	0.619129	0.0457986	0.011644
11485	0.000239282	0.0855517	0.237677	0.619206	0.0458043	0.0115214
11486	0.000239279	0.0855505	0.237674	0.619197	0.0458037	0.0115353
11487	0.00023928	0.0855507	0.237675	0.619199	0.0458038	0.011533
11488	0.000239283	0.0855519	0.237678	0.619208	0.0458044	0.0115183
11489	0.000239281	0.085551	0.237676	0.619201	0.045804	0.0115287
11490	0.000239238	0.0855359	0.237634	0.619092	0.0457959	0.0117032
11491	0.000239282	0.0855514	0.237677	0.619204	0.0458041	0.0115249
11492	0.000239282	0.0855514	0.237677	0.619204	0.0458041	0.0115249
11493	0.000239285	0.0855525	0.23768	0.619212	0.0458047	0.0115118
11494	0.000239276	0.0855495	0.237671	0.61919	0.0458032	0.0115462
11495	0.000197165	0.0704931	0.195842	0.510215	0.037742	0.18551
11496	0.000239271	0.0855475	0.237666	0.619176	0.0458021	0.0115692
11497	0.000239285	0.0855525	0.23768	0.619212	0.0458047	0.0115118
11498	0.000239283	0.085552	0.237679	0.619209	0.0458045	0.0115169
11499	0.000239288	0.0855538	0.237683	0.619221	0.0458054	0.011497
11500	0.000239278	0.08555	0.237673	0.619194	0.0458034	0.0115404
11501	0.000239262	0.0855444	0.237657	0.619153	0.0458004	0.0116057
11502	0.000239283	0.0855519	0.237678	0.619208	0.0458044	0.0115183
11503	0.000239195	0.0855205	0.237591	0.618981	0.0457876	0.0118812
11504	0.00023929	0.0855546	0.237686	0.619227	0.0458059	0.0114879
11505	0.000239279	0.0855505	0.237674	0.619197	0.0458037	0.0115353
11506	0.000239282	0.0855514	0.237677	0.619204	0.0458041	0.0115249
11507	0.000239283	0.0855519	0.237678	0.619208	0.0458044	0.0115183
11508	0.000239277	0.0855498	0.237672	0.619192	0.0458033	0.0115432
11509	0.000239283	0.0855518	0.237678	0.619207	0.0458044	0.0115198
11510	0.000239238	0.0855359	0.237634	0.619092	0.0457959	0.0117032
11511	0.000239279	0.0855505	0.237674	0.619197	0.0458037	0.0115353
11512	0.000239288	0.0855538	0.237683	0.619222	0.0458055	0.0114964
11513	0.000239265	0.0855456	0.237661	0.619162	0.0458011	0.0115914
11514	0.000239272	0.0855479	0.237667	0.619179	0.0458023	0.0115646
11515	0.000239286	0.0855529	0.237681	0.619215	0.0458049	0.0115075
11516	0.000239258	0.0855429	0.237653	0.619142	0.0457996	0.0116229
11517	0.000239272	0.0855479	0.237667	0.619179	0.0458023	0.0115646
11518	0.000239272	0.0855479	0.237667	0.619179	0.0458023	0.0115646
11519	0.000239278	0.08555	0.237673	0.619194	0.0458034	0.0115404
11520	0.000239265	0.0855456	0.237661	0.619162	0.0458011	0.0115914
11521	0.000239289	0.0855539	0.237684	0.619222	0.0458055	0.0114959
11522	0.00023928	0.0855508	0.237675	0.6192	0.0458039	0.0115308
11523	0.000239285	0.0855525	0.23768	0.619212	0.0458047	0.0115118
11524	0.000239253	0.085541	0.237648	0.619129	0.0457986	0.011644
11525	0.000239238	0.0855359	0.237634	0.619092	0.0457959	0.0117032
11526	0.000239285	0.0855528	0.237681	0.619214	0.0458049	0.0115085
11527	0.00023928	0.0855508	0.237675	0.6192	0.0458039	0.0115308
11528	0.000239278	0.0855502	0.237674	0.619196	0.0458035	0.0115378
11529	0.000239287	0.0855534	0.237682	0.619219	0.0458053	0.0115008
11530	0.000239258	0.0855429	0.237653	0.619142	0.0457996	0.0116229
11531	0.000239287	0.0855533	0.237682	0.619218	0.0458052	0.0115023
11532	0.000239267	0.0855461	0.237662	0.619166	0.0458013	0.0115851
11533	0.000239271	0.0855475	0.237666	0.619176	0.0458021	0.0115692
11534	0.000239284	0.0855522	0.237679	0.61921	0.0458046	0.0115155
11535	0.000239287	0.0855532	0.237682	0.619217	0.0458051	0.0115039
11536	0.000239285	0.0855525	0.23768	0.619212	0.0458047	0.0115118
11537	0.00023925	0.08554	0.237645	0.619121	0.045798	0.0116563
11538	0.000239271	0.0855475	0.237666	0.619176	0.0458021	0.0115692
11539	0.000239255	0.085542	0.237651	0.619136	0.0457991	0.0116329
11540	0.00023926	0.0855437	0.237655	0.619148	0.0458	0.0116139
11541	0.000239284	0.0855524	0.237679	0.619211	0.0458047	0.011513
11542	0.000239279	0.0855505	0.237674	0.619197	0.0458037	0.0115353
11543	0.000239285	0.0855525	0.23768	0.619212	0.0458047	0.0115118
11544	0.000239243	0.0855374	0.237638	0.619103	0.0457967	0.0116856
11545	0.000239265	0.0855456	0.237661	0.619162	0.0458011	0.0115914
11546	0.000239273	0.0855483	0.237668	0.619181	0.0458025	0.0115604
11547	0.000239287	0.0855533	0.237682	0.619218	0.0458052	0.0115023
11548	0.000239274	0.0855486	0.237669	0.619184	0.0458027	0.0115565
11549	0.000239289	0.0855539	0.237684	0.619222	0.0458055	0.0114959
11550	0.000239284	0.0855524	0.237679	0.619211	0.0458047	0.011513
11551	0.000239284	0.0855522	0.237679	0.61921	0.0458046	0.0115155
11552	0.000239282	0.0855515	0.237677	0.619205	0.0458042	0.0115231
11553	0.000239278	0.08555	0.237673	0.619194	0.0458034	0.0115404
11554	0.000239285	0.0855527	0.23768	0.619213	0.0458049	0.0115095
11555	0.000239292	0.0855551	0.237687	0.619231	0.0458061	0.0114815
11556	0.000239268	0.0855466	0.237664	0.61917	0.0458016	0.0115794
11557	0.000239284	0.0855524	0.237679	0.619211	0.0458047	0.011513
11558	0.000239275	0.0855489	0.23767	0.619186	0.0458028	0.0115528
11559	0.000239283	0.085552	0.237679	0.619209	0.0458045	0.0115169
11560	0.000239283	0.0855519	0.237678	0.619208	0.0458044	0.0115183
11561	0.000239278	0.0855502	0.237674	0.619196	0.0458035	0.0115378
11562	0.000239279	0.0855505	0.237674	0.619197	0.0458037	0.0115353
11563	0.000239271	0.0855475	0.237666	0.619176	0.0458021	0.0115692
11564	0.000239276	0.0855495	0.237671	0.61919	0.0458032	0.0115462
11565	0.000239276	0.0855495	0.237671	0.61919	0.0458032	0.0115462
11566	0.000239285	0.0855526	0.23768	0.619213	0.0458048	0.0115106
11567	0.00023928	0.0855508	0.237675	0.6192	0.0458039	0.0115308
11568	0.000239278	0.0855502	0.237674	0.619196	0.0458035	0.0115378
11569	0.000239288	0.0855537	0.237683	0.61922	0.0458054	0.0114982
11570	0.00023929	0.0855544	0.237685	0.619226	0.0458058	0.0114898
11571	0.000239283	0.0855519	0.237678	0.619208	0.0458044	0.0115183
11572	0.000239258	0.0855429	0.237653	0.619142	0.0457996	0.0116229
11573	0.000239276	0.0855492	0.237671	0.619188	0.045803	0.0115494
11574	0.000239281	0.085551	0.237676	0.619201	0.045804	0.0115287
11575	0.000239283	0.085552	0.237679	0.619209	0.0458045	0.0115169
11576	0.000239267	0.0855461	0.237662	0.619166	0.0458013	0.0115851
11577	0.000239274	0.0855486	0.237669	0.619184	0.0458027	0.0115565
11578	0.000239287	0.0855532	0.237682	0.619217	0.0458051	0.0115031
11579	0.00023928	0.0855507	0.237675	0.619199	0.0458038	0.011533
11580	0.000239279	0.0855505	0.237674	0.619197	0.0458037	0.0115353
11581	0.000239288	0.0855536	0.237683	0.61922	0.0458053	0.0114988
11582	0.000239168	0.0855108	0.237564	0.61891	0.0457824	0.0119936
11583	9.6572e-05	0.0345278	0.0959242	0.249905	0.0184862	0.60106
11584	0.000239195	0.0855205	0.237591	0.618981	0.0457876	0.0118812
11585	0.00023925	0.08554	0.237645	0.619121	0.045798	0.0116563
11586	0.000239278	0.0855502	0.237674	0.619196	0.0458035	0.0115378
11587	0.000239268	0.0855466	0.237664	0.61917	0.0458016	0.0115794
11588	0.000239271	0.0855475	0.237666	0.619176	0.0458021	0.0115692
11589	0.000239276	0.0855495	0.237671	0.61919	0.0458032	0.0115462
11590	1.20555e-06	0.000431025	0.00119746	0.00311967	0.00023077	0.99502
11591	0.00023928	0.0855508	0.237675	0.6192	0.0458039	0.0115308
11592	0.000239262	0.0855444	0.237657	0.619153	0.0458004	0.0116057
11593	0.000239284	0.0855522	0.237679	0.61921	0.0458046	0.0115155
11594	0.000239287	0.0855534	0.237682	0.619219	0.0458053	0.0115008
11595	0.000239283	0.0855519	0.237678	0.619208	0.0458044	0.0115183
11596	0.00023928	0.0855508	0.237675	0.6192	0.0458039	0.0115308
11597	0.000239283	0.085552	0.237679	0.619209	0.0458045	0.0115169
11598	0.000239284	0.0855522	0.237679	0.61921	0.0458046	0.0115155
11599	0.00023928	0.0855508	0.237675	0.6192	0.0458039	0.0115308
11600	0.000239282	0.0855515	0.237677	0.619205	0.0458042	0.0115231
11601	0.000239284	0.0855524	0.237679	0.619211	0.0458047	0.011513
11602	0.000239277	0.0855498	0.237672	0.619192	0.0458033	0.0115432
11603	0.000239286	0.0855531	0.237681	0.619216	0.0458051	0.0115047
11604	0.000239277	0.0855498	0.237672	0.619192	0.0458033	0.0115432
11605	0.000239284	0.0855522	0.237679	0.61921	0.0458046	0.0115155
11606	0.000239268	0.0855466	0.237664	0.61917	0.0458016	0.0115794
11607	0.000239282	0.0855514	0.237677	0.619204	0.0458041	0.0115249
11608	0.000239276	0.0855492	0.237671	0.619188	0.045803	0.0115494
11609	0.000239281	0.0855512	0.237676	0.619203	0.0458041	0.0115267
11610	0.000239272	0.0855479	0.237667	0.619179	0.0458023	0.0115646
11611	0.000239279	0.0855505	0.237674	0.619197	0.0458037	0.0115353
11612	0.000239255	0.085542	0.237651	0.619136	0.0457991	0.0116329
11613	0.000239279	0.0855505	0.237674	0.619197	0.0458037	0.0115353
11614	0.000239282	0.0855515	0.237677	0.619205	0.0458042	0.0115231
11615	0.000239278	0.0855502	0.237674	0.619196	0.0458035	0.0115378
11616	0.000239271	0.0855475	0.237666	0.619176	0.0458021	0.0115692
11617	0.000239283	0.085552	0.237679	0.619209	0.0458045	0.0115169
11618	0.000239258	0.0855429	0.237653	0.619142	0.0457996	0.0116229
11619	0.000239281	0.085551	0.237676	0.619201	0.045804	0.0115287
11620	0.000239288	0.0855536	0.237683	0.61922	0.0458053	0.0114988
11621	0.000239288	0.0855536	0.237683	0.61922	0.0458053	0.0114988
11622	0.00023928	0.0855508	0.237675	0.6192	0.0458039	0.0115308
11623	0.000239284	0.0855524	0.237679	0.619211	0.0458047	0.011513
11624	0.000239285	0.0855525	0.23768	0.619212	0.0458047	0.0115118
11625	0.000239279	0.0855505	0.237674	0.619197	0.0458037	0.0115353
11626	0.000239253	0.085541	0.237648	0.619129	0.0457986	0.011644
11627	0.000239253	0.085541	0.237648	0.619129	0.0457986	0.011644
11628	0.00023928	0.0855508	0.237675	0.6192	0.0458039	0.0115308
11629	0.000239267	0.0855461	0.237662	0.619166	0.0458013	0.0115851
11630	0.000239286	0.0855529	0.237681	0.619215	0.045805	0.0115065
11631	0.000239288	0.0855536	0.237683	0.61922	0.0458053	0.0114994
11632	0.000239275	0.0855489	0.23767	0.619186	0.0458028	0.0115528
11633	0.000239246	0.0855388	0.237642	0.619113	0.0457974	0.0116701
11634	0.000239273	0.0855483	0.237668	0.619181	0.0458025	0.0115604
11635	0.000239281	0.085551	0.237676	0.619201	0.045804	0.0115287
11636	0.000227111	0.0812	0.225588	0.587709	0.0434744	0.0618012
11637	0.00023927	0.0855471	0.237665	0.619173	0.0458019	0.0115741
11638	0.00023929	0.0855543	0.237685	0.619225	0.0458057	0.0114913
11639	0.000239267	0.0855461	0.237662	0.619166	0.0458013	0.0115851
11640	0.000239284	0.0855524	0.237679	0.619211	0.0458047	0.011513
11641	0.000239272	0.0855479	0.237667	0.619179	0.0458023	0.0115646
11642	0.000239282	0.0855515	0.237677	0.619205	0.0458042	0.0115231
11643	0.000239285	0.0855525	0.23768	0.619212	0.0458047	0.0115118
11644	0.000239285	0.0855528	0.237681	0.619214	0.0458049	0.0115085
11645	0.000239274	0.0855486	0.237669	0.619184	0.0458027	0.0115565
11646	3.7327e-07	0.000133457	0.000370766	0.000965933	7.14526e-05	0.998458
11647	0.000239288	0.0855537	0.237683	0.619221	0.0458054	0.0114976
11648	0.00023926	0.0855437	0.237655	0.619148	0.0458	0.0116139
11649	0.000239276	0.0855495	0.237671	0.61919	0.0458032	0.0115462
11650	0.000239288	0.0855537	0.237683	0.619221	0.0458054	0.0114976
11651	0.000239277	0.0855498	0.237672	0.619192	0.0458033	0.0115432
11652	0.000239253	0.085541	0.237648	0.619129	0.0457986	0.011644
11653	0.000239282	0.0855515	0.237677	0.619205	0.0458042	0.0115231
11654	0.000239238	0.0855359	0.237634	0.619092	0.0457959	0.0117032
11655	0.000239276	0.0855495	0.237671	0.61919	0.0458032	0.0115462
11656	0.000239262	0.0855444	0.237657	0.619153	0.0458004	0.0116057
11657	0.000239265	0.0855456	0.237661	0.619162	0.0458011	0.0115914
11658	0.000239272	0.0855479	0.237667	0.619179	0.0458023	0.0115646
11659	0.000239278	0.08555	0.237673	0.619194	0.0458034	0.0115404
11660	0.000239258	0.0855429	0.237653	0.619142	0.0457996	0.0116229
11661	0.000239284	0.0855522	0.237679	0.61921	0.0458046	0.0115155
11662	0.00023929	0.0855542	0.237685	0.619225	0.0458057	0.0114917
11663	0.00023928	0.0855508	0.237675	0.6192	0.0458039	0.0115308
11664	0.000239291	0.0855546	0.237686	0.619227	0.0458059	0.0114876
11665	0.000239286	0.0855531	0.237681	0.619216	0.0458051	0.0115047
11666	0.000239284	0.0855522	0.237679	0.61921	0.0458046	0.0115155
11667	0.000239275	0.0855489	0.23767	0.619186	0.0458028	0.0115528
11668	0.00023926	0.0855437	0.237655	0.619148	0.0458	0.0116139
11669	0.000239228	0.0855322	0.237623	0.619065	0.0457939	0.011746
11670	0.000239285	0.0855525	0.23768	0.619212	0.0458047	0.0115118
11671	0.00023928	0.0855508	0.237675	0.6192	0.0458039	0.0115308
11672	0.000239262	0.0855444	0.237657	0.619153	0.0458004	0.0116057
11673	0.000239268	0.0855466	0.237664	0.61917	0.0458016	0.0115794
11674	0.000239279	0.0855505	0.237674	0.619197	0.0458037	0.0115353
11675	0.000239267	0.0855461	0.237662	0.619166	0.0458013	0.0115851
11676	0.000239285	0.0855527	0.23768	0.619213	0.0458049	0.0115095
11677	0.000239265	0.0855456	0.237661	0.619162	0.0458011	0.0115914
11678	0.000239243	0.0855374	0.237638	0.619103	0.0457967	0.0116856
11679	0.000239267	0.0855461	0.237662	0.619166	0.0458013	0.0115851
11680	0.000239262	0.0855444	0.237657	0.619153	0.0458004	0.0116057
11681	0.000239276	0.0855495	0.237671	0.61919	0.0458032	0.0115462
11682	0.000239282	0.0855514	0.237677	0.619204	0.0458041	0.0115249
11683	0.000239268	0.0855466	0.237664	0.61917	0.0458016	0.0115794
11684	0.000239264	0.085545	0.237659	0.619158	0.0458007	0.0115982
11685	0.00023926	0.0855437	0.237655	0.619148	0.0458	0.0116139
11686	0.000239262	0.0855444	0.237657	0.619153	0.0458004	0.0116057
11687	0.000239246	0.0855388	0.237642	0.619113	0.0457974	0.0116701
11688	0.000239286	0.0855529	0.237681	0.619215	0.0458049	0.0115075
11689	0.00023928	0.0855508	0.237675	0.6192	0.0458039	0.0115308
11690	0.000239271	0.0855475	0.237666	0.619176	0.0458021	0.0115692
11691	0.000239278	0.08555	0.237673	0.619194	0.0458034	0.0115404
11692	0.000239222	0.0855299	0.237617	0.619049	0.0457927	0.0117723
11693	0.00018037	0.0644884	0.17916	0.466755	0.0345271	0.254889
11694	0.000239246	0.0855388	0.237642	0.619113	0.0457974	0.0116701
11695	0.000239273	0.0855483	0.237668	0.619181	0.0458025	0.0115604
11696	0.000239264	0.085545	0.237659	0.619158	0.0458007	0.0115982
11697	0.000239287	0.0855534	0.237682	0.619218	0.0458052	0.0115015
11698	0.000239282	0.0855517	0.237677	0.619206	0.0458043	0.0115214
11699	0.000239281	0.0855512	0.237676	0.619203	0.0458041	0.0115267
11700	0.000239268	0.0855466	0.237664	0.61917	0.0458016	0.0115794
11701	0.000239265	0.0855456	0.237661	0.619162	0.0458011	0.0115914
11702	0.000239246	0.0855388	0.237642	0.619113	0.0457974	0.0116701
11703	0.000239281	0.085551	0.237676	0.619201	0.045804	0.0115287
11704	0.000239282	0.0855514	0.237677	0.619204	0.0458041	0.0115249
11705	0.000239271	0.0855475	0.237666	0.619176	0.0458021	0.0115692
11706	0.000239283	0.085552	0.237679	0.619209	0.0458045	0.0115169
11707	0.000239278	0.0855502	0.237674	0.619196	0.0458035	0.0115378
11708	0.000239278	0.08555	0.237673	0.619194	0.0458034	0.0115404
11709	0.000239275	0.0855489	0.23767	0.619186	0.0458028	0.0115528
11710	0.000239277	0.0855498	0.237672	0.619192	0.0458033	0.0115432
11711	0.000239282	0.0855517	0.237677	0.619206	0.0458043	0.0115214
11712	0.000239288	0.0855536	0.237683	0.61922	0.0458053	0.0114994
11713	0.000239272	0.0855479	0.237667	0.619179	0.0458023	0.0115646
11714	0.000239273	0.0855483	0.237668	0.619181	0.0458025	0.0115604
11715	0.000239228	0.0855322	0.237623	0.619065	0.0457939	0.011746
11716	0.00023927	0.0855471	0.237665	0.619173	0.0458019	0.0115741
11717	0.000239285	0.0855525	0.23768	0.619212	0.0458047	0.0115118
11718	0.000239282	0.0855514	0.237677	0.619204	0.0458041	0.0115249
11719	0.000239282	0.0855517	0.237677	0.619206	0.0458043	0.0115214
11720	0.000239291	0.0855549	0.237687	0.61923	0.045806	0.0114837
11721	0.00023925	0.08554	0.237645	0.619121	0.045798	0.0116563
11722	0.000239264	0.085545	0.237659	0.619158	0.0458007	0.0115982
11723	3.43569e-06	0.00122838	0.00341264	0.00889074	0.000657672	0.985807
11724	0.000239278	0.08555	0.237673	0.619194	0.0458034	0.0115404
11725	0.000239255	0.085542	0.237651	0.619136	0.0457991	0.0116329
11726	0.000239279	0.0855505	0.237674	0.619197	0.0458037	0.0115353
11727	0.000239284	0.0855523	0.237679	0.61921	0.0458046	0.0115142
11728	0.000239271	0.0855475	0.237666	0.619176	0.0458021	0.0115692
11729	0.000239288	0.0855538	0.237683	0.619222	0.0458055	0.0114964
11730	0.00023928	0.0855507	0.237675	0.619199	0.0458038	0.011533
11731	0.000239246	0.0855388	0.237642	0.619113	0.0457974	0.0116701
11732	0.000239287	0.0855532	0.237682	0.619217	0.0458051	0.0115031
11733	0.000239255	0.085542	0.237651	0.619136	0.0457991	0.0116329
11734	0.000239255	0.085542	0.237651	0.619136	0.0457991	0.0116329
11735	0.000239277	0.0855498	0.237672	0.619192	0.0458033	0.0115432
11736	0.00023928	0.0855507	0.237675	0.619199	0.0458038	0.011533
11737	0.000239258	0.0855429	0.237653	0.619142	0.0457996	0.0116229
11738	0.000239283	0.0855519	0.237678	0.619208	0.0458044	0.0115183
11739	0.000239276	0.0855495	0.237671	0.61919	0.0458032	0.0115462
11740	0.000239285	0.0855527	0.23768	0.619213	0.0458049	0.0115095
11741	0.000239282	0.0855517	0.237677	0.619206	0.0458043	0.0115214
11742	0.000239288	0.0855536	0.237683	0.61922	0.0458053	0.0114988
11743	0.000239183	0.0855161	0.237579	0.618949	0.0457853	0.011932
11744	0.000239274	0.0855486	0.237669	0.619184	0.0458027	0.0115565
11745	0.000239283	0.085552	0.237679	0.619209	0.0458045	0.0115169
11746	0.000239262	0.0855444	0.237657	0.619153	0.0458004	0.0116057
11747	0.000239283	0.085552	0.237679	0.619209	0.0458045	0.0115169
11748	0.000239281	0.085551	0.237676	0.619201	0.045804	0.0115287
11749	0.000239275	0.0855489	0.23767	0.619186	0.0458028	0.0115528
11750	0.000239276	0.0855492	0.237671	0.619188	0.045803	0.0115494
11751	0.000239288	0.0855538	0.237683	0.619222	0.0458055	0.0114964
11752	0.000239274	0.0855486	0.237669	0.619184	0.0458027	0.0115565
11753	0.000239279	0.0855505	0.237674	0.619197	0.0458037	0.0115353
11754	0.000239285	0.0855526	0.23768	0.619213	0.0458048	0.0115106
11755	0.000226075	0.0808296	0.224559	0.585028	0.0432761	0.0660812
11756	0.000239265	0.0855456	0.237661	0.619162	0.0458011	0.0115914
11757	0.000239271	0.0855475	0.237666	0.619176	0.0458021	0.0115692
11758	0.000239284	0.0855522	0.237679	0.61921	0.0458046	0.0115155
11759	0.000239283	0.0855518	0.237678	0.619207	0.0458044	0.0115198
11760	0.000239291	0.0855547	0.237686	0.619228	0.045806	0.0114858
11761	0.000164218	0.0587135	0.163116	0.424957	0.0314352	0.321614
11762	0.000239285	0.0855528	0.237681	0.619214	0.0458049	0.0115085
11763	0.000239282	0.0855517	0.237677	0.619206	0.0458043	0.0115214
11764	0.000239278	0.08555	0.237673	0.619194	0.0458034	0.0115404
11765	0.000239246	0.0855388	0.237642	0.619113	0.0457974	0.0116701
11766	0.000239273	0.0855483	0.237668	0.619181	0.0458025	0.0115604
11767	0.000239262	0.0855444	0.237657	0.619153	0.0458004	0.0116057
11768	0.000239278	0.0855502	0.237674	0.619196	0.0458035	0.0115378
11769	0.000239282	0.0855514	0.237677	0.619204	0.0458041	0.0115249
11770	0.000239275	0.0855489	0.23767	0.619186	0.0458028	0.0115528
11771	0.000239271	0.0855475	0.237666	0.619176	0.0458021	0.0115692
11772	1.88713e-05	0.00674714	0.0187447	0.0488345	0.00361241	0.922042
11773	0.00023928	0.0855508	0.237675	0.6192	0.0458039	0.0115308
11774	0.00023927	0.0855471	0.237665	0.619173	0.0458019	0.0115741
11775	0.000239275	0.0855489	0.23767	0.619186	0.0458028	0.0115528
11776	0.000239168	0.0855108	0.237564	0.61891	0.0457824	0.0119936
11777	0.00023928	0.0855508	0.237675	0.6192	0.0458039	0.0115308
11778	0.000239282	0.0855515	0.237677	0.619205	0.0458042	0.0115231
11779	0.000239264	0.085545	0.237659	0.619158	0.0458007	0.0115982
11780	0.000239284	0.0855524	0.237679	0.619211	0.0458047	0.011513
11781	0.00023929	0.0855544	0.237685	0.619225	0.0458057	0.0114902
11782	0.000239278	0.0855502	0.237674	0.619196	0.0458035	0.0115378
11783	0.00023927	0.0855471	0.237665	0.619173	0.0458019	0.0115741
11784	0.000239279	0.0855505	0.237674	0.619197	0.0458037	0.0115353
11785	0.000239284	0.0855522	0.237679	0.61921	0.0458046	0.0115155
11786	0.000239243	0.0855374	0.237638	0.619103	0.0457967	0.0116856
11787	0.000239274	0.0855486	0.237669	0.619184	0.0458027	0.0115565
11788	0.000239271	0.0855475	0.237666	0.619176	0.0458021	0.0115692
11789	0.000239286	0.0855529	0.237681	0.619215	0.045805	0.0115065
11790	4.03109e-07	0.000144125	0.000400406	0.00104315	7.71646e-05	0.998335
11791	0.000239288	0.0855538	0.237683	0.619222	0.0458055	0.0114964
11792	0.000239183	0.0855161	0.237579	0.618949	0.0457853	0.011932
11793	0.000239277	0.0855498	0.237672	0.619192	0.0458033	0.0115432
11794	0.000239271	0.0855475	0.237666	0.619176	0.0458021	0.0115692
11795	0.000239288	0.0855536	0.237683	0.61922	0.0458053	0.0114988
11796	0.000239271	0.0855475	0.237666	0.619176	0.0458021	0.0115692
11797	0.00023928	0.0855508	0.237675	0.6192	0.0458039	0.0115308
11798	0.000239278	0.0855502	0.237674	0.619196	0.0458035	0.0115378
11799	0.00023929	0.0855545	0.237685	0.619226	0.0458058	0.0114888
11800	0.000239267	0.0855461	0.237662	0.619166	0.0458013	0.0115851
11801	0.000239284	0.0855522	0.237679	0.61921	0.0458046	0.0115155
11802	0.000239279	0.0855505	0.237674	0.619197	0.0458037	0.0115353
11803	0.000239287	0.0855534	0.237682	0.619218	0.0458052	0.0115015
11804	0.000239283	0.0855519	0.237678	0.619208	0.0458044	0.0115183
11805	0.000239288	0.0855538	0.237683	0.619221	0.0458054	0.011497
11806	0.000239276	0.0855492	0.237671	0.619188	0.045803	0.0115494
11807	0.000239288	0.0855536	0.237683	0.61922	0.0458053	0.0114988
11808	0.000239283	0.0855519	0.237678	0.619208	0.0458044	0.0115183
11809	0.000239281	0.0855512	0.237676	0.619203	0.0458041	0.0115267
11810	0.000239286	0.085553	0.237681	0.619216	0.045805	0.0115056
11811	0.000239288	0.0855536	0.237683	0.61922	0.0458053	0.0114994
11812	0.000239281	0.0855512	0.237676	0.619203	0.0458041	0.0115267
11813	0.000239283	0.085552	0.237679	0.619209	0.0458045	0.0115169
11814	0.000239272	0.0855479	0.237667	0.619179	0.0458023	0.0115646
11815	0.00023928	0.0855508	0.237675	0.6192	0.0458039	0.0115308
11816	0.000239268	0.0855466	0.237664	0.61917	0.0458016	0.0115794
11817	0.000239284	0.0855522	0.237679	0.61921	0.0458046	0.0115155
11818	0.000239243	0.0855374	0.237638	0.619103	0.0457967	0.0116856
11819	0.000239272	0.0855479	0.237667	0.619179	0.0458023	0.0115646
11820	0.000239281	0.085551	0.237676	0.619201	0.045804	0.0115287
11821	0.00023926	0.0855437	0.237655	0.619148	0.0458	0.0116139
11822	0.00023927	0.0855471	0.237665	0.619173	0.0458019	0.0115741
11823	0.00023928	0.0855508	0.237675	0.6192	0.0458039	0.0115308
11824	0.000239275	0.0855489	0.23767	0.619186	0.0458028	0.0115528
11825	0.00023927	0.0855471	0.237665	0.619173	0.0458019	0.0115741
11826	0.000239276	0.0855492	0.237671	0.619188	0.045803	0.0115494
11827	0.000239274	0.0855486	0.237669	0.619184	0.0458027	0.0115565
11828	0.000239282	0.0855517	0.237677	0.619206	0.0458043	0.0115214
11829	0.000239234	0.0855342	0.237629	0.61908	0.045795	0.0117231
11830	0.000239281	0.0855512	0.237676	0.619203	0.0458041	0.0115267
11831	0.000239285	0.0855527	0.23768	0.619213	0.0458049	0.0115095
11832	0.000239282	0.0855514	0.237677	0.619204	0.0458041	0.0115249
11833	0.000239284	0.0855523	0.237679	0.61921	0.0458046	0.0115142
11834	0.000239264	0.085545	0.237659	0.619158	0.0458007	0.0115982
11835	0.000239288	0.0855537	0.237683	0.61922	0.0458054	0.0114982
11836	0.000239284	0.0855522	0.237679	0.61921	0.0458046	0.0115155
11837	0.000239284	0.0855524	0.237679	0.619211	0.0458047	0.011513
11838	0.000239286	0.0855529	0.237681	0.619215	0.045805	0.0115065
11839	0.000239283	0.0855519	0.237678	0.619208	0.0458044	0.0115183
11840	0.00023928	0.0855507	0.237675	0.619199	0.0458038	0.011533
11841	0.000239246	0.0855388	0.237642	0.619113	0.0457974	0.0116701
11842	0.000239253	0.085541	0.237648	0.619129	0.0457986	0.011644
11843	0.000239276	0.0855492	0.237671	0.619188	0.045803	0.0115494
11844	0.000239283	0.0855519	0.237678	0.619208	0.0458044	0.0115183
11845	0.000239268	0.0855466	0.237664	0.61917	0.0458016	0.0115794
11846	0.000239285	0.0855525	0.23768	0.619212	0.0458047	0.0115118
11847	0.000239284	0.0855522	0.237679	0.61921	0.0458046	0.0115155
11848	0.000239286	0.0855529	0.237681	0.619215	0.045805	0.0115065
11849	0.000239283	0.085552	0.237679	0.619209	0.0458045	0.0115169
11850	0.000239286	0.0855529	0.237681	0.619215	0.045805	0.0115065
11851	0.000239285	0.0855527	0.23768	0.619213	0.0458049	0.0115095
11852	0.00023928	0.0855508	0.237675	0.6192	0.0458039	0.0115308
11853	0.000239285	0.0855525	0.23768	0.619212	0.0458047	0.0115118
11854	0.000239288	0.0855537	0.237683	0.619221	0.0458054	0.0114976
11855	0.000239278	0.08555	0.237673	0.619194	0.0458034	0.0115404
11856	0.000239288	0.0855536	0.237683	0.61922	0.0458053	0.0114994
11857	0.000239289	0.0855541	0.237684	0.619223	0.0458056	0.0114934
11858	0.000239238	0.0855359	0.237634	0.619092	0.0457959	0.0117032
11859	0.000239284	0.0855524	0.237679	0.619211	0.0458047	0.011513
11860	0.000239274	0.0855486	0.237669	0.619184	0.0458027	0.0115565
11861	0.000239291	0.0855547	0.237686	0.619228	0.0458059	0.0114868
11862	0.000239234	0.0855342	0.237629	0.61908	0.045795	0.0117231
11863	0.000239228	0.0855322	0.237623	0.619065	0.0457939	0.011746
11864	0.000239279	0.0855505	0.237674	0.619197	0.0458037	0.0115353
11865	0.000239268	0.0855466	0.237664	0.61917	0.0458016	0.0115794
11866	0.000239288	0.0855536	0.237683	0.61922	0.0458053	0.0114994
11867	0.000239268	0.0855466	0.237664	0.61917	0.0458016	0.0115794
11868	0.000239282	0.0855514	0.237677	0.619204	0.0458041	0.0115249
11869	0.000239276	0.0855492	0.237671	0.619188	0.045803	0.0115494
11870	0.00023928	0.0855507	0.237675	0.619199	0.0458038	0.011533
11871	0.000239278	0.0855502	0.237674	0.619196	0.0458035	0.0115378
11872	0.000239289	0.0855541	0.237684	0.619223	0.0458056	0.0114934
11873	0.000239255	0.085542	0.237651	0.619136	0.0457991	0.0116329
11874	0.000239265	0.0855456	0.237661	0.619162	0.0458011	0.0115914
11875	0.000239283	0.0855519	0.237678	0.619208	0.0458044	0.0115183
11876	0.000239285	0.0855528	0.237681	0.619214	0.0458049	0.0115085
11877	0.000239283	0.0855518	0.237678	0.619207	0.0458044	0.0115198
11878	0.000239284	0.0855522	0.237679	0.61921	0.0458046	0.0115155
11879	0.000239246	0.0855388	0.237642	0.619113	0.0457974	0.0116701
11880	0.000239276	0.0855492	0.237671	0.619188	0.045803	0.0115494
11881	0.000239284	0.0855524	0.237679	0.619211	0.0458047	0.011513
11882	0.000239285	0.0855525	0.23768	0.619212	0.0458047	0.0115118
11883	0.000239267	0.0855461	0.237662	0.619166	0.0458013	0.0115851
11884	0.00023928	0.0855507	0.237675	0.619199	0.0458038	0.011533
11885	0.000239275	0.0855489	0.23767	0.619186	0.0458028	0.0115528
11886	0.00023928	0.0855507	0.237675	0.619199	0.0458038	0.011533
11887	0.00023928	0.0855508	0.237675	0.6192	0.0458039	0.0115308
11888	0.000239264	0.085545	0.237659	0.619158	0.0458007	0.0115982
11889	2.06765e-05	0.00739257	0.0205379	0.053506	0.00395798	0.914585
11890	0.000239284	0.0855524	0.237679	0.619211	0.0458047	0.011513
11891	0.000239243	0.0855374	0.237638	0.619103	0.0457967	0.0116856
11892	0.000239267	0.0855461	0.237662	0.619166	0.0458013	0.0115851
11893	0.000239097	0.0854855	0.237494	0.618727	0.0457689	0.0122859
11894	0.000239282	0.0855514	0.237677	0.619204	0.0458041	0.0115249
11895	0.000239273	0.0855483	0.237668	0.619181	0.0458025	0.0115604
11896	0.000239284	0.0855523	0.237679	0.61921	0.0458046	0.0115142
11897	0.000239283	0.0855519	0.237678	0.619208	0.0458044	0.0115183
11898	0.000239282	0.0855514	0.237677	0.619204	0.0458041	0.0115249
11899	0.000239279	0.0855505	0.237674	0.619197	0.0458037	0.0115353
11900	0.000239289	0.0855542	0.237685	0.619224	0.0458057	0.0114921
11901	0.000239286	0.0855529	0.237681	0.619215	0.0458049	0.0115075
11902	0.000239275	0.0855489	0.23767	0.619186	0.0458028	0.0115528
11903	0.000239273	0.0855483	0.237668	0.619181	0.0458025	0.0115604
11904	0.000239275	0.0855489	0.23767	0.619186	0.0458028	0.0115528
11905	0.000239253	0.085541	0.237648	0.619129	0.0457986	0.011644
11906	0.000239285	0.0855528	0.237681	0.619214	0.0458049	0.0115085
11907	8.70676e-05	0.0311296	0.0864836	0.22531	0.0166668	0.640323
11908	0.000239277	0.0855498	0.237672	0.619192	0.0458033	0.0115432
11909	0.000239288	0.0855538	0.237683	0.619221	0.0458054	0.011497
11910	0.00023927	0.0855471	0.237665	0.619173	0.0458019	0.0115741
11911	0.000239274	0.0855486	0.237669	0.619184	0.0458027	0.0115565
11912	0.00023925	0.08554	0.237645	0.619121	0.045798	0.0116563
11913	0.000239284	0.0855523	0.237679	0.61921	0.0458046	0.0115142
11914	0.000239286	0.0855529	0.237681	0.619215	0.045805	0.0115065
11915	0.000239284	0.0855523	0.237679	0.61921	0.0458046	0.0115142
11916	0.000239272	0.0855479	0.237667	0.619179	0.0458023	0.0115646
11917	0.000239183	0.0855161	0.237579	0.618949	0.0457853	0.011932
11918	0.000239268	0.0855466	0.237664	0.61917	0.0458016	0.0115794
11919	0.000239243	0.0855374	0.237638	0.619103	0.0457967	0.0116856
11920	0.000239286	0.0855529	0.237681	0.619215	0.045805	0.0115065
11921	0.000239282	0.0855515	0.237677	0.619205	0.0458042	0.0115231
11922	0.000239271	0.0855475	0.237666	0.619176	0.0458021	0.0115692
11923	0.000239264	0.085545	0.237659	0.619158	0.0458007	0.0115982
11924	0.000239283	0.085552	0.237679	0.619209	0.0458045	0.0115169
11925	0.000239282	0.0855514	0.237677	0.619204	0.0458041	0.0115249
11926	0.000239281	0.085551	0.237676	0.619201	0.045804	0.0115287
11927	0.000239271	0.0855475	0.237666	0.619176	0.0458021	0.0115692
11928	0.000239274	0.0855486	0.237669	0.619184	0.0458027	0.0115565
11929	0.000239265	0.0855456	0.237661	0.619162	0.0458011	0.0115914
11930	0.000239279	0.0855505	0.237674	0.619197	0.0458037	0.0115353
11931	0.000239284	0.0855523	0.237679	0.61921	0.0458046	0.0115142
11932	0.000239284	0.0855522	0.237679	0.61921	0.0458046	0.0115155
11933	0.000239272	0.0855479	0.237667	0.619179	0.0458023	0.0115646
11934	0.000239282	0.0855517	0.237677	0.619206	0.0458043	0.0115214
11935	0.000239278	0.0855502	0.237674	0.619196	0.0458035	0.0115378
11936	0.000239286	0.0855529	0.237681	0.619215	0.0458049	0.0115075
11937	0.00023929	0.0855544	0.237685	0.619225	0.0458057	0.0114902
11938	0.000239291	0.0855547	0.237686	0.619228	0.0458059	0.0114863
11939	0.00023928	0.0855508	0.237675	0.6192	0.0458039	0.0115308
11940	0.000239281	0.0855512	0.237676	0.619203	0.0458041	0.0115267
11941	0.000239282	0.0855515	0.237677	0.619205	0.0458042	0.0115231
11942	0.000239283	0.0855518	0.237678	0.619207	0.0458044	0.0115198
11943	0.000239278	0.0855502	0.237674	0.619196	0.0458035	0.0115378
11944	0.000239289	0.085554	0.237684	0.619223	0.0458056	0.0114944
11945	0.000239275	0.0855489	0.23767	0.619186	0.0458028	0.0115528
11946	0.000239276	0.0855495	0.237671	0.61919	0.0458032	0.0115462
11947	0.000239265	0.0855456	0.237661	0.619162	0.0458011	0.0115914
11948	0.000239281	0.085551	0.237676	0.619201	0.045804	0.0115287
11949	0.000239268	0.0855466	0.237664	0.61917	0.0458016	0.0115794
11950	0.000239276	0.0855492	0.237671	0.619188	0.045803	0.0115494
11951	3.37672e-05	0.0120729	0.0335407	0.0873814	0.00646384	0.860507
11952	0.000239276	0.0855492	0.237671	0.619188	0.045803	0.0115494
11953	0.000239289	0.0855542	0.237684	0.619224	0.0458056	0.0114925
11954	0.00023928	0.0855508	0.237675	0.6192	0.0458039	0.0115308
11955	0.000239276	0.0855492	0.237671	0.619188	0.045803	0.0115494
11956	0.000239265	0.0855456	0.237661	0.619162	0.0458011	0.0115914
11957	0.000239234	0.0855342	0.237629	0.61908	0.045795	0.0117231
11958	0.000239281	0.085551	0.237676	0.619201	0.045804	0.0115287
11959	0.000239282	0.0855515	0.237677	0.619205	0.0458042	0.0115231
11960	0.000239265	0.0855456	0.237661	0.619162	0.0458011	0.0115914
11961	0.000239278	0.0855502	0.237674	0.619196	0.0458035	0.0115378
11962	0.000239288	0.0855537	0.237683	0.619221	0.0458054	0.0114976
11963	0.00023929	0.0855545	0.237685	0.619226	0.0458058	0.0114888
11964	0.000239281	0.085551	0.237676	0.619201	0.045804	0.0115287
11965	0.000239258	0.0855429	0.237653	0.619142	0.0457996	0.0116229
11966	0.000239285	0.0855528	0.237681	0.619214	0.0458049	0.0115085
11967	0.000239265	0.0855456	0.237661	0.619162	0.0458011	0.0115914
11968	0.000239282	0.0855517	0.237677	0.619206	0.0458043	0.0115214
11969	0.000239279	0.0855505	0.237674	0.619197	0.0458037	0.0115353
11970	0.000239262	0.0855444	0.237657	0.619153	0.0458004	0.0116057
11971	0.000239287	0.0855532	0.237682	0.619217	0.0458051	0.0115031
11972	0.000239268	0.0855466	0.237664	0.61917	0.0458016	0.0115794
11973	0.000239288	0.0855535	0.237683	0.619219	0.0458053	0.0115001
11974	0.000239267	0.0855461	0.237662	0.619166	0.0458013	0.0115851
11975	0.000239285	0.0855526	0.23768	0.619213	0.0458048	0.0115106
11976	0.000239258	0.0855429	0.237653	0.619142	0.0457996	0.0116229
11977	0.00023927	0.0855471	0.237665	0.619173	0.0458019	0.0115741
11978	0.000239272	0.0855479	0.237667	0.619179	0.0458023	0.0115646
11979	0.000239281	0.085551	0.237676	0.619201	0.045804	0.0115287
11980	0.000239283	0.085552	0.237679	0.619209	0.0458045	0.0115169
11981	0.00023929	0.0855544	0.237685	0.619226	0.0458058	0.0114892
11982	0.000239276	0.0855492	0.237671	0.619188	0.045803	0.0115494
11983	0.000239284	0.0855524	0.237679	0.619211	0.0458047	0.011513
11984	0.00023928	0.0855507	0.237675	0.619199	0.0458038	0.011533
11985	1.48709e-05	0.00531686	0.0147712	0.0384824	0.00284665	0.938568
11986	0.000239288	0.0855536	0.237683	0.61922	0.0458053	0.0114994
11987	0.000239278	0.08555	0.237673	0.619194	0.0458034	0.0115404
11988	0.00023928	0.0855508	0.237675	0.6192	0.0458039	0.0115308
11989	0.00023929	0.0855543	0.237685	0.619225	0.0458057	0.0114909
11990	0.00023925	0.08554	0.237645	0.619121	0.045798	0.0116563
11991	0.000239287	0.0855532	0.237682	0.619217	0.0458051	0.0115039
11992	0.000239291	0.0855548	0.237686	0.619229	0.045806	0.0114847
11993	0.000239258	0.0855429	0.237653	0.619142	0.0457996	0.0116229
11994	0.000239253	0.085541	0.237648	0.619129	0.0457986	0.011644
11995	0.000239291	0.0855547	0.237686	0.619228	0.0458059	0.0114863
11996	0.000239282	0.0855514	0.237677	0.619204	0.0458041	0.0115249
11997	0.000239282	0.0855515	0.237677	0.619205	0.0458042	0.0115231
11998	0.000239288	0.0855536	0.237683	0.61922	0.0458053	0.0114988
11999	0.000239273	0.0855483	0.237668	0.619181	0.0458025	0.0115604
12000	0.00023928	0.0855507	0.237675	0.619199	0.0458038	0.011533
12001	0.000239276	0.0855495	0.237671	0.61919	0.0458032	0.0115462
12002	0.00023929	0.0855544	0.237685	0.619226	0.0458058	0.0114898
12003	0.000239262	0.0855444	0.237657	0.619153	0.0458004	0.0116057
12004	0.000239274	0.0855486	0.237669	0.619184	0.0458027	0.0115565
12005	0.000239246	0.0855388	0.237642	0.619113	0.0457974	0.0116701
12006	0.000239286	0.0855529	0.237681	0.619215	0.045805	0.0115065
12007	0.000239255	0.085542	0.237651	0.619136	0.0457991	0.0116329
12008	0.000239281	0.085551	0.237676	0.619201	0.045804	0.0115287
12009	0.000239283	0.085552	0.237679	0.619209	0.0458045	0.0115169
12010	0.000239279	0.0855505	0.237674	0.619197	0.0458037	0.0115353
12011	0.000239262	0.0855444	0.237657	0.619153	0.0458004	0.0116057
12012	0.000239195	0.0855205	0.237591	0.618981	0.0457876	0.0118812
12013	0.000239264	0.085545	0.237659	0.619158	0.0458007	0.0115982
12014	0.00023928	0.0855508	0.237675	0.6192	0.0458039	0.0115308
12015	0.000239271	0.0855475	0.237666	0.619176	0.0458021	0.0115692
12016	0.00023926	0.0855437	0.237655	0.619148	0.0458	0.0116139
12017	0.000239286	0.0855531	0.237681	0.619216	0.0458051	0.0115047
12018	0.000239277	0.0855498	0.237672	0.619192	0.0458033	0.0115432
12019	0.000239282	0.0855514	0.237677	0.619204	0.0458041	0.0115249
12020	0.000239267	0.0855461	0.237662	0.619166	0.0458013	0.0115851
12021	0.000239282	0.0855517	0.237677	0.619206	0.0458043	0.0115214
12022	0.000239276	0.0855492	0.237671	0.619188	0.045803	0.0115494
12023	0.000239283	0.0855519	0.237678	0.619208	0.0458044	0.0115183
12024	3.16759e-06	0.00113252	0.00314634	0.00819697	0.000606352	0.986915
12025	0.00023925	0.08554	0.237645	0.619121	0.045798	0.0116563
12026	0.000239275	0.0855489	0.23767	0.619186	0.0458028	0.0115528
12027	0.000239278	0.08555	0.237673	0.619194	0.0458034	0.0115404
12028	0.000239279	0.0855505	0.237674	0.619197	0.0458037	0.0115353
12029	0.000239276	0.0855495	0.237671	0.61919	0.0458032	0.0115462
12030	0.000239283	0.085552	0.237679	0.619209	0.0458045	0.0115169
12031	0.000239268	0.0855466	0.237664	0.61917	0.0458016	0.0115794
12032	0.000239279	0.0855505	0.237674	0.619197	0.0458037	0.0115353
12033	0.000239255	0.085542	0.237651	0.619136	0.0457991	0.0116329
12034	0.000239265	0.0855456	0.237661	0.619162	0.0458011	0.0115914
12035	0.000239276	0.0855492	0.237671	0.619188	0.045803	0.0115494
12036	0.000239273	0.0855483	0.237668	0.619181	0.0458025	0.0115604
12037	0.00023927	0.0855471	0.237665	0.619173	0.0458019	0.0115741
12038	0.000239275	0.0855489	0.23767	0.619186	0.0458028	0.0115528
12039	0.000239272	0.0855479	0.237667	0.619179	0.0458023	0.0115646
12040	0.000239277	0.0855498	0.237672	0.619192	0.0458033	0.0115432
12041	0.000239253	0.085541	0.237648	0.619129	0.0457986	0.011644
12042	0.00023925	0.08554	0.237645	0.619121	0.045798	0.0116563
12043	0.000239278	0.0855502	0.237674	0.619196	0.0458035	0.0115378
12044	0.000239287	0.0855534	0.237682	0.619218	0.0458052	0.0115015
12045	0.000239287	0.0855534	0.237682	0.619218	0.0458052	0.0115015
12046	0.000239272	0.0855479	0.237667	0.619179	0.0458023	0.0115646
12047	0.000239264	0.085545	0.237659	0.619158	0.0458007	0.0115982
12048	0.000239276	0.0855492	0.237671	0.619188	0.045803	0.0115494
12049	0.000239258	0.0855429	0.237653	0.619142	0.0457996	0.0116229
12050	0.000239284	0.0855523	0.237679	0.61921	0.0458046	0.0115142
12051	0.000239262	0.0855444	0.237657	0.619153	0.0458004	0.0116057
12052	0.000239278	0.0855502	0.237674	0.619196	0.0458035	0.0115378
12053	0.000239282	0.0855514	0.237677	0.619204	0.0458041	0.0115249
12054	0.000239283	0.085552	0.237679	0.619209	0.0458045	0.0115169
12055	0.000239265	0.0855456	0.237661	0.619162	0.0458011	0.0115914
12056	0.000239283	0.085552	0.237679	0.619209	0.0458045	0.0115169
12057	0.000239283	0.0855518	0.237678	0.619207	0.0458044	0.0115198
12058	0.000239277	0.0855498	0.237672	0.619192	0.0458033	0.0115432
12059	0.000239246	0.0855388	0.237642	0.619113	0.0457974	0.0116701
12060	0.000239282	0.0855517	0.237677	0.619206	0.0458043	0.0115214
12061	0.000239265	0.0855456	0.237661	0.619162	0.0458011	0.0115914
12062	0.00023929	0.0855544	0.237685	0.619225	0.0458057	0.0114902
12063	0.000239255	0.085542	0.237651	0.619136	0.0457991	0.0116329
12064	0.000239253	0.085541	0.237648	0.619129	0.0457986	0.011644
12065	0.00023926	0.0855437	0.237655	0.619148	0.0458	0.0116139
12066	0.000239281	0.085551	0.237676	0.619201	0.045804	0.0115287
12067	0.000239276	0.0855495	0.237671	0.61919	0.0458032	0.0115462
12068	0.00023925	0.08554	0.237645	0.619121	0.045798	0.0116563
12069	0.000239287	0.0855532	0.237682	0.619217	0.0458051	0.0115031
12070	0.000239271	0.0855475	0.237666	0.619176	0.0458021	0.0115692
12071	0.000239272	0.0855479	0.237667	0.619179	0.0458023	0.0115646
12072	0.000239282	0.0855514	0.237677	0.619204	0.0458041	0.0115249
12073	0.000239285	0.0855526	0.23768	0.619213	0.0458048	0.0115106
12074	0.000239274	0.0855486	0.237669	0.619184	0.0458027	0.0115565
12075	0.000239278	0.08555	0.237673	0.619194	0.0458034	0.0115404
12076	0.000239275	0.0855489	0.23767	0.619186	0.0458028	0.0115528
12077	0.000239214	0.0855273	0.23761	0.61903	0.0457913	0.0118029
12078	0.000239282	0.0855517	0.237677	0.619206	0.0458043	0.0115214
12079	0.000239287	0.0855532	0.237682	0.619217	0.0458051	0.0115031
12080	0.000239281	0.085551	0.237676	0.619201	0.045804	0.0115287
12081	0.000239272	0.0855479	0.237667	0.619179	0.0458023	0.0115646
12082	0.000239287	0.0855532	0.237682	0.619217	0.0458051	0.0115039
12083	0.000239287	0.0855534	0.237682	0.619219	0.0458053	0.0115008
12084	0.000239267	0.0855461	0.237662	0.619166	0.0458013	0.0115851
12085	0.000239281	0.085551	0.237676	0.619201	0.045804	0.0115287
12086	0.000239291	0.0855548	0.237686	0.619228	0.045806	0.0114853
12087	0.000239271	0.0855475	0.237666	0.619176	0.0458021	0.0115692
12088	0.000239283	0.085552	0.237679	0.619209	0.0458045	0.0115169
12089	0.000239267	0.0855461	0.237662	0.619166	0.0458013	0.0115851
12090	0.000239285	0.0855525	0.23768	0.619212	0.0458047	0.0115118
12091	0.000239287	0.0855532	0.237682	0.619217	0.0458051	0.0115039
12092	0.000239291	0.0855547	0.237686	0.619228	0.0458059	0.0114863
12093	0.000239278	0.0855502	0.237674	0.619196	0.0458035	0.0115378
12094	0.00023929	0.0855543	0.237685	0.619225	0.0458057	0.0114906
12095	0.000239286	0.0855529	0.237681	0.619215	0.045805	0.0115065
12096	0.000239279	0.0855505	0.237674	0.619197	0.0458037	0.0115353
12097	0.000239282	0.0855517	0.237677	0.619206	0.0458043	0.0115214
12098	0.00023926	0.0855437	0.237655	0.619148	0.0458	0.0116139
12099	0.000239168	0.0855108	0.237564	0.61891	0.0457824	0.0119936
12100	0.00023915	0.0855042	0.237546	0.618863	0.0457789	0.0120695
12101	0.000239282	0.0855515	0.237677	0.619205	0.0458042	0.0115231
12102	0.00023925	0.08554	0.237645	0.619121	0.045798	0.0116563
12103	0.000239195	0.0855205	0.237591	0.618981	0.0457876	0.0118812
12104	0.000239287	0.0855534	0.237682	0.619219	0.0458053	0.0115008
12105	0.000239268	0.0855466	0.237664	0.61917	0.0458016	0.0115794
12106	0.000239268	0.0855466	0.237664	0.61917	0.0458016	0.0115794
12107	0.000239228	0.0855322	0.237623	0.619065	0.0457939	0.011746
12108	0.000239285	0.0855525	0.23768	0.619212	0.0458047	0.0115118
12109	0.000239265	0.0855456	0.237661	0.619162	0.0458011	0.0115914
12110	0.000239253	0.085541	0.237648	0.619129	0.0457986	0.011644
12111	0.000239283	0.085552	0.237679	0.619209	0.0458045	0.0115169
12112	0.000239272	0.0855479	0.237667	0.619179	0.0458023	0.0115646
12113	0.000239276	0.0855495	0.237671	0.61919	0.0458032	0.0115462
12114	0.000239288	0.0855537	0.237683	0.619221	0.0458054	0.0114976
12115	0.000239283	0.085552	0.237679	0.619209	0.0458045	0.0115169
12116	0.00023925	0.08554	0.237645	0.619121	0.045798	0.0116563
12117	0.000239287	0.0855532	0.237682	0.619217	0.0458051	0.0115031
12118	0.000239255	0.085542	0.237651	0.619136	0.0457991	0.0116329
12119	0.000239277	0.0855498	0.237672	0.619192	0.0458033	0.0115432
12120	0.000239282	0.0855517	0.237677	0.619206	0.0458043	0.0115214
12121	0.000239287	0.0855532	0.237682	0.619217	0.0458051	0.0115031
12122	0.00023928	0.0855507	0.237675	0.619199	0.0458038	0.011533
12123	0.000239255	0.085542	0.237651	0.619136	0.0457991	0.0116329
12124	0.000239276	0.0855495	0.237671	0.61919	0.0458032	0.0115462
12125	0.000239287	0.0855534	0.237682	0.619219	0.0458053	0.0115008
12126	0.00023926	0.0855437	0.237655	0.619148	0.0458	0.0116139
12127	0.000239275	0.0855489	0.23767	0.619186	0.0458028	0.0115528
12128	0.000239286	0.0855531	0.237681	0.619216	0.0458051	0.0115047
12129	0.000239285	0.0855527	0.23768	0.619213	0.0458049	0.0115095
12130	0.000239258	0.0855429	0.237653	0.619142	0.0457996	0.0116229
12131	0.000239287	0.0855532	0.237682	0.619217	0.0458051	0.0115031
12132	0.000239265	0.0855456	0.237661	0.619162	0.0458011	0.0115914
12133	0.000239284	0.0855524	0.237679	0.619211	0.0458047	0.011513
12134	0.000239286	0.0855529	0.237681	0.619215	0.0458049	0.0115075
12135	0.000239283	0.0855519	0.237678	0.619208	0.0458044	0.0115183
12136	0.000239276	0.0855492	0.237671	0.619188	0.045803	0.0115494
12137	0.000239287	0.0855534	0.237682	0.619218	0.0458052	0.0115015
12138	0.000239286	0.0855529	0.237681	0.619215	0.0458049	0.0115075
12139	0.000239287	0.0855532	0.237682	0.619217	0.0458051	0.0115031
12140	0.000239279	0.0855505	0.237674	0.619197	0.0458037	0.0115353
12141	0.000239275	0.0855489	0.23767	0.619186	0.0458028	0.0115528
12142	0.000239284	0.0855522	0.237679	0.61921	0.0458046	0.0115155
12143	0.000239283	0.085552	0.237679	0.619209	0.0458045	0.0115169
12144	0.000239277	0.0855498	0.237672	0.619192	0.0458033	0.0115432
12145	0.000239284	0.0855524	0.237679	0.619211	0.0458047	0.011513
12146	0.000239287	0.0855534	0.237682	0.619219	0.0458053	0.0115008
12147	0.000239264	0.085545	0.237659	0.619158	0.0458007	0.0115982
12148	0.000239264	0.085545	0.237659	0.619158	0.0458007	0.0115982
12149	0.000239274	0.0855486	0.237669	0.619184	0.0458027	0.0115565
12150	0.000239168	0.0855108	0.237564	0.61891	0.0457824	0.0119936
12151	0.000239284	0.0855522	0.237679	0.61921	0.0458046	0.0115155
12152	0.000239271	0.0855475	0.237666	0.619176	0.0458021	0.0115692
12153	0.000239288	0.0855536	0.237683	0.61922	0.0458053	0.0114994
12154	0.000239234	0.0855342	0.237629	0.61908	0.045795	0.0117231
12155	0.000239289	0.0855541	0.237684	0.619223	0.0458056	0.0114934
12156	0.00023928	0.0855508	0.237675	0.6192	0.0458039	0.0115308
12157	0.000239281	0.0855512	0.237676	0.619203	0.0458041	0.0115267
12158	0.000239283	0.085552	0.237679	0.619209	0.0458045	0.0115169
12159	0.000239283	0.085552	0.237679	0.619209	0.0458045	0.0115169
12160	0.000239253	0.085541	0.237648	0.619129	0.0457986	0.011644
12161	0.00023929	0.0855543	0.237685	0.619225	0.0458057	0.0114913
12162	0.000239277	0.0855498	0.237672	0.619192	0.0458033	0.0115432
12163	0.000239281	0.085551	0.237676	0.619201	0.045804	0.0115287
12164	0.000239288	0.0855537	0.237683	0.619221	0.0458054	0.0114976
12165	0.000239275	0.0855489	0.23767	0.619186	0.0458028	0.0115528
12166	0.000239273	0.0855483	0.237668	0.619181	0.0458025	0.0115604
12167	0.000239278	0.0855502	0.237674	0.619196	0.0458035	0.0115378
12168	0.00023928	0.0855507	0.237675	0.619199	0.0458038	0.011533
12169	0.000239284	0.0855522	0.237679	0.61921	0.0458046	0.0115155
12170	0.000239281	0.085551	0.237676	0.619201	0.045804	0.0115287
12171	0.000239291	0.0855549	0.237686	0.619229	0.045806	0.0114841
12172	0.000239285	0.0855525	0.23768	0.619212	0.0458047	0.0115118
12173	0.000239283	0.0855519	0.237678	0.619208	0.0458044	0.0115183
12174	0.000239281	0.085551	0.237676	0.619201	0.045804	0.0115287
12175	0.00023866	0.0853292	0.237059	0.617595	0.0456852	0.0140923
12176	0.000239276	0.0855495	0.237671	0.61919	0.0458032	0.0115462
12177	0.000239285	0.0855527	0.23768	0.619213	0.0458049	0.0115095
12178	0.000239277	0.0855498	0.237672	0.619192	0.0458033	0.0115432
12179	0.00023925	0.08554	0.237645	0.619121	0.045798	0.0116563
12180	0.000239258	0.0855429	0.237653	0.619142	0.0457996	0.0116229
12181	0.000239273	0.0855483	0.237668	0.619181	0.0458025	0.0115604
12182	0.00023928	0.0855508	0.237675	0.6192	0.0458039	0.0115308
12183	0.000239285	0.0855528	0.237681	0.619214	0.0458049	0.0115085
12184	0.000239265	0.0855456	0.237661	0.619162	0.0458011	0.0115914
12185	0.000239283	0.0855519	0.237678	0.619208	0.0458044	0.0115183
12186	0.00023926	0.0855437	0.237655	0.619148	0.0458	0.0116139
12187	0.000239253	0.085541	0.237648	0.619129	0.0457986	0.011644
12188	0.000239287	0.0855532	0.237682	0.619217	0.0458051	0.0115039
12189	0.000239282	0.0855517	0.237677	0.619206	0.0458043	0.0115214
12190	0.000239278	0.0855502	0.237674	0.619196	0.0458035	0.0115378
12191	0.000239262	0.0855444	0.237657	0.619153	0.0458004	0.0116057
12192	0.00023927	0.0855471	0.237665	0.619173	0.0458019	0.0115741
12193	0.000239277	0.0855498	0.237672	0.619192	0.0458033	0.0115432
12194	0.000239273	0.0855483	0.237668	0.619181	0.0458025	0.0115604
12195	0.000239285	0.0855525	0.23768	0.619212	0.0458047	0.0115118
12196	0.00023927	0.0855471	0.237665	0.619173	0.0458019	0.0115741
12197	0.00023929	0.0855545	0.237685	0.619227	0.0458058	0.0114882
12198	0.000239284	0.0855522	0.237679	0.61921	0.0458046	0.0115155
12199	0.00023928	0.0855507	0.237675	0.619199	0.0458038	0.011533
12200	0.000239282	0.0855515	0.237677	0.619205	0.0458042	0.0115231
12201	0.000239268	0.0855466	0.237664	0.61917	0.0458016	0.0115794
12202	0.00023926	0.0855437	0.237655	0.619148	0.0458	0.0116139
12203	0.000239268	0.0855466	0.237664	0.61917	0.0458016	0.0115794
12204	0.000239285	0.0855526	0.23768	0.619213	0.0458048	0.0115106
12205	0.000239282	0.0855515	0.237677	0.619205	0.0458042	0.0115231
12206	5.25497e-05	0.0187883	0.0521972	0.135986	0.0100592	0.782917
12207	0.000239267	0.0855461	0.237662	0.619166	0.0458013	0.0115851
12208	0.000239289	0.0855542	0.237684	0.619224	0.0458056	0.0114925
12209	0.000239273	0.0855483	0.237668	0.619181	0.0458025	0.0115604
12210	0.000239283	0.0855519	0.237678	0.619208	0.0458044	0.0115183
12211	0.000239278	0.08555	0.237673	0.619194	0.0458034	0.0115404
12212	0.00023928	0.0855507	0.237675	0.619199	0.0458038	0.011533
12213	0.000239264	0.085545	0.237659	0.619158	0.0458007	0.0115982
12214	0.000239279	0.0855505	0.237674	0.619197	0.0458037	0.0115353
12215	0.000239276	0.0855495	0.237671	0.61919	0.0458032	0.0115462
12216	0.000239264	0.085545	0.237659	0.619158	0.0458007	0.0115982
12217	0.000239276	0.0855492	0.237671	0.619188	0.045803	0.0115494
12218	0.000239267	0.0855461	0.237662	0.619166	0.0458013	0.0115851
12219	0.000239265	0.0855456	0.237661	0.619162	0.0458011	0.0115914
12220	0.000239278	0.08555	0.237673	0.619194	0.0458034	0.0115404
12221	0.000239285	0.0855526	0.23768	0.619213	0.0458048	0.0115106
12222	0.000208038	0.0743809	0.206643	0.538354	0.0398235	0.14059
12223	0.000239284	0.0855523	0.237679	0.61921	0.0458046	0.0115142
12224	4.53921e-05	0.0162292	0.0450876	0.117464	0.00868912	0.812485
12225	0.000239264	0.085545	0.237659	0.619158	0.0458007	0.0115982
12226	0.00023927	0.0855471	0.237665	0.619173	0.0458019	0.0115741
12227	0.00023928	0.0855508	0.237675	0.6192	0.0458039	0.0115308
12228	0.00023928	0.0855508	0.237675	0.6192	0.0458039	0.0115308
12229	0.000239265	0.0855456	0.237661	0.619162	0.0458011	0.0115914
12230	0.00023928	0.0855508	0.237675	0.6192	0.0458039	0.0115308
12231	0.000239275	0.0855489	0.23767	0.619186	0.0458028	0.0115528
12232	0.000239258	0.0855429	0.237653	0.619142	0.0457996	0.0116229
12233	0.000239284	0.0855523	0.237679	0.61921	0.0458046	0.0115142
12234	0.000239284	0.0855523	0.237679	0.61921	0.0458046	0.0115142
12235	0.00023927	0.0855471	0.237665	0.619173	0.0458019	0.0115741
12236	0.000239284	0.0855524	0.237679	0.619211	0.0458047	0.011513
12237	0.000239272	0.0855479	0.237667	0.619179	0.0458023	0.0115646
12238	0.000239273	0.0855483	0.237668	0.619181	0.0458025	0.0115604
12239	0.000239282	0.0855514	0.237677	0.619204	0.0458041	0.0115249
12240	0.000239234	0.0855342	0.237629	0.61908	0.045795	0.0117231
12241	0.000239282	0.0855514	0.237677	0.619204	0.0458041	0.0115249
12242	0.000239285	0.0855525	0.23768	0.619212	0.0458047	0.0115118
12243	0.000239258	0.0855429	0.237653	0.619142	0.0457996	0.0116229
12244	0.000239284	0.0855522	0.237679	0.61921	0.0458046	0.0115155
12245	0.000239277	0.0855498	0.237672	0.619192	0.0458033	0.0115432
12246	9.92971e-05	0.0355021	0.0986311	0.256957	0.0190078	0.589803
12247	0.000239288	0.0855537	0.237683	0.619221	0.0458054	0.0114976
12248	6.83896e-06	0.00244516	0.00679309	0.0176976	0.00130914	0.971748
12249	0.000239228	0.0855322	0.237623	0.619065	0.0457939	0.011746
12250	0.000239267	0.0855461	0.237662	0.619166	0.0458013	0.0115851
12251	0.000239276	0.0855492	0.237671	0.619188	0.045803	0.0115494
12252	0.000239059	0.0854717	0.237455	0.618627	0.0457615	0.0124448
12253	0.000239291	0.0855547	0.237686	0.619228	0.0458059	0.0114863
12254	0.000239276	0.0855495	0.237671	0.61919	0.0458032	0.0115462
12255	0.00023929	0.0855543	0.237685	0.619225	0.0458057	0.0114906
12256	0.000239271	0.0855475	0.237666	0.619176	0.0458021	0.0115692
12257	0.000239275	0.0855489	0.23767	0.619186	0.0458028	0.0115528
12258	0.000239284	0.0855524	0.237679	0.619211	0.0458047	0.011513
12259	0.000239281	0.0855512	0.237676	0.619203	0.0458041	0.0115267
12260	0.000239278	0.08555	0.237673	0.619194	0.0458034	0.0115404
12261	0.000239234	0.0855342	0.237629	0.61908	0.045795	0.0117231
12262	0.000239264	0.085545	0.237659	0.619158	0.0458007	0.0115982
12263	0.000239283	0.0855518	0.237678	0.619207	0.0458044	0.0115198
12264	0.000239279	0.0855505	0.237674	0.619197	0.0458037	0.0115353
12265	0.000239279	0.0855505	0.237674	0.619197	0.0458037	0.0115353
12266	0.000239276	0.0855492	0.237671	0.619188	0.045803	0.0115494
12267	0.00023926	0.0855437	0.237655	0.619148	0.0458	0.0116139
12268	0.000239282	0.0855514	0.237677	0.619204	0.0458041	0.0115249
12269	0.000239275	0.0855489	0.23767	0.619186	0.0458028	0.0115528
12270	0.000239285	0.0855527	0.23768	0.619213	0.0458049	0.0115095
12271	0.000239278	0.0855502	0.237674	0.619196	0.0458035	0.0115378
12272	0.000239289	0.0855539	0.237684	0.619222	0.0458055	0.0114959
12273	0.000239281	0.0855512	0.237676	0.619203	0.0458041	0.0115267
12274	0.000239272	0.0855479	0.237667	0.619179	0.0458023	0.0115646
12275	0.000239281	0.0855512	0.237676	0.619203	0.0458041	0.0115267
12276	0.000239283	0.085552	0.237679	0.619209	0.0458045	0.0115169
12277	0.000239253	0.085541	0.237648	0.619129	0.0457986	0.011644
12278	0.000239275	0.0855489	0.23767	0.619186	0.0458028	0.0115528
12279	0.00023925	0.08554	0.237645	0.619121	0.045798	0.0116563
12280	0.000239278	0.0855502	0.237674	0.619196	0.0458035	0.0115378
12281	0.000239283	0.0855519	0.237678	0.619208	0.0458044	0.0115183
12282	0.00023927	0.0855471	0.237665	0.619173	0.0458019	0.0115741
12283	0.000239283	0.085552	0.237679	0.619209	0.0458045	0.0115169
12284	0.000239286	0.0855529	0.237681	0.619215	0.045805	0.0115065
12285	0.00023926	0.0855437	0.237655	0.619148	0.0458	0.0116139
12286	0.000239275	0.0855489	0.23767	0.619186	0.0458028	0.0115528
12287	0.000239289	0.0855542	0.237684	0.619224	0.0458056	0.0114925
12288	0.000239274	0.0855486	0.237669	0.619184	0.0458027	0.0115565
12289	0.000239282	0.0855515	0.237677	0.619205	0.0458042	0.0115231
12290	0.000239097	0.0854855	0.237494	0.618727	0.0457689	0.0122859
12291	0.00023925	0.08554	0.237645	0.619121	0.045798	0.0116563
12292	0.000239278	0.08555	0.237673	0.619194	0.0458034	0.0115404
12293	0.000239282	0.0855514	0.237677	0.619204	0.0458041	0.0115249
12294	0.000239287	0.0855533	0.237682	0.619218	0.0458052	0.0115023
12295	0.000239278	0.0855502	0.237674	0.619196	0.0458035	0.0115378
12296	0.000239272	0.0855479	0.237667	0.619179	0.0458023	0.0115646
12297	0.000239279	0.0855505	0.237674	0.619197	0.0458037	0.0115353
12298	0.000239292	0.0855549	0.237687	0.61923	0.0458061	0.0114835
12299	0.000239278	0.08555	0.237673	0.619194	0.0458034	0.0115404
12300	0.000239275	0.0855489	0.23767	0.619186	0.0458028	0.0115528
12301	0.000239288	0.0855538	0.237683	0.619222	0.0458055	0.0114964
12302	0.000239258	0.0855429	0.237653	0.619142	0.0457996	0.0116229
12303	0.000239279	0.0855505	0.237674	0.619197	0.0458037	0.0115353
12304	0.000239278	0.0855502	0.237674	0.619196	0.0458035	0.0115378
12305	0.000239285	0.0855526	0.23768	0.619213	0.0458048	0.0115106
12306	0.00023928	0.0855507	0.237675	0.619199	0.0458038	0.011533
12307	0.000239285	0.0855526	0.23768	0.619213	0.0458048	0.0115106
12308	0.000239286	0.085553	0.237681	0.619216	0.045805	0.0115056
12309	0.000239097	0.0854855	0.237494	0.618727	0.0457689	0.0122859
12310	0.000239277	0.0855498	0.237672	0.619192	0.0458033	0.0115432
12311	0.00023927	0.0855471	0.237665	0.619173	0.0458019	0.0115741
12312	0.00023928	0.0855508	0.237675	0.6192	0.0458039	0.0115308
12313	0.000239228	0.0855322	0.237623	0.619065	0.0457939	0.011746
12314	0.000239286	0.085553	0.237681	0.619216	0.045805	0.0115056
12315	0.000239285	0.0855526	0.23768	0.619213	0.0458048	0.0115106
12316	0.000239282	0.0855515	0.237677	0.619205	0.0458042	0.0115231
12317	0.000239281	0.0855512	0.237676	0.619203	0.0458041	0.0115267
12318	0.000233928	0.0836374	0.232359	0.605351	0.0447794	0.033639
12319	0.000239283	0.0855518	0.237678	0.619207	0.0458044	0.0115198
12320	0.000239268	0.0855466	0.237664	0.61917	0.0458016	0.0115794
12321	0.000239271	0.0855475	0.237666	0.619176	0.0458021	0.0115692
12322	0.000239277	0.0855498	0.237672	0.619192	0.0458033	0.0115432
12323	0.000239268	0.0855466	0.237664	0.61917	0.0458016	0.0115794
12324	0.000239262	0.0855444	0.237657	0.619153	0.0458004	0.0116057
12325	0.000239279	0.0855505	0.237674	0.619197	0.0458037	0.0115353
12326	0.000239268	0.0855466	0.237664	0.61917	0.0458016	0.0115794
12327	0.000239285	0.0855525	0.23768	0.619212	0.0458047	0.0115118
12328	0.000188929	0.0675487	0.187662	0.488904	0.0361655	0.21953
12329	0.000239275	0.0855489	0.23767	0.619186	0.0458028	0.0115528
12330	1.43017e-05	0.00511334	0.0142058	0.0370094	0.00273768	0.94092
12331	0.000239278	0.0855502	0.237674	0.619196	0.0458035	0.0115378
12332	0.000239287	0.0855534	0.237682	0.619219	0.0458053	0.0115008
12333	0.000239283	0.0855518	0.237678	0.619207	0.0458044	0.0115198
12334	0.000239279	0.0855505	0.237674	0.619197	0.0458037	0.0115353
12335	0.000239275	0.0855489	0.23767	0.619186	0.0458028	0.0115528
12336	0.00023928	0.0855507	0.237675	0.619199	0.0458038	0.011533
12337	0.000239282	0.0855517	0.237677	0.619206	0.0458043	0.0115214
12338	0.000239288	0.0855537	0.237683	0.61922	0.0458054	0.0114982
12339	0.000239267	0.0855461	0.237662	0.619166	0.0458013	0.0115851
12340	0.000239287	0.0855534	0.237682	0.619219	0.0458053	0.0115008
12341	0.000239287	0.0855532	0.237682	0.619217	0.0458051	0.0115039
12342	0.00023928	0.0855508	0.237675	0.6192	0.0458039	0.0115308
12343	0.000239276	0.0855495	0.237671	0.61919	0.0458032	0.0115462
12344	0.00023928	0.0855508	0.237675	0.6192	0.0458039	0.0115308
12345	0.000239282	0.0855515	0.237677	0.619205	0.0458042	0.0115231
12346	0.000239258	0.0855429	0.237653	0.619142	0.0457996	0.0116229
12347	0.00023926	0.0855437	0.237655	0.619148	0.0458	0.0116139
12348	0.000239276	0.0855492	0.237671	0.619188	0.045803	0.0115494
12349	0.000239287	0.0855532	0.237682	0.619217	0.0458051	0.0115031
12350	0.000239286	0.0855529	0.237681	0.619215	0.0458049	0.0115075
12351	0.000239271	0.0855475	0.237666	0.619176	0.0458021	0.0115692
12352	0.000239278	0.08555	0.237673	0.619194	0.0458034	0.0115404
12353	0.000239272	0.0855479	0.237667	0.619179	0.0458023	0.0115646
12354	0.000239273	0.0855483	0.237668	0.619181	0.0458025	0.0115604
12355	0.000239274	0.0855486	0.237669	0.619184	0.0458027	0.0115565
12356	0.000239282	0.0855515	0.237677	0.619205	0.0458042	0.0115231
12357	0.00023929	0.0855544	0.237685	0.619226	0.0458058	0.0114895
12358	0.000239246	0.0855388	0.237642	0.619113	0.0457974	0.0116701
12359	0.000239271	0.0855475	0.237666	0.619176	0.0458021	0.0115692
12360	0.00023928	0.0855507	0.237675	0.619199	0.0458038	0.011533
12361	0.00023925	0.08554	0.237645	0.619121	0.045798	0.0116563
12362	0.000239285	0.0855525	0.23768	0.619212	0.0458047	0.0115118
12363	0.000239276	0.0855495	0.237671	0.61919	0.0458032	0.0115462
12364	0.000239268	0.0855466	0.237664	0.61917	0.0458016	0.0115794
12365	0.000239282	0.0855514	0.237677	0.619204	0.0458041	0.0115249
12366	0.000239282	0.0855515	0.237677	0.619205	0.0458042	0.0115231
12367	0.000239285	0.0855525	0.23768	0.619212	0.0458047	0.0115118
12368	0.000239289	0.0855541	0.237684	0.619224	0.0458056	0.011493
12369	0.000239287	0.0855532	0.237682	0.619217	0.0458051	0.0115039
12370	0.000239279	0.0855505	0.237674	0.619197	0.0458037	0.0115353
12371	0.000239272	0.0855479	0.237667	0.619179	0.0458023	0.0115646
12372	0.000239286	0.0855529	0.237681	0.619215	0.0458049	0.0115075
12373	0.000239268	0.0855466	0.237664	0.61917	0.0458016	0.0115794
12374	0.000239282	0.0855517	0.237677	0.619206	0.0458043	0.0115214
12375	0.000239271	0.0855475	0.237666	0.619176	0.0458021	0.0115692
12376	0.000239287	0.0855534	0.237682	0.619218	0.0458052	0.0115015
12377	0.000239281	0.085551	0.237676	0.619201	0.045804	0.0115287
12378	0.000239284	0.0855524	0.237679	0.619211	0.0458047	0.011513
12379	0.000239271	0.0855475	0.237666	0.619176	0.0458021	0.0115692
12380	0.000239285	0.0855527	0.23768	0.619213	0.0458049	0.0115095
12381	0.000239222	0.0855299	0.237617	0.619049	0.0457927	0.0117723
12382	0.000239282	0.0855515	0.237677	0.619205	0.0458042	0.0115231
12383	0.000239279	0.0855505	0.237674	0.619197	0.0458037	0.0115353
12384	0.000239277	0.0855498	0.237672	0.619192	0.0458033	0.0115432
12385	0.000239283	0.0855518	0.237678	0.619207	0.0458044	0.0115198
12386	0.000239284	0.0855523	0.237679	0.61921	0.0458046	0.0115142
12387	0.00023928	0.0855508	0.237675	0.6192	0.0458039	0.0115308
12388	0.000239268	0.0855466	0.237664	0.61917	0.0458016	0.0115794
12389	0.000239214	0.0855273	0.23761	0.61903	0.0457913	0.0118029
12390	0.000239285	0.0855527	0.23768	0.619213	0.0458049	0.0115095
12391	0.000239287	0.0855532	0.237682	0.619217	0.0458051	0.0115031
12392	0.000239282	0.0855514	0.237677	0.619204	0.0458041	0.0115249
12393	0.000239264	0.085545	0.237659	0.619158	0.0458007	0.0115982
12394	0.000239268	0.0855466	0.237664	0.61917	0.0458016	0.0115794
12395	0.000239286	0.0855529	0.237681	0.619215	0.0458049	0.0115075
12396	0.000239286	0.0855531	0.237681	0.619216	0.0458051	0.0115047
12397	0.000239278	0.0855502	0.237674	0.619196	0.0458035	0.0115378
12398	0.000239281	0.0855512	0.237676	0.619203	0.0458041	0.0115267
12399	0.000239267	0.0855461	0.237662	0.619166	0.0458013	0.0115851
12400	0.000239281	0.0855512	0.237676	0.619203	0.0458041	0.0115267
12401	0.000239286	0.0855529	0.237681	0.619215	0.0458049	0.0115075
12402	0.000239255	0.085542	0.237651	0.619136	0.0457991	0.0116329
12403	0.000239283	0.085552	0.237679	0.619209	0.0458045	0.0115169
12404	0.000239278	0.08555	0.237673	0.619194	0.0458034	0.0115404
12405	0.000239285	0.0855528	0.237681	0.619214	0.0458049	0.0115085
12406	0.000239281	0.085551	0.237676	0.619201	0.045804	0.0115287
12407	0.00023927	0.0855471	0.237665	0.619173	0.0458019	0.0115741
12408	0.000239278	0.08555	0.237673	0.619194	0.0458034	0.0115404
12409	0.00023928	0.0855508	0.237675	0.6192	0.0458039	0.0115308
12410	0.000239277	0.0855498	0.237672	0.619192	0.0458033	0.0115432
12411	0.000239282	0.0855517	0.237677	0.619206	0.0458043	0.0115214
12412	0.000239279	0.0855505	0.237674	0.619197	0.0458037	0.0115353
12413	0.000239284	0.0855522	0.237679	0.61921	0.0458046	0.0115155
12414	0.000239287	0.0855534	0.237682	0.619219	0.0458053	0.0115008
12415	0.000239282	0.0855514	0.237677	0.619204	0.0458041	0.0115249
12416	0.000239287	0.0855534	0.237682	0.619219	0.0458053	0.0115008
12417	0.000239273	0.0855483	0.237668	0.619181	0.0458025	0.0115604
12418	0.00023928	0.0855507	0.237675	0.619199	0.0458038	0.011533
12419	0.000239278	0.0855502	0.237674	0.619196	0.0458035	0.0115378
12420	0.000239284	0.0855524	0.237679	0.619211	0.0458047	0.011513
12421	0.000239282	0.0855517	0.237677	0.619206	0.0458043	0.0115214
12422	0.000239258	0.0855429	0.237653	0.619142	0.0457996	0.0116229
12423	0.000239284	0.0855524	0.237679	0.619211	0.0458047	0.011513
12424	5.72944e-05	0.0204847	0.0569101	0.148264	0.0109675	0.763316
12425	0.000239286	0.085553	0.237681	0.619216	0.045805	0.0115056
12426	0.000239264	0.085545	0.237659	0.619158	0.0458007	0.0115982
12427	0.000239278	0.0855502	0.237674	0.619196	0.0458035	0.0115378
12428	0.00023926	0.0855437	0.237655	0.619148	0.0458	0.0116139
12429	0.000239286	0.0855531	0.237681	0.619216	0.0458051	0.0115047
12430	0.000239281	0.085551	0.237676	0.619201	0.045804	0.0115287
12431	0.000239285	0.0855525	0.23768	0.619212	0.0458047	0.0115118
12432	0.00023928	0.0855508	0.237675	0.6192	0.0458039	0.0115308
12433	0.000233928	0.0836374	0.232359	0.605351	0.0447794	0.033639
12434	0.000239276	0.0855495	0.237671	0.61919	0.0458032	0.0115462
12435	0.000239276	0.0855495	0.237671	0.61919	0.0458032	0.0115462
12436	0.000239285	0.0855525	0.23768	0.619212	0.0458047	0.0115118
12437	0.000239276	0.0855492	0.237671	0.619188	0.045803	0.0115494
12438	0.000239291	0.0855549	0.237686	0.619229	0.045806	0.0114843
12439	0.000239286	0.085553	0.237681	0.619216	0.045805	0.0115056
12440	0.000239282	0.0855517	0.237677	0.619206	0.0458043	0.0115214
12441	0.000239268	0.0855466	0.237664	0.61917	0.0458016	0.0115794
12442	0.000239284	0.0855524	0.237679	0.619211	0.0458047	0.011513
12443	0.000239285	0.0855528	0.237681	0.619214	0.0458049	0.0115085
12444	0.000239268	0.0855466	0.237664	0.61917	0.0458016	0.0115794
12445	0.00023929	0.0855545	0.237685	0.619226	0.0458058	0.0114885
12446	0.00023929	0.0855544	0.237685	0.619226	0.0458058	0.0114895
12447	0.000239282	0.0855517	0.237677	0.619206	0.0458043	0.0115214
12448	0.000239281	0.085551	0.237676	0.619201	0.045804	0.0115287
12449	0.000239279	0.0855505	0.237674	0.619197	0.0458037	0.0115353
12450	0.000239282	0.0855517	0.237677	0.619206	0.0458043	0.0115214
12451	0.000239287	0.0855534	0.237682	0.619218	0.0458052	0.0115015
12452	0.000239292	0.085555	0.237687	0.61923	0.0458061	0.0114823
12453	0.000239276	0.0855495	0.237671	0.61919	0.0458032	0.0115462
12454	0.000239007	0.0854532	0.237404	0.618493	0.0457516	0.012659
12455	0.000239281	0.085551	0.237676	0.619201	0.045804	0.0115287
12456	0.000239267	0.0855461	0.237662	0.619166	0.0458013	0.0115851
12457	0.00023927	0.0855471	0.237665	0.619173	0.0458019	0.0115741
12458	0.00023926	0.0855437	0.237655	0.619148	0.0458	0.0116139
12459	0.000239262	0.0855444	0.237657	0.619153	0.0458004	0.0116057
12460	0.000239265	0.0855456	0.237661	0.619162	0.0458011	0.0115914
12461	0.000239285	0.0855526	0.23768	0.619213	0.0458048	0.0115106
12462	0.000239243	0.0855374	0.237638	0.619103	0.0457967	0.0116856
12463	0.000239281	0.085551	0.237676	0.619201	0.045804	0.0115287
12464	0.000239274	0.0855486	0.237669	0.619184	0.0458027	0.0115565
12465	0.000239287	0.0855532	0.237682	0.619217	0.0458051	0.0115039
12466	0.000239286	0.0855529	0.237681	0.619215	0.0458049	0.0115075
12467	0.000239287	0.0855533	0.237682	0.619218	0.0458052	0.0115023
12468	0.000239281	0.085551	0.237676	0.619201	0.045804	0.0115287
12469	0.000239283	0.0855519	0.237678	0.619208	0.0458044	0.0115183
12470	0.000239279	0.0855505	0.237674	0.619197	0.0458037	0.0115353
12471	0.000239274	0.0855486	0.237669	0.619184	0.0458027	0.0115565
12472	0.000239283	0.0855519	0.237678	0.619208	0.0458044	0.0115183
12473	0.000239272	0.0855479	0.237667	0.619179	0.0458023	0.0115646
12474	0.000239262	0.0855444	0.237657	0.619153	0.0458004	0.0116057
12475	0.000239265	0.0855456	0.237661	0.619162	0.0458011	0.0115914
12476	0.000135397	0.0484089	0.134488	0.350374	0.0259181	0.440675
12477	0.000239255	0.085542	0.237651	0.619136	0.0457991	0.0116329
12478	0.000239222	0.0855299	0.237617	0.619049	0.0457927	0.0117723
12479	0.000239282	0.0855515	0.237677	0.619205	0.0458042	0.0115231
12480	0.000239281	0.0855512	0.237676	0.619203	0.0458041	0.0115267
12481	0.000239222	0.0855299	0.237617	0.619049	0.0457927	0.0117723
12482	0.000239288	0.0855535	0.237683	0.619219	0.0458053	0.0115001
12483	0.000239267	0.0855461	0.237662	0.619166	0.0458013	0.0115851
12484	0.000239286	0.0855529	0.237681	0.619215	0.045805	0.0115065
12485	0.000239276	0.0855492	0.237671	0.619188	0.045803	0.0115494
12486	0.00023928	0.0855508	0.237675	0.6192	0.0458039	0.0115308
12487	0.000239282	0.0855514	0.237677	0.619204	0.0458041	0.0115249
12488	0.000239286	0.0855529	0.237681	0.619215	0.0458049	0.0115075
12489	0.000239278	0.08555	0.237673	0.619194	0.0458034	0.0115404
12490	0.000239255	0.085542	0.237651	0.619136	0.0457991	0.0116329
12491	0.000239258	0.0855429	0.237653	0.619142	0.0457996	0.0116229
12492	0.000239273	0.0855483	0.237668	0.619181	0.0458025	0.0115604
12493	0.00023927	0.0855471	0.237665	0.619173	0.0458019	0.0115741
12494	0.000239285	0.0855525	0.23768	0.619212	0.0458047	0.0115118
12495	0.000233928	0.0836374	0.232359	0.605351	0.0447794	0.033639
12496	0.000239277	0.0855498	0.237672	0.619192	0.0458033	0.0115432
12497	0.000239286	0.0855529	0.237681	0.619215	0.0458049	0.0115075
12498	0.000239282	0.0855514	0.237677	0.619204	0.0458041	0.0115249
12499	0.000239281	0.0855512	0.237676	0.619203	0.0458041	0.0115267
12500	0.000239284	0.0855524	0.237679	0.619211	0.0458047	0.011513
12501	0.000239283	0.085552	0.237679	0.619209	0.0458045	0.0115169
12502	0.000239285	0.0855526	0.23768	0.619213	0.0458048	0.0115106
12503	0.000239277	0.0855498	0.237672	0.619192	0.0458033	0.0115432
12504	0.000239281	0.0855512	0.237676	0.619203	0.0458041	0.0115267
12505	0.000239007	0.0854532	0.237404	0.618493	0.0457516	0.012659
12506	0.000239276	0.0855492	0.237671	0.619188	0.045803	0.0115494
12507	0.000239288	0.0855537	0.237683	0.61922	0.0458054	0.0114982
12508	0.000239267	0.0855461	0.237662	0.619166	0.0458013	0.0115851
12509	0.000239272	0.0855479	0.237667	0.619179	0.0458023	0.0115646
12510	0.000239286	0.0855529	0.237681	0.619215	0.045805	0.0115065
12511	0.000239271	0.0855475	0.237666	0.619176	0.0458021	0.0115692
12512	0.000239291	0.0855548	0.237686	0.619228	0.045806	0.0114856
12513	0.000239243	0.0855374	0.237638	0.619103	0.0457967	0.0116856
12514	0.000239276	0.0855495	0.237671	0.61919	0.0458032	0.0115462
12515	0.000239282	0.0855514	0.237677	0.619204	0.0458041	0.0115249
12516	0.000239279	0.0855505	0.237674	0.619197	0.0458037	0.0115353
12517	0.000239262	0.0855444	0.237657	0.619153	0.0458004	0.0116057
12518	0.00023928	0.0855507	0.237675	0.619199	0.0458038	0.011533
12519	0.000239286	0.0855529	0.237681	0.619215	0.045805	0.0115065
12520	0.000239276	0.0855495	0.237671	0.61919	0.0458032	0.0115462
12521	0.000239222	0.0855299	0.237617	0.619049	0.0457927	0.0117723
12522	0.000239287	0.0855532	0.237682	0.619217	0.0458051	0.0115039
12523	0.000239275	0.0855489	0.23767	0.619186	0.0458028	0.0115528
12524	0.000239271	0.0855475	0.237666	0.619176	0.0458021	0.0115692
12525	0.000239271	0.0855475	0.237666	0.619176	0.0458021	0.0115692
12526	0.00023929	0.0855544	0.237685	0.619226	0.0458058	0.0114892
12527	0.000239285	0.0855526	0.23768	0.619213	0.0458048	0.0115106
12528	0.000239268	0.0855466	0.237664	0.61917	0.0458016	0.0115794
12529	0.00023926	0.0855437	0.237655	0.619148	0.0458	0.0116139
12530	0.000239228	0.0855322	0.237623	0.619065	0.0457939	0.011746
12531	0.000239283	0.0855519	0.237678	0.619208	0.0458044	0.0115183
12532	0.000239271	0.0855475	0.237666	0.619176	0.0458021	0.0115692
12533	0.000239286	0.0855529	0.237681	0.619215	0.045805	0.0115065
12534	0.00023929	0.0855544	0.237685	0.619225	0.0458057	0.0114902
12535	0.000239282	0.0855514	0.237677	0.619204	0.0458041	0.0115249
12536	0.000239274	0.0855486	0.237669	0.619184	0.0458027	0.0115565
12537	0.000239272	0.0855479	0.237667	0.619179	0.0458023	0.0115646
12538	0.000239222	0.0855299	0.237617	0.619049	0.0457927	0.0117723
12539	0.000239274	0.0855486	0.237669	0.619184	0.0458027	0.0115565
12540	0.000239274	0.0855486	0.237669	0.619184	0.0458027	0.0115565
12541	0.000239271	0.0855475	0.237666	0.619176	0.0458021	0.0115692
12542	0.000239268	0.0855466	0.237664	0.61917	0.0458016	0.0115794
12543	0.000239206	0.0855242	0.237601	0.619007	0.0457896	0.0118387
12544	0.000239283	0.0855519	0.237678	0.619208	0.0458044	0.0115183
12545	0.000239285	0.0855527	0.23768	0.619213	0.0458049	0.0115095
12546	0.000239228	0.0855322	0.237623	0.619065	0.0457939	0.011746
12547	0.00023929	0.0855542	0.237685	0.619225	0.0458057	0.0114917
12548	0.000239276	0.0855495	0.237671	0.61919	0.0458032	0.0115462
12549	0.000239285	0.0855526	0.23768	0.619213	0.0458048	0.0115106
12550	0.000239277	0.0855498	0.237672	0.619192	0.0458033	0.0115432
12551	0.000239234	0.0855342	0.237629	0.61908	0.045795	0.0117231
12552	0.000239282	0.0855515	0.237677	0.619205	0.0458042	0.0115231
12553	0.000239271	0.0855475	0.237666	0.619176	0.0458021	0.0115692
12554	0.000239283	0.085552	0.237679	0.619209	0.0458045	0.0115169
12555	0.000239278	0.0855502	0.237674	0.619196	0.0458035	0.0115378
12556	0.00023927	0.0855471	0.237665	0.619173	0.0458019	0.0115741
12557	0.000239283	0.085552	0.237679	0.619209	0.0458045	0.0115169
12558	0.000239278	0.0855502	0.237674	0.619196	0.0458035	0.0115378
12559	0.00023928	0.0855507	0.237675	0.619199	0.0458038	0.011533
12560	0.000239283	0.085552	0.237679	0.619209	0.0458045	0.0115169
12561	0.000239281	0.085551	0.237676	0.619201	0.045804	0.0115287
12562	0.00023927	0.0855471	0.237665	0.619173	0.0458019	0.0115741
12563	0.000239284	0.0855523	0.237679	0.61921	0.0458046	0.0115142
12564	0.000239264	0.085545	0.237659	0.619158	0.0458007	0.0115982
12565	0.000239253	0.085541	0.237648	0.619129	0.0457986	0.011644
12566	0.000239262	0.0855444	0.237657	0.619153	0.0458004	0.0116057
12567	0.000239275	0.0855489	0.23767	0.619186	0.0458028	0.0115528
12568	0.000239282	0.0855517	0.237677	0.619206	0.0458043	0.0115214
12569	0.000239255	0.085542	0.237651	0.619136	0.0457991	0.0116329
12570	0.000239282	0.0855515	0.237677	0.619205	0.0458042	0.0115231
12571	0.000239276	0.0855492	0.237671	0.619188	0.045803	0.0115494
12572	0.00023928	0.0855508	0.237675	0.6192	0.0458039	0.0115308
12573	0.000239228	0.0855322	0.237623	0.619065	0.0457939	0.011746
12574	0.000239275	0.0855489	0.23767	0.619186	0.0458028	0.0115528
12575	0.000239195	0.0855205	0.237591	0.618981	0.0457876	0.0118812
12576	0.000239277	0.0855498	0.237672	0.619192	0.0458033	0.0115432
12577	0.000239287	0.0855532	0.237682	0.619217	0.0458051	0.0115031
12578	0.000239264	0.085545	0.237659	0.619158	0.0458007	0.0115982
12579	0.000239283	0.085552	0.237679	0.619209	0.0458045	0.0115169
12580	0.000239255	0.085542	0.237651	0.619136	0.0457991	0.0116329
12581	0.000239265	0.0855456	0.237661	0.619162	0.0458011	0.0115914
12582	0.000239283	0.0855518	0.237678	0.619207	0.0458044	0.0115198
12583	0.000239284	0.0855522	0.237679	0.61921	0.0458046	0.0115155
12584	0.000239279	0.0855505	0.237674	0.619197	0.0458037	0.0115353
12585	0.000239279	0.0855505	0.237674	0.619197	0.0458037	0.0115353
12586	0.000239243	0.0855374	0.237638	0.619103	0.0457967	0.0116856
12587	0.000239284	0.0855523	0.237679	0.61921	0.0458046	0.0115142
12588	0.000239282	0.0855517	0.237677	0.619206	0.0458043	0.0115214
12589	0.000239273	0.0855483	0.237668	0.619181	0.0458025	0.0115604
12590	0.000239281	0.0855512	0.237676	0.619203	0.0458041	0.0115267
12591	0.000239285	0.0855525	0.23768	0.619212	0.0458047	0.0115118
12592	0.000239278	0.0855502	0.237674	0.619196	0.0458035	0.0115378
12593	0.000239268	0.0855466	0.237664	0.61917	0.0458016	0.0115794
12594	0.000239253	0.085541	0.237648	0.619129	0.0457986	0.011644
12595	0.000239276	0.0855495	0.237671	0.61919	0.0458032	0.0115462
12596	0.000239281	0.0855512	0.237676	0.619203	0.0458041	0.0115267
12597	0.000239286	0.0855531	0.237681	0.619216	0.0458051	0.0115047
12598	0.000239267	0.0855461	0.237662	0.619166	0.0458013	0.0115851
12599	1.86925e-05	0.00668321	0.0185671	0.0483717	0.00357818	0.922781
12600	0.000239264	0.085545	0.237659	0.619158	0.0458007	0.0115982
12601	0.000239271	0.0855475	0.237666	0.619176	0.0458021	0.0115692
12602	0.000239276	0.0855492	0.237671	0.619188	0.045803	0.0115494
12603	0.000239286	0.085553	0.237681	0.619216	0.045805	0.0115056
12604	0.00023927	0.0855471	0.237665	0.619173	0.0458019	0.0115741
12605	0.000239278	0.08555	0.237673	0.619194	0.0458034	0.0115404
12606	0.000239283	0.0855519	0.237678	0.619208	0.0458044	0.0115183
12607	0.000239282	0.0855517	0.237677	0.619206	0.0458043	0.0115214
12608	0.000239267	0.0855461	0.237662	0.619166	0.0458013	0.0115851
12609	0.000239285	0.0855527	0.23768	0.619213	0.0458049	0.0115095
12610	0.000239255	0.085542	0.237651	0.619136	0.0457991	0.0116329
12611	0.00023927	0.0855471	0.237665	0.619173	0.0458019	0.0115741
12612	0.000239282	0.0855514	0.237677	0.619204	0.0458041	0.0115249
12613	0.000239279	0.0855505	0.237674	0.619197	0.0458037	0.0115353
12614	0.000239281	0.085551	0.237676	0.619201	0.045804	0.0115287
12615	7.46653e-07	0.000266954	0.000741645	0.00193216	0.000142927	0.996916
12616	0.000239286	0.0855531	0.237681	0.619216	0.0458051	0.0115047
12617	0.000239278	0.08555	0.237673	0.619194	0.0458034	0.0115404
12618	8.44895e-05	0.0302079	0.0839228	0.218639	0.0161733	0.650973
12619	0.000239286	0.0855529	0.237681	0.619215	0.045805	0.0115065
12620	0.000239277	0.0855498	0.237672	0.619192	0.0458033	0.0115432
12621	0.000239258	0.0855429	0.237653	0.619142	0.0457996	0.0116229
12622	0.000239285	0.0855528	0.237681	0.619214	0.0458049	0.0115085
12623	0.000239278	0.0855502	0.237674	0.619196	0.0458035	0.0115378
12624	0.000239267	0.0855461	0.237662	0.619166	0.0458013	0.0115851
12625	0.000239278	0.08555	0.237673	0.619194	0.0458034	0.0115404
12626	0.000239279	0.0855505	0.237674	0.619197	0.0458037	0.0115353
12627	0.000239275	0.0855489	0.23767	0.619186	0.0458028	0.0115528
12628	0.00023925	0.08554	0.237645	0.619121	0.045798	0.0116563
12629	0.00023925	0.08554	0.237645	0.619121	0.045798	0.0116563
12630	0.000239287	0.0855533	0.237682	0.619218	0.0458052	0.0115023
12631	0.000239286	0.0855529	0.237681	0.619215	0.0458049	0.0115075
12632	0.000239285	0.0855527	0.23768	0.619213	0.0458049	0.0115095
12633	0.000239282	0.0855515	0.237677	0.619205	0.0458042	0.0115231
12634	0.000239265	0.0855456	0.237661	0.619162	0.0458011	0.0115914
12635	0.000239281	0.085551	0.237676	0.619201	0.045804	0.0115287
12636	0.000239278	0.0855502	0.237674	0.619196	0.0458035	0.0115378
12637	0.000239262	0.0855444	0.237657	0.619153	0.0458004	0.0116057
12638	0.000239246	0.0855388	0.237642	0.619113	0.0457974	0.0116701
12639	0.000221843	0.0793165	0.220355	0.574077	0.042466	0.0835639
12640	0.000239267	0.0855461	0.237662	0.619166	0.0458013	0.0115851
12641	0.000239281	0.0855512	0.237676	0.619203	0.0458041	0.0115267
12642	0.000239271	0.0855475	0.237666	0.619176	0.0458021	0.0115692
12643	0.000239279	0.0855505	0.237674	0.619197	0.0458037	0.0115353
12644	0.000239278	0.08555	0.237673	0.619194	0.0458034	0.0115404
12645	0.000239284	0.0855523	0.237679	0.61921	0.0458046	0.0115142
12646	0.000239286	0.0855529	0.237681	0.619215	0.045805	0.0115065
12647	0.00023927	0.0855471	0.237665	0.619173	0.0458019	0.0115741
12648	0.000239273	0.0855483	0.237668	0.619181	0.0458025	0.0115604
12649	0.000239246	0.0855388	0.237642	0.619113	0.0457974	0.0116701
12650	0.000239264	0.085545	0.237659	0.619158	0.0458007	0.0115982
12651	0.00023927	0.0855471	0.237665	0.619173	0.0458019	0.0115741
12652	0.00023928	0.0855508	0.237675	0.6192	0.0458039	0.0115308
12653	0.000239264	0.085545	0.237659	0.619158	0.0458007	0.0115982
12654	0.000239267	0.0855461	0.237662	0.619166	0.0458013	0.0115851
12655	0.000239283	0.0855518	0.237678	0.619207	0.0458044	0.0115198
12656	0.000239258	0.0855429	0.237653	0.619142	0.0457996	0.0116229
12657	0.000239282	0.0855515	0.237677	0.619205	0.0458042	0.0115231
12658	0.00023927	0.0855471	0.237665	0.619173	0.0458019	0.0115741
12659	0.00023927	0.0855471	0.237665	0.619173	0.0458019	0.0115741
12660	0.000239282	0.0855514	0.237677	0.619204	0.0458041	0.0115249
12661	0.00023927	0.0855471	0.237665	0.619173	0.0458019	0.0115741
12662	0.000239275	0.0855489	0.23767	0.619186	0.0458028	0.0115528
12663	0.000239288	0.0855538	0.237683	0.619221	0.0458054	0.011497
12664	0.000239265	0.0855456	0.237661	0.619162	0.0458011	0.0115914
12665	0.000239279	0.0855505	0.237674	0.619197	0.0458037	0.0115353
12666	1.27395e-06	0.00045548	0.0012654	0.00329667	0.000243863	0.994737
12667	0.000239183	0.0855161	0.237579	0.618949	0.0457853	0.011932
12668	0.000239284	0.0855524	0.237679	0.619211	0.0458047	0.011513
12669	0.000239282	0.0855515	0.237677	0.619205	0.0458042	0.0115231
12670	8.15028e-05	0.02914	0.0809561	0.21091	0.0156016	0.663311
12671	0.000239246	0.0855388	0.237642	0.619113	0.0457974	0.0116701
12672	0.000239283	0.0855518	0.237678	0.619207	0.0458044	0.0115198
12673	0.000239273	0.0855483	0.237668	0.619181	0.0458025	0.0115604
12674	0.000233928	0.0836374	0.232359	0.605351	0.0447794	0.033639
12675	0.000239255	0.085542	0.237651	0.619136	0.0457991	0.0116329
12676	0.000239284	0.0855523	0.237679	0.61921	0.0458046	0.0115142
12677	0.000239271	0.0855475	0.237666	0.619176	0.0458021	0.0115692
12678	0.000233928	0.0836374	0.232359	0.605351	0.0447794	0.033639
12679	0.000239253	0.085541	0.237648	0.619129	0.0457986	0.011644
12680	0.000239283	0.085552	0.237679	0.619209	0.0458045	0.0115169
12681	0.000239183	0.0855161	0.237579	0.618949	0.0457853	0.011932
12682	0.00023927	0.0855471	0.237665	0.619173	0.0458019	0.0115741
12683	0.00023926	0.0855437	0.237655	0.619148	0.0458	0.0116139
12684	0.000239285	0.0855527	0.23768	0.619213	0.0458049	0.0115095
12685	0.000239255	0.085542	0.237651	0.619136	0.0457991	0.0116329
12686	0.00023927	0.0855471	0.237665	0.619173	0.0458019	0.0115741
12687	0.000239291	0.0855547	0.237686	0.619228	0.0458059	0.0114863
12688	0.000239268	0.0855466	0.237664	0.61917	0.0458016	0.0115794
12689	0.000239286	0.0855529	0.237681	0.619215	0.045805	0.0115065
12690	0.000239265	0.0855456	0.237661	0.619162	0.0458011	0.0115914
12691	0.000239267	0.0855461	0.237662	0.619166	0.0458013	0.0115851
12692	0.00023926	0.0855437	0.237655	0.619148	0.0458	0.0116139
12693	0.000239284	0.0855522	0.237679	0.61921	0.0458046	0.0115155
12694	0.000239195	0.0855205	0.237591	0.618981	0.0457876	0.0118812
12695	0.00023927	0.0855471	0.237665	0.619173	0.0458019	0.0115741
12696	0.000239281	0.0855512	0.237676	0.619203	0.0458041	0.0115267
12697	0.000239276	0.0855495	0.237671	0.61919	0.0458032	0.0115462
12698	0.000239287	0.0855534	0.237682	0.619219	0.0458053	0.0115008
12699	0.000239282	0.0855514	0.237677	0.619204	0.0458041	0.0115249
12700	0.000239262	0.0855444	0.237657	0.619153	0.0458004	0.0116057
12701	0.000239273	0.0855483	0.237668	0.619181	0.0458025	0.0115604
12702	0.000239265	0.0855456	0.237661	0.619162	0.0458011	0.0115914
12703	0.000239267	0.0855461	0.237662	0.619166	0.0458013	0.0115851
12704	0.000239278	0.0855502	0.237674	0.619196	0.0458035	0.0115378
12705	0.000239278	0.08555	0.237673	0.619194	0.0458034	0.0115404
12706	0.000239285	0.0855526	0.23768	0.619213	0.0458048	0.0115106
12707	0.00023927	0.0855471	0.237665	0.619173	0.0458019	0.0115741
12708	0.00023928	0.0855507	0.237675	0.619199	0.0458038	0.011533
12709	0.000239271	0.0855475	0.237666	0.619176	0.0458021	0.0115692
12710	4.15555e-05	0.0148575	0.0412768	0.107536	0.0079547	0.828334
12711	0.000239282	0.0855515	0.237677	0.619205	0.0458042	0.0115231
12712	0.000239287	0.0855534	0.237682	0.619218	0.0458052	0.0115015
12713	0.000239271	0.0855475	0.237666	0.619176	0.0458021	0.0115692
12714	0.000239281	0.0855512	0.237676	0.619203	0.0458041	0.0115267
12715	0.000239273	0.0855483	0.237668	0.619181	0.0458025	0.0115604
12716	0.000239281	0.0855512	0.237676	0.619203	0.0458041	0.0115267
12717	0.000239282	0.0855514	0.237677	0.619204	0.0458041	0.0115249
12718	0.000239267	0.0855461	0.237662	0.619166	0.0458013	0.0115851
12719	0.000239272	0.0855479	0.237667	0.619179	0.0458023	0.0115646
12720	0.000239279	0.0855505	0.237674	0.619197	0.0458037	0.0115353
12721	0.000239276	0.0855495	0.237671	0.61919	0.0458032	0.0115462
12722	0.000239267	0.0855461	0.237662	0.619166	0.0458013	0.0115851
12723	0.000239285	0.0855528	0.237681	0.619214	0.0458049	0.0115085
12724	0.000239282	0.0855515	0.237677	0.619205	0.0458042	0.0115231
12725	0.000239284	0.0855524	0.237679	0.619211	0.0458047	0.011513
12726	0.00023925	0.08554	0.237645	0.619121	0.045798	0.0116563
12727	0.000239289	0.0855541	0.237684	0.619223	0.0458056	0.0114934
12728	0.000239282	0.0855517	0.237677	0.619206	0.0458043	0.0115214
12729	0.000239273	0.0855483	0.237668	0.619181	0.0458025	0.0115604
12730	0.000239279	0.0855505	0.237674	0.619197	0.0458037	0.0115353
12731	0.000239273	0.0855483	0.237668	0.619181	0.0458025	0.0115604
12732	0.00023929	0.0855546	0.237686	0.619227	0.0458059	0.0114879
12733	0.000239243	0.0855374	0.237638	0.619103	0.0457967	0.0116856
12734	0.000239281	0.085551	0.237676	0.619201	0.045804	0.0115287
12735	0.000239168	0.0855108	0.237564	0.61891	0.0457824	0.0119936
12736	0.000239285	0.0855528	0.237681	0.619214	0.0458049	0.0115085
12737	0.000239274	0.0855486	0.237669	0.619184	0.0458027	0.0115565
12738	0.000239277	0.0855498	0.237672	0.619192	0.0458033	0.0115432
12739	0.000239276	0.0855492	0.237671	0.619188	0.045803	0.0115494
12740	0.000239283	0.085552	0.237679	0.619209	0.0458045	0.0115169
12741	0.000239286	0.085553	0.237681	0.619216	0.045805	0.0115056
12742	0.000239274	0.0855486	0.237669	0.619184	0.0458027	0.0115565
12743	0.00023927	0.0855471	0.237665	0.619173	0.0458019	0.0115741
12744	0.000239271	0.0855475	0.237666	0.619176	0.0458021	0.0115692
12745	0.00023928	0.0855508	0.237675	0.6192	0.0458039	0.0115308
12746	0.000239238	0.0855359	0.237634	0.619092	0.0457959	0.0117032
12747	0.000238828	0.0853891	0.237226	0.61803	0.0457173	0.0133992
12748	0.000239284	0.0855522	0.237679	0.61921	0.0458046	0.0115155
12749	0.000239267	0.0855461	0.237662	0.619166	0.0458013	0.0115851
12750	0.000239281	0.0855512	0.237676	0.619203	0.0458041	0.0115267
12751	0.000239287	0.0855532	0.237682	0.619217	0.0458051	0.0115031
12752	0.000239281	0.0855512	0.237676	0.619203	0.0458041	0.0115267
12753	0.000239282	0.0855517	0.237677	0.619206	0.0458043	0.0115214
12754	0.000239267	0.0855461	0.237662	0.619166	0.0458013	0.0115851
12755	0.000239285	0.0855526	0.23768	0.619213	0.0458048	0.0115106
12756	0.000239282	0.0855514	0.237677	0.619204	0.0458041	0.0115249
12757	0.000239285	0.0855526	0.23768	0.619213	0.0458048	0.0115106
12758	0.000239287	0.0855534	0.237682	0.619219	0.0458053	0.0115008
12759	0.000239278	0.0855502	0.237674	0.619196	0.0458035	0.0115378
12760	0.000217805	0.0778726	0.216344	0.563626	0.0416929	0.100247
12761	0.000239279	0.0855505	0.237674	0.619197	0.0458037	0.0115353
12762	0.000239282	0.0855514	0.237677	0.619204	0.0458041	0.0115249
12763	0.000238364	0.0852232	0.236765	0.616829	0.0456285	0.0153162
12764	0.000239276	0.0855495	0.237671	0.61919	0.0458032	0.0115462
12765	0.000239281	0.0855512	0.237676	0.619203	0.0458041	0.0115267
12766	0.000239214	0.0855273	0.23761	0.61903	0.0457913	0.0118029
12767	0.000239273	0.0855483	0.237668	0.619181	0.0458025	0.0115604
12768	0.000239276	0.0855495	0.237671	0.61919	0.0458032	0.0115462
12769	0.000239274	0.0855486	0.237669	0.619184	0.0458027	0.0115565
12770	0.00023926	0.0855437	0.237655	0.619148	0.0458	0.0116139
12771	0.000239264	0.085545	0.237659	0.619158	0.0458007	0.0115982
12772	0.000239278	0.0855502	0.237674	0.619196	0.0458035	0.0115378
12773	0.000239276	0.0855495	0.237671	0.61919	0.0458032	0.0115462
12774	0.000239246	0.0855388	0.237642	0.619113	0.0457974	0.0116701
12775	0.000239262	0.0855444	0.237657	0.619153	0.0458004	0.0116057
12776	0.00023928	0.0855507	0.237675	0.619199	0.0458038	0.011533
12777	0.000239275	0.0855489	0.23767	0.619186	0.0458028	0.0115528
12778	0.00023928	0.0855507	0.237675	0.619199	0.0458038	0.011533
12779	0.000239288	0.0855536	0.237683	0.61922	0.0458053	0.0114988
12780	0.000239258	0.0855429	0.237653	0.619142	0.0457996	0.0116229
12781	0.000239283	0.0855518	0.237678	0.619207	0.0458044	0.0115198
12782	0.000239273	0.0855483	0.237668	0.619181	0.0458025	0.0115604
12783	0.000239267	0.0855461	0.237662	0.619166	0.0458013	0.0115851
12784	0.000239289	0.0855541	0.237684	0.619224	0.0458056	0.011493
12785	0.000239278	0.08555	0.237673	0.619194	0.0458034	0.0115404
12786	0.000239283	0.0855518	0.237678	0.619207	0.0458044	0.0115198
12787	0.000239285	0.0855525	0.23768	0.619212	0.0458047	0.0115118
12788	0.000239284	0.0855523	0.237679	0.61921	0.0458046	0.0115142
12789	0.000239255	0.085542	0.237651	0.619136	0.0457991	0.0116329
12790	0.00023926	0.0855437	0.237655	0.619148	0.0458	0.0116139
12791	0.000239278	0.0855502	0.237674	0.619196	0.0458035	0.0115378
12792	0.000239281	0.085551	0.237676	0.619201	0.045804	0.0115287
12793	0.000239262	0.0855444	0.237657	0.619153	0.0458004	0.0116057
12794	0.000239287	0.0855532	0.237682	0.619217	0.0458051	0.0115039
12795	0.000239287	0.0855534	0.237682	0.619218	0.0458052	0.0115015
12796	0.000239288	0.0855537	0.237683	0.61922	0.0458054	0.0114982
12797	0.000239281	0.0855512	0.237676	0.619203	0.0458041	0.0115267
12798	0.000239273	0.0855483	0.237668	0.619181	0.0458025	0.0115604
12799	0.000239283	0.0855518	0.237678	0.619207	0.0458044	0.0115198
12800	0.000239272	0.0855479	0.237667	0.619179	0.0458023	0.0115646
12801	0.000239279	0.0855505	0.237674	0.619197	0.0458037	0.0115353
12802	0.000239283	0.085552	0.237679	0.619209	0.0458045	0.0115169
12803	0.000239283	0.085552	0.237679	0.619209	0.0458045	0.0115169
12804	0.000239282	0.0855515	0.237677	0.619205	0.0458042	0.0115231
12805	7.09781e-07	0.000253771	0.00070502	0.00183674	0.000135869	0.997068
12806	0.000239281	0.0855512	0.237676	0.619203	0.0458041	0.0115267
12807	0.000239276	0.0855495	0.237671	0.61919	0.0458032	0.0115462
12808	0.000239284	0.0855524	0.237679	0.619211	0.0458047	0.011513
12809	0.000239265	0.0855456	0.237661	0.619162	0.0458011	0.0115914
12810	0.000239278	0.0855502	0.237674	0.619196	0.0458035	0.0115378
12811	0.000239284	0.0855523	0.237679	0.61921	0.0458046	0.0115142
12812	0.00023927	0.0855471	0.237665	0.619173	0.0458019	0.0115741
12813	0.00023925	0.08554	0.237645	0.619121	0.045798	0.0116563
12814	0.000239284	0.0855522	0.237679	0.61921	0.0458046	0.0115155
12815	0.000239276	0.0855492	0.237671	0.619188	0.045803	0.0115494
12816	0.000239276	0.0855495	0.237671	0.61919	0.0458032	0.0115462
12817	0.000239258	0.0855429	0.237653	0.619142	0.0457996	0.0116229
12818	0.000239288	0.0855536	0.237683	0.61922	0.0458053	0.0114994
12819	0.000239287	0.0855532	0.237682	0.619217	0.0458051	0.0115031
12820	0.000239276	0.0855492	0.237671	0.619188	0.045803	0.0115494
12821	0.000239262	0.0855444	0.237657	0.619153	0.0458004	0.0116057
12822	0.000239253	0.085541	0.237648	0.619129	0.0457986	0.011644
12823	0.000136445	0.0487837	0.13553	0.353086	0.0261187	0.436345
12824	0.000239281	0.0855512	0.237676	0.619203	0.0458041	0.0115267
12825	0.000239288	0.0855538	0.237683	0.619221	0.0458054	0.011497
12826	0.000239288	0.0855535	0.237683	0.619219	0.0458053	0.0115001
12827	0.000239228	0.0855322	0.237623	0.619065	0.0457939	0.011746
12828	0.000239283	0.085552	0.237679	0.619209	0.0458045	0.0115169
12829	0.000239275	0.0855489	0.23767	0.619186	0.0458028	0.0115528
12830	0.000239283	0.0855518	0.237678	0.619207	0.0458044	0.0115198
12831	0.000239285	0.0855527	0.23768	0.619213	0.0458049	0.0115095
12832	0.000239282	0.0855517	0.237677	0.619206	0.0458043	0.0115214
12833	0.000239275	0.0855489	0.23767	0.619186	0.0458028	0.0115528
12834	0.000239255	0.085542	0.237651	0.619136	0.0457991	0.0116329
12835	0.000239264	0.085545	0.237659	0.619158	0.0458007	0.0115982
12836	9.104e-05	0.0325499	0.0904294	0.23559	0.0174272	0.623912
12837	0.00023929	0.0855543	0.237685	0.619225	0.0458057	0.0114906
12838	0.00023928	0.0855507	0.237675	0.619199	0.0458038	0.011533
12839	0.000239255	0.085542	0.237651	0.619136	0.0457991	0.0116329
12840	0.000239285	0.0855525	0.23768	0.619212	0.0458047	0.0115118
12841	0.000239278	0.0855502	0.237674	0.619196	0.0458035	0.0115378
12842	0.00023929	0.0855544	0.237685	0.619226	0.0458058	0.0114898
12843	0.000239279	0.0855505	0.237674	0.619197	0.0458037	0.0115353
12844	0.000239285	0.0855528	0.237681	0.619214	0.0458049	0.0115085
12845	0.000239284	0.0855522	0.237679	0.61921	0.0458046	0.0115155
12846	0.000239262	0.0855444	0.237657	0.619153	0.0458004	0.0116057
12847	0.000239275	0.0855489	0.23767	0.619186	0.0458028	0.0115528
12848	0.000239265	0.0855456	0.237661	0.619162	0.0458011	0.0115914
12849	0.000239278	0.0855502	0.237674	0.619196	0.0458035	0.0115378
12850	0.000239287	0.0855532	0.237682	0.619217	0.0458051	0.0115031
12851	0.000239264	0.085545	0.237659	0.619158	0.0458007	0.0115982
12852	0.000239285	0.0855526	0.23768	0.619213	0.0458048	0.0115106
12853	0.000239267	0.0855461	0.237662	0.619166	0.0458013	0.0115851
12854	0.000239287	0.0855534	0.237682	0.619218	0.0458052	0.0115015
12855	0.000239284	0.0855524	0.237679	0.619211	0.0458047	0.011513
12856	0.000239284	0.0855524	0.237679	0.619211	0.0458047	0.011513
12857	0.000239243	0.0855374	0.237638	0.619103	0.0457967	0.0116856
12858	0.000239267	0.0855461	0.237662	0.619166	0.0458013	0.0115851
12859	0.000239282	0.0855517	0.237677	0.619206	0.0458043	0.0115214
12860	0.000239285	0.0855525	0.23768	0.619212	0.0458047	0.0115118
12861	0.000239281	0.0855512	0.237676	0.619203	0.0458041	0.0115267
12862	0.000239277	0.0855498	0.237672	0.619192	0.0458033	0.0115432
12863	0.000239286	0.0855531	0.237681	0.619216	0.0458051	0.0115047
12864	0.000239286	0.0855529	0.237681	0.619215	0.045805	0.0115065
12865	0.000239284	0.0855522	0.237679	0.61921	0.0458046	0.0115155
12866	0.000239277	0.0855498	0.237672	0.619192	0.0458033	0.0115432
12867	0.000239255	0.085542	0.237651	0.619136	0.0457991	0.0116329
12868	0.000239278	0.08555	0.237673	0.619194	0.0458034	0.0115404
12869	0.000239284	0.0855523	0.237679	0.61921	0.0458046	0.0115142
12870	0.000239267	0.0855461	0.237662	0.619166	0.0458013	0.0115851
12871	0.000239273	0.0855483	0.237668	0.619181	0.0458025	0.0115604
12872	0.000239228	0.0855322	0.237623	0.619065	0.0457939	0.011746
12873	0.000221191	0.0790833	0.219707	0.572389	0.0423411	0.0862583
12874	0.000239258	0.0855429	0.237653	0.619142	0.0457996	0.0116229
12875	0.000239283	0.085552	0.237679	0.619209	0.0458045	0.0115169
12876	0.000239282	0.0855517	0.237677	0.619206	0.0458043	0.0115214
12877	0.000239272	0.0855479	0.237667	0.619179	0.0458023	0.0115646
12878	0.00023927	0.0855471	0.237665	0.619173	0.0458019	0.0115741
12879	0.000239222	0.0855299	0.237617	0.619049	0.0457927	0.0117723
12880	0.000239289	0.0855539	0.237684	0.619222	0.0458055	0.0114954
12881	0.00023927	0.0855471	0.237665	0.619173	0.0458019	0.0115741
12882	0.000239286	0.0855529	0.237681	0.619215	0.0458049	0.0115075
12883	0.000239287	0.0855532	0.237682	0.619217	0.0458051	0.0115039
12884	0.000239274	0.0855486	0.237669	0.619184	0.0458027	0.0115565
12885	0.00023928	0.0855508	0.237675	0.6192	0.0458039	0.0115308
12886	0.000239283	0.085552	0.237679	0.619209	0.0458045	0.0115169
12887	5.78409e-05	0.0206801	0.057453	0.149679	0.0110721	0.761058
12888	0.000239282	0.0855514	0.237677	0.619204	0.0458041	0.0115249
12889	0.000239264	0.085545	0.237659	0.619158	0.0458007	0.0115982
12890	0.000239273	0.0855483	0.237668	0.619181	0.0458025	0.0115604
12891	0.000239243	0.0855374	0.237638	0.619103	0.0457967	0.0116856
12892	0.000239273	0.0855483	0.237668	0.619181	0.0458025	0.0115604
12893	0.000239284	0.0855523	0.237679	0.61921	0.0458046	0.0115142
12894	0.000239279	0.0855505	0.237674	0.619197	0.0458037	0.0115353
12895	0.000239284	0.0855522	0.237679	0.61921	0.0458046	0.0115155
12896	0.000239276	0.0855492	0.237671	0.619188	0.045803	0.0115494
12897	0.000239278	0.0855502	0.237674	0.619196	0.0458035	0.0115378
12898	0.000239255	0.085542	0.237651	0.619136	0.0457991	0.0116329
12899	0.000239281	0.0855512	0.237676	0.619203	0.0458041	0.0115267
12900	0.000239276	0.0855492	0.237671	0.619188	0.045803	0.0115494
12901	0.000239282	0.0855517	0.237677	0.619206	0.0458043	0.0115214
12902	0.000239283	0.085552	0.237679	0.619209	0.0458045	0.0115169
12903	0.000239276	0.0855495	0.237671	0.61919	0.0458032	0.0115462
12904	0.000239279	0.0855505	0.237674	0.619197	0.0458037	0.0115353
12905	0.000239282	0.0855514	0.237677	0.619204	0.0458041	0.0115249
12906	0.000239234	0.0855342	0.237629	0.61908	0.045795	0.0117231
12907	0.000239278	0.08555	0.237673	0.619194	0.0458034	0.0115404
12908	0.000239289	0.085554	0.237684	0.619223	0.0458056	0.0114944
12909	0.000239275	0.0855489	0.23767	0.619186	0.0458028	0.0115528
12910	0.000239267	0.0855461	0.237662	0.619166	0.0458013	0.0115851
12911	0.000239127	0.085496	0.237523	0.618803	0.0457745	0.0121645
12912	0.000239287	0.0855534	0.237682	0.619219	0.0458053	0.0115008
12913	4.91406e-05	0.0175695	0.048811	0.127164	0.00940668	0.796999
12914	0.000239281	0.085551	0.237676	0.619201	0.045804	0.0115287
12915	0.000239271	0.0855475	0.237666	0.619176	0.0458021	0.0115692
12916	0.000239272	0.0855479	0.237667	0.619179	0.0458023	0.0115646
12917	0.00023927	0.0855471	0.237665	0.619173	0.0458019	0.0115741
12918	0.000239276	0.0855495	0.237671	0.61919	0.0458032	0.0115462
12919	0.000239253	0.085541	0.237648	0.619129	0.0457986	0.011644
12920	0.000239282	0.0855514	0.237677	0.619204	0.0458041	0.0115249
12921	0.000239286	0.0855529	0.237681	0.619215	0.0458049	0.0115075
12922	0.000239272	0.0855479	0.237667	0.619179	0.0458023	0.0115646
12923	0.00023929	0.0855542	0.237685	0.619225	0.0458057	0.0114917
12924	0.000239262	0.0855444	0.237657	0.619153	0.0458004	0.0116057
12925	0.000239288	0.0855537	0.237683	0.619221	0.0458054	0.0114976
12926	0.000239282	0.0855515	0.237677	0.619205	0.0458042	0.0115231
12927	0.000239264	0.085545	0.237659	0.619158	0.0458007	0.0115982
12928	0.000239277	0.0855498	0.237672	0.619192	0.0458033	0.0115432
12929	0.000239246	0.0855388	0.237642	0.619113	0.0457974	0.0116701
12930	0.000239285	0.0855528	0.237681	0.619214	0.0458049	0.0115085
12931	0.000239278	0.08555	0.237673	0.619194	0.0458034	0.0115404
12932	0.00023927	0.0855471	0.237665	0.619173	0.0458019	0.0115741
12933	0.00023928	0.0855507	0.237675	0.619199	0.0458038	0.011533
12934	0.00023927	0.0855471	0.237665	0.619173	0.0458019	0.0115741
12935	0.000239283	0.0855519	0.237678	0.619208	0.0458044	0.0115183
12936	0.000239278	0.08555	0.237673	0.619194	0.0458034	0.0115404
12937	0.000239288	0.0855537	0.237683	0.619221	0.0458054	0.0114976
12938	0.000239272	0.0855479	0.237667	0.619179	0.0458023	0.0115646
12939	0.000239275	0.0855489	0.23767	0.619186	0.0458028	0.0115528
12940	0.00023927	0.0855471	0.237665	0.619173	0.0458019	0.0115741
12941	0.000239288	0.0855537	0.237683	0.61922	0.0458054	0.0114982
12942	0.000239267	0.0855461	0.237662	0.619166	0.0458013	0.0115851
12943	0.000239289	0.0855539	0.237684	0.619222	0.0458055	0.0114959
12944	0.000239292	0.0855552	0.237687	0.619231	0.0458062	0.0114806
12945	0.000239288	0.0855535	0.237683	0.619219	0.0458053	0.0115001
12946	0.000239286	0.085553	0.237681	0.619216	0.045805	0.0115056
12947	0.000239271	0.0855475	0.237666	0.619176	0.0458021	0.0115692
12948	0.000239282	0.0855514	0.237677	0.619204	0.0458041	0.0115249
12949	0.000239286	0.0855529	0.237681	0.619215	0.045805	0.0115065
12950	0.000239287	0.0855532	0.237682	0.619217	0.0458051	0.0115031
12951	0.00023926	0.0855437	0.237655	0.619148	0.0458	0.0116139
12952	0.000239273	0.0855483	0.237668	0.619181	0.0458025	0.0115604
12953	0.000239275	0.0855489	0.23767	0.619186	0.0458028	0.0115528
12954	0.000239283	0.0855518	0.237678	0.619207	0.0458044	0.0115198
12955	0.000239285	0.0855525	0.23768	0.619212	0.0458047	0.0115118
12956	0.000239288	0.0855538	0.237683	0.619221	0.0458054	0.011497
12957	0.000239276	0.0855492	0.237671	0.619188	0.045803	0.0115494
12958	0.000239284	0.0855523	0.237679	0.61921	0.0458046	0.0115142
12959	0.000239264	0.085545	0.237659	0.619158	0.0458007	0.0115982
12960	0.000239288	0.0855536	0.237683	0.61922	0.0458053	0.0114994
12961	0.000239195	0.0855205	0.237591	0.618981	0.0457876	0.0118812
12962	0.000239285	0.0855528	0.237681	0.619214	0.0458049	0.0115085
12963	0.000239289	0.0855541	0.237684	0.619224	0.0458056	0.011493
12964	0.00023928	0.0855507	0.237675	0.619199	0.0458038	0.011533
12965	0.000239268	0.0855466	0.237664	0.61917	0.0458016	0.0115794
12966	0.000239258	0.0855429	0.237653	0.619142	0.0457996	0.0116229
12967	0.000239275	0.0855489	0.23767	0.619186	0.0458028	0.0115528
12968	0.000239284	0.0855524	0.237679	0.619211	0.0458047	0.011513
12969	0.000239273	0.0855483	0.237668	0.619181	0.0458025	0.0115604
12970	0.000239276	0.0855492	0.237671	0.619188	0.045803	0.0115494
12971	0.000239279	0.0855505	0.237674	0.619197	0.0458037	0.0115353
12972	0.00023928	0.0855507	0.237675	0.619199	0.0458038	0.011533
12973	0.000239279	0.0855505	0.237674	0.619197	0.0458037	0.0115353
12974	0.000239282	0.0855514	0.237677	0.619204	0.0458041	0.0115249
12975	0.000239278	0.0855502	0.237674	0.619196	0.0458035	0.0115378
12976	0.000239285	0.0855526	0.23768	0.619213	0.0458048	0.0115106
12977	0.00023927	0.0855471	0.237665	0.619173	0.0458019	0.0115741
12978	0.000239285	0.0855526	0.23768	0.619213	0.0458048	0.0115106
12979	0.00023925	0.08554	0.237645	0.619121	0.045798	0.0116563
12980	0.000239285	0.0855528	0.237681	0.619214	0.0458049	0.0115085
12981	0.000239281	0.0855512	0.237676	0.619203	0.0458041	0.0115267
12982	0.000239289	0.0855539	0.237684	0.619222	0.0458055	0.0114959
12983	0.000239287	0.0855532	0.237682	0.619217	0.0458051	0.0115031
12984	0.000239234	0.0855342	0.237629	0.61908	0.045795	0.0117231
12985	0.00023927	0.0855471	0.237665	0.619173	0.0458019	0.0115741
12986	0.00023926	0.0855437	0.237655	0.619148	0.0458	0.0116139
12987	0.00023926	0.0855437	0.237655	0.619148	0.0458	0.0116139
12988	0.000239258	0.0855429	0.237653	0.619142	0.0457996	0.0116229
12989	0.000239276	0.0855492	0.237671	0.619188	0.045803	0.0115494
12990	0.000239282	0.0855515	0.237677	0.619205	0.0458042	0.0115231
12991	0.000239243	0.0855374	0.237638	0.619103	0.0457967	0.0116856
12992	0.000239288	0.0855537	0.237683	0.619221	0.0458054	0.0114976
12993	0.000239273	0.0855483	0.237668	0.619181	0.0458025	0.0115604
12994	0.000239285	0.0855526	0.23768	0.619213	0.0458048	0.0115106
12995	0.000239288	0.0855537	0.237683	0.61922	0.0458054	0.0114982
12996	0.00023928	0.0855507	0.237675	0.619199	0.0458038	0.011533
12997	0.000239282	0.0855515	0.237677	0.619205	0.0458042	0.0115231
12998	0.000239283	0.085552	0.237679	0.619209	0.0458045	0.0115169
12999	0.000239253	0.085541	0.237648	0.619129	0.0457986	0.011644
13000	0.00023926	0.0855437	0.237655	0.619148	0.0458	0.0116139
13001	0.000239286	0.0855529	0.237681	0.619215	0.0458049	0.0115075
13002	0.000239285	0.0855526	0.23768	0.619213	0.0458048	0.0115106
13003	0.000239246	0.0855388	0.237642	0.619113	0.0457974	0.0116701
13004	0.000239273	0.0855483	0.237668	0.619181	0.0458025	0.0115604
13005	0.000239278	0.0855502	0.237674	0.619196	0.0458035	0.0115378
13006	0.000239277	0.0855498	0.237672	0.619192	0.0458033	0.0115432
13007	0.000239275	0.0855489	0.23767	0.619186	0.0458028	0.0115528
13008	0.000239278	0.0855502	0.237674	0.619196	0.0458035	0.0115378
13009	0.000239274	0.0855486	0.237669	0.619184	0.0458027	0.0115565
13010	0.000239267	0.0855461	0.237662	0.619166	0.0458013	0.0115851
13011	0.000239265	0.0855456	0.237661	0.619162	0.0458011	0.0115914
13012	0.000239265	0.0855456	0.237661	0.619162	0.0458011	0.0115914
13013	0.000239275	0.0855489	0.23767	0.619186	0.0458028	0.0115528
13014	0.000239288	0.0855538	0.237683	0.619221	0.0458054	0.011497
13015	0.000239292	0.085555	0.237687	0.61923	0.0458061	0.0114826
13016	0.000239228	0.0855322	0.237623	0.619065	0.0457939	0.011746
13017	0.000239289	0.0855542	0.237685	0.619224	0.0458057	0.0114921
13018	0.000239268	0.0855466	0.237664	0.61917	0.0458016	0.0115794
13019	0.000239268	0.0855466	0.237664	0.61917	0.0458016	0.0115794
13020	0.000239285	0.0855527	0.23768	0.619213	0.0458049	0.0115095
13021	0.000239265	0.0855456	0.237661	0.619162	0.0458011	0.0115914
13022	0.000239276	0.0855492	0.237671	0.619188	0.045803	0.0115494
13023	0.000239284	0.0855522	0.237679	0.61921	0.0458046	0.0115155
13024	0.000239097	0.0854855	0.237494	0.618727	0.0457689	0.0122859
13025	0.000239265	0.0855456	0.237661	0.619162	0.0458011	0.0115914
13026	0.000239268	0.0855466	0.237664	0.61917	0.0458016	0.0115794
13027	0.00023926	0.0855437	0.237655	0.619148	0.0458	0.0116139
13028	0.000239288	0.0855537	0.237683	0.619221	0.0458054	0.0114976
13029	0.000239274	0.0855486	0.237669	0.619184	0.0458027	0.0115565
13030	0.000239282	0.0855514	0.237677	0.619204	0.0458041	0.0115249
13031	0.00023927	0.0855471	0.237665	0.619173	0.0458019	0.0115741
13032	0.000239274	0.0855486	0.237669	0.619184	0.0458027	0.0115565
13033	0.000239279	0.0855505	0.237674	0.619197	0.0458037	0.0115353
13034	0.000239285	0.0855527	0.23768	0.619213	0.0458049	0.0115095
13035	0.000239243	0.0855374	0.237638	0.619103	0.0457967	0.0116856
13036	0.000239007	0.0854532	0.237404	0.618493	0.0457516	0.012659
13037	0.00023928	0.0855507	0.237675	0.619199	0.0458038	0.011533
13038	0.00023928	0.0855507	0.237675	0.619199	0.0458038	0.011533
13039	0.000239275	0.0855489	0.23767	0.619186	0.0458028	0.0115528
13040	0.000239276	0.0855492	0.237671	0.619188	0.045803	0.0115494
13041	1.75248e-07	6.26573e-05	0.000174073	0.000453501	3.35467e-05	0.999276
13042	0.000239285	0.0855525	0.23768	0.619212	0.0458047	0.0115118
13043	0.000239278	0.08555	0.237673	0.619194	0.0458034	0.0115404
13044	0.000239283	0.0855519	0.237678	0.619208	0.0458044	0.0115183
13045	0.000239285	0.0855528	0.237681	0.619214	0.0458049	0.0115085
13046	0.000239276	0.0855492	0.237671	0.619188	0.045803	0.0115494
13047	0.000239275	0.0855489	0.23767	0.619186	0.0458028	0.0115528
13048	0.000239277	0.0855498	0.237672	0.619192	0.0458033	0.0115432
13049	0.000239284	0.0855522	0.237679	0.61921	0.0458046	0.0115155
13050	0.000239286	0.085553	0.237681	0.619216	0.045805	0.0115056
13051	0.000239288	0.0855538	0.237683	0.619221	0.0458054	0.011497
13052	0.000239276	0.0855495	0.237671	0.61919	0.0458032	0.0115462
13053	0.000239195	0.0855205	0.237591	0.618981	0.0457876	0.0118812
13054	0.000239272	0.0855479	0.237667	0.619179	0.0458023	0.0115646
13055	0.00023928	0.0855508	0.237675	0.6192	0.0458039	0.0115308
13056	0.000239277	0.0855498	0.237672	0.619192	0.0458033	0.0115432
13057	0.000239274	0.0855486	0.237669	0.619184	0.0458027	0.0115565
13058	0.000239281	0.085551	0.237676	0.619201	0.045804	0.0115287
13059	0.000239288	0.0855535	0.237683	0.619219	0.0458053	0.0115001
13060	0.000239272	0.0855479	0.237667	0.619179	0.0458023	0.0115646
13061	0.000239282	0.0855517	0.237677	0.619206	0.0458043	0.0115214
13062	0.000239238	0.0855359	0.237634	0.619092	0.0457959	0.0117032
13063	0.000239272	0.0855479	0.237667	0.619179	0.0458023	0.0115646
13064	0.000239281	0.0855512	0.237676	0.619203	0.0458041	0.0115267
13065	0.00023928	0.0855507	0.237675	0.619199	0.0458038	0.011533
13066	0.000239278	0.0855502	0.237674	0.619196	0.0458035	0.0115378
13067	0.000233928	0.0836374	0.232359	0.605351	0.0447794	0.033639
13068	0.000239246	0.0855388	0.237642	0.619113	0.0457974	0.0116701
13069	0.000239272	0.0855479	0.237667	0.619179	0.0458023	0.0115646
13070	0.000239276	0.0855495	0.237671	0.61919	0.0458032	0.0115462
13071	0.000239276	0.0855492	0.237671	0.619188	0.045803	0.0115494
13072	7.93162e-05	0.0283583	0.0787842	0.205251	0.015183	0.672344
13073	0.00023928	0.0855507	0.237675	0.619199	0.0458038	0.011533
13074	0.000239273	0.0855483	0.237668	0.619181	0.0458025	0.0115604
13075	0.000239279	0.0855505	0.237674	0.619197	0.0458037	0.0115353
13076	0.000239273	0.0855483	0.237668	0.619181	0.0458025	0.0115604
13077	0.000239277	0.0855498	0.237672	0.619192	0.0458033	0.0115432
13078	0.000239289	0.0855542	0.237685	0.619224	0.0458057	0.0114921
13079	0.000239273	0.0855483	0.237668	0.619181	0.0458025	0.0115604
13080	0.000239276	0.0855492	0.237671	0.619188	0.045803	0.0115494
13081	0.00023915	0.0855042	0.237546	0.618863	0.0457789	0.0120695
13082	0.000239267	0.0855461	0.237662	0.619166	0.0458013	0.0115851
13083	0.000239282	0.0855515	0.237677	0.619205	0.0458042	0.0115231
13084	0.000239291	0.0855548	0.237686	0.619228	0.045806	0.0114853
13085	0.00023926	0.0855437	0.237655	0.619148	0.0458	0.0116139
13086	0.000239265	0.0855456	0.237661	0.619162	0.0458011	0.0115914
13087	0.000239281	0.0855512	0.237676	0.619203	0.0458041	0.0115267
13088	0.000239277	0.0855498	0.237672	0.619192	0.0458033	0.0115432
13089	0.000239272	0.0855479	0.237667	0.619179	0.0458023	0.0115646
13090	0.000239285	0.0855528	0.237681	0.619214	0.0458049	0.0115085
13091	0.00023928	0.0855507	0.237675	0.619199	0.0458038	0.011533
13092	0.000239287	0.0855533	0.237682	0.619218	0.0458052	0.0115023
13093	0.000239276	0.0855495	0.237671	0.61919	0.0458032	0.0115462
13094	0.000239275	0.0855489	0.23767	0.619186	0.0458028	0.0115528
13095	0.000239275	0.0855489	0.23767	0.619186	0.0458028	0.0115528
