cell	node	doublet
0	1	no
1	1	no
2	1	no
3	1	no
4	1	no
5	1	no
6	1	no
7	1	no
8	1	no
9	1	no
10	1	no
11	1	no
12	1	no
13	1	no
14	1	no
15	1	no
16	1	no
17	1	no
18	1	no
19	1	no
20	1	no
21	1	no
22	1	no
23	1	no
24	1	no
25	1	no
26	1	no
27	1	no
28	1	no
29	1	no
30	1	no
31	1	no
32	1	no
33	1	no
34	1	no
35	1	no
36	1	no
37	1	no
38	1	no
39	1	no
40	1	no
41	1	no
42	1	no
43	1	no
44	1	no
45	1	no
46	1	no
47	1	no
48	1	no
49	1	no
50	1	no
51	1	no
52	1	no
53	1	no
54	1	no
55	1	no
56	1	no
57	1	no
58	1	no
59	1	no
60	1	no
61	1	no
62	1	no
63	1	no
64	1	no
65	1	no
66	1	no
67	1	no
68	1	no
69	1	no
70	1	no
71	1	no
72	1	no
73	1	no
74	1	no
75	1	no
76	1	no
77	1	no
78	1	no
79	1	no
80	1	no
81	1	no
82	1	no
83	1	no
84	1	no
85	1	no
86	1	no
87	1	no
88	1	no
89	1	no
90	1	no
91	1	no
92	1	no
93	1	no
94	1	no
95	1	no
96	1	no
97	1	no
98	1	no
99	1	no
100	1	no
101	1	no
102	1	no
103	1	no
104	1	no
105	1	no
106	1	no
107	1	no
108	1	no
109	1	no
110	1	no
111	1	no
112	1	no
113	1	no
114	1	no
115	1	no
116	1	no
117	1	no
118	1	no
119	1	no
120	1	no
121	1	no
122	1	no
123	1	no
124	1	no
125	1	no
126	1	no
127	1	no
128	1	no
129	1	no
130	1	no
131	1	no
132	1	no
133	1	no
134	1	no
135	1	no
136	1	no
137	1	no
138	1	no
139	1	no
140	1	no
141	1	no
142	1	no
143	1	no
144	1	no
145	1	no
146	1	no
147	1	no
148	1	no
149	1	no
150	1	no
151	1	no
152	1	no
153	1	no
154	1	no
155	1	no
156	1	no
157	1	no
158	1	no
159	1	no
160	1	no
161	1	no
162	1	no
163	1	no
164	1	no
165	1	no
166	1	no
167	1	no
168	1	no
169	1	no
170	1	no
171	1	no
172	1	no
173	1	no
174	1	no
175	1	no
176	1	no
177	1	no
178	1	no
179	1	no
180	1	no
181	1	no
182	1	no
183	1	no
184	1	no
185	1	no
186	1	no
187	1	no
188	1	no
189	1	no
190	1	no
191	1	no
192	1	no
193	1	no
194	1	no
195	1	no
196	1	no
197	1	no
198	1	no
199	1	no
200	1	no
201	1	no
202	1	no
203	1	no
204	1	no
205	1	no
206	1	no
207	1	no
208	1	no
209	1	no
210	1	no
211	1	no
212	1	no
213	1	no
214	1	no
215	1	no
216	1	no
217	1	no
218	1	no
219	1	no
220	1	no
221	1	no
222	1	no
223	1	no
224	1	no
225	1	no
226	1	no
227	1	no
228	1	no
229	1	no
230	1	no
231	1	no
232	1	no
233	1	no
234	1	no
235	1	no
236	1	no
237	1	no
238	1	no
239	1	no
240	1	no
241	1	no
242	1	no
243	1	no
244	1	no
245	1	no
246	1	no
247	1	no
248	1	no
249	1	no
250	1	no
251	1	no
252	1	no
253	1	no
254	1	no
255	1	no
256	1	no
257	1	no
258	1	no
259	1	no
260	1	no
261	1	no
262	1	no
263	1	no
264	1	no
265	1	no
266	1	no
267	1	no
268	1	no
269	1	no
270	1	no
271	1	no
272	1	no
273	1	no
274	1	no
275	1	no
276	1	no
277	1	no
278	1	no
279	1	no
280	1	no
281	1	no
282	1	no
283	1	no
284	1	no
285	1	no
286	1	no
287	1	no
288	1	no
289	1	no
290	1	no
291	1	no
292	1	no
293	1	no
294	1	no
295	1	no
296	1	no
297	1	no
298	1	no
299	1	no
300	1	no
301	1	no
302	1	no
303	1	no
304	1	no
305	1	no
306	1	no
307	1	no
308	1	no
309	1	no
310	1	no
311	1	no
312	1	no
313	1	no
314	1	no
315	1	no
316	1	no
317	1	no
318	1	no
319	1	no
320	1	no
321	1	no
322	1	no
323	1	no
324	1	no
325	1	no
326	1	no
327	1	no
328	1	no
329	1	no
330	1	no
331	1	no
332	1	no
333	1	no
334	1	no
335	1	no
336	1	no
337	1	no
338	1	no
339	1	no
340	1	no
341	1	no
342	1	no
343	1	no
344	1	no
345	1	no
346	1	no
347	1	no
348	1	no
349	1	no
350	1	no
351	1	no
352	1	no
353	1	no
354	1	no
355	1	no
356	1	no
357	1	no
358	1	no
359	1	no
360	1	no
361	1	no
362	1	no
363	1	no
364	1	no
365	1	no
366	1	no
367	1	no
368	1	no
369	1	no
370	1	no
371	1	no
372	1	no
373	1	no
374	1	no
375	1	no
376	1	no
377	1	no
378	1	no
379	1	no
380	1	no
381	1	no
382	1	no
383	1	no
384	1	no
385	1	no
386	1	no
387	1	no
388	1	no
389	1	no
390	1	no
391	1	no
392	1	no
393	1	no
394	1	no
395	1	no
396	1	no
397	1	no
398	1	no
399	1	no
400	1	no
401	1	no
402	1	no
403	1	no
404	1	no
405	1	no
406	1	no
407	1	no
408	1	no
409	1	no
410	1	no
411	1	no
412	1	no
413	1	no
414	1	no
415	1	no
416	1	no
417	1	no
418	1	no
419	1	no
420	1	no
421	1	no
422	1	no
423	1	no
424	1	no
425	1	no
426	1	no
427	1	no
428	1	no
429	1	no
430	1	no
431	1	no
432	1	no
433	1	no
434	1	no
435	1	no
436	1	no
437	1	no
438	1	no
439	1	no
440	1	no
441	1	no
442	1	no
443	1	no
444	1	no
445	1	no
446	1	no
447	1	no
448	1	no
449	1	no
450	1	no
451	1	no
452	1	no
453	1	no
454	1	no
455	1	no
456	1	no
457	1	no
458	1	no
459	1	no
460	1	no
461	1	no
462	1	no
463	1	no
464	1	no
465	1	no
466	1	no
467	1	no
468	1	no
469	1	no
470	1	no
471	1	no
472	1	no
473	1	no
474	1	no
475	1	no
476	1	no
477	1	no
478	1	no
479	1	no
480	1	no
481	1	no
482	1	no
483	1	no
484	1	no
485	1	no
486	1	no
487	1	no
488	1	no
489	1	no
490	1	no
491	1	no
492	1	no
493	1	no
494	1	no
495	1	no
496	1	no
497	1	no
498	1	no
499	1	no
500	1	no
501	1	no
502	1	no
503	1	no
504	1	no
505	1	no
506	1	no
507	1	no
508	1	no
509	1	no
510	1	no
511	1	no
512	1	no
513	1	no
514	1	no
515	1	no
516	1	no
517	1	no
518	1	no
519	1	no
520	1	no
521	1	no
522	1	no
523	1	no
524	1	no
525	1	no
526	1	no
527	1	no
528	1	no
529	1	no
530	1	no
531	1	no
532	1	no
533	1	no
534	1	no
535	1	no
536	1	no
537	1	no
538	1	no
539	1	no
540	1	no
541	1	no
542	1	no
543	1	no
544	1	no
545	1	no
546	1	no
547	1	no
548	1	no
549	1	no
550	1	no
551	1	no
552	1	no
553	1	no
554	1	no
555	1	no
556	1	no
557	1	no
558	1	no
559	1	no
560	1	no
561	1	no
562	1	no
563	1	no
564	1	no
565	1	no
566	1	no
567	1	no
568	1	no
569	1	no
570	1	no
571	1	no
572	1	no
573	1	no
574	1	no
575	1	no
576	1	no
577	1	no
578	1	no
579	1	no
580	1	no
581	1	no
582	1	no
583	1	no
584	1	no
585	1	no
586	1	no
587	1	no
588	1	no
589	1	no
590	1	no
591	1	no
592	1	no
593	1	no
594	1	no
595	1	no
596	1	no
597	1	no
598	1	no
599	1	no
600	1	no
601	1	no
602	1	no
603	1	no
604	1	no
605	1	no
606	1	no
607	1	no
608	1	no
609	1	no
610	1	no
611	1	no
612	1	no
613	1	no
614	1	no
615	1	no
616	1	no
617	1	no
618	1	no
619	1	no
620	1	no
621	1	no
622	1	no
623	1	no
624	1	no
625	1	no
626	1	no
627	1	no
628	1	no
629	1	no
630	1	no
631	1	no
632	1	no
633	1	no
634	1	no
635	1	no
636	1	no
637	1	no
638	1	no
639	1	no
640	1	no
641	1	no
642	1	no
643	1	no
644	1	no
645	1	no
646	1	no
647	1	no
648	1	no
649	1	no
650	1	no
651	1	no
652	1	no
653	1	no
654	1	no
655	1	no
656	1	no
657	1	no
658	1	no
659	1	no
660	1	no
661	1	no
662	1	no
663	1	no
664	1	no
665	1	no
666	1	no
667	1	no
668	1	no
669	1	no
670	1	no
671	1	no
672	1	no
673	1	no
674	1	no
675	1	no
676	1	no
677	1	no
678	1	no
679	1	no
680	1	no
681	1	no
682	1	no
683	1	no
684	1	no
685	1	no
686	1	no
687	1	no
688	1	no
689	1	no
690	1	no
691	1	no
692	1	no
693	1	no
694	1	no
695	1	no
696	1	no
697	1	no
698	1	no
699	1	no
700	1	no
701	1	no
702	1	no
703	1	no
704	1	no
705	1	no
706	1	no
707	1	no
708	1	no
709	1	no
710	1	no
711	1	no
712	1	no
713	1	no
714	1	no
715	1	no
716	1	no
717	1	no
718	1	no
719	1	no
720	1	no
721	1	no
722	1	no
723	1	no
724	1	no
725	1	no
726	1	no
727	1	no
728	1	no
729	1	no
730	1	no
731	1	no
732	1	no
733	1	no
734	1	no
735	1	no
736	1	no
737	1	no
738	1	no
739	1	no
740	1	no
741	1	no
742	1	no
743	1	no
744	1	no
745	1	no
746	1	no
747	1	no
748	1	no
749	1	no
750	1	no
751	1	no
752	1	no
753	1	no
754	1	no
755	1	no
756	1	no
757	1	no
758	1	no
759	1	no
760	1	no
761	1	no
762	1	no
763	1	no
764	1	no
765	1	no
766	1	no
767	1	no
768	1	no
769	1	no
770	1	no
771	1	no
772	1	no
773	1	no
774	1	no
775	1	no
776	1	no
777	1	no
778	1	no
779	1	no
780	1	no
781	1	no
782	1	no
783	1	no
784	1	no
785	1	no
786	1	no
787	1	no
788	1	no
789	1	no
790	1	no
791	1	no
792	1	no
793	1	no
794	1	no
795	1	no
796	1	no
797	1	no
798	1	no
799	1	no
800	1	no
801	1	no
802	1	no
803	1	no
804	1	no
805	1	no
806	1	no
807	1	no
808	1	no
809	1	no
810	1	no
811	1	no
812	1	no
813	1	no
814	1	no
815	1	no
816	1	no
817	1	no
818	1	no
819	1	no
820	1	no
821	1	no
822	1	no
823	1	no
824	1	no
825	1	no
826	1	no
827	1	no
828	1	no
829	1	no
830	1	no
831	1	no
832	1	no
833	1	no
834	1	no
835	1	no
836	1	no
837	1	no
838	1	no
839	1	no
840	1	no
841	1	no
842	1	no
843	1	no
844	1	no
845	1	no
846	1	no
847	1	no
848	1	no
849	1	no
850	1	no
851	1	no
852	1	no
853	1	no
854	1	no
855	1	no
856	1	no
857	1	no
858	1	no
859	1	no
860	1	no
861	1	no
862	1	no
863	1	no
864	1	no
865	1	no
866	1	no
867	1	no
868	1	no
869	1	no
870	1	no
871	1	no
872	1	no
873	1	no
874	1	no
875	1	no
876	1	no
877	1	no
878	1	no
879	1	no
880	1	no
881	1	no
882	1	no
883	1	no
884	1	no
885	1	no
886	1	no
887	1	no
888	1	no
889	1	no
890	1	no
891	1	no
892	1	no
893	1	no
894	1	no
895	1	no
896	1	no
897	1	no
898	1	no
899	1	no
900	1	no
901	1	no
902	1	no
903	1	no
904	1	no
905	1	no
906	1	no
907	1	no
908	1	no
909	1	no
910	1	no
911	1	no
912	1	no
913	1	no
914	1	no
915	1	no
916	1	no
917	1	no
918	1	no
919	1	no
920	1	no
921	1	no
922	1	no
923	1	no
924	1	no
925	1	no
926	1	no
927	1	no
928	1	no
929	1	no
930	1	no
931	1	no
932	1	no
933	1	no
934	1	no
935	1	no
936	1	no
937	1	no
938	1	no
939	1	no
940	1	no
941	1	no
942	1	no
943	1	no
944	1	no
945	1	no
946	1	no
947	1	no
948	1	no
949	1	no
950	1	no
951	1	no
952	1	no
953	1	no
954	1	no
955	1	no
956	1	no
957	1	no
958	1	no
959	1	no
960	1	no
961	1	no
962	1	no
963	1	no
964	1	no
965	1	no
966	1	no
967	1	no
968	1	no
969	1	no
970	1	no
971	1	no
972	1	no
973	1	no
974	1	no
975	1	no
976	1	no
977	1	no
978	1	no
979	1	no
980	1	no
981	1	no
982	1	no
983	1	no
984	1	no
985	1	no
986	1	no
987	1	no
988	1	no
989	1	no
990	1	no
991	1	no
992	1	no
993	1	no
994	1	no
995	1	no
996	1	no
997	1	no
998	1	no
999	1	no
1000	1	no
1001	1	no
1002	1	no
1003	1	no
1004	1	no
1005	1	no
1006	1	no
1007	1	no
1008	1	no
1009	1	no
1010	1	no
1011	1	no
1012	1	no
1013	1	no
1014	1	no
1015	1	no
1016	1	no
1017	1	no
1018	1	no
1019	1	no
1020	1	no
1021	1	no
1022	1	no
1023	1	no
1024	1	no
1025	1	no
1026	1	no
1027	1	no
1028	1	no
1029	1	no
1030	1	no
1031	1	no
1032	1	no
1033	1	no
1034	1	no
1035	1	no
1036	1	no
1037	1	no
1038	1	no
1039	1	no
1040	1	no
1041	1	no
1042	1	no
1043	1	no
1044	1	no
1045	1	no
1046	1	no
1047	1	no
1048	1	no
1049	1	no
1050	1	no
1051	1	no
1052	1	no
1053	1	no
1054	1	no
1055	1	no
1056	1	no
1057	1	no
1058	1	no
1059	1	no
1060	1	no
1061	1	no
1062	1	no
1063	1	no
1064	1	no
1065	1	no
1066	1	no
1067	1	no
1068	1	no
1069	1	no
1070	1	no
1071	1	no
1072	1	no
1073	1	no
1074	1	no
1075	1	no
1076	1	no
1077	1	no
1078	1	no
1079	1	no
1080	1	no
1081	1	no
1082	1	no
1083	1	no
1084	1	no
1085	1	no
1086	1	no
1087	1	no
1088	1	no
1089	1	no
1090	1	no
1091	1	no
1092	1	no
1093	1	no
1094	1	no
1095	1	no
1096	1	no
1097	1	no
1098	1	no
1099	1	no
1100	1	no
1101	1	no
1102	1	no
1103	1	no
1104	1	no
1105	1	no
1106	1	no
1107	1	no
1108	1	no
1109	1	no
1110	1	no
1111	1	no
1112	1	no
1113	1	no
1114	1	no
1115	1	no
1116	1	no
1117	1	no
1118	1	no
1119	1	no
1120	1	no
1121	1	no
1122	1	no
1123	1	no
1124	1	no
1125	1	no
1126	1	no
1127	1	no
1128	1	no
1129	1	no
1130	1	no
1131	1	no
1132	1	no
1133	1	no
1134	1	no
1135	1	no
1136	1	no
1137	1	no
1138	1	no
1139	1	no
1140	1	no
1141	1	no
1142	1	no
1143	1	no
1144	1	no
1145	1	no
1146	1	no
1147	1	no
1148	1	no
1149	1	no
1150	1	no
1151	1	no
1152	1	no
1153	1	no
1154	1	no
1155	1	no
1156	1	no
1157	1	no
1158	1	no
1159	1	no
1160	1	no
1161	1	no
1162	1	no
1163	1	no
1164	1	no
1165	1	no
1166	1	no
1167	1	no
1168	1	no
1169	1	no
1170	1	no
1171	1	no
1172	1	no
1173	1	no
1174	1	no
1175	1	no
1176	1	no
1177	1	no
1178	1	no
1179	1	no
1180	1	no
1181	1	no
1182	1	no
1183	1	no
1184	1	no
1185	1	no
1186	1	no
1187	1	no
1188	1	no
1189	1	no
1190	1	no
1191	1	no
1192	1	no
1193	1	no
1194	1	no
1195	1	no
1196	1	no
1197	1	no
1198	1	no
1199	1	no
1200	1	no
1201	1	no
1202	1	no
1203	1	no
1204	1	no
1205	1	no
1206	1	no
1207	1	no
1208	1	no
1209	1	no
1210	1	no
1211	1	no
1212	1	no
1213	1	no
1214	1	no
1215	1	no
1216	1	no
1217	1	no
1218	1	no
1219	1	no
1220	1	no
1221	1	no
1222	1	no
1223	1	no
1224	1	no
1225	1	no
1226	1	no
1227	1	no
1228	1	no
1229	1	no
1230	1	no
1231	1	no
1232	1	no
1233	1	no
1234	1	no
1235	1	no
1236	1	no
1237	1	no
1238	1	no
1239	1	no
1240	1	no
1241	1	no
1242	1	no
1243	1	no
1244	1	no
1245	1	no
1246	1	no
1247	1	no
1248	1	no
1249	1	no
1250	1	no
1251	1	no
1252	1	no
1253	1	no
1254	1	no
1255	1	no
1256	1	no
1257	1	no
1258	1	no
1259	1	no
1260	1	no
1261	1	no
1262	1	no
1263	1	no
1264	1	no
1265	1	no
1266	1	no
1267	1	no
1268	1	no
1269	1	no
1270	1	no
1271	1	no
1272	1	no
1273	1	no
1274	1	no
1275	1	no
1276	1	no
1277	1	no
1278	1	no
1279	1	no
1280	1	no
1281	1	no
1282	1	no
1283	1	no
1284	1	no
1285	1	no
1286	1	no
1287	1	no
1288	1	no
1289	1	no
1290	1	no
1291	1	no
1292	1	no
1293	1	no
1294	1	no
1295	1	no
1296	1	no
1297	1	no
1298	1	no
1299	1	no
1300	1	no
1301	1	no
1302	1	no
1303	1	no
1304	1	no
1305	1	no
1306	1	no
1307	1	no
1308	1	no
1309	1	no
1310	1	no
1311	1	no
1312	1	no
1313	1	no
1314	1	no
1315	1	no
1316	1	no
1317	1	no
1318	1	no
1319	1	no
1320	1	no
1321	1	no
1322	1	no
1323	1	no
1324	1	no
1325	1	no
1326	1	no
1327	1	no
1328	1	no
1329	1	no
1330	1	no
1331	1	no
1332	1	no
1333	1	no
1334	1	no
1335	1	no
1336	1	no
1337	1	no
1338	1	no
1339	1	no
1340	1	no
1341	1	no
1342	1	no
1343	1	no
1344	1	no
1345	1	no
1346	1	no
1347	1	no
1348	1	no
1349	1	no
1350	1	no
1351	1	no
1352	1	no
1353	1	no
1354	1	no
1355	1	no
1356	1	no
1357	1	no
1358	1	no
1359	1	no
1360	1	no
1361	1	no
1362	1	no
1363	1	no
1364	1	no
1365	1	no
1366	1	no
1367	1	no
1368	1	no
1369	1	no
1370	1	no
1371	1	no
1372	1	no
1373	1	no
1374	1	no
1375	1	no
1376	1	no
1377	1	no
1378	1	no
1379	1	no
1380	1	no
1381	1	no
1382	1	no
1383	1	no
1384	1	no
1385	1	no
1386	1	no
1387	1	no
1388	1	no
1389	1	no
1390	1	no
1391	1	no
1392	1	no
1393	1	no
1394	1	no
1395	1	no
1396	1	no
1397	1	no
1398	1	no
1399	1	no
1400	1	no
1401	1	no
1402	1	no
1403	1	no
1404	1	no
1405	1	no
1406	1	no
1407	1	no
1408	1	no
1409	1	no
1410	1	no
1411	1	no
1412	1	no
1413	1	no
1414	1	no
1415	1	no
1416	1	no
1417	1	no
1418	1	no
1419	1	no
1420	1	no
1421	1	no
1422	1	no
1423	1	no
1424	1	no
1425	1	no
1426	1	no
1427	1	no
1428	1	no
1429	1	no
1430	1	no
1431	1	no
1432	1	no
1433	1	no
1434	1	no
1435	1	no
1436	1	no
1437	1	no
1438	1	no
1439	1	no
1440	1	no
1441	1	no
1442	1	no
1443	1	no
1444	1	no
1445	1	no
1446	1	no
1447	1	no
1448	1	no
1449	1	no
1450	1	no
1451	1	no
1452	1	no
1453	1	no
1454	1	no
1455	1	no
1456	1	no
1457	1	no
1458	1	no
1459	1	no
1460	1	no
1461	1	no
1462	1	no
1463	1	no
1464	1	no
1465	1	no
1466	1	no
1467	1	no
1468	1	no
1469	1	no
1470	1	no
1471	1	no
1472	1	no
1473	1	no
1474	1	no
1475	1	no
1476	1	no
1477	1	no
1478	1	no
1479	1	no
1480	1	no
1481	1	no
1482	1	no
1483	1	no
1484	1	no
1485	1	no
1486	1	no
1487	1	no
1488	1	no
1489	1	no
1490	1	no
1491	1	no
1492	1	no
1493	1	no
1494	1	no
1495	1	no
1496	1	no
1497	1	no
1498	1	no
1499	1	no
1500	1	no
1501	1	no
1502	1	no
1503	1	no
1504	1	no
1505	1	no
1506	1	no
1507	1	no
1508	1	no
1509	1	no
1510	1	no
1511	1	no
1512	1	no
1513	1	no
1514	1	no
1515	1	no
1516	1	no
1517	1	no
1518	1	no
1519	1	no
1520	1	no
1521	1	no
1522	1	no
1523	1	no
1524	1	no
1525	1	no
1526	1	no
1527	1	no
1528	1	no
1529	1	no
1530	1	no
1531	1	no
1532	1	no
1533	1	no
1534	1	no
1535	1	no
1536	1	no
1537	1	no
1538	1	no
1539	1	no
1540	1	no
1541	1	no
1542	1	no
1543	1	no
1544	1	no
1545	1	no
1546	1	no
1547	1	no
1548	1	no
1549	1	no
1550	1	no
1551	1	no
1552	1	no
1553	1	no
1554	1	no
1555	1	no
1556	1	no
1557	1	no
1558	1	no
1559	1	no
1560	1	no
1561	1	no
1562	1	no
1563	1	no
1564	1	no
1565	1	no
1566	1	no
1567	1	no
1568	1	no
1569	1	no
1570	1	no
1571	1	no
1572	1	no
1573	1	no
1574	1	no
1575	1	no
1576	1	no
1577	1	no
1578	1	no
1579	1	no
1580	1	no
1581	1	no
1582	1	no
1583	1	no
1584	1	no
1585	1	no
1586	1	no
1587	1	no
1588	1	no
1589	1	no
1590	1	no
1591	1	no
1592	1	no
1593	1	no
1594	1	no
1595	1	no
1596	1	no
1597	1	no
1598	1	no
1599	1	no
1600	1	no
1601	1	no
1602	1	no
1603	1	no
1604	1	no
1605	1	no
1606	1	no
1607	1	no
1608	1	no
1609	1	no
1610	1	no
1611	1	no
1612	1	no
1613	1	no
1614	1	no
1615	1	no
1616	1	no
1617	1	no
1618	1	no
1619	1	no
1620	1	no
1621	1	no
1622	1	no
1623	1	no
1624	1	no
1625	1	no
1626	1	no
1627	1	no
1628	1	no
1629	1	no
1630	1	no
1631	1	no
1632	1	no
1633	1	no
1634	1	no
1635	1	no
1636	1	no
1637	1	no
1638	1	no
1639	1	no
1640	1	no
1641	1	no
1642	1	no
1643	1	no
1644	1	no
1645	1	no
1646	1	no
1647	1	no
1648	1	no
1649	1	no
1650	1	no
1651	1	no
1652	1	no
1653	1	no
1654	1	no
1655	1	no
1656	1	no
1657	1	no
1658	1	no
1659	1	no
1660	1	no
1661	1	no
1662	1	no
1663	1	no
1664	1	no
1665	1	no
1666	1	no
1667	1	no
1668	1	no
1669	1	no
1670	1	no
1671	1	no
1672	1	no
1673	1	no
1674	1	no
1675	1	no
1676	1	no
1677	1	no
1678	1	no
1679	1	no
1680	1	no
1681	1	no
1682	1	no
1683	1	no
1684	1	no
1685	1	no
1686	1	no
1687	1	no
1688	1	no
1689	1	no
1690	1	no
1691	1	no
1692	1	no
1693	1	no
1694	1	no
1695	1	no
1696	1	no
1697	1	no
1698	1	no
1699	1	no
1700	1	no
1701	1	no
1702	1	no
1703	1	no
1704	1	no
1705	1	no
1706	1	no
1707	1	no
1708	1	no
1709	1	no
1710	1	no
1711	1	no
1712	1	no
1713	1	no
1714	1	no
1715	1	no
1716	1	no
1717	1	no
1718	1	no
1719	1	no
1720	1	no
1721	1	no
1722	1	no
1723	1	no
1724	1	no
1725	1	no
1726	1	no
1727	1	no
1728	1	no
1729	1	no
1730	1	no
1731	1	no
1732	1	no
1733	1	no
1734	1	no
1735	1	no
1736	1	no
1737	1	no
1738	1	no
1739	1	no
1740	1	no
1741	1	no
1742	1	no
1743	1	no
1744	1	no
1745	1	no
1746	1	no
1747	1	no
1748	1	no
1749	1	no
1750	1	no
1751	1	no
1752	1	no
1753	1	no
1754	1	no
1755	1	no
1756	1	no
1757	1	no
1758	1	no
1759	1	no
1760	1	no
1761	1	no
1762	1	no
1763	1	no
1764	1	no
1765	1	no
1766	1	no
1767	1	no
1768	1	no
1769	1	no
1770	1	no
1771	1	no
1772	1	no
1773	1	no
1774	1	no
1775	1	no
1776	1	no
1777	1	no
1778	1	no
1779	1	no
1780	1	no
1781	1	no
1782	1	no
1783	1	no
1784	1	no
1785	1	no
1786	1	no
1787	1	no
1788	1	no
1789	1	no
1790	1	no
1791	1	no
1792	1	no
1793	1	no
1794	1	no
1795	1	no
1796	1	no
1797	1	no
1798	1	no
1799	1	no
1800	1	no
1801	1	no
1802	1	no
1803	1	no
1804	1	no
1805	1	no
1806	1	no
1807	1	no
1808	1	no
1809	1	no
1810	1	no
1811	1	no
1812	1	no
1813	1	no
1814	1	no
1815	1	no
1816	1	no
1817	1	no
1818	1	no
1819	1	no
1820	1	no
1821	1	no
1822	1	no
1823	1	no
1824	1	no
1825	1	no
1826	1	no
1827	1	no
1828	1	no
1829	1	no
1830	1	no
1831	1	no
1832	1	no
1833	1	no
1834	1	no
1835	1	no
1836	1	no
1837	1	no
1838	1	no
1839	1	no
1840	1	no
1841	1	no
1842	1	no
1843	1	no
1844	1	no
1845	1	no
1846	1	no
1847	1	no
1848	1	no
1849	1	no
1850	1	no
1851	1	no
1852	1	no
1853	1	no
1854	1	no
1855	1	no
1856	1	no
1857	1	no
1858	1	no
1859	1	no
1860	1	no
1861	1	no
1862	1	no
1863	1	no
1864	1	no
1865	1	no
1866	1	no
1867	1	no
1868	1	no
1869	1	no
1870	1	no
1871	1	no
1872	1	no
1873	1	no
1874	1	no
1875	1	no
1876	1	no
1877	1	no
1878	1	no
1879	1	no
1880	1	no
1881	1	no
1882	1	no
1883	1	no
1884	1	no
1885	1	no
1886	1	no
1887	1	no
1888	1	no
1889	1	no
1890	1	no
1891	1	no
1892	1	no
1893	1	no
1894	1	no
1895	1	no
1896	1	no
1897	1	no
1898	1	no
1899	1	no
1900	1	no
1901	1	no
1902	1	no
1903	1	no
1904	1	no
1905	1	no
1906	1	no
1907	1	no
1908	1	no
1909	1	no
1910	1	no
1911	1	no
1912	1	no
1913	1	no
1914	1	no
1915	1	no
1916	1	no
1917	1	no
1918	1	no
1919	1	no
1920	1	no
1921	1	no
1922	1	no
1923	1	no
1924	1	no
1925	1	no
1926	1	no
1927	1	no
1928	1	no
1929	1	no
1930	1	no
1931	1	no
1932	1	no
1933	1	no
1934	1	no
1935	1	no
1936	1	no
1937	1	no
1938	1	no
1939	1	no
1940	1	no
1941	1	no
1942	1	no
1943	1	no
1944	1	no
1945	1	no
1946	1	no
1947	1	no
1948	1	no
1949	1	no
1950	1	no
1951	1	no
1952	1	no
1953	1	no
1954	1	no
1955	1	no
1956	1	no
1957	1	no
1958	1	no
1959	1	no
1960	1	no
1961	1	no
1962	1	no
1963	1	no
1964	1	no
1965	1	no
1966	1	no
1967	1	no
1968	1	no
1969	1	no
1970	1	no
1971	1	no
1972	1	no
1973	1	no
1974	1	no
1975	1	no
1976	1	no
1977	1	no
1978	1	no
1979	1	no
1980	1	no
1981	1	no
1982	1	no
1983	1	no
1984	1	no
1985	1	no
1986	1	no
1987	1	no
1988	1	no
1989	1	no
1990	1	no
1991	1	no
1992	1	no
1993	1	no
1994	1	no
1995	1	no
1996	1	no
1997	1	no
1998	1	no
1999	1	no
2000	1	no
2001	1	no
2002	1	no
2003	1	no
2004	1	no
2005	1	no
2006	1	no
2007	1	no
2008	1	no
2009	1	no
2010	1	no
2011	1	no
2012	1	no
2013	1	no
2014	1	no
2015	1	no
2016	1	no
2017	1	no
2018	1	no
2019	1	no
2020	1	no
2021	1	no
2022	1	no
2023	1	no
2024	1	no
2025	1	no
2026	1	no
2027	1	no
2028	1	no
2029	1	no
2030	1	no
2031	1	no
2032	1	no
2033	1	no
2034	1	no
2035	1	no
2036	1	no
2037	1	no
2038	1	no
2039	1	no
2040	1	no
2041	1	no
2042	1	no
2043	1	no
2044	1	no
2045	1	no
2046	1	no
2047	1	no
2048	1	no
2049	1	no
2050	1	no
2051	1	no
2052	1	no
2053	1	no
2054	1	no
2055	1	no
2056	1	no
2057	1	no
2058	1	no
2059	1	no
2060	1	no
2061	1	no
2062	1	no
2063	1	no
2064	1	no
2065	1	no
2066	1	no
2067	1	no
2068	1	no
2069	1	no
2070	1	no
2071	1	no
2072	1	no
2073	1	no
2074	1	no
2075	1	no
2076	1	no
2077	1	no
2078	1	no
2079	1	no
2080	1	no
2081	1	no
2082	1	no
2083	1	no
2084	1	no
2085	1	no
2086	1	no
2087	1	no
2088	1	no
2089	1	no
2090	1	no
2091	1	no
2092	1	no
2093	1	no
2094	1	no
2095	1	no
2096	1	no
2097	1	no
2098	1	no
2099	1	no
2100	1	no
2101	1	no
2102	1	no
2103	1	no
2104	1	no
2105	1	no
2106	1	no
2107	1	no
2108	1	no
2109	1	no
2110	1	no
2111	1	no
2112	1	no
2113	1	no
2114	1	no
2115	1	no
2116	1	no
2117	1	no
2118	1	no
2119	1	no
2120	1	no
2121	1	no
2122	1	no
2123	1	no
2124	1	no
2125	1	no
2126	1	no
2127	1	no
2128	1	no
2129	1	no
2130	1	no
2131	1	no
2132	1	no
2133	1	no
2134	1	no
2135	1	no
2136	1	no
2137	1	no
2138	1	no
2139	1	no
2140	1	no
2141	1	no
2142	1	no
2143	1	no
2144	1	no
2145	1	no
2146	1	no
2147	1	no
2148	1	no
2149	1	no
2150	1	no
2151	1	no
2152	1	no
2153	1	no
2154	1	no
2155	1	no
2156	1	no
2157	1	no
2158	1	no
2159	1	no
2160	1	no
2161	1	no
2162	1	no
2163	1	no
2164	1	no
2165	1	no
2166	1	no
2167	1	no
2168	1	no
2169	1	no
2170	1	no
2171	1	no
2172	1	no
2173	1	no
2174	1	no
2175	1	no
2176	1	no
2177	1	no
2178	1	no
2179	1	no
2180	1	no
2181	1	no
2182	1	no
2183	1	no
2184	1	no
2185	1	no
2186	1	no
2187	1	no
2188	1	no
2189	1	no
2190	1	no
2191	1	no
2192	1	no
2193	1	no
2194	1	no
2195	1	no
2196	1	no
2197	1	no
2198	1	no
2199	1	no
2200	1	no
2201	1	no
2202	1	no
2203	1	no
2204	1	no
2205	1	no
2206	1	no
2207	1	no
2208	1	no
2209	1	no
2210	1	no
2211	1	no
2212	1	no
2213	1	no
2214	1	no
2215	1	no
2216	1	no
2217	1	no
2218	1	no
2219	1	no
2220	1	no
2221	1	no
2222	1	no
2223	1	no
2224	1	no
2225	1	no
2226	1	no
2227	1	no
2228	1	no
2229	1	no
2230	1	no
2231	1	no
2232	1	no
2233	1	no
2234	1	no
2235	1	no
2236	1	no
2237	1	no
2238	1	no
2239	1	no
2240	1	no
2241	1	no
2242	1	no
2243	1	no
2244	1	no
2245	1	no
2246	1	no
2247	1	no
2248	1	no
2249	1	no
2250	1	no
2251	1	no
2252	1	no
2253	1	no
2254	1	no
2255	1	no
2256	1	no
2257	1	no
2258	1	no
2259	1	no
2260	1	no
2261	1	no
2262	1	no
2263	1	no
2264	1	no
2265	1	no
2266	1	no
2267	1	no
2268	1	no
2269	1	no
2270	1	no
2271	1	no
2272	1	no
2273	1	no
2274	1	no
2275	1	no
2276	1	no
2277	1	no
2278	1	no
2279	1	no
2280	1	no
2281	1	no
2282	1	no
2283	1	no
2284	1	no
2285	1	no
2286	1	no
2287	1	no
2288	1	no
2289	1	no
2290	1	no
2291	1	no
2292	1	no
2293	1	no
2294	1	no
2295	1	no
2296	1	no
2297	1	no
2298	1	no
2299	1	no
2300	1	no
2301	1	no
2302	1	no
2303	1	no
2304	1	no
2305	1	no
2306	1	no
2307	1	no
2308	1	no
2309	1	no
2310	1	no
2311	1	no
2312	1	no
2313	1	no
2314	1	no
2315	1	no
2316	1	no
2317	1	no
2318	1	no
2319	1	no
2320	1	no
2321	1	no
2322	1	no
2323	1	no
2324	1	no
2325	1	no
2326	1	no
2327	1	no
2328	1	no
2329	1	no
2330	1	no
2331	1	no
2332	1	no
2333	1	no
2334	1	no
2335	1	no
2336	1	no
2337	1	no
2338	1	no
2339	1	no
2340	1	no
2341	1	no
2342	1	no
2343	1	no
2344	1	no
2345	1	no
2346	1	no
2347	1	no
2348	1	no
2349	1	no
2350	1	no
2351	1	no
2352	1	no
2353	1	no
2354	1	no
2355	1	no
2356	1	no
2357	1	no
2358	1	no
2359	1	no
2360	1	no
2361	1	no
2362	1	no
2363	1	no
2364	1	no
2365	1	no
2366	1	no
2367	1	no
2368	1	no
2369	1	no
2370	1	no
2371	1	no
2372	1	no
2373	1	no
2374	1	no
2375	1	no
2376	1	no
2377	1	no
2378	1	no
2379	1	no
2380	1	no
2381	1	no
2382	1	no
2383	1	no
2384	1	no
2385	1	no
2386	1	no
2387	1	no
2388	1	no
2389	1	no
2390	1	no
2391	1	no
2392	1	no
2393	1	no
2394	1	no
2395	1	no
2396	1	no
2397	1	no
2398	1	no
2399	1	no
2400	1	no
2401	1	no
2402	1	no
2403	1	no
2404	1	no
2405	1	no
2406	1	no
2407	1	no
2408	1	no
2409	1	no
2410	1	no
2411	1	no
2412	1	no
2413	1	no
2414	1	no
2415	1	no
2416	1	no
2417	1	no
2418	1	no
2419	1	no
2420	1	no
2421	1	no
2422	1	no
2423	1	no
2424	1	no
2425	1	no
2426	1	no
2427	1	no
2428	1	no
2429	1	no
2430	1	no
2431	1	no
2432	1	no
2433	1	no
2434	1	no
2435	1	no
2436	1	no
2437	1	no
2438	1	no
2439	1	no
2440	1	no
2441	1	no
2442	1	no
2443	1	no
2444	1	no
2445	1	no
2446	1	no
2447	1	no
2448	1	no
2449	1	no
2450	1	no
2451	1	no
2452	1	no
2453	1	no
2454	1	no
2455	1	no
2456	1	no
2457	1	no
2458	1	no
2459	1	no
2460	1	no
2461	1	no
2462	1	no
2463	1	no
2464	1	no
2465	1	no
2466	1	no
2467	1	no
2468	1	no
2469	1	no
2470	1	no
2471	1	no
2472	1	no
2473	1	no
2474	1	no
2475	1	no
2476	1	no
2477	1	no
2478	1	no
2479	1	no
2480	1	no
2481	1	no
2482	1	no
2483	1	no
2484	1	no
2485	1	no
2486	1	no
2487	1	no
2488	1	no
2489	1	no
2490	1	no
2491	1	no
2492	1	no
2493	1	no
2494	1	no
2495	1	no
2496	1	no
2497	1	no
2498	1	no
2499	1	no
2500	1	no
2501	1	no
2502	1	no
2503	1	no
2504	1	no
2505	1	no
2506	1	no
2507	1	no
2508	1	no
2509	1	no
2510	1	no
2511	1	no
2512	1	no
2513	1	no
2514	1	no
2515	1	no
2516	1	no
2517	1	no
2518	1	no
2519	1	no
2520	1	no
2521	1	no
2522	1	no
2523	1	no
2524	1	no
2525	1	no
2526	1	no
2527	1	no
2528	1	no
2529	1	no
2530	1	no
2531	1	no
2532	1	no
2533	1	no
2534	1	no
2535	1	no
2536	1	no
2537	1	no
2538	1	no
2539	1	no
2540	1	no
2541	1	no
2542	1	no
2543	1	no
2544	1	no
2545	1	no
2546	1	no
2547	1	no
2548	1	no
2549	1	no
2550	1	no
2551	1	no
2552	1	no
2553	1	no
2554	1	no
2555	1	no
2556	1	no
2557	1	no
2558	1	no
2559	1	no
2560	1	no
2561	1	no
2562	1	no
2563	1	no
2564	1	no
2565	1	no
2566	1	no
2567	1	no
2568	1	no
2569	1	no
2570	1	no
2571	1	no
2572	1	no
2573	1	no
2574	1	no
2575	1	no
2576	1	no
2577	1	no
2578	1	no
2579	1	no
2580	1	no
2581	1	no
2582	1	no
2583	1	no
2584	1	no
2585	1	no
2586	1	no
2587	1	no
2588	1	no
2589	1	no
2590	1	no
2591	1	no
2592	1	no
2593	1	no
2594	1	no
2595	1	no
2596	1	no
2597	1	no
2598	1	no
2599	1	no
2600	1	no
2601	1	no
2602	1	no
2603	1	no
2604	1	no
2605	1	no
2606	1	no
2607	1	no
2608	1	no
2609	1	no
2610	1	no
2611	1	no
2612	1	no
2613	1	no
2614	1	no
2615	1	no
2616	1	no
2617	1	no
2618	1	no
2619	1	no
2620	1	no
2621	1	no
2622	1	no
2623	1	no
2624	1	no
2625	1	no
2626	1	no
2627	1	no
2628	1	no
2629	1	no
2630	1	no
2631	1	no
2632	1	no
2633	1	no
2634	1	no
2635	1	no
2636	1	no
2637	1	no
2638	1	no
2639	1	no
2640	1	no
2641	1	no
2642	1	no
2643	1	no
2644	1	no
2645	1	no
2646	1	no
2647	1	no
2648	1	no
2649	1	no
2650	1	no
2651	1	no
2652	1	no
2653	1	no
2654	1	no
2655	1	no
2656	1	no
2657	1	no
2658	1	no
2659	1	no
2660	1	no
2661	1	no
2662	1	no
2663	1	no
2664	1	no
2665	1	no
2666	1	no
2667	1	no
2668	1	no
2669	1	no
2670	1	no
2671	1	no
2672	1	no
2673	1	no
2674	1	no
2675	1	no
2676	1	no
2677	1	no
2678	1	no
2679	1	no
2680	1	no
2681	1	no
2682	1	no
2683	1	no
2684	1	no
2685	1	no
2686	1	no
2687	1	no
2688	1	no
2689	1	no
2690	1	no
2691	1	no
2692	1	no
2693	1	no
2694	1	no
2695	1	no
2696	1	no
2697	1	no
2698	1	no
2699	1	no
2700	1	no
2701	1	no
2702	1	no
2703	1	no
2704	1	no
2705	1	no
2706	1	no
2707	1	no
2708	1	no
2709	1	no
2710	1	no
2711	1	no
2712	1	no
2713	1	no
2714	1	no
2715	1	no
2716	1	no
2717	1	no
2718	1	no
2719	1	no
2720	1	no
2721	1	no
2722	1	no
2723	1	no
2724	1	no
2725	1	no
2726	1	no
2727	1	no
2728	1	no
2729	1	no
2730	1	no
2731	1	no
2732	1	no
2733	1	no
2734	1	no
2735	1	no
2736	1	no
2737	1	no
2738	1	no
2739	1	no
2740	1	no
2741	1	no
2742	1	no
2743	1	no
2744	1	no
2745	1	no
2746	1	no
2747	1	no
2748	1	no
2749	1	no
2750	1	no
2751	1	no
2752	1	no
2753	1	no
2754	1	no
2755	1	no
2756	1	no
2757	1	no
2758	1	no
2759	1	no
2760	1	no
2761	1	no
2762	1	no
2763	1	no
2764	1	no
2765	1	no
2766	1	no
2767	1	no
2768	1	no
2769	1	no
2770	1	no
2771	1	no
2772	1	no
2773	1	no
2774	1	no
2775	1	no
2776	1	no
2777	1	no
2778	1	no
2779	1	no
2780	1	no
2781	1	no
2782	1	no
2783	1	no
2784	1	no
2785	1	no
2786	1	no
2787	1	no
2788	1	no
2789	1	no
2790	1	no
2791	1	no
2792	1	no
2793	1	no
2794	1	no
2795	1	no
2796	1	no
2797	1	no
2798	1	no
2799	1	no
2800	1	no
2801	1	no
2802	1	no
2803	1	no
2804	1	no
2805	1	no
2806	1	no
2807	1	no
2808	1	no
2809	1	no
2810	1	no
2811	1	no
2812	1	no
2813	1	no
2814	1	no
2815	1	no
2816	1	no
2817	1	no
2818	1	no
2819	1	no
2820	1	no
2821	1	no
2822	1	no
2823	1	no
2824	1	no
2825	1	no
2826	1	no
2827	1	no
2828	1	no
2829	1	no
2830	1	no
2831	1	no
2832	1	no
2833	1	no
2834	1	no
2835	1	no
2836	1	no
2837	1	no
2838	1	no
2839	1	no
2840	1	no
2841	1	no
2842	1	no
2843	1	no
2844	1	no
2845	1	no
2846	1	no
2847	1	no
2848	1	no
2849	1	no
2850	1	no
2851	1	no
2852	1	no
2853	1	no
2854	1	no
2855	1	no
2856	1	no
2857	1	no
2858	1	no
2859	1	no
2860	1	no
2861	1	no
2862	1	no
2863	1	no
2864	1	no
2865	1	no
2866	1	no
2867	1	no
2868	1	no
2869	1	no
2870	1	no
2871	1	no
2872	1	no
2873	1	no
2874	1	no
2875	1	no
2876	1	no
2877	1	no
2878	1	no
2879	1	no
2880	1	no
2881	1	no
2882	1	no
2883	1	no
2884	1	no
2885	1	no
2886	1	no
2887	1	no
2888	1	no
2889	1	no
2890	1	no
2891	1	no
2892	1	no
2893	1	no
2894	1	no
2895	1	no
2896	1	no
2897	1	no
2898	1	no
2899	1	no
2900	1	no
2901	1	no
2902	1	no
2903	1	no
2904	1	no
2905	1	no
2906	1	no
2907	1	no
2908	1	no
2909	1	no
2910	1	no
2911	1	no
2912	1	no
2913	1	no
2914	1	no
2915	1	no
2916	1	no
2917	1	no
2918	1	no
2919	1	no
2920	1	no
2921	1	no
2922	1	no
2923	1	no
2924	1	no
2925	1	no
2926	1	no
2927	1	no
2928	1	no
2929	1	no
2930	1	no
2931	1	no
2932	1	no
2933	1	no
2934	1	no
2935	1	no
2936	1	no
2937	1	no
2938	1	no
2939	1	no
2940	1	no
2941	1	no
2942	1	no
2943	1	no
2944	1	no
2945	1	no
2946	1	no
2947	1	no
2948	1	no
2949	1	no
2950	1	no
2951	1	no
2952	1	no
2953	1	no
2954	1	no
2955	1	no
2956	1	no
2957	1	no
2958	1	no
2959	1	no
2960	1	no
2961	1	no
2962	1	no
2963	1	no
2964	1	no
2965	1	no
2966	1	no
2967	1	no
2968	1	no
2969	1	no
2970	1	no
2971	1	no
2972	1	no
2973	1	no
2974	1	no
2975	1	no
2976	1	no
2977	1	no
2978	1	no
2979	1	no
2980	1	no
2981	1	no
2982	1	no
2983	1	no
2984	1	no
2985	1	no
2986	1	no
2987	1	no
2988	1	no
2989	1	no
2990	1	no
2991	1	no
2992	1	no
2993	1	no
2994	1	no
2995	1	no
2996	1	no
2997	1	no
2998	1	no
2999	1	no
3000	1	no
3001	1	no
3002	1	no
3003	1	no
3004	1	no
3005	1	no
3006	1	no
3007	1	no
3008	1	no
3009	1	no
3010	1	no
3011	1	no
3012	1	no
3013	1	no
3014	1	no
3015	1	no
3016	1	no
3017	1	no
3018	1	no
3019	1	no
3020	1	no
3021	1	no
3022	1	no
3023	1	no
3024	1	no
3025	1	no
3026	1	no
3027	1	no
3028	1	no
3029	1	no
3030	1	no
3031	1	no
3032	1	no
3033	1	no
3034	1	no
3035	1	no
3036	1	no
3037	1	no
3038	1	no
3039	1	no
3040	1	no
3041	1	no
3042	1	no
3043	1	no
3044	1	no
3045	1	no
3046	1	no
3047	1	no
3048	1	no
3049	1	no
3050	1	no
3051	1	no
3052	1	no
3053	1	no
3054	1	no
3055	1	no
3056	1	no
3057	1	no
3058	1	no
3059	1	no
3060	1	no
3061	1	no
3062	1	no
3063	1	no
3064	1	no
3065	1	no
3066	1	no
3067	1	no
3068	1	no
3069	1	no
3070	1	no
3071	1	no
3072	1	no
3073	1	no
3074	1	no
3075	1	no
3076	1	no
3077	1	no
3078	1	no
3079	1	no
3080	1	no
3081	1	no
3082	1	no
3083	1	no
3084	1	no
3085	1	no
3086	1	no
3087	1	no
3088	1	no
3089	1	no
3090	1	no
3091	1	no
3092	1	no
3093	1	no
3094	1	no
3095	1	no
3096	1	no
3097	1	no
3098	1	no
3099	1	no
3100	1	no
3101	1	no
3102	1	no
3103	1	no
3104	1	no
3105	1	no
3106	1	no
3107	1	no
3108	1	no
3109	1	no
3110	1	no
3111	1	no
3112	1	no
3113	1	no
3114	1	no
3115	1	no
3116	1	no
3117	1	no
3118	1	no
3119	1	no
3120	1	no
3121	1	no
3122	1	no
3123	1	no
3124	1	no
3125	1	no
3126	1	no
3127	1	no
3128	1	no
3129	1	no
3130	1	no
3131	1	no
3132	1	no
3133	1	no
3134	1	no
3135	1	no
3136	1	no
3137	1	no
3138	1	no
3139	1	no
3140	1	no
3141	1	no
3142	1	no
3143	1	no
3144	1	no
3145	1	no
3146	1	no
3147	1	no
3148	1	no
3149	1	no
3150	1	no
3151	1	no
3152	1	no
3153	1	no
3154	1	no
3155	1	no
3156	1	no
3157	1	no
3158	1	no
3159	1	no
3160	1	no
3161	1	no
3162	1	no
3163	1	no
3164	1	no
3165	1	no
3166	1	no
3167	1	no
3168	1	no
3169	1	no
3170	1	no
3171	1	no
3172	1	no
3173	1	no
3174	1	no
3175	1	no
3176	1	no
3177	1	no
3178	1	no
3179	1	no
3180	1	no
3181	1	no
3182	1	no
3183	1	no
3184	1	no
3185	1	no
3186	1	no
3187	1	no
3188	1	no
3189	1	no
3190	1	no
3191	1	no
3192	1	no
3193	1	no
3194	1	no
3195	1	no
3196	1	no
3197	1	no
3198	1	no
3199	1	no
3200	1	no
3201	1	no
3202	1	no
3203	1	no
3204	1	no
3205	1	no
3206	1	no
3207	1	no
3208	1	no
3209	1	no
3210	1	no
3211	1	no
3212	1	no
3213	1	no
3214	1	no
3215	1	no
3216	1	no
3217	1	no
3218	1	no
3219	1	no
3220	1	no
3221	1	no
3222	1	no
3223	1	no
3224	1	no
3225	1	no
3226	1	no
3227	1	no
3228	1	no
3229	1	no
3230	1	no
3231	1	no
3232	1	no
3233	1	no
3234	1	no
3235	1	no
3236	1	no
3237	1	no
3238	1	no
3239	1	no
3240	1	no
3241	1	no
3242	1	no
3243	1	no
3244	1	no
3245	1	no
3246	1	no
3247	1	no
3248	1	no
3249	1	no
3250	1	no
3251	1	no
3252	1	no
3253	1	no
3254	1	no
3255	1	no
3256	1	no
3257	1	no
3258	1	no
3259	1	no
3260	1	no
3261	1	no
3262	1	no
3263	1	no
3264	1	no
3265	1	no
3266	1	no
3267	1	no
3268	1	no
3269	1	no
3270	1	no
3271	1	no
3272	1	no
3273	1	no
3274	1	no
3275	1	no
3276	1	no
3277	1	no
3278	1	no
3279	1	no
3280	1	no
3281	1	no
3282	1	no
3283	1	no
3284	1	no
3285	1	no
3286	1	no
3287	1	no
3288	1	no
3289	1	no
3290	1	no
3291	1	no
3292	1	no
3293	1	no
3294	1	no
3295	1	no
3296	1	no
3297	1	no
3298	1	no
3299	1	no
3300	1	no
3301	1	no
3302	1	no
3303	1	no
3304	1	no
3305	1	no
3306	1	no
3307	1	no
3308	1	no
3309	1	no
3310	1	no
3311	1	no
3312	1	no
3313	1	no
3314	1	no
3315	1	no
3316	1	no
3317	1	no
3318	1	no
3319	1	no
3320	1	no
3321	1	no
3322	1	no
3323	1	no
3324	1	no
3325	1	no
3326	1	no
3327	1	no
3328	1	no
3329	1	no
3330	1	no
3331	1	no
3332	1	no
3333	1	no
3334	1	no
3335	1	no
3336	1	no
3337	1	no
3338	1	no
3339	1	no
3340	1	no
3341	1	no
3342	1	no
3343	1	no
3344	1	no
3345	1	no
3346	1	no
3347	1	no
3348	1	no
3349	1	no
3350	1	no
3351	1	no
3352	1	no
3353	1	no
3354	1	no
3355	1	no
3356	1	no
3357	1	no
3358	1	no
3359	1	no
3360	1	no
3361	1	no
3362	1	no
3363	1	no
3364	1	no
3365	1	no
3366	1	no
3367	1	no
3368	1	no
3369	1	no
3370	1	no
3371	1	no
3372	1	no
3373	1	no
3374	1	no
3375	1	no
3376	1	no
3377	1	no
3378	1	no
3379	1	no
3380	1	no
3381	1	no
3382	1	no
3383	1	no
3384	1	no
3385	1	no
3386	1	no
3387	1	no
3388	1	no
3389	1	no
3390	1	no
3391	1	no
3392	1	no
3393	1	no
3394	1	no
3395	1	no
3396	1	no
3397	1	no
3398	1	no
3399	1	no
3400	1	no
3401	1	no
3402	1	no
3403	1	no
3404	1	no
3405	1	no
3406	1	no
3407	1	no
3408	1	no
3409	1	no
3410	1	no
3411	1	no
3412	1	no
3413	1	no
3414	1	no
3415	1	no
3416	1	no
3417	1	no
3418	1	no
3419	1	no
3420	1	no
3421	1	no
3422	1	no
3423	1	no
3424	1	no
3425	1	no
3426	1	no
3427	1	no
3428	1	no
3429	1	no
3430	1	no
3431	1	no
3432	1	no
3433	1	no
3434	1	no
3435	1	no
3436	1	no
3437	1	no
3438	1	no
3439	1	no
3440	1	no
3441	1	no
3442	1	no
3443	1	no
3444	1	no
3445	1	no
3446	1	no
3447	1	no
3448	1	no
3449	1	no
3450	1	no
3451	1	no
3452	1	no
3453	1	no
3454	1	no
3455	1	no
3456	1	no
3457	1	no
3458	1	no
3459	1	no
3460	1	no
3461	1	no
3462	1	no
3463	1	no
3464	1	no
3465	1	no
3466	1	no
3467	1	no
3468	1	no
3469	1	no
3470	1	no
3471	1	no
3472	1	no
3473	1	no
3474	1	no
3475	1	no
3476	1	no
3477	1	no
3478	1	no
3479	1	no
3480	1	no
3481	1	no
3482	1	no
3483	1	no
3484	1	no
3485	1	no
3486	1	no
3487	1	no
3488	1	no
3489	1	no
3490	1	no
3491	1	no
3492	1	no
3493	1	no
3494	1	no
3495	1	no
3496	1	no
3497	1	no
3498	1	no
3499	1	no
3500	1	no
3501	1	no
3502	1	no
3503	1	no
3504	1	no
3505	1	no
3506	1	no
3507	1	no
3508	1	no
3509	1	no
3510	1	no
3511	1	no
3512	1	no
3513	1	no
3514	1	no
3515	1	no
3516	1	no
3517	1	no
3518	1	no
3519	1	no
3520	1	no
3521	1	no
3522	1	no
3523	1	no
3524	1	no
3525	1	no
3526	1	no
3527	1	no
3528	1	no
3529	1	no
3530	1	no
3531	1	no
3532	1	no
3533	1	no
3534	1	no
3535	1	no
3536	1	no
3537	1	no
3538	1	no
3539	1	no
3540	1	no
3541	1	no
3542	1	no
3543	1	no
3544	1	no
3545	1	no
3546	1	no
3547	1	no
3548	1	no
3549	1	no
3550	1	no
3551	1	no
3552	1	no
3553	1	no
3554	1	no
3555	1	no
3556	1	no
3557	1	no
3558	1	no
3559	1	no
3560	1	no
3561	1	no
3562	1	no
3563	1	no
3564	1	no
3565	1	no
3566	1	no
3567	1	no
3568	1	no
3569	1	no
3570	1	no
3571	1	no
3572	1	no
3573	1	no
3574	1	no
3575	1	no
3576	1	no
3577	1	no
3578	1	no
3579	1	no
3580	1	no
3581	1	no
3582	1	no
3583	1	no
3584	1	no
3585	1	no
3586	1	no
3587	1	no
3588	1	no
3589	1	no
3590	1	no
3591	1	no
3592	1	no
3593	1	no
3594	1	no
3595	1	no
3596	1	no
3597	1	no
3598	1	no
3599	1	no
3600	1	no
3601	1	no
3602	1	no
3603	1	no
3604	1	no
3605	1	no
3606	1	no
3607	1	no
3608	1	no
3609	1	no
3610	1	no
3611	1	no
3612	1	no
3613	1	no
3614	1	no
3615	1	no
3616	1	no
3617	1	no
3618	1	no
3619	1	no
3620	1	no
3621	1	no
3622	1	no
3623	1	no
3624	1	no
3625	1	no
3626	1	no
3627	1	no
3628	1	no
3629	1	no
3630	1	no
3631	1	no
3632	1	no
3633	1	no
3634	1	no
3635	1	no
3636	1	no
3637	1	no
3638	1	no
3639	1	no
3640	1	no
3641	1	no
3642	1	no
3643	1	no
3644	1	no
3645	1	no
3646	1	no
3647	1	no
3648	1	no
3649	1	no
3650	1	no
3651	1	no
3652	1	no
3653	1	no
3654	1	no
3655	1	no
3656	1	no
3657	1	no
3658	1	no
3659	1	no
3660	1	no
3661	1	no
3662	1	no
3663	1	no
3664	1	no
3665	1	no
3666	1	no
3667	1	no
3668	1	no
3669	1	no
3670	1	no
3671	1	no
3672	1	no
3673	1	no
3674	1	no
3675	1	no
3676	1	no
3677	1	no
3678	1	no
3679	1	no
3680	1	no
3681	1	no
3682	1	no
3683	1	no
3684	1	no
3685	1	no
3686	1	no
3687	1	no
3688	1	no
3689	1	no
3690	1	no
3691	1	no
3692	1	no
3693	1	no
3694	1	no
3695	1	no
3696	1	no
3697	1	no
3698	1	no
3699	1	no
3700	1	no
3701	1	no
3702	1	no
3703	1	no
3704	1	no
3705	1	no
3706	1	no
3707	1	no
3708	1	no
3709	1	no
3710	1	no
3711	1	no
3712	1	no
3713	1	no
3714	1	no
3715	1	no
3716	1	no
3717	1	no
3718	1	no
3719	1	no
3720	1	no
3721	1	no
3722	1	no
3723	1	no
3724	1	no
3725	1	no
3726	1	no
3727	1	no
3728	1	no
3729	1	no
3730	1	no
3731	1	no
3732	1	no
3733	1	no
3734	1	no
3735	1	no
3736	1	no
3737	1	no
3738	1	no
3739	1	no
3740	1	no
3741	1	no
3742	1	no
3743	1	no
3744	1	no
3745	1	no
3746	1	no
3747	1	no
3748	1	no
3749	1	no
3750	1	no
3751	1	no
3752	1	no
3753	1	no
3754	1	no
3755	1	no
3756	1	no
3757	1	no
3758	1	no
3759	1	no
3760	1	no
3761	1	no
3762	1	no
3763	1	no
3764	1	no
3765	1	no
3766	1	no
3767	1	no
3768	1	no
3769	1	no
3770	1	no
3771	1	no
3772	1	no
3773	1	no
3774	1	no
3775	1	no
3776	1	no
3777	1	no
3778	1	no
3779	1	no
3780	1	no
3781	1	no
3782	1	no
3783	1	no
3784	1	no
3785	1	no
3786	1	no
3787	1	no
3788	1	no
3789	1	no
3790	1	no
3791	1	no
3792	1	no
3793	1	no
3794	1	no
3795	1	no
3796	1	no
3797	1	no
3798	1	no
3799	1	no
3800	1	no
3801	1	no
3802	1	no
3803	1	no
3804	1	no
3805	1	no
3806	1	no
3807	1	no
3808	1	no
3809	1	no
3810	1	no
3811	1	no
3812	1	no
3813	1	no
3814	1	no
3815	1	no
3816	1	no
3817	1	no
3818	1	no
3819	1	no
3820	1	no
3821	1	no
3822	1	no
3823	1	no
3824	1	no
3825	1	no
3826	1	no
3827	1	no
3828	1	no
3829	1	no
3830	1	no
3831	1	no
3832	1	no
3833	1	no
3834	1	no
3835	1	no
3836	1	no
3837	1	no
3838	1	no
3839	1	no
3840	1	no
3841	1	no
3842	1	no
3843	1	no
3844	1	no
3845	1	no
3846	1	no
3847	1	no
3848	1	no
3849	1	no
3850	1	no
3851	1	no
3852	1	no
3853	1	no
3854	1	no
3855	1	no
3856	1	no
3857	1	no
3858	1	no
3859	1	no
3860	1	no
3861	1	no
3862	1	no
3863	1	no
3864	1	no
3865	1	no
3866	1	no
3867	1	no
3868	1	no
3869	1	no
3870	1	no
3871	1	no
3872	1	no
3873	1	no
3874	1	no
3875	1	no
3876	1	no
3877	1	no
3878	1	no
3879	1	no
3880	1	no
3881	1	no
3882	1	no
3883	1	no
3884	1	no
3885	1	no
3886	1	no
3887	1	no
3888	1	no
3889	1	no
3890	1	no
3891	1	no
3892	1	no
3893	1	no
3894	1	no
3895	1	no
3896	1	no
3897	1	no
3898	1	no
3899	1	no
3900	1	no
3901	1	no
3902	1	no
3903	1	no
3904	1	no
3905	1	no
3906	1	no
3907	1	no
3908	1	no
3909	1	no
3910	1	no
3911	1	no
3912	1	no
3913	1	no
3914	1	no
3915	1	no
3916	1	no
3917	1	no
3918	1	no
3919	1	no
3920	1	no
3921	1	no
3922	1	no
3923	1	no
3924	1	no
3925	1	no
3926	1	no
3927	1	no
3928	1	no
3929	1	no
3930	1	no
3931	1	no
3932	1	no
3933	1	no
3934	1	no
3935	1	no
3936	1	no
3937	1	no
3938	1	no
3939	1	no
3940	1	no
3941	1	no
3942	1	no
3943	1	no
3944	1	no
3945	1	no
3946	1	no
3947	1	no
3948	1	no
3949	1	no
3950	1	no
3951	1	no
3952	1	no
3953	1	no
3954	1	no
3955	1	no
3956	1	no
3957	1	no
3958	1	no
3959	1	no
3960	1	no
3961	1	no
3962	1	no
3963	1	no
3964	1	no
3965	1	no
3966	1	no
3967	1	no
3968	1	no
3969	1	no
3970	1	no
3971	1	no
3972	1	no
3973	1	no
3974	1	no
3975	1	no
3976	1	no
3977	1	no
3978	1	no
3979	1	no
3980	1	no
3981	1	no
3982	1	no
3983	1	no
3984	1	no
3985	1	no
3986	1	no
3987	1	no
3988	1	no
3989	1	no
3990	1	no
3991	1	no
3992	1	no
3993	1	no
3994	1	no
3995	1	no
3996	1	no
3997	1	no
3998	1	no
3999	1	no
4000	1	no
4001	1	no
4002	1	no
4003	1	no
4004	1	no
4005	1	no
4006	1	no
4007	1	no
4008	1	no
4009	1	no
4010	1	no
4011	1	no
4012	1	no
4013	1	no
4014	1	no
4015	1	no
4016	1	no
4017	1	no
4018	1	no
4019	1	no
4020	1	no
4021	1	no
4022	1	no
4023	1	no
4024	1	no
4025	1	no
4026	1	no
4027	1	no
4028	1	no
4029	1	no
4030	1	no
4031	1	no
4032	1	no
4033	1	no
4034	1	no
4035	1	no
4036	1	no
4037	1	no
4038	1	no
4039	1	no
4040	1	no
4041	1	no
4042	1	no
4043	1	no
4044	1	no
4045	1	no
4046	1	no
4047	1	no
4048	1	no
4049	1	no
4050	1	no
4051	1	no
4052	1	no
4053	1	no
4054	1	no
4055	1	no
4056	1	no
4057	1	no
4058	1	no
4059	1	no
4060	1	no
4061	1	no
4062	1	no
4063	1	no
4064	1	no
4065	1	no
4066	1	no
4067	1	no
4068	1	no
4069	1	no
4070	1	no
4071	1	no
4072	1	no
4073	1	no
4074	1	no
4075	1	no
4076	1	no
4077	1	no
4078	1	no
4079	1	no
4080	1	no
4081	1	no
4082	1	no
4083	1	no
4084	1	no
4085	1	no
4086	1	no
4087	1	no
4088	1	no
4089	1	no
4090	1	no
4091	1	no
4092	1	no
4093	1	no
4094	1	no
4095	1	no
4096	1	no
4097	1	no
4098	1	no
4099	1	no
4100	1	no
4101	1	no
4102	1	no
4103	1	no
4104	1	no
4105	1	no
4106	1	no
4107	1	no
4108	1	no
4109	1	no
4110	1	no
4111	1	no
4112	1	no
4113	1	no
4114	1	no
4115	1	no
4116	1	no
4117	1	no
4118	1	no
4119	1	no
4120	1	no
4121	1	no
4122	1	no
4123	1	no
4124	1	no
4125	1	no
4126	1	no
4127	1	no
4128	1	no
4129	1	no
4130	1	no
4131	1	no
4132	1	no
4133	1	no
4134	1	no
4135	1	no
4136	1	no
4137	1	no
4138	1	no
4139	1	no
4140	1	no
4141	1	no
4142	1	no
4143	1	no
4144	1	no
4145	1	no
4146	1	no
4147	1	no
4148	1	no
4149	1	no
4150	1	no
4151	1	no
4152	1	no
4153	1	no
4154	1	no
4155	1	no
4156	1	no
4157	1	no
4158	1	no
4159	1	no
4160	1	no
4161	1	no
4162	1	no
4163	1	no
4164	1	no
4165	1	no
4166	1	no
4167	1	no
4168	1	no
4169	1	no
4170	1	no
4171	1	no
4172	1	no
4173	1	no
4174	1	no
4175	1	no
4176	1	no
4177	1	no
4178	1	no
4179	1	no
4180	1	no
4181	1	no
4182	1	no
4183	1	no
4184	1	no
4185	1	no
4186	1	no
4187	1	no
4188	1	no
4189	1	no
4190	1	no
4191	1	no
4192	1	no
4193	1	no
4194	1	no
4195	1	no
4196	1	no
4197	1	no
4198	1	no
4199	1	no
4200	1	no
4201	1	no
4202	1	no
4203	1	no
4204	1	no
4205	1	no
4206	1	no
4207	1	no
4208	1	no
4209	1	no
4210	1	no
4211	1	no
4212	1	no
4213	1	no
4214	1	no
4215	1	no
4216	1	no
4217	1	no
4218	1	no
4219	1	no
4220	1	no
4221	1	no
4222	1	no
4223	1	no
4224	1	no
4225	1	no
4226	1	no
4227	1	no
4228	1	no
4229	1	no
4230	1	no
4231	1	no
4232	1	no
4233	1	no
4234	1	no
4235	1	no
4236	1	no
4237	1	no
4238	1	no
4239	1	no
4240	1	no
4241	1	no
4242	1	no
4243	1	no
4244	1	no
4245	1	no
4246	1	no
4247	1	no
4248	1	no
4249	1	no
4250	1	no
4251	1	no
4252	1	no
4253	1	no
4254	1	no
4255	1	no
4256	1	no
4257	1	no
4258	1	no
4259	1	no
4260	1	no
4261	1	no
4262	1	no
4263	1	no
4264	1	no
4265	1	no
4266	1	no
4267	1	no
4268	1	no
4269	1	no
4270	1	no
4271	1	no
4272	1	no
4273	1	no
4274	1	no
4275	1	no
4276	1	no
4277	1	no
4278	1	no
4279	1	no
4280	1	no
4281	1	no
4282	1	no
4283	1	no
4284	1	no
4285	1	no
4286	1	no
4287	1	no
4288	1	no
4289	1	no
4290	1	no
4291	1	no
4292	1	no
4293	1	no
4294	1	no
4295	1	no
4296	1	no
4297	1	no
4298	1	no
4299	1	no
4300	1	no
4301	1	no
4302	1	no
4303	1	no
4304	1	no
4305	1	no
4306	1	no
4307	1	no
4308	1	no
4309	1	no
4310	1	no
4311	1	no
4312	1	no
4313	1	no
4314	1	no
4315	1	no
4316	1	no
4317	1	no
4318	1	no
4319	1	no
4320	1	no
4321	1	no
4322	1	no
4323	1	no
4324	1	no
4325	1	no
4326	1	no
4327	1	no
4328	1	no
4329	1	no
4330	1	no
4331	1	no
4332	1	no
4333	1	no
4334	1	no
4335	1	no
4336	1	no
4337	1	no
4338	1	no
4339	1	no
4340	1	no
4341	1	no
4342	1	no
4343	1	no
4344	1	no
4345	1	no
4346	1	no
4347	1	no
4348	1	no
4349	1	no
4350	1	no
4351	1	no
4352	1	no
4353	1	no
4354	1	no
4355	1	no
4356	1	no
4357	1	no
4358	1	no
4359	1	no
4360	1	no
4361	1	no
4362	1	no
4363	1	no
4364	1	no
4365	1	no
4366	1	no
4367	1	no
4368	1	no
4369	1	no
4370	1	no
4371	1	no
4372	1	no
4373	1	no
4374	1	no
4375	1	no
4376	1	no
4377	1	no
4378	1	no
4379	1	no
4380	1	no
4381	1	no
4382	1	no
4383	1	no
4384	1	no
4385	1	no
4386	1	no
4387	1	no
4388	1	no
4389	1	no
4390	1	no
4391	1	no
4392	1	no
4393	1	no
4394	1	no
4395	1	no
4396	1	no
4397	1	no
4398	1	no
4399	1	no
4400	1	no
4401	1	no
4402	1	no
4403	1	no
4404	1	no
4405	1	no
4406	1	no
4407	1	no
4408	1	no
4409	1	no
4410	1	no
4411	1	no
4412	1	no
4413	1	no
4414	1	no
4415	1	no
4416	1	no
4417	1	no
4418	1	no
4419	1	no
4420	1	no
4421	1	no
4422	1	no
4423	1	no
4424	1	no
4425	1	no
4426	1	no
4427	1	no
4428	1	no
4429	1	no
4430	1	no
4431	1	no
4432	1	no
4433	1	no
4434	1	no
4435	1	no
4436	1	no
4437	1	no
4438	1	no
4439	1	no
4440	1	no
4441	1	no
4442	1	no
4443	1	no
4444	1	no
4445	1	no
4446	1	no
4447	1	no
4448	1	no
4449	1	no
4450	1	no
4451	1	no
4452	1	no
4453	1	no
4454	1	no
4455	1	no
4456	1	no
4457	1	no
4458	1	no
4459	1	no
4460	1	no
4461	1	no
4462	1	no
4463	1	no
4464	1	no
4465	1	no
4466	1	no
4467	1	no
4468	1	no
4469	1	no
4470	1	no
4471	1	no
4472	1	no
4473	1	no
4474	1	no
4475	1	no
4476	1	no
4477	1	no
4478	1	no
4479	1	no
4480	1	no
4481	1	no
4482	1	no
4483	1	no
4484	1	no
4485	1	no
4486	1	no
4487	1	no
4488	1	no
4489	1	no
4490	1	no
4491	1	no
4492	1	no
4493	1	no
4494	1	no
4495	1	no
4496	1	no
4497	1	no
4498	1	no
4499	1	no
4500	1	no
4501	1	no
4502	1	no
4503	1	no
4504	1	no
4505	1	no
4506	1	no
4507	1	no
4508	1	no
4509	1	no
4510	1	no
4511	1	no
4512	1	no
4513	1	no
4514	1	no
4515	1	no
4516	1	no
4517	1	no
4518	1	no
4519	1	no
4520	1	no
4521	1	no
4522	1	no
4523	1	no
4524	1	no
4525	1	no
4526	1	no
4527	1	no
4528	1	no
4529	1	no
4530	1	no
4531	1	no
4532	1	no
4533	1	no
4534	1	no
4535	1	no
4536	1	no
4537	1	no
4538	1	no
4539	1	no
4540	1	no
4541	1	no
4542	1	no
4543	1	no
4544	1	no
4545	1	no
4546	1	no
4547	1	no
4548	1	no
4549	1	no
4550	1	no
4551	1	no
4552	1	no
4553	1	no
4554	1	no
4555	1	no
4556	1	no
4557	1	no
4558	1	no
4559	1	no
4560	1	no
4561	1	no
4562	1	no
4563	1	no
4564	1	no
4565	1	no
4566	1	no
4567	1	no
4568	1	no
4569	1	no
4570	1	no
4571	1	no
4572	1	no
4573	1	no
4574	1	no
4575	1	no
4576	1	no
4577	1	no
4578	1	no
4579	1	no
4580	1	no
4581	1	no
4582	1	no
4583	1	no
4584	1	no
4585	1	no
4586	1	no
4587	1	no
4588	1	no
4589	1	no
4590	1	no
4591	1	no
4592	1	no
4593	1	no
4594	1	no
4595	1	no
4596	1	no
4597	1	no
4598	1	no
4599	1	no
4600	1	no
4601	1	no
4602	1	no
4603	1	no
4604	1	no
4605	1	no
4606	1	no
4607	1	no
4608	1	no
4609	1	no
4610	1	no
4611	1	no
4612	1	no
4613	1	no
4614	1	no
4615	1	no
4616	1	no
4617	1	no
4618	1	no
4619	1	no
4620	1	no
4621	1	no
4622	1	no
4623	1	no
4624	1	no
4625	1	no
4626	1	no
4627	1	no
4628	1	no
4629	1	no
4630	1	no
4631	1	no
4632	1	no
4633	1	no
4634	1	no
4635	1	no
4636	1	no
4637	1	no
4638	1	no
4639	1	no
4640	1	no
4641	1	no
4642	1	no
4643	1	no
4644	1	no
4645	1	no
4646	1	no
4647	1	no
4648	1	no
4649	1	no
4650	1	no
4651	1	no
4652	1	no
4653	1	no
4654	1	no
4655	1	no
4656	1	no
4657	1	no
4658	1	no
4659	1	no
4660	1	no
4661	1	no
4662	1	no
4663	1	no
4664	1	no
4665	1	no
4666	1	no
4667	1	no
4668	1	no
4669	1	no
4670	1	no
4671	1	no
4672	1	no
4673	1	no
4674	1	no
4675	1	no
4676	1	no
4677	1	no
4678	1	no
4679	1	no
4680	1	no
4681	1	no
4682	1	no
4683	1	no
4684	1	no
4685	1	no
4686	1	no
4687	1	no
4688	1	no
4689	1	no
4690	1	no
4691	1	no
4692	1	no
4693	1	no
4694	1	no
4695	1	no
4696	1	no
4697	1	no
4698	1	no
4699	1	no
4700	1	no
4701	1	no
4702	1	no
4703	1	no
4704	1	no
4705	1	no
4706	1	no
4707	1	no
4708	1	no
4709	1	no
4710	1	no
4711	1	no
4712	1	no
4713	1	no
4714	1	no
4715	1	no
4716	1	no
4717	1	no
4718	1	no
4719	1	no
4720	1	no
4721	1	no
4722	1	no
4723	1	no
4724	1	no
4725	1	no
4726	1	no
4727	1	no
4728	1	no
4729	1	no
4730	1	no
4731	1	no
4732	1	no
4733	1	no
4734	1	no
4735	1	no
4736	1	no
4737	1	no
4738	1	no
4739	1	no
4740	1	no
4741	1	no
4742	1	no
4743	1	no
4744	1	no
4745	1	no
4746	1	no
4747	1	no
4748	1	no
4749	1	no
4750	1	no
4751	1	no
4752	1	no
4753	1	no
4754	1	no
4755	1	no
4756	1	no
4757	1	no
4758	1	no
4759	1	no
4760	1	no
4761	1	no
4762	1	no
4763	1	no
4764	1	no
4765	1	no
4766	1	no
4767	1	no
4768	1	no
4769	1	no
4770	1	no
4771	1	no
4772	1	no
4773	1	no
4774	1	no
4775	1	no
4776	1	no
4777	1	no
4778	1	no
4779	1	no
4780	1	no
4781	1	no
4782	1	no
4783	1	no
4784	1	no
4785	1	no
4786	1	no
4787	1	no
4788	1	no
4789	1	no
4790	1	no
4791	1	no
4792	1	no
4793	1	no
4794	1	no
4795	1	no
4796	1	no
4797	1	no
4798	1	no
4799	1	no
4800	1	no
4801	1	no
4802	1	no
4803	1	no
4804	1	no
4805	1	no
4806	1	no
4807	1	no
4808	1	no
4809	1	no
4810	1	no
4811	1	no
4812	1	no
4813	1	no
4814	1	no
4815	1	no
4816	1	no
4817	1	no
4818	1	no
4819	1	no
4820	1	no
4821	1	no
4822	1	no
4823	1	no
4824	1	no
4825	1	no
4826	1	no
4827	1	no
4828	1	no
4829	1	no
4830	1	no
4831	1	no
4832	1	no
4833	1	no
4834	1	no
4835	1	no
4836	1	no
4837	1	no
4838	1	no
4839	1	no
4840	1	no
4841	1	no
4842	1	no
4843	1	no
4844	1	no
4845	1	no
4846	1	no
4847	1	no
4848	1	no
4849	1	no
4850	1	no
4851	1	no
4852	1	no
4853	1	no
4854	1	no
4855	1	no
4856	1	no
4857	1	no
4858	1	no
4859	1	no
4860	1	no
4861	1	no
4862	1	no
4863	1	no
4864	1	no
4865	1	no
4866	1	no
4867	1	no
4868	1	no
4869	1	no
4870	1	no
4871	1	no
4872	1	no
4873	1	no
4874	1	no
4875	1	no
4876	1	no
4877	1	no
4878	1	no
4879	1	no
4880	1	no
4881	1	no
4882	1	no
4883	1	no
4884	1	no
4885	1	no
4886	1	no
4887	1	no
4888	1	no
4889	1	no
4890	1	no
4891	1	no
4892	1	no
4893	1	no
4894	1	no
4895	1	no
4896	1	no
4897	1	no
4898	1	no
4899	1	no
4900	1	no
4901	1	no
4902	1	no
4903	1	no
4904	1	no
4905	1	no
4906	1	no
4907	1	no
4908	1	no
4909	1	no
4910	1	no
4911	1	no
4912	1	no
4913	1	no
4914	1	no
4915	1	no
4916	1	no
4917	1	no
4918	1	no
4919	1	no
4920	1	no
4921	1	no
4922	1	no
4923	1	no
4924	1	no
4925	1	no
4926	1	no
4927	1	no
4928	1	no
4929	1	no
4930	1	no
4931	1	no
4932	1	no
4933	1	no
4934	1	no
4935	1	no
4936	1	no
4937	1	no
4938	1	no
4939	1	no
4940	1	no
4941	1	no
4942	1	no
4943	1	no
4944	1	no
4945	1	no
4946	1	no
4947	1	no
4948	1	no
4949	1	no
4950	1	no
4951	1	no
4952	1	no
4953	1	no
4954	1	no
4955	1	no
4956	1	no
4957	1	no
4958	1	no
4959	1	no
4960	1	no
4961	1	no
4962	1	no
4963	1	no
4964	1	no
4965	1	no
4966	1	no
4967	1	no
4968	1	no
4969	1	no
4970	1	no
4971	1	no
4972	1	no
4973	1	no
4974	1	no
4975	1	no
4976	1	no
4977	1	no
4978	1	no
4979	1	no
4980	1	no
4981	1	no
4982	1	no
4983	1	no
4984	1	no
4985	1	no
4986	1	no
4987	1	no
4988	1	no
4989	1	no
4990	1	no
4991	1	no
4992	1	no
4993	1	no
4994	1	no
4995	1	no
4996	1	no
4997	1	no
4998	1	no
4999	1	no
5000	1	no
5001	1	no
5002	1	no
5003	1	no
5004	1	no
5005	1	no
5006	1	no
5007	1	no
5008	1	no
5009	1	no
5010	1	no
5011	1	no
5012	1	no
5013	1	no
5014	1	no
5015	1	no
5016	1	no
5017	1	no
5018	1	no
5019	1	no
5020	1	no
5021	1	no
5022	1	no
5023	1	no
5024	1	no
5025	1	no
5026	1	no
5027	1	no
5028	1	no
5029	1	no
5030	1	no
5031	1	no
5032	1	no
5033	1	no
5034	1	no
5035	1	no
5036	1	no
5037	1	no
5038	1	no
5039	1	no
5040	1	no
5041	1	no
5042	1	no
5043	1	no
5044	1	no
5045	1	no
5046	1	no
5047	1	no
5048	1	no
5049	1	no
5050	1	no
5051	1	no
5052	1	no
5053	1	no
5054	1	no
5055	1	no
5056	1	no
5057	1	no
5058	1	no
5059	1	no
5060	1	no
5061	1	no
5062	1	no
5063	1	no
5064	1	no
5065	1	no
5066	1	no
5067	1	no
5068	1	no
5069	1	no
5070	1	no
5071	1	no
5072	1	no
5073	1	no
5074	1	no
5075	1	no
5076	1	no
5077	1	no
5078	1	no
5079	1	no
5080	1	no
5081	1	no
5082	1	no
5083	1	no
5084	1	no
5085	1	no
5086	1	no
5087	1	no
5088	1	no
5089	1	no
5090	1	no
5091	1	no
5092	1	no
5093	1	no
5094	1	no
5095	1	no
5096	1	no
5097	1	no
5098	1	no
5099	1	no
5100	1	no
5101	1	no
5102	1	no
5103	1	no
5104	1	no
5105	1	no
5106	1	no
5107	1	no
5108	1	no
5109	1	no
5110	1	no
5111	1	no
5112	1	no
5113	1	no
5114	1	no
5115	1	no
5116	1	no
5117	1	no
5118	1	no
5119	1	no
5120	1	no
5121	1	no
5122	1	no
5123	1	no
5124	1	no
5125	1	no
5126	1	no
5127	1	no
5128	1	no
5129	1	no
5130	1	no
5131	1	no
5132	1	no
5133	1	no
5134	1	no
5135	1	no
5136	1	no
5137	1	no
5138	1	no
5139	1	no
5140	1	no
5141	1	no
5142	1	no
5143	1	no
5144	1	no
5145	1	no
5146	1	no
5147	1	no
5148	1	no
5149	1	no
5150	1	no
5151	1	no
5152	1	no
5153	1	no
5154	1	no
5155	1	no
5156	1	no
5157	1	no
5158	1	no
5159	1	no
5160	1	no
5161	1	no
5162	1	no
5163	1	no
5164	1	no
5165	1	no
5166	1	no
5167	1	no
5168	1	no
5169	1	no
5170	1	no
5171	1	no
5172	1	no
5173	1	no
5174	1	no
5175	1	no
5176	1	no
5177	1	no
5178	1	no
5179	1	no
5180	1	no
5181	1	no
5182	1	no
5183	1	no
5184	1	no
5185	1	no
5186	1	no
5187	1	no
5188	1	no
5189	1	no
5190	1	no
5191	1	no
5192	1	no
5193	1	no
5194	1	no
5195	1	no
5196	1	no
5197	1	no
5198	1	no
5199	1	no
5200	1	no
5201	1	no
5202	1	no
5203	1	no
5204	1	no
5205	1	no
5206	1	no
5207	1	no
5208	1	no
5209	1	no
5210	1	no
5211	1	no
5212	1	no
5213	1	no
5214	1	no
5215	1	no
5216	1	no
5217	1	no
5218	1	no
5219	1	no
5220	1	no
5221	1	no
5222	1	no
5223	1	no
5224	1	no
5225	1	no
5226	1	no
5227	1	no
5228	1	no
5229	1	no
5230	1	no
5231	1	no
5232	1	no
5233	1	no
5234	1	no
5235	1	no
5236	1	no
5237	1	no
5238	1	no
5239	1	no
5240	1	no
5241	1	no
5242	1	no
5243	1	no
5244	1	no
5245	1	no
5246	1	no
5247	1	no
5248	1	no
5249	1	no
5250	1	no
5251	1	no
5252	1	no
5253	1	no
5254	1	no
5255	1	no
5256	1	no
5257	1	no
5258	1	no
5259	1	no
5260	1	no
5261	1	no
5262	1	no
5263	1	no
5264	1	no
5265	1	no
5266	1	no
5267	1	no
5268	1	no
5269	1	no
5270	1	no
5271	1	no
5272	1	no
5273	1	no
5274	1	no
5275	1	no
5276	1	no
5277	1	no
5278	1	no
5279	1	no
5280	1	no
5281	1	no
5282	1	no
5283	1	no
5284	1	no
5285	1	no
5286	1	no
5287	1	no
5288	1	no
5289	1	no
5290	1	no
5291	1	no
5292	1	no
5293	1	no
5294	1	no
5295	1	no
5296	1	no
5297	1	no
5298	1	no
5299	1	no
5300	1	no
5301	1	no
5302	1	no
5303	1	no
5304	1	no
5305	1	no
5306	1	no
5307	1	no
5308	1	no
5309	1	no
5310	1	no
5311	1	no
5312	1	no
5313	1	no
5314	1	no
5315	1	no
5316	1	no
5317	1	no
5318	1	no
5319	1	no
5320	1	no
5321	1	no
5322	1	no
5323	1	no
5324	1	no
5325	1	no
5326	1	no
5327	1	no
5328	1	no
5329	1	no
5330	1	no
5331	1	no
5332	1	no
5333	1	no
5334	1	no
5335	1	no
5336	1	no
5337	1	no
5338	1	no
5339	1	no
5340	1	no
5341	1	no
5342	1	no
5343	1	no
5344	1	no
5345	1	no
5346	1	no
5347	1	no
5348	1	no
5349	1	no
5350	1	no
5351	1	no
5352	1	no
5353	1	no
5354	1	no
5355	1	no
5356	1	no
5357	1	no
5358	1	no
5359	1	no
5360	1	no
5361	1	no
5362	1	no
5363	1	no
5364	1	no
5365	1	no
5366	1	no
5367	1	no
5368	1	no
5369	1	no
5370	1	no
5371	1	no
5372	1	no
5373	1	no
5374	1	no
5375	1	no
5376	1	no
5377	1	no
5378	1	no
5379	1	no
5380	1	no
5381	1	no
5382	1	no
5383	1	no
5384	1	no
5385	1	no
5386	1	no
5387	1	no
5388	1	no
5389	1	no
5390	1	no
5391	1	no
5392	1	no
5393	1	no
5394	1	no
5395	1	no
5396	1	no
5397	1	no
5398	1	no
5399	1	no
5400	1	no
5401	1	no
5402	1	no
5403	1	no
5404	1	no
5405	1	no
5406	1	no
5407	1	no
5408	1	no
5409	1	no
5410	1	no
5411	1	no
5412	1	no
5413	1	no
5414	1	no
5415	1	no
5416	1	no
5417	1	no
5418	1	no
5419	1	no
5420	1	no
5421	1	no
5422	1	no
5423	1	no
5424	1	no
5425	1	no
5426	1	no
5427	1	no
5428	1	no
5429	1	no
5430	1	no
5431	1	no
5432	1	no
5433	1	no
5434	1	no
5435	1	no
5436	1	no
5437	1	no
5438	1	no
5439	1	no
5440	1	no
5441	1	no
5442	1	no
5443	1	no
5444	1	no
5445	1	no
5446	1	no
5447	1	no
5448	1	no
5449	1	no
5450	1	no
5451	1	no
5452	1	no
5453	1	no
5454	1	no
5455	1	no
5456	1	no
5457	1	no
5458	1	no
5459	1	no
5460	1	no
5461	1	no
5462	1	no
5463	1	no
5464	1	no
5465	1	no
5466	1	no
5467	1	no
5468	1	no
5469	1	no
5470	1	no
5471	1	no
5472	1	no
5473	1	no
5474	1	no
5475	1	no
5476	1	no
5477	1	no
5478	1	no
5479	1	no
5480	1	no
5481	1	no
5482	1	no
5483	1	no
5484	1	no
5485	1	no
5486	1	no
5487	1	no
5488	1	no
5489	1	no
5490	1	no
5491	1	no
5492	1	no
5493	1	no
5494	1	no
5495	1	no
5496	1	no
5497	1	no
5498	1	no
5499	1	no
5500	1	no
5501	1	no
5502	1	no
5503	1	no
5504	1	no
5505	1	no
5506	1	no
5507	1	no
5508	1	no
5509	1	no
5510	1	no
5511	1	no
5512	1	no
5513	1	no
5514	1	no
5515	1	no
5516	1	no
5517	1	no
5518	1	no
5519	1	no
5520	1	no
5521	1	no
5522	1	no
5523	1	no
5524	1	no
5525	1	no
5526	1	no
5527	1	no
5528	1	no
5529	1	no
5530	1	no
5531	1	no
5532	1	no
5533	1	no
5534	1	no
5535	1	no
5536	1	no
5537	1	no
5538	1	no
5539	1	no
5540	1	no
5541	1	no
5542	1	no
5543	1	no
5544	1	no
5545	1	no
5546	1	no
5547	1	no
5548	1	no
5549	1	no
5550	1	no
5551	1	no
5552	1	no
5553	1	no
5554	1	no
5555	1	no
5556	1	no
5557	1	no
5558	1	no
5559	1	no
5560	1	no
5561	1	no
5562	1	no
5563	1	no
5564	1	no
5565	1	no
5566	1	no
5567	1	no
5568	1	no
5569	1	no
5570	1	no
5571	1	no
5572	1	no
5573	1	no
5574	1	no
5575	1	no
5576	1	no
5577	1	no
5578	1	no
5579	1	no
5580	1	no
5581	1	no
5582	1	no
5583	1	no
5584	1	no
5585	1	no
5586	1	no
5587	1	no
5588	1	no
5589	1	no
5590	1	no
5591	1	no
5592	1	no
5593	1	no
5594	1	no
5595	1	no
5596	1	no
5597	1	no
5598	1	no
5599	1	no
5600	1	no
5601	1	no
5602	1	no
5603	1	no
5604	1	no
5605	1	no
5606	1	no
5607	1	no
5608	1	no
5609	1	no
5610	1	no
5611	1	no
5612	1	no
5613	1	no
5614	1	no
5615	1	no
5616	1	no
5617	1	no
5618	1	no
5619	1	no
5620	1	no
5621	1	no
5622	1	no
5623	1	no
5624	1	no
5625	1	no
5626	1	no
5627	1	no
5628	1	no
5629	1	no
5630	1	no
5631	1	no
5632	1	no
5633	1	no
5634	1	no
5635	1	no
5636	1	no
5637	1	no
5638	1	no
5639	1	no
5640	1	no
5641	1	no
5642	1	no
5643	1	no
5644	1	no
5645	1	no
5646	1	no
5647	1	no
5648	1	no
5649	1	no
5650	1	no
5651	1	no
5652	1	no
5653	1	no
5654	1	no
5655	1	no
5656	1	no
5657	1	no
5658	1	no
5659	1	no
5660	1	no
5661	1	no
5662	1	no
5663	1	no
5664	1	no
5665	1	no
5666	1	no
5667	1	no
5668	1	no
5669	1	no
5670	1	no
5671	1	no
5672	1	no
5673	1	no
5674	1	no
5675	1	no
5676	1	no
5677	1	no
5678	1	no
5679	1	no
5680	1	no
5681	1	no
5682	1	no
5683	1	no
5684	1	no
5685	1	no
5686	1	no
5687	1	no
5688	1	no
5689	1	no
5690	1	no
5691	1	no
5692	1	no
5693	1	no
5694	1	no
5695	1	no
5696	1	no
5697	1	no
5698	1	no
5699	1	no
5700	1	no
5701	1	no
5702	1	no
5703	1	no
5704	1	no
5705	1	no
5706	1	no
5707	1	no
5708	1	no
5709	1	no
5710	1	no
5711	1	no
5712	1	no
5713	1	no
5714	1	no
5715	1	no
5716	1	no
5717	1	no
5718	1	no
5719	1	no
5720	1	no
5721	1	no
5722	1	no
5723	1	no
5724	1	no
5725	1	no
5726	1	no
5727	1	no
5728	1	no
5729	1	no
5730	1	no
5731	1	no
5732	1	no
5733	1	no
5734	1	no
5735	1	no
5736	1	no
5737	1	no
5738	1	no
5739	1	no
5740	1	no
5741	1	no
5742	1	no
5743	1	no
5744	1	no
5745	1	no
5746	1	no
5747	1	no
5748	1	no
5749	1	no
5750	1	no
5751	1	no
5752	1	no
5753	1	no
5754	1	no
5755	1	no
5756	1	no
5757	1	no
5758	1	no
5759	1	no
5760	1	no
5761	1	no
5762	1	no
5763	1	no
5764	1	no
5765	1	no
5766	1	no
5767	1	no
5768	1	no
5769	1	no
5770	1	no
5771	1	no
5772	1	no
5773	1	no
5774	1	no
5775	1	no
5776	1	no
5777	1	no
5778	1	no
5779	1	no
5780	1	no
5781	1	no
5782	1	no
5783	1	no
5784	1	no
5785	1	no
5786	1	no
5787	1	no
5788	1	no
5789	1	no
5790	1	no
5791	1	no
5792	1	no
5793	1	no
5794	1	no
5795	1	no
5796	1	no
5797	1	no
5798	1	no
5799	1	no
5800	1	no
5801	1	no
5802	1	no
5803	1	no
5804	1	no
5805	1	no
5806	1	no
5807	1	no
5808	1	no
5809	1	no
5810	1	no
5811	1	no
5812	1	no
5813	1	no
5814	1	no
5815	1	no
5816	1	no
5817	1	no
5818	1	no
5819	1	no
5820	1	no
5821	1	no
5822	1	no
5823	1	no
5824	1	no
5825	1	no
5826	1	no
5827	1	no
5828	1	no
5829	1	no
5830	1	no
5831	1	no
5832	1	no
5833	1	no
5834	1	no
5835	1	no
5836	1	no
5837	1	no
5838	1	no
5839	1	no
5840	1	no
5841	1	no
5842	1	no
5843	1	no
5844	1	no
5845	1	no
5846	1	no
5847	1	no
5848	1	no
5849	1	no
5850	1	no
5851	1	no
5852	1	no
5853	1	no
5854	1	no
5855	1	no
5856	1	no
5857	1	no
5858	1	no
5859	1	no
5860	1	no
5861	1	no
5862	1	no
5863	1	no
5864	1	no
5865	1	no
5866	1	no
5867	1	no
5868	1	no
5869	1	no
5870	1	no
5871	1	no
5872	1	no
5873	1	no
5874	1	no
5875	1	no
5876	1	no
5877	1	no
5878	1	no
5879	1	no
5880	1	no
5881	1	no
5882	1	no
5883	1	no
5884	1	no
5885	1	no
5886	1	no
5887	1	no
5888	1	no
5889	1	no
5890	1	no
5891	1	no
5892	1	no
5893	1	no
5894	1	no
5895	1	no
5896	1	no
5897	1	no
5898	1	no
5899	1	no
5900	1	no
5901	1	no
5902	1	no
5903	1	no
5904	1	no
5905	1	no
5906	1	no
5907	1	no
5908	1	no
5909	1	no
5910	1	no
5911	1	no
5912	1	no
5913	1	no
5914	1	no
5915	1	no
5916	1	no
5917	1	no
5918	1	no
5919	1	no
5920	1	no
5921	1	no
5922	1	no
5923	1	no
5924	1	no
5925	1	no
5926	1	no
5927	1	no
5928	1	no
5929	1	no
5930	1	no
5931	1	no
5932	1	no
5933	1	no
5934	1	no
5935	1	no
5936	1	no
5937	1	no
5938	1	no
5939	1	no
5940	1	no
5941	1	no
5942	1	no
5943	1	no
5944	1	no
5945	1	no
5946	1	no
5947	1	no
5948	1	no
5949	1	no
5950	1	no
5951	1	no
5952	1	no
5953	1	no
5954	1	no
5955	1	no
5956	1	no
5957	1	no
5958	1	no
5959	1	no
5960	1	no
5961	1	no
5962	1	no
5963	1	no
5964	1	no
5965	1	no
5966	1	no
5967	1	no
5968	1	no
5969	1	no
5970	1	no
5971	1	no
5972	1	no
5973	1	no
5974	1	no
5975	1	no
5976	1	no
5977	1	no
5978	1	no
5979	1	no
5980	1	no
5981	1	no
5982	1	no
5983	1	no
5984	1	no
5985	1	no
5986	1	no
5987	1	no
5988	1	no
5989	1	no
5990	1	no
5991	1	no
5992	1	no
5993	1	no
5994	1	no
5995	1	no
5996	1	no
5997	1	no
5998	1	no
5999	1	no
6000	1	no
6001	1	no
6002	1	no
6003	1	no
6004	1	no
6005	1	no
6006	1	no
6007	1	no
6008	1	no
6009	1	no
6010	1	no
6011	1	no
6012	1	no
6013	1	no
6014	1	no
6015	1	no
6016	1	no
6017	1	no
6018	1	no
6019	1	no
6020	1	no
6021	1	no
6022	1	no
6023	1	no
6024	1	no
6025	1	no
6026	1	no
6027	1	no
6028	1	no
6029	1	no
6030	1	no
6031	1	no
6032	1	no
6033	1	no
6034	1	no
6035	1	no
6036	1	no
6037	1	no
6038	1	no
6039	1	no
6040	1	no
6041	1	no
6042	1	no
6043	1	no
6044	1	no
6045	1	no
6046	1	no
6047	1	no
6048	1	no
6049	1	no
6050	1	no
6051	1	no
6052	1	no
6053	1	no
6054	1	no
6055	1	no
6056	1	no
6057	1	no
6058	1	no
6059	1	no
6060	1	no
6061	1	no
6062	1	no
6063	1	no
6064	1	no
6065	1	no
6066	1	no
6067	1	no
6068	1	no
6069	1	no
6070	1	no
6071	1	no
6072	1	no
6073	1	no
6074	1	no
6075	1	no
6076	1	no
6077	1	no
6078	1	no
6079	1	no
6080	1	no
6081	1	no
6082	1	no
6083	1	no
6084	1	no
6085	1	no
6086	1	no
6087	1	no
6088	1	no
6089	1	no
6090	1	no
6091	1	no
6092	1	no
6093	1	no
6094	1	no
6095	1	no
6096	1	no
6097	1	no
6098	1	no
6099	1	no
6100	1	no
6101	1	no
6102	1	no
6103	1	no
6104	1	no
6105	1	no
6106	1	no
6107	1	no
6108	1	no
6109	1	no
6110	1	no
6111	1	no
6112	1	no
6113	1	no
6114	1	no
6115	1	no
6116	1	no
6117	1	no
6118	1	no
6119	1	no
6120	1	no
6121	1	no
6122	1	no
6123	1	no
6124	1	no
6125	1	no
6126	1	no
6127	1	no
6128	1	no
6129	1	no
6130	1	no
6131	1	no
6132	1	no
6133	1	no
6134	1	no
6135	1	no
6136	1	no
6137	1	no
6138	1	no
6139	1	no
6140	1	no
6141	1	no
6142	1	no
6143	1	no
6144	1	no
6145	1	no
6146	1	no
6147	1	no
6148	1	no
6149	1	no
6150	1	no
6151	1	no
6152	1	no
6153	1	no
6154	1	no
6155	1	no
6156	1	no
6157	1	no
6158	1	no
6159	1	no
6160	1	no
6161	1	no
6162	1	no
6163	1	no
6164	1	no
6165	1	no
6166	1	no
6167	1	no
6168	1	no
6169	1	no
6170	1	no
6171	1	no
6172	1	no
6173	1	no
6174	1	no
6175	1	no
6176	1	no
6177	1	no
6178	1	no
6179	1	no
6180	1	no
6181	1	no
6182	1	no
6183	1	no
6184	1	no
6185	1	no
6186	1	no
6187	1	no
6188	1	no
6189	1	no
6190	1	no
6191	1	no
6192	1	no
6193	1	no
6194	1	no
6195	1	no
6196	1	no
6197	1	no
6198	1	no
6199	1	no
6200	1	no
6201	1	no
6202	1	no
6203	1	no
6204	1	no
6205	1	no
6206	1	no
6207	1	no
6208	1	no
6209	1	no
6210	1	no
6211	1	no
6212	1	no
6213	1	no
6214	1	no
6215	1	no
6216	1	no
6217	1	no
6218	1	no
6219	1	no
6220	1	no
6221	1	no
6222	1	no
6223	1	no
6224	1	no
6225	1	no
6226	1	no
6227	1	no
6228	1	no
6229	1	no
6230	1	no
6231	1	no
6232	1	no
6233	1	no
6234	1	no
6235	1	no
6236	1	no
6237	1	no
6238	1	no
6239	1	no
6240	1	no
6241	1	no
6242	1	no
6243	1	no
6244	1	no
6245	1	no
6246	1	no
6247	1	no
6248	1	no
6249	1	no
6250	1	no
6251	1	no
6252	1	no
6253	1	no
6254	1	no
6255	1	no
6256	1	no
6257	1	no
6258	1	no
6259	1	no
6260	1	no
6261	1	no
6262	1	no
6263	1	no
6264	1	no
6265	1	no
6266	1	no
6267	1	no
6268	1	no
6269	1	no
6270	1	no
6271	1	no
6272	1	no
6273	1	no
6274	1	no
6275	1	no
6276	1	no
6277	1	no
6278	1	no
6279	1	no
6280	1	no
6281	1	no
6282	1	no
6283	1	no
6284	1	no
6285	1	no
6286	1	no
6287	1	no
6288	1	no
6289	1	no
6290	1	no
6291	1	no
6292	1	no
6293	1	no
6294	1	no
6295	1	no
6296	1	no
6297	1	no
6298	1	no
6299	1	no
6300	1	no
6301	1	no
6302	1	no
6303	1	no
6304	1	no
6305	1	no
6306	1	no
6307	1	no
6308	1	no
6309	1	no
6310	1	no
6311	1	no
6312	1	no
6313	1	no
6314	1	no
6315	1	no
6316	1	no
6317	1	no
6318	1	no
6319	1	no
6320	1	no
6321	1	no
6322	1	no
6323	1	no
6324	1	no
6325	1	no
6326	1	no
6327	1	no
6328	1	no
6329	1	no
6330	1	no
6331	1	no
6332	1	no
6333	1	no
6334	1	no
6335	1	no
6336	1	no
6337	1	no
6338	1	no
6339	1	no
6340	1	no
6341	1	no
6342	1	no
6343	1	no
6344	1	no
6345	1	no
6346	1	no
6347	1	no
6348	1	no
6349	1	no
6350	1	no
6351	1	no
6352	1	no
6353	1	no
6354	1	no
6355	1	no
6356	1	no
6357	1	no
6358	1	no
6359	1	no
6360	1	no
6361	1	no
6362	1	no
6363	1	no
6364	1	no
6365	1	no
6366	1	no
6367	1	no
6368	1	no
6369	1	no
6370	1	no
6371	1	no
6372	1	no
6373	1	no
6374	1	no
6375	1	no
6376	1	no
6377	1	no
6378	1	no
6379	1	no
6380	1	no
6381	1	no
6382	1	no
6383	1	no
6384	1	no
6385	1	no
6386	1	no
6387	1	no
6388	1	no
6389	1	no
6390	1	no
6391	1	no
6392	1	no
6393	1	no
6394	1	no
6395	1	no
6396	1	no
6397	1	no
6398	1	no
6399	1	no
6400	1	no
6401	1	no
6402	1	no
6403	1	no
6404	1	no
6405	1	no
6406	1	no
6407	1	no
6408	1	no
6409	1	no
6410	1	no
6411	1	no
6412	1	no
6413	1	no
6414	1	no
6415	1	no
6416	1	no
6417	1	no
6418	1	no
6419	1	no
6420	1	no
6421	1	no
6422	1	no
6423	1	no
6424	1	no
6425	1	no
6426	1	no
6427	1	no
6428	1	no
6429	1	no
6430	1	no
6431	1	no
6432	1	no
6433	1	no
6434	1	no
6435	1	no
6436	1	no
6437	1	no
6438	1	no
6439	1	no
6440	1	no
6441	1	no
6442	1	no
6443	1	no
6444	1	no
6445	1	no
6446	1	no
6447	1	no
6448	1	no
6449	1	no
6450	1	no
6451	1	no
6452	1	no
6453	1	no
6454	1	no
6455	1	no
6456	1	no
6457	1	no
6458	1	no
6459	1	no
6460	1	no
6461	1	no
6462	1	no
6463	1	no
6464	1	no
6465	1	no
6466	1	no
6467	1	no
6468	1	no
6469	1	no
6470	1	no
6471	1	no
6472	1	no
6473	1	no
6474	1	no
6475	1	no
6476	1	no
6477	1	no
6478	1	no
6479	1	no
6480	1	no
6481	1	no
6482	1	no
6483	1	no
6484	1	no
6485	1	no
6486	1	no
6487	1	no
6488	1	no
6489	1	no
6490	1	no
6491	1	no
6492	1	no
6493	1	no
6494	1	no
6495	1	no
6496	1	no
6497	1	no
6498	1	no
6499	1	no
6500	1	no
6501	1	no
6502	1	no
6503	1	no
6504	1	no
6505	1	no
6506	1	no
6507	1	no
6508	1	no
6509	1	no
6510	1	no
6511	1	no
6512	1	no
6513	1	no
6514	1	no
6515	1	no
6516	1	no
6517	1	no
6518	1	no
6519	1	no
6520	1	no
6521	1	no
6522	1	no
6523	1	no
6524	1	no
6525	1	no
6526	1	no
6527	1	no
6528	1	no
6529	1	no
6530	1	no
6531	1	no
6532	1	no
6533	1	no
6534	1	no
6535	1	no
6536	1	no
6537	1	no
6538	1	no
6539	1	no
6540	1	no
6541	1	no
6542	1	no
6543	1	no
6544	1	no
6545	1	no
6546	1	no
6547	1	no
6548	1	no
6549	1	no
6550	1	no
6551	1	no
6552	1	no
6553	1	no
6554	1	no
6555	1	no
6556	1	no
6557	1	no
6558	1	no
6559	1	no
6560	1	no
6561	1	no
6562	1	no
6563	1	no
6564	1	no
6565	1	no
6566	1	no
6567	1	no
6568	1	no
6569	1	no
6570	1	no
6571	1	no
6572	1	no
6573	1	no
6574	1	no
6575	1	no
6576	1	no
6577	1	no
6578	1	no
6579	1	no
6580	1	no
6581	1	no
6582	1	no
6583	1	no
6584	1	no
6585	1	no
6586	1	no
6587	1	no
6588	1	no
6589	1	no
6590	1	no
6591	1	no
6592	1	no
6593	1	no
6594	1	no
6595	1	no
6596	1	no
6597	1	no
6598	1	no
6599	1	no
6600	1	no
6601	1	no
6602	1	no
6603	1	no
6604	1	no
6605	1	no
6606	1	no
6607	1	no
6608	1	no
6609	1	no
6610	1	no
6611	1	no
6612	1	no
6613	1	no
6614	1	no
6615	1	no
6616	1	no
6617	1	no
6618	1	no
6619	1	no
6620	1	no
6621	1	no
6622	1	no
6623	1	no
6624	1	no
6625	1	no
6626	1	no
6627	1	no
6628	1	no
6629	1	no
6630	1	no
6631	1	no
6632	1	no
6633	1	no
6634	1	no
6635	1	no
6636	1	no
6637	1	no
6638	1	no
6639	1	no
6640	1	no
6641	1	no
6642	1	no
6643	1	no
6644	1	no
6645	1	no
6646	1	no
6647	1	no
6648	1	no
6649	1	no
6650	1	no
6651	1	no
6652	1	no
6653	1	no
6654	1	no
6655	1	no
6656	1	no
6657	1	no
6658	1	no
6659	1	no
6660	1	no
6661	1	no
6662	1	no
6663	1	no
6664	1	no
6665	1	no
6666	1	no
6667	1	no
6668	1	no
6669	1	no
6670	1	no
6671	1	no
6672	1	no
6673	1	no
6674	1	no
6675	1	no
6676	1	no
6677	1	no
6678	1	no
6679	1	no
6680	1	no
6681	1	no
6682	1	no
6683	1	no
6684	1	no
6685	1	no
6686	1	no
6687	1	no
6688	1	no
6689	1	no
6690	1	no
6691	1	no
6692	1	no
6693	1	no
6694	1	no
6695	1	no
6696	1	no
6697	1	no
6698	1	no
6699	1	no
6700	1	no
6701	1	no
6702	1	no
6703	1	no
6704	1	no
6705	1	no
6706	1	no
6707	1	no
6708	1	no
6709	1	no
6710	1	no
6711	1	no
6712	1	no
6713	1	no
6714	1	no
6715	1	no
6716	1	no
6717	1	no
6718	1	no
6719	1	no
6720	1	no
6721	1	no
6722	1	no
6723	1	no
6724	1	no
6725	1	no
6726	1	no
6727	1	no
6728	1	no
6729	1	no
6730	1	no
6731	1	no
6732	1	no
6733	1	no
6734	1	no
6735	1	no
6736	1	no
6737	1	no
6738	1	no
6739	1	no
6740	1	no
6741	1	no
6742	1	no
6743	1	no
6744	1	no
6745	1	no
6746	1	no
6747	1	no
6748	1	no
6749	1	no
6750	1	no
6751	1	no
6752	1	no
6753	1	no
6754	1	no
6755	1	no
6756	1	no
6757	1	no
6758	1	no
6759	1	no
6760	1	no
6761	1	no
6762	1	no
6763	1	no
6764	1	no
6765	1	no
6766	1	no
6767	1	no
6768	1	no
6769	1	no
6770	1	no
6771	1	no
6772	1	no
6773	1	no
6774	1	no
6775	1	no
6776	1	no
6777	1	no
6778	1	no
6779	1	no
6780	1	no
6781	1	no
6782	1	no
6783	1	no
6784	1	no
6785	1	no
6786	1	no
6787	1	no
6788	1	no
6789	1	no
6790	1	no
6791	1	no
6792	1	no
6793	1	no
6794	1	no
6795	1	no
6796	1	no
6797	1	no
6798	1	no
6799	1	no
6800	1	no
6801	1	no
6802	1	no
6803	1	no
6804	1	no
6805	1	no
6806	1	no
6807	1	no
6808	1	no
6809	1	no
6810	1	no
6811	1	no
6812	1	no
6813	1	no
6814	1	no
6815	1	no
6816	1	no
6817	1	no
6818	1	no
6819	1	no
6820	1	no
6821	1	no
6822	1	no
6823	1	no
6824	1	no
6825	1	no
6826	1	no
6827	1	no
6828	1	no
6829	1	no
6830	1	no
6831	1	no
6832	1	no
6833	1	no
6834	1	no
6835	1	no
6836	1	no
6837	1	no
6838	1	no
6839	1	no
6840	1	no
6841	1	no
6842	1	no
6843	1	no
6844	1	no
6845	1	no
6846	1	no
6847	1	no
6848	1	no
6849	1	no
6850	1	no
6851	1	no
6852	1	no
6853	1	no
6854	1	no
6855	1	no
6856	1	no
6857	1	no
6858	1	no
6859	1	no
6860	1	no
6861	1	no
6862	1	no
6863	1	no
6864	1	no
6865	1	no
6866	1	no
6867	1	no
6868	1	no
6869	1	no
6870	1	no
6871	1	no
6872	1	no
6873	1	no
6874	1	no
6875	1	no
6876	1	no
6877	1	no
6878	1	no
6879	1	no
6880	1	no
6881	1	no
6882	1	no
6883	1	no
6884	1	no
6885	1	no
6886	1	no
6887	1	no
6888	1	no
6889	1	no
6890	1	no
6891	1	no
6892	1	no
6893	1	no
6894	1	no
6895	1	no
6896	1	no
6897	1	no
6898	1	no
6899	1	no
6900	1	no
6901	1	no
6902	1	no
6903	1	no
6904	1	no
6905	1	no
6906	1	no
6907	1	no
6908	1	no
6909	1	no
6910	1	no
6911	1	no
6912	1	no
6913	1	no
6914	1	no
6915	1	no
6916	1	no
6917	1	no
6918	1	no
6919	1	no
6920	1	no
6921	1	no
6922	1	no
6923	1	no
6924	1	no
6925	1	no
6926	1	no
6927	1	no
6928	1	no
6929	1	no
6930	1	no
6931	1	no
6932	1	no
6933	1	no
6934	1	no
6935	1	no
6936	1	no
6937	1	no
6938	1	no
6939	1	no
6940	1	no
6941	1	no
6942	1	no
6943	1	no
6944	1	no
6945	1	no
6946	1	no
6947	1	no
6948	1	no
6949	1	no
6950	1	no
6951	1	no
6952	1	no
6953	1	no
6954	1	no
6955	1	no
6956	1	no
6957	1	no
6958	1	no
6959	1	no
6960	1	no
6961	1	no
6962	1	no
6963	1	no
6964	1	no
6965	1	no
6966	1	no
6967	1	no
6968	1	no
6969	1	no
6970	1	no
6971	1	no
6972	1	no
6973	1	no
6974	1	no
6975	1	no
6976	1	no
6977	1	no
6978	1	no
6979	1	no
6980	1	no
6981	1	no
6982	1	no
6983	1	no
6984	1	no
6985	1	no
6986	1	no
6987	1	no
6988	1	no
6989	1	no
6990	1	no
6991	1	no
6992	1	no
6993	1	no
6994	1	no
6995	1	no
6996	1	no
6997	1	no
6998	1	no
6999	1	no
7000	1	no
7001	1	no
7002	1	no
7003	1	no
7004	1	no
7005	1	no
7006	1	no
7007	1	no
7008	1	no
7009	1	no
7010	1	no
7011	1	no
7012	1	no
7013	1	no
7014	1	no
7015	1	no
7016	1	no
7017	1	no
7018	1	no
7019	1	no
7020	1	no
7021	1	no
7022	1	no
7023	1	no
7024	1	no
7025	1	no
7026	1	no
7027	1	no
7028	1	no
7029	1	no
7030	1	no
7031	1	no
7032	1	no
7033	1	no
7034	1	no
7035	1	no
7036	1	no
7037	1	no
7038	1	no
7039	1	no
7040	1	no
7041	1	no
7042	1	no
7043	1	no
7044	1	no
7045	1	no
7046	1	no
7047	1	no
7048	1	no
7049	1	no
7050	1	no
7051	1	no
7052	1	no
7053	1	no
7054	1	no
7055	1	no
7056	1	no
7057	1	no
7058	1	no
7059	1	no
7060	1	no
7061	1	no
7062	1	no
7063	1	no
7064	1	no
7065	1	no
7066	1	no
7067	1	no
7068	1	no
7069	1	no
7070	1	no
7071	1	no
7072	1	no
7073	1	no
7074	1	no
7075	1	no
7076	1	no
7077	1	no
7078	1	no
7079	1	no
7080	1	no
7081	1	no
7082	1	no
7083	1	no
7084	1	no
7085	1	no
7086	1	no
7087	1	no
7088	1	no
7089	1	no
7090	1	no
7091	1	no
7092	1	no
7093	1	no
7094	1	no
7095	1	no
7096	1	no
7097	1	no
7098	1	no
7099	1	no
7100	1	no
7101	1	no
7102	1	no
7103	1	no
7104	1	no
7105	1	no
7106	1	no
7107	1	no
7108	1	no
7109	1	no
7110	1	no
7111	1	no
7112	1	no
7113	1	no
7114	1	no
7115	1	no
7116	1	no
7117	1	no
7118	1	no
7119	1	no
7120	1	no
7121	1	no
7122	1	no
7123	1	no
7124	1	no
7125	1	no
7126	1	no
7127	1	no
7128	1	no
7129	1	no
7130	1	no
7131	1	no
7132	1	no
7133	1	no
7134	1	no
7135	1	no
7136	1	no
7137	1	no
7138	1	no
7139	1	no
7140	1	no
7141	1	no
7142	1	no
7143	1	no
7144	1	no
7145	1	no
7146	1	no
7147	1	no
7148	1	no
7149	1	no
7150	1	no
7151	1	no
7152	1	no
7153	1	no
7154	1	no
7155	1	no
7156	1	no
7157	1	no
7158	1	no
7159	1	no
7160	1	no
7161	1	no
7162	1	no
7163	1	no
7164	1	no
7165	1	no
7166	1	no
7167	1	no
7168	1	no
7169	1	no
7170	1	no
7171	1	no
7172	1	no
7173	1	no
7174	1	no
7175	1	no
7176	1	no
7177	1	no
7178	1	no
7179	1	no
7180	1	no
7181	1	no
7182	1	no
7183	1	no
7184	1	no
7185	1	no
7186	1	no
7187	1	no
7188	1	no
7189	1	no
7190	1	no
7191	1	no
7192	1	no
7193	1	no
7194	1	no
7195	1	no
7196	1	no
7197	1	no
7198	1	no
7199	1	no
7200	1	no
7201	1	no
7202	1	no
7203	1	no
7204	1	no
7205	1	no
7206	1	no
7207	1	no
7208	1	no
7209	1	no
7210	1	no
7211	1	no
7212	1	no
7213	1	no
7214	1	no
7215	1	no
7216	1	no
7217	1	no
7218	1	no
7219	1	no
7220	1	no
7221	1	no
7222	1	no
7223	1	no
7224	1	no
7225	1	no
7226	1	no
7227	1	no
7228	1	no
7229	1	no
7230	1	no
7231	1	no
7232	1	no
7233	1	no
7234	1	no
7235	1	no
7236	1	no
7237	1	no
7238	1	no
7239	1	no
7240	1	no
7241	1	no
7242	1	no
7243	1	no
7244	1	no
7245	1	no
7246	1	no
7247	1	no
7248	1	no
7249	1	no
7250	1	no
7251	1	no
7252	1	no
7253	1	no
7254	1	no
7255	1	no
7256	1	no
7257	1	no
7258	1	no
7259	1	no
7260	1	no
7261	1	no
7262	1	no
7263	1	no
7264	1	no
7265	1	no
7266	1	no
7267	1	no
7268	1	no
7269	1	no
7270	1	no
7271	1	no
7272	1	no
7273	1	no
7274	1	no
7275	1	no
7276	1	no
7277	1	no
7278	1	no
7279	1	no
7280	1	no
7281	1	no
7282	1	no
7283	1	no
7284	1	no
7285	1	no
7286	1	no
7287	1	no
7288	1	no
7289	1	no
7290	1	no
7291	1	no
7292	1	no
7293	1	no
7294	1	no
7295	1	no
7296	1	no
7297	1	no
7298	1	no
7299	1	no
7300	1	no
7301	1	no
7302	1	no
7303	1	no
7304	1	no
7305	1	no
7306	1	no
7307	1	no
7308	1	no
7309	1	no
7310	1	no
7311	1	no
7312	1	no
7313	1	no
7314	1	no
7315	1	no
7316	1	no
7317	1	no
7318	1	no
7319	1	no
7320	1	no
7321	1	no
7322	1	no
7323	1	no
7324	1	no
7325	1	no
7326	1	no
7327	1	no
7328	1	no
7329	1	no
7330	1	no
7331	1	no
7332	1	no
7333	1	no
7334	1	no
7335	1	no
7336	1	no
7337	1	no
7338	1	no
7339	1	no
7340	1	no
7341	1	no
7342	1	no
7343	1	no
7344	1	no
7345	1	no
7346	1	no
7347	1	no
7348	1	no
7349	1	no
7350	1	no
7351	1	no
7352	1	no
7353	1	no
7354	1	no
7355	1	no
7356	1	no
7357	1	no
7358	1	no
7359	1	no
7360	1	no
7361	1	no
7362	1	no
7363	1	no
7364	1	no
7365	1	no
7366	1	no
7367	1	no
7368	1	no
7369	1	no
7370	1	no
7371	1	no
7372	1	no
7373	1	no
7374	1	no
7375	1	no
7376	1	no
7377	1	no
7378	1	no
7379	1	no
7380	1	no
7381	1	no
7382	1	no
7383	1	no
7384	1	no
7385	1	no
7386	1	no
7387	1	no
7388	1	no
7389	1	no
7390	1	no
7391	1	no
7392	1	no
7393	1	no
7394	1	no
7395	1	no
7396	1	no
7397	1	no
7398	1	no
7399	1	no
7400	1	no
7401	1	no
7402	1	no
7403	1	no
7404	1	no
7405	1	no
7406	1	no
7407	1	no
7408	1	no
7409	1	no
7410	1	no
7411	1	no
7412	1	no
7413	1	no
7414	1	no
7415	1	no
7416	1	no
7417	1	no
7418	1	no
7419	1	no
7420	1	no
7421	1	no
7422	1	no
7423	1	no
7424	1	no
7425	1	no
7426	1	no
7427	1	no
7428	1	no
7429	1	no
7430	1	no
7431	1	no
7432	1	no
7433	1	no
7434	1	no
7435	1	no
7436	1	no
7437	1	no
7438	1	no
7439	1	no
7440	1	no
7441	1	no
7442	1	no
7443	1	no
7444	1	no
7445	1	no
7446	1	no
7447	1	no
7448	1	no
7449	1	no
7450	1	no
7451	1	no
7452	1	no
7453	1	no
7454	1	no
7455	1	no
7456	1	no
7457	1	no
7458	1	no
7459	1	no
7460	1	no
7461	1	no
7462	1	no
7463	1	no
7464	1	no
7465	1	no
7466	1	no
7467	1	no
7468	1	no
7469	1	no
7470	1	no
7471	1	no
7472	1	no
7473	1	no
7474	1	no
7475	1	no
7476	1	no
7477	1	no
7478	1	no
7479	1	no
7480	1	no
7481	1	no
7482	1	no
7483	1	no
7484	1	no
7485	1	no
7486	1	no
7487	1	no
7488	1	no
7489	1	no
7490	1	no
7491	1	no
7492	1	no
7493	1	no
7494	1	no
7495	1	no
7496	1	no
7497	1	no
7498	1	no
7499	1	no
7500	1	no
7501	1	no
7502	1	no
7503	1	no
7504	1	no
7505	1	no
7506	1	no
7507	1	no
7508	1	no
7509	1	no
7510	1	no
7511	1	no
7512	1	no
7513	1	no
7514	1	no
7515	1	no
7516	1	no
7517	1	no
7518	1	no
7519	1	no
7520	1	no
7521	1	no
7522	1	no
7523	1	no
7524	1	no
7525	1	no
7526	1	no
7527	1	no
7528	1	no
7529	1	no
7530	1	no
7531	1	no
7532	1	no
7533	1	no
7534	1	no
7535	1	no
7536	1	no
7537	1	no
7538	1	no
7539	1	no
7540	1	no
7541	1	no
7542	1	no
7543	1	no
7544	1	no
7545	1	no
7546	1	no
7547	1	no
7548	1	no
7549	1	no
7550	1	no
7551	1	no
7552	1	no
7553	1	no
7554	1	no
7555	1	no
7556	1	no
7557	1	no
7558	1	no
7559	1	no
7560	1	no
7561	1	no
7562	1	no
7563	1	no
7564	1	no
7565	1	no
7566	1	no
7567	1	no
7568	1	no
7569	1	no
7570	1	no
7571	1	no
7572	1	no
7573	1	no
7574	1	no
7575	1	no
7576	1	no
7577	1	no
7578	1	no
7579	1	no
7580	1	no
7581	1	no
7582	1	no
7583	1	no
7584	1	no
7585	1	no
7586	1	no
7587	1	no
7588	1	no
7589	1	no
7590	1	no
7591	1	no
7592	1	no
7593	1	no
7594	1	no
7595	1	no
7596	1	no
7597	1	no
7598	1	no
7599	1	no
7600	1	no
7601	1	no
7602	1	no
7603	1	no
7604	1	no
7605	1	no
7606	1	no
7607	1	no
7608	1	no
7609	1	no
7610	1	no
7611	1	no
7612	1	no
7613	1	no
7614	1	no
7615	1	no
7616	1	no
7617	1	no
7618	1	no
7619	1	no
7620	1	no
7621	1	no
7622	1	no
7623	1	no
7624	1	no
7625	1	no
7626	1	no
7627	1	no
7628	1	no
7629	1	no
7630	1	no
7631	1	no
7632	1	no
7633	1	no
7634	1	no
7635	1	no
7636	1	no
7637	1	no
7638	1	no
7639	1	no
7640	1	no
7641	1	no
7642	1	no
7643	1	no
7644	1	no
7645	1	no
7646	1	no
7647	1	no
7648	1	no
7649	1	no
7650	1	no
7651	1	no
7652	1	no
7653	1	no
7654	1	no
7655	1	no
7656	1	no
7657	1	no
7658	1	no
7659	1	no
7660	1	no
7661	1	no
7662	1	no
7663	1	no
7664	1	no
7665	1	no
7666	1	no
7667	1	no
7668	1	no
7669	1	no
7670	1	no
7671	1	no
7672	1	no
7673	1	no
7674	1	no
7675	1	no
7676	1	no
7677	1	no
7678	1	no
7679	1	no
7680	1	no
7681	1	no
7682	1	no
7683	1	no
7684	1	no
7685	1	no
7686	1	no
7687	1	no
7688	1	no
7689	1	no
7690	1	no
7691	1	no
7692	1	no
7693	1	no
7694	1	no
7695	1	no
7696	1	no
7697	1	no
7698	1	no
7699	1	no
7700	1	no
7701	1	no
7702	1	no
7703	1	no
7704	1	no
7705	1	no
7706	1	no
7707	1	no
7708	1	no
7709	1	no
7710	1	no
7711	1	no
7712	1	no
7713	1	no
7714	1	no
7715	1	no
7716	1	no
7717	1	no
7718	1	no
7719	1	no
7720	1	no
7721	1	no
7722	1	no
7723	1	no
7724	1	no
7725	1	no
7726	1	no
7727	1	no
7728	1	no
7729	1	no
7730	1	no
7731	1	no
7732	1	no
7733	1	no
7734	1	no
7735	1	no
7736	1	no
7737	1	no
7738	1	no
7739	1	no
7740	1	no
7741	1	no
7742	1	no
7743	1	no
7744	1	no
7745	1	no
7746	1	no
7747	1	no
7748	1	no
7749	1	no
7750	1	no
7751	1	no
7752	1	no
7753	1	no
7754	1	no
7755	1	no
7756	1	no
7757	1	no
7758	1	no
7759	1	no
7760	1	no
7761	1	no
7762	1	no
7763	1	no
7764	1	no
7765	1	no
7766	1	no
7767	1	no
7768	1	no
7769	1	no
7770	1	no
7771	1	no
7772	1	no
7773	1	no
7774	1	no
7775	1	no
7776	1	no
7777	1	no
7778	1	no
7779	1	no
7780	1	no
7781	1	no
7782	1	no
7783	1	no
7784	1	no
7785	1	no
7786	1	no
7787	1	no
7788	1	no
7789	1	no
7790	1	no
7791	1	no
7792	1	no
7793	1	no
7794	1	no
7795	1	no
7796	1	no
7797	1	no
7798	1	no
7799	1	no
7800	1	no
7801	1	no
7802	1	no
7803	1	no
7804	1	no
7805	1	no
7806	1	no
7807	1	no
7808	1	no
7809	1	no
7810	1	no
7811	1	no
7812	1	no
7813	1	no
7814	1	no
7815	1	no
7816	1	no
7817	1	no
7818	1	no
7819	1	no
7820	1	no
7821	1	no
7822	1	no
7823	1	no
7824	1	no
7825	1	no
7826	1	no
7827	1	no
7828	1	no
7829	1	no
7830	1	no
7831	1	no
7832	1	no
7833	1	no
7834	1	no
7835	1	no
7836	1	no
7837	1	no
7838	1	no
7839	1	no
7840	1	no
7841	1	no
7842	1	no
7843	1	no
7844	1	no
7845	1	no
7846	1	no
7847	1	no
7848	1	no
7849	1	no
7850	1	no
7851	1	no
7852	1	no
7853	1	no
7854	1	no
7855	1	no
7856	1	no
7857	1	no
7858	1	no
7859	1	no
7860	1	no
7861	1	no
7862	1	no
7863	1	no
7864	1	no
7865	1	no
7866	1	no
7867	1	no
7868	1	no
7869	1	no
7870	1	no
7871	1	no
7872	1	no
7873	1	no
7874	1	no
7875	1	no
7876	1	no
7877	1	no
7878	1	no
7879	1	no
7880	1	no
7881	1	no
7882	1	no
7883	1	no
7884	1	no
7885	1	no
7886	1	no
7887	1	no
7888	1	no
7889	1	no
7890	1	no
7891	1	no
7892	1	no
7893	1	no
7894	1	no
7895	1	no
7896	1	no
7897	1	no
7898	1	no
7899	1	no
7900	1	no
7901	1	no
7902	1	no
7903	1	no
7904	1	no
7905	1	no
7906	1	no
7907	1	no
7908	1	no
7909	1	no
7910	1	no
7911	1	no
7912	1	no
7913	1	no
7914	1	no
7915	1	no
7916	1	no
7917	1	no
7918	1	no
7919	1	no
7920	1	no
7921	1	no
7922	1	no
7923	1	no
7924	1	no
7925	1	no
7926	1	no
7927	1	no
7928	1	no
7929	1	no
7930	1	no
7931	1	no
7932	1	no
7933	1	no
7934	1	no
7935	1	no
7936	1	no
7937	1	no
7938	1	no
7939	1	no
7940	1	no
7941	1	no
7942	1	no
7943	1	no
7944	1	no
7945	1	no
7946	1	no
7947	1	no
7948	1	no
7949	1	no
7950	1	no
7951	1	no
7952	1	no
7953	1	no
7954	1	no
7955	1	no
7956	1	no
7957	1	no
7958	1	no
7959	1	no
7960	1	no
7961	1	no
7962	1	no
7963	1	no
7964	1	no
7965	1	no
7966	1	no
7967	1	no
7968	1	no
7969	1	no
7970	1	no
7971	1	no
7972	1	no
7973	1	no
7974	1	no
7975	1	no
7976	1	no
7977	1	no
7978	1	no
7979	1	no
7980	1	no
7981	1	no
7982	1	no
7983	1	no
7984	1	no
7985	1	no
7986	1	no
7987	1	no
7988	1	no
7989	1	no
7990	1	no
7991	1	no
7992	1	no
7993	1	no
7994	1	no
7995	1	no
7996	1	no
7997	1	no
7998	1	no
7999	1	no
8000	1	no
8001	1	no
8002	1	no
8003	1	no
8004	1	no
8005	1	no
8006	1	no
8007	1	no
8008	1	no
8009	1	no
8010	1	no
8011	1	no
8012	1	no
8013	1	no
8014	1	no
8015	1	no
8016	1	no
8017	1	no
8018	1	no
8019	1	no
8020	1	no
8021	1	no
8022	1	no
8023	1	no
8024	1	no
8025	1	no
8026	1	no
8027	1	no
8028	1	no
8029	1	no
8030	1	no
8031	1	no
8032	1	no
8033	1	no
8034	1	no
8035	1	no
8036	1	no
8037	1	no
8038	1	no
8039	1	no
8040	1	no
8041	1	no
8042	1	no
8043	1	no
8044	1	no
8045	1	no
8046	1	no
8047	1	no
8048	1	no
8049	1	no
8050	1	no
8051	1	no
8052	1	no
8053	1	no
8054	1	no
8055	1	no
8056	1	no
8057	1	no
8058	1	no
8059	1	no
8060	1	no
8061	1	no
8062	1	no
8063	1	no
8064	1	no
8065	1	no
8066	1	no
8067	1	no
8068	1	no
8069	1	no
8070	1	no
8071	1	no
8072	1	no
8073	1	no
8074	1	no
8075	1	no
8076	1	no
8077	1	no
8078	1	no
8079	1	no
8080	1	no
8081	1	no
8082	1	no
8083	1	no
8084	1	no
8085	1	no
8086	1	no
8087	1	no
8088	1	no
8089	1	no
8090	1	no
8091	1	no
8092	1	no
8093	1	no
8094	1	no
8095	1	no
8096	1	no
8097	1	no
8098	1	no
8099	1	no
8100	1	no
8101	1	no
8102	1	no
8103	1	no
8104	1	no
8105	1	no
8106	1	no
8107	1	no
8108	1	no
8109	1	no
8110	1	no
8111	1	no
8112	1	no
8113	1	no
8114	1	no
8115	1	no
8116	1	no
8117	1	no
8118	1	no
8119	1	no
8120	1	no
8121	1	no
8122	1	no
8123	1	no
8124	1	no
8125	1	no
8126	1	no
8127	1	no
8128	1	no
8129	1	no
8130	1	no
8131	1	no
8132	1	no
8133	1	no
8134	1	no
8135	1	no
8136	1	no
8137	1	no
8138	1	no
8139	1	no
8140	1	no
8141	1	no
8142	1	no
8143	1	no
8144	1	no
8145	1	no
8146	1	no
8147	1	no
8148	1	no
8149	1	no
8150	1	no
8151	1	no
8152	1	no
8153	1	no
8154	1	no
8155	1	no
8156	1	no
8157	1	no
8158	1	no
8159	1	no
8160	1	no
8161	1	no
8162	1	no
8163	1	no
8164	1	no
8165	1	no
8166	1	no
8167	1	no
8168	1	no
8169	1	no
8170	1	no
8171	1	no
8172	1	no
8173	1	no
8174	1	no
8175	1	no
8176	1	no
8177	1	no
8178	1	no
8179	1	no
8180	1	no
8181	1	no
8182	1	no
8183	1	no
8184	1	no
8185	1	no
8186	1	no
8187	1	no
8188	1	no
8189	1	no
8190	1	no
8191	1	no
8192	1	no
8193	1	no
8194	1	no
8195	1	no
8196	1	no
8197	1	no
8198	1	no
8199	1	no
8200	1	no
8201	1	no
8202	1	no
8203	1	no
8204	1	no
8205	1	no
8206	1	no
8207	1	no
8208	1	no
8209	1	no
8210	1	no
8211	1	no
8212	1	no
8213	1	no
8214	1	no
8215	1	no
8216	1	no
8217	1	no
8218	1	no
8219	1	no
8220	1	no
8221	1	no
8222	1	no
8223	1	no
8224	1	no
8225	1	no
8226	1	no
8227	1	no
8228	1	no
8229	1	no
8230	1	no
8231	1	no
8232	1	no
8233	1	no
8234	1	no
8235	1	no
8236	1	no
8237	1	no
8238	1	no
8239	1	no
8240	1	no
8241	1	no
8242	1	no
8243	1	no
8244	1	no
8245	1	no
8246	1	no
8247	1	no
8248	1	no
8249	1	no
8250	1	no
8251	1	no
8252	1	no
8253	1	no
8254	1	no
8255	1	no
8256	1	no
8257	1	no
8258	1	no
8259	1	no
8260	1	no
8261	1	no
8262	1	no
8263	1	no
8264	1	no
8265	1	no
8266	1	no
8267	1	no
8268	1	no
8269	1	no
8270	1	no
8271	1	no
8272	1	no
8273	1	no
8274	1	no
8275	1	no
8276	1	no
8277	1	no
8278	1	no
8279	1	no
8280	1	no
8281	1	no
8282	1	no
8283	1	no
8284	1	no
8285	1	no
8286	1	no
8287	1	no
8288	1	no
8289	1	no
8290	1	no
8291	1	no
8292	1	no
8293	1	no
8294	1	no
8295	1	no
8296	1	no
8297	1	no
8298	1	no
8299	1	no
8300	1	no
8301	0	no
8302	1	no
8303	0	no
8304	1	no
8305	1	no
8306	0	no
8307	0	no
8308	0	no
8309	0	no
8310	1	no
8311	1	no
8312	0	no
8313	1	no
8314	1	no
8315	2	no
8316	0	no
8317	0	no
8318	1	no
8319	1	no
8320	1	no
8321	1	no
8322	1	no
8323	1	no
8324	3	no
8325	0	no
8326	1	no
8327	0	no
8328	0	no
8329	0	no
8330	1	no
8331	1	no
8332	0	no
8333	1	no
8334	0	no
8335	0	no
8336	0	no
8337	1	no
8338	0	no
8339	1	no
8340	1	no
8341	0	no
8342	0	no
8343	1	no
8344	0	no
8345	1	no
8346	1	no
8347	3	no
8348	0	no
8349	0	no
8350	1	no
8351	1	no
8352	0	no
8353	1	no
8354	1	no
8355	0	no
8356	3	no
8357	0	no
8358	0	no
8359	0	no
8360	1	no
8361	1	no
8362	0	no
8363	1	no
8364	0	no
8365	1	no
8366	1	no
8367	1	no
8368	0	no
8369	0	no
8370	1	no
8371	1	no
8372	0	no
8373	0	no
8374	0	no
8375	1	no
8376	0	no
8377	0	no
8378	2	no
8379	0	no
8380	0	no
8381	0	no
8382	1	no
8383	1	no
8384	1	no
8385	1	no
8386	0	no
8387	1	no
8388	0	no
8389	0	no
8390	0	no
8391	1	no
8392	1	no
8393	0	no
8394	0	no
8395	0	no
8396	0	no
8397	0	no
8398	1	no
8399	1	no
8400	1	no
8401	1	no
8402	0	no
8403	0	no
8404	1	no
8405	1	no
8406	0	no
8407	0	no
8408	0	no
8409	1	no
8410	0	no
8411	1	no
8412	1	no
8413	0	no
8414	1	no
8415	1	no
8416	0	no
8417	0	no
8418	0	no
8419	1	no
8420	0	no
8421	1	no
8422	0	no
8423	1	no
8424	1	no
8425	1	no
8426	0	no
8427	0	no
8428	0	no
8429	1	no
8430	1	no
8431	0	no
8432	1	no
8433	0	no
8434	1	no
8435	3	no
8436	0	no
8437	0	no
8438	1	no
8439	0	no
8440	0	no
8441	0	no
8442	0	no
8443	0	no
8444	1	no
8445	1	no
8446	1	no
8447	0	no
8448	0	no
8449	1	no
8450	1	no
8451	0	no
8452	1	no
8453	0	no
8454	1	no
8455	0	no
8456	0	no
8457	0	no
8458	1	no
8459	0	no
8460	1	no
8461	1	no
8462	1	no
8463	0	no
8464	0	no
8465	1	no
8466	1	no
8467	3	no
8468	1	no
8469	1	no
8470	0	no
8471	1	no
8472	1	no
8473	0	no
8474	1	no
8475	0	no
8476	0	no
8477	1	no
8478	1	no
8479	1	no
8480	1	no
8481	3	no
8482	1	no
8483	0	no
8484	1	no
8485	0	no
8486	0	no
8487	0	no
8488	1	no
8489	1	no
8490	1	no
8491	1	no
8492	2	no
8493	0	no
8494	1	no
8495	0	no
8496	0	no
8497	1	no
8498	1	no
8499	1	no
8500	1	no
8501	0	no
8502	2	no
8503	1	no
8504	1	no
8505	1	no
8506	1	no
8507	0	no
8508	0	no
8509	0	no
8510	0	no
8511	1	no
8512	3	no
8513	0	no
8514	1	no
8515	0	no
8516	1	no
8517	0	no
8518	0	no
8519	1	no
8520	1	no
8521	0	no
8522	0	no
8523	1	no
8524	3	no
8525	0	no
8526	0	no
8527	0	no
8528	1	no
8529	0	no
8530	1	no
8531	0	no
8532	0	no
8533	0	no
8534	1	no
8535	0	no
8536	3	no
8537	0	no
8538	0	no
8539	0	no
8540	3	no
8541	3	no
8542	1	no
8543	0	no
8544	0	no
8545	0	no
8546	1	no
8547	0	no
8548	1	no
8549	1	no
8550	1	no
8551	0	no
8552	0	no
8553	1	no
8554	0	no
8555	0	no
8556	1	no
8557	1	no
8558	3	no
8559	1	no
8560	1	no
8561	1	no
8562	0	no
8563	0	no
8564	0	no
8565	0	no
8566	0	no
8567	0	no
8568	1	no
8569	1	no
8570	3	no
8571	1	no
8572	0	no
8573	0	no
8574	1	no
8575	1	no
8576	0	no
8577	1	no
8578	1	no
8579	1	no
8580	1	no
8581	0	no
8582	1	no
8583	1	no
8584	1	no
8585	1	no
8586	0	no
8587	1	no
8588	1	no
8589	0	no
8590	1	no
8591	1	no
8592	0	no
8593	1	no
8594	0	no
8595	1	no
8596	1	no
8597	0	no
8598	0	no
8599	0	no
8600	1	no
8601	0	no
8602	0	no
8603	0	no
8604	0	no
8605	0	no
8606	0	no
8607	1	no
8608	1	no
8609	0	no
8610	3	no
8611	1	no
8612	2	no
8613	0	no
8614	0	no
8615	0	no
8616	1	no
8617	1	no
8618	1	no
8619	1	no
8620	1	no
8621	1	no
8622	0	no
8623	1	no
8624	0	no
8625	1	no
8626	1	no
8627	1	no
8628	0	no
8629	0	no
8630	0	no
8631	0	no
8632	1	no
8633	1	no
8634	1	no
8635	1	no
8636	0	no
8637	0	no
8638	1	no
8639	1	no
8640	1	no
8641	1	no
8642	1	no
8643	1	no
8644	0	no
8645	0	no
8646	1	no
8647	0	no
8648	1	no
8649	3	no
8650	0	no
8651	0	no
8652	0	no
8653	1	no
8654	1	no
8655	0	no
8656	0	no
8657	1	no
8658	1	no
8659	0	no
8660	0	no
8661	1	no
8662	1	no
8663	1	no
8664	0	no
8665	1	no
8666	0	no
8667	0	no
8668	1	no
8669	0	no
8670	1	no
8671	1	no
8672	0	no
8673	1	no
8674	1	no
8675	0	no
8676	1	no
8677	1	no
8678	1	no
8679	2	no
8680	1	no
8681	1	no
8682	0	no
8683	0	no
8684	1	no
8685	3	no
8686	1	no
8687	0	no
8688	1	no
8689	1	no
8690	1	no
8691	0	no
8692	1	no
8693	0	no
8694	3	no
8695	1	no
8696	1	no
8697	0	no
8698	0	no
8699	0	no
8700	0	no
8701	0	no
8702	1	no
8703	1	no
8704	0	no
8705	0	no
8706	1	no
8707	1	no
8708	0	no
8709	1	no
8710	1	no
8711	0	no
8712	1	no
8713	1	no
8714	0	no
8715	1	no
8716	0	no
8717	0	no
8718	0	no
8719	1	no
8720	1	no
8721	1	no
8722	1	no
8723	0	no
8724	0	no
8725	1	no
8726	1	no
8727	0	no
8728	0	no
8729	1	no
8730	0	no
8731	1	no
8732	0	no
8733	2	no
8734	0	no
8735	0	no
8736	0	no
8737	0	no
8738	1	no
8739	0	no
8740	1	no
8741	1	no
8742	1	no
8743	1	no
8744	1	no
8745	0	no
8746	0	no
8747	1	no
8748	0	no
8749	1	no
8750	0	no
8751	0	no
8752	1	no
8753	1	no
8754	0	no
8755	1	no
8756	0	no
8757	0	no
8758	1	no
8759	0	no
8760	1	no
8761	1	no
8762	0	no
8763	0	no
8764	1	no
8765	0	no
8766	0	no
8767	0	no
8768	0	no
8769	1	no
8770	1	no
8771	0	no
8772	1	no
8773	1	no
8774	1	no
8775	0	no
8776	0	no
8777	0	no
8778	2	no
8779	2	no
8780	0	no
8781	1	no
8782	1	no
8783	0	no
8784	1	no
8785	1	no
8786	0	no
8787	1	no
8788	0	no
8789	1	no
8790	1	no
8791	1	no
8792	0	no
8793	1	no
8794	0	no
8795	0	no
8796	0	no
8797	1	no
8798	3	no
8799	1	no
8800	0	no
8801	1	no
8802	1	no
8803	3	no
8804	0	no
8805	1	no
8806	0	no
8807	0	no
8808	0	no
8809	0	no
8810	0	no
8811	1	no
8812	0	no
8813	3	no
8814	0	no
8815	1	no
8816	0	no
8817	1	no
8818	1	no
8819	1	no
8820	0	no
8821	0	no
8822	0	no
8823	1	no
8824	1	no
8825	1	no
8826	1	no
8827	1	no
8828	0	no
8829	1	no
8830	0	no
8831	0	no
8832	2	no
8833	1	no
8834	3	no
8835	1	no
8836	0	no
8837	0	no
8838	0	no
8839	0	no
8840	0	no
8841	1	no
8842	0	no
8843	0	no
8844	0	no
8845	1	no
8846	0	no
8847	0	no
8848	1	no
8849	0	no
8850	0	no
8851	0	no
8852	0	no
8853	0	no
8854	1	no
8855	0	no
8856	3	no
8857	1	no
8858	0	no
8859	1	no
8860	1	no
8861	0	no
8862	0	no
8863	1	no
8864	0	no
8865	1	no
8866	0	no
8867	1	no
8868	1	no
8869	0	no
8870	0	no
8871	1	no
8872	0	no
8873	1	no
8874	1	no
8875	0	no
8876	0	no
8877	1	no
8878	0	no
8879	1	no
8880	1	no
8881	1	no
8882	0	no
8883	0	no
8884	1	no
8885	1	no
8886	0	no
8887	0	no
8888	1	no
8889	1	no
8890	1	no
8891	1	no
8892	2	no
8893	0	no
8894	1	no
8895	1	no
8896	1	no
8897	0	no
8898	1	no
8899	0	no
8900	0	no
8901	0	no
8902	0	no
8903	0	no
8904	0	no
8905	1	no
8906	0	no
8907	0	no
8908	1	no
8909	1	no
8910	0	no
8911	2	no
8912	1	no
8913	0	no
8914	1	no
8915	0	no
8916	0	no
8917	1	no
8918	1	no
8919	1	no
8920	1	no
8921	1	no
8922	2	no
8923	1	no
8924	1	no
8925	0	no
8926	0	no
8927	0	no
8928	1	no
8929	1	no
8930	1	no
8931	2	no
8932	0	no
8933	1	no
8934	1	no
8935	0	no
8936	1	no
8937	0	no
8938	1	no
8939	1	no
8940	0	no
8941	0	no
8942	0	no
8943	1	no
8944	1	no
8945	2	no
8946	1	no
8947	1	no
8948	1	no
8949	1	no
8950	1	no
8951	0	no
8952	1	no
8953	0	no
8954	0	no
8955	0	no
8956	0	no
8957	0	no
8958	0	no
8959	1	no
8960	0	no
8961	0	no
8962	0	no
8963	1	no
8964	0	no
8965	1	no
8966	0	no
8967	1	no
8968	1	no
8969	1	no
8970	1	no
8971	1	no
8972	1	no
8973	1	no
8974	1	no
8975	1	no
8976	0	no
8977	0	no
8978	1	no
8979	3	no
8980	1	no
8981	1	no
8982	1	no
8983	0	no
8984	1	no
8985	0	no
8986	1	no
8987	1	no
8988	0	no
8989	1	no
8990	0	no
8991	2	no
8992	1	no
8993	0	no
8994	0	no
8995	3	no
8996	1	no
8997	0	no
8998	1	no
8999	0	no
9000	1	no
9001	0	no
9002	3	no
9003	1	no
9004	1	no
9005	1	no
9006	1	no
9007	1	no
9008	1	no
9009	1	no
9010	1	no
9011	1	no
9012	0	no
9013	0	no
9014	1	no
9015	0	no
9016	1	no
9017	1	no
9018	1	no
9019	0	no
9020	1	no
9021	1	no
9022	1	no
9023	0	no
9024	1	no
9025	1	no
9026	0	no
9027	1	no
9028	0	no
9029	1	no
9030	1	no
9031	3	no
9032	1	no
9033	1	no
9034	0	no
9035	1	no
9036	1	no
9037	1	no
9038	1	no
9039	1	no
9040	1	no
9041	0	no
9042	0	no
9043	0	no
9044	0	no
9045	0	no
9046	0	no
9047	1	no
9048	0	no
9049	0	no
9050	1	no
9051	1	no
9052	0	no
9053	0	no
9054	1	no
9055	0	no
9056	1	no
9057	0	no
9058	1	no
9059	1	no
9060	1	no
9061	0	no
9062	0	no
9063	0	no
9064	0	no
9065	0	no
9066	0	no
9067	0	no
9068	0	no
9069	0	no
9070	0	no
9071	0	no
9072	0	no
9073	0	no
9074	0	no
9075	1	no
9076	0	no
9077	1	no
9078	0	no
9079	0	no
9080	1	no
9081	0	no
9082	1	no
9083	1	no
9084	0	no
9085	1	no
9086	0	no
9087	1	no
9088	0	no
9089	0	no
9090	1	no
9091	0	no
9092	1	no
9093	3	no
9094	0	no
9095	0	no
9096	0	no
9097	0	no
9098	0	no
9099	0	no
9100	0	no
9101	0	no
9102	1	no
9103	0	no
9104	1	no
9105	0	no
9106	0	no
9107	1	no
9108	1	no
9109	0	no
9110	1	no
9111	1	no
9112	0	no
9113	1	no
9114	0	no
9115	1	no
9116	1	no
9117	1	no
9118	1	no
9119	0	no
9120	0	no
9121	0	no
9122	0	no
9123	1	no
9124	0	no
9125	0	no
9126	3	no
9127	1	no
9128	1	no
9129	0	no
9130	1	no
9131	0	no
9132	0	no
9133	0	no
9134	0	no
9135	0	no
9136	0	no
9137	0	no
9138	1	no
9139	1	no
9140	1	no
9141	2	no
9142	1	no
9143	0	no
9144	1	no
9145	0	no
9146	1	no
9147	0	no
9148	0	no
9149	0	no
9150	0	no
9151	0	no
9152	1	no
9153	1	no
9154	2	no
9155	0	no
9156	0	no
9157	0	no
9158	0	no
9159	1	no
9160	3	no
9161	1	no
9162	1	no
9163	1	no
9164	1	no
9165	0	no
9166	0	no
9167	1	no
9168	1	no
9169	0	no
9170	1	no
9171	0	no
9172	1	no
9173	1	no
9174	2	no
9175	1	no
9176	0	no
9177	1	no
9178	0	no
9179	0	no
9180	1	no
9181	1	no
9182	1	no
9183	1	no
9184	1	no
9185	1	no
9186	1	no
9187	1	no
9188	1	no
9189	1	no
9190	1	no
9191	0	no
9192	1	no
9193	0	no
9194	0	no
9195	0	no
9196	1	no
9197	0	no
9198	0	no
9199	0	no
9200	0	no
9201	1	no
9202	1	no
9203	0	no
9204	1	no
9205	1	no
9206	1	no
9207	1	no
9208	0	no
9209	1	no
9210	1	no
9211	1	no
9212	1	no
9213	1	no
9214	1	no
9215	0	no
9216	0	no
9217	0	no
9218	1	no
9219	1	no
9220	0	no
9221	0	no
9222	1	no
9223	1	no
9224	1	no
9225	3	no
9226	0	no
9227	1	no
9228	1	no
9229	1	no
9230	1	no
9231	0	no
9232	1	no
9233	1	no
9234	1	no
9235	1	no
9236	3	no
9237	1	no
9238	1	no
9239	1	no
9240	0	no
9241	0	no
9242	1	no
9243	0	no
9244	0	no
9245	1	no
9246	1	no
9247	1	no
9248	1	no
9249	0	no
9250	1	no
9251	0	no
9252	1	no
9253	1	no
9254	1	no
9255	0	no
9256	1	no
9257	1	no
9258	1	no
9259	1	no
9260	0	no
9261	2	no
9262	1	no
9263	0	no
9264	1	no
9265	0	no
9266	0	no
9267	1	no
9268	2	no
9269	0	no
9270	0	no
9271	1	no
9272	1	no
9273	0	no
9274	1	no
9275	0	no
9276	0	no
9277	0	no
9278	1	no
9279	0	no
9280	0	no
9281	3	no
9282	0	no
9283	0	no
9284	2	no
9285	1	no
9286	0	no
9287	1	no
9288	1	no
9289	1	no
9290	1	no
9291	0	no
9292	0	no
9293	3	no
9294	1	no
9295	1	no
9296	0	no
9297	1	no
9298	1	no
9299	1	no
9300	1	no
9301	1	no
9302	1	no
9303	0	no
9304	0	no
9305	1	no
9306	1	no
9307	0	no
9308	1	no
9309	1	no
9310	1	no
9311	0	no
9312	1	no
9313	1	no
9314	1	no
9315	1	no
9316	0	no
9317	0	no
9318	0	no
9319	0	no
9320	0	no
9321	0	no
9322	3	no
9323	1	no
9324	1	no
9325	1	no
9326	0	no
9327	1	no
9328	1	no
9329	1	no
9330	0	no
9331	0	no
9332	1	no
9333	0	no
9334	0	no
9335	0	no
9336	1	no
9337	1	no
9338	2	no
9339	0	no
9340	0	no
9341	0	no
9342	0	no
9343	0	no
9344	1	no
9345	3	no
9346	0	no
9347	1	no
9348	1	no
9349	3	no
9350	0	no
9351	1	no
9352	0	no
9353	2	no
9354	0	no
9355	3	no
9356	0	no
9357	1	no
9358	0	no
9359	0	no
9360	0	no
9361	1	no
9362	1	no
9363	1	no
9364	0	no
9365	0	no
9366	1	no
9367	0	no
9368	0	no
9369	1	no
9370	0	no
9371	0	no
9372	0	no
9373	0	no
9374	0	no
9375	1	no
9376	0	no
9377	1	no
9378	0	no
9379	1	no
9380	0	no
9381	1	no
9382	0	no
9383	0	no
9384	1	no
9385	0	no
9386	1	no
9387	1	no
9388	0	no
9389	2	no
9390	1	no
9391	1	no
9392	0	no
9393	0	no
9394	0	no
9395	0	no
9396	1	no
9397	1	no
9398	1	no
9399	0	no
9400	1	no
9401	1	no
9402	0	no
9403	1	no
9404	0	no
9405	1	no
9406	1	no
9407	0	no
9408	1	no
9409	1	no
9410	1	no
9411	0	no
9412	1	no
9413	1	no
9414	0	no
9415	0	no
9416	1	no
9417	1	no
9418	0	no
9419	1	no
9420	1	no
9421	0	no
9422	3	no
9423	0	no
9424	0	no
9425	0	no
9426	0	no
9427	1	no
9428	0	no
9429	1	no
9430	1	no
9431	1	no
9432	1	no
9433	0	no
9434	1	no
9435	1	no
9436	1	no
9437	1	no
9438	0	no
9439	2	no
9440	1	no
9441	0	no
9442	1	no
9443	1	no
9444	1	no
9445	0	no
9446	1	no
9447	0	no
9448	1	no
9449	0	no
9450	1	no
9451	1	no
9452	0	no
9453	0	no
9454	1	no
9455	1	no
9456	1	no
9457	1	no
9458	1	no
9459	1	no
9460	0	no
9461	1	no
9462	1	no
9463	0	no
9464	0	no
9465	1	no
9466	0	no
9467	0	no
9468	0	no
9469	1	no
9470	1	no
9471	0	no
9472	0	no
9473	0	no
9474	0	no
9475	3	no
9476	0	no
9477	1	no
9478	1	no
9479	0	no
9480	0	no
9481	1	no
9482	1	no
9483	1	no
9484	0	no
9485	0	no
9486	3	no
9487	1	no
9488	1	no
9489	0	no
9490	1	no
9491	1	no
9492	1	no
9493	1	no
9494	2	no
9495	1	no
9496	1	no
9497	1	no
9498	0	no
9499	1	no
9500	1	no
9501	0	no
9502	1	no
9503	0	no
9504	1	no
9505	0	no
9506	3	no
9507	2	no
9508	0	no
9509	1	no
9510	1	no
9511	2	no
9512	1	no
9513	0	no
9514	1	no
9515	1	no
9516	0	no
9517	0	no
9518	1	no
9519	1	no
9520	0	no
9521	1	no
9522	1	no
9523	1	no
9524	0	no
9525	1	no
9526	0	no
9527	0	no
9528	0	no
9529	0	no
9530	1	no
9531	0	no
9532	0	no
9533	0	no
9534	1	no
9535	1	no
9536	1	no
9537	1	no
9538	1	no
9539	0	no
9540	0	no
9541	1	no
9542	1	no
9543	0	no
9544	1	no
9545	0	no
9546	1	no
9547	0	no
9548	1	no
9549	1	no
9550	1	no
9551	1	no
9552	0	no
9553	1	no
9554	0	no
9555	0	no
9556	0	no
9557	1	no
9558	0	no
9559	0	no
9560	0	no
9561	1	no
9562	0	no
9563	1	no
9564	1	no
9565	0	no
9566	1	no
9567	1	no
9568	0	no
9569	1	no
9570	1	no
9571	1	no
9572	1	no
9573	1	no
9574	1	no
9575	1	no
9576	0	no
9577	2	no
9578	0	no
9579	0	no
9580	0	no
9581	1	no
9582	0	no
9583	0	no
9584	2	no
9585	0	no
9586	1	no
9587	0	no
9588	0	no
9589	3	no
9590	1	no
9591	1	no
9592	0	no
9593	0	no
9594	1	no
9595	2	no
9596	0	no
9597	1	no
9598	0	no
9599	0	no
9600	1	no
9601	1	no
9602	3	no
9603	1	no
9604	0	no
9605	0	no
9606	1	no
9607	1	no
9608	0	no
9609	0	no
9610	0	no
9611	0	no
9612	0	no
9613	0	no
9614	1	no
9615	0	no
9616	0	no
9617	1	no
9618	1	no
9619	0	no
9620	0	no
9621	1	no
9622	1	no
9623	0	no
9624	0	no
9625	0	no
9626	0	no
9627	1	no
9628	1	no
9629	0	no
9630	1	no
9631	1	no
9632	1	no
9633	0	no
9634	1	no
9635	1	no
9636	0	no
9637	0	no
9638	1	no
9639	1	no
9640	2	no
9641	1	no
9642	0	no
9643	0	no
9644	0	no
9645	1	no
9646	0	no
9647	0	no
9648	0	no
9649	1	no
9650	1	no
9651	0	no
9652	3	no
9653	1	no
9654	0	no
9655	1	no
9656	0	no
9657	1	no
9658	0	no
9659	0	no
9660	0	no
9661	1	no
9662	1	no
9663	1	no
9664	0	no
9665	0	no
9666	1	no
9667	1	no
9668	1	no
9669	1	no
9670	1	no
9671	2	no
9672	0	no
9673	1	no
9674	0	no
9675	1	no
9676	0	no
9677	1	no
9678	0	no
9679	1	no
9680	0	no
9681	1	no
9682	0	no
9683	1	no
9684	0	no
9685	1	no
9686	0	no
9687	1	no
9688	0	no
9689	0	no
9690	1	no
9691	1	no
9692	0	no
9693	0	no
9694	1	no
9695	0	no
9696	1	no
9697	1	no
9698	1	no
9699	1	no
9700	1	no
9701	1	no
9702	0	no
9703	1	no
9704	1	no
9705	1	no
9706	0	no
9707	0	no
9708	1	no
9709	1	no
9710	2	no
9711	1	no
9712	0	no
9713	2	no
9714	1	no
9715	1	no
9716	1	no
9717	1	no
9718	1	no
9719	0	no
9720	1	no
9721	1	no
9722	0	no
9723	0	no
9724	1	no
9725	0	no
9726	0	no
9727	0	no
9728	0	no
9729	0	no
9730	1	no
9731	1	no
9732	0	no
9733	0	no
9734	0	no
9735	1	no
9736	1	no
9737	0	no
9738	1	no
9739	1	no
9740	0	no
9741	0	no
9742	0	no
9743	1	no
9744	0	no
9745	0	no
9746	1	no
9747	1	no
9748	0	no
9749	1	no
9750	2	no
9751	0	no
9752	2	no
9753	3	no
9754	0	no
9755	0	no
9756	0	no
9757	0	no
9758	1	no
9759	0	no
9760	1	no
9761	0	no
9762	1	no
9763	1	no
9764	0	no
9765	1	no
9766	0	no
9767	0	no
9768	1	no
9769	1	no
9770	1	no
9771	1	no
9772	0	no
9773	0	no
9774	0	no
9775	0	no
9776	1	no
9777	1	no
9778	0	no
9779	3	no
9780	0	no
9781	0	no
9782	0	no
9783	0	no
9784	1	no
9785	1	no
9786	0	no
9787	1	no
9788	1	no
9789	0	no
9790	0	no
9791	0	no
9792	1	no
9793	1	no
9794	0	no
9795	0	no
9796	0	no
9797	1	no
9798	0	no
9799	1	no
9800	0	no
9801	0	no
9802	0	no
9803	1	no
9804	1	no
9805	1	no
9806	0	no
9807	1	no
9808	0	no
9809	1	no
9810	0	no
9811	1	no
9812	0	no
9813	0	no
9814	1	no
9815	1	no
9816	1	no
9817	0	no
9818	1	no
9819	1	no
9820	1	no
9821	0	no
9822	1	no
9823	1	no
9824	0	no
9825	1	no
9826	0	no
9827	1	no
9828	1	no
9829	0	no
9830	1	no
9831	1	no
9832	0	no
9833	1	no
9834	1	no
9835	1	no
9836	0	no
9837	0	no
9838	1	no
9839	3	no
9840	1	no
9841	0	no
9842	1	no
9843	1	no
9844	1	no
9845	1	no
9846	1	no
9847	2	no
9848	1	no
9849	0	no
9850	0	no
9851	0	no
9852	1	no
9853	1	no
9854	0	no
9855	0	no
9856	0	no
9857	0	no
9858	1	no
9859	0	no
9860	1	no
9861	1	no
9862	1	no
9863	0	no
9864	0	no
9865	1	no
9866	0	no
9867	1	no
9868	0	no
9869	1	no
9870	1	no
9871	1	no
9872	0	no
9873	0	no
9874	3	no
9875	0	no
9876	0	no
9877	1	no
9878	1	no
9879	0	no
9880	0	no
9881	0	no
9882	0	no
9883	0	no
9884	2	no
9885	1	no
9886	0	no
9887	1	no
9888	1	no
9889	0	no
9890	1	no
9891	0	no
9892	1	no
9893	1	no
9894	0	no
9895	1	no
9896	0	no
9897	0	no
9898	0	no
9899	3	no
9900	0	no
9901	0	no
9902	0	no
9903	1	no
9904	0	no
9905	0	no
9906	1	no
9907	1	no
9908	0	no
9909	1	no
9910	1	no
9911	0	no
9912	1	no
9913	0	no
9914	3	no
9915	0	no
9916	0	no
9917	0	no
9918	3	no
9919	0	no
9920	0	no
9921	1	no
9922	0	no
9923	0	no
9924	0	no
9925	1	no
9926	0	no
9927	0	no
9928	1	no
9929	0	no
9930	0	no
9931	1	no
9932	0	no
9933	1	no
9934	0	no
9935	3	no
9936	1	no
9937	1	no
9938	0	no
9939	0	no
9940	1	no
9941	1	no
9942	0	no
9943	1	no
9944	0	no
9945	1	no
9946	1	no
9947	0	no
9948	1	no
9949	1	no
9950	0	no
9951	0	no
9952	0	no
9953	0	no
9954	3	no
9955	1	no
9956	1	no
9957	1	no
9958	0	no
9959	0	no
9960	1	no
9961	0	no
9962	1	no
9963	1	no
9964	0	no
9965	0	no
9966	0	no
9967	1	no
9968	2	no
9969	1	no
9970	1	no
9971	0	no
9972	0	no
9973	1	no
9974	1	no
9975	0	no
9976	1	no
9977	0	no
9978	1	no
9979	0	no
9980	1	no
9981	1	no
9982	1	no
9983	1	no
9984	0	no
9985	1	no
9986	1	no
9987	0	no
9988	0	no
9989	0	no
9990	0	no
9991	1	no
9992	0	no
9993	1	no
9994	0	no
9995	0	no
9996	1	no
9997	0	no
9998	0	no
9999	0	no
10000	1	no
10001	0	no
10002	0	no
10003	1	no
10004	0	no
10005	0	no
10006	0	no
10007	0	no
10008	1	no
10009	0	no
10010	1	no
10011	1	no
10012	0	no
10013	1	no
10014	1	no
10015	0	no
10016	1	no
10017	0	no
10018	1	no
10019	2	no
10020	1	no
10021	0	no
10022	0	no
10023	1	no
10024	2	no
10025	1	no
10026	0	no
10027	0	no
10028	1	no
10029	0	no
10030	1	no
10031	0	no
10032	3	no
10033	1	no
10034	0	no
10035	1	no
10036	0	no
10037	0	no
10038	1	no
10039	0	no
10040	0	no
10041	1	no
10042	1	no
10043	0	no
10044	0	no
10045	0	no
10046	3	no
10047	0	no
10048	0	no
10049	1	no
10050	0	no
10051	0	no
10052	0	no
10053	0	no
10054	2	no
10055	1	no
10056	0	no
10057	3	no
10058	1	no
10059	0	no
10060	1	no
10061	3	no
10062	3	no
10063	0	no
10064	0	no
10065	0	no
10066	1	no
10067	0	no
10068	0	no
10069	1	no
10070	0	no
10071	1	no
10072	0	no
10073	1	no
10074	0	no
10075	0	no
10076	1	no
10077	0	no
10078	1	no
10079	0	no
10080	0	no
10081	2	no
10082	1	no
10083	0	no
10084	1	no
10085	1	no
10086	1	no
10087	1	no
10088	0	no
10089	1	no
10090	0	no
10091	1	no
10092	1	no
10093	1	no
10094	0	no
10095	1	no
10096	1	no
10097	1	no
10098	3	no
10099	1	no
10100	1	no
10101	1	no
10102	0	no
10103	2	no
10104	1	no
10105	0	no
10106	1	no
10107	0	no
10108	0	no
10109	1	no
10110	1	no
10111	1	no
10112	3	no
10113	1	no
10114	0	no
10115	1	no
10116	1	no
10117	0	no
10118	0	no
10119	0	no
10120	0	no
10121	0	no
10122	0	no
10123	0	no
10124	2	no
10125	0	no
10126	1	no
10127	1	no
10128	1	no
10129	1	no
10130	0	no
10131	0	no
10132	1	no
10133	3	no
10134	0	no
10135	1	no
10136	0	no
10137	0	no
10138	1	no
10139	0	no
10140	0	no
10141	3	no
10142	1	no
10143	0	no
10144	1	no
10145	0	no
10146	1	no
10147	0	no
10148	0	no
10149	0	no
10150	0	no
10151	0	no
10152	1	no
10153	1	no
10154	1	no
10155	0	no
10156	0	no
10157	1	no
10158	1	no
10159	1	no
10160	1	no
10161	1	no
10162	0	no
10163	1	no
10164	0	no
10165	1	no
10166	0	no
10167	1	no
10168	1	no
10169	0	no
10170	1	no
10171	1	no
10172	1	no
10173	1	no
10174	0	no
10175	1	no
10176	1	no
10177	0	no
10178	0	no
10179	0	no
10180	1	no
10181	0	no
10182	1	no
10183	0	no
10184	0	no
10185	1	no
10186	2	no
10187	0	no
10188	1	no
10189	0	no
10190	1	no
10191	1	no
10192	0	no
10193	1	no
10194	1	no
10195	0	no
10196	1	no
10197	0	no
10198	1	no
10199	1	no
10200	0	no
10201	0	no
10202	0	no
10203	1	no
10204	1	no
10205	0	no
10206	1	no
10207	0	no
10208	0	no
10209	1	no
10210	0	no
10211	1	no
10212	1	no
10213	1	no
10214	1	no
10215	0	no
10216	2	no
10217	0	no
10218	1	no
10219	1	no
10220	0	no
10221	0	no
10222	0	no
10223	0	no
10224	0	no
10225	1	no
10226	0	no
10227	1	no
10228	1	no
10229	1	no
10230	1	no
10231	0	no
10232	0	no
10233	0	no
10234	0	no
10235	1	no
10236	1	no
10237	0	no
10238	1	no
10239	0	no
10240	0	no
10241	0	no
10242	1	no
10243	0	no
10244	1	no
10245	2	no
10246	0	no
10247	1	no
10248	0	no
10249	1	no
10250	1	no
10251	1	no
10252	1	no
10253	0	no
10254	0	no
10255	1	no
10256	1	no
10257	0	no
10258	1	no
10259	0	no
10260	1	no
10261	0	no
10262	1	no
10263	1	no
10264	0	no
10265	1	no
10266	1	no
10267	0	no
10268	0	no
10269	0	no
10270	1	no
10271	0	no
10272	0	no
10273	3	no
10274	1	no
10275	1	no
10276	0	no
10277	1	no
10278	0	no
10279	1	no
10280	0	no
10281	0	no
10282	1	no
10283	1	no
10284	0	no
10285	1	no
10286	0	no
10287	1	no
10288	1	no
10289	1	no
10290	1	no
10291	0	no
10292	0	no
10293	1	no
10294	1	no
10295	1	no
10296	1	no
10297	3	no
10298	3	no
10299	1	no
10300	0	no
10301	1	no
10302	1	no
10303	1	no
10304	0	no
10305	1	no
10306	0	no
10307	1	no
10308	1	no
10309	1	no
10310	0	no
10311	0	no
10312	1	no
10313	1	no
10314	1	no
10315	1	no
10316	0	no
10317	0	no
10318	0	no
10319	1	no
10320	1	no
10321	1	no
10322	1	no
10323	0	no
10324	1	no
10325	0	no
10326	0	no
10327	3	no
10328	1	no
10329	1	no
10330	0	no
10331	0	no
10332	0	no
10333	1	no
10334	0	no
10335	0	no
10336	0	no
10337	0	no
10338	1	no
10339	1	no
10340	1	no
10341	1	no
10342	1	no
10343	3	no
10344	0	no
10345	1	no
10346	1	no
10347	2	no
10348	1	no
10349	3	no
10350	0	no
10351	1	no
10352	0	no
10353	1	no
10354	0	no
10355	1	no
10356	1	no
10357	0	no
10358	1	no
10359	1	no
10360	1	no
10361	1	no
10362	1	no
10363	2	no
10364	0	no
10365	0	no
10366	1	no
10367	1	no
10368	1	no
10369	1	no
10370	1	no
10371	0	no
10372	1	no
10373	0	no
10374	0	no
10375	1	no
10376	1	no
10377	0	no
10378	0	no
10379	0	no
10380	0	no
10381	0	no
10382	0	no
10383	1	no
10384	1	no
10385	0	no
10386	0	no
10387	3	no
10388	0	no
10389	2	no
10390	0	no
10391	1	no
10392	1	no
10393	0	no
10394	0	no
10395	0	no
10396	1	no
10397	1	no
10398	0	no
10399	1	no
10400	0	no
10401	1	no
10402	1	no
10403	1	no
10404	0	no
10405	0	no
10406	0	no
10407	1	no
10408	0	no
10409	1	no
10410	1	no
10411	1	no
10412	0	no
10413	0	no
10414	1	no
10415	0	no
10416	1	no
10417	1	no
10418	0	no
10419	1	no
10420	0	no
10421	0	no
10422	0	no
10423	1	no
10424	0	no
10425	1	no
10426	1	no
10427	1	no
10428	1	no
10429	1	no
10430	0	no
10431	0	no
10432	0	no
10433	0	no
10434	0	no
10435	0	no
10436	0	no
10437	1	no
10438	1	no
10439	0	no
10440	0	no
10441	1	no
10442	0	no
10443	3	no
10444	0	no
10445	0	no
10446	1	no
10447	1	no
10448	0	no
10449	0	no
10450	0	no
10451	1	no
10452	0	no
10453	1	no
10454	1	no
10455	0	no
10456	1	no
10457	1	no
10458	1	no
10459	0	no
10460	0	no
10461	1	no
10462	1	no
10463	0	no
10464	0	no
10465	0	no
10466	1	no
10467	1	no
10468	1	no
10469	1	no
10470	1	no
10471	1	no
10472	0	no
10473	0	no
10474	0	no
10475	1	no
10476	0	no
10477	1	no
10478	1	no
10479	0	no
10480	1	no
10481	1	no
10482	0	no
10483	1	no
10484	0	no
10485	2	no
10486	0	no
10487	0	no
10488	0	no
10489	0	no
10490	1	no
10491	1	no
10492	0	no
10493	1	no
10494	1	no
10495	0	no
10496	0	no
10497	1	no
10498	1	no
10499	1	no
10500	1	no
10501	1	no
10502	1	no
10503	1	no
10504	0	no
10505	0	no
10506	1	no
10507	0	no
10508	0	no
10509	0	no
10510	1	no
10511	0	no
10512	0	no
10513	1	no
10514	0	no
10515	0	no
10516	0	no
10517	1	no
10518	2	no
10519	0	no
10520	2	no
10521	3	no
10522	1	no
10523	1	no
10524	1	no
10525	1	no
10526	2	no
10527	0	no
10528	1	no
10529	1	no
10530	0	no
10531	1	no
10532	0	no
10533	1	no
10534	1	no
10535	0	no
10536	0	no
10537	0	no
10538	1	no
10539	1	no
10540	1	no
10541	1	no
10542	0	no
10543	0	no
10544	1	no
10545	2	no
10546	0	no
10547	0	no
10548	1	no
10549	0	no
10550	1	no
10551	1	no
10552	0	no
10553	0	no
10554	2	no
10555	0	no
10556	1	no
10557	1	no
10558	2	no
10559	0	no
10560	0	no
10561	1	no
10562	0	no
10563	0	no
10564	0	no
10565	1	no
10566	2	no
10567	0	no
10568	1	no
10569	1	no
10570	1	no
10571	1	no
10572	1	no
10573	1	no
10574	0	no
10575	0	no
10576	0	no
10577	1	no
10578	0	no
10579	0	no
10580	1	no
10581	1	no
10582	1	no
10583	0	no
10584	2	no
10585	0	no
10586	0	no
10587	0	no
10588	1	no
10589	1	no
10590	1	no
10591	1	no
10592	1	no
10593	0	no
10594	1	no
10595	1	no
10596	1	no
10597	0	no
10598	0	no
10599	0	no
10600	0	no
10601	0	no
10602	1	no
10603	0	no
10604	1	no
10605	0	no
10606	0	no
10607	0	no
10608	0	no
10609	0	no
10610	1	no
10611	1	no
10612	1	no
10613	1	no
10614	0	no
10615	0	no
10616	0	no
10617	1	no
10618	1	no
10619	0	no
10620	0	no
10621	0	no
10622	0	no
10623	1	no
10624	0	no
10625	0	no
10626	1	no
10627	0	no
10628	0	no
10629	0	no
10630	3	no
10631	1	no
10632	1	no
10633	1	no
10634	0	no
10635	0	no
10636	0	no
10637	0	no
10638	1	no
10639	0	no
10640	0	no
10641	1	no
10642	1	no
10643	1	no
10644	1	no
10645	1	no
10646	1	no
10647	0	no
10648	1	no
10649	3	no
10650	1	no
10651	0	no
10652	1	no
10653	2	no
10654	0	no
10655	2	no
10656	1	no
10657	1	no
10658	0	no
10659	1	no
10660	0	no
10661	0	no
10662	0	no
10663	3	no
10664	1	no
10665	0	no
10666	1	no
10667	1	no
10668	1	no
10669	1	no
10670	0	no
10671	2	no
10672	0	no
10673	0	no
10674	1	no
10675	0	no
10676	0	no
10677	0	no
10678	0	no
10679	0	no
10680	0	no
10681	0	no
10682	1	no
10683	0	no
10684	0	no
10685	1	no
10686	1	no
10687	0	no
10688	0	no
10689	0	no
10690	1	no
10691	0	no
10692	1	no
10693	1	no
10694	0	no
10695	0	no
10696	0	no
10697	0	no
10698	0	no
10699	1	no
10700	0	no
10701	3	no
10702	1	no
10703	1	no
10704	1	no
10705	1	no
10706	1	no
10707	0	no
10708	1	no
10709	1	no
10710	1	no
10711	1	no
10712	0	no
10713	1	no
10714	1	no
10715	1	no
10716	1	no
10717	0	no
10718	0	no
10719	0	no
10720	0	no
10721	1	no
10722	0	no
10723	1	no
10724	1	no
10725	0	no
10726	0	no
10727	1	no
10728	0	no
10729	2	no
10730	0	no
10731	1	no
10732	1	no
10733	1	no
10734	0	no
10735	0	no
10736	0	no
10737	1	no
10738	0	no
10739	1	no
10740	1	no
10741	0	no
10742	3	no
10743	1	no
10744	1	no
10745	0	no
10746	0	no
10747	1	no
10748	0	no
10749	3	no
10750	0	no
10751	0	no
10752	0	no
10753	1	no
10754	0	no
10755	1	no
10756	1	no
10757	1	no
10758	3	no
10759	1	no
10760	0	no
10761	0	no
10762	0	no
10763	0	no
10764	0	no
10765	1	no
10766	1	no
10767	1	no
10768	1	no
10769	1	no
10770	1	no
10771	0	no
10772	3	no
10773	1	no
10774	3	no
10775	1	no
10776	0	no
10777	1	no
10778	1	no
10779	2	no
10780	1	no
10781	1	no
10782	0	no
10783	0	no
10784	1	no
10785	1	no
10786	0	no
10787	3	no
10788	1	no
10789	0	no
10790	0	no
10791	1	no
10792	0	no
10793	1	no
10794	1	no
10795	0	no
10796	0	no
10797	1	no
10798	0	no
10799	0	no
10800	0	no
10801	1	no
10802	1	no
10803	0	no
10804	3	no
10805	0	no
10806	1	no
10807	0	no
10808	0	no
10809	1	no
10810	0	no
10811	0	no
10812	0	no
10813	0	no
10814	0	no
10815	1	no
10816	0	no
10817	0	no
10818	1	no
10819	0	no
10820	0	no
10821	1	no
10822	1	no
10823	3	no
10824	1	no
10825	1	no
10826	1	no
10827	0	no
10828	0	no
10829	0	no
10830	1	no
10831	0	no
10832	1	no
10833	0	no
10834	1	no
10835	0	no
10836	1	no
10837	0	no
10838	1	no
10839	0	no
10840	1	no
10841	1	no
10842	1	no
10843	1	no
10844	0	no
10845	1	no
10846	0	no
10847	0	no
10848	0	no
10849	0	no
10850	2	no
10851	1	no
10852	0	no
10853	0	no
10854	0	no
10855	0	no
10856	0	no
10857	1	no
10858	1	no
10859	0	no
10860	0	no
10861	0	no
10862	0	no
10863	1	no
10864	1	no
10865	1	no
10866	0	no
10867	1	no
10868	0	no
10869	1	no
10870	0	no
10871	0	no
10872	0	no
10873	1	no
10874	1	no
10875	1	no
10876	2	no
10877	1	no
10878	0	no
10879	1	no
10880	1	no
10881	0	no
10882	0	no
10883	0	no
10884	0	no
10885	3	no
10886	0	no
10887	0	no
10888	1	no
10889	0	no
10890	0	no
10891	0	no
10892	2	no
10893	1	no
10894	0	no
10895	1	no
10896	1	no
10897	0	no
10898	0	no
10899	1	no
10900	1	no
10901	1	no
10902	1	no
10903	0	no
10904	1	no
10905	3	no
10906	1	no
10907	2	no
10908	1	no
10909	0	no
10910	0	no
10911	0	no
10912	1	no
10913	0	no
10914	0	no
10915	0	no
10916	0	no
10917	1	no
10918	1	no
10919	0	no
10920	1	no
10921	0	no
10922	1	no
10923	1	no
10924	0	no
10925	0	no
10926	0	no
10927	0	no
10928	1	no
10929	0	no
10930	0	no
10931	0	no
10932	1	no
10933	0	no
10934	1	no
10935	0	no
10936	0	no
10937	1	no
10938	1	no
10939	1	no
10940	0	no
10941	0	no
10942	1	no
10943	0	no
10944	0	no
