,DNMT3A_pR736C,DNMT3A_pK202N,TET2_p1217,TP53_splice-donor,TP53_pR248Q,NF1_intronic
0,2,90,0,11,1,0
1,8,0,0,24,3,0
2,0,24,0,77,2,0
3,12,8,0,31,0,0
4,36,34,0,104,8,0
5,16,48,0,56,4,0
6,7,0,0,6,1,0
7,7,8,0,7,2,0
8,5,57,0,25,0,0
9,5,0,0,25,0,0
10,3,0,0,35,0,0
11,2,63,0,59,0,0
12,22,22,0,31,0,0
13,23,40,0,112,4,0
14,12,0,0,50,5,0
15,20,0,0,108,4,0
16,8,0,0,18,0,0
17,2,0,0,25,0,0
18,1,27,0,24,1,0
19,20,19,0,36,25,0
20,32,57,0,48,5,0
21,9,29,0,23,0,0
22,33,0,0,24,3,0
23,21,14,0,45,11,0
24,9,20,0,29,0,0
25,111,0,0,173,130,0
26,4,15,0,30,5,0
27,2,31,0,22,3,0
28,10,38,0,15,3,0
29,2,18,0,20,2,0
30,39,48,0,6,16,0
31,4,31,0,52,15,0
32,18,56,0,47,17,0
33,0,12,0,59,26,0
34,1,0,0,11,3,0
35,15,0,0,22,6,0
36,14,56,0,81,31,0
37,19,47,0,5,0,0
38,17,2,0,30,17,0
39,0,0,0,19,0,0
40,9,0,0,123,2,0
41,1,0,0,16,8,0
42,43,12,0,0,0,0
43,19,0,0,42,11,0
44,10,0,0,33,0,0
45,28,56,0,41,9,0
46,222,0,0,335,60,0
47,2,37,0,13,0,0
48,7,54,0,59,23,0
49,5,0,0,74,11,0
50,4,0,0,18,2,0
51,4,100,0,47,5,0
52,6,21,0,17,0,0
53,15,118,0,34,3,0
54,11,37,0,21,3,0
55,9,0,0,2,2,0
56,14,157,0,45,31,0
57,5,11,0,14,3,0
58,7,17,0,24,2,0
59,0,0,0,16,0,0
60,0,25,0,46,6,0
61,7,9,0,18,6,0
62,0,0,0,17,3,0
63,26,0,0,38,0,0
64,10,0,0,85,0,0
65,22,54,0,144,2,0
66,23,37,0,173,6,0
67,10,0,0,31,6,0
68,21,0,0,112,5,0
69,3,20,0,25,4,0
70,19,55,0,38,6,0
71,0,21,0,43,0,0
72,4,46,0,19,0,0
73,59,44,0,14,2,0
74,10,1,0,33,0,0
75,13,7,0,40,0,0
76,35,34,0,38,5,0
77,0,0,0,19,2,0
78,8,0,0,43,1,0
79,36,181,0,92,16,0
80,1,1,0,26,2,0
81,231,0,0,164,86,0
82,18,0,0,38,3,0
83,24,44,0,45,35,0
84,0,23,0,15,3,0
85,5,41,0,16,3,0
86,23,0,0,57,0,0
87,1,0,0,11,2,0
88,0,0,0,12,1,0
89,0,0,0,88,11,0
90,13,15,0,29,7,0
91,13,33,0,19,0,0
92,7,22,0,12,2,0
93,63,317,0,73,45,0
94,0,0,0,42,1,0
95,3,40,0,10,0,0
96,14,16,0,39,3,0
97,144,139,0,1,0,0
98,6,0,0,17,2,0
99,43,0,0,60,4,0
100,77,93,0,79,7,0
101,11,0,0,22,1,0
102,2,10,0,19,0,0
103,29,85,0,49,12,0
104,14,41,0,95,7,0
105,9,52,0,15,6,0
106,12,117,0,76,7,0
107,38,105,0,56,6,0
108,0,6,0,37,3,0
109,19,0,0,17,4,0
110,0,0,0,15,2,0
111,29,59,0,9,2,0
112,0,1,0,2,0,0
113,3,24,0,12,0,0
114,4,0,0,18,4,0
115,12,32,0,32,2,0
116,72,78,0,38,19,0
117,18,0,0,28,10,0
118,12,61,0,11,10,0
119,23,112,0,28,4,0
120,11,99,0,17,0,0
121,0,42,0,30,5,0
122,5,63,0,6,0,0
123,6,45,0,25,0,0
124,6,30,0,17,0,0
125,4,25,0,4,6,0
126,6,0,0,11,2,0
127,58,237,0,103,32,0
128,97,97,0,49,30,0
129,68,37,0,94,4,0
130,0,12,0,23,2,0
131,25,221,0,51,0,0
132,96,36,0,185,0,0
133,62,0,0,223,11,0
134,10,37,0,60,2,0
135,1,0,0,12,0,0
136,10,41,0,19,3,0
137,0,0,0,6,0,0
138,0,0,0,3,2,0
139,7,95,0,30,4,0
140,15,0,0,51,0,0
141,13,23,0,28,0,0
142,0,0,0,10,0,0
143,7,0,0,49,2,0
144,53,70,0,69,10,0
145,7,18,0,20,1,0
146,108,79,0,65,18,0
147,0,0,0,8,3,0
148,6,26,0,9,0,0
149,41,8,0,77,0,0
150,20,19,0,17,3,0
151,13,63,0,54,4,0
152,0,0,0,7,0,0
153,46,0,0,66,10,0
154,30,0,0,71,21,0
155,20,88,0,15,0,0
156,7,27,0,14,4,0
157,41,34,0,57,7,0
158,70,0,0,69,5,0
159,14,15,0,7,0,0
160,3,33,0,8,2,0
161,0,0,0,39,3,0
162,20,9,0,20,0,0
163,14,19,0,23,8,0
164,6,123,0,21,6,0
165,6,22,0,23,0,0
166,89,0,0,163,8,0
167,61,0,0,48,2,0
168,11,0,0,75,0,0
169,0,9,0,8,0,0
170,17,110,0,39,2,0
171,5,38,0,29,0,0
172,0,0,0,44,2,0
173,3,75,0,17,0,0
174,12,0,0,16,2,0
175,0,0,0,11,1,0
176,9,124,0,51,2,0
177,0,0,0,20,0,0
178,12,34,0,25,3,0
179,12,0,0,13,3,0
180,29,168,0,56,0,0
181,8,0,0,29,0,0
182,24,0,0,66,1,0
183,3,18,0,2,0,0
184,4,0,0,75,0,0
185,10,2,0,44,16,0
186,12,47,0,105,8,0
187,18,72,0,41,16,0
188,4,11,0,23,3,0
189,116,0,0,120,261,0
190,79,0,0,25,25,0
191,7,19,0,20,0,0
192,0,67,0,17,1,0
193,14,28,0,56,5,0
194,5,18,0,58,0,0
195,90,186,0,194,85,0
196,18,0,0,119,7,0
197,4,14,0,25,4,0
198,15,27,0,10,0,0
199,71,74,0,14,5,0
200,4,0,0,80,5,0
201,31,28,0,90,0,0
202,40,0,0,42,2,0
203,4,33,0,18,4,0
204,68,0,0,365,0,0
205,34,119,0,67,1,0
206,8,30,0,12,0,0
207,0,192,0,41,5,0
208,0,0,0,51,0,0
209,10,0,0,44,2,0
210,17,12,0,50,0,0
211,33,36,0,143,62,0
212,28,9,0,86,7,0
213,47,97,0,53,5,0
214,56,0,0,36,33,0
215,10,11,0,22,0,0
216,23,0,0,120,25,0
217,20,12,0,26,3,0
218,10,0,0,47,1,0
219,38,105,0,42,11,0
220,57,117,0,38,1,0
221,4,0,0,25,2,0
222,62,0,0,18,0,0
223,21,0,0,61,45,0
224,4,0,0,12,7,0
225,60,13,0,50,7,0
226,35,25,0,28,9,0
227,3,7,0,12,4,0
228,112,153,0,159,49,0
229,31,15,0,23,0,0
230,6,79,0,71,14,0
231,25,0,0,59,0,0
232,4,52,0,8,0,0
233,0,0,0,43,9,0
234,3,18,0,23,0,0
235,17,21,0,9,0,0
236,3,41,0,76,32,0
237,16,17,0,11,3,0
238,1,0,0,40,0,0
239,5,13,0,25,0,0
240,35,0,0,95,9,0
241,27,27,0,171,0,0
242,28,18,0,28,6,0
243,91,22,0,125,5,0
244,2,65,0,64,4,0
245,16,29,0,7,0,0
246,14,0,0,10,0,0
247,24,0,0,12,5,0
248,0,0,0,0,0,0
249,9,10,0,4,1,0
250,60,62,0,74,22,0
251,2,0,0,19,1,0
252,13,0,0,15,1,0
253,19,0,0,40,0,0
254,111,0,0,46,0,0
255,0,11,0,13,0,0
256,38,0,0,76,3,0
257,5,0,0,7,1,0
258,0,0,0,20,2,0
259,12,44,0,17,0,0
260,13,0,0,29,0,0
261,13,8,0,27,2,0
262,23,0,0,27,0,0
263,28,0,0,57,0,0
264,4,0,0,11,3,0
265,7,5,0,7,1,0
266,5,14,0,46,2,0
267,34,53,0,36,0,0
268,31,0,0,38,3,0
269,44,0,0,21,12,0
270,101,54,0,42,17,0
271,26,31,0,33,14,0
272,50,47,0,26,2,0
273,6,1,0,6,0,0
274,5,17,0,17,0,0
275,19,0,0,75,3,0
276,2,0,0,21,0,0
277,92,32,0,152,274,0
278,12,10,0,19,0,0
279,23,26,0,81,12,0
280,48,32,0,101,0,0
281,9,0,0,7,3,0
282,19,46,0,17,1,0
283,17,6,0,157,16,0
284,4,0,0,16,1,0
285,33,13,0,6,2,0
286,39,0,0,30,9,0
287,9,0,0,8,0,0
288,3,22,0,29,0,0
289,18,12,0,33,6,0
290,17,61,0,62,6,0
291,0,25,0,25,0,0
292,11,0,0,24,1,0
293,2,40,0,23,2,0
294,47,76,0,64,6,0
295,46,0,0,61,0,0
296,52,0,0,47,0,0
297,6,58,0,54,0,0
298,32,0,0,115,14,0
299,12,0,0,30,0,0
300,13,0,0,22,0,0
301,16,18,0,36,4,0
302,32,0,0,58,6,0
303,10,19,0,20,6,0
304,27,31,0,60,1,0
305,77,93,0,21,0,0
306,23,47,0,76,4,0
307,12,0,0,36,16,0
308,10,67,0,91,79,0
309,73,0,0,162,92,0
310,18,0,0,48,16,0
311,0,0,0,17,2,0
312,0,0,0,9,0,0
313,3,13,0,1,0,0
314,18,23,0,90,82,0
315,34,70,0,30,0,0
316,4,0,0,17,0,0
317,12,47,0,35,7,0
318,3,0,0,17,3,0
319,11,39,0,14,0,0
320,0,13,0,22,0,0
321,13,8,0,35,0,0
322,4,90,0,10,0,0
323,0,7,0,23,0,0
324,32,63,0,62,4,0
325,2,0,0,13,0,0
326,4,0,0,47,3,0
327,20,12,0,188,5,0
328,36,39,0,64,0,0
329,57,83,0,87,10,0
330,69,53,0,103,9,0
331,10,28,0,15,0,0
332,40,0,0,42,9,0
333,1,0,0,4,0,0
334,4,21,0,110,26,0
335,1,27,0,35,2,0
336,12,0,0,17,6,0
337,13,0,0,13,0,0
338,18,29,0,57,7,0
339,24,10,0,30,0,0
340,4,6,0,24,0,0
341,1,17,0,16,0,0
342,6,0,0,17,0,0
343,60,74,0,20,8,0
344,74,97,0,89,11,0
345,1,17,0,68,3,0
346,10,4,0,29,1,0
347,4,16,0,51,0,0
348,105,22,0,183,33,0
349,5,0,0,9,2,0
350,11,13,0,42,1,0
351,3,0,0,115,12,0
352,9,42,0,52,3,0
353,11,0,0,118,10,0
354,4,0,0,27,0,0
355,29,0,0,23,5,0
356,0,0,0,43,13,0
357,3,0,0,18,0,0
358,17,12,0,0,0,0
359,51,79,0,169,1,0
360,16,47,0,43,5,0
361,10,22,0,15,0,0
362,62,77,0,27,19,0
363,10,0,0,83,0,0
364,7,8,0,8,1,0
365,15,0,0,32,9,0
366,6,0,0,22,2,0
367,12,1,0,5,0,0
368,12,0,0,69,11,0
369,12,0,0,13,5,0
370,0,0,0,0,0,0
371,42,62,0,54,12,0
372,20,132,0,17,1,0
373,5,0,0,50,5,0
374,6,18,0,34,0,0
375,15,37,0,7,0,0
376,0,29,0,14,0,0
377,22,26,0,32,0,0
378,1,17,0,21,0,0
379,26,117,0,42,0,0
380,6,27,0,43,2,0
381,5,0,0,10,0,0
382,0,0,0,12,0,0
383,20,118,0,32,6,0
384,1,44,0,72,3,0
385,4,43,0,17,5,0
386,0,1,0,9,0,0
387,6,0,0,67,9,0
388,27,60,0,57,8,0
389,7,0,0,48,24,0
390,0,0,0,24,25,0
391,20,42,0,175,0,0
392,0,25,0,0,8,0
393,170,23,0,160,131,0
394,54,219,0,118,12,0
395,4,13,0,70,3,0
396,5,57,0,23,4,0
397,9,0,0,29,5,0
398,3,0,0,44,3,0
399,0,23,0,17,0,0
400,12,0,0,30,13,0
401,21,0,0,12,0,0
402,1,0,0,41,1,0
403,8,76,0,203,73,0
404,4,46,0,16,11,0
405,40,36,0,28,9,0
406,40,0,0,20,2,0
407,4,10,0,3,4,0
408,0,33,0,58,0,0
409,5,31,0,14,2,0
410,27,0,0,39,3,0
411,9,0,0,27,4,0
412,6,0,0,33,8,0
413,5,0,0,13,4,0
414,6,59,0,50,2,0
415,5,0,0,14,2,0
416,33,4,0,35,4,0
417,1,0,0,18,2,0
418,10,28,0,35,10,0
419,6,9,0,6,0,0
420,24,0,0,0,2,0
421,71,0,0,18,4,0
422,0,88,0,26,9,0
423,10,40,0,67,13,0
424,27,0,0,25,3,0
425,9,39,0,27,0,0
426,9,0,0,24,0,0
427,90,0,0,26,0,0
428,0,0,0,34,9,0
429,5,0,0,44,7,0
430,12,14,0,0,10,0
431,17,22,0,104,4,0
432,9,34,0,25,6,0
433,8,13,0,27,2,0
434,0,13,0,49,1,0
435,8,30,0,12,0,0
436,10,16,0,28,0,0
437,222,32,0,117,7,0
438,11,0,0,22,0,0
439,0,8,0,9,4,0
440,22,69,0,9,3,0
441,8,108,0,22,0,0
442,0,0,0,23,2,0
443,7,53,0,9,3,0
444,22,6,0,43,6,0
445,24,31,0,54,3,0
446,12,50,0,32,1,0
447,7,0,0,18,0,0
448,55,21,0,135,21,0
449,4,2,0,46,1,0
450,1,63,0,8,0,0
451,11,0,0,33,0,0
452,7,21,0,27,7,0
453,10,63,0,42,4,0
454,5,0,0,27,4,0
455,17,20,0,60,0,0
456,62,0,0,153,47,0
457,16,6,0,45,32,0
458,17,21,0,29,5,0
459,9,0,0,41,0,0
460,8,0,0,22,2,0
461,49,0,0,69,18,0
462,42,74,0,104,19,0
463,0,0,0,101,1,0
464,60,0,0,154,3,0
465,0,0,0,21,0,0
466,15,66,0,56,4,0
467,0,0,0,3,0,0
468,1,24,0,16,3,0
469,14,76,0,168,8,0
470,1,0,0,152,11,0
471,17,18,0,88,9,0
472,5,12,0,40,2,0
473,0,53,0,10,0,0
474,11,309,0,211,22,0
475,1,0,0,42,0,0
476,14,57,0,32,0,0
477,0,0,0,40,0,0
478,12,6,0,15,0,0
479,14,117,0,114,8,0
480,20,0,0,67,4,0
481,28,54,0,8,0,0
482,11,11,0,11,1,0
483,15,15,0,39,1,0
484,5,21,0,25,0,0
485,11,39,0,28,3,0
486,9,43,0,36,6,0
487,0,40,0,116,3,0
488,0,29,0,16,0,0
489,10,35,0,34,6,0
490,16,0,0,9,2,0
491,37,0,0,34,7,0
492,67,76,0,35,11,0
493,2,0,0,24,2,0
494,12,164,0,43,0,0
495,5,48,0,26,0,0
496,0,12,0,71,3,0
497,17,101,0,52,4,0
498,4,0,0,65,0,0
499,0,52,0,0,0,0
500,21,30,0,27,0,0
501,0,0,0,34,4,0
502,6,39,0,13,0,0
503,12,36,0,46,0,0
504,7,14,0,17,0,0
505,10,28,0,21,0,0
506,21,103,0,31,5,0
507,0,0,0,22,8,0
508,14,114,0,42,0,0
509,21,29,0,0,4,0
510,10,0,0,73,25,0
511,2,0,0,7,5,0
512,27,0,0,13,2,0
513,19,5,0,47,2,0
514,28,16,0,0,4,0
515,50,24,0,27,18,0
516,35,6,0,226,26,0
517,19,44,0,18,0,0
518,5,50,0,16,6,0
519,10,33,0,229,19,0
520,34,202,0,46,3,0
521,2,7,0,10,0,0
522,17,0,0,9,3,0
523,3,5,0,10,2,0
524,18,0,0,83,0,0
525,3,34,0,23,2,0
526,13,81,0,13,0,0
527,35,19,0,99,19,0
528,0,5,0,66,31,0
529,14,0,0,18,1,0
530,5,0,0,114,11,0
531,15,0,0,45,8,0
532,29,14,0,92,2,0
533,2,0,0,12,0,0
534,36,12,0,97,14,0
535,28,96,0,131,13,0
536,0,88,0,107,0,0
537,7,33,0,30,7,0
538,0,0,0,54,0,0
539,0,0,0,18,6,0
540,6,0,0,35,1,0
541,2,78,0,0,2,0
542,0,33,0,5,0,0
543,10,52,0,40,0,0
544,15,72,0,75,5,0
545,12,83,0,95,10,0
546,2,0,0,17,0,0
547,5,18,0,31,0,0
548,3,0,0,10,0,0
549,3,17,0,103,0,0
550,0,0,0,14,2,0
551,11,18,0,6,24,0
552,32,1,0,72,3,0
553,6,213,0,54,6,0
554,12,88,0,20,10,0
555,38,0,0,163,2,0
556,22,3,0,14,14,0
557,0,0,0,42,1,0
558,27,0,0,0,20,0
559,21,32,0,45,6,0
560,39,0,0,162,27,0
561,42,0,0,31,0,0
562,7,6,0,30,1,0
563,19,0,0,20,7,0
564,1,44,0,14,0,0
565,17,0,0,19,0,0
566,6,36,0,9,0,0
567,22,0,0,13,0,0
568,0,3,0,62,10,0
569,28,86,0,21,9,0
570,28,0,0,35,4,0
571,0,0,0,20,0,0
572,19,0,0,0,1,0
573,3,45,0,17,0,0
574,0,0,0,9,0,0
575,7,7,0,7,1,0
576,5,0,0,9,2,0
577,5,8,0,0,2,0
578,0,54,0,10,0,0
579,0,0,0,23,0,0
580,138,0,0,101,8,0
581,34,11,0,8,2,0
582,47,0,0,77,19,0
583,11,29,0,41,5,0
584,4,39,0,30,1,0
585,0,0,0,48,11,0
586,14,42,0,24,4,0
587,21,0,0,21,4,0
588,7,24,0,17,0,0
589,12,66,0,0,9,0
590,12,0,0,35,10,0
591,2,0,0,4,0,0
592,1,0,0,18,3,0
593,11,29,0,14,6,0
594,243,0,0,48,22,0
595,10,33,0,61,0,0
596,29,0,0,61,3,0
597,11,0,0,39,8,0
598,77,0,0,210,24,0
599,11,0,0,54,2,0
600,12,37,0,75,5,0
601,3,0,0,12,0,0
602,4,0,0,70,13,0
603,70,43,0,79,9,0
604,12,0,0,74,1,0
605,10,85,0,214,3,0
606,10,19,0,209,0,0
607,9,39,0,199,0,0
608,115,33,0,409,13,0
609,19,42,0,22,2,0
610,26,14,0,34,3,0
611,10,0,0,54,3,0
612,35,200,0,17,0,0
613,34,0,0,45,4,0
614,7,22,0,9,2,0
615,13,0,0,30,16,0
616,54,51,0,48,4,0
617,16,21,0,35,0,0
618,40,36,0,15,4,0
619,18,1,0,12,0,0
620,50,0,0,86,43,0
621,15,218,0,13,8,0
622,0,22,0,45,3,0
623,3,43,0,13,3,0
624,10,24,0,13,3,0
625,17,14,0,23,6,0
626,47,29,0,109,128,0
627,8,0,0,6,0,0
628,11,26,0,28,1,0
629,0,21,0,18,0,0
630,0,139,0,40,9,0
631,10,28,0,29,0,0
632,32,17,0,25,2,0
633,24,30,0,58,5,0
634,38,0,0,28,0,0
635,22,56,0,37,1,0
636,34,129,0,30,8,0
637,6,54,0,25,0,0
638,148,63,0,655,249,0
639,28,22,0,96,2,0
640,8,59,0,37,13,0
641,19,0,0,25,12,0
642,33,212,0,166,21,0
643,26,0,0,457,5,0
644,1,0,0,9,2,0
645,10,40,0,24,0,0
646,3,18,0,96,3,0
647,6,80,0,48,0,0
648,6,0,0,221,7,0
649,19,91,0,46,0,0
650,4,62,0,16,0,0
651,6,32,0,8,2,0
652,34,35,0,18,1,0
653,86,84,0,15,0,0
654,62,180,0,100,15,0
655,20,0,0,57,3,0
656,19,0,0,12,3,0
657,2,19,0,41,2,0
658,33,69,0,51,2,0
659,24,62,0,57,15,0
660,2,38,0,33,3,0
661,27,100,0,82,9,0
662,8,32,0,48,2,0
663,1,0,0,31,7,0
664,3,0,0,101,12,0
665,1,15,0,21,1,0
666,0,1,0,46,0,0
667,6,68,0,73,17,0
668,11,17,0,53,3,0
669,152,0,0,106,22,0
670,56,89,0,148,4,0
671,2,0,0,6,0,0
672,47,0,0,71,9,0
673,0,15,0,21,1,0
674,10,27,0,23,0,0
675,10,50,0,42,0,0
676,8,0,0,34,0,0
677,9,0,0,76,11,0
678,0,32,0,8,2,0
679,4,0,0,57,6,0
680,16,84,0,107,21,0
681,17,0,0,31,0,0
682,33,107,0,33,14,0
683,6,0,0,15,3,0
684,23,79,0,11,3,0
685,0,37,0,14,4,0
686,14,32,0,70,0,0
687,7,0,0,39,12,0
688,5,14,0,17,0,0
689,32,8,0,188,8,0
690,19,56,0,43,13,0
691,12,0,0,48,6,0
692,2,14,0,34,4,0
693,4,60,0,6,0,0
694,11,0,0,57,2,0
695,8,0,0,106,3,0
696,13,0,0,109,9,0
697,6,28,0,22,0,0
698,46,0,0,21,11,0
699,4,14,0,39,12,0
700,68,0,0,134,30,0
701,8,5,0,49,5,0
702,10,0,0,32,7,0
703,0,29,0,27,5,0
704,14,0,0,55,20,0
705,30,32,0,20,0,0
706,8,4,0,8,0,0
707,3,32,0,20,3,0
708,8,0,0,29,0,0
709,0,29,0,12,0,0
710,0,0,0,16,0,0
711,13,60,0,23,5,0
712,2,20,0,11,0,0
713,17,0,0,62,4,0
714,5,32,0,31,4,0
715,38,0,0,209,17,0
716,12,0,0,81,4,0
717,29,98,0,33,8,0
718,11,59,0,6,0,0
719,1,60,0,22,1,0
720,8,68,0,43,3,0
721,12,3,0,10,0,0
722,0,0,0,16,2,0
723,32,0,0,43,49,0
724,14,31,0,0,1,0
725,23,0,0,86,1,0
726,43,0,0,287,0,0
727,13,156,0,105,15,0
728,2,10,0,2,0,0
729,11,93,0,73,1,0
730,1,6,0,6,0,0
731,6,24,0,24,0,0
732,96,39,0,63,7,0
733,60,20,0,35,3,0
734,16,22,0,89,3,0
735,15,0,0,87,0,0
736,0,0,0,39,5,0
737,161,101,0,281,87,0
738,0,0,0,86,17,0
739,3,6,0,117,10,0
740,8,0,0,140,3,0
741,15,65,0,25,1,0
742,7,0,0,15,0,0
743,11,12,0,18,2,0
744,3,0,0,9,2,0
745,2,21,0,17,3,0
746,10,12,0,69,3,0
747,22,28,0,82,17,0
748,169,0,0,160,22,0
749,38,38,0,49,8,0
750,0,18,0,15,9,0
751,51,69,0,167,13,0
752,12,0,0,21,9,0
753,16,0,0,193,10,0
754,12,28,0,14,2,0
755,4,0,0,11,2,0
756,2,25,0,7,0,0
757,6,0,0,10,4,0
758,7,24,0,19,1,0
759,37,207,0,132,20,0
760,34,22,0,34,12,0
761,4,43,0,0,0,0
762,19,26,0,39,0,0
763,7,22,0,78,2,0
764,25,0,0,328,57,0
765,9,0,0,11,0,0
766,6,8,0,0,1,0
767,28,68,0,55,10,0
768,39,92,0,67,4,0
769,13,91,0,132,20,0
770,16,0,0,71,5,0
771,12,0,0,139,10,0
772,16,0,0,33,6,0
773,14,0,0,18,1,0
774,13,13,0,48,4,0
775,6,148,0,36,3,0
776,17,106,0,34,9,0
777,89,57,0,102,61,0
778,8,0,0,4,0,0
779,0,0,0,37,5,0
780,4,14,0,89,2,0
781,44,0,0,45,12,0
782,8,0,0,22,0,0
783,7,0,0,31,7,0
784,0,29,0,29,2,0
785,5,251,0,81,20,0
786,8,78,0,29,3,0
787,0,31,0,5,0,0
788,6,32,0,23,0,0
789,0,26,0,4,2,0
790,15,0,0,101,0,0
791,0,78,0,25,0,0
792,0,55,0,9,0,0
793,4,46,0,38,4,0
794,22,0,0,151,52,0
795,15,0,0,47,3,0
796,2,0,0,25,2,0
797,0,4,0,2,0,0
798,7,6,0,24,1,0
799,5,32,0,76,3,0
800,13,0,0,6,0,0
801,7,53,0,24,0,0
802,10,22,0,58,0,0
803,0,55,0,0,0,0
804,8,10,0,115,56,0
805,13,10,0,39,0,0
806,61,0,0,58,14,0
807,3,7,0,0,2,0
808,0,14,0,3,0,0
809,14,0,0,45,8,0
810,30,75,0,49,12,0
811,5,16,0,74,0,0
812,16,0,0,114,15,0
813,6,51,0,10,4,0
814,16,0,0,62,8,0
815,5,65,0,16,4,0
816,0,0,0,9,3,0
817,69,117,0,35,0,0
818,10,0,0,10,5,0
819,11,65,0,25,0,0
820,17,53,0,282,15,0
821,1,0,0,56,0,0
822,0,20,0,29,0,0
823,4,47,0,62,0,0
824,36,60,0,127,11,0
825,4,0,0,21,3,0
826,20,62,0,77,5,0
827,0,37,0,12,1,0
828,34,0,0,68,0,0
829,15,31,0,28,7,0
830,3,4,0,9,1,0
831,51,26,0,39,0,0
832,14,35,0,30,0,0
833,21,0,0,44,5,0
834,43,112,0,21,0,0
835,11,45,0,37,4,0
836,0,0,0,29,3,0
837,13,0,0,9,2,0
838,5,0,0,14,1,0
839,3,0,0,17,3,0
840,5,0,0,48,0,0
841,2,0,0,27,6,0
842,18,0,0,56,0,0
843,3,64,0,30,4,0
844,46,27,0,113,74,0
845,13,0,0,17,3,0
846,1,17,0,0,0,0
847,15,0,0,76,2,0
848,8,0,0,13,2,0
849,5,0,0,11,10,0
850,55,172,0,75,12,0
851,6,64,0,41,2,0
852,25,39,0,94,11,0
853,14,0,0,34,1,0
854,10,0,0,131,0,0
855,11,0,0,14,7,0
856,15,49,0,42,1,0
857,23,42,0,66,0,0
858,3,74,0,15,1,0
859,0,0,0,55,13,0
860,6,6,0,26,0,0
861,6,0,0,15,0,0
862,17,0,0,0,0,0
863,0,0,0,26,0,0
864,30,0,0,178,34,0
865,0,1,0,85,6,0
866,6,22,0,60,1,0
867,11,28,0,7,1,0
868,22,156,0,72,3,0
869,32,76,0,22,4,0
870,5,42,0,34,0,0
871,19,5,0,11,0,0
872,0,53,0,27,9,0
873,3,61,0,27,2,0
874,7,67,0,36,1,0
875,10,8,0,28,5,0
876,4,133,0,0,0,0
877,5,0,0,10,0,0
878,0,0,0,52,8,0
879,4,0,0,20,0,0
880,13,13,0,25,4,0
881,6,0,0,74,59,0
882,19,15,0,29,1,0
883,17,114,0,44,3,0
884,16,135,0,20,8,0
885,4,25,0,17,0,0
886,407,0,0,302,253,0
887,20,164,0,57,5,0
888,29,154,0,21,2,0
889,22,0,0,28,0,0
890,18,38,0,23,0,0
891,13,0,0,129,0,0
892,51,29,0,133,15,0
893,11,39,0,0,0,0
894,6,8,0,36,5,0
895,0,19,0,19,2,0
896,0,18,0,8,2,0
897,22,14,0,50,6,0
898,5,15,0,63,13,0
899,20,0,0,66,10,0
900,15,0,0,17,3,0
901,71,84,0,75,0,0
902,5,26,0,32,0,0
903,22,46,0,26,0,0
904,18,0,0,12,0,0
905,20,0,0,39,1,0
906,7,225,0,33,2,0
907,57,84,0,93,33,0
908,7,23,0,13,4,0
909,5,0,0,23,0,0
910,0,16,0,7,0,0
911,7,30,0,6,0,0
912,5,31,0,23,4,0
913,0,0,0,8,2,0
914,37,84,0,0,0,0
915,22,0,0,79,0,0
916,0,57,0,49,0,0
917,23,119,0,47,1,0
918,16,3,0,32,14,0
919,34,0,0,75,1,0
920,16,22,0,160,11,0
921,14,0,0,99,6,0
922,13,62,0,35,5,0
923,7,0,0,76,5,0
924,24,0,0,53,9,0
925,7,19,0,43,18,0
926,1,11,0,23,0,0
927,29,21,0,70,3,0
928,28,0,0,37,7,0
929,6,0,0,28,4,0
930,7,0,0,7,1,0
931,20,28,0,48,6,0
932,45,38,0,27,0,0
933,11,135,0,130,6,0
934,16,119,0,184,17,0
935,9,206,0,23,3,0
936,6,27,0,39,0,0
937,5,56,0,64,4,0
938,4,41,0,49,32,0
939,11,53,0,15,4,0
940,6,42,0,33,2,0
941,14,38,0,59,21,0
942,4,32,0,78,0,0
943,0,7,0,113,2,0
944,2,36,0,35,0,0
945,18,38,0,72,0,0
946,4,43,0,14,0,0
947,74,0,0,35,13,0
948,105,49,0,62,7,0
949,5,114,0,51,0,0
950,9,88,0,57,1,0
951,6,0,0,10,1,0
952,0,26,0,151,15,0
953,23,0,0,37,2,0
954,1,16,0,68,0,0
955,8,16,0,0,0,0
956,5,41,0,47,9,0
957,17,0,0,20,0,0
958,5,53,0,17,0,0
959,16,29,0,10,0,0
960,15,0,0,15,9,0
961,6,34,0,34,4,0
962,45,26,0,35,0,0
963,81,0,0,69,3,0
964,4,0,0,20,0,0
965,13,0,0,38,1,0
966,15,14,0,148,11,0
967,15,43,0,37,2,0
968,26,129,0,32,14,0
969,13,0,0,26,4,0
970,25,0,0,26,8,0
971,2,0,0,80,1,0
972,8,24,0,21,0,0
973,3,30,0,70,5,0
974,0,172,0,31,12,0
975,45,92,0,55,18,0
976,11,198,0,25,0,0
977,7,19,0,25,0,0
978,74,0,0,40,3,0
979,31,119,0,38,6,0
980,31,0,0,16,1,0
981,37,229,0,46,14,0
982,3,0,0,31,0,0
983,0,149,0,36,0,0
984,4,25,0,19,2,0
985,25,15,0,28,5,0
986,21,14,0,46,8,0
987,19,18,0,23,3,0
988,29,104,0,151,15,0
989,21,0,0,10,2,0
990,54,0,0,39,0,0
991,56,69,0,71,0,0
992,32,21,0,29,3,0
993,8,0,0,27,0,0
994,32,112,0,0,2,0
995,70,0,0,56,18,0
996,4,34,0,7,0,0
997,10,0,0,33,0,0
998,20,13,0,11,1,0
999,6,117,0,6,0,0
1000,21,0,0,17,0,0
1001,76,95,0,104,23,0
1002,14,15,0,12,0,0
1003,12,96,0,15,3,0
1004,8,0,0,32,0,0
1005,18,47,0,17,2,0
1006,4,72,0,35,5,0
1007,0,0,0,51,2,0
1008,18,32,0,30,10,0
1009,0,0,0,63,3,0
1010,10,0,0,26,5,0
1011,4,42,0,7,0,0
1012,117,0,0,103,10,0
1013,41,49,0,97,0,0
1014,17,36,0,39,6,0
1015,19,18,0,21,0,0
1016,15,14,0,93,12,0
1017,11,67,0,52,22,0
1018,0,11,0,11,0,0
1019,6,84,0,13,4,0
1020,2,0,0,57,0,0
1021,0,0,0,22,0,0
1022,30,163,0,41,2,0
1023,1,62,0,71,1,0
1024,19,96,0,16,4,0
1025,3,11,0,5,0,0
1026,47,0,0,15,5,0
1027,4,0,0,12,0,0
1028,20,0,0,40,0,0
1029,18,115,0,36,4,0
1030,103,0,0,46,0,0
1031,17,0,0,26,0,0
1032,19,0,0,55,0,0
1033,8,38,0,13,0,0
1034,69,94,0,168,7,0
1035,11,27,0,27,1,0
1036,20,76,0,15,14,0
1037,58,170,0,145,9,0
1038,13,22,0,32,0,0
1039,5,7,0,26,0,0
1040,78,121,0,62,16,0
1041,3,0,0,15,0,0
1042,40,0,0,24,10,0
1043,40,7,0,39,0,0
1044,27,39,0,35,8,0
1045,25,79,0,41,5,0
1046,24,36,0,23,0,0
1047,19,0,0,37,11,0
1048,32,154,0,64,5,0
1049,5,0,0,29,2,0
1050,45,116,0,49,28,0
1051,42,0,0,66,10,0
1052,19,0,0,26,2,0
1053,17,20,0,75,7,0
1054,12,39,0,25,2,0
1055,49,48,0,27,5,0
1056,52,60,0,64,197,0
1057,2,71,0,12,0,0
1058,17,106,0,23,4,0
1059,128,180,0,75,0,0
1060,3,0,0,43,0,0
1061,32,0,0,31,1,0
1062,0,0,0,8,2,0
1063,22,45,0,18,0,0
1064,28,0,0,119,20,0
1065,3,3,0,18,0,0
1066,0,0,0,47,6,0
1067,13,98,0,10,1,0
1068,16,63,0,46,0,0
1069,27,79,0,38,3,0
1070,8,21,0,15,0,0
1071,6,31,0,88,18,0
1072,18,0,0,27,0,0
1073,10,56,0,37,0,0
1074,0,0,0,35,0,0
1075,16,57,0,68,0,0
1076,9,37,0,179,7,0
1077,8,0,0,63,4,0
1078,3,0,0,21,9,0
1079,9,12,0,50,6,0
1080,0,0,0,36,0,0
1081,14,62,0,25,0,0
1082,8,0,0,25,0,0
1083,20,104,0,36,12,0
1084,10,0,0,199,25,0
1085,12,0,0,67,14,0
1086,34,91,0,92,0,0
1087,12,57,0,139,10,0
1088,20,38,0,18,2,0
1089,42,160,0,50,14,0
1090,0,103,0,25,0,0
1091,44,0,0,42,0,0
1092,12,91,0,52,13,0
1093,10,30,0,60,6,0
1094,2,53,0,14,0,0
1095,35,31,0,6,0,0
1096,2,0,0,21,5,0
1097,14,13,0,12,4,0
1098,3,21,0,34,2,0
1099,37,6,0,54,1,0
1100,4,46,0,37,7,0
1101,4,21,0,26,2,0
1102,1,21,0,17,1,0
1103,9,20,0,55,0,0
1104,3,147,0,79,7,0
1105,4,2,0,119,5,0
1106,10,34,0,17,0,0
1107,0,35,0,39,0,0
1108,38,0,0,24,3,0
1109,2,95,0,158,15,0
1110,20,0,0,76,7,0
1111,15,0,0,53,4,0
1112,6,25,0,5,0,0
1113,30,0,0,24,9,0
1114,28,0,0,83,8,0
1115,51,41,0,49,5,0
1116,14,22,0,44,14,0
1117,17,145,0,34,8,0
1118,3,0,0,8,4,0
1119,13,0,0,51,11,0
1120,55,0,0,21,28,0
1121,73,56,0,116,25,0
1122,27,58,0,57,4,0
1123,136,0,0,89,0,0
1124,10,0,0,17,1,0
1125,3,19,0,13,0,0
1126,13,0,0,40,4,0
1127,90,0,0,179,11,0
1128,9,16,0,129,1,0
1129,19,12,0,55,5,0
1130,13,64,0,20,3,0
1131,31,0,0,27,30,0
1132,26,59,0,61,3,0
1133,7,47,0,34,0,0
1134,159,170,0,134,15,0
1135,3,0,0,18,4,0
1136,0,78,0,72,8,0
1137,3,9,0,7,0,0
1138,26,73,0,29,0,0
1139,40,0,0,32,12,0
1140,17,61,0,35,3,0
1141,14,69,0,39,0,0
1142,0,0,0,34,0,0
1143,29,76,0,180,53,0
1144,14,49,0,0,0,0
1145,34,39,0,56,6,0
1146,3,9,0,9,0,0
1147,6,86,0,5,0,0
1148,5,0,0,0,4,0
1149,0,93,0,0,0,0
1150,0,12,0,41,0,0
1151,14,18,0,24,1,0
1152,19,57,0,11,2,0
1153,30,31,0,45,4,0
1154,11,36,0,109,6,0
1155,0,25,0,39,0,0
1156,14,120,0,64,4,0
1157,45,51,0,40,20,0
1158,50,168,0,55,1,0
1159,0,0,0,16,9,0
1160,21,24,0,107,7,0
1161,0,38,0,0,0,0
1162,5,21,0,9,0,0
1163,22,57,0,21,6,0
1164,26,36,0,41,7,0
1165,19,16,0,55,9,0
1166,25,34,0,142,9,0
1167,7,31,0,25,0,0
1168,12,53,0,0,0,0
1169,17,0,0,48,3,0
1170,17,148,0,54,3,0
1171,10,0,0,31,7,0
1172,24,43,0,119,2,0
1173,5,0,0,25,3,0
1174,8,0,0,4,4,0
1175,61,49,0,125,28,0
1176,88,99,0,334,52,0
1177,30,0,0,138,20,0
1178,1,0,0,62,0,0
1179,59,30,0,59,0,0
1180,3,20,0,8,3,0
1181,0,0,0,77,10,0
1182,4,0,0,13,0,0
1183,17,49,0,0,6,0
1184,5,56,0,15,3,0
1185,17,0,0,27,5,0
1186,23,0,0,27,5,0
1187,0,0,0,97,1,0
1188,0,0,0,125,58,0
1189,3,26,0,227,17,0
1190,108,0,0,145,6,0
1191,12,57,0,99,0,0
1192,12,61,0,147,4,0
1193,14,0,0,0,0,0
1194,40,0,0,77,8,0
1195,10,145,0,2,0,0
1196,13,76,0,25,0,0
1197,10,9,0,27,1,0
1198,7,83,0,15,4,0
1199,20,7,0,33,2,0
1200,3,48,0,37,0,0
1201,7,25,0,31,2,0
1202,9,12,0,150,3,0
1203,10,0,0,175,13,0
1204,9,0,0,240,11,0
1205,5,0,0,178,17,0
1206,7,24,0,15,0,0
1207,0,0,0,45,1,0
1208,16,66,0,61,11,0
1209,4,56,0,9,2,0
1210,4,44,0,0,0,0
1211,3,82,0,9,9,0
1212,1,56,0,7,1,0
1213,4,82,0,35,3,0
1214,46,36,0,71,13,0
1215,13,0,0,26,0,0
1216,17,144,0,18,2,0
1217,16,0,0,0,0,0
1218,12,0,0,47,2,0
1219,7,0,0,74,0,0
1220,218,0,0,49,10,0
1221,11,0,0,41,49,0
1222,1,0,0,14,7,0
1223,10,0,0,72,7,0
1224,13,0,0,47,5,0
1225,0,15,0,20,1,0
1226,25,63,0,35,6,0
1227,32,0,0,7,3,0
1228,26,135,0,66,0,0
1229,25,0,0,268,16,0
1230,0,19,0,3,2,0
1231,5,0,0,21,3,0
1232,88,0,0,257,43,0
1233,0,8,0,13,0,0
1234,34,0,0,94,6,0
1235,18,0,0,29,6,0
1236,3,19,0,11,2,0
1237,3,0,0,27,1,0
1238,22,27,0,31,7,0
1239,44,77,0,16,9,0
1240,17,150,0,20,2,0
1241,0,55,0,37,4,0
1242,14,34,0,91,0,0
1243,1,0,0,6,0,0
1244,14,171,0,84,0,0
1245,33,48,0,53,19,0
1246,2,0,0,6,2,0
1247,0,34,0,64,2,0
1248,6,35,0,48,0,0
1249,26,50,0,45,4,0
1250,20,31,0,18,5,0
1251,2,85,0,15,2,0
1252,9,0,0,74,0,0
1253,5,0,0,24,0,0
1254,2,9,0,23,0,0
1255,15,35,0,45,6,0
1256,24,0,0,71,4,0
1257,4,36,0,31,0,0
1258,4,10,0,33,0,0
1259,12,0,0,23,0,0
1260,39,116,0,139,4,0
1261,5,16,0,268,4,0
1262,9,0,0,46,4,0
1263,5,6,0,189,1,0
1264,0,36,0,65,0,0
1265,16,80,0,78,5,0
1266,0,0,0,4,0,0
1267,14,18,0,139,9,0
1268,10,4,0,116,9,0
1269,11,39,0,48,7,0
1270,3,27,0,16,1,0
1271,3,39,0,23,0,0
1272,3,32,0,8,1,0
1273,0,84,0,29,1,0
1274,28,23,0,67,7,0
1275,12,0,0,18,0,0
1276,81,32,0,63,9,0
1277,11,0,0,71,0,0
1278,1,1,0,19,0,0
1279,155,57,0,335,151,0
1280,36,0,0,95,4,0
1281,9,0,0,87,13,0
1282,9,71,0,13,2,0
1283,30,24,0,84,0,0
1284,13,0,0,93,0,0
1285,3,58,0,37,3,0
1286,0,6,0,28,0,0
1287,25,35,0,29,17,0
1288,21,0,0,41,3,0
1289,11,15,0,19,0,0
1290,0,52,0,29,0,0
1291,2,40,0,64,2,0
1292,6,12,0,9,2,0
1293,10,83,0,150,50,0
1294,13,19,0,13,3,0
1295,17,0,0,29,6,0
1296,24,5,0,37,0,0
1297,3,26,0,30,0,0
1298,4,3,0,121,0,0
1299,131,0,0,95,111,0
1300,7,105,0,109,4,0
1301,7,9,0,39,0,0
1302,21,24,0,77,0,0
1303,40,30,0,151,7,0
1304,27,74,0,29,0,0
1305,12,0,0,53,0,0
1306,15,0,0,114,16,0
1307,28,17,0,21,6,0
1308,174,286,0,154,7,0
1309,20,31,0,17,8,0
1310,23,38,0,48,0,0
1311,56,0,0,139,8,0
1312,79,40,0,60,17,0
1313,178,0,0,160,4,0
1314,2,0,0,46,0,0
1315,10,83,0,86,13,0
1316,23,53,0,12,1,0
1317,0,44,0,54,0,0
1318,41,262,0,75,0,0
1319,24,0,0,96,3,0
1320,60,0,0,56,0,0
1321,0,98,0,8,1,0
1322,9,0,0,15,0,0
1323,58,94,0,115,11,0
1324,3,18,0,12,2,0
1325,34,0,0,143,13,0
1326,52,0,0,96,3,0
1327,18,11,0,17,27,0
1328,22,8,0,15,5,0
1329,5,21,0,22,0,0
1330,269,169,0,303,61,0
1331,6,45,0,0,0,0
1332,6,0,0,12,0,0
1333,54,18,0,199,17,0
1334,49,131,0,24,4,0
1335,125,0,0,164,25,0
1336,28,23,0,62,0,0
1337,9,36,0,46,1,0
1338,4,11,0,54,3,0
1339,53,76,0,41,12,0
1340,23,17,0,169,8,0
1341,0,0,0,53,3,0
1342,94,0,0,155,14,0
1343,17,0,0,19,0,0
1344,15,10,0,46,1,0
1345,45,0,0,136,5,0
1346,110,73,0,117,12,0
1347,48,78,0,11,5,0
1348,10,94,0,53,0,0
1349,49,142,0,177,15,0
1350,44,72,0,188,0,0
1351,10,57,0,47,4,0
1352,152,36,0,294,12,0
1353,47,50,0,225,25,0
1354,13,117,0,29,4,0
1355,39,35,0,9,0,0
1356,37,65,0,18,0,0
1357,8,42,0,44,3,0
1358,18,91,0,95,10,0
1359,48,0,0,37,10,0
1360,12,0,0,17,7,0
1361,12,0,0,73,1,0
1362,4,34,0,31,0,0
1363,7,15,0,10,0,0
1364,27,92,0,39,0,0
1365,57,0,0,23,0,0
1366,38,0,0,42,3,0
1367,0,0,0,12,0,0
1368,162,0,0,198,7,0
1369,15,0,0,37,0,0
1370,33,0,0,56,0,0
1371,19,0,0,67,2,0
1372,6,0,0,6,3,0
1373,5,17,0,80,2,0
1374,2,0,0,68,0,0
1375,37,0,0,43,5,0
1376,56,91,0,53,5,0
1377,45,58,0,53,6,0
1378,23,0,0,102,0,0
1379,13,25,0,36,0,0
1380,21,32,0,76,0,0
1381,20,35,0,108,0,0
1382,5,85,0,52,3,0
1383,26,0,0,220,1,0
1384,40,56,0,64,11,0
1385,9,57,0,12,0,0
1386,28,79,0,70,0,0
1387,72,57,0,110,5,0
1388,1,14,0,27,0,0
1389,0,25,0,36,4,0
1390,26,34,0,130,1,0
1391,14,52,0,25,1,0
1392,0,0,0,35,0,0
1393,13,0,0,61,0,0
1394,11,18,0,72,0,0
1395,59,37,0,70,4,0
1396,66,99,0,147,4,0
1397,10,0,0,105,0,0
1398,20,0,0,110,9,0
1399,4,0,0,104,0,0
1400,15,0,0,58,4,0
1401,71,0,0,120,15,0
1402,126,144,0,164,9,0
1403,22,56,0,125,2,0
1404,0,11,0,14,4,0
1405,158,53,0,311,12,0
1406,70,49,0,28,2,0
1407,6,7,0,150,23,0
1408,40,0,0,141,3,0
1409,18,0,0,22,0,0
1410,5,0,0,87,1,0
1411,63,0,0,153,0,0
1412,19,0,0,52,2,0
1413,9,74,0,14,4,0
1414,7,53,0,130,0,0
1415,16,7,0,37,0,0
1416,7,24,0,36,4,0
1417,15,1,0,324,12,0
1418,46,0,0,102,1,0
1419,25,0,0,158,27,0
1420,32,0,0,181,3,0
1421,22,0,0,145,3,0
1422,16,39,0,145,0,0
1423,1,25,0,162,2,0
1424,6,62,0,52,5,0
1425,9,0,0,42,0,0
1426,1,23,0,68,10,0
1427,35,0,0,134,6,0
1428,23,0,0,351,77,0
1429,22,115,0,267,9,0
1430,55,59,0,197,22,0
1431,32,0,0,270,10,0
1432,50,0,0,259,7,0
1433,20,0,0,60,0,0
1434,13,0,0,323,6,0
1435,129,0,0,303,48,0
1436,0,56,0,50,0,0
1437,51,70,0,54,0,0
1438,17,0,0,12,5,0
1439,11,0,0,96,0,0
1440,38,0,0,178,21,0
1441,8,60,0,41,0,0
1442,0,44,0,18,0,0
1443,22,36,0,124,7,0
1444,3,0,0,40,0,0
1445,6,0,0,52,0,0
1446,20,24,0,0,0,0
1447,45,0,0,134,0,0
1448,0,18,0,112,9,0
1449,0,0,0,86,0,0
1450,22,50,0,96,4,0
1451,4,42,0,18,0,0
1452,4,0,0,66,4,0
1453,2,7,0,56,1,0
1454,3,0,0,25,0,0
1455,3,21,0,41,0,0
1456,14,0,0,38,0,0
1457,32,72,0,36,4,0
1458,4,0,0,96,0,0
1459,4,14,0,81,9,0
1460,15,0,0,18,2,0
1461,3,66,0,91,7,0
1462,6,21,0,9,2,0
1463,12,0,0,20,0,0
1464,22,30,0,112,0,0
1465,17,0,0,138,7,0
1466,29,0,0,51,1,0
1467,61,92,0,202,3,0
1468,13,19,0,56,1,0
1469,106,36,0,381,35,0
1470,15,0,0,360,4,0
1471,6,0,0,105,6,0
1472,25,0,0,116,3,0
1473,20,8,0,295,0,0
1474,6,83,0,66,5,0
1475,21,0,0,63,2,0
1476,21,0,0,212,17,0
1477,4,0,0,46,4,0
1478,7,38,0,33,0,0
1479,0,0,0,73,0,0
1480,34,93,0,174,14,0
1481,2,22,0,41,2,0
1482,20,8,0,194,0,0
1483,8,0,0,71,0,0
1484,4,163,0,183,7,0
1485,38,11,0,110,3,0
1486,7,16,0,159,1,0
1487,24,52,0,53,1,0
1488,0,0,0,136,0,0
1489,6,0,0,114,0,0
1490,5,39,0,74,1,0
1491,12,0,0,38,2,0
1492,9,133,0,47,6,0
1493,35,21,0,28,3,0
1494,19,13,0,46,0,0
1495,22,0,0,113,5,0
1496,136,85,0,165,5,0
1497,5,34,0,28,5,0
1498,18,10,0,90,5,0
1499,34,19,0,114,7,0
1500,78,76,0,142,22,0
1501,40,13,0,400,6,0
1502,18,0,0,130,0,0
1503,2,48,0,53,0,0
1504,23,83,0,41,0,0
1505,7,72,0,104,4,0
1506,213,84,0,158,37,0
1507,4,12,0,17,0,0
1508,10,0,0,62,2,0
1509,9,0,0,60,1,0
1510,0,16,0,47,0,0
1511,4,0,0,26,0,0
1512,2,0,0,40,0,0
1513,22,104,0,102,0,0
1514,10,9,0,47,0,0
1515,7,0,0,232,4,0
1516,44,208,0,205,11,0
1517,20,0,0,134,7,0
1518,17,0,0,166,2,0
1519,68,65,0,174,15,0
1520,20,180,0,69,68,0
1521,42,151,0,63,10,0
1522,23,79,0,82,0,0
1523,142,0,0,246,6,0
1524,12,0,0,26,2,0
1525,18,40,0,120,3,0
1526,0,17,0,70,0,0
1527,6,64,0,20,0,0
1528,14,38,0,37,2,0
1529,63,120,0,606,50,0
1530,20,104,0,25,0,0
1531,17,24,0,76,4,0
1532,43,183,0,201,16,0
1533,64,0,0,51,4,0
1534,9,28,0,116,0,0
1535,10,0,0,65,0,0
1536,0,50,0,52,3,0
1537,7,76,0,34,0,0
1538,11,0,0,19,4,0
1539,26,0,0,77,2,0
1540,20,0,0,109,1,0
1541,5,79,0,48,4,0
1542,29,0,0,40,15,0
1543,12,90,0,46,3,0
1544,3,0,0,6,0,0
1545,20,0,0,0,0,0
1546,14,0,0,48,2,0
1547,23,25,0,33,10,0
1548,9,14,0,30,2,0
1549,9,34,0,38,0,0
1550,8,0,0,28,3,0
1551,21,19,0,133,33,0
1552,5,10,0,93,5,0
1553,34,17,0,50,26,0
1554,28,0,0,86,0,0
1555,0,92,0,58,2,0
1556,7,57,0,29,3,0
1557,5,32,0,39,3,0
1558,3,32,0,7,1,0
1559,33,32,0,140,6,0
1560,11,8,0,7,0,0
1561,4,98,0,22,2,0
1562,16,0,0,19,0,0
1563,39,0,0,85,3,0
1564,31,28,0,34,2,0
1565,0,0,0,46,5,0
1566,18,24,0,139,0,0
1567,8,53,0,17,3,0
1568,5,23,0,38,0,0
1569,103,7,0,57,137,0
1570,27,97,0,16,0,0
1571,8,22,0,28,0,0
1572,11,0,0,3,0,0
1573,30,0,0,78,46,0
1574,33,21,0,40,9,0
1575,58,0,0,189,71,0
1576,11,0,0,15,3,0
1577,19,0,0,50,3,0
1578,10,2,0,29,3,0
1579,6,16,0,35,0,0
1580,9,12,0,47,5,0
1581,4,33,0,85,11,0
1582,38,0,0,28,52,0
1583,0,16,0,24,3,0
1584,28,66,0,128,18,0
1585,2,29,0,7,0,0
1586,4,36,0,10,0,0
1587,14,23,0,268,6,0
1588,7,0,0,12,0,0
1589,11,26,0,29,6,0
1590,12,47,0,64,6,0
1591,0,186,0,62,10,0
1592,53,61,0,168,40,0
1593,0,14,0,6,1,0
1594,18,78,0,30,5,0
1595,0,0,0,15,0,0
1596,3,32,0,35,1,0
1597,4,0,0,29,0,0
1598,18,0,0,26,0,0
1599,19,16,0,67,0,0
1600,6,0,0,26,0,0
1601,6,10,0,25,0,0
1602,22,18,0,144,0,0
1603,56,12,0,108,20,0
1604,121,47,0,68,20,0
1605,19,63,0,148,1,0
1606,14,34,0,34,0,0
1607,6,64,0,19,3,0
1608,2,0,0,8,5,0
1609,17,18,0,81,8,0
1610,10,29,0,47,2,0
1611,35,0,0,66,7,0
1612,16,0,0,10,1,0
1613,61,0,0,86,18,0
1614,39,0,0,91,0,0
1615,18,11,0,47,0,0
1616,53,33,0,39,2,0
1617,7,0,0,8,2,0
1618,22,0,0,52,1,0
1619,29,0,0,29,6,0
1620,17,0,0,44,0,0
1621,19,34,0,96,4,0
1622,20,24,0,48,6,0
1623,69,0,0,179,10,0
1624,0,21,0,20,0,0
1625,15,55,0,65,6,0
1626,27,28,0,38,0,0
1627,37,0,0,78,3,0
1628,64,165,0,87,5,0
1629,118,0,0,98,41,0
1630,5,32,0,34,5,0
1631,11,40,0,10,4,0
1632,81,0,0,110,77,0
1633,0,45,0,74,10,0
1634,14,40,0,25,6,0
1635,1,42,0,27,1,0
1636,27,0,0,0,0,0
1637,42,0,0,94,11,0
1638,21,0,0,76,19,0
1639,5,0,0,174,3,0
1640,7,80,0,14,0,0
1641,3,0,0,0,2,0
1642,56,125,0,94,32,0
1643,4,237,0,8,5,0
1644,8,50,0,13,2,0
1645,0,99,0,13,2,0
1646,4,26,0,11,0,0
1647,5,52,0,27,1,0
1648,6,30,0,156,1,0
1649,0,0,0,8,0,0
1650,6,77,0,19,11,0
1651,95,172,0,196,18,0
1652,6,25,0,179,10,0
1653,21,58,0,35,0,0
1654,12,0,0,38,1,0
1655,9,0,0,28,6,0
1656,11,0,0,73,4,0
1657,5,147,0,24,0,0
1658,17,65,0,17,1,0
1659,13,8,0,0,2,0
1660,14,0,0,30,2,0
1661,6,71,0,67,2,0
1662,0,104,0,64,0,0
1663,2,29,0,37,63,0
1664,15,35,0,35,0,0
1665,41,0,0,62,19,0
1666,8,53,0,11,0,0
1667,0,0,0,61,5,0
1668,8,0,0,34,0,0
1669,0,2,0,13,0,0
1670,4,0,0,27,0,0
1671,28,0,0,4,4,0
1672,10,0,0,138,10,0
1673,3,88,0,89,0,0
1674,5,67,0,15,3,0
1675,14,33,0,14,0,0
1676,11,1,0,61,0,0
1677,13,68,0,65,6,0
1678,52,0,0,70,11,0
1679,14,69,0,55,2,0
1680,2,32,0,9,5,0
1681,6,20,0,38,2,0
1682,0,76,0,0,1,0
1683,2,37,0,30,0,0
1684,4,0,0,35,1,0
1685,10,46,0,55,1,0
1686,7,52,0,17,0,0
1687,24,0,0,69,4,0
1688,9,0,0,22,2,0
1689,7,0,0,60,2,0
1690,1,20,0,42,2,0
1691,6,7,0,50,20,0
1692,5,33,0,167,19,0
1693,6,0,0,46,5,0
1694,3,48,0,36,2,0
1695,1,69,0,33,0,0
1696,8,0,0,320,42,0
1697,7,77,0,29,0,0
1698,18,89,0,52,0,0
1699,8,0,0,22,2,0
1700,9,115,0,20,10,0
1701,5,0,0,129,1,0
1702,10,0,0,47,8,0
1703,0,21,0,23,3,0
1704,0,0,0,42,0,0
1705,21,24,0,82,1,0
1706,11,17,0,45,1,0
1707,8,0,0,51,0,0
1708,8,0,0,38,1,0
1709,0,5,0,6,3,0
1710,16,166,0,19,5,0
1711,5,0,0,23,4,0
1712,10,59,0,36,0,0
1713,109,340,0,50,1,0
1714,6,22,0,25,0,0
1715,4,0,0,67,6,0
1716,2,44,0,26,0,0
1717,0,0,0,45,2,0
1718,39,0,0,142,39,0
1719,22,65,0,25,4,0
1720,18,82,0,233,4,0
1721,1,123,0,69,2,0
1722,13,109,0,36,4,0
1723,4,0,0,27,5,0
1724,13,20,0,41,0,0
1725,0,143,0,56,14,0
1726,16,71,0,107,0,0
1727,37,276,0,160,19,0
1728,8,0,0,290,5,0
1729,76,65,0,264,15,0
1730,0,30,0,95,2,0
1731,0,0,0,39,0,0
1732,7,138,0,58,3,0
1733,0,71,0,26,6,0
1734,0,35,0,8,4,0
1735,3,53,0,22,2,0
1736,2,22,0,16,2,0
1737,21,0,0,14,13,0
1738,0,13,0,55,0,0
1739,5,0,0,50,0,0
1740,10,68,0,54,0,0
1741,4,0,0,23,0,0
1742,4,44,0,40,2,0
1743,1,73,0,32,0,0
1744,19,46,0,38,2,0
1745,9,123,0,28,6,0
1746,4,21,0,46,9,0
1747,101,157,0,65,20,0
1748,37,0,0,14,9,0
1749,8,11,0,15,0,0
1750,18,26,0,51,5,0
1751,9,127,0,76,9,0
1752,10,61,0,60,0,0
1753,54,0,0,26,0,0
1754,20,70,0,28,9,0
1755,27,10,0,70,25,0
1756,3,53,0,20,1,0
1757,13,19,0,14,0,0
1758,11,38,0,20,186,0
1759,5,0,0,8,0,0
1760,0,0,0,127,14,0
1761,9,36,0,43,1,0
1762,45,0,0,31,5,0
1763,0,0,0,38,5,0
1764,5,33,0,30,0,0
1765,72,0,0,63,11,0
1766,19,0,0,46,13,0
1767,13,31,0,46,7,0
1768,0,30,0,12,0,0
1769,8,0,0,11,3,0
1770,10,65,0,31,0,0
1771,70,0,0,140,17,0
1772,3,0,0,15,3,0
1773,86,176,0,54,0,0
1774,10,50,0,21,3,0
1775,24,0,0,64,2,0
1776,10,10,0,51,7,0
1777,11,0,0,46,0,0
1778,119,159,0,90,11,0
1779,7,40,0,42,7,0
1780,1,30,0,26,5,0
1781,22,20,0,25,2,0
1782,17,0,0,68,4,0
1783,33,88,0,33,4,0
1784,21,0,0,61,1,0
1785,27,92,0,82,138,0
1786,6,21,0,6,0,0
1787,12,0,0,140,0,0
1788,0,0,0,22,4,0
1789,4,0,0,134,5,0
1790,0,0,0,43,0,0
1791,8,0,0,41,0,0
1792,22,0,0,99,7,0
1793,3,22,0,10,1,0
1794,6,21,0,20,0,0
1795,0,28,0,17,0,0
1796,25,100,0,303,4,0
1797,0,35,0,14,3,0
1798,8,54,0,61,4,0
1799,10,4,0,56,0,0
1800,0,50,0,85,5,0
1801,5,9,0,16,1,0
1802,21,64,0,27,7,0
1803,2,102,0,16,0,0
1804,16,0,0,155,7,0
1805,14,29,0,51,5,0
1806,10,46,0,32,0,0
1807,13,76,0,16,0,0
1808,48,146,0,134,7,0
1809,31,120,0,41,7,0
1810,14,0,0,41,0,0
1811,10,20,0,102,3,0
1812,4,0,0,95,0,0
1813,1,0,0,24,0,0
1814,10,0,0,24,7,0
1815,4,0,0,66,11,0
1816,17,30,0,19,0,0
1817,7,0,0,74,2,0
1818,16,0,0,80,0,0
1819,24,80,0,62,5,0
1820,49,106,0,95,0,0
1821,34,79,0,40,8,0
1822,20,0,0,48,8,0
1823,34,17,0,36,1,0
1824,3,0,0,0,0,0
1825,10,78,0,21,0,0
1826,5,57,0,51,7,0
1827,1,22,0,11,0,0
1828,10,13,0,19,2,0
1829,2,0,0,15,0,0
1830,9,16,0,82,0,0
1831,16,68,0,34,7,0
1832,15,122,0,13,3,0
1833,7,90,0,11,6,0
1834,6,52,0,65,18,0
1835,6,38,0,67,0,0
1836,7,29,0,4,1,0
1837,2,0,0,0,0,0
1838,9,36,0,82,16,0
1839,2,0,0,20,3,0
1840,0,0,0,7,2,0
1841,2,73,0,67,1,0
1842,16,32,0,16,3,0
1843,3,21,0,20,0,0
1844,13,30,0,84,0,0
1845,1,20,0,18,0,0
1846,5,93,0,13,1,0
1847,41,11,0,133,6,0
1848,4,0,0,46,9,0
1849,1,0,0,39,0,0
1850,8,14,0,26,0,0
1851,6,54,0,19,0,0
1852,8,14,0,0,1,0
1853,0,34,0,14,2,0
1854,16,16,0,22,0,0
1855,2,0,0,1,4,0
1856,0,0,0,9,3,0
1857,5,0,0,0,3,0
1858,4,12,0,17,0,0
1859,39,128,0,107,0,0
1860,7,17,0,18,4,0
1861,18,32,0,63,3,0
1862,2,22,0,8,0,0
1863,14,1,0,48,7,0
1864,7,55,0,0,1,0
1865,23,0,0,8,0,0
1866,5,0,0,31,4,0
1867,20,19,0,68,0,0
1868,3,0,0,12,2,0
1869,0,16,0,31,3,0
1870,3,0,0,33,0,0
1871,0,0,0,0,0,0
1872,5,21,0,34,2,0
1873,3,0,0,14,0,0
1874,48,0,0,127,0,0
1875,14,0,0,86,0,0
1876,28,0,0,57,0,0
1877,28,85,0,28,0,0
1878,1,0,0,10,0,0
1879,16,5,0,101,26,0
1880,27,0,0,73,0,0
1881,7,0,0,0,5,0
1882,11,0,0,20,3,0
1883,31,6,0,29,5,0
1884,46,0,0,34,11,0
1885,0,160,0,54,8,0
1886,14,0,0,89,7,0
1887,12,42,0,39,9,0
1888,132,0,0,108,14,0
1889,18,0,0,142,0,0
1890,0,0,0,64,0,0
1891,34,0,0,52,14,0
1892,36,13,0,65,0,0
1893,0,54,0,22,0,0
1894,4,15,0,7,1,0
1895,4,0,0,100,9,0
1896,0,5,0,16,0,0
1897,0,56,0,84,8,0
1898,22,102,0,141,27,0
1899,14,0,0,57,20,0
1900,16,75,0,104,6,0
1901,4,0,0,9,3,0
1902,9,40,0,131,11,0
1903,8,74,0,32,3,0
1904,2,0,0,9,0,0
1905,9,0,0,66,4,0
1906,19,17,0,59,12,0
1907,41,179,0,91,13,0
1908,12,30,0,28,8,0
1909,24,32,0,58,6,0
1910,0,3,0,65,0,0
1911,1,0,0,1,0,0
1912,13,0,0,102,16,0
1913,40,0,0,33,12,0
1914,40,24,0,49,3,0
1915,5,37,0,7,2,0
1916,20,120,0,209,0,0
1917,4,20,0,47,4,0
1918,4,21,0,81,1,0
1919,15,13,0,118,6,0
1920,0,30,0,303,5,0
1921,17,115,0,60,19,0
1922,4,0,0,77,1,0
1923,35,64,0,32,4,0
1924,22,39,0,131,4,0
1925,15,0,0,0,0,0
1926,3,0,0,10,2,0
1927,10,33,0,15,6,0
1928,2,0,0,73,0,0
1929,12,11,0,60,0,0
1930,133,0,0,81,15,0
1931,14,0,0,19,15,0
1932,6,39,0,54,3,0
1933,10,29,0,8,0,0
1934,6,15,0,23,0,0
1935,20,0,0,19,0,0
1936,8,0,0,18,0,0
1937,8,30,0,56,2,0
1938,13,40,0,26,1,0
1939,17,126,0,17,7,0
1940,19,43,0,6,0,0
1941,32,53,0,109,0,0
1942,4,31,0,63,5,0
1943,35,0,0,32,4,0
1944,11,56,0,15,0,0
1945,0,0,0,23,1,0
1946,3,18,0,19,6,0
1947,10,0,0,148,18,0
1948,19,0,0,54,0,0
1949,20,102,0,21,2,0
1950,36,14,0,256,113,0
1951,8,67,0,0,2,0
1952,5,29,0,16,3,0
1953,0,46,0,4,0,0
1954,3,0,0,8,0,0
1955,5,0,0,32,1,0
1956,5,22,0,9,1,0
1957,129,0,0,199,54,0
1958,36,49,0,35,0,0
1959,8,0,0,29,0,0
1960,0,0,0,12,1,0
1961,18,148,0,34,24,0
1962,12,0,0,24,3,0
1963,0,8,0,15,6,0
1964,31,0,0,118,9,0
1965,27,77,0,76,11,0
1966,97,0,0,78,6,0
1967,43,29,0,348,24,0
1968,9,0,0,87,0,0
1969,23,0,0,56,1,0
1970,28,53,0,53,0,0
1971,20,75,0,86,6,0
1972,50,27,0,27,0,0
1973,16,0,0,55,0,0
1974,12,23,0,6,0,0
1975,10,20,0,20,4,0
1976,0,0,0,38,6,0
1977,4,0,0,23,0,0
1978,6,45,0,22,1,0
1979,29,51,0,37,3,0
1980,12,38,0,44,1,0
1981,6,70,0,26,0,0
1982,13,0,0,26,2,0
1983,303,0,0,199,33,0
1984,19,0,0,89,12,0
1985,18,12,0,102,11,0
1986,0,35,0,15,0,0
1987,5,25,0,8,0,0
1988,0,0,0,14,2,0
1989,2,0,0,29,0,0
1990,22,0,0,22,6,0
1991,30,0,0,48,7,0
1992,12,0,0,0,0,0
1993,9,0,0,134,13,0
1994,0,74,0,113,0,0
1995,0,76,0,29,0,0
1996,0,153,0,214,0,0
1997,14,0,0,6,3,0
1998,4,0,0,8,0,0
1999,23,53,0,46,7,0
2000,6,29,0,7,1,0
2001,54,90,0,84,19,0
2002,3,0,0,18,2,0
2003,5,70,0,16,4,0
2004,7,5,0,21,3,0
2005,37,185,0,25,0,0
2006,3,0,0,9,9,0
2007,0,51,0,24,0,0
2008,45,17,0,42,3,0
2009,11,86,0,74,0,0
2010,21,35,0,36,3,0
2011,41,187,0,36,3,0
2012,308,0,0,202,34,0
2013,2,0,0,56,0,0
2014,24,34,0,27,7,0
2015,2,35,0,52,14,0
2016,6,0,0,71,0,0
2017,5,145,0,67,0,0
2018,37,207,0,178,43,0
2019,4,79,0,82,3,0
2020,9,19,0,92,4,0
2021,24,0,0,109,29,0
2022,19,0,0,47,8,0
2023,2,15,0,19,7,0
2024,3,14,0,121,6,0
2025,0,42,0,65,0,0
2026,3,0,0,35,3,0
2027,9,53,0,25,0,0
2028,21,0,0,113,3,0
2029,4,131,0,4,0,0
2030,23,0,0,159,0,0
2031,0,0,0,54,21,0
2032,5,36,0,20,1,0
2033,3,29,0,17,2,0
2034,10,41,0,91,3,0
2035,19,51,0,36,0,0
2036,56,149,0,65,31,0
2037,144,0,0,134,77,0
2038,12,38,0,11,5,0
2039,22,67,0,215,2,0
2040,4,56,0,6,0,0
2041,4,27,0,9,0,0
2042,13,0,0,35,4,0
2043,7,0,0,38,12,0
2044,18,0,0,50,3,0
2045,4,0,0,11,1,0
2046,28,0,0,174,2,0
2047,31,0,0,101,0,0
2048,8,12,0,41,7,0
2049,3,14,0,81,3,0
2050,32,0,0,85,8,0
2051,14,15,0,88,2,0
2052,1,14,0,7,0,0
2053,46,105,0,93,3,0
2054,7,0,0,0,0,0
2055,21,18,0,82,49,0
2056,23,59,0,30,43,0
2057,12,119,0,7,2,0
2058,15,83,0,40,0,0
2059,7,0,0,11,0,0
2060,12,374,0,89,41,0
2061,18,48,0,36,8,0
2062,22,0,0,31,5,0
2063,6,0,0,12,2,0
2064,16,59,0,16,2,0
2065,11,53,0,71,6,0
2066,21,26,0,28,0,0
2067,35,0,0,270,18,0
2068,8,25,0,97,0,0
2069,13,87,0,46,11,0
2070,45,136,0,269,24,0
2071,15,15,0,35,0,0
2072,25,0,0,112,8,0
2073,5,18,0,19,7,0
2074,27,38,0,27,15,0
2075,6,19,0,49,4,0
2076,12,0,0,21,4,0
2077,20,17,0,67,0,0
2078,7,127,0,15,14,0
2079,14,54,0,24,3,0
2080,30,114,0,199,15,0
2081,50,158,0,55,31,0
2082,34,3,0,29,0,0
2083,17,70,0,31,7,0
2084,3,15,0,30,5,0
2085,4,9,0,30,0,0
2086,34,122,0,144,3,0
2087,2,0,0,32,2,0
2088,10,0,0,35,3,0
2089,9,0,0,92,6,0
2090,10,28,0,22,2,0
2091,37,0,0,137,58,0
2092,2,29,0,102,10,0
2093,8,49,0,88,0,0
2094,0,93,0,439,15,0
2095,5,36,0,70,7,0
2096,74,14,0,143,57,0
2097,18,1,0,154,3,0
2098,23,21,0,59,13,0
2099,4,0,0,85,4,0
2100,0,0,0,18,0,0
2101,0,17,0,83,0,0
2102,18,43,0,110,2,0
2103,11,0,0,22,0,0
2104,13,79,0,22,19,0
2105,2,0,0,41,6,0
2106,6,14,0,51,4,0
2107,46,17,0,164,0,0
2108,14,44,0,93,4,0
2109,1,27,0,200,6,0
2110,11,57,0,169,2,0
2111,10,49,0,89,0,0
2112,0,61,0,64,1,0
2113,14,0,0,99,3,0
2114,3,0,0,40,0,0
2115,2,34,0,76,0,0
2116,47,212,0,312,6,0
2117,39,63,0,71,23,0
2118,4,31,0,38,5,0
2119,19,20,0,70,0,0
2120,37,20,0,98,0,0
2121,7,42,0,54,3,0
2122,55,0,0,203,9,0
2123,84,39,0,228,12,0
2124,4,17,0,44,1,0
2125,6,17,0,72,0,0
2126,58,105,0,154,11,0
2127,102,59,0,173,10,0
2128,43,94,0,94,57,0
2129,2,42,0,47,5,0
2130,13,0,0,20,0,0
2131,18,45,0,78,16,0
2132,3,18,0,47,0,0
2133,0,22,0,16,1,0
2134,13,23,0,6,0,0
2135,25,0,0,65,3,0
2136,1,0,0,13,8,0
2137,5,48,0,78,3,0
2138,0,0,0,12,0,0
2139,0,0,0,27,0,0
2140,16,250,0,31,4,0
2141,25,8,0,45,3,0
2142,7,5,0,53,2,0
2143,5,0,0,53,0,0
2144,11,56,0,31,7,0
2145,110,0,0,182,26,0
2146,19,100,0,48,5,0
2147,36,0,0,181,17,0
2148,6,48,0,44,3,0
2149,24,26,0,107,6,0
2150,7,13,0,22,9,0
2151,4,50,0,115,9,0
2152,9,0,0,67,4,0
2153,0,44,0,23,0,0
2154,5,54,0,30,0,0
2155,50,0,0,83,23,0
2156,13,0,0,7,0,0
2157,12,34,0,34,0,0
2158,38,38,0,66,2,0
2159,54,0,0,39,5,0
2160,17,0,0,72,4,0
2161,57,130,0,34,0,0
2162,8,44,0,28,0,0
2163,15,0,0,28,4,0
2164,10,0,0,11,0,0
2165,64,35,0,93,16,0
2166,15,58,0,13,1,0
2167,12,37,0,12,0,0
2168,24,42,0,31,9,0
2169,6,94,0,55,0,0
2170,2,0,0,34,8,0
2171,0,54,0,6,2,0
2172,14,48,0,56,2,0
2173,7,0,0,60,4,0
2174,30,131,0,51,4,0
2175,3,4,0,42,1,0
2176,34,21,0,46,13,0
2177,78,98,0,33,13,0
2178,1,51,0,43,1,0
2179,0,34,0,51,3,0
2180,18,0,0,160,4,0
2181,5,38,0,33,5,0
2182,8,26,0,12,8,0
2183,5,0,0,0,0,0
2184,24,13,0,61,3,0
2185,21,0,0,25,0,0
2186,5,43,0,8,8,0
2187,5,30,0,53,0,0
2188,33,350,0,60,5,0
2189,0,28,0,15,1,0
2190,17,93,0,77,13,0
2191,3,8,0,14,1,0
2192,12,0,0,32,5,0
2193,16,97,0,18,1,0
2194,21,27,0,20,0,0
2195,7,13,0,52,6,0
2196,13,29,0,108,0,0
2197,4,40,0,40,2,0
2198,77,186,0,74,0,0
2199,44,41,0,19,2,0
2200,8,0,0,44,3,0
2201,161,0,0,157,48,0
2202,54,0,0,141,35,0
2203,28,119,0,34,157,0
2204,11,74,0,60,29,0
2205,38,58,0,42,7,0
2206,25,42,0,54,9,0
2207,8,6,0,35,60,0
2208,20,138,0,78,83,0
2209,10,0,0,0,0,0
2210,21,0,0,16,0,0
2211,11,151,0,42,8,0
2212,42,42,0,129,17,0
2213,11,43,0,13,0,0
2214,5,8,0,20,0,0
2215,46,54,0,133,14,0
2216,13,119,0,44,13,0
2217,0,0,0,30,0,0
2218,30,0,0,58,42,0
2219,3,18,0,109,5,0
2220,16,40,0,34,2,0
2221,37,23,0,258,90,0
2222,11,0,0,36,1,0
2223,0,0,0,108,6,0
2224,6,19,0,20,0,0
2225,34,0,0,203,5,0
2226,7,0,0,137,11,0
2227,4,10,0,86,0,0
2228,13,14,0,61,1,0
2229,25,20,0,23,0,0
2230,34,204,0,65,13,0
2231,23,0,0,39,13,0
2232,0,0,0,0,15,0
2233,12,0,0,95,11,0
2234,302,0,0,644,278,0
2235,4,38,0,28,0,0
2236,5,0,0,21,2,0
2237,4,176,0,4,0,0
2238,0,0,0,154,0,0
2239,3,0,0,17,0,0
2240,16,59,0,61,4,0
2241,27,0,0,10,3,0
2242,33,0,0,29,20,0
2243,24,24,0,5,0,0
2244,2,38,0,17,1,0
2245,77,55,0,99,13,0
2246,15,8,0,36,3,0
2247,21,24,0,56,7,0
2248,88,133,0,48,6,0
2249,3,0,0,60,0,0
2250,16,48,0,36,8,0
2251,0,0,0,54,3,0
2252,7,30,0,39,14,0
2253,5,0,0,0,3,0
2254,15,0,0,80,21,0
2255,30,59,0,86,0,0
2256,12,24,0,28,0,0
2257,0,38,0,84,1,0
2258,0,39,0,51,0,0
2259,0,0,0,38,0,0
2260,5,0,0,10,0,0
2261,4,0,0,43,1,0
2262,0,0,0,9,1,0
2263,4,48,0,16,4,0
2264,54,97,0,29,1,0
2265,9,0,0,31,9,0
2266,0,0,0,33,2,0
2267,16,0,0,126,7,0
2268,128,120,0,330,159,0
2269,110,197,0,161,21,0
2270,31,48,0,46,1,0
2271,242,0,0,199,46,0
2272,72,0,0,67,40,0
2273,17,24,0,19,13,0
2274,4,0,0,39,16,0
2275,0,0,0,19,2,0
2276,4,0,0,7,0,0
2277,18,80,0,20,3,0
2278,46,216,0,176,6,0
2279,21,0,0,43,13,0
2280,11,21,0,62,0,0
2281,50,43,0,112,0,0
2282,90,0,0,83,12,0
2283,0,32,0,10,4,0
2284,16,131,0,96,0,0
2285,58,92,0,75,15,0
2286,99,80,0,105,93,0
2287,0,13,0,52,0,0
2288,3,0,0,14,0,0
2289,10,40,0,57,4,0
2290,6,12,0,45,9,0
2291,5,80,0,49,4,0
2292,103,0,0,116,32,0
2293,5,0,0,72,3,0
2294,48,15,0,200,9,0
2295,20,46,0,360,10,0
2296,183,50,0,241,44,0
2297,8,12,0,61,1,0
2298,27,27,0,160,13,0
2299,8,38,0,12,0,0
2300,4,29,0,58,4,0
2301,0,0,0,18,2,0
2302,15,0,0,62,11,0
2303,6,0,0,8,0,0
2304,1,0,0,9,0,0
2305,25,0,0,53,2,0
2306,7,0,0,99,0,0
2307,2,34,0,21,5,0
2308,11,0,0,43,2,0
2309,0,24,0,15,2,0
2310,0,30,0,38,0,0
2311,38,58,0,23,7,0
2312,30,0,0,34,0,0
2313,13,0,0,8,0,0
2314,11,0,0,46,0,0
2315,0,0,0,0,4,0
2316,18,0,0,14,0,0
2317,7,28,0,14,4,0
2318,0,57,0,17,0,0
2319,19,26,0,4,0,0
2320,8,0,0,25,4,0
2321,22,71,0,34,0,0
2322,2,0,0,36,2,0
2323,6,71,0,15,0,0
2324,12,0,0,266,5,0
2325,17,82,0,9,5,0
2326,5,11,0,37,9,0
2327,0,69,0,16,1,0
2328,17,71,0,57,10,0
2329,6,41,0,19,2,0
2330,59,56,0,81,60,0
2331,15,11,0,11,0,0
2332,10,34,0,25,6,0
2333,6,6,0,11,0,0
2334,43,46,0,43,0,0
2335,10,0,0,8,3,0
2336,18,44,0,31,10,0
2337,76,66,0,99,24,0
2338,35,27,0,323,37,0
2339,11,31,0,19,5,0
2340,0,56,0,3,1,0
2341,4,27,0,13,6,0
2342,48,0,0,80,7,0
2343,36,5,0,90,12,0
2344,12,70,0,30,8,0
2345,20,27,0,49,0,0
2346,22,0,0,85,0,0
2347,21,49,0,32,2,0
2348,23,117,0,90,23,0
2349,8,0,0,94,0,0
2350,3,0,0,47,0,0
2351,6,93,0,71,20,0
2352,15,110,0,13,2,0
2353,5,27,0,43,2,0
2354,54,131,0,102,6,0
2355,95,0,0,144,8,0
2356,49,0,0,64,0,0
2357,27,24,0,45,4,0
2358,3,0,0,30,0,0
2359,5,0,0,24,0,0
2360,0,8,0,0,0,0
2361,49,0,0,43,11,0
2362,5,0,0,22,3,0
2363,0,0,0,19,0,0
2364,0,7,0,11,2,0
2365,9,0,0,38,2,0
2366,13,286,0,66,31,0
2367,0,0,0,17,2,0
2368,0,32,0,11,0,0
2369,5,0,0,14,3,0
2370,7,0,0,23,4,0
2371,35,41,0,136,1,0
2372,23,0,0,174,16,0
2373,8,31,0,71,5,0
2374,82,176,0,136,17,0
2375,7,0,0,12,0,0
2376,40,36,0,22,2,0
2377,52,0,0,90,15,0
2378,77,0,0,46,5,0
2379,14,33,0,37,7,0
2380,10,0,0,23,8,0
2381,47,0,0,27,8,0
2382,20,26,0,34,9,0
2383,0,6,0,16,1,0
2384,8,25,0,19,0,0
2385,32,122,0,23,0,0
2386,11,47,0,14,5,0
2387,5,14,0,29,2,0
2388,24,59,0,34,0,0
2389,32,66,0,60,17,0
2390,19,54,0,61,25,0
2391,0,0,0,56,0,0
2392,50,0,0,23,4,0
2393,10,0,0,37,1,0
2394,10,0,0,22,5,0
2395,3,0,0,6,0,0
2396,6,15,0,34,2,0
2397,7,147,0,51,4,0
2398,5,0,0,53,0,0
2399,0,0,0,38,0,0
2400,0,0,0,17,0,0
2401,0,0,0,1,0,0
2402,29,35,0,196,6,0
2403,0,60,0,12,1,0
2404,2,11,0,27,0,0
2405,31,0,0,32,11,0
2406,0,0,0,12,2,0
2407,0,0,0,78,2,0
2408,9,0,0,75,7,0
2409,83,0,0,54,17,0
2410,3,0,0,154,45,0
2411,12,0,0,146,41,0
2412,9,2,0,58,5,0
2413,3,17,0,10,0,0
2414,51,0,0,169,8,0
2415,3,102,0,83,3,0
2416,94,29,0,93,5,0
2417,14,68,0,151,15,0
2418,0,15,0,19,10,0
2419,53,154,0,366,35,0
2420,0,0,0,128,11,0
2421,11,13,0,154,24,0
2422,18,0,0,145,43,0
2423,7,1,0,129,2,0
2424,7,0,0,120,5,0
2425,60,0,0,23,0,0
2426,5,15,0,55,0,0
2427,10,6,0,0,0,0
2428,0,0,0,44,8,0
2429,11,0,0,70,23,0
2430,20,2,0,25,1,0
2431,31,105,0,62,4,0
2432,0,42,0,20,5,0
2433,4,20,0,0,3,0
2434,1,0,0,12,2,0
2435,9,36,0,5,0,0
2436,9,53,0,41,6,0
2437,96,0,0,187,28,0
2438,0,0,0,23,2,0
2439,5,34,0,11,0,0
2440,4,15,0,31,5,0
2441,7,80,0,28,0,0
2442,7,0,0,22,0,0
2443,5,122,0,95,0,0
2444,1,26,0,15,3,0
2445,2,93,0,0,2,0
2446,5,0,0,30,0,0
2447,24,52,0,9,0,0
2448,23,9,0,48,1,0
2449,0,46,0,36,0,0
2450,12,0,0,11,0,0
2451,5,0,0,29,0,0
2452,13,0,0,42,0,0
2453,14,0,0,61,0,0
2454,33,200,0,35,6,0
2455,21,0,0,12,7,0
2456,46,96,0,59,4,0
2457,0,46,0,16,1,0
2458,0,139,0,53,4,0
2459,0,0,0,40,0,0
2460,3,13,0,10,1,0
2461,78,306,0,151,23,0
2462,37,35,0,142,13,0
2463,9,11,0,26,1,0
2464,44,24,0,40,14,0
2465,22,47,0,19,5,0
2466,12,25,0,49,5,0
2467,10,74,0,21,8,0
2468,6,2,0,55,6,0
2469,4,30,0,13,1,0
2470,8,19,0,37,4,0
2471,3,0,0,27,3,0
2472,6,33,0,12,1,0
2473,9,18,0,5,1,0
2474,24,44,0,28,3,0
2475,9,58,0,16,5,0
2476,2,0,0,2,0,0
2477,8,31,0,38,11,0
2478,0,0,0,65,8,0
2479,24,20,0,166,4,0
2480,44,75,0,40,8,0
2481,0,8,0,0,0,0
2482,0,0,0,16,1,0
2483,16,0,0,25,1,0
2484,11,45,0,17,38,0
2485,0,0,0,50,0,0
2486,17,0,0,29,0,0
2487,18,14,0,34,0,0
2488,7,38,0,166,8,0
2489,12,94,0,23,0,0
2490,0,96,0,6,0,0
2491,0,0,0,18,0,0
2492,3,0,0,25,0,0
2493,4,15,0,12,0,0
2494,0,20,0,46,5,0
2495,4,27,0,32,5,0
2496,0,95,0,39,0,0
2497,22,132,0,89,21,0
2498,7,27,0,10,5,0
2499,18,122,0,96,0,0
2500,66,31,0,119,3,0
2501,0,45,0,7,2,0
2502,11,35,0,53,20,0
2503,14,23,0,336,32,0
2504,0,63,0,59,3,0
2505,16,0,0,24,2,0
2506,81,200,0,78,21,0
2507,7,45,0,11,0,0
2508,69,0,0,128,53,0
2509,16,67,0,16,3,0
2510,8,0,0,34,3,0
2511,7,61,0,97,0,0
2512,0,47,0,10,1,0
2513,41,79,0,72,26,0
2514,24,5,0,100,11,0
2515,0,0,0,30,10,0
2516,16,31,0,103,1,0
2517,20,33,0,79,4,0
2518,12,36,0,65,0,0
2519,54,0,0,82,0,0
2520,0,7,0,104,4,0
2521,14,0,0,41,5,0
2522,8,0,0,57,5,0
2523,16,51,0,62,12,0
2524,6,13,0,11,0,0
2525,0,1,0,8,1,0
2526,8,65,0,59,1,0
2527,7,0,0,24,3,0
2528,56,98,0,99,7,0
2529,20,61,0,64,25,0
2530,3,19,0,42,4,0
2531,7,0,0,43,3,0
2532,24,63,0,35,7,0
2533,32,61,0,91,0,0
2534,5,52,0,64,0,0
2535,10,0,0,25,0,0
2536,3,0,0,200,7,0
2537,22,0,0,13,3,0
2538,3,110,0,23,2,0
2539,3,61,0,58,0,0
2540,2,80,0,40,0,0
2541,37,9,0,41,3,0
2542,22,0,0,87,7,0
2543,29,180,0,29,18,0
2544,9,58,0,5,1,0
2545,20,0,0,82,26,0
2546,6,44,0,53,3,0
2547,2,72,0,14,1,0
2548,10,0,0,9,1,0
2549,9,14,0,39,0,0
2550,6,6,0,23,0,0
2551,7,30,0,94,0,0
2552,17,0,0,476,13,0
2553,0,0,0,70,2,0
2554,44,0,0,52,8,0
2555,81,97,0,147,18,0
2556,5,87,0,30,0,0
2557,3,16,0,8,1,0
2558,14,28,0,91,0,0
2559,3,0,0,47,0,0
2560,5,8,0,35,3,0
2561,8,0,0,179,2,0
2562,5,0,0,82,3,0
2563,8,0,0,121,0,0
2564,13,22,0,89,7,0
2565,112,89,0,68,0,0
2566,25,13,0,80,0,0
2567,17,0,0,44,0,0
2568,18,74,0,180,1,0
2569,0,51,0,9,1,0
2570,22,0,0,0,10,0
2571,23,36,0,36,16,0
2572,6,0,0,4,1,0
2573,2,36,0,124,0,0
2574,18,27,0,30,0,0
2575,5,31,0,11,0,0
2576,9,0,0,8,0,0
2577,3,48,0,48,0,0
2578,64,40,0,50,6,0
2579,0,0,0,53,0,0
2580,70,0,0,49,2,0
2581,74,0,0,54,4,0
2582,3,12,0,98,2,0
2583,3,0,0,86,5,0
2584,10,26,0,24,0,0
2585,20,37,0,5,2,0
2586,12,35,0,21,3,0
2587,33,128,0,139,10,0
2588,0,0,0,116,0,0
2589,47,35,0,114,8,0
2590,25,0,0,52,6,0
2591,0,0,0,117,6,0
2592,20,241,0,76,23,0
2593,5,135,0,66,0,0
2594,58,18,0,128,2,0
2595,13,124,0,24,3,0
2596,0,18,0,3,0,0
2597,0,0,0,103,0,0
2598,8,44,0,82,3,0
2599,33,68,0,55,5,0
2600,15,5,0,133,1,0
2601,7,0,0,28,58,0
2602,7,29,0,75,2,0
2603,8,0,0,70,0,0
2604,66,39,0,107,19,0
2605,18,210,0,96,0,0
2606,21,46,0,100,1,0
2607,24,100,0,111,0,0
2608,3,1,0,34,0,0
2609,3,0,0,134,0,0
2610,3,30,0,128,0,0
2611,1,53,0,13,0,0
2612,9,0,0,157,6,0
2613,8,0,0,80,0,0
2614,0,0,0,29,2,0
2615,15,10,0,261,21,0
2616,42,39,0,129,9,0
2617,26,0,0,382,20,0
2618,54,0,0,132,19,0
2619,61,0,0,185,10,0
2620,7,60,0,72,4,0
2621,6,6,0,8,5,0
2622,70,0,0,73,7,0
2623,3,7,0,59,7,0
2624,29,37,0,31,5,0
2625,21,44,0,49,6,0
2626,21,15,0,55,0,0
2627,4,0,0,26,3,0
2628,0,111,0,46,6,0
2629,24,0,0,276,11,0
2630,67,0,0,436,238,0
2631,95,91,0,496,63,0
2632,10,0,0,32,8,0
2633,2,35,0,94,0,0
2634,69,0,0,213,0,0
2635,14,0,0,128,1,0
2636,2,74,0,19,2,0
2637,12,3,0,71,0,0
2638,10,49,0,88,12,0
2639,0,0,0,39,3,0
2640,33,0,0,86,3,0
2641,6,0,0,67,4,0
2642,11,0,0,91,8,0
2643,9,0,0,66,7,0
2644,6,29,0,26,4,0
2645,10,0,0,27,0,0
2646,10,44,0,73,0,0
2647,35,0,0,38,8,0
2648,8,29,0,20,0,0
2649,0,95,0,0,0,0
2650,0,25,0,28,3,0
2651,10,0,0,75,1,0
2652,22,64,0,44,5,0
2653,14,67,0,38,3,0
2654,0,36,0,17,2,0
2655,6,28,0,143,32,0
2656,7,40,0,7,4,0
2657,7,38,0,82,3,0
2658,0,65,0,107,4,0
2659,15,0,0,27,0,0
2660,44,111,0,58,0,0
2661,2,0,0,28,8,0
2662,10,63,0,54,3,0
2663,19,0,0,52,16,0
2664,18,43,0,84,6,0
2665,12,22,0,110,0,0
2666,0,60,0,140,8,0
2667,0,0,0,0,3,0
2668,1,0,0,24,0,0
2669,6,25,0,151,0,0
2670,0,33,0,112,5,0
2671,11,0,0,85,13,0
2672,39,0,0,25,15,0
2673,8,0,0,79,3,0
2674,6,0,0,67,9,0
2675,8,20,0,69,3,0
2676,10,0,0,17,0,0
2677,19,28,0,133,0,0
2678,9,0,0,23,5,0
2679,28,82,0,8,5,0
2680,16,136,0,161,13,0
2681,7,0,0,16,1,0
2682,27,0,0,60,17,0
2683,2,30,0,23,2,0
2684,2,0,0,1,3,0
2685,71,183,0,125,23,0
2686,6,46,0,9,2,0
2687,5,24,0,18,2,0
2688,30,0,0,86,8,0
2689,54,51,0,188,22,0
2690,56,59,0,146,50,0
2691,7,0,0,20,0,0
2692,44,0,0,173,16,0
2693,27,0,0,33,0,0
2694,11,0,0,64,9,0
2695,56,63,0,48,1,0
2696,9,83,0,0,0,0
2697,0,161,0,24,0,0
2698,6,0,0,3,3,0
2699,2,8,0,19,1,0
2700,27,74,0,9,6,0
2701,0,37,0,19,1,0
2702,3,0,0,8,0,0
2703,2,3,0,22,2,0
2704,15,0,0,141,18,0
2705,20,91,0,84,22,0
2706,5,0,0,22,3,0
2707,13,82,0,118,1,0
2708,0,44,0,7,0,0
2709,8,0,0,62,1,0
2710,0,2,0,16,0,0
2711,2,0,0,34,9,0
2712,27,0,0,90,14,0
2713,24,0,0,38,6,0
2714,12,144,0,68,8,0
2715,38,25,0,37,18,0
2716,32,34,0,69,4,0
2717,5,0,0,28,4,0
2718,25,92,0,36,5,0
2719,23,0,0,137,25,0
2720,17,10,0,20,1,0
2721,16,34,0,27,7,0
2722,82,245,0,133,77,0
2723,0,121,0,92,7,0
2724,8,121,0,30,0,0
2725,4,0,0,8,2,0
2726,1,0,0,48,2,0
2727,9,26,0,49,0,0
2728,31,65,0,212,9,0
2729,6,0,0,23,2,0
2730,0,0,0,2,0,0
2731,4,22,0,21,2,0
2732,16,0,0,110,5,0
2733,8,0,0,13,0,0
2734,4,0,0,117,3,0
2735,13,0,0,56,3,0
2736,2,17,0,83,7,0
2737,13,0,0,107,3,0
2738,5,0,0,52,5,0
2739,0,0,0,58,0,0
2740,6,30,0,59,2,0
2741,1,29,0,42,1,0
2742,7,0,0,26,4,0
2743,4,20,0,14,0,0
2744,24,0,0,20,23,0
2745,40,19,0,49,3,0
2746,3,0,0,27,0,0
2747,57,98,0,69,0,0
2748,0,0,0,18,1,0
2749,26,75,0,139,15,0
2750,1,22,0,63,3,0
2751,9,0,0,7,1,0
2752,12,27,0,50,3,0
2753,28,34,0,153,8,0
2754,18,32,0,34,2,0
2755,6,120,0,11,2,0
2756,1,44,0,49,0,0
2757,35,0,0,19,5,0
2758,0,90,0,11,6,0
2759,2,48,0,14,1,0
2760,0,0,0,47,17,0
2761,29,3,0,113,119,0
2762,0,14,0,27,0,0
2763,28,68,0,21,0,0
2764,0,95,0,18,0,0
2765,1,162,0,42,11,0
2766,5,0,0,41,0,0
2767,2,88,0,89,81,0
2768,7,127,0,30,0,0
2769,0,43,0,11,1,0
2770,1,36,0,15,0,0
2771,2,0,0,19,0,0
2772,3,31,0,69,0,0
2773,16,0,0,96,0,0
2774,4,43,0,9,4,0
2775,7,89,0,23,0,0
2776,0,29,0,53,0,0
2777,26,111,0,152,9,0
2778,5,0,0,21,0,0
2779,2,113,0,15,0,0
2780,89,68,0,0,29,0
2781,11,22,0,48,6,0
2782,16,51,0,13,0,0
2783,83,205,0,67,14,0
2784,1,33,0,4,0,0
2785,38,0,0,54,5,0
2786,0,28,0,15,11,0
2787,10,43,0,16,4,0
2788,10,67,0,32,10,0
2789,13,0,0,5,0,0
2790,5,2,0,54,39,0
2791,2,18,0,10,5,0
2792,0,10,0,55,0,0
2793,20,0,0,71,3,0
2794,6,0,0,23,1,0
2795,13,0,0,25,9,0
2796,10,75,0,17,4,0
2797,20,26,0,9,1,0
2798,34,0,0,161,15,0
2799,7,0,0,106,14,0
2800,1,71,0,26,0,0
2801,4,51,0,22,0,0
2802,6,0,0,16,0,0
2803,45,50,0,69,17,0
2804,7,0,0,25,1,0
2805,16,89,0,38,5,0
2806,7,74,0,0,2,0
2807,35,111,0,70,7,0
2808,6,32,0,51,0,0
2809,21,131,0,2,1,0
2810,6,39,0,167,11,0
2811,2,37,0,39,0,0
2812,0,44,0,7,0,0
2813,35,146,0,96,12,0
2814,5,27,0,0,2,0
2815,26,27,0,23,0,0
2816,0,0,0,94,4,0
2817,8,52,0,53,2,0
2818,39,0,0,112,5,0
2819,35,71,0,60,7,0
2820,5,13,0,21,0,0
2821,29,0,0,75,0,0
2822,5,0,0,30,7,0
2823,56,27,0,72,50,0
2824,40,38,0,109,17,0
2825,13,13,0,0,0,0
2826,9,0,0,28,4,0
2827,6,0,0,20,0,0
2828,3,0,0,17,1,0
2829,11,116,0,32,22,0
2830,160,0,0,304,104,0
2831,45,0,0,102,33,0
2832,2,10,0,13,2,0
2833,4,38,0,37,5,0
2834,0,0,0,8,1,0
2835,5,37,0,22,0,0
2836,19,23,0,43,0,0
2837,3,13,0,17,1,0
2838,4,0,0,5,1,0
2839,10,118,0,12,8,0
2840,8,0,0,81,2,0
2841,0,29,0,16,0,0
2842,13,110,0,56,2,0
2843,0,26,0,84,6,0
2844,19,114,0,16,18,0
2845,11,85,0,8,4,0
2846,4,0,0,3,2,0
2847,21,0,0,7,2,0
2848,0,16,0,13,0,0
2849,15,6,0,30,0,0
2850,4,84,0,35,4,0
2851,21,107,0,37,2,0
2852,6,16,0,76,3,0
2853,0,65,0,55,1,0
2854,5,8,0,25,3,0
2855,3,56,0,23,3,0
2856,6,43,0,56,4,0
2857,7,33,0,13,0,0
2858,11,0,0,35,19,0
2859,5,17,0,29,7,0
2860,0,0,0,35,1,0
2861,20,50,0,123,0,0
2862,0,0,0,2,0,0
2863,4,4,0,36,3,0
2864,26,53,0,116,5,0
2865,108,27,0,187,117,0
2866,0,1,0,65,1,0
2867,26,50,0,30,16,0
2868,0,0,0,3,0,0
2869,3,15,0,6,2,0
2870,8,0,0,27,0,0
2871,0,56,0,43,0,0
2872,0,37,0,0,1,0
2873,5,36,0,40,1,0
2874,0,43,0,7,1,0
2875,7,36,0,62,10,0
2876,4,0,0,43,0,0
2877,1,0,0,70,22,0
2878,0,2,0,26,3,0
2879,58,0,0,62,0,0
2880,10,10,0,0,3,0
2881,0,27,0,11,0,0
2882,19,0,0,33,0,0
2883,15,0,0,59,7,0
2884,28,38,0,62,25,0
2885,4,0,0,9,1,0
2886,19,13,0,98,4,0
2887,22,0,0,89,0,0
2888,10,32,0,35,2,0
2889,49,58,0,424,35,0
2890,3,19,0,36,23,0
2891,4,17,0,20,3,0
2892,6,0,0,0,0,0
2893,7,20,0,22,0,0
2894,10,82,0,20,10,0
2895,5,0,0,17,2,0
2896,8,0,0,20,2,0
2897,3,85,0,28,7,0
2898,4,74,0,50,9,0
2899,5,73,0,24,2,0
2900,43,0,0,239,12,0
2901,4,15,0,50,10,0
2902,5,0,0,12,7,0
2903,2,32,0,46,0,0
2904,1,21,0,14,8,0
2905,0,113,0,36,21,0
2906,27,32,0,69,26,0
2907,23,80,0,62,7,0
2908,55,0,0,99,7,0
2909,25,0,0,16,5,0
2910,6,6,0,6,4,0
2911,19,0,0,72,8,0
2912,2,0,0,17,2,0
2913,0,0,0,95,5,0
2914,25,135,0,39,5,0
2915,0,24,0,34,0,0
2916,1,57,0,24,2,0
2917,24,0,0,132,7,0
2918,9,67,0,10,0,0
2919,10,0,0,65,5,0
2920,21,0,0,28,0,0
2921,4,0,0,41,0,0
2922,19,63,0,49,0,0
2923,7,0,0,22,8,0
2924,47,27,0,12,0,0
2925,10,0,0,27,5,0
2926,15,10,0,20,0,0
2927,40,81,0,57,10,0
2928,5,92,0,30,0,0
2929,0,0,0,19,3,0
2930,2,6,0,15,2,0
2931,0,0,0,38,0,0
2932,19,83,0,19,0,0
2933,0,14,0,43,2,0
2934,22,0,0,85,10,0
2935,0,11,0,8,0,0
2936,19,55,0,53,6,0
2937,9,51,0,27,0,0
2938,4,0,0,229,6,0
2939,9,83,0,15,3,0
2940,7,12,0,11,0,0
2941,21,17,0,36,13,0
2942,5,0,0,34,2,0
2943,5,4,0,28,3,0
2944,8,12,0,29,7,0
2945,13,0,0,34,0,0
2946,6,66,0,55,2,0
2947,20,122,0,95,0,0
2948,18,0,0,21,0,0
2949,23,0,0,36,7,0
2950,36,84,0,12,5,0
2951,0,0,0,24,0,0
2952,3,7,0,29,0,0
2953,5,91,0,10,9,0
2954,21,28,0,192,11,0
2955,0,42,0,20,1,0
2956,2,20,0,32,0,0
2957,0,1,0,30,7,0
2958,3,0,0,8,0,0
2959,4,23,0,19,0,0
2960,6,0,0,91,11,0
2961,1,0,0,27,0,0
2962,11,0,0,29,0,0
2963,4,1,0,6,0,0
2964,0,0,0,28,0,0
2965,5,76,0,22,0,0
2966,0,83,0,113,5,0
2967,9,0,0,20,0,0
2968,5,0,0,1,0,0
2969,0,0,0,0,7,0
2970,16,33,0,71,4,0
2971,13,0,0,36,2,0
2972,7,2,0,32,0,0
2973,0,91,0,1,5,0
2974,26,146,0,8,10,0
2975,8,108,0,33,0,0
2976,33,20,0,54,8,0
2977,24,30,0,26,12,0
2978,0,8,0,12,0,0
2979,11,15,0,21,3,0
2980,9,14,0,73,19,0
2981,17,0,0,34,107,0
2982,0,22,0,13,0,0
2983,1,17,0,50,5,0
2984,0,0,0,66,16,0
2985,0,0,0,28,1,0
2986,8,125,0,58,3,0
2987,6,82,0,43,7,0
2988,21,0,0,53,0,0
2989,32,0,0,8,6,0
2990,10,0,0,77,13,0
2991,20,41,0,9,2,0
2992,49,0,0,57,6,0
2993,11,0,0,217,0,0
2994,3,66,0,78,7,0
2995,0,0,0,191,5,0
2996,4,73,0,0,0,0
2997,16,0,0,59,5,0
2998,38,42,0,53,6,0
2999,4,0,0,10,2,0
3000,1,30,0,33,1,0
3001,4,0,0,9,0,0
3002,18,0,0,76,4,0
3003,35,0,0,179,12,0
3004,17,50,0,10,7,0
3005,57,190,0,63,0,0
3006,12,18,0,31,4,0
3007,0,45,0,11,0,0
3008,2,0,0,41,2,0
3009,0,0,0,19,9,0
3010,28,19,0,112,20,0
3011,18,25,0,48,1,0
3012,6,104,0,20,0,0
3013,16,148,0,73,4,0
3014,34,0,0,231,46,0
3015,5,0,0,8,3,0
3016,32,0,0,110,12,0
3017,8,0,0,8,3,0
3018,1,24,0,1,0,0
3019,9,31,0,43,0,0
3020,27,29,0,13,5,0
3021,25,5,0,15,2,0
3022,12,16,0,0,0,0
3023,10,13,0,25,1,0
3024,11,20,0,34,1,0
3025,75,127,0,104,28,0
3026,3,0,0,5,0,0
3027,43,0,0,12,0,0
3028,0,0,0,0,4,0
3029,20,0,0,17,0,0
3030,13,54,0,28,5,0
3031,25,38,0,37,8,0
3032,18,0,0,27,8,0
3033,3,33,0,24,1,0
3034,0,31,0,26,0,0
3035,12,68,0,117,0,0
3036,70,0,0,282,43,0
3037,16,102,0,11,4,0
3038,3,1,0,139,3,0
3039,7,16,0,33,1,0
3040,9,17,0,53,0,0
3041,4,0,0,80,0,0
3042,4,0,0,39,7,0
3043,22,7,0,62,0,0
3044,11,0,0,77,31,0
3045,21,0,0,80,0,0
3046,15,83,0,13,0,0
3047,25,29,0,95,15,0
3048,2,57,0,18,1,0
3049,3,0,0,12,0,0
3050,0,3,0,8,0,0
3051,5,46,0,16,16,0
3052,4,0,0,10,2,0
3053,7,54,0,21,0,0
3054,1,8,0,27,0,0
3055,5,2,0,34,1,0
3056,0,317,0,80,5,0
3057,5,36,0,21,0,0
3058,3,30,0,13,0,0
3059,0,65,0,35,0,0
3060,2,28,0,0,0,0
3061,0,116,0,39,4,0
3062,19,0,0,5,1,0
3063,11,58,0,39,4,0
3064,7,0,0,32,4,0
3065,1,0,0,13,0,0
3066,7,12,0,15,0,0
3067,39,120,0,43,0,0
3068,52,79,0,91,7,0
3069,8,0,0,7,0,0
3070,10,8,0,34,4,0
3071,2,18,0,28,1,0
3072,6,0,0,11,1,0
3073,6,0,0,48,5,0
3074,35,97,0,68,4,0
3075,0,44,0,10,1,0
3076,0,87,0,23,3,0
3077,4,86,0,80,9,0
3078,9,0,0,7,0,0
3079,34,8,0,26,0,0
3080,0,2,0,24,3,0
3081,0,0,0,20,2,0
3082,19,67,0,49,5,0
3083,11,0,0,57,6,0
3084,10,61,0,11,0,0
3085,20,25,0,26,5,0
3086,10,0,0,61,7,0
3087,17,45,0,86,5,0
3088,90,0,0,171,180,0
3089,19,103,0,57,0,0
3090,65,0,0,190,16,0
3091,57,0,0,63,27,0
3092,23,0,0,62,11,0
3093,21,21,0,157,2,0
3094,51,0,0,77,0,0
3095,0,6,0,54,4,0
3096,24,52,0,25,8,0
3097,41,0,0,13,3,0
3098,31,158,0,39,1,0
3099,20,0,0,27,14,0
3100,15,19,0,10,0,0
3101,10,45,0,0,0,0
3102,19,138,0,9,9,0
3103,0,0,0,40,6,0
3104,11,0,0,41,0,0
3105,4,39,0,14,6,0
3106,15,53,0,31,3,0
3107,0,82,0,33,0,0
3108,4,48,0,32,0,0
3109,6,25,0,7,4,0
3110,6,31,0,68,0,0
3111,6,14,0,13,4,0
3112,0,84,0,89,4,0
3113,0,1,0,0,0,0
3114,12,82,0,28,10,0
3115,21,43,0,17,3,0
3116,2,25,0,53,6,0
3117,0,0,0,17,0,0
3118,20,0,0,43,3,0
3119,19,0,0,114,0,0
3120,3,21,0,41,3,0
3121,5,0,0,53,1,0
3122,7,10,0,15,0,0
3123,4,0,0,55,2,0
3124,7,29,0,62,0,0
3125,0,26,0,19,0,0
3126,3,0,0,26,4,0
3127,40,160,0,87,0,0
3128,4,18,0,4,2,0
3129,15,0,0,76,11,0
3130,30,0,0,17,25,0
3131,9,0,0,26,4,0
3132,0,31,0,22,4,0
3133,43,0,0,17,10,0
3134,163,0,0,125,5,0
3135,0,32,0,156,58,0
3136,2,28,0,8,3,0
3137,15,114,0,65,11,0
3138,1,7,0,4,0,0
3139,7,37,0,56,6,0
3140,2,46,0,0,0,0
3141,12,62,0,0,0,0
3142,15,0,0,62,33,0
3143,66,129,0,74,6,0
3144,0,106,0,12,9,0
3145,2,0,0,9,0,0
3146,6,10,0,17,1,0
3147,8,56,0,34,5,0
3148,11,94,0,57,10,0
3149,15,22,0,70,30,0
3150,6,55,0,23,0,0
3151,6,16,0,29,0,0
3152,13,58,0,14,11,0
3153,7,39,0,12,0,0
3154,24,40,0,36,1,0
3155,37,0,0,34,0,0
3156,12,51,0,32,9,0
3157,11,14,0,21,0,0
3158,74,0,0,41,12,0
3159,14,24,0,38,4,0
3160,19,37,0,20,1,0
3161,36,0,0,16,0,0
3162,20,0,0,18,5,0
3163,0,6,0,43,2,0
3164,9,53,0,28,6,0
3165,81,0,0,92,19,0
3166,2,0,0,16,2,0
3167,34,81,0,59,11,0
3168,15,0,0,34,3,0
3169,138,296,0,205,9,0
3170,16,19,0,22,0,0
3171,10,36,0,20,0,0
3172,6,63,0,9,0,0
3173,2,0,0,0,1,0
3174,9,264,0,13,1,0
3175,5,34,0,50,0,0
3176,9,11,0,42,0,0
3177,7,0,0,2,0,0
3178,16,43,0,15,8,0
3179,0,0,0,10,1,0
3180,8,34,0,0,0,0
3181,5,0,0,35,3,0
3182,10,39,0,42,2,0
3183,22,0,0,58,7,0
3184,9,63,0,73,5,0
3185,45,97,0,49,16,0
3186,5,3,0,35,0,0
3187,11,54,0,16,0,0
3188,16,52,0,20,2,0
3189,4,0,0,21,4,0
3190,10,0,0,109,7,0
3191,27,75,0,206,2,0
3192,5,24,0,100,1,0
3193,13,17,0,73,1,0
3194,15,0,0,36,0,0
3195,15,0,0,139,6,0
3196,10,0,0,2,0,0
3197,7,48,0,15,2,0
3198,9,23,0,58,4,0
3199,7,24,0,17,3,0
3200,32,59,0,81,19,0
3201,6,16,0,24,1,0
3202,8,43,0,24,4,0
3203,24,0,0,44,2,0
3204,21,0,0,87,11,0
3205,0,0,0,56,8,0
3206,15,91,0,54,0,0
3207,0,28,0,36,32,0
3208,49,0,0,4,0,0
3209,3,0,0,12,0,0
3210,12,0,0,245,11,0
3211,18,0,0,44,0,0
3212,15,18,0,16,8,0
3213,7,105,0,36,0,0
3214,0,29,0,16,0,0
3215,4,11,0,38,2,0
3216,18,0,0,80,11,0
3217,131,0,0,265,78,0
3218,6,91,0,33,0,0
3219,50,0,0,66,5,0
3220,5,25,0,0,0,0
3221,16,78,0,20,6,0
3222,5,16,0,51,3,0
3223,14,0,0,29,0,0
3224,7,26,0,24,2,0
3225,1,0,0,24,0,0
3226,15,53,0,11,0,0
3227,9,17,0,79,0,0
3228,2,92,0,53,1,0
3229,2,0,0,19,0,0
3230,35,20,0,47,11,0
3231,0,89,0,98,15,0
3232,58,191,0,99,7,0
3233,10,0,0,15,6,0
3234,11,0,0,57,3,0
3235,4,38,0,36,1,0
3236,8,0,0,14,2,0
3237,2,0,0,31,4,0
3238,11,41,0,113,4,0
3239,23,0,0,29,16,0
3240,14,0,0,8,5,0
3241,5,34,0,90,11,0
3242,5,48,0,32,3,0
3243,0,25,0,12,0,0
3244,76,158,0,107,39,0
3245,70,170,0,41,10,0
3246,3,41,0,28,10,0
3247,23,76,0,33,9,0
3248,12,0,0,32,2,0
3249,13,17,0,45,0,0
3250,27,0,0,42,10,0
3251,6,12,0,30,8,0
3252,122,29,0,355,11,0
3253,5,50,0,22,0,0
3254,7,7,0,53,0,0
3255,11,15,0,35,0,0
3256,9,10,0,60,0,0
3257,23,0,0,44,11,0
3258,153,177,0,196,13,0
3259,15,79,0,38,12,0
3260,12,0,0,51,0,0
3261,13,0,0,14,1,0
3262,2,4,0,54,2,0
3263,18,0,0,26,0,0
3264,0,0,0,2,0,0
3265,15,47,0,55,3,0
3266,11,33,0,49,1,0
3267,38,2,0,75,6,0
3268,51,0,0,50,5,0
3269,0,0,0,16,1,0
3270,18,99,0,34,1,0
3271,27,0,0,31,5,0
3272,8,52,0,34,3,0
3273,26,0,0,22,1,0
3274,20,19,0,55,6,0
3275,13,0,0,28,3,0
3276,5,0,0,4,5,0
3277,19,0,0,25,0,0
3278,26,108,0,213,14,0
3279,0,24,0,5,1,0
3280,6,37,0,17,0,0
3281,3,0,0,12,0,0
3282,0,84,0,11,0,0
3283,0,0,0,13,2,0
3284,10,33,0,161,3,0
3285,8,9,0,0,12,0
3286,5,73,0,20,6,0
3287,17,51,0,73,0,0
3288,0,0,0,8,36,0
3289,3,68,0,56,3,0
3290,0,46,0,66,6,0
3291,10,59,0,55,0,0
3292,0,0,0,61,0,0
3293,4,68,0,6,1,0
3294,10,26,0,46,4,0
3295,0,0,0,18,3,0
3296,19,44,0,48,0,0
3297,4,0,0,6,0,0
3298,0,12,0,70,4,0
3299,2,0,0,34,0,0
3300,2,55,0,15,0,0
3301,0,0,0,19,0,0
3302,7,3,0,19,1,0
3303,18,34,0,134,10,0
3304,3,38,0,18,0,0
3305,0,33,0,5,0,0
3306,0,95,0,13,0,0
3307,0,57,0,9,0,0
3308,12,82,0,23,7,0
3309,3,14,0,128,3,0
3310,8,31,0,28,1,0
3311,2,48,0,14,1,0
3312,2,19,0,25,3,0
3313,6,23,0,14,1,0
3314,17,33,0,9,0,0
3315,58,295,0,215,122,0
3316,216,0,0,361,184,0
3317,5,17,0,0,0,0
3318,9,28,0,49,0,0
3319,24,37,0,63,3,0
3320,9,0,0,103,4,0
3321,12,9,0,39,2,0
3322,42,0,0,1,3,0
3323,21,89,0,0,1,0
3324,4,0,0,43,5,0
3325,51,325,0,86,18,0
3326,3,140,0,66,0,0
3327,16,2,0,87,6,0
3328,74,133,0,110,5,0
3329,3,0,0,55,4,0
3330,3,0,0,47,6,0
3331,2,35,0,28,0,0
3332,14,13,0,47,0,0
3333,0,38,0,77,2,0
3334,3,2,0,102,1,0
3335,35,41,0,42,7,0
3336,23,0,0,59,12,0
3337,17,109,0,196,12,0
3338,20,19,0,27,0,0
3339,0,0,0,71,0,0
3340,57,140,0,90,31,0
3341,56,110,0,97,1,0
3342,13,0,0,69,1,0
3343,59,0,0,47,5,0
3344,0,0,0,5,0,0
3345,6,0,0,16,0,0
3346,33,48,0,34,0,0
3347,2,37,0,24,4,0
3348,16,0,0,72,0,0
3349,16,11,0,38,0,0
3350,77,405,0,71,20,0
3351,4,0,0,90,6,0
3352,13,7,0,55,13,0
3353,20,41,0,22,0,0
3354,4,98,0,24,13,0
3355,15,41,0,35,3,0
3356,10,143,0,33,2,0
3357,13,150,0,44,7,0
3358,42,55,0,37,0,0
3359,75,0,0,59,7,0
3360,8,43,0,38,2,0
3361,2,0,0,66,1,0
3362,6,0,0,26,7,0
3363,141,0,0,244,18,0
3364,7,110,0,57,1,0
3365,4,26,0,27,5,0
3366,8,34,0,31,1,0
3367,6,118,0,12,7,0
3368,22,24,0,118,0,0
3369,9,48,0,18,0,0
3370,4,62,0,30,1,0
3371,3,129,0,4,0,0
3372,59,0,0,91,16,0
3373,9,0,0,27,1,0
3374,0,73,0,16,0,0
3375,2,15,0,10,0,0
3376,2,0,0,25,0,0
3377,11,68,0,23,10,0
3378,29,0,0,30,5,0
3379,44,72,0,52,6,0
3380,40,154,0,50,15,0
3381,10,121,0,11,0,0
3382,10,74,0,17,2,0
3383,12,23,0,10,2,0
3384,14,0,0,28,2,0
3385,19,57,0,126,13,0
3386,9,0,0,2,0,0
3387,6,0,0,3,11,0
3388,3,18,0,27,1,0
3389,19,0,0,24,2,0
3390,3,10,0,77,3,0
3391,33,29,0,73,3,0
3392,0,12,0,0,1,0
3393,3,17,0,33,0,0
3394,10,55,0,87,5,0
3395,3,0,0,11,0,0
3396,16,89,0,10,2,0
3397,4,0,0,13,0,0
3398,5,2,0,10,0,0
3399,1,0,0,56,6,0
3400,9,0,0,64,33,0
3401,9,47,0,12,1,0
3402,60,0,0,36,8,0
3403,4,0,0,100,3,0
3404,44,28,0,22,2,0
3405,24,0,0,92,6,0
3406,63,46,0,72,8,0
3407,65,0,0,97,40,0
3408,48,0,0,81,2,0
3409,9,14,0,28,0,0
3410,14,0,0,48,14,0
3411,22,48,0,46,1,0
3412,15,11,0,60,8,0
3413,14,45,0,32,8,0
3414,8,66,0,17,0,0
3415,0,8,0,5,0,0
3416,7,0,0,22,0,0
3417,70,0,0,62,78,0
3418,67,257,0,47,7,0
3419,8,0,0,81,1,0
3420,2,10,0,21,1,0
3421,3,20,0,9,7,0
3422,111,0,0,172,49,0
3423,22,0,0,90,53,0
3424,14,132,0,95,5,0
3425,2,6,0,23,0,0
3426,0,79,0,149,23,0
3427,0,31,0,170,1,0
3428,62,28,0,15,0,0
3429,0,0,0,22,0,0
3430,10,44,0,31,11,0
3431,10,17,0,32,5,0
3432,21,40,0,69,5,0
3433,10,81,0,24,0,0
3434,32,180,0,42,0,0
3435,7,34,0,19,1,0
3436,34,0,0,114,4,0
3437,12,201,0,81,28,0
3438,0,0,0,38,0,0
3439,35,5,0,161,4,0
3440,54,33,0,149,5,0
3441,13,0,0,65,4,0
3442,9,79,0,111,6,0
3443,15,11,0,72,4,0
3444,16,0,0,32,9,0
3445,0,72,0,93,2,0
3446,46,0,0,503,10,0
3447,5,0,0,168,0,0
3448,9,7,0,147,13,0
3449,33,47,0,76,29,0
3450,4,38,0,106,0,0
3451,11,0,0,84,9,0
3452,24,40,0,108,5,0
3453,18,65,0,215,4,0
3454,3,0,0,37,0,0
3455,37,123,0,108,0,0
3456,0,2,0,62,0,0
3457,46,72,0,39,0,0
3458,18,34,0,64,4,0
3459,4,0,0,6,2,0
3460,0,18,0,62,0,0
3461,19,18,0,99,1,0
3462,0,22,0,14,1,0
3463,5,10,0,96,9,0
3464,5,0,0,21,1,0
3465,7,0,0,8,4,0
3466,0,0,0,7,1,0
3467,14,140,0,30,1,0
3468,1,145,0,40,6,0
3469,0,0,0,14,1,0
3470,13,56,0,19,3,0
3471,18,0,0,10,4,0
3472,4,141,0,35,6,0
3473,2,15,0,43,0,0
3474,39,97,0,34,9,0
3475,5,0,0,494,3,0
3476,16,57,0,12,4,0
3477,2,0,0,9,1,0
3478,0,0,0,52,4,0
3479,13,14,0,39,1,0
3480,56,0,0,59,15,0
3481,17,45,0,37,12,0
3482,5,0,0,56,3,0
3483,2,20,0,29,1,0
3484,27,0,0,52,2,0
3485,15,0,0,16,0,0
3486,15,0,0,20,6,0
3487,0,0,0,16,6,0
3488,5,45,0,25,2,0
3489,20,50,0,23,8,0
3490,17,0,0,19,1,0
3491,97,0,0,217,18,0
3492,4,0,0,12,0,0
3493,0,17,0,64,5,0
3494,2,32,0,51,1,0
3495,17,0,0,76,21,0
3496,3,0,0,35,0,0
3497,29,115,0,117,57,0
3498,6,58,0,22,0,0
3499,23,0,0,9,3,0
3500,4,0,0,52,0,0
3501,17,16,0,11,3,0
3502,11,0,0,35,27,0
3503,5,1,0,12,3,0
3504,8,16,0,49,2,0
3505,94,0,0,44,12,0
3506,5,50,0,17,1,0
3507,8,26,0,18,5,0
3508,27,0,0,98,35,0
3509,12,51,0,11,3,0
3510,0,21,0,20,1,0
3511,23,49,0,147,5,0
3512,5,0,0,20,2,0
3513,33,29,0,14,4,0
3514,17,15,0,23,0,0
3515,18,105,0,33,7,0
3516,26,149,0,49,0,0
3517,45,0,0,67,36,0
3518,2,31,0,13,0,0
3519,6,55,0,24,2,0
3520,18,33,0,0,0,0
3521,9,4,0,15,3,0
3522,2,0,0,36,5,0
3523,9,0,0,22,0,0
3524,0,0,0,45,0,0
3525,4,0,0,14,7,0
3526,29,31,0,11,0,0
3527,27,43,0,139,39,0
3528,13,2,0,3,4,0
3529,23,33,0,34,0,0
3530,8,39,0,41,0,0
3531,9,20,0,61,5,0
3532,20,56,0,105,7,0
3533,17,24,0,37,0,0
3534,0,33,0,16,0,0
3535,18,254,0,94,4,0
3536,24,30,0,316,32,0
3537,25,0,0,75,3,0
3538,31,0,0,116,0,0
3539,25,65,0,36,0,0
3540,3,66,0,29,1,0
3541,6,22,0,13,0,0
3542,19,11,0,105,2,0
3543,19,117,0,40,0,0
3544,13,62,0,24,0,0
3545,5,0,0,40,0,0
3546,6,5,0,4,3,0
3547,4,0,0,7,5,0
3548,39,0,0,58,65,0
3549,10,95,0,44,5,0
3550,7,0,0,116,0,0
3551,26,37,0,86,5,0
3552,6,0,0,180,0,0
3553,61,0,0,259,22,0
3554,0,17,0,33,2,0
3555,3,10,0,6,2,0
3556,18,0,0,14,4,0
3557,0,0,0,152,26,0
3558,2,39,0,19,2,0
3559,0,19,0,90,4,0
3560,18,113,0,48,12,0
3561,0,56,0,19,6,0
3562,11,14,0,73,3,0
3563,12,238,0,64,0,0
3564,9,66,0,39,0,0
3565,6,0,0,425,31,0
3566,12,123,0,78,10,0
3567,84,0,0,51,23,0
3568,37,149,0,46,6,0
3569,0,17,0,34,0,0
3570,29,0,0,380,0,0
3571,11,38,0,89,6,0
3572,30,53,0,40,0,0
3573,15,0,0,93,10,0
3574,14,38,0,28,8,0
3575,11,44,0,65,3,0
3576,3,72,0,42,1,0
3577,5,18,0,225,32,0
3578,2,43,0,11,2,0
3579,30,0,0,44,11,0
3580,4,0,0,53,6,0
3581,5,0,0,49,3,0
3582,10,31,0,24,2,0
3583,12,126,0,20,4,0
3584,21,26,0,58,3,0
3585,22,30,0,4,9,0
3586,14,63,0,94,6,0
3587,11,0,0,56,4,0
3588,2,13,0,30,0,0
3589,9,0,0,22,0,0
3590,23,52,0,27,0,0
3591,5,0,0,11,7,0
3592,45,0,0,64,9,0
3593,27,0,0,57,30,0
3594,3,142,0,13,1,0
3595,21,32,0,11,0,0
3596,37,0,0,226,38,0
3597,6,69,0,79,6,0
3598,1,63,0,45,0,0
3599,0,0,0,64,5,0
3600,15,144,0,25,0,0
3601,4,0,0,18,0,0
3602,5,23,0,24,4,0
3603,5,0,0,91,0,0
3604,46,0,0,103,19,0
3605,9,0,0,0,2,0
3606,8,0,0,23,0,0
3607,8,0,0,5,0,0
3608,19,100,0,44,2,0
3609,12,96,0,39,12,0
3610,14,113,0,26,0,0
3611,1,0,0,20,3,0
3612,5,0,0,131,4,0
3613,11,14,0,15,0,0
3614,2,36,0,192,26,0
3615,23,34,0,27,0,0
3616,21,13,0,65,4,0
3617,11,6,0,49,0,0
3618,19,0,0,118,40,0
3619,0,7,0,20,0,0
3620,20,0,0,74,9,0
3621,38,0,0,50,12,0
3622,2,31,0,27,2,0
3623,1,65,0,0,1,0
3624,4,57,0,16,20,0
3625,3,0,0,4,1,0
3626,0,0,0,127,6,0
3627,6,27,0,16,1,0
3628,69,175,0,19,0,0
3629,12,0,0,24,0,0
3630,2,0,0,58,7,0
3631,45,42,0,59,19,0
3632,32,0,0,42,0,0
3633,0,4,0,10,2,0
3634,14,165,0,29,5,0
3635,4,203,0,44,9,0
3636,72,50,0,17,8,0
3637,59,80,0,79,24,0
3638,6,16,0,57,7,0
3639,10,24,0,29,7,0
3640,4,0,0,6,3,0
3641,15,0,0,44,3,0
3642,0,0,0,39,7,0
3643,0,11,0,31,1,0
3644,29,42,0,34,1,0
3645,12,10,0,46,0,0
3646,5,0,0,18,0,0
3647,9,206,0,61,30,0
3648,3,46,0,15,4,0
3649,0,24,0,22,2,0
3650,4,8,0,115,10,0
3651,20,92,0,32,30,0
3652,3,0,0,18,5,0
3653,21,0,0,31,6,0
3654,19,0,0,43,8,0
3655,15,155,0,153,20,0
3656,3,148,0,25,1,0
3657,4,8,0,7,0,0
3658,7,0,0,0,13,0
3659,25,40,0,6,5,0
3660,0,6,0,25,4,0
3661,4,0,0,28,0,0
3662,9,32,0,48,1,0
3663,6,20,0,57,2,0
3664,13,0,0,46,4,0
3665,2,0,0,0,0,0
3666,5,0,0,42,5,0
3667,4,0,0,0,0,0
3668,6,47,0,1,0,0
3669,5,0,0,0,2,0
3670,16,23,0,34,3,0
3671,11,59,0,69,3,0
3672,6,6,0,118,11,0
3673,11,41,0,18,1,0
3674,3,23,0,15,4,0
3675,19,0,0,0,0,0
3676,32,39,0,54,0,0
3677,23,0,0,77,25,0
3678,4,22,0,43,0,0
3679,6,37,0,46,11,0
3680,0,30,0,7,0,0
3681,46,0,0,137,18,0
3682,1,0,0,26,0,0
3683,4,0,0,126,0,0
3684,6,35,0,9,1,0
3685,0,0,0,30,0,0
3686,19,52,0,29,9,0
3687,25,4,0,5,0,0
3688,17,0,0,30,1,0
3689,5,6,0,60,10,0
3690,34,118,0,60,4,0
3691,20,107,0,49,0,0
3692,6,0,0,14,1,0
3693,11,70,0,50,25,0
3694,4,48,0,25,7,0
3695,3,69,0,48,9,0
3696,5,0,0,9,6,0
3697,2,44,0,36,0,0
3698,1,0,0,151,10,0
3699,4,5,0,0,0,0
3700,5,0,0,21,2,0
3701,0,29,0,35,3,0
3702,0,6,0,16,1,0
3703,0,70,0,41,0,0
3704,14,0,0,12,3,0
3705,9,0,0,12,3,0
3706,27,0,0,67,9,0
3707,19,88,0,20,0,0
3708,5,49,0,55,0,0
3709,6,18,0,13,0,0
3710,10,62,0,228,0,0
3711,34,129,0,479,15,0
3712,6,0,0,35,0,0
3713,11,0,0,81,0,0
3714,20,75,0,130,2,0
3715,56,114,0,235,11,0
3716,20,87,0,184,26,0
3717,45,107,0,175,0,0
3718,8,0,0,467,19,0
3719,0,26,0,13,0,0
3720,9,93,0,26,7,0
3721,5,28,0,14,0,0
3722,16,76,0,6,8,0
3723,48,58,0,80,19,0
3724,0,52,0,27,3,0
3725,4,22,0,9,0,0
3726,14,7,0,97,0,0
3727,0,0,0,23,4,0
3728,5,0,0,274,29,0
3729,6,0,0,23,0,0
3730,13,0,0,97,8,0
3731,74,256,0,156,86,0
3732,50,0,0,67,53,0
3733,41,44,0,264,0,0
3734,4,15,0,0,0,0
3735,12,0,0,100,6,0
3736,5,22,0,10,0,0
3737,13,128,0,29,0,0
3738,3,45,0,14,0,0
3739,6,53,0,28,0,0
3740,3,0,0,38,4,0
3741,32,5,0,56,92,0
3742,11,45,0,6,2,0
3743,13,15,0,98,2,0
3744,34,0,0,39,9,0
3745,7,0,0,101,26,0
3746,8,0,0,9,0,0
3747,9,0,0,21,3,0
3748,61,192,0,46,16,0
3749,0,0,0,19,4,0
3750,0,28,0,32,9,0
3751,3,27,0,53,0,0
3752,27,0,0,56,9,0
3753,0,21,0,11,2,0
3754,0,32,0,9,0,0
3755,17,24,0,33,2,0
3756,26,0,0,64,7,0
3757,4,0,0,33,0,0
3758,4,0,0,102,4,0
3759,37,0,0,11,2,0
3760,10,34,0,20,2,0
3761,35,0,0,69,4,0
3762,2,33,0,47,1,0
3763,17,106,0,63,5,0
3764,14,39,0,38,5,0
3765,0,0,0,14,1,0
3766,39,57,0,125,7,0
3767,5,27,0,33,5,0
3768,31,48,0,135,7,0
3769,0,51,0,32,0,0
3770,2,38,0,3,0,0
3771,43,0,0,118,50,0
3772,12,67,0,33,14,0
3773,8,25,0,25,2,0
3774,0,0,0,12,1,0
3775,2,13,0,141,3,0
3776,24,71,0,101,22,0
3777,10,22,0,27,0,0
3778,0,23,0,11,0,0
3779,2,14,0,58,2,0
3780,6,74,0,19,2,0
3781,37,0,0,26,0,0
3782,13,29,0,40,3,0
3783,4,26,0,32,2,0
3784,51,58,0,8,11,0
3785,46,228,0,65,22,0
3786,4,63,0,37,0,0
3787,4,22,0,16,2,0
3788,22,42,0,124,1,0
3789,4,189,0,8,0,0
3790,18,34,0,93,0,0
3791,0,10,0,82,2,0
3792,6,0,0,29,1,0
3793,0,0,0,50,3,0
3794,9,0,0,44,4,0
3795,1,189,0,13,14,0
3796,3,39,0,36,4,0
3797,27,0,0,36,4,0
3798,55,0,0,10,16,0
3799,20,0,0,36,2,0
3800,27,92,0,158,15,0
3801,29,22,0,77,18,0
3802,13,56,0,11,0,0
3803,12,21,0,69,0,0
3804,8,0,0,62,2,0
3805,3,26,0,33,0,0
3806,3,16,0,19,0,0
3807,14,61,0,50,5,0
3808,16,33,0,76,8,0
3809,37,0,0,87,7,0
3810,17,0,0,28,1,0
3811,0,29,0,2,0,0
3812,2,0,0,94,22,0
3813,4,0,0,21,2,0
3814,0,12,0,10,0,0
3815,7,0,0,5,2,0
3816,29,55,0,17,34,0
3817,4,110,0,32,8,0
3818,13,0,0,26,0,0
3819,26,24,0,57,57,0
3820,18,0,0,34,15,0
3821,0,35,0,12,0,0
3822,10,38,0,28,0,0
3823,18,51,0,31,5,0
3824,4,0,0,12,8,0
3825,19,96,0,86,14,0
3826,15,28,0,24,0,0
3827,35,137,0,85,42,0
3828,3,82,0,14,2,0
3829,22,40,0,20,8,0
3830,14,0,0,21,3,0
3831,23,62,0,136,29,0
3832,0,0,0,82,5,0
3833,8,21,0,29,8,0
3834,11,0,0,2,2,0
3835,20,0,0,50,11,0
3836,3,0,0,33,2,0
3837,17,8,0,54,0,0
3838,20,211,0,62,21,0
3839,10,68,0,72,0,0
3840,7,26,0,19,2,0
3841,10,29,0,53,2,0
3842,26,35,0,48,14,0
3843,6,1,0,42,1,0
3844,3,0,0,30,0,0
3845,16,53,0,13,2,0
3846,39,0,0,112,5,0
3847,44,40,0,157,18,0
3848,6,47,0,17,0,0
3849,0,0,0,97,59,0
3850,11,85,0,45,7,0
3851,10,30,0,97,0,0
3852,62,40,0,137,12,0
3853,59,0,0,200,12,0
3854,3,0,0,14,9,0
3855,20,0,0,31,0,0
3856,3,0,0,27,14,0
3857,5,5,0,24,0,0
3858,118,164,0,151,16,0
3859,46,35,0,72,5,0
3860,9,36,0,39,0,0
3861,100,82,0,92,4,0
3862,5,0,0,31,7,0
3863,3,29,0,0,0,0
3864,13,0,0,56,3,0
3865,4,32,0,40,0,0
3866,0,42,0,25,3,0
3867,5,0,0,8,0,0
3868,3,9,0,23,0,0
3869,91,65,0,68,22,0
3870,11,0,0,39,2,0
3871,26,8,0,93,17,0
3872,0,0,0,63,2,0
3873,21,0,0,219,12,0
3874,7,6,0,20,2,0
3875,10,161,0,45,5,0
3876,9,62,0,37,2,0
3877,0,90,0,20,0,0
3878,5,52,0,20,14,0
3879,21,0,0,30,6,0
3880,48,97,0,68,0,0
3881,7,10,0,49,35,0
3882,12,42,0,10,0,0
3883,40,0,0,31,7,0
3884,2,0,0,36,3,0
3885,12,0,0,56,15,0
3886,8,0,0,13,0,0
3887,34,74,0,15,1,0
3888,6,60,0,19,12,0
3889,3,0,0,50,2,0
3890,10,29,0,14,1,0
3891,76,0,0,160,11,0
3892,17,51,0,15,7,0
3893,15,37,0,22,0,0
3894,9,0,0,45,4,0
3895,6,0,0,58,0,0
3896,0,19,0,44,5,0
3897,32,33,0,238,12,0
3898,32,197,0,66,0,0
3899,3,0,0,16,9,0
3900,5,88,0,26,2,0
3901,14,0,0,33,8,0
3902,7,4,0,127,7,0
3903,0,9,0,17,1,0
3904,7,48,0,10,2,0
3905,2,60,0,11,0,0
3906,6,104,0,25,0,0
3907,2,35,0,52,11,0
3908,17,204,0,114,13,0
3909,1,38,0,19,5,0
3910,0,29,0,9,2,0
3911,3,68,0,23,12,0
3912,28,33,0,35,8,0
3913,21,32,0,10,0,0
3914,0,0,0,7,0,0
3915,0,0,0,47,4,0
3916,158,83,0,148,9,0
3917,7,51,0,64,8,0
3918,20,14,0,59,11,0
3919,16,0,0,57,6,0
3920,0,0,0,15,3,0
3921,4,67,0,11,3,0
3922,9,9,0,68,4,0
3923,16,125,0,78,0,0
3924,64,200,0,142,37,0
3925,13,13,0,126,7,0
3926,10,99,0,7,0,0
3927,16,79,0,32,2,0
3928,7,89,0,46,4,0
3929,1,47,0,18,3,0
3930,15,71,0,23,26,0
3931,11,59,0,17,0,0
3932,7,18,0,15,0,0
3933,5,42,0,7,0,0
3934,7,116,0,49,6,0
3935,15,64,0,30,3,0
3936,27,83,0,77,0,0
3937,0,30,0,21,0,0
3938,11,73,0,49,8,0
3939,13,54,0,8,19,0
3940,0,0,0,65,0,0
3941,0,0,0,80,1,0
3942,5,17,0,26,0,0
3943,20,20,0,16,5,0
3944,7,25,0,11,2,0
3945,0,0,0,30,0,0
3946,18,87,0,13,5,0
3947,5,73,0,13,1,0
3948,10,0,0,54,16,0
3949,12,0,0,0,0,0
3950,6,0,0,63,2,0
3951,0,0,0,17,0,0
3952,6,181,0,76,5,0
3953,13,0,0,29,0,0
3954,2,0,0,54,7,0
3955,0,0,0,19,3,0
3956,131,126,0,349,94,0
3957,2,15,0,45,5,0
3958,0,0,0,18,4,0
3959,9,89,0,55,1,0
3960,6,0,0,18,6,0
3961,12,27,0,64,4,0
3962,32,81,0,39,12,0
3963,28,0,0,174,0,0
3964,11,0,0,14,0,0
3965,22,0,0,15,3,0
3966,7,0,0,87,2,0
3967,13,40,0,20,0,0
3968,3,7,0,136,57,0
3969,8,0,0,64,7,0
3970,0,4,0,11,0,0
3971,20,0,0,58,0,0
3972,9,0,0,89,6,0
3973,78,0,0,60,5,0
3974,4,0,0,4,1,0
3975,8,1,0,14,0,0
3976,5,45,0,15,0,0
3977,17,0,0,21,0,0
3978,12,0,0,13,4,0
3979,46,67,0,63,12,0
3980,65,0,0,73,16,0
3981,8,65,0,18,12,0
3982,22,147,0,16,4,0
3983,14,0,0,129,9,0
3984,12,51,0,17,6,0
3985,0,17,0,69,4,0
3986,1,37,0,7,5,0
3987,21,37,0,51,24,0
3988,11,0,0,22,3,0
3989,4,0,0,8,1,0
3990,12,0,0,40,2,0
3991,6,0,0,48,0,0
3992,3,0,0,19,2,0
3993,21,64,0,22,1,0
3994,18,21,0,64,6,0
3995,4,115,0,73,0,0
3996,11,104,0,52,10,0
3997,19,0,0,164,5,0
3998,7,16,0,0,3,0
3999,24,0,0,59,4,0
4000,6,31,0,20,4,0
4001,22,0,0,46,13,0
4002,2,0,0,8,1,0
4003,32,36,0,90,12,0
4004,102,72,0,180,48,0
4005,157,0,0,202,8,0
4006,21,75,0,24,9,0
4007,11,56,0,27,10,0
4008,0,1,0,27,5,0
4009,11,19,0,7,0,0
4010,6,32,0,92,4,0
4011,9,67,5,15,4,59
4012,16,109,3,137,7,49
4013,0,31,3,7,0,5
4014,10,95,3,15,1,28
4015,19,187,6,24,11,74
4016,0,67,0,48,82,114
4017,16,268,4,39,30,8
4018,0,0,123,132,10,318
4019,48,118,0,22,2,79
4020,60,193,0,143,41,148
4021,2,69,0,15,1,32
4022,210,139,93,327,265,24
4023,9,186,14,78,13,52
4024,0,261,1,22,3,57
4025,3,39,0,0,0,61
4026,3,42,3,24,0,16
4027,17,214,6,11,2,70
4028,0,51,0,29,0,24
4029,20,0,2,95,3,49
4030,62,26,21,118,62,22
4031,51,119,3,146,19,26
4032,112,0,24,189,9,104
4033,1,0,17,205,370,7
4034,14,0,47,55,1,20
4035,8,100,0,95,1,120
4036,23,26,0,22,6,28
4037,35,0,16,130,10,188
4038,12,47,0,27,13,37
4039,5,0,1,36,1,28
4040,32,66,4,22,14,30
4041,21,306,12,146,2,21
4042,43,103,7,226,3,207
4043,32,66,0,284,38,74
4044,14,130,9,26,0,48
4045,15,177,0,257,15,117
4046,19,25,0,43,7,7
4047,269,0,26,760,53,44
4048,87,0,6,94,9,101
4049,43,0,0,0,3,15
4050,148,422,10,38,12,90
4051,137,0,15,195,9,35
4052,150,95,24,67,13,16
4053,44,0,9,47,0,74
4054,16,6,0,39,9,30
4055,14,15,1,67,3,45
4056,24,0,0,76,28,92
4057,15,0,8,43,11,224
4058,6,0,3,7,34,124
4059,5,6,3,33,6,6
4060,102,66,17,42,12,1
4061,11,0,3,46,8,70
4062,39,47,18,101,7,36
4063,215,105,25,54,27,129
4064,23,70,0,78,6,66
4065,34,0,0,101,7,118
4066,13,0,11,61,53,7
4067,43,293,5,15,3,42
4068,2,0,0,10,22,26
4069,20,29,3,58,0,141
4070,76,57,20,66,31,65
4071,43,0,23,130,136,35
4072,5,0,0,13,0,54
4073,17,0,0,59,8,27
4074,0,0,2,6,6,28
4075,260,0,248,969,407,578
4076,19,98,4,124,30,46
4077,21,72,0,40,4,26
4078,21,65,5,58,0,54
4079,15,56,3,37,4,46
4080,94,68,42,76,98,68
4081,159,31,18,195,194,113
4082,10,45,1,24,12,44
4083,28,0,5,43,8,60
4084,53,49,2,156,102,27
4085,10,159,4,10,4,52
4086,7,39,1,8,2,1
4087,56,65,10,23,24,0
4088,1,0,1,13,1,7
4089,13,0,0,0,132,9
4090,286,0,74,301,97,9
4091,58,0,8,250,17,55
4092,11,0,0,23,0,57
4093,81,0,9,48,9,46
4094,266,80,54,439,188,255
4095,6,0,0,42,7,43
4096,34,94,0,42,0,32
4097,40,49,4,26,0,59
4098,89,236,0,169,32,208
4099,11,0,3,28,6,35
4100,79,0,2,88,31,96
4101,6,0,0,23,0,11
4102,0,48,0,21,31,69
4103,33,173,0,91,5,48
4104,50,206,29,294,0,268
4105,15,506,0,67,1,138
4106,159,49,5,134,80,36
4107,5,216,0,35,0,25
4108,4,58,0,54,6,28
4109,0,10,0,8,0,0
4110,9,71,10,51,25,8
4111,28,0,1,35,18,25
4112,2,35,4,37,3,22
4113,61,55,9,79,16,72
4114,45,618,13,61,20,136
4115,25,163,9,38,5,24
4116,34,0,0,52,4,165
4117,13,77,0,32,2,18
4118,13,163,3,15,0,17
4119,163,0,8,166,24,38
4120,5,0,6,11,0,6
4121,5,0,0,36,0,9
4122,7,0,7,18,6,34
4123,13,123,0,11,1,0
4124,5,32,0,0,0,51
4125,13,0,0,25,0,23
4126,57,202,5,143,3,9
4127,20,0,2,47,5,20
4128,337,73,0,885,288,9
4129,33,24,1,80,0,15
4130,5,39,3,23,0,121
4131,16,244,0,69,10,60
4132,0,48,0,204,2,4
4133,3,0,0,27,3,30
4134,13,17,11,18,4,161
4135,21,191,8,85,0,226
4136,37,54,5,65,11,114
4137,7,0,4,108,27,40
4138,14,19,0,35,0,116
4139,12,13,0,20,2,22
4140,0,0,9,72,12,10
4141,2,3,6,72,10,0
4142,7,0,0,29,1,15
4143,13,0,2,16,7,13
4144,44,18,1,57,2,1
4145,52,79,6,63,14,179
4146,10,23,1,16,8,29
4147,59,67,3,36,7,26
4148,120,0,0,41,88,24
4149,8,19,1,19,7,10
4150,0,139,0,49,2,59
4151,35,184,1,31,12,63
4152,0,0,4,17,0,7
4153,133,260,29,57,5,169
4154,55,58,0,46,19,80
4155,5,0,3,42,4,46
4156,21,37,1,54,3,2
4157,5,0,4,8,1,25
4158,347,78,111,1201,238,19
4159,12,0,3,26,5,26
4160,646,134,68,1026,219,126
4161,156,134,31,695,133,33
4162,188,0,6,38,0,63
4163,326,127,23,0,63,192
4164,65,0,37,45,10,348
4165,0,4,1,0,3,21
4166,64,0,4,481,106,17
4167,23,0,6,82,21,43
4168,39,0,9,48,1,149
4169,153,0,0,130,57,46
4170,0,22,2,17,40,20
4171,0,4,2,42,0,61
4172,7,0,3,15,16,16
4173,314,30,7,156,73,90
4174,40,0,6,42,13,167
4175,3,2,0,0,0,22
4176,128,91,31,190,18,49
4177,4,0,0,28,2,29
4178,1,0,0,26,4,54
4179,72,17,26,192,34,15
4180,41,0,14,113,12,184
4181,15,0,5,12,4,0
4182,29,7,5,39,10,91
4183,56,0,16,766,98,13
4184,11,33,0,39,20,6
4185,45,0,0,73,21,0
4186,3,0,5,31,1,29
4187,9,8,5,112,5,8
4188,6,6,0,17,6,41
4189,10,219,14,127,21,10
4190,74,37,15,30,27,49
4191,0,0,1,8,6,43
4192,30,0,8,11,6,78
4193,136,239,5,38,0,41
4194,14,202,0,17,0,11
4195,0,0,3,12,0,71
4196,95,0,12,182,33,114
4197,27,365,32,203,12,73
4198,9,0,0,13,1,36
4199,5,27,0,9,7,36
4200,26,89,4,20,21,20
4201,54,124,11,40,2,45
4202,15,9,7,107,77,0
4203,11,75,3,126,0,21
4204,111,0,25,459,67,31
4205,24,0,0,100,11,134
4206,0,12,1,18,1,27
4207,6,94,4,22,2,57
4208,124,231,7,120,45,162
4209,50,183,5,96,27,108
4210,16,0,0,22,3,38
4211,48,0,0,55,151,14
4212,1,58,1,70,3,34
4213,38,22,2,102,6,22
4214,26,0,12,15,3,51
4215,78,0,9,97,8,104
4216,2,97,17,24,0,25
4217,2,73,3,209,13,33
4218,0,0,0,7,4,42
4219,4,0,8,42,9,48
4220,10,16,3,28,9,3
4221,26,261,23,185,7,186
4222,56,132,3,66,19,104
4223,53,0,0,252,25,84
4224,12,0,12,53,0,109
4225,69,0,4,86,3,88
4226,32,99,6,129,9,37
4227,13,0,0,45,0,95
4228,90,0,15,93,26,121
4229,15,90,1,27,15,24
4230,12,3,3,11,0,124
4231,15,0,0,27,24,60
4232,118,320,13,209,283,15
4233,295,0,5,104,56,104
4234,59,44,29,73,12,36
4235,24,0,2,35,4,32
4236,103,9,5,75,17,10
4237,516,65,432,1161,352,277
4238,0,0,3,151,25,21
4239,29,55,0,27,4,24
4240,15,0,5,25,1,69
4241,58,0,11,57,52,44
4242,3,0,11,39,2,23
4243,0,0,3,20,6,14
4244,96,31,85,170,168,42
4245,144,0,34,473,73,251
4246,78,54,13,122,8,142
4247,7,18,0,20,3,51
4248,11,209,7,14,10,66
4249,152,323,21,246,56,344
4250,31,91,38,271,58,101
4251,8,0,0,18,3,39
4252,474,347,246,268,100,136
4253,0,13,19,118,80,81
4254,11,0,2,75,7,111
4255,20,23,0,12,0,20
4256,29,204,0,123,43,428
4257,29,0,10,74,4,97
4258,24,24,1,6,2,23
4259,12,92,7,47,4,23
4260,13,281,8,156,72,87
4261,352,75,63,313,77,159
4262,5,61,1,10,0,6
4263,19,18,0,57,1,19
4264,22,18,10,101,211,0
4265,4,37,0,12,15,18
4266,13,0,0,145,43,27
4267,13,0,0,19,0,38
4268,323,126,41,187,228,80
4269,9,0,2,66,4,44
4270,78,27,11,125,46,0
4271,30,74,14,81,2,121
4272,11,0,1,17,44,24
4273,24,23,4,88,16,103
4274,10,104,0,205,23,107
4275,18,23,2,26,32,38
4276,0,0,0,78,2,79
4277,58,14,106,105,129,33
4278,229,146,6,93,23,62
4279,8,7,9,90,7,9
4280,217,100,0,302,63,18
4281,40,0,9,42,1,85
4282,0,37,1,100,1,192
4283,24,73,34,109,163,157
4284,34,38,4,30,27,0
4285,25,136,8,177,0,166
4286,7,0,7,30,4,2
4287,63,14,6,61,130,9
4288,7,0,0,38,0,7
4289,13,38,1,51,3,72
4290,5,12,0,39,3,26
4291,41,6,11,85,46,0
4292,8,23,7,131,7,70
4293,26,32,0,27,2,76
4294,0,0,0,78,8,100
4295,43,111,10,119,5,76
4296,8,0,1,40,1,35
4297,98,0,9,275,99,302
4298,13,14,4,18,0,25
4299,20,140,0,30,0,81
4300,15,0,4,105,66,73
4301,35,122,4,48,17,178
4302,6,93,0,13,3,0
4303,16,0,1,29,3,103
4304,23,72,8,60,2,191
4305,44,6,63,0,0,0
4306,84,28,5,194,0,73
4307,0,0,0,28,5,23
4308,6,0,1,13,0,26
4309,63,176,2,84,16,124
4310,68,0,1,141,9,8
4311,4,44,10,34,8,108
4312,3,84,0,34,3,34
4313,39,0,5,299,16,106
4314,2,0,3,63,5,17
4315,15,54,2,53,0,38
4316,82,0,0,241,17,97
4317,0,0,0,32,0,42
4318,4,36,0,29,5,53
4319,0,14,1,53,0,25
4320,23,19,12,19,1,68
4321,29,3,1,16,8,46
4322,73,8,20,4,145,33
4323,5,0,12,147,32,0
4324,19,0,4,75,7,59
4325,3,0,2,31,1,9
4326,18,38,2,23,0,78
4327,5,0,1,5,2,36
4328,7,0,0,50,2,7
4329,11,0,11,102,49,44
4330,17,18,0,10,0,70
4331,13,88,27,35,3,75
4332,9,44,2,75,25,61
4333,13,66,0,0,2,36
4334,3,0,2,28,0,30
4335,15,46,6,35,1,6
4336,49,155,1,53,16,157
4337,28,4,0,135,31,0
4338,39,6,0,64,18,35
4339,25,17,12,130,29,7
4340,65,94,6,56,6,62
4341,84,24,18,106,151,111
4342,39,71,0,340,37,92
4343,151,427,3,72,32,357
4344,19,69,1,25,1,195
4345,26,105,0,39,5,38
4346,17,40,3,44,10,114
4347,66,0,14,45,0,285
4348,30,92,0,64,4,115
4349,26,0,0,35,24,79
4350,4,84,0,50,0,19
4351,20,75,9,51,2,82
4352,10,0,3,38,3,107
4353,13,0,2,44,4,16
4354,0,0,3,16,3,32
4355,34,0,8,87,18,24
4356,47,18,32,286,57,68
4357,5,16,1,25,2,38
4358,2,0,1,12,0,59
4359,17,128,3,85,8,65
4360,47,134,9,221,72,154
4361,7,72,3,0,12,204
4362,13,179,3,75,0,74
4363,6,44,0,78,77,9
4364,7,32,4,21,6,39
4365,0,52,0,33,13,45
4366,37,128,0,103,32,238
4367,23,186,6,11,0,17
4368,6,0,7,40,0,36
4369,8,119,7,48,2,183
4370,26,149,14,39,19,215
4371,11,25,0,35,2,38
4372,35,139,30,110,74,0
4373,17,23,0,62,7,0
4374,21,0,8,41,6,55
4375,21,131,2,22,0,60
4376,17,96,3,22,86,165
4377,5,11,0,0,3,5
4378,1,64,4,64,0,99
4379,35,66,0,110,16,39
4380,6,0,1,7,2,10
4381,0,0,7,39,0,157
4382,26,0,11,127,282,9
4383,30,59,7,70,0,90
4384,23,52,0,4,13,82
4385,25,36,5,27,0,0
4386,19,0,16,51,16,246
4387,5,0,0,46,0,44
4388,14,87,3,0,0,38
4389,24,0,5,27,2,89
4390,151,0,18,374,97,36
4391,58,328,6,134,24,115
4392,2,99,0,167,1,53
4393,28,0,22,60,19,0
4394,31,141,4,143,0,128
4395,93,11,3,147,85,0
4396,80,0,5,54,0,244
4397,0,28,3,46,7,25
4398,28,0,0,87,15,84
4399,33,0,2,81,6,54
4400,34,74,2,46,40,20
4401,64,155,33,20,0,80
4402,0,0,5,31,1,15
4403,9,41,1,107,5,86
4404,3,96,0,51,1,55
4405,49,0,0,71,0,0
4406,19,14,14,46,26,10
4407,53,0,53,109,45,9
4408,1,37,0,39,0,49
4409,16,166,0,18,4,45
4410,196,183,16,139,28,128
4411,135,569,27,250,125,159
4412,4,25,4,40,3,88
4413,24,0,8,26,29,11
4414,25,65,0,62,61,40
4415,34,0,0,91,12,51
4416,11,0,1,60,1,15
4417,0,0,6,139,0,99
4418,4,165,7,84,13,193
4419,24,87,8,127,15,190
4420,15,0,2,17,11,60
4421,8,0,21,25,15,16
4422,25,198,2,106,36,50
4423,50,31,5,91,0,37
4424,28,0,10,63,17,52
4425,35,298,0,68,31,162
4426,8,0,20,126,50,7
4427,4,18,2,14,0,21
4428,11,69,8,195,2,0
4429,0,117,9,68,4,58
4430,8,96,15,48,7,130
4431,39,77,0,128,0,80
4432,205,0,17,103,21,252
4433,66,20,0,141,45,43
4434,9,0,1,18,0,114
4435,89,0,37,212,20,102
4436,27,0,5,57,6,17
4437,23,0,0,71,7,18
4438,46,234,0,131,2,92
4439,6,31,1,1,2,7
4440,10,32,0,17,0,36
4441,34,7,2,74,26,179
4442,106,0,11,245,216,187
4443,9,0,0,17,0,54
4444,42,280,12,37,12,172
4445,4,23,0,18,0,139
4446,3,28,5,36,3,77
4447,39,116,12,34,1,22
4448,16,0,0,50,11,45
4449,26,206,1,75,8,118
4450,44,0,2,10,0,174
4451,81,0,9,133,74,6
4452,10,0,3,18,0,21
4453,4,32,0,27,0,34
4454,28,0,3,150,24,25
4455,4,48,4,23,0,31
4456,122,0,0,130,52,366
4457,52,230,9,56,10,37
4458,22,40,8,84,32,52
4459,17,33,0,49,45,58
4460,27,0,0,38,4,70
4461,67,0,11,74,14,132
4462,107,48,36,190,123,5
4463,69,422,24,151,31,136
4464,42,0,1,83,2,24
4465,13,30,2,30,46,14
4466,0,0,0,25,0,33
4467,38,0,1,56,19,91
4468,26,45,0,106,9,4
4469,19,0,2,24,21,59
4470,168,0,27,106,67,35
4471,233,0,37,464,214,122
4472,15,0,0,24,0,92
4473,0,2,3,15,0,19
4474,7,42,4,10,1,25
4475,26,409,16,69,249,57
4476,108,12,11,127,6,6
4477,71,149,13,0,7,134
4478,208,69,104,514,268,51
4479,64,54,6,244,48,269
4480,15,0,11,26,0,30
4481,31,0,0,95,14,125
4482,57,0,34,201,52,103
4483,13,23,5,37,0,19
4484,6,53,1,50,8,31
4485,20,297,7,42,12,43
4486,0,62,4,16,7,44
4487,38,51,26,114,49,21
4488,34,0,2,17,25,42
4489,0,0,11,53,0,66
4490,6,177,3,72,4,64
4491,135,49,32,175,48,312
4492,23,0,3,71,27,238
4493,42,120,6,34,0,50
4494,13,92,1,44,9,129
4495,64,0,4,202,351,10
4496,28,391,0,136,14,263
4497,8,9,1,9,6,25
4498,8,12,0,11,0,15
4499,9,159,0,19,9,75
4500,14,0,0,130,30,44
4501,5,65,3,20,0,23
4502,0,57,0,33,2,27
4503,0,0,6,14,0,36
4504,57,87,24,183,88,48
4505,5,51,0,55,7,25
4506,66,0,9,104,4,156
4507,2,0,13,105,16,37
4508,23,0,5,70,7,35
4509,32,0,10,62,0,0
4510,145,31,14,172,535,452
4511,78,8,17,66,13,116
4512,16,0,2,35,4,11
4513,24,307,0,63,0,52
4514,4,224,6,27,6,70
4515,24,0,4,43,1,64
4516,0,50,3,56,0,34
4517,9,107,3,23,8,67
4518,302,322,96,411,179,418
4519,11,0,5,66,4,19
4520,78,32,15,22,0,107
4521,106,48,17,228,28,65
4522,258,258,31,175,327,57
4523,18,66,3,54,0,53
4524,6,0,3,26,2,71
4525,24,0,0,19,0,252
4526,21,0,3,43,0,96
4527,8,24,0,15,4,23
4528,76,0,0,75,15,0
4529,24,182,0,59,4,92
4530,55,68,6,194,0,71
4531,13,53,4,52,0,78
4532,17,110,2,15,3,17
4533,0,0,2,78,1,31
4534,13,0,7,20,0,8
4535,0,659,9,45,5,84
4536,49,0,11,52,0,72
4537,11,15,15,78,12,25
4538,32,0,0,95,3,124
4539,22,99,0,35,13,147
4540,12,18,1,72,0,89
4541,123,0,0,125,95,24
4542,227,6,24,90,217,27
4543,6,17,3,57,23,19
4544,10,226,2,51,4,139
4545,30,116,8,58,88,9
4546,52,115,0,46,0,242
4547,45,132,6,57,25,74
4548,34,61,13,75,4,111
4549,265,0,3,447,132,744
4550,3,46,0,31,0,17
4551,121,39,6,176,13,126
4552,151,158,0,570,122,235
4553,3,0,0,11,0,11
4554,59,0,23,37,2,184
4555,24,74,59,16,20,68
4556,16,48,4,29,4,117
4557,7,73,10,25,6,93
4558,23,0,10,35,33,24
4559,343,90,21,330,252,70
4560,15,0,0,16,2,16
4561,18,63,3,20,3,41
4562,66,0,108,303,27,14
4563,453,389,189,742,88,449
4564,32,90,7,283,24,45
4565,53,98,23,86,18,98
4566,16,9,3,107,16,29
4567,28,64,12,316,18,70
4568,6,40,2,7,2,82
4569,5,41,0,271,291,12
4570,8,30,2,41,0,25
4571,7,11,0,18,9,21
4572,66,0,0,80,16,148
4573,0,112,1,16,3,62
4574,25,0,6,53,9,20
4575,162,92,44,193,118,214
4576,13,139,12,20,7,57
4577,120,52,22,545,515,117
4578,42,240,11,77,9,37
4579,52,101,7,156,0,53
4580,9,28,11,62,10,119
4581,6,0,0,49,0,10
4582,51,0,10,171,55,132
4583,884,0,324,470,464,581
4584,16,0,1,82,10,0
4585,40,0,0,61,8,16
4586,3,32,2,16,0,27
4587,10,0,5,26,0,69
4588,11,0,2,27,9,77
4589,1,0,1,36,0,13
4590,4,0,4,11,0,54
4591,0,32,0,189,0,1
4592,0,0,0,74,13,329
4593,61,43,78,327,50,32
4594,52,131,8,111,8,195
4595,30,618,13,0,7,124
4596,30,389,5,178,7,94
4597,6,59,2,10,0,17
4598,32,0,6,47,36,22
4599,90,0,8,81,13,489
4600,113,17,3,13,14,79
4601,1,0,0,27,2,12
4602,22,0,0,182,8,198
4603,46,154,23,19,6,54
4604,39,0,0,44,4,83
4605,106,88,17,70,26,152
4606,3,73,4,9,8,17
4607,20,2,10,39,13,6
4608,26,0,4,56,7,29
4609,18,266,0,38,0,193
4610,43,111,1,191,29,133
4611,11,66,0,40,4,121
4612,31,232,0,48,8,42
4613,10,236,3,38,11,97
4614,29,0,10,155,37,84
4615,3,0,0,33,0,15
4616,0,24,1,16,0,8
4617,24,79,8,65,38,67
4618,0,0,3,207,34,19
4619,1,47,0,8,0,27
4620,14,0,1,15,3,21
4621,157,463,12,190,35,58
4622,116,199,9,116,16,112
4623,7,44,3,26,0,31
4624,23,353,0,32,6,0
4625,5,39,0,30,0,29
4626,5,0,0,27,9,54
4627,23,62,0,93,9,19
4628,65,20,1,245,80,13
4629,14,21,5,19,3,33
4630,15,50,1,80,2,40
4631,205,106,8,153,67,87
4632,0,6,8,49,1,31
4633,14,141,4,25,0,53
4634,5,107,0,250,14,185
4635,44,106,8,120,2,62
4636,36,52,1,54,28,22
4637,0,0,13,143,0,108
4638,74,0,0,106,36,104
4639,0,63,2,17,0,32
4640,6,36,1,15,0,18
4641,35,162,9,518,17,47
4642,21,169,0,11,11,58
4643,112,368,16,282,15,75
4644,6,114,2,18,0,45
4645,22,0,1,31,5,129
4646,41,108,4,8,7,92
4647,4,16,1,34,5,0
4648,54,0,1,438,63,11
4649,52,146,6,21,6,95
4650,18,101,0,18,2,29
4651,544,954,168,776,644,811
4652,18,0,2,22,5,49
4653,49,10,3,64,37,26
4654,70,0,0,106,27,118
4655,11,0,3,56,2,43
4656,17,0,4,10,2,44
4657,30,7,1,43,27,63
4658,5,87,0,115,5,41
4659,80,131,17,114,16,262
4660,8,0,11,248,13,31
4661,32,68,0,117,0,108
4662,66,192,10,679,40,129
4663,23,30,0,22,109,7
4664,18,108,8,46,6,103
4665,3,0,6,51,1,91
4666,24,292,5,50,4,152
4667,13,55,0,15,4,23
4668,57,0,2,19,8,63
4669,313,37,224,541,184,18
4670,15,49,12,68,13,18
4671,378,49,1,123,80,18
4672,55,207,2,27,36,303
4673,57,0,0,118,21,64
4674,42,268,0,49,18,126
4675,60,0,16,172,10,180
4676,12,0,5,36,2,25
4677,143,112,20,832,278,62
4678,36,36,2,71,9,41
4679,37,82,13,108,87,35
4680,12,26,5,15,3,109
4681,21,33,2,108,27,41
4682,37,434,5,41,17,227
4683,24,208,9,44,12,100
4684,40,0,5,70,0,93
4685,7,42,0,24,0,59
4686,21,40,0,48,8,20
4687,21,82,4,10,8,40
4688,16,50,0,33,6,27
4689,10,0,0,85,1,44
4690,105,317,29,102,37,152
4691,12,87,2,25,0,68
4692,16,0,0,18,3,26
4693,0,0,0,28,0,0
4694,122,0,11,127,23,152
4695,0,0,0,23,5,27
4696,5,0,0,16,0,90
4697,1,155,0,39,0,10
4698,92,0,11,144,150,9
4699,7,0,3,31,3,57
4700,211,0,19,513,12,287
4701,8,76,0,13,0,50
4702,37,62,10,119,7,182
4703,34,168,9,46,0,157
4704,0,51,0,0,1,2
4705,66,190,3,46,127,192
4706,27,48,1,101,10,50
4707,26,157,2,34,2,69
4708,21,107,3,99,15,110
4709,42,0,6,109,10,21
4710,321,333,12,150,209,42
4711,111,0,3,73,34,34
4712,145,453,18,359,12,193
4713,5,0,2,396,12,15
4714,39,0,0,129,14,50
4715,43,0,11,212,31,0
4716,48,0,12,282,41,87
4717,30,0,10,26,0,26
4718,24,0,15,57,82,28
4719,13,0,2,48,2,21
4720,4,47,0,39,0,56
4721,58,85,16,273,206,54
4722,39,337,12,243,21,136
4723,34,8,1,240,35,3
4724,59,0,5,133,37,219
4725,0,0,0,15,4,0
4726,17,0,2,32,15,43
4727,3,80,4,66,4,98
4728,9,35,1,10,4,4
4729,75,125,8,73,18,137
4730,5,0,0,53,7,74
4731,29,138,33,98,15,39
4732,160,19,6,300,98,91
4733,24,339,0,73,21,22
4734,47,73,8,47,1,44
4735,22,0,0,102,2,279
4736,3,39,0,17,1,20
4737,3,19,0,11,3,35
4738,19,0,2,79,15,74
4739,79,0,9,26,9,147
4740,8,0,7,17,3,42
4741,43,0,22,93,10,72
4742,7,0,5,11,2,50
4743,13,103,0,8,7,60
4744,24,11,5,95,18,13
4745,14,14,0,17,0,83
4746,20,53,1,0,5,71
4747,21,0,8,169,7,36
4748,18,85,0,21,0,60
4749,9,47,5,68,4,57
4750,6,71,3,65,5,128
4751,0,0,1,21,1,22
4752,6,58,1,10,2,35
4753,56,170,3,17,7,30
4754,51,0,0,104,10,58
4755,5,0,0,23,0,68
4756,149,60,0,149,65,16
4757,14,147,8,24,5,40
4758,22,27,7,392,71,10
4759,68,0,4,60,0,83
4760,3,35,2,11,0,60
4761,51,244,10,157,27,119
4762,99,77,0,43,16,70
4763,148,0,6,745,51,111
4764,21,0,13,78,1,73
4765,22,0,8,288,95,20
4766,19,21,0,49,16,167
4767,19,0,23,59,0,78
4768,29,27,2,32,7,16
4769,11,0,5,104,80,22
4770,31,0,8,614,77,5
4771,291,59,15,708,302,280
4772,8,48,2,21,4,8
4773,32,0,0,15,0,143
4774,9,0,14,55,13,90
4775,316,0,20,296,17,9
4776,16,0,12,58,1,119
4777,7,0,0,42,6,19
4778,133,65,1,16,8,14
4779,18,31,2,77,0,13
4780,6,10,7,177,24,23
4781,6,94,1,109,10,47
4782,20,58,5,155,7,28
4783,31,33,6,38,0,28
4784,141,59,1,140,152,11
4785,0,0,6,12,1,0
4786,98,193,21,124,20,124
4787,0,0,6,1008,152,24
4788,14,56,0,55,9,9
4789,0,61,0,20,0,31
4790,3,42,5,28,0,25
4791,16,7,8,21,0,25
4792,9,23,10,35,5,50
4793,18,49,7,15,8,34
4794,24,112,0,66,12,60
4795,16,0,0,80,9,181
4796,12,74,2,213,0,14
4797,12,159,6,104,8,71
4798,243,62,46,237,33,93
4799,47,104,0,230,4,32
4800,16,31,1,244,39,6
4801,47,29,0,266,62,29
4802,16,147,8,52,1,69
4803,4,0,7,160,37,21
4804,108,90,28,48,14,162
4805,33,39,0,35,10,21
4806,3,126,3,33,2,70
4807,11,0,0,13,2,42
4808,0,0,2,27,0,33
4809,77,116,5,58,0,68
4810,7,19,7,43,0,59
4811,20,0,7,32,29,12
4812,23,290,0,62,13,187
4813,27,397,7,68,20,41
4814,4,0,4,23,2,33
4815,25,267,2,100,2,67
4816,0,127,0,120,5,49
4817,2,0,0,22,1,42
4818,11,121,2,27,15,55
4819,0,28,0,12,0,38
4820,14,11,1,22,4,7
4821,17,409,5,188,8,259
4822,15,0,2,123,24,80
4823,40,24,0,45,3,46
4824,91,0,12,127,34,16
4825,22,0,0,21,2,39
4826,227,238,2,66,30,16
4827,19,177,10,31,12,86
4828,42,0,7,107,0,83
4829,312,0,39,824,80,70
4830,30,180,4,87,11,42
4831,10,60,3,45,5,40
4832,2,73,17,251,7,301
4833,0,27,0,10,4,29
4834,46,60,5,39,7,57
4835,131,84,132,466,205,55
4836,344,0,0,616,60,310
4837,22,0,14,243,2,119
4838,36,87,15,173,8,88
4839,20,14,13,37,0,25
4840,79,24,1,79,0,23
4841,0,0,6,35,2,54
4842,0,259,0,118,0,53
4843,297,0,34,551,56,255
4844,78,58,11,131,18,5
4845,51,0,4,90,9,67
4846,34,112,5,51,0,19
4847,88,4,0,378,21,67
4848,67,0,0,315,6,39
4849,32,36,15,641,28,123
4850,319,0,35,497,14,268
4851,127,243,0,138,15,164
4852,12,0,1,24,0,6
4853,47,0,0,77,73,143
4854,28,57,7,111,4,37
4855,39,42,8,51,7,17
4856,31,0,0,20,1,6
4857,85,52,0,52,7,146
4858,258,271,37,453,30,51
4859,51,100,2,71,14,87
4860,21,144,0,20,3,42
4861,154,0,135,268,223,49
4862,280,85,40,197,92,74
4863,38,0,8,84,2,182
4864,63,55,0,166,44,9
4865,21,0,0,214,0,38
4866,58,242,0,243,15,97
4867,258,0,0,567,102,71
4868,67,136,0,164,6,37
4869,67,0,11,850,103,32
4870,10,0,4,56,8,38
4871,0,0,0,14,0,35
4872,6,23,7,60,2,25
4873,14,0,0,155,6,47
4874,17,60,1,53,4,60
4875,8,73,0,39,0,27
4876,10,52,0,105,6,12
4877,71,64,18,341,159,24
4878,35,0,13,376,29,4
4879,45,41,2,129,6,40
4880,143,0,7,284,9,0
4881,172,0,14,385,11,128
4882,104,0,2,139,97,62
4883,6,0,6,72,0,17
4884,32,28,0,37,0,109
4885,25,191,0,136,8,51
4886,7,41,4,59,5,64
4887,198,0,0,35,18,12
4888,72,0,1,42,9,3
4889,8,86,2,249,5,78
4890,29,0,0,52,4,26
4891,4,134,3,26,0,37
4892,201,116,17,210,78,172
4893,53,0,3,151,7,187
4894,1,64,0,19,3,13
4895,85,330,12,210,0,134
4896,69,165,5,224,13,209
4897,21,4,1,197,162,13
4898,3,31,1,107,1,72
4899,10,41,0,17,0,47
4900,54,110,4,155,12,11
4901,33,88,0,133,4,259
4902,274,98,3,276,71,38
4903,16,0,1,156,3,4
4904,0,0,12,134,0,0
4905,146,0,0,217,21,98
4906,20,93,4,169,3,35
4907,12,5,6,27,16,103
4908,17,12,15,560,55,19
4909,47,18,11,473,35,17
4910,14,0,10,29,0,53
4911,273,0,0,357,47,90
4912,55,29,0,62,38,0
4913,82,0,8,362,76,13
4914,90,0,16,286,57,64
4915,30,56,18,149,3,24
4916,193,135,11,376,32,42
4917,73,0,0,836,81,0
4918,41,85,15,173,0,16
4919,14,65,19,353,9,39
4920,116,13,25,276,144,13
4921,257,93,14,502,163,54
4922,46,155,6,98,2,129
4923,30,62,3,95,9,41
4924,0,0,0,183,14,41
4925,21,0,4,82,5,19
4926,6,60,0,47,10,52
4927,169,242,31,824,194,283
4928,194,0,0,191,13,61
4929,6,39,10,0,0,13
4930,47,0,32,535,7,3
4931,46,0,12,337,41,36
4932,207,0,16,648,9,142
4933,8,0,8,3,3,21
4934,39,115,4,159,10,71
4935,11,161,0,31,2,0
4936,16,110,2,246,11,76
4937,76,0,106,907,61,61
4938,121,0,0,82,0,728
4939,17,45,4,175,1,162
4940,8,0,5,114,7,108
4941,9,0,0,85,0,0
4942,15,0,3,63,4,14
4943,0,0,3,36,0,23
4944,351,13,22,501,47,4
4945,39,158,0,75,2,82
4946,74,0,24,473,72,13
4947,119,432,17,372,0,99
4948,234,5,28,117,120,255
4949,68,0,22,268,94,83
4950,14,11,0,50,0,35
4951,42,0,11,273,8,142
4952,2,21,1,44,12,24
4953,13,46,1,0,2,24
4954,0,7,1,197,15,22
4955,0,129,1,21,0,4
4956,4,0,0,35,5,12
4957,21,85,4,183,3,40
4958,89,328,16,78,44,235
4959,87,181,79,596,18,100
4960,54,0,3,188,151,80
4961,111,0,28,273,28,81
4962,40,0,6,240,28,304
4963,24,0,0,85,6,2
4964,249,53,2,268,13,105
4965,17,43,2,165,17,11
4966,13,138,16,364,0,112
4967,4,53,0,17,7,16
4968,20,42,0,95,0,84
4969,53,22,1,96,37,75
4970,284,170,43,404,18,45
4971,15,55,9,61,2,84
4972,1,70,0,3,0,0
4973,25,62,0,0,4,32
4974,215,0,0,288,152,169
4975,18,249,10,110,6,334
4976,37,0,4,101,6,17
4977,18,36,0,9,4,19
4978,27,0,0,97,4,40
4979,111,110,17,448,49,235
4980,22,330,0,56,6,36
4981,256,0,19,49,36,70
4982,11,0,2,66,1,128
4983,0,66,4,24,24,86
4984,6,432,9,12,1,76
4985,119,241,0,83,11,141
4986,12,144,5,35,0,128
4987,12,63,2,43,1,58
4988,6,96,0,41,4,27
4989,20,0,3,29,1,101
4990,225,0,21,376,218,80
4991,5,8,1,18,0,6
4992,23,45,0,31,4,115
4993,49,212,7,100,0,188
4994,76,112,0,341,23,44
4995,156,0,12,105,7,51
4996,21,146,11,90,11,59
4997,22,116,10,30,0,56
4998,20,35,0,28,4,11
4999,4,0,0,23,0,0
5000,0,20,3,42,45,103
5001,36,70,0,39,110,212
5002,9,47,0,13,0,6
5003,23,66,0,178,25,5
5004,6,229,3,18,0,26
5005,20,0,6,55,3,116
5006,12,0,7,27,3,84
5007,5,70,2,13,0,37
5008,3,0,1,41,4,38
5009,136,0,32,167,57,269
5010,147,0,6,64,21,24
5011,57,21,10,111,14,22
5012,17,0,2,0,2,26
5013,64,369,23,441,75,313
5014,65,13,41,247,0,34
5015,74,193,8,198,19,77
5016,31,0,1,50,0,15
5017,0,0,5,74,0,82
5018,8,238,11,34,3,46
5019,86,28,1,135,13,88
5020,32,181,6,97,4,5
5021,41,0,0,68,11,111
5022,95,0,0,140,72,24
5023,294,92,183,632,163,83
5024,236,0,132,197,100,496
5025,76,339,6,304,3,216
5026,10,55,0,24,1,35
5027,3,113,0,58,0,19
5028,14,0,3,14,3,46
5029,32,9,0,134,0,17
5030,36,114,6,34,4,11
5031,17,92,3,48,3,29
5032,0,0,8,43,0,113
5033,8,0,3,28,6,51
5034,33,72,7,233,63,34
5035,85,0,6,109,11,104
5036,17,313,6,32,0,59
5037,33,0,3,118,21,114
5038,4,0,0,92,120,49
5039,52,0,14,187,21,35
5040,42,0,0,53,12,116
5041,32,101,21,37,9,96
5042,11,0,0,222,6,45
5043,18,0,0,42,33,23
5044,0,20,0,78,0,58
5045,78,8,12,119,92,54
5046,229,18,187,838,310,78
5047,65,22,3,61,45,43
5048,0,45,2,41,0,26
5049,16,50,3,63,3,41
5050,7,81,14,50,5,39
5051,11,22,0,65,3,58
5052,268,0,34,155,37,265
5053,59,0,0,144,35,201
5054,65,117,0,367,130,45
5055,85,119,0,60,10,234
5056,0,0,0,36,2,6
5057,19,45,7,430,16,118
5058,64,42,6,344,77,42
5059,33,0,5,123,1,140
5060,179,0,32,1033,77,202
5061,15,73,2,41,1,32
5062,24,293,9,159,11,27
5063,3,0,1,51,5,61
5064,12,62,0,21,0,33
5065,3,20,0,57,21,26
5066,51,215,40,210,11,325
5067,74,0,10,367,18,127
5068,7,74,0,14,0,24
5069,0,32,3,15,0,60
5070,0,79,6,22,10,104
5071,0,45,0,30,6,102
5072,23,46,0,20,31,63
5073,17,220,17,347,10,289
5074,13,121,2,65,7,1
5075,0,0,0,26,1,16
5076,30,162,1,30,0,25
5077,27,0,3,12,0,31
5078,85,682,11,126,46,140
5079,195,0,10,822,168,133
5080,3,102,0,22,60,42
5081,42,0,38,137,128,160
5082,31,89,17,86,4,27
5083,4,0,2,23,1,25
5084,5,88,0,29,1,55
5085,17,350,6,16,4,32
5086,0,61,3,60,16,69
5087,193,0,0,113,6,213
5088,26,92,0,159,3,75
5089,41,90,9,129,7,33
5090,133,19,51,100,44,17
5091,10,18,9,27,5,21
5092,107,0,4,32,33,24
5093,10,126,8,35,3,42
5094,0,0,1,22,0,35
5095,6,0,0,17,0,10
5096,15,0,0,21,3,92
5097,41,107,0,95,18,75
5098,103,6,3,77,133,21
5099,13,30,5,18,2,13
5100,11,9,3,118,87,78
5101,82,122,0,104,8,176
5102,30,41,5,15,6,0
5103,15,17,2,8,1,40
5104,116,493,15,464,20,164
5105,155,35,49,72,162,109
5106,23,55,5,52,34,65
5107,0,83,1,15,0,50
5108,56,140,3,66,7,218
5109,7,56,0,14,9,31
5110,0,89,0,30,0,76
5111,55,133,1,0,332,0
5112,7,0,6,48,1,60
5113,19,78,3,52,6,106
5114,60,253,9,126,19,204
5115,30,37,12,49,114,27
5116,67,33,1,114,209,7
5117,58,28,37,154,49,2
5118,4,200,8,25,9,49
5119,37,6,26,240,142,0
5120,53,92,6,106,9,84
5121,0,0,0,31,0,38
5122,146,92,0,75,10,19
5123,87,140,0,422,5,207
5124,77,35,13,342,218,95
5125,94,83,1,117,18,36
5126,50,0,8,91,41,29
5127,10,0,0,10,5,20
5128,2,33,0,0,0,41
5129,78,16,2,189,21,0
5130,9,70,0,26,4,68
5131,3,1,2,51,2,7
5132,18,0,8,37,8,31
5133,59,0,11,295,17,55
5134,38,31,0,81,2,8
5135,4,191,0,67,0,57
5136,11,42,1,46,0,9
5137,10,2,0,10,6,13
5138,116,72,17,112,12,58
5139,665,387,217,600,240,238
5140,8,0,9,36,2,74
5141,7,7,2,38,7,126
5142,27,113,1,26,0,92
5143,16,0,3,118,131,54
5144,15,109,3,66,3,89
5145,6,116,3,28,2,130
5146,271,0,46,227,311,34
5147,110,89,3,133,165,16
5148,66,0,11,29,43,22
5149,222,0,118,353,113,129
5150,88,69,3,124,0,43
5151,51,0,24,120,15,108
5152,38,0,3,66,15,8
5153,31,33,16,10,0,18
5154,23,155,9,53,0,139
5155,64,0,10,218,15,84
5156,9,93,4,41,13,41
5157,9,386,7,81,8,261
5158,2,0,0,38,1,85
5159,11,38,6,23,0,35
5160,10,0,9,56,8,58
5161,10,79,3,75,5,47
5162,10,56,1,89,8,30
5163,231,200,0,274,124,47
5164,0,0,7,37,0,41
5165,269,407,2,239,55,74
5166,15,99,13,161,0,121
5167,76,24,19,97,66,33
5168,23,31,0,9,1,70
5169,0,39,2,49,0,114
5170,12,60,5,85,0,38
5171,5,33,0,25,0,79
5172,3,4,0,22,51,54
5173,14,0,0,82,51,145
5174,10,0,0,24,4,22
5175,0,85,3,101,65,36
5176,0,58,2,20,0,33
5177,437,46,28,148,301,37
5178,7,0,0,97,24,0
5179,31,0,0,44,9,54
5180,52,0,0,102,82,65
5181,43,89,0,157,0,9
5182,8,126,2,30,2,33
5183,0,36,1,13,0,48
5184,2,36,3,11,0,7
5185,5,95,4,54,7,53
5186,18,0,5,123,0,32
5187,101,300,12,225,17,14
5188,310,0,2,394,71,242
5189,32,72,12,399,4,229
5190,33,108,23,81,0,106
5191,9,0,1,99,0,51
5192,0,53,2,34,0,13
5193,23,64,2,13,0,10
5194,19,0,0,85,48,120
5195,24,141,0,22,5,35
5196,0,143,49,310,31,166
5197,19,0,5,101,8,111
5198,28,2,5,192,36,9
5199,61,0,29,47,101,9
5200,76,72,9,162,10,88
5201,1,22,4,31,0,84
5202,74,306,0,133,19,88
5203,0,0,1,246,4,25
5204,1,19,5,38,43,56
5205,5,41,0,100,26,6
5206,9,106,0,200,229,46
5207,15,0,1,47,58,68
5208,0,0,8,29,2,8
5209,43,49,2,26,4,45
5210,12,67,4,78,10,54
5211,41,41,6,20,0,12
5212,4,26,4,10,6,7
5213,9,0,0,11,0,23
5214,1,151,0,21,5,66
5215,34,0,35,61,100,18
5216,12,282,6,19,0,59
5217,29,0,3,148,58,46
5218,0,65,0,4,0,14
5219,3,25,6,14,8,29
5220,0,66,6,111,0,155
5221,54,13,18,181,89,30
5222,21,17,8,0,2,3
5223,113,0,2,173,11,52
5224,27,0,12,32,5,355
5225,0,4,0,200,11,53
5226,19,0,17,32,8,9
5227,4,0,0,14,2,43
5228,0,0,1,61,5,81
5229,0,22,2,19,7,26
5230,7,0,4,15,0,8
5231,0,124,3,81,13,47
5232,8,0,5,82,2,75
5233,20,0,3,35,13,103
5234,42,0,0,89,61,6
5235,41,0,5,197,13,49
5236,29,80,0,232,57,84
5237,11,125,9,180,32,42
5238,81,17,7,205,0,16
5239,79,138,3,190,85,0
5240,143,38,9,96,201,14
5241,22,147,2,60,4,263
5242,3,43,5,83,8,18
5243,73,242,6,235,42,423
5244,57,0,0,6,24,71
5245,29,184,6,32,1,45
5246,12,158,4,102,3,116
5247,8,0,0,105,243,38
5248,31,0,1,79,22,25
5249,33,24,0,134,5,25
5250,11,117,12,26,0,84
5251,7,138,4,366,7,32
5252,17,0,0,206,54,32
5253,76,51,2,202,3,71
5254,18,0,4,201,23,137
5255,12,1,4,151,282,6
5256,10,97,3,66,0,139
5257,20,0,5,49,0,83
5258,46,295,5,111,12,103
5259,3,0,2,8,0,41
5260,23,0,4,176,24,18
5261,44,244,16,31,11,20
5262,14,19,3,22,2,72
5263,58,0,70,313,41,170
5264,30,0,0,68,1,58
5265,12,83,2,26,4,61
5266,174,0,2,282,95,92
5267,1,0,1,53,2,17
5268,50,255,0,99,34,75
5269,63,184,20,213,257,351
5270,105,53,3,154,31,0
5271,16,0,11,10,5,18
5272,98,1,1,70,45,22
5273,11,0,17,41,33,141
5274,2,39,0,27,0,51
5275,10,40,0,30,0,14
5276,30,82,1,46,6,65
5277,83,75,3,193,8,64
5278,31,0,3,23,0,38
5279,10,197,1,22,0,19
5280,0,5,0,37,0,2
5281,25,0,3,146,19,82
5282,8,26,5,45,12,37
5283,6,170,0,26,1,135
5284,11,134,0,230,24,88
5285,9,49,3,90,35,0
5286,0,102,0,103,0,26
5287,140,147,38,449,75,122
5288,0,101,0,0,7,25
5289,7,19,17,377,102,56
5290,57,62,40,233,340,77
5291,19,46,0,212,45,22
5292,0,0,0,4,0,28
5293,4,267,0,15,2,72
5294,4,0,1,73,15,27
5295,12,35,1,97,15,21
5296,79,86,83,451,125,148
5297,16,133,0,90,4,28
5298,0,62,0,30,6,10
5299,27,88,6,54,85,53
5300,242,0,38,526,16,212
5301,0,0,0,221,7,36
5302,54,106,7,73,9,114
5303,0,59,0,2,2,15
5304,44,91,0,28,3,88
5305,186,0,23,120,10,131
5306,0,174,7,26,3,108
5307,30,12,7,66,0,37
5308,21,0,9,80,10,18
5309,7,16,2,190,102,8
5310,290,88,14,83,38,44
5311,209,0,0,267,126,262
5312,380,0,205,417,144,95
5313,14,74,16,428,9,42
5314,16,0,0,14,0,3
5315,13,18,0,41,9,42
5316,34,73,0,256,37,7
5317,27,158,1,36,3,123
5318,9,0,4,16,1,45
5319,84,59,2,95,161,35
5320,14,50,3,20,1,21
5321,11,100,10,86,33,0
5322,18,244,53,36,4,30
5323,18,0,0,39,3,56
5324,84,0,13,156,4,24
5325,0,0,25,230,73,26
5326,17,153,7,6,3,35
5327,24,0,3,14,3,128
5328,2,36,3,15,5,34
5329,2,21,5,11,0,27
5330,3,0,0,85,1,6
5331,206,0,54,192,37,352
5332,24,195,18,10,11,7
5333,98,0,18,111,92,210
5334,0,0,0,24,1,31
5335,76,0,7,207,4,192
5336,150,128,39,876,71,269
5337,26,128,0,66,6,28
5338,28,0,11,56,0,229
5339,17,0,2,10,0,24
5340,170,354,17,349,100,52
5341,8,79,4,290,6,8
5342,19,62,3,64,3,151
5343,263,59,138,730,242,137
5344,604,352,59,175,109,51
5345,26,0,3,62,5,77
5346,2,17,3,43,3,50
5347,4,73,6,20,6,33
5348,17,62,5,34,0,15
5349,12,54,8,93,6,114
5350,651,0,209,741,353,193
5351,54,160,14,237,10,96
5352,13,0,0,13,1,30
5353,1,90,0,18,1,103
5354,17,0,8,100,7,86
5355,18,0,3,232,14,62
5356,0,0,11,249,10,62
5357,16,112,0,177,31,61
5358,0,0,6,68,3,0
5359,100,198,7,229,5,146
5360,0,0,0,23,4,19
5361,125,172,1,41,10,84
5362,132,0,18,20,78,38
5363,59,34,26,250,81,127
5364,44,52,5,111,25,89
5365,22,0,6,92,16,35
5366,39,84,9,20,9,36
5367,46,129,10,154,34,135
5368,6,23,1,23,4,60
5369,40,73,9,209,16,155
5370,10,28,1,280,29,11
5371,35,176,3,86,0,180
5372,11,117,0,110,37,29
5373,12,59,5,42,7,38
5374,39,68,12,129,26,61
5375,8,0,0,16,2,83
5376,0,19,1,15,0,30
5377,29,68,0,24,0,66
5378,17,46,6,45,4,104
5379,0,46,0,7,3,67
5380,11,65,0,38,27,42
5381,66,274,31,175,16,32
5382,23,61,6,67,11,16
5383,21,10,2,25,0,67
5384,24,77,16,151,55,9
5385,140,0,10,17,253,22
5386,23,0,1,37,87,8
5387,5,0,5,80,6,22
5388,10,0,9,10,0,47
5389,128,0,53,102,181,207
5390,274,0,16,74,31,395
5391,73,0,13,90,12,107
5392,5,79,0,34,0,56
5393,585,228,20,693,121,213
5394,26,252,5,103,3,19
5395,9,0,2,36,3,72
5396,156,481,32,197,30,141
5397,38,92,4,28,5,11
5398,32,47,11,28,8,41
5399,7,16,0,196,4,68
5400,13,18,2,68,0,52
5401,26,0,6,12,0,61
5402,30,0,31,48,11,86
5403,14,53,2,21,0,55
5404,3,0,1,63,20,6
5405,63,0,9,95,16,66
5406,31,146,11,73,170,67
5407,19,108,3,117,14,136
5408,3,0,3,32,0,46
5409,29,90,0,4,0,81
5410,249,0,1,317,71,78
5411,13,0,6,35,3,22
5412,44,0,22,483,6,68
5413,29,0,0,28,8,16
5414,138,400,10,152,8,167
5415,4,0,3,9,0,6
5416,131,0,16,75,101,17
5417,20,0,5,48,0,27
5418,15,115,6,2,0,35
5419,36,0,6,51,0,43
5420,1,68,2,59,2,69
5421,5,49,4,18,0,50
5422,10,34,5,46,4,37
5423,0,37,0,34,1,65
5424,5,0,0,41,8,41
5425,0,41,0,0,4,85
5426,17,98,7,35,0,66
5427,17,150,4,21,15,28
5428,21,35,0,35,3,24
5429,25,0,4,59,6,58
5430,0,33,2,46,6,50
5431,6,54,2,171,25,54
5432,41,100,12,208,35,182
5433,2,0,0,64,64,0
5434,0,13,0,198,0,16
5435,7,100,3,210,7,83
5436,94,0,3,459,29,15
5437,35,0,0,581,10,226
5438,8,0,3,0,130,12
5439,70,27,16,334,96,38
5440,33,120,2,75,13,97
5441,65,0,7,30,27,17
5442,4,0,11,23,1,2
5443,89,58,38,302,15,251
5444,197,214,0,225,13,95
5445,26,0,0,116,134,129
5446,33,129,0,65,14,55
5447,6,104,9,38,15,44
5448,43,6,18,126,29,4
5449,31,177,27,55,30,133
5450,45,0,0,97,2,19
5451,19,0,0,43,4,9
5452,111,86,7,278,58,102
5453,2,0,8,2,3,13
5454,12,122,3,42,8,25
5455,40,0,8,134,12,44
5456,0,32,0,27,3,31
5457,2,168,0,125,18,101
5458,125,86,34,212,381,74
5459,2,38,4,5,0,19
5460,4,227,9,48,0,28
5461,27,320,0,134,22,213
5462,79,171,0,358,134,45
5463,50,93,16,204,26,167
5464,5,91,2,19,1,78
5465,4,0,9,16,8,34
5466,0,22,0,13,5,48
5467,28,28,1,281,29,37
5468,4,2,5,25,8,15
5469,0,186,0,84,15,18
5470,25,69,10,36,0,7
5471,13,0,0,10,5,31
5472,17,96,0,28,4,53
5473,28,27,13,17,0,166
5474,4,27,18,34,6,107
5475,40,390,10,214,10,294
5476,89,0,16,107,50,253
5477,10,0,6,314,12,18
5478,16,0,6,775,21,31
5479,4,60,2,25,3,26
5480,142,0,0,226,11,51
5481,257,0,7,96,38,54
5482,66,0,11,35,0,41
5483,4,25,0,16,2,32
5484,22,164,5,23,6,47
5485,14,52,4,59,38,87
5486,118,0,0,88,22,45
5487,134,108,2,405,13,76
5488,0,0,5,3,3,0
5489,19,254,4,38,13,113
5490,49,0,62,339,82,96
5491,11,28,2,24,13,81
5492,19,0,24,107,5,7
5493,7,16,0,35,4,20
5494,3,50,3,64,0,97
5495,29,40,0,434,19,45
5496,0,107,1,16,0,55
5497,17,115,0,32,6,73
5498,164,51,6,45,9,51
5499,11,34,1,132,0,42
5500,7,4,14,16,21,30
5501,156,0,33,289,37,24
5502,14,136,9,156,0,117
5503,231,0,1,393,182,122
5504,2,35,0,42,0,26
5505,0,29,6,5,0,21
5506,45,62,5,56,6,75
5507,0,89,0,9,6,39
5508,185,53,14,39,60,61
5509,25,70,0,83,0,159
5510,46,140,11,75,7,246
5511,24,0,3,147,3,67
5512,18,186,0,21,0,95
5513,0,0,0,169,18,236
5514,43,0,9,56,9,91
5515,34,47,6,147,44,64
5516,61,0,11,243,19,58
5517,87,0,72,1088,104,144
5518,20,0,0,204,16,36
5519,37,83,6,30,34,28
5520,4,22,2,12,0,24
5521,7,0,4,49,0,13
5522,70,91,1,215,0,26
5523,7,0,2,0,0,21
5524,16,34,2,22,0,52
5525,85,288,0,98,23,26
5526,2,88,8,83,3,98
5527,23,0,6,77,8,24
5528,2,99,0,0,6,49
5529,727,149,29,139,316,220
5530,4,9,3,52,1,40
5531,14,39,2,94,4,17
5532,83,0,6,149,8,130
5533,48,0,18,199,3,25
5534,73,112,6,462,4,133
5535,8,26,2,27,8,14
5536,55,139,8,655,101,105
5537,26,108,0,130,0,68
5538,19,0,9,117,6,165
5539,51,196,36,186,35,158
5540,253,282,18,98,40,361
5541,35,310,11,202,21,201
5542,28,157,17,97,21,49
5543,8,254,0,25,0,101
5544,83,16,36,521,30,95
5545,37,163,0,47,11,70
5546,14,170,5,160,0,77
5547,7,46,4,72,3,40
5548,0,0,6,0,0,52
5549,132,181,23,251,3,125
5550,6,106,4,125,6,116
5551,91,0,17,202,87,138
5552,85,117,6,59,16,123
5553,2,0,0,13,1,26
5554,12,37,0,32,0,88
5555,39,222,15,438,30,151
5556,117,46,3,316,94,81
5557,11,39,0,28,7,8
5558,56,0,0,53,21,19
5559,6,212,0,41,3,25
5560,16,92,1,27,2,64
5561,4,42,4,27,18,30
5562,0,38,1,0,0,21
5563,17,124,4,27,5,40
5564,203,118,13,186,167,65
5565,100,363,8,219,52,25
5566,28,144,0,194,0,0
5567,7,59,0,34,0,4
5568,32,28,0,66,0,60
5569,4,57,0,75,6,238
5570,56,0,5,71,0,60
5571,30,138,7,188,5,77
5572,50,55,12,241,119,20
5573,12,121,0,122,24,130
5574,130,11,0,219,12,149
5575,61,213,10,168,12,188
5576,6,0,1,7,2,3
5577,35,0,15,32,13,81
5578,17,0,16,90,47,117
5579,0,0,3,11,0,0
5580,41,0,4,257,17,0
5581,9,268,3,203,102,173
5582,0,109,13,70,9,59
5583,0,10,1,20,0,19
5584,5,11,19,251,29,23
5585,60,20,8,27,4,62
5586,7,135,15,13,5,65
5587,7,41,0,34,7,11
5588,1,24,0,38,2,14
5589,29,206,4,125,35,145
5590,4,0,102,386,50,302
5591,32,0,6,60,13,196
5592,7,70,2,22,0,41
5593,88,32,2,72,0,13
5594,20,72,2,190,2,62
5595,12,0,2,22,2,89
5596,17,0,3,78,6,78
5597,17,0,17,179,27,103
5598,17,74,0,81,2,46
5599,19,366,15,491,10,57
5600,0,39,4,148,11,8
5601,7,64,0,159,9,65
5602,87,58,24,365,23,79
5603,18,0,14,39,18,211
5604,134,217,2,85,5,38
5605,9,0,0,11,1,47
5606,70,233,17,247,27,57
5607,15,91,10,39,21,68
5608,381,91,31,154,58,364
5609,3,23,1,26,1,0
5610,10,147,1,20,1,77
5611,793,0,37,398,83,1316
5612,27,0,21,34,10,86
5613,54,130,23,144,6,49
5614,20,0,3,26,2,36
5615,19,52,3,0,8,114
5616,5,55,2,40,4,56
5617,9,157,0,42,7,75
5618,16,47,0,14,0,39
5619,42,0,3,78,4,35
5620,21,139,1,33,107,41
5621,86,56,2,171,141,6
5622,18,30,10,64,10,82
5623,0,296,4,0,0,63
5624,7,336,0,381,30,45
5625,0,0,0,0,0,38
5626,5,13,5,9,2,13
5627,12,0,5,65,9,29
5628,6,65,1,23,12,36
5629,99,0,7,238,42,9
5630,28,0,3,27,0,84
5631,4,0,0,8,0,11
5632,0,0,1,32,7,143
5633,111,44,67,324,79,41
5634,11,169,0,16,1,37
5635,5,0,1,27,2,76
5636,7,84,3,69,13,31
5637,0,83,0,33,0,7
5638,1,37,3,25,3,5
5639,26,0,9,44,14,12
5640,44,196,4,93,0,54
5641,80,142,0,40,1,63
5642,37,0,24,34,10,381
5643,74,0,13,104,23,169
5644,8,32,3,146,11,19
5645,10,0,4,11,1,25
5646,0,12,3,16,5,20
5647,203,334,28,603,254,518
5648,6,0,6,13,2,61
5649,14,426,2,0,3,228
5650,5,0,3,173,0,41
5651,303,0,23,1040,296,300
5652,45,112,22,45,7,162
5653,1,0,0,4,1,15
5654,15,51,0,36,8,51
5655,43,0,18,442,118,31
5656,0,67,2,90,1,36
5657,9,87,19,252,13,93
5658,4,0,3,44,0,42
5659,10,50,1,130,15,7
5660,7,177,3,20,0,27
5661,6,37,3,28,8,42
5662,11,28,5,21,36,66
5663,0,0,0,46,10,70
5664,1,23,6,139,7,78
5665,5,91,1,64,11,71
5666,0,0,2,80,4,73
5667,0,167,5,60,2,180
5668,27,249,8,229,150,190
5669,0,83,2,13,5,8
5670,2,0,4,44,3,48
5671,145,108,13,166,172,101
5672,213,346,33,193,16,517
5673,4,111,2,21,8,11
5674,29,0,33,81,8,70
5675,12,146,0,23,0,112
5676,8,0,1,2,4,76
5677,72,50,33,204,48,67
5678,36,20,37,216,71,11
5679,59,0,30,67,59,17
5680,65,36,36,40,131,67
5681,85,0,6,78,16,0
5682,3,60,10,40,0,27
5683,0,396,4,43,4,32
5684,373,126,42,17,194,150
5685,20,0,4,60,0,123
5686,9,33,0,24,0,134
5687,12,82,2,199,5,44
5688,3,72,4,40,0,21
5689,22,0,18,18,4,125
5690,44,0,18,194,13,71
5691,0,11,11,15,9,7
5692,0,47,0,21,1,0
5693,0,94,1,13,1,40
5694,2,65,2,22,4,10
5695,64,19,0,129,30,50
5696,19,73,4,71,36,109
5697,25,20,18,197,61,44
5698,1,0,0,34,0,28
5699,12,120,1,95,8,22
5700,1,79,0,11,0,42
5701,14,116,12,255,22,18
5702,0,0,0,275,23,43
5703,130,63,6,116,6,197
5704,13,0,0,143,7,86
5705,45,44,4,310,0,57
5706,11,50,1,189,129,36
5707,58,152,6,154,68,102
5708,2,18,0,121,39,2
5709,0,53,2,39,5,19
5710,6,23,0,111,0,40
5711,11,0,0,72,14,159
5712,12,8,13,160,0,0
5713,1,0,1,5,0,30
5714,5,59,2,20,0,66
5715,0,0,1,110,39,4
5716,80,0,21,294,14,343
5717,0,0,7,94,13,30
5718,13,31,0,26,4,71
5719,100,0,4,211,101,46
5720,0,0,0,52,3,62
5721,55,85,0,74,1,57
5722,611,58,15,592,153,408
5723,153,12,2,14,234,28
5724,27,0,9,212,127,15
5725,4,36,0,0,0,37
5726,18,165,2,73,11,115
5727,5,305,0,7,30,25
5728,39,171,17,112,0,69
5729,0,69,0,14,4,13
5730,22,6,0,163,4,0
5731,0,0,18,16,13,120
5732,28,0,8,211,25,79
5733,128,463,19,131,54,102
5734,15,42,0,118,10,64
5735,16,34,11,117,19,29
5736,495,0,202,0,583,246
5737,2,62,0,13,0,132
5738,44,98,0,26,0,35
5739,34,39,4,69,13,92
5740,0,53,0,52,13,58
5741,34,89,0,25,7,59
5742,23,18,5,34,3,73
5743,6,99,0,141,15,50
5744,26,169,18,19,0,108
5745,68,56,0,34,0,53
5746,0,0,1,12,0,38
5747,9,65,5,97,5,139
5748,2,0,2,13,3,56
5749,9,29,1,401,305,16
5750,3,42,11,343,21,18
5751,4,0,3,52,9,141
5752,138,6,14,99,13,7
5753,83,82,0,233,58,165
5754,96,0,8,31,0,127
5755,20,0,3,129,3,126
5756,3,0,0,39,2,20
5757,13,87,0,166,11,14
5758,21,102,3,14,1,17
5759,3,77,2,12,0,30
5760,0,53,8,45,5,36
5761,35,0,3,70,11,97
5762,66,301,13,278,18,44
5763,19,123,0,74,3,35
5764,13,49,2,31,30,49
5765,109,186,12,74,103,221
5766,66,0,19,297,75,264
5767,29,0,4,33,5,12
5768,21,212,16,57,5,207
5769,9,26,2,31,4,82
5770,3,80,0,11,0,17
5771,10,227,17,109,17,52
5772,239,17,63,367,416,33
5773,17,0,0,53,1,57
5774,49,0,7,62,9,71
5775,13,0,4,17,12,48
5776,40,0,11,68,8,115
5777,0,171,0,29,1,9
5778,4,76,10,77,14,30
5779,8,57,7,141,57,22
5780,46,157,7,135,3,59
5781,435,0,27,337,748,664
5782,6,0,0,28,4,2
5783,24,290,9,278,9,407
5784,4,135,4,15,2,12
5785,69,216,2,172,20,207
5786,0,30,12,12,0,13
5787,6,0,8,15,0,14
5788,19,84,4,24,0,50
5789,0,62,1,62,12,73
5790,0,259,0,35,2,2
5791,12,212,7,35,0,189
5792,0,34,1,35,99,21
5793,30,124,11,33,0,229
5794,5,100,3,47,7,59
5795,28,80,2,40,58,28
5796,84,68,4,85,24,95
5797,9,0,9,29,24,23
5798,28,0,27,11,2,59
5799,18,119,0,38,8,68
5800,0,36,0,91,2,6
5801,2,73,0,31,7,10
5802,0,180,3,23,0,9
5803,3,0,1,33,5,7
5804,0,34,5,2,0,17
5805,8,18,1,22,1,33
5806,146,67,18,49,9,177
5807,5,0,11,23,1,59
5808,9,18,1,11,1,29
5809,2,0,3,0,0,24
5810,25,0,0,155,15,19
5811,0,26,2,2,3,36
5812,2,43,2,10,0,47
5813,9,0,1,11,0,15
5814,35,0,23,31,4,48
5815,22,68,2,32,0,39
5816,29,103,15,75,6,107
5817,29,206,3,31,9,29
5818,0,0,0,31,11,18
5819,21,113,12,128,0,90
5820,60,278,16,114,46,188
5821,17,72,0,103,9,127
5822,72,319,13,196,98,81
5823,33,0,22,114,46,13
5824,35,0,4,184,5,107
5825,23,0,4,114,9,52
5826,21,0,0,27,0,97
5827,429,115,71,322,33,182
5828,0,7,6,65,9,49
5829,13,0,5,36,1,40
5830,15,29,2,46,2,83
5831,13,0,38,186,95,0
5832,4,170,7,113,0,23
5833,22,74,9,40,2,174
5834,0,20,0,16,0,15
5835,7,128,2,20,1,41
5836,14,40,8,101,10,98
5837,0,40,9,157,2,47
5838,19,83,9,323,44,49
5839,96,207,21,74,3,44
5840,112,82,12,45,23,107
5841,77,0,15,107,0,205
5842,0,28,3,39,0,44
5843,6,60,0,41,3,10
5844,4,61,8,118,4,107
5845,48,221,50,538,31,73
5846,20,0,15,52,10,41
5847,207,119,13,292,162,146
5848,8,38,0,13,0,45
5849,15,0,11,44,38,198
5850,35,59,5,66,6,49
5851,32,9,4,96,32,14
5852,21,125,5,42,5,48
5853,3,39,0,46,16,29
5854,3,37,1,54,4,9
5855,3,0,0,36,49,25
5856,9,161,3,47,1,36
5857,13,0,0,33,2,16
5858,33,72,14,57,6,85
5859,14,108,5,42,0,71
5860,24,73,8,138,9,22
5861,8,219,5,49,5,156
5862,11,0,2,0,0,8
5863,11,0,0,61,3,121
5864,14,117,26,48,12,90
5865,71,67,0,102,3,396
5866,21,0,4,63,13,83
5867,113,96,9,41,23,300
5868,112,25,12,364,137,0
5869,34,92,14,88,2,30
5870,0,0,0,0,0,10
5871,0,31,1,4,0,43
5872,20,19,3,214,0,81
5873,7,0,5,5,2,104
5874,16,266,15,35,4,47
5875,15,99,2,52,14,103
5876,157,41,13,243,202,41
5877,7,96,0,0,0,50
5878,191,0,1,45,15,126
5879,0,0,0,14,0,1
5880,16,58,0,133,7,71
5881,16,182,7,25,0,40
5882,28,233,18,209,0,174
5883,40,81,2,222,27,12
5884,22,23,15,163,55,60
5885,47,0,23,223,17,92
5886,31,364,12,91,24,106
5887,10,79,3,69,8,34
5888,11,0,0,9,0,33
5889,3,0,5,41,1,10
5890,48,0,0,42,0,52
5891,41,0,0,146,32,212
5892,20,58,0,74,100,13
5893,19,21,1,247,60,9
5894,5,57,0,125,14,120
5895,0,57,0,15,0,74
5896,19,61,12,86,203,90
5897,28,110,9,50,2,44
5898,33,0,8,46,7,38
5899,65,47,65,287,90,25
5900,48,26,3,188,164,35
5901,0,0,0,48,15,56
5902,5,144,2,87,0,73
5903,10,62,0,43,0,135
5904,8,133,3,25,3,58
5905,41,440,5,34,0,124
5906,63,469,25,164,31,90
5907,327,45,6,81,265,29
5908,168,0,6,230,0,81
5909,56,161,15,155,22,322
5910,167,0,15,487,37,94
5911,30,483,10,313,8,142
5912,12,0,1,46,6,39
5913,44,33,3,15,4,78
5914,14,46,0,10,0,21
5915,147,27,0,169,115,53
5916,24,279,6,94,6,64
5917,13,0,0,58,35,44
5918,10,0,1,81,2,57
5919,40,384,0,11,0,23
5920,7,77,4,35,4,10
5921,13,57,27,160,25,14
5922,8,68,0,11,0,135
5923,4,0,0,74,23,11
5924,14,28,5,26,7,24
5925,5,8,2,128,0,31
5926,65,160,39,116,25,51
5927,8,0,3,12,4,15
5928,6,0,2,5,0,31
5929,137,28,128,628,395,46
5930,0,39,7,33,0,41
5931,0,59,0,13,2,22
5932,94,89,9,156,27,27
5933,60,233,8,140,24,139
5934,11,14,15,18,6,21
5935,9,158,3,8,0,27
5936,16,0,0,14,4,50
5937,8,0,6,31,4,0
5938,470,144,19,243,92,267
5939,19,0,9,40,2,57
5940,52,4,39,193,25,6
5941,21,0,0,13,2,47
5942,97,332,19,128,18,122
5943,19,0,0,43,1,67
5944,4,82,6,157,16,121
5945,124,416,0,196,10,179
5946,7,137,0,24,1,26
5947,11,0,2,183,24,10
5948,46,110,3,221,63,19
5949,33,219,6,61,10,116
5950,57,272,5,153,7,141
5951,4,0,2,4,0,36
5952,62,34,6,157,5,145
5953,269,0,4,0,146,79
5954,0,28,0,29,0,50
5955,85,388,1,110,43,235
5956,47,292,0,104,7,129
5957,119,0,8,123,8,36
5958,0,42,4,70,23,8
5959,15,0,0,64,9,35
5960,19,51,2,15,0,86
5961,0,0,0,61,19,0
5962,17,227,3,48,4,33
5963,11,112,14,26,14,79
5964,101,63,0,351,196,20
5965,108,87,3,55,210,7
5966,0,61,8,4,0,13
5967,9,137,2,44,3,23
5968,19,110,7,10,5,32
5969,8,0,2,75,0,14
5970,9,35,5,9,1,93
5971,22,97,6,18,3,77
5972,103,0,2,130,6,162
5973,10,0,2,63,2,119
5974,0,115,8,19,0,48
5975,18,206,6,74,7,93
5976,8,22,0,45,12,20
5977,3,0,7,95,4,254
5978,155,109,6,126,21,390
5979,9,12,3,180,5,25
5980,3,0,4,42,2,10
5981,17,67,3,81,3,53
5982,232,0,19,225,21,237
5983,211,0,16,336,23,217
5984,110,274,18,32,0,153
5985,214,226,6,291,269,18
5986,0,21,0,0,0,41
5987,63,146,3,312,58,56
5988,41,342,6,217,31,98
5989,6,64,10,68,7,39
5990,3,176,3,36,0,29
5991,31,185,6,112,0,108
5992,24,333,11,75,6,328
5993,19,44,1,43,0,87
5994,57,122,6,32,0,29
5995,0,0,0,56,0,247
5996,6,0,2,46,0,0
5997,246,44,89,694,217,20
5998,7,44,0,172,0,70
5999,65,65,5,56,67,29
6000,4,13,1,131,14,17
6001,23,0,5,15,7,21
6002,13,25,0,2,0,27
6003,16,165,9,48,6,118
6004,8,28,13,110,11,44
6005,6,0,0,668,12,0
6006,14,76,0,55,5,51
6007,21,148,4,5,0,51
6008,0,191,10,854,19,209
6009,15,16,5,57,0,126
6010,30,66,5,78,9,80
6011,19,170,0,31,6,39
6012,22,0,0,103,0,101
6013,26,0,3,26,2,26
6014,65,100,0,82,4,35
6015,3,0,40,189,20,242
6016,9,0,6,14,1,17
6017,17,0,3,139,50,55
6018,17,52,0,43,0,53
6019,1,10,0,35,0,19
6020,11,0,0,79,8,45
6021,20,94,2,100,20,22
6022,8,49,0,24,3,49
6023,7,0,4,11,3,21
6024,71,134,16,103,4,23
6025,0,0,16,306,39,274
6026,6,58,0,5,1,51
6027,42,524,27,179,42,176
6028,9,158,1,31,10,38
6029,13,48,2,0,0,311
6030,5,28,3,19,0,33
6031,12,51,0,28,4,24
6032,7,281,9,0,2,121
6033,5,123,12,21,0,85
6034,18,54,4,27,10,33
6035,113,79,5,100,0,105
6036,22,0,0,214,19,14
6037,54,61,0,364,4,74
6038,12,251,5,41,71,56
6039,7,46,1,13,0,57
6040,34,214,3,133,0,189
6041,48,64,7,130,0,114
6042,79,0,4,5,5,68
6043,69,0,5,120,36,26
6044,11,35,0,5,0,89
6045,148,375,17,308,150,327
6046,48,44,0,210,27,63
6047,0,21,5,20,5,73
6048,63,0,4,23,10,12
6049,101,0,9,30,1,152
6050,54,17,0,30,5,42
6051,65,0,8,141,20,3
6052,78,0,56,225,20,34
6053,33,76,1,44,16,124
6054,6,101,0,32,2,73
6055,307,66,61,632,394,21
6056,25,14,49,13,14,35
6057,148,0,10,157,69,115
6058,34,284,0,95,20,123
6059,95,0,9,76,7,105
6060,6,25,1,106,28,9
6061,29,0,4,115,84,29
6062,29,80,19,232,16,65
6063,155,8,43,433,34,3
6064,90,0,20,129,23,142
6065,13,35,33,174,0,31
6066,13,0,20,67,1,43
6067,45,0,0,115,51,56
6068,18,99,2,0,0,41
6069,23,0,0,15,5,13
6070,0,80,0,10,5,10
6071,3,144,0,57,7,105
6072,15,0,0,57,24,0
6073,11,0,3,404,55,45
6074,183,0,55,766,421,66
6075,12,228,0,114,20,73
6076,34,0,0,26,0,54
6077,13,57,0,22,1,24
6078,8,31,1,34,36,17
6079,186,0,21,139,37,95
6080,28,0,3,30,1,36
6081,1,74,1,9,0,13
6082,25,218,12,41,1,120
6083,0,0,11,17,8,64
6084,8,96,0,26,1,27
6085,13,87,2,37,11,38
6086,33,156,6,87,1,274
6087,39,0,10,47,11,275
6088,33,118,0,63,16,91
6089,3,0,8,91,5,103
6090,96,62,43,264,74,66
6091,98,0,11,276,55,133
6092,99,122,0,294,7,240
6093,9,139,0,53,34,118
6094,149,0,0,111,16,7
6095,97,286,10,226,12,124
6096,0,44,4,57,4,43
6097,15,0,10,11,0,116
6098,28,0,1,107,35,100
6099,7,0,2,96,5,171
6100,36,50,7,227,133,32
6101,54,118,6,122,21,147
6102,0,5,0,13,0,108
6103,114,24,10,84,144,0
6104,55,0,24,11,103,61
6105,376,138,22,445,134,114
6106,20,0,11,92,69,42
6107,0,117,1,22,8,66
6108,37,30,0,18,2,8
6109,7,40,3,12,4,19
6110,8,106,3,39,0,74
6111,29,0,9,0,4,23
6112,29,0,0,14,2,27
6113,4,67,2,21,2,36
6114,93,36,23,905,64,19
6115,20,6,7,15,0,20
6116,66,16,2,168,246,10
6117,26,24,5,92,9,13
6118,147,352,12,239,21,218
6119,56,235,14,124,14,242
6120,71,0,4,185,50,65
6121,12,133,6,70,27,77
6122,10,0,3,21,0,18
6123,53,84,15,538,246,94
6124,20,0,3,31,0,7
6125,43,0,17,61,8,410
6126,52,29,5,53,4,233
6127,49,11,1,77,47,17
6128,147,70,6,664,264,87
6129,174,104,3,167,13,62
6130,10,0,4,128,20,17
6131,12,0,2,26,1,43
6132,8,0,0,34,6,73
6133,52,370,0,220,66,161
6134,8,0,3,22,2,183
6135,7,18,0,105,24,127
6136,30,100,24,135,8,213
6137,0,106,0,7,16,16
6138,11,101,0,180,107,36
6139,53,132,12,17,29,30
6140,0,104,0,52,7,100
6141,9,0,0,91,0,62
6142,47,19,6,33,38,5
6143,8,114,3,12,0,28
6144,1,31,2,92,10,0
6145,89,63,5,155,24,18
6146,27,56,6,145,41,120
6147,5,0,1,32,14,54
6148,0,25,0,35,2,18
6149,58,0,18,230,20,285
6150,84,37,6,45,42,102
6151,95,64,37,1107,290,33
6152,0,160,0,65,0,27
6153,5,187,0,23,3,14
6154,0,126,0,140,7,28
6155,6,150,14,58,2,16
6156,4,41,0,24,0,0
6157,43,21,6,57,12,5
6158,32,59,0,129,8,108
6159,0,0,0,9,2,7
6160,19,106,0,114,3,25
6161,17,7,3,30,9,63
6162,8,50,1,55,3,17
6163,45,41,6,14,1,0
6164,12,0,0,92,5,203
6165,0,87,0,17,4,28
6166,33,124,19,28,32,116
6167,4,0,3,122,15,19
6168,19,84,7,39,9,117
6169,21,0,12,51,3,195
6170,20,0,2,56,7,43
6171,32,0,37,91,66,164
6172,43,294,0,395,152,122
6173,23,0,5,24,4,174
6174,38,40,5,52,174,19
6175,7,25,3,70,8,25
6176,29,78,0,30,1,65
6177,0,0,2,21,8,14
6178,475,386,0,449,462,80
6179,171,72,8,68,220,32
6180,5,46,2,9,3,0
6181,0,136,5,106,15,34
6182,0,1,2,19,4,61
6183,21,0,6,112,7,16
6184,5,0,1,22,2,65
6185,39,281,0,145,16,322
6186,0,46,7,132,24,65
6187,41,122,0,65,0,71
6188,5,25,1,24,1,8
6189,113,0,0,177,43,11
6190,23,21,10,246,15,92
6191,215,125,4,151,140,27
6192,8,178,0,22,7,38
6193,39,0,19,454,65,13
6194,15,26,2,57,3,109
6195,0,0,0,28,0,60
6196,11,91,0,61,30,10
6197,5,0,0,37,0,42
6198,13,0,0,2,0,36
6199,93,0,83,128,168,10
6200,15,112,0,91,5,83
6201,32,49,4,100,4,30
6202,123,0,16,119,62,230
6203,31,0,0,37,24,42
6204,53,48,3,68,223,47
6205,18,79,7,90,7,107
6206,5,23,3,37,0,57
6207,18,0,2,88,8,35
6208,9,17,2,15,3,5
6209,61,0,17,95,16,299
6210,1,156,0,45,10,67
6211,14,0,8,21,0,12
6212,3,31,0,13,0,36
6213,22,338,8,0,2,161
6214,24,207,4,166,0,218
6215,0,61,0,17,1,13
6216,0,0,1,52,12,49
6217,4,60,0,48,1,10
6218,32,94,2,98,3,87
6219,3,6,0,131,21,11
6220,12,56,4,17,1,61
6221,53,201,8,373,3,93
6222,32,0,0,45,15,94
6223,28,68,9,150,108,51
6224,28,28,17,55,90,32
6225,0,0,0,9,0,25
6226,22,124,6,44,0,16
6227,23,82,0,90,0,30
6228,0,55,1,28,8,54
6229,0,36,1,4,4,13
6230,9,118,0,15,0,56
6231,6,173,3,39,0,84
6232,46,0,0,58,0,87
6233,63,68,4,345,31,75
6234,17,0,0,137,24,27
6235,19,127,0,39,2,56
6236,17,178,12,232,1,30
6237,7,97,0,54,2,37
6238,71,704,16,513,196,125
6239,17,31,0,69,13,66
6240,7,53,0,24,6,23
6241,14,0,2,45,0,19
6242,16,0,7,8,15,62
6243,15,0,30,122,0,94
6244,8,15,2,17,1,48
6245,37,207,0,87,0,73
6246,55,35,16,19,0,71
6247,133,0,7,76,46,38
6248,24,170,6,79,1,124
6249,33,160,12,243,0,261
6250,6,57,0,22,0,25
6251,3,1,4,0,0,25
6252,16,207,1,71,3,111
6253,2,79,5,56,24,46
6254,39,51,0,20,0,80
6255,31,36,0,185,48,74
6256,210,290,0,309,16,392
6257,93,513,10,92,30,118
6258,0,41,13,313,37,35
6259,70,0,8,17,15,129
6260,8,0,7,57,0,37
6261,39,62,5,6,6,13
6262,8,242,0,63,2,127
6263,35,0,45,101,3,57
6264,15,0,1,122,24,44
6265,14,8,2,39,13,30
6266,38,339,7,63,11,0
6267,79,18,6,27,0,32
6268,0,30,2,41,1,23
6269,2,0,2,38,8,24
6270,12,49,2,18,24,54
6271,5,40,5,17,3,47
6272,6,0,6,13,3,45
6273,12,50,2,52,0,34
6274,2,123,1,15,0,61
6275,22,0,6,46,11,49
6276,16,0,0,71,1,46
6277,14,59,0,20,17,21
6278,152,0,26,320,74,87
6279,0,0,1,37,0,71
6280,16,96,0,90,0,120
6281,37,177,5,35,7,93
6282,23,0,0,60,22,10
6283,4,11,4,41,1,7
6284,71,0,6,90,27,205
6285,0,0,9,247,364,24
6286,4,265,0,13,2,79
6287,5,39,0,17,46,59
6288,566,336,8,549,255,435
6289,0,119,2,6,6,4
