cell	Node 0	Node 1	Node 2	Node 3	Node 4
0	7.67449e-06	0.649773	5.21902e-07	0.350218	2.24246e-07
1	0.71169	0.142435	0.0483359	0.0767704	0.0207685
2	0.748611	0.116106	0.0508531	0.0625795	0.0218501
3	0.560783	0.250008	0.0380912	0.134751	0.0163667
4	0.812759	0.0917199	0.0552003	0.0166025	0.0237179
5	0.846614	0.0462802	0.0574687	0.0249444	0.0246926
6	5.02204e-12	3.97645e-13	3.40914e-13	1	1.46481e-13
7	0.122901	0.562168	0.00834516	0.303	0.00358567
8	0.376993	0.381026	0.0256091	0.205368	0.0110035
9	1.78397e-05	0.649766	1.21097e-06	0.350215	5.20317e-07
10	5.39674e-05	0.648871	0.0013405	0.349733	1.574e-06
11	0.802415	0.101437	0.0544803	0.0182586	0.0234086
12	2.1061e-06	0.649777	1.43004e-07	0.350221	6.14444e-08
13	9.67143e-05	0.64971	6.57161e-06	0.350184	2.82362e-06
14	0.00117767	0.648939	7.99762e-05	0.349769	3.43634e-05
15	0.00254667	0.647963	0.000173347	0.349243	7.44819e-05
16	0.00279233	0.647788	0.000189698	0.349149	8.15074e-05
17	2.75364e-07	0.649778	1.86951e-08	0.350221	8.03271e-09
18	0.00725356	0.644583	0.000519405	0.347421	0.000223173
19	3.61286e-09	6.68744e-10	2.45255e-10	3.60444e-10	1
20	0.000210627	0.649628	1.43317e-05	0.35014	6.15792e-06
21	0.000162368	0.649663	1.10261e-05	0.350159	4.73758e-06
22	0.763282	0.137567	0.0519068	0.0249415	0.0223028
23	0.776614	0.12546	0.0527211	0.0225525	0.0226527
24	0.00953532	0.642981	0.000647525	0.346558	0.000278222
25	0.0424596	0.619512	0.00288217	0.333908	0.00123838
26	0.000528147	0.649402	3.58503e-05	0.350019	1.54038e-05
27	0.00145152	0.648744	9.86541e-05	0.349664	4.23887e-05
28	0.00043682	0.649451	2.96849e-05	0.350045	3.82194e-05
29	4.66982e-06	0.811848	3.17161e-07	0.188147	1.36275e-07
30	0.760984	0.107317	0.0516598	0.0578422	0.0221967
31	0.89492	0.015387	0.0607967	0.00277345	0.0261225
32	0.862055	0.0352192	0.0585754	0.0189827	0.0251681
33	0.803514	0.0976536	0.0567198	0.0177419	0.0243708
34	0.000153604	0.649669	1.04309e-05	0.350162	4.48187e-06
35	0.903709	0.00544464	0.0614911	0.00293458	0.0264209
36	0.000449154	0.649458	3.04892e-05	0.350049	1.31003e-05
37	0.904039	0.00532934	0.0613841	0.00287244	0.0263749
38	0.862315	0.0423349	0.058551	0.0116418	0.0251576
39	0.312432	0.55647	0.0212422	0.100728	0.00912715
40	0.733095	0.127184	0.0497813	0.0685502	0.0213896
41	0.00234039	0.64811	0.000159045	0.349322	6.83371e-05
42	0.731188	0.155161	0.0496502	0.0426681	0.0213332
43	0.798428	0.105164	0.0542086	0.0189073	0.0232918
44	0.794614	0.108695	0.053939	0.019576	0.023176
45	1.02025e-22	7.87381e-20	6.92636e-24	1	2.97605e-24
46	0.839248	0.0515019	0.0569917	0.0277588	0.0244997
47	0.84516	0.047118	0.0575842	0.0253959	0.0247422
48	0.824925	0.0804603	0.0560051	0.014546	0.0240637
49	3.83297e-12	0.649779	2.60178e-13	0.350221	1.11791e-13
50	0.0101765	0.642524	0.000690778	0.346312	0.000296807
51	1.04799e-08	0.649779	7.11621e-10	0.350221	3.05762e-10
52	0.778057	0.0950808	0.05289	0.0512472	0.0227253
53	0.896082	0.0109904	0.0608562	0.00592368	0.0261481
54	0.00199759	0.831318	0.000135619	0.166491	5.82714e-05
55	0.00905459	0.643324	0.000614718	0.346743	0.000264126
56	0.902402	0.00849138	0.0612586	0.00152702	0.026321
57	0.725025	0.172901	0.0494708	0.0313477	0.0212561
58	0.892414	0.0135873	0.0606264	0.00732334	0.0260494
59	0.790273	0.0217684	0.160925	0.0039205	0.023113
60	0.00689255	0.644865	0.000467932	0.347573	0.000201056
61	0.85446	0.0406855	0.0580035	0.0219289	0.0249224
62	0.00812503	0.839785	0.000551663	0.151301	0.000237033
63	0.00152506	0.648691	0.00010377	0.349635	4.45869e-05
64	0.855785	0.0518369	0.0580982	0.00931671	0.0249631
65	0.647172	0.23544	0.0439429	0.0545636	0.0188814
66	0.756461	0.143423	0.0519238	0.025882	0.0223101
67	0.892408	0.0177015	0.0605839	0.00327515	0.0260311
68	2.78846e-06	0.649777	1.89302e-07	0.35022	8.13374e-08
69	0.0035984	0.647213	0.000244422	0.348839	0.000105021
70	0.887482	0.0171203	0.0602672	0.00922759	0.0259033
71	0.000337809	0.844459	2.29335e-05	0.155171	9.85383e-06
72	0.0012258	0.648905	8.32292e-05	0.34975	3.57611e-05
73	0.764717	0.136277	0.0520178	0.0246369	0.0223505
74	0.902483	0.00639121	0.0613298	0.00344477	0.0263516
75	0.834981	0.0709321	0.0568147	0.0128603	0.0244116
76	0.848085	0.0586856	0.0577528	0.0106621	0.0248147
77	0.781402	0.120969	0.053068	0.021759	0.0228017
78	2.02751e-07	0.649778	1.37628e-08	0.350221	5.91345e-09
79	0.45973	0.321536	0.032015	0.173304	0.0134152
80	1.52491e-06	0.649777	1.03514e-07	0.350221	4.44768e-08
81	0.460223	0.321704	0.0312517	0.173394	0.0134279
82	0.031711	0.627174	0.00215282	0.338038	0.000925004
83	0.00476484	0.000167654	0.994897	3.10195e-05	0.000139129
84	0.820703	0.0647274	0.0557346	0.0348872	0.0239475
85	4.07843e-12	5.57897e-05	2.76866e-13	0.999944	1.18961e-13
86	2.02379e-06	4.28979e-08	1.37396e-07	2.31213e-08	0.999998
87	0.000713462	0.64927	4.84452e-05	0.349947	2.08202e-05
88	0.14278	0.547999	0.00969234	0.295364	0.00416451
89	0.3582	0.394431	0.0243247	0.212593	0.0104516
90	0.00354133	0.647254	0.000240444	0.348861	0.000103312
91	0.874789	0.0261693	0.0594102	0.0141049	0.0255268
92	3.73094e-10	2.23272e-07	2.53271e-11	1	1.08823e-11
93	0.90509	0.00450447	0.0615369	0.00242785	0.0264406
94	4.8596e-08	1.64065e-09	1	8.84285e-10	1.41784e-09
95	4.03568e-06	0.649776	2.74252e-07	0.35022	1.17838e-07
96	0.894904	0.0118385	0.0607671	0.00638078	0.0261098
97	0.787035	0.0887424	0.0534327	0.0478309	0.0229585
98	0.00178073	0.810266	0.000120926	0.18778	5.19584e-05
99	5.32587e-08	0.847661	3.61886e-09	0.152339	1.55492e-09
100	3.54318e-07	0.847128	2.40642e-08	0.152872	1.03397e-08
101	0.873468	0.0271254	0.0593045	0.0146202	0.0254814
102	0.00200226	0.844662	0.000136163	0.153141	5.85052e-05
103	1.28557e-05	1.79497e-07	0.999986	9.67465e-08	3.75176e-07
104	4.49163e-06	0.649775	3.05043e-07	0.35022	1.31068e-07
105	0.824852	0.0803918	0.0559971	0.0146991	0.0240603
106	0.903296	0.00587269	0.0613172	0.0031653	0.026349
107	0.885345	0.0186463	0.0601245	0.0100501	0.0258337
108	1.70834e-05	0.649766	1.17018e-06	0.350215	5.0279e-07
109	0.0915227	0.47799	0.170187	0.25763	0.00266973
110	0.784778	0.117825	0.0532711	0.0212374	0.022889
111	2.2946e-07	0.649778	1.55812e-08	0.350221	6.69476e-09
112	0.898252	0.0094649	0.0609801	0.00510144	0.0262013
113	0.902645	0.00628233	0.0613335	0.00338609	0.0263532
114	0.903928	0.00541493	0.0613696	0.00291857	0.0263687
115	0.0917889	0.584329	0.00625063	0.314945	0.00268571
116	8.63768e-09	0.649779	5.86334e-10	0.350221	2.5193e-10
117	0.83682	0.069329	0.0568676	0.0125494	0.0244343
118	0.0247927	0.632104	0.00168483	0.340695	0.000723921
119	0.87801	0.0311755	0.0595992	0.00560694	0.025608
120	9.06772e-06	0.649772	6.15749e-07	0.350218	2.64569e-07
121	0.857459	0.0501161	0.0583442	0.00901164	0.0250688
122	6.22467e-07	0.649778	4.22665e-08	0.350221	1.81607e-08
123	0.547545	0.258858	0.037824	0.139521	0.0162519
124	0.0109359	0.837432	0.000742487	0.150571	0.000319025
125	0.892621	0.0175379	0.0606356	0.00315232	0.0260533
126	0.000171256	0.649656	1.16255e-05	0.350156	4.99515e-06
127	0.000539717	0.649394	3.67536e-05	0.350014	1.57919e-05
128	0.462173	0.320173	0.0315356	0.172569	0.0135499
129	2.26632e-05	0.64976	4.61494e-06	0.350212	6.65938e-07
130	5.65121e-05	0.837706	3.84309e-06	0.162232	1.65126e-06
131	0.833359	0.0726952	0.0565723	0.013066	0.0243074
132	1.90752e-05	0.649765	1.29541e-06	0.350214	5.56599e-07
133	0.097141	0.580394	0.00674377	0.312824	0.0028976
134	0.00313416	0.647544	0.000212799	0.349017	9.14336e-05
135	0.00660411	0.645071	0.000448326	0.347684	0.000192632
136	0.00444153	0.842897	0.000301522	0.15223	0.000129555
137	0.81388	0.0908027	0.0552587	0.016316	0.023743
138	0.0231043	0.633306	0.0015712	0.341343	0.000675097
139	0.872396	0.0363182	0.0592853	0.00652715	0.0254731
140	1.51482e-05	7.21193e-07	1.02835e-06	0.999983	4.41851e-07
141	1.07441e-05	0.649771	7.29563e-07	0.350217	3.13472e-07
142	0.897297	0.0101462	0.0609147	0.00546864	0.0261733
143	1.15399e-05	0.64977	7.85214e-07	0.350217	3.37383e-07
144	0.314499	0.425589	0.0213512	0.229386	0.00917398
145	0.00114053	0.648966	7.74434e-05	0.349783	3.32752e-05
146	0.000108927	0.649701	7.40595e-06	0.35018	3.18212e-06
147	0.0021633	0.648236	0.000146876	0.34939	6.31081e-05
148	0.00033991	0.649536	2.30735e-05	0.350091	9.91401e-06
149	0.879975	0.0223459	0.0598981	0.0120441	0.0257365
150	0.486551	0.302947	0.0330276	0.163284	0.014191
151	0.577928	0.237803	0.0392373	0.128172	0.0168591
152	0.275994	0.45302	0.0187557	0.244171	0.00805877
153	2.76786e-16	2.29715e-16	1.87902e-17	1	8.07358e-18
154	0.104504	0.575284	0.00709478	0.31007	0.00304842
155	0.00011407	0.649697	7.74689e-06	0.350178	3.32861e-06
156	0.0574554	0.608819	0.00390361	0.328145	0.00167727
157	0.893241	0.0130202	0.0606583	0.00701769	0.0260631
158	1.45091e-05	0.649768	9.84904e-07	0.350216	4.23184e-07
159	0.00041421	0.649483	2.81192e-05	0.350062	1.2082e-05
160	0.722837	0.134404	0.0491841	0.0724417	0.021133
161	0.00013817	0.64968	9.42025e-06	0.350168	4.0476e-06
162	0.0953471	0.58181	0.00647375	0.313587	0.00278158
163	0.856151	0.039453	0.0581473	0.0212646	0.0249842
164	0.000239706	5.45804e-05	0.999689	9.82043e-06	7.00806e-06
165	2.46866e-09	0.649779	1.67577e-10	0.350221	7.2003e-11
166	0.000351991	2.58808e-05	0.999607	4.65087e-06	1.03113e-05
167	0.678245	0.216934	0.0460506	0.0389839	0.0197866
168	0.8027	0.0766903	0.0554499	0.041335	0.0238252
169	0.0300508	0.628357	0.00204056	0.338675	0.000876767
170	0.884805	0.0190549	0.0600626	0.0102703	0.0258071
171	0.000309855	0.649558	2.10391e-05	0.350102	9.03988e-06
172	0.72333	0.134145	0.0491182	0.0723023	0.0211046
173	8.21158e-05	0.64972	5.57966e-06	0.35019	2.39741e-06
174	8.01508e-10	1.79253e-10	1	3.22954e-11	2.34103e-11
175	0.903664	0.00693551	0.0616599	0.00124711	0.0264934
176	0.547798	0.337652	0.0373039	0.0612177	0.0160284
177	7.66939e-06	0.847685	5.20636e-07	0.152306	2.23702e-07
178	0.858943	0.0488741	0.0583194	0.00880548	0.0250581
179	0.902044	0.0065184	0.0615	0.00351333	0.0264247
180	0.000339891	0.649536	2.30753e-05	0.350091	9.91478e-06
181	0.89391	0.0162515	0.0607151	0.00303645	0.0260875
182	0.000253575	0.649598	1.7223e-05	0.350124	7.40023e-06
183	0.779265	0.0942814	0.0529052	0.0508163	0.0227318
184	0.00210003	0.840631	0.000142585	0.157065	6.12647e-05
185	1.2181e-24	2.09638e-18	8.26828e-26	1	3.55264e-26
186	0.768675	0.132256	0.0521791	0.0244701	0.0224198
187	0.00179501	0.648288	0.000446098	0.349418	5.23652e-05
188	0.678656	0.200358	0.0460862	0.0550971	0.0198019
189	0.00232213	0.844573	0.000158063	0.152879	6.79149e-05
190	0.00202869	0.648265	0.000210768	0.349405	9.05609e-05
191	0.687787	0.20796	0.0467625	0.0373979	0.0200925
192	0.888191	0.0165798	0.0603586	0.00893625	0.0259343
193	0.694999	0.154085	0.0474695	0.0830497	0.0203962
194	0.00166727	0.64859	0.000113446	0.349581	4.87444e-05
195	0.81484	0.0896093	0.0553166	0.0164658	0.0237679
196	0.903125	0.0059461	0.0613597	0.00320486	0.0263644
197	0.777171	0.0354804	0.158257	0.00639238	0.0226994
198	0.000636437	0.649325	4.3209e-05	0.349977	1.85656e-05
199	0.702843	0.148742	0.0477351	0.0801696	0.0205103
200	0.770619	0.100383	0.0523845	0.0541051	0.0225081
201	0.898757	0.00906998	0.0610524	0.00488859	0.0262324
202	0.0334988	0.625897	0.0022762	0.33735	0.000978015
203	0.880576	0.0220579	0.0597882	0.0118889	0.0256892
204	0.144403	0.546841	0.00980355	0.29474	0.0042123
205	0.825013	0.0616265	0.0560585	0.0332158	0.0240867
206	0.865758	0.0425521	0.058771	0.00766646	0.0252522
207	0.877531	0.0237384	0.0601089	0.0127947	0.025827
208	0.829122	0.0766126	0.0562972	0.0137788	0.0241892
209	0.000790939	0.649215	5.37497e-05	0.349918	2.30946e-05
210	7.86761e-05	0.847385	5.34051e-06	0.152529	2.29466e-06
211	0.000750703	0.000640511	5.09668e-05	0.998536	2.18989e-05
212	0.116356	0.566834	0.00790036	0.305515	0.00339455
213	0.799163	0.0800778	0.0542768	0.0431608	0.0233212
214	0.00102803	0.649046	6.98457e-05	0.349826	3.00106e-05
215	2.43163e-13	7.35884e-09	1.65058e-14	1	7.09205e-15
216	6.2498e-10	4.2833e-06	4.2427e-11	0.999996	1.82296e-11
217	0.000111304	0.649699	7.56086e-06	0.350179	3.24868e-06
218	1.78641e-05	0.649766	1.21267e-06	0.350215	5.21047e-07
219	0.797702	0.105843	0.0541593	0.0190253	0.0232707
220	0.00101541	0.649055	6.90703e-05	0.349831	2.96775e-05
221	0.700672	0.150292	0.0475852	0.0810053	0.020446
222	0.200163	0.507088	0.0135952	0.273313	0.00584146
223	0.229477	0.486168	0.0156096	0.262038	0.00670697
224	0.840424	0.0660968	0.0570519	0.0119137	0.0245135
225	1.40124e-05	0.846881	9.51935e-07	0.153103	4.09018e-07
226	0.578057	0.237689	0.0392705	0.128111	0.0168734
227	0.318237	0.422907	0.0216238	0.227941	0.00929109
228	0.00130478	0.648848	8.91188e-05	0.34972	3.82917e-05
229	0.0266473	0.630783	0.0018093	0.339983	0.000777403
230	3.53308e-05	0.649753	2.40169e-06	0.350208	1.03193e-06
231	2.39029e-21	4.52908e-14	1.62264e-22	1	6.972e-23
232	0.619583	0.208093	0.0420826	0.112159	0.0180817
233	0.00018295	0.649648	1.24415e-05	0.350151	5.34572e-06
234	0.426661	0.34552	0.0290891	0.186231	0.0124987
235	0.00430291	0.646711	0.000292117	0.348568	0.000125514
236	0.000599553	0.649351	4.07106e-05	0.349991	1.74921e-05
237	0.88602	0.0236761	0.0601556	0.00430151	0.0258471
238	6.43516e-05	0.649733	4.36885e-06	0.350197	1.87716e-06
239	9.94616e-11	3.85578e-13	1	2.07821e-13	2.91176e-12
240	0.18678	0.672563	0.0126815	0.122526	0.00544886
241	0.648223	0.187683	0.0440213	0.101158	0.0189147
242	0.000204138	0.649633	1.38638e-05	0.350143	5.95685e-06
243	2.20007e-05	7.93506e-07	0.999976	4.27688e-07	6.43733e-07
244	0.00610858	0.645424	0.000414724	0.347874	0.000178195
245	8.78576e-05	0.649716	5.96492e-06	0.350188	2.56295e-06
246	0.000333262	0.847177	2.26213e-05	0.152458	9.7197e-06
247	0.690685	0.190017	0.0468898	0.0522534	0.0201545
248	1.08552e-07	5.26713e-09	1	9.46768e-10	3.16676e-09
249	4.71436e-09	0.649779	3.20089e-10	0.350221	1.37533e-10
250	0.529745	0.328502	0.0359645	0.0903357	0.0154529
251	0.0237765	0.632828	0.00161577	0.341085	0.00069425
252	0.902165	0.00666943	0.0612528	0.00359473	0.0263185
253	8.18894e-06	0.649773	5.55879e-07	0.350218	2.38845e-07
254	5.84495e-07	7.24943e-08	0.999999	3.90734e-08	1.70493e-08
255	0.494962	0.296943	0.033607	0.160048	0.0144399
256	0.878217	0.0237497	0.0596168	0.0128007	0.0256156
257	6.86204e-06	0.649774	4.65792e-07	0.350219	2.00137e-07
258	0.806562	0.0748009	0.0547824	0.0403166	0.0235384
259	0.000276782	0.649581	1.87939e-05	0.350115	8.0752e-06
260	0.714925	0.169171	0.0485309	0.0465209	0.0208523
261	0.000573057	0.64937	3.89007e-05	0.350001	1.67145e-05
262	4.39723e-21	3.02911e-20	2.98491e-22	1	1.28253e-22
263	0.900304	0.0103223	0.0612115	0.00186154	0.0263008
264	2.07113e-05	0.649764	1.41207e-06	0.350213	6.06723e-07
265	2.36588e-05	2.8892e-06	0.999972	5.19482e-07	6.90052e-07
266	5.64007e-05	0.649738	3.82863e-06	0.3502	1.64505e-06
267	7.48375e-06	0.649773	5.08112e-07	0.350219	2.18321e-07
268	0.881229	0.0216038	0.0598204	0.0116441	0.0257031
269	1.68602e-05	0.649767	1.14499e-06	0.350215	4.91968e-07
270	0.000393215	0.649498	2.6706e-05	0.35007	1.14748e-05
271	4.49072e-06	2.14174e-06	0.999993	3.85511e-07	1.31109e-07
272	5.49935e-05	0.649739	3.73353e-06	0.3502	1.60419e-06
273	0.00935212	0.643105	0.000641933	0.346625	0.00027582
274	0.00210358	0.000143831	0.997614	7.75229e-05	6.15005e-05
275	0.00170156	0.648566	0.000115545	0.349568	4.96465e-05
276	0.0041467	0.646823	0.000281547	0.348628	0.000120972
277	0.776573	0.120156	0.0527567	0.0278464	0.022668
278	0.833879	0.0553495	0.0566138	0.0298326	0.0243253
279	0.0754316	0.595983	0.00514694	0.321227	0.00221149
280	0.000156456	0.649667	1.06298e-05	0.350161	4.56733e-06
281	0.780862	0.0931529	0.0530034	0.0502081	0.022774
282	1.73822e-05	0.649766	1.18069e-06	0.350215	5.07306e-07
283	3.46124e-14	2.27006e-16	1	1.22353e-16	1.34466e-15
284	0.0557329	0.736362	0.00378425	0.202494	0.00162598
285	0.0541725	0.611161	0.00367875	0.329407	0.00158065
286	0.066549	0.727057	0.00451765	0.199935	0.0019411
287	0.895211	0.0145071	0.0607971	0.00336204	0.0261227
288	0.00100038	0.649065	6.79254e-05	0.349837	2.91855e-05
289	0.624635	0.204271	0.0426635	0.110099	0.0183313
290	0.868129	0.0309037	0.0589719	0.0166567	0.0253385
291	0.869223	0.039308	0.0590233	0.00708509	0.0253606
292	5.53849e-06	0.649775	3.76294e-07	0.350219	1.61682e-07
293	0.37142	0.385009	0.02522	0.207514	0.0108363
294	0.614722	0.275975	0.0417481	0.049617	0.0179379
295	0.241754	0.47744	0.0164184	0.257333	0.00705449
296	9.11899e-05	0.649714	6.1909e-06	0.350186	2.66005e-06
297	1.62954e-06	0.649777	1.10645e-07	0.350221	4.7541e-08
298	0.0905189	0.585253	0.00614515	0.315443	0.00264039
299	0.00162385	0.845915	0.000110287	0.152303	4.7387e-05
300	0.0770393	0.594818	0.00527702	0.320598	0.00226738
301	0.706055	0.191092	0.0479267	0.0343338	0.0205927
302	0.70832	0.144851	0.0480917	0.0780729	0.0206636
303	0.587498	0.230971	0.0398974	0.12449	0.0171427
304	0.223167	0.0153298	0.0151526	0.00826255	0.738088
305	0.886433	0.0233023	0.0601902	0.00421269	0.0258619
306	2.86265e-06	0.649777	1.94564e-07	0.35022	8.35982e-08
307	4.3523e-06	0.649775	2.97644e-07	0.35022	1.27889e-07
308	0.828881	0.0589119	0.0562745	0.0317527	0.0241795
309	4.93926e-05	0.649743	3.35274e-06	0.350202	1.44057e-06
310	5.12613e-07	0.649778	3.48055e-08	0.350221	1.49549e-08
311	3.32455e-07	0.649778	2.25749e-08	0.350221	9.69975e-09
312	0.818696	0.0661759	0.0555797	0.0356679	0.0238809
313	2.42168e-05	0.649761	1.64569e-06	0.350212	7.07105e-07
314	0.894888	0.0125242	0.0631699	0.00227542	0.0271422
315	0.517729	0.280676	0.0351937	0.15128	0.0151217
316	0.685945	0.160732	0.0466475	0.0866322	0.0200431
317	0.910515	0.000718393	0.0618177	0.000387204	0.0265612
318	0.000166135	9.35838e-07	0.999828	1.87423e-07	4.8487e-06
319	8.44854e-10	8.82632e-05	5.73491e-11	0.999912	2.46412e-11
320	0.907147	0.00408416	0.0615765	0.000735145	0.0264576
321	0.00056488	0.649376	3.83445e-05	0.350004	1.64755e-05
322	7.30925e-07	0.649778	4.96654e-08	0.350221	2.13397e-08
323	0.908178	0.00308228	0.0616808	0.000556225	0.0265024
324	1.13775e-18	2.29715e-16	7.72597e-20	1	3.31962e-20
325	0.000884841	0.649148	6.00791e-05	0.349881	2.58142e-05
326	1.07611e-06	0.649778	7.30646e-08	0.350221	3.13937e-08
327	0.896041	0.0143096	0.060892	0.00259438	0.0261635
328	0.153302	0.540457	0.0104519	0.291299	0.00449087
329	0.852302	0.0421905	0.0578927	0.0227401	0.0248748
330	0.0146778	0.639316	0.00099649	0.344582	0.000428162
331	8.64509e-05	0.846651	5.87149e-06	0.153255	2.52281e-06
332	0.758553	0.134884	0.0573955	0.024506	0.0246611
333	4.53986e-06	0.649775	3.08665e-07	0.35022	1.32624e-07
334	0.893324	0.0128485	0.0607846	0.00692518	0.0261173
335	0.8264	0.0790916	0.0561417	0.0142445	0.0241224
336	2.55563e-09	0.649779	1.73495e-10	0.350221	7.45457e-11
337	2.88866e-05	0.649758	1.96363e-06	0.35021	8.43713e-07
338	0.462724	0.319927	0.0314145	0.172436	0.0134979
339	1.59924e-06	6.52952e-08	0.999998	3.51932e-08	4.67102e-08
340	0.000408694	7.85956e-05	2.77448e-05	4.23619e-05	0.999443
341	0.000143796	0.649676	9.76278e-06	0.350166	4.19478e-06
342	3.56435e-09	0.649779	2.41966e-10	0.350221	1.03966e-10
343	0.889084	0.0208547	0.0603618	0.00376342	0.0259357
344	0.561256	0.324728	0.0382203	0.0593742	0.0164221
345	0.000118262	0.649694	8.03785e-06	0.350176	3.45363e-06
346	0.00184573	0.648463	0.000125287	0.349512	5.38319e-05
347	0.894001	0.0124992	0.0606874	0.00673691	0.0260756
348	0.879719	0.0226551	0.059745	0.0122108	0.0256706
349	0.0198004	0.635664	0.00134429	0.342614	0.000577601
350	4.607e-07	0.649778	3.13229e-08	0.350221	1.34585e-08
351	0.876546	0.0249297	0.0595158	0.0134367	0.0255722
352	0.00245834	0.000574795	0.000166883	0.000309806	0.99649
353	0.568622	0.244286	0.0387678	0.131667	0.0166574
354	0.0120408	0.831442	0.000818367	0.155348	0.000351628
355	3.02905e-05	2.19629e-06	2.05906e-06	1.18377e-06	0.999964
356	0.645202	0.189837	0.0438161	0.102319	0.0188265
357	9.55444e-06	0.649772	6.48729e-07	0.350218	2.7874e-07
358	0.0163344	0.638134	0.0011099	0.343945	0.000476891
359	0.737522	0.161387	0.050144	0.0294013	0.0215454
360	0.000140474	0.649678	9.53754e-06	0.350167	4.098e-06
361	0.000104693	0.649704	7.10928e-06	0.350181	3.05465e-06
362	0.664189	0.229847	0.0451056	0.041478	0.0193805
363	0.780802	0.121283	0.0532339	0.0218085	0.022873
364	0.00136675	0.648804	9.27927e-05	0.349696	3.98703e-05
365	4.22737e-07	0.649778	2.87005e-08	0.350221	1.23318e-08
366	0.896359	0.0107697	0.0609	0.00580469	0.0261669
367	0.0681985	0.601164	0.00462954	0.324019	0.00198918
368	0.884572	0.0190138	0.0602696	0.0102481	0.0258961
369	5.71273e-07	0.649778	3.87875e-08	0.350221	1.66659e-08
370	0.000108028	0.649701	8.02573e-06	0.35018	3.15098e-06
371	0.823765	0.0625472	0.0559403	0.0337121	0.0240359
372	0.72214	0.175576	0.049089	0.0321029	0.0210921
373	0.805523	0.0985619	0.0546866	0.017731	0.0234972
374	0.828444	0.0532425	0.0626837	0.0286969	0.0269333
375	0.00999209	0.838326	0.000678498	0.150712	0.00029153
376	4.80116e-05	0.811809	3.26586e-06	0.188138	1.40324e-06
377	4.04989e-05	0.64975	2.74948e-06	0.350206	1.18137e-06
378	9.77551e-07	0.649778	6.63725e-08	0.350221	2.85183e-08
379	0.00248397	0.647996	0.000181743	0.34926	7.80898e-05
380	0.058778	0.60786	0.00401061	0.327628	0.00172324
381	0.812097	0.0921347	0.0553021	0.0167044	0.0237617
382	0.562308	0.248945	0.038169	0.134178	0.0164001
383	9.20389e-08	0.649779	6.25326e-09	0.350221	2.68684e-09
384	0.182034	0.666674	0.0124332	0.133517	0.00534218
385	0.882891	0.0266246	0.0599297	0.00480465	0.02575
386	4.48314e-06	0.649775	3.04453e-07	0.35022	1.30815e-07
387	0.686426	0.160349	0.0467236	0.0864257	0.0200758
388	0.000102205	0.649706	6.93925e-06	0.350182	2.98159e-06
389	0.0012097	0.648916	8.21813e-05	0.349757	3.53109e-05
390	0.879809	0.0226121	0.059728	0.0121876	0.0256634
391	0.875013	0.0336079	0.0596182	0.00614497	0.0256162
392	6.32566e-08	2.51375e-09	1	1.35488e-09	1.8463e-09
393	0.553109	0.255471	0.0375791	0.137695	0.0161466
394	0.875526	0.03288	0.0594603	0.00658498	0.0255483
395	0.00601329	0.000346768	0.993278	0.000186903	0.000175513
396	5.35852e-24	7.75158e-24	3.63787e-25	1	1.56308e-25
397	0.00814862	0.64397	0.000553403	0.347091	0.000237781
398	0.000290684	2.52462e-05	0.999662	1.36073e-05	8.50984e-06
399	0.823926	0.0624472	0.0559353	0.0336582	0.0240337
400	0.882406	0.0207576	0.0599076	0.011188	0.0257405
401	0.841035	0.0643149	0.0571944	0.0128805	0.0245747
402	0.000287546	0.649574	1.95191e-05	0.350111	8.38679e-06
403	2.1829e-18	8.39995e-13	1.48946e-19	1	6.39979e-20
404	0.469085	0.315315	0.0319297	0.169951	0.0137192
405	6.0816e-15	1.67166e-15	4.13193e-16	9.01001e-16	1
406	0.890129	0.019358	0.0608739	0.00348366	0.0261557
407	1.79784e-10	0.649779	1.22137e-11	0.350221	5.24785e-12
408	0.80162	0.0783351	0.0544345	0.0422215	0.0233889
409	0.243579	0.476131	0.0165508	0.256628	0.0071114
410	0.892786	0.0133601	0.0606108	0.00720088	0.0260427
411	0.0339274	0.625593	0.00230366	0.337186	0.000989816
412	0.901599	0.00706588	0.0612217	0.00380841	0.0263052
413	0.0184696	0.636613	0.00125394	0.343125	0.000538779
414	1.34639e-06	0.842571	9.14243e-08	0.157427	3.92823e-08
415	3.37665e-11	1.16295e-07	2.29208e-12	1	9.84841e-13
416	0.000380443	0.847247	2.58663e-05	0.152336	1.1114e-05
417	0.848877	0.0446413	0.0576504	0.024061	0.0247707
418	0.000407586	1.44359e-05	2.76795e-05	7.78072e-06	0.999543
419	1.22102e-11	3.93333e-12	8.31488e-13	1	3.57266e-13
420	3.57633e-06	0.649776	2.42805e-07	0.35022	1.04326e-07
421	0.899062	0.0088744	0.0610494	0.00478318	0.0262311
422	0.684357	0.159303	0.0504982	0.0858618	0.0199802
423	0.0106877	0.64216	0.000725471	0.346115	0.000311713
424	1.95862e-06	0.649777	1.36396e-07	0.350221	5.7145e-08
425	3.62178e-28	1.47629e-26	2.45872e-29	1	1.05644e-29
426	1.40652e-11	1.01398e-05	9.54913e-13	0.99999	4.10298e-13
427	0.783287	0.0872379	0.0595835	0.04702	0.0228712
428	0.802699	0.0775781	0.0544948	0.0418135	0.0234148
429	6.03275e-05	0.649736	4.09804e-06	0.350198	1.76081e-06
430	0.903535	0.00569943	0.0613387	0.00307191	0.0263554
431	0.713837	0.140911	0.0484753	0.0759489	0.0208284
432	2.70984e-05	0.649759	1.83982e-06	0.350211	7.90517e-07
433	2.10429e-06	0.649777	1.42838e-07	0.350221	6.13733e-08
434	5.71461e-07	1.67437e-09	0.999999	3.01555e-10	1.66735e-08
435	0.000286423	0.842308	1.95435e-05	0.157378	8.39728e-06
436	3.00832e-06	0.649776	2.04209e-07	0.35022	8.77424e-08
437	2.50272e-05	0.649761	1.69934e-06	0.350212	7.30158e-07
438	0.803939	0.0766761	0.0545985	0.0413273	0.0234594
439	0.673669	0.16956	0.0457315	0.0913903	0.0196495
440	0.851205	0.0560634	0.0578037	0.0100914	0.0248365
441	0.000841565	0.649179	5.71452e-05	0.349898	2.45536e-05
442	0.00209088	0.648288	0.000141947	0.349418	6.09905e-05
443	0.657377	0.181142	0.0446591	0.0976331	0.0191887
444	0.001652	9.36156e-05	0.998189	1.68388e-05	4.82023e-05
445	2.85635e-08	0.649779	1.93906e-09	0.350221	8.33155e-10
446	6.54604e-05	0.649732	4.45413e-06	0.350196	1.91381e-06
447	0.0161162	0.63829	0.00109446	0.344029	0.000470259
448	1.26496e-29	1.61238e-26	8.59887e-31	1	3.69468e-31
449	0.902822	0.00803197	0.0613047	0.0015007	0.0263408
450	0.000198738	1.70331e-06	0.999793	9.1806e-07	5.80225e-06
451	0.654425	0.18325	0.044455	0.0987692	0.019101
452	6.97383e-05	0.649729	4.73445e-06	0.350195	2.03425e-06
453	8.25902e-08	0.846252	5.60901e-09	0.153748	2.41002e-09
454	3.98515e-05	0.833107	2.70818e-06	0.166849	1.16362e-06
455	0.847156	0.0458401	0.0575631	0.0247071	0.0247332
456	1.34966e-06	5.23954e-06	0.999991	2.82404e-06	3.93766e-08
457	0.883822	0.0250964	0.0599962	0.00530657	0.0257786
458	5.24681e-05	0.649741	3.56241e-06	0.350201	1.53066e-06
459	3.83317e-17	2.29715e-16	2.60568e-18	1	1.11958e-18
460	0.509948	0.372088	0.0346878	0.0683718	0.0149043
461	1.43219e-12	1.80544e-06	9.7248e-14	0.999998	4.17846e-14
462	1.41462e-06	0.649778	9.61217e-08	0.350221	4.13007e-08
463	1.33321e-05	0.649769	9.05272e-07	0.350216	3.88968e-07
464	1.21128e-05	0.64977	8.22558e-07	0.350217	3.53429e-07
465	0.80907	0.095177	0.0549695	0.0171644	0.0236188
466	0.000276503	0.649581	1.88083e-05	0.350115	8.08139e-06
467	0.181515	0.520386	0.0123233	0.280481	0.00529495
468	0.000135699	0.649682	9.21372e-06	0.350169	3.95886e-06
469	0.884756	0.0190738	0.0600763	0.0102805	0.025813
470	0.650683	0.241923	0.0441776	0.044234	0.0189818
471	4.02254e-07	0.649778	2.73706e-08	0.350221	1.17603e-08
472	0.851552	0.0427121	0.0578558	0.0230212	0.0248589
473	6.64422e-07	0.649778	4.51655e-08	0.350221	1.94063e-08
474	0.0278205	0.629947	0.00188868	0.339532	0.00081151
475	0.129438	0.557507	0.00878991	0.300488	0.00377676
476	0.163453	0.533246	0.0111132	0.287412	0.00477499
477	0.000809173	0.649202	5.49291e-05	0.349911	2.36014e-05
478	0.86083	0.033167	0.0616413	0.0178765	0.0264854
479	0.00100681	0.846402	6.83464e-05	0.152493	2.93664e-05
480	2.72198e-05	0.649759	1.84891e-06	0.350211	7.94422e-07
481	2.06607e-07	0.811852	1.40247e-08	0.188148	6.026e-09
482	0.00289383	0.647716	0.000196632	0.349109	8.44868e-05
483	0.746249	0.153646	0.050689	0.0276367	0.0217796
484	0.847792	0.0590135	0.0577636	0.0106115	0.0248193
485	1.30304e-05	3.54031e-07	0.999986	1.90818e-07	3.80474e-07
486	0.000310936	0.649557	2.11093e-05	0.350102	9.07002e-06
487	0.000324027	0.649548	2.20917e-05	0.350097	9.49215e-06
488	5.76797e-08	0.649779	3.91849e-09	0.350221	1.68366e-09
489	3.3386e-05	0.649755	2.26727e-06	0.350209	9.74178e-07
490	0.055697	0.610068	0.00378864	0.328818	0.00162787
491	0.60899	0.241384	0.0417144	0.0433798	0.0645325
492	0.107469	0.747568	0.00729565	0.134532	0.00313473
493	8.38059e-10	0.649779	5.68948e-11	0.350221	2.4446e-11
494	0.831002	0.0692322	0.0564655	0.0190383	0.0242615
495	0.00675987	0.64496	0.000459006	0.347624	0.000197221
496	6.82903e-07	5.80449e-08	4.63679e-08	3.12854e-08	0.999999
497	0.327739	0.490119	0.0222561	0.150323	0.0095628
498	0.887643	0.0222133	0.0602567	0.00399611	0.0258905
499	0.852187	0.0422875	0.0578683	0.0227924	0.0248643
500	0.815244	0.0855582	0.0555164	0.0198282	0.0238537
501	1.40226e-07	0.649778	9.51906e-09	0.350221	4.09006e-09
502	0.000952621	0.6491	6.46745e-05	0.349855	2.77887e-05
503	0.000238738	0.846673	1.62153e-05	0.153065	6.96722e-06
504	0.868412	0.0307262	0.058965	0.016561	0.0253355
505	0.870957	0.0288922	0.0591529	0.0155725	0.0254254
506	0.00141384	0.831851	9.60044e-05	0.166598	4.12502e-05
507	0.00431071	0.646706	0.00029262	0.348565	0.00012573
508	0.000300266	0.649565	2.03821e-05	0.350106	8.75758e-06
509	0.0614033	0.606005	0.00417146	0.326628	0.00179235
510	4.24889e-08	0.846252	2.88442e-09	0.153748	1.23935e-09
511	0.0089086	0.817391	0.000604696	0.172835	0.00025982
512	0.00191131	0.648416	0.000130051	0.349487	5.58791e-05
513	1.2943e-05	0.649769	8.79156e-07	0.350216	3.77747e-07
514	0.901904	0.00674887	0.0613496	0.00363755	0.0263601
515	0.00234254	0.648109	0.000159192	0.349321	6.83999e-05
516	0.612491	0.277584	0.0416136	0.0504319	0.0178801
517	0.172834	0.682815	0.0117321	0.127578	0.00504092
518	3.76116e-08	0.844772	2.55673e-09	0.155228	1.09855e-09
519	0.86895	0.0395604	0.0590001	0.00713903	0.0253506
520	1.25398e-06	3.00673e-06	8.56491e-08	0.999996	3.68009e-08
521	0.0244863	0.632323	0.00166304	0.340813	0.000714559
522	8.82066e-05	0.649716	5.98744e-06	0.350188	2.57263e-06
523	0.0394146	0.81084	0.00267667	0.145919	0.00115009
524	4.1926e-11	2.28382e-12	1	4.17581e-13	1.22324e-12
525	0.127069	0.559182	0.00864351	0.301391	0.00371386
526	1.73875e-16	1.39382e-13	1.18053e-17	1	5.07239e-18
527	0.795973	0.0297417	0.135021	0.0160304	0.0232343
528	0.000119882	0.649693	8.1404e-06	0.350175	3.49769e-06
529	0.0019805	0.648367	0.000134469	0.34946	5.77775e-05
530	0.021703	0.000645194	0.00147325	0.975546	0.000633013
531	0.797109	0.081556	0.0541223	0.0439575	0.0232547
532	0.000235141	0.649611	1.59948e-05	0.350131	6.8725e-06
533	0.809346	0.0947889	0.0550082	0.0172214	0.0236354
534	0.840196	0.0508402	0.0570491	0.0274022	0.0245123
535	0.669787	0.172269	0.0455302	0.0928506	0.019563
536	0.311113	0.427884	0.0212495	0.230623	0.00913028
537	0.000273048	0.847257	1.85446e-05	0.152444	7.96806e-06
538	2.17108e-05	0.649763	1.47781e-06	0.350213	6.34973e-07
539	0.000102639	0.649705	6.97062e-06	0.350182	2.99507e-06
540	0.000564225	0.649376	3.83154e-05	0.350005	1.6463e-05
541	0.0098029	0.838463	0.000665821	0.150782	0.000286084
542	0.451302	0.427872	0.0307192	0.0769071	0.0131991
543	0.870684	0.0291135	0.0591118	0.0156918	0.0253986
544	0.857316	0.0386029	0.0582474	0.0208064	0.0250272
545	3.14901e-07	0.847631	2.13751e-08	0.152369	9.18425e-09
546	0.888206	0.021654	0.0603214	0.0038999	0.0259183
547	0.105821	0.574311	0.00722048	0.309546	0.00310243
548	1.82753e-14	2.39247e-16	1.24281e-15	1.28951e-16	1
549	3.70611e-05	0.649752	2.51696e-06	0.350207	1.08146e-06
550	0.883454	0.0198115	0.0601934	0.0106781	0.0258633
551	0.857514	0.0383809	0.0583479	0.0206868	0.0250704
552	2.07148e-06	0.649777	1.40617e-07	0.350221	6.04188e-08
553	0.496424	0.379404	0.0337056	0.0759843	0.0144823
554	5.21476e-06	0.649775	3.5409e-07	0.350219	1.52142e-07
555	5.22729e-06	0.649775	3.54838e-07	0.350219	1.52463e-07
556	4.85854e-05	0.811809	3.32264e-06	0.188138	1.42764e-06
557	1.28907e-07	0.649778	8.75236e-09	0.350221	3.76063e-09
558	0.000954924	0.649098	6.48633e-05	0.349855	2.78699e-05
559	4.07358e-06	0.811848	2.76539e-07	0.188147	1.18821e-07
560	0.00012165	9.20833e-06	0.999861	4.96316e-06	3.55457e-06
561	0.581754	0.23457	0.040041	0.12643	0.0172044
562	1.59586e-05	0.649767	1.08331e-06	0.350215	4.65466e-07
563	0.184509	0.518251	0.0125281	0.27933	0.00538295
564	1.12579e-08	1.06179e-09	7.64749e-10	5.7229e-10	1
565	0.0119475	0.834808	0.000811814	0.152084	0.000348812
566	0.882495	0.0261059	0.0605748	0.004797	0.0260272
567	0.551739	0.256298	0.0376469	0.138141	0.0161758
568	0.888435	0.0164129	0.0603679	0.00884633	0.0259383
569	0.628955	0.201309	0.0428305	0.108503	0.018403
570	7.35222e-07	0.649778	4.99119e-08	0.350221	2.14457e-08
571	0.894678	0.0156218	0.0607609	0.00283229	0.0261072
572	0.146342	0.710385	0.00993822	0.129064	0.00427016
573	0.798778	0.104444	0.0543347	0.0190969	0.023346
574	0.782963	0.119132	0.0531695	0.0218907	0.0228453
575	0.169862	0.528681	0.0115449	0.284951	0.0049605
576	0.56334	0.248164	0.0382881	0.133757	0.0164513
577	0.339286	0.407921	0.0230329	0.219864	0.00989654
578	1.2845e-05	0.649769	8.72314e-07	0.350216	3.74807e-07
579	8.4719e-05	0.847307	5.75127e-06	0.1526	2.47115e-06
580	0.0261035	0.631168	0.00177516	0.340191	0.000762733
581	0.00029204	0.846976	5.94686e-05	0.152664	8.5185e-06
582	5.85079e-05	0.649737	3.97242e-06	0.350199	1.70683e-06
583	0.683869	0.162266	0.046449	0.0874588	0.0199577
584	0.776915	0.12511	0.0527632	0.0225407	0.0226708
585	0.863376	0.044746	0.0586072	0.0080894	0.0251818
586	0.0127719	0.640674	0.000867087	0.345314	0.000372562
587	2.549e-07	0.649778	1.73222e-08	0.350221	7.44282e-09
588	0.882091	0.0209905	0.0598776	0.0113136	0.0257276
589	3.24898e-05	0.649755	2.20547e-06	0.350209	9.47625e-07
590	0.592785	0.227204	0.0402549	0.12246	0.0172963
591	0.544664	0.261483	0.0370136	0.140936	0.0159037
592	0.444871	0.433191	0.030241	0.0787029	0.0129937
593	9.20037e-09	0.649779	6.2456e-10	0.350221	2.68355e-10
594	2.29619e-06	0.847423	1.55882e-07	0.152575	6.6978e-08
595	0.876069	0.0251949	0.0595638	0.0135797	0.0255928
596	0.882771	0.0204357	0.0599986	0.0110146	0.0257796
597	4.78323e-05	0.649744	3.24833e-06	0.350203	1.39571e-06
598	0.880469	0.0221177	0.0597989	0.0119211	0.0256938
599	1.81114e-07	0.649778	1.23098e-08	0.350221	5.28265e-09
600	0.773582	0.12829	0.052512	0.0230525	0.0225629
601	1.09701e-09	1.86821e-05	7.44765e-11	0.999981	3.20004e-11
602	0.00118452	0.810797	8.04533e-05	0.187904	3.45684e-05
603	1.63151e-08	0.649779	1.10872e-09	0.350221	4.76385e-10
604	4.61633e-05	0.649746	3.13456e-06	0.350204	1.34683e-06
605	8.03386e-05	0.649721	5.45327e-06	0.350191	2.34311e-06
606	3.5823e-05	0.649753	2.43169e-06	0.350208	1.04483e-06
607	3.79293e-07	0.649778	2.57483e-08	0.350221	1.10633e-08
608	0.000239637	0.825242	1.62755e-05	0.174495	6.99308e-06
609	0.876115	0.0252215	0.0595031	0.0135941	0.0255667
610	0.49783	0.384422	0.0340454	0.0690743	0.0146283
611	0.88708	0.0221562	0.0603818	0.00443729	0.0259443
612	0.893638	0.0127227	0.0607005	0.00685738	0.0260812
613	5.25804e-05	3.16119e-06	0.999941	1.70384e-06	1.53432e-06
614	0.000386553	1.57301e-05	2.62768e-05	8.47829e-06	0.999563
615	0.000209941	0.846829	1.42567e-05	0.152941	6.12568e-06
616	0.597038	0.291931	0.0405637	0.0530385	0.017429
617	3.41e-07	5.16944e-08	2.31551e-08	9.35734e-09	1
618	0.867973	0.0404199	0.0589251	0.00736362	0.0253183
619	2.0089e-05	0.649764	1.36365e-06	0.350214	5.85921e-07
620	0.23683	0.580527	0.0160891	0.159641	0.00691303
621	6.08577e-06	0.649774	4.1313e-07	0.350219	1.7751e-07
622	0.842848	0.0489578	0.0572205	0.0263876	0.024586
623	0.000257204	0.840428	1.75244e-05	0.159289	7.52972e-06
624	0.348687	0.401211	0.0236806	0.216247	0.0101749
625	0.341339	0.406458	0.0231713	0.219075	0.00995604
626	4.87423e-07	5.78509e-07	0.999999	1.04717e-07	1.42216e-08
627	0.00420562	0.84322	0.000285521	0.152167	0.00012268
628	3.24224e-05	0.649755	2.20129e-06	0.350209	9.4583e-07
629	9.78053e-08	0.649779	6.64153e-09	0.350221	2.85367e-09
630	0.000235432	0.649611	1.59973e-05	0.350131	6.87355e-06
631	0.76191	0.10666	0.0517194	0.0574883	0.0222223
632	8.26881e-08	0.649779	5.62318e-09	0.350221	2.41612e-09
633	4.62652e-05	0.649746	3.14366e-06	0.350204	1.35074e-06
634	0.877211	0.0243907	0.0596303	0.0131463	0.0256214
635	0.755825	0.110845	0.0514701	0.059744	0.0221152
636	0.770012	0.100136	0.0522824	0.0539717	0.0235981
637	0.517723	0.28071	0.0351605	0.151299	0.0151074
638	0.842071	0.0494658	0.0572176	0.0266614	0.0245847
639	0.00120222	0.648921	8.16993e-05	0.349759	3.51038e-05
640	0.000816	0.649197	5.56336e-05	0.349908	2.39041e-05
641	0.145994	0.545703	0.00991551	0.294126	0.0042604
642	0.789812	0.0867506	0.0536346	0.0467573	0.0230452
643	0.282726	0.448229	0.0192042	0.241589	0.00825147
644	0.846069	0.0466665	0.0574344	0.0251526	0.0246779
645	8.53416e-05	0.649718	5.79616e-06	0.350189	2.49044e-06
646	0.000198733	1.89203e-05	0.999766	1.01978e-05	5.8028e-06
647	0.661113	0.178514	0.0448755	0.0962164	0.0192817
648	0.00230295	0.648137	0.000156402	0.349337	6.72012e-05
649	0.000225282	0.837551	1.54065e-05	0.162202	6.61972e-06
650	1.10012e-08	2.62347e-09	7.46876e-10	1.41401e-09	1
651	2.27614e-05	8.60533e-07	0.999975	4.63815e-07	6.66346e-07
652	1.26176e-10	1.01427e-10	8.57109e-12	1	3.68274e-12
653	0.00269582	0.647857	0.000183016	0.349186	7.86364e-05
654	6.20196e-06	0.649774	4.21093e-07	0.350219	1.80931e-07
655	8.85106e-08	0.649779	6.00814e-09	0.350221	2.58152e-09
656	0.245701	0.470142	0.0215129	0.2534	0.00924345
657	0.0021303	0.782485	0.000144604	0.215178	6.2132e-05
658	0.607065	0.217032	0.0412162	0.116977	0.0177094
659	7.3941e-05	0.649726	5.01946e-06	0.350193	2.15671e-06
660	0.000126127	0.847095	8.56174e-06	0.152767	3.67872e-06
661	0.00302903	0.647619	0.000205797	0.349058	8.84248e-05
662	0.900489	0.0102625	0.0611353	0.00184485	0.026268
663	0.81331	0.0700015	0.0552284	0.0377298	0.02373
664	0.38398	0.376041	0.0260882	0.202681	0.0112093
665	0.00401432	0.646917	0.000272512	0.348679	0.00011709
666	6.98032e-08	0.649779	4.73923e-09	0.350221	2.03631e-09
667	0.836464	0.053481	0.0568169	0.0288255	0.0244125
668	0.0151689	0.638965	0.0010305	0.344393	0.000442777
669	2.45072e-26	7.75158e-24	1.66407e-27	1	7.15003e-28
670	0.686571	0.160316	0.0466572	0.0864081	0.0200472
671	0.80833	0.0959688	0.0548714	0.017253	0.0235766
672	2.14874e-05	0.847641	1.45862e-06	0.152336	6.26724e-07
673	0.00014472	0.649675	9.83606e-06	0.350166	4.22626e-06
674	0.877574	0.0241708	0.0596135	0.0130277	0.0256142
675	0.774681	0.0971124	0.053064	0.0523422	0.0228
676	0.00102705	0.783434	6.97385e-05	0.215439	2.99646e-05
677	0.81778	0.066823	0.0555235	0.0360166	0.0238568
678	0.872121	0.0280683	0.0592319	0.0151284	0.0254502
679	2.52666e-05	0.649761	1.71538e-06	0.350212	7.37048e-07
680	0.00738328	0.840035	0.000501384	0.151865	0.00021543
681	4.43193e-08	0.649779	3.01222e-09	0.350221	1.29426e-09
682	0.890663	0.0167792	0.0622591	0.00354793	0.0267509
683	0.249525	0.471907	0.0169387	0.254351	0.00727806
684	0.000371559	0.649514	2.52267e-05	0.350079	1.09588e-05
685	0.764394	0.104887	0.0518903	0.0565327	0.0222957
686	2.01159e-07	3.96887e-09	1	7.13606e-10	5.86922e-09
687	0.00628016	0.645302	0.000426445	0.347808	0.000183231
688	0.000415177	0.840283	2.8203e-05	0.159262	1.2118e-05
689	0.000468318	0.649445	3.17946e-05	0.350041	1.36612e-05
690	0.772185	0.129506	0.0524357	0.0233429	0.0225301
691	0.782064	0.0921098	0.0532853	0.0496459	0.0228951
692	0.144569	0.54671	0.00982919	0.294669	0.00422331
693	0.0857086	0.588682	0.00581787	0.317291	0.00249977
694	0.842548	0.064133	0.0572088	0.011529	0.0245809
695	2.02918e-05	0.649764	1.38346e-06	0.350214	5.94433e-07
696	0.00439604	0.646644	0.000299229	0.348532	0.00012857
697	0.000740897	0.64925	5.03067e-05	0.349937	2.16153e-05
698	0.000108481	0.649701	7.36553e-06	0.35018	3.16475e-06
699	0.00392112	0.646983	0.000266724	0.348715	0.000114603
700	0.367551	0.505744	0.0249502	0.0910335	0.0107204
701	0.837144	0.0691572	0.0568363	0.0124412	0.0244209
702	4.81168e-05	0.649744	3.26648e-06	0.350203	1.40351e-06
703	0.889377	0.0157265	0.0604476	0.00847636	0.0259725
704	0.000117479	0.649695	8.04706e-06	0.350176	3.45758e-06
705	0.000117276	0.843758	7.9625e-06	0.156113	3.42125e-06
706	8.08414e-05	0.847588	5.48769e-06	0.152323	2.3579e-06
707	0.108643	0.746647	0.00737503	0.134167	0.00316883
708	0.0031249	3.16639e-05	0.000212461	1.70664e-05	0.996614
709	1.5938e-07	0.649778	1.08191e-08	0.350221	4.64865e-09
710	5.50353e-05	0.649739	3.73957e-06	0.3502	1.60678e-06
711	0.902896	0.00614831	0.0613024	0.00331385	0.0263398
712	6.33879e-05	0.649733	4.30667e-06	0.350197	1.85045e-06
713	0.731438	0.127963	0.0501019	0.06897	0.0215273
714	0.838066	0.0523597	0.0569032	0.0282211	0.0244496
715	2.34857e-06	0.649777	1.59481e-07	0.350221	6.85243e-08
716	0.000185902	0.649646	1.262e-05	0.35015	5.42242e-06
717	0.0849169	0.589244	0.00576654	0.317594	0.00247771
718	0.805553	0.0985308	0.0546844	0.0177355	0.0234962
719	0.896313	0.0108506	0.0608447	0.00584832	0.0261432
720	0.0185035	0.830082	0.00125607	0.149619	0.000539694
721	0.814953	0.0116855	0.143237	0.00629832	0.0238261
722	0.000673744	0.649298	4.57674e-05	0.349963	1.96649e-05
723	0.879114	0.0300878	0.0597229	0.00541459	0.0256612
724	0.0865297	0.588097	0.00587407	0.316976	0.00252391
725	0.000102001	0.649706	6.92404e-06	0.350182	2.97506e-06
726	0.676207	0.167684	0.0459752	0.0903794	0.0197542
727	1.27678e-07	1.29901e-05	4.78813e-07	0.999986	3.72386e-09
728	0.000328294	0.649544	2.23826e-05	0.350095	9.61712e-06
729	0.00758743	0.644368	0.000516963	0.347305	0.000222124
730	5.11894e-07	0.846894	3.47512e-08	0.153105	1.49316e-08
731	0.000470619	0.649443	3.19668e-05	0.350041	1.37352e-05
732	1.26538e-06	0.649778	8.58942e-08	0.350221	3.69062e-08
733	5.46739e-17	1.7024e-12	3.7135e-18	1	1.59558e-18
734	0.0109541	0.64197	0.000743901	0.346013	0.000319632
735	0.845145	0.0472842	0.0574152	0.0254855	0.0246696
736	0.000168772	0.649658	1.1461e-05	0.350157	4.92444e-06
737	4.1526e-05	0.649749	2.86859e-06	0.350205	1.23255e-06
738	0.810265	0.0721186	0.0550795	0.0388709	0.023666
739	5.64618e-08	3.82759e-08	3.83286e-09	2.06302e-08	1
740	0.389068	0.0154935	0.575731	0.00835079	0.0113559
741	0.00533225	0.645978	0.00036198	0.348173	0.000155532
742	0.00281198	0.647774	0.000190895	0.349141	8.2022e-05
743	3.59707e-05	0.649753	2.44229e-06	0.350208	1.04938e-06
744	3.30242e-09	0.649779	2.24253e-10	0.350221	9.6355e-11
745	0.000759017	0.649237	5.15433e-05	0.34993	2.21466e-05
746	2.76186e-06	0.84721	1.87496e-07	0.152787	8.05613e-08
747	0.76973	0.13132	0.052417	0.024011	0.022522
748	0.826068	0.0609113	0.0560898	0.0328303	0.0241001
749	4.7613e-06	0.649775	3.23319e-07	0.35022	1.38921e-07
750	0.78908	0.0872846	0.0535722	0.0470452	0.0230184
751	0.650181	0.186276	0.0441667	0.1004	0.0189771
752	0.745158	0.118596	0.0505884	0.0639214	0.0217363
753	0.873352	0.0270683	0.0594473	0.0145894	0.0255427
754	0.000221767	0.64962	1.50541e-05	0.350136	6.4683e-06
755	0.000576798	0.847013	3.91539e-05	0.152354	1.68233e-05
756	0.821817	0.0638328	0.0559189	0.034405	0.0240267
757	0.565658	0.246551	0.0384032	0.132887	0.0165007
758	0.561157	0.249562	0.0381007	0.13451	0.0166703
759	0.788012	0.114865	0.0534895	0.0206502	0.0229828
760	0.769681	0.13158	0.0525178	0.0236565	0.0225653
761	0.864815	0.033298	0.0587126	0.0179471	0.025227
762	0.340511	0.407042	0.0231226	0.21939	0.00993511
763	0.00017257	0.84743	1.17165e-05	0.152381	5.03424e-06
764	0.0105873	0.832786	0.000718894	0.155599	0.000308888
765	0.850536	0.0434815	0.057738	0.0234359	0.0248083
766	0.00164733	0.648541	0.000113796	0.349554	0.000144132
767	0.0516393	0.794839	0.00350649	0.148509	0.00150664
768	1.85563e-06	0.649777	1.25989e-07	0.350221	5.41337e-08
769	5.95275e-05	0.649736	4.04085e-06	0.350199	1.73623e-06
770	2.43072e-10	1.96245e-11	1	1.05773e-11	7.09037e-12
771	0.828064	0.0594911	0.0562228	0.0320649	0.0241573
772	0.00778355	0.84034	0.000528945	0.15112	0.000227128
773	0.749037	0.115685	0.0510079	0.0623528	0.0219166
774	0.0132491	0.835068	0.000899887	0.150396	0.000386655
775	0.0908796	0.584996	0.00616923	0.315305	0.00265074
776	0.887271	0.0172781	0.0602507	0.00931264	0.0258879
777	0.0674931	0.601664	0.0045848	0.324288	0.00196995
778	0.47139	0.313599	0.0321645	0.169026	0.0138201
779	0.840416	0.0660412	0.0571199	0.0118806	0.0245427
780	0.852551	0.0420489	0.057871	0.0226637	0.0248655
781	0.580265	0.308063	0.039388	0.0553601	0.0169238
782	0.843146	0.0633228	0.0573527	0.011536	0.0246428
783	0.903558	0.00713113	0.0615632	0.0012956	0.0264519
784	0.0332968	0.626043	0.0022607	0.337428	0.000971355
785	0.864468	0.0335293	0.0587066	0.0180718	0.0252245
786	0.886569	0.0177934	0.0601865	0.00959037	0.0258603
787	0.854601	0.0404741	0.0581319	0.021815	0.0249776
788	0.000142577	0.649677	9.67963e-06	0.350167	4.15905e-06
789	0.00799541	0.644079	0.000542901	0.347149	0.000233268
790	0.00617883	0.645372	0.000421602	0.347846	0.00018115
791	9.74802e-16	7.21205e-07	6.61694e-17	0.999999	2.8431e-17
792	0.0866103	0.00279657	0.90656	0.00150731	0.00252619
793	0.000197949	0.847241	1.34373e-05	0.152542	5.77363e-06
794	1.26485e-06	0.847127	8.58735e-08	0.152872	3.68973e-08
795	0.881103	0.0216809	0.0598253	0.0116857	0.0257051
796	6.33491e-07	0.649778	4.34831e-08	0.350221	1.86834e-08
797	0.88639	0.017886	0.0602124	0.00964031	0.0258715
798	0.189714	0.670735	0.0128799	0.121137	0.00553411
799	6.23529e-05	0.649734	4.23356e-06	0.350197	1.81903e-06
800	0.73268	0.166235	0.0498055	0.0298795	0.0213999
801	0.815737	0.0681675	0.0555053	0.0367413	0.023849
802	0.821638	0.0829034	0.0557789	0.015713	0.0239666
803	0.000328232	0.649545	2.22968e-05	0.350095	9.58027e-06
804	0.00459875	0.6465	0.000312516	0.348454	0.000134279
805	0.00674681	0.644713	0.000458096	0.347491	0.00059031
806	0.000309259	0.649558	2.10051e-05	0.350103	9.02529e-06
807	2.96905e-05	0.847397	2.01554e-06	0.15257	8.66016e-07
808	0.745566	0.118135	0.0507985	0.0636732	0.0218266
809	0.901466	0.00717303	0.0611994	0.00386616	0.0262956
810	0.716601	0.138942	0.0486612	0.0748877	0.0209083
811	0.0126042	0.640794	0.000855565	0.345379	0.000367611
812	0.121739	0.562965	0.00829995	0.30343	0.00356624
813	0.0968478	0.751338	0.00658238	0.142404	0.00282825
814	3.64476e-05	4.12933e-07	0.999962	1.13553e-07	1.06411e-06
815	0.0026219	0.647909	0.000178093	0.349214	7.65211e-05
816	0.851351	0.0558488	0.0578551	0.0100865	0.0248586
817	1.3071e-07	0.847212	8.8732e-09	0.152788	3.81255e-09
818	0.845135	0.0617099	0.0573845	0.011114	0.0246564
819	3.64669e-05	0.649753	2.47686e-06	0.350207	1.06423e-06
820	1.11034e-07	0.649778	7.5528e-09	0.350221	3.24521e-09
821	0.0596827	0.515514	0.00405457	0.277855	0.142893
822	1.03899e-05	0.847591	7.06278e-07	0.152398	3.03467e-07
823	2.70798e-05	0.649759	1.83837e-06	0.350211	7.89891e-07
824	0.000174472	0.649654	1.18476e-05	0.350154	5.09057e-06
825	0.897555	0.00996055	0.0609345	0.00536859	0.0261818
826	6.43445e-08	0.649779	4.36815e-09	0.350221	1.87686e-09
827	0.82734	0.060015	0.0561651	0.0323472	0.0241325
828	1.66347e-05	0.845405	1.12918e-06	0.154577	4.85173e-07
829	0.00165068	0.648602	0.00011214	0.349587	4.81831e-05
830	0.826778	0.0787676	0.0561449	0.0141861	0.0241238
831	5.38733e-05	1.00571e-05	3.657e-06	0.968648	0.0312843
832	0.886764	0.0176099	0.0602481	0.00949151	0.0258868
833	0.709795	0.187098	0.0485412	0.0337089	0.0208567
834	0.00483037	0.646335	0.000327939	0.348366	0.000140906
835	0.80293	0.100364	0.0546538	0.0185694	0.0234831
836	0.906991	0.0035482	0.0621269	0.000639547	0.0266941
837	0.162254	0.667342	0.0110138	0.154658	0.00473229
838	0.868614	0.0305202	0.0590459	0.01645	0.0253703
839	1.06571e-06	0.847657	7.23674e-08	0.152342	3.10941e-08
840	0.0879847	0.764555	0.00598338	0.138906	0.00257088
841	7.41881e-07	1.91032e-08	0.999999	3.43245e-09	2.16395e-08
842	0.63789	0.254465	0.043309	0.0457276	0.0186086
843	0.608797	0.215777	0.0413555	0.116301	0.0177692
844	0.904354	0.0066198	0.0614326	0.00119827	0.0263958
845	0.000106107	0.000384698	7.20526e-06	0.999499	3.09589e-06
846	0.90048	0.00787699	0.0611313	0.00424559	0.0262663
847	0.649875	0.161824	0.0442195	0.0872208	0.0568606
848	0.899626	0.00846356	0.061097	0.00456174	0.0262516
849	2.18323e-05	0.649763	1.48554e-06	0.350213	6.38292e-07
850	0.167803	0.530162	0.0113909	0.28575	0.00489431
851	0.788448	0.0876062	0.053668	0.0472185	0.0230596
852	0.00318547	0.647508	0.000216475	0.348997	9.30127e-05
853	0.906722	0.0032963	0.0616962	0.00177666	0.026509
854	6.7494e-07	0.847694	4.58142e-08	0.152305	1.9685e-08
855	0.859672	0.0368849	0.058449	0.0198804	0.0251138
856	0.573208	0.313767	0.0389287	0.0573701	0.0167265
857	0.0935232	0.760635	0.00635055	0.136763	0.00272864
858	0.0679991	0.601306	0.00461621	0.324095	0.00198345
859	9.19066e-06	0.649772	6.23964e-07	0.350218	2.68099e-07
860	0.52652	0.274408	0.0357913	0.147902	0.0153785
861	0.887681	0.022071	0.0602684	0.0040836	0.0258955
862	0.883484	0.026074	0.0599816	0.00468813	0.0257723
863	0.81877	0.0659858	0.055732	0.0355654	0.0239464
864	0.000467688	0.649445	3.17475e-05	0.350042	1.3641e-05
865	9.13264e-12	0.649779	6.20551e-13	0.350221	2.66632e-13
866	0.810737	0.0937031	0.0550363	0.016876	0.0236475
867	1.8283e-06	0.649777	1.24105e-07	0.350221	5.33243e-08
868	0.00480948	0.64635	0.000326499	0.348374	0.000140287
869	0.0611007	0.606012	0.00437523	0.326632	0.00187991
870	3.55586e-06	0.844769	2.41463e-07	0.155228	1.03749e-07
871	0.0369886	0.00878261	0.948416	0.0047337	0.00107913
872	2.91253e-08	0.649779	1.97744e-09	0.350221	8.49647e-10
873	0.381096	0.378117	0.0258709	0.2038	0.0111159
874	0.571462	0.242353	0.0388621	0.130625	0.0166979
875	0.847422	0.0456918	0.0575372	0.0246273	0.024722
876	0.00244815	0.648033	0.000166221	0.349281	7.14204e-05
877	0.619116	0.20776	0.0427681	0.11198	0.0183762
878	0.895891	0.0110969	0.0608746	0.00598109	0.026156
879	0.00113491	0.844843	7.71625e-05	0.153912	3.31544e-05
880	0.785575	0.0897551	0.053364	0.0483767	0.0229289
881	1.09472e-05	0.649771	7.43195e-07	0.350217	3.19329e-07
882	0.529926	0.354701	0.0359802	0.0639333	0.0154596
883	0.31543	0.424825	0.0215228	0.228974	0.00924773
884	0.887187	0.0173311	0.0602522	0.00934121	0.0258886
885	8.15834e-06	0.649773	5.5381e-07	0.350218	2.37956e-07
886	0.0195723	0.828462	0.00136814	0.148885	0.00171247
887	0.820409	0.0847042	0.0557198	0.0152256	0.0239411
888	1.20102e-05	4.18811e-06	8.15435e-07	9.70601e-07	0.999982
889	0.000206946	0.649631	1.40528e-05	0.350142	6.03808e-06
890	0.00370914	0.647134	0.000251944	0.348796	0.000108253
891	0.0416782	0.620063	0.00283505	0.334205	0.00121814
892	0.131896	0.555696	0.00902007	0.299512	0.00387566
893	2.11249e-06	0.649777	1.43429e-07	0.350221	6.1627e-08
894	1.11257e-06	0.846251	7.55358e-08	0.153748	3.24555e-08
895	0.606926	0.283172	0.0412112	0.0509838	0.0177072
896	0.0151011	0.639013	0.00102568	0.344419	0.000440704
897	0.860047	0.0477438	0.0584744	0.0086102	0.0251247
898	0.896547	0.0138547	0.0608598	0.00258862	0.0261497
899	0.00029543	0.649568	2.00685e-05	0.350108	8.62286e-06
900	0.0137136	0.834674	0.000932587	0.150279	0.000400705
901	3.73415e-07	0.649778	2.53884e-08	0.350221	1.09087e-08
902	0.889588	0.0203868	0.0604028	0.0036688	0.0259533
903	0.184808	0.518031	0.012555	0.279211	0.00539451
904	0.0123575	0.835042	0.000841965	0.151397	0.000361768
905	1.73244e-06	0.649777	1.17694e-07	0.350221	5.05696e-08
906	3.96084e-06	0.649776	2.69081e-07	0.35022	1.15616e-07
907	3.62158e-06	0.649776	2.46231e-07	0.35022	1.05798e-07
908	0.175349	0.680488	0.0119051	0.127143	0.00511529
909	0.00048669	0.00024842	3.30447e-05	0.000133895	0.999098
910	4.83329e-05	0.00201637	3.28188e-06	0.997931	1.41012e-06
911	0.644527	0.160682	0.131246	0.0441863	0.0193582
912	0.75669	0.11036	0.0513874	0.0594826	0.0220796
913	0.304725	0.563486	0.0207227	0.102162	0.00890395
914	0.000298662	0.649566	2.02758e-05	0.350107	8.7119e-06
915	0.83452	0.0548991	0.0566502	0.0295898	0.0243409
916	0.863052	0.0345306	0.0586192	0.0186115	0.0251869
917	0.000192628	0.649641	1.30777e-05	0.350147	5.61912e-06
918	0.860009	0.0367313	0.0583785	0.0197977	0.0250835
919	0.00416687	0.646808	0.000283055	0.34862	0.00012162
920	0.000441615	0.649464	2.99814e-05	0.350052	1.28821e-05
921	0.763414	0.137444	0.0519158	0.0249192	0.0223067
922	0.812062	0.0708642	0.0551728	0.0381948	0.0237061
923	0.613184	0.212647	0.0416569	0.114613	0.0178987
924	0.244282	0.475638	0.0165901	0.256362	0.00712828
925	0.876597	0.0247006	0.0597262	0.0133133	0.0256626
926	1.0369e-07	2.70682e-09	7.04419e-09	1.45894e-09	1
927	0.896963	0.0135245	0.0609052	0.00243773	0.0261692
928	6.52338e-08	0.649779	4.42815e-09	0.350221	1.90265e-09
929	7.04602e-06	0.649774	4.78356e-07	0.350219	2.05536e-07
930	0.892188	0.0137566	0.0606019	0.00741464	0.0260389
931	0.000898044	0.845418	6.11057e-05	0.153597	2.62553e-05
932	0.00161206	0.648629	0.000109476	0.349602	4.70386e-05
933	0.909121	0.00165085	0.0617895	0.000889784	0.0265491
934	4.99523e-05	0.649743	3.39507e-06	0.350202	1.45876e-06
935	0.880811	0.0282725	0.0600133	0.00511768	0.0257859
936	1.19472e-07	2.26164e-09	1	1.21899e-09	3.50267e-09
937	0.595808	0.293421	0.0404678	0.0529159	0.0173878
938	0.864424	0.0335524	0.0587124	0.0180843	0.025227
939	0.117803	0.565794	0.00800788	0.304955	0.00344075
940	0.848793	0.0447219	0.0576224	0.0241045	0.0247586
941	0.00016249	0.649663	1.1031e-05	0.350159	4.73967e-06
942	0.820588	0.0647909	0.0557469	0.0349214	0.0239528
943	0.00239184	0.648073	0.00016249	0.349302	6.98172e-05
944	0.853177	0.041602	0.0579142	0.0224229	0.024884
945	5.51203e-06	0.649775	3.74298e-07	0.350219	1.60825e-07
946	0.174839	0.684952	0.0118691	0.123241	0.00509979
947	0.00604164	0.842019	0.000410237	0.151353	0.000176267
948	1.14555e-07	1.34041e-08	1	7.22459e-09	3.34357e-09
949	0.743333	0.156251	0.0504986	0.0282196	0.0216977
950	0.745057	0.118668	0.0505805	0.0639606	0.021733
951	0.0191175	0.828503	0.00129789	0.150524	0.000557665
952	0.000822729	0.649192	5.58585e-05	0.349905	2.40007e-05
953	0.401771	0.473661	0.0272945	0.0855451	0.0117276
954	0.236287	0.481341	0.0160425	0.259436	0.006893
955	9.46379e-11	0.649779	6.42421e-12	0.350221	2.76029e-12
956	1.06711e-08	1.25168e-08	1	2.25251e-09	3.11515e-10
957	0.874132	0.0266171	0.059407	0.0143462	0.0254972
958	1.4805e-05	0.847372	1.00504e-06	0.152612	4.31837e-07
959	0.386358	0.374369	0.0262251	0.20178	0.0112682
960	0.000196524	0.846069	1.33422e-05	0.153715	5.73277e-06
961	3.80198e-07	0.649778	2.59045e-08	0.350221	1.11304e-08
962	0.870342	0.038287	0.0590835	0.00690107	0.0253864
963	0.00257392	0.647944	0.00017479	0.349232	7.51021e-05
964	0.826214	0.0793092	0.056114	0.0142526	0.0241105
965	0.876174	0.0251641	0.0595232	0.0135631	0.0255754
966	0.743358	0.156309	0.0505102	0.0281196	0.0217027
967	0.841704	0.0497781	0.0571381	0.0268297	0.0245506
968	0.874104	0.0266805	0.0593386	0.0143804	0.025496
969	0.034461	0.808883	0.00234009	0.15331	0.00100547
970	0.0818209	0.765485	0.00557183	0.139964	0.00715889
971	0.906765	0.00421882	0.0616393	0.000892058	0.0264846
972	2.94437e-05	0.649758	1.99883e-06	0.35021	8.58836e-07
973	0.873473	0.0353817	0.0593037	0.00636081	0.025481
974	0.905061	0.00448038	0.0615832	0.00241486	0.0264605
975	0.0114676	0.641604	0.00077869	0.345815	0.00033458
976	0.863327	0.0342978	0.0586771	0.018486	0.0252118
977	0.038218	0.00342481	0.956612	0.000618038	0.00112715
978	0.0184091	0.636656	0.00124964	0.343148	0.000536935
979	0.263705	0.461737	0.0179673	0.24887	0.00772004
980	2.70724e-06	0.649777	1.83765e-07	0.35022	7.89585e-08
981	0.887526	0.0170716	0.0602944	0.00920135	0.0259067
982	0.00188567	0.648382	0.000128024	0.349468	0.000136237
983	0.839809	0.0511175	0.0570215	0.0275516	0.0245004
984	0.0159586	0.000892642	0.00108416	0.000160477	0.981904
985	0.187716	0.670079	0.0127485	0.123979	0.00547766
986	0.81386	0.0869649	0.0552723	0.0201543	0.0237488
987	6.48344e-07	0.649778	4.40144e-08	0.350221	1.89143e-08
988	0.00125994	0.64888	8.5526e-05	0.349737	3.6748e-05
989	2.46756e-06	0.649777	1.67501e-07	0.35022	7.19703e-08
990	0.00354405	0.647252	0.000240583	0.34886	0.000103371
991	0.85637	0.0392937	0.0581654	0.0211787	0.0249919
992	0.538958	0.346355	0.0365882	0.0623787	0.0157209
993	0.894437	0.012163	0.0607445	0.0065557	0.0261001
994	9.3049e-07	0.649778	6.31642e-08	0.350221	2.71398e-08
995	0.00540862	0.645923	0.000367155	0.348143	0.000157756
996	4.22061e-05	0.649748	2.86958e-06	0.350205	1.23298e-06
997	0.733074	0.127197	0.0497816	0.0685574	0.0213897
998	0.896243	0.0108524	0.0608921	0.00584929	0.0261635
999	0.880371	0.0222	0.0597785	0.0119655	0.0256851
1000	5.05921e-07	0.649778	3.43519e-08	0.350221	1.476e-08
1001	0.000255275	0.649597	1.73291e-05	0.350123	7.4458e-06
1002	0.889689	0.0155636	0.0604047	0.00838857	0.0259541
1003	5.51981e-07	0.649778	3.74763e-08	0.350221	1.61025e-08
1004	0.738554	0.123279	0.0501663	0.0664457	0.021555
1005	0.903278	0.00573115	0.0614843	0.00308901	0.026418
1006	0.86135	0.0357321	0.0585161	0.0192591	0.0251426
1007	0.884608	0.0239475	0.06008	0.00554987	0.0258146
1008	4.33231e-09	0.649779	2.94097e-10	0.350221	1.26365e-10
1009	0.00110446	0.648991	7.50469e-05	0.349797	3.2225e-05
1010	0.874218	0.0265986	0.0593471	0.0143363	0.0254997
1011	2.07843e-07	0.649778	1.41103e-08	0.350221	6.0628e-09
1012	0.337573	0.409075	0.022988	0.220486	0.00987728
1013	0.0485075	0.615196	0.00329802	0.331582	0.00141706
1014	1.25931e-05	0.845409	8.5639e-07	0.154577	3.67966e-07
1015	0.459672	0.322066	0.0312472	0.173589	0.013426
1016	0.000340433	0.649536	2.31166e-05	0.350091	9.93252e-06
1017	0.661091	0.232804	0.0448782	0.0419435	0.0192828
1018	0.114567	0.685725	0.00779111	0.188569	0.00334761
1019	0.677489	0.142937	0.0826701	0.0770412	0.0198625
1020	0.899321	0.00868112	0.0610762	0.004679	0.0262427
1021	0.880452	0.0266629	0.059841	0.0073321	0.0257119
1022	7.72291e-05	0.649724	5.24299e-06	0.350192	2.25276e-06
1023	0.100886	0.577856	0.00685592	0.311456	0.00294579
1024	0.88262	0.020608	0.0599189	0.0111074	0.0257454
1025	0.615945	0.210708	0.0418122	0.113569	0.0179655
1026	0.241396	0.477693	0.0163968	0.25747	0.00704523
1027	1.15439e-09	1.14905e-09	7.83895e-11	6.19324e-10	1
1028	0.794876	0.0831611	0.053957	0.0448227	0.0231837
1029	3.121e-05	0.649756	2.11934e-06	0.350209	9.10616e-07
1030	0.742811	0.151828	0.0543489	0.0276598	0.0233521
1031	0.000466399	0.649446	3.16701e-05	0.350042	1.36077e-05
1032	0.534432	0.349481	0.0362804	0.0642178	0.0155886
1033	0.800856	0.0952162	0.0543793	0.0261838	0.0233652
1034	6.49165e-05	0.846462	4.40894e-06	0.153467	1.89439e-06
1035	0.00833706	0.838159	0.00056626	0.152694	0.000243305
1036	0.128969	0.557839	0.00876026	0.300667	0.00376402
1037	0.847057	0.0459656	0.0574975	0.0247748	0.024705
1038	1.00541e-08	0.846522	6.82655e-10	0.153478	2.93317e-10
1039	1.93006e-20	2.05793e-17	1.31034e-21	1	5.63015e-22
1040	0.595058	0.225592	0.0403997	0.121591	0.0173586
1041	1.10444e-06	0.649778	7.49775e-08	0.350221	3.22156e-08
1042	0.8487	0.0584187	0.0576134	0.010513	0.0247548
1043	3.24594e-10	0.649779	2.20361e-11	0.350221	9.46825e-12
1044	0.884756	0.0248798	0.0600679	0.00448686	0.0258094
1045	3.39288e-07	0.649778	2.30601e-08	0.350221	9.90824e-09
1046	5.60057e-05	0.649739	3.80269e-06	0.3502	1.6339e-06
1047	0.00209417	0.845721	0.00014218	0.151982	6.10903e-05
1048	2.92361e-05	2.16543e-05	1.98508e-06	3.89775e-06	0.999943
1049	0.832719	0.0729128	0.056571	0.0134904	0.0243069
1050	7.57287e-05	0.649725	5.14051e-06	0.350192	2.20873e-06
1051	0.0552424	0.610399	0.00375042	0.328997	0.00161144
1052	0.84844	0.0586428	0.0576159	0.0105458	0.0247558
1053	7.9666e-06	0.649773	5.40869e-07	0.350218	2.32395e-07
1054	6.39374e-15	4.64464e-14	4.34326e-16	1	1.86617e-16
1055	0.495843	0.386223	0.0337005	0.0697535	0.0144801
1056	0.00884533	0.643471	0.000602669	0.346822	0.000258949
1057	0.873367	0.0271401	0.0593595	0.0146281	0.025505
1058	0.24258	0.476856	0.016469	0.257019	0.00707625
1059	0.667469	0.22686	0.0453114	0.0408905	0.019469
1060	0.894851	0.0143445	0.0607552	0.00394463	0.0261047
1061	4.93261e-10	0.649779	3.35048e-11	0.350221	1.4396e-11
1062	0.813301	0.0699964	0.0552401	0.037727	0.023735
1063	0.780124	0.0936639	0.052969	0.0504835	0.0227592
1064	7.53125e-07	0.847212	5.11799e-08	0.152788	2.19905e-08
1065	0.228118	0.487152	0.0155021	0.262568	0.00666081
1066	0.000329808	0.649543	2.23873e-05	0.350095	9.61914e-06
1067	0.896098	0.0132656	0.0608449	0.00364795	0.0261432
1068	1.09122e-09	0.649779	7.40768e-11	0.350221	3.18286e-11
1069	0.904752	0.0048291	0.0614239	0.00260282	0.026392
1070	7.12384e-06	1.52751e-06	4.83857e-07	8.23306e-07	0.99999
1071	1.56704e-25	1.61708e-21	1.06394e-26	1	4.57146e-27
1072	0.406427	0.46158	0.0276647	0.092442	0.0118867
1073	0.141805	0.548694	0.0096257	0.295739	0.00413588
1074	4.63868e-06	0.649775	3.15159e-07	0.35022	1.35415e-07
1075	0.147248	0.544815	0.00999565	0.293647	0.00429484
1076	0.893165	0.0170819	0.0606305	0.00307159	0.0260511
1077	0.0864905	0.588107	0.00588982	0.316982	0.00253068
1078	2.96444e-06	0.649776	2.01318e-07	0.35022	8.65002e-08
1079	0.0010953	0.648998	7.43619e-05	0.349801	3.19511e-05
1080	0.780877	0.0930225	0.0531333	0.0501378	0.0228298
1081	0.910754	0.000454176	0.0619355	0.000244794	0.0266119
1082	0.0357346	0.624303	0.00242812	0.336491	0.00104329
1083	0.890612	0.0148715	0.060504	0.00801553	0.0259968
1084	0.164359	0.694503	0.0111617	0.125181	0.00479586
1085	0.903015	0.00603795	0.0613374	0.00325437	0.0263549
1086	5.44571e-08	0.649779	4.76811e-09	0.350221	2.04872e-09
1087	0.594179	0.226226	0.0403329	0.121932	0.0173298
1088	0.902016	0.00675019	0.0612695	0.00363826	0.0263257
1089	0.781389	0.121008	0.0530435	0.0217689	0.0227912
1090	1.30019e-07	0.649778	8.85399e-09	0.350221	3.8043e-09
1091	2.3226e-06	0.649777	1.57673e-07	0.350221	6.77475e-08
1092	0.90455	0.00640882	0.0614703	0.00115862	0.026412
1093	0.171259	0.684973	0.0129582	0.125243	0.00556775
1094	0.000315498	0.844479	2.17944e-05	0.155174	9.3644e-06
1095	0.241689	0.622197	0.0165286	0.112484	0.00710183
1096	0.847968	0.0453152	0.0575602	0.0244242	0.0247319
1097	0.00246395	0.648022	0.000167344	0.349275	7.19028e-05
1098	3.55921e-10	0.649779	2.41818e-11	0.350221	1.03902e-11
1099	0.880498	0.028785	0.0598358	0.00517189	0.0257097
1100	0.696419	0.198638	0.0483471	0.0358227	0.0207733
1101	0.883975	0.0196276	0.0600269	0.010579	0.0257918
1102	0.00419777	0.646786	0.000284964	0.348609	0.000122441
1103	0.864328	0.033609	0.0587184	0.0181148	0.0252296
1104	0.850315	0.0435816	0.0577847	0.0234899	0.0248284
1105	0.852714	0.0419269	0.0578881	0.022598	0.0248728
1106	4.76347e-08	9.77714e-10	1	5.26974e-10	1.38994e-09
1107	0.00241708	0.648055	0.00016418	0.349293	7.05434e-05
1108	1.28315e-06	0.649778	8.72827e-08	0.350221	3.75028e-08
1109	0.000147841	0.649673	1.02128e-05	0.350165	4.38812e-06
1110	0.00287145	0.647732	0.000195043	0.349118	8.38043e-05
1111	0.000101712	0.649706	6.90491e-06	0.350182	2.96684e-06
1112	2.38037e-08	5.11791e-05	1.61635e-09	9.2174e-06	0.99994
1113	0.0100206	0.642635	0.000680476	0.346371	0.000292381
1114	2.77446e-05	0.649759	1.88339e-06	0.350211	8.09235e-07
1115	0.146468	0.711112	0.010004	0.128118	0.0042984
1116	0.000904405	0.84669	6.15881e-05	0.152317	2.64626e-05
1117	0.00422177	0.646769	0.000286682	0.348599	0.000123179
1118	1.83606e-05	0.649765	1.24641e-06	0.350214	5.35545e-07
1119	0.86236	0.035038	0.0585572	0.018885	0.0251603
1120	1.67433e-10	2.65508e-11	1.13668e-11	1.0046e-05	0.99999
1121	2.36153e-05	0.649762	1.60397e-06	0.350212	6.89179e-07
1122	8.6319e-09	0.845896	5.86198e-10	0.154104	2.51872e-10
1123	0.0755145	0.00309831	0.00513111	0.00166994	0.914586
1124	0.744719	0.11888	0.0505887	0.0640749	0.0217365
1125	3.55746e-06	0.649776	2.41557e-07	0.35022	1.0379e-07
1126	0.682336	0.163315	0.0463919	0.0880242	0.0199332
1127	0.799758	0.0796678	0.0543021	0.0429398	0.023332
1128	0.0341934	0.625404	0.00232153	0.337084	0.000997495
1129	0.826725	0.0603742	0.0562089	0.0325409	0.0241513
1130	0.866726	0.0319235	0.0588556	0.0172063	0.0252885
1131	0.000111584	0.649699	7.57559e-06	0.350179	3.25501e-06
1132	0.0321513	0.816663	0.00218301	0.148064	0.000937976
1133	0.892013	0.0180274	0.0606478	0.00325322	0.0260586
1134	0.760015	0.107801	0.0518167	0.0581031	0.0222641
1135	0.890475	0.0185408	0.0608976	0.0039204	0.0261659
1136	2.60262e-06	3.1235e-07	1.76713e-07	1.68352e-07	0.999997
1137	0.000122049	0.649692	8.28654e-06	0.350175	3.56048e-06
1138	0.00842124	0.000124023	0.000571644	6.68465e-05	0.990816
1139	0.882023	0.027312	0.0599817	0.00491111	0.0257724
1140	6.56272e-08	3.99435e-09	4.45646e-09	2.1529e-09	1
1141	0.0888572	0.586434	0.00603564	0.31608	0.00259333
1142	0.000266954	0.649588	1.81234e-05	0.350119	7.78707e-06
1143	3.78894e-08	0.649779	2.57194e-09	0.350221	1.10509e-09
1144	0.878291	0.0236109	0.0597148	0.0127259	0.0256577
1145	0.909294	0.00159213	0.0617315	0.000858134	0.0265242
1146	6.77496e-05	0.64973	4.61158e-06	0.350195	1.98146e-06
1147	0.0069222	0.00105804	0.991247	0.000570271	0.000202015
1148	0.000170144	0.649657	1.1549e-05	0.350156	4.96225e-06
1149	0.87824	0.0237228	0.0596296	0.0127863	0.0256211
1150	0.107187	0.573371	0.00727685	0.309039	0.00312665
1151	3.44119e-05	0.833112	2.33592e-06	0.16685	1.00367e-06
1152	0.604651	0.284767	0.0410607	0.0518784	0.0176426
1153	0.890365	0.0150888	0.0604432	0.00813265	0.0259707
1154	1.36473e-06	1.35141e-06	9.27315e-08	7.28389e-07	0.999996
1155	3.78016e-06	0.649776	2.56964e-07	0.35022	1.1041e-07
1156	0.661045	0.178549	0.0448848	0.0962354	0.0192857
1157	0.876677	0.02483	0.0595313	0.013383	0.0255788
1158	0.799026	0.0801909	0.0542512	0.0432217	0.0233102
1159	0.00274354	0.647823	0.0001864	0.349167	8.00906e-05
1160	0.533167	0.35087	0.0370137	0.0630463	0.0159037
1161	0.875446	0.0256198	0.0595103	0.0138087	0.0256152
1162	0.689822	0.158045	0.0468278	0.0851841	0.0201205
1163	3.51608e-05	0.649754	2.38677e-06	0.350208	1.02553e-06
1164	0.883935	0.0256233	0.0600205	0.00463231	0.025789
1165	0.774067	0.0976299	0.0529367	0.0526211	0.0227453
1166	0.00743341	0.64448	0.000504636	0.347365	0.000216827
1167	0.0122232	0.641065	0.000829725	0.345525	0.000356508
1168	1.76981e-06	0.847687	1.20149e-07	0.152311	5.16243e-08
1169	1.27108e-06	0.649778	8.62813e-08	0.350221	3.70725e-08
1170	8.62192e-06	0.649772	5.85477e-07	0.350218	2.51562e-07
1171	0.00111102	0.846649	7.54223e-05	0.152132	3.24067e-05
1172	1.90097e-08	0.649779	1.29052e-09	0.350221	5.54498e-10
1173	0.879825	0.029473	0.0597385	0.00529541	0.0256679
1174	0.0003965	0.649496	2.69255e-05	0.350069	1.15691e-05
1175	0.00301113	0.647632	0.000204581	0.349064	8.79022e-05
1176	3.59967e-05	0.649753	2.45261e-06	0.350208	1.05381e-06
1177	0.800297	0.079035	0.0546068	0.0425987	0.0234629
1178	0.821269	0.0838442	0.0557544	0.0151769	0.023956
1179	2.08448e-05	0.649764	1.41499e-06	0.350213	6.07981e-07
1180	0.622631	0.205904	0.042307	0.110979	0.018178
1181	0.00802169	0.64406	0.000544556	0.347139	0.00023398
1182	0.639565	0.193827	0.0434628	0.10447	0.0186747
1183	0.776665	0.0961261	0.0527383	0.0518106	0.0226601
1184	0.856192	0.0492756	0.0581339	0.0114197	0.0249784
1185	0.104373	0.575374	0.00708869	0.310119	0.0030458
1186	3.14509e-07	0.649778	2.13489e-08	0.350221	9.173e-09
1187	7.3804e-05	0.649726	5.02032e-06	0.350193	2.15708e-06
1188	0.000145809	0.649675	9.90241e-06	0.350165	4.25477e-06
1189	0.893962	0.0115585	0.0607225	0.00622986	0.027527
1190	6.00684e-06	0.649774	4.08157e-07	0.350219	1.75373e-07
1191	0.0179142	0.637005	0.00121992	0.343337	0.000524162
1192	0.869883	0.0295177	0.0592372	0.0159096	0.0254525
1193	0.000311917	0.649556	2.11767e-05	0.350102	9.099e-06
1194	0.800814	0.102829	0.0544085	0.0185713	0.0233777
1195	0.816914	0.0674359	0.0554697	0.036347	0.0238337
1196	9.56659e-06	0.649772	6.49486e-07	0.350218	2.79065e-07
1197	0.147644	0.544522	0.0100334	0.29349	0.00431105
1198	0.0861938	0.588336	0.00585187	0.317104	0.00251438
1199	0.000138556	0.64968	9.42247e-06	0.350168	4.04856e-06
1200	7.60063e-06	0.649773	5.15926e-07	0.350219	2.21678e-07
1201	5.14504e-05	1.39254e-05	3.49436e-06	7.50557e-06	0.999924
1202	0.716822	0.138787	0.0486733	0.0748041	0.0209135
1203	0.000468777	0.649444	3.18326e-05	0.350041	1.36775e-05
1204	0.000702036	0.649278	4.76572e-05	0.349952	2.04769e-05
1205	3.51798e-06	9.23407e-08	0.999996	4.97703e-08	1.02627e-07
1206	1.7727e-06	0.649777	1.20335e-07	0.350221	5.17043e-08
1207	0.655225	0.182698	0.0444896	0.0984718	0.0191159
1208	4.54018e-09	7.45196e-10	1	4.0165e-10	1.32429e-10
1209	0.433226	0.411532	0.029429	0.113168	0.0126448
1210	0.000982861	0.0011087	0.997681	0.000199234	2.86986e-05
1211	0.000589681	0.649358	4.00319e-05	0.349995	1.72005e-05
1212	0.649483	0.18679	0.0441009	0.100677	0.0189489
1213	0.00938563	0.643088	0.000637219	0.346615	0.000273794
1214	0.846033	0.0466841	0.0574407	0.0251621	0.0246806
1215	0.0867756	0.766864	0.00589122	0.137938	0.00253128
1216	0.0626379	0.605115	0.00426551	0.326149	0.00183276
1217	0.227715	0.487448	0.015465	0.262727	0.00664485
1218	0.00187368	0.00423096	0.0001272	0.000761402	0.993007
1219	0.79383	0.0839042	0.053888	0.0452232	0.0231541
1220	0.774088	0.0979656	0.0525604	0.0528021	0.0225837
1221	0.217968	0.49439	0.0148091	0.266469	0.00636302
1222	9.93133e-05	0.649708	6.75758e-06	0.350183	2.90353e-06
1223	0.534921	0.348614	0.0363471	0.0645008	0.0156173
1224	0.00117804	0.648939	7.99689e-05	0.349769	3.43602e-05
1225	0.781176	0.0929279	0.0530258	0.0500868	0.0227836
1226	0.333815	0.411793	0.0226918	0.22195	0.00974998
1227	7.08973e-09	7.74909e-10	1	1.3932e-10	2.06857e-10
1228	0.00092265	0.649121	6.26928e-05	0.349867	2.69372e-05
1229	1.34976e-06	4.71591e-08	0.999999	2.54181e-08	3.94308e-08
1230	0.714608	0.140271	0.0486242	0.0756041	0.0208924
1231	3.84911e-05	0.847648	2.61328e-06	0.15231	1.12285e-06
1232	0.805453	0.0976269	0.0548496	0.0185036	0.0235673
1233	4.98452e-07	0.846251	3.3842e-08	0.153748	1.45409e-08
1234	1.78385e-05	0.649766	1.21198e-06	0.350214	8.71841e-07
1235	0.126264	0.559771	0.0085733	0.301708	0.00368369
1236	0.486718	0.394935	0.0330564	0.0710879	0.0142034
1237	0.877615	0.0240923	0.0596689	0.0129854	0.025638
1238	0.00018681	0.649645	1.26807e-05	0.35015	5.44852e-06
1239	0.000451597	0.649457	3.0728e-05	0.350048	1.32029e-05
1240	0.00458243	0.646512	0.000311196	0.348461	0.000133712
1241	0.848376	0.0449482	0.0576702	0.0242265	0.0247792
1242	0.660488	0.233028	0.0450673	0.0420521	0.0193641
1243	0.367745	0.504599	0.0249908	0.091927	0.0107378
1244	0.359157	0.39374	0.0243995	0.21222	0.0104837
1245	0.48371	0.304964	0.0328423	0.164371	0.0141114
1246	0.203308	0.504849	0.0138057	0.272106	0.00593191
1247	0.000326701	0.649546	2.21945e-05	0.350096	9.53632e-06
1248	4.11008e-06	0.649776	2.79025e-07	0.35022	1.19889e-07
1249	0.693087	0.1556	0.047177	0.0838659	0.0202706
1250	0.908379	0.00184283	0.0616787	0.000993259	0.0271059
1251	0.0228406	0.633495	0.00155264	0.341445	0.000667124
1252	0.000375131	0.649497	2.58195e-05	0.35007	3.2822e-05
1253	3.54205e-05	2.5679e-06	0.99996	1.38406e-06	1.03329e-06
1254	0.00416858	0.646806	0.000283643	0.348619	0.000121873
1255	0.290167	0.442936	0.0196968	0.238736	0.00846312
1256	0.85278	0.0545831	0.0579009	0.00985793	0.0248783
1257	0.00232714	0.843252	0.000166639	0.154183	7.15998e-05
1258	0.0182624	0.63676	0.00124027	0.343205	0.000532906
1259	1.38888e-07	7.22098e-08	9.43541e-09	3.89201e-08	1
1260	4.40089e-06	0.649775	3.02079e-07	0.35022	1.29794e-07
1261	0.547308	0.259598	0.0371933	0.13992	0.0159809
1262	0.802599	0.101295	0.0544918	0.0182007	0.0234135
1263	0.0946867	0.58228	0.00643024	0.31384	0.00276288
1264	0.851979	0.0423954	0.0578978	0.0228505	0.024877
1265	0.0138619	0.639897	0.000941034	0.344896	0.000404334
1266	4.9783e-07	0.649778	3.37927e-08	0.350221	1.45197e-08
1267	0.0126573	0.00160934	0.984493	0.000867409	0.000373297
1268	7.41881e-07	1.11096e-08	0.999999	2.57466e-09	2.16384e-08
1269	1.96727e-07	0.847212	1.33535e-08	0.152788	5.7376e-09
1270	0.0154062	0.638793	0.00104969	0.3443	0.000451021
1271	0.769307	0.101379	0.0522306	0.0546419	0.0224419
1272	0.000817119	0.649196	5.55365e-05	0.349907	2.38624e-05
1273	0.00083514	0.000267585	0.998823	4.99959e-05	2.43971e-05
1274	4.18969e-05	0.649749	2.84552e-06	0.350205	1.22263e-06
1275	0.0958681	0.58144	0.00650787	0.313388	0.00279624
1276	0.0265317	0.630865	0.00180195	0.340027	0.000774246
1277	8.25934e-11	0.649779	5.61356e-12	0.350221	2.41198e-12
1278	0.427428	0.345053	0.0290553	0.185979	0.0124842
1279	9.68554e-06	0.649772	6.57726e-07	0.350218	2.82605e-07
1280	0.900502	0.0101261	0.0612384	0.00182099	0.0263123
1281	1.21469e-05	0.64977	8.24542e-07	0.350217	3.54281e-07
1282	2.6927e-06	0.649777	1.82782e-07	0.35022	7.85359e-08
1283	0.000842959	0.649178	5.72382e-05	0.349898	2.45936e-05
1284	0.894059	0.0149952	0.060729	0.00412358	0.0260935
1285	0.894001	0.0162452	0.0607342	0.00292413	0.0260957
1286	0.879429	0.0297892	0.059713	0.00541214	0.0256569
1287	1.07666e-09	0.649779	7.30929e-11	0.350221	3.14058e-11
1288	9.31876e-08	1.79937e-06	6.34926e-09	0.999998	2.72809e-09
1289	0.88106	0.021693	0.0598423	0.0116922	0.0257125
1290	0.819538	0.0855508	0.0556309	0.0153778	0.0239029
1291	0.850292	0.0436555	0.0577217	0.0235297	0.0248013
1292	0.0012236	0.845887	8.30642e-05	0.152771	3.56902e-05
1293	0.0013743	0.648799	9.33296e-05	0.349693	4.0101e-05
1294	0.527183	0.273914	0.0358602	0.147636	0.015408
1295	0.0965249	0.580967	0.00655746	0.313133	0.00281754
1296	0.838074	0.068318	0.0568894	0.012275	0.0244437
1297	0.781886	0.0234385	0.159217	0.012633	0.0228252
1298	0.0146694	0.639321	0.000996046	0.344585	0.000427972
1299	0.828447	0.0591961	0.0562723	0.0319059	0.0241786
1300	7.93489e-06	7.86378e-06	0.999983	1.41584e-06	2.31486e-07
1301	0.546585	0.26015	0.0371049	0.140217	0.0159429
1302	0.869534	0.0388604	0.0591658	0.00701834	0.0254218
1303	0.87865	0.0234345	0.0596534	0.0126309	0.0256313
1304	0.904092	0.005293	0.0613862	0.00285285	0.0263758
1305	0.880156	0.0223623	0.059754	0.012053	0.0256745
1306	0.00304683	0.647607	0.000206884	0.349051	8.88921e-05
1307	0.868186	0.0402825	0.0589529	0.00724786	0.0253303
1308	0.000747862	0.649245	5.07689e-05	0.349934	2.18139e-05
1309	7.9662e-06	0.847205	5.40841e-07	0.152786	2.32384e-07
1310	9.55282e-07	0.649778	6.48486e-08	0.350221	2.78635e-08
1311	0.138697	0.718356	0.00969522	0.129086	0.00416575
1312	6.23433e-05	0.649734	4.23261e-06	0.350197	1.81863e-06
1313	8.5741e-05	0.649717	5.82538e-06	0.350188	2.50299e-06
1314	3.24618e-05	0.649755	2.2045e-06	0.350209	9.4721e-07
1315	0.000313144	0.649555	2.12718e-05	0.350101	9.13988e-06
1316	0.910814	0.000515484	0.0618275	0.000277839	0.0265654
1317	0.895093	0.0113011	0.0612133	0.00609112	0.0263016
1318	0.000389418	0.845059	2.69007e-05	0.154513	1.15584e-05
1319	0.00601862	0.645487	0.000409401	0.347909	0.000175907
1320	0.882487	0.0269832	0.059928	0.00485295	0.0257493
1321	0.85894	0.0374887	0.0583112	0.0202059	0.0250546
1322	0.000232437	0.649613	1.5785e-05	0.350132	6.78233e-06
1323	0.295748	0.571684	0.0200776	0.103864	0.00862674
1324	0.899365	0.0112971	0.0610616	0.0020403	0.0262364
1325	0.000209739	0.649629	1.42396e-05	0.350141	6.11834e-06
1326	0.0119939	0.836489	0.00081419	0.150353	0.000349833
1327	0.0629914	0.604873	0.004279	0.326018	0.00183856
1328	0.000671042	0.845899	4.55875e-05	0.153365	1.95876e-05
1329	0.881154	0.0266308	0.0601842	0.00617174	0.0258594
1330	0.763195	0.137092	0.0518291	0.0256145	0.0222694
1331	0.847031	0.0597148	0.0575	0.0110485	0.0247061
1332	0.63693	0.255274	0.0432512	0.0459609	0.0185837
1333	0.895756	0.0112087	0.0608486	0.00604133	0.0261449
1334	0.815509	0.0683882	0.0554271	0.0368603	0.0238154
1335	3.72643e-09	1.34219e-09	2.58698e-10	7.23422e-10	1
1336	0.872412	0.0278855	0.0592253	0.0150299	0.0254474
1337	1.33304e-06	0.649778	9.05212e-08	0.350221	3.88943e-08
1338	3.94098e-06	0.649776	2.67543e-07	0.35022	1.14955e-07
1339	3.59708e-20	2.3941e-19	2.44759e-21	1	1.04934e-21
1340	0.025522	0.631583	0.00173491	0.340414	0.000745441
1341	0.779231	0.0942437	0.0529699	0.050796	0.0227596
1342	8.40168e-05	0.649719	5.70542e-06	0.350189	2.45145e-06
1343	0.256648	0.466807	0.0174462	0.251603	0.00749611
1344	0.873818	0.0268265	0.0593819	0.0144591	0.0255146
1345	0.845417	0.0450058	0.0596778	0.0242575	0.0256418
1346	0.460275	0.321631	0.031294	0.173354	0.0134461
1347	0.883036	0.020293	0.0599676	0.0109376	0.0257663
1348	0.888729	0.0162385	0.0603497	0.00875232	0.0259305
1349	0.812807	0.0698055	0.0557914	0.0376242	0.0239719
1350	0.000749903	0.649244	5.0916e-05	0.349933	2.18771e-05
1351	3.40494e-06	5.79162e-08	0.999996	3.1216e-08	9.93497e-08
1352	0.00138567	0.648791	9.41017e-05	0.349689	4.04327e-05
1353	0.165921	0.64154	0.0112754	0.176419	0.00484472
1354	1.88994e-08	0.649779	1.28294e-09	0.350221	5.51241e-10
1355	0.000182932	0.649648	1.24375e-05	0.350151	5.34403e-06
1356	0.00790895	0.64414	0.00053815	0.347182	0.000231227
1357	0.00444383	0.842998	0.000301689	0.152127	0.000129627
1358	3.23706e-06	0.649776	2.19743e-07	0.35022	9.4417e-08
1359	0.000423236	0.649477	2.87527e-05	0.350059	1.23542e-05
1360	9.75559e-07	0.649778	6.62959e-08	0.350221	2.84854e-08
1361	0.839568	0.0667832	0.0569935	0.0121664	0.0244884
1362	1.2938e-10	0.649779	8.78203e-12	0.350221	3.77338e-12
1363	0.66457	0.229668	0.0451113	0.0412673	0.019383
1364	0.000410256	0.649486	2.78608e-05	0.350064	1.1971e-05
1365	0.00302238	0.647624	0.000205157	0.34906	8.815e-05
1366	0.889109	0.0208531	0.0603572	0.00374709	0.0259337
1367	0.000598781	0.846781	4.06505e-05	0.152562	1.74663e-05
1368	1.17309e-09	0.649779	7.96278e-11	0.350221	3.42137e-11
1369	0.000140658	0.847151	9.54913e-06	0.152695	4.10298e-06
1370	2.77752e-08	0.649779	1.88545e-09	0.350221	8.10122e-10
1371	7.20679e-18	2.09638e-18	4.89265e-19	1	2.10223e-19
1372	0.123032	0.733204	0.00836891	0.131799	0.00359587
1373	9.91633e-07	0.649778	6.73615e-08	0.350221	2.89432e-08
1374	5.31844e-06	0.845891	3.61343e-07	0.154103	1.55258e-07
1375	1.20973e-05	0.64977	8.21162e-07	0.350217	3.52829e-07
1376	1.73391e-05	0.649766	1.17697e-06	0.350215	5.05707e-07
1377	0.861948	0.0352622	0.0586037	0.0190058	0.0251803
1378	0.00775808	0.644248	0.000527372	0.34724	0.000226596
1379	7.03198e-09	0.649779	4.77398e-10	0.350221	2.05124e-10
1380	0.758703	0.141727	0.0515202	0.0259138	0.0221367
1381	0.00514008	0.646114	0.00034901	0.348247	0.000149959
1382	0.0150664	0.639038	0.00102386	0.344432	0.000439924
1383	0.0151533	0.638976	0.00102917	0.344399	0.000442202
1384	0.690879	0.157068	0.0471409	0.0846575	0.020255
1385	0.803994	0.0766284	0.0546113	0.0413016	0.0234649
1386	0.884917	0.0189579	0.0600889	0.0102181	0.0258184
1387	0.0760523	0.775644	0.00516438	0.14092	0.00221898
1388	0.000347292	1.7769e-05	2.35784e-05	9.57726e-06	0.999602
1389	3.85139e-05	0.84586	2.61523e-06	0.154097	1.12369e-06
1390	0.79822	0.105346	0.0541914	0.018958	0.0232844
1391	0.764215	0.105005	0.0518888	0.0565962	0.0222951
1392	0.852844	0.0418005	0.0579336	0.0225299	0.0248923
1393	0.0457029	0.617199	0.00310339	0.332661	0.00133343
1394	0.000553308	0.649384	3.75585e-05	0.350009	1.61378e-05
1395	1.9233e-09	0.649779	1.30589e-10	0.350221	5.61101e-11
1396	0.807554	0.0963392	0.055102	0.0173288	0.0236757
1397	1.8717e-10	1.25322e-11	1.27083e-11	0.000198606	0.999801
1398	2.23811e-05	0.649763	1.52094e-06	0.350213	6.53505e-07
1399	0.452253	0.327355	0.0307428	0.17644	0.0132093
1400	0.70082	0.149806	0.0480046	0.0807433	0.0206262
1401	5.29779e-07	0.649778	3.59664e-08	0.350221	1.75129e-08
1402	0.368395	0.502791	0.0250319	0.0930268	0.0107555
1403	0.466883	0.316896	0.0317682	0.170803	0.0136499
1404	4.42281e-06	0.847454	3.02466e-07	0.152541	1.29961e-07
1405	0.88869	0.0211767	0.060379	0.00381096	0.0259431
1406	0.0804245	0.592444	0.00546416	0.319319	0.00234779
1407	0.794043	0.0837148	0.0539436	0.0451211	0.0231779
1408	7.8481e-05	0.649723	5.32737e-06	0.350191	2.28901e-06
1409	0.886097	0.0234581	0.0602928	0.00424622	0.025906
1410	1.29709e-08	0.00607893	8.81458e-10	0.993921	3.78736e-10
1411	2.40037e-08	0.847281	1.62977e-09	0.152719	7.00264e-10
1412	0.0460519	0.616949	0.0031283	0.332527	0.00134414
1413	0.000354292	0.649526	2.4052e-05	0.350085	1.03344e-05
1414	0.0608475	0.0107584	0.924659	0.00194019	0.00179456
1415	0.868342	0.0307506	0.0589864	0.0165742	0.0253467
1416	0.0236095	0.632948	0.00160308	0.34115	0.000688797
1417	0.280196	0.449952	0.0191187	0.242518	0.00821474
1418	4.28528e-15	1.1334e-14	2.90914e-16	1	1.24997e-16
1419	0.0188732	0.636322	0.00128419	0.342969	0.000551778
1420	7.08973e-09	6.4551e-10	1	1.17034e-10	2.06845e-10
1421	0.886183	0.0225657	0.0601689	0.00522963	0.0258528
1422	0.000251385	0.649599	1.70766e-05	0.350125	7.33729e-06
1423	0.00390292	0.646996	0.000265007	0.348722	0.000113866
1424	1.20102e-05	3.52316e-07	8.15659e-07	1.89894e-07	0.999987
1425	0.884123	0.0195271	0.0600317	0.0105248	0.0257938
1426	0.000220641	0.649621	1.50186e-05	0.350137	6.45303e-06
1427	0.841542	0.0650791	0.0571312	0.0117005	0.0245476
1428	0.697	0.152931	0.0473126	0.0824276	0.0203288
1429	1.18838e-06	0.649778	8.07004e-08	0.350221	3.46746e-08
1430	0.120048	0.549065	0.0244456	0.295938	0.0105036
1431	0.0061091	0.841534	0.000414829	0.151764	0.00017824
1432	0.871882	0.0279826	0.0594913	0.0150822	0.0255617
1433	0.875186	0.0257809	0.0595504	0.0138955	0.025587
1434	9.01747e-05	0.000229355	0.0401071	0.959571	2.63044e-06
1435	0.0167945	0.6378	0.00114709	0.343765	0.000492871
1436	0.908997	0.00235796	0.0617073	0.000424081	0.0265138
1437	0.14099	0.549268	0.00957907	0.296048	0.00411584
1438	0.0233872	0.824191	0.00158913	0.15015	0.000682802
1439	0.0289882	0.629112	0.0019709	0.339082	0.000846839
1440	0.000117387	0.649695	7.96868e-06	0.350176	3.425e-06
1441	0.486557	0.392822	0.0330325	0.0733954	0.0141931
1442	0.0042857	0.646722	0.000293089	0.348574	0.000125932
1443	2.64957e-25	2.3941e-19	1.80056e-26	1	7.73648e-27
1444	1.69194e-27	1.39973e-25	1.14882e-28	1	4.93615e-29
1445	0.787289	0.115364	0.0535176	0.0208351	0.0229949
1446	0.822529	0.0634075	0.0558788	0.0341758	0.0240094
1447	4.45362e-06	0.649775	3.02308e-07	0.35022	1.29893e-07
1448	0.0804303	0.592444	0.00546058	0.319319	0.00234625
1449	0.00280877	0.647776	0.000190764	0.349142	8.19656e-05
1450	6.36699e-05	0.649728	1.29652e-05	0.350194	1.86296e-06
1451	3.31767e-05	0.84757	2.25305e-06	0.152394	9.68069e-07
1452	0.429457	0.343526	0.0292798	0.185156	0.0125806
1453	2.59493e-08	5.11686e-09	1	2.75791e-09	7.57294e-10
1454	2.91476e-07	0.649778	1.98015e-08	0.350221	8.50811e-09
1455	0.179862	0.68036	0.0122105	0.122321	0.0052465
1456	3.27779e-09	0.649779	2.2266e-10	0.350221	9.56705e-11
1457	9.38531e-05	0.649712	6.37246e-06	0.350185	2.73806e-06
1458	0.000885129	0.649148	6.01505e-05	0.349881	2.58449e-05
1459	0.617103	0.209803	0.0419768	0.113081	0.0180362
1460	0.893656	0.0165066	0.0607595	0.00297117	0.0261066
1461	2.65555e-06	0.649777	1.80262e-07	0.35022	7.74534e-08
1462	0.00156173	0.648665	0.00010603	0.349621	4.55581e-05
1463	0.000338032	0.845582	2.29785e-05	0.154047	9.87317e-06
1464	0.881747	0.0212215	0.059869	0.0114381	0.0257239
1465	3.16914e-05	0.649756	2.15469e-06	0.350209	9.25807e-07
1466	0.00010994	0.6497	7.46488e-06	0.350179	3.20744e-06
1467	0.355594	0.396288	0.0241486	0.213594	0.010376
1468	1.95609e-05	0.649765	1.32789e-06	0.350214	5.70557e-07
1469	0.834844	0.0546692	0.0566711	0.0294659	0.0243499
1470	0.872317	0.0279033	0.0592727	0.0150395	0.0254677
1471	0.0262873	0.631038	0.00178665	0.34012	0.000767669
1472	0.0893827	0.58606	0.00607133	0.315878	0.00260867
1473	0.898485	0.00929612	0.0609991	0.00501048	0.0262095
1474	0.849125	0.0555761	0.0576489	0.0128799	0.02477
1475	0.881077	0.0216439	0.0598834	0.0116658	0.0257301
1476	0.000225747	0.811651	1.53339e-05	0.188101	6.58852e-06
1477	2.33108e-08	7.40185e-09	1	1.33179e-09	6.80016e-10
1478	0.73542	0.125502	0.0499656	0.0676438	0.0214687
1479	0.902476	0.008401	0.0612795	0.00151358	0.02633
1480	0.871912	0.0363952	0.0592058	0.00704834	0.025439
1481	0.827555	0.0759584	0.0562548	0.0160612	0.024171
1482	1.81912e-05	0.649766	1.23488e-06	0.350214	5.30591e-07
1483	4.40818e-07	0.649778	2.99269e-08	0.350221	1.28587e-08
1484	0.781781	0.120383	0.0532376	0.0217241	0.0228746
1485	0.109384	0.571806	0.00742504	0.308195	0.00319032
1486	2.54808e-06	0.649777	1.73282e-07	0.35022	7.4454e-08
1487	0.900041	0.00784344	0.0614742	0.0042275	0.0264136
1488	0.000447791	0.000315837	3.04098e-05	0.999193	1.30662e-05
1489	0.243462	0.616078	0.016572	0.116767	0.00712048
1490	0.888088	0.0217521	0.0603277	0.00391077	0.025921
1491	0.88343	0.0199471	0.0600642	0.0107512	0.0258078
1492	0.0522009	0.612543	0.0035699	0.330152	0.00153388
1493	1.32541e-05	0.649769	8.99752e-07	0.350216	3.86597e-07
1494	1.10897e-07	0.649778	7.53533e-09	0.350221	3.23771e-09
1495	0.00416235	0.843754	0.000282668	0.151679	0.000121454
1496	0.791325	0.0853831	0.0540487	0.0460203	0.0232231
1497	0.00121059	0.648916	8.21991e-05	0.349756	3.53185e-05
1498	0.833473	0.0137801	0.0569993	0.00742729	0.0883203
1499	0.0169458	0.637699	0.00115036	0.343711	0.000494277
1500	0.000452752	0.649456	3.07639e-05	0.350047	1.32183e-05
1501	0.740334	0.159087	0.0503462	0.0286002	0.0216323
1502	0.876859	0.0321884	0.059565	0.00579389	0.0255933
1503	0.853676	0.0412221	0.0579738	0.0222182	0.0249096
1504	7.75434e-06	0.649773	5.26466e-07	0.350218	2.26207e-07
1505	0.85369	0.0412199	0.0579668	0.0222169	0.0249066
1506	0.866315	0.0408405	0.0589006	0.00863561	0.0253079
1507	0.605165	0.28488	0.0410972	0.051199	0.0176583
1508	0.904766	0.00629336	0.0614188	0.001132	0.0263898
1509	9.96435e-06	0.649771	6.76717e-07	0.350218	2.90765e-07
1510	0.00646133	0.64517	0.000441319	0.347738	0.000189622
1511	0.862222	0.0457457	0.0586223	0.00822218	0.0251883
1512	0.0472831	0.616073	0.00321011	0.332055	0.00137929
1513	0.0276758	0.821556	0.00187903	0.148082	0.000807362
1514	0.000842731	0.649178	5.72565e-05	0.349898	2.46014e-05
1515	3.0012e-05	0.649757	2.03887e-06	0.35021	8.76044e-07
1516	0.192872	0.512291	0.013094	0.276117	0.00562609
1517	0.529769	0.272069	0.0360361	0.146641	0.0154837
1518	0.000753866	0.649241	5.11781e-05	0.349932	2.19897e-05
1519	0.00012007	0.649693	8.15076e-06	0.350175	3.50214e-06
1520	4.46812e-05	0.649747	3.03336e-06	0.350204	1.30334e-06
1521	0.695569	0.200834	0.047219	0.0360895	0.0202886
1522	0.00741709	0.000792596	0.000504397	0.000146647	0.991139
1523	3.07196e-07	0.649778	2.09442e-08	0.350221	8.99909e-09
1524	0.180632	0.521014	0.0122643	0.280819	0.00526962
1525	0.804166	0.0764172	0.054718	0.0411878	0.0235107
1526	0.00584177	0.645614	0.00039694	0.347977	0.000170553
1527	0.0402772	0.621065	0.0027365	0.334745	0.00117579
1528	0.0962559	0.749291	0.00653611	0.145109	0.00280837
1529	0.75039	0.114834	0.050978	0.0618942	0.0219037
1530	0.849331	0.0567704	0.0577258	0.0113696	0.0248031
1531	0.832391	0.0564117	0.0565112	0.0304051	0.0242812
1532	0.172016	0.527133	0.0117045	0.284117	0.00502909
1533	0.151275	0.541943	0.0102699	0.2921	0.00441266
1534	1.28557e-05	8.1066e-07	0.999986	1.46408e-07	3.75226e-07
1535	0.876632	0.0248664	0.0595231	0.0134026	0.0255753
1536	0.84897	0.0440016	0.0582736	0.0237162	0.0250385
1537	0.890887	0.0191887	0.060486	0.00344918	0.0259891
1538	4.3945e-05	0.846481	2.98307e-06	0.153471	1.28174e-06
1539	0.890271	0.0151499	0.0604432	0.00816557	0.0259707
1540	1.44231e-07	3.15435e-08	1	5.66904e-09	4.20695e-09
1541	0.870594	0.0380551	0.0591082	0.006846	0.0253971
1542	0.0090558	0.643323	0.000615013	0.346742	0.000264253
1543	2.02055e-08	3.75501e-09	1	2.0239e-09	5.89537e-10
1544	2.39261e-05	0.649762	1.62406e-06	0.350212	6.9781e-07
1545	2.67213e-05	0.84687	1.81412e-06	0.153101	7.79473e-07
1546	0.879113	0.0231037	0.0596857	0.0124526	0.0256452
1547	0.00237081	0.843696	0.000161038	0.153703	6.91932e-05
1548	0.907073	0.00238469	0.062432	0.00128531	0.0268252
1549	3.93021e-08	6.74244e-09	2.66783e-09	3.63408e-09	1
1550	0.762598	0.134868	0.0517719	0.0285174	0.0222448
1551	0.308804	0.429647	0.0209668	0.231573	0.00900881
1552	0.876126	0.0252412	0.0594743	0.0136047	0.0255543
1553	0.8932	0.016925	0.0607074	0.00308336	0.0260842
1554	0.380625	0.378306	0.0259972	0.203902	0.0111702
1555	0.88829	0.0163262	0.0605623	0.00879957	0.0260218
1556	0.000843843	0.000128053	5.72847e-05	6.90186e-05	0.998902
1557	0.14321	0.547692	0.00972236	0.295198	0.00417741
1558	0.00185543	0.648451	0.000130974	0.349506	5.62757e-05
1559	0.855638	0.0397349	0.0582025	0.0214166	0.0250079
1560	0.191392	0.513325	0.0130156	0.276675	0.0055924
1561	0.797718	0.0811212	0.0541648	0.0437232	0.023273
1562	0.902443	0.00841472	0.0612913	0.0015155	0.0263351
1563	0.767565	0.128214	0.0521151	0.0297138	0.0223923
1564	0.0280311	0.629795	0.00190517	0.33945	0.000818593
1565	1.63146e-06	0.649777	1.10825e-07	0.350221	4.76181e-08
1566	1.05396e-06	7.75184e-07	7.15509e-08	0.999998	3.07433e-08
1567	0.881707	0.0212026	0.059918	0.0114279	0.025745
1568	0.400257	0.43992	0.0271727	0.120975	0.0116753
1569	6.67385e-05	0.845359	4.53055e-06	0.154568	1.94664e-06
1570	0.000240781	0.649607	1.63486e-05	0.350129	7.02449e-06
1571	6.37239e-05	0.649733	4.32737e-06	0.350197	1.85934e-06
1572	0.860516	0.0438744	0.058436	0.0120651	0.0251082
1573	0.869072	0.0302543	0.0590113	0.0163066	0.0253554
1574	0.0001361	4.79489e-05	9.24524e-06	8.76713e-06	0.999798
1575	0.000222437	0.64962	1.51353e-05	0.350136	6.50319e-06
1576	0.875645	0.0255774	0.0594485	0.0137859	0.0255433
1577	0.000177049	0.847472	1.20235e-05	0.152333	5.16615e-06
1578	2.39314e-07	0.649778	1.62467e-08	0.350221	6.98074e-09
1579	0.903103	0.00601126	0.0613047	0.00323998	0.0263408
1580	0.199232	0.507754	0.0135282	0.273672	0.00581266
1581	0.000176215	0.649653	1.19635e-05	0.350154	5.14034e-06
1582	0.00378889	0.647077	0.000257606	0.348765	0.000110686
1583	0.0690781	0.600536	0.00468979	0.323681	0.00201506
1584	0.809383	0.0726311	0.0551825	0.0391471	0.023656
1585	1.7423e-07	0.649778	1.18321e-08	0.350221	5.08389e-09
1586	0.000593468	0.649355	4.03498e-05	0.349993	1.73371e-05
1587	0.449735	0.329188	0.0305309	0.177428	0.0131182
1588	0.000880643	0.843956	5.99436e-05	0.155078	2.5756e-05
1589	0.319279	0.422152	0.0217077	0.227534	0.00932717
1590	1.78018e-05	0.649766	1.20911e-06	0.350215	5.1952e-07
1591	0.190758	0.513782	0.0129672	0.276921	0.00557162
1592	0.00972612	0.0569882	0.000660877	0.0307159	0.901909
1593	0.00654697	0.645111	0.00044534	0.347706	0.000191349
1594	0.617201	0.209804	0.0419068	0.113082	0.0180061
1595	0.749788	0.115301	0.0508963	0.0621457	0.0218686
1596	4.65243e-07	3.42057e-08	0.999999	1.84364e-08	1.35696e-08
1597	0.000761943	0.649235	5.17518e-05	0.349929	2.22362e-05
1598	0.819976	0.014355	0.139171	0.00258043	0.0239181
1599	9.51513e-06	0.847449	6.48305e-07	0.15254	2.78558e-07
1600	0.701118	0.14994	0.0476523	0.0808154	0.0204748
1601	0.259091	0.465077	0.0176	0.25067	0.0075622
1602	0.903372	0.00579353	0.0613513	0.00312263	0.0263609
1603	0.827279	0.0769827	0.0561811	0.0154176	0.0241394
1604	9.28623e-07	1.83249e-08	0.999999	5.03921e-09	2.70921e-08
1605	1.71957e-06	0.649777	1.16736e-07	0.350221	5.0158e-08
1606	0.000535744	0.846988	3.63681e-05	0.152424	1.56288e-05
1607	0.90365	0.00559193	0.0613733	0.00301397	0.0263703
1608	2.68294e-05	0.845871	1.82148e-06	0.154099	7.82634e-07
1609	0.00158978	0.648645	0.000108174	0.34961	4.64791e-05
1610	0.0323696	0.817451	0.00219834	0.147037	0.000944562
1611	0.000128181	0.649687	8.72181e-06	0.350172	3.7475e-06
1612	0.0313447	0.627435	0.00212764	0.338179	0.000914184
1613	0.000169135	0.00051643	1.14805e-05	0.000278348	0.999025
1614	0.00189049	0.845889	0.000128375	0.152037	5.51588e-05
1615	0.776574	0.0962052	0.0527171	0.0518532	0.022651
1616	7.85153e-05	0.649723	5.33282e-06	0.350191	2.29136e-06
1617	0.686471	0.160422	0.0466138	0.086465	0.0200286
1618	2.10645e-05	0.649764	1.43008e-06	0.350213	6.14461e-07
1619	4.46538e-29	6.53224e-26	3.03198e-30	1	1.30275e-30
1620	0.00444248	0.646612	0.00030186	0.348514	0.0001297
1621	0.407747	0.375787	0.0276916	0.0702125	0.118562
1622	4.09444e-09	2.95454e-10	2.78019e-10	1	1.19456e-10
1623	0.000256427	0.649596	1.74072e-05	0.350123	7.47936e-06
1624	0.893561	0.0127512	0.0607236	0.00687271	0.0260911
1625	0.270218	0.594336	0.0183507	0.10921	0.00788476
1626	0.0459359	0.617033	0.00311873	0.332572	0.00134003
1627	0.900705	0.00771344	0.0611499	0.00415743	0.0262743
1628	4.40453e-07	0.649778	2.99042e-08	0.350221	1.28489e-08
1629	0.87521	0.0321341	0.0596	0.00744714	0.0256083
1630	1.17998e-05	1.39415e-07	0.999988	7.5143e-08	3.44197e-07
1631	0.387939	0.373236	0.0263393	0.201169	0.0113172
1632	8.53554e-06	0.649772	5.80785e-07	0.350218	2.49546e-07
1633	0.00444869	0.646607	0.000302159	0.348512	0.000129829
1634	0.88008	0.022422	0.0597427	0.0120852	0.0256697
1635	0.802189	0.101611	0.0544714	0.0183246	0.0234048
1636	3.9444e-09	0.649779	2.67867e-10	0.350221	1.15095e-10
1637	0.872477	0.0360023	0.0593878	0.00661547	0.0255172
1638	0.324852	0.418105	0.0221657	0.225353	0.00952396
1639	0.000872506	0.649157	5.92445e-05	0.349886	2.54556e-05
1640	0.00041244	0.649485	2.80637e-05	0.350063	1.20581e-05
1641	0.182545	0.519651	0.0123936	0.280085	0.00532515
1642	0.000162682	0.649663	1.10495e-05	0.350159	4.74765e-06
1643	0.00649586	0.645147	0.00044259	0.347725	0.000190168
1644	1.06994e-06	0.649778	7.26312e-08	0.350221	3.12075e-08
1645	5.84371e-05	0.649737	3.96868e-06	0.350199	1.70523e-06
1646	6.08755e-06	0.649774	4.13448e-07	0.350219	1.77647e-07
1647	0.853297	0.0414183	0.0580282	0.0223239	0.024933
1648	0.801352	0.0779793	0.0550051	0.0420297	0.0236341
1649	0.899134	0.0111124	0.0613508	0.00204193	0.0263606
1650	0.00213468	0.648256	0.000145802	0.349401	6.26468e-05
1651	0.74506	0.118574	0.0506807	0.0639095	0.021776
1652	7.92096e-05	0.847611	5.37832e-06	0.152302	2.3109e-06
1653	0.265614	0.460286	0.018194	0.248088	0.00781742
1654	0.00771822	0.644277	0.000524079	0.347256	0.000225181
1655	0.806384	0.0977304	0.0547737	0.0175769	0.0235346
1656	2.39506e-16	2.08577e-12	1.63027e-17	1	7.00478e-18
1657	0.000436403	0.649467	2.96654e-05	0.350054	1.27464e-05
1658	2.20765e-05	0.649763	1.50098e-06	0.350213	6.44927e-07
1659	0.027851	0.629925	0.00189138	0.33952	0.000812672
1660	0.0231135	0.633302	0.00156927	0.341341	0.000674271
1661	0.823953	0.0624162	0.0559493	0.0336414	0.0240398
1662	6.74576e-06	0.847611	4.58047e-07	0.152381	1.96809e-07
1663	0.173457	0.526128	0.0117787	0.283575	0.00506097
1664	0.875151	0.0258688	0.0594807	0.0139429	0.0255571
1665	6.87149e-27	1.0343e-22	4.66484e-28	1	2.00434e-28
1666	6.82903e-07	5.7203e-08	4.63702e-08	3.08316e-08	0.999999
1667	4.82535e-08	2.64378e-09	1	4.75202e-10	1.40748e-09
1668	0.0965601	0.580946	0.00655517	0.313122	0.00281656
1669	0.798985	0.0802307	0.0542373	0.0432432	0.0233041
1670	0.889287	0.0158489	0.0603785	0.00854232	0.0259429
1671	0.000137632	0.64968	9.34934e-06	0.350169	4.01713e-06
1672	0.801435	0.0781722	0.0547392	0.0421337	0.0235198
1673	1.3635e-06	0.649778	9.25552e-08	0.350221	3.97682e-08
1674	4.46953e-05	0.649747	3.03445e-06	0.350204	1.30382e-06
1675	1.38472e-07	0.649778	9.40183e-09	0.350221	4.03977e-09
1676	1.45012e-09	0.649779	9.84376e-11	0.350221	4.22957e-11
1677	0.00390784	0.646993	0.000265268	0.34872	0.000113978
1678	0.0917458	0.584372	0.00623475	0.314968	0.00267889
1679	0.0190508	0.636198	0.00129365	0.342902	0.000555845
1680	0.149128	0.0271459	0.010144	0.0146313	0.798951
1681	0.606723	0.283087	0.0412433	0.0512423	0.0177045
1682	0.907421	0.00278658	0.062456	0.000501229	0.0268355
1683	0.89493	0.0118198	0.0607689	0.00637071	0.0261106
1684	0.00947952	0.643021	0.000643629	0.346579	0.000276548
1685	8.23659e-05	0.64972	5.59353e-06	0.35019	2.40337e-06
1686	0.866667	0.0414762	0.0588296	0.00774947	0.0252773
1687	0.000101712	0.84756	6.90604e-06	0.152329	2.96732e-06
1688	0.0277873	0.821386	0.00188645	0.14813	0.00081055
1689	0.836561	0.0694285	0.0568776	0.0126945	0.0244386
1690	4.6703e-05	0.649745	3.17072e-06	0.350203	1.36236e-06
1691	0.877194	0.0244785	0.059548	0.0131935	0.025586
1692	0.0270477	0.630497	0.00183711	0.339829	0.00078935
1693	0.13391	0.72189	0.0100183	0.130271	0.00391058
1694	0.845016	0.0618553	0.0573624	0.0111195	0.0246469
1695	0.87435	0.0264903	0.0593714	0.0142779	0.0255101
1696	0.013465	0.640179	0.000915485	0.345047	0.000393357
1697	0.622671	0.205884	0.0423014	0.110968	0.0181756
1698	0.00113252	0.846283	7.86221e-05	0.152472	3.37816e-05
1699	0.0124455	0.640906	0.000845486	0.345439	0.00036328
1700	1.1448e-11	2.78068e-13	7.77162e-13	5.05198e-14	1
1701	5.21233e-05	0.649741	3.54171e-06	0.350201	1.52177e-06
1702	0.679594	0.16529	0.046183	0.0890891	0.0198435
1703	0.886581	0.0177629	0.060211	0.00957395	0.0258709
1704	0.482794	0.319197	0.0983123	0.0574551	0.0422419
1705	0.799948	0.0238432	0.148582	0.00428873	0.0233381
1706	7.54618e-05	0.649725	5.12543e-06	0.350192	2.20225e-06
1707	0.838307	0.0679511	0.0569765	0.0122845	0.0244811
1708	0.0288861	0.629176	0.00197296	0.339117	0.000847723
1709	0.895599	0.0111142	0.0610606	0.00599037	0.0262359
1710	1.30304e-05	1.63092e-07	0.999986	2.96309e-08	3.80474e-07
1711	5.58379e-05	0.649739	3.79107e-06	0.3502	1.62891e-06
1712	0.000590946	0.649357	4.01498e-05	0.349994	1.72512e-05
1713	0.639038	0.25266	0.0439837	0.0454199	0.0188985
1714	0.789122	0.112876	0.0541656	0.0205635	0.0232734
1715	4.24578e-06	8.16038e-06	2.8822e-07	0.999987	1.2384e-07
1716	5.27093e-06	0.649775	3.57801e-07	0.350219	1.53737e-07
1717	0.881039	0.0214971	0.0600679	0.0115866	0.0258094
1718	0.473593	0.312183	0.0321488	0.168262	0.0138134
1719	0.00110154	0.648993	7.48796e-05	0.349798	3.21736e-05
1720	0.00137556	0.648798	9.33854e-05	0.349693	4.01249e-05
1721	1.52942e-07	0.649778	1.03864e-08	0.350221	4.46272e-09
1722	1.7048e-09	0.825459	1.15724e-10	0.174541	4.97231e-11
1723	3.46175e-10	0.649779	7.04923e-11	0.350221	3.02884e-11
1724	0.872937	0.0358838	0.0592594	0.00645763	0.025462
1725	0.287824	0.444596	0.0195493	0.239631	0.00839973
1726	0.846961	0.0599177	0.0575973	0.0107762	0.0247479
1727	0.879187	0.0229455	0.0598043	0.0123673	0.0256961
1728	3.57857e-05	0.784287	2.4295e-06	0.215673	1.04388e-06
1729	0.902556	0.0063997	0.0612696	0.00344935	0.0263257
1730	0.687764	0.15946	0.0467447	0.0859465	0.0200848
1731	0.889636	0.0155619	0.0604433	0.00838767	0.0259707
1732	0.53765	0.266522	0.0364955	0.143652	0.015681
1733	0.866958	0.0412597	0.0589905	0.00744569	0.0253465
1734	0.000689478	0.649287	4.68166e-05	0.349957	2.01157e-05
1735	0.000531351	0.6494	3.60818e-05	0.350017	1.55033e-05
1736	0.904122	0.00528314	0.061376	0.00284753	0.0263714
1737	0.209735	0.500203	0.0143109	0.269602	0.00614896
1738	0.157871	0.537239	0.01072	0.289564	0.00460607
1739	0.889419	0.0157581	0.0603845	0.0084934	0.0259454
1740	7.68433e-06	0.649773	5.21607e-07	0.350218	2.24119e-07
1741	3.89578e-27	6.34601e-22	2.64565e-28	1	1.13676e-28
1742	5.05773e-05	0.649743	3.43371e-06	0.350202	1.47536e-06
1743	5.35376e-08	1.06301e-07	5.7539e-07	0.999999	1.56525e-09
1744	1.65893e-07	0.649778	1.12624e-08	0.350221	4.83911e-09
1745	0.906085	0.00385636	0.0615387	0.00207852	0.0264413
1746	0.305873	0.563187	0.0207633	0.101254	0.00892138
1747	0.879018	0.0302295	0.0596784	0.00543182	0.025642
1748	0.28936	0.443483	0.0196735	0.239031	0.00845313
1749	0.899827	0.0108727	0.0610941	0.00195597	0.0262503
1750	1.11296e-20	2.05793e-17	7.55887e-22	1	3.24782e-22
1751	9.74308e-07	2.95547e-07	6.61356e-08	1.59295e-07	0.999999
1752	1.06692e-12	0.649779	7.24314e-14	0.350221	3.11216e-14
1753	1.81602e-05	0.649766	1.23275e-06	0.350214	5.29676e-07
1754	0.476804	0.403937	0.0323892	0.0729527	0.0139167
1755	0.49421	0.297388	0.0336546	0.160288	0.0144604
1756	0.000271606	0.649585	1.8445e-05	0.350117	7.92527e-06
1757	0.00861348	0.838255	0.000584886	0.152295	0.000251308
1758	3.45784e-07	0.847531	2.34722e-08	0.152468	1.00853e-08
1759	3.0475e-05	0.825431	2.06943e-06	0.174535	8.89171e-07
1760	0.00814732	0.64397	0.000553599	0.347091	0.000237865
1761	0.893531	0.0128056	0.060686	0.00690205	0.026075
1762	0.271324	0.456341	0.0184472	0.245962	0.00792623
1763	3.85131e-06	0.649776	2.61691e-07	0.35022	1.12441e-07
1764	0.860936	0.0359939	0.0585239	0.0194002	0.025146
1765	0.000403723	0.649491	2.75749e-05	0.350066	1.18481e-05
1766	0.859966	0.0364809	0.0586783	0.0196627	0.0252123
1767	0.895317	0.0113821	0.0609692	0.00613478	0.0261967
1768	1.86601e-06	3.53468e-07	1.26689e-07	1.90514e-07	0.999997
1769	8.15685e-11	0.649779	5.53672e-12	0.350221	2.37897e-12
1770	0.640658	0.192997	0.0435923	0.104023	0.0187303
1771	0.104736	0.74899	0.00713227	0.136078	0.00306453
1772	0.875204	0.0258505	0.0594627	0.013933	0.0255494
1773	0.0106677	0.837213	0.00072504	0.151083	0.000311528
1774	0.000554264	0.847063	3.76541e-05	0.152329	1.61788e-05
1775	0.904787	0.00624298	0.0614288	0.00114716	0.0263941
1776	3.63838e-06	0.649776	2.48507e-07	0.35022	1.07992e-07
1777	0.00241633	0.648056	0.000164077	0.349293	7.04991e-05
1778	0.040916	0.620609	0.00278091	0.334499	0.00119487
1779	0.883142	0.0263585	0.0599875	0.0047376	0.0257748
1780	3.1506e-06	0.649776	2.14037e-07	0.35022	9.19654e-08
1781	2.52525e-05	0.649761	1.71478e-06	0.350212	7.36792e-07
1782	0.895896	0.0109695	0.0610086	0.00591241	0.0262136
1783	0.61891	0.272032	0.0420238	0.0489782	0.0180564
1784	0.000298628	0.847272	2.02755e-05	0.152401	8.71176e-06
1785	6.33644e-29	7.75158e-24	4.53733e-30	1	1.94955e-30
1786	0.000334704	0.64954	2.27364e-05	0.350093	9.76916e-06
1787	0.184106	0.518536	0.0125023	0.279484	0.00537186
1788	0.815661	0.0683467	0.0553656	0.0368379	0.0237889
1789	0.00841086	0.643782	0.000571575	0.34699	0.000245589
1790	3.20175e-14	1.89982e-13	2.17393e-15	1	9.34074e-16
1791	0.896432	0.0139113	0.0609113	0.00257388	0.0261718
1792	0.180391	0.0113595	0.0122479	0.00210174	0.7939
1793	0.000175157	4.70591e-05	0.999708	8.45855e-06	6.09896e-05
1794	0.405372	0.360805	0.0275262	0.194469	0.0118272
1795	0.486961	0.394465	0.0330573	0.0713132	0.0142038
1796	0.000175898	0.846088	1.19434e-05	0.153719	5.13174e-06
1797	0.000240172	0.847377	1.63148e-05	0.152359	7.01e-06
1798	0.301037	0.435186	0.0204363	0.234559	0.00878089
1799	0.000751633	0.846196	5.10856e-05	0.152979	2.195e-05
1800	1.34018e-11	0.649779	9.80566e-13	0.350221	4.2132e-13
1801	0.789809	0.0867611	0.0536254	0.046763	0.0230413
1802	1.45949e-06	4.0231e-06	9.9506e-08	0.999994	4.27548e-08
1803	0.241016	0.477967	0.0163669	0.257618	0.00703238
1804	1.08897e-10	4.8179e-07	7.39469e-12	1	3.17728e-12
1805	0.898689	0.00910233	0.0610647	0.00490603	0.0262377
1806	0.0653601	0.782156	0.00443774	0.146139	0.00190677
1807	3.27784e-08	9.26753e-10	2.2254e-09	4.99507e-10	1
1808	0.874963	0.0260659	0.0593996	0.0140492	0.0255222
1809	3.42963e-09	0.649779	2.33039e-10	0.350221	1.0013e-10
1810	0.00466553	0.000892271	0.993824	0.000480921	0.000136783
1811	0.000226078	0.843658	1.53499e-05	0.156094	6.59541e-06
1812	0.00302948	0.647619	0.000205793	0.349057	8.84229e-05
1813	1.51541e-05	0.649768	1.02873e-06	0.350216	4.42016e-07
1814	0.44855	0.330034	0.0304496	0.177884	0.0130833
1815	0.883875	0.0160341	0.0656657	0.00864216	0.0257827
1816	4.52272e-11	0.649779	3.12426e-12	0.350221	1.3424e-12
1817	0.0233374	0.633142	0.00158486	0.341255	0.000680968
1818	0.000344832	0.649533	2.34094e-05	0.350089	1.00583e-05
1819	0.00132027	0.648837	8.97102e-05	0.349714	3.85458e-05
1820	0.900139	0.00812466	0.0611029	0.00437907	0.0262541
1821	0.892173	0.0175493	0.0609368	0.00315816	0.0261827
1822	0.886528	0.0178283	0.0601781	0.00960922	0.0258567
1823	0.606578	0.280093	0.0413286	0.0542432	0.0177577
1824	0.000357072	0.649524	2.42373e-05	0.350084	1.0414e-05
1825	0.000334856	0.64954	2.27313e-05	0.350093	9.76698e-06
1826	1.31406e-10	0.649779	8.91953e-12	0.350221	3.83246e-12
1827	0.000125252	0.649689	8.50318e-06	0.350173	3.65357e-06
1828	9.79864e-05	0.649709	6.65232e-06	0.350184	2.85831e-06
1829	0.909465	0.00191541	0.0617454	0.000344452	0.0265302
1830	0.00224401	0.648179	0.000152355	0.349359	6.54625e-05
1831	0.910135	0.00128828	0.061794	0.000231499	0.026551
1832	0.687257	0.159874	0.0466531	0.08617	0.0200454
1833	0.00135968	0.648809	9.23628e-05	0.349699	3.96855e-05
1834	0.761617	0.106572	0.0520196	0.0574406	0.0223513
1835	0.699391	0.151105	0.0476061	0.0814432	0.0204549
1836	0.000520691	0.649407	3.54095e-05	0.350021	1.52144e-05
1837	0.890717	0.0146871	0.0606293	0.00791616	0.0260506
1838	0.852289	0.050966	0.0578665	0.0140153	0.0248635
1839	6.82164e-08	0.649779	4.63057e-09	0.350221	1.98962e-09
1840	8.01334e-05	0.649721	5.43949e-06	0.350191	2.33719e-06
1841	0.0069642	0.841114	0.000472988	0.151245	0.000203229
1842	0.235927	0.627921	0.0160265	0.11324	0.0068861
1843	0.0186443	0.829155	0.00128325	0.149286	0.00163128
1844	0.884571	0.0192208	0.0600478	0.0103597	0.0258008
1845	0.644508	0.248323	0.0437536	0.0446165	0.0187996
1846	0.848809	0.0446979	0.0576371	0.0240916	0.0247649
1847	0.723977	0.1337	0.0491452	0.0720621	0.0211162
1848	2.30049e-06	2.41109e-07	0.999997	1.29954e-07	6.71125e-08
1849	0.543854	0.262088	0.0369286	0.141262	0.0158671
1850	0.299506	0.436273	0.0203375	0.235145	0.00873843
1851	0.90125	0.00731064	0.0612021	0.00394033	0.0262967
1852	0.815528	0.0890424	0.0555357	0.0160317	0.0238621
1853	0.760368	0.107683	0.0516973	0.0580395	0.0222128
1854	0.823507	0.0626083	0.0560545	0.033745	0.0240849
1855	3.56404e-05	0.847618	2.41933e-06	0.152343	1.03951e-06
1856	0.000154942	4.02681e-05	0.999779	2.17039e-05	4.5191e-06
1857	3.94866e-07	0.649778	2.68213e-08	0.350221	1.15243e-08
1858	0.875347	0.0257944	0.0594237	0.0139028	0.0255326
1859	0.248553	0.615394	0.0169596	0.111806	0.00728703
1860	0.0142338	0.00232696	0.000966362	0.0012542	0.981219
1861	5.30944e-08	0.649779	3.61754e-09	0.350221	1.55435e-09
1862	0.000225078	0.649618	1.52821e-05	0.350135	6.56625e-06
1863	5.35405e-06	9.90574e-08	3.63539e-07	5.33905e-08	0.999994
1864	2.6348e-05	0.64976	1.8867e-06	0.350211	8.10658e-07
1865	0.766967	0.133297	0.0520901	0.0252643	0.0223816
1866	2.39105e-05	0.649762	1.62312e-06	0.350212	6.97405e-07
1867	4.05896e-07	0.649778	2.75626e-08	0.350221	1.18428e-08
1868	0.896745	0.0105225	0.0608962	0.00567147	0.0261653
1869	0.812598	0.0705303	0.0551575	0.0380148	0.0236995
1870	6.45772e-05	0.649733	4.38442e-06	0.350197	1.88385e-06
1871	0.00639835	0.841708	0.000434517	0.151273	0.000186699
1872	1.34967e-06	2.64578e-08	0.999999	1.42604e-08	3.93807e-08
1873	1.04712e-14	0.649779	7.11432e-16	0.350221	9.16177e-16
1874	0.703311	0.148351	0.0478285	0.0799591	0.0205505
1875	0.898	0.00964982	0.0609572	0.00520112	0.0261915
1876	0.73063	0.128941	0.0496139	0.0694975	0.0213176
1877	1.05211e-06	0.649778	7.14269e-08	0.350221	3.069e-08
1878	0.000152113	0.845755	1.03297e-05	0.154078	4.43836e-06
1879	0.346738	0.523754	0.0236018	0.0957649	0.010141
1880	5.84651e-07	0.649778	3.96999e-08	0.350221	1.70579e-08
1881	8.02517e-05	0.649721	5.44814e-06	0.350191	2.3409e-06
1882	0.261942	0.462954	0.0178911	0.249526	0.00768726
1883	0.883285	0.0201365	0.0599615	0.0108533	0.0257637
1884	0.891375	0.014343	0.0605396	0.00773067	0.0260121
1885	2.21817e-05	0.649763	1.50692e-06	0.350213	6.47479e-07
1886	0.895241	0.015064	0.060824	0.00273685	0.0261343
1887	0.0201169	0.635438	0.00136628	0.342492	0.000587049
1888	0.732706	0.127382	0.0498403	0.068657	0.0214149
1889	0.651215	0.185567	0.0442062	0.100018	0.0189941
1890	2.97231e-07	0.649778	2.01794e-08	0.350221	8.67048e-09
1891	0.805562	0.0755135	0.0547145	0.0407007	0.0235092
1892	0.000265921	0.649589	1.80582e-05	0.350119	7.75907e-06
1893	6.17894e-06	0.649774	4.19501e-07	0.350219	1.80247e-07
1894	0.893841	0.012596	0.0606949	0.00678907	0.0260788
1895	2.78819e-06	0.649777	1.89261e-07	0.35022	8.132e-08
1896	0.000137547	0.649681	9.34518e-06	0.350169	4.01535e-06
1897	0.687565	0.208124	0.0466912	0.0375579	0.0200618
1898	0.616003	0.264673	0.0492101	0.04897	0.0211441
1899	0.84136	0.0651519	0.0571118	0.0118369	0.0245393
1900	0.30009	0.435803	0.0204355	0.234892	0.00878052
1901	3.77805e-05	0.649752	2.56687e-06	0.350207	1.10291e-06
1902	0.851856	0.0424757	0.0578974	0.0228938	0.0248768
1903	0.894973	0.0151101	0.060919	0.0028232	0.0261751
1904	1.13095e-06	0.649778	7.68004e-08	0.350221	3.29989e-08
1905	1.92695e-24	3.03836e-25	1.30814e-25	1	5.62068e-26
1906	0.899654	0.0110426	0.0610764	0.00198483	0.0262427
1907	0.0254856	0.631611	0.00173011	0.34043	0.000743377
1908	0.0283316	0.628492	0.00195001	0.338748	0.00247886
1909	0.818183	0.0865473	0.0555686	0.0158246	0.0238762
1910	0.00334978	0.647391	0.000227613	0.348934	9.77984e-05
1911	0.00211698	0.648269	0.000143779	0.349408	6.17776e-05
1912	0.88903	0.0160408	0.0603522	0.00864574	0.0259315
1913	1.72462e-13	4.52908e-14	1.17174e-14	1	5.0346e-15
1914	0.883897	0.0196588	0.0600478	0.0105958	0.0258008
1915	0.00186051	0.648452	0.000126641	0.349506	5.4414e-05
1916	0.458556	0.322885	0.0311455	0.174031	0.0133823
1917	3.80583e-05	0.847635	2.58495e-06	0.152323	1.11068e-06
1918	2.61653e-07	2.8806e-07	1.77771e-08	5.1775e-08	0.999999
1919	0.859445	0.0483037	0.058371	0.00879988	0.0250803
1920	0.519175	0.279688	0.0352458	0.150748	0.0151441
1921	7.53182e-10	0.649779	5.11298e-11	0.350221	2.1969e-11
1922	2.73247e-06	0.649777	1.85616e-07	0.35022	7.97537e-08
1923	0.193192	0.512053	0.0131258	0.275989	0.00563976
1924	0.0102327	0.642484	0.000694628	0.34629	0.000298461
1925	0.0132154	0.640358	0.000897112	0.345144	0.000385462
1926	0.848557	0.0448602	0.0576383	0.024179	0.0247655
1927	0.00119264	0.648928	8.09669e-05	0.349763	3.47891e-05
1928	0.891387	0.0187116	0.060521	0.00337667	0.0260041
1929	0.79179	0.111337	0.0537489	0.0200293	0.0230943
1930	0.893549	0.0162773	0.0606658	0.00344179	0.0260663
1931	0.884584	0.0188676	0.0604185	0.0101694	0.02596
1932	0.900486	0.00936609	0.0612531	0.00257561	0.0263187
1933	0.274588	0.454038	0.0186436	0.24472	0.00801061
1934	0.80424	0.0763931	0.0546921	0.0411748	0.0234996
1935	0.286876	0.445278	0.0194784	0.239998	0.00836928
1936	0.678396	0.166103	0.046146	0.0895273	0.0198276
1937	0.0010891	0.649002	7.39723e-05	0.349803	3.17837e-05
1938	0.00735811	0.644533	0.0004998	0.347394	0.000214749
1939	0.813024	0.0915376	0.0551921	0.016532	0.0237144
1940	1.11018e-05	0.845886	7.53747e-07	0.154102	3.23863e-07
1941	0.897061	0.0102629	0.0609541	0.00553156	0.0261902
1942	0.84571	0.0469216	0.057411	0.0252901	0.0246678
1943	0.494217	0.297465	0.0335658	0.16033	0.0144222
1944	5.73671e-05	0.649738	3.9377e-06	0.350199	1.69191e-06
1945	0.868185	0.0402657	0.0589528	0.00726631	0.0253303
1946	0.0246466	0.824632	0.0016737	0.148328	0.000719141
1947	0.867291	0.0399573	0.0589669	0.00844887	0.0253363
1948	7.59397e-05	0.649724	5.15531e-06	0.350192	2.21509e-06
1949	0.00309891	0.781651	0.000210937	0.214948	9.06333e-05
1950	0.776593	0.123997	0.0527369	0.0240135	0.0226595
1951	0.699751	0.150191	0.0483383	0.0809507	0.0207695
1952	3.43914e-05	0.649754	2.33745e-06	0.350208	1.00433e-06
1953	0.782623	0.118612	0.053358	0.0224809	0.0229264
1954	9.799e-06	5.81565e-07	0.999989	3.13455e-07	2.85823e-07
1955	0.771203	0.100034	0.0523516	0.0539169	0.0224939
1956	0.84207	0.0494806	0.0572018	0.0266693	0.0245779
1957	0.0676576	0.783866	0.00460734	0.14189	0.00197964
1958	0.840608	0.0659309	0.0570802	0.0118554	0.0245257
1959	0.0786181	0.593734	0.00533925	0.320014	0.00229412
1960	0.74929	0.0495503	0.152579	0.0267069	0.0218736
1961	1.70974e-06	6.84698e-08	0.999998	3.69042e-08	4.99861e-08
1962	0.0231442	0.633279	0.00157303	0.341328	0.000675883
1963	0.890849	0.0145015	0.0607367	0.00781608	0.0260968
1964	8.43189e-07	0.649778	5.7242e-08	0.350221	2.45952e-08
1965	0.000170596	0.649657	1.15858e-05	0.350156	4.97808e-06
1966	2.08093e-08	0.649779	1.41286e-09	0.350221	6.07063e-10
1967	0.0219581	0.634123	0.00149364	0.341783	0.000641773
1968	0.00877863	0.643518	0.000598514	0.346847	0.000257164
1969	0.880593	0.0220029	0.0598351	0.0118593	0.0257094
1970	0.601744	0.287261	0.0408983	0.0525237	0.0175728
1971	2.29987e-06	0.84477	1.56169e-07	0.155228	6.71012e-08
1972	9.17217e-08	0.842573	6.24938e-09	0.157427	2.68517e-09
1973	1.16871e-10	0.649779	7.94124e-12	0.350221	3.41212e-12
1974	0.0123768	0.640956	0.000840347	0.345466	0.000361072
1975	0.535692	0.348574	0.0363717	0.0637344	0.0156279
1976	0.000312546	0.649556	2.12252e-05	0.350101	9.11984e-06
1977	5.78749e-07	0.847642	3.92937e-08	0.152358	1.68833e-08
1978	0.0755196	0.59594	0.00513207	0.321203	0.0022051
1979	8.6993e-10	0.649779	5.91353e-11	0.350221	2.54087e-11
1980	0.901505	0.00711822	0.061231	0.00383662	0.0263091
1981	1.53169e-05	0.842559	1.0399e-06	0.157425	4.46813e-07
1982	1.10375e-09	1.0925e-11	1	1.9635e-12	3.21947e-11
1983	2.74007e-07	0.649778	1.86119e-08	0.350221	7.997e-09
1984	0.588941	0.29994	0.0400136	0.0539122	0.0171926
1985	0.555534	0.253742	0.0377438	0.136763	0.0162174
1986	0.905156	0.00454481	0.0614473	0.00244959	0.0264021
1987	0.534217	0.350861	0.0362807	0.063053	0.0155887
1988	0.875071	0.0259783	0.0594186	0.014002	0.0255304
1989	0.0150101	0.000780618	0.983351	0.000420742	0.000437838
1990	3.2832e-06	0.649776	2.22956e-07	0.35022	9.57974e-08
1991	0.750822	0.114548	0.0509835	0.0617399	0.0219061
1992	0.854136	0.04091	0.0579883	0.0220499	0.0249158
1993	0.00663191	0.645051	0.000450217	0.347673	0.000193445
1994	0.77014	0.131333	0.0523085	0.0237431	0.0224754
1995	0.0898938	0.585698	0.00610338	0.315683	0.00262244
1996	9.85672e-06	0.649772	6.69051e-07	0.350218	2.87471e-07
1997	0.00247756	0.843952	0.00016818	0.15333	7.2262e-05
1998	0.899985	0.0082305	0.0610967	0.00443612	0.0262515
1999	3.67317e-07	0.847565	2.49338e-08	0.152435	1.07133e-08
2000	0.710802	0.143078	0.0482646	0.0771171	0.0207379
2001	3.80471e-05	1.13386e-05	2.58322e-06	2.03869e-06	0.999946
2002	0.0256954	0.000516133	0.97276	0.000278188	0.000750113
2003	0.873096	0.0267869	0.0599296	0.0144378	0.02575
2004	0.00246751	0.64802	0.000167578	0.349273	7.20031e-05
2005	3.6951e-08	0.649779	2.50845e-09	0.350221	1.07781e-09
2006	0.874323	0.034597	0.0593503	0.00622903	0.0255011
2007	0.457926	0.32334	0.0310968	0.174276	0.0133614
2008	0.893201	0.0129535	0.0607576	0.00698178	0.0261057
2009	1.4851e-05	0.649768	1.01434e-06	0.350216	4.35833e-07
2010	0.484916	0.395648	0.0329403	0.0723416	0.0141535
2011	0.869552	0.0298936	0.0590644	0.0161122	0.0253782
2012	0.653495	0.183913	0.0443919	0.0991264	0.0190739
2013	0.898171	0.00941019	0.0610957	0.00507196	0.026251
2014	0.000380326	0.649507	2.58272e-05	0.350075	1.10972e-05
2015	0.76111	0.107225	0.0516714	0.0577925	0.0222017
2016	3.90812e-09	0.649779	2.65289e-10	0.350221	1.13987e-10
2017	0.749512	0.115487	0.0508894	0.0622458	0.0218657
2018	0.837267	0.0690294	0.0568647	0.0124055	0.0244331
2019	0.10482	0.575055	0.00711946	0.309947	0.00305902
2020	0.00014054	3.77907e-06	0.99985	2.03687e-06	4.10758e-06
2021	0.00220771	0.648205	0.000150029	0.349373	6.44631e-05
2022	1.40301e-06	5.35251e-08	0.999998	1.24045e-08	4.09214e-08
2023	0.000171003	0.649657	1.16083e-05	0.350156	4.98772e-06
2024	0.000109161	0.649701	7.41222e-06	0.350179	3.18481e-06
2025	1.21648e-06	0.649778	8.25753e-08	0.350221	3.54802e-08
2026	0.881373	0.0214979	0.0598332	0.011587	0.0257086
2027	0.0124134	0.640929	0.000843388	0.345452	0.000362379
2028	0.701564	0.195177	0.0476386	0.0351516	0.0204689
2029	0.20928	0.652908	0.0142591	0.117426	0.00612673
2030	0.00105645	0.649025	7.17254e-05	0.349816	3.08183e-05
2031	0.821461	0.0634877	0.0565395	0.034219	0.0242933
2032	5.99184e-06	0.649774	4.29057e-07	0.350219	1.84353e-07
2033	3.64571e-06	0.649776	2.47488e-07	0.35022	1.06338e-07
2034	0.719457	0.136723	0.0490515	0.0736919	0.021076
2035	0.0814069	0.591746	0.0055284	0.318943	0.00237539
2036	0.851975	0.0424348	0.0578583	0.0228718	0.02486
2037	0.27821	0.451432	0.0189155	0.243315	0.00812741
2038	4.87424e-07	1.87199e-08	0.999999	1.00897e-08	1.4224e-08
2039	0.863809	0.0339741	0.0586885	0.0183116	0.0252167
2040	0.0095939	0.64294	0.000651265	0.346535	0.000279829
2041	0.000205725	0.649632	1.39749e-05	0.350142	6.0046e-06
2042	0.000895524	0.64914	6.07999e-05	0.349877	2.61239e-05
2043	0.320045	0.421608	0.0217264	0.227241	0.00937979
2044	0.906129	0.0049578	0.0615199	0.000960136	0.0264333
2045	0.83451	0.0713319	0.0568284	0.012912	0.0244175
2046	8.0123e-05	0.847596	5.43899e-06	0.152316	2.33697e-06
2047	0.00254301	0.647965	0.000173911	0.349244	7.47243e-05
2048	5.2705e-07	0.649778	3.57778e-08	0.350221	1.53727e-08
2049	0.892698	0.0134274	0.0605993	0.00723718	0.0260377
2050	3.16156e-05	0.846995	2.14645e-06	0.152971	9.22265e-07
2051	0.904582	0.00493052	0.0614336	0.00265748	0.0263962
2052	3.24896e-07	7.26005e-09	1	1.30802e-09	9.47674e-09
2053	0.899759	0.0109389	0.0610874	0.00196697	0.0262475
2054	0.00348337	0.647295	0.000236608	0.348883	0.000101664
2055	2.6119e-09	0.649779	1.77583e-10	0.350221	7.63019e-11
2056	0.000154127	0.649663	1.05013e-05	0.350159	1.34853e-05
2057	0.874532	0.0343057	0.0593928	0.00624976	0.0255193
2058	7.50332e-07	0.84767	5.09386e-08	0.152329	2.18868e-08
2059	0.900462	0.0102878	0.0611342	0.00184865	0.0262676
2060	0.835048	0.0542938	0.0569323	0.0292636	0.0244621
2061	8.13469e-07	0.649778	5.52217e-08	0.350221	2.37271e-08
2062	0.379176	0.379488	0.0257384	0.204539	0.011059
2063	0.0498559	0.797709	0.00338729	0.147593	0.00145542
2064	6.37033e-08	3.45184e-09	1	6.21076e-10	1.85862e-09
2065	0.0016231	0.648621	0.000110287	0.349598	4.73873e-05
2066	2.30692e-06	5.21218e-08	1.56609e-07	2.80929e-08	0.999997
2067	0.521914	0.35283	0.0354278	0.0746051	0.0152223
2068	7.41207e-07	0.846521	5.03207e-08	0.153478	2.16213e-08
2069	1.5079e-05	0.649768	1.02403e-06	0.350216	4.39994e-07
2070	0.880668	0.0286462	0.0598157	0.00516947	0.025701
2071	1.14577e-06	0.649778	7.78267e-08	0.350221	3.34398e-08
2072	0.824941	0.074432	0.0560681	0.0204682	0.0240908
2073	0.000460804	0.64945	3.12823e-05	0.350044	1.34411e-05
2074	0.000371608	0.649514	2.52656e-05	0.350079	1.08559e-05
2075	0.813227	0.0700675	0.0552155	0.0377654	0.0237244
2076	0.00132934	0.648831	9.02767e-05	0.349711	3.88344e-05
2077	5.09432e-09	0.649779	3.45794e-10	0.350221	1.48577e-10
2078	0.807815	0.0739207	0.0548534	0.0398422	0.0235689
2079	0.867642	0.0312725	0.0589159	0.0168554	0.0253144
2080	0.0166404	0.0109875	0.00113163	0.00592213	0.965318
2081	0.00010957	0.6497	7.43947e-06	0.350179	3.19652e-06
2082	0.000238578	0.649608	1.62044e-05	0.35013	6.96257e-06
2083	0.000109747	0.6497	7.49589e-06	0.350179	3.22076e-06
2084	0.907495	0.00285858	0.0616263	0.00154073	0.026479
2085	0.880597	0.0286574	0.0598604	0.00516537	0.0257202
2086	0.824429	0.0620917	0.055966	0.0334666	0.0240469
2087	0.852141	0.0423013	0.0578859	0.0227998	0.0248718
2088	0.00013521	0.649682	9.18013e-06	0.350169	3.94443e-06
2089	0.000618103	0.649338	4.1957e-05	0.349984	1.80277e-05
2090	0.82274	0.0823887	0.0559108	0.0149374	0.0240232
2091	0.000154324	0.649669	1.04832e-05	0.350162	4.50433e-06
2092	0.00160862	0.648632	0.000109253	0.349603	4.69426e-05
2093	0.000738692	0.649252	5.01833e-05	0.349938	2.15623e-05
2094	0.590865	0.228541	0.0401588	0.12318	0.0172551
2095	0.000197171	0.649638	1.3386e-05	0.350146	5.75156e-06
2096	1.60458e-09	0.649779	1.0991e-10	0.350221	1.40392e-10
2097	0.8573	0.0502992	0.0582524	0.00911946	0.0250293
2098	4.2888e-09	0.649779	2.9119e-10	0.350221	1.25116e-10
2099	0.000427062	0.649474	2.899e-05	0.350057	1.24561e-05
2100	9.92021e-11	0.649779	6.73453e-12	0.350221	2.89363e-12
2101	1.19352e-05	0.811841	8.15195e-07	0.188146	3.50265e-07
2102	0.0039181	0.837052	0.000266262	0.158649	0.000114405
2103	0.00520306	0.77984	0.000354032	0.21445	0.000152117
2104	0.000716119	0.649268	4.86888e-05	0.349946	2.09201e-05
2105	2.4833e-06	0.847508	1.6863e-07	0.152489	7.24553e-08
2106	5.21604e-12	1.68588e-13	1	9.08664e-14	1.52136e-13
2107	0.003064	0.647594	0.000207998	0.349044	8.93707e-05
2108	0.879587	0.0222715	0.0602498	0.012004	0.0258875
2109	0.06338	0.604597	0.00430459	0.325869	0.00184955
2110	0.754027	0.144675	0.0512566	0.028018	0.0220234
2111	4.09075e-06	0.649776	2.78078e-07	0.35022	1.19482e-07
2112	0.844016	0.0627142	0.0573385	0.0112949	0.0246367
2113	2.77046e-06	0.649777	1.88249e-07	0.35022	8.08849e-08
2114	0.901115	0.007294	0.0613147	0.00393136	0.0263451
2115	0.892891	0.0164616	0.0612884	0.00302485	0.0263338
2116	3.53758e-10	0.847549	2.40124e-11	0.152451	1.03174e-11
2117	0.885785	0.0183489	0.060137	0.00988979	0.0258391
2118	0.000828959	0.649115	0.000168803	0.349864	2.4212e-05
2119	0.866412	0.0321477	0.0588342	0.0173271	0.0252793
2120	0.903972	0.00618747	0.062049	0.00113134	0.0266606
2121	7.14541e-09	0.649779	4.85048e-10	0.350221	2.08411e-10
2122	1.54116e-25	5.62069e-27	1.04644e-26	1	4.49625e-27
2123	8.93425e-08	0.649779	6.07143e-09	0.350221	2.61298e-09
2124	0.591805	0.297153	0.0402227	0.053537	0.0172825
2125	3.53401e-08	0.649779	2.39917e-09	0.350221	1.03085e-09
2126	0.627138	0.202722	0.0425806	0.109264	0.0182956
2127	0.0163676	0.63811	0.00111216	0.343932	0.000477862
2128	0.000497634	0.649424	3.38729e-05	0.35003	1.45542e-05
2129	4.78703e-17	4.6228e-09	3.2497e-18	1	1.3963e-18
2130	0.865804	0.0325617	0.0588139	0.0175503	0.0252706
2131	0.901222	0.00956533	0.0611981	0.00171953	0.026295
2132	2.84419e-17	2.96666e-15	1.93418e-18	1	8.31061e-19
2133	0.902627	0.00634104	0.0612831	0.00341773	0.0263315
2134	0.89572	0.0147085	0.0608031	0.00264321	0.0261253
2135	0.901085	0.00734758	0.061278	0.00396024	0.0263294
2136	0.000587316	0.64936	3.98777e-05	0.349996	1.71343e-05
2137	5.10825e-24	8.09617e-16	3.46759e-25	1	1.48992e-25
2138	0.000249393	0.847308	6.20785e-05	0.152373	7.27373e-06
2139	3.97917e-06	3.76111e-07	2.71118e-07	2.02718e-07	0.999995
2140	0.890255	0.0197838	0.0604372	0.003556	0.0259681
2141	0.743362	0.119881	0.0504609	0.0646143	0.0216816
2142	0.880962	0.0284122	0.0598157	0.00510942	0.025701
2143	0.85492	0.0402727	0.0581259	0.0217064	0.024975
2144	0.194433	0.66621	0.0133825	0.120224	0.00575005
2145	0.80986	0.0724788	0.0549753	0.039065	0.0236212
2146	0.451673	0.327795	0.0306748	0.176677	0.01318
2147	4.26282e-05	5.21634e-07	0.999955	2.81153e-07	1.24876e-06
2148	2.89051e-05	0.649758	1.96209e-06	0.35021	8.43053e-07
2149	0.00129645	0.648854	8.80337e-05	0.349723	3.78255e-05
2150	0.898191	0.0123676	0.0610059	0.00222284	0.0262124
2151	1.12437e-07	0.847128	7.6335e-09	0.152872	3.27989e-09
2152	0.000150288	0.649671	1.0202e-05	0.350164	4.38351e-06
2153	0.786654	0.0890093	0.0534124	0.0479747	0.0229497
2154	0.126785	0.72975	0.00860739	0.131159	0.00369834
2155	6.23689e-08	2.6856e-09	1	4.82573e-10	1.81938e-09
2156	2.84195e-05	0.649758	1.92939e-06	0.350211	8.29001e-07
2157	0.888938	0.0160469	0.0604094	0.00864906	0.0259561
2158	0.00175674	0.648526	0.000119301	0.349546	5.12603e-05
2159	4.89435e-06	0.649775	3.32366e-07	0.35022	1.42808e-07
2160	0.85983	0.0480809	0.0583684	0.00864116	0.0250792
2161	0.00302734	0.000286981	0.99654	5.74746e-05	8.83213e-05
2162	0.496275	0.295965	0.0337417	0.159521	0.0144978
2163	0.550257	0.2575	0.0373892	0.138789	0.016065
2164	0.000182758	0.649648	1.24118e-05	0.350151	5.33298e-06
2165	0.404692	0.471139	0.0274785	0.0848834	0.0118067
2166	2.4753e-07	0.649778	1.68025e-08	0.350221	7.21955e-09
2167	0.346781	0.402444	0.0236857	0.216912	0.010177
2168	0.000470769	0.649443	3.19562e-05	0.350041	1.37306e-05
2169	0.0574661	0.000606445	0.939924	0.000326865	0.00167651
2170	0.824159	0.081231	0.0559488	0.0146215	0.0240395
2171	0.28193	0.448809	0.0191369	0.241902	0.00822258
2172	6.60909e-05	0.649731	4.48727e-06	0.350196	1.92805e-06
2173	1.61271e-07	6.12641e-09	1	1.11306e-09	4.70446e-09
2174	0.874895	0.0261209	0.0593883	0.0140788	0.0255174
2175	1.16848e-06	0.649778	7.93332e-08	0.350221	3.40871e-08
2176	0.000344821	0.649533	2.34443e-05	0.350089	1.00733e-05
2177	0.888516	0.0163977	0.0603273	0.00883815	0.0259209
2178	0.090152	0.585512	0.00612229	0.315583	0.00263057
2179	0.805277	0.0751784	0.0552745	0.0405201	0.0237498
2180	6.94091e-08	0.649779	4.71174e-09	0.350221	2.02449e-09
2181	0.00958042	0.642948	0.000651249	0.34654	0.000279823
2182	0.332074	0.413057	0.022549	0.222632	0.00968863
2183	0.663719	0.176596	0.0451177	0.0951825	0.0193857
2184	3.94724e-08	0.649779	2.68072e-09	0.350221	1.15183e-09
2185	1.53437e-05	0.649768	1.04181e-06	0.350216	4.47635e-07
2186	0.00100149	0.649063	7.00058e-05	0.349836	3.00794e-05
2187	4.07296e-07	0.649778	2.76698e-08	0.350221	1.18889e-08
2188	0.49996	0.382622	0.0339444	0.0688893	0.0145849
2189	0.853417	0.0413827	0.0579825	0.0223047	0.0249133
2190	0.00216117	0.00633432	0.990298	0.00114308	6.37388e-05
2191	8.2713e-17	2.29715e-16	5.61868e-18	1	2.41418e-18
2192	1.7999e-05	0.847601	1.22177e-06	0.152379	5.2496e-07
2193	0.0104825	0.823562	0.000711874	0.164937	0.000305871
2194	1.46925e-08	0.649779	9.97736e-10	0.350221	4.28698e-10
2195	0.000358011	0.649523	2.43128e-05	0.350084	1.04465e-05
2196	4.78084e-06	6.90927e-08	0.999995	3.724e-08	1.3973e-07
2197	0.181311	0.520526	0.0123156	0.280556	0.00529163
2198	2.63419e-09	0.649779	1.78861e-10	0.350221	7.68512e-11
2199	1.03771e-05	0.649771	7.04412e-07	0.350217	3.02665e-07
2200	0.884849	0.019006	0.0600844	0.0102439	0.0258165
2201	0.00183256	0.648472	0.000124462	0.349517	5.34775e-05
2202	8.07324e-05	0.649721	5.48055e-06	0.35019	2.35483e-06
2203	0.030801	0.627821	0.00209191	0.338387	0.000898832
2204	0.507638	0.287901	0.0344741	0.155174	0.0148125
2205	0.00208888	0.844954	0.000141857	0.152755	6.09518e-05
2206	0.00333652	0.647398	0.00022902	0.348938	9.8403e-05
2207	0.821164	0.0838734	0.0558036	0.0151822	0.0239772
2208	0.242968	0.476578	0.0164971	0.256869	0.00708848
2209	0.883774	0.0257328	0.0600054	0.00470506	0.0257825
2210	3.57575e-05	0.649753	2.42868e-06	0.350208	1.04353e-06
2211	0.860677	0.0186126	0.0855574	0.0100319	0.025121
2212	0.00343545	0.64733	0.000233261	0.348901	0.000100225
2213	1.32785e-09	0.649779	9.01428e-11	0.350221	3.87317e-11
2214	0.00495959	0.646243	0.000336774	0.348316	0.000144702
2215	0.865919	0.0423796	0.0587957	0.00764281	0.0252628
2216	0.724363	0.173637	0.0492195	0.0316328	0.0211481
2217	0.220469	0.49261	0.0149764	0.26551	0.00643493
2218	0.827878	0.0596247	0.0562091	0.0321369	0.0241514
2219	0.909512	0.00188529	0.0617374	0.000338835	0.0265267
2220	1.01708e-07	0.844772	6.90422e-09	0.155228	2.96654e-09
2221	0.861998	0.0352146	0.0586199	0.0189802	0.0251873
2222	0.875965	0.0252692	0.0595567	0.0136197	0.0255897
2223	0.776502	0.0961018	0.0528782	0.0517975	0.0227202
2224	0.000972514	0.649085	6.6081e-05	0.349848	2.83931e-05
2225	2.18543e-12	0.649779	1.48344e-13	0.350221	6.37392e-14
2226	0.842255	0.0493845	0.0571765	0.0266175	0.024567
2227	0.00154467	0.648677	0.000104878	0.349628	4.50628e-05
2228	4.64978e-07	0.847128	3.15665e-08	0.152872	1.35632e-08
2229	1.19169e-05	0.64977	8.10861e-07	0.350217	3.48403e-07
2230	0.00240612	0.648026	0.000163371	0.349277	0.000127176
2231	0.000495366	0.846821	0.000100872	0.152569	1.44782e-05
2232	4.76849e-09	0.649779	3.23716e-10	0.350221	1.39091e-10
2233	0.907106	0.00314881	0.0615862	0.00169716	0.0264618
2234	0.754887	0.11158	0.0513359	0.0601399	0.0220575
2235	0.891186	0.0173494	0.060639	0.00477096	0.0260548
2236	1.14386e-06	0.649778	7.7655e-08	0.350221	3.3366e-08
2237	3.46462e-05	0.649754	2.35203e-06	0.350208	1.0106e-06
2238	0.815137	0.0686906	0.0553617	0.0370232	0.0237873
2239	0.00622638	0.838103	0.000422793	0.155066	0.000181662
2240	0.868131	0.0308928	0.0589822	0.0166508	0.0253429
2241	0.000144242	0.649676	9.79703e-06	0.350166	4.20949e-06
2242	0.000858236	0.649167	5.83099e-05	0.349892	2.5054e-05
2243	0.876209	0.0314347	0.059504	0.00728504	0.0255671
2244	0.584249	0.233263	0.0397037	0.125725	0.0170595
2245	0.000364166	0.649519	2.47282e-05	0.350082	1.0625e-05
2246	9.30672e-06	0.846722	6.31862e-07	0.153268	2.71492e-07
2247	0.112355	0.569683	0.00763128	0.307051	0.00327893
2248	0.428325	0.448734	0.0294808	0.0807926	0.012667
2249	0.868387	0.0306816	0.0590305	0.016537	0.0253636
2250	0.88275	0.0266524	0.0599437	0.00489742	0.0257561
2251	0.0350466	0.815019	0.00238054	0.146531	0.00102285
2252	0.637912	0.253893	0.0433251	0.0462538	0.0186155
2253	0.00232166	0.648124	0.000157637	0.349329	6.77318e-05
2254	0.845336	0.0615178	0.0574127	0.0110653	0.0246685
2255	0.873761	0.0268964	0.0593466	0.0144968	0.0254995
2256	5.90006e-09	0.649779	4.00562e-10	0.350221	1.7211e-10
2257	4.26316e-07	0.649778	2.89467e-08	0.350221	1.24376e-08
2258	0.514087	0.283117	0.035113	0.152596	0.015087
2259	0.686391	0.209344	0.0466177	0.0376168	0.0200302
2260	0.681845	0.163719	0.0462997	0.0882422	0.0198936
2261	0.671794	0.222536	0.0457721	0.040231	0.0196669
2262	1.24628e-07	3.48523e-06	8.46104e-09	0.999996	3.63546e-09
2263	0.883702	0.0198151	0.0600155	0.0106801	0.0257869
2264	9.91675e-20	8.41304e-20	6.73302e-21	1	2.89298e-21
2265	0.880935	0.021796	0.0598186	0.0117477	0.0257023
2266	7.03138e-08	0.649779	4.77309e-09	0.350221	2.05086e-09
2267	0.00820244	0.643931	0.000557411	0.34707	0.000239503
2268	0.00138804	0.648789	9.42242e-05	0.349688	4.04853e-05
2269	0.627021	0.264541	0.0425687	0.047578	0.0182905
2270	0.00699485	0.644792	0.000474816	0.347534	0.000204014
2271	0.00113232	0.648971	7.69243e-05	0.349786	3.30521e-05
2272	1.65892e-10	0.649779	1.12612e-11	0.350221	4.8386e-12
2273	0.110115	0.57128	0.00747958	0.307912	0.00321375
2274	0.89306	0.0131585	0.0606358	0.00709222	0.0260534
2275	0.891303	0.0173504	0.0605565	0.00477123	0.0260193
2276	5.67841e-07	0.847531	3.85496e-08	0.152468	1.65636e-08
2277	0.0304459	0.628076	0.00206663	0.338524	0.000887968
2278	0.417756	0.0758365	0.480498	0.0136964	0.0122136
2279	0.858947	0.0373396	0.0584668	0.0201255	0.0251214
2280	0.711073	0.186396	0.0482744	0.0335142	0.0207421
2281	0.552715	0.255523	0.0377989	0.137723	0.0162411
2282	0.000418885	0.64948	2.84481e-05	0.35006	1.22233e-05
2283	0.000299788	0.649553	2.03825e-05	0.3501	2.62298e-05
2284	0.304627	0.432627	0.0206802	0.23318	0.00888568
2285	0.0700202	0.599862	0.00475685	0.323317	0.00204388
2286	0.691196	0.157054	0.0469333	0.0846501	0.0201658
2287	1.95762e-07	0.847511	1.32902e-08	0.152489	5.7104e-09
2288	0.0130773	0.800203	0.000889124	0.185448	0.00038203
2289	0.00130419	0.648799	8.93341e-05	0.349693	0.00011411
2290	2.0312e-06	0.649777	1.37878e-07	0.350221	5.9242e-08
2291	0.119237	0.564778	0.00809749	0.304408	0.00347925
2292	0.000426424	0.649475	2.89497e-05	0.350058	1.24388e-05
2293	2.78892e-10	4.07075e-07	1.89348e-11	1	8.13573e-12
2294	0.000417246	0.649481	2.84011e-05	0.350061	1.22031e-05
2295	0.859544	0.0370645	0.0583449	0.0199772	0.0250691
2296	1.12572e-25	1.0343e-22	7.67496e-27	1	3.2977e-27
2297	0.0233892	0.825164	0.00158764	0.149177	0.000682161
2298	1.1735e-05	0.8475	7.9697e-07	0.152487	3.42435e-07
2299	0.89661	0.01057	0.0609392	0.00569709	0.0261838
2300	0.501833	0.00469632	0.4763	0.00253125	0.0146395
2301	0.905226	0.00528709	0.0615756	0.00145391	0.0264572
2302	0.884579	0.0247681	0.0601711	0.00462771	0.0258537
2303	0.0880911	0.586981	0.00598233	0.316375	0.00257043
2304	0.720971	0.177097	0.0489794	0.031907	0.021045
2305	0.698063	0.152169	0.0473897	0.0820167	0.020362
2306	0.843188	0.063337	0.0572415	0.0116383	0.024595
2307	0.776574	0.0961049	0.0528244	0.0517992	0.0226971
2308	0.90503	0.00559302	0.0614397	0.00153804	0.0263988
2309	7.02934e-07	0.649778	4.7719e-08	0.350221	2.05034e-08
2310	0.745796	0.118061	0.0507176	0.0636333	0.0217919
2311	0.139135	0.550588	0.00945519	0.296759	0.00406262
2312	4.38365e-05	0.649747	2.9794e-06	0.350205	1.28016e-06
2313	0.000964762	0.64909	6.58947e-05	0.349851	2.8313e-05
2314	3.81782e-06	0.840662	2.59283e-07	0.159334	1.11406e-07
2315	0.191187	0.513484	0.0129883	0.27676	0.0055807
2316	0.86362	0.0341257	0.0586578	0.0183933	0.0252035
2317	1.52569e-08	0.847511	1.0361e-09	0.152489	4.45183e-10
2318	0.297854	0.437455	0.0202204	0.235782	0.00868811
2319	9.664e-05	0.64971	6.56655e-06	0.350184	2.82145e-06
2320	0.816474	0.0677478	0.0554414	0.0365151	0.0238215
2321	1.06781e-06	0.649778	7.24938e-08	0.350221	3.11484e-08
2322	0.844916	0.0619066	0.0573649	0.0111643	0.024648
2323	0.000158697	0.649665	1.0774e-05	0.35016	4.62926e-06
2324	0.000734804	0.649255	4.9884e-05	0.349939	2.14337e-05
2325	6.4333e-07	3.5954e-08	4.36719e-08	1.93787e-08	0.999999
2326	0.00317466	0.647516	0.000215516	0.349002	9.26009e-05
2327	7.19948e-08	0.649779	4.88747e-09	0.350221	2.1e-09
2328	0.868345	0.0307742	0.0589604	0.0165868	0.0253335
2329	0.897484	0.0130547	0.0609312	0.00234984	0.0261803
2330	0.516119	0.281864	0.0350404	0.151921	0.0150558
2331	0.599029	0.288201	0.0406713	0.0546237	0.0174752
2332	0.00181912	0.648482	0.000123709	0.349522	5.31541e-05
2333	1.86907e-05	0.649765	1.26987e-06	0.350214	5.45627e-07
2334	0.00248947	0.648004	0.000169039	0.349265	7.26309e-05
2335	0.0272311	0.822369	0.0018489	0.147757	0.000794419
2336	0.699192	0.151363	0.0474668	0.0815828	0.0203951
2337	0.000362197	0.845085	2.45889e-05	0.154518	1.05651e-05
2338	0.834197	0.0550973	0.0566629	0.0296967	0.0243464
2339	0.842767	0.0639387	0.0572074	0.0115064	0.0245803
2340	0.818723	0.0661462	0.0555925	0.0356519	0.0238865
2341	0.845488	0.0470824	0.0573925	0.0253767	0.0246599
2342	1.3361e-06	0.649778	9.07544e-08	0.350221	3.89945e-08
2343	0.884838	0.0247924	0.0600712	0.00448774	0.0258108
2344	3.26037e-06	0.649776	2.21368e-07	0.35022	9.51154e-08
2345	0.780471	0.121335	0.0529805	0.0224495	0.0227641
2346	0.00156165	0.648665	0.000106013	0.349621	4.55504e-05
2347	0.897726	0.0128318	0.0609449	0.00231101	0.0261862
2348	0.750072	0.149939	0.0509239	0.0271845	0.0218805
2349	0.704017	0.147897	0.0478238	0.0797142	0.0205485
2350	0.870653	0.0289932	0.0592635	0.0156269	0.0254638
2351	0.00626232	0.645314	0.000425695	0.347815	0.000182908
2352	0.000978029	0.846115	6.66371e-05	0.152812	2.8632e-05
2353	0.344443	0.404236	0.0233924	0.217878	0.010051
2354	0.115938	0.737886	0.0078751	0.134917	0.0033837
2355	8.03847e-05	0.846949	5.45707e-06	0.152962	2.34474e-06
2356	0.000942383	0.839797	6.40008e-05	0.15917	2.74992e-05
2357	0.00476351	0.000310779	0.994619	0.000167505	0.000139188
2358	0.576555	0.311408	0.039148	0.0560677	0.0168207
2359	0.000800963	0.649208	5.43839e-05	0.349914	2.33672e-05
2360	8.4228e-06	0.649773	5.72084e-07	0.350218	2.45807e-07
2361	0.880712	0.021972	0.0597856	0.0118426	0.0256881
2362	0.695283	0.200917	0.0472436	0.0362572	0.0202992
2363	0.00122263	0.648907	8.33569e-05	0.349751	3.5816e-05
2364	0.52014	0.363344	0.0353247	0.0660129	0.015178
2365	5.74317e-07	6.9203e-08	3.89994e-08	3.72995e-08	0.999999
2366	0.0490495	0.614814	0.00332962	0.331376	0.00143064
2367	0.896346	0.00954573	0.0622265	0.00514501	0.0267369
2368	0.00560476	0.841312	0.000384713	0.152533	0.0001653
2369	0.0182061	0.6368	0.00123597	0.343226	0.000531059
2370	1.33006e-10	2.87107e-12	1	5.1586e-13	3.87929e-12
2371	0.642362	0.133064	0.130805	0.0717198	0.0220489
2372	0.876945	0.0321603	0.0595347	0.00578004	0.0255803
2373	0.000189395	0.649644	1.28559e-05	0.350149	5.52381e-06
2374	0.761471	0.139237	0.0517082	0.025366	0.0222175
2375	0.895685	0.0146068	0.0609108	0.00262558	0.0261716
2376	0.742184	0.120723	0.0503789	0.0650679	0.0216463
2377	0.761045	0.107254	0.0516854	0.0578084	0.0222077
2378	1.81845e-06	1.69104e-07	0.999998	3.0401e-08	5.3076e-08
2379	0.0140808	0.00114213	0.983751	0.000615589	0.000410866
2380	5.0798e-07	0.649778	3.45255e-08	0.350221	1.48346e-08
2381	0.847517	0.0456373	0.0575293	0.0245979	0.0247186
2382	0.43644	0.338667	0.029626	0.182537	0.0127294
2383	0.852074	0.0422166	0.0580244	0.0227541	0.0249314
2384	0.861192	0.0358619	0.0584868	0.0193291	0.02513
2385	0.0592203	0.607559	0.00402498	0.327466	0.00172941
2386	0.186377	0.516909	0.0126656	0.278607	0.00544201
2387	0.00137358	0.648799	9.38177e-05	0.349693	4.03107e-05
2388	9.58164e-08	0.847672	6.76366e-09	0.152327	2.90614e-09
2389	0.675903	0.16796	0.0458907	0.0905282	0.0197179
2390	0.768928	0.101524	0.0523394	0.05472	0.0224887
2391	0.735186	0.125698	0.0499178	0.0677495	0.0214482
2392	0.820482	0.0843616	0.0557154	0.0155016	0.0239392
2393	8.74035e-05	0.847344	5.93366e-06	0.15256	2.54952e-06
2394	0.608657	0.28064	0.0413624	0.051568	0.0177722
2395	3.18077e-06	0.649776	2.15931e-07	0.35022	9.2779e-08
2396	0.856681	0.0391055	0.0581505	0.0210773	0.0249856
2397	0.00110331	0.648992	7.49084e-05	0.349798	3.21859e-05
2398	0.0106184	0.642209	0.000721172	0.346142	0.000309866
2399	0.677773	0.166619	0.0460263	0.0898053	0.0197761
2400	1.25139e-05	2.66457e-06	8.49455e-07	0.999984	3.64986e-07
2401	0.883959	0.0195058	0.0601693	0.0105134	0.0258529
2402	0.000736083	0.649254	5.0002e-05	0.349939	2.14844e-05
2403	0.840776	0.0656142	0.0570848	0.0119971	0.0245277
2404	0.905776	0.00530976	0.0615095	0.000975676	0.0264288
2405	6.08648e-07	0.649778	4.1323e-08	0.350221	1.77553e-08
2406	0.591629	0.297413	0.0401658	0.0535341	0.0172581
2407	0.833005	0.0559729	0.0565537	0.0301686	0.0242994
2408	0.000220303	0.649622	1.49693e-05	0.350137	6.43185e-06
2409	4.63137e-07	2.69032e-08	0.999999	5.38799e-09	1.35297e-08
2410	1.61968e-08	0.649779	1.09962e-09	0.350221	4.72475e-10
2411	0.00167535	0.648584	0.000113753	0.349578	4.88763e-05
2412	0.881236	0.0281769	0.0598194	0.00506502	0.0257026
2413	3.04651e-05	0.649757	2.06813e-06	0.35021	8.88616e-07
2414	0.0136962	0.640015	0.000930638	0.344959	0.000399868
2415	0.627907	0.107683	0.0426705	0.0580394	0.163701
2416	2.46462e-07	0.649778	1.67362e-08	0.350221	7.19104e-09
2417	1.90268e-08	0.847531	1.29165e-09	0.152468	5.54982e-10
2418	2.17222e-24	6.53224e-26	1.47452e-25	1	6.33557e-26
2419	4.66569e-07	0.649778	3.17724e-08	0.350221	1.36516e-08
2420	0.879408	0.0295214	0.0597014	0.00571717	0.0256519
2421	0.00132734	0.648832	9.02287e-05	0.349711	3.87686e-05
2422	7.63398e-07	0.811851	5.18333e-08	0.188148	2.22712e-08
2423	0.142341	0.548309	0.00966611	0.295531	0.00415324
2424	0.876522	0.0248721	0.0595946	0.0134057	0.025606
2425	0.881843	0.0211452	0.0598843	0.011397	0.0257305
2426	7.82718e-05	0.649723	5.33014e-06	0.350191	2.2902e-06
2427	6.79302e-06	5.54853e-06	4.61199e-07	0.999987	1.98164e-07
2428	0.825872	0.0609571	0.0561777	0.032855	0.0241379
2429	0.000344656	0.847297	2.3397e-05	0.152325	1.0053e-05
2430	1.58764e-07	0.840666	1.07806e-08	0.159334	4.63211e-09
2431	0.000755432	0.64924	5.12822e-05	0.349931	2.20344e-05
2432	0.0177086	0.637154	0.00120327	0.343417	0.000517011
2433	0.850911	0.0563488	0.0577701	0.0101485	0.0248221
2434	0.00425149	0.821608	0.000289058	0.173727	0.0001242
2435	0.0895254	0.585961	0.00607755	0.315825	0.00261135
2436	7.619e-06	0.847121	5.17558e-07	0.152871	2.22379e-07
2437	0.754259	0.111682	0.0516651	0.0601951	0.0221989
2438	1.03444e-10	0.649779	7.02279e-12	0.350221	3.01748e-12
2439	0.411455	0.464252	0.0279411	0.084346	0.0120055
2440	0.79949	0.10411	0.0543383	0.0187139	0.0233476
2441	0.00405217	0.646889	0.000275944	0.348664	0.000118565
2442	0.00133278	0.648828	9.05007e-05	0.349709	3.88855e-05
2443	0.00351263	0.647275	0.000238556	0.348872	0.0001025
2444	0.0154407	0.832306	0.00104906	0.149853	0.00135098
2445	1.7403e-05	0.649766	1.18151e-06	0.350215	5.07659e-07
2446	2.12598e-05	1.32761e-06	0.999976	7.15565e-07	6.2057e-07
2447	0.895609	0.0148077	0.0607975	0.00266264	0.0261229
2448	0.85888	0.0374067	0.0584409	0.0201617	0.0251103
2449	0.000210758	0.649628	1.43068e-05	0.35014	6.1472e-06
2450	6.49246e-06	0.649774	4.45645e-07	0.350219	1.91481e-07
2451	3.56869e-07	0.649778	2.42914e-08	0.350221	1.04373e-08
2452	0.0938686	0.58286	0.00637758	0.314153	0.00274026
2453	0.844087	0.0480827	0.0572961	0.0259159	0.0246184
2454	0.842677	0.0490438	0.0572476	0.0264339	0.0245976
2455	0.894795	0.0118639	0.0608158	0.00639448	0.0261308
2456	0.885141	0.0245302	0.060097	0.00440972	0.0258219
2457	0.811131	0.0715735	0.0550605	0.0385771	0.0236578
2458	8.87064e-05	0.649715	6.0263e-06	0.350187	2.58932e-06
2459	3.16102e-06	0.649776	2.14569e-07	0.35022	9.21938e-08
2460	0.000101332	0.649706	6.88401e-06	0.350182	2.95786e-06
2461	0.832977	0.0559347	0.0566143	0.030148	0.0243255
2462	0.878429	0.0299629	0.0596451	0.00633559	0.0256277
2463	0.824286	0.0807761	0.0560236	0.0148427	0.0240717
2464	0.0159688	0.000270401	0.00108534	0.000145742	0.98253
2465	0.90179	0.00878843	0.0614427	0.00157929	0.0264001
2466	0.354594	0.396986	0.024097	0.21397	0.0103538
2467	0.0684863	0.600958	0.00464982	0.323908	0.00199789
2468	0.00836302	0.643817	0.000567992	0.347008	0.000244049
2469	8.33333e-05	0.649707	2.48886e-05	0.350183	2.43212e-06
2470	2.48138e-06	0.784316	1.685e-07	0.215681	7.23993e-08
2471	4.79764e-35	1.47629e-26	3.25668e-36	1	1.3993e-36
2472	0.246191	0.474263	0.0167353	0.255621	0.00719067
2473	1.8892e-08	0.649779	1.2865e-09	0.350221	5.52772e-10
2474	0.000569244	0.649372	3.89919e-05	0.350003	1.67537e-05
2475	0.000428901	0.649473	2.91216e-05	0.350057	1.25127e-05
2476	0.00168573	0.648577	0.000114638	0.349574	4.92564e-05
2477	0.871796	0.0367694	0.0591963	0.0068031	0.0254349
2478	1.41682e-06	0.00199143	9.62103e-08	0.998007	4.13387e-08
2479	0.869734	0.038743	0.0590619	0.0070839	0.0253772
2480	0.233255	0.483498	0.015842	0.260599	0.00680682
2481	0.503629	0.290767	0.0341935	0.156719	0.0146919
2482	0.791903	0.111248	0.0537543	0.0199978	0.0230966
2483	0.466269	0.317343	0.0317167	0.171044	0.0136277
2484	0.676136	0.215118	0.0459298	0.0430823	0.0197347
2485	6.95247e-05	0.649729	4.72112e-06	0.350195	2.02853e-06
2486	0.854516	0.0406407	0.05801	0.0219048	0.0249285
2487	6.90776e-05	0.649729	4.6957e-06	0.350195	2.0176e-06
2488	0.830612	0.0576564	0.0564158	0.031076	0.0242402
2489	4.55986e-06	0.649775	3.09546e-07	0.35022	1.33003e-07
2490	0.150962	0.542165	0.0102493	0.292219	0.00440381
2491	0.888322	0.0165128	0.0603393	0.00890015	0.025926
2492	0.0885885	0.586626	0.00601667	0.316183	0.00258519
2493	0.00167735	0.648583	0.000113921	0.349577	4.89485e-05
2494	0.351995	0.398853	0.0239053	0.214976	0.0102714
2495	0.555199	0.254	0.0376999	0.136902	0.0161985
2496	1.80396e-06	0.649777	1.22792e-07	0.350221	5.27599e-08
2497	1.03182e-09	0.649779	7.00865e-11	0.350221	3.01141e-11
2498	0.862636	0.0452385	0.0587179	0.00817843	0.0252293
2499	0.000242096	0.846903	1.64403e-05	0.152831	7.0639e-06
2500	0.70186	0.149465	0.047645	0.0805593	0.0204716
2501	5.60209e-05	0.847595	3.80356e-06	0.152344	1.63428e-06
2502	1.13142e-08	0.649779	7.68428e-10	0.350221	3.30171e-10
2503	0.00362405	0.647195	0.000246164	0.348829	0.000105769
2504	0.000124586	0.64969	8.45793e-06	0.350174	3.63412e-06
2505	0.732935	0.12731	0.0497576	0.068618	0.0213794
2506	0.583857	0.281904	0.0396723	0.0775214	0.017046
2507	0.000219624	0.844568	1.49124e-05	0.155191	6.40741e-06
2508	0.000167258	0.649659	1.13582e-05	0.350157	4.88028e-06
2509	0.000249988	3.81158e-05	0.999684	2.05439e-05	7.29103e-06
2510	0.604546	0.218805	0.04107	0.117933	0.0176466
2511	0.00438446	0.843486	0.000299465	0.151701	0.000128671
2512	0.00118026	0.648937	8.02843e-05	0.349768	3.44958e-05
2513	0.162866	0.533628	0.0111129	0.287618	0.00477487
2514	0.883773	0.025791	0.0600066	0.00464667	0.025783
2515	0.649352	0.186878	0.044098	0.100724	0.0189476
2516	0.000448377	0.847094	3.04353e-05	0.152414	1.30772e-05
2517	0.75134	0.114184	0.0510135	0.0615434	0.021919
2518	0.00672576	0.644984	0.000456558	0.347637	0.000196169
2519	0.805305	0.0754628	0.0549486	0.0406734	0.0236098
2520	0.886923	0.017546	0.0602052	0.00945702	0.0258684
2521	1.54072e-14	1.89982e-13	1.0461e-15	1	4.49478e-16
2522	0.0453603	0.617441	0.00308185	0.332792	0.00132418
2523	0.155897	0.702039	0.0108975	0.126484	0.00468235
2524	0.774067	0.0977412	0.0528171	0.0526811	0.0226939
2525	6.56176e-10	5.2761e-10	1	9.48135e-11	1.91395e-11
2526	0.722108	0.135034	0.0490159	0.0727814	0.0210607
2527	0.777728	0.0952493	0.0529384	0.051338	0.0227461
2528	3.22921e-05	0.649756	2.19269e-06	0.350209	9.42132e-07
2529	0.187589	0.622892	0.0127497	0.171291	0.00547818
2530	0.711394	0.142625	0.0483383	0.0768728	0.0207695
2531	4.34459e-08	1.15893e-09	2.94938e-09	6.24645e-10	1
2532	0.543912	0.261907	0.0370831	0.141164	0.0159335
2533	0.858637	0.0377108	0.0582841	0.0203256	0.025043
2534	0.719369	0.177287	0.0496935	0.0322979	0.0213518
2535	3.72201e-06	8.43783e-08	2.52936e-07	4.54787e-08	0.999996
2536	3.70644e-08	0.847549	2.51587e-09	0.152451	1.081e-09
2537	0.343293	0.405032	0.0233404	0.218306	0.0100287
2538	1.12012e-05	0.649771	7.60475e-07	0.350217	3.26754e-07
2539	0.00038544	1.77814e-05	0.999576	9.58391e-06	1.12479e-05
2540	0.00190579	0.64842	0.00012985	0.349489	5.57925e-05
2541	8.27187e-05	0.64972	5.61612e-06	0.35019	2.41308e-06
2542	0.000881156	0.64915	5.98244e-05	0.349883	2.57048e-05
2543	0.153208	0.540558	0.0104083	0.291353	0.00447212
2544	0.618856	0.251825	0.042016	0.0692501	0.018053
2545	0.000196129	0.649639	1.33221e-05	0.350146	5.72411e-06
2546	0.00554854	0.645823	0.000376806	0.34809	0.000161902
2547	1.46256e-05	0.649768	9.93685e-07	0.350216	4.26957e-07
2548	0.847941	0.0453191	0.057575	0.0244264	0.0247383
2549	2.84138e-40	6.32455e-34	1.92873e-41	1	8.2872e-42
2550	0.874153	0.0343585	0.0593389	0.00665392	0.0254962
2551	0.00792671	0.0142275	0.969946	0.0076684	0.000231194
2552	0.00847424	0.643738	0.000575227	0.346966	0.000247158
2553	0.000296365	0.649567	2.01594e-05	0.350108	8.66191e-06
2554	4.24638e-05	1.55999e-06	2.8831e-06	8.40811e-07	0.999952
2555	0.892815	0.0173874	0.0606219	0.00312795	0.0260475
2556	0.00053081	0.846892	3.60326e-05	0.152526	1.54821e-05
2557	0.098683	0.57943	0.00670226	0.312305	0.00287976
2558	2.26827e-05	1.35129e-05	0.999956	7.28327e-06	6.62634e-07
2559	0.839154	0.0514518	0.0571195	0.0277318	0.0245426
2560	5.16904e-05	0.649742	3.51033e-06	0.350202	1.50829e-06
2561	0.00486965	0.00163404	0.000330821	0.000880723	0.992285
2562	0.888585	0.0162991	0.0603854	0.00878499	0.0259458
2563	0.00343138	0.647333	0.000232957	0.348903	0.000100095
2564	0.00907701	0.224877	0.000616361	0.121206	0.644224
2565	0.841352	0.0603485	0.0571489	0.0165954	0.0245552
2566	4.26735e-09	0.649779	2.89667e-10	0.350221	1.24461e-10
2567	0.891657	0.0179851	0.0609016	0.00328845	0.0261676
2568	0.0228878	0.633463	0.00155359	0.341428	0.000667533
2569	0.885058	0.0245775	0.0601105	0.00442643	0.0258277
2570	0.892517	0.01354	0.060605	0.00729789	0.0260402
2571	0.800579	0.0790031	0.0544432	0.0425816	0.0233926
2572	0.000670717	0.6493	4.55427e-05	0.349964	1.95683e-05
2573	0.0721689	0.598331	0.00490208	0.322492	0.00210628
2574	0.844978	0.0618488	0.0573952	0.0111169	0.024661
2575	0.464569	0.38458	0.0315421	0.105757	0.0135527
2576	2.05251e-07	0.649778	1.39322e-08	0.350221	5.98625e-09
2577	0.71634	0.181478	0.0486472	0.0326326	0.0209022
2578	0.0810438	0.592007	0.00550166	0.319083	0.0023639
2579	0.641313	0.250424	0.0435395	0.0460158	0.0187076
2580	8.13196e-10	2.22647e-11	1	4.45903e-12	2.37613e-11
2581	1.61714e-08	0.847425	1.68011e-09	0.152575	7.21893e-10
2582	2.39511e-11	0.649779	1.62583e-12	0.350221	6.98569e-13
2583	0.125531	0.560291	0.00852529	0.301989	0.00366306
2584	0.285434	0.538586	0.0194956	0.148107	0.00837669
2585	0.183631	0.518877	0.0124673	0.279667	0.00535683
2586	0.8281	0.0594768	0.0562132	0.0320572	0.0241532
2587	0.834398	0.0232872	0.0567577	0.0125515	0.0730054
2588	0.0405402	0.62088	0.00275244	0.334645	0.00118264
2589	0.821932	0.0638635	0.0558054	0.0344215	0.0239779
2590	0.0177748	0.796021	0.00120685	0.184479	0.000518549
2591	0.421046	0.422015	0.0285996	0.116051	0.0122884
2592	0.819857	0.0852271	0.0556656	0.0153321	0.0239179
2593	0.00195842	0.648382	0.000133046	0.349469	5.7166e-05
2594	0.8346	0.0542554	0.0572872	0.0292429	0.0246146
2595	0.0367445	0.623585	0.00249508	0.336103	0.00107206
2596	0.723432	0.174919	0.0491087	0.0314395	0.0211006
2597	0.890089	0.0197911	0.060474	0.00366177	0.0259839
2598	0.00201383	0.845659	0.000137138	0.152132	5.8924e-05
2599	0.609431	0.280932	0.0413694	0.0504923	0.0177752
2600	0.000443578	0.649462	3.01374e-05	0.350051	1.29491e-05
2601	0.0429682	0.619137	0.00292951	0.333706	0.00125872
2602	1.97233e-07	2.04586e-08	1.33955e-08	1.10269e-08	1
2603	8.30077e-05	0.649719	5.63651e-06	0.35019	2.42184e-06
2604	0.0159405	0.63841	0.00108767	0.344094	0.000467339
2605	0.879216	0.0230161	0.0597082	0.0124053	0.0256548
2606	0.0354294	0.624523	0.00240521	0.336609	0.00103345
2607	0.00057382	0.846491	3.89768e-05	0.15288	1.67472e-05
2608	1.57379e-05	0.649767	1.06828e-06	0.350215	4.59007e-07
2609	0.733702	0.165098	0.0499081	0.0298472	0.021444
2610	6.03667e-06	0.649774	4.10103e-07	0.350219	1.76209e-07
2611	0.90236	0.00652471	0.0612717	0.00351672	0.0263266
2612	0.844836	0.0620049	0.0573562	0.0111584	0.0246442
2613	0.830366	0.0750473	0.0567152	0.013503	0.0243689
2614	0.881916	0.0211037	0.059878	0.0113746	0.0257278
2615	0.000175285	0.649654	1.18999e-05	0.350154	5.11302e-06
2616	3.85904e-06	0.649776	2.61991e-07	0.35022	1.1257e-07
2617	0.00186302	0.64845	0.000126605	0.349506	5.43984e-05
2618	0.00240111	0.648067	0.000163379	0.349299	7.01992e-05
2619	4.50465e-08	0.846731	3.05891e-09	0.153269	1.31432e-09
2620	0.22802	0.487221	0.0154955	0.262605	0.00665797
2621	4.2828e-05	1.64925e-05	0.999931	8.88925e-06	1.24956e-06
2622	0.791824	0.111315	0.0537594	0.0200025	0.0230988
2623	1.72705e-05	1.41444e-06	0.999981	2.54742e-07	5.03857e-07
2624	0.666075	0.228137	0.0452643	0.041075	0.0194487
2625	0.643111	0.191308	0.043694	0.103113	0.018774
2626	0.000200687	0.649635	1.36447e-05	0.350144	5.86271e-06
2627	0.871657	0.0284017	0.0591975	0.0153081	0.0254354
2628	0.832236	0.056519	0.056504	0.0304629	0.0242781
2629	0.901661	0.00694954	0.0613038	0.0037457	0.0263404
2630	0.760743	0.107488	0.0516441	0.0579346	0.0221899
2631	4.3222e-05	0.649748	2.93458e-06	0.350205	1.2609e-06
2632	6.83735e-05	0.846831	4.64311e-06	0.153094	1.99501e-06
2633	0.822699	0.0632859	0.0558903	0.0341102	0.0240144
2634	0.476312	0.404742	0.0323317	0.0727218	0.013892
2635	0.442523	0.334254	0.0301217	0.180158	0.0129424
2636	0.270118	0.592876	0.0183491	0.110774	0.00788405
2637	2.8829e-29	6.53224e-26	1.95732e-30	1	8.41004e-31
2638	0.82872	0.0350914	0.0568837	0.00679585	0.0725086
2639	0.000444585	0.649462	3.0203e-05	0.350051	1.29773e-05
2640	0.00291697	0.647699	0.000198079	0.349101	8.51086e-05
2641	1.12976e-05	0.649771	7.66934e-07	0.350217	3.29529e-07
2642	0.864191	0.0336367	0.0587843	0.0181297	0.0252579
2643	0.377849	0.380432	0.0256502	0.205047	0.0110211
2644	0.881331	0.0280863	0.0598282	0.00504853	0.0257064
2645	0.000521185	0.649407	3.55978e-05	0.350021	1.52953e-05
2646	0.000851495	0.649171	5.79595e-05	0.349894	2.49035e-05
2647	0.813597	0.0696745	0.0553799	0.0375536	0.0237951
2648	0.865753	0.0425508	0.0587859	0.007652	0.0252586
2649	0.874972	0.0260389	0.0594226	0.0140346	0.0255321
2650	0.104594	0.750294	0.00710256	0.134957	0.00305176
2651	0.843598	0.0483983	0.0572979	0.026086	0.0246192
2652	0.689984	0.157921	0.0468477	0.0851174	0.0201291
2653	0.659944	0.179334	0.0448101	0.0966583	0.0192536
2654	0.687531	0.15967	0.0466811	0.0860601	0.0200575
2655	3.363e-05	0.649755	2.28511e-06	0.350209	9.81846e-07
2656	0.425858	0.346137	0.0289873	0.186563	0.012455
2657	0.844528	0.0474369	0.0576826	0.0255678	0.0247845
2658	0.00191677	0.842092	0.000130275	0.155805	5.59754e-05
2659	4.98219e-07	2.49199e-08	0.999999	4.47762e-09	1.45313e-08
2660	0.0019543	0.648385	0.000132977	0.34947	5.71362e-05
2661	0.485184	0.396169	0.0329431	0.0715496	0.0141547
2662	0.119616	0.559332	0.00812111	0.301472	0.0114585
2663	0.0392725	0.81116	0.0026659	0.145756	0.00114546
2664	0.903738	0.00704906	0.0613585	0.00149051	0.0263639
2665	9.24657e-05	0.649713	6.27874e-06	0.350186	2.69779e-06
2666	0.854855	0.0403665	0.0580702	0.021757	0.0249511
2667	0.00143044	0.845883	9.71514e-05	0.152548	4.17431e-05
2668	0.883564	0.025883	0.0599888	0.00478889	0.0257754
2669	0.439722	0.336321	0.029857	0.181272	0.0128287
2670	4.45523e-08	2.16843e-09	1	1.16875e-09	1.30012e-09
2671	5.43556e-12	0.649779	3.68987e-13	0.350221	1.58543e-13
2672	0.00514905	6.74783e-05	0.000349913	3.63698e-05	0.994397
2673	0.823428	0.0627247	0.0559847	0.0338077	0.024055
2674	0.878273	0.0237026	0.0596286	0.0127754	0.0256207
2675	0.00462254	0.842436	0.000314785	0.152492	0.000135254
2676	0.163326	0.533352	0.0110884	0.287469	0.00476435
2677	0.00107266	0.649014	7.28214e-05	0.349809	3.12892e-05
2678	2.26042e-06	0.649777	1.53461e-07	0.350221	6.59374e-08
2679	0.885608	0.0240455	0.0601449	0.00435955	0.0258425
2680	0.120029	0.564216	0.00814972	0.304104	0.0035017
2681	0.000298392	0.649566	2.02698e-05	0.350107	8.70932e-06
2682	2.16548e-07	0.847531	1.47179e-08	0.152468	6.32386e-09
2683	6.8985e-05	0.649729	4.68284e-06	0.350195	2.01208e-06
2684	0.000119189	0.825351	8.09136e-06	0.174518	3.48073e-06
2685	0.634729	0.250555	0.0431551	0.0529793	0.0185818
2686	0.838837	0.0517575	0.0570126	0.0278966	0.0244966
2687	0.0818747	0.591415	0.00555843	0.318764	0.00238829
2688	0.682334	0.179276	0.0464019	0.0322877	0.0597006
2689	5.96761e-08	1.52019e-09	1	8.19362e-10	1.74209e-09
2690	0.724695	0.133152	0.0492324	0.0717669	0.0211537
2691	0.00755842	0.840187	0.000513182	0.151521	0.000220499
2692	1.68601e-06	4.97165e-08	0.999998	2.67965e-08	4.91816e-08
2693	0.00039188	0.649499	2.66109e-05	0.350071	1.14339e-05
2694	9.61549e-06	0.649772	6.54068e-07	0.350218	2.81034e-07
2695	0.286136	0.432974	0.0391624	0.233367	0.00836079
2696	1.21935e-06	0.847577	8.27937e-08	0.152421	3.5574e-08
2697	0.00281456	0.845014	0.000191325	0.151898	8.22068e-05
2698	0.878421	0.0306121	0.0597522	0.00554118	0.0256737
2699	1.76111e-07	0.649778	1.19559e-08	0.350221	5.13711e-09
2700	1.83902e-11	0.847024	1.25011e-12	0.152976	5.37137e-13
2701	0.000451773	0.649457	3.06665e-05	0.350048	1.31765e-05
2702	0.879306	0.0299405	0.0597099	0.00538808	0.0256556
2703	7.04233e-10	0.649779	4.7804e-11	0.350221	2.054e-11
2704	0.869596	0.0298432	0.0590878	0.016085	0.0253883
2705	3.88327e-05	0.649751	2.63716e-06	0.350207	1.13311e-06
2706	0.427008	0.345342	0.0290385	0.186135	0.012477
2707	0.0001858	0.846558	1.26302e-05	0.153238	5.42681e-06
2708	0.00390148	0.646997	0.000264844	0.348722	0.000113796
2709	0.000563531	0.649377	3.82734e-05	0.350005	1.64449e-05
2710	9.12687e-05	0.649714	6.19673e-06	0.350186	2.66255e-06
2711	0.827295	0.0783058	0.0561641	0.0141029	0.024132
2712	0.901507	0.00929445	0.0612175	0.00167727	0.0263033
2713	0.255621	0.467562	0.0173523	0.252009	0.00745577
2714	0.000442749	0.649463	3.00662e-05	0.350051	1.29186e-05
2715	0.538981	0.265565	0.036595	0.143136	0.0157238
2716	0.744769	0.0666383	0.130902	0.0359171	0.0217741
2717	0.0173256	0.831109	0.00117635	0.149884	0.000505394
2718	0.485536	0.30365	0.0329801	0.163663	0.0141706
2719	0.844443	0.0623492	0.0573521	0.0112135	0.0246425
2720	0.880345	0.0289978	0.0597639	0.00521474	0.0256788
2721	1.82927e-06	0.649777	1.24173e-07	0.350221	5.33536e-08
2722	0.69999	0.0625241	0.14254	0.0336996	0.0612454
2723	0.684088	0.211516	0.046437	0.0380067	0.0199526
2724	0.818117	0.0868351	0.0555641	0.0156093	0.0238743
2725	0.00079123	0.649215	5.37182e-05	0.349917	2.30811e-05
2726	0.904415	0.00649553	0.0614796	0.00119356	0.0264159
2727	0.00109899	0.648995	7.46074e-05	0.349799	3.20566e-05
2728	3.13701e-11	8.39995e-13	2.12997e-12	1	9.15185e-13
2729	0.0663887	0.78521	0.00450978	0.141954	0.00193772
2730	4.74353e-06	0.649775	3.22355e-07	0.35022	1.38507e-07
2731	0.874964	0.0260417	0.059425	0.0140361	0.0255332
2732	0.871185	0.0287646	0.0591374	0.0155037	0.0254096
2733	4.94777e-05	4.97544e-06	3.36234e-06	1.15307e-06	0.999941
2734	0.0547017	0.610785	0.0037136	0.329204	0.00159562
2735	1.6284e-08	0.649779	1.1055e-09	0.350221	4.75002e-10
2736	0.0198772	0.635606	0.00135251	0.342583	0.000581133
2737	0.625561	0.203791	0.0425318	0.109841	0.0182747
2738	4.74396e-05	0.649745	3.22912e-06	0.350203	1.38746e-06
2739	0.136657	0.720374	0.00928135	0.1297	0.00398792
2740	0.000107537	0.83766	7.30068e-06	0.162223	3.13689e-06
2741	0.00763713	0.644335	0.000518418	0.347287	0.000222749
2742	0.84065	0.0504842	0.0571151	0.0272103	0.0245406
2743	0.00858734	0.643657	0.000583129	0.346922	0.000250553
2744	5.48456e-20	4.20402e-21	3.73487e-21	1	1.60476e-21
2745	0.890483	0.0195318	0.0604823	0.00351571	0.0259875
2746	0.83156	0.0568859	0.0565819	0.0306607	0.0243116
2747	0.337172	0.409414	0.0229041	0.220668	0.0098412
2748	5.20852e-10	0.649779	3.53912e-11	0.350221	1.52065e-11
2749	0.772912	0.128887	0.0524698	0.0231864	0.0225447
2750	0.235247	0.481994	0.0160677	0.259788	0.00690382
2751	0.741553	0.151092	0.0505986	0.0350157	0.0217407
2752	0.000882213	0.64915	5.99607e-05	0.349882	2.57633e-05
2753	0.812389	0.0920828	0.0552342	0.0165612	0.0237325
2754	0.000535889	0.837266	3.63782e-05	0.162146	1.56307e-05
2755	0.844217	0.0479291	0.0573703	0.0258331	0.0246503
2756	0.720071	0.177899	0.0488926	0.0321293	0.0210077
2757	1.14555e-07	4.11466e-08	1	1.1315e-08	3.34263e-09
2758	3.6402e-09	1.87868e-05	2.4789e-10	0.999981	1.06511e-10
2759	0.00224788	0.648176	0.000152804	0.349358	6.56556e-05
2760	0.894788	0.011877	0.0608069	0.00640155	0.0261269
2761	0.248903	0.472339	0.0169093	0.254584	0.00726543
2762	1.03801e-05	0.847632	7.04615e-07	0.152356	3.02752e-07
2763	0.565468	0.320908	0.0385837	0.0584625	0.0165783
2764	0.791823	0.0852568	0.0538359	0.0459522	0.0231317
2765	3.69105e-06	0.649776	2.51486e-07	0.35022	1.08056e-07
2766	1.79641e-15	2.81579e-08	1.22095e-16	1	5.24608e-17
2767	0.229282	0.486334	0.0155686	0.262127	0.00668935
2768	0.881768	0.0212006	0.059877	0.0114268	0.0257274
2769	0.000602241	0.649349	4.08987e-05	0.34999	1.75729e-05
2770	0.000879837	0.649151	5.97349e-05	0.349883	2.56663e-05
2771	2.34171e-06	0.649777	1.59042e-07	0.350221	6.83356e-08
2772	0.006227	0.819768	0.000485676	0.173338	0.000181612
2773	0.000567561	0.649374	3.85406e-05	0.350003	1.65597e-05
2774	0.81849	0.0663198	0.0555682	0.0357454	0.023876
2775	5.50868e-05	0.649739	3.73951e-06	0.3502	1.60675e-06
2776	2.09124e-05	0.649764	1.42409e-06	0.350213	6.1189e-07
2777	0.000103484	0.847362	7.02595e-06	0.152524	3.01884e-06
2778	0.543399	0.26238	0.0369328	0.141419	0.0158689
2779	0.000688333	0.649288	4.67366e-05	0.349957	2.00813e-05
2780	1.20655e-09	0.649779	8.19017e-11	0.350221	3.51907e-11
2781	0.710119	0.187064	0.0483039	0.0337575	0.0207548
2782	6.54916e-05	0.844711	4.44676e-06	0.155217	1.91064e-06
2783	0.870159	0.0294944	0.059069	0.015897	0.0253802
2784	4.53961e-23	1.47085e-18	3.08178e-24	1	1.32415e-24
2785	0.846502	0.0462486	0.057581	0.0249273	0.0247409
2786	0.894998	0.0117337	0.0608139	0.00632429	0.0261299
2787	0.802677	0.0775779	0.0545104	0.0418134	0.0234215
2788	0.000264341	0.64959	1.79567e-05	0.35012	7.71544e-06
2789	1.96247e-07	0.649778	1.33267e-08	0.350221	5.7261e-09
2790	0.837465	0.0688669	0.0568551	0.0123845	0.0244289
2791	0.879996	0.0224595	0.0597612	0.0121054	0.0256776
2792	0.00510668	0.646138	0.000346798	0.348259	0.000149009
2793	1.92593e-05	2.42466e-06	0.999976	1.30686e-06	5.61855e-07
2794	0.802085	0.101764	0.0544489	0.018307	0.0233951
2795	0.705861	0.146383	0.0481632	0.0788983	0.0206943
2796	0.00154704	0.648676	0.000105017	0.349627	4.51225e-05
2797	0.000941843	0.649107	6.39587e-05	0.34986	2.74812e-05
2798	0.631466	0.260416	0.0428754	0.0468198	0.0184223
2799	0.820489	0.0846271	0.0557318	0.0152062	0.0239463
2800	0.018448	0.636628	0.00125235	0.343133	0.000538099
2801	0.884658	0.0230058	0.0601609	0.00632642	0.0258494
2802	0.000454211	0.846472	3.08471e-05	0.153029	1.32541e-05
2803	0.0147443	0.639268	0.00100111	0.344556	0.000430146
2804	0.0584222	0.608131	0.00396809	0.327774	0.00170497
2805	0.867342	0.0315041	0.0588765	0.0169803	0.0252975
2806	0.000547426	2.35203e-05	3.72622e-05	0.999376	1.60104e-05
2807	0.695946	0.200402	0.0472837	0.0360517	0.0203164
2808	0.000365179	0.649518	2.48679e-05	0.350081	1.0685e-05
2809	4.5463e-07	0.649778	3.08679e-08	0.350221	1.3263e-08
2810	8.87392e-06	0.649772	6.02361e-07	0.350218	2.58817e-07
2811	0.865008	0.043236	0.0587459	0.00776896	0.0252414
2812	0.423067	0.348195	0.0287243	0.187672	0.012342
2813	0.893744	0.0126853	0.0606668	0.0068372	0.0260667
2814	0.021193	0.000435684	0.00160356	7.87649e-05	0.976689
2815	0.785335	0.0899611	0.0533101	0.0484878	0.0229058
2816	0.0107355	0.0010023	0.987768	0.000180581	0.000313242
2817	0.000351867	0.649528	2.39348e-05	0.350086	1.02841e-05
2818	0.00435902	0.646671	0.000296038	0.348547	0.000127164
2819	0.895637	0.0147537	0.0608075	0.00267491	0.0261272
2820	0.576167	0.311774	0.0391735	0.0560534	0.0168317
2821	0.000402181	0.649492	2.73124e-05	0.350067	1.17353e-05
2822	0.837828	0.0682419	0.0569293	0.0125396	0.0244608
2823	0.824984	0.0616407	0.0560633	0.0332235	0.0240887
2824	1.14763e-05	0.64977	7.79108e-07	0.350217	3.34759e-07
2825	0.822785	0.0822685	0.0560597	0.0147999	0.0240872
2826	0.0105352	0.837836	0.000718277	0.150601	0.000308622
2827	0.00796123	0.644103	0.000540478	0.347163	0.000232227
2828	0.00232933	0.648118	0.000158275	0.349326	6.80061e-05
2829	0.884474	0.0250418	0.0600496	0.00463326	0.0258016
2830	0.797641	0.105825	0.0541798	0.0190746	0.0232795
2831	0.38008	0.378838	0.0258057	0.204188	0.0110879
2832	0.539626	0.264859	0.0369038	0.142755	0.0158565
2833	0.761819	0.13849	0.0518073	0.0256236	0.0222601
2834	0.275832	0.45315	0.0187294	0.244241	0.00804747
2835	0.692865	0.155652	0.0472764	0.083894	0.0203133
2836	0.870713	0.0290009	0.0592126	0.0156311	0.0254419
2837	0.142086	0.548483	0.00965708	0.295624	0.00414936
2838	7.8419e-06	0.649773	5.32742e-07	0.350218	2.28903e-07
2839	0.341001	0.406676	0.0231734	0.219193	0.0099569
2840	0.0208901	0.634887	0.00141856	0.342195	0.000609511
2841	0.859414	0.0448175	0.058366	0.0123245	0.0250781
2842	0.74749	0.152166	0.050797	0.0277213	0.021826
2843	7.53225e-36	1.72952e-27	5.1128e-37	1	2.19682e-37
2844	0.0208589	0.634908	0.00141706	0.342207	0.000608868
2845	0.00482191	0.833326	0.000327912	0.161383	0.000140894
2846	6.68877e-16	7.87856e-16	4.54084e-17	1	1.95106e-17
2847	1.3399e-05	0.649769	9.09768e-07	0.350216	3.909e-07
2848	0.00154014	0.844822	0.000104588	0.153489	4.49383e-05
2849	7.91803e-07	0.847589	5.3749e-08	0.15241	2.30944e-08
2850	0.0135171	0.640143	0.000917731	0.345028	0.000394322
2851	1.28407e-05	0.649769	8.74889e-07	0.350216	3.75914e-07
2852	3.58288e-05	0.649753	2.48732e-06	0.350208	1.06873e-06
2853	8.07932e-06	0.649773	5.48651e-07	0.350218	2.35739e-07
2854	0.000243614	0.649605	1.65422e-05	0.350128	7.1077e-06
2855	3.29165e-06	0.649776	2.23462e-07	0.35022	9.60151e-08
2856	0.892014	0.0179414	0.0606768	0.00329676	0.026071
2857	0.00817309	0.83866	0.000557676	0.152369	0.000239617
2858	0.496879	0.295572	0.0337421	0.159309	0.014498
2859	0.644053	0.248647	0.0437291	0.0447815	0.0187891
2860	0.823486	0.0627202	0.0559489	0.0338053	0.0240396
2861	0.039158	0.810602	0.00268782	0.146398	0.00115488
2862	0.00567501	0.779435	0.000385307	0.214339	0.000165555
2863	0.463424	0.319409	0.0314829	0.172157	0.0135273
2864	0.846017	0.0467048	0.0574293	0.0251732	0.0246757
2865	0.815367	0.08789	0.0553562	0.017602	0.0237849
2866	1.51069e-11	5.11465e-10	1.02546e-12	1	4.40608e-13
2867	0.785012	0.0901848	0.0532954	0.0486083	0.0228994
2868	0.796225	0.0821769	0.0540723	0.0442922	0.0232332
2869	3.92504e-06	0.649776	2.66627e-07	0.35022	1.14562e-07
2870	0.0021883	0.648219	0.000148558	0.349381	6.38311e-05
2871	2.67254e-30	3.4958e-27	1.84617e-31	1	7.93246e-32
2872	0.829392	0.0585436	0.0563142	0.0315542	0.0241965
2873	0.0771286	0.594796	0.00523809	0.320587	0.00225065
2874	0.00357877	0.647227	0.0002436	0.348846	0.000104667
2875	0.852382	0.054911	0.0579425	0.00986804	0.0248962
2876	4.23903e-23	2.29715e-16	2.87765e-24	1	1.23644e-24
2877	3.00984e-05	0.649757	2.04409e-06	0.35021	8.78285e-07
2878	0.00203658	0.648327	0.000138266	0.349439	5.94087e-05
2879	0.000330784	0.64953	2.24542e-05	0.350088	2.89418e-05
2880	0.729703	0.129534	0.0496233	0.0698172	0.0213217
2881	2.23503e-06	0.649777	1.51711e-07	0.350221	6.51856e-08
2882	0.00384833	0.647028	0.000269006	0.348739	0.000115584
2883	5.79029e-06	0.649774	3.93259e-07	0.350219	1.68972e-07
2884	0.836846	0.0532425	0.0568062	0.028697	0.0244079
2885	3.62448e-05	0.649753	2.46095e-06	0.350208	1.0574e-06
2886	0.000113666	0.649698	7.71724e-06	0.350178	3.31587e-06
2887	1.31274e-05	0.649769	8.9107e-07	0.350216	3.82866e-07
2888	0.896597	0.0106444	0.0608683	0.00573717	0.0261533
2889	0.791534	0.111527	0.0537368	0.020113	0.0230891
2890	6.52593e-07	0.649778	4.43004e-08	0.350221	1.90346e-08
2891	8.42482e-06	0.649773	5.71935e-07	0.350218	2.45744e-07
2892	5.10723e-06	0.649775	3.46868e-07	0.350219	1.49039e-07
2893	0.809797	0.0933805	0.05507	0.0180842	0.0236681
2894	0.120639	0.731052	0.00819638	0.136591	0.00352174
2895	0.00179569	0.84594	0.000121896	0.15209	5.23752e-05
2896	0.0111143	0.801952	0.000755662	0.185854	0.000324686
2897	0.866757	0.0416232	0.0588468	0.00748789	0.0252847
2898	0.112543	0.741038	0.00764207	0.135494	0.00328357
2899	0.867482	0.0409499	0.0589004	0.00735998	0.0253078
2900	0.365452	0.389161	0.0248148	0.209752	0.0108194
2901	6.25989e-05	0.649734	4.24965e-06	0.350197	1.82595e-06
2902	2.94253e-08	4.55197e-08	1	8.20473e-09	8.5834e-10
2903	1.02954e-06	0.649778	6.98896e-08	0.350221	3.00295e-08
2904	0.00189346	0.648429	0.000128592	0.349494	5.52522e-05
2905	0.244424	0.475522	0.0166153	0.256299	0.00713909
2906	5.40019e-07	0.649778	3.66616e-08	0.350221	1.57524e-08
2907	1.73433e-06	0.000637471	1.1786e-07	0.999361	5.06409e-08
2908	0.49287	0.298408	0.0334939	0.160837	0.0143913
2909	0.00177697	0.648512	0.000120709	0.349539	5.18858e-05
2910	3.03037e-08	7.48937e-09	2.05714e-09	4.03666e-09	1
2911	1.92653e-05	0.649765	1.30827e-06	0.350214	5.62125e-07
2912	0.0243068	0.824929	0.00165181	0.148402	0.000709736
2913	1.4283e-09	1.67699e-10	9.70177e-11	9.03876e-11	1
2914	3.46086e-05	0.649754	2.34962e-06	0.350208	1.00956e-06
2915	0.336192	0.530601	0.022831	0.100567	0.00980982
2916	0.570727	0.242865	0.0388221	0.130901	0.0166858
2917	0.0373753	0.623135	0.00253872	0.335861	0.00109081
2918	5.91273e-07	3.20172e-08	4.04358e-08	0.999999	5.17332e-08
2919	0.000461746	0.649449	3.1409e-05	0.350044	1.34955e-05
2920	5.03218e-17	6.7593e-17	3.42927e-17	1	1.47076e-18
2921	0.00366098	0.647169	0.000248631	0.348815	0.000106829
2922	0.230287	0.633335	0.0156322	0.114029	0.00671669
2923	6.09164e-06	0.649774	4.13919e-07	0.350219	1.77849e-07
2924	0.848923	0.0445364	0.0577308	0.0240045	0.0248052
2925	1.50777e-19	2.08578e-10	1.0239e-20	1	4.39939e-21
2926	0.0021097	0.648275	0.000143208	0.349411	6.15322e-05
2927	9.99355e-05	0.649704	6.8024e-06	0.350181	8.74382e-06
2928	2.9116e-06	0.649776	1.97645e-07	0.35022	8.49223e-08
2929	0.888467	0.0214137	0.060332	0.00386429	0.0259229
2930	0.893654	0.0127255	0.0606863	0.00685889	0.0260751
2931	8.25826e-05	0.84757	5.61746e-06	0.15234	2.41366e-06
2932	1.16835e-06	0.847424	7.93162e-08	0.152575	3.40798e-08
2933	0.87496	0.0339655	0.0594317	0.00610703	0.025536
2934	0.0146663	0.771697	0.00099697	0.212211	0.000428368
2935	0.0556802	0.783832	0.0138377	0.145025	0.00162437
2936	0.885536	0.0185195	0.0601277	0.00998174	0.0258351
2937	0.00290523	0.00117767	0.995616	0.000213961	8.66594e-05
2938	0.000201929	0.649635	1.37076e-05	0.350144	5.88975e-06
2939	0.000373167	0.649513	2.53338e-05	0.350078	1.08852e-05
2940	0.142364	0.714895	0.00975161	0.1288	0.00418998
2941	4.98341e-07	3.50367e-07	3.38288e-08	1.88843e-07	0.999999
2942	0.565954	0.246326	0.0384379	0.132766	0.0165156
2943	0.000740586	0.649251	5.04101e-05	0.349937	2.16597e-05
2944	6.6426e-10	0.649779	4.54272e-11	0.350221	5.81192e-11
2945	4.0638e-05	3.36145e-06	0.999954	6.09445e-07	1.18543e-06
2946	3.46548e-18	4.52908e-14	2.353e-19	1	3.03211e-19
2947	0.000821476	0.649193	5.58073e-05	0.349906	2.39787e-05
2948	1.1251e-06	0.649778	7.6441e-08	0.350221	3.28444e-08
2949	6.47345e-05	0.649732	4.39485e-06	0.350197	1.88833e-06
2950	0.893365	0.0128635	0.0607398	0.00693326	0.0260981
2951	3.92113e-06	0.649776	2.66188e-07	0.35022	1.14373e-07
2952	1.86208e-06	0.649777	1.26702e-07	0.350221	5.444e-08
2953	0.879322	0.029368	0.0597019	0.00536974	0.0262389
2954	0.73085	0.128796	0.049616	0.0694194	0.0213185
2955	0.902922	0.00799469	0.0613054	0.00143726	0.0263411
2956	7.53621e-05	0.649722	7.82966e-06	0.350191	3.36417e-06
2957	0.00911854	0.829378	0.000619247	0.160619	0.000266072
2958	0.790674	0.0860938	0.0537391	0.0464034	0.0230901
2959	0.850408	0.0435579	0.0577457	0.0234771	0.0248116
2960	0.787499	0.115259	0.0534686	0.0207996	0.0229739
2961	0.829974	0.0580833	0.0564024	0.0313061	0.0242344
2962	0.83949	0.0513203	0.0570264	0.0276609	0.0245026
2963	0.00433135	0.843398	0.000294091	0.15185	0.000126362
2964	0.874715	0.0342405	0.0593759	0.00615698	0.025512
2965	1.63483e-05	1.47776e-06	0.999981	7.96491e-07	4.76923e-07
2966	0.349823	0.520549	0.0237653	0.0956517	0.0102113
2967	0.0100253	0.642632	0.000680776	0.346369	0.000292509
2968	0.796856	0.0817353	0.0541064	0.0440542	0.0232479
2969	3.81448e-06	0.649776	2.59017e-07	0.35022	1.11292e-07
2970	0.614547	0.276116	0.0417382	0.0496655	0.0179337
2971	0.891301	0.0144008	0.0605289	0.0077618	0.0260075
2972	0.619366	0.271561	0.042159	0.0487998	0.0181145
2973	1.29043e-11	0.847666	8.76247e-13	0.152334	3.76498e-13
2974	1.48621e-14	5.17438e-13	1.00892e-15	1	4.33502e-16
2975	0.0392031	0.253346	0.569757	0.13655	0.00114348
2976	0.11217	0.743095	0.00762644	0.133832	0.00327686
2977	0.000501857	0.000242653	0.999197	4.36886e-05	1.47015e-05
2978	3.49077e-07	0.649778	2.3698e-08	0.350221	1.01823e-08
2979	0.715491	0.139699	0.0486225	0.0752957	0.0208916
2980	8.97631e-07	0.649778	6.09864e-08	0.350221	2.62041e-08
2981	0.838308	0.0679233	0.0569559	0.0123404	0.0244723
2982	0.811249	0.0714755	0.0550836	0.0385243	0.0236678
2983	0.707183	0.14564	0.0480388	0.0784978	0.0206409
2984	0.214991	0.0939046	0.634221	0.0506132	0.00627088
2985	2.78325e-05	0.649759	1.88954e-06	0.350211	8.11878e-07
2986	0.000537696	0.844274	3.65126e-05	0.155137	1.56884e-05
2987	0.0729497	0.597776	0.00495327	0.322193	0.00212827
2988	0.764892	0.00807477	0.155757	0.00435219	0.066924
2989	0.0159947	0.638376	0.00108637	0.344076	0.000466783
2990	3.53588e-25	2.53858e-22	2.40099e-26	1	1.03163e-26
2991	0.885322	0.0240869	0.060172	0.00456527	0.0258541
2992	8.29256e-05	0.649719	5.62899e-06	0.35019	2.41861e-06
2993	4.85824e-06	0.649775	3.3015e-07	0.35022	1.41856e-07
2994	7.41202e-06	0.649773	5.03584e-07	0.350219	2.16375e-07
2995	0.862986	0.0342032	0.0590176	0.018435	0.0253581
2996	0.232135	0.484298	0.0157645	0.26103	0.00677352
2997	0.872999	0.0274172	0.0593191	0.0147775	0.0254876
2998	0.548355	0.258884	0.0372295	0.139535	0.0159964
2999	3.25505e-05	0.649755	2.23428e-06	0.350209	9.60003e-07
3000	0.190226	0.514164	0.0129289	0.277127	0.00555517
3001	0.305181	0.431966	0.021005	0.232823	0.00902522
3002	0.0731264	0.597631	0.00498565	0.322115	0.00214218
3003	0.750823	0.149421	0.0509965	0.0268474	0.0219117
3004	9.86239e-07	1.03945e-07	0.999999	5.60247e-08	2.87638e-08
3005	0.00200918	0.648346	0.000136434	0.349449	5.86219e-05
3006	9.06107e-07	0.649778	6.15945e-08	0.350221	2.64653e-08
3007	0.834805	0.0545529	0.0568235	0.0294032	0.0244154
3008	0.647943	0.242231	0.0440064	0.0469109	0.0189083
3009	0.832472	0.0563597	0.0565107	0.0303771	0.024281
3010	1.63304e-06	0.649777	1.1085e-07	0.350221	4.7629e-08
3011	2.20535e-17	1.18041e-18	1	2.122e-19	6.43237e-19
3012	0.00108983	0.649002	7.39833e-05	0.349803	3.17884e-05
3013	0.423501	0.315097	0.0294004	0.05677	0.175232
3014	1.21945e-06	1.81444e-08	0.999999	3.26902e-09	3.5723e-08
3015	0.000721797	0.649264	4.89969e-05	0.349944	2.10525e-05
3016	3.86026e-05	0.649751	2.62153e-06	0.350207	1.12639e-06
3017	9.61278e-08	0.649779	6.52664e-09	0.350221	2.8043e-09
3018	0.252399	0.469855	0.0171371	0.253245	0.00736329
3019	0.00135023	0.845957	9.16647e-05	0.152561	3.93856e-05
3020	0.00201071	0.648345	0.000136865	0.349449	5.88068e-05
3021	2.52369e-06	0.649777	1.71553e-07	0.35022	7.37115e-08
3022	0.589761	0.229236	0.0401829	0.123555	0.0172654
3023	1.38186e-06	0.811851	9.42887e-08	0.188148	4.0513e-08
3024	7.81546e-06	0.847583	5.30607e-07	0.152408	2.27986e-07
3025	0.00677071	0.644952	0.000460013	0.34762	0.000197654
3026	0.176402	0.682151	0.0120126	0.124273	0.00516145
3027	0.82332	0.0820323	0.0558911	0.014742	0.0240147
3028	4.53613e-09	0.649779	3.07959e-10	0.350221	1.32321e-10
3029	0.00145185	0.648744	9.86319e-05	0.349664	4.23792e-05
3030	1.44928e-13	0.649779	9.85578e-15	0.350221	4.23474e-15
3031	0.000893682	0.649141	6.06933e-05	0.349878	2.60781e-05
3032	9.55799e-06	0.78431	6.49452e-07	0.21568	2.7905e-07
3033	0.57142	0.315609	0.0388026	0.057497	0.0166723
3034	0.884118	0.0235783	0.0600275	0.00648387	0.0257921
3035	0.885416	0.0182747	0.0604753	0.00984979	0.0259844
3036	0.676243	0.218789	0.0459241	0.0393122	0.0197322
3037	0.0343874	0.814785	0.00233686	0.147487	0.00100408
3038	0.00507625	0.64616	0.000344857	0.348271	0.000148175
3039	0.000101711	0.649706	6.90599e-06	0.350182	2.9673e-06
3040	0.00123094	0.648901	8.35604e-05	0.349748	3.59034e-05
3041	0.359535	0.393468	0.0244273	0.212074	0.0104957
3042	0.883469	0.0200015	0.0599783	0.0107805	0.0257709
3043	0.868996	0.0393236	0.0589876	0.00734727	0.0253452
3044	0.0911234	0.584821	0.00618698	0.31521	0.00265836
3045	0.799827	0.079627	0.0542982	0.0429178	0.0233303
3046	0.601238	0.221166	0.040842	0.119205	0.0175486
3047	4.57158e-05	0.649746	3.10329e-06	0.350204	1.33339e-06
3048	0.801016	0.0787124	0.0544508	0.0424249	0.0233959
3049	0.504999	0.289775	0.0343021	0.156185	0.0147386
3050	0.172123	0.52706	0.0117082	0.284078	0.00503065
3051	0.849462	0.0441216	0.0578001	0.0237809	0.024835
3052	0.000119061	0.649694	8.0878e-06	0.350176	3.47509e-06
3053	3.74128e-21	2.78442e-12	2.54015e-22	1	1.09143e-22
3054	0.806628	0.0747833	0.0547552	0.0403071	0.0235267
3055	3.72576e-07	0.84542	2.52949e-08	0.154579	1.08685e-08
3056	0.00142646	0.648762	9.68406e-05	0.349673	4.16095e-05
3057	0.000271993	0.649585	1.84675e-05	0.350117	7.93492e-06
3058	0.398229	0.365846	0.0270967	0.197186	0.0116427
3059	0.671913	0.170655	0.0457802	0.0919809	0.0196704
3060	0.0366107	0.813304	0.00248663	0.14653	0.00106843
3061	3.50989e-06	0.649776	2.38426e-07	0.35022	1.02445e-07
3062	1.38456e-05	0.649769	9.41185e-07	0.350216	4.04399e-07
3063	0.86689	0.0318239	0.0588482	0.0171526	0.0252853
3064	0.0373556	0.623149	0.00253696	0.335868	0.00109006
3065	1.04498e-05	0.649771	7.09623e-07	0.350217	3.04904e-07
3066	0.901729	0.00696719	0.0612371	0.00375521	0.0263118
3067	1.37089e-06	0.649778	9.30638e-08	0.350221	3.99867e-08
3068	0.85759	0.0384018	0.0582721	0.020698	0.0250378
3069	0.00333933	0.647398	0.000226752	0.348938	9.74286e-05
3070	2.76249e-08	0.847696	1.87519e-09	0.152304	8.05713e-10
3071	0.00894216	0.643404	0.000607066	0.346786	0.000260838
3072	0.0386926	0.751024	0.00262789	0.206526	0.00112913
3073	4.3526e-06	0.649775	2.95672e-07	0.35022	1.27041e-07
3074	3.26051e-07	0.84759	2.21344e-08	0.15241	9.51051e-09
3075	8.34357e-06	0.649773	5.67172e-07	0.350218	2.43697e-07
3076	0.807549	0.0962025	0.0548719	0.0177995	0.0235768
3077	0.687735	0.159533	0.0466859	0.0859863	0.0200595
3078	0.786984	0.0765668	0.0534255	0.0141664	0.0688569
3079	0.656439	0.181835	0.0445692	0.0980065	0.0191501
3080	0.795989	0.0823589	0.0540414	0.0443903	0.02322
3081	5.46709e-06	0.649775	3.71274e-07	0.350219	1.59525e-07
3082	5.16047e-06	3.02071e-07	0.999994	1.62812e-07	1.50579e-07
3083	0.0276412	0.630073	0.00187798	0.339601	0.000806914
3084	0.000209575	0.847316	1.42345e-05	0.152454	6.11616e-06
3085	8.72261e-06	0.649772	5.92138e-07	0.350218	2.54424e-07
3086	0.000591681	0.649357	4.01699e-05	0.349994	1.72598e-05
3087	0.00553427	0.64583	0.000379085	0.348093	0.000162882
3088	0.880041	0.0222992	0.0599026	0.012019	0.0257384
3089	0.0118954	0.641299	0.000807614	0.345651	0.000347008
3090	0.0134393	0.640199	0.000912255	0.345058	0.000391969
3091	0.66166	0.231717	0.0449433	0.042368	0.0193108
3092	0.850938	0.043122	0.0578443	0.0232422	0.024854
3093	0.245261	0.593391	0.0166671	0.137519	0.00716137
3094	0.652573	0.184594	0.0443034	0.0994937	0.0190358
3095	0.00017187	0.847506	1.16664e-05	0.152305	5.01269e-06
3096	0.825412	0.0611655	0.0562753	0.0329673	0.0241798
3097	8.90185e-08	2.1574e-08	6.04806e-09	1.16281e-08	1
3098	0.000256337	0.844534	1.74159e-05	0.155184	7.4831e-06
3099	8.57215e-05	0.649717	5.82819e-06	0.350188	2.5042e-06
3100	8.80501e-08	0.649779	5.97745e-09	0.350221	2.56833e-09
3101	0.595157	0.293827	0.0404963	0.0531195	0.0174001
3102	0.766476	0.103397	0.0520384	0.0557295	0.0223594
3103	0.195953	0.510094	0.0133029	0.274934	0.00571587
3104	4.02681e-06	0.649776	2.73427e-07	0.35022	1.17483e-07
3105	0.825726	0.0611629	0.0560582	0.032966	0.0240865
3106	0.75976	0.108193	0.0515737	0.0583143	0.0221597
3107	0.831133	0.057314	0.05642	0.0308914	0.024242
3108	0.0285139	0.0125602	0.00193553	0.00676979	0.950221
3109	3.18029e-06	0.846891	2.1633e-07	0.153105	9.29507e-08
3110	0.826311	0.0792486	0.0560908	0.014249	0.0241005
3111	0.280917	0.449531	0.0190685	0.242291	0.00819319
3112	0.25511	0.467642	0.0176228	0.252053	0.00757201
3113	0.435652	0.339199	0.0296055	0.182823	0.0127206
3114	0.000111643	0.847514	7.57907e-06	0.152364	3.2565e-06
3115	9.73388e-05	3.75808e-06	0.999895	6.78724e-07	2.83916e-06
3116	3.05682e-06	0.846519	2.07732e-07	0.153477	8.92562e-08
3117	0.895807	0.0111728	0.0608521	0.00602199	0.0261463
3118	0.00250199	0.647995	0.000169948	0.34926	7.30217e-05
3119	2.77079e-09	1.04814e-10	1.88386e-10	1	8.09438e-11
3120	0.8786	0.0234749	0.0596446	0.0126526	0.0256275
3121	0.850115	0.0437651	0.0577276	0.0235888	0.0248038
3122	0.866366	0.0419732	0.058826	0.0075594	0.0252758
3123	0.855773	0.0397271	0.0581162	0.0214124	0.0249708
3124	0.834366	0.0550003	0.0566486	0.0296444	0.0243402
3125	6.0399e-16	2.29715e-16	4.10509e-17	1	1.76384e-17
3126	2.76669e-05	0.649759	1.87862e-06	0.350211	8.07188e-07
3127	1.18717e-07	0.649778	8.06668e-09	0.350221	3.46601e-09
3128	0.000283059	4.42687e-05	1.92281e-05	2.38602e-05	0.99963
3129	0.82938	0.0580901	0.0568107	0.0313097	0.0244099
3130	0.0814803	0.591693	0.00553495	0.318914	0.0023782
3131	4.60725e-05	0.649746	3.12839e-06	0.350204	1.34418e-06
3132	0.21478	0.496653	0.0146029	0.267689	0.00627442
3133	0.753806	0.135397	0.0513326	0.0372331	0.0222318
3134	0.0969441	0.580665	0.00658893	0.31297	0.00283107
3135	0.870729	0.0378518	0.0591443	0.00686268	0.0254126
3136	0.0033233	0.844335	0.000225641	0.152019	9.69513e-05
3137	4.47005e-06	0.649775	3.0377e-07	0.35022	1.30521e-07
3138	0.882417	0.0207381	0.0599211	0.0111775	0.0257463
3139	0.875771	0.0332404	0.0594632	0.00597624	0.0255496
3140	0.639417	0.252808	0.0434946	0.0455919	0.0186883
3141	7.09527e-14	5.66738e-06	4.81756e-15	0.999994	2.06996e-15
3142	0.0226444	0.633635	0.00153866	0.34152	0.000661115
3143	0.00193565	0.648399	0.00013158	0.349478	5.6536e-05
3144	3.64476e-05	9.78643e-07	0.999961	5.27475e-07	1.06367e-06
3145	1.9969e-07	0.649778	1.35593e-08	0.350221	5.82602e-09
3146	0.557771	0.328952	0.0378893	0.0591077	0.0162799
3147	7.82557e-05	0.847438	5.3196e-06	0.152476	2.28567e-06
3148	0.000116198	0.649696	7.89228e-06	0.350177	3.39108e-06
3149	0.831368	0.0571392	0.0564433	0.0307972	0.024252
3150	0.00152353	4.65874e-05	0.000103426	2.511e-05	0.998301
3151	7.87951e-13	5.27836e-13	5.3493e-14	1	2.29844e-14
3152	0.815881	0.0681419	0.0554322	0.0367275	0.0238176
3153	0.79132	0.0856596	0.0537543	0.0461693	0.0230966
3154	0.90349	0.00746843	0.0613428	0.00134213	0.0263572
3155	2.62614e-05	0.64976	1.78691e-06	0.350211	7.6778e-07
3156	0.749717	0.115346	0.0508974	0.06217	0.0218691
3157	6.5629e-17	3.71481e-10	4.4562e-18	1	1.9147e-18
3158	0.254116	0.610958	0.0172579	0.110253	0.00741522
3159	0.0801942	0.592605	0.00545239	0.319406	0.00234273
3160	0.896807	0.0104207	0.0609623	0.00561659	0.0261937
3161	5.24317e-05	0.649741	3.55927e-06	0.350201	1.52931e-06
3162	0.759698	0.141198	0.0515715	0.0253735	0.0221588
3163	5.40804e-16	4.52908e-14	3.67867e-17	1	1.58062e-17
3164	0.185059	0.51786	0.0125638	0.279119	0.00539831
3165	0.0010294	0.846273	6.99466e-05	0.152537	9.00673e-05
3166	0.0174955	0.637306	0.00118879	0.343499	0.000510789
3167	4.34335e-05	0.649748	2.94864e-06	0.350205	1.26694e-06
3168	0.870932	0.0288762	0.059194	0.0155639	0.0254339
3169	0.900092	0.010487	0.0612105	0.0019105	0.0263003
3170	3.06939e-06	0.847382	2.08384e-07	0.152614	8.95365e-08
3171	0.0605121	0.790321	0.00411171	0.143288	0.00176668
3172	0.869528	0.0379971	0.0590628	0.00803438	0.0253775
3173	0.000967843	0.844998	6.56972e-05	0.15394	2.82281e-05
3174	0.00467004	0.646364	0.000408896	0.348381	0.00017569
3175	0.825331	0.0611824	0.0564243	0.0329765	0.0240861
3176	0.833533	0.0725242	0.0565804	0.0130514	0.0243109
3177	0.694555	0.15467	0.0471508	0.0833648	0.0202593
3178	0.0132575	0.640328	0.000899993	0.345128	0.0003867
3179	0.847486	0.0595427	0.0575394	0.0107088	0.024723
3180	5.4897e-07	0.847385	3.72671e-08	0.152615	1.60126e-08
3181	0.774116	0.126535	0.0527156	0.0239827	0.0226504
3182	0.846672	0.046228	0.0574841	0.0249162	0.0246992
3183	0.850499	0.0565792	0.0578052	0.0102794	0.0248372
3184	0.736622	0.162591	0.0500472	0.0292364	0.0215038
3185	0.195494	0.510404	0.0132916	0.2751	0.005711
3186	0.00108712	0.649004	7.39292e-05	0.349804	3.17652e-05
3187	1.42259e-08	0.649779	9.66361e-10	0.350221	4.15217e-10
3188	0.0415939	0.620129	0.00282354	0.334241	0.00121319
3189	3.17333e-07	0.847024	2.15418e-08	0.152976	9.25587e-09
3190	0.895942	0.0138733	0.0608315	0.00321516	0.0261375
3191	0.0143491	0.639549	0.000975253	0.344708	0.000419037
3192	0.0413993	0.620238	0.00284166	0.3343	0.00122098
3193	1.09316e-05	0.649771	7.42094e-07	0.350217	3.18856e-07
3194	4.41072e-23	1.49104e-24	2.99395e-24	1	1.28641e-24
3195	0.518937	0.279858	0.0352287	0.15084	0.0151367
3196	0.570717	0.31584	0.0387549	0.0580361	0.0166518
3197	0.00225537	0.64817	0.000153519	0.349355	6.59625e-05
3198	0.00285044	0.647747	0.000193663	0.349126	8.32113e-05
3199	0.000118993	0.649694	8.0854e-06	0.350176	3.47406e-06
3200	5.72799e-08	0.847676	3.88811e-09	0.152324	1.67061e-09
3201	0.865206	0.0423133	0.0587594	0.00847421	0.0252472
3202	0.890559	0.0180209	0.0604785	0.00495562	0.0259858
3203	5.08182e-07	0.84767	3.45021e-08	0.152329	1.48245e-08
3204	0.883841	0.019729	0.0600112	0.0106337	0.025785
3205	0.00199582	0.648356	0.000135648	0.349455	5.82841e-05
3206	0.0371668	0.791796	0.00252817	0.167423	0.00108628
3207	0.000192758	0.649641	1.3089e-05	0.350147	5.62394e-06
3208	0.137417	0.717406	0.00933969	0.131825	0.00401299
3209	0.00065676	0.64931	4.47239e-05	0.349969	1.92166e-05
3210	4.67155e-05	0.649745	3.17128e-06	0.350203	1.36261e-06
3211	0.0283788	0.629548	0.0019281	0.339317	0.000828447
3212	0.821837	0.0824594	0.0565654	0.0148342	0.0243045
3213	0.708884	0.188392	0.0481194	0.0339295	0.0206755
3214	0.0189746	0.00146857	0.978211	0.000791541	0.000553916
3215	0.51861	0.28008	0.0352192	0.150959	0.0151326
3216	0.834381	0.054979	0.0566612	0.0296329	0.0243456
3217	0.275976	0.589454	0.0187398	0.107778	0.00805192
3218	0.854038	0.0409783	0.0579833	0.0220867	0.0249137
3219	0.848178	0.0584095	0.0575943	0.0110706	0.0247473
3220	0.000553421	0.649384	3.75781e-05	0.350009	1.61462e-05
3221	0.0583902	0.790656	0.00396532	0.145284	0.00170378
3222	0.877349	0.0243675	0.0595589	0.0131337	0.0255907
3223	0.0285265	0.629444	0.00193672	0.339261	0.000832151
3224	0.0767065	0.755987	0.00521428	0.159852	0.00224042
3225	2.36237e-09	3.80487e-09	1.60694e-10	1	6.90454e-11
3226	0.655163	0.238348	0.0444826	0.0428931	0.0191128
3227	0.00305941	0.64759	0.000215963	0.349042	9.2793e-05
3228	0.361342	0.511519	0.024573	0.092008	0.0105583
3229	0.0126527	0.640756	0.000862083	0.345359	0.000370412
3230	0.862325	0.0350626	0.0585549	0.0188982	0.0251593
3231	0.00226466	0.648164	0.000153818	0.349351	6.60909e-05
3232	1.42707e-06	0.649778	9.68674e-08	0.350221	4.16211e-08
3233	1.27272e-05	0.64977	8.63961e-07	0.350217	3.71218e-07
3234	0.0011941	0.648927	8.10709e-05	0.349763	3.48337e-05
3235	0.0508047	0.613563	0.00344919	0.330702	0.00148201
3236	0.000924084	0.64912	6.27485e-05	0.349866	2.69612e-05
3237	1.09242e-05	0.649771	7.41532e-07	0.350217	3.18614e-07
3238	0.763386	0.105602	0.0518265	0.0569177	0.0222683
3239	8.16917e-08	4.94605e-09	1	2.66585e-09	2.38308e-09
3240	0.879199	0.0229902	0.0597476	0.0123914	0.0256718
3241	0.00153193	0.648687	0.000104024	0.349633	4.46959e-05
3242	0.544775	0.261415	0.0370094	0.140899	0.0159019
3243	1.32851e-05	0.649769	9.01866e-07	0.350216	3.87505e-07
3244	0.82166	0.0835688	0.0557828	0.0150199	0.0239682
3245	0.189838	0.514453	0.0128883	0.277283	0.00553772
3246	0.199003	0.654847	0.013522	0.126819	0.00580999
3247	0.0495251	0.798873	0.00336304	0.146794	0.001445
3248	0.829614	0.0583996	0.0563137	0.0314765	0.0241963
3249	0.829008	0.0581006	0.057059	0.0313154	0.0245166
3250	4.88118e-07	0.649778	3.31374e-08	0.350221	1.42382e-08
3251	9.0214e-15	2.40518e-05	6.15065e-16	0.999976	2.64275e-16
3252	9.65772e-22	9.87238e-16	6.58449e-23	1	2.82916e-23
3253	0.598576	0.289726	0.0406339	0.0536053	0.0174592
3254	0.684673	0.161628	0.046573	0.0871151	0.020011
3255	0.890489	0.0149799	0.0604737	0.00807397	0.0259838
3256	0.352453	0.398534	0.0239281	0.214804	0.0102812
3257	0.888346	0.0164953	0.060341	0.00889073	0.0259267
3258	0.0124966	0.640395	0.000850992	0.345164	0.00109339
3259	0.800466	0.0791669	0.0543461	0.0426698	0.0233509
3260	0.872736	0.0275077	0.0594054	0.0148262	0.0255247
3261	0.883755	0.0258309	0.0599925	0.0046441	0.025777
3262	0.877501	0.0315366	0.059625	0.00571772	0.0256191
3263	0.446486	0.331495	0.03032	0.178671	0.0130276
3264	0.00418881	0.646793	0.000284435	0.348612	0.000122213
3265	0.851902	0.0425064	0.0578325	0.0229103	0.0248489
3266	0.000182744	0.649641	1.24187e-05	0.350147	1.59891e-05
3267	0.897664	0.00981889	0.0610108	0.00529224	0.0262145
3268	0.28531	0.446349	0.0194205	0.240576	0.0083444
3269	0.687173	0.15993	0.0466524	0.0861998	0.0200451
3270	0.129197	0.557667	0.00878601	0.300575	0.00377509
3271	0.764904	0.104425	0.0520305	0.0562838	0.022356
3272	6.559e-05	0.844711	4.47183e-06	0.155217	1.92141e-06
3273	0.00192704	0.648404	0.00013162	0.349481	5.65532e-05
3274	1.48251e-05	0.649768	1.01157e-06	0.350216	4.3464e-07
3275	0.848117	0.045185	0.0575963	0.0243541	0.0247474
3276	0.887211	0.0214735	0.0603907	0.00497653	0.0259481
3277	1.03741e-08	0.847531	7.0418e-10	0.152468	3.02565e-10
3278	0.822508	0.0631423	0.0561786	0.0340328	0.0241383
3279	0.000255821	4.62078e-06	0.99973	2.49053e-06	7.46881e-06
3280	0.895676	0.0112955	0.0608112	0.00608809	0.0261288
3281	7.37809e-05	0.649726	5.01032e-06	0.350193	2.15279e-06
3282	0.603378	0.286533	0.0409728	0.051512	0.0176048
3283	7.34012e-09	1.68321e-08	4.98352e-10	1	2.14127e-10
3284	0.000113589	0.811751	7.71229e-06	0.188125	3.31374e-06
3285	0.229968	0.485847	0.0156119	0.261865	0.00670799
3286	4.59329e-05	0.649746	3.11857e-06	0.350204	1.33996e-06
3287	0.734296	0.126314	0.0498771	0.0680816	0.0214307
3288	1.14555e-07	3.53715e-09	1	1.90647e-09	3.34227e-09
3289	0.000377681	0.649509	2.56785e-05	0.350076	1.10333e-05
3290	0.908646	0.00236127	0.0619501	0.000424677	0.0266181
3291	0.00118485	0.648934	8.05428e-05	0.349766	3.46068e-05
3292	4.28275e-05	3.126e-05	0.999919	5.62995e-06	1.24963e-06
3293	0.0170219	0.637641	0.00115916	0.34368	0.000498055
3294	0.0692398	0.600421	0.00470083	0.323618	0.00201981
3295	0.000298279	0.649566	2.02548e-05	0.350107	8.70289e-06
3296	0.847051	0.0459259	0.0575447	0.0247534	0.0247252
3297	0.00016722	0.649659	1.13545e-05	0.350157	4.87868e-06
3298	0.000172256	0.649656	1.16968e-05	0.350155	5.02577e-06
3299	0.000595163	9.71744e-06	4.04164e-05	2.25203e-06	0.999352
3300	0.262164	0.46288	0.0178158	0.249486	0.00765493
3301	0.00308162	0.647582	0.000209446	0.349037	8.99926e-05
3302	3.98892e-22	6.46976e-18	2.71517e-23	1	1.16663e-23
3303	0.804741	0.0918736	0.0546348	0.0165131	0.0322375
3304	1.13387e-06	0.649778	7.69699e-08	0.350221	3.30717e-08
3305	0.0570179	0.609132	0.00387213	0.328314	0.00166374
3306	0.0745437	0.596639	0.00506177	0.32158	0.00217489
3307	0.00157594	0.648655	0.000107053	0.349616	4.59977e-05
3308	0.560225	0.25042	0.0380382	0.134973	0.0163439
3309	3.4425e-09	0.649779	2.33681e-10	0.350221	1.00406e-10
3310	0.865951	0.0422861	0.0588649	0.00760519	0.0252925
3311	0.686742	0.160212	0.0466503	0.0863519	0.0200442
3312	0.850348	0.043606	0.0577358	0.023503	0.0248074
3313	0.00225982	0.648167	0.000153616	0.349353	6.60043e-05
3314	3.97536e-06	0.649776	2.6992e-07	0.35022	1.15977e-07
3315	0.000441119	0.845487	2.99527e-05	0.154029	1.28698e-05
3316	3.36525e-05	0.649755	2.28494e-06	0.350208	9.81771e-07
3317	6.39914e-06	0.847122	4.34611e-07	0.152871	1.86739e-07
3318	0.602247	0.220384	0.0409787	0.118784	0.0176073
3319	0.874208	0.0345802	0.0593769	0.00632276	0.0255125
3320	0.752295	0.1135	0.051082	0.0611748	0.0219484
3321	6.74568e-06	0.649774	4.57985e-07	0.350219	1.96783e-07
3322	0.00213921	0.648254	0.000145264	0.349399	6.24158e-05
3323	0.000105344	4.0175e-05	0.999844	7.26303e-06	3.07593e-06
3324	0.783359	0.119017	0.0532345	0.0215165	0.0228733
3325	0.256494	0.607026	0.0174428	0.111542	0.00749466
3326	0.903254	0.00565548	0.0615825	0.00304823	0.0264602
3327	0.00330303	0.647424	0.000224311	0.348952	9.63798e-05
3328	0.000159402	0.649665	1.083e-05	0.35016	4.65334e-06
3329	0.871885	0.0282391	0.059213	0.0152205	0.0254421
3330	2.161e-05	0.649763	1.46696e-06	0.350213	6.30308e-07
3331	0.00121047	0.648916	8.2227e-05	0.349756	3.53305e-05
3332	0.840705	0.0657175	0.05708	0.0119723	0.0245256
3333	0.0634834	0.604525	0.00430977	0.32583	0.00185178
3334	0.903033	0.00605371	0.061308	0.00326286	0.0263422
3335	0.811299	0.0714545	0.0550712	0.038513	0.0236625
3336	1.63954e-06	0.649777	1.11312e-07	0.350221	4.78273e-08
3337	0.896545	0.0138654	0.0608702	0.00256538	0.0261541
3338	0.11339	0.742179	0.00770205	0.133419	0.00330934
3339	0.00205689	0.648312	0.000139714	0.349431	6.00311e-05
3340	0.676489	0.167539	0.0459346	0.0903011	0.0197367
3341	0.000510863	0.649414	3.46893e-05	0.350025	1.4905e-05
3342	0.000793867	0.649212	5.48398e-05	0.349916	2.3563e-05
3343	0.892668	0.0133803	0.0606713	0.00721181	0.0260686
3344	0.000121845	0.846409	8.28819e-06	0.153457	3.56119e-06
3345	6.72081e-05	0.847362	4.56296e-06	0.152564	1.96057e-06
3346	0.000910186	0.64913	6.1787e-05	0.349872	2.6548e-05
3347	0.710235	0.187199	0.0482143	0.0336358	0.0207163
3348	0.000824082	0.845486	5.60415e-05	0.153609	2.40794e-05
3349	0.000850291	0.649172	5.77298e-05	0.349895	2.48048e-05
3350	0.000105348	2.19923e-06	0.999888	1.18535e-06	3.07484e-06
3351	0.000721875	0.649264	4.91036e-05	0.349944	2.10984e-05
3352	0.827183	0.0784377	0.0561503	0.0141032	0.0241261
3353	0.72373	0.133866	0.0491389	0.0721518	0.0211135
3354	0.0122716	0.834859	0.00083305	0.151678	0.000357937
3355	5.60566e-05	0.84647	3.82875e-06	0.153469	1.6451e-06
3356	3.75569e-05	0.649752	2.55471e-06	0.350207	1.09768e-06
3357	0.000921217	0.649122	6.25633e-05	0.349867	2.68816e-05
3358	0.841674	0.0642211	0.0574301	0.0119992	0.024676
3359	0.821336	0.0641914	0.0558691	0.0345982	0.0240053
3360	3.72704e-06	0.649776	2.53456e-07	0.35022	1.08903e-07
3361	0.00331572	0.647415	0.000225298	0.348947	9.6804e-05
3362	0.0895129	0.585961	0.00608597	0.315825	0.00261496
3363	0.00659177	0.840398	0.000449125	0.152368	0.000192976
3364	2.12599e-05	3.19293e-07	0.999978	5.74599e-08	6.20628e-07
3365	0.890514	0.0194259	0.0604548	0.00362955	0.0259756
3366	0.358558	0.394176	0.024349	0.212455	0.010462
3367	7.16509e-06	0.649773	4.86807e-07	0.350219	2.09167e-07
3368	0.189103	0.514971	0.0128441	0.277562	0.00551871
3369	0.000984014	0.000115344	0.998851	2.07256e-05	2.87599e-05
3370	0.000482915	0.649434	3.28271e-05	0.350036	1.41049e-05
3371	0.890722	0.0147478	0.0605601	0.00794884	0.0260209
3372	0.000197844	0.649637	1.34799e-05	0.350145	5.79191e-06
3373	0.804111	0.0765448	0.0546193	0.0412565	0.0234683
3374	0.685144	0.2103	0.0466051	0.0379258	0.0200248
3375	0.761531	0.106899	0.0517271	0.0576171	0.0222256
3376	0.873881	0.0268381	0.0593251	0.0144653	0.0254902
3377	0.554847	0.254246	0.0376817	0.137035	0.0161907
3378	0.880154	0.0223545	0.0597638	0.0120488	0.0256787
3379	0.728502	0.130466	0.049461	0.0703193	0.0212519
3380	0.845276	0.0472339	0.0573781	0.0254584	0.0246537
3381	0.540369	0.277607	0.110037	0.0555973	0.0163896
3382	0.000170646	0.846364	1.15855e-05	0.153449	4.97796e-06
3383	0.000115901	0.649696	7.88915e-06	0.350177	3.38974e-06
3384	0.597915	0.223558	0.0405906	0.120495	0.0174406
3385	0.331662	0.539221	0.0225198	0.0969213	0.00967608
3386	0.853468	0.0522968	0.0592498	0.00952733	0.0254579
3387	3.12095e-10	9.16506e-11	1	1.65196e-11	9.10242e-12
3388	0.190863	0.513721	0.0129596	0.276888	0.00556835
3389	0.890217	0.0151884	0.0604395	0.00818631	0.0259691
3390	0.746183	0.117864	0.0506586	0.0635273	0.0217665
3391	0.803027	0.0773433	0.0545178	0.0416869	0.0234247
3392	9.38967e-08	2.89309e-09	1	5.20111e-10	2.73904e-09
3393	1.03568e-07	0.649778	7.03137e-09	0.350221	3.02117e-09
3394	0.870721	0.0286859	0.0595466	0.0154613	0.0255854
3395	0.000184185	0.649647	1.25108e-05	0.350151	5.37552e-06
3396	0.241215	0.477693	0.0165227	0.25747	0.00709932
3397	0.678757	0.165881	0.0461325	0.0894077	0.0198218
3398	0.827943	0.0718974	0.0562287	0.0197713	0.0241598
3399	0.0107861	0.642089	0.000733503	0.346077	0.000315165
3400	1.22824e-05	9.00094e-07	8.33864e-07	1.62238e-07	0.999986
3401	0.0309831	0.00722587	0.959579	0.00130797	0.000904391
3402	0.515542	0.282277	0.0349999	0.152143	0.0150384
3403	0.887306	0.0172231	0.060285	0.00928298	0.0259027
3404	1.75681e-05	0.649766	1.19349e-06	0.350215	5.12809e-07
3405	0.883971	0.0255643	0.0600438	0.00462163	0.0257991
3406	0.838047	0.0268738	0.0569177	0.00483725	0.0733246
3407	0.798288	0.0807104	0.0542083	0.0435017	0.0232917
3408	0.90677	0.00310214	0.0618718	0.00167201	0.0265845
3409	0.0055593	0.645816	0.000377521	0.348085	0.00016221
3410	8.19051e-23	6.7593e-17	5.56133e-24	1	2.38954e-24
3411	3.60908e-11	3.05808e-09	2.45056e-12	1	1.05293e-12
3412	0.0814052	0.591745	0.0055308	0.318942	0.00237642
3413	1.74747e-05	0.649766	1.18706e-06	0.350215	5.10043e-07
3414	0.861815	0.0354274	0.0585186	0.0190949	0.0251437
3415	3.08204e-08	0.649779	2.09203e-09	0.350221	8.98882e-10
3416	9.58461e-10	0.649779	6.51134e-11	0.350221	2.79773e-11
3417	0.175488	0.524684	0.0119118	0.282797	0.00511817
3418	0.00148258	0.648722	0.000100635	0.349652	4.32399e-05
3419	0.562645	0.248693	0.0382045	0.134042	0.0164153
3420	0.472057	0.313264	0.0320591	0.168845	0.0137749
3421	1.75438e-06	0.649777	1.19092e-07	0.350221	5.11705e-08
3422	0.708755	0.144552	0.0481095	0.0779116	0.0206712
3423	1.55136e-05	0.649768	1.05384e-06	0.350215	4.52802e-07
3424	5.00719e-10	4.13385e-10	3.40138e-11	1	1.46147e-11
3425	0.646242	0.246583	0.0439113	0.0443962	0.0188674
3426	0.247954	0.473008	0.0168525	0.254945	0.00724102
3427	0.0969382	0.580676	0.00658193	0.312976	0.00282806
3428	0.885825	0.023527	0.0604427	0.00423483	0.0259704
3429	2.18968e-19	1.15934e-17	1.4877e-20	1	6.39221e-21
3430	0.789387	0.087064	0.0535948	0.0469262	0.0230281
3431	0.612214	0.159361	0.124666	0.0858934	0.0178656
3432	0.74526	0.118523	0.0505953	0.0638825	0.0217393
3433	0.00587746	0.778989	0.000403431	0.214216	0.000514246
3434	0.890759	0.0147786	0.0605011	0.00796545	0.0259955
3435	0.793901	0.109297	0.0539296	0.0197003	0.023172
3436	0.00428606	0.646723	0.000291151	0.348575	0.000125099
3437	0.82761	0.0770908	0.0562155	0.0149295	0.0241541
3438	0.568217	0.244706	0.0385989	0.131893	0.0165848
3439	0.334858	0.411062	0.0227487	0.221557	0.00977443
3440	0.000468455	0.649445	3.18309e-05	0.350041	1.36768e-05
3441	0.765063	0.104395	0.0519521	0.0562675	0.0223223
3442	0.000336795	0.649538	2.28823e-05	0.350092	9.83187e-06
3443	0.00184778	0.648391	0.000126365	0.349473	0.00016167
3444	0.863931	0.0420475	0.0589488	0.00974459	0.0253285
3445	0.436774	0.33839	0.0296907	0.182387	0.0127572
3446	0.1429	0.547913	0.00970098	0.295317	0.00416822
3447	0.0070977	0.840137	0.000482337	0.152076	0.000207246
3448	0.901289	0.00944822	0.061235	0.00171657	0.0263109
3449	2.3431e-07	0.649778	1.59277e-08	0.350221	6.84368e-09
3450	0.89102	0.0190255	0.0605269	0.0034214	0.0260066
3451	2.54286e-05	0.64976	1.72664e-06	0.350212	7.41886e-07
3452	0.837835	0.065643	0.0568727	0.0152129	0.0244365
3453	2.07244e-12	0.649779	1.40673e-13	0.350221	6.04429e-14
3454	0.450162	0.328871	0.0305737	0.177257	0.0131366
3455	0.644918	0.190055	0.0437791	0.102437	0.0188106
3456	0.86533	0.0329306	0.0587482	0.0177491	0.0252424
3457	7.85636e-12	6.08953e-13	1	3.28217e-13	2.29136e-13
3458	0.818272	0.0664836	0.0555445	0.0358337	0.0238658
3459	2.36666e-11	1.71004e-13	1	9.2169e-14	6.90276e-13
3460	0.000246023	0.649603	1.67092e-05	0.350127	7.17944e-06
3461	5.6692e-06	0.649775	3.84889e-07	0.350219	1.65375e-07
3462	0.592981	0.227059	0.0402736	0.122382	0.0173044
3463	0.375214	0.498722	0.0254753	0.0896419	0.010946
3464	0.00623118	0.645336	0.000423254	0.347827	0.00018186
3465	2.14253e-08	0.847024	1.45485e-09	0.152976	6.25107e-10
3466	0.867263	0.0315551	0.0588763	0.0170078	0.0252974
3467	0.807471	0.0895021	0.0548476	0.0246124	0.0235664
3468	0.863462	0.0342565	0.0586275	0.0184637	0.0251905
3469	0.000567227	0.649374	3.89347e-05	0.350003	1.67291e-05
3470	0.0170212	0.637645	0.00115598	0.343681	0.000496688
3471	2.34983e-06	0.649777	1.5954e-07	0.350221	6.85495e-08
3472	0.79021	0.0164438	0.160912	0.00886296	0.023571
3473	3.3968e-05	0.649754	2.30689e-06	0.350208	9.91202e-07
3474	0.850422	0.0434798	0.05782	0.023435	0.0248435
3475	4.46639e-07	0.649778	3.03194e-08	0.350221	1.30274e-08
3476	0.00206481	0.648307	0.000140176	0.349428	6.02296e-05
3477	0.000888033	0.649146	6.02807e-05	0.34988	2.59008e-05
3478	0.879859	0.0292983	0.05985	0.00527664	0.0257158
3479	0.00592168	0.644811	0.00120584	0.347544	0.000518116
3480	0.897318	0.0101356	0.0609117	0.00546295	0.026172
3481	0.00102714	0.649036	8.63311e-05	0.349821	2.99699e-05
3482	0.64266	0.249699	0.0437152	0.0451418	0.0187831
3483	0.713595	0.141007	0.0485404	0.0760008	0.0208564
3484	0.735803	0.124752	0.0505058	0.0672393	0.0217008
3485	2.75464e-26	3.02911e-20	1.88383e-27	1	8.09428e-28
3486	2.74433e-06	1.76478e-07	1.86397e-07	0.999997	8.00893e-08
3487	0.57445	0.240153	0.0391397	0.129439	0.0168172
3488	6.51289e-05	0.649732	4.42167e-06	0.350196	1.89986e-06
3489	0.00364076	0.647183	0.000247284	0.348823	0.00010625
3490	9.20108e-05	0.649713	6.24562e-06	0.350186	2.68356e-06
3491	7.85038e-05	0.847528	5.32885e-06	0.152386	2.28965e-06
3492	1.34976e-06	3.55133e-07	0.999998	1.91412e-07	3.93992e-08
3493	0.899585	0.00848364	0.0611044	0.00457256	0.0262547
3494	0.213293	0.497685	0.0145325	0.268245	0.00624419
3495	0.838889	0.0637545	0.0600702	0.0114758	0.0258104
3496	0.681542	0.163559	0.0466841	0.0881558	0.0200588
3497	0.000991376	0.649072	6.7316e-05	0.349841	2.89237e-05
3498	0.00361768	0.6472	0.000245616	0.348831	0.000105534
3499	0.855857	0.0395931	0.0582023	0.0213401	0.0250078
3500	0.854809	0.0404367	0.0580272	0.0217948	0.0249326
3501	0.166758	0.530868	0.0113619	0.28613	0.00488186
3502	4.30584e-07	0.842572	2.92291e-08	0.157427	1.25589e-08
3503	4.13384e-05	2.56682e-05	0.999927	4.62026e-06	1.2074e-06
3504	0.785488	0.0897497	0.0534307	0.0483738	0.0229576
3505	0.836283	0.0536453	0.0567666	0.028914	0.0243909
3506	0.264834	0.45092	0.0180346	0.24304	0.0231716
3507	0.00172232	0.648551	0.000116916	0.34956	5.02355e-05
3508	9.77742e-05	0.840576	6.64054e-06	0.159317	2.85324e-06
3509	0.000526135	0.649403	3.6039e-05	0.350019	1.54849e-05
3510	0.88409	0.0195593	0.0600198	0.0105422	0.0257887
3511	0.853625	0.0412671	0.057961	0.0222424	0.0249041
3512	1.86968e-22	2.53858e-22	1.2699e-23	1	5.45639e-24
3513	0.00240623	0.648063	0.000163382	0.349297	7.02005e-05
3514	0.900036	0.0106507	0.0611312	0.00191554	0.0262663
3515	0.853902	0.0407516	0.0583228	0.0219645	0.0250596
3516	0.780151	0.122005	0.0530839	0.0219519	0.0228086
3517	0.000294837	0.649568	2.00299e-05	0.350108	8.60624e-06
3518	0.432162	0.360919	0.0293617	0.064889	0.112668
3519	0.860127	0.0366234	0.0584119	0.0197395	0.0250979
3520	0.000165577	0.649661	1.12444e-05	0.350158	4.8314e-06
3521	5.74436e-14	2.96666e-15	3.9014e-15	1	1.67632e-15
3522	0.2663	0.459919	0.0181096	0.24789	0.00778117
3523	0.875452	0.0257012	0.0594502	0.0138526	0.025544
3524	0.000258526	0.649594	1.75517e-05	0.350122	7.54142e-06
3525	0.000198608	6.99748e-06	1.3532e-05	3.77154e-06	0.999777
3526	0.89266	0.0134378	0.0606148	0.00724278	0.0260444
3527	0.858929	0.0374933	0.0583137	0.0202084	0.0250557
3528	0.000880615	0.649151	5.98009e-05	0.349883	2.56947e-05
3529	0.825436	0.0554082	0.0624561	0.0298642	0.0268355
3530	0.837092	0.0690941	0.0569262	0.0124281	0.0244595
3531	0.00473737	0.646402	0.000321608	0.348401	0.000138185
3532	0.364521	0.389905	0.0247751	0.210153	0.0106451
3533	7.92908e-05	5.72389e-05	0.99983	3.0851e-05	2.31591e-06
3534	0.812922	0.0702694	0.0552113	0.0378742	0.0237227
3535	0.00426722	0.646736	0.000290355	0.348582	0.000124757
3536	0.00350651	0.647275	0.000242227	0.348872	0.000104078
3537	0.894973	0.0117806	0.060781	0.00634957	0.0261158
3538	0.00199036	0.64836	0.000135122	0.349457	5.80578e-05
3539	0.829884	0.075889	0.0563538	0.01366	0.0242136
3540	9.39984e-08	0.649779	6.38263e-09	0.350221	2.74243e-09
3541	0.000597635	0.649352	4.06977e-05	0.349992	1.74866e-05
3542	0.899458	0.00954164	0.0610885	0.00172076	0.0281915
3543	0.813488	0.0911728	0.0552225	0.0163891	0.0237275
3544	3.15666e-34	1.65876e-29	2.1428e-35	1	9.20697e-36
3545	0.882299	0.0271877	0.0598933	0.00488565	0.0257344
3546	0.175139	0.524927	0.0118949	0.282928	0.0051109
3547	0.000682972	0.649292	4.63683e-05	0.349959	1.99231e-05
3548	0.817473	0.0670355	0.0555093	0.0361312	0.0238507
3549	0.00284474	0.647751	0.000193119	0.349128	8.29777e-05
3550	6.08531e-10	4.9674e-11	1	8.92559e-12	1.77536e-11
3551	3.70534e-07	0.649778	2.51542e-08	0.350221	1.0808e-08
3552	0.577398	0.310708	0.0392115	0.0558353	0.016848
3553	0.821197	0.0840014	0.055752	0.0150946	0.023955
3554	0.459933	0.321911	0.0312311	0.173506	0.0134191
3555	6.09801e-05	0.649735	4.148e-06	0.350198	1.78227e-06
3556	4.8596e-08	1.2557e-09	1	2.91011e-10	1.41789e-09
3557	0.289341	0.443512	0.0196549	0.239047	0.00844512
3558	3.53329e-05	0.649753	2.39899e-06	0.350208	1.03078e-06
3559	0.880495	0.0267062	0.0597724	0.00734401	0.0256824
3560	4.73765e-05	1.82553e-07	0.999951	3.2878e-08	1.38231e-06
3561	1.10646e-07	0.649778	7.5135e-09	0.350221	3.22833e-09
3562	1.50875e-11	5.45144e-13	1.0266e-12	1	4.41099e-13
3563	0.196632	0.50961	0.0133499	0.274672	0.00573607
3564	5.84862e-05	1.38201e-06	0.999938	2.51772e-07	1.70674e-06
3565	0.816531	0.067724	0.0554272	0.0365023	0.0238154
3566	0.876036	0.0252186	0.0595615	0.0135925	0.0255918
3567	3.22797e-14	2.18723e-05	2.19111e-15	0.999978	9.41455e-16
3568	0.071817	0.59858	0.00487987	0.322626	0.00209673
3569	0.902221	0.00862543	0.0612732	0.00155257	0.0263273
3570	0.000395246	8.05337e-06	0.999583	2.21462e-06	1.15424e-05
3571	0.903824	0.00548758	0.0613644	0.00295773	0.0263665
3572	1.04817e-06	0.784317	7.11848e-08	0.215682	3.0586e-08
3573	0.895473	0.0114218	0.0608179	0.00615617	0.0261316
3574	4.32837e-08	0.847281	2.94026e-09	0.152719	1.26334e-09
3575	0.870779	0.037893	0.0591108	0.00681921	0.0253982
3576	4.34036e-05	0.649748	2.94621e-06	0.350205	1.2659e-06
3577	3.90435e-05	1.97748e-05	0.999929	1.06584e-05	1.14083e-06
3578	0.892011	0.0180994	0.0605828	0.00327622	0.0260306
3579	0.846342	0.0606021	0.0574608	0.0109059	0.0246892
3580	8.53471e-05	3.95899e-06	0.999907	7.11602e-07	2.49613e-06
3581	1.49564e-05	0.649768	1.01547e-06	0.350216	4.36317e-07
3582	0.0249642	0.823927	0.00169559	0.148685	0.000728545
3583	0.000297316	0.847234	2.01868e-05	0.152439	8.67366e-06
3584	0.427686	0.344852	0.0290921	0.18587	0.0125
3585	6.22168e-06	6.39282e-08	4.24185e-07	3.44564e-08	0.999993
3586	6.2433e-09	1.28134e-05	1.27134e-09	0.999987	1.82202e-10
3587	5.77473e-12	7.36556e-10	3.92137e-13	1	1.6849e-13
3588	0.366829	0.388241	0.0249525	0.209256	0.0107214
3589	0.000754811	0.649241	5.12503e-05	0.349931	2.20207e-05
3590	2.70441e-05	0.649759	1.83575e-06	0.350211	7.88769e-07
3591	2.19312e-05	0.649763	1.48968e-06	0.350213	6.4007e-07
3592	5.03148e-06	0.649775	3.42164e-07	0.350219	1.47018e-07
3593	0.732655	0.166173	0.0497532	0.0300416	0.0213775
3594	0.641955	0.250449	0.0436672	0.0451664	0.0187625
3595	3.88804e-05	0.649751	2.64012e-06	0.350206	1.13438e-06
3596	1.95266e-07	0.649778	1.32554e-08	0.350221	5.69544e-09
3597	0.253784	0.468846	0.0172547	0.252701	0.00741385
3598	1.02432e-05	0.649771	6.95326e-07	0.350217	2.98761e-07
3599	0.000142614	0.649677	9.68856e-06	0.350167	4.16289e-06
3600	2.07788e-05	0.649764	1.41042e-06	0.350213	6.06016e-07
3601	2.60985e-05	0.811829	1.77301e-06	0.188143	7.61809e-07
3602	3.18268e-09	5.01044e-08	2.16068e-10	1	9.28382e-11
3603	0.0318133	0.627099	0.00216107	0.337998	0.00092855
3604	1.32704e-05	0.649769	9.01019e-07	0.350216	3.87141e-07
3605	0.765731	0.103836	0.0520868	0.0559661	0.0223801
3606	0.61821	0.20906	0.0420021	0.112681	0.0180471
3607	3.17947e-10	0.847128	2.15815e-11	0.152872	9.27295e-12
3608	0.616025	0.271575	0.0418316	0.0525937	0.0179738
3609	0.0159797	0.638384	0.00108818	0.34408	0.000467559
3610	0.86525	0.0429371	0.0588172	0.00772319	0.025272
3611	0.474747	0.405962	0.032315	0.0730917	0.0138848
3612	0.0700981	0.781763	0.00476214	0.141331	0.00204615
3613	0.0160224	0.638356	0.00108848	0.344065	0.00046769
3614	0.90459	0.00644527	0.0614129	0.00116404	0.0263873
3615	0.91106	0.000369022	0.0619053	6.6362e-05	0.0265989
3616	0.0838981	0.768945	0.0056964	0.139013	0.00244758
3617	0.874117	0.0347684	0.0593539	0.00625827	0.0255026
3618	3.20692e-06	6.21691e-08	2.17684e-07	3.35083e-08	0.999996
3619	1.10736e-05	0.649771	7.51864e-07	0.350217	3.23054e-07
3620	0.865275	0.0329458	0.0587702	0.0177573	0.0252518
3621	0.000780083	0.846733	5.30056e-05	0.152411	2.27749e-05
3622	0.773767	0.12474	0.0525415	0.026376	0.0225755
3623	0.01228	0.834851	0.00083402	0.151677	0.000358354
3624	5.88284e-06	0.649774	3.99621e-07	0.350219	1.71705e-07
3625	0.385359	0.488583	0.026213	0.0885821	0.0112629
3626	1.25194e-08	0.649779	8.50113e-10	0.350221	3.65268e-10
3627	0.349556	0.4006	0.0237305	0.215918	0.0101963
3628	0.855379	0.0400278	0.0580686	0.0215744	0.0249503
3629	4.05262e-08	8.41977e-10	1	4.53814e-10	1.18201e-09
3630	0.00206512	0.648306	0.000140215	0.349428	6.02463e-05
3631	7.23261e-05	0.649727	4.91573e-06	0.350194	2.11214e-06
3632	0.643835	0.190805	0.0437298	0.102841	0.0187894
3633	0.1242	0.561222	0.00845406	0.302491	0.00363246
3634	0.000826262	0.64919	5.61121e-05	0.349904	2.41097e-05
3635	1.86835e-07	0.649778	1.26822e-08	0.350221	5.44918e-09
3636	0.889996	0.015326	0.0604459	0.00826052	0.0259718
3637	0.868109	0.0309446	0.0589418	0.0166787	0.0253255
3638	0.760977	0.107265	0.0517207	0.0578143	0.0222229
3639	0.875831	0.0253213	0.0595942	0.0136478	0.0256059
3640	0.798388	0.104728	0.0542133	0.0193769	0.0232939
3641	0.883632	0.0198674	0.0600081	0.0107083	0.0257837
3642	0.904006	0.00530482	0.0614334	0.00285922	0.0263961
3643	8.74573e-05	0.649716	5.9462e-06	0.350188	2.55491e-06
3644	3.13367e-10	0.649779	2.12984e-11	0.350221	9.15128e-12
3645	0.85427	0.0492226	0.0580351	0.0135359	0.024936
3646	0.423568	0.452792	0.0287843	0.0824888	0.0123678
3647	0.855052	0.0402639	0.058043	0.0217017	0.0249394
3648	1.30152e-05	5.80997e-07	0.999986	3.13149e-07	3.79831e-07
3649	0.318656	0.422627	0.0216317	0.22779	0.00929451
3650	5.16532e-08	0.649779	3.51019e-09	0.350221	1.50822e-09
3651	2.26831e-05	4.08327e-07	0.999976	2.20082e-07	6.62792e-07
3652	0.653534	0.183888	0.0443914	0.099113	0.0190736
3653	0.888815	0.0211221	0.0603376	0.00379981	0.0259253
3654	0.81327	0.0913113	0.0552298	0.0164585	0.0237306
3655	0.575317	0.239671	0.0390526	0.12918	0.0167798
3656	0.435809	0.442036	0.0297128	0.0796751	0.0127667
3657	0.863667	0.0444819	0.0586549	0.00799398	0.0252023
3658	0.555979	0.316612	0.0377939	0.0733755	0.0162389
3659	0.576888	0.311083	0.0391716	0.0560262	0.0168309
3660	0.903074	0.00602316	0.0613125	0.0032464	0.0263441
3661	0.80854	0.0957519	0.0548914	0.0172315	0.0235852
3662	0.0052953	0.842685	0.000359738	0.151505	0.000154569
3663	0.00100577	0.649062	6.82739e-05	0.349835	2.93353e-05
3664	0.862001	0.0459935	0.0585657	0.00827542	0.025164
3665	6.36862e-05	0.649733	4.32694e-06	0.350197	1.85916e-06
3666	1.89355e-05	0.649765	1.28698e-06	0.350214	5.52975e-07
3667	0.000282718	0.649577	1.92153e-05	0.350113	8.25625e-06
3668	3.82486e-08	1.41146e-09	1	2.53632e-10	1.11716e-09
3669	4.00109e-17	6.08052e-16	2.7159e-18	1	1.16694e-18
3670	0.844115	0.0478915	0.0574824	0.0258128	0.0246985
3671	2.89976e-06	0.847652	1.96898e-07	0.152345	8.46014e-08
3672	0.0123954	0.640941	0.000843425	0.345458	0.000362395
3673	0.00448873	0.84304	0.000304801	0.152035	0.000130964
3674	5.48265e-07	0.649778	3.72192e-08	0.350221	1.5992e-08
3675	3.90832e-06	0.649776	2.65301e-07	0.35022	1.13992e-07
3676	0.613565	0.277065	0.0416738	0.0497904	0.017906
3677	8.38884e-06	0.649773	5.696e-07	0.350218	2.4474e-07
3678	0.421019	0.349623	0.0286197	0.188442	0.012297
3679	0.544598	0.261474	0.0370697	0.140931	0.0159277
3680	0.00203177	0.64833	0.000138018	0.349441	5.93023e-05
3681	0.128406	0.558246	0.00871625	0.300886	0.00374511
3682	0.886067	0.0178663	0.0604592	0.00962969	0.0259775
3683	0.791054	0.0858825	0.0537007	0.0462894	0.0230736
3684	0.880679	0.0286802	0.0597952	0.00515335	0.0256922
3685	0.80188	0.101105	0.0544541	0.0191628	0.0233973
3686	0.665114	0.175636	0.0451751	0.0946652	0.0194104
3687	0.00365456	0.647173	0.000248868	0.348817	0.000106931
3688	5.47357e-05	0.847539	3.71587e-06	0.152401	1.5966e-06
3689	0.00987695	0.642738	0.000670493	0.346427	0.000288091
3690	0.00112189	0.648979	7.61585e-05	0.34979	3.2723e-05
3691	0.850231	0.056869	0.0577962	0.0102708	0.0248333
3692	0.0018349	0.648471	0.000124587	0.349516	5.35312e-05
3693	2.81981e-08	7.21778e-09	1	3.89028e-09	8.2271e-10
3694	1.11827e-06	2.9963e-07	0.999998	5.39833e-08	3.26209e-08
3695	1.00928e-07	0.840666	6.8538e-09	0.159334	2.94488e-09
3696	0.00330368	0.647422	0.000226294	0.348951	9.7232e-05
3697	0.856209	0.0511564	0.0583371	0.00923163	0.0250657
3698	0.23383	0.483091	0.0158774	0.260379	0.00682206
3699	0.00632232	0.645271	0.000429549	0.347792	0.000184564
3700	0.852992	0.0417301	0.0579057	0.0224919	0.0248804
3701	0.000251408	0.649599	1.70702e-05	0.350125	7.33455e-06
3702	1.26177e-07	0.784318	8.57003e-09	0.215682	3.68229e-09
3703	6.91918e-25	3.82256e-26	4.6973e-26	1	2.01829e-26
3704	3.88683e-05	7.50085e-06	0.999948	4.04285e-06	1.13406e-06
3705	0.898195	0.00944802	0.0610384	0.00509235	0.0262264
3706	0.639245	0.252676	0.0433997	0.046032	0.0186475
3707	3.38424e-07	0.847024	2.29714e-08	0.152976	9.87014e-09
3708	0.0914179	0.584612	0.00620613	0.315098	0.00266659
3709	6.46206e-08	0.649779	4.38693e-09	0.350221	1.88493e-09
3710	5.8677e-05	0.649737	3.98702e-06	0.350199	1.7131e-06
3711	0.000118565	0.649694	8.04841e-06	0.350176	3.45816e-06
3712	0.904531	0.00498854	0.0614069	0.00268875	0.0263847
3713	6.98856e-05	0.649729	4.7492e-06	0.350195	2.04059e-06
3714	0.882584	0.0205377	0.0600199	0.0110695	0.0257888
3715	0.89399	0.012406	0.0607955	0.00668665	0.026122
3716	4.74802e-05	0.649745	3.22887e-06	0.350203	1.38735e-06
3717	0.907355	0.00368903	0.0617044	0.000738814	0.0265126
3718	1.05989e-05	6.87014e-07	7.19441e-07	0.999988	3.09122e-07
3719	0.414062	0.354587	0.0281422	0.191117	0.0120919
3720	2.77416e-10	1.22183e-11	1	2.447e-12	8.09931e-12
3721	0.00574462	0.645683	0.000390158	0.348014	0.000167639
3722	9.33715e-08	0.649779	6.38546e-09	0.350221	2.74364e-09
3723	9.21029e-07	0.649778	6.2518e-08	0.350221	2.68621e-08
3724	5.78946e-07	0.649778	3.93137e-08	0.350221	1.68919e-08
3725	0.838312	0.052187	0.0569175	0.028128	0.0244558
3726	0.000701177	0.649279	4.75994e-05	0.349952	2.04521e-05
3727	0.865384	0.032885	0.0587594	0.0177246	0.0252472
3728	0.497439	0.295176	0.033776	0.159096	0.0145126
3729	0.0293857	0.820259	0.00200023	0.147495	0.000859439
3730	0.585993	0.232019	0.0398222	0.125055	0.0171104
3731	2.56035e-05	0.837735	1.73798e-06	0.162237	7.4676e-07
3732	2.31641e-05	3.35455e-06	0.999972	6.02917e-07	6.75692e-07
3733	0.648232	0.244841	0.0440033	0.0440168	0.0189069
3734	0.000141507	0.649678	9.60552e-06	0.350167	4.12721e-06
3735	0.750877	0.148962	0.0510764	0.0271377	0.021946
3736	0.565822	0.246433	0.0384154	0.132824	0.016506
3737	9.55063e-05	0.64971	6.48293e-06	0.350185	2.78552e-06
3738	0.761605	0.106857	0.0517212	0.0575941	0.0222231
3739	0.900949	0.00979796	0.0611758	0.00179149	0.0262854
3740	4.89343e-08	0.649779	3.32704e-09	0.350221	1.42953e-09
3741	0.887563	0.0170343	0.0603087	0.00918122	0.0259129
3742	0.00725777	0.644605	0.000492761	0.347433	0.000211725
3743	0.435101	0.339612	0.0295458	0.183046	0.012695
3744	0.000640678	0.783767	4.34948e-05	0.21553	1.86884e-05
3745	0.000112111	0.649699	7.63118e-06	0.350178	3.27889e-06
3746	0.000102863	0.649705	6.985e-06	0.350182	3.00125e-06
3747	0.219319	0.618149	0.0446605	0.111329	0.00654203
3748	0.0597114	0.607211	0.00405652	0.327278	0.00174312
3749	0.811757	0.0711107	0.0551211	0.0383277	0.0236839
3750	0.000280676	0.825205	1.90696e-05	0.174487	8.19364e-06
3751	0.000495405	0.649425	3.36328e-05	0.350031	1.4451e-05
3752	0.275421	0.00876825	0.706198	0.00157917	0.00803353
3753	0.367276	0.387947	0.0249559	0.209098	0.0107228
3754	0.000216013	0.847424	1.46749e-05	0.152339	6.30536e-06
3755	4.34311e-06	0.649775	2.94883e-07	0.35022	1.26703e-07
3756	0.89805	0.00952378	0.0610583	0.00513318	0.0262349
3757	1.5669e-06	0.847649	1.06425e-07	0.152349	4.57279e-08
3758	0.000898155	0.649138	6.11133e-05	0.349876	2.62586e-05
3759	0.00169845	0.648567	0.000115722	0.349569	4.97225e-05
3760	0.000239584	0.649608	1.62719e-05	0.350129	6.99154e-06
3761	0.883413	0.0200214	0.0599959	0.0107913	0.0257784
3762	0.0187429	0.830239	0.00127246	0.149199	0.000546738
3763	0.69765	0.198804	0.0473824	0.0358047	0.0203588
3764	0.000633469	0.649327	4.30081e-05	0.349978	1.84793e-05
3765	0.00556929	0.8424	0.000378085	0.15149	0.000162452
3766	0.000154149	0.649669	1.04637e-05	0.350162	4.49596e-06
3767	9.3797e-06	0.844763	6.36798e-07	0.155227	2.73613e-07
3768	0.793229	0.10997	0.0538503	0.0198129	0.0231379
3769	0.158744	0.536529	0.0108736	0.289181	0.00467207
3770	0.817185	0.0859727	0.0560919	0.0166496	0.024101
3771	4.81574e-05	0.649744	3.26895e-06	0.350203	1.40457e-06
3772	0.856461	0.0392547	0.0581435	0.0211577	0.0249826
3773	0.870988	0.0376947	0.0591292	0.00678225	0.0254061
3774	0.000322449	0.649549	2.19039e-05	0.350098	9.41146e-06
3775	0.417988	0.458528	0.0283901	0.0828949	0.0121984
3776	0.333339	0.412151	0.0226394	0.222143	0.00972749
3777	0.0827912	0.769063	0.00562325	0.140106	0.00241614
3778	4.81535e-05	0.649744	3.27162e-06	0.350203	1.40572e-06
3779	0.837435	0.0527806	0.0568915	0.028448	0.0244446
3780	0.624434	0.20463	0.0424178	0.110293	0.0182257
3781	0.000239438	0.649608	1.62921e-05	0.350129	7.00024e-06
3782	3.13327e-11	6.24846e-12	2.12689e-12	1	9.13863e-13
3783	0.00163624	0.648612	0.000111142	0.349593	4.77543e-05
3784	0.898769	0.00909804	0.0610133	0.00490371	0.0262156
3785	0.807331	0.0896329	0.0548289	0.0246484	0.0235584
3786	0.815193	0.0893319	0.0553562	0.0163337	0.0237849
3787	0.893419	0.0167477	0.0606464	0.00312916	0.026058
3788	1.88674e-05	0.847607	1.2808e-06	0.152372	5.50321e-07
3789	0.868498	0.0306698	0.0589659	0.0165306	0.0253359
3790	0.883792	0.0197597	0.0600126	0.0106502	0.0257856
3791	0.0218853	0.813138	0.00148798	0.16285	0.00063934
3792	0.0427428	0.61931	0.00290182	0.333799	0.00124683
3793	0.000240971	0.649607	1.63646e-05	0.350129	7.03136e-06
3794	2.05895e-10	0.649779	1.39846e-11	0.350221	6.00877e-12
3795	0.330778	0.0165294	0.0224655	0.00890912	0.621318
3796	1.22241e-06	0.649778	8.30062e-08	0.350221	3.56653e-08
3797	0.228728	0.60808	0.0155759	0.140924	0.00669251
3798	0.709436	0.187795	0.0482254	0.033822	0.020721
3799	0.00669189	0.645008	0.000454519	0.34765	0.000195293
3800	0.812672	0.0919032	0.055185	0.0165289	0.0237114
3801	0.867072	0.0316844	0.0588713	0.0170775	0.0252953
3802	0.463689	0.319235	0.0314852	0.172063	0.0135283
3803	0.826071	0.0607807	0.0562289	0.0327599	0.0241599
3804	7.81616e-09	3.97824e-10	5.30993e-10	2.14421e-10	1
3805	0.786396	0.116193	0.0534787	0.0209544	0.0229782
3806	0.000297485	0.649567	2.02016e-05	0.350107	8.68003e-06
3807	6.15197e-07	6.81939e-08	4.17698e-08	0.999999	1.79473e-08
3808	0.896492	0.0105902	0.0610001	0.00570798	0.0262099
3809	0.821065	0.064465	0.0557643	0.0347457	0.0239603
3810	0.0104668	0.642317	0.000711006	0.3462	0.000305498
3811	0.89508	0.0151586	0.0608697	0.0027377	0.0261539
3812	0.873881	0.032056	0.0596277	0.00881515	0.0256203
3813	0.251189	0.469729	0.0170553	0.253177	0.00884954
3814	0.00207917	0.648296	0.000141204	0.349423	6.06713e-05
3815	1.55362e-09	3.20749e-11	1	1.72879e-11	4.53539e-11
3816	0.000168902	0.846365	1.1478e-05	0.15345	4.93176e-06
3817	0.728105	0.170537	0.0494535	0.0306554	0.0212487
3818	0.659837	0.179307	0.0449138	0.0966438	0.0192981
3819	0.00277628	0.830606	0.000188474	0.166348	8.09819e-05
3820	0.583604	0.233755	0.0396248	0.12599	0.0170256
3821	0.000181761	5.71804e-05	0.999725	3.08194e-05	5.33416e-06
3822	0.652064	0.240823	0.0443183	0.0437531	0.0190423
3823	0.00729332	0.644579	0.000495474	0.347419	0.000212891
3824	4.24988e-05	0.649748	2.88809e-06	0.350205	1.24092e-06
3825	0.0254778	0.823945	0.00172998	0.148104	0.000743323
3826	0.00456155	2.46066e-05	0.995268	1.32626e-05	0.000133052
3827	3.25507e-06	6.28984e-07	0.999996	3.39013e-07	9.49947e-08
3828	7.59487e-05	0.649724	5.1747e-06	0.350192	2.22341e-06
3829	2.21505e-10	2.69548e-11	1	4.9872e-12	6.46118e-12
3830	3.03041e-09	0.649779	2.06274e-10	0.350221	8.86298e-11
3831	0.894248	0.0122541	0.0607786	0.00660476	0.0261148
3832	0.835906	0.0538938	0.0567628	0.029048	0.0243893
3833	6.66046e-10	0.784318	4.52175e-11	0.215682	1.94286e-11
3834	0.244516	0.620265	0.016598	0.111489	0.00713167
3835	0.015938	0.832796	0.00108309	0.149718	0.000465373
3836	0.862358	0.0350486	0.0585472	0.0188907	0.025156
3837	0.853627	0.0536845	0.0579914	0.00978014	0.0249172
3838	0.652585	0.24073	0.0443301	0.0433067	0.0190473
3839	8.10072e-08	0.649779	5.49865e-09	0.350221	2.36261e-09
3840	0.00601976	0.645487	0.000408674	0.347909	0.000175595
3841	0.238047	0.480076	0.0161733	0.258754	0.00694917
3842	0.638039	0.19492	0.0433539	0.105059	0.0186279
3843	0.753121	0.112858	0.051195	0.0608291	0.021997
3844	0.0122717	0.641031	0.000833108	0.345506	0.000357962
3845	0.0024384	0.844466	0.000165629	0.152859	7.11658e-05
3846	0.872762	0.0275717	0.0593183	0.0148608	0.0254873
3847	2.49268e-05	0.784297	1.69242e-06	0.215676	7.27181e-07
3848	0.27323	0.455004	0.0185528	0.245241	0.00797157
3849	0.0199285	0.00139039	0.97784	0.000259781	0.000581368
3850	3.07021e-08	0.847661	2.08401e-09	0.152339	8.95439e-10
3851	7.49363e-10	0.649779	5.08793e-11	0.350221	2.18613e-11
3852	0.890563	0.0149217	0.0604844	0.00804257	0.0259884
3853	0.00319404	0.647502	0.000216835	0.348994	9.31677e-05
3854	0.854556	0.0406136	0.0580137	0.0218901	0.0249267
3855	2.16408e-05	0.649763	1.46912e-06	0.350213	6.31239e-07
3856	0.0350645	0.624782	0.00238116	0.336749	0.00102311
3857	0.000434072	0.649469	2.96852e-05	0.350055	1.27549e-05
3858	2.92478e-06	0.649776	1.98714e-07	0.35022	8.53816e-08
3859	2.38101e-05	0.649762	1.61696e-06	0.350212	6.9476e-07
3860	0.778619	0.0947439	0.0528595	0.0510656	0.0227122
3861	0.897118	0.0133345	0.0609296	0.00243813	0.0261797
3862	0.223682	0.490296	0.01522	0.264262	0.0065396
3863	1.26258e-07	0.649778	8.57608e-09	0.350221	3.68489e-09
3864	1.27688e-08	0.847128	8.66729e-10	0.152872	3.72408e-10
3865	7.24272e-05	0.649727	4.92037e-06	0.350194	2.11414e-06
3866	0.000101393	0.649706	6.88371e-06	0.350182	2.95772e-06
3867	0.0103739	0.837978	0.000704319	0.150641	0.000302625
3868	3.95301e-17	8.39995e-13	2.68574e-18	1	1.15398e-18
3869	0.0168674	0.810184	0.00114539	0.171311	0.000492142
3870	1.32593e-06	0.649778	9.00101e-08	0.350221	3.86747e-08
3871	0.850422	0.0435228	0.0577737	0.0234582	0.0248236
3872	0.000182675	0.649648	1.24112e-05	0.350151	5.33273e-06
3873	3.37333e-07	0.649778	2.28997e-08	0.350221	9.83933e-09
3874	0.903899	0.00541192	0.0613936	0.00291695	0.026379
3875	0.00219847	0.835738	0.000149383	0.16185	6.41855e-05
3876	0.851669	0.0554057	0.0578767	0.0101809	0.0248679
3877	0.39812	0.365971	0.0270378	0.197253	0.0116174
3878	0.842153	0.0492272	0.0574167	0.0265328	0.0246703
3879	0.875361	0.0257262	0.0594867	0.0138661	0.0255597
3880	0.147541	0.544605	0.0100163	0.293534	0.00430369
3881	1.68076e-06	0.840664	1.14107e-07	0.159334	4.90285e-08
3882	7.94241e-05	0.649722	5.39375e-06	0.350191	2.31753e-06
3883	8.75532e-05	0.847543	5.94983e-06	0.15236	2.55647e-06
3884	5.15935e-06	0.649775	3.50613e-07	0.350219	1.50648e-07
3885	4.40782e-05	0.649747	2.99233e-06	0.350204	1.28572e-06
3886	0.000103756	0.649705	7.05006e-06	0.350182	3.0292e-06
3887	0.00216764	0.648233	0.0001472	0.349389	6.32475e-05
3888	5.719e-13	3.80487e-09	3.88439e-14	1	1.66901e-14
3889	0.638389	0.194666	0.0433829	0.104922	0.0186403
3890	1.02697e-06	0.649778	6.97279e-08	0.350221	2.996e-08
3891	9.96047e-23	4.20402e-21	6.76258e-24	1	2.90568e-24
3892	0.69442	0.201722	0.0472238	0.0363436	0.0202907
3893	0.899895	0.0108243	0.0610847	0.00194947	0.0262463
3894	0.029875	0.628481	0.00202997	0.338742	0.000872218
3895	0.436935	0.437696	0.0296644	0.0829581	0.0127459
3896	0.894179	0.0123682	0.0607041	0.0066663	0.0260827
3897	6.08997e-06	0.649774	4.13473e-07	0.350219	1.77657e-07
3898	7.92972e-05	5.21785e-06	0.99991	2.81235e-06	2.31703e-06
3899	0.896221	0.0142234	0.0608505	0.00255963	0.0261456
3900	0.875495	0.0333043	0.0594391	0.00622262	0.0255392
3901	0.585079	0.232682	0.0397476	0.125412	0.0170784
3902	0.000434876	0.649469	2.95569e-05	0.350054	1.26997e-05
3903	2.456e-09	0.649779	1.66771e-10	0.350221	7.16564e-11
3904	0.895487	0.0113614	0.0608726	0.00612362	0.0261552
3905	5.64799e-10	0.649779	3.8364e-11	0.350221	1.64839e-11
3906	0.00219343	0.648215	0.000148903	0.349379	6.39793e-05
3907	0.862949	0.0450771	0.0586608	0.00810811	0.0252048
3908	9.85323e-07	0.649778	6.68906e-08	0.350221	2.87409e-08
3909	0.00302375	0.647623	0.00020527	0.34906	8.81984e-05
3910	0.00176283	0.648522	0.000119796	0.349544	5.14729e-05
3911	0.552073	0.256234	0.0374825	0.138106	0.0161051
3912	0.903559	0.00565047	0.0613743	0.00304552	0.0263707
3913	0.868467	0.0306784	0.0589782	0.0165352	0.0253412
3914	0.000490321	0.847236	3.32826e-05	0.152226	1.43006e-05
3915	0.0239295	0.632719	0.00162617	0.341027	0.000698718
3916	0.848871	0.0446396	0.0576561	0.0240601	0.0247731
3917	0.0306867	0.627904	0.00208352	0.338431	0.000895228
3918	5.72954e-07	0.649778	3.88915e-08	0.350221	1.67105e-08
3919	0.829278	0.0586204	0.0563109	0.0315956	0.0241951
3920	0.867471	0.0408805	0.0588953	0.00744754	0.0253056
3921	0.000862035	0.649164	5.85811e-05	0.34989	2.51706e-05
3922	0.752977	0.112994	0.0511496	0.0609022	0.0219775
3923	3.11094e-05	0.649756	2.11205e-06	0.350209	9.07486e-07
3924	0.887346	0.0172443	0.0602345	0.00929444	0.025881
3925	0.0403963	0.620982	0.00274277	0.3347	0.00117849
3926	0.27407	0.017322	0.69127	0.00933632	0.00800079
3927	0.0373587	0.812027	0.00253717	0.146987	0.00109015
3928	0.842458	0.0638893	0.0572379	0.0118209	0.0245934
3929	0.888529	0.0163386	0.0603816	0.00880627	0.0259442
3930	0.000277278	0.84361	1.8831e-05	0.156085	8.09303e-06
3931	0.0112217	0.774149	0.000762237	0.212885	0.000981841
3932	0.155214	0.673609	0.010539	0.15611	0.00452829
3933	0.509924	0.286283	0.0346174	0.154302	0.0148741
3934	1.5477e-05	0.649768	1.05153e-06	0.350215	4.51813e-07
3935	0.886383	0.0233903	0.0601693	0.0042046	0.025853
3936	0.00645642	0.645176	0.000438328	0.347741	0.000188337
3937	0.000175928	0.649653	1.19439e-05	0.350154	5.13196e-06
3938	1.27103e-05	9.35825e-07	0.999985	5.04396e-07	3.71238e-07
3939	0.00364328	0.647181	0.000247372	0.348822	0.000106288
3940	0.796462	0.0820224	0.0540727	0.0442089	0.0232335
3941	0.768222	0.102006	0.0523143	0.0549798	0.0224779
3942	3.05009e-05	0.649757	2.07165e-06	0.35021	8.90125e-07
3943	4.68856e-06	0.649775	3.18619e-07	0.35022	1.36901e-07
3944	2.27614e-05	2.40921e-06	0.999973	1.29853e-06	6.6599e-07
3945	0.244861	0.619805	0.016626	0.111564	0.00714371
3946	1.16902e-19	1.1334e-14	7.9383e-21	1	3.41085e-21
3947	0.536096	0.349107	0.0363939	0.0627654	0.0156374
3948	1.01597e-05	0.649771	6.89928e-07	0.350218	2.96442e-07
3949	0.112726	0.741124	0.00778702	0.135017	0.00334585
3950	0.896482	0.0139956	0.0608585	0.00251476	0.0261491
3951	0.000371392	0.846867	2.52117e-05	0.152725	1.08327e-05
3952	0.00629321	0.838939	0.000427726	0.154156	0.000183781
3953	1.58598e-07	0.649778	1.07675e-08	0.350221	4.6265e-09
3954	1.9914e-08	1.32674e-09	1.35299e-09	7.15095e-10	1
3955	0.036154	0.624006	0.00245524	0.33633	0.00105494
3956	0.682964	0.162888	0.046412	0.0877943	0.0199419
3957	0.495486	0.296492	0.0337267	0.159805	0.0144914
3958	0.00113867	0.846605	7.73394e-05	0.152146	3.32304e-05
3959	1.03385e-05	0.649771	7.02163e-07	0.350217	3.01699e-07
3960	0.602554	0.218169	0.043147	0.11759	0.018539
3961	0.794277	0.109048	0.0539162	0.0195924	0.0231662
3962	0.568362	0.244605	0.038606	0.131839	0.0165879
3963	0.838127	0.0682365	0.0569156	0.0122655	0.024455
3964	3.64473e-05	5.13749e-06	0.999955	2.76904e-06	1.0641e-06
3965	0.0918322	0.584315	0.00623573	0.314938	0.00267931
3966	0.805219	0.0755983	0.0548629	0.0407464	0.023573
3967	0.86288	0.0448049	0.0588771	0.00814023	0.0252977
3968	0.153871	0.540083	0.0104566	0.291097	0.00449287
3969	3.82921e-07	0.847565	2.60083e-08	0.152435	1.1175e-08
3970	0.000574138	0.649369	3.90119e-05	0.350001	1.67623e-05
3971	8.60005e-08	0.000488202	5.83797e-09	0.999512	2.5084e-09
3972	0.239815	0.478781	0.0163309	0.258056	0.0070169
3973	0.630192	0.200519	0.0428162	0.108077	0.0183968
3974	0.00317668	0.647514	0.000215877	0.349001	9.27559e-05
3975	0.900514	0.00734238	0.0616832	0.00395744	0.0265034
3976	0.652441	0.184682	0.0443006	0.0995411	0.0190347
3977	8.36466e-05	0.649719	5.7029e-06	0.350189	2.45037e-06
3978	3.08504e-08	0.649779	2.09444e-09	0.350221	8.9992e-10
3979	0.780436	0.121729	0.0531227	0.021887	0.0228252
3980	7.30786e-10	0.847671	4.96153e-11	0.152329	2.13182e-11
3981	0.885194	0.0244996	0.0600864	0.00440235	0.0258174
3982	0.885982	0.0180628	0.060307	0.00973559	0.0259121
3983	0.820175	0.0848879	0.0556897	0.0153188	0.0239282
3984	0.729526	0.150242	0.0551991	0.0413154	0.0237174
3985	0.869501	0.0298139	0.0591852	0.0160693	0.0254301
3986	7.3885e-22	6.7593e-17	1.50453e-22	1	2.32276e-23
3987	0.0703626	0.781177	0.00477749	0.141631	0.00205275
3988	7.75339e-08	2.47292e-08	1	4.57541e-09	2.2617e-09
3989	0.805823	0.0753528	0.0547053	0.0406141	0.0235052
3990	0.000429297	0.649473	2.91427e-05	0.350056	1.25217e-05
3991	0.0197214	0.63572	0.00133869	0.342644	0.000575196
3992	0.815874	0.0889618	0.0553837	0.0159839	0.0237967
3993	0.785724	0.0894996	0.0535347	0.048239	0.0230023
3994	0.061509	0.605927	0.0041812	0.326586	0.00179654
3995	0.00143902	0.648753	9.78853e-05	0.349668	4.20584e-05
3996	0.0133777	0.640242	0.000908154	0.345082	0.000390207
3997	0.00026981	0.832897	1.83155e-05	0.166807	7.86964e-06
3998	2.45117e-22	3.02911e-20	1.66554e-23	1	7.15632e-24
3999	0.000363479	0.649519	2.46893e-05	0.350082	1.06083e-05
4000	0.402868	0.362577	0.0273714	0.195424	0.0117607
4001	0.432929	0.341068	0.0294973	0.183831	0.0126741
4002	1.2902e-06	0.649778	8.75846e-08	0.350221	3.76325e-08
4003	3.09011e-05	0.649757	2.12106e-06	0.35021	9.11357e-07
4004	3.84373e-06	0.847278	2.61635e-07	0.152718	1.12417e-07
4005	0.864924	0.0332284	0.058711	0.0179097	0.0252264
4006	0.00439194	0.646648	0.000298462	0.348534	0.00012824
4007	0.00511287	0.842914	0.000353193	0.151468	0.000151757
4008	0.0082962	0.643864	0.000564181	0.347033	0.000242412
4009	0.00754923	0.838419	0.000512533	0.153299	0.00022022
4010	0.865919	0.03034	0.061125	0.0163528	0.0262636
4011	0.735885	0.125101	0.0500719	0.0674276	0.0215144
4012	0.0387549	0.808196	0.00538071	0.146529	0.00113878
4013	0.00842016	0.643776	0.000572286	0.346986	0.000245895
4014	0.000121304	0.847569	8.23961e-06	0.152297	3.54032e-06
4015	0.875424	0.0256113	0.0595666	0.0138041	0.025594
4016	0.620032	0.207703	0.0421889	0.111949	0.0181273
4017	0.821667	0.0640501	0.0557897	0.0345221	0.0239712
4018	1.40266e-09	0.649779	9.52177e-11	0.350221	4.09122e-11
4019	0.00170305	0.846026	0.000115672	0.152106	4.9701e-05
4020	0.000473127	0.649441	3.22189e-05	0.35004	1.38435e-05
4021	3.70456e-09	1.92702e-07	2.51928e-10	1	1.08246e-10
4022	5.04063e-05	0.649743	3.42173e-06	0.350202	1.47022e-06
4023	0.693657	0.193984	0.0471453	0.0449562	0.0202569
4024	0.892874	0.0166133	0.0606168	0.00385017	0.0260452
4025	0.000254502	0.649597	1.72821e-05	0.350124	7.42562e-06
4026	0.875461	0.0256904	0.0594558	0.0138467	0.0255464
4027	5.63951e-06	0.649775	3.8289e-07	0.350219	1.64517e-07
4028	3.84263e-09	4.24296e-11	1	2.2869e-11	1.12121e-10
4029	0.019608	0.635801	0.00133127	0.342688	0.000572008
4030	0.328931	0.415271	0.022364	0.223825	0.00960914
4031	0.0401523	0.621153	0.00272944	0.334793	0.00117298
4032	0.0194388	0.635922	0.0013196	0.342753	0.000566993
4033	8.42837e-05	0.84726	5.72538e-06	0.152648	2.46003e-06
4034	0.396262	0.466591	0.0269202	0.0986595	0.0115668
4035	6.7711e-09	0.847664	4.59632e-10	0.152336	1.9749e-10
4036	0.00679868	0.644932	0.000461685	0.347609	0.000198372
4037	0.0008527	0.846102	5.80204e-05	0.152962	2.49296e-05
4038	0.00026212	0.649592	1.77944e-05	0.350121	7.64571e-06
4039	5.49391e-06	0.649775	3.7313e-07	0.350219	1.60323e-07
4040	0.0123887	0.0550376	0.902545	0.0296645	0.000363817
4041	0.1016	0.577353	0.00689858	0.311185	0.00296412
4042	0.563427	0.248146	0.0382466	0.133747	0.0164334
4043	4.42192e-07	0.649778	3.00789e-08	0.350221	1.2924e-08
4044	0.498714	0.294159	0.0339795	0.158547	0.0146
4045	0.0061171	0.645418	0.000415227	0.347871	0.000178411
4046	1.001e-05	0.649771	6.79677e-07	0.350218	2.92037e-07
4047	0.640938	0.192848	0.0435561	0.103942	0.0187148
4048	0.754667	0.111792	0.0512609	0.0602543	0.0220253
4049	0.861825	0.0353763	0.0585669	0.0190673	0.0251644
4050	0.000160422	0.649664	1.08935e-05	0.35016	4.68063e-06
4051	1.17074e-07	3.42869e-09	1	1.84802e-09	3.4296e-09
4052	8.35492e-06	0.847582	5.67251e-07	0.152408	2.43731e-07
4053	0.000177674	0.84726	1.20703e-05	0.152545	5.18627e-06
4054	9.75566e-08	0.847385	6.62232e-09	0.152615	2.84541e-09
4055	7.76321e-05	0.84618	5.275e-06	0.153735	2.26651e-06
4056	4.84507e-05	0.649744	3.28885e-06	0.350203	1.41312e-06
4057	6.33037e-05	0.649733	4.2982e-06	0.350197	1.84681e-06
4058	0.763324	0.105609	0.0518614	0.056922	0.0222833
4059	1.15563e-08	0.784318	7.84463e-10	0.215682	3.3706e-10
4060	0.807575	0.061423	0.0839021	0.0110498	0.0360502
4061	0.000144674	0.649675	9.82701e-06	0.350166	4.22237e-06
4062	0.788848	0.0685242	0.0547638	0.0188437	0.06902
4063	0.231444	0.484785	0.0157232	0.261292	0.00675581
4064	2.95451e-05	0.846703	2.00734e-06	0.153264	8.62494e-07
4065	0.646687	0.185867	0.0483985	0.100179	0.0188684
4066	8.68009e-08	0.649779	5.89235e-09	0.350221	2.53177e-09
4067	0.50798	0.287646	0.0345098	0.155037	0.0148278
4068	0.167231	0.530567	0.0113552	0.285968	0.004879
4069	0.00409076	0.646862	0.000277806	0.34865	0.000119365
4070	1.7365e-05	0.649766	1.17895e-06	0.350215	5.06558e-07
4071	4.70206e-05	0.846478	3.1935e-06	0.15347	1.37215e-06
4072	0.760827	0.140125	0.0516527	0.0252016	0.0221936
4073	0.889818	0.0201729	0.060417	0.00363315	0.0259594
4074	0.809932	0.0723355	0.0550792	0.0389878	0.0236659
4075	5.9673e-05	0.649736	4.10718e-06	0.350198	1.76473e-06
4076	9.32958e-05	0.847338	6.33713e-06	0.152559	2.72288e-06
4077	0.87016	0.0294717	0.0590932	0.0158848	0.0253906
4078	2.26684e-06	0.840664	1.53957e-07	0.159334	6.61508e-08
4079	4.6817e-07	9.47776e-09	3.17952e-08	5.10838e-09	0.999999
4080	3.06091e-06	2.1136e-06	0.999994	3.88378e-07	8.93191e-08
4081	0.324736	0.545073	0.0220514	0.0986651	0.00947484
4082	0.743389	0.119855	0.0504709	0.0645999	0.0216859
4083	5.666e-05	0.649738	3.84677e-06	0.3502	1.65266e-06
4084	0.548443	0.258816	0.0372412	0.139498	0.0160014
4085	4.217e-06	0.649776	2.86349e-07	0.35022	1.23036e-07
4086	5.7006e-07	0.649778	3.87031e-08	0.350221	1.66296e-08
4087	0.00200599	0.845417	0.000136228	0.152383	5.85332e-05
4088	0.168917	0.529359	0.0114755	0.285317	0.00493066
4089	0.878332	0.0235174	0.0597863	0.0126755	0.0256884
4090	0.000501978	2.96334e-05	0.999438	1.5972e-05	1.46714e-05
4091	0.0061292	0.645409	0.000416058	0.347867	0.000178768
4092	0.554903	0.254221	0.0376698	0.137021	0.0161856
4093	0.880737	0.0286184	0.0598004	0.00515015	0.0256945
4094	0.902545	0.00616088	0.0615341	0.00332063	0.0264394
4095	0.850874	0.0563462	0.0577835	0.0101682	0.0248279
4096	6.53018e-07	0.649778	4.43259e-08	0.350221	1.90455e-08
4097	0.0669738	0.602033	0.00455078	0.324487	0.00195534
4098	0.879592	0.0296926	0.0597202	0.00533512	0.02566
4099	0.875956	0.0330333	0.0595036	0.00593989	0.0255669
4100	0.864703	0.0333838	0.0586984	0.0179934	0.025221
4101	1.1272e-06	0.649778	7.68007e-08	0.350221	3.2999e-08
4102	2.51985e-07	1.44289e-08	1	2.59259e-09	7.35044e-09
4103	0.00187499	0.845888	0.000127272	0.152055	5.46852e-05
4104	0.877086	0.024503	0.0595968	0.0132068	0.025607
4105	1.74964e-13	2.48978e-12	1.18824e-14	1	5.10553e-15
4106	3.3572e-11	2.34462e-12	1	4.22029e-13	9.79227e-13
4107	0.0265669	0.630839	0.00180483	0.340013	0.000775481
4108	0.0485702	0.615154	0.00329914	0.331559	0.00141754
4109	0.857447	0.0502915	0.0582042	0.00904876	0.0250086
4110	0.000656992	0.64931	4.46188e-05	0.349969	1.91714e-05
4111	1.18292e-05	0.64977	8.03015e-07	0.350217	3.45032e-07
4112	0.59145	0.284998	0.0402214	0.0660487	0.0172819
4113	0.903411	0.00576295	0.061357	0.00310615	0.0263633
4114	0.867935	0.0404352	0.0589202	0.00739329	0.0253162
4115	3.47902e-17	8.39995e-13	2.36214e-18	1	1.01494e-18
4116	0.19475	0.510936	0.0132385	0.275387	0.00568821
4117	0.888026	0.0217822	0.0603235	0.0039492	0.0259192
4118	0.824544	0.0619175	0.0560729	0.0333726	0.0240929
4119	2.80136e-06	0.649777	1.90398e-07	0.35022	8.18084e-08
4120	0.000960092	0.846532	6.51936e-05	0.152414	2.80117e-05
4121	0.854109	0.0407652	0.058163	0.0219719	0.0249909
4122	0.855971	0.0494604	0.0581296	0.0114625	0.0249766
4123	0.0626169	0.605141	0.00425219	0.326163	0.00182704
4124	0.470089	0.410056	0.0320757	0.0739982	0.013782
4125	0.871453	0.0372198	0.059173	0.00672877	0.0254249
4126	0.000113038	0.649698	7.68546e-06	0.350178	3.30221e-06
4127	0.587678	0.299769	0.0399319	0.0554635	0.0171576
4128	0.18724	0.516301	0.0127168	0.278279	0.00546403
4129	0.0143035	0.79911	0.000973253	0.185195	0.000418178
4130	0.881491	0.0213295	0.0599324	0.0114963	0.0257512
4131	0.624028	0.267026	0.0424369	0.0482743	0.0182339
4132	1.91169e-06	5.44008e-07	1.29825e-07	2.93213e-07	0.999997
4133	0.591521	0.22809	0.0401852	0.122937	0.0172664
4134	0.00895016	0.422281	0.490377	0.0781308	0.000261047
4135	0.00650875	0.645139	0.000441856	0.347721	0.000189852
4136	0.000291371	0.847278	1.97818e-05	0.152402	8.49965e-06
4137	0.000496987	0.847087	3.37384e-05	0.152367	1.44964e-05
4138	0.000440477	0.649465	2.99119e-05	0.350052	1.28523e-05
4139	0.00144939	0.648745	9.84034e-05	0.349665	4.2281e-05
4140	7.75339e-08	6.68054e-10	1	3.60072e-10	2.26176e-09
4141	0.824435	0.080835	0.0560971	0.0145301	0.0241033
4142	0.899748	0.0108672	0.0610806	0.00205971	0.0262445
4143	0.805685	0.0753746	0.0547784	0.0406259	0.0235366
4144	0.6152	0.275566	0.0417648	0.0495239	0.0179451
4145	0.847664	0.0592782	0.0576325	0.0106625	0.024763
4146	4.07702e-06	0.649776	2.76873e-07	0.35022	1.18964e-07
4147	0.000469163	0.649444	3.1879e-05	0.350041	1.36974e-05
4148	0.00402746	0.646908	0.000273478	0.348674	0.000117506
4149	1.12642e-11	0.649779	7.64603e-13	0.350221	3.28527e-13
4150	0.892965	0.0132188	0.0606374	0.00712475	0.0260541
4151	0.00416764	0.843255	0.000282969	0.152173	0.000121583
4152	3.12403e-07	0.649778	2.12103e-08	0.350221	9.11345e-09
4153	0.00476132	0.000609723	0.994161	0.000328632	0.000139045
4154	0.00837902	0.643067	0.00170624	0.346604	0.000244475
4155	1.30152e-05	2.37385e-07	0.999986	1.27947e-07	3.80145e-07
4156	3.67934e-07	0.649778	2.49792e-08	0.350221	1.07328e-08
4157	0.0137808	0.639954	0.000936957	0.344926	0.000402583
4158	1.19088e-06	0.649778	8.08437e-08	0.350221	3.47361e-08
4159	0.000429949	0.649472	2.91942e-05	0.350056	1.25439e-05
4160	0.338565	0.408406	0.0230147	0.220125	0.00988874
4161	6.51805e-27	1.72952e-27	4.4247e-28	1	1.90116e-28
4162	0.000109546	0.6497	7.44047e-06	0.350179	3.19695e-06
4163	7.06766e-07	3.46213e-08	0.999999	6.29004e-09	2.06248e-08
4164	0.00957584	0.642952	0.000650486	0.346542	0.000279494
4165	0.00989906	0.642721	0.000672909	0.346418	0.000289129
4166	2.33445e-06	0.649777	1.58558e-07	0.350221	6.81275e-08
4167	0.000179441	0.837593	1.21943e-05	0.16221	5.23951e-06
4168	0.801074	0.0786978	0.0544262	0.042417	0.0233853
4169	1.2826e-05	0.649769	8.71611e-07	0.350216	3.74505e-07
4170	9.62122e-20	6.98946e-19	6.53827e-21	1	2.8093e-21
4171	0.00245845	0.648026	0.000166921	0.349277	7.1721e-05
4172	0.000440908	0.649464	3.00249e-05	0.350052	1.29008e-05
4173	0.815376	0.0893527	0.0554037	0.0160627	0.0238053
4174	3.25508e-06	1.00963e-07	0.999997	2.77641e-08	9.49947e-08
4175	6.403e-06	0.649774	4.35257e-07	0.350219	1.87017e-07
4176	0.000966554	0.64909	6.56116e-05	0.34985	2.81914e-05
4177	0.418535	0.309257	0.0933117	0.166685	0.0122112
4178	0.85536	0.0400262	0.0580838	0.0215736	0.0249569
4179	0.000301275	0.649564	2.04934e-05	0.350106	8.8054e-06
4180	0.795365	0.108006	0.0539953	0.0194331	0.0232002
4181	9.68372e-09	0.847024	6.57316e-10	0.152976	2.82429e-10
4182	0.864458	0.0334991	0.0587458	0.0180555	0.0252413
4183	0.865126	0.0330799	0.0587302	0.0178296	0.0252346
4184	0.880851	0.0218504	0.0598192	0.011777	0.0257026
4185	1.32857e-06	0.649778	9.02076e-08	0.350221	3.87595e-08
4186	0.819147	0.0658585	0.0556057	0.0354968	0.0238921
4187	0.843818	0.0482683	0.0572842	0.0260159	0.0246133
4188	0.887677	0.0169945	0.0602716	0.00915981	0.0258969
4189	0.855103	0.0521538	0.0580547	0.00974447	0.0249444
4190	0.845394	0.0614488	0.0574235	0.0110607	0.0246732
4191	0.00127023	0.648873	8.63624e-05	0.349733	3.71074e-05
4192	1.12713e-07	0.649778	7.69847e-09	0.350221	3.30781e-09
4193	0.7631	0.105813	0.0517987	0.0570318	0.0222564
4194	0.896912	0.0135191	0.0609126	0.00248416	0.0261723
4195	0.181674	0.0260237	0.772957	0.0140264	0.00531855
4196	0.887837	0.0168844	0.060278	0.00910046	0.0258997
4197	0.800768	0.0993823	0.0573405	0.0178721	0.0246375
4198	1.3484e-05	0.649769	9.18231e-07	0.350216	3.94537e-07
4199	6.65993e-08	2.00289e-05	4.52323e-09	0.99998	1.9435e-09
4200	7.68773e-05	0.649724	5.22103e-06	0.350192	2.24332e-06
4201	3.7142e-05	0.844737	2.52349e-06	0.155222	1.08427e-06
4202	0.893729	0.0165228	0.0606701	0.00301009	0.0260681
4203	0.0133438	0.640266	0.000905896	0.345095	0.000389236
4204	1.00791e-05	0.649771	6.8437e-07	0.350218	2.94054e-07
4205	0.0135711	0.640103	0.00092314	0.345006	0.000396646
4206	5.50834e-12	3.93333e-12	3.73906e-13	1	1.60656e-13
4207	0.801081	0.102214	0.0546165	0.0186212	0.0234671
4208	0.000126029	8.17736e-06	0.999858	4.40748e-06	3.67717e-06
4209	1.34798e-08	0.649779	9.15201e-10	0.350221	3.93235e-10
4210	0.899482	0.0111999	0.0610635	0.00201784	0.0262372
4211	0.733928	0.126533	0.0498996	0.0681994	0.0214404
4212	0.876755	0.0246421	0.0596789	0.0132818	0.0256423
4213	0.609764	0.215096	0.0414134	0.115933	0.0177941
4214	2.26553e-05	0.649762	1.53861e-06	0.350213	6.61094e-07
4215	2.21079e-05	6.15899e-07	0.999977	1.12203e-07	6.45529e-07
4216	0.664712	0.175905	0.0451663	0.0948101	0.0194066
4217	7.76775e-06	3.8775e-07	0.999991	2.08992e-07	2.26721e-07
4218	0.29665	0.438291	0.0201622	0.236233	0.0086631
4219	0.54372	0.341351	0.0370099	0.0620172	0.0159021
4220	0.843417	0.0628006	0.0576794	0.0113195	0.0247831
4221	3.73708e-07	0.649778	2.53715e-08	0.350221	1.09014e-08
4222	0.0578666	0.608527	0.00392994	0.327988	0.00168858
4223	0.0109202	0.000154453	0.988523	8.3248e-05	0.000319382
4224	3.69929e-05	0.649752	2.51914e-06	0.350207	1.0824e-06
4225	0.884205	0.0250779	0.060056	0.00485662	0.0258043
4226	0.819256	0.0657531	0.0556387	0.03544	0.023912
4227	0.0763613	0.595338	0.00519082	0.320879	0.00223034
4228	7.16921e-07	0.649778	4.86669e-08	0.350221	2.09107e-08
4229	0.891425	0.0143361	0.0605121	0.00772693	0.0260003
4230	0.382476	0.377069	0.0260344	0.203235	0.0111862
4231	0.00331886	0.647413	0.000225311	0.348946	9.68095e-05
4232	0.756297	0.110659	0.0513402	0.0596439	0.0220593
4233	0.896369	0.0140583	0.060873	0.00254474	0.0261553
4234	0.846764	0.0461302	0.0575252	0.0248635	0.0247169
4235	0.00627357	0.645306	0.000425997	0.347811	0.000183038
4236	0.00551641	0.645846	0.000374759	0.348102	0.000161023
4237	0.835988	0.0699443	0.0568512	0.0127888	0.0244273
4238	0.79269	0.110471	0.0538473	0.0198551	0.0231366
4239	0.593423	0.20398	0.0407328	0.109942	0.0519214
4240	2.93278e-09	0.847487	1.99078e-10	0.152513	8.55378e-11
4241	3.99144e-06	0.649776	2.71062e-07	0.35022	1.16467e-07
4242	0.895752	0.011255	0.0608019	0.00606626	0.0261248
4243	0.834948	0.0545728	0.0567019	0.029414	0.0243631
4244	0.0551502	0.610462	0.00374699	0.329031	0.00160997
4245	0.681158	0.160879	0.0498379	0.0867115	0.0214139
4246	0.0011587	0.648953	7.87318e-05	0.349776	3.38287e-05
4247	6.81784e-18	6.46976e-18	4.63544e-19	1	1.99171e-19
4248	5.61473e-05	0.847526	3.8123e-06	0.152412	1.63803e-06
4249	0.886955	0.0175224	0.0602087	0.00944433	0.0258699
4250	0.00740798	0.644497	0.000503422	0.347375	0.000216306
4251	0.88653	0.0208375	0.0619702	0.00403542	0.0266268
4252	0.729411	0.0048279	0.0495832	0.00260217	0.213576
4253	0.000666336	0.84699	4.52331e-05	0.152279	1.94353e-05
4254	0.721153	0.176938	0.0489918	0.0318666	0.0210503
4255	9.14736e-06	0.649772	6.21711e-07	0.350218	2.67131e-07
4256	0.872019	0.0362629	0.0592409	0.00702273	0.0254541
4257	0.25937	0.464889	0.0176071	0.250569	0.00756523
4258	0.847092	0.0459358	0.0575052	0.0247587	0.0247083
4259	0.786432	0.0888726	0.0537145	0.0479011	0.0230795
4260	0.000389731	0.649501	2.64817e-05	0.350072	1.13784e-05
4261	0.000274078	0.846769	1.86121e-05	0.15293	7.99706e-06
4262	0.873007	0.035699	0.0593556	0.00643458	0.0255034
4263	0.403327	0.471442	0.0275203	0.0858865	0.0118246
4264	2.99811e-08	2.37847e-09	1	4.27401e-10	8.74525e-10
4265	0.0011278	0.845475	7.65569e-05	0.153288	3.28942e-05
4266	0.796212	0.0821643	0.0540866	0.0442854	0.0232518
4267	0.858122	0.0380784	0.058248	0.0205237	0.0250275
4268	1.76641e-09	0.649779	1.19992e-10	0.350221	5.1557e-11
4269	4.30266e-05	0.649748	2.92143e-06	0.350205	1.25525e-06
4270	0.155338	0.539045	0.0105474	0.290538	0.00453191
4271	4.84035e-06	0.649775	3.28861e-07	0.35022	1.41302e-07
4272	8.97146e-10	7.98532e-11	6.09032e-11	4.30397e-11	1
4273	0.000106514	0.649703	7.23155e-06	0.350181	3.10718e-06
4274	5.53624e-09	1.01023e-05	3.75901e-10	0.99999	1.61513e-10
4275	0.637675	0.254645	0.0432991	0.0457768	0.0186043
4276	8.34534e-07	0.649778	5.66535e-08	0.350221	2.43423e-08
4277	0.029998	0.628395	0.00203651	0.338696	0.000875027
4278	7.97631e-05	0.649722	5.41433e-06	0.350191	2.32638e-06
4279	1.54863e-05	6.48759e-07	0.999983	1.16577e-07	4.51761e-07
4280	0.9009	0.00946089	0.0613	0.00200048	0.0263388
4281	0.834701	0.0713763	0.0567236	0.0128261	0.0243725
4282	5.7114e-11	2.718e-11	3.87803e-12	1	1.66627e-12
4283	0.869923	0.0384972	0.0591742	0.00697971	0.0254254
4284	0.834966	0.0641831	0.0649355	0.0115594	0.0243556
4285	0.732324	0.127331	0.0501625	0.0686296	0.0215534
4286	0.855018	0.0402779	0.0580518	0.0217092	0.0249431
4287	0.069655	0.600122	0.00473203	0.323457	0.00203321
4288	0.0127614	0.640681	0.00086688	0.345318	0.000372473
4289	0.883305	0.0261365	0.0600558	0.00469825	0.0258042
4290	1.9748e-09	3.63525e-10	1.35052e-10	1	5.80277e-11
4291	2.13576e-06	0.649777	1.4499e-07	0.350221	6.22979e-08
4292	0.000763291	0.846822	5.18128e-05	0.152341	2.22624e-05
4293	0.162629	0.533839	0.0110517	0.287732	0.00474861
4294	1.08326e-05	0.649771	7.3592e-07	0.350217	3.16203e-07
4295	0.847155	0.0598381	0.0575287	0.0107598	0.0247184
4296	0.907622	0.00329214	0.0616791	0.000905313	0.0265017
4297	0.685377	0.161195	0.0465465	0.0868817	0.0199997
4298	0.512344	0.278846	0.0409292	0.150294	0.0175861
4299	0.893577	0.0127124	0.0607542	0.00685182	0.0261043
4300	0.901999	0.00679522	0.0612334	0.00366253	0.0263102
4301	0.200909	0.00257297	0.0136977	0.00138679	0.781434
4302	0.749002	0.151035	0.0509356	0.027142	0.0218855
4303	0.874084	0.0265837	0.0594572	0.0143282	0.025547
4304	0.248008	0.0228004	0.0168361	0.0122891	0.700066
4305	0.861252	0.00917269	0.0894789	0.00164971	0.0384464
4306	0.880688	0.0286576	0.0598018	0.00515722	0.0256951
4307	0.723643	0.133897	0.0491654	0.0721688	0.0211249
4308	0.00010492	0.649704	7.12261e-06	0.350181	3.06037e-06
4309	0.10325	0.57617	0.00701753	0.310547	0.00301523
4310	0.905876	0.00398455	0.0615466	0.00214761	0.0264448
4311	2.08381e-08	0.649779	1.41534e-09	0.350221	6.0813e-10
4312	0.723804	0.174483	0.0491461	0.0314498	0.0211166
4313	0.873301	0.0272502	0.0592873	0.0146875	0.025474
4314	0.88323	0.0201339	0.0600026	0.0108519	0.0257813
4315	0.00136776	0.648804	9.28633e-05	0.349696	3.99006e-05
4316	0.780945	0.0241704	0.159025	0.0130275	0.0228318
4317	4.94055e-18	7.09718e-18	3.35531e-19	1	1.44168e-19
4318	0.88964	0.0154754	0.0605339	0.00834104	0.0260096
4319	0.908222	0.00224431	0.0617793	0.00120965	0.0265447
4320	1.6997e-07	0.649778	1.15808e-08	0.350221	4.97591e-09
4321	0.392875	0.369377	0.0270408	0.199089	0.0116186
4322	0.0168813	0.637737	0.00115447	0.343731	0.000496043
4323	0.0715798	0.598753	0.00485947	0.32272	0.00208797
4324	0.0192471	0.636055	0.00131069	0.342824	0.000563163
4325	0.863979	0.044152	0.058669	0.00799207	0.0252083
4326	7.06037e-05	0.649728	4.7929e-06	0.350194	2.05937e-06
4327	0.0125339	0.640844	0.000851184	0.345406	0.000365729
4328	0.00343971	0.781358	0.000234134	0.214868	0.0001006
4329	0.106744	0.573681	0.0072531	0.309206	0.00311644
4330	0.868504	0.039977	0.0589588	0.00722722	0.0253328
4331	6.84639e-08	3.36339e-09	1	1.81282e-09	2.00162e-09
4332	0.205523	0.503266	0.0139593	0.271253	0.0059979
4333	3.62624e-05	0.649753	2.46398e-06	0.350207	1.0587e-06
4334	0.866442	0.0321372	0.0588245	0.0173215	0.0252751
4335	6.60265e-05	0.649732	4.48913e-06	0.350196	1.92885e-06
4336	0.665502	0.228738	0.0452254	0.0411024	0.019432
4337	1.76662e-05	0.649766	1.20027e-06	0.350215	5.15719e-07
4338	0.871462	0.0372689	0.0591551	0.00669717	0.0254172
4339	0.898956	0.00893202	0.0610617	0.00481423	0.0262364
4340	2.93423e-07	6.96529e-08	1	1.47279e-08	8.56071e-09
4341	3.19845e-06	0.847529	2.17255e-07	0.152468	9.3348e-08
4342	5.76519e-05	0.649737	3.9135e-06	0.350199	1.68151e-06
4343	0.00022462	0.649618	1.5252e-05	0.350135	6.55334e-06
4344	0.000478317	0.000110327	0.999338	5.94649e-05	1.39526e-05
4345	0.824271	0.0620411	0.0561311	0.0334393	0.0241179
4346	0.903163	0.00593913	0.0613402	0.00320111	0.0263561
4347	0.872305	0.0358091	0.0597509	0.00646208	0.0256732
4348	0.000693167	0.649284	4.70805e-05	0.349955	2.02291e-05
4349	4.93814e-09	3.22456e-08	3.35423e-10	1	1.44121e-10
4350	2.1797e-09	0.649779	1.48066e-10	0.350221	6.36198e-11
4351	0.000408827	0.000167328	2.77608e-05	0.999384	1.1928e-05
4352	0.0287025	0.629318	0.00194906	0.339193	0.000837454
4353	0.861213	0.0467827	0.0584661	0.00841743	0.0251211
4354	5.33367e-07	0.649778	3.63641e-08	0.350221	1.56246e-08
4355	0.00583448	0.841858	0.000396283	0.151741	0.000170271
4356	0.00175438	0.8459	0.000119099	0.152175	5.11732e-05
4357	0.823328	0.082024	0.0558902	0.0147438	0.0240143
4358	0.028	0.629819	0.00190085	0.339463	0.00081674
4359	0.00103681	0.649039	7.0405e-05	0.349823	3.0251e-05
4360	0.000774045	0.846493	5.25495e-05	0.152658	2.2579e-05
4361	1.30455e-06	0.649778	8.85673e-08	0.350221	3.80548e-08
4362	0.756801	0.110297	0.0513778	0.0594487	0.0220755
4363	0.31168	0.427579	0.0211808	0.230459	0.00910074
4364	0.867	0.031634	0.0589753	0.0170503	0.02534
4365	0.00149455	7.40824e-05	0.998374	1.33254e-05	4.36525e-05
4366	0.000739365	0.844735	5.01957e-05	0.154454	2.15676e-05
4367	0.874703	0.0262173	0.0594185	0.0141308	0.0255304
4368	0.00252502	0.647978	0.000171873	0.349251	7.38486e-05
4369	0.898184	0.0123388	0.061024	0.00223347	0.0262202
4370	0.00427208	0.646733	0.000290164	0.34858	0.000124675
4371	0.463625	0.319282	0.0314793	0.172088	0.0135257
4372	0.422554	0.0180962	0.0286831	0.00975361	0.520913
4373	0.00118883	0.648931	8.07345e-05	0.349765	3.46892e-05
4374	0.839766	0.05115	0.0570163	0.0275691	0.0244982
4375	0.883224	0.0261553	0.0600973	0.00470163	0.025822
4376	0.885265	0.0186781	0.0601463	0.0100673	0.0258431
4377	0.0445383	0.804564	0.00302451	0.146574	0.00129954
4378	0.855406	0.0499763	0.0580805	0.0115821	0.0249555
4379	0.00797717	0.830427	0.000541759	0.160822	0.000232778
4380	8.64996e-05	0.649717	5.87381e-06	0.350188	2.5238e-06
4381	0.777688	0.124261	0.0529163	0.0223976	0.0227366
4382	0.855498	0.0399364	0.0580834	0.0215251	0.0249567
4383	1.74805e-08	0.649779	1.18657e-09	0.350221	5.09836e-10
4384	0.859164	0.0483832	0.0583442	0.00903998	0.0250688
4385	0.717942	0.137994	0.0487441	0.0743767	0.0209439
4386	0.259331	0.464796	0.017735	0.250518	0.00762022
4387	0.849548	0.0575766	0.0577256	0.0103467	0.024803
4388	0.0976551	0.580165	0.00663033	0.312701	0.00284886
4389	0.890822	0.014742	0.0604964	0.00794574	0.0259935
4390	0.454049	0.326087	0.030852	0.175756	0.0132562
4391	0.534989	0.349672	0.0364023	0.0632951	0.015641
4392	0.78563	0.0897319	0.0533506	0.0483642	0.0229232
4393	5.54173e-05	0.649739	3.76245e-06	0.3502	1.61661e-06
4394	0.000622914	0.847058	4.22968e-05	0.152259	1.81737e-05
4395	0.044348	0.796996	0.00301339	0.154348	0.00129476
4396	4.72097e-06	0.846247	3.20695e-07	0.153748	1.37793e-07
4397	0.878869	0.0303521	0.059662	0.0054817	0.025635
4398	0.52827	0.273202	0.0358653	0.147252	0.0154103
4399	0.742758	0.156483	0.0504641	0.0286119	0.0216829
4400	0.883975	0.0192314	0.060453	0.0103654	0.0259749
4401	0.850625	0.0434063	0.0577572	0.0233954	0.0248166
4402	0.00519943	0.842801	0.000353586	0.151494	0.000151925
4403	0.00027398	0.649583	1.86062e-05	0.350116	7.99451e-06
4404	0.000312185	0.847319	2.11916e-05	0.152338	9.10541e-06
4405	0.772331	0.0990505	0.0526221	0.0533868	0.0226101
4406	0.720508	0.141597	0.0493532	0.0255017	0.0630406
4407	5.16715e-07	0.649778	3.50819e-08	0.350221	1.50737e-08
4408	0.889129	0.0207191	0.0604517	0.00372595	0.0259743
4409	3.57192e-07	0.649778	2.42513e-08	0.350221	1.04201e-08
4410	5.65067e-11	4.22852e-09	3.84055e-12	1	1.65017e-12
4411	0.000139666	0.649679	9.48573e-06	0.350168	4.07574e-06
4412	0.801726	0.101384	0.0545211	0.0189428	0.0234261
4413	0.000280655	0.84647	1.90624e-05	0.153222	8.19053e-06
4414	3.86037e-05	0.847611	2.62051e-06	0.152347	1.12595e-06
4415	4.63712e-09	1.45063e-10	1	2.60693e-11	1.3532e-10
4416	0.839653	0.0511458	0.0571003	0.0275669	0.0245343
4417	0.738495	0.123299	0.0501858	0.0664566	0.0215633
4418	0.00130165	0.648851	8.8376e-05	0.349721	3.79725e-05
4419	1.40669e-11	1.08075e-07	9.54913e-13	1	4.10298e-13
4420	0.00196271	0.648379	0.000133279	0.349467	5.72661e-05
4421	0.42008	0.456673	0.0285168	0.082477	0.0122528
4422	0.649198	0.243837	0.0440895	0.0439313	0.0189439
4423	0.887699	0.01696	0.0602933	0.00914119	0.0259062
4424	0.0622927	0.605372	0.00423053	0.326287	0.00181773
4425	0.902426	0.00838978	0.0612844	0.00156756	0.0263321
4426	0.896149	0.0109653	0.0608373	0.00591013	0.026138
4427	0.897405	0.0129391	0.0610845	0.00232563	0.0262462
4428	0.806925	0.0745631	0.0547846	0.0401884	0.0235393
4429	8.08455e-05	0.649721	5.50098e-06	0.35019	2.36361e-06
4430	0.0052165	0.64606	0.000354603	0.348217	0.000152362
4431	0.00384865	0.647035	0.000261483	0.348743	0.000112352
4432	2.12599e-05	7.7252e-07	0.999977	4.16377e-07	6.20439e-07
4433	0.723864	0.13327	0.0496863	0.0718306	0.0213487
4434	7.05993e-33	7.75158e-24	4.79227e-34	1	2.0591e-34
4435	8.28193e-06	0.649773	5.63087e-07	0.350218	2.41942e-07
4436	4.92452e-30	2.29896e-27	3.34732e-31	1	1.43629e-31
4437	2.76884e-07	0.000168986	1.87953e-08	0.999831	8.07577e-09
4438	0.138975	0.550705	0.00944134	0.296822	0.00405666
4439	2.5788e-05	0.64976	1.75271e-06	0.350212	7.53088e-07
4440	0.699379	0.151185	0.0475276	0.0814867	0.0204212
4441	0.000688683	0.000795411	4.69911e-05	0.998449	2.01907e-05
4442	0.0575112	0.78941	0.003906	0.147494	0.00167829
4443	0.853978	0.0527097	0.0581285	0.0102078	0.0249761
4444	0.0431838	0.618992	0.00293463	0.333628	0.00126093
4445	0.76162	0.138253	0.0526121	0.0249086	0.0226059
4446	0.564112	0.247632	0.0383201	0.13347	0.016465
4447	0.000417386	0.649481	2.83353e-05	0.350061	1.21748e-05
4448	0.00024146	0.649606	1.64247e-05	0.350129	7.05719e-06
4449	0.87522	0.0307137	0.0617816	0.00573858	0.0265457
4450	0.182491	0.519688	0.0123918	0.280105	0.00532438
4451	0.0127734	0.640672	0.000868042	0.345313	0.000372972
4452	0.719787	0.136054	0.0495415	0.073331	0.0212865
4453	0.000725327	0.649262	4.92522e-05	0.349943	2.11622e-05
4454	0.741858	0.155082	0.0503621	0.0310588	0.0216391
4455	0.276317	0.452781	0.0187868	0.244043	0.00807211
4456	3.2756e-06	0.649776	2.22382e-07	0.35022	9.55508e-08
4457	0.874274	0.026551	0.0593592	0.0143106	0.0255049
4458	0.741198	0.121404	0.0503353	0.0654349	0.0216276
4459	6.54029e-05	0.649732	4.44519e-06	0.350196	1.90997e-06
4460	3.20809e-06	0.649776	2.17834e-07	0.35022	9.35968e-08
4461	0.145678	0.545927	0.00989591	0.294247	0.00425198
4462	0.583076	0.234107	0.0396151	0.126181	0.0170214
4463	3.68926e-13	7.73171e-15	1	4.16728e-15	3.87701e-14
4464	0.59275	0.227236	0.0402443	0.122477	0.0172918
4465	0.000137496	0.649681	9.33395e-06	0.350169	4.01052e-06
4466	0.00036313	0.64952	2.46544e-05	0.350082	1.05933e-05
4467	2.19123e-06	0.847599	1.48756e-07	0.152399	6.39159e-08
4468	0.875489	0.025582	0.0595527	0.0137883	0.0255881
4469	0.709142	0.143775	0.0486758	0.0774926	0.0209145
4470	0.816431	0.067785	0.0554319	0.0365351	0.0238174
4471	0.000936601	0.649111	6.36028e-05	0.349862	2.73282e-05
4472	0.000102389	0.649706	6.95007e-06	0.350182	2.98624e-06
4473	0.878147	0.0237893	0.0596233	0.0128221	0.0256184
4474	0.906957	0.003224	0.0616095	0.00173769	0.0264718
4475	2.09911e-11	9.68235e-12	1.44477e-12	1	6.20777e-13
4476	0.000889115	0.649145	6.03759e-05	0.34988	2.59417e-05
4477	0.539131	0.265372	0.0366975	0.143032	0.0157678
4478	0.000282472	0.649577	1.91745e-05	0.350113	8.23873e-06
4479	5.5482e-05	1.34364e-06	0.999941	2.42666e-07	1.61856e-06
4480	1.67151e-27	3.82256e-26	1.13495e-28	1	4.87654e-29
4481	1.95969e-06	0.649777	1.33042e-07	0.350221	5.71642e-08
4482	0.865855	0.0424352	0.0588063	0.00763662	0.0252673
4483	5.84782e-06	0.649774	3.97114e-07	0.350219	1.70628e-07
4484	0.894372	0.0122159	0.0607329	0.00658422	0.0260951
4485	1.52404e-22	1.69609e-22	1.03739e-23	1	4.45734e-24
4486	0.00155098	0.648673	0.000105474	0.349625	4.53192e-05
4487	0.00646153	0.839779	0.00131577	0.152255	0.000188508
4488	0.855663	0.0519266	0.0580834	0.00937062	0.0249567
4489	7.39685e-05	0.649726	5.02431e-06	0.350193	2.1588e-06
4490	0.0657266	0.602925	0.00446321	0.324968	0.00191771
4491	0.904804	0.00477242	0.0614486	0.00257227	0.0264027
4492	2.0005e-07	0.649778	1.35894e-08	0.350221	5.83896e-09
4493	0.478896	0.402325	0.0325154	0.0722932	0.0139709
4494	0.740604	0.158557	0.0505844	0.0285201	0.0217346
4495	3.1225e-05	0.649756	2.12052e-06	0.350209	9.11123e-07
4496	0.00147237	0.648729	9.99735e-05	0.349656	4.29557e-05
4497	0.00126209	0.845558	8.57673e-05	0.153057	3.68627e-05
4498	0.703836	0.148052	0.0477826	0.0797981	0.0205308
4499	0.874372	0.0264896	0.0593571	0.0142775	0.025504
4500	0.000113305	0.847405	7.69678e-06	0.15247	3.30708e-06
4501	0.0096743	0.642882	0.000656818	0.346504	0.000282215
4502	4.24132e-07	0.649778	2.87961e-08	0.350221	1.23728e-08
4503	0.885308	0.0230272	0.0611564	0.00423128	0.0262771
4504	4.93611e-05	0.847519	3.35402e-06	0.152427	1.44112e-06
4505	0.870987	0.0288918	0.0591385	0.0155723	0.02541
4506	0.608206	0.216195	0.0413187	0.116526	0.0177534
4507	0.900018	0.00816063	0.0611486	0.00439846	0.0262738
4508	0.16565	0.53168	0.0112625	0.286568	0.00483916
4509	0.794768	0.108353	0.0540619	0.0195885	0.0232288
4510	0.502307	0.291709	0.0341037	0.157227	0.0146534
4511	0.119988	0.564243	0.00814924	0.304119	0.00350149
4512	0.845843	0.0468065	0.0574418	0.025228	0.024681
4513	0.000700787	0.649279	4.75703e-05	0.349952	2.04395e-05
4514	0.0047513	0.646392	0.000322554	0.348396	0.000138592
4515	0.0809908	0.591929	0.00562258	0.319041	0.00241586
4516	0.883798	0.0256931	0.0600684	0.00463107	0.0258096
4517	3.90495e-09	0.649779	2.65089e-10	0.350221	1.13901e-10
4518	0.770977	0.100136	0.0524004	0.0539717	0.0225149
4519	4.67113e-07	2.37791e-07	0.999999	4.27284e-08	1.36267e-08
4520	0.000904012	0.649134	6.13921e-05	0.349874	2.63784e-05
4521	0.0115164	0.641568	0.000783	0.345796	0.000336432
4522	0.896295	0.010851	0.0608568	0.00584851	0.0261484
4523	0.831441	0.0570917	0.0564439	0.0307716	0.0242523
4524	0.329775	0.534661	0.0223974	0.103543	0.00962348
4525	0.886435	0.0233346	0.0601734	0.00420257	0.0258547
4526	0.883079	0.0264468	0.059945	0.00477257	0.0257566
4527	3.5845e-09	0.649779	2.43591e-10	0.350221	1.04664e-10
4528	0.841355	0.0500283	0.0571128	0.0269645	0.0245397
4529	0.442118	0.334531	0.0301073	0.180307	0.0129362
4530	0.894235	0.0122635	0.0607777	0.00660984	0.0261144
4531	0.892879	0.0132706	0.0606417	0.00715267	0.026056
4532	0.000396092	0.649496	2.68924e-05	0.350069	1.15549e-05
4533	0.904971	0.00603924	0.0614852	0.00108595	0.0264183
4534	0.41836	0.351523	0.0284343	0.189466	0.0122174
4535	0.693522	0.202656	0.047136	0.0364329	0.020253
4536	6.52182e-06	9.74196e-08	4.42708e-07	5.25078e-08	0.999993
4537	0.711707	0.109531	0.098813	0.0590357	0.0209129
4538	0.000227433	0.847446	1.54397e-05	0.152304	6.63398e-06
4539	7.5614e-06	0.84763	5.13259e-07	0.152362	2.20532e-07
4540	0.839017	0.0516761	0.056974	0.0278527	0.02448
4541	0.897445	0.00997486	0.0609959	0.00537631	0.0262081
4542	0.846925	0.0444684	0.0592017	0.0239678	0.0254372
4543	7.9688e-06	0.649773	5.40951e-07	0.350218	2.32431e-07
4544	2.98634e-23	6.7593e-17	2.02709e-24	1	8.70979e-25
4545	0.815422	0.0682891	0.0555943	0.0368069	0.0238872
4546	0.00392627	0.64698	0.000266549	0.348713	0.000114528
4547	0.0726271	0.598001	0.00493619	0.322314	0.00212093
4548	0.0335816	0.816451	0.00228055	0.146707	0.000979884
4549	8.74248e-05	0.649716	5.944e-06	0.350188	2.55396e-06
4550	0.00173738	0.810305	0.000117951	0.187789	5.06801e-05
4551	0.632122	0.199143	0.0429473	0.107335	0.0184532
4552	2.82387e-07	0.847617	1.917e-08	0.152382	8.23676e-09
4553	6.50714e-06	0.649774	4.41834e-07	0.350219	1.89843e-07
4554	0.00533532	0.645975	0.000362621	0.348171	0.000155808
4555	0.86907	0.0302622	0.0590048	0.0163109	0.0253526
4556	1.70974e-06	3.5657e-08	0.999998	1.92186e-08	5.00855e-08
4557	4.40804e-07	0.649778	2.99228e-08	0.350221	1.28569e-08
4558	0.703143	0.148221	0.0480863	0.0798888	0.0206613
4559	0.877364	0.0243333	0.0595851	0.0131153	0.0256019
4560	0.879531	0.0297505	0.0597123	0.00534961	0.0256566
4561	0.838654	0.0518443	0.0570471	0.0279433	0.0245115
4562	0.864973	0.0432497	0.0587497	0.0077832	0.0252446
4563	0.533762	0.269282	0.0362443	0.145139	0.0155731
4564	0.875658	0.0255683	0.0594494	0.013781	0.0255436
4565	3.70193e-06	0.649776	2.5136e-07	0.35022	1.08002e-07
4566	0.010707	0.642143	0.000729986	0.346106	0.000313653
4567	5.95301e-05	0.649736	4.04273e-06	0.350199	1.73704e-06
4568	1.03028e-15	3.11314e-16	7.07188e-17	1	3.03858e-17
4569	0.840392	0.0499759	0.0578425	0.0269363	0.0248532
4570	0.556557	0.329969	0.0377884	0.0594493	0.0162366
4571	0.642109	0.192037	0.0436102	0.103505	0.018738
4572	0.807702	0.0739997	0.0548475	0.0398848	0.0235664
4573	0.0933923	0.5832	0.00634464	0.314337	0.0027261
4574	0.00159264	0.648643	0.000108368	0.349609	4.65625e-05
4575	0.00282288	0.647763	0.000195002	0.349135	8.37866e-05
4576	0.87758	0.0241617	0.0596187	0.0130228	0.0256164
4577	0.906717	0.0031857	0.0618186	0.00171705	0.0265616
4578	0.00132966	0.648831	9.02582e-05	0.349711	3.87813e-05
4579	0.875532	0.0253794	0.0597404	0.0136791	0.0256687
4580	0.764892	0.104492	0.0519679	0.0563194	0.0223291
4581	0.876394	0.0250486	0.059494	0.0135008	0.0255628
4582	0.000146289	0.649674	9.93214e-06	0.350165	4.26755e-06
4583	0.217425	0.49478	0.0147697	0.266679	0.00634609
4584	4.89967e-06	0.847681	3.32649e-07	0.152314	1.42929e-07
4585	5.20596e-07	8.40907e-08	0.999999	1.52023e-08	1.51853e-08
4586	0.517607	0.280687	0.0352667	0.151286	0.0151531
4587	0.0279059	0.629885	0.00189529	0.339499	0.000814349
4588	0.00139696	0.648783	9.48586e-05	0.349685	4.07579e-05
4589	0.755774	0.111006	0.0513328	0.0598306	0.0220562
4590	0.839272	0.0621543	0.0569933	0.017092	0.0244883
4591	0.340132	0.531205	0.0230977	0.0956411	0.00992439
4592	0.730421	0.129106	0.0495822	0.0695865	0.021304
4593	0.0068245	0.644914	0.000463394	0.347599	0.000199107
4594	0.256449	0.466969	0.0174114	0.25169	0.00748128
4595	1.35432e-07	0.784318	9.19772e-09	0.215682	3.95199e-09
4596	0.791486	0.111606	0.0537417	0.0200749	0.0230912
4597	0.00501468	0.646203	0.000341339	0.348294	0.000146663
4598	8.85068e-07	0.847337	6.00779e-08	0.152662	2.58137e-08
4599	0.00432615	0.646695	0.000293731	0.348559	0.000126208
4600	0.000220652	0.649621	1.50193e-05	0.350137	6.45337e-06
4601	0.000384802	0.649504	2.61417e-05	0.350074	1.12323e-05
4602	0.788529	0.0876299	0.0535859	0.0472312	0.0230243
4603	0.0546695	0.612076	0.221385	0.110276	0.00159449
4604	1.11923e-08	9.8069e-10	1	1.77803e-10	3.28877e-10
4605	0.179775	0.679326	0.0122256	0.123421	0.00525296
4606	0.000250488	0.6496	1.7003e-05	0.350125	7.30567e-06
4607	0.00182882	0.648475	0.000124192	0.349519	5.33615e-05
4608	5.70859e-09	0.649779	3.87527e-10	0.350221	1.66509e-10
4609	0.000252844	0.649598	1.71642e-05	0.350124	7.37496e-06
4610	0.41993	0.0110192	0.0285281	0.00303021	0.537492
4611	1.17367e-06	0.649778	7.9759e-08	0.350221	3.42748e-08
4612	2.20829e-06	0.847588	1.49905e-07	0.152409	6.44095e-08
4613	0.85982	0.048027	0.0583768	0.0086935	0.0250828
4614	0.0481542	0.802456	0.00326878	0.144716	0.0014045
4615	1.65595e-07	0.84761	1.12566e-08	0.15239	4.83665e-09
4616	0.000586592	0.64936	3.982e-05	0.349996	1.71095e-05
4617	0.001413	0.846354	9.59125e-05	0.152095	4.12108e-05
4618	0.000781931	0.649221	5.31449e-05	0.349921	2.28348e-05
4619	0.000984131	1.48988e-05	0.99897	2.68177e-06	2.87396e-05
4620	0.000825542	1.88255e-05	0.999121	1.01467e-05	2.40974e-05
4621	0.332663	0.537994	0.0226067	0.0970227	0.00971343
4622	0.00540465	0.645926	0.000367167	0.348145	0.000157761
4623	0.000407372	0.000355773	2.76612e-05	0.000191757	0.999017
4624	0.885692	0.0183074	0.0602468	0.00986743	0.0258863
4625	4.85865e-07	0.649778	3.29822e-08	0.350221	1.41715e-08
4626	0.907945	0.00192033	0.0623217	0.00103503	0.0267778
4627	0.115439	0.430883	0.218071	0.23224	0.003367
4628	9.20349e-05	0.649713	6.24931e-06	0.350186	2.68514e-06
4629	0.000387565	0.649502	2.63178e-05	0.350073	1.1308e-05
4630	0.405581	0.469052	0.0277018	0.085763	0.0119026
4631	0.00733738	0.644548	0.000498206	0.347402	0.000214065
4632	0.895967	0.0109642	0.0609644	0.00590956	0.0261946
4633	7.65901e-06	0.649773	5.20419e-07	0.350218	2.23609e-07
4634	0.016847	0.637768	0.00114473	0.343748	0.000491858
4635	0.00311394	0.647559	0.000211479	0.349025	9.08663e-05
4636	1.6314e-07	0.649778	1.10743e-08	0.350221	4.75832e-09
4637	0.862339	0.0349718	0.0586431	0.0188493	0.0251972
4638	0.205773	0.503088	0.0139763	0.271157	0.0060052
4639	0.000947881	0.783502	6.47417e-05	0.215457	2.78176e-05
4640	0.809568	0.0946884	0.0550544	0.0170342	0.0236553
4641	0.565977	0.245699	0.0390973	0.132428	0.0167989
4642	0.879272	0.0298949	0.0597247	0.0054462	0.0256619
4643	1.13046e-07	0.649778	7.67473e-09	0.350221	3.2976e-09
4644	0.000400028	0.649493	2.71927e-05	0.350068	1.16839e-05
4645	0.338822	0.408254	0.0229991	0.220043	0.00988202
4646	0.141315	0.549035	0.00960215	0.295922	0.00412576
4647	0.00576467	0.645669	0.000391356	0.348007	0.000168154
4648	0.000246039	0.649603	1.672e-05	0.350127	7.18409e-06
4649	0.871518	0.0368849	0.0591791	0.00699092	0.0254275
4650	0.00088241	0.649149	6.00081e-05	0.349882	2.57837e-05
4651	4.77618e-07	0.649778	3.24287e-08	0.350221	1.39337e-08
4652	0.000334888	0.64954	2.27579e-05	0.350093	9.77839e-06
4653	0.715962	0.139402	0.0486125	0.0751357	0.0208874
4654	3.20875e-09	8.87539e-11	1	4.78371e-11	9.36252e-11
4655	8.26819e-07	0.649778	5.61247e-08	0.350221	2.41151e-08
4656	0.000575182	0.649369	3.90476e-05	0.35	1.67776e-05
4657	0.000408736	1.19941e-05	2.77499e-05	6.46465e-06	0.999545
4658	0.413582	0.455083	0.0281141	0.0911409	0.0120798
4659	8.37438e-08	0.649779	5.68871e-09	0.350221	2.44427e-09
4660	9.68232e-17	8.39995e-13	6.58071e-18	1	2.82754e-18
4661	0.0140132	0.639787	0.000953504	0.344836	0.000409693
4662	0.899219	0.00878219	0.061039	0.00473348	0.0262267
4663	3.27745e-17	1.91121e-18	2.22607e-18	1	9.56478e-19
4664	0.863773	0.0339352	0.0587558	0.0182906	0.0252456
4665	4.03488e-06	0.847209	2.74164e-07	0.152787	1.178e-07
4666	0.00362303	0.844057	0.000246003	0.151969	0.0001057
4667	0.17942	0.680686	0.0121987	0.122454	0.00524143
4668	0.88127	0.0215573	0.0598413	0.0116191	0.025712
4669	0.883155	0.0202343	0.0599474	0.010906	0.0257576
4670	3.8769e-05	0.649751	2.63295e-06	0.350207	1.1313e-06
4671	0.843722	0.0507043	0.0674016	0.00921204	0.0289605
4672	0.396747	0.477642	0.0269959	0.0870159	0.0115993
4673	0.0566243	0.609412	0.00384679	0.328464	0.00165285
4674	0.901214	0.00957433	0.0611862	0.00173587	0.0262899
4675	0.874985	0.0260407	0.0594113	0.0140356	0.0255273
4676	0.899927	0.00827477	0.0610895	0.00445998	0.0262484
4677	1.36696e-07	0.649778	9.28089e-09	0.350221	3.98772e-09
4678	0.903821	0.00663198	0.0613593	0.00182375	0.0263643
4679	0.435372	0.339379	0.0296074	0.18292	0.0127214
4680	0.783465	0.0912825	0.0531958	0.0492	0.0228567
4681	0.907123	0.00305509	0.0616751	0.00164665	0.0265
4682	4.18737e-07	0.649778	2.84242e-08	0.350221	1.22131e-08
4683	0.258705	0.46535	0.0175752	0.250817	0.00755156
4684	6.56272e-08	1.2467e-09	4.45662e-09	6.71956e-10	1
4685	8.17517e-05	0.64972	5.57371e-06	0.35019	2.39486e-06
4686	1.13783e-06	0.649778	7.72377e-08	0.350221	3.31878e-08
4687	2.58905e-07	0.811852	1.75811e-08	0.188148	7.55407e-09
4688	8.73867e-07	0.649778	5.93316e-08	0.350221	2.5493e-08
4689	1.89088e-10	2.96036e-11	1.28394e-11	1	5.51669e-12
4690	0.000167806	0.649659	1.13925e-05	0.350157	4.89503e-06
4691	0.635001	0.197016	0.0432232	0.106189	0.0185717
4692	0.884799	0.0247904	0.0600685	0.00453276	0.0258097
4693	5.59461e-05	0.649739	3.79763e-06	0.3502	1.63173e-06
4694	0.00095403	0.846723	6.48071e-05	0.152231	2.78457e-05
4695	0.0164591	0.638046	0.0011175	0.343898	0.000480157
4696	7.06196e-10	0.649779	4.79801e-11	0.350221	2.06156e-11
4697	0.000853283	0.832364	5.79944e-05	0.1667	2.49185e-05
4698	7.43558e-05	0.649726	5.07354e-06	0.350193	2.17995e-06
4699	5.16867e-07	0.649778	3.50866e-08	0.350221	1.50757e-08
4700	2.78508e-05	0.649759	1.89575e-06	0.350211	8.14547e-07
4701	0.222031	0.491493	0.0150867	0.264908	0.00648231
4702	0.515434	0.281994	0.0353796	0.151991	0.0152016
4703	0.762495	0.106183	0.0518239	0.057231	0.0222672
4704	0.803494	0.0770124	0.0545477	0.0415086	0.0234375
4705	0.723255	0.134193	0.049119	0.0723279	0.021105
4706	0.854733	0.0527443	0.0580666	0.00950694	0.0249495
4707	0.459617	0.322086	0.0312642	0.1736	0.0134333
4708	1.15519e-06	0.649778	7.84183e-08	0.350221	3.3694e-08
4709	0.000984125	1.56781e-05	0.998963	8.45027e-06	2.87632e-05
4710	0.863239	0.0429996	0.0586123	0.00996522	0.025184
4711	0.000125876	0.649689	8.5567e-06	0.350173	3.67656e-06
4712	7.70498e-28	2.22885e-28	5.23041e-29	1	2.24735e-29
4713	0.79729	0.0814343	0.054127	0.0438919	0.0232568
4714	0.32311	0.54717	0.0219366	0.0983583	0.0094255
4715	1.37367e-05	0.649769	9.32718e-07	0.350216	8.1825e-07
4716	1.69736e-06	1.1943e-07	1.15239e-07	6.43708e-08	0.999998
4717	0.272875	0.455257	0.0185298	0.245377	0.00796169
4718	0.173117	0.518462	0.0138297	0.279444	0.0151468
4719	0.89802	0.00928514	0.0613361	0.00500456	0.0263543
4720	0.0017657	0.64852	0.000119905	0.349543	5.15198e-05
4721	0.0712447	0.598993	0.0048361	0.322849	0.00207793
4722	6.4565e-06	0.649774	4.38449e-07	0.350219	1.88388e-07
4723	8.14407e-10	0.649779	5.52872e-11	0.350221	2.37553e-11
4724	0.000185357	0.649646	1.25822e-05	0.35015	5.40619e-06
4725	0.867438	0.0313365	0.0589898	0.0168899	0.0253462
4726	0.136344	0.00124868	0.858196	0.000226862	0.00398495
4727	1.5981e-05	0.649767	1.08511e-06	0.350215	4.66238e-07
4728	0.325584	0.544376	0.0221207	0.0984148	0.00950461
4729	0.585757	0.30262	0.0397608	0.0547781	0.017084
4730	0.0144715	0.834144	0.000982348	0.14998	0.000422086
4731	2.51419e-07	0.847024	1.71211e-08	0.152976	7.35642e-09
4732	0.773924	0.0292446	0.157596	0.0157624	0.0234734
4733	0.192019	0.512862	0.0130761	0.276425	0.0056184
4734	0.887759	0.016949	0.0602631	0.00913526	0.0258933
4735	0.00274316	0.647823	0.000186245	0.349167	8.00238e-05
4736	1.49048e-05	0.847411	1.01276e-06	0.152573	4.35153e-07
4737	0.136783	0.552268	0.00929164	0.297665	0.00399234
4738	0.758515	0.109059	0.0515113	0.0587814	0.0221329
4739	0.810593	0.0719502	0.0550314	0.0387801	0.0236454
4740	0.865294	0.0329206	0.058784	0.0177437	0.0252578
4741	7.06766e-07	8.22295e-08	0.999999	4.43206e-08	2.06287e-08
4742	0.000862622	0.649164	5.85704e-05	0.34989	2.5166e-05
4743	0.0014233	0.648764	9.66533e-05	0.349675	4.1529e-05
4744	0.739782	0.122392	0.050262	0.0659675	0.0215961
4745	0.857655	0.0497987	0.0584045	0.00904751	0.0250947
4746	3.99199e-07	0.649778	2.70977e-08	0.350221	1.16431e-08
4747	0.000209265	0.649629	1.42165e-05	0.350141	6.10842e-06
4748	0.873693	0.0351466	0.0593268	0.00634253	0.025491
4749	0.786	0.0894177	0.05343	0.0481949	0.0229573
4750	1.17417e-25	6.68421e-25	7.97181e-27	1	3.42525e-27
4751	2.79001e-13	2.7071e-14	1.90095e-14	1.45909e-14	1
4752	0.831646	0.00325122	0.0566334	0.00175236	0.106717
4753	0.858432	0.0378409	0.0582873	0.0203957	0.0250443
4754	1.92593e-05	4.42346e-07	0.99998	8.18432e-08	5.61997e-07
4755	0.31709	0.423734	0.0215358	0.228387	0.00925331
4756	0.853608	0.053856	0.0579504	0.00968604	0.0248996
4757	0.861068	0.0468972	0.0584784	0.00842979	0.0251264
4758	2.81468e-06	1.64156e-07	0.999997	2.96235e-08	8.21476e-08
4759	0.000205639	0.847434	1.39714e-05	0.152341	6.0031e-06
4760	0.798329	0.105201	0.0541981	0.0189845	0.0232873
4761	3.59947e-05	0.649751	5.44433e-06	0.350207	1.04986e-06
4762	0.00522144	0.646056	0.000355005	0.348215	0.000152535
4763	9.13332e-07	0.847578	6.22696e-08	0.152421	2.67554e-08
4764	0.886065	0.0181583	0.0601468	0.00978707	0.0258433
4765	1.05211e-21	6.34601e-22	7.15668e-23	1	3.07501e-23
4766	0.00016928	0.649658	1.14907e-05	0.350156	4.93719e-06
4767	0.891053	0.0190342	0.0604938	0.00342703	0.0259924
4768	8.03812e-23	1.23577e-19	5.45816e-24	1	2.34521e-24
4769	0.836177	0.0537042	0.0567777	0.0289458	0.0243957
4770	0.861459	0.0463756	0.0586163	0.00836345	0.0251857
4771	0.892399	0.0130134	0.0612546	0.00701404	0.0263193
4772	4.14552e-06	0.649776	2.83146e-07	0.35022	1.21659e-07
4773	5.50994e-05	0.649739	3.74124e-06	0.3502	1.6075e-06
4774	0.637182	0.195558	0.0432669	0.105403	0.0185905
4775	0.000814528	0.649198	5.53461e-05	0.349908	2.37806e-05
4776	0.89529	0.0115751	0.0607808	0.0062388	0.0261157
4777	0.59971	0.22224	0.0407544	0.119784	0.0175109
4778	0.874475	0.0338747	0.0593603	0.00678419	0.0255054
4779	4.10452e-07	0.649778	2.78704e-08	0.350221	1.19751e-08
4780	0.00904406	0.643331	0.000614123	0.346747	0.000263871
4781	0.423468	0.3479	0.0287607	0.187513	0.0123576
4782	0.00158741	0.648647	0.000107763	0.349612	4.63024e-05
4783	0.562772	0.324188	0.0382131	0.0584079	0.016419
4784	0.000587384	0.846582	3.99009e-05	0.152773	1.71442e-05
4785	6.13928e-05	0.649735	4.16802e-06	0.350198	1.79088e-06
4786	0.819338	0.0657005	0.0556419	0.0354116	0.0239077
4787	5.92248e-06	0.649774	4.02011e-07	0.350219	1.72732e-07
4788	0.521717	0.362334	0.035421	0.0653091	0.0152193
4789	7.96806e-08	0.649779	5.41029e-09	0.350221	2.32464e-09
4790	0.0498783	0.801259	0.00338681	0.144021	0.00145521
4791	8.77531e-07	2.0597e-08	0.999999	1.11015e-08	2.56266e-08
4792	0.799274	0.103567	0.0548625	0.0187234	0.0235728
4793	0.521143	0.362841	0.035404	0.0654005	0.015212
4794	0.011942	0.641253	0.000824947	0.345626	0.000354455
4795	1.50765e-05	0.649768	1.02364e-06	0.350216	4.39828e-07
4796	0.00301527	0.647629	0.000204827	0.349063	8.80082e-05
4797	0.00149906	0.000520245	0.000101969	0.000280405	0.997598
4798	0.000405047	0.64949	2.7507e-05	0.350066	1.1819e-05
4799	0.025703	0.631408	0.00179669	0.34032	0.000771984
4800	2.78756e-07	0.649778	1.89246e-08	0.350221	8.13134e-09
4801	0.00542229	0.645912	0.000369443	0.348137	0.000158739
4802	0.0350559	0.792011	0.00239739	0.167469	0.0030672
4803	0.408384	0.358666	0.0277224	0.193316	0.0119115
4804	0.00150389	0.648706	0.000102135	0.349644	4.38843e-05
4805	0.000508687	0.84674	3.45439e-05	0.152702	1.48425e-05
4806	0.873358	0.0328124	0.0593192	0.00902318	0.0254877
4807	0.000618299	0.649338	4.1976e-05	0.349984	1.80358e-05
4808	0.599329	0.222545	0.0406933	0.119948	0.0174847
4809	3.96998e-05	0.64975	2.69787e-06	0.350206	1.15919e-06
4810	0.64957	0.186486	0.0443667	0.100514	0.019063
4811	7.51134e-05	0.649725	5.10031e-06	0.350193	2.19145e-06
4812	0.894582	0.0120766	0.0607359	0.00650914	0.0260964
4813	3.12816e-05	0.649756	2.13274e-06	0.350209	9.16373e-07
4814	0.487531	0.302242	0.0331005	0.162904	0.0142223
4815	0.00517046	0.646093	0.000350995	0.348235	0.000150812
4816	1.78909e-16	1.98023e-17	1	3.5598e-18	5.22651e-18
4817	0.00452469	0.646553	0.00030778	0.348483	0.000132244
4818	0.773994	0.0979188	0.0525429	0.0527768	0.0227679
4819	0.313528	0.423961	0.0212979	0.228509	0.0127044
4820	0.803033	0.10078	0.0545346	0.0182196	0.0234319
4821	2.01159e-07	3.36509e-09	1	1.81374e-09	5.87053e-09
4822	0.81762	0.0669423	0.0555067	0.0360809	0.0238496
4823	0.000165431	0.649661	1.12369e-05	0.350158	4.82816e-06
4824	9.43064e-06	0.649772	6.41187e-07	0.350218	2.75499e-07
4825	2.52361e-08	0.649779	1.71313e-09	0.350221	7.36083e-10
4826	1.89131e-05	0.649765	1.28566e-06	0.350214	5.52408e-07
4827	0.000223569	0.844565	1.5193e-05	0.15519	6.52799e-06
4828	0.249682	0.615419	0.0169699	0.110638	0.00729147
4829	0.853061	0.0416244	0.0579713	0.022435	0.0249085
4830	0.000245325	0.847303	1.66589e-05	0.152427	7.15785e-06
4831	0.883614	0.0255336	0.0602435	0.00472424	0.0258848
4832	6.97274e-06	1.22978e-06	4.77617e-07	0.999991	2.05218e-07
4833	0.318769	0.422523	0.0216655	0.227734	0.00930904
4834	0.00207779	0.648297	0.000141144	0.349423	6.06453e-05
4835	0.0244685	0.632336	0.00166183	0.34082	0.000714039
4836	0.801214	0.0786324	0.0543987	0.0423817	0.0233735
4837	0.8486	0.058331	0.0576854	0.0105977	0.0247857
4838	0.862457	0.0349256	0.0586098	0.0188244	0.0251829
4839	0.897704	0.0128463	0.0609373	0.00232908	0.026183
4840	0.892201	0.0137667	0.0605818	0.00742008	0.0260302
4841	0.529864	0.354422	0.0359911	0.0642582	0.0154643
4842	2.05295e-06	0.649777	1.39374e-07	0.350221	5.98848e-08
4843	0.894787	0.015478	0.0607632	0.00286375	0.0261082
4844	0.853552	0.0498645	0.0579653	0.0137124	0.024906
4845	7.34403e-08	0.649779	4.99711e-09	0.350221	2.14711e-09
4846	2.5574e-05	0.64976	1.737e-06	0.350212	7.4634e-07
4847	0.00205185	0.648316	0.000139317	0.349433	5.98602e-05
4848	0.731653	0.167271	0.049668	0.030067	0.0213409
4849	0.882393	0.0265046	0.0602086	0.00502351	0.0258698
4850	2.28807e-06	0.649777	1.55384e-07	0.350221	6.67641e-08
4851	0.85853	0.0377466	0.0583199	0.0203449	0.0250583
4852	0.886662	0.0177289	0.0601914	0.0095556	0.0258625
4853	0.900988	0.00972266	0.0611959	0.00179889	0.0262941
4854	0.00494963	0.842975	0.000336685	0.151594	0.000144664
4855	0.00574471	0.645684	0.000389982	0.348014	0.000167564
4856	0.472245	0.407644	0.0320681	0.0742638	0.0137787
4857	1.22241e-07	1.64375e-08	1	8.8596e-09	3.56609e-09
4858	0.0121922	0.640005	0.00248272	0.344954	0.00036619
4859	0.00784744	0.839234	0.000532839	0.152157	0.000228945
4860	0.441883	0.33473	0.0300579	0.180415	0.012915
4861	0.825379	0.0800748	0.0560359	0.0144331	0.024077
4862	0.886764	0.0228245	0.0603602	0.0041162	0.025935
4863	0.018198	0.636805	0.00123629	0.343229	0.000531197
4864	0.000159841	0.649665	1.08504e-05	0.35016	4.66226e-06
4865	0.668392	0.222211	0.045391	0.0445029	0.0195032
4866	0.555254	0.253711	0.0379725	0.136747	0.0163157
4867	0.776486	0.0962535	0.0527261	0.0518793	0.0226549
4868	0.862927	0.0346417	0.0585868	0.0186714	0.025173
4869	1.14214e-25	1.49104e-24	7.75753e-27	1	3.33318e-27
4870	0.866679	0.0319607	0.0588488	0.0172264	0.0252856
4871	0.657354	0.236307	0.0446717	0.0424731	0.0191941
4872	3.91184e-05	0.649751	2.65731e-06	0.350206	1.14177e-06
4873	0.506574	0.374312	0.0343981	0.0699368	0.0147799
4874	1.12231e-05	0.649771	7.6228e-07	0.350217	3.27529e-07
4875	2.87606e-06	0.649777	1.97954e-07	0.35022	8.50549e-08
4876	0.0310251	0.627662	0.00210635	0.338301	0.000905038
4877	0.634606	0.197401	0.0430841	0.106396	0.018512
4878	1.0954e-06	6.53351e-08	0.999999	1.1744e-08	3.19513e-08
4879	0.000439279	0.846977	2.98484e-05	0.152541	1.2825e-05
4880	0.585065	0.232723	0.0397141	0.125434	0.017064
4881	0.854332	0.0517269	0.0580577	0.0109375	0.0249457
4882	1.88141e-06	0.649777	1.27768e-07	0.350221	5.4898e-08
4883	0.897639	0.0128584	0.060965	0.00234252	0.0261949
4884	0.0163355	0.83236	0.00110952	0.149718	0.000476727
4885	0.000236168	0.64961	1.60377e-05	0.350131	6.89093e-06
4886	0.0172108	0.63751	0.00116875	0.343609	0.000502177
4887	0.864717	0.0333398	0.058736	0.0179697	0.0252371
4888	0.887233	0.0172627	0.0602935	0.00930433	0.0259063
4889	1.16084e-06	0.649778	7.92082e-08	0.350221	3.40334e-08
4890	0.0044051	0.00158968	0.993569	0.00030786	0.000128537
4891	3.22915e-06	0.649776	2.19212e-07	0.35022	9.41891e-08
4892	0.272721	0.455368	0.0185177	0.245437	0.0079565
4893	4.48071e-05	5.68221e-06	0.999945	3.06263e-06	1.3069e-06
4894	0.104106	0.575564	0.00707095	0.310221	0.00303818
4895	0.880135	0.0193386	0.0630237	0.0104232	0.0270794
4896	0.845449	0.0470818	0.0574205	0.0253764	0.0246719
4897	0.803441	0.0770052	0.0545927	0.0415047	0.0234569
4898	0.903603	0.00536047	0.0616558	0.00288922	0.0264917
4899	0.53499	0.268393	0.0363418	0.14466	0.015615
4900	0.00728486	0.644586	0.000494539	0.347422	0.000212489
4901	0.0100767	0.642595	0.000684784	0.346349	0.000294231
4902	0.000628306	0.649331	4.26599e-05	0.34998	1.83297e-05
4903	0.0866981	0.587975	0.0058871	0.31691	0.00252951
4904	2.62139e-07	0.847642	1.77939e-08	0.152358	7.64552e-09
4905	0.862018	0.0460452	0.0585141	0.0082804	0.0251418
4906	0.000478651	0.840221	3.50212e-05	0.15925	1.50476e-05
4907	0.729307	0.129887	0.0495211	0.070007	0.0212777
4908	0.00457297	0.646519	0.000310567	0.348464	0.000133442
4909	8.49677e-12	4.07075e-07	5.76751e-13	1	2.47813e-13
4910	0.10757	0.747629	0.00730551	0.134356	0.00313896
4911	7.75553e-05	0.649723	5.26762e-06	0.350192	2.26334e-06
4912	0.617917	0.209133	0.0421286	0.11272	0.0181014
4913	3.82486e-08	8.96701e-10	1	1.61626e-10	1.11698e-09
4914	5.99427e-06	0.649774	4.12574e-07	0.350219	1.77271e-07
4915	0.00118945	0.648931	8.08703e-05	0.349764	3.47476e-05
4916	0.219455	0.493331	0.0149101	0.265898	0.00640642
4917	2.9395e-16	2.13868e-09	1.99531e-17	1	8.57324e-18
4918	6.76559e-05	0.64973	4.59371e-06	0.350195	1.97378e-06
4919	0.883348	0.0200777	0.0599807	0.0108216	0.0257719
4920	3.02039e-05	0.649757	2.0521e-06	0.35021	8.81727e-07
4921	9.7669e-05	0.649709	6.63078e-06	0.350184	2.84905e-06
4922	0.00124005	0.648895	8.4204e-05	0.349745	3.618e-05
4923	0.367259	0.506097	0.024934	0.0909968	0.0107134
4924	0.414489	0.354217	0.0282409	0.190918	0.0121343
4925	0.899552	0.00851355	0.061095	0.00458868	0.0262507
4926	2.42681e-06	0.649777	1.65755e-07	0.35022	7.122e-08
4927	0.835372	0.0707692	0.056736	0.0127456	0.0243778
4928	0.000438911	0.649466	2.98036e-05	0.350053	1.28057e-05
4929	0.00177818	0.843771	0.000120898	0.154278	5.19464e-05
4930	3.286e-07	0.649778	2.23415e-08	0.350221	9.59947e-09
4931	0.00612622	0.645411	0.000416225	0.347867	0.00017884
4932	0.736899	0.124484	0.0500267	0.0670952	0.021495
4933	0.897492	0.0099848	0.060952	0.00538167	0.0261893
4934	0.738539	0.123316	0.0501375	0.0664654	0.0215426
4935	0.872507	0.0361616	0.0592348	0.00664476	0.0254514
4936	0.89618	0.0142692	0.0608376	0.00257333	0.0261401
4937	0.894408	0.0121938	0.0607317	0.00657226	0.0260946
4938	0.88667	0.0230791	0.0602234	0.00415129	0.0258762
4939	7.34348e-07	0.84766	4.98464e-08	0.152339	2.14175e-08
4940	0.788635	0.0875853	0.0535592	0.0472073	0.0230128
4941	0.714764	0.140253	0.048535	0.0755942	0.020854
4942	0.000537122	0.649396	3.64688e-05	0.350015	1.56696e-05
4943	0.451125	0.427993	0.0306363	0.0770818	0.0131635
4944	0.448884	0.329794	0.0304739	0.177754	0.0130937
4945	0.891248	0.0144541	0.0605087	0.00779056	0.0259988
4946	0.737189	0.161999	0.0501323	0.0291391	0.0215404
4947	0.866249	0.0322223	0.0588675	0.0173674	0.0252936
4948	0.00552343	0.645841	0.000375537	0.348099	0.000161357
4949	1.79777e-06	0.649777	1.22032e-07	0.350221	5.24337e-08
4950	0.766011	0.103735	0.0519993	0.0559117	0.0223426
4951	0.868515	0.0306597	0.0589645	0.0165251	0.0253353
4952	0.73731	0.124198	0.0500472	0.0669409	0.0215038
4953	0.0383418	0.622436	0.00261409	0.335484	0.0011232
4954	0.00152697	0.64869	0.000103693	0.349635	4.4554e-05
4955	0.602653	0.220142	0.0409544	0.118653	0.0175969
4956	0.740769	0.1217	0.0503168	0.0655946	0.0216196
4957	0.659684	0.234132	0.0447861	0.0421545	0.0192433
4958	3.55134e-06	0.847125	2.41371e-07	0.152871	1.0371e-07
4959	0.726105	0.172214	0.0493176	0.031173	0.0211903
4960	0.00230873	0.648133	0.000156771	0.349334	6.73597e-05
4961	0.868434	0.0305216	0.05917	0.0164507	0.0254236
4962	2.52641e-07	5.97949e-09	1.71563e-08	1.38576e-09	1
4963	0.0305538	0.627998	0.00207493	0.338482	0.000891536
4964	0.769798	0.10096	0.0523384	0.0544158	0.0224883
4965	1.2629e-05	0.64977	8.59056e-07	0.350217	3.69111e-07
4966	0.0923503	0.583904	0.00631563	0.314716	0.00271364
4967	0.114707	0.568011	0.00778696	0.30615	0.00334582
4968	0.130306	0.556875	0.0088637	0.300147	0.00380847
4969	0.000182754	0.784161	1.24145e-05	0.215639	5.33413e-06
4970	0.0395321	0.621597	0.00268522	0.335032	0.00115376
4971	0.885158	0.0187255	0.0601705	0.0100928	0.0258535
4972	0.0369072	0.623468	0.00250663	0.336041	0.00107702
4973	5.65718e-10	4.57757e-11	3.84043e-11	2.46724e-11	1
4974	0.851646	0.0426931	0.0578106	0.023011	0.0248395
4975	0.75579	0.144322	0.0514105	0.0263883	0.0220896
4976	0.850092	0.0435228	0.0580045	0.0234582	0.0249228
4977	1.17578e-07	0.649778	7.98112e-09	0.350221	3.42925e-09
4978	0.56003	0.0575184	0.355489	0.0103399	0.0166224
4979	0.87414	0.0266381	0.0593591	0.0143576	0.0255048
4980	0.693016	0.203211	0.047046	0.0365127	0.0202143
4981	0.000163016	0.649662	1.10736e-05	0.350159	4.75801e-06
4982	0.807725	0.0962536	0.0548532	0.0175993	0.0235688
4983	0.0937859	0.582924	0.00636626	0.314188	0.00273539
4984	2.47639e-07	0.649778	1.68146e-08	0.350221	7.22475e-09
4985	0.876924	0.0246655	0.0595354	0.0132944	0.0255806
4986	0.895128	0.0151041	0.0608482	0.0027754	0.0261447
4987	0.00865971	0.829799	0.000588008	0.1607	0.00025265
4988	0.0142511	0.639619	0.000967805	0.344746	0.000415837
4989	4.31507e-15	8.39995e-13	2.93018e-16	1	1.25901e-16
4990	3.17194e-09	0.649779	2.15323e-10	0.350221	9.25178e-11
4991	3.79538e-06	0.649776	2.57819e-07	0.35022	1.10777e-07
4992	0.370357	0.502983	0.0252504	0.0905599	0.0108493
4993	6.07563e-06	0.649774	4.12662e-07	0.350219	1.77309e-07
4994	0.395629	0.36769	0.0269297	0.19818	0.0115709
4995	0.0241277	0.632579	0.0016386	0.340951	0.00070406
4996	0.537635	0.266498	0.0365316	0.143639	0.0156965
4997	0.106197	0.748712	0.00739321	0.134601	0.00309729
4998	4.96006e-10	3.51857e-11	1	8.15434e-12	1.44744e-11
4999	0.0837257	0.590095	0.00568423	0.318053	0.00244235
5000	4.49723e-05	0.649747	3.05833e-06	0.350204	1.31407e-06
5001	0.884185	0.0194828	0.0600359	0.010501	0.0257957
5002	0.619516	0.207922	0.0423139	0.112067	0.018181
5003	0.865607	0.0426547	0.0588006	0.0076724	0.0252649
5004	5.0476e-22	2.53858e-22	3.42658e-23	1	1.4723e-23
5005	0.855583	0.0518874	0.0580851	0.00948727	0.0249574
5006	0.00275884	7.52065e-06	0.997149	4.05352e-06	8.10662e-05
5007	0.879661	0.029533	0.0597197	0.00542673	0.0256598
5008	0.891303	0.0187877	0.0605166	0.00339042	0.0260022
5009	0.0764735	0.595259	0.00519762	0.320836	0.00223326
5010	0.895964	0.0143667	0.0609051	0.00259467	0.0261691
5011	9.95487e-05	0.649708	6.75769e-06	0.350183	2.91477e-06
5012	0.894973	0.0153786	0.0607657	0.00277341	0.0261092
5013	1.33248e-07	0.649778	9.04864e-09	0.350221	3.88793e-09
5014	0.804065	0.0766084	0.0545828	0.0412908	0.0234526
5015	0.856719	0.0378498	0.0594755	0.0204005	0.0255549
5016	0.000114317	0.649697	7.76371e-06	0.350178	3.33584e-06
5017	0.000211776	0.649628	1.43916e-05	0.35014	6.18364e-06
5018	0.859617	0.0482569	0.058371	0.00867499	0.0250803
5019	0.861594	0.046344	0.0585593	0.00834188	0.0251612
5020	3.70216e-07	0.649778	2.5131e-08	0.350221	1.0798e-08
5021	0.0671863	0.600658	0.00588264	0.323746	0.0025276
5022	3.25507e-06	3.39303e-07	0.999996	6.16451e-08	9.49704e-08
5023	0.00139744	0.648782	9.48594e-05	0.349685	4.07583e-05
5024	0.000361471	0.649521	2.45589e-05	0.350083	1.05522e-05
5025	3.57697e-20	4.20402e-21	5.08199e-16	1	1.04383e-21
5026	0.869248	0.0301341	0.0590179	0.0162419	0.0253583
5027	0.90394	0.00540005	0.0613773	0.00291055	0.026372
5028	6.28688e-10	3.80487e-09	4.27295e-11	1	1.83596e-11
5029	0.873477	0.0271221	0.0593022	0.0146184	0.0254804
5030	0.820696	0.0646901	0.0557796	0.0348671	0.0239668
5031	0.000204643	0.845231	1.39025e-05	0.154545	5.9735e-06
5032	0.828461	0.0591972	0.0562614	0.0319065	0.0241739
5033	3.40858e-05	0.649754	2.31388e-06	0.350208	9.94206e-07
5034	6.59e-06	0.846246	4.47781e-07	0.153747	1.92398e-07
5035	0.852518	0.0420178	0.0579274	0.022647	0.0248897
5036	0.000113344	0.649698	7.6945e-06	0.350178	3.3061e-06
5037	0.000410849	0.649486	2.79397e-05	0.350064	1.20048e-05
5038	0.000198608	7.15578e-06	1.35652e-05	3.85686e-06	0.999777
5039	0.000299098	0.784061	2.03036e-05	0.215611	8.72361e-06
5040	9.33002e-10	9.968e-11	6.33609e-11	5.37261e-11	1
5041	0.017364	0.637401	0.00117901	0.34355	0.000506587
5042	0.808498	0.0955133	0.0551221	0.0171826	0.0236844
5043	3.5391e-06	0.649776	2.4043e-07	0.35022	1.03306e-07
5044	0.000872563	0.649157	5.93048e-05	0.349886	2.54815e-05
5045	0.871654	0.0282991	0.0593101	0.0152528	0.0254838
5046	0.013924	0.639852	0.000946514	0.344871	0.000406689
5047	2.57241e-06	0.649777	1.74658e-07	0.35022	7.50454e-08
5048	3.4505e-32	7.14347e-27	2.36844e-33	1	1.01765e-33
5049	0.000127664	0.649688	8.66884e-06	0.350172	3.72475e-06
5050	0.720117	0.136451	0.0488826	0.0735454	0.0210034
5051	1.87061e-07	2.92985e-08	1.26983e-08	5.33755e-09	1
5052	0.134444	0.553941	0.00912692	0.298566	0.00392157
5053	0.857444	0.0502538	0.0582383	0.00904051	0.0250233
5054	4.98671e-14	1.44905e-10	3.38927e-15	1	1.45627e-15
5055	0.000229254	0.649615	1.55695e-05	0.350133	6.68976e-06
5056	0.339598	0.530727	0.0239721	0.0954026	0.0103001
5057	0.00448286	0.646583	0.000304342	0.348499	0.000130767
5058	0.879783	0.0225347	0.0598294	0.0121459	0.0257069
5059	0.640272	0.193368	0.0434632	0.104222	0.0186749
5060	0.899592	0.0110355	0.0611197	0.00199146	0.0262613
5061	0.385722	0.374809	0.0261971	0.202016	0.0112561
5062	5.37592e-09	2.6172e-10	1	4.70408e-11	1.56801e-10
5063	9.55689e-05	0.64971	6.48881e-06	0.350185	2.78805e-06
5064	0.647928	0.187909	0.0439844	0.10128	0.0188988
5065	2.64213e-12	5.40899e-12	1.79636e-13	1	7.70652e-14
5066	0.268526	0.458351	0.0182409	0.247045	0.00783758
5067	0.787385	0.0884648	0.053487	0.0476813	0.0229818
5068	1.2662e-33	4.3685e-28	8.59471e-35	1	3.69289e-35
5069	0.000888094	0.649145	6.03946e-05	0.34988	2.59498e-05
5070	1.36569e-08	1.86004e-08	1	3.3457e-09	3.98534e-10
5071	0.730509	0.168221	0.0496781	0.0302463	0.0213452
5072	0.838599	0.0518476	0.0570817	0.0279451	0.0245263
5073	1.93718e-21	2.09638e-18	1.31583e-22	1	5.65372e-23
5074	0.842957	0.0487407	0.0573783	0.0262705	0.0246538
5075	0.852656	0.0419734	0.0578785	0.0226231	0.0248687
5076	0.889535	0.0155943	0.0604793	0.00840509	0.0259862
5077	0.784678	0.117911	0.0533123	0.0211917	0.0229067
5078	3.31164e-06	0.649776	2.24804e-07	0.35022	9.65915e-08
5079	0.794936	0.10378	0.0540213	0.0240512	0.0232113
5080	0.865941	0.042399	0.0587809	0.00762285	0.0252564
5081	0.89223	0.0137128	0.0606195	0.007391	0.0260464
5082	0.0930313	0.583456	0.00632211	0.314474	0.00271642
5083	0.00111547	0.832123	7.64075e-05	0.166652	3.283e-05
5084	8.1014e-05	0.649721	5.49917e-06	0.35019	2.36283e-06
5085	0.714794	0.182861	0.0485322	0.0329599	0.0208528
5086	0.665581	0.226027	0.0451983	0.0437728	0.0194204
5087	0.36272	0.359128	0.0738613	0.193565	0.0107268
5088	0.000108471	0.649701	7.36364e-06	0.35018	3.16394e-06
5089	0.747017	0.152822	0.0507097	0.0276627	0.0217885
5090	1.79558e-06	0.649777	1.21885e-07	0.350221	5.23704e-08
5091	0.00491306	0.646276	0.000333532	0.348334	0.000143309
5092	3.55371e-08	0.847618	2.41249e-09	0.152382	1.03657e-09
5093	7.2453e-05	0.649727	4.91981e-06	0.350194	2.1139e-06
5094	0.801593	0.102193	0.0544147	0.0184198	0.0233804
5095	4.2424e-05	0.846985	2.88266e-06	0.152969	1.23859e-06
5096	7.66571e-14	1.1334e-14	5.20661e-15	1	2.23713e-15
5097	0.814795	0.0689348	0.0553385	0.0371549	0.0237773
5098	0.855775	0.0396511	0.0581968	0.0213714	0.0250054
5099	0.867527	0.0313735	0.0588877	0.0169099	0.0253023
5100	0.887719	0.0169423	0.0602984	0.00913168	0.0259084
5101	0.000834072	0.649184	5.66296e-05	0.349901	2.43321e-05
5102	0.899953	0.00992298	0.0611294	0.00272875	0.0262655
5103	0.209552	0.5004	0.0142269	0.269708	0.00611289
5104	2.15843e-07	1.28809e-08	1	6.9426e-09	6.29671e-09
5105	0.000149256	7.53826e-06	0.999835	4.06302e-06	4.35381e-06
5106	0.890516	0.0149605	0.0604756	0.0080635	0.0259846
5107	0.239784	0.478845	0.0162827	0.25809	0.0069982
5108	0.595423	0.225314	0.0404442	0.121441	0.0173777
5109	0.0457029	0.617199	0.00310322	0.332662	0.00133336
5110	7.8215e-05	0.649723	5.30992e-06	0.350191	2.28152e-06
5111	0.000595938	0.649354	4.04766e-05	0.349992	1.73916e-05
5112	0.395495	0.367836	0.026866	0.198259	0.0115435
5113	0.264401	0.461289	0.0179638	0.248628	0.00771851
5114	2.32655e-20	6.98946e-19	1.58042e-21	1	6.7906e-22
5115	8.52866e-07	0.649778	5.78959e-08	0.350221	2.48761e-08
5116	0.322684	0.546916	0.0219644	0.0989988	0.00943746
5117	0.000137208	0.649681	9.3156e-06	0.350169	4.00264e-06
5118	0.733916	0.126569	0.0498686	0.0682191	0.0214271
5119	0.889839	0.0198082	0.0604232	0.00396705	0.0259621
5120	0.817121	0.0840196	0.0555289	0.0194717	0.0238591
5121	1.50329e-14	6.37998e-09	1.02051e-15	1	4.38481e-16
5122	0.898908	0.00889941	0.06113	0.00479666	0.0262658
5123	0.0030708	2.27487e-05	0.996804	1.22613e-05	8.98985e-05
5124	0.00454077	0.646542	0.000308256	0.348477	0.000132449
5125	0.834711	0.054761	0.0566651	0.0295154	0.0243473
5126	8.58506e-06	0.649772	5.82813e-07	0.350218	2.50418e-07
5127	5.57802e-09	0.649779	3.7864e-10	0.350221	1.6269e-10
5128	0.812759	0.0704003	0.0551848	0.0379447	0.0237113
5129	1.36473e-06	3.60105e-08	9.27135e-08	6.48789e-09	0.999999
5130	0.00268675	0.647863	0.000182672	0.349189	7.84887e-05
5131	0.000948309	0.845016	6.439e-05	0.153944	2.76665e-05
5132	0.880112	0.0275777	0.0610995	0.00495783	0.0262527
5133	0.710538	0.172926	0.0482512	0.0475533	0.0207321
5134	5.28305e-05	0.649741	3.58702e-06	0.350201	1.54123e-06
5135	8.93886e-05	0.649715	6.07885e-06	0.350187	2.6119e-06
5136	0.00113889	0.648967	7.73781e-05	0.349784	3.32471e-05
5137	6.34959e-11	2.3524e-11	1	4.22687e-12	1.85194e-12
5138	0.000153443	0.649669	1.04166e-05	0.350162	4.4757e-06
5139	0.521214	0.362164	0.0356446	0.0656618	0.0153154
5140	1.24537e-10	1.79967e-08	8.45448e-12	1	3.63264e-12
5141	0.77546	0.0674832	0.0528353	0.0363725	0.0678486
5142	0.868355	0.0307276	0.0590035	0.0165617	0.0253521
5143	0.678276	0.166268	0.0460518	0.0896163	0.0197871
5144	0.385395	0.374996	0.0262235	0.202118	0.0112674
5145	0.000977178	0.649081	6.72572e-05	0.349846	2.88984e-05
5146	0.480171	0.400295	0.0326014	0.072925	0.0140079
5147	0.771208	0.130457	0.0523636	0.0234726	0.0224991
5148	0.846606	0.0462647	0.0574913	0.024936	0.0247023
5149	0.553299	0.0514931	0.351216	0.0277541	0.0162377
5150	0.00223364	0.648186	0.000151668	0.349363	6.51671e-05
5151	0.187926	0.515811	0.0127634	0.278015	0.00548405
5152	0.339532	0.531844	0.0230542	0.095664	0.00990569
5153	0.000119235	0.847468	8.11314e-06	0.152402	3.48598e-06
5154	0.887013	0.0225532	0.0603078	0.00421387	0.0259125
5155	0.883776	0.0197105	0.0600766	0.0106237	0.0258131
5156	0.0115187	0.641567	0.000782139	0.345796	0.000336062
5157	9.73549e-17	8.39995e-13	6.60962e-18	1	2.83996e-18
5158	2.8737e-05	0.649758	1.95173e-06	0.35021	8.38601e-07
5159	0.00193946	0.648396	0.0001317	0.349476	5.65877e-05
5160	3.60946e-07	0.847281	2.88346e-08	0.152719	1.23894e-08
5161	0.0173592	0.830995	0.00117887	0.149961	0.000506527
5162	0.857289	0.0504378	0.0582023	0.00906311	0.0250081
5163	0.836174	0.0537169	0.0567658	0.0289527	0.0243906
5164	0.0114459	0.641615	0.00078177	0.345821	0.000335903
5165	2.51985e-07	6.64067e-09	1	1.19483e-09	7.35138e-09
5166	6.0288e-06	0.649774	4.0939e-07	0.350219	1.75903e-07
5167	0.640948	0.192875	0.0435202	0.103957	0.0186994
5168	0.879276	0.0229678	0.0597179	0.0123793	0.025659
5169	0.897488	0.00972132	0.0612385	0.00523966	0.0263124
5170	0.607853	0.21645	0.0412914	0.116664	0.0177417
5171	0.884721	0.0191109	0.060061	0.0103005	0.0258064
5172	0.907145	0.00310623	0.0616049	0.00167421	0.0264698
5173	1.88994e-06	0.649777	1.28304e-07	0.350221	5.51282e-08
5174	0.00983821	0.642766	0.000667842	0.346441	0.000286952
5175	0.0609451	0.606261	0.00421004	0.326766	0.00181792
5176	0.36587	0.507441	0.0248351	0.0911831	0.0106709
5177	0.905693	0.00414728	0.0614997	0.00223533	0.0264246
5178	0.907125	0.00262541	0.0621361	0.00141506	0.026698
5179	0.75268	0.11318	0.0511568	0.0610027	0.0219806
5180	0.900442	0.0078463	0.0611911	0.00422904	0.026292
5181	5.65379e-05	0.649738	3.83773e-06	0.3502	1.64896e-06
5182	0.885173	0.0186604	0.0602299	0.0100577	0.025879
5183	0.872201	0.0279522	0.0593008	0.0150658	0.0254798
5184	0.648915	0.187077	0.0441897	0.100832	0.018987
5185	0.789431	0.0869624	0.0536733	0.0468715	0.0230618
5186	2.5011e-12	0.649779	1.70049e-13	0.350221	7.30652e-14
5187	1.04001e-06	0.649778	7.07655e-08	0.350221	3.04058e-08
5188	0.00134309	0.00143746	0.996922	0.00025856	3.92547e-05
5189	8.50684e-06	0.649773	5.77915e-07	0.350218	2.48313e-07
5190	0.880298	0.0286594	0.0597986	0.00555023	0.0256937
5191	0.901012	0.00725406	0.0614296	0.00390984	0.0263945
5192	0.00381283	0.64706	0.000259437	0.348756	0.000111472
5193	0.70338	0.193349	0.0477546	0.0349986	0.0205187
5194	0.803434	0.0987248	0.0546064	0.0197719	0.0234627
5195	0.636691	0.255454	0.0432336	0.0460445	0.0185762
5196	0.824518	0.0747744	0.0560588	0.0205624	0.0240868
5197	0.00846126	0.643745	0.000576876	0.346969	0.000247867
5198	0.722975	0.134412	0.0490792	0.0724461	0.0210879
5199	0.000125929	0.845304	8.55229e-06	0.154558	3.67467e-06
5200	0.00166351	0.648593	0.000112947	0.349582	4.853e-05
5201	1.33857e-06	0.000124032	9.08768e-08	0.999874	3.90471e-08
5202	0.77097	0.0999889	0.0525636	0.0538926	0.022585
5203	2.2796e-10	0.649779	1.54755e-11	0.350221	6.64935e-12
5204	0.667384	0.174008	0.045339	0.093788	0.0194808
5205	0.0140663	0.639752	0.00095479	0.344817	0.000410245
5206	0.000135091	0.649682	9.17101e-06	0.35017	3.94051e-06
5207	0.0232919	0.633175	0.00158127	0.341272	0.000679427
5208	6.94182e-09	0.649779	4.72076e-10	0.350221	2.02837e-10
5209	0.220975	0.492252	0.015008	0.265317	0.00644848
5210	0.825779	0.0792477	0.0560733	0.0148067	0.024093
5211	6.10178e-06	0.649774	4.14269e-07	0.350219	1.77999e-07
5212	0.267998	0.458724	0.0182082	0.247246	0.00782353
5213	0.00959041	0.642941	0.000651824	0.346536	0.000280069
5214	9.95989e-05	0.649708	6.76628e-06	0.350183	2.90727e-06
5215	0.856756	0.0390389	0.0581698	0.0210414	0.0249938
5216	0.883657	0.0198122	0.0600505	0.0106785	0.0258019
5217	0.87889	0.0232173	0.0597194	0.0125138	0.0256596
5218	1.84116e-09	0.649779	1.25009e-10	0.350221	5.37126e-11
5219	0.019681	0.634984	0.0013663	0.342247	0.00172198
5220	0.486175	0.302872	0.0333712	0.163244	0.0143386
5221	0.865353	0.0427855	0.0587546	0.0078619	0.0252451
5222	1.73569e-06	0.649777	1.17856e-07	0.350221	5.06392e-08
5223	0.88502	0.0189033	0.0600754	0.0101886	0.0258126
5224	0.89814	0.00786445	0.0627817	0.00423882	0.0269754
5225	0.889883	0.015434	0.0604082	0.00831872	0.0259556
5226	0.705219	0.14699	0.0479582	0.0792257	0.0206062
5227	0.824218	0.0621927	0.0560045	0.033521	0.0240635
5228	0.177422	0.682644	0.0120543	0.122701	0.00517937
5229	1.16413e-05	0.64977	7.9512e-07	0.350217	3.4164e-07
5230	0.000190935	0.649642	1.29671e-05	0.350148	5.57157e-06
5231	0.833256	0.0557937	0.0565715	0.030072	0.0243071
5232	6.19927e-06	0.649774	4.20833e-07	0.350219	1.80819e-07
5233	1.3613e-06	0.649778	9.28856e-08	0.350221	3.99102e-08
5234	0.000314759	0.649554	2.13832e-05	0.3501	9.18775e-06
5235	0.000679201	0.649294	4.61348e-05	0.34996	1.98228e-05
5236	0.904169	0.00519576	0.0614371	0.00280044	0.0263977
5237	0.856921	0.0389279	0.0581742	0.0209816	0.0249957
5238	0.00616025	0.645387	0.000418537	0.347854	0.000179833
5239	0.714764	0.182889	0.048518	0.0329825	0.0208467
5240	0.854366	0.0531328	0.0580206	0.00955105	0.0249297
5241	0.0326475	0.816987	0.00221862	0.147194	0.000953276
5242	0.850565	0.0566583	0.0577711	0.0101833	0.0248225
5243	2.95092e-28	5.97075e-29	2.00378e-29	1	8.60965e-30
5244	0.49957	0.293471	0.0341214	0.158177	0.014661
5245	0.105042	0.574898	0.00713293	0.309862	0.00306481
5246	0.234796	0.482404	0.0159416	0.260009	0.00684962
5247	0.252073	0.470069	0.0171352	0.25336	0.0073625
5248	0.407053	0.359483	0.0277745	0.193756	0.0119339
5249	0.00140605	0.648776	9.55969e-05	0.349681	4.10752e-05
5250	0.508403	0.28725	0.0346396	0.154824	0.0148836
5251	6.56176e-10	3.39304e-11	1	6.10901e-12	1.9139e-11
5252	8.92403e-05	0.649715	6.0579e-06	0.350187	2.6029e-06
5253	0.885941	0.0181125	0.0602822	0.00976238	0.0259015
5254	0.864469	0.0437654	0.0586845	0.00786626	0.025215
5255	0.0177919	0.637095	0.00120826	0.343385	0.000519155
5256	0.0127724	0.640674	0.000867246	0.345314	0.00037263
5257	0.247673	0.617191	0.0168169	0.111094	0.00722573
5258	0.8432	0.0486385	0.0573183	0.0262155	0.024628
5259	8.48492e-06	0.649773	5.76087e-07	0.350218	2.47528e-07
5260	0.780382	0.0931882	0.0533013	0.0502271	0.022902
5261	0.603306	0.219713	0.0409597	0.118422	0.0175992
5262	2.00798e-07	0.847679	1.36497e-08	0.152321	5.86486e-09
5263	0.157687	0.537363	0.0107146	0.289631	0.00460375
5264	0.69655	0.184707	0.0475279	0.0507932	0.0204213
5265	4.04377e-06	0.649776	2.74554e-07	0.35022	1.17968e-07
5266	3.62684e-05	0.649753	2.46542e-06	0.350207	1.05932e-06
5267	0.87401	0.0267243	0.0593573	0.014404	0.0255041
5268	0.000498298	0.649423	3.38552e-05	0.35003	1.45466e-05
5269	0.8723	0.0278695	0.0593205	0.0150213	0.0254883
5270	8.66247e-07	0.649778	5.88018e-08	0.350221	2.52654e-08
5271	0.876156	0.0328057	0.0595336	0.00592485	0.0255798
5272	0.000987507	0.649075	6.70515e-05	0.349842	2.881e-05
5273	1.98072e-08	5.45897e-09	1	9.81799e-10	5.7772e-10
5274	0.148562	0.543876	0.0100865	0.293141	0.00433387
5275	0.665569	0.22867	0.045206	0.0411314	0.0194237
5276	0.824716	0.0618248	0.0560528	0.0333227	0.0240842
5277	2.68911e-14	8.39995e-13	1.8322e-15	1	7.87242e-16
5278	0.511872	0.284898	0.0347454	0.153556	0.0149291
5279	7.77225e-05	0.847553	5.27682e-06	0.152362	2.26729e-06
5280	6.352e-08	0.649779	4.3131e-09	0.350221	1.85321e-09
5281	0.853006	0.0415516	0.0580879	0.0223957	0.0249586
5282	6.24736e-05	0.000426667	4.2413e-06	0.999505	1.82236e-06
5283	0.000175116	0.000224438	0.999474	0.000120969	5.11159e-06
5284	0.399331	0.365026	0.0272081	0.196744	0.0116905
5285	0.495076	0.296862	0.0336147	0.160004	0.0144433
5286	1.21994e-05	2.56469e-07	0.999987	1.38233e-07	3.55931e-07
5287	9.41813e-07	0.649778	6.39354e-08	0.350221	2.74711e-08
5288	0.0156304	0.832953	0.00106251	0.149898	0.000456529
5289	0.881245	0.0280748	0.0598949	0.00504988	0.0257351
5290	4.6622e-08	0.649779	3.16484e-09	0.350221	1.35984e-09
5291	0.569949	0.243474	0.0387138	0.131229	0.0166342
5292	0.000271847	0.649551	5.53567e-05	0.350099	2.37851e-05
5293	0.809945	0.0723917	0.0550091	0.0390181	0.0236358
5294	0.0132339	0.640345	0.000898445	0.345137	0.000386035
5295	1.43951e-08	0.649779	9.78537e-10	0.350221	4.20448e-10
5296	0.826587	0.0788354	0.0561722	0.0142702	0.0241355
5297	8.43495e-09	0.649779	5.73491e-10	0.350221	2.46412e-10
5298	1.15458e-07	0.649778	7.84722e-09	0.350221	3.37172e-09
5299	0.885333	0.018578	0.0602068	0.0100133	0.0258691
5300	0.00023956	0.649608	1.62612e-05	0.350129	6.98694e-06
5301	5.86385e-07	3.82673e-08	0.999999	2.06255e-08	1.7118e-08
5302	0.000165128	0.649661	1.12785e-05	0.350158	4.84603e-06
5303	0.809374	0.0948918	0.054948	0.0171766	0.0236095
5304	1.23586e-05	0.847201	8.39321e-07	0.152786	3.60631e-07
5305	0.00144586	0.648748	9.81734e-05	0.349666	4.21822e-05
5306	2.41349e-20	4.37218e-15	1.64845e-21	1	7.08291e-22
5307	0.897411	0.0130787	0.060961	0.00235634	0.0261931
5308	0.893942	0.0156154	0.0607302	0.00361889	0.026094
5309	0.891935	0.0181843	0.0605463	0.00326724	0.0260671
5310	1.04745e-06	0.784317	7.1144e-08	0.215682	3.05685e-08
5311	0.00171615	0.648555	0.000116513	0.349562	5.00621e-05
5312	3.3822e-05	2.17629e-06	0.999962	1.17299e-06	9.87177e-07
5313	0.163086	0.533508	0.0110882	0.287553	0.00476426
5314	0.801155	0.101801	0.0543829	0.0192947	0.0233667
5315	0.000557217	0.649381	3.7878e-05	0.350007	1.6275e-05
5316	2.59367e-05	0.64976	1.76075e-06	0.350211	7.56541e-07
5317	1.00535e-07	0.649779	6.82448e-09	0.350221	2.93228e-09
5318	0.867969	0.0402339	0.0591383	0.0072488	0.02541
5319	3.2614e-09	0.649779	2.21635e-10	0.350221	9.52298e-11
5320	5.44975e-13	0.649779	3.69927e-14	0.350221	1.58947e-14
5321	4.41491e-05	0.84762	2.99681e-06	0.152332	1.28764e-06
5322	1.83189e-06	0.649777	1.24377e-07	0.350221	5.3441e-08
5323	0.908407	0.00279669	0.0616963	0.000591353	0.0265091
5324	2.16796e-06	0.649777	1.472e-07	0.350221	6.32477e-08
5325	0.802757	0.101155	0.0544967	0.0181765	0.0234156
5326	0.679089	0.165673	0.0461243	0.0892954	0.0198182
5327	2.45881e-05	1.06811e-06	1.66922e-06	5.75695e-07	0.999972
5328	4.84719e-10	0.649779	3.29141e-11	0.350221	1.41422e-11
5329	0.862664	0.0454494	0.058559	0.0081665	0.0251611
5330	0.00109125	0.82447	7.41937e-05	0.174332	3.18788e-05
5331	0.0789714	0.593478	0.00536739	0.319876	0.00230621
5332	0.00875678	0.643535	0.000595503	0.346856	0.00025587
5333	0.000221153	0.649621	1.50395e-05	0.350136	6.46202e-06
5334	2.78948e-05	0.847564	1.89747e-06	0.152405	8.15285e-07
5335	0.0136919	0.640018	0.000929679	0.344961	0.000399455
5336	0.867601	0.0313034	0.0589114	0.0168721	0.0253125
5337	0.891939	0.0139694	0.0605472	0.00752929	0.0260153
5338	0.870353	0.0293535	0.0590856	0.0158211	0.0253873
5339	0.000659037	0.649309	4.47652e-05	0.349968	1.92343e-05
5340	0.384851	0.489516	0.0261268	0.0882801	0.0112259
5341	0.0653434	0.603181	0.00445502	0.325106	0.00191419
5342	4.84254e-06	0.649775	3.2893e-07	0.35022	1.41331e-07
5343	0.136795	0.552265	0.00928675	0.297663	0.00399024
5344	5.29469e-06	3.71434e-08	0.999995	6.6985e-09	1.54455e-07
5345	0.121158	0.734712	0.00822501	0.13237	0.00353404
5346	0.873128	0.0273693	0.0592803	0.0147516	0.025471
5347	0.325232	0.417924	0.0220948	0.225255	0.00949347
5348	0.885532	0.0183839	0.0602764	0.00990865	0.025899
5349	2.55928e-06	0.649777	1.73789e-07	0.35022	7.46721e-08
5350	8.44012e-08	0.847425	5.73056e-09	0.152575	2.46225e-09
5351	0.830903	0.0574455	0.0564392	0.0309623	0.0242502
5352	0.000338427	0.649537	2.29723e-05	0.350091	9.87052e-06
5353	1.24841e-10	0.649779	8.47411e-12	0.350221	3.64107e-12
5354	3.65916e-06	3.72419e-07	0.999996	6.74126e-08	1.06739e-07
5355	0.828464	0.064808	0.0661827	0.0121088	0.0284368
5356	0.906795	0.00324433	0.0617011	0.00174865	0.0265111
5357	0.57305	0.314608	0.0390235	0.0565509	0.0167672
5358	5.11593e-05	0.649742	3.47342e-06	0.350202	1.49243e-06
5359	0.824239	0.0622124	0.0559687	0.0335316	0.0240481
5360	1.13508e-12	3.51265e-14	1	6.3389e-15	3.31163e-14
5361	0.831776	0.0741662	0.0564642	0.0133326	0.024261
5362	4.5778e-10	0.649779	3.10796e-11	0.350221	1.3354e-11
5363	0.134321	0.392655	0.257465	0.211635	0.00392323
5364	7.89989e-05	0.847055	5.36326e-06	0.152859	2.30443e-06
5365	0.85786	0.0379827	0.0585346	0.0204721	0.0251506
5366	0.00185938	0.810196	0.000126564	0.187764	5.43808e-05
5367	0.905215	0.00450501	0.0614492	0.00242813	0.0264029
5368	0.873695	0.0351896	0.0593082	0.00632381	0.025483
5369	0.873224	0.027312	0.0592749	0.0147208	0.0254687
5370	0.000244068	0.649605	1.66021e-05	0.350128	7.13342e-06
5371	0.524966	0.275553	0.035646	0.148519	0.015316
5372	7.60598e-06	0.649773	5.16507e-07	0.350219	2.21928e-07
5373	0.000579389	0.649366	3.93485e-05	0.349999	1.69069e-05
5374	0.00771503	0.644279	0.00052379	0.347257	0.000225057
5375	0.830123	0.0580104	0.0563767	0.0312668	0.0242234
5376	0.801432	0.0784771	0.0544135	0.042298	0.0233799
5377	0.210614	0.499642	0.0142995	0.2693	0.00614405
5378	1.20102e-05	4.14308e-07	8.15699e-07	7.54779e-08	0.999987
5379	0.30237	0.43421	0.0205543	0.234033	0.00883156
5380	0.890919	0.018814	0.060503	0.00376794	0.0259963
5381	0.000223809	0.649619	1.5199e-05	0.350135	6.53057e-06
5382	0.000204757	0.847501	1.38985e-05	0.152275	5.97175e-06
5383	0.000116867	0.649695	7.94189e-06	0.350177	3.4124e-06
5384	0.000841664	0.649179	5.719e-05	0.349898	2.45728e-05
5385	0.717043	0.180365	0.0486913	0.0329786	0.0209212
5386	0.808511	0.0953976	0.0552226	0.0171409	0.0237275
5387	0.408333	0.358662	0.0277625	0.193314	0.0119287
5388	4.91886e-12	9.5716e-14	1	5.15895e-14	1.43472e-13
5389	0.899738	0.00841247	0.0610738	0.0045342	0.0262416
5390	1.80782e-05	3.96182e-07	1.22815e-06	2.13536e-07	0.99998
5391	0.895016	0.0117765	0.0607551	0.00634738	0.0261047
5392	0.0293974	0.628822	0.00199632	0.338926	0.000857758
5393	4.71629e-07	0.649778	3.23055e-08	0.350221	1.38807e-08
5394	0.000151423	5.76406e-05	1.02917e-05	1.03656e-05	0.99977
5395	0.710707	0.186625	0.0483209	0.0335849	0.020762
5396	0.584189	0.304406	0.0396556	0.0547097	0.0170388
5397	0.0034561	0.647315	0.000234866	0.348893	0.000100915
5398	0.00118206	0.648936	8.0329e-05	0.349767	3.4515e-05
5399	0.907566	0.00199561	0.0616076	0.00107561	0.0277547
5400	0.0416282	0.808686	0.00282679	0.145645	0.00121459
5401	0.83899	0.051648	0.057023	0.0278375	0.0245011
5402	0.454769	0.391488	0.0309197	0.107656	0.0151664
5403	0.643875	0.248784	0.0438112	0.0447056	0.0188244
5404	0.483757	0.397738	0.032842	0.0715519	0.0141112
5405	0.583146	0.30536	0.0395891	0.0548938	0.0170103
5406	0.613663	0.212327	0.0416666	0.114441	0.0179029
5407	1.33601e-08	0.649779	9.06885e-10	0.350221	3.89662e-10
5408	0.869927	0.0296379	0.0590774	0.0159744	0.0253838
5409	8.30315e-07	0.842572	5.65427e-08	0.157427	2.42947e-08
5410	0.900777	0.00757981	0.0612436	0.00408541	0.0263146
5411	0.87411	0.0347893	0.0593429	0.00625949	0.0254979
5412	9.54816e-07	0.649778	6.48374e-08	0.350221	2.78587e-08
5413	2.28848e-06	0.649777	1.55365e-07	0.350221	6.67559e-08
5414	0.804824	0.0758061	0.0549158	0.0408584	0.0235957
5415	0.809266	0.0950713	0.0549395	0.0171172	0.0236059
5416	0.00153215	0.648686	0.000104171	0.349633	4.47591e-05
5417	1.03069e-07	0.649779	6.99744e-09	0.350221	3.00659e-09
5418	0.000171827	0.649656	1.16768e-05	0.350155	5.01717e-06
5419	7.101e-06	0.649774	4.82134e-07	0.350219	2.07159e-07
5420	0.386704	0.374113	0.0262594	0.201641	0.0112829
5421	3.12549e-07	0.649778	2.1219e-08	0.350221	9.11718e-09
5422	0.0213235	0.634578	0.00144782	0.342029	0.000622087
5423	0.308884	0.560435	0.020968	0.100703	0.00900932
5424	0.00672504	0.819369	0.000456641	0.173253	0.000196205
5425	0.134628	0.0118739	0.847394	0.00215727	0.00394699
5426	0.00149964	0.64871	0.000101808	0.349645	4.37438e-05
5427	0.172704	0.526667	0.0117248	0.283866	0.00503779
5428	0.00217733	4.59228e-05	0.997705	8.25838e-06	6.38346e-05
5429	0.802976	0.100629	0.0545554	0.0183993	0.0234408
5430	0.00639119	0.645222	0.00043405	0.347766	0.000186498
5431	0.000487344	0.846932	3.30914e-05	0.152533	1.42184e-05
5432	0.893418	0.0167816	0.0606898	0.00303385	0.0260766
5433	0.00189087	0.64843	0.000128588	0.349495	5.52504e-05
5434	0.00142237	0.846368	9.65478e-05	0.152071	4.14837e-05
5435	2.41675e-08	0.649779	1.64083e-09	0.350221	7.05016e-10
5436	5.26298e-05	0.649741	3.57294e-06	0.350201	1.53519e-06
5437	4.36124e-07	9.78591e-09	2.96054e-08	5.27447e-09	1
5438	0.000196547	0.649638	1.33455e-05	0.350146	5.73417e-06
5439	0.00220465	0.648207	0.000149803	0.349374	6.43659e-05
5440	0.887152	0.0173204	0.060288	0.00933546	0.025904
5441	2.55378e-08	0.649779	1.73492e-09	0.350221	7.45444e-10
5442	2.21049e-05	0.649763	1.50055e-06	0.350213	6.44743e-07
5443	0.679816	0.165177	0.0461503	0.0890278	0.0198294
5444	1.2065e-12	1.28584e-12	8.18963e-14	2.3104e-13	1
5445	0.895194	0.015173	0.0607851	0.00273003	0.0261175
5446	0.699589	0.151082	0.0474922	0.0814309	0.020406
5447	0.902378	0.00589257	0.0619396	0.00317601	0.0266136
5448	0.882783	0.0204986	0.0599231	0.0110485	0.0257472
5449	1.15235e-07	0.649778	7.82567e-09	0.350221	3.36246e-09
5450	3.6207e-05	0.649753	2.45796e-06	0.350208	1.05611e-06
5451	1.41836e-13	5.81752e-14	1	1.59978e-14	4.13928e-15
5452	0.000222294	0.847383	1.50902e-05	0.152373	6.48383e-06
5453	0.225402	0.611096	0.0153037	0.141623	0.00657556
5454	0.153868	0.701396	0.0104664	0.129773	0.00449711
5455	0.856084	0.0394614	0.0581848	0.0212691	0.0250003
5456	0.895856	0.0111625	0.0608284	0.00601645	0.0261362
5457	0.736884	0.124496	0.0500244	0.0671017	0.021494
5458	2.47479e-05	0.649761	1.68126e-06	0.350212	7.22387e-07
5459	2.55953e-09	0.649779	1.73756e-10	0.350221	7.46579e-11
5460	0.0273431	0.630257	0.00188884	0.3397	0.000811578
5461	0.0189054	0.636301	0.00128446	0.342957	0.000551895
5462	0.810113	0.0722897	0.0550019	0.0389631	0.0236327
5463	0.0323191	0.62674	0.00219432	0.337804	0.000942834
5464	0.87131	0.0282653	0.0595869	0.0152346	0.0256027
5465	0.694116	0.154589	0.0475454	0.0833212	0.0204288
5466	0.843117	0.0487738	0.0572308	0.0262884	0.0245904
5467	5.79099e-05	0.847457	3.93592e-06	0.15248	1.69115e-06
5468	7.76079e-07	7.08488e-08	5.26798e-08	3.81865e-08	0.999999
5469	2.70764e-07	0.649778	1.83793e-08	0.350221	7.89704e-09
5470	2.63507e-05	0.64976	1.79538e-06	0.350211	7.71422e-07
5471	0.575267	0.239677	0.039081	0.129183	0.0167919
5472	0.15941	0.536135	0.0108317	0.288969	0.00465406
5473	0.521275	0.362617	0.0354054	0.06549	0.0152127
5474	0.707883	0.145149	0.0480774	0.0782332	0.0206574
5475	0.803685	0.0768176	0.0546234	0.0414036	0.0234701
5476	0.00339336	0.64736	0.000230414	0.348918	9.90021e-05
5477	0.81818	0.0867542	0.0555442	0.0156556	0.0238657
5478	0.00731864	0.840795	0.00049706	0.151176	0.000213572
5479	0.00326536	0.647451	0.000221689	0.348967	9.52532e-05
5480	0.00442412	0.646624	0.00030163	0.348521	0.000129601
5481	0.30841	0.554305	0.0209404	0.107348	0.00899749
5482	0.00497859	0.646229	0.000338883	0.348308	0.000145608
5483	0.00989963	0.642722	0.000671992	0.346418	0.000288735
5484	3.57851e-06	0.649776	2.43184e-07	0.35022	1.04489e-07
5485	0.00564093	0.840189	0.000383001	0.153623	0.000164564
5486	4.14823e-07	0.84768	2.81606e-08	0.15232	1.20998e-08
5487	0.00177502	0.648513	0.000120822	0.349539	5.19137e-05
5488	1.28011e-06	0.649778	8.69217e-08	0.350221	3.73477e-08
5489	0.900907	0.00912175	0.0611767	0.00250841	0.0262858
5490	1.72077e-05	0.649766	1.16884e-06	0.350215	5.02214e-07
5491	0.000954002	0.783497	6.4756e-05	0.215456	2.78237e-05
5492	3.80469e-05	1.64469e-05	2.58296e-06	2.96448e-06	0.99994
5493	0.890719	0.0193579	0.0604622	0.00348243	0.0259788
5494	0.0220631	0.634048	0.00150079	0.341743	0.000644843
5495	0.908628	0.00203258	0.061723	0.00109553	0.0265206
5496	0.426272	0.345907	0.0289454	0.186439	0.012437
5497	9.34966e-05	0.649712	6.3523e-06	0.350186	2.7294e-06
5498	0.232812	0.483819	0.0158059	0.260772	0.00679132
5499	0.0539008	0.611355	0.00365994	0.329512	0.00157257
5500	0.0539619	0.611312	0.00366384	0.329488	0.00157424
5501	0.0174249	0.637357	0.00118303	0.343527	0.000508314
5502	5.06245e-06	0.649775	3.44271e-07	0.350219	1.47923e-07
5503	0.608904	0.215706	0.0413573	0.116263	0.01777
5504	3.13791e-07	0.649778	2.13042e-08	0.350221	9.15379e-09
5505	0.867007	0.0317166	0.0588817	0.0170948	0.0252997
5506	0.871571	0.0369346	0.0591699	0.00690092	0.0254235
5507	0.732672	0.1275	0.0497366	0.0687207	0.0213704
5508	2.68861e-10	0.649779	1.82499e-11	0.350221	7.84143e-12
5509	3.46627e-08	0.649779	2.35372e-09	0.350221	1.01132e-09
5510	2.64688e-05	0.64976	1.79727e-06	0.350211	7.72234e-07
5511	0.000694801	0.649283	4.7163e-05	0.349954	2.02646e-05
5512	0.0364538	0.623791	0.0024765	0.336215	0.00106408
5513	0.0334392	0.816051	0.00227029	0.147264	0.000975476
5514	0.0062305	0.645336	0.000424097	0.347827	0.000182222
5515	1.50969e-05	0.649768	1.02529e-06	0.350216	4.40536e-07
5516	0.796544	0.0819721	0.05407	0.0441818	0.0232323
5517	1.44193e-05	0.649768	9.79118e-07	0.350216	4.20698e-07
5518	9.09924e-05	0.847253	6.1771e-06	0.152647	2.65412e-06
5519	0.00261532	0.647914	0.00017758	0.349217	7.63008e-05
5520	0.128876	0.557911	0.00874833	0.300706	0.0037589
5521	0.0311469	0.627575	0.00211477	0.338254	0.000908655
5522	0.000627051	0.649332	4.26073e-05	0.34998	1.83071e-05
5523	0.841961	0.0495832	0.0571676	0.0267246	0.0245632
5524	5.52074e-12	2.31398e-13	1	1.2472e-13	1.61405e-13
5525	0.868882	0.0303999	0.0589879	0.0163851	0.0253454
5526	0.00493452	0.646261	0.000335053	0.348325	0.000143962
5527	0.835455	0.0542115	0.0567364	0.0292193	0.0243779
5528	1.60968e-08	0.847531	1.09268e-09	0.152468	4.69491e-10
5529	0.881068	0.0217206	0.0598069	0.0117071	0.0256972
5530	0.00320448	8.16117e-05	0.996606	1.46659e-05	9.35677e-05
5531	0.00109554	0.000142836	0.998704	2.56999e-05	3.19847e-05
5532	0.732491	0.127484	0.0498811	0.0687119	0.0214324
5533	0.647185	0.163593	0.044423	0.088174	0.0566252
5534	0.00156507	0.648663	0.000106315	0.34962	4.56805e-05
5535	0.886261	0.0180138	0.0601646	0.00970921	0.025851
5536	2.58069e-12	1.76478e-07	1.75663e-13	1	2.25797e-13
5537	0.00177611	0.648512	0.000120617	0.349539	5.18255e-05
5538	0.872567	0.0362089	0.0592567	0.00650634	0.0254608
5539	1.60247e-09	2.55392e-10	1.08805e-10	1.37653e-10	1
5540	0.0540554	0.611244	0.00367149	0.329452	0.00157753
5541	0.000703118	0.649277	4.78153e-05	0.349951	2.05448e-05
5542	8.45822e-05	0.649718	5.74145e-06	0.350189	2.46693e-06
5543	0.000161374	4.72222e-05	0.999761	2.54521e-05	4.73113e-06
5544	0.000775592	0.649226	5.26493e-05	0.349923	2.26218e-05
5545	0.000115378	0.649696	7.83456e-06	0.350177	3.36628e-06
5546	3.93718e-29	3.37435e-24	2.67283e-30	1	1.14843e-30
5547	0.681563	0.162959	0.0473158	0.0878324	0.0203302
5548	0.220624	0.63961	0.0149859	0.118341	0.006439
5549	0.0521586	0.612597	0.00354186	0.330181	0.00152183
5550	0.863361	0.0339361	0.0590432	0.0182911	0.0253691
5551	0.00705671	0.644748	0.000479208	0.34751	0.000205901
5552	0.899962	0.0107069	0.0611262	0.00194121	0.0262641
5553	0.876344	0.0249986	0.0595825	0.0134739	0.0256008
5554	0.0172694	0.637468	0.00117258	0.343586	0.000503825
5555	0.00917748	0.643236	0.000623381	0.346695	0.000267848
5556	0.000521681	0.649406	3.58084e-05	0.350021	1.53858e-05
5557	0.00890603	0.836518	0.000604633	0.153712	0.000259793
5558	2.33697e-05	0.000935548	1.58794e-06	0.999039	6.8229e-07
5559	0.536667	0.267213	0.0364387	0.144024	0.0156566
5560	0.158722	0.536633	0.0107772	0.289238	0.00463062
5561	0.647648	0.188102	0.0439723	0.101384	0.0188936
5562	0.853238	0.0415263	0.0579527	0.0223821	0.0249005
5563	2.21287e-07	0.649778	1.50525e-08	0.350221	6.4676e-09
5564	5.01758e-06	1.30199e-07	0.999995	7.01755e-08	1.46389e-07
5565	0.880285	0.0222683	0.0597652	0.0120023	0.0256794
5566	4.25387e-07	0.649778	2.89079e-08	0.350221	1.24209e-08
5567	0.20807	0.50141	0.0141766	0.270253	0.00609128
5568	2.25478e-06	0.649777	1.53131e-07	0.350221	6.57958e-08
5569	0.00596302	0.645528	0.000404836	0.34793	0.000173946
5570	0.697315	0.152643	0.0474015	0.0822727	0.020367
5571	0.891213	0.0144871	0.0604975	0.00780832	0.025994
5572	0.851453	0.0556745	0.0578054	0.0102303	0.0248372
5573	0.809564	0.0948168	0.0549552	0.0170511	0.0236126
5574	3.06064e-05	0.649757	2.07944e-06	0.35021	8.93475e-07
5575	0.000552959	0.649384	3.75401e-05	0.350009	1.61299e-05
5576	9.6932e-06	0.649772	6.58183e-07	0.350218	2.82802e-07
5577	0.735718	0.125323	0.0499501	0.0675472	0.0214621
5578	5.67697e-07	0.649778	3.85411e-08	0.350221	4.96705e-08
5579	0.604348	0.218966	0.0410351	0.118019	0.0176316
5580	0.185333	0.517662	0.0125844	0.279013	0.00540715
5581	0.00034328	0.649534	2.33579e-05	0.35009	1.00362e-05
5582	4.5247e-08	0.847683	3.07136e-09	0.152317	1.31967e-09
5583	0.785487	0.0898424	0.053332	0.0484238	0.0229152
5584	1.98994e-06	0.84625	1.35144e-07	0.153748	5.80675e-08
5585	7.92784e-05	0.649722	5.38298e-06	0.350191	2.31291e-06
5586	1.09963e-07	0.649778	7.4651e-09	0.350221	3.20753e-09
5587	9.27081e-06	0.649772	6.29321e-07	0.350218	2.70401e-07
5588	9.27647e-05	0.844686	6.29762e-06	0.155212	2.7059e-06
5589	0.16572	0.69329	0.0112492	0.124908	0.00483343
5590	0.000615306	0.64934	4.17724e-05	0.349985	1.79483e-05
5591	1.83378e-22	4.08489e-17	1.24476e-23	1	5.34838e-24
5592	0.799487	0.0798443	0.0543018	0.0430349	0.0233319
5593	1.67019e-07	4.52733e-09	1	8.13481e-10	4.87154e-09
5594	0.899488	0.00851805	0.0611348	0.00459111	0.0262678
5595	3.93362e-05	0.649751	2.67058e-06	0.350206	1.14747e-06
5596	0.624873	0.26656	0.0424174	0.0479243	0.0182255
5597	0.000103325	0.649705	7.01663e-06	0.350182	3.01484e-06
5598	9.78034e-08	0.649779	6.6419e-09	0.350221	2.85383e-09
5599	0.0358897	0.814059	0.00243642	0.146568	0.00104686
5600	0.000272354	0.649584	1.84884e-05	0.350117	7.94394e-06
5601	0.000326323	0.649546	2.21578e-05	0.350096	9.52056e-06
5602	7.63814e-11	1.04707e-11	1	1.88138e-12	2.22777e-12
5603	0.613133	0.212694	0.0416422	0.114639	0.0178924
5604	0.892295	0.013692	0.0605964	0.00737978	0.0260365
5605	0.0006917	0.649285	4.69951e-05	0.349956	2.01924e-05
5606	1.13148e-08	0.649779	7.68075e-10	0.350221	3.30019e-10
5607	0.75851	0.141854	0.0518074	0.0255686	0.0222601
5608	0.884952	0.0189148	0.0601105	0.0101948	0.0258277
5609	7.71268e-05	0.649724	5.23646e-06	0.350192	2.24995e-06
5610	0.421943	0.348988	0.0286571	0.188099	0.0123131
5611	0.00127346	0.846241	8.65521e-05	0.152362	3.71889e-05
5612	0.58564	0.232309	0.0397573	0.125211	0.0170825
5613	0.029028	0.629086	0.0019711	0.339068	0.000846925
5614	6.63231e-07	0.649778	4.50219e-08	0.350221	1.93446e-08
5615	0.868914	0.0396302	0.058987	0.00712385	0.025345
5616	0.000122364	6.25532e-06	8.31157e-06	3.37153e-06	0.99986
5617	0.00170138	0.648566	0.000115495	0.349568	4.96246e-05
5618	0.0010238	0.649049	6.95837e-05	0.349828	2.98981e-05
5619	2.55855e-05	0.64976	1.73832e-06	0.350212	7.46905e-07
5620	0.789656	0.0868419	0.0536456	0.0468066	0.0230499
5621	0.000123746	0.64969	8.40028e-06	0.350174	3.60935e-06
5622	0.272944	0.593647	0.0185308	0.106916	0.00796211
5623	3.24383e-06	0.649776	2.20245e-07	0.35022	9.46329e-08
5624	2.72133e-07	0.649778	1.84722e-08	0.350221	7.93697e-09
5625	0.842303	0.0642671	0.0572481	0.0115839	0.0245978
5626	1.75162e-11	1.11707e-11	1	2.00851e-12	5.11294e-13
5627	0.704915	0.191992	0.0478758	0.0346467	0.0205708
5628	0.324588	0.418396	0.0220373	0.22551	0.00946878
5629	6.76323e-05	0.64973	4.59261e-06	0.350195	1.97331e-06
5630	0.822669	0.0633301	0.0558639	0.034134	0.0240031
5631	0.80854	0.0955612	0.0549335	0.0173617	0.0236033
5632	0.00184039	0.648467	0.000124973	0.349514	5.36972e-05
5633	0.00146155	0.843417	9.92266e-05	0.154979	4.26347e-05
5634	0.209036	0.653136	0.0141915	0.117538	0.00609768
5635	0.873037	0.0272688	0.059452	0.0146975	0.0255447
5636	0.0399023	0.810245	0.0027464	0.145926	0.00118005
5637	0.0373268	0.623166	0.0025384	0.335878	0.00109068
5638	0.730248	0.168096	0.0497872	0.0304766	0.0213921
5639	0.00769419	0.644294	0.000522596	0.347265	0.000224544
5640	0.535921	0.267724	0.0364113	0.144299	0.0156449
5641	0.762656	0.106114	0.0517855	0.057194	0.0222507
5642	0.00273422	0.647829	0.000185641	0.349171	7.97644e-05
5643	2.43675e-05	0.649761	1.65711e-06	0.350212	7.12009e-07
5644	0.604987	0.218521	0.0410676	0.117779	0.0176455
5645	9.54084e-05	0.649711	6.4767e-06	0.350185	2.78284e-06
5646	0.705069	0.191943	0.0478839	0.03453	0.0205743
5647	1.10213e-08	0.649779	7.54932e-10	0.350221	3.24372e-10
5648	0.0355753	0.624417	0.00241682	0.336552	0.00103844
5649	0.811336	0.0713909	0.0551139	0.0384787	0.0236808
5650	1.50468e-05	0.649768	1.02163e-06	0.350216	4.38963e-07
5651	0.879362	0.0298724	0.0597136	0.00539507	0.0256572
5652	0.7266	0.126992	0.0493348	0.0684467	0.0286271
5653	9.39389e-09	0.649779	6.37644e-10	0.350221	2.73977e-10
5654	0.883074	0.020157	0.0600871	0.0108644	0.0258176
5655	1.05678e-06	0.649778	7.1739e-08	0.350221	3.08241e-08
5656	0.0071328	0.000185629	0.99244	3.3379e-05	0.000208057
5657	0.763203	0.127621	0.051817	0.0350948	0.0222642
5658	0.604784	0.284964	0.0411192	0.0514656	0.0176677
5659	0.00744391	0.84072	0.000505664	0.151114	0.000217269
5660	0.062788	0.605017	0.00426636	0.326096	0.00183313
5661	2.30266e-06	0.649777	1.57727e-07	0.350221	6.77707e-08
5662	0.818613	0.0799305	0.0555904	0.0219803	0.0238856
5663	0.90873	0.00195529	0.0617349	0.00105387	0.0265257
5664	7.99451e-08	0.649779	5.42855e-09	0.350221	2.33249e-09
5665	1.02462e-05	4.609e-06	6.95541e-07	0.999984	2.98854e-07
5666	0.000120359	0.649693	8.17234e-06	0.350175	3.51141e-06
5667	0.535149	0.268274	0.0363589	0.144596	0.0156223
5668	0.552513	0.255911	0.0375216	0.137932	0.0161219
5669	0.871338	0.0286202	0.0591857	0.0154259	0.0254303
5670	0.0086255	0.64363	0.00058553	0.346907	0.000251585
5671	0.403425	0.362166	0.0274237	0.195202	0.0117832
5672	1.53737e-09	0.649779	1.04369e-10	0.350221	4.48445e-11
5673	0.854964	0.0525822	0.0580438	0.00947009	0.0249397
5674	0.0383288	0.622456	0.0026018	0.335495	0.00111792
5675	0.719599	0.136816	0.0488527	0.0737417	0.0209906
5676	0.27676	0.546182	0.0187895	0.150196	0.0080733
5677	0.360786	0.512033	0.0244913	0.0921655	0.0105237
5678	0.857979	0.0381397	0.0582824	0.0205567	0.0250422
5679	0.887253	0.0225793	0.0602309	0.00405703	0.0258794
5680	1.3162e-36	4.76948e-30	8.93717e-38	1	3.84004e-38
5681	0.507172	0.375967	0.0344439	0.0676179	0.0147995
5682	1.11827e-06	1.56437e-07	0.999999	8.43173e-08	3.26209e-08
5683	0.00226309	0.648165	0.000153732	0.349352	6.60539e-05
5684	1.66516e-07	0.649778	1.13053e-08	0.350221	4.85754e-09
5685	0.000393235	0.844407	2.66999e-05	0.155161	1.14722e-05
5686	5.27742e-06	1.25611e-07	0.999994	6.77024e-08	1.53946e-07
5687	0.0564136	0.609565	0.0038294	0.328547	0.00164538
5688	0.695169	0.154221	0.0472044	0.083123	0.0202823
5689	1.39395e-06	0.649778	9.46448e-08	0.350221	4.06762e-08
5690	0.0181368	0.63685	0.00123131	0.343253	0.000529057
5691	0.593165	0.226939	0.0402748	0.122317	0.0173049
5692	0.809507	0.0727109	0.0549721	0.0391901	0.0236199
5693	4.39483e-07	0.649778	2.98326e-08	0.350221	1.28182e-08
5694	4.86386e-08	0.649779	3.30851e-09	0.350221	1.42157e-09
5695	0.835404	0.0707861	0.0567173	0.0127233	0.0243697
5696	0.000468548	0.649445	3.18262e-05	0.350041	1.36748e-05
5697	0.121443	0.56318	0.00824471	0.303546	0.00358583
5698	0.00081758	0.649196	5.54984e-05	0.349907	2.3846e-05
5699	0.894086	0.0124405	0.0606914	0.00670525	0.0260773
5700	0.072545	0.598061	0.00492933	0.322346	0.00211799
5701	0.00313939	0.647541	0.000213106	0.349015	9.15653e-05
5702	0.000132333	0.649684	8.98438e-06	0.350171	3.86032e-06
5703	0.000222698	0.64962	1.51243e-05	0.350136	6.49845e-06
5704	1.42626e-07	0.649778	9.69126e-09	0.350221	4.16405e-09
5705	6.52401e-06	0.649774	4.43412e-07	0.350219	1.90521e-07
5706	1.82447e-05	0.649766	1.24002e-06	0.350214	5.32802e-07
5707	0.851604	0.0557149	0.0578102	0.0100312	0.0248393
5708	1.64309e-07	0.649778	1.11767e-08	0.350221	4.80229e-09
5709	0.000187121	0.649645	1.27037e-05	0.35015	5.45839e-06
5710	0.344102	0.404481	0.0233673	0.218009	0.0100402
5711	0.00338011	0.647369	0.000229546	0.348923	9.86291e-05
5712	0.90423	0.00675043	0.0614096	0.00122388	0.0263859
5713	0.000556799	0.649382	3.78233e-05	0.350007	1.62515e-05
5714	0.702148	0.149257	0.0476671	0.0804473	0.0204811
5715	1.04933e-06	8.15133e-08	0.999999	1.88908e-08	3.06298e-08
5716	0.812385	0.0706659	0.0551607	0.0380879	0.0237009
5717	0.365445	0.507237	0.0248315	0.0918164	0.0106694
5718	0.816958	0.0876328	0.055699	0.0157779	0.0239322
5719	4.34086e-07	0.649778	2.95603e-08	0.350221	1.27012e-08
5720	0.778804	0.12339	0.0528794	0.0222053	0.0227207
5721	0.875754	0.0254528	0.0595063	0.0137187	0.0255681
5722	2.84538e-08	0.649779	1.93166e-09	0.350221	8.29975e-10
5723	4.7794e-06	0.847653	3.2445e-07	0.152341	1.39407e-07
5724	1.90805e-06	0.649777	1.29521e-07	0.350221	5.56511e-08
5725	0.000155639	0.649668	1.05665e-05	0.350162	4.54011e-06
5726	4.99385e-09	0.649779	3.38987e-10	0.350221	1.45653e-10
5727	8.11906e-08	0.649779	5.51396e-09	0.350221	2.36918e-09
5728	0.846017	0.0607094	0.0574387	0.0111554	0.0246797
5729	0.499839	0.293239	0.0341828	0.158052	0.0146873
5730	0.00129798	0.84647	8.81785e-05	0.152106	3.78877e-05
5731	0.898455	0.0092623	0.0610561	0.00499225	0.026234
5732	0.00858085	0.643661	0.000583689	0.346924	0.000250794
5733	0.722486	0.175764	0.0490535	0.0316194	0.0210768
5734	4.05736e-08	0.649779	2.76847e-09	0.350221	1.18953e-09
5735	9.87262e-08	0.649779	6.70349e-09	0.350221	2.88029e-09
5736	0.794448	0.0834559	0.0539384	0.0449815	0.0231757
5737	0.0872476	0.587585	0.00592297	0.3167	0.00254492
5738	0.866525	0.0416998	0.0588944	0.00757609	0.0253052
5739	6.60803e-06	0.649774	4.4864e-07	0.350219	1.92767e-07
5740	0.853795	0.0536483	0.0579625	0.0096891	0.0249048
5741	2.7363e-06	0.649777	1.85782e-07	0.35022	7.98252e-08
5742	0.678473	0.165978	0.0462272	0.0894597	0.0198624
5743	0.90542	0.00560759	0.0615156	0.00102531	0.0264314
5744	0.883422	0.0200298	0.0599803	0.0107958	0.0257718
5745	9.26785e-25	1.0343e-22	6.29214e-26	1	2.70354e-26
5746	0.164048	0.532828	0.0111481	0.287187	0.00479003
5747	0.425384	0.346545	0.0288791	0.186783	0.0124085
5748	5.35752e-07	0.649778	3.63795e-08	0.350221	1.56312e-08
5749	0.713948	0.148327	0.0485792	0.0266799	0.0624666
5750	0.000363092	0.64952	2.46528e-05	0.350082	1.05926e-05
5751	0.877147	0.0244602	0.0596009	0.0131837	0.0256087
5752	0.542967	0.342563	0.0368983	0.0617183	0.0158541
5753	0.39184	0.483143	0.0265995	0.0869878	0.011429
5754	1.79099e-09	1.75686e-10	1	9.46924e-11	5.22787e-11
5755	0.00201405	0.648343	0.000136887	0.349448	5.88163e-05
5756	0.0394413	0.621661	0.00267998	0.335066	0.00115151
5757	0.0910655	0.584863	0.00618282	0.315233	0.00265657
5758	0.00018025	0.64965	1.22414e-05	0.350152	5.25978e-06
5759	0.895114	0.0116048	0.0608719	0.00625483	0.0261549
5760	1.60735e-10	9.09388e-05	1.09126e-11	0.999909	4.68883e-12
5761	0.888443	0.0162173	0.0605727	0.00874088	0.0260263
5762	0.0077182	0.644276	0.000524197	0.347256	0.000225232
5763	7.41203e-06	1.37111e-06	0.99999	7.39006e-07	2.16529e-07
5764	0.00014642	0.649674	9.95723e-06	0.350165	4.27833e-06
5765	0.252116	0.0345585	0.699514	0.00645695	0.00735476
5766	5.85682e-28	1.49104e-24	3.97853e-29	1	1.70946e-29
5767	5.9594e-05	0.649736	4.04767e-06	0.350199	1.73916e-06
5768	1.02947e-06	0.847457	6.99377e-08	0.152542	3.00501e-08
5769	1.77306e-05	0.842556	1.20477e-06	0.157424	5.17654e-07
5770	0.887014	0.022802	0.0602137	0.00409824	0.025872
5771	0.00143246	0.648757	9.75048e-05	0.349671	4.18949e-05
5772	0.708158	0.14495	0.0480987	0.0781262	0.0206666
5773	0.497426	0.381912	0.0337684	0.0723851	0.0145093
5774	0.895966	0.0110594	0.0608629	0.00596088	0.026151
5775	0.791467	0.111491	0.0537791	0.0201558	0.0231073
5776	0.000181042	0.64965	1.22892e-05	0.350152	5.28032e-06
5777	0.900948	0.00911117	0.0611575	0.00250551	0.0262776
5778	0.0893766	0.764066	0.00606745	0.137883	0.002607
5779	2.73599e-06	0.649777	1.86536e-07	0.35022	8.01488e-08
5780	0.844858	0.0467556	0.0585222	0.0252006	0.0246635
5781	0.0106171	0.64221	0.000720789	0.346142	0.000309702
5782	1.46289e-06	0.649778	9.95091e-08	0.350221	4.27561e-08
5783	0.147269	0.544765	0.0100341	0.293621	0.00431133
5784	8.15289e-05	0.64972	5.53751e-06	0.35019	2.37931e-06
5785	0.89904	0.00887523	0.0610636	0.00478363	0.0262372
5786	0.906646	0.00343604	0.0615989	0.00185198	0.0264672
5787	0.000262835	0.847214	1.78486e-05	0.152498	7.66902e-06
5788	0.902877	0.00616748	0.0612946	0.00332419	0.0263365
5789	0.769196	0.13208	0.0524085	0.0237965	0.0225184
5790	0.830967	0.0749147	0.0564083	0.0134735	0.024237
5791	1.56954e-05	0.649767	1.06567e-06	0.350215	4.57886e-07
5792	1.71496e-06	0.649777	1.16416e-07	0.350221	5.00207e-08
5793	0.000577531	0.649367	3.92075e-05	0.35	1.68463e-05
5794	3.58559e-05	0.649753	2.43588e-06	0.350208	1.04663e-06
5795	0.805684	0.0753747	0.0547783	0.0406259	0.0235366
5796	0.74017	0.122133	0.0502702	0.0658278	0.0215996
5797	0.252565	0.469737	0.0171487	0.253181	0.00736829
5798	5.89788e-07	0.649778	4.00363e-08	0.350221	1.72024e-08
5799	0.908453	0.00206212	0.0618139	0.00111146	0.0265596
5800	0.00375462	0.64696	0.000255122	0.348702	0.00032851
5801	1.19415e-06	0.649778	8.10721e-08	0.350221	3.48343e-08
5802	0.816771	0.0674463	0.0555586	0.0363526	0.0238719
5803	0.00583556	0.0489207	0.936251	0.00882244	0.000170224
5804	0.770555	0.100475	0.0523312	0.0541544	0.0224852
5805	0.000175723	0.649653	1.1936e-05	0.350154	5.12854e-06
5806	0.0249326	0.823856	0.00169265	0.148792	0.00072728
5807	0.802065	0.0780066	0.0544769	0.0420444	0.0234071
5808	0.00443586	0.646616	0.000301271	0.348517	0.000129447
5809	4.22864e-05	0.649748	2.87504e-06	0.350205	1.23532e-06
5810	2.52596e-08	0.000349139	1.71493e-09	0.999651	7.36854e-10
5811	0.871478	0.0372333	0.0591693	0.00669643	0.0254233
5812	0.88871	0.0196333	0.0603341	0.005399	0.0259238
5813	0.050074	0.614075	0.00340844	0.330978	0.0014645
5814	1.89437e-06	0.649777	1.28612e-07	0.350221	5.5261e-08
5815	0.0380442	0.622659	0.00258302	0.335604	0.00110985
5816	0.0688512	0.600696	0.00467706	0.323766	0.00200959
5817	0.000109618	0.846629	7.44144e-06	0.153251	3.19737e-06
5818	0.701969	0.149385	0.0476541	0.0805163	0.0204756
5819	1.25976e-05	0.64977	8.55157e-07	0.350217	3.67436e-07
5820	8.5961e-07	0.00153318	5.84905e-08	0.998466	2.51316e-08
5821	0.797888	0.10565	0.0541666	0.0190218	0.0232738
5822	0.786681	0.114105	0.053412	0.0228521	0.0229496
5823	0.359451	0.393546	0.0244019	0.212116	0.0104848
5824	0.840595	0.065626	0.0571016	0.0121422	0.0245348
5825	6.53785e-08	0.649779	4.43798e-09	0.350221	1.90687e-09
5826	3.34803e-10	0.847565	2.27325e-11	0.152435	9.76749e-12
5827	0.178161	0.522685	0.0122347	0.28172	0.00519884
5828	3.56317e-09	0.649779	2.41933e-10	0.350221	1.03951e-10
5829	1.71628e-18	1.1334e-14	1.16824e-19	1	5.01957e-20
5830	0.0995854	0.57501	0.00676844	0.309922	0.00871319
5831	0.000197735	0.649638	1.34234e-05	0.350145	5.76766e-06
5832	0.781109	0.0313188	0.159059	0.00563116	0.022882
5833	4.63137e-07	3.43224e-09	1	1.84993e-09	1.35327e-08
5834	7.41203e-06	9.35781e-07	0.999991	1.68151e-07	2.16398e-07
5835	0.536097	0.267626	0.036393	0.144247	0.015637
5836	0.660966	0.233009	0.0448665	0.0418804	0.0192778
5837	0.731936	0.154524	0.0496951	0.0424929	0.0213525
5838	6.45497e-08	0.649779	4.38403e-09	0.350221	1.88369e-09
5839	0.424179	0.347378	0.0288258	0.187232	0.0123856
5840	0.871466	0.0372606	0.0591588	0.00669531	0.0254188
5841	6.54679e-08	0.649779	4.44388e-09	0.350221	1.9094e-09
5842	0.607585	0.282657	0.0412486	0.0507867	0.0177233
5843	0.00509152	0.646149	0.000346051	0.348265	0.000148688
5844	0.0219013	0.634164	0.00148907	0.341806	0.000639809
5845	1.76607e-12	6.36741e-09	1.19961e-13	1	5.15435e-14
5846	2.01126e-06	9.92797e-08	0.999998	5.35104e-08	5.86648e-08
5847	0.816418	0.0883135	0.0554553	0.0159859	0.0238275
5848	0.777674	0.123525	0.0535258	0.0222767	0.0229984
5849	0.847872	0.0453726	0.0575656	0.0244552	0.0247342
5850	1.25827e-07	0.649778	8.57308e-09	0.350221	3.6836e-09
5851	0.869	0.0391867	0.0592085	0.00716502	0.0254402
5852	2.22898e-08	0.649779	1.51548e-09	0.350221	6.51158e-10
5853	0.0704698	0.599261	0.00479352	0.322993	0.00248185
5854	0.000104465	0.649704	7.09174e-06	0.350181	3.04711e-06
5855	0.019109	0.8249	0.00130518	0.154125	0.000560795
5856	6.13306e-05	0.649735	4.16652e-06	0.350198	1.79023e-06
5857	0.00150555	0.648705	0.000102313	0.349643	4.39607e-05
5858	0.645964	0.189308	0.0438516	0.102034	0.0188417
5859	1.87153e-05	0.649765	1.27124e-06	0.350214	5.46215e-07
5860	1.5065e-05	0.649768	1.02263e-06	0.350216	4.39395e-07
5861	0.686419	0.205725	0.0466222	0.0412013	0.0200322
5862	0.00557121	0.842385	0.000378202	0.151503	0.000162502
5863	2.75363e-06	0.847422	1.87889e-07	0.152575	1.29952e-07
5864	0.000166133	5.96722e-06	0.99982	3.21624e-06	4.85093e-06
5865	0.884235	0.019457	0.0600285	0.0104871	0.0257925
5866	0.272852	0.455258	0.0185447	0.245377	0.00796812
5867	0.186241	0.67334	0.0126504	0.122333	0.00543551
5868	0.383464	0.37643	0.0260309	0.20289	0.0111847
5869	0.483791	0.304841	0.0329186	0.164305	0.0141442
5870	1.0679e-05	0.649771	7.25215e-07	0.350217	3.11604e-07
5871	0.774106	0.122342	0.0525994	0.0283529	0.0226004
5872	0.470049	0.314684	0.0319358	0.16961	0.0137219
5873	6.08969e-08	0.649779	4.13539e-09	0.350221	1.77686e-09
5874	5.25395e-05	0.649741	3.57294e-06	0.350201	1.53518e-06
5875	0.637947	0.254237	0.0433431	0.0458496	0.0186232
5876	8.92297e-05	1.08009e-05	0.999892	5.82154e-06	2.60279e-06
5877	9.75809e-19	0.847637	6.62819e-20	0.152363	2.84794e-20
5878	0.706219	0.146357	0.0479411	0.0788843	0.0205989
5879	4.85388e-06	0.847381	3.3248e-07	0.152614	1.42857e-07
5880	0.364082	0.390241	0.0247211	0.210334	0.0106219
5881	0.00380053	0.822017	0.000258135	0.173813	0.000110913
5882	0.107534	0.573114	0.00730988	0.308901	0.00314084
5883	6.44365e-07	0.649778	4.37436e-08	0.350221	1.87953e-08
5884	1.01958e-06	0.649778	6.9225e-08	0.350221	2.97439e-08
5885	0.0844703	0.589562	0.00573698	0.317766	0.00246501
5886	0.896048	0.0110007	0.0608685	0.00592922	0.0261534
5887	3.25717e-05	0.649754	2.29923e-06	0.350208	2.84985e-06
5888	7.70237e-06	0.649773	5.2289e-07	0.350218	2.2467e-07
5889	0.845419	0.0471337	0.057386	0.0254044	0.0246571
5890	0.900201	0.0105262	0.0611174	0.0018947	0.0262604
5891	0.0177631	0.637116	0.00120574	0.343397	0.000518073
5892	0.86515	0.0330451	0.0587507	0.0178108	0.0252434
5893	9.39201e-06	0.649772	6.42298e-07	0.350218	2.75976e-07
5894	0.288258	0.444296	0.0195691	0.239469	0.00840826
5895	0.578682	0.237269	0.0392846	0.127885	0.0168794
5896	0.860475	0.0471723	0.0584926	0.00872786	0.0251325
5897	0.000142115	0.649677	9.65205e-06	0.350167	4.1472e-06
5898	4.81941e-05	0.847613	3.27144e-06	0.152334	1.40564e-06
5899	0.00298446	0.647649	0.000204429	0.349074	8.78371e-05
5900	1.49416e-05	0.649768	1.02053e-06	0.350216	4.38492e-07
5901	0.904544	0.00468935	0.06172	0.00252749	0.0265192
5902	0.155629	0.70079	0.0108042	0.128135	0.00464223
5903	1.40952e-05	0.649769	9.57111e-07	0.350216	4.18726e-07
5904	8.79524e-05	0.784243	5.97347e-06	0.215661	2.56662e-06
5905	0.31573	0.424362	0.0218104	0.228725	0.00937129
5906	0.785293	0.0899017	0.0534036	0.0484558	0.022946
5907	1.23738e-05	0.64977	8.42626e-07	0.350217	3.62052e-07
5908	1.59725e-06	0.649777	1.08559e-07	0.350221	4.66446e-08
5909	0.123502	0.730869	0.0083895	0.133634	0.00360472
5910	0.823057	0.0629642	0.0559862	0.0339368	0.0240556
5911	0.206882	0.502264	0.0140882	0.270713	0.00605329
5912	0.845603	0.0469988	0.0574025	0.0253317	0.0246642
5913	0.000697048	0.649282	4.73294e-05	0.349954	2.03361e-05
5914	0.615539	0.210978	0.0418056	0.113714	0.0179626
5915	8.66174e-07	0.649778	5.88082e-08	0.350221	2.52681e-08
5916	0.858055	0.0381197	0.0582507	0.020546	0.0250286
5917	0.703091	0.148567	0.0477496	0.0800755	0.0205166
5918	0.198161	0.663035	0.0134511	0.119573	0.00577952
5919	0.698447	0.151871	0.047442	0.0818562	0.0203844
5920	0.861869	0.0353836	0.0585279	0.0190713	0.0251477
5921	8.53941e-06	0.649772	5.79798e-07	0.350218	2.49122e-07
5922	1.22815e-07	0.649778	8.33817e-09	0.350221	3.58267e-09
5923	3.96187e-06	0.649776	2.6911e-07	0.35022	1.15629e-07
5924	0.798414	0.0805888	0.0542511	0.0434362	0.0233101
5925	6.19451e-22	6.7593e-17	4.20493e-23	1	1.80673e-23
5926	2.27507e-05	0.847621	1.54545e-06	0.152354	6.64034e-07
5927	0.618263	0.272722	0.0419745	0.049006	0.0180352
5928	0.538549	0.265838	0.0366031	0.143283	0.0157273
5929	0.00349552	0.647287	0.000237419	0.348878	0.000102012
5930	0.880189	0.0222911	0.0598077	0.0120146	0.0256976
5931	0.000155085	0.649668	1.0532e-05	0.350162	4.52527e-06
5932	0.871175	0.0365061	0.0591746	0.00771913	0.0254256
5933	0.00104433	0.649034	7.09697e-05	0.34982	3.04936e-05
5934	0.890108	0.0197948	0.0604753	0.00363732	0.0259845
5935	0.887836	0.0218106	0.0604332	0.00395436	0.0259663
5936	0.89673	0.0136059	0.0609976	0.00245729	0.0262089
5937	0.880965	0.0216405	0.0599655	0.0116639	0.0257654
5938	0.000212349	0.649627	1.4414e-05	0.35014	6.19328e-06
5939	0.671303	0.182435	0.0932033	0.0333571	0.0197008
5940	8.58885e-08	0.649779	5.83061e-09	0.350221	2.50524e-09
5941	0.880265	0.0221393	0.0599179	0.0119327	0.0257449
5942	0.717596	0.180291	0.0487428	0.0324062	0.0209633
5943	3.39325e-06	0.649776	2.30429e-07	0.35022	9.90085e-08
5944	0.825943	0.0786476	0.0560814	0.015231	0.0240965
5945	7.66107e-06	0.847274	5.20054e-07	0.152717	2.23452e-07
5946	9.49072e-11	8.97781e-10	6.44376e-12	1	2.76869e-12
5947	0.869136	0.0298862	0.0593633	0.0161082	0.0255067
5948	0.00724475	0.644614	0.00049179	0.347438	0.000211308
5949	0.000155649	0.649668	1.05994e-05	0.350162	4.55424e-06
5950	0.85088	0.0268037	0.0578311	0.0144468	0.0500381
5951	0.871586	0.028469	0.0591747	0.0153444	0.0254256
5952	0.43629	0.408905	0.0296288	0.112446	0.0127306
5953	0.457437	0.323686	0.0310663	0.174462	0.0133483
5954	0.856131	0.0394573	0.0581569	0.0212669	0.0249883
5955	0.00754201	0.805134	0.00051247	0.186591	0.000220193
5956	0.0035359	0.647257	0.000240681	0.348863	0.000103414
5957	0.806007	0.0980378	0.0547737	0.0176467	0.0235346
5958	5.44705e-17	1.70949e-18	1	3.08292e-19	1.59071e-18
5959	0.000796975	0.649207	5.40991e-05	0.349913	2.84609e-05
5960	6.34509e-08	0.843867	4.30715e-09	0.156133	1.85065e-09
5961	3.39061e-06	0.649776	2.30387e-07	0.35022	9.89906e-08
5962	0.869958	0.0287479	0.0604172	0.0154947	0.025382
5963	0.819405	0.065669	0.055629	0.0353946	0.0239021
5964	0.614296	0.2761	0.0417858	0.0498647	0.0179541
5965	2.28279e-11	7.74157e-14	1	4.1726e-14	6.69264e-13
5966	0.170527	0.528198	0.0115996	0.284691	0.00498401
5967	3.28131e-07	0.842572	2.22836e-08	0.157427	9.5746e-09
5968	0.661788	0.178028	0.0449264	0.0959544	0.0193035
5969	0.748327	0.151588	0.0509029	0.0273111	0.0218715
5970	0.322663	0.545737	0.0219069	0.10028	0.00941277
5971	0.488306	0.391794	0.0331612	0.0724901	0.0142484
5972	0.0402742	0.62107	0.00273379	0.334748	0.00117463
5973	0.4292	0.343785	0.0291813	0.185295	0.0125383
5974	0.889947	0.0200185	0.060437	0.00362943	0.025968
5975	4.24624e-12	2.66965e-13	2.88239e-13	1.4389e-13	1
5976	8.87695e-05	0.649715	6.02602e-06	0.350187	2.5892e-06
5977	0.000859989	0.649132	5.91913e-05	0.349873	7.52444e-05
5978	0.0373928	0.752138	0.00254355	0.206833	0.00109289
5979	0.527164	0.273996	0.0357838	0.14768	0.0153752
5980	0.667857	0.173705	0.0453345	0.0936247	0.0194789
5981	0.903039	0.00603767	0.0613214	0.00325422	0.026348
5982	0.858895	0.0374907	0.0583405	0.0202069	0.0250672
5983	0.187111	0.516392	0.0127087	0.278328	0.00546057
5984	0.654403	0.183289	0.0444282	0.0987902	0.0190895
5985	0.757842	0.142768	0.0514434	0.0258429	0.0221037
5986	0.86814	0.0309138	0.0589537	0.0166621	0.0253307
5987	9.38457e-05	0.649712	6.37129e-06	0.350185	2.73755e-06
5988	0.0233415	0.787889	0.0302957	0.157793	0.000680818
5989	0.771805	0.129894	0.0523994	0.0233869	0.0225145
5990	3.96759e-07	0.649778	2.69314e-08	0.350221	1.15716e-08
5991	0.0254076	0.631667	0.00172506	0.340459	0.00074122
5992	0.281029	0.586157	0.0190802	0.105535	0.00819822
5993	0.505545	0.289382	0.0343444	0.155973	0.0147568
5994	0.736818	0.162425	0.0500257	0.0292363	0.0214946
5995	5.1888e-08	5.9317e-09	1	3.1971e-09	1.51341e-09
5996	2.68324e-06	2.44175e-07	0.999997	4.38888e-08	7.82644e-08
5997	0.856287	0.0393308	0.0581836	0.0211988	0.0249997
5998	0.0420879	0.619776	0.00285733	0.334051	0.00122771
5999	0.00140766	0.810598	9.57814e-05	0.187857	4.11544e-05
6000	7.67335e-05	0.649724	5.21019e-06	0.350192	2.23866e-06
6001	0.00201453	0.648342	0.000136803	0.349447	5.87801e-05
6002	0.00746584	0.00179142	0.000507425	0.000322383	0.989913
6003	0.0281432	0.629717	0.00191068	0.339408	0.00082096
6004	5.4044e-07	0.84759	3.66922e-08	0.15241	1.57655e-08
6005	0.00140131	0.64878	9.52957e-05	0.349683	4.09457e-05
6006	0.0920493	0.00380866	0.899404	0.00205281	0.00268573
6007	0.897335	0.00977343	0.0612894	0.00526774	0.0263342
6008	0.876393	0.0248757	0.0596805	0.0134076	0.0256429
6009	1.10882e-06	0.649778	7.52976e-08	0.350221	3.23532e-08
6010	0.572216	0.241845	0.0388813	0.130351	0.0167061
6011	0.857089	0.0490064	0.058435	0.0103623	0.0251078
6012	0.890892	0.0146843	0.0605101	0.00791465	0.0259994
6013	0.857868	0.0496383	0.058419	0.00897385	0.0251009
6014	1.38327e-06	0.649778	9.47507e-08	0.350221	1.21028e-07
6015	0.00089877	0.649138	6.12043e-05	0.349876	2.62977e-05
6016	0.890839	0.0146839	0.060547	0.00791443	0.0260152
6017	1.73424e-06	0.649777	1.80177e-07	0.350221	7.74168e-08
6018	1.63483e-05	2.77632e-06	0.99998	4.99026e-07	4.76863e-07
6019	0.865443	0.0428613	0.0587493	0.00770375	0.0252429
6020	1.04132e-06	0.649778	7.06949e-08	0.350221	3.03755e-08
6021	0.000136275	0.649681	9.25593e-06	0.350169	3.977e-06
6022	0.86122	0.03585	0.0584719	0.0193226	0.0251351
6023	0.00770915	0.644283	0.000523355	0.347259	0.00022487
6024	0.0549767	0.61058	0.00374215	0.329094	0.00160789
6025	0.832533	0.0679147	0.0565695	0.0186761	0.0243062
6026	0.895048	0.0117405	0.0607721	0.00632794	0.026112
6027	0.00269386	0.647858	0.000182901	0.349186	7.8587e-05
6028	0.00685705	0.644891	0.000465539	0.347587	0.000200029
6029	0.000951468	0.6491	6.46245e-05	0.349856	2.77672e-05
6030	0.00388488	0.647009	0.000263805	0.348729	0.000113349
6031	0.0733787	0.59742	0.00503674	0.322001	0.00216414
6032	0.895077	0.0140665	0.0608448	0.00386818	0.0261432
6033	2.26625e-06	0.649777	1.53871e-07	0.350221	6.61137e-08
6034	0.816766	0.087989	0.0555214	0.0158681	0.0238559
6035	0.900921	0.00743232	0.0613015	0.00400592	0.0263394
6036	0.00665878	0.645032	0.000452407	0.347663	0.000194386
6037	0.860909	0.0469868	0.0584815	0.0084945	0.0251278
6038	0.102716	0.576552	0.00697943	0.310753	0.00299886
6039	0.0307981	0.627825	0.00209061	0.338389	0.000898274
6040	0.00271221	0.844374	0.000184227	0.15265	7.91569e-05
6041	0.880074	0.0224197	0.05975	0.0120839	0.0256728
6042	0.00910959	0.837793	0.00061936	0.152212	0.00026612
6043	0.894542	0.0157384	0.0607766	0.00282925	0.0261139
6044	2.37574e-05	0.649762	1.61411e-06	0.350212	6.93537e-07
6045	0.487455	0.302167	0.033234	0.162864	0.0142796
6046	0.000756787	0.649239	5.13798e-05	0.349931	2.20764e-05
6047	0.753227	0.11285	0.051129	0.0608247	0.0219686
6048	0.620688	0.207266	0.0422005	0.111713	0.0181323
6049	8.67376e-06	0.649772	5.88864e-07	0.350218	2.53017e-07
6050	0.238116	0.480034	0.0161713	0.258731	0.00694833
6051	4.26289e-05	0.649748	2.89523e-06	0.350205	1.24399e-06
6052	0.33421	0.41154	0.022688	0.221814	0.00974836
6053	4.53779e-05	0.784279	3.0821e-06	0.215671	1.32429e-06
6054	1.74544e-05	0.649766	1.18861e-06	0.350215	5.10711e-07
6055	1.42084e-07	0.649778	9.68707e-09	0.350221	4.16225e-09
6056	0.195982	0.510071	0.0133075	0.274921	0.00571784
6057	0.686342	0.209343	0.0466231	0.0376601	0.0200326
6058	0.852732	0.0539986	0.0584102	0.00976211	0.0250972
6059	6.61032e-05	0.847067	4.48839e-06	0.152861	1.92853e-06
6060	0.0119575	0.641254	0.00081212	0.345627	0.000348944
6061	3.10116e-14	4.22852e-09	2.10647e-15	1	9.05087e-16
6062	7.59572e-07	0.649778	5.15776e-08	0.350221	2.21614e-08
6063	0.077534	0.594508	0.00526468	0.320431	0.00226208
6064	1.27103e-05	6.52936e-07	0.999986	1.79553e-07	3.71599e-07
6065	0.590654	0.297601	0.0403426	0.0540686	0.017334
6066	0.885264	0.0243141	0.0601681	0.00440117	0.0258524
6067	5.28752e-07	2.15355e-07	3.58959e-08	0.999999	1.54234e-08
6068	0.898569	0.00924482	0.0609956	0.00498283	0.026208
6069	0.0385341	0.62231	0.00261616	0.335416	0.00112409
6070	0.000138097	0.837631	9.37585e-06	0.162217	4.02853e-06
6071	4.57927e-06	0.649775	3.10892e-07	0.35022	1.33581e-07
6072	0.00166174	0.648594	0.000112829	0.349583	4.84794e-05
6073	0.0105115	0.642283	0.00071581	0.346182	0.000307562
6074	4.98276e-10	0.649779	3.38232e-11	0.350221	1.45328e-11
6075	0.908861	0.00189802	0.0621549	0.000380123	0.0267061
6076	1.51642e-05	0.649768	1.02964e-06	0.350216	4.42407e-07
6077	0.000164094	0.649662	1.11478e-05	0.350158	4.78987e-06
6078	0.000206682	0.649631	1.4038e-05	0.350142	6.03171e-06
6079	5.74496e-05	0.428762	0.340083	0.231096	1.67557e-06
6080	0.000102675	0.649705	7.12793e-06	0.350182	3.06266e-06
6081	0.896096	0.0109965	0.0608397	0.00592698	0.026141
6082	0.387039	0.373874	0.0262821	0.201513	0.0112927
6083	0.172391	0.526881	0.0117137	0.283981	0.00503303
6084	0.0152554	0.638904	0.00103586	0.34436	0.00044508
6085	0.416007	0.353097	0.0283855	0.190314	0.0121964
6086	0.000158822	0.846747	1.08615e-05	0.153079	4.66686e-06
6087	1.37324e-05	0.649769	9.32665e-07	0.350216	4.00738e-07
6088	0.862494	0.034757	0.0587653	0.0187335	0.0252497
6089	0.635487	0.196715	0.0432067	0.106027	0.0185646
6090	0.534276	0.266303	0.0390911	0.143533	0.0167963
6091	0.0358531	0.62419	0.0024767	0.336429	0.00105113
6092	0.000164154	0.649662	1.11474e-05	0.350158	4.78971e-06
6093	0.847284	0.0457975	0.0575195	0.0246842	0.0247144
6094	0.810729	0.0937411	0.055035	0.0168477	0.0236469
6095	9.34988e-10	0.0148093	6.34649e-11	0.985191	2.7269e-11
6096	5.27741e-06	4.11833e-07	0.999994	7.40067e-08	1.53951e-07
6097	0.766121	0.103652	0.0520116	0.0558672	0.0223478
6098	0.0051594	0.646101	0.000350378	0.348239	0.000150547
6099	1.68648e-06	0.649777	1.14572e-07	0.350221	4.92281e-08
6100	0.000227193	0.649617	1.54237e-05	0.350134	6.6271e-06
6101	5.80956e-06	0.649774	3.94615e-07	0.350219	1.69554e-07
6102	0.0601726	0.606885	0.00408504	0.327102	0.00175522
6103	6.39023e-06	0.649774	4.3383e-07	0.350219	1.86404e-07
6104	0.00255882	0.844517	0.000173779	0.152676	7.46678e-05
6105	0.865104	0.0431455	0.0587476	0.00776067	0.0252421
6106	6.20865e-07	0.649778	4.22217e-08	0.350221	5.43223e-08
6107	0.000360829	0.649521	2.45111e-05	0.350083	1.05317e-05
6108	0.145694	0.545901	0.00991344	0.294233	0.00425951
6109	4.57329e-25	4.20402e-21	3.10486e-26	1	1.33407e-26
6110	0.672956	0.170032	0.0457216	0.091645	0.0196452
6111	0.889515	0.0188589	0.061447	0.00377693	0.026402
6112	4.74409e-06	1.40948e-06	3.22223e-07	0.999993	1.3845e-07
6113	1.12195e-05	0.649771	7.61922e-07	0.350217	3.27375e-07
6114	0.0180798	0.636888	0.00122983	0.343274	0.000528422
6115	0.830193	0.0574001	0.0569847	0.0309378	0.0244847
6116	0.000569197	0.844244	3.86686e-05	0.155131	1.66148e-05
6117	0.891452	0.0138982	0.0609644	0.00749093	0.0261946
6118	0.17641	0.524	0.0120035	0.282429	0.00515755
6119	0.691151	0.204019	0.0469214	0.0377478	0.0201607
6120	0.812027	0.0922097	0.0551364	0.0166204	0.0240066
6121	0.00970003	0.642864	0.000658614	0.346494	0.000282987
6122	6.08024e-16	7.95127e-17	1	1.43021e-17	1.77708e-17
6123	0.0340687	0.625484	0.00232275	0.337127	0.000998018
6124	0.0025987	0.647926	0.000176421	0.349223	7.58028e-05
6125	0.675861	0.167863	0.0460247	0.0904758	0.0197754
6126	0.149059	0.543514	0.0101284	0.292946	0.00435186
6127	0.787673	0.115139	0.0534893	0.0207165	0.0229828
6128	0.477729	0.309205	0.0324611	0.166657	0.0139476
6129	0.850949	0.0557903	0.0581945	0.0100613	0.0250044
6130	0.861926	0.0353391	0.0585366	0.0190473	0.0251514
6131	0.000501559	0.000572308	0.998603	0.000308466	1.4669e-05
6132	0.751195	0.114291	0.0509995	0.0616013	0.021913
6133	0.790442	0.086308	0.0536708	0.0465188	0.0230608
6134	1.02943e-08	0.649779	6.98869e-10	0.350221	3.00283e-10
6135	1.8684e-05	2.5604e-06	1.2689e-06	1.38002e-06	0.999976
6136	0.8619	0.0424224	0.058763	0.0116659	0.0252487
6137	0.00029614	0.649567	2.01073e-05	0.350108	8.63953e-06
6138	2.15466e-07	0.649778	1.46297e-08	0.350221	6.28596e-09
6139	5.80648e-06	0.649774	3.94381e-07	0.350219	1.69454e-07
6140	0.538457	0.346606	0.0365656	0.062661	0.0157111
6141	0.894844	0.0151319	0.0610581	0.00273068	0.0262349
6142	0.0222839	0.826028	0.00151508	0.149522	0.000650985
6143	0.893991	0.0124515	0.0607455	0.0067112	0.0261005
6144	8.01142e-07	0.649778	5.44814e-08	0.350221	2.34091e-08
6145	0.685406	0.175789	0.0471752	0.0316598	0.0599694
6146	1.5625e-13	0.649779	1.07028e-14	0.350221	4.59867e-15
6147	0.267685	0.59833	0.0181935	0.107974	0.00781723
6148	0.0177014	0.824337	0.00120446	0.156239	0.00051752
6149	0.774697	0.117731	0.0525974	0.0323751	0.0225996
6150	2.34283e-05	0.649762	1.59414e-06	0.350212	6.84954e-07
6151	1.5457e-07	0.649778	1.04928e-08	0.350221	4.50846e-09
6152	0.00131031	0.648845	8.89721e-05	0.349718	3.82287e-05
6153	0.857519	0.0502136	0.0582227	0.00902782	0.0250166
6154	0.00904516	0.64333	0.000614542	0.346746	0.000264051
6155	0.848538	0.0448799	0.0576302	0.0241896	0.024762
6156	0.000117261	0.649695	8.10032e-06	0.350176	3.48047e-06
6157	1.40839e-08	2.88701e-09	1	5.18705e-10	4.10817e-10
6158	3.48551e-05	0.649754	2.36607e-06	0.350208	1.01663e-06
6159	0.7745	0.127409	0.0525969	0.0228942	0.0225993
6160	0.845119	0.0473283	0.0573865	0.0255093	0.0246573
6161	0.810824	0.0717472	0.0550886	0.0386707	0.0236699
6162	0.165732	0.692629	0.0113759	0.125375	0.0048879
6163	0.000198069	0.649637	1.34446e-05	0.350145	5.77673e-06
6164	0.000609436	0.649344	4.13841e-05	0.349987	1.77815e-05
6165	1.17157e-05	0.64977	7.95254e-07	0.350217	3.41697e-07
6166	0.00172719	0.648547	0.000117255	0.349558	5.03809e-05
6167	0.895468	0.011454	0.0607862	0.00617355	0.026118
6168	0.00192523	0.648406	0.000130682	0.349482	5.61503e-05
6169	0.890263	0.0151154	0.0604858	0.00814699	0.025989
6170	0.513737	0.283521	0.0349224	0.152814	0.0150051
6171	7.94366e-06	0.649773	5.3928e-07	0.350218	2.31713e-07
6172	2.445e-07	0.649778	1.65975e-08	0.350221	7.13145e-09
6173	0.00055658	0.649382	3.77834e-05	0.350008	1.62344e-05
6174	8.90121e-05	0.845338	6.04898e-06	0.154564	2.59907e-06
6175	0.000432041	0.607009	2.93299e-05	0.327169	0.0653605
6176	0.0011714	0.648944	7.95673e-05	0.349771	3.41877e-05
6177	0.0462527	0.616807	0.00314105	0.33245	0.00134962
6178	0.892528	0.0125574	0.0616552	0.00676824	0.0264914
6179	0.105643	0.574461	0.00718267	0.309627	0.00308618
6180	0.871051	0.0266689	0.0614872	0.0143741	0.0264192
6181	0.791494	0.111157	0.0539278	0.0202503	0.0231712
6182	0.0241872	0.632537	0.00164201	0.340928	0.000705524
6183	0.000249139	0.649601	1.69143e-05	0.350126	7.26758e-06
6184	0.116295	0.566876	0.00789736	0.305538	0.00339326
6185	0.81759	0.0669322	0.0555388	0.0360755	0.0238634
6186	0.679794	0.21449	0.0461863	0.0396851	0.0198449
6187	0.0120909	0.64116	0.000820879	0.345576	0.000352708
6188	0.701737	0.189959	0.0476599	0.0401663	0.0204781
6189	5.95306e-07	0.649778	4.04132e-08	0.350221	1.73643e-08
6190	0.747228	0.117084	0.0507678	0.0631066	0.0218134
6191	3.63341e-07	0.649778	2.46758e-08	0.350221	1.06025e-08
6192	0.827364	0.0777701	0.0565815	0.0139732	0.0243114
6193	0.0212798	0.827557	0.00144454	0.149098	0.000620674
6194	1.15108e-07	0.84759	7.87197e-09	0.15241	3.38235e-09
6195	7.80576e-11	0.847128	5.29842e-12	0.152872	2.27657e-12
6196	0.784932	0.117717	0.0532907	0.0211628	0.0228974
6197	0.637075	0.195639	0.0432544	0.105447	0.0185851
6198	3.97038e-16	5.25245e-09	2.69518e-17	1	1.15804e-17
6199	0.632082	0.25971	0.0429446	0.0468115	0.018452
6200	0.0022246	0.648108	0.000151177	0.349321	0.000194641
6201	0.000273876	0.649583	1.86173e-05	0.350116	7.99929e-06
6202	0.00881714	0.643492	0.000600429	0.346833	0.000257986
6203	0.00322945	6.31984e-05	0.996579	3.4063e-05	9.42418e-05
6204	0.0485245	0.615154	0.00333074	0.331559	0.00143112
6205	3.69719e-07	8.64537e-05	2.51e-08	0.999913	1.07847e-08
6206	0.872869	0.0275633	0.0592527	0.0148562	0.0254591
6207	0.81051	0.0719941	0.0550423	0.0388038	0.0236501
6208	0.350394	0.400001	0.0237884	0.215595	0.0102212
6209	0.849366	0.044308	0.057667	0.0238814	0.0247778
6210	0.884692	0.0191099	0.0600827	0.0103	0.0258158
6211	8.00939e-05	0.649721	5.43729e-06	0.350191	2.33624e-06
6212	0.663427	0.171817	0.0527721	0.0926068	0.0193772
6213	0.000197566	0.649638	1.34106e-05	0.350146	5.76215e-06
6214	0.792698	0.0846996	0.053824	0.0456519	0.0231266
6215	9.53801e-14	2.2154e-07	6.48027e-15	1	2.78438e-15
6216	0.0030001	0.64764	0.000203657	0.349069	8.75056e-05
6217	0.474518	0.311522	0.0322127	0.167906	0.0138408
6218	2.76484e-05	0.649759	1.87714e-06	0.350211	8.0655e-07
6219	0.786293	0.0892239	0.0534339	0.0480904	0.022959
6220	0.489078	0.352855	0.0335008	0.0817747	0.0427917
6221	0.151967	0.541401	0.0103692	0.291807	0.00445534
6222	4.12805e-05	0.847587	2.80262e-06	0.152368	1.2042e-06
6223	1.72704e-05	4.08642e-06	0.999977	7.34567e-07	5.03806e-07
6224	4.23895e-06	0.840662	2.87787e-07	0.159334	1.23654e-07
6225	0.887822	0.0168155	0.0603629	0.0090633	0.0259361
6226	0.211716	0.633727	0.0143791	0.134	0.00617829
6227	2.67912e-06	0.649777	1.81958e-07	0.35022	7.81819e-08
6228	0.000870048	0.649158	5.91186e-05	0.349887	2.54015e-05
6229	0.442182	0.334569	0.0300221	0.180328	0.0128996
6230	0.000299184	0.649565	2.03235e-05	0.350106	8.73241e-06
6231	0.00152578	0.648691	0.000103664	0.349635	4.45412e-05
6232	0.000177538	0.649652	1.20554e-05	0.350153	5.17986e-06
6233	0.110021	0.571347	0.00747234	0.307948	0.00321064
6234	7.59787e-06	0.649773	5.15739e-07	0.350219	2.21598e-07
6235	0.64684	0.245042	0.0443993	0.0446413	0.0190771
6236	0.765678	0.135334	0.0520402	0.0245877	0.0223601
6237	0.879053	0.0302007	0.0596757	0.00542972	0.0256409
6238	0.901518	0.00713423	0.0612043	0.00384525	0.0262977
6239	0.77333	0.128489	0.0525103	0.0231088	0.0225621
6240	0.857213	0.0505008	0.0582019	0.00907657	0.0250077
6241	0.885747	0.0182827	0.060235	0.00985412	0.0258812
6242	0.775854	0.0967203	0.0526656	0.0521309	0.0226288
6243	0.000111211	3.09614e-06	0.999881	1.66877e-06	3.24404e-06
6244	0.00443523	0.646617	0.000301188	0.348517	0.000129411
6245	0.10228	0.720754	0.0069452	0.167036	0.00298415
6246	1.28151e-11	6.81939e-08	8.70192e-13	1	3.73896e-13
6247	0.000594993	0.649354	4.04338e-05	0.349993	1.73732e-05
6248	0.804493	0.076296	0.0546204	0.0411224	0.0234687
6249	0.516888	0.2812	0.0352177	0.151563	0.015132
6250	0.00151547	0.000168894	0.00010288	0.998169	4.42045e-05
6251	0.00345107	0.647318	0.000234327	0.348895	0.000100683
6252	7.54537e-10	0.649779	5.12459e-11	0.350221	2.20189e-11
6253	0.89102	0.014596	0.0605155	0.00786702	0.0260017
6254	1.10905e-07	0.649778	7.52929e-09	0.350221	3.23511e-09
6255	0.00276942	0.647804	0.000188159	0.349157	8.08462e-05
6256	0.862354	0.035057	0.0585409	0.0188952	0.0251533
6257	8.51776e-09	0.649779	5.7828e-10	0.350221	2.4847e-10
6258	2.41387e-06	0.649777	1.63878e-07	0.35022	7.04137e-08
6259	0.0558353	0.609967	0.00380059	0.328764	0.001633
6260	0.000107062	0.649702	7.27469e-06	0.35018	3.12572e-06
6261	5.9772e-08	0.649779	4.0581e-09	0.350221	1.74365e-09
6262	2.43582e-05	0.649761	1.65365e-06	0.350212	7.10523e-07
6263	0.86177	0.0354159	0.0585631	0.0190886	0.0251628
6264	0.829143	0.0586998	0.0563196	0.0316384	0.0241989
6265	2.98201e-06	0.649776	2.02584e-07	0.35022	8.70443e-08
6266	1.82384e-05	0.649766	1.23893e-06	0.350214	5.32332e-07
6267	3.96691e-06	0.649776	2.69295e-07	0.35022	1.15708e-07
6268	0.0357373	0.624302	0.00242763	0.33649	0.00104308
6269	2.46751e-05	0.649761	1.67493e-06	0.350212	7.19667e-07
6270	0.045481	0.617307	0.0031418	0.33272	0.00134994
6271	0.875877	0.0322514	0.0594903	0.00681949	0.0255612
6272	6.43922e-06	0.649774	4.40364e-07	0.350219	1.89211e-07
6273	0.000499356	0.649423	3.3927e-05	0.35003	1.45774e-05
6274	0.0109314	0.0254685	0.000742025	0.962539	0.000318826
6275	3.85723e-06	0.649776	2.6231e-07	0.35022	1.12707e-07
6276	0.889235	0.0197149	0.0612043	0.00354788	0.0262977
6277	8.50604e-14	8.25943e-10	5.78777e-15	1	2.48683e-15
6278	0.808094	0.0960895	0.0548694	0.0173715	0.0235757
6279	0.881589	0.0272952	0.0600344	0.00528604	0.025795
6280	0.0030593	0.647595	0.000210566	0.349045	9.04738e-05
6281	0.44309	0.333861	0.0301492	0.179946	0.0129542
6282	0.79529	0.107741	0.0540974	0.019628	0.0232441
6283	0.00698102	0.6448	0.000475955	0.347538	0.000204504
6284	0.00356963	0.647234	0.000242439	0.34885	0.000104169
6285	7.14769e-09	0.649779	4.85191e-10	0.350221	2.08472e-10
6286	9.40327e-05	0.846435	6.38558e-06	0.153462	2.74369e-06
6287	0.906206	0.00493432	0.0615298	0.00089205	0.0264375
6288	0.803306	0.0766914	0.0550247	0.0413356	0.0236425
6289	0.002331	0.648117	0.000158323	0.349326	6.80269e-05
6290	0.00030131	0.649564	2.04553e-05	0.350106	8.78906e-06
6291	1.04305e-05	0.649771	7.08245e-07	0.350217	3.04312e-07
6292	0.899082	0.0115662	0.0610415	0.00208244	0.0262277
6293	0.000760388	0.82477	5.1633e-05	0.174396	2.21852e-05
6294	0.579737	0.23636	0.0395256	0.127395	0.016983
6295	0.897996	0.00964512	0.0609652	0.00519858	0.0261949
6296	8.52076e-09	0.649779	5.78608e-10	0.350221	2.48573e-10
6297	1.36533e-05	0.843854	9.27399e-07	0.156131	3.98476e-07
6298	0.559018	0.251258	0.0379805	0.135424	0.0163191
6299	0.847381	0.0594615	0.0576408	0.0107497	0.0247666
6300	0.000651276	0.845292	4.42226e-05	0.153994	1.90012e-05
6301	0.789233	0.0871476	0.0536125	0.0469713	0.0230357
6302	0.00254422	0.647964	0.000173256	0.349244	7.4443e-05
6303	0.757691	0.142847	0.0514553	0.0258987	0.0221088
6304	0.906359	0.00473443	0.0615738	0.000875968	0.0264564
6305	1.27523e-06	3.65524e-07	0.999998	6.6409e-08	3.71982e-08
6306	0.0246363	0.824004	0.001673	0.148967	0.000718839
6307	0.0759115	0.776992	0.00515372	0.139728	0.0022144
6308	0.111251	0.744171	0.0075586	0.133771	0.00324771
6309	0.00134625	0.648819	9.13934e-05	0.349704	3.9269e-05
6310	0.178159	0.522777	0.0120973	0.281769	0.00519784
6311	0.000386253	0.649503	2.62288e-05	0.350073	1.12697e-05
6312	0.724487	0.104927	0.0506431	0.056554	0.0633888
6313	5.74607e-11	3.21748e-13	1	5.82405e-14	1.68469e-12
6314	2.76896e-05	0.649759	1.8799e-06	0.350211	8.07739e-07
6315	0.840915	0.0503276	0.057098	0.0271258	0.0245333
6316	2.47258e-07	0.649778	1.67914e-08	0.350221	7.21479e-09
6317	0.822037	0.0832284	0.0558031	0.0149541	0.0239769
6318	0.545791	0.260656	0.0371163	0.14049	0.0159478
6319	0.000127419	0.649688	8.65049e-06	0.350172	3.71686e-06
6320	0.0501731	0.799927	0.0034061	0.14503	0.0014635
6321	3.73455e-05	0.649752	2.53864e-06	0.350207	1.09078e-06
6322	2.25846e-11	0.000262136	1.53317e-12	0.999738	6.58756e-13
6323	1.24745e-06	0.649778	8.47983e-08	0.350221	3.64353e-08
6324	0.00226759	0.648162	0.000153977	0.34935	6.61595e-05
6325	0.834195	0.0551076	0.0566533	0.0297022	0.0243422
6326	0.384445	0.375511	0.0263336	0.202395	0.0113148
6327	3.79823e-06	0.649776	2.57952e-07	0.35022	1.10834e-07
6328	0.40316	0.362383	0.027376	0.195319	0.0117626
6329	0.702315	0.191048	0.0478261	0.0382618	0.0205495
6330	0.113786	0.740613	0.00772586	0.134556	0.00331957
6331	0.655062	0.238189	0.0446611	0.0428981	0.0191896
6332	0.000383543	0.649505	2.60349e-05	0.350074	1.11864e-05
6333	0.00166107	0.648594	0.000112757	0.349583	4.84484e-05
6334	1.52036e-05	0.649768	1.03219e-06	0.350216	4.43502e-07
6335	0.0217967	0.634238	0.00148266	0.341845	0.000637056
6336	0.0051403	0.00117194	0.00034924	0.000631659	0.992707
6337	0.760267	0.107678	0.0517726	0.058037	0.0222451
6338	0.00473616	0.646402	0.000321532	0.348402	0.000138153
6339	0.0386876	0.622198	0.00262909	0.335356	0.00112964
6340	0.738212	0.123538	0.0501271	0.0665852	0.0215381
6341	0.899585	0.00851392	0.0610717	0.00458888	0.0262407
6342	0.26405	0.461523	0.0179566	0.248755	0.00771544
6343	0.862822	0.034715	0.0585816	0.0187109	0.0251708
6344	0.744548	0.154861	0.0505535	0.0283154	0.0217213
6345	0.00183864	0.648468	0.000124822	0.349515	5.36322e-05
6346	0.0840853	0.589836	0.00571191	0.317913	0.00245424
6347	0.739684	0.122429	0.050291	0.0659874	0.0216086
6348	0.888413	0.016394	0.0604031	0.00883613	0.0259534
6349	0.256327	0.467056	0.0174028	0.251737	0.00747747
6350	0.0149072	0.639152	0.00101264	0.344494	0.000435102
6351	6.48931e-06	0.649774	4.40894e-07	0.350219	1.89439e-07
6352	0.884041	0.019571	0.0600415	0.0105485	0.025798
6353	0.73054	0.168219	0.0496295	0.0302871	0.0213243
6354	9.61812e-06	0.649772	6.52909e-07	0.350218	2.80536e-07
6355	0.00155086	0.648673	0.000105564	0.349625	4.53576e-05
6356	4.38901e-08	0.649779	2.97948e-09	0.350221	1.28019e-09
6357	1.78056e-06	0.649777	1.20867e-07	0.350221	5.19331e-08
6358	0.594139	0.226246	0.0403393	0.121943	0.0173326
6359	0.00245731	0.648027	0.000166991	0.349277	7.17511e-05
6360	0.22541	0.489078	0.0153227	0.263606	0.00658372
6361	0.52251	0.277294	0.0354893	0.149458	0.0152487
6362	0.856142	0.0393754	0.0582368	0.0212228	0.0250226
6363	0.00101138	0.649058	6.86659e-05	0.349833	2.95037e-05
6364	0.0362906	0.623888	0.00248582	0.336267	0.00106808
6365	6.61177e-06	3.31534e-07	4.49315e-07	0.999992	1.93057e-07
6366	0.890789	0.0147761	0.060483	0.0079641	0.0259877
6367	2.51819e-05	0.649761	1.70971e-06	0.350212	7.3461e-07
6368	0.19487	0.666387	0.0132375	0.119817	0.00568778
6369	0.0246673	0.763093	0.00167533	0.209845	0.000719841
6370	0.000263962	0.64959	1.79221e-05	0.35012	7.70061e-06
6371	3.09996e-05	0.649756	2.10457e-06	0.35021	9.04272e-07
6372	0.47919	0.402062	0.0325302	0.0722401	0.0139773
6373	0.00977485	0.642811	0.0006635	0.346466	0.000285086
6374	0.000694913	0.649283	4.72092e-05	0.349954	2.02844e-05
6375	0.843035	0.0624315	0.0582362	0.0112754	0.0250224
6376	8.06134e-06	0.847017	5.47209e-07	0.152975	2.3512e-07
6377	0.807481	0.0967211	0.054817	0.0174259	0.0235552
6378	6.27164e-05	0.649734	4.26105e-06	0.350197	1.83085e-06
6379	0.000180845	0.846856	1.23396e-05	0.152946	5.30198e-06
6380	0.0107693	0.00184031	0.000733754	0.000991898	0.985665
6381	0.479531	0.307676	0.0328468	0.165833	0.0141133
6382	0.892493	0.0135551	0.0606053	0.00730601	0.0260403
6383	0.00255596	0.647956	0.000173656	0.349239	7.46149e-05
6384	0.901363	0.00919023	0.0612057	0.00194325	0.0262983
6385	0.0426282	0.619391	0.00289382	0.333843	0.00124339
6386	0.000595183	0.649351	4.35475e-05	0.349991	1.87111e-05
6387	1.00026e-06	0.649778	6.79118e-08	0.350221	2.91797e-08
6388	0.00665069	0.645037	0.000452179	0.347666	0.000194288
6389	0.853118	0.0541471	0.0579832	0.00983753	0.0249137
6390	0.756285	0.110662	0.0513457	0.0596454	0.0220617
6391	0.363576	0.507826	0.0246795	0.0933139	0.0106041
6392	4.67572e-06	0.649775	3.17747e-07	0.35022	1.36526e-07
6393	0.0234878	0.633034	0.00159596	0.341196	0.000685737
6394	0.0669807	0.602032	0.00454715	0.324487	0.00195378
6395	1.7196e-09	1.29889e-10	1	2.33433e-11	5.01685e-11
6396	0.887068	0.0173874	0.060275	0.00937156	0.0258984
6397	0.888605	0.0161016	0.0605838	0.00867853	0.026031
6398	0.000117693	0.649695	7.99068e-06	0.350176	3.43336e-06
6399	0.9048	0.00466642	0.0615654	0.00251513	0.0264528
6400	0.869878	0.0296811	0.0590645	0.0159977	0.0253783
6401	0.90144	0.00718814	0.0612015	0.00387431	0.0262965
6402	0.576532	0.311447	0.0391512	0.0560479	0.0168221
6403	0.000175149	0.00010231	0.999662	5.51434e-05	5.11146e-06
6404	2.1284e-05	0.845401	1.44493e-06	0.154576	6.20844e-07
6405	0.00129329	0.648857	8.7804e-05	0.349725	3.77268e-05
6406	0.859073	0.0373671	0.058349	0.0201403	0.0250708
6407	0.106418	0.57392	0.0072239	0.309335	0.00310389
6408	0.890766	0.0147967	0.0604768	0.00797522	0.0259851
6409	4.28585e-06	0.649776	2.90953e-07	0.35022	1.25014e-07
6410	3.19654e-08	0.649779	2.1705e-09	0.350221	9.326e-10
6411	1.32052e-06	0.649778	8.97654e-08	0.350221	3.85696e-08
6412	0.886852	0.0229339	0.0602186	0.00412108	0.0258742
6413	2.24709e-06	0.649777	1.52705e-07	0.350221	6.56127e-08
6414	9.46595e-06	5.00083e-07	6.43895e-07	2.69538e-07	0.999989
6415	0.474628	0.40582	0.0324587	0.0731472	0.0139465
6416	4.12024e-13	1.46387e-11	2.7985e-14	1	1.20243e-14
6417	0.588908	0.229956	0.0400045	0.123943	0.0171887
6418	0.000590113	0.649358	4.00613e-05	0.349995	1.72132e-05
6419	0.000281771	0.649578	1.91393e-05	0.350113	8.2236e-06
6420	0.000105444	0.649703	7.16228e-06	0.350181	3.07742e-06
6421	0.00107149	0.649015	7.27369e-05	0.34981	3.12529e-05
6422	0.842879	0.0489212	0.0572383	0.0263678	0.0245936
6423	2.52039e-06	0.649777	1.71126e-07	0.35022	7.35279e-08
6424	0.870625	0.0290866	0.0591826	0.0156772	0.025429
6425	0.227804	0.487385	0.0154704	0.262693	0.00664715
6426	0.556857	0.252809	0.0378222	0.136261	0.0162511
6427	2.03742e-05	0.649764	1.38306e-06	0.350214	5.94261e-07
6428	0.0163751	0.638105	0.00111228	0.34393	0.000477913
6429	0.884239	0.0253495	0.0600248	0.00459596	0.0257909
6430	0.79941	0.0799307	0.0542627	0.0430815	0.0233151
6431	0.255569	0.467585	0.0173638	0.252022	0.00746069
6432	0.855274	0.0401083	0.0580556	0.0216178	0.0249448
6433	1.07418e-08	0.649779	7.29275e-10	0.350221	3.13348e-10
6434	0.849142	0.0573791	0.0577782	0.0108753	0.0248256
6435	0.000517172	0.64941	3.51248e-05	0.350023	1.50921e-05
6436	2.29476e-05	0.649762	1.55827e-06	0.350213	6.69543e-07
6437	0.00758813	0.644369	0.000515127	0.347306	0.000221335
6438	1.73025e-08	0.847458	1.1745e-09	0.152542	5.0465e-10
6439	0.797938	0.0809489	0.0541966	0.0436303	0.0232867
6440	0.677057	0.167142	0.0459646	0.0900871	0.0197496
6441	0.00867876	0.839598	0.000589179	0.150881	0.000253153
6442	0.000537945	0.649395	3.66762e-05	0.350015	1.57587e-05
6443	0.00900584	0.643359	0.000611594	0.346761	0.000262784
6444	1.06098e-09	0.847647	7.20181e-11	0.152353	3.0944e-11
6445	2.88415e-06	0.649777	1.95883e-07	0.35022	8.4165e-08
6446	0.832917	0.056013	0.0565724	0.0301902	0.0243075
6447	5.80824e-06	0.649774	3.943e-07	0.350219	1.69419e-07
6448	0.860097	0.0366673	0.0583855	0.0197632	0.0250865
6449	0.000213411	0.847392	1.44884e-05	0.152374	6.22522e-06
6450	4.68142e-07	0.649778	3.17827e-08	0.350221	1.36561e-08
6451	0.868199	0.0296499	0.0602725	0.0159808	0.0258973
6452	0.549475	0.258053	0.0373406	0.139087	0.0160441
6453	0.00314554	0.647536	0.000213547	0.349013	9.17549e-05
6454	6.79224e-05	0.780586	0.00468843	0.214656	1.98103e-06
6455	5.29902e-05	0.649741	3.59991e-06	0.350201	1.54677e-06
6456	0.885228	0.0187478	0.0600971	0.0101048	0.0258219
6457	0.0392844	0.621757	0.00268657	0.335118	0.00115434
6458	0.882046	0.0274237	0.0598757	0.00492794	0.0257268
6459	8.87965e-05	0.649715	6.05008e-06	0.350187	2.59954e-06
6460	0.774726	0.126651	0.0527853	0.0231573	0.0226803
6461	5.17478e-08	0.649779	3.51282e-09	0.350221	1.50936e-09
6462	1.90126e-07	2.45877e-10	1.29081e-08	5.69824e-11	1
6463	0.147358	0.54473	0.0100093	0.293602	0.00430069
6464	0.885635	0.0180471	0.0605666	0.00972715	0.0260237
6465	4.73754e-05	1.99832e-05	0.999928	3.59199e-06	1.38277e-06
6466	0.198391	0.662066	0.0134704	0.120285	0.00578781
6467	0.377523	0.380654	0.025639	0.205167	0.0110163
6468	0.907045	0.00417533	0.0615729	0.000750378	0.0264561
6469	0.86194	0.0426369	0.0585437	0.0117248	0.0251545
6470	0.00354364	0.834502	0.000240569	0.161611	0.000103365
6471	4.97319e-05	0.649743	3.37765e-06	0.350202	1.45127e-06
6472	0.194574	0.666725	0.0132131	0.119811	0.00567728
6473	1.21994e-05	6.3496e-08	0.999987	1.14399e-08	3.55955e-07
6474	5.23969e-08	0.649779	3.55794e-09	0.350221	1.52874e-09
6475	0.894102	0.0123729	0.060753	0.00666881	0.0261038
6476	0.0079112	0.644139	0.000537067	0.347182	0.000230762
6477	0.00601149	0.645493	0.00040881	0.347911	0.000175653
6478	0.339453	0.407785	0.0230629	0.21979	0.00990946
6479	0.848915	0.0581383	0.0576826	0.0104792	0.0247845
6480	0.78154	0.092668	0.0530508	0.0499467	0.0227944
6481	0.000176347	0.649653	1.19754e-05	0.350154	5.14548e-06
6482	0.608236	0.0274104	0.0415434	0.0051214	0.317689
6483	4.75407e-05	0.847632	3.22713e-06	0.152316	1.3866e-06
6484	0.00112665	0.648975	7.6483e-05	0.349789	3.28625e-05
6485	5.77788e-07	0.84542	3.92558e-08	0.154579	1.6867e-08
6486	0.769416	0.132116	0.0522445	0.0237756	0.0224479
6487	0.0959773	0.581278	0.00660593	0.313301	0.00283837
6488	0.618132	0.272327	0.0420121	0.0494769	0.0180514
6489	4.06964e-06	0.649776	2.76315e-07	0.35022	1.18724e-07
6490	0.655716	0.182352	0.0445186	0.0982853	0.0191283
6491	0.853473	0.0413707	0.0579557	0.0222982	0.0249018
6492	0.718392	0.17926	0.0488087	0.0325682	0.0209716
6493	0.000247802	0.649601	1.73218e-05	0.350126	7.44268e-06
6494	0.122704	0.562303	0.00833673	0.303073	0.00358205
6495	4.83749e-10	0.649779	3.28444e-11	0.350221	1.41122e-11
6496	2.62286e-07	0.649778	1.78706e-08	0.350221	7.67847e-09
6497	0.598044	0.291193	0.0406061	0.0527097	0.0174472
6498	7.17404e-06	0.649773	1.46086e-06	0.350218	2.20726e-07
6499	0.0639007	0.767591	0.00433884	0.162305	0.00186427
6500	0.786557	0.0890116	0.0534779	0.047976	0.0229779
6501	0.506895	0.0270937	0.445976	0.005247	0.0147881
6502	0.00875809	0.643535	0.00059457	0.346856	0.000255469
6503	1.48402e-06	0.649778	1.00747e-07	0.350221	4.3288e-08
6504	6.61481e-05	0.833083	4.49035e-06	0.166844	1.92937e-06
6505	3.84042e-06	0.649776	2.60845e-07	0.35022	1.12077e-07
6506	3.82302e-06	0.649776	2.59718e-07	0.35022	1.11593e-07
6507	2.97562e-05	0.649757	2.02024e-06	0.35021	8.68037e-07
6508	7.42753e-20	8.50447e-16	5.0427e-21	1	2.1667e-21
6509	0.00460623	0.646495	0.000313118	0.348451	0.000134537
6510	1.56746e-06	0.649777	1.06421e-07	0.350221	4.5726e-08
6511	0.828612	0.0590875	0.0562741	0.0318473	0.0241793
6512	0.273968	0.454485	0.0185966	0.244961	0.00799039
6513	2.26595e-12	0.649779	1.54008e-13	0.350221	6.61725e-14
6514	1.75945e-08	0.649779	1.19453e-09	0.350221	5.13253e-10
6515	0.557167	0.252565	0.0378685	0.136129	0.016271
6516	4.54872e-06	0.649775	3.08785e-07	0.35022	1.32676e-07
6517	0.795718	0.0825337	0.0540429	0.0444845	0.0232206
6518	1.40385e-08	0.649779	9.53451e-10	0.350221	4.0967e-10
6519	0.0567464	0.609323	0.00385746	0.328416	0.00165743
6520	0.835597	0.0539371	0.0569327	0.0290713	0.0244623
6521	0.000236584	0.64961	1.60654e-05	0.350131	6.90282e-06
6522	0.740406	0.121942	0.0503096	0.0657252	0.0216165
6523	4.24187e-06	0.649776	2.8797e-07	0.35022	1.23732e-07
6524	4.15157e-08	0.649779	3.63499e-09	0.350221	1.56185e-09
6525	0.299377	0.568491	0.0203281	0.10307	0.00873439
6526	0.745559	0.147796	0.0506362	0.0342519	0.0217569
6527	0.000766363	0.649232	5.21049e-05	0.349927	2.23879e-05
6528	0.000175169	2.52004e-05	0.999781	1.35827e-05	5.11179e-06
6529	0.215858	0.495905	0.0146545	0.267286	0.00629659
6530	0.798525	0.0805552	0.0542098	0.0434181	0.0232924
6531	0.000990083	0.649073	6.72179e-05	0.349841	2.88815e-05
6532	0.171927	0.527219	0.0116738	0.284164	0.0050159
6533	2.40103e-15	1.08464e-11	1.63038e-16	1	7.00526e-17
6534	0.480685	0.307116	0.0326424	0.165531	0.0140255
6535	0.0245479	0.63228	0.00166625	0.34079	0.000715937
6536	0.8619	0.0353836	0.0585065	0.0190713	0.0251385
6537	4.09333e-06	0.649776	2.7796e-07	0.35022	1.19431e-07
6538	0.000362823	3.2956e-05	0.999588	5.93358e-06	1.05839e-05
6539	5.16604e-20	1.61708e-21	3.50691e-21	1	1.50682e-21
6540	6.48528e-07	0.847679	4.40278e-08	0.15232	1.89174e-08
6541	1.24879e-05	0.64977	8.47695e-07	0.350217	3.64229e-07
6542	0.699222	0.151315	0.0474981	0.0815564	0.0204085
6543	0.0436755	0.618639	0.00297091	0.333438	0.00127651
6544	0.00211398	0.648272	0.000143659	0.349409	6.1726e-05
6545	0.894089	0.0124312	0.0606992	0.00670026	0.0260807
6546	3.21326e-05	0.649756	2.18247e-06	0.350209	9.37743e-07
6547	1.88203e-05	0.649765	1.27766e-06	0.350214	5.48974e-07
6548	0.359742	0.393315	0.0244469	0.211991	0.0105041
6549	0.168561	0.690768	0.0114436	0.12431	0.004917
6550	0.00419751	0.646786	0.00028501	0.348609	0.00012246
6551	0.767145	0.0961307	0.0520877	0.0518131	0.0328238
6552	6.03536e-08	0.845421	4.10014e-09	0.154579	1.76171e-09
6553	0.276354	0.45278	0.0187623	0.244042	0.00806159
6554	0.0411551	0.620442	0.0027936	0.334409	0.00120033
6555	0.324133	0.418723	0.0220039	0.225686	0.00945443
6556	0.000601092	0.64935	4.0854e-05	0.34999	1.75537e-05
6557	0.899807	0.00815016	0.0613076	0.00439282	0.0263421
6558	1.44491e-09	0.649779	9.8239e-11	0.350221	4.22104e-11
6559	0.68767	0.207468	0.0472019	0.0373788	0.0202813
6560	0.305713	0.431834	0.0207753	0.232752	0.00892651
6561	0.216056	0.645508	0.0147994	0.117277	0.00635885
6562	0.860793	0.0361547	0.0584509	0.0194869	0.0251146
6563	0.709563	0.143954	0.0481891	0.077589	0.0207054
6564	0.791407	0.109056	0.0558652	0.0196674	0.0240036
6565	6.98214e-07	0.649778	4.73953e-08	0.350221	2.03644e-08
6566	0.000690706	0.649286	4.69163e-05	0.349956	2.01585e-05
6567	0.765009	0.104397	0.0519876	0.0562685	0.0223375
6568	0.762833	0.105979	0.0518068	0.0571213	0.0222599
6569	0.726733	0.131706	0.0493634	0.0709875	0.02121
6570	8.79471e-05	0.649716	5.97311e-06	0.350188	2.56647e-06
6571	0.78877	0.0751507	0.0535573	0.0135084	0.0690132
6572	0.0022909	0.648146	0.000155536	0.349341	6.68292e-05
6573	0.62863	0.201656	0.0426849	0.108689	0.0183404
6574	0.000576019	0.038765	3.91215e-05	0.960603	1.68094e-05
6575	0.807493	0.0966158	0.0548911	0.0174146	0.0235851
6576	0.87224	0.0279961	0.0592264	0.0150895	0.0254478
6577	0.000684749	0.64929	4.64913e-05	0.349958	1.99759e-05
6578	0.765879	0.135091	0.0520539	0.0246106	0.022366
6579	6.30973e-06	0.649774	4.28589e-07	0.350219	1.84152e-07
6580	0.212444	0.498339	0.0144227	0.268597	0.00619702
6581	0.747694	0.116764	0.0507872	0.0629339	0.0218217
6582	0.870217	0.0294534	0.0590727	0.015875	0.0253818
6583	0.852748	0.0546421	0.0579029	0.00982741	0.0248792
6584	0.0141933	0.834465	0.000963421	0.149964	0.000413953
6585	0.00888091	0.643448	0.000603279	0.346809	0.000259211
6586	0.844703	0.0619535	0.0573669	0.0113278	0.0246489
6587	0.00886128	0.643462	0.000601694	0.346817	0.00025853
6588	3.4615e-07	0.649778	2.34989e-08	0.350221	1.00968e-08
6589	0.655589	0.18172	0.0452876	0.0979445	0.0194587
6590	0.0228825	0.633466	0.00155453	0.341429	0.000667936
6591	0.881926	0.0211068	0.0598673	0.0113763	0.0257232
6592	5.92587e-09	0.649779	4.02259e-10	0.350221	1.72839e-10
6593	1.03032e-05	0.649771	6.997e-07	0.350217	3.0064e-07
6594	0.905123	0.00455009	0.0614651	0.00245243	0.0264097
6595	0.744955	0.154905	0.0505716	0.0278397	0.0217291
6596	0.000290538	0.649571	1.97378e-05	0.35011	8.48074e-06
6597	0.0013057	0.648848	8.86334e-05	0.34972	3.80832e-05
6598	3.92167e-05	0.649751	2.66243e-06	0.350206	1.14397e-06
6599	0.626823	0.202951	0.0425538	0.109388	0.0182841
6600	0.00342473	0.844241	0.000232528	0.152002	9.99105e-05
6601	0.00390361	0.646995	0.000265827	0.348721	0.000114218
6602	0.082616	0.590883	0.00561254	0.318477	0.00241154
6603	3.84919e-11	2.00726e-11	2.61297e-12	3.62882e-12	1
6604	0.727921	0.130883	0.0494188	0.0705439	0.0212338
6605	8.25775e-06	0.649773	5.60644e-07	0.350218	2.40892e-07
6606	0.0849795	0.589202	0.00576871	0.317571	0.00247865
6607	0.865137	0.0431526	0.0587241	0.00775397	0.025232
6608	0.265057	0.599905	0.0180103	0.10929	0.00773847
6609	6.6921e-05	0.649731	4.54314e-06	0.350196	1.95205e-06
6610	0.000745875	0.649247	5.06943e-05	0.349935	2.17818e-05
6611	0.00455076	0.646534	0.000309045	0.348473	0.000132788
6612	0.131054	0.556351	0.00890399	0.299865	0.00382578
6613	2.55092e-07	0.649778	1.73572e-08	0.350221	7.45789e-09
6614	1.06026e-05	0.833134	7.20231e-07	0.166854	3.09462e-07
6615	8.38135e-06	0.649773	5.68947e-07	0.350218	2.4446e-07
6616	0.865917	0.042389	0.0588007	0.00762832	0.0252649
6617	0.886506	0.0231123	0.0602734	0.00421056	0.0258977
6618	0.000460955	0.64945	3.12905e-05	0.350044	1.34446e-05
6619	0.836789	0.0532367	0.0568527	0.0286938	0.0244279
6620	0.863695	0.0341053	0.0586273	0.0183822	0.0251904
6621	0.00159221	1.69774e-05	0.998335	9.15058e-06	4.64726e-05
6622	0.0142573	0.639615	0.000967908	0.344744	0.000415881
6623	0.905697	0.00412969	0.0615157	0.00222585	0.0264315
6624	0.817111	0.087529	0.0555063	0.0160041	0.0238494
6625	3.12704e-15	2.42775e-11	2.12282e-16	1	9.12114e-17
6626	0.775826	0.0966621	0.0527483	0.0520995	0.0226644
6627	0.804972	0.0988818	0.0546505	0.0180141	0.0234817
6628	0.00235788	0.844704	0.000160066	0.15271	6.87756e-05
6629	0.867354	0.0314633	0.0589115	0.0169583	0.0253125
6630	0.454171	0.326011	0.0308477	0.175715	0.0132543
6631	0.87616	0.0251857	0.0595096	0.0135748	0.0255695
6632	0.803266	0.00753997	0.163571	0.00207344	0.02355
6633	0.0217746	0.792456	0.00148018	0.183653	0.000635987
6634	1.02082e-06	0.649778	6.93633e-08	0.350221	2.98034e-08
6635	0.901272	0.00730666	0.0611911	0.00393819	0.026292
6636	0.000142601	0.649677	9.68164e-06	0.350167	4.15992e-06
6637	0.799133	0.0125324	0.162729	0.00227218	0.0233339
6638	0.827007	0.0785711	0.0561499	0.0141464	0.024126
6639	0.832171	0.0565712	0.0564931	0.0304911	0.0242734
6640	0.903345	0.00581729	0.0613444	0.00313543	0.0263579
6641	7.85801e-08	7.33524e-08	5.33756e-09	1.78639e-05	0.999982
6642	2.26757e-05	0.649762	1.53934e-06	0.350213	6.61409e-07
6643	6.40941e-07	5.91693e-08	0.999999	3.18914e-08	1.86942e-08
6644	0.0076876	0.840476	0.00052226	0.15109	0.0002244
6645	0.836654	0.0533764	0.056797	0.0287691	0.024404
6646	0.600047	0.289639	0.0407496	0.0520556	0.0175097
6647	1.97238e-05	0.649765	1.33927e-06	0.350214	5.75447e-07
6648	0.180705	0.520906	0.0123301	0.280761	0.00529788
6649	0.899286	0.00871805	0.0610613	0.00469891	0.0262362
6650	4.59166e-13	2.80127e-14	1	5.0329e-15	1.33918e-14
6651	0.86041	0.0363917	0.0584637	0.0196146	0.0251201
6652	8.01771e-07	5.16136e-08	0.999999	9.27756e-09	2.3389e-08
6653	0.000136161	0.649682	9.24369e-06	0.350169	3.97174e-06
6654	0.658644	0.180247	0.0447357	0.0971508	0.0192216
6655	0.016963	0.637685	0.00115386	0.343703	0.000495779
6656	0.21268	0.649291	0.0144421	0.117382	0.00620536
6657	0.00145738	0.64874	9.89448e-05	0.349661	4.25137e-05
6658	1.1549e-10	0.649779	7.84525e-12	0.350221	3.37087e-12
6659	0.0305238	0.628018	0.00207405	0.338493	0.000891157
6660	0.910957	0.000472966	0.0618918	8.50237e-05	0.0265931
6661	0.000292982	0.64957	1.99057e-05	0.350109	8.55288e-06
6662	0.883755	0.0254771	0.0602139	0.00468147	0.0258721
6663	0.896554	0.0106562	0.0608856	0.00574356	0.0261608
6664	0.000324652	0.649547	2.20483e-05	0.350097	9.4735e-06
6665	0.874625	0.0261362	0.0595601	0.0140871	0.0255912
6666	0.000166774	5.55841e-06	0.99982	2.9959e-06	4.86436e-06
6667	0.865446	0.0428254	0.0587636	0.0077157	0.025249
6668	0.894099	0.0151651	0.0615391	0.00275522	0.0264415
6669	0.891587	0.0137106	0.0610717	0.00738981	0.0262407
6670	0.00918137	0.839012	0.000623572	0.150915	0.00026793
6671	0.846167	0.0561804	0.0574846	0.0154492	0.0247192
6672	0.171161	0.527768	0.011619	0.28446	0.00499232
6673	0.867308	0.0314289	0.058981	0.0169397	0.0253424
6674	0.0209404	0.634851	0.00142142	0.342176	0.000610744
6675	0.822292	0.0829175	0.0558365	0.0149632	0.0239913
6676	0.297615	0.437612	0.0202186	0.235867	0.00868732
6677	8.42212e-08	1.99745e-06	5.7242e-09	0.999998	2.45952e-09
6678	0.00299987	0.64764	0.000203658	0.349069	8.75057e-05
6679	1.71419e-05	0.649766	1.16423e-06	0.350215	5.00234e-07
6680	0.000595059	0.000121262	4.04383e-05	6.53586e-05	0.999178
6681	0.110909	0.570714	0.00753351	0.307607	0.00323693
6682	0.759366	0.140307	0.0515739	0.0265929	0.0221598
6683	0.122176	0.562687	0.00829355	0.30328	0.00356349
6684	5.96546e-08	2.61224e-09	4.05013e-09	0.999428	0.000571763
6685	3.77595e-05	0.649752	2.565e-06	0.350207	1.1021e-06
6686	0.130669	0.556633	0.00887029	0.300017	0.0038113
6687	0.000411999	0.649485	2.79701e-05	0.350063	1.20179e-05
6688	0.84985	0.0115344	0.0621806	0.00207736	0.0743574
6689	0.000520626	0.846644	3.53496e-05	0.152785	1.51887e-05
6690	0.000195975	0.649639	1.33074e-05	0.350146	5.71778e-06
6691	0.000386553	0.649503	2.62394e-05	0.350073	1.12743e-05
6692	0.321377	0.525432	0.0219782	0.12177	0.00944338
6693	0.000947907	0.846709	6.44023e-05	0.152251	2.76718e-05
6694	0.0565144	0.609488	0.00384169	0.328505	0.00165066
6695	3.42729e-07	0.649778	2.33391e-08	0.350221	1.00281e-08
6696	0.819421	0.0856273	0.0556453	0.0153971	0.0239091
6697	0.00237568	0.845471	0.000161466	0.151923	6.93771e-05
6698	0.00338418	0.647366	0.000229832	0.348921	9.8752e-05
6699	0.884425	0.0251805	0.060062	0.00452546	0.0258068
6700	0.893122	0.0131026	0.0606526	0.00706211	0.0260606
6701	0.879426	0.0228776	0.0597101	0.0123307	0.0256557
6702	3.74142e-25	7.14347e-27	2.53993e-26	1	1.09133e-26
6703	9.10701e-18	1.51866e-14	6.18264e-19	1	2.6565e-19
6704	0.842039	0.0495128	0.0571888	0.0266867	0.0245724
6705	0.483328	0.398153	0.0328455	0.0715605	0.0141127
6706	0.000699051	0.64928	4.74946e-05	0.349953	2.0407e-05
6707	8.96456e-07	0.649778	6.08587e-08	0.350221	2.61492e-08
6708	0.00242515	0.844	0.000164649	0.153339	7.07446e-05
6709	0.0271691	0.630411	0.00184462	0.339783	0.000792579
6710	0.86587	0.0324763	0.0588593	0.0175043	0.0252901
6711	0.0937694	0.582935	0.00636692	0.314193	0.00273568
6712	4.20774e-07	0.649778	2.86307e-08	0.350221	1.23018e-08
6713	0.884328	0.0193807	0.0600457	0.0104459	0.0257998
6714	0.868682	0.0305327	0.0589848	0.0164567	0.025344
6715	0.357261	0.395108	0.024253	0.212957	0.0104208
6716	1.51406e-05	0.649768	1.02787e-06	0.350216	4.41643e-07
6717	0.000488789	4.06764e-06	0.999492	7.41036e-07	1.42677e-05
6718	0.0144907	0.639422	0.00101293	0.344639	0.000435227
6719	0.0027307	0.838147	0.000185436	0.158857	7.96765e-05
6720	0.000182429	0.649648	1.24175e-05	0.350151	5.33545e-06
6721	0.575871	0.31185	0.0391398	0.0563214	0.0168172
6722	0.823444	0.0620723	0.056676	0.0334561	0.024352
6723	0.898242	0.0121951	0.0609938	0.00236171	0.0262072
6724	0.710992	0.178497	0.0483633	0.0413671	0.0207803
6725	0.883994	0.0196352	0.0600054	0.0105831	0.0257825
6726	0.895644	0.0112997	0.0608295	0.00609036	0.0261366
6727	0.896931	0.0135511	0.0609088	0.00243866	0.0261707
6728	0.00275694	0.647813	0.000187311	0.349162	8.0482e-05
6729	0.00936206	0.643104	0.000636664	0.346624	0.000273556
6730	0.00826652	0.643885	0.000561934	0.347045	0.000241446
6731	0.00081512	0.649198	5.53381e-05	0.349908	2.37771e-05
6732	0.0126501	0.64076	0.000859919	0.345361	0.000369482
6733	0.904221	0.00507929	0.061526	0.00273767	0.0264359
6734	0.758086	0.0137852	0.154371	0.00743	0.0663285
6735	0.75366	0.0174984	0.153469	0.00943137	0.0659412
6736	0.742826	0.0265876	0.151263	0.0143303	0.0649933
6737	0.759358	0.0127182	0.15463	0.00685494	0.0664397
6738	0.000210105	0.846794	4.27841e-05	0.152934	1.8383e-05
6739	0.743106	0.0263528	0.15132	0.0142038	0.0650178
6740	0.672573	0.085526	0.136957	0.0460973	0.0588465
6741	0.742275	0.0352735	0.151151	0.0063551	0.0649451
6742	0.727132	0.0397537	0.148067	0.0214267	0.0636202
6743	0.761014	0.0113282	0.154967	0.00610573	0.0665847
6744	0.617442	0.131778	0.125731	0.0710264	0.0540229
6745	0.757608	0.0141857	0.154273	0.00764591	0.0662867
6746	3.15677e-05	0.649752	6.42819e-06	0.350207	2.762e-06
6747	0.698093	0.0641156	0.142154	0.0345574	0.0610794
6748	0.18528	0.644542	0.037729	0.116238	0.016211
6749	0.759587	0.0125262	0.154676	0.00675142	0.0664598
6750	1.65168e-06	0.649777	3.36336e-07	0.350221	1.44514e-07
6751	0.00736001	0.643604	0.00149873	0.346893	0.000643961
6752	0.732584	0.045865	0.149177	0.00827675	0.0640971
6753	0.727202	0.039695	0.148082	0.021395	0.0636263
6754	0.744677	0.0326586	0.15164	0.0058687	0.0651553
6755	0.207883	0.475376	0.0423317	0.256221	0.0181887
6756	0.719037	0.0602192	0.146419	0.0114136	0.0629119
6757	0.713031	0.0515834	0.145196	0.0278027	0.0623864
6758	0.652201	0.133866	0.132809	0.0240606	0.0570641
6759	0.766847	0.00643508	0.156155	0.00346841	0.067095
6760	0.752563	0.0184186	0.153246	0.00992736	0.0658452
6761	0.682525	0.0771764	0.138984	0.041597	0.0597173
6762	0.657872	0.0978592	0.133964	0.0527447	0.0575603
6763	0.464214	0.260328	0.0945288	0.140313	0.0406162
6764	0.734185	0.0338368	0.149504	0.0182376	0.0642372
6765	0.0148341	0.637334	0.0030207	0.343514	0.0012979
6766	1.67978e-05	0.649764	3.42056e-06	0.350214	1.46971e-06
6767	0.764829	0.00812786	0.155744	0.0043808	0.0669185
6768	0.725797	0.0408736	0.147796	0.0220303	0.0635034
6769	0.755841	0.0156681	0.153914	0.0084449	0.0661321
6770	0.737781	0.0308199	0.150236	0.0166115	0.0645519
6771	0.082119	0.580885	0.0167221	0.313089	0.00718497
6772	0.596647	0.149224	0.121496	0.0804294	0.0522034
6773	0.23527	0.546071	0.0479084	0.150166	0.0205848
6774	0.000850662	0.649065	0.000173222	0.349837	7.44284e-05
6775	0.743811	0.0335605	0.151464	0.00608466	0.0650795
6776	8.27091e-05	0.649709	1.68422e-05	0.350184	7.2366e-06
6777	0.759753	0.0161485	0.15471	0.00291414	0.0664743
6778	0.000107577	0.649688	2.19062e-05	0.350173	9.41245e-06
6779	0.770664	0.00323246	0.156932	0.00174225	0.067429
6780	0.617978	0.131328	0.12584	0.0707839	0.0540698
6781	0.72449	0.04197	0.147529	0.0226212	0.063389
6782	0.710389	0.0538002	0.144658	0.0289975	0.0621552
6783	0.645108	0.141636	0.131365	0.0254484	0.0564435
6784	0.765939	0.00719716	0.15597	0.00387917	0.0670155
6785	0.374274	0.335782	0.0762142	0.180982	0.032747
6786	0.764945	0.00803092	0.155767	0.00432855	0.0669286
6787	0.587134	0.205087	0.119559	0.0368483	0.0513711
6788	0.737066	0.0314194	0.15009	0.0169346	0.0644894
6789	0.763829	0.00896672	0.15554	0.00483293	0.066831
6790	0.737641	0.0396671	0.150207	0.00794426	0.0645397
6791	3.77199e-08	0.649779	7.68099e-09	0.350221	3.30029e-09
6792	0.768658	0.00491588	0.156523	0.00264959	0.0672534
6793	0.480526	0.321738	0.0978506	0.0578412	0.0420435
6794	0.768624	0.00494426	0.156516	0.00266489	0.0672505
6795	0.647685	0.138777	0.131889	0.0249797	0.056669
6796	0.737169	0.0408309	0.150111	0.00739091	0.0644983
6797	2.57145e-06	0.649776	5.2363e-07	0.35022	2.24988e-07
6798	0.719088	0.0465019	0.146429	0.0250639	0.0629164
6799	0.75606	0.0154845	0.153958	0.00834592	0.0661512
6800	0.750057	0.0205206	0.152736	0.0110603	0.065626
6801	0.747448	0.0295252	0.152204	0.00542531	0.0653977
6802	0.692468	0.0897577	0.141009	0.0161784	0.0605872
6803	0.133401	0.701662	0.0271646	0.126101	0.0116718
6804	0.751573	0.0240507	0.153044	0.00557378	0.0657586
6805	0.545322	0.192283	0.111045	0.103638	0.0477127
6806	0.682854	0.0769003	0.139051	0.0414482	0.0597461
6807	0.00229905	0.845062	0.000468159	0.151969	0.000201154
6808	0.738952	0.0298374	0.150474	0.016082	0.0646543
6809	0.752752	0.0238132	0.153284	0.00428877	0.0658618
6810	0.721518	0.044464	0.146924	0.0239655	0.0631289
6811	0.763462	0.00927461	0.155465	0.00499888	0.0667989
6812	0.191993	0.488707	0.039096	0.263406	0.0167984
6813	0.765044	0.00794734	0.155788	0.0042835	0.0669373
6814	0.326822	0.375593	0.0665513	0.202439	0.0285951
6815	2.79507e-13	6.04919e-10	5.69166e-14	1	2.44554e-14
6816	3.88483e-06	0.649775	7.91076e-07	0.35022	3.39902e-07
6817	0.673352	0.110224	0.137116	0.0203937	0.0589147
6818	0.76168	0.01077	0.155102	0.0058049	0.0666429
6819	0.745979	0.0239419	0.151905	0.0129044	0.0652692
6820	0.742279	0.0270459	0.151152	0.0145773	0.0649455
6821	0.771546	0.00325104	0.157111	0.000585336	0.0675061
6822	0.710008	0.0706046	0.14458	0.0126852	0.0621219
6823	5.35331e-05	0.649734	1.09011e-05	0.350197	4.68386e-06
6824	2.89504e-08	0.837758	5.89524e-09	0.162242	2.53301e-09
6825	0.0198155	0.633154	0.00403507	0.341261	0.00173375
6826	0.599388	0.191162	0.122055	0.0349527	0.0524432
6827	0.763126	0.00955709	0.155397	0.00515114	0.0667694
6828	0.653726	0.101337	0.13312	0.0546193	0.0571976
6829	0.765103	0.00789813	0.155799	0.00425698	0.0669424
6830	0.730518	0.0369129	0.148757	0.0198955	0.0639164
6831	0.759145	0.0167663	0.154586	0.00308084	0.0664212
6832	0.630951	0.157128	0.128482	0.0282349	0.0552048
6833	0.758182	0.0137047	0.15439	0.00738666	0.0663368
6834	0.773411	0.00121098	0.157491	0.000217575	0.0676693
6835	0.762395	0.0101696	0.155248	0.00548126	0.0667055
6836	0.774188	0.000360111	0.15765	6.49431e-05	0.0677373
6837	0.00135396	0.648643	0.000275709	0.349609	0.000118464
6838	0.741352	0.0278243	0.150963	0.0149969	0.0648643
6839	0.0011593	1.95882e-06	0.000236071	0.998501	0.000101433
6840	1.53338e-11	1.40664e-06	3.12246e-12	0.999999	1.34163e-12
6841	0.0357078	0.619822	0.00727124	0.334075	0.00312424
6842	0.764246	0.00861737	0.155625	0.00464464	0.0668674
6843	0.769042	0.00459358	0.156602	0.00247588	0.0672871
6844	0.75698	0.019192	0.154145	0.00345028	0.0662317
6845	0.763123	0.0095591	0.155396	0.00515222	0.0667692
6846	0.758701	0.0132687	0.154496	0.00715165	0.0663823
6847	0.598804	0.191153	0.121936	0.0357153	0.0523921
6848	0.765693	0.0074028	0.15592	0.00399001	0.0669941
6849	0.764789	0.00816149	0.155736	0.00439893	0.066915
6850	0.190889	0.489633	0.0388711	0.263905	0.0167018
6851	0.602828	0.144038	0.122755	0.0776345	0.0527442
6852	0.749714	0.0208086	0.152666	0.0112156	0.065596
6853	0.748139	0.0221303	0.152345	0.0119279	0.0654581
6854	3.30529e-07	6.99104e-08	6.73063e-08	1	2.89195e-08
6855	0.773072	0.00158184	0.157422	0.000284251	0.0676397
6856	0.734611	0.0334789	0.14959	0.0180447	0.0642746
6857	0.773101	0.00154895	0.157428	0.000279341	0.0676422
6858	0.578113	0.164772	0.117722	0.08881	0.0505818
6859	0.728404	0.0386865	0.148326	0.0208514	0.0637315
6860	0.729316	0.0379215	0.148512	0.0204392	0.0638112
6861	0.752059	0.0188411	0.153143	0.0101551	0.0658012
6862	0.76063	0.0151953	0.154889	0.00273453	0.0665511
6863	4.44772e-06	0.649775	9.05698e-07	0.350219	3.89152e-07
6864	0.766307	0.0068882	0.156045	0.00371264	0.0670477
6865	0.744508	0.0251766	0.151606	0.0135698	0.0651404
6866	0.750902	0.0258357	0.152908	0.00465473	0.0656999
6867	3.13999e-06	0.649776	6.39403e-07	0.35022	2.74733e-07
6868	0.769005	0.00603321	0.156594	0.00108423	0.0672838
6869	0.429502	0.28945	0.0874603	0.156009	0.0375791
6870	0.742049	0.0272391	0.151105	0.0146815	0.0649253
6871	0.72463	0.0418528	0.147558	0.0225581	0.0634012
6872	0.569015	0.224913	0.11587	0.0404166	0.0497857
6873	0.769544	0.00544229	0.156704	0.000979052	0.067331
6874	0.763657	0.0118665	0.155505	0.00215593	0.0668159
6875	0.761979	0.0105187	0.155163	0.00566944	0.0666691
6876	0.760588	0.0152312	0.15488	0.00275357	0.0665474
6877	0.695814	0.0660281	0.14169	0.0355882	0.06088
6878	0.725613	0.0410278	0.147758	0.0221134	0.0634873
6879	0.733935	0.0340462	0.149453	0.0183504	0.0642154
6880	0.745438	0.0243956	0.151795	0.0131489	0.0652219
6881	0.507194	0.292562	0.103281	0.0525861	0.0443768
6882	0.762701	0.00991295	0.15531	0.00534294	0.0667323
6883	0.770928	0.00301167	0.156986	0.00162325	0.067452
6884	0.733588	0.0447924	0.149382	0.0080522	0.064185
6885	0.313076	0.387124	0.0637523	0.208655	0.0273925
6886	0.760305	0.0119232	0.154822	0.00642645	0.0665226
6887	0.740195	0.0375017	0.150727	0.00681337	0.0647631
6888	0.671597	0.111963	0.136759	0.0209194	0.0587612
6889	0.697418	0.0843811	0.142017	0.0151636	0.0610204
6890	0.752369	0.018581	0.153206	0.0100149	0.0658283
6891	0.00275015	0.647471	0.00056002	0.348978	0.000240624
6892	3.97324e-06	0.649775	8.09079e-07	0.35022	3.47637e-07
6893	0.00137617	0.648624	0.000280232	0.349599	0.000120408
6894	3.94219e-19	1.91504e-11	8.02756e-20	1	3.44921e-20
6895	0.135579	0.536035	0.0276083	0.288915	0.0118625
6896	0.685277	0.0974093	0.139544	0.0178106	0.0599581
6897	0.762301	0.0102486	0.155229	0.00552387	0.0666973
6898	0.000606356	0.846549	0.000123474	0.152668	5.30529e-05
6899	0.749506	0.0209828	0.152624	0.0113095	0.0655778
6900	3.15347e-06	0.649776	6.42148e-07	0.35022	2.75912e-07
6901	0.62336	0.165432	0.126936	0.0297309	0.0545407
6902	0.39233	0.387024	0.0798909	0.106429	0.0343268
6903	0.49165	0.23731	0.100116	0.127907	0.0430168
6904	0.725714	0.0532706	0.147779	0.00974017	0.0634961
6905	0.00482079	0.645734	0.000981667	0.348042	0.000421793
6906	0.759722	0.0124128	0.154704	0.00669032	0.0664716
6907	0.764479	0.00842138	0.155672	0.004539	0.0668878
6908	0.63707	0.149186	0.129728	0.0282757	0.0557402
6909	0.604386	0.142731	0.123072	0.0769299	0.0528806
6910	7.91523e-14	0.649779	1.6118e-14	0.350221	6.92541e-15
6911	0.752316	0.0242899	0.153196	0.00437463	0.0658236
6912	0.76113	0.0112316	0.15499	0.00605365	0.0665948
6913	0.000354286	0.649481	7.21439e-05	0.350061	3.09981e-05
6914	0.618019	0.131294	0.125848	0.0707654	0.0540734
6915	0.748674	0.0216815	0.152454	0.011686	0.0655049
6916	0.354002	0.35279	0.0720862	0.190149	0.0309733
6917	0.54578	0.191899	0.111138	0.103431	0.0477528
6918	0.773359	0.000972126	0.157481	0.000523962	0.0676647
6919	0.677952	0.0810128	0.138053	0.0436648	0.0593172
6920	0.74203	0.0272552	0.151101	0.0146902	0.0649237
6921	0.705864	0.0575966	0.143736	0.0310437	0.0617593
6922	0.705928	0.0575426	0.14375	0.0310146	0.0617649
6923	3.30171e-05	0.846695	6.72335e-06	0.153263	2.88882e-06
6924	0.747381	0.0227657	0.152191	0.0122704	0.0653919
6925	0.769514	0.00546172	0.156698	0.000998638	0.0673283
6926	0.733759	0.0341937	0.149417	0.0184299	0.0642
6927	0.758531	0.013412	0.154461	0.00722888	0.0663674
6928	0.745705	0.024172	0.151849	0.0130283	0.0652452
6929	0.00973575	0.641611	0.00198251	0.345819	0.000851826
6930	0.742393	0.0351495	0.151175	0.00632688	0.0649554
6931	2.1317e-09	0.649779	4.34083e-10	0.350221	1.86512e-10
6932	0.691883	0.0904307	0.14089	0.0162608	0.060536
6933	0.0104918	0.829278	0.00213647	0.157176	0.000917977
6934	0.659135	0.0967996	0.134221	0.0521736	0.0576708
6935	0.178866	0.499719	0.0364229	0.269342	0.0156498
6936	0.754892	0.0164649	0.15372	0.00887432	0.066049
6937	0.732292	0.0354244	0.149118	0.0190933	0.0640717
6938	0.769576	0.00540766	0.15671	0.000971688	0.0673338
6939	0.683287	0.0997116	0.139139	0.0180781	0.059784
6940	0.769954	0.00496444	0.156787	0.000927562	0.0673668
6941	2.03854e-07	0.847625	4.15112e-08	0.152375	1.78362e-08
6942	0.752095	0.024532	0.153151	0.00441823	0.0658043
6943	0.767751	0.00737258	0.156339	0.00136408	0.0671741
6944	0.748313	0.0219838	0.152381	0.011849	0.0654734
6945	6.79055e-08	0.649779	1.38277e-08	0.350221	5.94136e-09
6946	1.48107e-06	0.649777	3.01593e-07	0.350221	1.29585e-07
6947	0.769564	0.00501565	0.156708	0.00137927	0.0673328
6948	0.769965	0.00381896	0.15679	0.00205837	0.0673678
6949	0.679292	0.0798892	0.138326	0.0430591	0.0594344
6950	0.764036	0.00879326	0.155582	0.00473944	0.0668491
6951	0.700114	0.0814334	0.142566	0.0146308	0.0612562
6952	0.0121424	0.639592	0.00247259	0.344731	0.0010624
6953	0.742022	0.0355643	0.1511	0.00639093	0.064923
6954	0.762076	0.0104376	0.155183	0.00562573	0.0666776
6955	0.668999	0.11479	0.13623	0.0214475	0.0585338
6956	0.695507	0.0662858	0.141627	0.0357271	0.0608531
6957	0.762038	0.013658	0.155175	0.00245418	0.0666743
6958	3.83305e-06	0.846247	7.80531e-07	0.153748	3.35371e-07
6959	0.740726	0.0368846	0.150836	0.0067441	0.0648096
6960	0.623999	0.126277	0.127066	0.0680615	0.0545966
6961	0.468151	0.257025	0.0953306	0.138533	0.0409607
6962	0.769567	0.00415347	0.156708	0.00223866	0.067333
6963	0.732971	0.0348552	0.149256	0.0187865	0.064131
6964	0.00101386	0.648928	0.000206454	0.349763	8.87071e-05
6965	0.766893	0.00772132	0.156164	0.00212331	0.067099
6966	0.703615	0.0594834	0.143279	0.0320607	0.0615625
6967	0.72711	0.0518453	0.148063	0.00936347	0.0636182
6968	0.731271	0.0362815	0.14891	0.0195552	0.0639823
6969	0.74237	0.0269697	0.15117	0.0145363	0.0649534
6970	0.641483	0.111609	0.130626	0.0601555	0.0561263
6971	0.729345	0.0378973	0.148518	0.0204261	0.0638138
6972	0.739231	0.0386181	0.150531	0.00694161	0.0646787
6973	0.766948	0.00828345	0.156175	0.00148909	0.0671039
6974	0.672056	0.0859594	0.136852	0.0463309	0.0588013
6975	0.726317	0.0404376	0.147901	0.0217953	0.0635488
6976	0.764758	0.00818768	0.155729	0.00441304	0.0669122
6977	0.770013	0.00377917	0.156799	0.00203692	0.067372
6978	0.678624	0.104884	0.13819	0.0189272	0.0593759
6979	0.648495	0.105726	0.132054	0.0569849	0.0567398
6980	0.765399	0.00993463	0.15586	0.00183811	0.0669683
6981	0.722847	0.0523239	0.147195	0.0143887	0.0632453
6982	0.676436	0.107247	0.137744	0.0193886	0.0591845
6983	0.634718	0.152834	0.129249	0.0276649	0.0555344
6984	0.457308	0.266122	0.0931225	0.143436	0.040012
6985	5.14953e-07	0.649778	1.04861e-07	0.350221	4.50556e-08
6986	0.753457	0.0176682	0.153428	0.00952292	0.0659235
6987	0.513152	0.219272	0.104494	0.118184	0.0448981
6988	0.675907	0.107926	0.137636	0.019392	0.0591382
6989	0.599127	0.147143	0.122001	0.079308	0.0524204
6990	0.697512	0.08426	0.142036	0.0151634	0.0610286
6991	0.765568	0.00750821	0.155894	0.00404682	0.0669831
6992	0.762215	0.013446	0.155211	0.00243781	0.0666897
6993	0.756137	0.01542	0.153974	0.00831116	0.066158
6994	0.576495	0.214935	0.117393	0.0407374	0.0504402
6995	0.76129	0.0110967	0.155023	0.00598094	0.0666088
6996	0.515773	0.282431	0.105028	0.0516406	0.0451274
6997	0.00123624	0.648741	0.000251739	0.349662	0.000108165
6998	0.759997	0.0121821	0.15476	0.00656595	0.0664956
6999	0.770017	0.0037756	0.1568	0.00203499	0.0673724
7000	0.770566	0.00331488	0.156912	0.00178667	0.0674204
7001	0.72535	0.0536272	0.147704	0.00985408	0.0634642
7002	0.758262	0.0177847	0.154406	0.00320303	0.0663439
7003	0.754125	0.0171079	0.153564	0.00922094	0.0659819
7004	0.768993	0.0046347	0.156592	0.00249804	0.0672828
7005	0.714328	0.0504955	0.14546	0.0272164	0.0624999
7006	0.7646	0.0108458	0.155697	0.0019588	0.0668984
7007	0.709275	0.0713505	0.144431	0.0128862	0.0620577
7008	0.618904	0.170202	0.126029	0.0307145	0.0541508
7009	0.648228	0.10595	0.132	0.0571057	0.0567165
7010	0.728328	0.0467736	0.148311	0.0128624	0.0637248
7011	8.00387e-06	0.649772	1.62984e-06	0.350218	7.00296e-07
7012	0.725699	0.0494361	0.147776	0.0135946	0.0634948
7013	0.704208	0.0589857	0.143399	0.0317925	0.0616144
7014	0.418225	0.29891	0.085164	0.161108	0.0365924
7015	0.741404	0.0277802	0.150974	0.0149731	0.0648689
7016	0.757301	0.0188387	0.154211	0.00338957	0.0662598
7017	0.760308	0.0119205	0.154823	0.006425	0.0665229
7018	7.25097e-13	1.7024e-12	1.47653e-13	1	6.34421e-14
7019	0.771724	0.00305703	0.157148	0.000549428	0.0675217
7020	0.736713	0.0413062	0.150018	0.00750457	0.0644584
7021	0.330351	0.483937	0.06727	0.0895384	0.0289039
7022	2.79771e-06	0.847335	5.69704e-07	0.152661	2.44785e-07
7023	0.762577	0.0125162	0.155285	0.00290064	0.0667214
7024	0.765839	0.00728033	0.155949	0.00392399	0.0670069
7025	0.765588	0.00749126	0.155898	0.00403769	0.0669849
7026	1.23878e-10	7.19748e-12	2.52256e-11	1	1.08387e-11
7027	0.765028	0.00796107	0.155784	0.0042909	0.0669359
7028	0.763751	0.00903226	0.155524	0.00486826	0.0668241
7029	0.744683	0.025029	0.151641	0.0134903	0.0651558
7030	0.686815	0.0735779	0.139857	0.0396574	0.0600926
7031	0.753529	0.0176081	0.153443	0.0094905	0.0659298
7032	0.758406	0.0135165	0.154436	0.00728522	0.0663565
7033	2.47804e-08	0.649779	5.04609e-09	0.350221	2.16815e-09
7034	0.243035	0.581414	0.0494897	0.104797	0.0212643
7035	0.760976	0.0148201	0.154959	0.00266372	0.0665813
7036	0.582287	0.161271	0.118572	0.0869227	0.050947
7037	0.547377	0.190559	0.111463	0.102708	0.0478925
7038	5.29893e-05	0.649734	1.07903e-05	0.350197	4.63628e-06
7039	2.12989e-08	0.649779	4.33714e-09	0.350221	1.86354e-09
7040	0.726296	0.0404551	0.147897	0.0218047	0.063547
7041	0.000367933	0.64947	7.49229e-05	0.350055	3.21922e-05
7042	0.752816	0.0237481	0.153298	0.00427066	0.0658674
7043	0.500558	0.29976	0.10193	0.0539566	0.0437961
7044	0.707742	0.0730264	0.144119	0.0131889	0.0619236
7045	0.106328	0.560575	0.0216518	0.302142	0.00930313
7046	0.0713848	0.589891	0.0145362	0.317943	0.00624578
7047	0.766377	0.00885592	0.156059	0.00165465	0.0670539
7048	0.758802	0.013184	0.154516	0.00710601	0.0663911
7049	0.769493	0.00421505	0.156693	0.00227185	0.0673265
7050	0.738817	0.0299507	0.150447	0.016143	0.0646425
7051	0.727565	0.0393906	0.148156	0.021231	0.063658
7052	0.647389	0.13911	0.131829	0.0250294	0.0566431
7053	0.383088	0.426478	0.0780089	0.0789073	0.0335181
7054	3.94118e-19	1.11612e-20	8.0255e-20	1	3.44832e-20
7055	0.670802	0.0870113	0.136597	0.0468979	0.0586916
7056	0.773013	0.00163861	0.15741	0.000303178	0.0676345
7057	0.388689	0.323689	0.0791495	0.174464	0.0340082
7058	5.44349e-05	0.649733	1.10847e-05	0.350197	4.76276e-06
7059	0.7377	0.0402767	0.150219	0.00725971	0.0645448
7060	0.677731	0.0811985	0.138008	0.0437649	0.0592978
7061	4.1862e-06	8.55881e-08	8.52444e-07	0.999995	3.6627e-07
7062	0.760467	0.0153452	0.154855	0.00279557	0.0665368
7063	0.773628	0.00097035	0.157536	0.000177422	0.0676883
7064	0.771515	0.00251877	0.157105	0.00135758	0.0675034
7065	0.0332065	0.62192	0.0067619	0.335206	0.00290539
7066	0.707676	0.0731548	0.144106	0.0131455	0.0619179
7067	0.7278	0.039193	0.148203	0.0211244	0.0636786
7068	0.769655	0.00407908	0.156726	0.00219856	0.0673407
7069	0.75302	0.0235274	0.153339	0.00422889	0.0658852
7070	0.204613	0.478119	0.0416658	0.257699	0.0179026
7071	0.605427	0.141857	0.123284	0.0764591	0.0529717
7072	0.705297	0.058072	0.143621	0.0313	0.0617097
7073	0.651671	0.103062	0.132701	0.0555487	0.0570177
7074	0.766497	0.00672857	0.156083	0.00362661	0.0670644
7075	0.514959	0.217756	0.104862	0.117367	0.0450561
7076	0.71928	0.0603986	0.146469	0.0109192	0.0629332
7077	0.712991	0.051617	0.145188	0.0278208	0.0623829
7078	0.217377	0.467411	0.0442649	0.251928	0.0190193
7079	0.0130968	0.638791	0.00266692	0.344299	0.0011459
7080	0.765164	0.00784669	0.155812	0.00422925	0.0669478
7081	0.77154	0.00323166	0.15711	0.000612508	0.0675056
7082	0.764559	0.00835465	0.155689	0.00450304	0.0668948
7083	0.765015	0.0103929	0.155782	0.00187548	0.0669347
7084	0.754848	0.0165017	0.153711	0.00889416	0.0660451
7085	0.731811	0.0463539	0.14902	0.00878562	0.0640295
7086	0.7326	0.0456	0.149181	0.00851996	0.0640986
7087	0.763156	0.00953132	0.155403	0.00513725	0.0667721
7088	2.92775e-06	0.649776	5.96184e-07	0.35022	2.56163e-07
7089	0.770438	0.00445827	0.156886	0.000808303	0.0674092
7090	0.735144	0.0330324	0.149699	0.017804	0.0643211
7091	0.331228	0.371896	0.0674486	0.200447	0.0289807
7092	6.1243e-06	0.847275	1.2471e-06	0.152718	5.35843e-07
7093	0.747757	0.0224503	0.152267	0.0121004	0.0654248
7094	0.756698	0.0194971	0.154088	0.00351037	0.066207
7095	6.71402e-09	0.649779	1.36719e-09	0.350221	5.87441e-10
7096	0.328192	0.374443	0.0668304	0.201819	0.0287151
7097	0.000308418	0.64952	6.28038e-05	0.350082	2.6985e-05
7098	0.627562	0.123287	0.127792	0.0664501	0.0549084
7099	0.000122404	0.649676	2.49253e-05	0.350166	1.07097e-05
7100	0.74494	0.0248138	0.151694	0.0133743	0.0651783
7101	0.648115	0.106045	0.131977	0.0571565	0.0567066
7102	0.766357	0.00892747	0.156055	0.00160914	0.0670521
7103	0.512484	0.286464	0.104358	0.0518536	0.0448397
7104	0.751943	0.0246793	0.15312	0.00446728	0.065791
7105	0.730373	0.0447026	0.148727	0.0122929	0.0639038
7106	0.739204	0.0296262	0.150526	0.0159681	0.0646764
7107	0.683245	0.0765727	0.139131	0.0412716	0.0597803
7108	0.684567	0.0754631	0.1394	0.0406736	0.059896
7109	0.751581	0.0192425	0.153046	0.0103715	0.0657593
7110	0.760506	0.015208	0.154863	0.00288243	0.0665402
7111	5.84793e-05	0.64973	1.19083e-05	0.350195	5.11663e-06
7112	0.751096	0.0196488	0.152947	0.0105904	0.0657169
7113	0.550229	0.188166	0.112044	0.101419	0.0481421
7114	0.211169	0.472619	0.0430008	0.254735	0.0184762
7115	0.758807	0.0170517	0.154517	0.00323187	0.0663916
7116	0.704715	0.0585607	0.143502	0.0315634	0.0616588
7117	1.23321e-43	3.21793e-36	2.51121e-44	1	1.07899e-44
7118	0.765906	0.00722483	0.155963	0.00389408	0.0670126
7119	0.75839	0.0176261	0.154433	0.00319569	0.0663551
7120	0.735187	0.0329963	0.149708	0.0177846	0.0643249
7121	0.468281	0.335119	0.095357	0.0602713	0.0409721
7122	0.568732	0.172643	0.115812	0.093052	0.049761
7123	5.91685e-09	0.649779	1.20486e-09	0.350221	5.17693e-10
7124	0.765254	0.00971009	0.15583	0.00225033	0.0669556
7125	1.15135e-05	0.846239	2.34452e-06	0.153746	1.00737e-06
7126	0.643832	0.109638	0.131105	0.0590935	0.0563318
7127	0.00302179	0.844258	0.000615334	0.15184	0.000264391
7128	0.754412	0.0219051	0.153623	0.00405289	0.0660071
7129	0.570534	0.171131	0.116179	0.0922372	0.0499187
7130	5.27501e-07	0.649778	1.07416e-07	0.350221	4.61535e-08
7131	7.40517e-10	0.649779	1.50793e-10	0.350221	6.47913e-11
7132	0.749329	0.0275665	0.152587	0.00495488	0.0655623
7133	0.689237	0.093335	0.140351	0.0167732	0.0603045
7134	0.000169882	0.649636	3.45934e-05	0.350145	1.48638e-05
7135	0.755443	0.0160024	0.153832	0.00862505	0.0660972
7136	0.751663	0.0191733	0.153063	0.0103342	0.0657665
7137	0.730687	0.0367717	0.148791	0.0198194	0.0639312
7138	0.00131261	0.648677	0.000267289	0.349628	0.000114846
7139	0.754682	0.0166407	0.153677	0.00896909	0.0660306
7140	0.69781	0.0776778	0.142097	0.0213608	0.0610547
7141	0.74156	0.0345461	0.151005	0.00800613	0.0648825
7142	0.753062	0.0179995	0.153348	0.00970148	0.0658889
7143	0.00147997	0.648537	0.000301369	0.349552	0.000129489
7144	0.752144	0.0187702	0.153161	0.0101169	0.0658086
7145	0.489804	0.311566	0.0997397	0.0560354	0.0428552
7146	0.765185	0.00782935	0.155816	0.00421991	0.0669496
7147	0.759734	0.0124027	0.154706	0.0066849	0.0664726
7148	3.37798e-06	0.649776	6.87865e-07	0.35022	2.95555e-07
7149	0.702901	0.0600823	0.143133	0.0323835	0.0615001
7150	0.736054	0.0322689	0.149884	0.0173925	0.0644008
7151	0.764675	0.01077	0.155712	0.00193817	0.0669049
7152	0.764867	0.00809593	0.155751	0.00436359	0.0669218
7153	0.564966	0.175802	0.115045	0.0947549	0.0494315
7154	0.590529	0.154356	0.120251	0.0831959	0.0516681
7155	0.672232	0.0858119	0.136888	0.0462514	0.0588167
7156	0.758564	0.013384	0.154468	0.00721377	0.0663703
7157	0.7716	0.00244756	0.157122	0.0013192	0.0675109
7158	7.07188e-06	0.649773	1.44006e-06	0.350218	6.18751e-07
7159	5.00726e-08	3.86433e-09	1.01964e-08	1	4.38109e-09
7160	0.320569	0.496629	0.0652782	0.0894758	0.0280481
7161	0.756473	0.0151386	0.154042	0.0081595	0.0661873
7162	4.83501e-05	0.649738	9.84564e-06	0.3502	4.23038e-06
7163	0.471482	0.25423	0.0960088	0.137027	0.0412521
7164	0.664927	0.11969	0.1354	0.021805	0.0581775
7165	0.744539	0.0251506	0.151612	0.0135558	0.0651431
7166	0.752047	0.0244822	0.153141	0.00452971	0.0658001
7167	0.772682	0.00200316	0.157343	0.000366265	0.0676056
7168	0.604362	0.186021	0.123067	0.0336721	0.0528784
7169	0.680044	0.0792577	0.138479	0.0427188	0.0595003
7170	9.61764e-08	0.649778	1.95846e-08	0.350221	8.41492e-09
7171	0.253577	0.437041	0.0516364	0.235559	0.0221866
7172	0.747193	0.0295557	0.152152	0.00572381	0.0653754
7173	0.00122696	0.648749	0.000249848	0.349667	0.000107352
7174	0.759296	0.0127702	0.154617	0.00688298	0.0664343
7175	0.684228	0.0757476	0.139331	0.0408269	0.0598663
7176	1.1761e-19	9.32696e-21	2.39493e-20	1	1.02903e-20
7177	0.717205	0.0624436	0.146046	0.0115534	0.0627516
7178	0.700748	0.0618888	0.142695	0.0333572	0.0613117
7179	0.696243	0.0846658	0.141777	0.0163965	0.0609175
7180	1.15436e-13	2.96666e-15	2.35065e-14	1	1.01001e-14
7181	0.742018	0.0272653	0.151099	0.0146956	0.0649226
7182	0.761918	0.0105702	0.155151	0.0056972	0.0666637
7183	0.000601235	0.649274	0.000122431	0.34995	5.26048e-05
7184	0.5994	0.146914	0.122057	0.0791847	0.0524443
7185	1.53849e-07	0.847683	3.13287e-08	0.152317	1.3461e-08
7186	0.659445	0.125944	0.134284	0.0226291	0.0576979
7187	0.769827	0.00512987	0.156761	0.000926475	0.0673557
7188	0.721345	0.0581776	0.146889	0.0104746	0.0631138
7189	0.588475	0.0102887	0.119832	0.229916	0.0514884
7190	0.689542	0.07129	0.140413	0.0384243	0.0603312
7191	5.56173e-05	0.84745	1.13255e-05	0.152478	4.86621e-06
7192	0.644194	0.142615	0.131179	0.0256494	0.0563635
7193	0.744743	0.0249794	0.151653	0.0134635	0.065161
7194	0.770229	0.00469364	0.156843	0.000843683	0.0673909
7195	0.762534	0.0100535	0.155276	0.0054187	0.0667176
7196	0.751306	0.0253364	0.15299	0.00463259	0.0657352
7197	0.530232	0.204943	0.107972	0.110461	0.0463924
7198	0.67967	0.10369	0.138403	0.0187692	0.0594675
7199	0.722615	0.0435429	0.147148	0.023469	0.063225
7200	0.718601	0.0469105	0.14633	0.0252841	0.0628738
7201	0.754622	0.0217743	0.153665	0.00391352	0.0660254
7202	0.765435	0.00761964	0.155867	0.00410688	0.0669715
7203	0.7094	0.0712286	0.144457	0.0128455	0.0620687
7204	4.00454e-06	0.847334	8.15453e-07	0.152661	3.50376e-07
7205	0.762991	0.0124675	0.155369	0.00241448	0.0667576
7206	0.758662	0.0173522	0.154488	0.00311865	0.0663789
7207	0.762088	0.0125864	0.155186	0.00346116	0.0666786
7208	0.0249273	0.628866	0.00507601	0.33895	0.00218101
7209	0.277388	0.417065	0.056485	0.224792	0.0242699
7210	0.75667	0.0149729	0.154082	0.00807016	0.0662046
7211	6.73885e-05	0.649722	1.37225e-05	0.350191	5.89613e-06
7212	0.754032	0.0222857	0.153545	0.00416389	0.0659737
7213	0.0185265	0.822418	0.00377258	0.153662	0.00162097
7214	0.771951	0.00215342	0.157194	0.00116066	0.0675415
7215	0.771369	0.00344524	0.157075	0.000619564	0.0674907
7216	0.77119	0.00279117	0.157039	0.0015044	0.067475
7217	0.591872	0.199889	0.120524	0.03593	0.0517856
7218	0.738793	0.0299709	0.150442	0.0161539	0.0646404
7219	0.736856	0.0315957	0.150048	0.0170296	0.064471
7220	0.717606	0.0477455	0.146128	0.0257341	0.0627867
7221	0.766159	0.00701236	0.156014	0.00377956	0.0670348
7222	0.541955	0.254442	0.110359	0.0458252	0.0474182
7223	2.71419e-06	0.649776	5.52696e-07	0.35022	2.37477e-07
7224	0.767141	0.00618818	0.156215	0.00333534	0.0671208
7225	1.80095e-07	0.649778	3.66731e-08	0.350221	1.57574e-08
7226	0.00355763	0.780716	0.000724448	0.214691	0.000311274
7227	0.762687	0.0129466	0.155308	0.00232727	0.0667311
7228	0.749846	0.0206979	0.152693	0.0111559	0.0656075
7229	0.73423	0.0440589	0.149513	0.00795722	0.0642412
7230	0.657935	0.0978065	0.133977	0.0527163	0.0575658
7231	1.7244e-05	0.649764	3.51143e-06	0.350214	1.50876e-06
7232	0.551014	0.244517	0.112204	0.0440538	0.0482108
7233	0.344209	0.361006	0.070092	0.194577	0.0301164
7234	0.489541	0.23908	0.0996862	0.128861	0.0428322
7235	0.451195	0.271251	0.0918777	0.1462	0.0394771
7236	0.717833	0.061991	0.146174	0.0111958	0.0628065
7237	0.755163	0.0211742	0.153775	0.00381488	0.0660727
7238	0.753339	0.0177671	0.153404	0.00957623	0.0659132
7239	0.764636	0.00828951	0.155704	0.00446793	0.0669016
7240	0.733594	0.0343326	0.149383	0.0185048	0.0641855
7241	9.23276e-05	0.649701	1.88009e-05	0.35018	8.07817e-06
7242	0.696949	0.0846042	0.141921	0.0155461	0.0609793
7243	0.722969	0.0432461	0.14722	0.023309	0.0632559
7244	0.229309	0.457401	0.0466946	0.246533	0.0200633
7245	0.755362	0.0160705	0.153816	0.00866175	0.0660901
7246	0.764716	0.00822304	0.155721	0.0044321	0.0669085
7247	0.709369	0.0710578	0.14445	0.013057	0.062066
7248	0.741128	0.0280122	0.150917	0.0150982	0.0648447
7249	0.762287	0.0102602	0.155226	0.0055301	0.0666961
7250	0.215187	0.469248	0.0438189	0.252918	0.0188277
7251	0.369594	0.339709	0.0752611	0.183098	0.0323375
7252	0.72548	0.0536629	0.147731	0.0096503	0.0634756
7253	0.707671	0.0731513	0.144104	0.0131563	0.0619174
7254	0.750677	0.0200011	0.152862	0.0107803	0.0656802
7255	0.767108	0.00621564	0.156208	0.00335014	0.0671179
7256	0.758808	0.0131791	0.154518	0.00710337	0.0663917
7257	0.763838	0.00895926	0.155542	0.00482891	0.0668318
7258	0.761449	0.014302	0.155056	0.00257026	0.0666228
7259	0.745059	0.0247139	0.151718	0.0133205	0.0651887
7260	0.723102	0.0431346	0.147247	0.0232489	0.0632676
7261	0.747886	0.0223426	0.152293	0.0120423	0.065436
7262	0.000542955	0.649323	0.000110563	0.349976	4.75056e-05
7263	0.743582	0.0338472	0.151417	0.00609404	0.0650595
7264	0.0351859	0.620259	0.00716499	0.334311	0.00307858
7265	0.493747	0.235551	0.100543	0.126959	0.0432002
7266	0.000113016	0.649684	2.30136e-05	0.35017	9.88826e-06
7267	0.689537	0.0712942	0.140412	0.0384266	0.0603308
7268	0.266656	0.426069	0.0542997	0.229645	0.023331
7269	0.746649	0.02338	0.152042	0.0126015	0.0653278
7270	0.000318537	0.649511	6.48643e-05	0.350077	2.78703e-05
7271	0.405643	0.403579	0.0826019	0.0726849	0.0354916
7272	0.766367	0.00891941	0.156057	0.00160351	0.067053
7273	0.768324	0.0067606	0.156455	0.00123613	0.0672242
7274	0.689945	0.0917954	0.140495	0.0173983	0.0603665
7275	0.727513	0.0394337	0.148145	0.0212542	0.0636535
7276	0.59455	0.150983	0.121069	0.0813776	0.05202
7277	0.654304	0.100853	0.133237	0.0543581	0.0572481
7278	0.77046	0.0034039	0.15689	0.00183465	0.0674111
7279	0.494217	0.235157	0.100639	0.126746	0.0432414
7280	0.415055	0.393423	0.0845185	0.0706884	0.0363151
7281	0.603142	0.143774	0.122819	0.0774923	0.0527717
7282	0.516336	0.282484	0.105143	0.0508601	0.0451767
7283	0.356198	0.350948	0.0725333	0.189156	0.0311654
7284	0.000824366	0.846483	0.000167867	0.152452	7.21276e-05
7285	0.663681	0.0929858	0.135147	0.0501181	0.0580685
7286	1.11202e-05	0.649769	2.26443e-06	0.350216	9.72959e-07
7287	0.392434	0.407214	0.0799121	0.0861044	0.0343359
7288	0.000259486	0.649561	5.28397e-05	0.350104	2.27037e-05
7289	0.0015899	0.648445	0.000323754	0.349503	0.000139107
7290	0.76344	0.0092929	0.155461	0.00500874	0.066797
7291	0.75472	0.0166085	0.153685	0.00895175	0.066034
7292	0.591207	0.200602	0.120389	0.0360746	0.0517275
7293	0.726334	0.0404232	0.147905	0.0217876	0.0635503
7294	0.766736	0.00652843	0.156132	0.00351873	0.0670853
7295	0.764548	0.0109054	0.155687	0.00196565	0.0668939
7296	0.748043	0.022211	0.152325	0.0119714	0.0654497
7297	0.712401	0.0679709	0.145068	0.0122297	0.0623312
7298	0.619448	0.16956	0.126139	0.0306539	0.0541984
7299	0.520766	0.27772	0.106045	0.0499058	0.0455642
7300	0.763145	0.00954049	0.155401	0.00514219	0.0667711
7301	0.000176374	0.846831	3.59154e-05	0.152941	1.54318e-05
7302	0.738664	0.0392286	0.150416	0.00706293	0.0646291
7303	0.697171	0.0845975	0.141966	0.0152664	0.0609987
7304	0.566423	0.227625	0.115342	0.0410503	0.049559
7305	0.736431	0.0416821	0.149961	0.00749181	0.0644338
7306	1.56708e-11	0.847212	3.19107e-12	0.152788	1.37111e-12
7307	0.656555	0.119455	0.133696	0.0328493	0.0574451
7308	0.46231	0.261925	0.0941412	0.141174	0.0404497
7309	0.53953	0.257081	0.109866	0.0463174	0.047206
7310	0.761001	0.0113395	0.154964	0.00611183	0.0665835
7311	0.438088	0.282246	0.0892089	0.152126	0.0383304
7312	0.648576	0.105658	0.132071	0.056948	0.056747
7313	0.321962	0.37967	0.0655618	0.204637	0.0281699
7314	0.737094	0.0313965	0.150096	0.0169223	0.0644917
7315	0.732949	0.0348736	0.149252	0.0187964	0.0641291
7316	0.762213	0.0128971	0.155211	0.00298893	0.0666896
7317	0.747175	0.0299248	0.152149	0.00537812	0.0653738
7318	0.733105	0.0347424	0.149284	0.0187256	0.0641428
7319	0.648786	0.105482	0.132114	0.0568531	0.0567653
7320	0.256105	0.43492	0.0521512	0.234416	0.0224078
7321	0.000396988	0.847226	8.08396e-05	0.152261	3.47344e-05
7322	5.57283e-07	0.649778	1.13481e-07	0.350221	4.87593e-08
7323	0.407268	0.401941	0.0829328	0.0722249	0.0356338
7324	0.759821	0.0123291	0.154724	0.00664523	0.0664803
7325	0.683332	0.0764993	0.139148	0.0412321	0.0597879
7326	7.33858e-05	0.649717	1.49437e-05	0.350188	6.42087e-06
7327	0.761853	0.0106244	0.155138	0.00572638	0.0666581
7328	0.722364	0.0437541	0.147096	0.0235828	0.063203
7329	0.694034	0.0880443	0.141328	0.0158696	0.0607243
7330	1.52452e-09	0.840666	3.10442e-10	0.159334	1.33388e-10
7331	6.15438e-05	0.649727	1.25323e-05	0.350194	5.38475e-06
7332	0.578729	0.164256	0.117848	0.0885316	0.0506357
7333	0.581879	0.210793	0.118489	0.0379271	0.0509113
7334	0.728363	0.0387207	0.148318	0.0208699	0.0637279
7335	0.683214	0.0765984	0.139124	0.0412854	0.0597776
7336	0.766416	0.00679625	0.156067	0.00366308	0.0670573
7337	4.89619e-27	3.4958e-27	9.97021e-28	1	4.2839e-28
7338	0.726441	0.0525691	0.147927	0.00950368	0.0635597
7339	0.716067	0.0490371	0.145814	0.0264303	0.062652
7340	0.62241	0.166479	0.126743	0.0299111	0.0544575
7341	6.43162e-08	0.649779	1.30968e-08	0.350221	5.62732e-09
7342	0.773032	0.00124624	0.157414	0.000671703	0.0676362
7343	0.65533	0.1303	0.133446	0.023586	0.0573379
7344	0.483578	0.244082	0.098472	0.131557	0.0423105
7345	0.722044	0.0564457	0.147031	0.0113046	0.063175
7346	0.7663	0.00897515	0.156043	0.00163508	0.0670471
7347	0.383067	0.328406	0.0780046	0.177006	0.0335163
7348	0.00070398	0.649188	0.000143353	0.349903	6.15944e-05
7349	0.762329	0.0102255	0.155235	0.00551139	0.0666997
7350	0.742168	0.0352463	0.151129	0.00652129	0.0649357
7351	0.753907	0.0225449	0.15352	0.00406579	0.0659628
7352	0.756846	0.0148256	0.154118	0.0079908	0.0662199
7353	0.518273	0.214975	0.105537	0.115869	0.0453461
7354	0.760858	0.0114597	0.154935	0.00617659	0.066571
7355	0.637595	0.11487	0.129835	0.0619136	0.0557862
7356	0.764583	0.0108725	0.155694	0.00195442	0.0668969
7357	0.762828	0.00980695	0.155336	0.00528581	0.0667433
7358	0.169757	0.661456	0.0345681	0.119366	0.0148529
7359	0.00191596	0.843804	0.000390151	0.153723	0.000167636
7360	0.732021	0.0356524	0.149063	0.0192161	0.0640479
7361	0.658152	0.0976246	0.134021	0.0526183	0.0575848
7362	0.725753	0.0409109	0.147787	0.0220504	0.0634995
7363	4.99279e-06	0.847559	1.01669e-06	0.152434	4.36842e-07
7364	0.720551	0.0589402	0.146727	0.0107376	0.0630443
7365	0.0546006	0.787648	0.0111184	0.141856	0.00477726
7366	0.76385	0.00894931	0.155544	0.00482355	0.0668328
7367	0.771841	0.00292793	0.157171	0.000528027	0.0675319
7368	0.769579	0.00517601	0.156711	0.00119955	0.0673341
7369	0.759599	0.0125154	0.154679	0.00674563	0.0664609
7370	0.569146	0.172296	0.115896	0.092865	0.0497972
7371	2.65456e-23	1.39973e-25	5.40554e-24	1	2.3226e-24
7372	1.63334e-15	6.85818e-11	3.32601e-16	1	1.42909e-16
7373	0.714552	0.0607237	0.145506	0.0166986	0.0625195
7374	0.000591904	0.649282	0.000120531	0.349954	5.17884e-05
7375	0.0214051	0.631821	0.00435877	0.340542	0.00187283
7376	0.774143	0.000314038	0.15764	0.000169262	0.0677334
7377	0.733751	0.0446122	0.149415	0.0080227	0.0641993
7378	0.765746	0.00735861	0.15593	0.00396619	0.0669987
7379	0.758828	0.0131626	0.154522	0.00709448	0.0663934
7380	2.9724e-06	0.649776	6.05276e-07	0.35022	2.60069e-07
7381	0.764681	0.0107645	0.155714	0.00193511	0.0669055
7382	0.00235884	0.6478	0.000480336	0.349155	0.000206386
7383	0.724879	0.0416441	0.147609	0.0224456	0.063423
7384	0.768598	0.00642488	0.156511	0.00121773	0.0672482
7385	0.726576	0.0402202	0.147954	0.0216781	0.0635715
7386	0.741685	0.0358734	0.151031	0.00651753	0.0648935
7387	0.0538042	0.60464	0.0109563	0.325892	0.00470758
7388	0.747853	0.0291338	0.152287	0.00529308	0.0654331
7389	1.99561e-07	1.46872e-08	4.06369e-08	1	1.74605e-08
7390	0.713383	0.0512887	0.145268	0.0276439	0.0624172
7391	0.768662	0.00640765	0.156524	0.00115256	0.0672538
7392	0.714064	0.066144	0.145406	0.0119089	0.0624768
7393	0.758494	0.0167952	0.154454	0.00389232	0.0663642
7394	0.742389	0.0351576	0.151174	0.00632387	0.0649551
7395	0.773505	0.00110742	0.15751	0.00019917	0.0676776
7396	0.646965	0.10701	0.131743	0.0576768	0.0566059
7397	0.77098	0.00296746	0.156996	0.00159942	0.0674566
7398	0.000631833	0.649248	0.000128661	0.349936	5.5282e-05
7399	0.748259	0.0220296	0.152369	0.0118736	0.0654686
7400	0.746566	0.02345	0.152025	0.0126392	0.0653205
7401	6.06684e-07	0.649778	1.2354e-07	0.350221	5.30816e-08
7402	0.375418	0.436767	0.0764471	0.0785207	0.0328471
7403	0.693133	0.0682769	0.141144	0.0368003	0.0606455
7404	0.0466879	0.61061	0.00950715	0.32911	0.00408494
7405	0.753802	0.0226614	0.153498	0.00408463	0.0659536
7406	0.764637	0.00828922	0.155705	0.00446777	0.0669016
7407	0.00153318	0.844846	0.000312205	0.153174	0.000134145
7408	0.758326	0.0177159	0.15442	0.00318885	0.0663495
7409	0.47388	0.252219	0.0964971	0.135942	0.0414619
7410	5.14459e-05	0.649735	1.0476e-05	0.350198	4.50124e-06
7411	0.752743	0.0182677	0.153283	0.00984605	0.065861
7412	0.762529	0.0100575	0.155275	0.00542085	0.0667172
7413	1.55008e-08	0.649779	3.15646e-09	0.350221	1.35624e-09
7414	0.580115	0.163093	0.11813	0.0879047	0.050757
7415	0.745029	0.0247393	0.151712	0.0133341	0.065186
7416	0.751402	0.0252991	0.15301	0.00454559	0.0657437
7417	0.000929983	0.648998	0.000189374	0.349801	8.13685e-05
7418	1.34854e-05	0.84741	2.74605e-06	0.152572	1.1799e-06
7419	0.632955	0.118763	0.12889	0.0640117	0.0553802
7420	0.740538	0.0370221	0.150797	0.00684986	0.0647931
7421	0.420567	0.387368	0.0856408	0.0696268	0.0367973
7422	0.743076	0.0344076	0.151314	0.00618758	0.0650151
7423	0.662393	0.122458	0.134884	0.0223091	0.0579558
7424	0.723794	0.0554955	0.147388	0.00999478	0.0633281
7425	0.6864	0.0739257	0.139773	0.0398449	0.0600563
7426	0.766109	0.00705443	0.156004	0.00380224	0.0670304
7427	0.59929	0.191565	0.122035	0.0346757	0.0524347
7428	0.705063	0.0582688	0.143573	0.0314061	0.0616892
7429	0.769829	0.00507132	0.156762	0.000982121	0.0673559
7430	5.51317e-06	0.847662	1.12266e-06	0.15233	4.82373e-07
7431	0.738514	0.0393976	0.150385	0.00708752	0.064616
7432	0.647227	0.139079	0.131796	0.0252681	0.0566289
7433	0.729025	0.0381658	0.148453	0.0205708	0.0637858
7434	0.742471	0.0268849	0.151191	0.0144906	0.0649623
7435	0.650224	0.136033	0.132406	0.0244452	0.0568911
7436	0.757285	0.0188385	0.154208	0.00341002	0.0662584
7437	0.744078	0.0255372	0.151518	0.0137642	0.0651028
7438	0.6686	0.115613	0.136148	0.0211391	0.058499
7439	0.1588	0.673645	0.0323368	0.121324	0.0138942
7440	0.179033	0.651428	0.0364569	0.117417	0.0156644
7441	0.732038	0.0464894	0.149066	0.00835686	0.0640494
7442	0.730911	0.0474382	0.148837	0.00886341	0.0639508
7443	0.681538	0.0780047	0.138783	0.0420434	0.0596309
7444	0.771	0.00295049	0.157	0.00159027	0.0674584
7445	0.667135	0.090088	0.13585	0.0485562	0.0583707
7446	8.42549e-10	0.649779	1.7157e-10	0.350221	7.37185e-11
7447	0.76429	0.00858012	0.155634	0.00462456	0.0668713
7448	0.764351	0.00852935	0.155646	0.0045972	0.0668766
7449	0.652937	0.102	0.132959	0.0549764	0.0571285
7450	0.726814	0.0400201	0.148003	0.0215703	0.0635924
7451	0.541345	0.255001	0.110235	0.0460542	0.0473648
7452	0.0270924	0.817698	0.00551687	0.147322	0.00237044
7453	0.089497	0.574695	0.0182245	0.309753	0.00783051
7454	0.734187	0.0338349	0.149504	0.0182365	0.0642374
7455	0.565061	0.175723	0.115064	0.0947121	0.0494398
7456	0.765061	0.0103449	0.155791	0.00186462	0.0669387
7457	0.695522	0.0662729	0.141631	0.0357201	0.0608545
7458	0.747104	0.0229981	0.152134	0.0123956	0.0653676
7459	0.659651	0.125719	0.134326	0.0225882	0.0577159
7460	0.771056	0.0037888	0.157012	0.000680834	0.0674632
7461	0.50947	0.22236	0.103744	0.119849	0.0445759
7462	0.762889	0.00975526	0.155349	0.00525795	0.0667487
7463	0.667097	0.0901198	0.135842	0.0485733	0.0583674
7464	0.663848	0.121119	0.135181	0.0217689	0.0580831
7465	0.618111	0.170892	0.125867	0.031048	0.0540814
7466	0.683877	0.0991626	0.139259	0.0178658	0.0598356
7467	0.739212	0.0296189	0.150527	0.0159642	0.0646771
7468	0.734138	0.0338763	0.149494	0.0182588	0.0642331
7469	0.000816915	0.649093	0.00016635	0.349852	7.14757e-05
7470	0.751805	0.0190547	0.153092	0.0102702	0.0657789
7471	0.724146	0.0422589	0.147459	0.022777	0.0633589
7472	0.766713	0.00654746	0.156127	0.00352899	0.0670833
7473	0.767615	0.00755363	0.156311	0.00135752	0.0671623
7474	0.728311	0.0387646	0.148307	0.0208936	0.0637233
7475	0.655598	0.130123	0.133501	0.0234169	0.0573613
7476	0.749863	0.0206833	0.152696	0.011148	0.065609
7477	0.545607	0.192043	0.111103	0.103509	0.0477377
7478	0.0664089	0.775002	0.013523	0.139256	0.00581042
7479	0.76576	0.00734677	0.155933	0.0039598	0.0669999
7480	0.128958	0.54159	0.0262599	0.291909	0.0112831
7481	0.761353	0.0110439	0.155036	0.00595248	0.0666143
7482	0.0333532	0.621797	0.00679178	0.33514	0.00291823
7483	0.755955	0.0155726	0.153937	0.00839341	0.066142
7484	4.81749e-06	8.69133e-07	9.80995e-07	0.999993	4.21504e-07
7485	0.718974	0.0465978	0.146406	0.0251156	0.0629064
7486	0.768815	0.00478369	0.156555	0.00257834	0.0672672
7487	0.757214	0.0189303	0.154193	0.0034106	0.0662522
7488	1.76659e-07	0.649778	3.59735e-08	0.350221	1.54567e-08
7489	6.72956e-05	0.847139	1.37035e-05	0.152774	5.88801e-06
7490	0.723187	0.0430637	0.147264	0.0232107	0.063275
7491	0.665676	0.119109	0.135553	0.0214196	0.0582431
7492	0.765985	0.0089439	0.155979	0.00207276	0.0670196
7493	0.723357	0.0559926	0.147299	0.0100621	0.0632899
7494	0.56336	0.230311	0.114718	0.04232	0.049291
7495	0.76037	0.0118689	0.154836	0.00639718	0.0665283
7496	0.747232	0.0228913	0.15216	0.0123381	0.0653788
7497	0.748616	0.0283402	0.152442	0.00510122	0.0654999
7498	0.771761	0.00231251	0.157155	0.00124641	0.0675249
7499	0.751418	0.0251949	0.153013	0.0046296	0.065745
7500	0.00058627	0.649287	0.000119383	0.349956	5.12955e-05
7501	0.764923	0.00804923	0.155763	0.00433842	0.0669267
7502	0.741837	0.0274173	0.151062	0.0147776	0.0649067
7503	1.30233e-05	3.43174e-06	2.65197e-06	0.99998	1.13947e-06
7504	0.74884	0.0269155	0.152488	0.00623772	0.0655195
7505	0.439195	0.281317	0.0894342	0.151626	0.0384272
7506	0.69071	0.07031	0.140651	0.0378961	0.0604334
7507	3.4998e-06	0.649776	7.12672e-07	0.35022	3.06214e-07
7508	0.736028	0.0322904	0.149879	0.0174041	0.0643985
7509	0.672022	0.111672	0.136845	0.0206617	0.0587983
7510	8.10837e-20	2.93949e-14	1.65112e-20	1	7.09439e-21
7511	2.64067e-07	0.649778	5.37726e-08	0.350221	2.31045e-08
7512	0.723362	0.0555239	0.1473	0.0105236	0.0632903
7513	0.733399	0.034496	0.149344	0.0185929	0.0641685
7514	0.76746	0.00759116	0.15628	0.00152031	0.0671487
7515	0.77017	0.00364742	0.156831	0.00196591	0.0673857
7516	0.00045989	0.847184	9.36484e-05	0.152222	4.02379e-05
7517	2.56143e-27	6.98946e-19	5.21588e-28	1	2.24111e-28
7518	0.307588	0.391729	0.0626348	0.211136	0.0269123
7519	0.756561	0.0150646	0.15406	0.00811961	0.066195
7520	0.751821	0.0247551	0.153095	0.00454879	0.0657803
7521	5.78889e-07	0.649778	1.1788e-07	0.350221	5.06497e-08
7522	0.766215	0.00908594	0.156026	0.00163327	0.0670397
7523	0.758442	0.0134863	0.154443	0.0072689	0.0663596
7524	0.536758	0.199467	0.109301	0.10751	0.0469635
7525	0.758423	0.0135019	0.154439	0.00727734	0.066358
7526	0.770363	0.00348497	0.156871	0.00187835	0.0674027
7527	4.64599e-05	0.64974	9.46073e-06	0.3502	4.06499e-06
7528	0.764718	0.00822153	0.155721	0.00443129	0.0669087
7529	0.762256	0.0134147	0.15522	0.00241599	0.0666933
7530	0.0359174	0.619646	0.00731393	0.33398	0.00314258
7531	0.498718	0.231381	0.101555	0.124711	0.0436351
7532	0.745795	0.0313928	0.151868	0.00569165	0.0652531
7533	0.751869	0.0190006	0.153105	0.010241	0.0657845
7534	0.768904	0.00470946	0.156573	0.00253833	0.067275
7535	0.772903	0.00135475	0.157388	0.000730193	0.0676248
7536	0.762445	0.0101278	0.155258	0.00545874	0.0667099
7537	0.763359	0.00936157	0.155444	0.00504576	0.0667898
7538	0.770568	0.00331291	0.156912	0.00178561	0.0674206
7539	7.03151e-06	0.649773	1.43184e-06	0.350218	6.1522e-07
7540	0.604794	0.185442	0.123155	0.0336915	0.0529163
7541	0.749641	0.0272259	0.152651	0.00489275	0.0655896
7542	0.761186	0.0111839	0.155002	0.00602797	0.0665997
7543	0.755778	0.0204387	0.153901	0.00375565	0.0661266
7544	6.57102e-08	0.649779	1.33807e-08	0.350221	5.74929e-09
7545	0.75358	0.0175654	0.153453	0.00946749	0.0659342
7546	3.95747e-10	3.42868e-11	8.05867e-11	1	3.46257e-11
7547	0.609425	0.18069	0.124098	0.0324653	0.0533214
7548	5.84801e-09	0.784318	1.19084e-09	0.215682	5.11669e-10
7549	0.765144	0.00786361	0.155808	0.00423838	0.066946
7550	0.77214	0.00199423	0.157232	0.00107486	0.0675581
7551	0.497688	0.232245	0.101345	0.125177	0.043545
7552	0.680453	0.10295	0.138562	0.0184988	0.059536
7553	0.745931	0.0312626	0.151895	0.00564615	0.065265
7554	0.729755	0.0375529	0.148602	0.0202405	0.0638497
7555	0.692596	0.0896493	0.141035	0.0161218	0.0605984
7556	0.765887	0.00724079	0.155959	0.00390268	0.067011
7557	0.763017	0.00964846	0.155375	0.00520038	0.0667599
7558	0.000138667	0.649662	2.8237e-05	0.350159	1.21326e-05
7559	0.699613	0.0819638	0.142464	0.0147474	0.0612124
7560	0.772238	0.00191202	0.157252	0.00103055	0.0675667
7561	0.522321	0.275806	0.106361	0.0498116	0.0457003
7562	0.00349039	0.843805	0.000710755	0.151688	0.00030539
7563	0.76311	0.00957038	0.155394	0.0051583	0.066768
7564	0.732224	0.0459051	0.149104	0.00870054	0.0640657
7565	0.755036	0.0163437	0.15375	0.00880902	0.0660616
7566	0.721622	0.0443764	0.146945	0.0239182	0.0631381
7567	0.728767	0.0383817	0.1484	0.0206872	0.0637633
7568	0.745471	0.0243679	0.151802	0.013134	0.0652248
7569	1.90368e-07	0.649778	3.87649e-08	0.350221	1.66561e-08
7570	0.000126557	0.649672	2.5771e-05	0.350164	1.1073e-05
7571	2.89324e-09	0.649779	5.89157e-10	0.350221	2.53143e-10
7572	0.509478	0.289679	0.103746	0.0525201	0.0445766
7573	0.091626	0.572909	0.018658	0.30879	0.00801678
7574	0.658642	0.126777	0.134121	0.0228327	0.0576276
7575	0.0706421	0.590514	0.014385	0.318278	0.00618081
7576	0.749643	0.0208684	0.152651	0.0112478	0.0655897
7577	2.42258e-09	0.649779	4.93315e-10	0.350221	2.11963e-10
7578	6.31023e-09	1.04814e-10	1.28497e-09	1	5.52112e-10
7579	1.99249e-10	0.649779	4.05735e-11	0.350221	1.74332e-11
7580	0.747033	0.030079	0.15212	0.0054065	0.0653614
7581	0.757129	0.0145882	0.154176	0.00786284	0.0662447
7582	0.567025	0.174075	0.115465	0.0938237	0.0496117
7583	0.0341856	0.808105	0.00696129	0.147757	0.00299106
7584	0.583438	0.160305	0.118807	0.0864024	0.0510477
7585	0.752038	0.0246027	0.153139	0.00442062	0.0657993
7586	0.733198	0.0418426	0.149303	0.0115064	0.0641509
7587	0.762109	0.0104102	0.15519	0.00561093	0.0666804
7588	0.773518	0.000838249	0.157513	0.000451804	0.0676787
7589	8.84561e-10	0.649779	1.80125e-10	0.350221	7.73944e-11
7590	0.765639	0.00744819	0.155909	0.00401447	0.0669893
7591	9.74111e-07	0.649778	1.9836e-07	0.350221	8.52295e-08
7592	0.659305	0.0966571	0.134256	0.0520968	0.0576856
7593	0.627168	0.123618	0.127712	0.0666283	0.0548739
7594	0.427618	0.29103	0.0870768	0.156861	0.0374143
7595	0.772137	0.00199683	0.157232	0.00107626	0.0675579
7596	0.700078	0.062451	0.142558	0.0336602	0.061253
7597	0.684478	0.0755381	0.139382	0.040714	0.0598882
7598	0.424484	0.378614	0.0864385	0.0733231	0.0371401
7599	0.617831	0.131451	0.12581	0.0708504	0.0540569
7600	0.481542	0.319796	0.0980574	0.0584724	0.0421324
7601	2.5524e-05	0.649757	5.1975e-06	0.35021	2.23321e-06
7602	0.000346107	0.84708	7.04784e-05	0.152474	3.02825e-05
7603	0.759487	0.01261	0.154656	0.00679663	0.066451
7604	7.19715e-27	7.28591e-23	1.46557e-27	1	6.29712e-28
7605	0.765178	0.0102103	0.155815	0.00184819	0.066949
7606	2.60598e-05	0.649757	5.30661e-06	0.35021	2.28009e-06
7607	5.23271e-07	1.41972e-08	1.06555e-07	0.999999	4.57835e-08
7608	0.624047	0.164684	0.127076	0.0295921	0.0546008
7609	0.743657	0.0337297	0.151432	0.00611533	0.065066
7610	0.734589	0.0334977	0.149586	0.0180548	0.0642726
7611	0.576714	0.215912	0.117437	0.039478	0.0504593
7612	0.740754	0.0283258	0.150841	0.0152672	0.064812
7613	0.731581	0.0360209	0.148973	0.0194148	0.0640095
7614	0.745186	0.0320777	0.151744	0.00579336	0.0651997
7615	0.765159	0.00785091	0.155811	0.00423153	0.0669473
7616	0.748038	0.0222146	0.152325	0.0119733	0.0654493
7617	0.676552	0.0821879	0.137768	0.0442981	0.0591947
7618	0.173969	0.646006	0.0354257	0.129378	0.0152214
7619	0.697016	0.0650193	0.141935	0.0350445	0.0609852
7620	0.68642	0.0739093	0.139777	0.039836	0.060058
7621	0.768843	0.00476022	0.156561	0.00256569	0.0672697
7622	0.668579	0.0888764	0.136144	0.0479031	0.0584971
7623	1.4753e-27	1.65876e-29	3.00418e-28	1	1.29081e-28
7624	0.134329	0.537084	0.0273537	0.289481	0.0117531
7625	0.770032	0.00490202	0.156803	0.000888757	0.0673737
7626	0.000209838	0.649603	4.27298e-05	0.350127	1.83597e-05
7627	0.710357	0.0538275	0.144651	0.0290123	0.0621524
7628	0.760285	0.0119405	0.154818	0.00643577	0.0665208
7629	3.99376e-05	0.649745	8.13258e-06	0.350203	3.49433e-06
7630	0.761255	0.011126	0.155016	0.00599674	0.0666058
7631	0.752115	0.0245184	0.153155	0.00440558	0.0658061
7632	0.745	0.0247637	0.151706	0.0133473	0.0651835
7633	0.655597	0.0997682	0.1335	0.0537736	0.0573612
7634	9.61012e-07	0.847384	1.95693e-07	0.152614	8.40834e-08
7635	0.761467	0.0109482	0.155059	0.00590094	0.0666243
7636	0.768228	0.00527657	0.156436	0.002844	0.0672158
7637	0.645753	0.108026	0.131496	0.0582247	0.0564999
7638	0.0075143	0.643474	0.00153015	0.346824	0.000657461
7639	0.000520147	0.649342	0.000105919	0.349986	4.55101e-05
7640	7.94498e-15	1.58019e-10	1.61785e-15	1	6.95143e-16
7641	0.699363	0.0630508	0.142413	0.0339835	0.0611905
7642	0.661116	0.124115	0.134624	0.0223012	0.0578441
7643	0.00228814	0.000166909	0.000465938	0.996879	0.0002002
7644	0.713589	0.0511159	0.145309	0.0275508	0.0624352
7645	0.726552	0.0402408	0.147949	0.0216892	0.0635694
7646	2.92705e-06	0.649776	5.96041e-07	0.35022	2.56101e-07
7647	0.502511	0.297536	0.102327	0.0536582	0.043967
7648	0.755728	0.02044	0.15389	0.00381903	0.0661222
7649	0.630071	0.157138	0.128303	0.0293599	0.0551278
7650	0.100162	0.565748	0.0203961	0.30493	0.00876361
7651	0.762612	0.00998809	0.155292	0.00538344	0.0667245
7652	0.764088	0.0113842	0.155593	0.00208153	0.0668536
7653	0.755254	0.0210546	0.153794	0.00381728	0.0660807
7654	3.75208e-15	1.42789e-08	7.64044e-16	1	3.28287e-16
7655	0.589903	0.196757	0.120123	0.0416038	0.0516133
7656	3.53514e-06	0.649776	7.19868e-07	0.35022	3.09306e-07
7657	0.725581	0.041055	0.147752	0.0221281	0.0634845
7658	0.763526	0.0120289	0.155478	0.00216253	0.0668044
7659	0.767251	0.00609576	0.156237	0.00328553	0.0671304
7660	0.770569	0.00432034	0.156912	0.000777857	0.0674206
7661	0.76624	0.00694402	0.156031	0.00374273	0.0670419
7662	1.54511e-06	0.649777	3.14634e-07	0.350221	1.35189e-07
7663	0.748065	0.0288517	0.15233	0.00530154	0.0654517
7664	0.760448	0.0118036	0.154852	0.00636197	0.0665351
7665	0.740029	0.0377462	0.150694	0.00678324	0.0647485
7666	0.722523	0.0436201	0.147129	0.0235106	0.0632169
7667	0.736388	0.0417041	0.149952	0.00752588	0.06443
7668	0.765733	0.00736941	0.155928	0.00397201	0.0669976
7669	0.0260455	0.627928	0.00530369	0.338444	0.00227884
7670	0.770396	0.00345724	0.156877	0.0018634	0.0674056
7671	2.64779e-06	0.649776	5.39175e-07	0.35022	2.31668e-07
7672	6.88486e-11	0.847647	1.40198e-11	0.152353	6.02388e-12
7673	7.16909e-08	0.649779	1.45986e-08	0.350221	6.27257e-09
7674	0.719712	0.045979	0.146556	0.024782	0.0629709
7675	0.762958	0.011706	0.155363	0.00321906	0.0667547
7676	0.769659	0.0053148	0.156727	0.000957549	0.0673411
7677	0.77018	0.00474661	0.156833	0.000853047	0.0673867
7678	0.770859	0.0030693	0.156972	0.00165431	0.067446
7679	0.75247	0.0184967	0.153227	0.00996944	0.0658371
7680	0.706454	0.0571015	0.143857	0.0307769	0.061811
7681	0.764515	0.00839164	0.15568	0.00452298	0.0668909
7682	0.746134	0.0310633	0.151937	0.00558321	0.0652827
7683	0.762602	0.00999668	0.15529	0.00538807	0.0667236
7684	0.771668	0.00311016	0.157136	0.000568671	0.0675168
7685	0.00108801	0.648866	0.000221553	0.349729	9.51949e-05
7686	0.765771	0.00957301	0.155935	0.00172018	0.0670008
7687	7.98418e-05	0.649712	1.62583e-05	0.350185	6.98573e-06
7688	1.46311e-07	0.649778	2.97936e-08	0.350221	1.28014e-08
7689	0.76241	0.0132433	0.155251	0.00238832	0.0667068
7690	0.644942	0.108707	0.131331	0.0585916	0.0564289
7691	0.770125	0.00480705	0.156822	0.000863891	0.0673818
7692	0.742686	0.0267044	0.151235	0.0143933	0.0649811
7693	0.763581	0.00917497	0.15549	0.00494518	0.0668093
7694	0.218638	0.466353	0.0445217	0.251358	0.0191296
7695	0.688199	0.0944725	0.140139	0.0169748	0.0602138
7696	0.72655	0.040242	0.147949	0.0216899	0.0635692
7697	0.7713	0.00269897	0.157061	0.0014547	0.0674846
7698	0.694285	0.0878098	0.141379	0.0157809	0.0607462
7699	0.561162	0.2334	0.114271	0.0420693	0.0490987
7700	2.02247e-10	0.649779	4.1184e-11	0.350221	1.76955e-11
7701	0.771074	0.00376484	0.157015	0.000680625	0.0674649
7702	0.615089	0.133752	0.125252	0.0720903	0.053817
7703	0.764405	0.0110381	0.155657	0.00201825	0.0668813
7704	0.604588	0.185343	0.123114	0.0340571	0.0528982
7705	0.662399	0.122503	0.134886	0.0222565	0.0579564
7706	0.767146	0.00618376	0.156216	0.00333296	0.0671212
7707	0.765733	0.00736982	0.155928	0.00397223	0.0669975
7708	0.673481	0.11058	0.137142	0.0198713	0.0589259
7709	0.476269	0.326427	0.0969835	0.0586497	0.041671
7710	0.762567	0.0130787	0.155283	0.00235053	0.0667205
7711	2.95603e-06	0.649776	6.01943e-07	0.35022	2.58637e-07
7712	0.0865346	0.577181	0.0176212	0.311092	0.00757131
7713	0.719167	0.0464358	0.146445	0.0250282	0.0629233
7714	2.02969e-05	0.649762	4.1331e-06	0.350212	1.77587e-06
7715	0.745974	0.0239464	0.151904	0.0129068	0.0652687
7716	9.2727e-06	0.843857	1.88822e-06	0.156131	8.11312e-07
7717	1.29894e-10	0.649779	2.64506e-11	0.350221	1.1365e-11
7718	0.724321	0.0508313	0.147495	0.0139783	0.0633742
7719	1.11924e-08	0.649779	2.27913e-09	0.350221	9.79276e-10
7720	0.608493	0.139285	0.123909	0.0750727	0.0532399
7721	0.600429	0.190526	0.122267	0.0342435	0.0525344
7722	7.92e-06	0.811844	1.61277e-06	0.188146	6.92958e-07
7723	0.756144	0.0154145	0.153975	0.0083082	0.0661585
7724	0.000337991	0.649495	6.88258e-05	0.350069	2.95724e-05
7725	0.771768	0.00230692	0.157157	0.0012434	0.0675255
7726	0.16918	0.662319	0.0344506	0.119248	0.0148024
7727	2.63791e-09	0.649779	5.37162e-10	0.350221	2.30803e-10
7728	0.761332	0.0144148	0.155032	0.00260926	0.0666125
7729	0.557133	0.182374	0.11345	0.098297	0.0487461
7730	0.768716	0.00486687	0.156535	0.00262317	0.0672586
7731	0.759885	0.0160102	0.154737	0.00288183	0.0664859
7732	0.726365	0.0403974	0.147911	0.0217736	0.063553
7733	0.730202	0.0484935	0.148692	0.00872383	0.0638887
7734	0.725634	0.053502	0.147762	0.00961316	0.0634891
7735	0.0397239	0.616452	0.00808906	0.332259	0.00347563
7736	0.605855	0.141499	0.123371	0.0762658	0.0530091
7737	0.0703048	0.769681	0.0143163	0.139546	0.0061513
7738	0.638516	0.148835	0.130022	0.0267607	0.0558667
7739	0.747951	0.0222874	0.152307	0.0120126	0.0654417
7740	0.73669	0.0383057	0.150014	0.0105338	0.0644565
7741	0.498618	0.301795	0.101535	0.0544261	0.0436264
7742	0.759991	0.0158022	0.154759	0.00295251	0.0664952
7743	0.74121	0.0279427	0.150934	0.0150607	0.0648519
7744	0.000291819	0.649534	5.94236e-05	0.350089	2.55326e-05
7745	0.76347	0.0120871	0.155467	0.00217622	0.0667996
7746	0.492781	0.308257	0.100346	0.0555003	0.0431157
7747	0.769481	0.00550445	0.156691	0.00099798	0.0673255
7748	0.758143	0.0137373	0.154382	0.00740419	0.0663334
7749	0.000667147	0.649219	0.000135852	0.34992	5.83718e-05
7750	0.765476	0.00758559	0.155875	0.00408853	0.066975
7751	0.767185	0.00615176	0.156223	0.00331571	0.0671246
7752	0.542909	0.253479	0.110554	0.0455568	0.0475016
7753	0.718408	0.0613403	0.146291	0.0111034	0.0628569
7754	0.694869	0.0668208	0.141498	0.0360155	0.0607973
7755	1.14316e-05	0.649769	2.32784e-06	0.350216	1.0002e-06
7756	0.307645	0.391681	0.0626463	0.211111	0.0269173
7757	0.761648	0.0107968	0.155096	0.00581933	0.0666401
7758	9.3859e-12	3.93333e-12	1.91127e-12	1	8.21216e-13
7759	0.734223	0.0338049	0.149511	0.0182204	0.0642406
7760	0.746442	0.0235539	0.151999	0.0126952	0.0653097
7761	0.575134	0.218174	0.117116	0.0392552	0.0503211
7762	0.598423	0.189423	0.121858	0.0379364	0.0523588
7763	0.719754	0.0598544	0.146565	0.0108518	0.0629746
7764	0.661493	0.123702	0.134701	0.0222263	0.0578771
7765	0.611596	0.136683	0.12454	0.0736699	0.0535114
7766	0.673858	0.110167	0.137219	0.0197964	0.058959
7767	0.691045	0.0700286	0.140719	0.0377444	0.0604628
7768	0.749782	0.0270678	0.15268	0.00486874	0.0656019
7769	0.415156	0.393311	0.0845391	0.0706692	0.036324
7770	0.747369	0.0227762	0.152188	0.0122761	0.0653908
7771	0.750922	0.0197953	0.152912	0.0106694	0.0657016
7772	0.760026	0.0121577	0.154766	0.00655285	0.0664982
7773	0.646043	0.107783	0.131555	0.0580935	0.0565253
7774	0.599021	0.147232	0.12198	0.0793558	0.0524112
7775	0.344472	0.462598	0.0701455	0.0926459	0.0301394
7776	0.765956	0.0071825	0.155973	0.00387126	0.0670171
7777	0.751758	0.0190936	0.153082	0.0102912	0.0657748
7778	0.772433	0.00226719	0.157292	0.000423604	0.0675838
7779	0.723043	0.0431841	0.147235	0.0232756	0.0632624
7780	0.740123	0.0375426	0.150713	0.00686441	0.0647568
7781	0.750704	0.0260339	0.152867	0.00471248	0.0656826
7782	0.733079	0.0347648	0.149278	0.0187377	0.0641405
7783	0.731014	0.047512	0.148858	0.00865566	0.0639599
7784	0.761008	0.0113338	0.154966	0.00610874	0.0665841
7785	0.768796	0.00479948	0.156552	0.00258685	0.0672656
7786	0.671115	0.0867487	0.136661	0.0467563	0.058719
7787	0.657197	0.0984258	0.133826	0.0530501	0.0575012
7788	0.694747	0.0669227	0.141473	0.0360704	0.0607867
7789	0.000211736	0.649601	4.31163e-05	0.350126	1.85258e-05
7790	0.766159	0.00701191	0.156015	0.00377932	0.0670348
7791	0.655875	0.0995342	0.133557	0.0536475	0.0573856
7792	0.725547	0.0410834	0.147745	0.0221434	0.0634815
7793	0.721978	0.0440778	0.147018	0.0237573	0.0631692
7794	0.728359	0.0505129	0.148317	0.00908384	0.0637275
7795	0.759692	0.0124374	0.154698	0.00670356	0.066469
7796	0.714228	0.0505796	0.14544	0.0272617	0.0624911
7797	0.711301	0.0530348	0.144844	0.028585	0.0622351
7798	0.734124	0.0440907	0.149491	0.00806168	0.064232
7799	1.37149e-07	0.649778	2.79279e-08	0.350221	1.19998e-08
7800	0.607176	0.183147	0.12364	0.0329117	0.0531247
7801	0.762509	0.0131354	0.155271	0.00236886	0.0667155
7802	0.343813	0.471363	0.0700113	0.0847314	0.0300818
7803	0.734928	0.033213	0.149655	0.0179013	0.0643023
7804	0.765603	0.00747892	0.155901	0.00403103	0.0669861
7805	0.740791	0.0368713	0.150849	0.00667417	0.0648152
7806	0.755177	0.0162255	0.153778	0.00874531	0.0660739
7807	0.541121	0.195807	0.11019	0.105537	0.0473452
7808	0.762606	0.0130142	0.155291	0.00236444	0.066724
7809	0.766507	0.00672062	0.156085	0.00362232	0.0670652
7810	0.772171	0.00196823	0.157239	0.00106085	0.0675609
7811	0.767127	0.00619971	0.156212	0.00334156	0.0671195
7812	0.753869	0.0173231	0.153512	0.0093369	0.0659595
7813	0.764342	0.00853691	0.155644	0.00460127	0.0668758
7814	0.743789	0.0257794	0.151459	0.0138947	0.0650776
7815	0.699562	0.0819722	0.142453	0.0148045	0.0612079
7816	0.635814	0.116365	0.129472	0.062719	0.0556303
7817	0.767961	0.00550001	0.156382	0.00296443	0.0671925
7818	0.71999	0.0596755	0.146613	0.0107263	0.0629953
7819	0.769161	0.00449378	0.156626	0.00242208	0.0672975
7820	0.741265	0.0278968	0.150945	0.015036	0.0648567
7821	0.665794	0.0912133	0.135577	0.0491627	0.0582534
7822	0.00251795	0.844823	0.000512735	0.151926	0.000220307
7823	0.770857	0.00395921	0.156971	0.000766746	0.0674459
7824	1.41382e-08	0.649779	2.879e-09	0.350221	1.23702e-09
7825	0.765558	0.00751644	0.155892	0.00405125	0.0669822
7826	0.687664	0.0728657	0.14003	0.0392736	0.0601669
7827	0.753983	0.0172275	0.153535	0.0092854	0.0659694
7828	0.000174522	0.649632	3.55383e-05	0.350143	1.52697e-05
7829	0.761727	0.0107304	0.155112	0.00578352	0.066647
7830	0.739462	0.0383617	0.150578	0.00689865	0.064699
7831	0.753377	0.0214079	0.153412	0.00588701	0.0659165
7832	4.47404e-08	0.649779	9.11057e-09	0.350221	3.91454e-09
7833	0.316542	0.384217	0.064458	0.207088	0.0276957
7834	0.0424472	0.799873	0.0086436	0.145322	0.0037139
7835	0.732913	0.0455339	0.149245	0.00818288	0.0641259
7836	0.676669	0.0820894	0.137792	0.044245	0.0592049
7837	0.762231	0.0103076	0.155215	0.00555564	0.0666911
7838	0.215406	0.611895	0.0438635	0.109988	0.0188469
7839	0.763868	0.0116556	0.155548	0.00209422	0.0668344
7840	0.69714	0.0649152	0.14196	0.0349883	0.0609961
7841	6.53113e-06	0.649773	1.32995e-06	0.350218	5.71439e-07
7842	0.732371	0.0461273	0.149134	0.00828938	0.0640785
7843	0.755493	0.0207771	0.153843	0.00378513	0.0661016
7844	0.215901	0.468649	0.0439644	0.252595	0.0188902
7845	4.86046e-05	0.649738	9.89744e-06	0.350199	4.25264e-06
7846	9.23487e-05	0.649701	1.88052e-05	0.35018	8.08002e-06
7847	0.123879	0.545851	0.0252258	0.294206	0.0108388
7848	6.17974e-07	0.649778	1.25839e-07	0.350221	5.40694e-08
7849	0.766589	0.00665132	0.156102	0.00358497	0.0670725
7850	0.74822	0.022062	0.152362	0.0118911	0.0654653
7851	0.735056	0.0331061	0.149681	0.0178437	0.0643135
7852	0.684647	0.0753966	0.139416	0.0406377	0.0599029
7853	0.155498	0.519324	0.0316645	0.279908	0.0136053
7854	0.35858	0.348949	0.0730183	0.188079	0.0313738
7855	1.25352e-05	0.649768	2.55257e-06	0.350216	1.09676e-06
7856	0.732181	0.0355183	0.149095	0.0191439	0.0640619
7857	0.758249	0.0173381	0.154404	0.00366609	0.0663428
7858	0.759692	0.0124379	0.154698	0.00670387	0.066469
7859	0.573855	0.168345	0.116855	0.0907355	0.0502093
7860	0.745468	0.0243708	0.151801	0.0131355	0.0652245
7861	0.469332	0.333982	0.0955711	0.0600504	0.0410641
7862	0.761253	0.0144521	0.155015	0.00267394	0.0666056
7863	0.770173	0.00364461	0.156832	0.00196439	0.067386
7864	0.509409	0.222412	0.103732	0.119877	0.0445705
7865	0.76142	0.0109878	0.15505	0.00592228	0.0666202
7866	0.743722	0.0258359	0.151446	0.0139252	0.0650717
7867	0.703494	0.0595849	0.143254	0.0321154	0.061552
7868	0.744332	0.0253236	0.15157	0.0136491	0.0651251
7869	0.771152	0.00282311	0.157031	0.00152161	0.0674717
7870	2.50199e-18	0.649779	5.09486e-19	0.350221	2.18911e-19
7871	0.704901	0.0584043	0.14354	0.0314791	0.0616751
7872	0.752881	0.0181514	0.153311	0.00978336	0.0658731
7873	0.575407	0.167043	0.117171	0.0900337	0.0503451
7874	0.763475	0.00926374	0.155468	0.00499302	0.0668
7875	0.76335	0.00936849	0.155443	0.00504948	0.0667891
7876	0.769275	0.00439775	0.156649	0.00237033	0.0673075
7877	0.766727	0.00852419	0.15613	0.00153401	0.0670845
7878	0.00263426	0.647569	0.000536421	0.34903	0.000230484
7879	0.707224	0.0564555	0.144013	0.0304287	0.0618783
7880	0.555677	0.183595	0.113154	0.0989552	0.0486188
7881	1.44666e-15	6.46976e-18	2.94587e-16	1	1.26575e-16
7882	0.000189768	0.846523	3.86428e-05	0.153232	1.66036e-05
7883	0.761513	0.0109096	0.155069	0.00588009	0.0666284
7884	0.725704	0.0534088	0.147776	0.00961601	0.0634952
7885	0.756048	0.0154946	0.153956	0.00835134	0.0661502
7886	0.752763	0.018251	0.153287	0.00983702	0.0658627
7887	0.73723	0.031282	0.150124	0.0168605	0.0645037
7888	0.760376	0.011864	0.154837	0.00639452	0.0665288
7889	0.610479	0.179289	0.124313	0.0325058	0.0534136
7890	0.759777	0.0123664	0.154715	0.00666533	0.0664764
7891	0.758679	0.0132872	0.154491	0.00716163	0.0663804
7892	0.763848	0.0116758	0.155544	0.00210015	0.0668326
7893	0.398675	0.411296	0.081183	0.0739641	0.0348819
7894	0.141376	0.531172	0.0287886	0.286294	0.0123696
7895	3.10448e-11	0.649779	6.32172e-12	0.350221	2.71625e-12
7896	0.749651	0.0272143	0.152653	0.00489158	0.0655904
7897	0.734361	0.0336888	0.149539	0.0181578	0.0642527
7898	0.750665	0.0200105	0.15286	0.0107854	0.0656792
7899	0.365097	0.343482	0.0743455	0.185132	0.031944
7900	0.739634	0.029265	0.150613	0.0157734	0.064714
7901	0.644641	0.108959	0.13127	0.0587276	0.0564026
7902	0.625713	0.124839	0.127415	0.0672866	0.0547465
7903	0.454018	0.350683	0.0924526	0.0631226	0.0397241
7904	0.768776	0.00624616	0.156547	0.00116704	0.0672638
7905	0.240538	0.44798	0.0489813	0.241455	0.0210458
7906	7.64162e-10	0.649779	1.55608e-10	0.350221	6.68601e-11
7907	3.63191e-06	0.649776	7.39574e-07	0.35022	3.17773e-07
7908	0.721868	0.0575905	0.146996	0.010386	0.0631596
7909	0.752116	0.0187932	0.153155	0.0101293	0.0658062
7910	0.544578	0.192907	0.110894	0.103974	0.0476477
7911	0.309429	0.508933	0.0630096	0.0915555	0.0270734
7912	0.751205	0.0195579	0.152969	0.0105414	0.0657264
7913	0.443819	0.277438	0.0903758	0.149535	0.0388318
7914	4.76698e-08	0.649779	9.70709e-09	0.350221	4.17085e-09
7915	0.689044	0.0717077	0.140311	0.0386494	0.0602877
7916	1.03839e-06	0.649778	2.11449e-07	0.350221	9.08533e-08
7917	0.758689	0.0132791	0.154493	0.00715724	0.0663812
7918	0.769588	0.00533195	0.156713	0.0010326	0.0673348
7919	0.7547	0.0216649	0.153681	0.00392162	0.0660322
7920	0.741489	0.0277094	0.150991	0.014935	0.0648763
7921	0.710975	0.0533088	0.144777	0.0287327	0.0622065
7922	0.747921	0.0223131	0.152301	0.0120265	0.0654391
7923	0.733502	0.0344101	0.149364	0.0185465	0.0641775
7924	0.739022	0.0388296	0.150489	0.00699886	0.0646605
7925	0.489547	0.239075	0.0996875	0.128858	0.0428328
7926	0.757136	0.014582	0.154177	0.00785948	0.0662454
7927	0.542909	0.253483	0.110554	0.0455525	0.0475016
7928	0.710955	0.0694498	0.144773	0.0126178	0.0622047
7929	2.86692e-08	0.649779	5.83796e-09	0.350221	2.5084e-09
7930	0.751447	0.0193548	0.153019	0.010432	0.0657476
7931	0.746109	0.0307283	0.151932	0.00595089	0.0652805
7932	0.567646	0.173554	0.115591	0.0935432	0.049666
7933	0.55416	0.184868	0.112845	0.0996414	0.048486
7934	0.343143	0.3619	0.0698749	0.195059	0.0300232
7935	0.76183	0.0138768	0.155133	0.00250419	0.066656
7936	0.768582	0.0064907	0.156508	0.00117225	0.0672468
7937	0.724227	0.0509269	0.147476	0.0140045	0.063366
7938	0.669824	0.0878321	0.136398	0.0473403	0.058606
7939	0.728149	0.0507399	0.148274	0.00912796	0.0637091
7940	0.7194	0.0603096	0.146493	0.0108533	0.0629437
7941	0.569602	0.171913	0.115989	0.0926588	0.0498371
7942	0.551078	0.187454	0.112217	0.101035	0.0482164
7943	0.459013	0.264691	0.0934697	0.142665	0.0401612
7944	0.760321	0.0119103	0.154826	0.00641951	0.066524
7945	0.752332	0.0186119	0.153199	0.0100316	0.0658251
7946	0.759898	0.0122646	0.15474	0.00661046	0.066487
7947	0.744026	0.0255809	0.151507	0.0137878	0.0650983
7948	0.769335	0.00565941	0.156661	0.00103102	0.0673127
7949	0.769227	0.0044387	0.156639	0.0023924	0.0673032
7950	0.466552	0.258367	0.0950048	0.139256	0.0408208
7951	0.769984	0.00380287	0.156793	0.0020497	0.0673695
7952	0.749641	0.0208696	0.152651	0.0112484	0.0655896
7953	0.769829	0.00393308	0.156762	0.00211987	0.0673559
7954	0.77095	0.00299246	0.15699	0.00161289	0.067454
7955	0.0848302	0.578611	0.0172741	0.311863	0.00742219
7956	4.62027e-11	0.000158753	9.40835e-12	0.999841	4.04249e-12
7957	0.755409	0.0208853	0.153825	0.00378659	0.0660942
7958	0.767626	0.00578133	0.156313	0.00311606	0.0671632
7959	0.756189	0.0200524	0.153984	0.00361144	0.0661625
7960	0.764438	0.00845575	0.155664	0.00455753	0.0668843
7961	0.731773	0.0467302	0.149012	0.00845876	0.0640262
7962	0.761734	0.0129453	0.155113	0.00355988	0.0666476
7963	0.493438	0.307628	0.10048	0.0552804	0.0431732
7964	5.78286e-07	0.649778	1.17758e-07	0.350221	5.05969e-08
7965	3.01251e-11	0.649779	6.13443e-12	0.350221	2.63578e-12
7966	0.628496	0.159597	0.127982	0.0289356	0.05499
7967	0.692914	0.0684608	0.1411	0.0368994	0.0606263
7968	0.759847	0.0123074	0.154729	0.0066335	0.0664826
7969	0.736539	0.0318621	0.149983	0.0171732	0.0644432
7970	0.631446	0.120029	0.128583	0.064694	0.0552481
7971	0.294512	0.402699	0.0599721	0.217049	0.0257683
7972	0.209222	0.474252	0.0426044	0.255615	0.0183058
7973	0.755475	0.0159756	0.153839	0.00861061	0.0661
7974	0.764416	0.00847434	0.15566	0.00456755	0.0668823
7975	0.769668	0.00508324	0.156729	0.00117805	0.0673418
7976	7.88746e-05	0.649712	1.60614e-05	0.350186	6.90111e-06
7977	0.767933	0.00552406	0.156376	0.00297739	0.06719
7978	0.753966	0.0172417	0.153532	0.00929304	0.065968
7979	0.588581	0.155991	0.119854	0.0840768	0.0514977
7980	0.756515	0.0197009	0.154051	0.00354224	0.066191
7981	0.618574	0.130828	0.125961	0.0705145	0.0541219
7982	0.619259	0.130253	0.126101	0.0702046	0.0541819
7983	0.638257	0.114315	0.12997	0.0616144	0.055844
7984	0.695153	0.0665823	0.141555	0.0358869	0.0608222
7985	7.67007e-06	0.649772	1.56187e-06	0.350218	6.7109e-07
7986	0.741338	0.0278357	0.15096	0.015003	0.0648631
7987	0.433763	0.285875	0.088328	0.154082	0.0379519
7988	0.74102	0.0366414	0.150895	0.00660797	0.0648353
7989	0.572131	0.169791	0.116504	0.091515	0.0500584
7990	0.000177488	0.847371	3.61423e-05	0.1524	1.55293e-05
7991	0.756558	0.015067	0.154059	0.00812088	0.0661948
7992	0.424728	0.293455	0.0864882	0.158168	0.0371614
7993	0.639284	0.113454	0.130179	0.0611499	0.0559339
7994	0.754563	0.0167405	0.153653	0.00902291	0.0660202
7995	2.02947e-05	0.847654	4.13264e-06	0.15232	1.77568e-06
7996	0.705942	0.0575312	0.143752	0.0310085	0.0617661
7997	0.75816	0.0178904	0.154386	0.00322849	0.066335
7998	0.771475	0.00255216	0.157097	0.00137558	0.0675
7999	0.67486	0.0836068	0.137423	0.0450629	0.0590467
8000	0.694545	0.0670923	0.141432	0.0361618	0.060769
8001	0.645249	0.10845	0.131393	0.0584527	0.0564558
8002	0.772909	0.0013496	0.157389	0.000727417	0.0676254
8003	0.315736	0.502119	0.064294	0.0902259	0.0276252
8004	0.7373	0.0312235	0.150138	0.016829	0.0645098
8005	0.746449	0.0306965	0.152001	0.00554391	0.0653103
8006	0.727475	0.0394657	0.148137	0.0212714	0.0636502
8007	0.737851	0.0401263	0.15025	0.00721474	0.064558
8008	0.744669	0.0302261	0.151638	0.00831196	0.0651545
8009	0.751932	0.0189478	0.153117	0.0102126	0.06579
8010	0.544193	0.19323	0.110815	0.104148	0.047614
8011	0.744717	0.0250012	0.151648	0.0134753	0.0651587
8012	0.769491	0.00421648	0.156693	0.00227262	0.0673264
8013	0.703847	0.0592885	0.143326	0.0319557	0.0615829
8014	0.754031	0.0224217	0.153545	0.00402932	0.0659736
8015	0.762245	0.0134166	0.155217	0.00242858	0.0666924
8016	2.87606e-06	0.649776	5.85658e-07	0.35022	2.5164e-07
8017	0.755859	0.020252	0.153917	0.00383844	0.0661336
8018	0.557105	0.182397	0.113444	0.0983096	0.0487437
8019	0.696989	0.0650424	0.141929	0.035057	0.0609828
8020	0.371237	0.440631	0.0755958	0.0800546	0.0324813
8021	0.760513	0.0153129	0.154865	0.00276833	0.0665408
8022	0.772744	0.00148795	0.157355	0.000801985	0.0676109
8023	0.730866	0.0366207	0.148828	0.019738	0.0639469
8024	0.721668	0.0443379	0.146955	0.0238975	0.0631421
8025	0.750554	0.0262263	0.152837	0.00471356	0.0656694
8026	0.00232775	0.647826	0.000474004	0.349169	0.000203666
8027	0.762533	0.0100546	0.155276	0.00541928	0.0667175
8028	0.717557	0.0597058	0.146118	0.0138369	0.0627824
8029	0.65194	0.102836	0.132756	0.0554273	0.0570412
8030	0.52305	0.275184	0.10651	0.0494921	0.0457641
8031	0.605003	0.171659	0.123198	0.047205	0.0529346
8032	0.768741	0.0063181	0.15654	0.00113942	0.0672608
8033	0.448724	0.356461	0.0913746	0.0641793	0.0392609
8034	0.309644	0.508547	0.0630535	0.0916633	0.0270922
8035	0.00113585	0.648826	0.000231296	0.349708	9.93808e-05
8036	0.762148	0.0103774	0.155198	0.00559329	0.0666838
8037	0.12893	0.541613	0.0262542	0.291922	0.0112807
8038	0.746801	0.0232525	0.152073	0.0125328	0.0653411
8039	0.738422	0.0302821	0.150366	0.0163216	0.064608
8040	0.708575	0.0720199	0.144288	0.0131205	0.0619965
8041	0.762022	0.0104833	0.155172	0.00565036	0.0666728
8042	0.715989	0.0491025	0.145798	0.0264656	0.0626452
8043	0.556343	0.183036	0.113289	0.098654	0.0486771
8044	7.76727e-05	0.649713	1.58166e-05	0.350186	6.79594e-06
8045	0.479386	0.322761	0.0976183	0.0582918	0.0419437
8046	0.330369	0.372616	0.0672738	0.200835	0.0289055
8047	0.654604	0.100601	0.133298	0.0542224	0.0572744
8048	1.68741e-08	0.649779	3.4361e-09	0.350221	1.47639e-09
8049	0.736957	0.0315109	0.150068	0.0169839	0.0644798
8050	0.761313	0.0110774	0.155028	0.00597055	0.0666109
8051	0.648552	0.105678	0.132066	0.0569592	0.0567448
8052	0.771563	0.00323305	0.157115	0.000581617	0.0675076
8053	0.772797	0.00144288	0.157366	0.000777691	0.0676156
8054	0.744013	0.0255911	0.151505	0.0137932	0.0650972
8055	0.567912	0.173331	0.115645	0.0934228	0.0496893
8056	0.765683	0.00963621	0.155917	0.00177067	0.0669931
8057	0.52971	0.247905	0.107866	0.068172	0.0463468
8058	0.770312	0.00352783	0.15686	0.00190145	0.0673982
8059	0.77029	0.00354644	0.156856	0.00191148	0.0673963
8060	0.732834	0.03497	0.149228	0.0188484	0.0641191
8061	0.762724	0.0128931	0.155315	0.00233382	0.0667343
8062	0.708044	0.0557674	0.14418	0.0300578	0.0619501
8063	0.756139	0.0154181	0.153974	0.00831013	0.0661582
8064	0.763156	0.0095318	0.155403	0.0051375	0.066772
8065	0.77227	0.00188524	0.157259	0.00101612	0.0675695
8066	0.765418	0.00763398	0.155864	0.00411461	0.06697
8067	0.766695	0.00656283	0.156124	0.00353727	0.0670817
8068	0.690384	0.09208	0.140584	0.0165466	0.0604049
8069	0.754406	0.0168722	0.153621	0.00909387	0.0660065
8070	0.768243	0.0052641	0.156439	0.00283727	0.0672171
8071	1.26092e-29	2.53858e-22	2.56764e-30	1	1.10324e-30
8072	0.722694	0.0557456	0.147164	0.0111643	0.0632319
8073	1.02733e-05	0.64977	2.09196e-06	0.350217	8.98855e-07
8074	0.767059	0.00816155	0.156198	0.00146824	0.0671136
8075	0.718429	0.0470548	0.146295	0.0253619	0.0628587
8076	0.701578	0.0611924	0.142864	0.0329818	0.0613843
8077	0.605556	0.14175	0.123311	0.0764012	0.0529829
8078	0.731949	0.0357124	0.149048	0.0192485	0.0640416
8079	0.760705	0.011588	0.154904	0.00624575	0.0665576
8080	0.661786	0.0945755	0.134761	0.0509749	0.0579027
8081	7.00971e-06	0.847205	1.4274e-06	0.152786	6.13312e-07
8082	0.760775	0.0115294	0.154918	0.00621418	0.0665637
8083	0.753238	0.017852	0.153383	0.009622	0.0659043
8084	0.764265	0.0112151	0.155629	0.00202255	0.0668691
8085	5.17656e-09	0.649779	1.05411e-09	0.350221	4.52921e-10
8086	0.0862373	0.57743	0.0175607	0.311227	0.0075453
8087	0.758355	0.0135597	0.154425	0.00730846	0.066352
8088	0.725102	0.0540837	0.147654	0.00971807	0.0634425
8089	0.730579	0.0368618	0.148769	0.019868	0.0639218
8090	0.420703	0.296831	0.0856686	0.159988	0.0368093
8091	0.609208	0.138685	0.124054	0.0747495	0.0533025
8092	0.595299	0.196039	0.121222	0.0353541	0.0520855
8093	1.28674e-07	4.20195e-05	2.62022e-08	0.999958	1.12583e-08
8094	0.773581	0.0007855	0.157526	0.000423373	0.0676842
8095	0.539905	0.25609	0.109942	0.0468243	0.0472388
8096	0.763297	0.00941306	0.155432	0.0050735	0.0667844
8097	0.7477	0.0224981	0.152256	0.0121261	0.0654198
8098	0.716693	0.0485119	0.145942	0.0261472	0.0627068
8099	0.733833	0.034132	0.149432	0.0183967	0.0642065
8100	0.754281	0.0220482	0.153596	0.00407937	0.0659956
8101	0.157958	0.674428	0.0321654	0.121627	0.0138205
8102	0.73398	0.0340087	0.149462	0.0183302	0.0642193
8103	1.52086e-05	0.649766	3.09696e-06	0.350215	1.33067e-06
8104	0.768456	0.00663376	0.156482	0.00119247	0.0672358
8105	0.606566	0.140902	0.123516	0.0759442	0.0530713
8106	0.726483	0.0402983	0.147935	0.0217202	0.0635634
8107	0.522886	0.211105	0.106476	0.113783	0.0457497
8108	0.753677	0.0174842	0.153473	0.00942372	0.0659427
8109	0.643366	0.110029	0.13101	0.0593042	0.056291
8110	0.734016	0.0339786	0.149469	0.018314	0.0642225
8111	0.718963	0.0466069	0.146404	0.0251204	0.0629054
8112	0.724492	0.0419682	0.14753	0.0226203	0.0633892
8113	0.770633	0.00413937	0.156926	0.00087526	0.0674263
8114	0.768132	0.00698052	0.156416	0.00126356	0.0672075
8115	0.240049	0.140371	0.0488817	0.549695	0.021003
8116	0.689781	0.0925846	0.140461	0.0168209	0.0603521
8117	0.73622	0.0321294	0.149918	0.0173173	0.0644153
8118	0.70513	0.0582122	0.143587	0.0313756	0.0616951
8119	0.0810815	0.581756	0.0165108	0.313558	0.0070942
8120	0.000252203	0.847182	5.13566e-05	0.152492	2.20664e-05
8121	0.736802	0.0316412	0.150036	0.0170541	0.0644662
8122	0.677299	0.105761	0.13792	0.0197604	0.05926
8123	2.18295e-06	0.649777	4.44518e-07	0.35022	1.90996e-07
8124	0.717703	0.0476642	0.146147	0.0256903	0.0627952
8125	0.74336	0.0261395	0.151372	0.0140888	0.06504
8126	0.646292	0.107574	0.131606	0.057981	0.0565471
8127	0.760802	0.0150044	0.154924	0.00270448	0.0665661
8128	0.395604	0.317888	0.0805577	0.171337	0.0346132
8129	0.000573664	0.84671	0.000116816	0.152549	5.01925e-05
8130	0.339193	0.365214	0.0690705	0.196845	0.0296776
8131	0.720417	0.0591557	0.1467	0.0106945	0.0630326
8132	0.0715242	0.768804	0.0145646	0.138849	0.00625799
8133	0.701789	0.0795911	0.142907	0.0143106	0.0614028
8134	8.86075e-05	0.649704	1.80433e-05	0.350181	7.75268e-06
8135	0.752245	0.0243754	0.153181	0.00438077	0.0658174
8136	0.761746	0.0107145	0.155116	0.00577495	0.0666487
8137	0.759111	0.0168337	0.154579	0.00305838	0.0664181
8138	0.740396	0.028626	0.150768	0.015429	0.0647807
8139	0.771089	0.00287624	0.157018	0.00155025	0.0674662
8140	0.72876	0.0383882	0.148399	0.0206907	0.0637626
8141	0.767542	0.00585227	0.156296	0.00315429	0.0671558
8142	0.77042	0.00446929	0.156882	0.000821239	0.0674076
8143	0.728139	0.038909	0.148272	0.0209714	0.0637083
8144	0.717739	0.0476337	0.146155	0.0256739	0.0627984
8145	0.766804	0.00842387	0.156146	0.00153464	0.0670913
8146	0.768278	0.00682155	0.156446	0.00123479	0.0672202
8147	0.754232	0.0170182	0.153586	0.00917258	0.0659913
8148	0.761398	0.0143532	0.155045	0.00258503	0.0666183
8149	0.0354324	0.620053	0.00721517	0.3342	0.00310014
8150	0.748205	0.0220748	0.152358	0.011898	0.0654639
8151	0.702973	0.0471643	0.143148	0.0452079	0.0615064
8152	0.765377	0.00766865	0.155855	0.00413329	0.0669664
8153	0.339914	0.474025	0.0692174	0.0871029	0.0297407
8154	0.708866	0.055078	0.144348	0.0296863	0.062022
8155	0.739867	0.0379211	0.150661	0.00681696	0.0647344
8156	0.773853	0.000707832	0.157581	0.000149669	0.067708
8157	0.754328	0.0169379	0.153605	0.00912929	0.0659997
8158	0.684402	0.0986107	0.139366	0.0177398	0.0598815
8159	0.751222	0.0254791	0.152973	0.00459794	0.0657279
8160	0.646132	0.107708	0.131573	0.0580531	0.0565331
8161	0.761081	0.011272	0.154981	0.00607545	0.0665906
8162	0.683018	0.100102	0.139084	0.018035	0.0597605
8163	9.84466e-06	0.64977	2.00469e-06	0.350217	8.61355e-07
8164	0.621166	0.128653	0.126489	0.0693424	0.0543487
8165	2.0208e-10	5.32099e-09	4.115e-11	1	1.76809e-11
8166	0.730018	0.0373325	0.148655	0.0201217	0.0638727
8167	0.75546	0.0159878	0.153836	0.00861719	0.0660987
8168	0.746574	0.0305825	0.152026	0.00549529	0.0653213
8169	2.13479e-11	0.649779	4.34712e-12	0.350221	1.86783e-12
8170	0.773145	0.00143849	0.157437	0.000333373	0.0676461
8171	0.763542	0.0120085	0.155482	0.00216207	0.0668058
8172	0.671392	0.0865165	0.136717	0.0466312	0.0587432
8173	0.771106	0.00286193	0.157022	0.00154254	0.0674676
8174	0.767486	0.00589863	0.156285	0.00317928	0.0671509
8175	0.759701	0.0124302	0.154699	0.00669973	0.0664698
8176	0.768031	0.00709775	0.156396	0.00127653	0.0671986
8177	0.724569	0.0545923	0.147545	0.00989781	0.0633959
8178	0.387882	0.324367	0.0789851	0.174829	0.0339376
8179	0.113486	0.55457	0.0231093	0.298905	0.0099294
8180	0.734596	0.0334916	0.149587	0.0180515	0.0642733
8181	0.000826099	0.846786	0.00016822	0.152148	7.22793e-05
8182	0.119441	0.549574	0.0243219	0.296213	0.0104504
8183	0.766932	0.0063639	0.156172	0.00343005	0.0671024
8184	0.0764137	0.585672	0.0155603	0.315669	0.00668579
8185	0.582086	0.210611	0.118531	0.037842	0.0509294
8186	0.769361	0.0043256	0.156667	0.00233144	0.067315
8187	0.707409	0.0734398	0.144051	0.0132056	0.0618945
8188	0.755524	0.0159347	0.153849	0.00858858	0.0661043
8189	2.69373e-07	0.649778	5.48531e-08	0.350221	2.35687e-08
8190	4.7595e-05	0.649739	9.69188e-06	0.3502	4.16431e-06
8191	0.746039	0.0238914	0.151918	0.0128771	0.0652745
8192	0.581544	0.211129	0.118421	0.0380244	0.050882
8193	0.757298	0.0186252	0.15421	0.00360698	0.0662595
8194	0.762061	0.0104504	0.15518	0.00563264	0.0666762
8195	0.469672	0.255749	0.0956403	0.137845	0.0410938
8196	0.701029	0.0804312	0.142752	0.0144518	0.0613363
8197	0.752754	0.0182583	0.153285	0.00984098	0.0658619
8198	0.513277	0.219167	0.10452	0.118128	0.044909
8199	0.662438	0.0940289	0.134894	0.0506803	0.0579597
8200	0.58678	0.157502	0.119487	0.0848913	0.0513401
8201	0.687653	0.0728742	0.140028	0.0392782	0.060166
8202	0.00118956	0.648781	0.000242232	0.349684	0.00010408
8203	0.722511	0.0568959	0.147126	0.0102507	0.0632159
8204	0.737043	0.0314392	0.150086	0.0169453	0.0644873
8205	6.37405e-06	0.649773	1.29796e-06	0.350219	5.57696e-07
8206	1.16652e-11	0.649779	2.3754e-12	0.350221	1.02064e-12
8207	0.733871	0.0341005	0.14944	0.0183797	0.0642097
8208	0.76191	0.0137797	0.155149	0.00249831	0.066663
8209	0.615263	0.133605	0.125287	0.0720114	0.0538323
8210	0.525363	0.209027	0.106981	0.112663	0.0459664
8211	0.000461272	0.649392	9.39298e-05	0.350013	4.03589e-05
8212	0.763445	0.0121185	0.155462	0.00217737	0.0667974
8213	0.734637	0.0436467	0.149596	0.00784388	0.0642768
8214	0.251631	0.438674	0.0512401	0.236439	0.0220164
8215	0.77163	0.00292364	0.157129	0.000803979	0.0675135
8216	0.755118	0.0162748	0.153766	0.00877186	0.0660688
8217	0.764096	0.0087429	0.155594	0.0047123	0.0668543
8218	0.755886	0.0156308	0.153923	0.00842477	0.066136
8219	0.732265	0.0354475	0.149113	0.0191057	0.0640693
8220	1.44474e-07	0.649778	2.94195e-08	0.350221	1.26407e-08
8221	0.768323	0.00519652	0.156455	0.00280085	0.0672242
8222	0.698959	0.0826037	0.14233	0.0149523	0.0611551
8223	0.761171	0.0111965	0.154999	0.00603476	0.0665984
8224	0.343499	0.471714	0.0699475	0.0847845	0.0300544
8225	0.739894	0.0377237	0.150666	0.00697967	0.0647367
8226	0.769119	0.00452899	0.156617	0.00244106	0.0672938
8227	0.502149	0.228502	0.102254	0.12316	0.0439354
8228	0.772376	0.00232475	0.15728	0.000440618	0.0675787
8229	0.674174	0.084183	0.137283	0.0453735	0.0589866
8230	0.713779	0.050956	0.145348	0.0274645	0.0624519
8231	0.765492	0.00757136	0.155879	0.00408086	0.0669765
8232	0.0117707	0.639904	0.00239689	0.344899	0.00102987
8233	0.763303	0.0122713	0.155433	0.00220833	0.0667849
8234	0.601857	0.144852	0.122557	0.0780734	0.0526593
8235	0.74241	0.026936	0.151179	0.0145181	0.0649569
8236	0.769634	0.00525255	0.156722	0.00105194	0.0673389
8237	0.70691	0.0567191	0.143949	0.0305708	0.0618508
8238	0.63624	0.116007	0.129559	0.0625262	0.0556676
8239	7.34419e-05	0.847132	1.49551e-05	0.152773	6.42578e-06
8240	0.714307	0.0658779	0.145456	0.011861	0.0624981
8241	0.743547	0.033779	0.15141	0.00620695	0.0650564
8242	4.93285e-05	0.649737	1.00449e-05	0.350199	4.31598e-06
8243	7.36522e-05	0.649717	1.49979e-05	0.350188	6.44417e-06
8244	0.685709	0.0971586	0.139632	0.0175047	0.0599958
8245	0.734893	0.0332428	0.149648	0.0179174	0.0642992
8246	4.66959e-06	0.649775	9.50878e-07	0.350219	4.08564e-07
8247	0.76846	0.00508151	0.156483	0.00273886	0.0672362
8248	0.736078	0.0322489	0.149889	0.0173817	0.0644029
8249	0.760681	0.011608	0.154899	0.00625654	0.0665555
8250	0.765782	0.00732877	0.155938	0.00395011	0.0670018
8251	0.752684	0.0183172	0.153271	0.00987269	0.0658558
8252	0.66527	0.11954	0.13547	0.0215124	0.0582075
8253	0.729906	0.0374268	0.148632	0.0201725	0.0638628
8254	0.716275	0.0634572	0.145857	0.0117409	0.0626702
8255	0.696268	0.0856111	0.141782	0.0154186	0.0609197
8256	0.678548	0.0805128	0.138174	0.0433953	0.0593694
8257	0.723637	0.0426859	0.147356	0.0230071	0.0633144
8258	0.711388	0.0529618	0.144861	0.0285457	0.0622427
8259	0.752631	0.0183615	0.15326	0.00989661	0.0658512
8260	0.000255235	0.649564	5.1974e-05	0.350106	2.23317e-05
8261	0.233748	0.59178	0.0475987	0.106421	0.0204517
8262	0.678592	0.104988	0.138183	0.0188647	0.0593731
8263	0.692723	0.0686214	0.141061	0.036986	0.0606095
8264	0.769242	0.00577294	0.156642	0.00103806	0.0673046
8265	0.680697	0.102682	0.138612	0.0184526	0.0595573
8266	0.69577	0.0660652	0.141681	0.0356082	0.0608761
8267	0.66495	0.091921	0.135405	0.0495441	0.0581796
8268	0.766273	0.00691643	0.156038	0.00372786	0.0670448
8269	0.765002	0.00798271	0.155779	0.00430257	0.0669336
8270	0.74845	0.0218693	0.152408	0.0117873	0.0654853
8271	0.718186	0.0472589	0.146246	0.0254719	0.0628374
8272	0.759677	0.0124505	0.154695	0.00671062	0.0664677
8273	0.612134	0.177558	0.12465	0.0320998	0.0535584
8274	0.766655	0.00659615	0.156116	0.00355523	0.0670782
8275	0.657511	0.0981624	0.13389	0.0529082	0.0575287
8276	0.759772	0.0161364	0.154714	0.00290183	0.066476
8277	0.649481	0.104899	0.132255	0.056539	0.0568261
8278	0.729661	0.0376317	0.148582	0.020283	0.0638415
8279	0.733611	0.0343185	0.149387	0.0184972	0.064187
8280	6.97539e-06	0.649773	1.42041e-06	0.350218	6.1031e-07
8281	0.765926	0.00720763	0.155967	0.00388481	0.0670144
8282	0.416877	0.362166	0.0848896	0.099593	0.0364745
8283	0.689615	0.0712289	0.140428	0.0383914	0.0603376
8284	0.599327	0.191743	0.122042	0.0344497	0.0524379
8285	0.362383	0.345758	0.0737928	0.186359	0.0317066
8286	1.55998e-17	3.93333e-12	3.17662e-18	1	1.3649e-18
8287	0.736765	0.0316721	0.150029	0.0170708	0.064463
8288	0.719276	0.0463449	0.146468	0.0249792	0.0629328
8289	0.766081	0.0091918	0.155999	0.00170067	0.067028
8290	0.742284	0.0352585	0.151153	0.00635857	0.0649459
8291	0.737088	0.0314012	0.150095	0.0169248	0.0644913
8292	9.81955e-06	0.64977	1.99957e-06	0.350217	8.59158e-07
8293	2.24393e-05	0.64976	4.56936e-06	0.350211	1.96332e-06
8294	0.755916	0.0156054	0.153929	0.00841109	0.0661386
8295	0.677463	0.0814231	0.137953	0.0438859	0.0592744
8296	0.714789	0.0501092	0.145554	0.0270081	0.0625402
8297	0.762689	0.00992318	0.155308	0.00534845	0.0667312
8298	0.723096	0.0561836	0.147246	0.0102075	0.0632671
8299	0.769315	0.00569382	0.156657	0.00102351	0.0673109
8300	0.636267	0.115984	0.129564	0.062514	0.05567
8301	0.767013	0.00629597	0.156188	0.00339344	0.0671095
8302	0.756699	0.0149489	0.154088	0.00805723	0.0662071
8303	0.573118	0.168963	0.116705	0.0910689	0.0501447
8304	0.753337	0.0177693	0.153404	0.00957741	0.0659129
8305	0.715516	0.0494992	0.145702	0.0266794	0.0626038
8306	3.85549e-11	0.847212	7.85101e-12	0.152788	3.37335e-12
8307	0.628594	0.122421	0.128002	0.0659834	0.0549987
8308	0.667574	0.117019	0.135939	0.0210587	0.0584092
8309	0.759932	0.0122363	0.154747	0.00659517	0.06649
8310	0.733684	0.0342572	0.149402	0.0184641	0.0641934
8311	0.770518	0.00435715	0.156902	0.000806163	0.0674162
8312	0.702908	0.0783629	0.143135	0.0140936	0.0615007
8313	1.60862e-28	1.65876e-29	3.27566e-29	1	1.40745e-29
8314	0.725311	0.0412814	0.147697	0.0222501	0.0634608
8315	0.703748	0.0773239	0.143306	0.0140483	0.0615742
8316	9.21786e-05	0.649701	1.87705e-05	0.35018	8.06514e-06
8317	0.765888	0.00944106	0.155959	0.00170096	0.0670111
8318	0.625226	0.163396	0.127316	0.0293574	0.054704
8319	0.749534	0.0209597	0.152629	0.011297	0.0655802
8320	0.70807	0.0727226	0.144186	0.0130687	0.0619524
8321	0.742344	0.0269919	0.151165	0.0145483	0.0649511
8322	0.761629	0.0139412	0.155092	0.00269987	0.0666384
8323	0.650351	0.104169	0.132432	0.0561456	0.0569022
8324	0.695172	0.0665669	0.141559	0.0358786	0.0608238
8325	0.77441	8.99041e-05	0.157695	4.84571e-05	0.0677567
8326	0.74865	0.0217009	0.152449	0.0116965	0.0655029
8327	0.759009	0.0169676	0.154559	0.00305588	0.0664092
8328	0.767597	0.00580549	0.156307	0.00312908	0.0671607
8329	0.676998	0.106731	0.137858	0.0191784	0.0592337
8330	0.771441	0.00335761	0.15709	0.000613917	0.067497
8331	0.615363	0.174191	0.125308	0.0312981	0.053841
8332	0.757467	0.018548	0.154245	0.00346553	0.0662744
8333	0.771507	0.00252584	0.157103	0.00136139	0.0675027
8334	0.699846	0.0626455	0.142511	0.033765	0.0612328
8335	2.04005e-14	8.39995e-13	4.1542e-15	1	1.78493e-15
8336	0.00068246	0.649206	0.000138971	0.349913	5.97116e-05
8337	2.37215e-10	0.649779	4.83045e-11	0.350221	2.0755e-11
8338	0.0840165	0.579293	0.0171085	0.312231	0.007351
8339	3.61672e-05	0.847525	7.3648e-06	0.152428	3.16444e-06
8340	0.749989	0.0205781	0.152722	0.0110913	0.06562
8341	0.673455	0.0847862	0.137137	0.0456985	0.0589237
8342	0.423621	0.294383	0.0862628	0.158668	0.0370646
8343	0.75653	0.0196535	0.154054	0.00357067	0.0661923
8344	0.69229	0.0689842	0.140972	0.0371815	0.0605717
8345	0.58217	0.161369	0.118548	0.0869756	0.0509368
8346	0.760459	0.0153848	0.154854	0.00276601	0.0665361
8347	4.36965e-06	0.649775	8.89802e-07	0.350219	3.82321e-07
8348	0.758393	0.0135274	0.154433	0.00729109	0.0663553
8349	0.754689	0.016635	0.153679	0.00896603	0.0660312
8350	0.762116	0.0135628	0.155191	0.00244949	0.066681
8351	0.718605	0.0469078	0.146331	0.0252826	0.0628741
8352	0.772816	0.00172336	0.15737	0.00047391	0.0676172
8353	0.666941	0.090251	0.135811	0.048644	0.0583537
8354	0.689001	0.0935756	0.140303	0.0168367	0.0602839
8355	0.00107769	0.846159	0.000219451	0.15245	9.42918e-05
8356	0.755877	0.0203987	0.153921	0.003668	0.0661352
8357	0.750913	0.0198026	0.15291	0.0106733	0.0657009
8358	1.14604e-07	0.649778	2.33371e-08	0.350221	1.00273e-08
8359	0.757672	0.0141327	0.154286	0.0076173	0.0662922
8360	0.738271	0.0396696	0.150336	0.00712947	0.0645947
8361	0.734545	0.0437484	0.149577	0.00786064	0.0642688
8362	0.00124796	0.648732	0.000254125	0.349657	0.00010919
8363	0.000107882	0.847558	2.19682e-05	0.152303	9.43909e-06
8364	0.631407	0.156625	0.128575	0.0281488	0.0552447
8365	0.709863	0.0542419	0.144551	0.0292356	0.0621092
8366	0.768063	0.00541525	0.156402	0.00291874	0.0672014
8367	0.663587	0.0930643	0.135128	0.0501603	0.0580603
8368	0.00278116	2.59598e-05	0.000566333	0.996383	0.000243336
8369	0.570257	0.171364	0.116122	0.0923627	0.0498944
8370	0.696641	0.0653343	0.141858	0.0352143	0.0609523
8371	3.08798e-11	0.649779	6.28812e-12	0.350221	2.70182e-12
8372	0.762993	0.0126123	0.15537	0.00226754	0.0667578
8373	0.748745	0.0216215	0.152468	0.0116537	0.0655112
8374	0.564787	0.229502	0.115009	0.0412868	0.0494158
8375	1.2632e-07	0.649778	2.57228e-08	0.350221	1.10523e-08
8376	1.64357e-12	0.00179536	3.34683e-13	0.998205	1.43803e-13
8377	0.0370624	0.618685	0.0075471	0.333463	0.00324276
8378	0.76301	0.00965445	0.155373	0.00520361	0.0667593
8379	0.736243	0.03211	0.149923	0.0173068	0.0644173
8380	0.769787	0.00396879	0.156753	0.00213912	0.0673522
8381	0.178658	0.499894	0.0363805	0.269436	0.0156316
8382	0.00529346	0.83492	0.00107792	0.158245	0.000463149
8383	0.765227	0.00779415	0.155825	0.00420093	0.0669533
8384	0.688882	0.0718439	0.140278	0.0387228	0.0602734
8385	0.762462	0.010114	0.155262	0.00545131	0.0667113
8386	0.701354	0.0613797	0.142818	0.0330828	0.0613648
8387	0.183185	0.496097	0.0373022	0.267389	0.0160277
8388	0.73118	0.0473315	0.148892	0.00862277	0.0639743
8389	0.000604985	0.649271	0.000123194	0.349948	5.2933e-05
8390	0.756857	0.0192877	0.15412	0.0035138	0.066221
8391	4.11392e-06	0.846726	8.37726e-07	0.153268	3.59946e-07
8392	0.772581	0.00162478	0.157322	0.000875733	0.0675967
8393	0.683993	0.0759451	0.139283	0.0409334	0.0598457
8394	0.695726	0.086233	0.141672	0.0154972	0.0608723
8395	0.710716	0.0535258	0.144725	0.0288496	0.0621839
8396	0.742782	0.026624	0.151254	0.01435	0.0649895
8397	0.770698	0.00320432	0.156939	0.00172708	0.0674319
8398	0.764391	0.0110822	0.155655	0.00199159	0.0668802
8399	0.767019	0.00820108	0.15619	0.00147996	0.0671101
8400	0.760903	0.0114217	0.154944	0.00615615	0.0665749
8401	0.76456	0.0108884	0.155689	0.00196845	0.0668949
8402	2.24378e-14	6.7593e-17	4.56905e-15	1	1.96318e-15
8403	0.512984	0.219412	0.10446	0.11826	0.0448834
8404	0.767314	0.00604335	0.15625	0.00325728	0.0671359
8405	0.761293	0.0144736	0.155024	0.00260121	0.066609
8406	0.386096	0.325864	0.0786216	0.175636	0.0337814
8407	0.771832	0.00225244	0.15717	0.00121403	0.0675312
8408	0.730351	0.0370533	0.148723	0.0199712	0.0639018
8409	8.35898e-05	2.21834e-05	1.70216e-05	0.99987	7.31366e-06
8410	0.760558	0.0117115	0.154874	0.00631233	0.0665447
8411	0.677678	0.081243	0.137997	0.0437888	0.0592932
8412	0.714061	0.05072	0.145406	0.0273373	0.0624765
8413	0.707275	0.0564123	0.144024	0.0304055	0.0618828
8414	0.757747	0.014069	0.154302	0.00758299	0.0662989
8415	3.21648e-05	0.649752	6.54979e-06	0.350207	2.81425e-06
8416	0.747631	0.0292942	0.152242	0.00542003	0.0654137
8417	0.74764	0.0293832	0.152243	0.00531874	0.0654145
8418	0.751305	0.0194739	0.15299	0.0104962	0.0657352
8419	0.749434	0.0210433	0.152609	0.011342	0.0655715
8420	0.288893	0.407413	0.0588279	0.21959	0.0252766
8421	0.721475	0.0444995	0.146915	0.0239846	0.0631252
8422	0.753538	0.0176002	0.153445	0.00948628	0.0659306
8423	0.59418	0.151293	0.120994	0.0815449	0.0519876
8424	0.143997	0.528973	0.0293223	0.285109	0.0125989
8425	0.72669	0.0401242	0.147977	0.0216264	0.0635815
8426	0.57058	0.223196	0.116188	0.040114	0.0499227
8427	0.455766	0.348861	0.0928085	0.0626876	0.0398771
8428	0.769231	0.00443518	0.15664	0.0023905	0.0673036
8429	0.7547	0.0166258	0.153681	0.00896107	0.0660322
8430	0.500906	0.295952	0.102001	0.0573146	0.0438266
8431	0.746699	0.0233379	0.152052	0.0125788	0.0653322
8432	0.670915	0.0869168	0.13662	0.0468469	0.0587015
8433	0.476835	0.249739	0.0970989	0.134606	0.0417205
8434	0.763347	0.00937168	0.155442	0.0050512	0.0667887
8435	0.702551	0.0603762	0.143062	0.0325419	0.0614694
8436	0.39267	0.320349	0.0799602	0.172664	0.0343565
8437	0.713769	0.0509649	0.145346	0.0274694	0.0624509
8438	0.756876	0.0147998	0.154124	0.00797687	0.0662226
8439	0.657321	0.0983215	0.133852	0.0529939	0.0575121
8440	8.04452e-08	0.649779	1.63812e-08	0.350221	7.03853e-09
8441	0.593585	0.198016	0.120873	0.0355908	0.0519355
8442	0.763804	0.00898824	0.155535	0.00484453	0.0668287
8443	0.743802	0.0257685	0.151462	0.0138889	0.0650787
8444	0.713243	0.0514057	0.145239	0.0277069	0.062405
8445	0.599974	0.146432	0.122174	0.078925	0.0524945
8446	0.168295	0.508588	0.0342703	0.274122	0.0147249
8447	3.65631e-10	0.649779	7.44541e-11	0.350221	3.19907e-11
8448	0.712233	0.0681544	0.145033	0.0122628	0.0623166
8449	0.461135	0.262911	0.0939019	0.141705	0.0403469
8450	0.76566	0.00969173	0.155913	0.0017445	0.0669911
8451	0.703985	0.059173	0.143354	0.0318934	0.0615949
8452	0.765935	0.00719988	0.155969	0.00388063	0.0670152
8453	0.27964	0.415176	0.0569436	0.223774	0.024467
8454	0.628345	0.15971	0.127951	0.0290164	0.0549768
8455	0.678582	0.080485	0.138181	0.0433803	0.0593723
8456	0.00194603	0.648146	0.000396275	0.349341	0.000170268
8457	0.741437	0.0277526	0.15098	0.0149583	0.0648718
8458	0.773239	0.00139955	0.157456	0.000251483	0.0676542
8459	0.76173	0.0107277	0.155113	0.00578208	0.0666473
8460	0.678748	0.10481	0.138215	0.0188413	0.0593868
8461	0.763676	0.00909534	0.155509	0.00490226	0.0668176
8462	0.761935	0.0105562	0.155154	0.00568963	0.0666652
8463	0.596467	0.149375	0.12146	0.0805108	0.0521877
8464	0.667385	0.0898787	0.135901	0.0484433	0.0583926
8465	0.000411347	0.837313	8.37635e-05	0.162155	3.59907e-05
8466	0.724964	0.0415729	0.147626	0.0224072	0.0634304
8467	0.768384	0.0051458	0.156468	0.00277351	0.0672295
8468	0.59808	0.148021	0.121788	0.0797814	0.0523288
8469	0.214408	0.612953	0.0436604	0.110218	0.0187596
8470	0.733602	0.0343256	0.149385	0.018501	0.0641863
8471	0.658271	0.125045	0.134045	0.0250432	0.0575952
8472	0.712494	0.0678768	0.145087	0.0122034	0.0623394
8473	0.774228	0.00031356	0.157658	5.94301e-05	0.0677408
8474	0.762004	0.0104978	0.155168	0.00565817	0.0666713
8475	0.760647	0.0116362	0.154892	0.00627173	0.0665526
8476	0.758093	0.0137792	0.154372	0.00742677	0.0663291
8477	0.762735	0.00988441	0.155317	0.00532755	0.0667353
8478	0.749849	0.0206952	0.152693	0.0111544	0.0656078
8479	0.760264	0.0151904	0.154814	0.00321197	0.0665191
8480	0.750524	0.0201291	0.152831	0.0108493	0.0656668
8481	0.732653	0.0351217	0.149192	0.0189301	0.0641032
8482	0.742644	0.0267404	0.151226	0.0144127	0.0649773
8483	0.740039	0.0377342	0.150696	0.00678148	0.0647495
8484	0.762782	0.00984567	0.155327	0.00530668	0.0667393
8485	0.748009	0.0290087	0.152319	0.00521669	0.0654468
8486	0.729111	0.0380936	0.14847	0.0205319	0.0637933
8487	0.769982	0.0038053	0.156793	0.002051	0.0673693
8488	5.73763e-07	0.649778	1.16837e-07	0.350221	5.02012e-08
8489	0.7459	0.0240088	0.151889	0.0129404	0.0652622
8490	0.624538	0.125824	0.127176	0.0678175	0.0546438
8491	0.743185	0.0262864	0.151336	0.014168	0.0650247
8492	0.678607	0.104101	0.138186	0.0197307	0.0593745
8493	0.750012	0.0205589	0.152726	0.011081	0.065622
8494	0.703315	0.0597351	0.143217	0.0321964	0.0615363
8495	0.465464	0.259279	0.0947835	0.139748	0.0407257
8496	0.728854	0.038309	0.148418	0.020648	0.0637708
8497	0.704794	0.0763088	0.143519	0.0137128	0.0616657
8498	0.772759	0.00147539	0.157358	0.000795213	0.0676123
8499	0.7199	0.0458206	0.146595	0.0246967	0.0629874
8500	2.85008e-09	0.649779	5.80368e-10	0.350221	2.49367e-10
8501	0.767879	0.00556888	0.156365	0.00300155	0.0671853
8502	0.702093	0.0607605	0.142969	0.032749	0.0614293
8503	0.000255561	0.649564	5.20405e-05	0.350106	2.23603e-05
8504	0.695138	0.0868733	0.141552	0.0156155	0.0608209
8505	2.26904e-09	0.649779	4.6205e-10	0.350221	1.98529e-10
8506	0.745897	0.0312162	0.151889	0.00573602	0.065262
8507	0.29099	0.526014	0.0592549	0.0982811	0.0254601
8508	0.704099	0.0769834	0.143377	0.013935	0.0616049
8509	0.664997	0.0918817	0.135415	0.0495229	0.0581837
8510	0.475941	0.250489	0.0969169	0.13501	0.0416423
8511	0.695732	0.066097	0.141673	0.0356253	0.0608728
8512	0.000170321	0.649636	3.46827e-05	0.350144	1.49021e-05
8513	3.74579e-06	0.649775	7.62762e-07	0.35022	3.27736e-07
8514	0.682044	0.0775799	0.138886	0.0418145	0.0596752
8515	3.09861e-06	0.649776	6.30976e-07	0.35022	2.71112e-07
8516	0.730968	0.0365355	0.148849	0.0196921	0.0639558
8517	0.650386	0.135833	0.13244	0.0244359	0.0569053
8518	0.753443	0.0176805	0.153425	0.00952954	0.0659222
8519	0.730635	0.0368152	0.148781	0.0198428	0.0639266
8520	0.754284	0.0169744	0.153596	0.00914897	0.0659958
8521	0.732927	0.0348921	0.149247	0.0188064	0.0641272
8522	0.595351	0.195983	0.121233	0.0353438	0.05209
8523	0.723021	0.0561675	0.14723	0.0103209	0.0632605
8524	0.765126	0.00787884	0.155804	0.00424658	0.0669444
8525	0.76845	0.00509033	0.156481	0.00274361	0.0672352
8526	0.768059	0.0054183	0.156401	0.00292039	0.067201
8527	0.031967	0.812661	0.00650951	0.146065	0.00279694
8528	0.762315	0.0102369	0.155232	0.00551754	0.0666985
8529	0.764357	0.011112	0.155647	0.00200688	0.0668771
8530	0.767087	0.00623395	0.156203	0.00336001	0.067116
8531	0.712185	0.0522932	0.145024	0.0281853	0.0623124
8532	0.668781	0.0887075	0.136185	0.0478121	0.0585147
8533	0.740787	0.0368389	0.150848	0.00671124	0.0648149
8534	0.590593	0.200875	0.120264	0.036595	0.0516737
8535	0.763371	0.00935158	0.155447	0.00504037	0.0667908
8536	0.479792	0.322022	0.0977011	0.0585054	0.0419793
8537	0.68131	0.0781956	0.138737	0.0421463	0.059611
8538	4.51595e-23	6.7593e-17	9.19593e-24	1	3.95122e-24
8539	0.627276	0.161152	0.127733	0.0289555	0.0548833
8540	0.767386	0.00598292	0.156264	0.00322471	0.0671422
8541	0.729762	0.0488796	0.148603	0.0089048	0.0638503
8542	0.739877	0.029061	0.150663	0.0156635	0.0647353
8543	0.656605	0.129046	0.133706	0.0231943	0.0574494
8544	0.764501	0.0109582	0.155677	0.0019743	0.0668897
8545	0.699875	0.0626212	0.142517	0.0337519	0.0612353
8546	0.765771	0.00956863	0.155936	0.00172395	0.0670009
8547	0.739869	0.0290679	0.150661	0.0156672	0.0647346
8548	0.734974	0.043277	0.149664	0.00777875	0.0643063
8549	0.553077	0.185777	0.112624	0.100131	0.0483912
8550	0.485926	0.242112	0.0989502	0.130495	0.0425159
8551	0.75536	0.0209624	0.153816	0.00377167	0.06609
8552	0.768568	0.00499157	0.156505	0.00269039	0.0672455
8553	0.646057	0.139432	0.131558	0.026427	0.0565265
8554	0.773961	0.000466393	0.157603	0.000251379	0.0677175
8555	0.763249	0.00945346	0.155422	0.00509528	0.0667802
8556	0.761745	0.0107157	0.155116	0.00577561	0.0666486
8557	0.570991	0.170747	0.116272	0.0920305	0.0499587
8558	0.769229	0.00574039	0.15664	0.001088	0.0673034
8559	0.634576	0.117403	0.12922	0.0632787	0.055522
8560	1.51049e-14	8.09617e-16	3.07584e-15	1	1.3216e-15
8561	0.746401	0.0235883	0.151991	0.0127138	0.0653061
8562	0.768774	0.00627718	0.156547	0.00113808	0.0672636
8563	0.757781	0.0183181	0.154308	0.00329124	0.0663017
8564	0.6059	0.184375	0.123381	0.0333321	0.053013
8565	4.73506e-08	0.649779	9.64211e-09	0.350221	4.14293e-09
8566	7.38431e-10	0.649779	1.50368e-10	0.350221	6.46087e-11
8567	0.722191	0.0571167	0.147061	0.0104434	0.0631878
8568	0.617513	0.131718	0.125745	0.0709944	0.0540291
8569	0.625869	0.124708	0.127447	0.067216	0.0547601
8570	0.0527462	0.605527	0.0107408	0.326371	0.00461501
8571	0.734988	0.0331634	0.149667	0.0178746	0.0643075
8572	0.714218	0.0659949	0.145438	0.0118597	0.0624902
8573	0.749468	0.0273785	0.152616	0.00496384	0.0655744
8574	0.764448	0.00844791	0.155666	0.0045533	0.0668851
8575	2.61751e-10	1.58162e-07	5.33009e-11	1	2.29018e-11
8576	0.755267	0.01615	0.153797	0.00870461	0.0660818
8577	0.74965	0.0208621	0.152653	0.0112444	0.0655904
8578	0.765418	0.00763423	0.155864	0.00411474	0.0669699
8579	0.717823	0.0475638	0.146172	0.0256362	0.0628056
8580	0.585511	0.201438	0.119229	0.0425936	0.051229
8581	0.549463	0.188808	0.111888	0.101765	0.0480751
8582	0.530721	0.265218	0.108072	0.0495537	0.0464352
8583	0.701848	0.060966	0.142919	0.0328598	0.0614079
8584	0.585895	0.158244	0.119307	0.0852913	0.0512627
8585	0.750273	0.02034	0.15278	0.010963	0.0656448
8586	0.77401	0.000425731	0.157613	0.000229463	0.0677217
8587	7.80268e-10	0.649779	1.58887e-10	0.350221	6.82692e-11
8588	0.774161	0.000373672	0.157644	8.65991e-05	0.0677349
8589	1.808e-06	0.649777	3.68166e-07	0.350221	1.5819e-07
8590	0.000622491	0.649256	0.000126759	0.34994	5.44646e-05
8591	0.76915	0.00450283	0.156624	0.00242696	0.0672965
8592	0.751558	0.0192619	0.153041	0.0103819	0.0657573
8593	0.661297	0.0949854	0.134661	0.0511958	0.05786
8594	0.672383	0.111657	0.136919	0.0202114	0.0588299
8595	0.685015	0.0979342	0.139491	0.0176242	0.0599352
8596	0.635863	0.151731	0.129482	0.0272889	0.0556346
8597	0.505501	0.225691	0.102936	0.121644	0.0442286
8598	7.01376e-05	0.64972	1.42823e-05	0.35019	6.13667e-06
8599	0.759008	0.0130117	0.154558	0.00701314	0.0664091
8600	4.43404e-07	0.649778	9.02912e-08	0.350221	3.87955e-08
8601	0.72633	0.0404267	0.147904	0.0217894	0.06355
8602	0.321371	0.47499	0.0654414	0.11008	0.0281182
8603	0.000234047	0.649582	4.76594e-05	0.350116	2.04778e-05
8604	0.725577	0.0410582	0.147751	0.0221298	0.0634841
8605	0.766298	0.00689549	0.156043	0.00371657	0.067047
8606	0.645379	0.10834	0.13142	0.0583937	0.0564672
8607	0.766696	0.00854835	0.156124	0.00154985	0.0670818
8608	0.716904	0.0483344	0.145985	0.0260516	0.0627253
8609	0.00103826	0.648908	0.000211424	0.349752	9.08426e-05
8610	0.489503	0.239112	0.0996785	0.128878	0.0428289
8611	0.652317	0.10252	0.132833	0.0552567	0.0570742
8612	0.190071	0.490319	0.0387045	0.264275	0.0166302
8613	1.66294e-11	0.840666	3.38629e-12	0.159334	1.45499e-12
8614	0.725546	0.0535627	0.147744	0.00966586	0.0634814
8615	0.706846	0.0567729	0.143936	0.0305998	0.0618452
8616	0.768105	0.00537957	0.156411	0.00289951	0.0672051
8617	0.669748	0.087896	0.136382	0.0473747	0.0585994
8618	0.761381	0.0110206	0.155042	0.00593992	0.0666168
8619	0.738451	0.0365232	0.150372	0.0100436	0.0646105
8620	0.000344333	0.64949	7.01171e-05	0.350066	3.01273e-05
8621	0.75967	0.0124562	0.154693	0.00671369	0.0664671
8622	0.724639	0.0418449	0.14756	0.0225538	0.0634021
8623	0.771627	0.00316161	0.157128	0.000570541	0.0675132
8624	2.10226e-18	2.3941e-19	4.28086e-19	1	1.83936e-19
8625	0.766226	0.00695625	0.156028	0.00374932	0.0670406
8626	0.575005	0.16738	0.117089	0.0902155	0.0503099
8627	0.598197	0.147924	0.121812	0.0797287	0.052339
8628	0.730324	0.0370761	0.148717	0.0199835	0.0638994
8629	0.766159	0.00701213	0.156015	0.00377944	0.0670348
8630	0.771023	0.00293134	0.157005	0.00157995	0.0674604
8631	0.687378	0.0953697	0.139972	0.0171386	0.0601419
8632	0.546454	0.191333	0.111276	0.103126	0.0478118
8633	0.71368	0.0637699	0.145328	0.0147788	0.0624432
8634	0.522848	0.211137	0.106469	0.1138	0.0457464
8635	0.761241	0.0111377	0.155013	0.00600308	0.0666046
8636	6.93025e-07	0.649778	1.41122e-07	0.350221	6.0636e-08
8637	0.761208	0.0145641	0.155006	0.00261936	0.0666017
8638	0.217164	0.46759	0.0442215	0.252024	0.0190007
8639	0.751734	0.0249308	0.153077	0.00448499	0.0657727
8640	0.746904	0.0231659	0.152094	0.0124861	0.0653501
8641	0.00167197	0.648376	0.000340466	0.349465	0.000146288
8642	0.766363	0.00684091	0.156056	0.00368716	0.0670527
8643	6.98864e-12	0.846731	1.42311e-12	0.153269	6.11468e-13
8644	0.736268	0.0418571	0.149928	0.00752724	0.0644195
8645	0.769725	0.00502378	0.156741	0.00116427	0.0673468
8646	0.767611	0.00755794	0.15631	0.00135867	0.0671619
8647	0.727874	0.0391313	0.148218	0.0210912	0.0636851
8648	0.332334	0.370968	0.0676739	0.199947	0.0290775
8649	0.743059	0.0263921	0.151311	0.014225	0.0650137
8650	0.452797	0.269906	0.0922039	0.145476	0.0396173
8651	0.758908	0.017025	0.154538	0.00312837	0.0664004
8652	0.757228	0.018916	0.154196	0.00340679	0.0662534
8653	0.0057828	0.841357	0.00117756	0.151177	0.000505964
8654	0.337302	0.3668	0.0686856	0.1977	0.0295121
8655	0.763092	0.009585	0.15539	0.00516618	0.0667665
8656	0.769872	0.00389692	0.156771	0.00210038	0.0673597
8657	0.772858	0.00173892	0.157379	0.000402997	0.067621
8658	0.765146	0.00786238	0.155808	0.00423771	0.0669461
8659	0.278822	0.542514	0.0567771	0.0974917	0.0243954
8660	1.46587e-05	6.89656e-06	2.98498e-06	0.999974	1.28256e-06
8661	0.495128	0.305756	0.100824	0.0549713	0.043321
8662	4.14375e-06	0.649775	8.43801e-07	0.35022	3.62556e-07
8663	0.75712	0.0145952	0.154174	0.0078666	0.066244
8664	5.28941e-08	0.649779	1.07709e-08	0.350221	4.62795e-09
8665	0.684845	0.0980673	0.139456	0.0177113	0.0599203
8666	6.44251e-07	9.323e-08	1.3119e-07	0.999999	5.63685e-08
8667	0.613766	0.134861	0.124982	0.0726884	0.0537013
8668	0.745923	0.0239888	0.151894	0.0129296	0.0652643
8669	0.704616	0.0586431	0.143482	0.0316078	0.0616502
8670	1.94579e-33	4.3685e-28	3.96226e-34	1	1.70246e-34
8671	0.668349	0.0890692	0.136097	0.0480071	0.058477
8672	0.624282	0.152137	0.127124	0.0418365	0.0546213
8673	6.3527e-06	0.649773	1.29361e-06	0.350219	5.55827e-07
8674	0.585038	0.158963	0.119132	0.0856788	0.0511877
8675	0.577698	0.215378	0.117638	0.0387406	0.0505455
8676	0.768289	0.00522542	0.156448	0.00281643	0.0672212
8677	0.111299	0.724875	0.0226641	0.131423	0.0097381
8678	0.753723	0.0227442	0.153482	0.00410439	0.0659467
8679	0.707082	0.0737798	0.143985	0.0132878	0.0618659
8680	0.764787	0.0106464	0.155735	0.00191684	0.0669148
8681	0.410009	0.305803	0.083491	0.164823	0.0358736
8682	0.741255	0.0279055	0.150943	0.0150407	0.0648558
8683	0.653136	0.101832	0.132999	0.0548861	0.0571459
8684	0.366925	0.341948	0.0747177	0.184305	0.032104
8685	0.724683	0.0418085	0.147569	0.0225342	0.0634059
8686	0.686346	0.0739712	0.139762	0.0398694	0.0600516
8687	0.761308	0.0110823	0.155027	0.0059732	0.0666103
8688	0.702385	0.0605151	0.143028	0.0326168	0.0614549
8689	5.27095e-06	0.649774	1.07333e-06	0.350219	4.6118e-07
8690	0.00136327	0.648635	0.000277604	0.349605	0.000119278
8691	0.755908	0.0203396	0.153927	0.00368766	0.0661379
8692	0.760925	0.0148514	0.154949	0.00269822	0.0665769
8693	0.612374	0.17746	0.124699	0.0318871	0.0535795
8694	0.000196612	0.649614	4.00365e-05	0.350133	1.72025e-05
8695	0.691661	0.0906594	0.140844	0.0163186	0.0605166
8696	0.762664	0.0129706	0.155303	0.00233375	0.066729
8697	0.688471	0.0721879	0.140195	0.0389083	0.0602376
8698	0.746199	0.0309901	0.15195	0.00557206	0.0652884
8699	3.89599e-09	1.75816e-10	7.93349e-10	1	3.40878e-10
8700	0.730695	0.0367645	0.148793	0.0198156	0.0639319
8701	1.1415e-07	0.649778	2.32446e-08	0.350221	9.98753e-09
8702	0.000620122	0.649258	0.000126277	0.349941	5.42573e-05
8703	0.000942062	0.648988	0.000191834	0.349795	8.24254e-05
8704	0.746842	0.0232182	0.152081	0.0125143	0.0653447
8705	0.000363061	0.649474	7.39308e-05	0.350057	3.17659e-05
8706	0.659926	0.096136	0.134382	0.0518159	0.05774
8707	0.369976	0.339389	0.075339	0.182926	0.0323709
8708	0.57426	0.215415	0.116938	0.0431419	0.0502447
8709	0.0029951	0.647266	0.000609899	0.348867	0.000262055
8710	0.5814	0.211361	0.118392	0.037978	0.0508694
8711	0.666825	0.117666	0.135787	0.0213778	0.0583437
8712	2.86263e-09	0.847601	5.82922e-10	0.152399	2.50464e-10
8713	0.450614	0.354498	0.0917595	0.0637019	0.0394263
8714	0.753008	0.0235405	0.153337	0.00423046	0.0658842
8715	0.00359134	0.646766	0.000731312	0.348597	0.000314223
8716	0.750611	0.0258578	0.152849	0.00500767	0.0656745
8717	0.768131	0.00535815	0.156416	0.00288797	0.0672073
8718	0.751639	0.019194	0.153058	0.0103453	0.0657644
8719	0.733121	0.0347295	0.149287	0.0187187	0.0641441
8720	0.713032	0.0672874	0.145196	0.0120975	0.0623865
8721	0.677611	0.0812993	0.137983	0.0438192	0.0592873
8722	0.751927	0.0189521	0.153116	0.0102149	0.0657896
8723	0.653606	0.131738	0.133095	0.0243742	0.057187
8724	0.749892	0.0206593	0.152702	0.0111351	0.0656115
8725	0.764654	0.0107802	0.155708	0.0019545	0.0669031
8726	0.625206	0.125264	0.127312	0.0675157	0.0547022
8727	0.754147	0.0170897	0.153568	0.0092111	0.0659838
8728	0.00432748	0.828489	0.000881213	0.165924	0.000378631
8729	0.767447	0.00593131	0.156277	0.00319689	0.0671475
8730	0.754537	0.0218639	0.153648	0.0039327	0.066018
8731	0.434405	0.285336	0.0884587	0.153792	0.0380081
8732	0.752975	0.0180729	0.15333	0.00974104	0.0658813
8733	0.633422	0.154403	0.128985	0.0277695	0.055421
8734	1.50508e-07	0.649778	3.06483e-08	0.350221	1.31687e-08
8735	0.209927	0.617632	0.0427479	0.111325	0.0183675
8736	0.737777	0.0401437	0.150235	0.00729337	0.0645515
8737	0.000119402	0.649678	2.4314e-05	0.350167	1.0447e-05
8738	0.535807	0.200265	0.109107	0.10794	0.0468803
8739	0.17478	0.656367	0.0355908	0.11797	0.0152923
8740	0.0100145	0.641377	0.00203927	0.345693	0.000876214
8741	2.58376e-06	0.847622	5.26136e-07	0.152375	2.26065e-07
8742	0.422806	0.381749	0.0860969	0.0723543	0.0369933
8743	0.761057	0.0112923	0.154976	0.0060864	0.0665884
8744	0.76433	0.00854676	0.155642	0.00460658	0.0668748
8745	0.772603	0.00160583	0.157327	0.000865521	0.0675986
8746	0.717575	0.0622998	0.146121	0.0112202	0.062784
8747	0.763118	0.0124705	0.155395	0.00224776	0.0667687
8748	1.22144e-05	0.649768	2.48724e-06	0.350216	1.06869e-06
8749	0.751386	0.0194063	0.153006	0.0104597	0.0657422
8750	0.759455	0.0126362	0.154649	0.00681073	0.0664483
8751	0.50965	0.289868	0.103781	0.0521088	0.0445917
8752	0.737016	0.0314618	0.15008	0.0169575	0.0644849
8753	0.000887086	0.649034	0.000180639	0.34982	7.76153e-05
8754	0.759323	0.012747	0.154623	0.00687045	0.0664367
8755	0.747958	0.0222818	0.152308	0.0120096	0.0654423
8756	0.763555	0.0119942	0.155484	0.00216016	0.0668069
8757	0.770386	0.00346572	0.156875	0.00186797	0.0674047
8758	0.76989	0.00388224	0.156774	0.00209247	0.0673612
8759	5.6596e-06	0.649774	1.15248e-06	0.350219	4.95184e-07
8760	0.71948	0.0599651	0.146509	0.0110948	0.0629507
8761	0.762488	0.0100916	0.155267	0.00543921	0.0667137
8762	0.772607	0.00160234	0.157328	0.000863638	0.067599
8763	0.00291732	0.647331	0.00059406	0.348902	0.00025525
8764	0.708889	0.055059	0.144352	0.029676	0.062024
8765	8.53131e-06	0.649771	1.73725e-06	0.350218	7.46444e-07
8766	0.400029	0.314175	0.0814588	0.169336	0.0350004
8767	0.205128	0.477687	0.0417707	0.257467	0.0179476
8768	0.773376	0.000957204	0.157484	0.000515919	0.0676663
8769	0.762678	0.00993222	0.155306	0.00535332	0.0667303
8770	0.75579	0.0204935	0.153903	0.00368576	0.0661276
8771	0.0794025	0.583164	0.0161689	0.314317	0.0069473
8772	0.470544	0.255017	0.0958178	0.137451	0.0411701
8773	0.303279	0.514883	0.0617574	0.0935448	0.0265353
8774	3.30447e-08	0.649779	6.72897e-09	0.350221	2.89124e-09
8775	5.20192e-05	0.649735	1.05928e-05	0.350198	4.5514e-06
8776	0.768289	0.00522484	0.156448	0.00281611	0.0672212
8777	0.743342	0.0340036	0.151368	0.00624822	0.0650384
8778	0.111839	0.555952	0.022774	0.29965	0.00978531
8779	0.141207	0.531313	0.0287543	0.28637	0.0123549
8780	0.713493	0.0511963	0.14529	0.0275941	0.0624268
8781	0.768585	0.00649309	0.156508	0.00116681	0.067247
8782	0.768978	0.00464745	0.156588	0.00250491	0.0672814
8783	1.91042e-19	1.11612e-20	3.89022e-20	1	1.67151e-20
8784	0.671561	0.112175	0.136751	0.0207547	0.058758
8785	0.755709	0.0205687	0.153887	0.00371479	0.0661205
8786	0.756683	0.0149621	0.154085	0.00806436	0.0662057
8787	0.714212	0.0505933	0.145436	0.0272691	0.0624897
8788	0.754862	0.0214985	0.153714	0.00387959	0.0660464
8789	0.760386	0.0118558	0.154839	0.00639011	0.0665297
8790	0.102825	0.735088	0.0209385	0.132152	0.00899666
8791	0.0282243	0.6261	0.00574737	0.337459	0.00246947
8792	0.707832	0.0559451	0.144137	0.0301536	0.0619315
8793	0.692445	0.0688539	0.141004	0.0371113	0.0605853
8794	0.728882	0.0499188	0.148424	0.00900243	0.0637733
8795	0.724514	0.05472	0.147534	0.0098404	0.0633911
8796	0.769547	0.00416949	0.156705	0.0022473	0.0673313
8797	0.767712	0.00570952	0.156331	0.00307735	0.0671707
8798	0.746277	0.0236925	0.151966	0.0127699	0.0652952
8799	0.611473	0.178443	0.124516	0.0320674	0.0535006
8800	0.772574	0.00163021	0.157321	0.000878658	0.0675961
8801	0.759542	0.016362	0.154667	0.00297268	0.0664559
8802	0.615847	0.133116	0.125406	0.0717475	0.0538833
8803	4.38415e-05	0.847641	8.92754e-06	0.152303	3.8359e-06
8804	0.663055	0.0935111	0.135019	0.0504012	0.0580137
8805	0.773387	0.000948216	0.157486	0.000511075	0.0676672
8806	0.736973	0.0314974	0.150071	0.0169766	0.0644812
8807	0.746352	0.0236295	0.151981	0.012736	0.0653018
8808	0.500144	0.230184	0.101845	0.124066	0.0437599
8809	0.763211	0.00948505	0.155414	0.00511231	0.0667769
8810	0.769916	0.00386017	0.15678	0.00208058	0.0673635
8811	0.751355	0.0253459	0.153	0.00455965	0.0657395
8812	0.766576	0.00666206	0.1561	0.00359076	0.0670713
8813	4.9576e-15	1.04814e-10	1.00953e-15	1	4.33764e-16
8814	0.771969	0.00277938	0.157198	0.000510716	0.0675432
8815	5.21996e-07	0.649778	1.06295e-07	0.350221	4.56719e-08
8816	0.755789	0.0157124	0.153903	0.00846879	0.0661275
8817	0.658511	0.126914	0.134094	0.0228656	0.0576162
8818	4.56714e-07	0.649778	9.30016e-08	0.350221	3.996e-08
8819	0.288997	0.407326	0.058849	0.219543	0.0252857
8820	0.764068	0.0114259	0.155589	0.00206563	0.0668519
8821	0.727662	0.0393095	0.148175	0.0211872	0.0636665
8822	0.766643	0.00660581	0.156113	0.00356044	0.0670772
8823	0.771734	0.00233493	0.15715	0.00125849	0.0675226
8824	0.761831	0.0138784	0.155133	0.00250152	0.0666561
8825	0.741307	0.0363461	0.150954	0.00653202	0.0648604
8826	0.685119	0.0976375	0.139512	0.0177874	0.0599442
8827	0.742879	0.0265432	0.151274	0.0143064	0.0649979
8828	0.746756	0.0232904	0.152063	0.0125532	0.0653371
8829	0.767375	0.00781129	0.156262	0.00141075	0.0671412
8830	2.69403e-08	0.649779	5.4859e-09	0.350221	2.35713e-09
8831	3.30325e-31	7.92289e-23	6.72648e-32	1	2.89017e-32
8832	0.727655	0.0393149	0.148174	0.0211902	0.0636659
8833	0.741518	0.0361159	0.150997	0.00648988	0.0648789
8834	0.720153	0.045609	0.146646	0.0245826	0.0630095
8835	0.768044	0.00543092	0.156398	0.00292719	0.0671997
8836	0.712665	0.0676801	0.145121	0.0121797	0.0623543
8837	0.76668	0.00850629	0.156121	0.00161223	0.0670804
8838	0.623926	0.164538	0.127051	0.0298936	0.0545902
8839	0.742749	0.0266523	0.151247	0.0143652	0.0649865
8840	0.00112773	0.648832	0.000229642	0.349711	9.86705e-05
8841	0.628964	0.159283	0.128077	0.0286442	0.055031
8842	2.73086e-11	3.93333e-12	5.56091e-12	1	2.38936e-12
8843	0.673334	0.0848876	0.137112	0.0457532	0.0589131
8844	4.90136e-07	0.649778	9.98075e-08	0.350221	4.28843e-08
8845	0.319256	0.38194	0.0650108	0.20586	0.0279332
8846	0.628804	0.122245	0.128045	0.0658886	0.055017
8847	0.621736	0.128175	0.126605	0.0690845	0.0543986
8848	0.214203	0.470074	0.0436186	0.253363	0.0187416
8849	0.758353	0.013561	0.154425	0.00730918	0.0663518
8850	0.716749	0.0632143	0.145953	0.0113721	0.0627117
8851	0.17058	0.506671	0.0347355	0.273089	0.0149248
8852	4.95632e-08	0.00264085	1.00927e-08	0.997359	4.33651e-09
8853	0.761838	0.0106376	0.155135	0.00573349	0.0666567
8854	0.000157922	0.649646	3.2158e-05	0.35015	1.38173e-05
8855	0.385777	0.326133	0.0785565	0.175781	0.0337534
8856	0.771195	0.00278738	0.15704	0.00150236	0.0674754
8857	0.643495	0.109921	0.131036	0.0592457	0.0563024
8858	0.399433	0.410506	0.0813373	0.073775	0.0349482
8859	0.194411	0.634904	0.0395882	0.114087	0.0170099
8860	0.648753	0.10551	0.132107	0.0568681	0.0567624
8861	0.761829	0.0106452	0.155133	0.00573762	0.0666559
8862	0.424858	0.293346	0.0865146	0.158109	0.0371728
8863	0.000157116	0.845725	3.19938e-05	0.154073	1.37468e-05
8864	1.14684e-08	0.846731	2.33532e-09	0.153269	1.00342e-09
8865	0.763752	0.0117808	0.155524	0.00211804	0.0668243
8866	0.762551	0.0100387	0.15528	0.00541072	0.0667192
8867	0.698619	0.0830656	0.142261	0.014929	0.0611254
8868	0.00373613	0.646644	0.000760796	0.348532	0.000326891
8869	5.56172e-09	0.649779	1.13254e-09	0.350221	4.86621e-10
8870	0.000268566	0.649553	5.46887e-05	0.3501	2.34981e-05
8871	0.718658	0.0468634	0.146342	0.0252587	0.0628787
8872	0.748751	0.0216163	0.15247	0.0116509	0.0655117
8873	0.762644	0.0129936	0.155299	0.00233582	0.0667273
8874	0.745116	0.0246658	0.15173	0.0132945	0.0651937
8875	0.702906	0.0600782	0.143134	0.0323813	0.0615005
8876	0.686047	0.0968264	0.139701	0.0174003	0.0600254
8877	0.768757	0.00623107	0.156543	0.00120672	0.0672621
8878	0.727223	0.0396778	0.148086	0.0213858	0.0636281
8879	0.644962	0.10869	0.131335	0.0585822	0.0564307
8880	0.767723	0.00737482	0.156333	0.00139778	0.0671716
8881	0.745345	0.0244742	0.151776	0.0131913	0.0652137
8882	0.522289	0.211606	0.106355	0.114053	0.0456975
8883	0.732877	0.0455735	0.149237	0.00818972	0.0641228
8884	0.42189	0.385837	0.0859102	0.0694503	0.0369131
8885	0.770896	0.00394577	0.156979	0.00073005	0.0674493
8886	0.744167	0.0307344	0.151536	0.00845174	0.0651106
8887	0.738363	0.0303316	0.150354	0.0163483	0.0646028
8888	0.750529	0.0262525	0.152832	0.0047196	0.0656673
8889	0.740736	0.0283411	0.150837	0.0152754	0.0648104
8890	0.000214269	0.649599	4.36321e-05	0.350125	1.87474e-05
8891	0.718739	0.0467947	0.146358	0.0252217	0.0628859
8892	6.19726e-12	3.57729e-12	1.26196e-12	1	5.42227e-13
8893	0.771532	0.0025045	0.157109	0.00134989	0.0675049
8894	0.643183	0.110183	0.130973	0.0593869	0.0562751
8895	0.00336	0.64696	0.000684203	0.348702	0.000293982
8896	4.6344e-05	0.64974	9.43712e-06	0.3502	4.05485e-06
8897	0.55531	0.183903	0.113079	0.0991211	0.0485867
8898	0.748396	0.0284604	0.152397	0.00526577	0.0654806
8899	0.746357	0.0308155	0.151982	0.00554285	0.0653023
8900	0.765789	0.00732229	0.155939	0.00394661	0.0670025
8901	0.770392	0.00450598	0.156876	0.000820891	0.0674051
8902	0.745601	0.0242588	0.151828	0.0130752	0.0652361
8903	0.719272	0.0463478	0.146467	0.0249808	0.0629325
8904	0.702249	0.0606289	0.143	0.0326781	0.0614431
8905	0.424036	0.294035	0.0863474	0.158481	0.0371009
8906	0.727755	0.0392308	0.148194	0.0211449	0.0636747
8907	2.76745e-05	0.649755	5.6354e-06	0.350209	2.42137e-06
8908	0.678887	0.0802291	0.138243	0.0432424	0.0593989
8909	0.488252	0.240162	0.0994236	0.129444	0.0427194
8910	0.771459	0.00334693	0.157094	0.000601637	0.0674985
8911	0.743211	0.0262645	0.151342	0.0141562	0.065027
8912	0.665287	0.117498	0.135474	0.0235317	0.0582091
8913	0.74879	0.0281441	0.152478	0.00507284	0.0655151
8914	5.28806e-20	2.29715e-16	1.07682e-20	1	4.62677e-21
8915	0.671666	0.112505	0.136773	0.0202893	0.0587672
8916	0.00268261	0.647528	0.000546264	0.349008	0.000234714
8917	0.403908	0.394985	0.0822486	0.0835186	0.0353398
8918	9.26326e-09	0.649779	1.8863e-09	0.350221	8.10486e-10
8919	0.761011	0.0113309	0.154966	0.00610721	0.0665844
8920	6.87659e-05	0.649721	1.40029e-05	0.35019	6.01665e-06
8921	0.747683	0.0293607	0.152252	0.00528627	0.0654182
8922	0.678602	0.104907	0.138185	0.0189315	0.0593741
8923	0.765818	0.00952056	0.155945	0.0017112	0.067005
8924	0.399168	0.314898	0.0812835	0.169725	0.0349251
8925	0.712698	0.0518632	0.145128	0.0279535	0.0623573
8926	0.662834	0.122234	0.134974	0.0219629	0.0579945
8927	0.701014	0.0804453	0.142749	0.0144563	0.061335
8928	0.621346	0.128503	0.126526	0.0692611	0.0543644
8929	1.64365e-08	0.649779	3.34699e-09	0.350221	1.4381e-09
8930	0.256895	0.566496	0.0523121	0.10182	0.0224769
8931	0.663262	0.121746	0.135061	0.0218988	0.0580319
8932	0.730571	0.0368689	0.148768	0.0198718	0.063921
8933	0.756557	0.0196511	0.154059	0.00353809	0.0661947
8934	0.626322	0.124328	0.127539	0.0670112	0.0547998
8935	8.64848e-06	0.649771	1.76111e-06	0.350218	7.56696e-07
8936	0.739235	0.0385621	0.150532	0.00699147	0.0646791
8937	0.612182	0.136191	0.12466	0.0734049	0.0535626
8938	0.768898	0.00614696	0.156572	0.00110796	0.0672745
8939	0.774021	0.000542924	0.157615	9.82762e-05	0.0677227
8940	0.699181	0.0632032	0.142376	0.0340656	0.0611746
8941	0.754177	0.0221849	0.153575	0.00407651	0.0659865
8942	0.770746	0.00316428	0.156948	0.0017055	0.0674361
8943	0.741529	0.0360976	0.150999	0.0064949	0.0648798
8944	0.772152	0.00198444	0.157235	0.00106958	0.0675592
8945	0.00309475	0.647182	0.000630189	0.348822	0.000270774
8946	0.743478	0.0260403	0.151396	0.0140353	0.0650504
8947	0.281524	0.413595	0.0573274	0.222922	0.0246319
8948	7.40745e-07	0.847023	1.50839e-07	0.152976	6.48113e-08
8949	0.755695	0.0157913	0.153884	0.00851128	0.0661192
8950	0.72155	0.044437	0.146931	0.0239509	0.0631317
8951	2.25541e-12	0.649779	4.59273e-13	0.350221	1.97336e-13
8952	0.322781	0.378983	0.0657285	0.204266	0.0282416
8953	0.760543	0.0152822	0.154871	0.00276002	0.0665435
8954	0.672247	0.0857995	0.136891	0.0462447	0.058818
8955	0.755486	0.0159666	0.153841	0.00860578	0.0661009
8956	0.748577	0.0283916	0.152434	0.00510115	0.0654965
8957	0.765421	0.00763097	0.155864	0.00411299	0.0669703
8958	0.767171	0.00802302	0.156221	0.00146162	0.0671234
8959	0.734315	0.0407108	0.14953	0.0111952	0.0642487
8960	1.35856e-09	6.82948e-12	2.76646e-10	1	1.18867e-10
8961	0.628883	0.122179	0.128061	0.0658529	0.0550239
8962	0.00120052	0.648771	0.000244464	0.349679	0.000105039
8963	0.769733	0.00523428	0.156742	0.000942698	0.0673475
8964	3.77455e-05	0.649747	7.68619e-06	0.350204	3.30253e-06
8965	0.166674	0.657475	0.0339402	0.127328	0.0145831
8966	0.00229632	0.841365	0.000467604	0.15567	0.000200916
8967	0.559499	0.235322	0.113932	0.0422935	0.0489532
8968	0.746516	0.0306293	0.152015	0.00552374	0.0653162
8969	0.650559	0.103995	0.132475	0.0560517	0.0569204
8970	0.665957	0.118565	0.13561	0.0215999	0.0582677
8971	0.567312	0.173834	0.115523	0.0936941	0.0496368
8972	0.375241	0.431878	0.0764111	0.0836382	0.0328316
8973	0.605615	0.184829	0.123323	0.0332456	0.0529881
8974	0.683822	0.0992159	0.139248	0.0178832	0.0598308
8975	0.63397	0.153565	0.129097	0.0278999	0.055469
8976	0.757472	0.0186305	0.154245	0.00337779	0.0662747
8977	0.725037	0.0540939	0.147641	0.00979169	0.0634368
8978	0.769337	0.00434603	0.156662	0.00234245	0.0673129
8979	0.753369	0.0177423	0.15341	0.00956285	0.0659158
8980	0.742104	0.0354748	0.151116	0.00637486	0.0649301
8981	0.765595	0.00748554	0.1559	0.0040346	0.0669854
8982	0.703084	0.059929	0.14317	0.0323009	0.0615161
8983	4.30246e-07	0.649778	8.76119e-08	0.350221	3.76442e-08
8984	0.768369	0.00515775	0.156465	0.00277995	0.0672282
8985	0.763009	0.0125623	0.155373	0.00229693	0.0667592
8986	0.25804	0.433297	0.0525452	0.233541	0.0225771
8987	0.761147	0.014633	0.154994	0.00262923	0.0665963
8988	0.769351	0.0043347	0.156664	0.00233634	0.0673141
8989	0.763845	0.00895361	0.155543	0.00482587	0.0668323
8990	0.670427	0.0873266	0.13652	0.0470678	0.0586587
8991	0.752017	0.0245597	0.153135	0.00449058	0.0657975
8992	0.752623	0.0183682	0.153258	0.00990021	0.0658505
8993	0.688483	0.0941548	0.140197	0.0169259	0.0602386
8994	0.548127	0.246661	0.111616	0.0456374	0.0479582
8995	0.0372572	0.618522	0.00758676	0.333374	0.0032598
8996	0.00154941	0.648479	0.000315509	0.349521	0.000135565
8997	0.702089	0.0791036	0.142968	0.0144109	0.061429
8998	0.668433	0.088999	0.136114	0.0479692	0.0584843
8999	0.772422	0.00228585	0.15729	0.000420028	0.0675828
9000	0.762811	0.0128109	0.155333	0.00230342	0.0667419
9001	0.739282	0.0295607	0.150541	0.0159328	0.0646832
9002	0.76501	0.0079762	0.155781	0.00429906	0.0669343
9003	4.83992e-09	2.24702e-09	9.85563e-10	1	4.23467e-10
9004	8.03159e-05	0.649711	1.63549e-05	0.350185	7.02721e-06
9005	0.623281	0.16549	0.12692	0.0297759	0.0545337
9006	0.576021	0.166528	0.117296	0.089756	0.0503988
9007	0.602457	0.14435	0.122679	0.0778025	0.0527117
9008	8.47016e-08	0.837758	1.7248e-08	0.162242	7.41094e-09
9009	0.148757	0.682522	0.0302916	0.125414	0.0130154
9010	0.00536102	0.841264	0.00109167	0.151814	0.00046906
9011	0.610163	0.137885	0.124249	0.0743179	0.053386
9012	0.747982	0.0222616	0.152313	0.0119987	0.0654444
9013	1.06859e-25	8.41304e-20	2.176e-26	1	9.34963e-27
9014	0.773519	0.000837956	0.157513	0.000451647	0.0676787
9015	0.762414	0.0132317	0.155252	0.0023951	0.0667072
9016	0.759489	0.0164399	0.154656	0.00296322	0.0664512
9017	0.733495	0.044873	0.149363	0.00809246	0.0641769
9018	0.495094	0.234421	0.100817	0.12635	0.0433181
9019	0.737144	0.0313545	0.150106	0.0168996	0.0644961
9020	0.647754	0.106347	0.131904	0.0573198	0.056675
9021	0.753204	0.0178808	0.153376	0.00963751	0.0659013
9022	0.672428	0.0856472	0.136928	0.0461626	0.0588339
9023	0.602186	0.144577	0.122624	0.0779249	0.052688
9024	1.30628e-07	0.649778	2.66e-08	0.350221	1.14292e-08
9025	0.682654	0.0770686	0.13901	0.0415389	0.0597286
9026	0.757443	0.0185751	0.15424	0.00347059	0.0662722
9027	0.765949	0.00937544	0.155972	0.00168801	0.0670164
9028	6.03615e-06	0.649774	1.22915e-06	0.350219	5.28131e-07
9029	0.76379	0.0117342	0.155532	0.00211617	0.0668275
9030	0.00770563	0.643314	0.00156911	0.346737	0.000674201
9031	0.756163	0.0153985	0.153979	0.00829959	0.0661602
9032	8.66978e-06	0.649771	1.76545e-06	0.350218	7.58559e-07
9033	0.0864989	0.75252	0.0176139	0.135799	0.00756819
9034	0.500073	0.292495	0.101831	0.0618474	0.0437537
9035	0.770772	0.00314175	0.156954	0.00169336	0.0674385
9036	0.760866	0.0114531	0.154937	0.00617306	0.0665717
9037	0.75616	0.0154011	0.153978	0.008301	0.0661599
9038	0.768953	0.0046685	0.156583	0.00251625	0.0672792
9039	0.617304	0.131893	0.125703	0.0710886	0.0540108
9040	0.68985	0.0710309	0.140476	0.0382847	0.0603582
9041	1.96096e-05	1.56184e-05	3.99315e-06	0.999959	1.71574e-06
9042	0.766682	0.008566	0.156121	0.00155056	0.0670806
9043	0.751302	0.0254065	0.152989	0.0045675	0.0657349
9044	0.655063	0.13073	0.133392	0.0235009	0.0573145
9045	0.129185	0.706268	0.0263062	0.126938	0.011303
9046	0.66316	0.0934231	0.135041	0.0503537	0.0580229
9047	0.750189	0.02041	0.152763	0.0110007	0.0656375
9048	0.76337	0.00935187	0.155447	0.00504052	0.0667908
9049	0.761171	0.0111967	0.154999	0.00603488	0.0665984
9050	0.760331	0.0119019	0.154828	0.00641494	0.0665249
9051	0.760097	0.012098	0.15478	0.00652066	0.0665044
9052	0.743656	0.0337772	0.151432	0.00606898	0.0650659
9053	0.669454	0.114746	0.136322	0.0209041	0.0585737
9054	0.579666	0.16347	0.118038	0.0881081	0.0507176
9055	0.74457	0.0251242	0.151618	0.0135416	0.0651459
9056	0.398687	0.411298	0.0811854	0.0739467	0.0348829
9057	2.17071e-07	0.649778	4.42026e-08	0.350221	1.89926e-08
9058	0.729122	0.038084	0.148473	0.0205267	0.0637943
9059	0.000282968	0.844463	5.76213e-05	0.155171	2.47582e-05
9060	0.755241	0.0161715	0.153791	0.00871623	0.0660796
9061	0.752484	0.0241139	0.15323	0.00433378	0.0658383
9062	0.701193	0.0615148	0.142785	0.0331556	0.0613507
9063	0.701993	0.0793313	0.142948	0.0143067	0.0614206
9064	0.554649	0.240639	0.112944	0.0432388	0.0485288
9065	0.771659	0.00239833	0.157134	0.00129267	0.067516
9066	0.637786	0.149647	0.129874	0.0268901	0.0558029
9067	0.705503	0.0735537	0.143663	0.0155527	0.0617277
9068	0.768977	0.00580792	0.156588	0.001346	0.0672813
9069	0.487376	0.240896	0.0992454	0.12984	0.0426428
9070	0.767079	0.00624051	0.156202	0.00336355	0.0671153
9071	0.742215	0.0270997	0.151139	0.0146063	0.0649399
9072	0.747881	0.0223461	0.152293	0.0120442	0.0654356
9073	0.76509	0.00790926	0.155797	0.00426298	0.0669413
9074	0.762021	0.010484	0.155172	0.00565075	0.0666727
9075	0.765855	0.00726692	0.155953	0.00391677	0.0670082
9076	0.353132	0.426718	0.071909	0.117344	0.0308972
9077	0.74196	0.0273142	0.151087	0.014722	0.0649175
9078	0.57553	0.166939	0.117196	0.089978	0.0503558
9079	0.740221	0.028773	0.150733	0.0155082	0.0647654
9080	0.445841	0.275742	0.0907875	0.148621	0.0390087
9081	0.000193141	0.649617	3.93297e-05	0.350134	1.68988e-05
9082	0.761066	0.0147212	0.154977	0.00264626	0.0665892
9083	0.76853	0.00502332	0.156497	0.0027075	0.0672422
9084	0.669218	0.115192	0.136274	0.0207628	0.058553
9085	0.769523	0.00544698	0.1567	0.00100089	0.0673292
9086	0.69361	0.0678767	0.141241	0.0365846	0.0606872
9087	0.727007	0.0516851	0.148042	0.0096569	0.0636092
9088	0.668452	0.114726	0.136118	0.022218	0.058486
9089	0.418178	0.29895	0.0851544	0.16113	0.0365883
9090	7.49881e-11	3.77e-11	1.527e-11	1	6.56106e-12
9091	0.731488	0.0360995	0.148954	0.0194571	0.0640013
9092	0.278866	0.540031	0.0567861	0.099917	0.0243993
9093	2.21714e-08	0.649779	4.51482e-09	0.350221	1.93988e-09
9094	0.755316	0.0161085	0.153807	0.00868226	0.0660861
9095	0.76815	0.00696909	0.15642	0.00125253	0.067209
9096	0.769049	0.00458773	0.156603	0.00247272	0.0672877
9097	0.76303	0.00963764	0.155377	0.00519455	0.066761
9098	0.745938	0.0299575	0.151897	0.00694269	0.0652655
9099	0.734568	0.0433609	0.149582	0.00821834	0.0642708
9100	0.748978	0.0214262	0.152516	0.0115484	0.0655316
9101	0.00872774	0.642456	0.00177725	0.346275	0.000763631
9102	0.763175	0.0095154	0.155407	0.00512867	0.0667738
9103	3.832e-11	0.649779	7.80317e-12	0.350221	3.35279e-12
9104	0.747624	0.0225623	0.15224	0.0121608	0.0654131
9105	0.725168	0.0414012	0.147667	0.0223147	0.0634483
9106	0.678582	0.104929	0.138181	0.0189354	0.0593723
9107	0.614386	0.175197	0.125109	0.031553	0.0537555
9108	0.672084	0.085936	0.136858	0.0463183	0.0588038
9109	0.575274	0.167154	0.117144	0.0900939	0.0503334
9110	0.765141	0.00786621	0.155807	0.00423978	0.0669457
9111	0.685566	0.0746257	0.139603	0.0402222	0.0599833
9112	0.732728	0.0350589	0.149207	0.0188962	0.0641098
9113	0.721222	0.0576475	0.146864	0.0111641	0.063103
9114	0.767508	0.00588038	0.156289	0.00316944	0.0671529
9115	0.410593	0.398222	0.0836099	0.0716504	0.0359247
9116	1.0418e-05	0.64977	2.12144e-06	0.350217	9.11519e-07
9117	0.76012	0.0120789	0.154785	0.00651035	0.0665064
9118	0.72356	0.0427507	0.14734	0.023042	0.0633076
9119	0.48085	0.320305	0.0979165	0.0588566	0.0420718
9120	0.761797	0.0106718	0.155126	0.00575197	0.0666531
9121	8.46689e-05	0.649708	1.72413e-05	0.350183	7.40807e-06
9122	4.06866e-07	4.53619e-07	8.2851e-08	0.999999	3.55986e-08
9123	0.764643	0.00828405	0.155706	0.00446499	0.0669022
9124	9.05324e-05	0.649703	1.84353e-05	0.35018	7.9211e-06
9125	0.746662	0.0233692	0.152044	0.0125957	0.0653289
9126	1.89131e-06	0.649777	3.85132e-07	0.350221	1.6548e-07
9127	0.768393	0.00513816	0.156469	0.0027694	0.0672303
9128	0.170245	0.506952	0.0346673	0.27324	0.0148955
9129	0.74999	0.0268195	0.152722	0.00484856	0.0656201
9130	0.440283	0.280405	0.0896557	0.151134	0.0385224
9131	0.763994	0.00882877	0.155574	0.00475858	0.0668454
9132	0.759614	0.0125028	0.154682	0.00673882	0.0664622
9133	0.000163897	0.649641	3.33747e-05	0.350147	1.43401e-05
9134	0.756246	0.0199967	0.153996	0.00359441	0.0661674
9135	0.0127833	0.639054	0.0026031	0.344441	0.00111847
9136	0.539359	0.197285	0.109831	0.106334	0.0471911
9137	0.705317	0.0754777	0.143625	0.0138691	0.0617114
9138	0.736917	0.0315445	0.15006	0.017002	0.0644763
9139	0.760505	0.0117554	0.154863	0.00633598	0.0665401
9140	0.000426866	0.64942	8.69236e-05	0.350028	3.73485e-05
9141	2.48735e-08	0.649779	5.06503e-09	0.350221	2.1763e-09
9142	0.650842	0.103757	0.132532	0.0559237	0.0569452
9143	0.77125	0.00357495	0.157051	0.000644086	0.0674802
9144	0.76099	0.0148041	0.154962	0.00266161	0.0665825
9145	0.75986	0.0160197	0.154732	0.00290443	0.0664837
9146	4.34733e-05	0.649742	8.85256e-06	0.350202	3.80368e-06
9147	0.648436	0.105775	0.132042	0.0570115	0.0567347
9148	0.747069	0.0230278	0.152127	0.0124117	0.0653645
9149	0.769134	0.00451647	0.15662	0.00243431	0.0672951
9150	0.663505	0.121386	0.135111	0.0219447	0.0580532
9151	0.514611	0.284272	0.104791	0.0512995	0.0450257
9152	0.343012	0.36201	0.0698482	0.195118	0.0300117
9153	0.720259	0.0593557	0.146668	0.0106986	0.0630188
9154	0.767535	0.00764092	0.156295	0.00137422	0.0671552
9155	0.7733	0.00102134	0.157469	0.000550486	0.0676596
9156	8.68335e-11	0.847281	1.76821e-11	0.152719	7.59747e-12
9157	0.765882	0.00724495	0.155958	0.00390492	0.0670105
9158	0.424961	0.382555	0.0865356	0.0687674	0.0371818
9159	0.752079	0.0188245	0.153147	0.0101461	0.0658029
9160	0.473241	0.252755	0.096367	0.136231	0.041406
9161	0.732186	0.0355137	0.149097	0.0191414	0.0640624
9162	0.762497	0.013121	0.155269	0.00239908	0.0667144
9163	0.516638	0.216347	0.105204	0.116608	0.0452031
9164	0.764381	0.0110939	0.155652	0.00199333	0.0668793
9165	0.703871	0.0592685	0.143331	0.0319449	0.0615849
9166	0.453016	0.269722	0.0922486	0.145377	0.0396365
9167	0.624463	0.164163	0.127161	0.0295767	0.0546371
9168	0.757582	0.014208	0.154268	0.00765789	0.0662844
9169	0.47187	0.253905	0.0960879	0.136851	0.0412861
9170	0.0105399	0.640936	0.00214626	0.345456	0.000922183
9171	0.00215106	0.647974	0.000438024	0.349249	0.000188206
9172	0.615561	0.133356	0.125348	0.0718771	0.0538583
9173	0.761428	0.0109816	0.155051	0.00591893	0.0666208
9174	0.75097	0.019755	0.152922	0.0106477	0.0657058
9175	0.736012	0.0323043	0.149876	0.0174115	0.0643971
9176	0.735751	0.0424259	0.149823	0.00762577	0.0643743
9177	0.000538135	3.00464e-06	0.000109582	0.999302	4.70839e-05
9178	0.690307	0.0921631	0.140569	0.0165633	0.0603982
9179	0.603461	0.18707	0.122884	0.0337856	0.0527996
9180	0.683296	0.0998261	0.139141	0.0179519	0.0597848
9181	0.741549	0.0276586	0.151003	0.0149076	0.0648816
9182	0.70161	0.0797501	0.14287	0.0143823	0.0613871
9183	0.76151	0.0109125	0.155068	0.00588167	0.0666281
9184	0.750782	0.0259668	0.152883	0.00467835	0.0656894
9185	0.00708251	0.839781	0.00144223	0.151074	0.000619681
9186	0.765044	0.0103615	0.155787	0.00186983	0.0669373
9187	0.745132	0.0246524	0.151733	0.0132873	0.0651951
9188	0.768868	0.00473941	0.156566	0.00255447	0.0672718
9189	0.726472	0.0403079	0.147933	0.0217254	0.0635624
9190	0.698969	0.0633812	0.142332	0.0341616	0.061156
9191	6.85791e-06	0.649773	1.39649e-06	0.350218	6.00031e-07
9192	0.757729	0.0183494	0.154298	0.00332683	0.0662972
9193	0.689531	0.0712993	0.140411	0.0384293	0.0603302
9194	0.697159	0.0846318	0.141964	0.0152478	0.0609977
9195	0.734602	0.0334867	0.149589	0.0180489	0.0642738
9196	0.760048	0.0121387	0.15477	0.0065426	0.0665002
9197	0.500551	0.229843	0.101928	0.123882	0.0437955
9198	2.93976e-07	0.847385	5.9863e-08	0.152615	2.57214e-08
9199	0.694526	0.067108	0.141428	0.0361703	0.0607674
9200	0.736717	0.0317121	0.150019	0.0170924	0.0644588
9201	0.722456	0.0565076	0.147115	0.0107101	0.063211
9202	0.7321	0.0355855	0.149079	0.0191801	0.0640549
9203	0.749147	0.027729	0.15255	0.00502739	0.0655463
9204	0.719003	0.0607575	0.146412	0.0109179	0.062909
9205	0.764361	0.00852058	0.155648	0.00459247	0.0668775
9206	0.727821	0.051099	0.148208	0.0091913	0.0636805
9207	1.42811e-12	0.649779	2.90809e-13	0.350221	1.24952e-13
9208	0.693224	0.068201	0.141163	0.0367594	0.0606534
9209	6.36055e-05	0.649725	1.29521e-05	0.350193	5.56514e-06
9210	0.758233	0.0136619	0.1544	0.00736357	0.0663413
9211	1.62126e-07	0.649778	3.3014e-08	0.350221	1.41851e-08
9212	1.11266e-06	0.649778	2.26572e-07	0.350221	9.73515e-08
9213	0.436869	0.283269	0.0889605	0.152678	0.0382237
9214	0.747029	0.0230615	0.152119	0.0124298	0.065361
9215	0.767411	0.00777362	0.156269	0.00140191	0.0671443
9216	0.032857	0.81061	0.00669074	0.146967	0.00287481
9217	0.56718	0.173945	0.115496	0.0937541	0.0496252
9218	0.196449	0.484968	0.0400034	0.261391	0.0171883
9219	0.746041	0.0311658	0.151918	0.00560116	0.0652746
9220	0.771885	0.00288059	0.157181	0.00051767	0.0675358
9221	0.669647	0.0879804	0.136362	0.0474202	0.0585906
9222	0.762365	0.0101949	0.155242	0.00549488	0.0667029
9223	0.768189	0.00640885	0.156428	0.00176239	0.0672124
9224	0.750276	0.020337	0.15278	0.0109614	0.0656452
9225	2.05114e-06	0.649777	4.17679e-07	0.35022	1.79464e-07
9226	0.736664	0.0414299	0.150008	0.00744351	0.0644542
9227	0.708421	0.0554511	0.144257	0.0298874	0.0619831
9228	0.727258	0.051723	0.148093	0.00929495	0.0636312
9229	0.672228	0.0858151	0.136887	0.0462531	0.0588164
9230	0.763757	0.0114678	0.155525	0.00242484	0.0668247
9231	0.728979	0.0485337	0.148443	0.0102623	0.0637817
9232	0.528406	0.206474	0.1076	0.111287	0.0462327
9233	0.76554	0.00753122	0.155889	0.00405922	0.0669807
9234	0.334462	0.481618	0.0681072	0.0865485	0.0292637
9235	0.622394	0.127624	0.126739	0.0687873	0.0544561
9236	0.771079	0.00376341	0.157016	0.000676383	0.0674653
9237	0.657485	0.0981841	0.133885	0.0529198	0.0575264
9238	0.675701	0.0829015	0.137594	0.0446827	0.0591202
9239	0.717141	0.0481359	0.146033	0.0259445	0.062746
9240	0.762926	0.0126851	0.155356	0.00228142	0.0667519
9241	0.106712	0.560253	0.02173	0.301968	0.00933675
9242	4.14897e-09	0.649779	8.44863e-10	0.350221	3.63013e-10
9243	0.00045784	0.649394	9.32308e-05	0.350014	4.00585e-05
9244	0.77131	0.00269056	0.157063	0.00145018	0.0674855
9245	0.7027	0.060251	0.143092	0.0324744	0.0614825
9246	0.763214	0.00948295	0.155415	0.00511117	0.0667771
9247	0.678592	0.0804761	0.138183	0.0433755	0.0593732
9248	0.734615	0.0334756	0.149591	0.0180429	0.0642749
9249	7.86845e-16	0.00167769	1.60227e-16	0.998322	6.88448e-17
9250	0.0263134	0.627703	0.00535825	0.338323	0.00230228
9251	0.00022407	0.649591	4.56278e-05	0.35012	1.96049e-05
9252	0.750116	0.0204717	0.152748	0.011034	0.0656311
9253	0.7463	0.0236725	0.151971	0.0127591	0.0652973
9254	0.746113	0.0238297	0.151933	0.0128439	0.0652809
9255	0.0985108	0.737325	0.02006	0.135485	0.00861917
9256	0.684659	0.0753862	0.139419	0.0406321	0.059904
9257	0.764096	0.00874291	0.155594	0.0047123	0.0668543
9258	8.27441e-09	0.649779	1.68493e-09	0.350221	7.23966e-10
9259	0.378183	0.433764	0.0770102	0.0779532	0.033089
9260	0.609059	0.13881	0.124024	0.0748169	0.0532894
9261	0.720359	0.0454362	0.146688	0.0244895	0.0630275
9262	0.469416	0.331159	0.0955881	0.0627657	0.0410714
9263	0.759617	0.0125004	0.154682	0.00673751	0.0664624
9264	5.35427e-10	0.649779	1.0903e-10	0.350221	4.6847e-11
9265	0.448121	0.273829	0.0912518	0.14759	0.0392082
9266	0.56993	0.171638	0.116056	0.0925103	0.0498658
9267	0.00164838	0.648396	0.000335663	0.349476	0.000144224
9268	1.94072e-07	0.649778	3.95193e-08	0.350221	1.69803e-08
9269	0.769152	0.00586664	0.156624	0.0010606	0.0672967
9270	0.768159	0.00533443	0.156422	0.00287518	0.0672098
9271	0.683408	0.0996503	0.139164	0.0179828	0.0597946
9272	0.0164565	0.635972	0.00335106	0.34278	0.00143985
9273	0.766602	0.00866257	0.156105	0.0015571	0.0670736
9274	0.751259	0.0254469	0.15298	0.004583	0.0657311
9275	0.763622	0.00914067	0.155498	0.00492669	0.0668128
9276	0.000850348	0.649065	0.000173158	0.349837	7.44009e-05
9277	0.617533	0.169803	0.125749	0.0328843	0.0540308
9278	0.76906	0.00457818	0.156605	0.00246758	0.0672887
9279	0.73587	0.0324226	0.149847	0.0174753	0.0643847
9280	0.719392	0.0462471	0.146491	0.0249265	0.062943
9281	0.745277	0.0314539	0.151762	0.00629938	0.0652077
9282	0.363823	0.344551	0.0740859	0.185708	0.0318325
9283	0.64271	0.110579	0.130876	0.0596008	0.0562337
9284	0.000379521	0.64946	7.72826e-05	0.35005	3.3206e-05
9285	0.18415	0.495286	0.0374989	0.266952	0.0161122
9286	0.634289	0.117644	0.129162	0.0634084	0.0554969
9287	0.700207	0.062342	0.142585	0.0336015	0.0612644
9288	0.753696	0.0227822	0.153477	0.00410077	0.0659444
9289	0.291827	0.404951	0.0594254	0.218263	0.0255333
9290	0.676647	0.0821079	0.137787	0.044255	0.059203
9291	0.7085	0.0553846	0.144273	0.0298515	0.06199
9292	0.769171	0.00585029	0.156628	0.00105207	0.0672984
9293	1.43814e-05	0.847664	2.92852e-06	0.152317	1.2583e-06
9294	0.501856	0.298386	0.102194	0.0536544	0.0439097
9295	0.0929442	0.571803	0.0189264	0.308194	0.00813212
9296	0.666305	0.118387	0.135681	0.0213293	0.0582981
9297	0.745781	0.0314495	0.151865	0.00565228	0.0652519
9298	0.763802	0.00898922	0.155535	0.00484506	0.0668286
9299	0.564499	0.227167	0.11495	0.0439935	0.0493906
9300	0.739287	0.0375476	0.150542	0.00793935	0.0646836
9301	0.602262	0.188478	0.12264	0.0339258	0.0526947
9302	0.508109	0.223502	0.103467	0.120465	0.0444568
9303	0.742747	0.026654	0.151247	0.0143661	0.0649864
9304	0.0796419	0.582963	0.0162176	0.314209	0.00696824
9305	0.00057038	0.6493	0.000116148	0.349964	4.99052e-05
9306	0.664789	0.0920561	0.135372	0.0496169	0.0581655
9307	0.762116	0.0135735	0.155191	0.00243881	0.066681
9308	3.90329e-21	2.3941e-19	7.94835e-22	1	3.41517e-22
9309	4.37078e-10	0.649779	8.90031e-11	0.350221	3.8242e-11
9310	0.71644	0.0635642	0.14589	0.0114204	0.0626847
9311	2.94841e-06	0.649776	6.00391e-07	0.35022	2.5797e-07
9312	0.757642	0.0184304	0.15428	0.00335762	0.0662896
9313	5.55185e-08	0.784318	1.13053e-08	0.215682	4.85757e-09
9314	0.76482	0.00813533	0.155742	0.00438483	0.0669177
9315	0.706307	0.0572247	0.143827	0.0308433	0.0617981
9316	0.716411	0.0487479	0.145884	0.0262744	0.0626822
9317	0.73684	0.0412223	0.150044	0.00742417	0.0644695
9318	9.84347e-08	0.649778	2.00444e-08	0.350221	8.61251e-09
9319	0.524416	0.209821	0.106788	0.113091	0.0458836
9320	0.718612	0.0469012	0.146333	0.0252791	0.0628747
9321	0.641142	0.145924	0.130557	0.026281	0.0560965
9322	0.741901	0.0356978	0.151075	0.00641393	0.0649124
9323	0.759225	0.0128296	0.154602	0.00691498	0.0664281
9324	0.263112	0.429041	0.0535781	0.231247	0.0230209
9325	0.304023	0.394719	0.0619089	0.212748	0.0266004
9326	0.75506	0.0163234	0.153754	0.00879807	0.0660637
9327	0.768754	0.00483476	0.156543	0.00260587	0.0672619
9328	0.167664	0.509118	0.0341417	0.274407	0.0146697
9329	0.764195	0.0112957	0.155615	0.00203178	0.066863
9330	0.735702	0.0424625	0.149812	0.00765368	0.0643699
9331	0.710439	0.0700767	0.144668	0.0126561	0.0621596
9332	0.568246	0.17305	0.115713	0.0932717	0.0497185
9333	0.749861	0.0206853	0.152696	0.0111491	0.0656088
9334	0.754186	0.0222497	0.153576	0.00400024	0.0659873
9335	0.678236	0.105357	0.138111	0.0189535	0.0593421
9336	0.690331	0.0706282	0.140573	0.0380676	0.0604002
9337	0.570913	0.170813	0.116256	0.0920658	0.0499519
9338	0.404671	0.404788	0.082404	0.07273	0.0354066
9339	0.768708	0.00487362	0.156534	0.00262681	0.0672578
9340	0.688496	0.0721671	0.1402	0.038897	0.0602397
9341	0.752687	0.0183146	0.153271	0.0098713	0.0658561
9342	0.667257	0.116685	0.135875	0.0218015	0.0583814
9343	0.666112	0.118111	0.135642	0.0218531	0.0582813
9344	0.765488	0.00757502	0.155878	0.00408283	0.0669761
9345	0.685948	0.0743053	0.139681	0.0400495	0.0600167
9346	0.719973	0.0457597	0.14661	0.0246639	0.0629938
9347	0.769255	0.00575177	0.156645	0.00104282	0.0673057
9348	0.667833	0.0895021	0.135992	0.0482404	0.0584319
9349	0.701392	0.0800291	0.142826	0.0143852	0.061368
9350	0.752739	0.0182707	0.153282	0.00984767	0.0658606
9351	0.566517	0.174501	0.115361	0.0940535	0.0495672
9352	0.716537	0.0486426	0.14591	0.0262177	0.0626931
9353	0.707156	0.0565124	0.144	0.0304594	0.0618724
9354	0.7455	0.0243443	0.151808	0.0131212	0.0652272
9355	0.749648	0.0208643	0.152652	0.0112456	0.0655902
9356	0.759076	0.0129544	0.154572	0.00698225	0.0664151
9357	0.768174	0.00642366	0.156425	0.00176646	0.0672111
9358	9.51235e-05	0.649699	1.93702e-05	0.350178	8.3228e-06
9359	0.477943	0.24881	0.0973245	0.134105	0.0418175
9360	0.727835	0.0391636	0.148211	0.0211086	0.0636817
9361	0.112612	0.555303	0.0229315	0.2993	0.00985299
9362	0.749611	0.0208949	0.152645	0.011262	0.065587
9363	0.000492438	0.649365	0.000100276	0.349999	4.30857e-05
9364	0.761887	0.0105963	0.155145	0.00571123	0.066661
9365	0.753871	0.017321	0.153512	0.00933576	0.0659597
9366	0.744358	0.025302	0.151575	0.0136374	0.0651274
9367	0.765229	0.00779283	0.155825	0.00420022	0.0669534
9368	0.76654	0.00669265	0.156092	0.00360724	0.0670681
9369	8.16375e-08	0.847549	1.6624e-08	0.152451	7.14284e-09
9370	0.582527	0.161069	0.118621	0.086814	0.050968
9371	0.00080515	0.846773	0.000163954	0.152187	7.04464e-05
9372	0.0100086	0.641382	0.00203807	0.345696	0.000875696
9373	0.758378	0.0176475	0.15443	0.0031904	0.066354
9374	0.761988	0.0105116	0.155165	0.00566558	0.0666699
9375	0.758703	0.013267	0.154496	0.00715072	0.0663825
9376	0.00153509	0.845957	0.000312593	0.152061	0.000134312
9377	0.757317	0.0187851	0.154214	0.00342223	0.0662612
9378	0.680828	0.0786	0.138638	0.0423643	0.0595688
9379	0.69179	0.069404	0.140871	0.0374078	0.0605279
9380	8.08011e-07	0.847384	1.64537e-07	0.152615	7.06966e-08
9381	0.765316	0.00771928	0.155843	0.00416058	0.0669611
9382	0.738847	0.0299253	0.150453	0.0161293	0.0646452
9383	0.000197223	0.649613	4.01609e-05	0.350132	1.72559e-05
9384	0.759789	0.0123561	0.154717	0.00665976	0.0664775
9385	0.764119	0.00872347	0.155599	0.00470182	0.0668563
9386	0.682571	0.0771376	0.138993	0.0415761	0.0597214
9387	0.764662	0.0082683	0.15571	0.0044565	0.0669038
9388	0.721005	0.0448939	0.14682	0.0241972	0.0630841
9389	0.756079	0.0201748	0.153962	0.00363144	0.0661529
9390	0.129072	0.541494	0.0262832	0.291858	0.0112931
9391	0.744066	0.025547	0.151516	0.0137695	0.0651018
9392	0.733322	0.034561	0.149328	0.0186279	0.0641617
9393	1.78107e-07	0.847024	3.62683e-08	0.152976	1.55834e-08
9394	0.722029	0.0440347	0.147028	0.0237341	0.0631737
9395	0.0849712	0.578492	0.0173029	0.311799	0.00743453
9396	0.530197	0.204972	0.107965	0.110477	0.0463894
9397	0.000101207	0.649694	2.0609e-05	0.350176	8.85507e-06
9398	0.560157	0.179837	0.114066	0.0969294	0.0490108
9399	0.766794	0.00844137	0.156144	0.00153046	0.0670904
9400	0.011293	0.640304	0.00229961	0.345115	0.000988075
9401	1.33971e-09	0.649779	2.72807e-10	0.350221	1.17217e-10
9402	0.261024	0.561912	0.0531529	0.101072	0.0228382
9403	0.618524	0.170732	0.125951	0.0306746	0.0541176
9404	0.756593	0.0196106	0.154067	0.00353187	0.0661979
9405	0.768512	0.00503803	0.156494	0.00271543	0.0672407
9406	0.750166	0.0204297	0.152758	0.0110113	0.0656355
9407	0.682557	0.100631	0.138991	0.0181008	0.0597201
9408	0.764021	0.0106291	0.155579	0.00292292	0.0668478
9409	0.758232	0.0136627	0.1544	0.007364	0.0663412
9410	0.711813	0.0526055	0.144948	0.0283536	0.0622798
9411	0.000220021	0.649594	4.48034e-05	0.350122	1.92507e-05
9412	0.714703	0.0501811	0.145536	0.0270469	0.0625327
9413	0.738619	0.0301167	0.150407	0.0162325	0.0646252
9414	0.754273	0.020501	0.153594	0.00563762	0.0659948
9415	0.76444	0.0109911	0.155665	0.00201963	0.0668844
9416	9.80728e-06	0.64977	1.99708e-06	0.350217	8.58084e-07
9417	0.741009	0.0366235	0.150893	0.00663999	0.0648343
9418	0.708979	0.0549834	0.144371	0.0296353	0.0620318
9419	0.753691	0.0174723	0.153476	0.00941732	0.0659439
9420	9.67074e-12	0.649779	1.96927e-12	0.350221	8.46138e-13
9421	0.236397	0.588799	0.0481379	0.105983	0.0206834
9422	0.662219	0.122485	0.134849	0.0225068	0.0579406
9423	0.766183	0.0091026	0.156019	0.0016583	0.0670369
9424	0.681736	0.0778389	0.138823	0.0419541	0.0596482
9425	0.748142	0.0221275	0.152346	0.0119264	0.0654584
9426	0.743207	0.0262676	0.151341	0.0141578	0.0650267
9427	0.748191	0.0220865	0.152356	0.0119043	0.0654627
9428	0.00168642	0.648364	0.000343409	0.349459	0.000147553
9429	0.536226	0.199914	0.109193	0.107751	0.0469169
9430	0.771204	0.00362642	0.157042	0.000651716	0.0674762
9431	0.760818	0.0114926	0.154927	0.00619437	0.0665675
9432	0.743292	0.0261966	0.151358	0.0141196	0.0650341
9433	0.749588	0.0209146	0.15264	0.0112727	0.0655849
9434	0.753938	0.0224979	0.153526	0.0040724	0.0659656
9435	0.75266	0.023922	0.153266	0.00429918	0.0658537
9436	0.494287	0.306699	0.100653	0.055114	0.0432475
9437	0.714585	0.0655425	0.145512	0.0118372	0.0625224
9438	2.76711e-07	0.649778	5.63472e-08	0.350221	2.42107e-08
9439	0.633061	0.118675	0.128911	0.063964	0.0553894
9440	0.149734	0.524159	0.0304907	0.282514	0.013101
9441	0.7585	0.0175309	0.154455	0.00315003	0.0663647
9442	0.559364	0.235481	0.113905	0.0423087	0.0489414
9443	0.758079	0.0179533	0.154369	0.00327069	0.0663279
9444	0.299903	0.398176	0.0610698	0.214611	0.0262399
9445	0.733158	0.0452509	0.149294	0.00814971	0.0641474
9446	0.768338	0.00518413	0.156458	0.00279417	0.0672255
9447	0.752793	0.0182256	0.153293	0.00982334	0.0658654
9448	0.492151	0.308216	0.100218	0.0563552	0.0430605
9449	0.732814	0.0349872	0.149224	0.0188576	0.0641173
9450	0.764433	0.011022	0.155663	0.00199833	0.0668838
9451	0.762398	0.0101676	0.155249	0.00548021	0.0667057
9452	0.762661	0.00994692	0.155302	0.00536125	0.0667287
9453	0.745524	0.0243242	0.151812	0.0131104	0.0652293
9454	0.732393	0.0353397	0.149139	0.0190476	0.0640805
9455	0.68182	0.0777684	0.13884	0.041916	0.0596556
9456	0.765256	0.0101354	0.155831	0.0018225	0.0669558
9457	0.741785	0.0274603	0.151051	0.0148007	0.0649023
9458	0.465629	0.337978	0.094817	0.0608358	0.04074
9459	0.502051	0.228584	0.102234	0.123204	0.0439268
9460	1.18274e-05	0.649769	2.40844e-06	0.350216	1.03484e-06
9461	0.536011	0.200094	0.109149	0.107848	0.0468981
9462	0.68608	0.0741942	0.139708	0.0399896	0.0600283
9463	0.762699	0.00991516	0.15531	0.00534413	0.0667321
9464	0.595433	0.150242	0.121249	0.0809785	0.0520972
9465	0.339834	0.475434	0.0692012	0.0857964	0.0297337
9466	0.767855	0.00729107	0.15636	0.0013113	0.0671832
9467	0.747644	0.0225455	0.152244	0.0121517	0.0654148
9468	0.74723	0.0298643	0.15216	0.00536739	0.0653786
9469	0.768344	0.00674903	0.156459	0.00122166	0.067226
9470	0.641228	0.111823	0.130575	0.0602709	0.056104
9471	1.16153e-08	0.649779	2.36525e-09	0.350221	1.01628e-09
9472	0.000290671	0.649535	5.91899e-05	0.35009	2.54321e-05
9473	0.704689	0.0763745	0.143497	0.0137825	0.0616565
9474	0.601374	0.145258	0.122459	0.0782922	0.052617
9475	4.33698e-06	0.649775	8.83149e-07	0.350219	3.79463e-07
9476	8.52055e-05	0.649707	1.73506e-05	0.350183	7.45503e-06
9477	0.0297558	0.624815	0.00605924	0.336766	0.00260347
9478	0.658701	0.126322	0.134133	0.0232118	0.0576328
9479	0.628547	0.158796	0.127992	0.0296697	0.0549945
9480	0.774135	0.000320767	0.157639	0.000172889	0.0677327
9481	0.759565	0.0125443	0.154672	0.0067612	0.0664579
9482	0.717425	0.0478976	0.146091	0.0258161	0.0627708
9483	5.82954e-06	0.649774	1.18708e-06	0.350219	5.10053e-07
9484	0.754695	0.0166302	0.15368	0.00896345	0.0660317
9485	0.667317	0.116925	0.135887	0.0214851	0.0583866
9486	0.74749	0.0226746	0.152213	0.0122213	0.0654014
9487	0.760582	0.0116912	0.154879	0.00630141	0.0665468
9488	0.723007	0.0432148	0.147227	0.0232921	0.0632592
9489	0.740418	0.0286078	0.150773	0.0154192	0.0647826
9490	0.770292	0.00354453	0.156856	0.00191045	0.0673965
9491	0.766046	0.00710722	0.155991	0.00383069	0.0670249
9492	0.7363	0.0320623	0.149934	0.0172811	0.0644223
9493	0.000243544	0.649574	4.95933e-05	0.350111	2.13088e-05
9494	0.760275	0.0119485	0.154816	0.00644007	0.06652
9495	0.758783	0.0132003	0.154513	0.0071148	0.0663894
9496	0.432268	0.287129	0.0880236	0.154758	0.0378211
9497	2.23702e-09	0.846522	4.55529e-10	0.153478	1.95727e-10
9498	0.723891	0.0424732	0.147407	0.0228925	0.0633365
9499	0.0113103	0.64029	0.00230315	0.345107	0.000989594
9500	0.751321	0.0194607	0.152993	0.0104891	0.0657365
9501	0.0221703	0.631179	0.00451459	0.340196	0.00193978
9502	0.75128	0.0194948	0.152985	0.0105074	0.065733
9503	0.530647	0.204594	0.108057	0.110273	0.0464288
9504	1.04632e-06	0.649778	2.13064e-07	0.350221	9.15474e-08
9505	0.76186	0.0138531	0.155139	0.0024892	0.0666587
9506	0.758101	0.0137727	0.154374	0.00742329	0.0663298
9507	0.581393	0.162021	0.11839	0.087327	0.0508688
9508	9.04762e-06	0.649771	1.84238e-06	0.350217	7.91618e-07
9509	0.711659	0.068794	0.144917	0.0123644	0.0622663
9510	0.632381	0.155477	0.128773	0.0280389	0.05533
9511	0.757401	0.0187326	0.154231	0.00336674	0.0662685
9512	0.741355	0.0359946	0.150964	0.00682217	0.0648646
9513	0.542077	0.253253	0.110384	0.0468571	0.0474288
9514	0.635534	0.152115	0.129415	0.0273309	0.0556058
9515	0.739639	0.0292609	0.150614	0.0157712	0.0647145
9516	0.463353	0.26105	0.0943535	0.140702	0.0405409
9517	0.67065	0.0871389	0.136566	0.0469666	0.0586783
9518	0.559248	0.1806	0.113881	0.0973407	0.0489312
9519	0.725155	0.0414127	0.147665	0.0223209	0.0634471
9520	0.768824	0.00477603	0.156557	0.00257421	0.067268
9521	0.595642	0.150067	0.121292	0.0808838	0.0521155
9522	0.748	0.0222467	0.152317	0.0119907	0.065446
9523	0.733412	0.0449674	0.149346	0.00810518	0.0641696
9524	0.769884	0.00388727	0.156773	0.00209518	0.0673607
9525	0.751964	0.0189211	0.153124	0.0101982	0.0657928
9526	5.43042e-07	0.649778	1.10581e-07	0.350221	4.75133e-08
9527	0.569435	0.220606	0.115955	0.0441815	0.0498225
9528	0.080439	0.582295	0.01638	0.313848	0.00703799
9529	0.76083	0.0149488	0.154929	0.00272334	0.0665686
9530	0.497686	0.232246	0.101345	0.125178	0.0435449
9531	0.677455	0.0814299	0.137952	0.0438896	0.0592737
9532	0.628693	0.122339	0.128022	0.065939	0.0550073
9533	0.693875	0.0676544	0.141295	0.0364648	0.0607104
9534	0.766266	0.00692226	0.156036	0.003731	0.0670442
9535	5.44932e-05	0.847577	1.10966e-05	0.152352	4.76787e-06
9536	0.773899	0.00051843	0.157591	0.000279426	0.0677121
9537	0.756572	0.019599	0.154062	0.00357051	0.066196
9538	0.755434	0.0160101	0.153831	0.00862924	0.0660964
9539	0.770729	0.00317862	0.156945	0.00171323	0.0674346
9540	0.771163	0.00281371	0.157034	0.00151655	0.0674727
9541	0.739143	0.0296772	0.150513	0.0159956	0.0646711
9542	0.75663	0.0195749	0.154074	0.00352019	0.0662011
9543	4.91025e-06	0.649774	9.99885e-07	0.350219	4.29621e-07
9544	0.764973	0.0104238	0.155773	0.00189898	0.0669311
9545	0.748973	0.0279257	0.152515	0.00505491	0.0655312
9546	0.732658	0.035118	0.149193	0.0189281	0.0641036
9547	0.747654	0.0288971	0.152246	0.0057873	0.0654157
9548	0.674715	0.109218	0.137394	0.0196391	0.059034
9549	0.770904	0.0039408	0.156981	0.000724129	0.06745
9550	0.00634672	0.839317	0.0012924	0.152488	0.000555304
9551	1.96419e-07	0.649778	3.99973e-08	0.350221	1.71857e-08
9552	0.000527701	0.649336	0.000107457	0.349983	4.6171e-05
9553	0.758741	0.017258	0.154504	0.00311068	0.0663858
9554	5.37346e-08	0.649779	1.09421e-08	0.350221	4.70149e-09
9555	0.725088	0.0539852	0.147651	0.00983492	0.0634413
9556	5.54477e-10	0.649779	1.12909e-10	0.350221	4.85138e-11
9557	0.629234	0.121885	0.128132	0.0656944	0.0550546
9558	0.638684	0.113957	0.130056	0.0614213	0.0558814
9559	0.753054	0.0180063	0.153346	0.00970511	0.0658882
9560	0.765619	0.00746536	0.155905	0.00402372	0.0669876
9561	0.729519	0.0484047	0.148553	0.00969416	0.063829
9562	0.574485	0.218915	0.116984	0.0393518	0.0502644
9563	0.73935	0.0295032	0.150555	0.0159018	0.0646892
9564	0.766926	0.00636838	0.156171	0.00343247	0.067102
9565	0.761581	0.0108527	0.155082	0.00584944	0.0666343
9566	0.741394	0.0277883	0.150972	0.0149775	0.064868
9567	7.90219e-05	0.847463	1.60914e-05	0.152435	6.91399e-06
9568	0.00308165	0.844206	0.000627524	0.151815	0.000269628
9569	0.732944	0.0348777	0.149251	0.0187986	0.0641287
9570	0.721309	0.0446387	0.146882	0.0240596	0.0631107
9571	0.538525	0.197985	0.109661	0.106711	0.0471181
9572	3.20861e-08	0.649779	6.53376e-09	0.350221	2.80736e-09
9573	0.746763	0.0232847	0.152065	0.0125501	0.0653377
9574	0.00194359	0.648148	0.000395778	0.349343	0.000170054
9575	1.28003e-05	0.649768	2.60655e-06	0.350216	1.11996e-06
9576	0.748626	0.0283329	0.152444	0.00509631	0.0655008
9577	0.725534	0.0410945	0.147742	0.0221493	0.0634803
9578	0.725116	0.0540077	0.147657	0.00977608	0.0634437
9579	2.65819e-05	0.649756	5.41292e-06	0.350209	2.32577e-06
9580	4.58331e-33	2.31441e-34	9.33309e-34	1	4.01015e-34
9581	0.756393	0.0183535	0.154026	0.00504708	0.0661804
9582	0.758229	0.0136647	0.1544	0.0073651	0.066341
9583	1.48872e-05	0.649766	3.03152e-06	0.350215	1.30255e-06
9584	0.661018	0.0952195	0.134605	0.0513219	0.0578356
9585	0.0184877	0.634268	0.00376468	0.341862	0.00161757
9586	0.759474	0.0126208	0.154653	0.00680245	0.0664499
9587	0.760664	0.0145213	0.154896	0.00336533	0.066554
9588	0.533774	0.201971	0.108693	0.108859	0.0467023
9589	0.717183	0.0481008	0.146041	0.0259257	0.0627496
9590	0.30136	0.508972	0.0613666	0.101933	0.0263674
9591	0.731604	0.0360021	0.148978	0.0194046	0.0640114
9592	0.758598	0.0174164	0.154475	0.00313786	0.0663732
9593	0.686643	0.0737217	0.139823	0.0397349	0.0600776
9594	0.00209471	0.648021	0.000426549	0.349274	0.000183276
9595	0.572759	0.169265	0.116632	0.0912312	0.0501133
9596	0.656023	0.0994105	0.133587	0.0535808	0.0573985
9597	0.757677	0.0141277	0.154287	0.00761464	0.0662927
9598	2.30283e-06	0.649777	4.6893e-07	0.35022	2.01485e-07
9599	0.644223	0.142565	0.131184	0.0256615	0.0563661
9600	0.65343	0.101586	0.133059	0.0547535	0.0571716
9601	1.75126e-06	0.649777	3.56612e-07	0.350221	1.53226e-07
9602	1.18431e-08	0.843867	2.41164e-09	0.156133	1.03621e-09
9603	0.716717	0.0631536	0.145947	0.0114738	0.0627089
9604	0.754872	0.0214872	0.153716	0.00387755	0.0660473
9605	0.754899	0.0211033	0.153722	0.00422643	0.0660496
9606	0.764866	0.00809714	0.155751	0.00436425	0.0669217
9607	0.0585565	0.600653	0.011924	0.323743	0.00512338
9608	0.763643	0.00912304	0.155502	0.00491719	0.0668147
9609	0.460534	0.263415	0.0937794	0.141977	0.0402942
9610	0.737187	0.0391303	0.150115	0.00906852	0.0644999
9611	9.85285e-12	1.06983e-12	2.00636e-12	1	8.62072e-13
9612	0.750607	0.0200598	0.152848	0.010812	0.0656741
9613	5.03374e-10	0.649779	1.02503e-10	0.350221	4.40425e-11
9614	0.682816	0.0769322	0.139043	0.0414654	0.0597428
9615	0.712133	0.0682724	0.145013	0.0122731	0.0623079
9616	0.695711	0.0661141	0.141669	0.0356345	0.060871
9617	0.725416	0.0537351	0.147718	0.00966094	0.06347
9618	0.71412	0.0506702	0.145418	0.0273105	0.0624817
9619	0.00110627	0.64885	0.000225271	0.349721	9.67924e-05
9620	0.00110486	0.648852	0.000224985	0.349722	9.66693e-05
9621	0.000133921	0.847543	2.72706e-05	0.152284	1.17174e-05
9622	1.22838e-08	0.649779	2.50137e-09	0.350221	1.07476e-09
9623	0.0119643	0.639741	0.00243632	0.344811	0.00104681
9624	2.18319e-13	0.649779	4.44567e-14	0.350221	1.91017e-14
9625	3.31985e-06	0.649776	6.76028e-07	0.35022	2.90469e-07
9626	0.772823	0.00184855	0.157371	0.000339674	0.0676178
9627	3.737e-05	0.649747	7.60974e-06	0.350205	3.26968e-06
9628	1.93277e-07	0.842572	3.93574e-08	0.157427	1.69107e-08
9629	0.767751	0.00709263	0.156339	0.00164373	0.0671741
9630	0.00844306	0.642695	0.00171928	0.346404	0.000738722
9631	0.758347	0.013566	0.154424	0.00731187	0.0663513
9632	0.105053	0.561645	0.0213921	0.302719	0.00919156
9633	0.770262	0.00356967	0.15685	0.001924	0.0673938
9634	0.558326	0.181373	0.113693	0.0977575	0.0488505
9635	0.741005	0.0281154	0.150892	0.0151538	0.0648339
9636	0.526127	0.208386	0.107136	0.112317	0.0460333
9637	0.000315163	0.649514	6.41773e-05	0.350079	2.75751e-05
9638	0.596624	0.19437	0.121492	0.0353134	0.0522014
9639	1.85237e-07	0.847642	3.77202e-08	0.152358	1.62073e-08
9640	0.739042	0.0388204	0.150493	0.00698272	0.0646622
9641	0.764811	0.00814313	0.15574	0.00438903	0.0669169
9642	0.75712	0.0145958	0.154174	0.0078669	0.0662439
9643	0.760213	0.0120008	0.154804	0.00646828	0.0665145
9644	0.622761	0.127316	0.126814	0.0686213	0.0544882
9645	0.630399	0.157727	0.128369	0.0283477	0.0551565
9646	0.739869	0.037921	0.150661	0.00681444	0.0647346
9647	0.4606	0.26336	0.093793	0.141947	0.0403001
9648	0.718987	0.0465866	0.146409	0.0251095	0.0629076
9649	0.769093	0.00592099	0.156612	0.00108261	0.0672915
9650	0.762899	0.00974674	0.155351	0.00525336	0.0667496
9651	0.74211	0.0271882	0.151117	0.0146541	0.0649306
9652	0.132196	0.702857	0.0269193	0.126462	0.0115664
9653	0.771238	0.00358941	0.157049	0.00064503	0.0674792
9654	0.728956	0.0498616	0.148439	0.00896398	0.0637797
9655	0.679003	0.0801317	0.138267	0.0431898	0.0594091
9656	0.738856	0.029918	0.150455	0.0161254	0.0646459
9657	0.00788308	0.643165	0.00160525	0.346657	0.000689727
9658	0.742768	0.0266362	0.151251	0.0143565	0.0649882
9659	0.455989	0.267228	0.092854	0.144032	0.0398966
9660	0.768435	0.00510301	0.156478	0.00275045	0.0672339
9661	0.741794	0.0274527	0.151053	0.0147966	0.064903
9662	0.749269	0.0211816	0.152575	0.0114166	0.0655571
9663	0.000668541	0.649218	0.000136136	0.349919	5.84938e-05
9664	0.00261166	0.647588	0.000531818	0.34904	0.000228506
9665	0.761479	0.014265	0.155062	0.00256913	0.0666253
9666	0.753109	0.0179605	0.153357	0.00968044	0.065893
9667	0.469853	0.255597	0.0956771	0.137763	0.0411096
9668	0.749772	0.0207603	0.152678	0.0111895	0.065601
9669	0.164493	0.511777	0.0334961	0.275841	0.0143923
9670	0.735486	0.0327455	0.149768	0.0176494	0.0643511
9671	0.000547768	0.649319	0.000111543	0.349974	4.79268e-05
9672	0.00116401	0.648802	0.00023703	0.349695	0.000101845
9673	0.614607	0.174854	0.125154	0.0316109	0.0537748
9674	0.00510885	0.645493	0.00104033	0.347911	0.000446997
9675	0.646214	0.140345	0.13159	0.0253101	0.0565403
9676	0.000128594	0.649671	2.61859e-05	0.350163	1.12513e-05
9677	0.583421	0.16032	0.118803	0.08641	0.0510462
9678	0.713621	0.0510884	0.145316	0.0275359	0.0624381
9679	0.0380131	0.617888	0.00774069	0.333033	0.00332595
9680	0.762517	0.0100676	0.155273	0.00542628	0.0667162
9681	0.67597	0.107207	0.137649	0.0200307	0.0591437
9682	0.723187	0.0430632	0.147264	0.0232105	0.063275
9683	0.407781	0.400309	0.0830373	0.0731938	0.0356787
9684	0.765585	0.00977564	0.155898	0.00175744	0.0669846
9685	0.744304	0.025347	0.151564	0.0136617	0.0651227
9686	0.526151	0.208366	0.107141	0.112306	0.0460354
9687	0.65768	0.0980199	0.133925	0.0528313	0.0575435
9688	0.595302	0.150352	0.121223	0.0810377	0.0520857
9689	0.770737	0.00317178	0.156947	0.00170954	0.0674353
9690	0.674417	0.0839785	0.137333	0.0452632	0.0590079
9691	5.02836e-08	0.649779	1.02393e-08	0.350221	4.39954e-09
9692	0.739701	0.0380757	0.150627	0.00687661	0.0647199
9693	0.669404	0.0881847	0.136312	0.0475303	0.0585692
9694	0.744257	0.0253868	0.151555	0.0136831	0.0651185
9695	0.749767	0.020764	0.152677	0.0111915	0.0656006
9696	1.30277e-05	0.847611	2.65286e-06	0.152373	1.13985e-06
9697	0.731724	0.0468297	0.149003	0.00842148	0.064022
9698	0.698319	0.0639263	0.1422	0.0344554	0.0610992
9699	0.708041	0.0557701	0.14418	0.0300593	0.0619498
9700	3.07185e-07	0.649778	6.25527e-08	0.350221	2.68771e-08
9701	0.770392	0.00451342	0.156876	0.000813524	0.0674051
9702	0.651091	0.134622	0.132583	0.024737	0.056967
9703	0.758556	0.0133908	0.154466	0.00721746	0.0663696
9704	0.755974	0.015557	0.15394	0.00838502	0.0661437
9705	0.744356	0.0329922	0.151575	0.00594987	0.0651272
9706	0.000401862	0.649441	8.18319e-05	0.35004	3.51607e-05
9707	0.765766	0.0073417	0.155935	0.00395707	0.0670005
9708	0.753549	0.0175914	0.153447	0.00948149	0.0659315
9709	0.685123	0.0749973	0.139513	0.0404225	0.0599446
9710	0.644793	0.108832	0.131301	0.0586588	0.0564159
9711	0.75326	0.0178341	0.153388	0.00961234	0.0659062
9712	0.762041	0.0104673	0.155176	0.00564172	0.0666745
9713	0.763571	0.00918327	0.155488	0.00494965	0.0668084
9714	0.764945	0.00803072	0.155767	0.00432844	0.0669286
9715	1.54134e-06	0.84652	3.13866e-07	0.153478	1.34859e-07
9716	0.742027	0.0272573	0.151101	0.0146913	0.0649234
9717	0.749855	0.0206904	0.152694	0.0111518	0.0656083
9718	1.41424e-05	0.845881	2.87985e-06	0.154101	1.23739e-06
9719	0.723152	0.0430926	0.147257	0.0232263	0.0632719
9720	0.752437	0.0185245	0.15322	0.00998442	0.0658342
9721	0.711545	0.0689179	0.144893	0.0123875	0.0622564
9722	0.766696	0.00656184	0.156124	0.00353674	0.0670818
9723	0.768669	0.00490657	0.156526	0.00264457	0.0672544
9724	0.741896	0.0273672	0.151074	0.0147505	0.064912
9725	2.8241e-05	0.847648	5.75076e-06	0.152316	2.47093e-06
9726	0.00241441	0.647753	0.000491652	0.34913	0.000211248
9727	0.72658	0.0402168	0.147955	0.0216763	0.0635719
9728	0.70604	0.0693439	0.143772	0.0190691	0.0617747
9729	0.769509	0.00420191	0.156697	0.00226477	0.0673279
9730	6.01605e-05	0.649728	1.22506e-05	0.350194	5.26372e-06
9731	0.00113667	0.648825	0.000231462	0.349707	9.94522e-05
9732	0.710272	0.0538985	0.144634	0.0290505	0.062145
9733	0.754451	0.0168344	0.15363	0.00907352	0.0660104
9734	0.649003	0.105299	0.132158	0.0567549	0.0567843
9735	0.758589	0.0133634	0.154473	0.00720268	0.0663724
9736	0.726908	0.039942	0.148022	0.0215281	0.0636005
9737	0.00016009	0.847462	3.25994e-05	0.152332	1.4007e-05
9738	0.00285092	0.647387	0.000580539	0.348932	0.00024944
9739	0.698654	0.0636455	0.142268	0.034304	0.0611285
9740	0.768904	0.00470911	0.156574	0.00253814	0.067275
9741	0.764805	0.00814811	0.155739	0.00439171	0.0669163
9742	0.755785	0.0157156	0.153902	0.00847049	0.0661271
9743	0.0108216	0.835852	0.00220363	0.150176	0.000946835
9744	0.652724	0.133116	0.132916	0.0241345	0.0571099
9745	0.747535	0.02953	0.152222	0.00530763	0.0654053
9746	0.75351	0.0229906	0.153439	0.004132	0.0659281
9747	0.753465	0.0176621	0.15343	0.00951963	0.0659241
9748	0.709523	0.0545265	0.144482	0.029389	0.0620795
9749	0.768621	0.00644756	0.156516	0.00116562	0.0672502
9750	0.753417	0.0177025	0.15342	0.00954137	0.0659199
9751	0.722226	0.04387	0.147068	0.0236453	0.0631909
9752	0.0886782	0.575382	0.0180577	0.310123	0.00775887
9753	0.757727	0.014086	0.154298	0.00759213	0.0662971
9754	0.762964	0.00969282	0.155364	0.00522429	0.0667552
9755	0.771828	0.00225647	0.157169	0.00121621	0.0675308
9756	0.106212	0.560672	0.0216282	0.302194	0.009293
9757	1.99964e-09	0.649779	4.07192e-10	0.350221	1.74958e-10
9758	0.761082	0.0112715	0.154981	0.00607519	0.0665906
9759	1.95131e-06	0.847563	3.9735e-07	0.152435	1.70729e-07
9760	0.715435	0.0646632	0.145685	0.0116202	0.0625967
9761	0.00190678	0.845594	0.000388282	0.151944	0.000166833
9762	0.31044	0.503713	0.0632155	0.0954704	0.0271618
9763	0.772719	0.00150857	0.15735	0.000813096	0.0676088
9764	0.766056	0.00921854	0.155994	0.00170562	0.0670258
9765	0.391443	0.321379	0.0797104	0.173219	0.0342492
9766	3.43384e-05	0.00901134	6.99241e-06	0.990944	3.00443e-06
9767	0.755015	0.0213445	0.153745	0.0038352	0.0660598
9768	0.00905207	0.642184	0.00184329	0.346128	0.000792008
9769	0.764782	0.00816709	0.155734	0.00440194	0.0669144
9770	0.741819	0.027432	0.151058	0.0147854	0.0649052
9771	0.735898	0.0391078	0.149852	0.0107544	0.0643872
9772	0.711534	0.0528395	0.144891	0.0284798	0.0622554
9773	0.549004	0.246798	0.111795	0.0443686	0.0480349
9774	0.747613	0.0225712	0.152238	0.0121655	0.0654122
9775	0.762889	0.0097552	0.155349	0.00525792	0.0667487
9776	0.655988	0.0994396	0.13358	0.0535965	0.0573955
9777	0.722009	0.0440518	0.147024	0.0237433	0.0631719
9778	0.0166491	0.635811	0.00339029	0.342693	0.00145671
9779	0.633913	0.117959	0.129085	0.0635784	0.055464
9780	0.73873	0.0375119	0.150429	0.00869344	0.064635
9781	0.37008	0.339301	0.0753602	0.182878	0.03238
9782	5.93985e-08	0.649779	1.20954e-08	0.350221	5.19705e-09
9783	0.657135	0.127408	0.133814	0.024148	0.0574958
9784	0.763687	0.0118536	0.155511	0.00212971	0.0668185
9785	0.751681	0.0191587	0.153066	0.0103263	0.065768
9786	4.10694e-05	0.84685	8.36305e-06	0.153097	3.59336e-06
9787	0.743212	0.0262634	0.151342	0.0141556	0.0650271
9788	0.641174	0.142114	0.130563	0.0300497	0.0560993
9789	1.71102e-05	0.847263	3.48419e-06	0.152715	1.49705e-06
9790	8.0646e-10	0.649779	1.64221e-10	0.350221	7.05609e-11
9791	0.695696	0.086252	0.141666	0.0155165	0.0608697
9792	0.333399	0.482796	0.0678906	0.0867441	0.0291706
9793	0.703345	0.0778445	0.143224	0.0140477	0.0615389
9794	6.1657e-06	1.03824e-05	1.25553e-06	0.999982	5.39465e-07
9795	1.33212e-06	0.649777	2.71262e-07	0.350221	1.16553e-07
9796	0.735251	0.0329424	0.149721	0.0177555	0.0643305
9797	0.717829	0.0475587	0.146173	0.0256335	0.0628062
9798	0.767438	0.00593934	0.156275	0.00320122	0.0671467
9799	0.698718	0.0635916	0.142281	0.034275	0.0611341
9800	0.733205	0.045153	0.149304	0.00818643	0.0641515
9801	0.518343	0.214917	0.105551	0.115837	0.0453522
9802	0.773757	0.000637594	0.157562	0.000343654	0.0676996
9803	0.00292061	0.647328	0.00059473	0.348901	0.000255538
9804	3.33833e-05	0.649751	6.79792e-06	0.350206	2.92086e-06
9805	0.745575	0.0293081	0.151823	0.00805953	0.0652339
9806	0.770676	0.00322297	0.156934	0.00173714	0.06743
9807	0.768686	0.00638153	0.156529	0.00114732	0.0672559
9808	0.767009	0.00820622	0.156188	0.00148782	0.0671092
9809	0.00322902	0.842993	0.000657533	0.152838	0.000282522
9810	5.18558e-09	0.649779	1.05595e-09	0.350221	4.5371e-10
9811	0.00723023	0.839653	0.00147231	0.151012	0.000632607
9812	0.531327	0.204024	0.108195	0.109966	0.0464883
9813	0.00220591	0.647928	0.000449193	0.349224	0.000193005
9814	0.626839	0.161627	0.127644	0.0290449	0.054845
9815	0.484122	0.317806	0.0985827	0.0571311	0.0423581
9816	0.415611	0.301103	0.0846318	0.16229	0.0363638
9817	0.769076	0.00595328	0.156608	0.00107258	0.06729
9818	0.722256	0.0571783	0.147074	0.0102978	0.0631935
9819	0.0354123	0.00513266	0.00721107	0.949146	0.00309838
9820	0.00394792	0.646466	0.000803924	0.348436	0.000345422
9821	0.762379	0.0132848	0.155245	0.00238683	0.0667041
9822	0.751541	0.0192762	0.153038	0.0103896	0.0657558
9823	0.495978	0.304707	0.100997	0.0549221	0.0433954
9824	0.664593	0.120303	0.135332	0.0216229	0.0581483
9825	0.601527	0.189319	0.12249	0.0340334	0.0526304
9826	0.679695	0.0795506	0.138408	0.0428766	0.0594697
9827	0.769927	0.00501855	0.156782	0.000908421	0.0673645
9828	1.7035e-08	7.48327e-09	3.46886e-09	1	1.49047e-09
9829	0.73045	0.0481646	0.148743	0.00873243	0.0639104
9830	0.71644	0.0487239	0.14589	0.0262615	0.0626847
9831	0.764834	0.00812399	0.155745	0.00437872	0.0669189
9832	0.709568	0.0544889	0.144491	0.0293688	0.0620834
9833	0.641782	0.145029	0.130687	0.026349	0.0561525
9834	0.644891	0.10875	0.13132	0.0586144	0.0564245
9835	0.736702	0.0317254	0.150016	0.0170995	0.0644575
9836	0.768489	0.00505771	0.156489	0.00272603	0.0672386
9837	0.761127	0.0146472	0.15499	0.00264149	0.0665945
9838	2.25216e-19	2.3941e-19	4.58612e-20	1	1.97052e-20
9839	0.757697	0.014111	0.154291	0.00760562	0.0662945
9840	0.71739	0.062499	0.146083	0.0112602	0.0627677
9841	0.681549	0.101751	0.138785	0.0182822	0.0596319
9842	2.9508e-12	0.649779	6.00877e-13	0.350221	2.58179e-13
9843	0.714931	0.0499897	0.145583	0.0269437	0.0625526
9844	0.750992	0.0197368	0.152926	0.0106379	0.0657078
9845	0.751602	0.0192245	0.15305	0.0103617	0.0657612
9846	0.753	0.0232747	0.153335	0.00450742	0.0658834
9847	0.764188	0.0112668	0.155613	0.00207028	0.0668623
9848	0.671715	0.0862456	0.136783	0.0464852	0.0587715
9849	0.000205458	0.649606	4.18379e-05	0.350129	1.79765e-05
9850	0.368355	0.340748	0.0750089	0.183659	0.0322291
9851	0.759945	0.0122251	0.154749	0.00658915	0.0664912
9852	0.618264	0.131088	0.125898	0.0706545	0.0540948
9853	0.721054	0.0448525	0.14683	0.0241748	0.0630884
9854	0.75601	0.0155264	0.153948	0.00836848	0.0661469
9855	0.760515	0.0117474	0.154865	0.00633168	0.066541
9856	0.738338	0.0303527	0.150349	0.0163597	0.0646006
9857	0.771328	0.00267585	0.157067	0.00144224	0.0674871
9858	0.770283	0.00463155	0.156854	0.000835805	0.0673956
9859	1.88366e-07	0.649778	3.83573e-08	0.350221	1.6481e-08
9860	0.744864	0.0248774	0.151678	0.0134086	0.0651716
9861	0.733879	0.0340938	0.149441	0.0183761	0.0642104
9862	0.38451	0.327195	0.0782986	0.176353	0.0336426
9863	0.00474639	0.645797	0.000966517	0.348075	0.000415284
9864	0.766482	0.00878588	0.15608	0.00158835	0.0670631
9865	4.97801e-09	0.649779	1.01368e-09	0.350221	4.35549e-10
9866	0.748649	0.0217021	0.152449	0.0116971	0.0655028
9867	0.756966	0.0147248	0.154142	0.00793644	0.0662305
9868	9.21191e-05	0.843767	1.87584e-05	0.156114	8.05993e-06
9869	0.578982	0.164044	0.117899	0.0884174	0.0506578
9870	0.74792	0.022314	0.1523	0.0120269	0.065439
9871	0.763682	0.00909008	0.15551	0.00489943	0.0668181
9872	0.000714946	0.649179	0.000145586	0.349898	6.2554e-05
9873	0.00106247	0.648887	0.000216354	0.349741	9.29607e-05
9874	0.743908	0.0335015	0.151483	0.00601938	0.0650879
9875	0.768687	0.00489142	0.156529	0.0026364	0.067256
9876	0.00048779	6.75908e-05	9.93296e-05	0.999303	4.2679e-05
9877	0.645723	0.140869	0.13149	0.025421	0.0564973
9878	0.745165	0.0246254	0.151739	0.0132727	0.0651979
9879	0.763583	0.00917341	0.15549	0.00494434	0.0668094
9880	0.542788	0.253542	0.110529	0.0456492	0.0474911
9881	0.000309571	0.649519	6.30386e-05	0.350081	2.70858e-05
9882	0.255704	0.435257	0.0520694	0.234597	0.0223727
9883	0.000303569	0.649524	6.18163e-05	0.350084	2.65606e-05
9884	0.768447	0.00509242	0.15648	0.00274474	0.067235
9885	8.58304e-25	1.80862e-23	1.74778e-25	1	7.5097e-26
9886	0.317042	0.500454	0.0645598	0.0902047	0.0277395
9887	0.751614	0.0250649	0.153053	0.00450584	0.0657622
9888	0.663484	0.0931514	0.135107	0.0502073	0.0580513
9889	0.715379	0.0496135	0.145674	0.026741	0.0625919
9890	0.0055223	0.645146	0.00112452	0.347724	0.000483172
9891	0.266198	0.426453	0.0542064	0.229852	0.0232909
9892	0.765984	0.00715927	0.155979	0.00385875	0.0670195
9893	0.757422	0.0187084	0.154235	0.0033638	0.0662704
9894	0.0932764	0.571525	0.0189941	0.308044	0.00816119
9895	0.74882	0.0215585	0.152484	0.0116197	0.0655178
9896	0.731158	0.0363761	0.148887	0.0196062	0.0639724
9897	0.292683	0.404233	0.0595996	0.217876	0.0256082
9898	2.07334e-08	0.649779	4.22199e-09	0.350221	1.81407e-09
9899	0.742669	0.0267193	0.151231	0.0144013	0.0649795
9900	0.392561	0.320441	0.079938	0.172713	0.034347
9901	0.755696	0.0157904	0.153884	0.00851083	0.0661193
9902	0.691902	0.0693098	0.140893	0.037357	0.0605377
9903	0.481605	0.245738	0.0980702	0.132449	0.0421379
9904	0.00740206	0.643569	0.0015073	0.346874	0.000647641
9905	0.00177422	0.64829	0.000361288	0.349419	0.000155235
9906	5.06807e-06	0.649774	1.03202e-06	0.350219	4.43429e-07
9907	0.710167	0.0539861	0.144613	0.0290977	0.0621359
9908	0.611322	0.136912	0.124485	0.0737937	0.0534874
9909	0.0800824	0.582594	0.0163073	0.31401	0.00700678
9910	0.499766	0.00167029	0.101768	0.353068	0.0437269
9911	0.76535	0.00769064	0.15585	0.00414514	0.0669641
9912	1.34212e-06	0.649777	2.73299e-07	0.350221	1.17429e-07
9913	0.696809	0.0651934	0.141893	0.0351383	0.060967
9914	0.717649	0.0477091	0.146136	0.0257145	0.0627905
9915	0.183728	0.495641	0.0374128	0.267143	0.0160752
9916	0.540938	0.195961	0.110152	0.10562	0.0473292
9917	5.71119e-16	2.31859e-10	1.16298e-16	1	4.99698e-17
9918	0.761869	0.010611	0.155141	0.00571916	0.0666595
9919	0.569427	0.222607	0.115954	0.0421914	0.0498218
9920	2.25419e-07	0.842572	4.59024e-08	0.157427	1.97229e-08
9921	0.000380927	0.649459	7.7569e-05	0.350049	3.33291e-05
9922	6.77634e-05	0.649722	1.37988e-05	0.350191	5.92894e-06
9923	0.687409	0.0730793	0.139978	0.0393887	0.0601446
9924	0.769172	0.00448405	0.156628	0.00241684	0.0672985
9925	0.768221	0.00528271	0.156434	0.0028473	0.0672152
9926	6.40556e-25	7.18182e-20	1.30438e-25	1	5.60453e-26
9927	0.695969	0.0859282	0.141721	0.0154882	0.0608935
9928	0.7317	0.0359213	0.148998	0.0193611	0.0640198
9929	0.73304	0.0347971	0.14927	0.0187551	0.0641371
9930	0.558941	0.180857	0.113818	0.0974793	0.0489044
9931	0.726725	0.0400952	0.147984	0.0216107	0.0635846
9932	2.04101e-09	1.04814e-10	4.15615e-10	1	1.78577e-10
9933	0.235545	0.589867	0.0479645	0.106014	0.0206089
9934	0.586502	0.157734	0.119431	0.0850166	0.0513158
9935	0.690127	0.0707987	0.140532	0.0381595	0.0603825
9936	0.754144	0.0222834	0.153568	0.00402123	0.0659836
9937	0.736394	0.0319831	0.149953	0.0172384	0.0644306
9938	0.00862261	0.642545	0.00175584	0.346322	0.000754432
9939	0.759817	0.0123324	0.154723	0.00664699	0.06648
9940	0.711239	0.0530869	0.144831	0.0286131	0.0622296
9941	0.750452	0.0201896	0.152816	0.0108819	0.0656605
9942	0.763124	0.00955864	0.155396	0.00515197	0.0667692
9943	0.763253	0.00944993	0.155423	0.00509338	0.0667806
9944	0.589928	0.154861	0.120128	0.0834677	0.0516155
9945	0.000265134	0.847352	5.39897e-05	0.152306	2.31978e-05
9946	0.604897	0.182459	0.123176	0.0365417	0.0529253
9947	0.593314	0.15202	0.120818	0.0819365	0.0519118
9948	0.738905	0.0389742	0.150465	0.00700563	0.0646502
9949	0.382726	0.328692	0.0779352	0.17716	0.0334865
9950	0.624419	0.125925	0.127152	0.0678717	0.0546333
9951	0.000191855	0.649618	3.90678e-05	0.350135	1.67863e-05
9952	0.746748	0.0232966	0.152062	0.0125565	0.0653365
9953	3.39885e-05	0.833107	6.92115e-06	0.166849	2.97381e-06
9954	0.733439	0.0449537	0.149352	0.00808411	0.064172
9955	0.679924	0.0793588	0.138454	0.0427733	0.0594897
9956	0.713449	0.0656905	0.145281	0.0131561	0.062423
9957	0.528775	0.206165	0.107676	0.11112	0.046265
9958	0.409413	0.399572	0.0833697	0.0718232	0.0358215
9959	0.67976	0.0794961	0.138421	0.0428472	0.0594754
9960	0.763081	0.0125162	0.155388	0.00224955	0.0667655
9961	0.75271	0.0182948	0.153276	0.00986066	0.0658581
9962	0.755118	0.0162751	0.153766	0.00877202	0.0660688
9963	0.765662	0.00742891	0.155913	0.00400408	0.0669914
9964	0.765528	0.00983542	0.155886	0.00177037	0.0669796
9965	0.11372	0.72129	0.023157	0.131883	0.00994987
9966	0.70725	0.0564341	0.144019	0.0304172	0.0618806
9967	9.60592e-05	0.649698	1.95607e-05	0.350178	8.40467e-06
9968	0.741231	0.0364275	0.150938	0.00654969	0.0648537
9969	0.578553	0.164404	0.117812	0.0886113	0.0506203
9970	0.764354	0.00852668	0.155647	0.00459576	0.0668769
9971	0.75646	0.0151493	0.154039	0.00816526	0.0661862
9972	0.602449	0.144356	0.122678	0.077806	0.052711
9973	0.67896	0.0801678	0.138258	0.0432093	0.0594053
9974	0.740355	0.0286602	0.15076	0.0154475	0.0647771
9975	0.339016	0.365363	0.0690345	0.196925	0.0296621
9976	1.36318e-07	0.649778	2.77588e-08	0.350221	1.19271e-08
9977	0.0922087	0.57242	0.0187766	0.308526	0.00806777
9978	0.768453	0.0066257	0.156482	0.00120377	0.0672356
9979	0.596769	0.194537	0.121521	0.0349595	0.0522141
9980	0.752309	0.018632	0.153194	0.0100424	0.065823
9981	0.76613	0.00916462	0.156009	0.00166504	0.0670322
9982	0.769947	0.00383428	0.156786	0.00206662	0.0673662
9983	0.000243318	0.847312	4.95473e-05	0.152374	2.1289e-05
9984	0.466341	0.337278	0.094962	0.0606161	0.0408024
9985	0.764618	0.0083053	0.155701	0.00447644	0.0669
9986	0.7409	0.0367888	0.150871	0.00661519	0.0648248
9987	0.744261	0.0253831	0.151555	0.0136811	0.0651189
9988	0.664315	0.120358	0.135276	0.0219266	0.058124
9989	0.692566	0.0687526	0.141029	0.0370567	0.0605958
9990	0.606284	0.141139	0.123459	0.0760718	0.0530466
9991	0.757097	0.0146149	0.154169	0.00787721	0.0662419
9992	0.333235	0.370212	0.0678573	0.199539	0.0291563
9993	4.10587e-06	0.649775	8.36087e-07	0.35022	3.59242e-07
9994	2.85604e-06	0.649776	5.81581e-07	0.35022	2.49888e-07
9995	0.755909	0.0203658	0.153927	0.0036598	0.066138
9996	0.669636	0.114777	0.136359	0.0206386	0.0585896
9997	1.4899e-05	0.649766	3.03391e-06	0.350215	1.30358e-06
9998	0.72429	0.0421383	0.147489	0.0227119	0.0633715
9999	0.744708	0.0325803	0.151646	0.00590695	0.065158
10000	0.743417	0.0340374	0.151384	0.00611696	0.065045
10001	0.765726	0.00737515	0.155926	0.0039751	0.066997
10002	0.702342	0.0605514	0.143019	0.0326364	0.0614511
10003	0.764069	0.00876538	0.155589	0.00472442	0.066852
10004	5.19701e-06	0.649774	1.05828e-06	0.350219	4.54711e-07
10005	0.756051	0.0154927	0.153956	0.00835033	0.0661504
10006	0.765636	0.00745125	0.155908	0.00401612	0.066989
10007	0.701839	0.0609731	0.142917	0.0328636	0.0614072
10008	0.741158	0.0279871	0.150923	0.0150846	0.0648473
10009	0.728459	0.0386402	0.148338	0.0208265	0.0637363
10010	0.753505	0.0229588	0.153438	0.00417119	0.0659276
10011	0.744804	0.031668	0.151666	0.00669612	0.0651663
10012	0.751374	0.023436	0.153004	0.00644474	0.0657412
10013	0.00570069	0.644996	0.00116084	0.347644	0.00049878
10014	0.0783942	0.58401	0.0159636	0.314773	0.00685907
10015	0.670444	0.0873124	0.136524	0.0470601	0.0586602
10016	5.73976e-08	0.649779	1.1688e-08	0.350221	5.02199e-09
10017	1.00578e-06	0.649778	2.04809e-07	0.350221	8.80003e-08
10018	4.69627e-08	0.649779	9.56311e-09	0.350221	4.10898e-09
10019	0.77189	0.00220452	0.157181	0.00118821	0.0675362
10020	0.769651	0.00408233	0.156726	0.00220032	0.0673404
10021	0.733861	0.0341087	0.149438	0.0183841	0.0642089
10022	0.744558	0.0251346	0.151616	0.0135472	0.0651448
10023	0.740957	0.0281556	0.150883	0.0151755	0.0648297
10024	0.759973	0.0122019	0.154755	0.00657667	0.0664936
10025	0.333284	0.370171	0.0678673	0.199517	0.0291605
10026	0.622883	0.165954	0.126839	0.0298254	0.0544989
10027	0.750543	0.0262037	0.152834	0.00475084	0.0656685
10028	0.768007	0.00546199	0.156391	0.00294393	0.0671965
10029	0.496841	0.232956	0.101173	0.12556	0.0434709
10030	0.737555	0.0404086	0.15019	0.00731447	0.0645321
10031	0.000278105	0.649545	5.66311e-05	0.350096	2.43327e-05
10032	0.760054	0.0121339	0.154771	0.00653999	0.0665007
10033	0.751658	0.0191776	0.153062	0.0103365	0.0657661
10034	0.680735	0.0786784	0.138619	0.0424066	0.0595607
10035	0.751342	0.0253503	0.152997	0.00457171	0.0657384
10036	0.762672	0.0099375	0.155304	0.00535617	0.0667297
10037	0.720705	0.0451454	0.146759	0.0243327	0.0630579
10038	1.44786e-05	0.649766	2.9483e-06	0.350215	1.2668e-06
10039	0.699396	0.0630225	0.14242	0.0339682	0.0611934
10040	0.755428	0.0208824	0.153829	0.00376397	0.0660959
10041	0.00895992	0.642262	0.00182453	0.34617	0.000783945
10042	0.773544	0.000816503	0.157518	0.000440084	0.067681
10043	0.732308	0.0461605	0.149121	0.00833677	0.0640731
10044	0.66013	0.0959649	0.134424	0.0517237	0.0577578
10045	0.606953	0.175641	0.123595	0.0407052	0.0531052
10046	0.486764	0.301624	0.0991207	0.0699019	0.0425892
10047	0.539397	0.197253	0.109839	0.106317	0.0471943
10048	0.599373	0.191474	0.122052	0.0346593	0.0524419
10049	0.755541	0.0159199	0.153852	0.00858061	0.0661058
10050	0.000708162	0.649184	0.000144204	0.349901	6.19604e-05
10051	0.363454	0.449646	0.0740108	0.0810898	0.0318002
10052	3.68086e-08	0.649779	7.49542e-09	0.350221	3.22056e-09
10053	0.722775	0.0434091	0.14718	0.0233969	0.0632389
10054	0.762719	0.00989796	0.155314	0.00533486	0.0667339
10055	0.717577	0.0477698	0.146122	0.0257472	0.0627842
10056	0.509357	0.222456	0.103721	0.1199	0.044566
10057	0.211951	0.471963	0.04316	0.254381	0.0185446
10058	0.744728	0.0325347	0.15165	0.00592712	0.0651597
10059	0.72232	0.0437909	0.147087	0.0236027	0.0631991
10060	0.7435	0.033743	0.1514	0.00630459	0.0650523
10061	0.771429	0.00336512	0.157088	0.000622617	0.0674959
10062	0.0963197	0.742147	0.0196138	0.133492	0.00842746
10063	0.749982	0.0205836	0.15272	0.0110943	0.0656194
10064	0.676141	0.107488	0.137684	0.0195286	0.0591587
10065	0.605523	0.184921	0.123304	0.0332721	0.05298
10066	0.569212	0.17224	0.11591	0.092835	0.049803
10067	0.0448273	0.793807	0.00912827	0.148316	0.00392215
10068	0.696795	0.065205	0.14189	0.0351446	0.0609658
10069	0.753353	0.0177557	0.153407	0.00957005	0.0659144
10070	4.4698e-07	0.847609	9.10195e-08	0.15239	3.91084e-08
10071	0.732182	0.0355169	0.149096	0.0191431	0.064062
10072	0.601558	0.145104	0.122496	0.0782089	0.0526331
10073	0.673115	0.0850708	0.137068	0.045852	0.058894
10074	0.722061	0.044008	0.147035	0.0237197	0.0631765
10075	0.115084	0.721706	0.0234348	0.129706	0.0100693
10076	0.733214	0.0450503	0.149306	0.00827806	0.0641523
10077	0.765853	0.00944985	0.155952	0.00173642	0.0670081
10078	0.725303	0.0538133	0.147695	0.00972863	0.0634601
10079	0.000152622	0.649651	3.10787e-05	0.350152	1.33536e-05
10080	0.672145	0.085885	0.13687	0.0462908	0.0588091
10081	0.762836	0.00979973	0.155338	0.00528192	0.0667441
10082	0.698659	0.0636414	0.142269	0.0343018	0.0611289
10083	0.765792	0.00732029	0.15594	0.00394553	0.0670027
10084	0.759879	0.0160065	0.154736	0.00289373	0.0664853
10085	0.712803	0.0517749	0.14515	0.0279059	0.0623665
10086	0.77112	0.00371574	0.157025	0.000670103	0.0674689
10087	0.761619	0.014116	0.15509	0.00253789	0.0666376
10088	0.732326	0.0353966	0.149125	0.0190782	0.0640746
10089	0.723634	0.0556677	0.147355	0.0100295	0.0633141
10090	0.660204	0.0959032	0.134439	0.0516904	0.0577643
10091	0.769029	0.00460406	0.156599	0.00248152	0.067286
10092	0.747663	0.0293508	0.152248	0.00532141	0.0654165
10093	0.759368	0.0165648	0.154632	0.00299466	0.0664407
10094	0.753322	0.0177818	0.1534	0.00958416	0.0659116
10095	0.721694	0.044316	0.14696	0.0238857	0.0631444
10096	0.757808	0.0140181	0.154314	0.00755556	0.0663042
10097	0.748276	0.0220151	0.152373	0.0118658	0.0654701
10098	5.30224e-09	0.847658	1.07971e-09	0.152342	4.63918e-10
10099	0.00143874	0.84385	0.000292974	0.154292	0.000125882
10100	0.471908	0.253873	0.0960955	0.136834	0.0412894
10101	0.653148	0.132034	0.133002	0.0246693	0.057147
10102	0.758762	0.0132175	0.154508	0.00712404	0.0663877
10103	0.751076	0.0196662	0.152943	0.0105998	0.0657151
10104	0.771605	0.00316809	0.157124	0.00059193	0.0675113
10105	0.749099	0.021325	0.15254	0.0114939	0.0655421
10106	0.715948	0.0491364	0.14579	0.0264838	0.0626416
10107	0.718213	0.0616163	0.146251	0.0110796	0.0628398
10108	0.721887	0.0441536	0.146999	0.0237982	0.0631613
10109	0.757419	0.0143446	0.154235	0.00773153	0.0662701
10110	0.481829	0.24555	0.0981159	0.132348	0.0421575
10111	0.73751	0.0310475	0.150181	0.0167341	0.0645281
10112	0.760341	0.0118936	0.15483	0.00641046	0.0665257
10113	2.83114e-06	0.649776	5.7651e-07	0.35022	2.47709e-07
10114	0.725489	0.0536513	0.147733	0.00965038	0.0634764
10115	0.714851	0.0652766	0.145566	0.0117607	0.0625456
10116	0.0131355	0.638759	0.0026748	0.344282	0.00114928
10117	0.677611	0.105941	0.137983	0.0191767	0.0592874
10118	0.729874	0.0374532	0.148626	0.0201867	0.0638601
10119	0.368465	0.340656	0.0750314	0.183609	0.0322387
10120	0.768882	0.00472774	0.156569	0.00254818	0.0672731
10121	0.769882	0.00388892	0.156773	0.00209607	0.0673605
10122	0.680625	0.0787703	0.138597	0.0424561	0.0595511
10123	7.27579e-09	0.649779	1.48158e-09	0.350221	6.36592e-10
10124	0.648692	0.105561	0.132095	0.0568956	0.0567571
10125	0.76684	0.0064407	0.156153	0.00347144	0.0670944
10126	0.0133014	0.638619	0.0027086	0.344207	0.00116381
10127	0.771184	0.00349449	0.157038	0.000809853	0.0674744
10128	0.759348	0.0127263	0.154628	0.00685931	0.0664389
10129	0.774237	0.000306657	0.157659	5.52493e-05	0.0677416
10130	0.696499	0.0654529	0.14183	0.0352782	0.06094
10131	0.741765	0.0274778	0.151047	0.0148101	0.0649004
10132	0.771327	0.00267668	0.157067	0.00144269	0.067487
10133	0.751486	0.0193224	0.153027	0.0104145	0.065751
10134	0.743415	0.0340398	0.151383	0.00611658	0.0650449
10135	0.346285	0.359264	0.0705147	0.193638	0.0302981
10136	0.771647	0.00240839	0.157132	0.00129809	0.067515
10137	0.77182	0.00226316	0.157167	0.00121981	0.0675301
10138	0.74093	0.0367359	0.150877	0.00662932	0.0648274
10139	0.0146391	0.637497	0.00298099	0.343602	0.00128084
10140	0.559418	0.180457	0.113915	0.0972635	0.0489461
10141	0.698679	0.0636247	0.142273	0.0342928	0.0611306
10142	0.74567	0.0315484	0.151842	0.00569777	0.0652421
10143	0.756391	0.0152067	0.154026	0.00819617	0.0661802
10144	0.600045	0.188718	0.122188	0.0365475	0.0525007
10145	7.92692e-06	0.649772	1.61417e-06	0.350218	6.93563e-07
10146	0.531044	0.26644	0.108138	0.0479145	0.0464635
10147	0.767009	0.00629903	0.156188	0.00339509	0.0671092
10148	0.0190656	0.823094	0.00388236	0.15229	0.00166813
10149	0.581465	0.161961	0.118405	0.0872946	0.050875
10150	0.752848	0.0181796	0.153304	0.00979857	0.0658701
10151	0.754423	0.0168578	0.153625	0.00908612	0.066008
10152	0.50305	0.227747	0.102437	0.122752	0.0440142
10153	0.486545	0.31508	0.0990761	0.0567288	0.0425701
10154	0.658564	0.126568	0.134105	0.0231421	0.0576209
10155	0.751403	0.0252931	0.15301	0.00455088	0.0657437
10156	0.151825	0.522406	0.0309164	0.281569	0.0132839
10157	0.765326	0.010057	0.155845	0.00181025	0.0669619
10158	0.743438	0.0260739	0.151388	0.0140535	0.0650468
10159	0.564897	0.17586	0.115031	0.0947861	0.0494255
10160	0.731215	0.0363281	0.148899	0.0195803	0.0639774
10161	0.761031	0.0147517	0.15497	0.00266034	0.0665862
10162	1.76442e-10	0.649779	3.59293e-11	0.350221	1.54378e-11
10163	1.70074e-08	0.649779	3.46326e-09	0.350221	1.48806e-09
10164	0.738076	0.0305726	0.150296	0.0164782	0.0645777
10165	0.504329	0.273608	0.102697	0.0752401	0.0441261
10166	0.742025	0.0272591	0.1511	0.0146923	0.0649232
10167	0.755134	0.0162618	0.153769	0.0087649	0.0660702
10168	0.00264791	0.647557	0.000539199	0.349024	0.000231678
10169	0.480493	0.246671	0.0978438	0.132952	0.0420406
10170	0.768477	0.00506745	0.156487	0.00273128	0.0672376
10171	0.697244	0.0648279	0.141981	0.0349413	0.0610052
10172	0.624781	0.125621	0.127225	0.0677078	0.054665
10173	0.675004	0.108916	0.137452	0.0195684	0.0590592
10174	0.469666	0.333634	0.095639	0.0599684	0.0410932
10175	0.546565	0.19124	0.111298	0.103075	0.0478215
10176	2.58712e-11	0.649779	5.2682e-12	0.350221	2.26359e-12
10177	0.674922	0.0835554	0.137436	0.0450352	0.059052
10178	0.760729	0.0150905	0.154909	0.00271224	0.0665597
10179	0.00151536	0.648507	0.000308575	0.349536	0.000132586
10180	0.713681	0.0510385	0.145328	0.027509	0.0624433
10181	0.0035276	0.843627	0.000718332	0.151819	0.000308646
10182	1.20878e-07	0.649778	2.46147e-08	0.350221	1.05762e-08
10183	0.755304	0.0161187	0.153804	0.00868778	0.0660851
10184	0.628794	0.122254	0.128043	0.0658933	0.0550161
10185	0.597559	0.148458	0.121682	0.0800169	0.0522833
10186	2.40957e-08	0.649779	4.90665e-09	0.350221	2.10824e-09
10187	0.722539	0.0568657	0.147132	0.0102453	0.0632183
10188	0.749265	0.0211857	0.152574	0.0114188	0.0655566
10189	0.646471	0.138502	0.131642	0.0268225	0.0565627
10190	5.23927e-14	0.649779	1.06688e-14	0.350221	4.58408e-15
10191	0.559182	0.180655	0.113867	0.0973703	0.0489254
10192	0.719292	0.0463311	0.146471	0.0249718	0.0629342
10193	0.63729	0.115126	0.129773	0.0620514	0.0557595
10194	0.761666	0.0107815	0.1551	0.0058111	0.0666417
10195	5.44627e-11	0.847677	1.10904e-11	0.152323	4.7652e-12
10196	0.246586	0.442906	0.0502128	0.23872	0.021575
10197	0.300952	0.397296	0.0612834	0.214137	0.0263317
10198	0.760834	0.0114794	0.15493	0.00618721	0.0665689
10199	0.738334	0.0303557	0.150349	0.0163613	0.0646003
10200	0.755252	0.0161623	0.153794	0.00871128	0.0660805
10201	0.731847	0.0357983	0.149027	0.0192948	0.0640327
10202	0.556491	0.238509	0.113319	0.0429903	0.04869
10203	2.04561e-06	0.649777	4.16551e-07	0.350221	1.7898e-07
10204	0.661409	0.0948919	0.134684	0.0511454	0.0578697
10205	0.647028	0.106957	0.131756	0.0576483	0.0566115
10206	0.731395	0.0470969	0.148935	0.00858003	0.0639931
10207	0.610075	0.137959	0.124231	0.0743578	0.0533783
10208	1.06595e-08	0.846894	2.17061e-09	0.153106	9.32646e-10
10209	0.594076	0.151381	0.120973	0.081592	0.0519785
10210	0.70081	0.0806588	0.142707	0.0145065	0.0613171
10211	0.475331	0.251001	0.0967927	0.135286	0.0415889
10212	0.713356	0.0669388	0.145262	0.0120283	0.0624148
10213	4.4504e-06	0.649775	9.06244e-07	0.350219	3.89386e-07
10214	4.01969e-06	0.649775	8.18538e-07	0.35022	3.51701e-07
10215	0.612416	0.177411	0.124707	0.0318825	0.0535831
10216	6.66513e-05	0.649723	1.35723e-05	0.350191	5.83163e-06
10217	0.643841	0.109631	0.131107	0.0590894	0.0563326
10218	0.686169	0.0741199	0.139726	0.0399496	0.0600361
10219	0.542017	0.254034	0.110372	0.0461533	0.0474236
10220	0.759049	0.0129774	0.154567	0.00699466	0.0664127
10221	0.733249	0.034622	0.149313	0.0186608	0.0641554
10222	0.72282	0.0565635	0.147189	0.010184	0.0632429
10223	0.744168	0.0254614	0.151536	0.0137233	0.0651107
10224	0.747344	0.0297332	0.152183	0.00535077	0.0653886
10225	0.758331	0.0135799	0.15442	0.00731937	0.0663499
10226	0.76959	0.00413359	0.156713	0.00222794	0.067335
10227	0.657889	0.0978447	0.133967	0.0527369	0.0575618
10228	0.764259	0.00860631	0.155628	0.00463868	0.0668686
10229	0.768365	0.00516172	0.156464	0.00278209	0.0672278
10230	0.745626	0.0242386	0.151833	0.0130642	0.0652383
10231	0.661572	0.123355	0.134717	0.0224725	0.057884
10232	0.588147	0.156355	0.119766	0.0842729	0.0514597
10233	1.04855e-07	0.649778	2.13518e-08	0.350221	9.17425e-09
10234	0.698565	0.0637202	0.14225	0.0343443	0.0611207
10235	0.740759	0.0369467	0.150842	0.00663968	0.0648124
10236	0.768373	0.00671382	0.156465	0.00121978	0.0672285
10237	0.59407	0.197472	0.120972	0.0355085	0.0519779
10238	0.765117	0.0102863	0.155802	0.00185022	0.0669437
10239	0.688968	0.0717716	0.140296	0.0386839	0.060281
10240	0.691282	0.0698297	0.140767	0.0376372	0.0604835
10241	0.690181	0.0707538	0.140543	0.0381353	0.0603871
10242	0.753867	0.0225994	0.153512	0.00406224	0.0659594
10243	0.765288	0.0101016	0.155837	0.00181515	0.0669586
10244	0.575743	0.216805	0.11724	0.0398382	0.0503744
10245	0.718223	0.0472279	0.146253	0.0254552	0.0628407
10246	0.751446	0.0193552	0.153019	0.0104322	0.0657475
10247	0.767705	0.00744926	0.156329	0.00134671	0.0671701
10248	0.760269	0.0155239	0.154815	0.00287225	0.0665195
10249	4.53938e-05	0.846681	9.24364e-06	0.15326	3.97172e-06
10250	0.759796	0.0154307	0.154719	0.0035761	0.0664781
10251	1.55608e-06	0.649777	3.16868e-07	0.350221	1.36149e-07
10252	0.770677	0.00322216	0.156934	0.0017367	0.0674301
10253	0.714526	0.0656156	0.1455	0.0118409	0.0625172
10254	7.70418e-06	0.649772	1.56882e-06	0.350218	6.74075e-07
10255	0.760218	0.0153812	0.154805	0.00308045	0.066515
10256	0.683731	0.0761651	0.139229	0.0410519	0.0598228
10257	0.738671	0.0300729	0.150417	0.0162089	0.0646298
10258	0.767147	0.00618367	0.156216	0.00333291	0.0671212
10259	0.635515	0.116616	0.129411	0.0628541	0.0556042
10260	0.675798	0.108028	0.137614	0.0194312	0.0591287
10261	0.746874	0.0231913	0.152087	0.0124998	0.0653475
10262	0.734002	0.0339899	0.149466	0.0183201	0.0642213
10263	0.665115	0.0917829	0.135439	0.0494697	0.058194
10264	0.722156	0.0439282	0.147054	0.0236767	0.0631848
10265	0.760215	0.0156354	0.154804	0.0028302	0.0665148
10266	0.617424	0.171838	0.125727	0.0309895	0.0540213
10267	0.738667	0.0392338	0.150416	0.00705334	0.0646294
10268	0.746521	0.0306124	0.152016	0.00553426	0.0653166
10269	0.60413	0.186486	0.12302	0.0335066	0.0528581
10270	6.51886e-06	0.649773	1.32745e-06	0.350218	5.70365e-07
10271	0.0929756	0.571777	0.0189328	0.30818	0.00813487
10272	0.744887	0.0324159	0.151683	0.00584026	0.0651737
10273	0.4261	0.292304	0.0867675	0.157548	0.0372814
10274	3.6367e-06	0.649776	7.40548e-07	0.35022	3.18192e-07
10275	0.765721	0.00737959	0.155925	0.00397749	0.0669965
10276	0.615991	0.132995	0.125436	0.0716823	0.0538959
10277	0.761876	0.0138201	0.155142	0.00250162	0.0666601
10278	0.635168	0.152441	0.129341	0.0274767	0.0555738
10279	0.513451	0.284966	0.104555	0.0521041	0.0449242
10280	0.756785	0.0148764	0.154106	0.00801819	0.0662146
10281	0.732396	0.0460917	0.149139	0.00829177	0.0640808
10282	0.0498815	0.607931	0.0101575	0.327666	0.00436436
10283	0.696913	0.0651061	0.141914	0.0350913	0.0609761
10284	0.762745	0.0128069	0.155319	0.00239285	0.0667361
10285	0.772356	0.00181287	0.157277	0.000977111	0.0675771
10286	0.773125	0.0011683	0.157433	0.000629699	0.0676443
10287	0.6776	0.0813088	0.137981	0.0438243	0.0592863
10288	0.772227	0.00250337	0.15725	0.000453871	0.0675657
10289	0.76362	0.0119103	0.155498	0.00215938	0.0668127
10290	0.747325	0.0228125	0.152179	0.0122956	0.065387
10291	0.771738	0.00233144	0.157151	0.00125661	0.067523
10292	0.773403	0.00121869	0.15749	0.000219664	0.0676687
10293	0.682773	0.0769689	0.139034	0.0414851	0.059739
10294	0.731992	0.0465378	0.149057	0.00836754	0.0640454
10295	0.739133	0.0296855	0.150511	0.0160001	0.0646702
10296	0.762736	0.0098843	0.155317	0.0053275	0.0667353
10297	0.715233	0.0648486	0.145644	0.0116949	0.0625791
10298	0.466912	0.258064	0.0950782	0.139093	0.0408523
10299	0.0620946	0.597685	0.0126445	0.322143	0.00543295
10300	0.637366	0.115062	0.129788	0.062017	0.0557661
10301	0.757474	0.0142984	0.154246	0.00770664	0.0662749
10302	3.06609e-06	0.649776	6.24355e-07	0.35022	2.68267e-07
10303	0.471624	0.254111	0.0960378	0.136962	0.0412646
10304	0.746922	0.023151	0.152097	0.012478	0.0653517
10305	0.767314	0.00604338	0.15625	0.0032573	0.0671359
10306	0.761098	0.0112578	0.154984	0.0060678	0.066592
10307	0.770669	0.00420327	0.156933	0.000765744	0.0674294
10308	0.747574	0.0226042	0.15223	0.0121834	0.0654087
10309	0.607631	0.140008	0.123733	0.0754625	0.0531645
10310	0.754191	0.0222436	0.153578	0.00399974	0.0659877
10311	0.203716	0.478872	0.0414831	0.258105	0.0178241
10312	0.758304	0.0136022	0.154415	0.00733138	0.0663475
10313	0.549273	0.246436	0.11185	0.0443832	0.0480585
10314	0.75775	0.018345	0.154302	0.00330394	0.0662991
10315	0.670997	0.0868479	0.136637	0.0468098	0.0587087
10316	0.762078	0.0104357	0.155184	0.00562468	0.0666778
10317	0.413495	0.39476	0.0842007	0.0713665	0.0361786
10318	0.666852	0.117825	0.135792	0.0211851	0.058346
10319	0.736594	0.0414943	0.149994	0.00746894	0.0644481
10320	0.725189	0.0413839	0.147672	0.0223053	0.0634502
10321	0.747326	0.0228117	0.15218	0.0122952	0.0653871
10322	3.09516e-05	0.649753	6.30273e-06	0.350207	2.7081e-06
10323	0.337591	0.366558	0.0687443	0.19757	0.0295374
10324	0.706957	0.0566793	0.143959	0.0305494	0.061855
10325	0.692096	0.069147	0.140933	0.0372692	0.0605547
10326	0.744467	0.0252103	0.151597	0.013588	0.0651369
10327	0.765136	0.00787034	0.155806	0.004242	0.0669453
10328	0.759005	0.013014	0.154558	0.00701438	0.0664089
10329	0.583321	0.209254	0.118783	0.0376043	0.0510375
10330	0.74586	0.0240418	0.151881	0.0129582	0.0652588
10331	0.675008	0.0834829	0.137453	0.0449961	0.0590596
10332	0.00230322	0.647846	0.000469009	0.34918	0.000201519
10333	0.753639	0.0226618	0.153465	0.00429517	0.0659394
10334	0.747007	0.0230793	0.152115	0.0124394	0.0653592
10335	0.646877	0.139069	0.131725	0.0257307	0.0565983
10336	0.768137	0.00686277	0.156417	0.00137443	0.0672079
10337	0.754855	0.0164953	0.153713	0.00889075	0.0660458
10338	0.701631	0.0611474	0.142875	0.0329576	0.061389
10339	0.773289	0.00103067	0.157466	0.000555516	0.0676586
10340	0.744249	0.0331215	0.151553	0.00595846	0.0651178
10341	0.770983	0.00296504	0.156997	0.00159811	0.0674569
10342	0.761775	0.0139467	0.155122	0.00250581	0.0666512
10343	0.731483	0.0361035	0.148953	0.0194593	0.0640008
10344	0.600949	0.145614	0.122373	0.0784839	0.0525799
10345	0.681411	0.101762	0.138757	0.0184499	0.0596198
10346	0.761008	0.0113339	0.154966	0.0061088	0.0665841
10347	0.719764	0.045935	0.146567	0.0247583	0.0629755
10348	0.551741	0.243772	0.112352	0.0438609	0.0482744
10349	0.758162	0.0177517	0.154386	0.00336454	0.0663352
10350	0.00252851	0.844875	0.000514885	0.151861	0.000221231
10351	3.2985e-07	0.649778	6.71681e-08	0.350221	2.88602e-08
10352	0.770733	0.00414144	0.156946	0.000745033	0.067435
10353	0.562067	0.232516	0.114455	0.041784	0.0491778
10354	0.732136	0.0355555	0.149086	0.0191639	0.064058
10355	0.772687	0.00153565	0.157344	0.000827694	0.067606
10356	0.0175255	0.635076	0.00356876	0.342297	0.00153339
10357	0.666827	0.0903466	0.135787	0.0486955	0.0583438
10358	0.631059	0.120354	0.128504	0.064869	0.0552143
10359	0.000180587	0.649627	3.67732e-05	0.35014	1.58004e-05
10360	4.38012e-06	0.649775	8.91932e-07	0.350219	3.83237e-07
10361	0.765194	0.00782141	0.155818	0.00421563	0.0669504
10362	0.690232	0.0921438	0.140553	0.0166792	0.0603916
10363	5.54246e-07	0.649778	1.12862e-07	0.350221	4.84936e-08
10364	0.757657	0.018452	0.154283	0.00331676	0.0662909
10365	0.501859	0.228745	0.102195	0.123291	0.04391
10366	0.307929	0.472493	0.0627041	0.129932	0.0269421
10367	0.612337	0.174456	0.124691	0.0349389	0.0535762
10368	0.767521	0.00765324	0.156292	0.0013802	0.067154
10369	0.718419	0.0613987	0.146293	0.0110318	0.0628578
10370	0.733616	0.0343138	0.149388	0.0184946	0.0641875
10371	0.762244	0.010297	0.155217	0.00554992	0.0666922
10372	0.450129	0.328494	0.0916606	0.0903333	0.0393838
10373	0.734177	0.044091	0.149502	0.00799389	0.0642365
10374	0.688535	0.0721347	0.140208	0.0388796	0.0602431
10375	0.726091	0.0406272	0.147855	0.0218975	0.0635291
10376	0.760614	0.0150383	0.154885	0.00291234	0.0665497
10377	0.658148	0.0976278	0.13402	0.05262	0.0575844
10378	3.72584e-08	0.649779	7.58701e-09	0.350221	3.25991e-09
10379	0.0221358	0.631208	0.00450755	0.340212	0.00193676
10380	0.749135	0.0212948	0.152548	0.0114776	0.0655453
10381	0.0111486	0.640425	0.00227022	0.34518	0.000975445
10382	0.52678	0.268895	0.107269	0.0509647	0.0460904
10383	0.739212	0.0296195	0.150527	0.0159645	0.0646771
10384	9.3519e-09	8.89432e-11	1.90435e-09	1	8.18241e-10
10385	0.739543	0.0293419	0.150595	0.0158149	0.064706
10386	0.758236	0.0136591	0.154401	0.00736208	0.0663416
10387	0.698213	0.0640154	0.142179	0.0345034	0.0610899
10388	1.92609e-26	1.0343e-22	3.92214e-27	1	1.68523e-27
10389	0.76275	0.0128609	0.15532	0.00233174	0.0667366
10390	0.737408	0.040598	0.15016	0.00731441	0.0645193
10391	0.693612	0.0678749	0.141242	0.0365836	0.0606874
10392	0.730491	0.0369356	0.148751	0.0199078	0.0639141
10393	0.709417	0.0546155	0.14446	0.029437	0.0620702
10394	0.58587	0.158265	0.119302	0.0853028	0.0512604
10395	0.28057	0.540556	0.057133	0.0971926	0.0245483
10396	0.744939	0.0248147	0.151693	0.0133748	0.0651782
10397	0.00312472	0.843478	0.000636294	0.152488	0.000273396
10398	0.764565	0.00834989	0.15569	0.00450047	0.0668953
10399	0.00776684	0.817181	0.00158158	0.172791	0.000679557
10400	0.7308	0.0366765	0.148814	0.0197681	0.0639411
10401	0.439554	0.281016	0.0895072	0.151464	0.0384586
10402	0.409944	0.305857	0.0834778	0.164853	0.0358679
10403	0.746842	0.023218	0.152081	0.0125141	0.0653447
10404	0.743662	0.0337635	0.151433	0.00607492	0.0650664
10405	0.000123374	0.784193	2.51229e-05	0.215647	1.07946e-05
10406	2.00139e-05	0.649762	4.07548e-06	0.350212	1.75111e-06
10407	0.76176	0.010703	0.155119	0.00576876	0.0666499
10408	0.757854	0.0180242	0.154323	0.00349059	0.0663082
10409	0.681256	0.10207	0.138726	0.0183419	0.0596063
10410	0.448075	0.357287	0.0912424	0.0641914	0.0392042
10411	0.668665	0.112814	0.136162	0.0238543	0.0585046
10412	0.759375	0.016528	0.154633	0.00302203	0.0664413
10413	0.745553	0.0242997	0.151818	0.0130972	0.0652319
10414	0.000431162	0.649417	8.77983e-05	0.350026	3.77243e-05
10415	0.718429	0.0470554	0.146295	0.0253622	0.0628587
10416	0.719237	0.0463769	0.14646	0.0249965	0.0629294
10417	0.766921	0.00637266	0.15617	0.00343477	0.0671015
10418	3.21971e-06	0.649776	6.55636e-07	0.35022	2.81707e-07
10419	4.03079e-05	0.649745	8.20797e-06	0.350203	3.52672e-06
10420	0.759752	0.0123873	0.15471	0.00667655	0.0664742
10421	0.00428001	0.841575	0.000871548	0.152899	0.000374478
10422	0.658744	0.126685	0.134141	0.0227939	0.0576365
10423	0.761895	0.0138148	0.155146	0.00248244	0.0666617
10424	0.690297	0.0706564	0.140567	0.0380828	0.0603973
10425	0.714861	0.0500486	0.145569	0.0269755	0.0625465
10426	0.76164	0.0140919	0.155094	0.00253474	0.0666394
10427	0.765874	0.00725156	0.155956	0.00390849	0.0670099
10428	0.772072	0.00267498	0.157219	0.000481766	0.0675522
10429	0.581918	0.210694	0.118497	0.0379767	0.0509147
10430	0.405516	0.386788	0.0825761	0.0896388	0.0354805
10431	0.767035	0.00627766	0.156193	0.00338357	0.0671114
10432	2.2356e-05	0.847525	4.55239e-06	0.152446	1.95603e-06
10433	0.687514	0.0952093	0.14	0.0171235	0.0601538
10434	0.771151	0.00282455	0.157031	0.00152239	0.0674715
10435	0.714559	0.0503018	0.145507	0.0271119	0.0625201
10436	7.39475e-09	1.29913e-09	1.50581e-09	1	6.47001e-10
10437	0.764803	0.00814961	0.155738	0.00439252	0.0669162
10438	0.730739	0.0367277	0.148802	0.0197957	0.0639358
10439	0.000466149	0.649387	9.49228e-05	0.350011	4.07855e-05
10440	0.662782	0.12187	0.134964	0.0223938	0.0579899
10441	0.723221	0.0430348	0.147271	0.0231952	0.063278
10442	0.722332	0.043781	0.14709	0.0235974	0.0632002
10443	0.767439	0.00593821	0.156275	0.00320061	0.0671468
10444	0.595404	0.150267	0.121243	0.0809916	0.0520947
10445	0.767564	0.00583382	0.156301	0.00314435	0.0671577
10446	0.747553	0.0226217	0.152226	0.0121928	0.0654069
10447	0.741413	0.0277725	0.150976	0.014969	0.0648697
10448	0.769593	0.00413106	0.156714	0.00222658	0.0673353
10449	0.769636	0.00534224	0.156723	0.000960071	0.067339
10450	3.714e-18	8.41304e-20	7.56289e-19	1	3.24955e-19
10451	3.87394e-11	0.649779	7.88859e-12	0.350221	3.38949e-12
10452	0.608101	0.139614	0.123829	0.07525	0.0532056
10453	0.727728	0.0392534	0.148189	0.021157	0.0636723
10454	0.759389	0.0165344	0.154636	0.00299776	0.0664425
10455	0.774164	0.000386462	0.157645	6.97405e-05	0.0677352
10456	0.660903	0.124322	0.134581	0.0223688	0.0578255
10457	0.146083	0.687809	0.0297471	0.12358	0.0127815
10458	0.733102	0.0453229	0.149283	0.0081491	0.0641425
10459	3.29468e-07	0.649778	6.70903e-08	0.350221	2.88267e-08
10460	1.23505e-05	0.649768	2.51496e-06	0.350216	1.08061e-06
10461	0.477823	0.24891	0.0973002	0.134159	0.041807
10462	0.752834	0.0181915	0.153301	0.00980495	0.0658689
10463	0.000412061	0.649433	8.39089e-05	0.350035	3.60532e-05
10464	0.755221	0.0161884	0.153787	0.00872533	0.0660778
10465	0.753355	0.0231587	0.153407	0.00416511	0.0659145
10466	0.663782	0.121128	0.135167	0.0218445	0.0580774
10467	0.667176	0.090054	0.135858	0.0485378	0.0583743
10468	0.767057	0.00625895	0.156197	0.00337348	0.0671134
10469	0.426904	0.291629	0.0869313	0.157184	0.0373518
10470	0.765871	0.00944991	0.155956	0.00171331	0.0670096
10471	0.71849	0.0587279	0.146308	0.0136103	0.062864
10472	0.688151	0.072457	0.14013	0.0390533	0.0602095
10473	0.765315	0.00771987	0.155843	0.0041609	0.066961
10474	0.7532	0.0223452	0.153376	0.00517853	0.0659009
10475	0.559759	0.180171	0.113985	0.0971093	0.0489759
10476	0.752579	0.0184052	0.153249	0.00992012	0.0658466
10477	0.750002	0.020567	0.152724	0.0110853	0.0656212
10478	0.765151	0.0078576	0.155809	0.00423513	0.0669466
10479	2.79873e-06	0.649776	5.6991e-07	0.35022	2.44874e-07
10480	0.528032	0.206788	0.107524	0.111456	0.0461999
10481	0.719911	0.0597648	0.146597	0.0107383	0.0629884
10482	1.32113e-08	0.649779	2.69025e-09	0.350221	1.15592e-09
10483	0.446756	0.274974	0.0909738	0.148207	0.0390887
10484	0.710828	0.0534323	0.144747	0.0287993	0.0621936
10485	0.756019	0.0155191	0.15395	0.00836455	0.0661476
10486	0.773908	0.0005116	0.157592	0.000275745	0.0677128
10487	0.710246	0.0539206	0.144629	0.0290624	0.0621427
10488	0.770213	0.00470879	0.15684	0.000848367	0.0673895
10489	0.687747	0.0945397	0.140047	0.0174918	0.0601742
10490	0.633948	0.153845	0.129092	0.027647	0.0554671
10491	0.732729	0.0457306	0.149207	0.00822382	0.0641098
10492	0.768652	0.00492041	0.156522	0.00265203	0.067253
10493	0.770946	0.00299613	0.156989	0.00161487	0.0674537
10494	0.728402	0.0386887	0.148326	0.0208526	0.0637312
10495	0.731094	0.03643	0.148874	0.0196353	0.0639668
10496	1.48616e-06	0.649777	3.0263e-07	0.350221	1.30031e-07
10497	0.736152	0.0321861	0.149904	0.0173479	0.0644094
10498	0.255767	0.567227	0.0520823	0.102546	0.0223782
10499	5.15029e-07	0.649778	1.04876e-07	0.350221	4.50623e-08
10500	0.000150395	7.26998e-05	3.06252e-05	0.999733	1.31587e-05
10501	0.744641	0.0326116	0.151633	0.00596281	0.0651521
10502	0.685001	0.0750994	0.139488	0.0404775	0.0599339
10503	0.760926	0.0148752	0.154949	0.00267322	0.0665769
10504	0.648822	0.137521	0.132121	0.0247677	0.0567684
10505	0.759714	0.0162005	0.154702	0.00291249	0.0664709
10506	0.744532	0.0251559	0.151611	0.0135587	0.0651426
10507	0.764213	0.0110845	0.155618	0.00221993	0.0668645
10508	0.746725	0.0233159	0.152057	0.0125669	0.0653345
10509	0.5941	0.195149	0.120978	0.0377929	0.0519806
10510	0.711029	0.0642917	0.144788	0.0176798	0.0622112
10511	0.769319	0.00568415	0.156658	0.00102761	0.0673113
10512	0.0990946	0.566643	0.0201788	0.305413	0.00867025
10513	0.769543	0.0054436	0.156704	0.000978764	0.0673309
10514	0.685197	0.0975521	0.139528	0.0177719	0.0599511
10515	3.17183e-07	0.649778	6.45886e-08	0.350221	2.77518e-08
10516	0.580303	0.162935	0.118168	0.0878197	0.0507734
10517	0.751629	0.0250403	0.153056	0.00451143	0.0657635
10518	0.760867	0.0114519	0.154937	0.00617242	0.0665718
10519	0.539603	0.256963	0.10988	0.0463412	0.0472123
10520	0.00759392	0.803892	0.00154637	0.186303	0.000664428
10521	0.704719	0.0585567	0.143503	0.0315612	0.0616592
10522	0.757387	0.0143712	0.154228	0.00774589	0.0662673
10523	0.512415	0.21989	0.104344	0.118517	0.0448336
10524	0.743922	0.0256679	0.151486	0.0138346	0.0650892
10525	0.747993	0.0222527	0.152315	0.0119939	0.0654454
10526	0.730792	0.0478479	0.148813	0.00860769	0.0639403
10527	0.732521	0.0451748	0.149165	0.0090473	0.0640917
10528	0.687523	0.0729839	0.140002	0.0393373	0.0601546
10529	0.765668	0.00742417	0.155915	0.00400152	0.0669918
10530	2.49679e-34	1.72952e-27	5.08426e-35	1	2.18456e-35
10531	0.767673	0.00574192	0.156323	0.00309481	0.0671673
10532	0.752942	0.0181004	0.153323	0.00975587	0.0658784
10533	0.733665	0.034273	0.149398	0.0184727	0.0641918
10534	0.695948	0.0659157	0.141717	0.0355276	0.0608917
10535	0.562757	0.177656	0.114595	0.0957539	0.0492382
10536	0.679276	0.0799027	0.138322	0.0430664	0.059433
10537	0.747506	0.0226607	0.152216	0.0122138	0.0654028
10538	0.760203	0.0120088	0.154802	0.00647256	0.0665137
10539	9.20337e-08	0.649778	1.8741e-08	0.350221	8.05246e-09
10540	0.110896	0.556743	0.022582	0.300076	0.00970282
10541	5.11265e-05	0.649736	1.0411e-05	0.350198	4.4733e-06
10542	0.684772	0.0978861	0.139441	0.0179867	0.0599139
10543	0.763706	0.00906989	0.155515	0.00488854	0.0668202
10544	0.58117	0.211601	0.118345	0.0380354	0.0508492
10545	2.97874e-10	0.649779	6.06566e-11	0.350221	2.60624e-11
10546	1.33171e-05	0.847114	2.71178e-06	0.152869	1.16517e-06
10547	0.673919	0.109999	0.137231	0.0198862	0.0589643
10548	0.752635	0.0183579	0.153261	0.00989466	0.0658516
10549	0.77089	0.00395634	0.156978	0.000726983	0.0674488
10550	1.08555e-06	0.847457	2.21053e-07	0.152542	9.49799e-08
10551	0.767605	0.00579894	0.156309	0.00312554	0.0671613
10552	1.61492e-15	4.41586e-08	3.2885e-16	1	1.41297e-16
10553	3.10655e-11	4.17052e-12	6.32592e-12	1	2.71806e-12
10554	0.00281404	0.647418	0.000573028	0.348949	0.000246213
10555	0.763577	0.00917866	0.155489	0.00494717	0.0668089
10556	0.678793	0.104766	0.138224	0.0188257	0.0593908
10557	3.49329e-09	0.649779	7.11347e-10	0.350221	3.05645e-10
10558	0.608473	0.139302	0.123905	0.0750817	0.0532382
10559	0.690854	0.0701893	0.14068	0.037831	0.060446
10560	0.748236	0.022049	0.152365	0.0118841	0.0654666
10561	0.764298	0.0111827	0.155636	0.00201145	0.066872
10562	9.532e-05	0.649699	1.94102e-05	0.350178	8.33999e-06
10563	0.703949	0.0772164	0.143347	0.0138958	0.0615918
10564	0.76979	0.0039657	0.156754	0.00213745	0.0673525
10565	4.53103e-06	0.649775	9.22663e-07	0.350219	3.96441e-07
10566	0.731004	0.0476152	0.148856	0.00856583	0.063959
10567	5.1573e-21	7.20881e-21	1.05019e-21	1	4.51236e-22
10568	0.769721	0.00523505	0.15674	0.000957193	0.0673465
10569	0.549161	0.189062	0.111827	0.101902	0.0480486
10570	0.510706	0.288692	0.103996	0.0519215	0.0446841
10571	0.546504	0.191291	0.111286	0.103103	0.0478162
10572	0.767736	0.00568934	0.156336	0.00306647	0.0671728
10573	0.756328	0.0152598	0.154013	0.00822483	0.0661747
10574	0.752932	0.0181087	0.153321	0.00976032	0.0658775
10575	0.715025	0.0499108	0.145602	0.0269012	0.0625609
10576	0.718807	0.0608706	0.146372	0.0110591	0.0628917
10577	0.395567	0.317919	0.0805502	0.171354	0.03461
10578	0.76562	0.00746472	0.155905	0.00402338	0.0669876
10579	0.762821	0.00981221	0.155335	0.00528864	0.0667428
10580	0.366693	0.342143	0.0746704	0.18441	0.0320837
10581	0.43777	0.282513	0.089144	0.15227	0.0383026
10582	0.710663	0.0535704	0.144714	0.0288737	0.0621792
10583	0.768741	0.00484628	0.15654	0.00261208	0.0672607
10584	0.757652	0.0184374	0.154282	0.0033374	0.0662905
10585	0.726498	0.0402859	0.147938	0.0217135	0.0635647
10586	0.74831	0.0219863	0.15238	0.0118503	0.0654731
10587	0.734671	0.0334292	0.149602	0.0180179	0.0642798
10588	0.629579	0.121596	0.128202	0.0655383	0.0550848
10589	0.566018	0.228087	0.115259	0.0411117	0.0495236
10590	0.766545	0.00668851	0.156093	0.00360501	0.0670686
10591	0.360611	0.452926	0.0734319	0.0814801	0.0315515
10592	0.0771303	0.758665	0.0157062	0.14175	0.00674848
10593	0.763404	0.0121609	0.155454	0.00218741	0.0667938
10594	0.76224	0.0134367	0.155217	0.00241475	0.0666919
10595	0.672377	0.0856904	0.136917	0.0461859	0.0588294
10596	0.628081	0.16027	0.127897	0.0287977	0.0549537
10597	0.745557	0.0242958	0.151819	0.0130951	0.0652323
10598	0.633838	0.153967	0.12907	0.0276667	0.0554575
10599	0.768741	0.00484638	0.15654	0.00261213	0.0672607
10600	0.76528	0.00774999	0.155835	0.00417713	0.0669579
10601	0.665987	0.0910515	0.135616	0.0490755	0.0582703
10602	0.678812	0.0802917	0.138228	0.0432761	0.0593924
10603	0.772291	0.0024344	0.157263	0.000440102	0.0675713
10604	0.469252	0.256101	0.0955547	0.138035	0.041057
10605	0.735184	0.0329981	0.149707	0.0177855	0.0643247
10606	5.65882e-09	1.0481e-10	1.15232e-09	1	4.95117e-10
10607	1.92954e-06	0.649777	3.92915e-07	0.350221	1.68824e-07
10608	0.7305	0.036928	0.148753	0.0199037	0.0639149
10609	0.583755	0.16004	0.118871	0.0862591	0.0510754
10610	0.750592	0.026141	0.152845	0.00474934	0.0656728
10611	0.761105	0.014428	0.154985	0.00288955	0.0665926
10612	0.0354418	0.620045	0.00721709	0.334195	0.00310097
10613	0.768713	0.00587775	0.156535	0.00161634	0.0672583
10614	4.89223e-05	0.649738	9.96214e-06	0.350199	4.28044e-06
10615	0.570853	0.170863	0.116244	0.092093	0.0499466
10616	0.675348	0.108477	0.137522	0.019563	0.0590893
10617	3.12995e-14	0.649779	6.37358e-15	0.350221	2.73854e-15
10618	0.733439	0.0449573	0.149352	0.00807942	0.064172
10619	0.525655	0.272118	0.10704	0.0491948	0.045992
10620	0.704494	0.0757406	0.143458	0.0146681	0.0616395
10621	2.35914e-10	0.649779	4.80396e-11	0.350221	2.06412e-11
10622	0.764686	0.0107593	0.155715	0.00193377	0.066906
10623	0.765949	0.00718803	0.155972	0.00387424	0.0670165
10624	0.743707	0.0258485	0.151442	0.013932	0.0650704
10625	1.58723e-05	0.649765	3.23211e-06	0.350214	1.38874e-06
10626	0.766061	0.00709401	0.155995	0.00382357	0.0670263
10627	0.766944	0.00826644	0.156174	0.00151146	0.0671035
10628	0.757904	0.0139378	0.154334	0.00751228	0.0663125
10629	0.764977	0.00800418	0.155774	0.00431414	0.0669314
10630	0.237995	0.450113	0.0484635	0.242605	0.0208233
10631	0.357409	0.455885	0.07278	0.0826539	0.0312714
10632	0.748378	0.0219294	0.152394	0.0118196	0.0654791
10633	0.649907	0.104541	0.132342	0.0563462	0.0568634
10634	0.751343	0.0253593	0.152998	0.00456143	0.0657385
10635	2.00335e-07	0.847212	4.07946e-08	0.152788	1.75282e-08
10636	0.758776	0.013206	0.154511	0.00711785	0.0663889
10637	0.61538	0.133507	0.125311	0.0719586	0.0538425
10638	0.527903	0.26984	0.107498	0.0485709	0.0461887
10639	0.430601	0.376318	0.0876841	0.067722	0.0376753
10640	0.0284362	0.625922	0.00579051	0.337363	0.00248801
10641	0.760036	0.0121491	0.154768	0.00654819	0.0664991
10642	0.563465	0.177061	0.11474	0.0954335	0.0493002
10643	0.773315	0.00100833	0.157472	0.000543476	0.067661
10644	0.00237958	0.647782	0.000484559	0.349145	0.000208201
10645	0.742993	0.0264472	0.151297	0.0142547	0.0650079
10646	0.771019	0.00293453	0.157004	0.00158167	0.0674601
10647	0.721368	0.0445897	0.146894	0.0240332	0.0631158
10648	0.748812	0.0215653	0.152482	0.0116234	0.0655171
10649	0.570498	0.223186	0.116172	0.0402284	0.0499155
10650	1.53805e-05	0.649766	3.13196e-06	0.350214	1.34571e-06
10651	0.744107	0.0255129	0.151524	0.0137511	0.0651054
10652	0.736602	0.0414902	0.149996	0.00746294	0.0644488
10653	6.20926e-05	0.649726	1.26441e-05	0.350193	5.43277e-06
10654	1.4149e-07	0.649778	2.88119e-08	0.350221	1.23796e-08
10655	0.772126	0.00200644	0.15723	0.00108144	0.0675569
10656	0.758069	0.0180022	0.154367	0.00323507	0.066327
10657	8.05966e-24	6.68421e-25	1.6412e-24	1	7.05177e-25
10658	0.763873	0.00893019	0.155549	0.00481325	0.0668348
10659	0.70062	0.0808719	0.142669	0.0145389	0.0613005
10660	0.708271	0.0555773	0.144227	0.0299554	0.0619699
10661	0.744909	0.0323367	0.151687	0.00589103	0.0651756
10662	0.636585	0.15096	0.129629	0.0271277	0.0556978
10663	0.753383	0.0221526	0.153413	0.0051339	0.065917
10664	0.764676	0.00825599	0.155713	0.00444986	0.0669051
10665	0.607865	0.182397	0.123781	0.0327721	0.053185
10666	9.14579e-05	0.649702	1.86238e-05	0.35018	8.00208e-06
10667	0.351044	0.355272	0.0714837	0.191486	0.0307144
10668	0.725315	0.0412785	0.147697	0.0222485	0.0634611
10669	2.34039e-05	0.649759	4.76578e-06	0.350211	2.04771e-06
10670	0.748408	0.0219046	0.1524	0.0118063	0.0654817
10671	0.714469	0.0503774	0.145489	0.0271527	0.0625122
10672	0.764822	0.0105235	0.155742	0.00199456	0.0669178
10673	0.586174	0.206094	0.119364	0.0370816	0.0512871
10674	0.748251	0.0220364	0.152368	0.0118773	0.0654679
10675	0.767155	0.00800953	0.156217	0.00149651	0.0671219
10676	0.692931	0.0684468	0.141103	0.0368918	0.0606277
10677	0.587584	0.20459	0.119651	0.0367641	0.0514105
10678	0.763122	0.00956007	0.155396	0.00515274	0.0667691
10679	0.415839	0.300912	0.0846781	0.162187	0.0363837
10680	0.624922	0.125503	0.127254	0.0676441	0.0546773
10681	0.000137972	0.649663	2.80956e-05	0.350159	1.20718e-05
10682	0.651744	0.103001	0.132716	0.0555159	0.0570241
10683	0.68069	0.102679	0.13861	0.0184649	0.0595567
10684	1.73799e-07	0.649778	3.53911e-08	0.350221	1.52065e-08
10685	0.766857	0.00837227	0.156157	0.00151793	0.0670959
10686	0.656596	0.0989298	0.133704	0.0533217	0.0574486
10687	6.77777e-09	0.649779	1.38017e-09	0.350221	5.93019e-10
10688	0.629286	0.121841	0.128143	0.0656705	0.0550592
10689	0.745876	0.0240288	0.151884	0.0129512	0.0652601
10690	0.604457	0.142672	0.123087	0.076898	0.0528867
10691	0.69067	0.0703436	0.140642	0.0379142	0.0604299
10692	0.70442	0.0766325	0.143443	0.0138715	0.061633
10693	0.733959	0.0410718	0.149458	0.0112944	0.0642175
10694	0.65181	0.102945	0.132729	0.0554859	0.0570299
10695	5.12665e-07	0.649778	1.04395e-07	0.350221	4.48555e-08
10696	0.75113	0.0196204	0.152954	0.0105751	0.0657199
10697	0.720139	0.0456202	0.146643	0.0245886	0.0630083
10698	5.54426e-06	0.649774	1.12899e-06	0.350219	4.85093e-07
10699	0.598396	0.147756	0.121853	0.0796385	0.0523565
10700	0.626477	0.124198	0.127571	0.0669408	0.0548134
10701	1.50597e-09	0.847024	3.06663e-10	0.152976	1.31764e-10
10702	0.639402	0.113354	0.130203	0.0610964	0.0559443
10703	0.752671	0.023906	0.153268	0.00430062	0.0658547
10704	0.635581	0.116561	0.129425	0.0628245	0.0556099
10705	0.507918	0.223663	0.103428	0.120551	0.0444401
10706	0.704671	0.0585973	0.143494	0.0315831	0.0616549
10707	0.00214588	0.647978	0.000436969	0.349251	0.000187753
10708	0.747511	0.0287825	0.152217	0.006086	0.0654032
10709	0.77032	0.00451469	0.156862	0.000904171	0.0673989
10710	0.769942	0.00383863	0.156785	0.00206896	0.0673658
10711	0.69007	0.0708472	0.14052	0.0381856	0.0603774
10712	0.487641	0.240674	0.0992994	0.12972	0.042666
10713	0.452305	0.352651	0.0921037	0.0633668	0.0395742
10714	3.4474e-05	0.846693	7.02e-06	0.153262	3.01629e-06
10715	1.06547e-07	0.649778	2.16965e-08	0.350221	9.32232e-09
10716	0.753594	0.022874	0.153456	0.00414049	0.0659355
10717	0.7648	0.00815253	0.155738	0.0043941	0.0669159
10718	0.665319	0.0916111	0.13548	0.0493771	0.0582119
10719	0.683107	0.0766886	0.139102	0.0413341	0.0597682
10720	0.747217	0.0229033	0.152157	0.0123446	0.0653775
10721	0.692782	0.0894325	0.141073	0.0160978	0.0606147
10722	0.758823	0.017166	0.154521	0.00309776	0.0663929
10723	0.685301	0.0976441	0.139549	0.0175454	0.0599602
10724	0.760716	0.0144665	0.154906	0.00335264	0.0665586
10725	2.91776e-05	0.649754	5.9415e-06	0.350208	2.55289e-06
10726	0.536741	0.260227	0.109298	0.0467723	0.046962
10727	1.4222e-10	0.649779	2.89606e-11	0.350221	1.24435e-11
10728	0.767997	0.00547029	0.156389	0.00294841	0.0671956
10729	0.480917	0.319398	0.0979302	0.0596768	0.0420777
10730	0.267312	0.555093	0.0544332	0.0997742	0.0233883
10731	0.755238	0.0161741	0.153791	0.00871761	0.0660793
10732	0.738595	0.0301373	0.150402	0.0162436	0.0646231
10733	0.762766	0.0128578	0.155324	0.002315	0.0667379
10734	0.758201	0.0178565	0.154394	0.00321039	0.0663385
10735	0.00626767	0.00117806	0.0012763	0.99073	0.000548388
10736	0.739726	0.0379062	0.150632	0.00701344	0.0647221
10737	0.751157	0.0195979	0.15296	0.010563	0.0657222
10738	0.728672	0.0384617	0.148381	0.0207303	0.0637549
10739	0.766126	0.00703987	0.156008	0.00379439	0.0670319
10740	0.738901	0.0298806	0.150464	0.0161052	0.0646498
10741	0.749502	0.0209863	0.152623	0.0113113	0.0655774
10742	1.17878e-23	6.68421e-25	2.40038e-24	1	1.03137e-24
10743	0.621418	0.167115	0.126541	0.0305558	0.0543708
10744	0.714943	0.0499799	0.145585	0.0269385	0.0625537
10745	0.748601	0.0282677	0.152439	0.00519423	0.0654985
10746	0.768851	0.00614992	0.156563	0.00116562	0.0672704
10747	0.595554	0.18759	0.121274	0.0434743	0.0521078
10748	0.717332	0.0479758	0.146072	0.0258582	0.0627627
10749	2.60217e-05	0.649757	5.29884e-06	0.35021	2.27676e-06
10750	0.772874	0.00137827	0.157382	0.000742869	0.0676224
10751	0.742518	0.0268461	0.1512	0.0144697	0.0649663
10752	0.729181	0.0496195	0.148485	0.00891501	0.0637995
10753	0.772351	0.00237107	0.157275	0.000426051	0.0675766
10754	3.19898e-05	0.649752	6.51414e-06	0.350207	2.79893e-06
10755	0.579238	0.163829	0.117951	0.0883014	0.0506802
10756	0.770964	0.00298124	0.156993	0.00160685	0.0674552
10757	0.73301	0.034822	0.149264	0.0187686	0.0641345
10758	0.296644	0.40091	0.0604062	0.216085	0.0259548
10759	0.726843	0.0399964	0.148008	0.0215575	0.0635949
10760	1.20184e-06	0.649778	2.44733e-07	0.350221	1.05155e-07
10761	0.71654	0.0633206	0.14591	0.0115356	0.0626934
10762	1.07047e-14	0.649779	2.17981e-15	0.350221	9.36601e-16
10763	0.766809	0.00646697	0.156147	0.0034856	0.0670917
10764	0.762374	0.0132887	0.155244	0.00238972	0.0667037
10765	0.754582	0.0167247	0.153657	0.00901435	0.0660219
10766	0.615385	0.133503	0.125312	0.0719563	0.0538429
10767	0.570912	0.21342	0.116256	0.0494603	0.0499518
10768	7.38098e-10	0.649779	1.503e-10	0.350221	6.45796e-11
10769	0.590121	0.201812	0.120168	0.0362669	0.0516324
10770	0.634826	0.117194	0.129271	0.0631658	0.0555439
10771	0.429567	0.375261	0.0874735	0.0701142	0.0375848
10772	0.680146	0.103287	0.138499	0.0185583	0.0595091
10773	6.56337e-29	4.28881e-23	1.33651e-29	1	5.7426e-30
10774	0.717416	0.0624468	0.146089	0.0112781	0.0627701
10775	0.684793	0.097608	0.139446	0.0182372	0.0599157
10776	0.739002	0.0388679	0.150484	0.00698683	0.0646587
10777	0.00223716	0.845152	0.000455557	0.151959	0.000195739
10778	0.475701	0.32683	0.096868	0.0589795	0.0416213
10779	0.746629	0.0233964	0.152038	0.0126103	0.0653261
10780	0.772111	0.00263374	0.157227	0.000473318	0.0675556
10781	1.28824e-06	0.840664	2.62326e-07	0.159334	1.12714e-07
10782	0.546087	0.191641	0.111201	0.103292	0.0477797
10783	0.660897	0.0953217	0.13458	0.051377	0.0578249
10784	0.755767	0.0157304	0.153898	0.00847847	0.0661256
10785	0.548677	0.246062	0.111728	0.0455266	0.0480063
10786	0.676369	0.0823413	0.13773	0.0443808	0.0591787
10787	0.751797	0.019061	0.15309	0.0102736	0.0657782
10788	0.766246	0.0069396	0.156032	0.00374035	0.0670424
10789	0.721583	0.05789	0.146937	0.0104552	0.0631346
10790	0.533037	0.263586	0.108543	0.048195	0.0466379
10791	0.107784	0.559354	0.0219483	0.301484	0.00943051
10792	0.00010541	0.847097	2.14648e-05	0.152767	9.22278e-06
10793	0.691889	0.0693211	0.140891	0.0373631	0.0605366
10794	1.36741e-05	0.649767	2.78449e-06	0.350215	1.19641e-06
10795	0.769319	0.00436145	0.156658	0.00235076	0.0673113
10796	0.771766	0.00230851	0.157156	0.00124425	0.0675254
10797	0.750654	0.0200203	0.152857	0.0107907	0.0656782
10798	8.0831e-05	0.649711	1.64598e-05	0.350185	7.07228e-06
10799	0.738453	0.0302558	0.150373	0.0163075	0.0646107
10800	0.0026342	0.647569	0.000536409	0.34903	0.000230479
10801	0.68961	0.0712328	0.140427	0.0383934	0.0603372
10802	0.682204	0.0774457	0.138919	0.0417421	0.0596892
10803	0.734152	0.0441777	0.149497	0.00793902	0.0642344
10804	0.651786	0.102965	0.132725	0.0554966	0.0570278
10805	0.768467	0.00507599	0.156484	0.00273589	0.0672367
10806	4.88221e-06	0.847019	9.94173e-07	0.152975	4.27167e-07
10807	1.78591e-07	0.649778	3.63669e-08	0.350221	1.56258e-08
10808	0.766549	0.0066854	0.156094	0.00360334	0.0670689
10809	0.762678	0.0129307	0.155306	0.00235569	0.0667302
10810	0.769767	0.0051972	0.156749	0.000935733	0.0673505
10811	0.757483	0.0142907	0.154248	0.00770251	0.0662757
10812	0.528028	0.206791	0.107523	0.111458	0.0461996
10813	0.701129	0.0802928	0.142772	0.0144608	0.061345
10814	0.769114	0.00453277	0.156616	0.0024431	0.0672934
10815	0.731835	0.0358079	0.149025	0.0192999	0.0640317
10816	0.728344	0.0387372	0.148314	0.0208788	0.0637262
10817	0.715423	0.0495772	0.145683	0.0267214	0.0625957
10818	0.735887	0.0324085	0.14985	0.0174677	0.0643862
10819	0.759862	0.0159074	0.154732	0.00301499	0.0664838
10820	0.0323629	0.622628	0.00659012	0.335588	0.00283158
10821	0.756821	0.0148463	0.154113	0.00800194	0.0662178
10822	0.757341	0.0144097	0.154219	0.00776664	0.0662633
10823	0.687658	0.0950426	0.140029	0.0171038	0.0601664
10824	1.42216e-06	0.649777	2.89596e-07	0.350221	1.24431e-07
10825	0.763332	0.00938411	0.155439	0.0050579	0.0667874
10826	0.606468	0.140984	0.123496	0.0759886	0.0530627
10827	0.554543	0.234442	0.112923	0.0495722	0.0485196
10828	0.000115029	0.649682	2.34235e-05	0.350169	1.00644e-05
10829	0.745772	0.024116	0.151863	0.0129982	0.065251
10830	0.449247	0.355873	0.091481	0.0640929	0.0393067
10831	1.63448e-06	0.649777	3.32833e-07	0.350221	1.43009e-07
10832	9.51346e-05	0.649699	1.93725e-05	0.350178	8.32377e-06
10833	0.719958	0.0457725	0.146606	0.0246707	0.0629925
10834	0.670696	0.0871004	0.136575	0.0469459	0.0586823
10835	0.00504148	0.841909	0.00102661	0.151582	0.000441103
10836	0.762694	0.0099195	0.155309	0.00534647	0.0667316
10837	0.00146201	0.648552	0.000297713	0.34956	0.000127918
10838	0.755138	0.0162586	0.15377	0.00876314	0.0660705
10839	0.542506	0.25393	0.110472	0.0456252	0.0474664
10840	0.753226	0.0178623	0.153381	0.0096275	0.0659032
10841	0.0120285	0.834225	0.00244938	0.150245	0.00105243
10842	0.625348	0.163183	0.127341	0.029413	0.0547146
10843	1.69033e-05	0.649764	3.44205e-06	0.350214	1.47895e-06
10844	0.765907	0.00722357	0.155963	0.0038934	0.0670128
10845	0.756676	0.0149682	0.154083	0.00806764	0.0662051
10846	0.752502	0.0184698	0.153233	0.00995495	0.0658399
10847	0.752291	0.018647	0.15319	0.0100505	0.0658214
10848	0.771995	0.00275976	0.157203	0.000496754	0.0675454
10849	0.767552	0.00760298	0.156298	0.00139015	0.0671567
10850	9.99282e-12	0.649779	2.03486e-12	0.350221	8.74318e-13
10851	0.753973	0.0172354	0.153533	0.00928965	0.0659686
10852	0.247933	0.441776	0.0504871	0.238111	0.0216928
10853	0.00134938	0.648647	0.000274776	0.349611	0.000118063
10854	0.477788	0.24894	0.097293	0.134175	0.0418039
10855	0.719638	0.0590333	0.146541	0.0118228	0.0629645
10856	0.754682	0.0217088	0.153678	0.0039007	0.0660307
10857	8.25837e-05	0.649709	1.68167e-05	0.350184	7.22563e-06
10858	0.764239	0.0112307	0.155623	0.0020404	0.0668668
10859	0.765867	0.00946651	0.155955	0.00170197	0.0670093
10860	0.728843	0.0383179	0.148416	0.0206528	0.0637699
10861	0.738623	0.0392666	0.150407	0.00707763	0.0646256
10862	0.000187638	0.649621	3.82092e-05	0.350137	1.64173e-05
10863	0.75831	0.0135972	0.154416	0.00732867	0.0663481
10864	0.771952	0.00259775	0.157194	0.000714361	0.0675417
10865	0.720539	0.0452848	0.146725	0.0244079	0.0630433
10866	0.0219643	0.823355	0.00447263	0.148287	0.00192176
10867	0.766814	0.0084191	0.156148	0.00152642	0.0670922
10868	0.672528	0.0855637	0.136948	0.0461176	0.0588426
10869	0.736179	0.0321636	0.14991	0.0173357	0.0644117
10870	0.714552	0.0503078	0.145506	0.0271152	0.0625195
10871	0.764899	0.00806904	0.155758	0.0043491	0.0669246
10872	0.766929	0.00830469	0.156171	0.00149218	0.0671022
10873	0.503785	0.22713	0.102587	0.12242	0.0440785
10874	0.766281	0.00901321	0.156039	0.00162072	0.0670455
10875	0.767482	0.00590239	0.156284	0.00318131	0.0671506
10876	0.42871	0.290113	0.0872992	0.156367	0.0375099
10877	0.715726	0.0493225	0.145745	0.0265841	0.0626222
10878	1.28832e-24	2.05793e-17	2.62344e-25	1	1.12721e-25
10879	0.323225	0.37861	0.0658189	0.204066	0.0282804
10880	0.514836	0.217859	0.104837	0.117423	0.0450454
10881	2.32737e-06	0.847383	4.73927e-07	0.152614	2.03633e-07
10882	0.769235	0.00577977	0.156641	0.00103976	0.067304
10883	0.753724	0.0227473	0.153482	0.0041001	0.0659468
10884	0.7465	0.0306222	0.152011	0.00555194	0.0653147
10885	9.35576e-16	2.05793e-17	1.90513e-16	1	8.18579e-17
10886	2.02255e-06	0.649777	4.11856e-07	0.350221	1.76962e-07
10887	0.580632	0.162659	0.118235	0.0876711	0.0508022
10888	0.391004	0.419738	0.079621	0.0754262	0.0342108
10889	0.741869	0.0357314	0.151068	0.00642117	0.0649096
10890	0.578756	0.214114	0.117853	0.0386388	0.0506381
10891	0.716429	0.0487332	0.145888	0.0262665	0.0626837
10892	0.731035	0.0364797	0.148862	0.019662	0.0639616
10893	0.73427	0.0337651	0.149521	0.0181989	0.0642447
10894	0.63789	0.149532	0.129895	0.026871	0.055812
10895	0.642612	0.110662	0.130856	0.059645	0.0562251
10896	0.660257	0.0958581	0.13445	0.0516661	0.057769
10897	0.652882	0.102045	0.132948	0.0550009	0.0571237
10898	0.725251	0.0413322	0.147684	0.0222775	0.0634555
10899	0.742606	0.0267716	0.151218	0.0144295	0.0649741
10900	0.228137	0.458384	0.046456	0.247062	0.0199608
10901	0.651756	0.10299	0.132718	0.05551	0.0570252
10902	0.00226581	0.647878	0.000461392	0.349197	0.000198246
10903	0.764813	0.0106202	0.155741	0.00190879	0.0669171
10904	0.762697	0.0129331	0.15531	0.00232855	0.0667319
10905	0.757688	0.0141193	0.154289	0.00761011	0.0662936
10906	0.770068	0.00486849	0.156811	0.000876132	0.0673768
10907	0.734859	0.0428969	0.149641	0.00830748	0.0642962
10908	0.673119	0.110967	0.137069	0.0199519	0.0588943
10909	0.767884	0.00556501	0.156366	0.00299946	0.0671857
10910	0.636656	0.115658	0.129644	0.0623382	0.055704
10911	0.749645	0.0272211	0.152652	0.00489247	0.0655899
10912	0.000128161	0.649671	2.60977e-05	0.350163	1.12134e-05
10913	0.765406	0.0099713	0.155861	0.00179221	0.066969
10914	0.746253	0.0309279	0.151961	0.00556474	0.0652932
10915	9.09238e-08	0.649778	1.8515e-08	0.350221	7.95535e-09
10916	5.41859e-16	6.7593e-17	1.1034e-16	1	4.74098e-17
10917	3.09806e-33	1.47629e-26	6.30864e-34	1	2.71063e-34
10918	0.723398	0.0558961	0.147307	0.0101052	0.0632935
10919	0.749619	0.0272483	0.152647	0.00489811	0.0655877
10920	0.575034	0.167356	0.117095	0.0902024	0.0503124
10921	0.71703	0.0629165	0.14601	0.0113067	0.0627363
10922	0.606186	0.179403	0.123439	0.0379343	0.053038
10923	0.736383	0.031993	0.149951	0.0172438	0.0644295
10924	0.707257	0.0564282	0.14402	0.030414	0.0618812
10925	0.724108	0.0422911	0.147451	0.0227943	0.0633555
10926	0.666793	0.117899	0.135781	0.0211863	0.0583409
10927	2.09974e-12	1.80362e-12	4.27574e-13	1	1.83716e-13
10928	0.770836	0.00308824	0.156967	0.00166452	0.067444
10929	0.736324	0.032042	0.149939	0.0172702	0.0644244
10930	0.763006	0.01259	0.155373	0.00227197	0.066759
10931	2.4788e-06	0.649776	5.04763e-07	0.35022	2.16882e-07
10932	0.724246	0.0421753	0.14748	0.0227319	0.0633676
10933	0.760121	0.0120777	0.154785	0.0065097	0.0665065
10934	0.0965822	0.568751	0.0196672	0.306549	0.00845042
10935	0.624051	0.126233	0.127077	0.0680378	0.0546011
10936	0.124045	0.545712	0.0252595	0.294131	0.0108533
10937	0.657729	0.097979	0.133935	0.0528093	0.0575478
10938	0.758028	0.0138333	0.154359	0.00745594	0.0663234
10939	0.744603	0.0250967	0.151625	0.0135268	0.0651488
10940	0.762325	0.0102286	0.155234	0.00551308	0.0666994
10941	0.750917	0.0197996	0.152911	0.0106717	0.0657012
10942	0.698723	0.0635877	0.142282	0.0342729	0.0611345
10943	0.752418	0.0185397	0.153217	0.00999266	0.0658326
10944	0.765832	0.00728666	0.155948	0.00392741	0.0670062
10945	0.749006	0.0279096	0.152522	0.00502837	0.065534
10946	0.687315	0.0731582	0.139959	0.0394312	0.0601364
10947	0.767397	0.00597375	0.156267	0.00321977	0.0671431
10948	3.99299e-09	0.649779	8.13101e-10	0.350221	3.49365e-10
10949	0.707084	0.0565727	0.143985	0.0304919	0.0618661
10950	0.756428	0.0151761	0.154033	0.00817972	0.0661834
10951	0.699762	0.0815993	0.142494	0.0149199	0.0612254
10952	0.728761	0.0383871	0.148399	0.0206901	0.0637627
10953	0.731599	0.0468474	0.148977	0.00856573	0.064011
10954	0.771471	0.00255575	0.157096	0.00137752	0.0674996
10955	0.702822	0.0601488	0.143117	0.0324193	0.0614931
10956	0.765981	0.00716168	0.155978	0.00386004	0.0670192
10957	0.656203	0.127975	0.133624	0.0247838	0.0574143
10958	0.743368	0.0340924	0.151374	0.00612535	0.0650407
10959	0.744999	0.0247645	0.151706	0.0133477	0.0651834
10960	0.77077	0.00314379	0.156953	0.00169446	0.0674383
10961	0.771463	0.00332253	0.157095	0.000620785	0.0674989
10962	0.765632	0.00745464	0.155907	0.00401794	0.0669887
10963	0.767452	0.00772366	0.156278	0.00139808	0.067148
10964	6.16468e-05	0.649727	1.25533e-05	0.350194	5.39377e-06
10965	0.750101	0.0204841	0.152745	0.0110406	0.0656298
10966	0.760049	0.0121378	0.15477	0.0065421	0.0665003
10967	1.70012e-22	3.37435e-24	3.46198e-23	1	1.48751e-23
10968	0.302505	0.494765	0.0615997	0.114663	0.0264676
10969	0.757609	0.0184935	0.154273	0.00333731	0.0662867
10970	0.664399	0.0923838	0.135293	0.0497935	0.0581313
10971	0.74747	0.0226911	0.152209	0.0122302	0.0653996
10972	0.770916	0.00393357	0.156983	0.000716611	0.067451
10973	0.743506	0.0339302	0.151402	0.00610897	0.0650528
10974	0.708737	0.0551862	0.144322	0.0297446	0.0620107
10975	0.723743	0.042597	0.147377	0.0229592	0.0633236
10976	0.729481	0.0377834	0.148546	0.0203647	0.0638256
10977	0.605602	0.183341	0.12332	0.0347493	0.052987
10978	0.755751	0.0157442	0.153895	0.00848589	0.0661241
10979	1.36891e-05	0.847113	2.78754e-06	0.152869	1.19772e-06
10980	0.719336	0.0462942	0.14648	0.0249519	0.0629381
10981	1.9106e-05	0.649763	3.8906e-06	0.350213	1.67168e-06
10982	0.738983	0.029811	0.150481	0.0160677	0.0646571
10983	0.760009	0.0158688	0.154762	0.00286366	0.0664967
10984	0.764084	0.0114187	0.155592	0.00205201	0.0668533
10985	0.748816	0.0281266	0.152483	0.00505651	0.0655174
10986	1.00952e-05	0.64977	2.0557e-06	0.350217	8.83272e-07
10987	0.772772	0.00146436	0.157361	0.000789272	0.0676134
10988	0.770003	0.00378746	0.156797	0.00204139	0.0673711
10989	0.756722	0.0149296	0.154093	0.00804682	0.0662091
10990	0.589418	0.155288	0.120024	0.0836983	0.0515709
10991	0.727014	0.0519849	0.148043	0.00934853	0.0636098
10992	4.78415e-06	0.847585	9.74207e-07	0.152409	4.18588e-07
10993	0.752944	0.0236086	0.153323	0.00424558	0.0658786
10994	2.61896e-10	4.77391e-05	5.33304e-11	0.999952	2.29145e-11
10995	0.616166	0.132849	0.125471	0.0716035	0.0539112
10996	2.57656e-05	0.649757	5.2467e-06	0.35021	2.25435e-06
10997	0.768243	0.00526388	0.156439	0.00283716	0.0672171
10998	0.762139	0.0103849	0.155196	0.00559729	0.0666831
10999	0.704946	0.0583664	0.14355	0.0314586	0.061679
11000	0.727888	0.0509482	0.148221	0.00925635	0.0636863
11001	0.686088	0.0741876	0.139709	0.0399861	0.060029
11002	0.76642	0.00886226	0.156068	0.0015924	0.0670577
11003	0.762947	0.00970674	0.15536	0.00523179	0.0667538
11004	0.713802	0.0647084	0.145353	0.0136824	0.0624539
11005	0.767598	0.00580455	0.156308	0.00312857	0.0671608
11006	0.75346	0.017666	0.153429	0.00952173	0.0659237
11007	0.725262	0.0538779	0.147687	0.00971642	0.0634566
11008	0.75303	0.0180265	0.153341	0.00971601	0.0658861
11009	0.756736	0.0194455	0.154096	0.00351194	0.0662104
11010	0.770899	0.00396015	0.15698	0.000711601	0.0674495
11011	0.699054	0.0825789	0.14235	0.0148536	0.0611635
11012	0.0107198	0.835657	0.00218289	0.150502	0.000937925
11013	0.593734	0.151667	0.120903	0.0817465	0.0519486
11014	0.763044	0.00962528	0.15538	0.00518789	0.0667623
11015	1.43141e-05	0.649767	2.91481e-06	0.350215	1.25241e-06
11016	3.62828e-10	7.64521e-11	7.38835e-11	1	3.17455e-11
11017	0.759333	0.0166166	0.154625	0.0029882	0.0664376
11018	0.0075073	0.64348	0.00152873	0.346827	0.000656849
11019	0.692647	0.0686851	0.141045	0.0370203	0.0606029
11020	6.97392e-10	0.649779	1.42011e-10	0.350221	6.1018e-11
11021	0.523244	0.274796	0.106549	0.0496292	0.0457811
11022	0.00505508	0.838359	0.00102938	0.155114	0.000442292
11023	0.76254	0.0130985	0.155278	0.00236564	0.0667182
11024	0.770614	0.00423703	0.156922	0.000803059	0.0674246
11025	0.599072	0.191912	0.12199	0.0346098	0.0524156
11026	0.755091	0.0162974	0.153761	0.00878405	0.0660665
11027	0.772959	0.00170479	0.157399	0.000307445	0.0676298
11028	3.85459e-05	0.84621	7.84919e-06	0.153741	3.37256e-06
11029	0.271256	0.422209	0.0552365	0.227565	0.0237335
11030	0.766169	0.00700345	0.156017	0.00377476	0.0670357
11031	0.753361	0.0231505	0.153408	0.0041647	0.0659151
11032	0.753897	0.0172991	0.153518	0.00932397	0.065962
11033	0.761132	0.0112293	0.154991	0.00605243	0.066595
11034	0.6842	0.0757717	0.139325	0.0408399	0.0598638
11035	3.03999e-10	0.649779	6.1904e-11	0.350221	2.65983e-11
11036	0.00272295	0.647494	0.000554479	0.34899	0.000238243
11037	0.718326	0.0471413	0.146274	0.0254085	0.0628497
11038	0.709534	0.0545173	0.144484	0.029384	0.0620805
11039	0.753146	0.0233099	0.153365	0.00428323	0.0658962
11040	4.68897e-05	0.649739	9.54824e-06	0.3502	4.1026e-06
11041	0.767974	0.00716165	0.156384	0.00128713	0.0671936
11042	0.759989	0.0159003	0.154758	0.00285787	0.066495
11043	0.686719	0.0959609	0.139838	0.0173981	0.0600842
11044	0.753029	0.0180276	0.153341	0.00971665	0.065886
11045	0.43106	0.375907	0.0877776	0.0675399	0.0377154
11046	2.75217e-06	0.649776	5.60431e-07	0.35022	2.408e-07
11047	0.152524	0.521819	0.0310587	0.281253	0.013345
11048	0.659184	0.0967586	0.134231	0.0521515	0.0576751
11049	0.506739	0.224652	0.103188	0.121084	0.0443369
11050	0.748277	0.0220139	0.152373	0.0118652	0.0654703
11051	5.25941e-12	0.649779	1.07098e-12	0.350221	4.6017e-13
11052	0.76748	0.00763871	0.156283	0.00144779	0.0671504
11053	0.748532	0.0282682	0.152425	0.00528166	0.0654926
11054	0.000262537	0.649558	5.34609e-05	0.350103	2.29705e-05
11055	0.768379	0.00671039	0.156467	0.00121467	0.0672291
11056	0.765961	0.00933218	0.155974	0.0017148	0.0670175
11057	0.0305946	0.624111	0.00623004	0.336387	0.00267686
11058	0.758739	0.0172324	0.154504	0.00313937	0.0663856
11059	0.482581	0.244919	0.098269	0.132008	0.0422233
11060	0.622463	0.127565	0.126753	0.0687558	0.0544622
11061	0.141086	0.531415	0.0287296	0.286425	0.0123443
11062	0.681445	0.0780827	0.138764	0.0420855	0.0596228
11063	0.724931	0.0416006	0.147619	0.0224221	0.0634276
11064	0.765443	0.00990454	0.155869	0.00181098	0.0669722
11065	0.000629475	0.64925	0.000128181	0.349937	5.50757e-05
11066	0.713645	0.0510685	0.145321	0.0275252	0.0624401
11067	0.758837	0.0171613	0.154523	0.00308433	0.0663942
11068	0.738703	0.030046	0.150424	0.0161944	0.0646326
11069	0.27716	0.417256	0.0564386	0.224895	0.02425
11070	2.17103e-05	0.64976	4.42091e-06	0.350212	1.89954e-06
11071	0.71875	0.0467856	0.146361	0.0252168	0.0628868
11072	0.000141542	0.64966	2.88224e-05	0.350157	1.23841e-05
11073	0.75469	0.0166337	0.153679	0.00896534	0.0660314
11074	0.751119	0.01963	0.152952	0.0105803	0.0657189
11075	0.769283	0.00439109	0.156651	0.00236674	0.0673082
11076	0.680681	0.101498	0.138608	0.0196563	0.059556
11077	0.77397	0.000459118	0.157605	0.000247458	0.0677182
11078	5.08381e-08	0.649779	1.03523e-08	0.350221	4.44806e-09
11079	0.771796	0.0022829	0.157162	0.00123045	0.067528
11080	0.616314	0.132724	0.125501	0.0715362	0.0539242
11081	3.14918e-07	0.649778	6.41274e-08	0.350221	2.75537e-08
11082	0.00012514	0.649674	2.54825e-05	0.350165	1.09491e-05
11083	0.744507	0.032846	0.151605	0.00590157	0.0651404
11084	0.764416	0.011055	0.15566	0.00198744	0.0668823
11085	0.699595	0.0820005	0.14246	0.0147341	0.0612108
11086	0.721621	0.0535657	0.146945	0.0147302	0.063138
11087	0.603758	0.186887	0.122944	0.0335848	0.0528256
11088	0.486637	0.315077	0.0990949	0.0566129	0.0425781
11089	0.730441	0.0478405	0.148741	0.00906738	0.0639097
11090	0.571751	0.17011	0.116427	0.0916868	0.0500252
11091	0.729603	0.0485819	0.148571	0.00940845	0.0638363
11092	0.746688	0.0299364	0.152049	0.00599545	0.0653312
11093	0.0018962	0.845138	0.000386127	0.152414	0.000165908
11094	7.65675e-10	0.649779	1.55916e-10	0.350221	6.69924e-11
11095	0.740605	0.037112	0.150811	0.0066733	0.064799
11096	0.773282	0.00103657	0.157465	0.000558697	0.067658
11097	0.719501	0.0586352	0.146513	0.0123983	0.0629525
11098	0.752614	0.0183754	0.153256	0.00990409	0.0658497
11099	0.765474	0.00758713	0.155875	0.00408935	0.0669749
11100	0.757648	0.0141526	0.154281	0.00762804	0.0662901
11101	0.716274	0.0488631	0.145856	0.0263365	0.0626701
11102	0.692337	0.0689452	0.140982	0.0371605	0.0605758
11103	0.192749	0.488073	0.0392499	0.263064	0.0168645
11104	0.567529	0.173652	0.115567	0.0935961	0.0496557
11105	2.23715e-07	0.847024	4.55554e-08	0.152976	1.95738e-08
11106	0.770019	0.00377355	0.156801	0.00203389	0.0673726
11107	0.757818	0.0140101	0.154316	0.00755126	0.066305
11108	0.738592	0.0393085	0.150401	0.0070755	0.0646229
11109	0.743478	0.0336901	0.151396	0.0063854	0.0650504
11110	0.00212039	0.648	0.00043178	0.349263	0.000185523
11111	0.769682	0.00405635	0.156732	0.00218632	0.0673431
11112	0.769043	0.00459251	0.156602	0.0024753	0.0672872
11113	3.67359e-13	3.29951e-09	7.48061e-14	1	3.2142e-14
11114	0.751389	0.0253052	0.153007	0.00455608	0.0657425
11115	0.664556	0.0922521	0.135325	0.0497226	0.0581451
11116	0.457213	0.347137	0.0931033	0.0625425	0.0400037
11117	5.03587e-05	0.649736	1.02546e-05	0.350199	4.40612e-06
11118	0.76649	0.00673417	0.156082	0.00362962	0.0670638
11119	0.724744	0.0544584	0.147581	0.00980499	0.0634112
11120	0.768657	0.00630406	0.156523	0.00126253	0.0672534
11121	0.277076	0.54438	0.0564215	0.0978801	0.0242426
11122	0.746555	0.023459	0.152022	0.0126441	0.0653196
11123	0.773427	0.00119148	0.157495	0.00021602	0.0676707
11124	0.771477	0.00330029	0.157097	0.000625516	0.0675001
11125	0.575766	0.166742	0.117244	0.0898714	0.0503765
11126	0.223985	0.461867	0.0456105	0.24894	0.0195975
11127	0.75093	0.0197883	0.152913	0.0106656	0.0657024
11128	0.742322	0.0352352	0.15116	0.00633354	0.0649492
11129	0.664332	0.0924397	0.135279	0.0498237	0.0581255
11130	0.766638	0.00661027	0.156112	0.00356284	0.0670767
11131	0.341563	0.363226	0.0695532	0.195773	0.0298849
11132	0.764	0.00882369	0.155575	0.00475585	0.0668459
11133	0.661668	0.0946746	0.134737	0.0510283	0.0578924
11134	0.755334	0.0160935	0.15381	0.00867417	0.0660877
11135	0.330687	0.37235	0.0673386	0.200691	0.0289334
11136	0.770481	0.00338615	0.156895	0.00182509	0.067413
11137	0.77022	0.00360527	0.156841	0.00194319	0.0673901
11138	0.767502	0.00754583	0.156288	0.00151123	0.0671524
11139	0.771481	0.00328433	0.157098	0.00063605	0.0675005
11140	0.7539	0.0225547	0.153518	0.00406538	0.0659622
11141	0.269709	0.423507	0.0549214	0.228264	0.0235981
11142	0.721176	0.0559124	0.146855	0.0129578	0.0630991
11143	0.747524	0.0226463	0.15222	0.012206	0.0654043
11144	0.772216	0.0019305	0.157248	0.00104051	0.0675648
11145	0.768144	0.00534696	0.156419	0.00288194	0.0672085
11146	0.320391	0.380988	0.0652418	0.205347	0.0280325
11147	0.454453	0.268517	0.0925412	0.144727	0.0397622
11148	2.688e-06	0.649776	5.47362e-07	0.35022	2.35185e-07
11149	0.756156	0.0154038	0.153978	0.00830242	0.0661596
11150	0.709886	0.0542226	0.144555	0.0292252	0.0621112
11151	0.719379	0.0462584	0.146489	0.0249326	0.0629418
11152	0.760301	0.0155552	0.154822	0.00279992	0.0665223
11153	0.750348	0.0202771	0.152795	0.0109291	0.0656514
11154	0.726658	0.0401512	0.147971	0.0216409	0.0635787
11155	0.77301	0.00164562	0.15741	0.000300891	0.0676342
11156	0.74808	0.0289157	0.152333	0.00521809	0.065453
11157	0.433609	0.372482	0.0882968	0.0676732	0.0379385
11158	0.685955	0.0969028	0.139682	0.0174424	0.0600174
11159	0.761218	0.0145171	0.155008	0.00265435	0.0666025
11160	0.661483	0.09483	0.134699	0.051112	0.0578762
11161	0.762838	0.00979816	0.155338	0.00528107	0.0667443
11162	0.00443223	0.64606	0.000902545	0.348217	0.000387797
11163	0.721123	0.0447954	0.146844	0.0241441	0.0630944
11164	0.510716	0.221315	0.103998	0.119286	0.0446849
11165	0.348655	0.357276	0.0709973	0.192567	0.0305054
11166	0.690009	0.0708983	0.140508	0.0382132	0.0603721
11167	0.61242	0.177406	0.124708	0.0318828	0.0535835
11168	0.7345	0.0335722	0.149568	0.0180949	0.0642648
11169	0.761474	0.0142627	0.15506	0.00257847	0.0666249
11170	0.732778	0.0350173	0.149217	0.0188738	0.0641141
11171	0.663266	0.0933342	0.135062	0.0503058	0.0580322
11172	0.767767	0.00566306	0.156342	0.00305231	0.0671755
11173	0.530214	0.204958	0.107969	0.110469	0.0463909
11174	0.706241	0.0572799	0.143813	0.030873	0.0617923
11175	0.768673	0.00622866	0.156526	0.00131703	0.0672548
11176	0.744938	0.0248154	0.151693	0.0133751	0.0651781
11177	0.767813	0.0056246	0.156351	0.00303158	0.0671795
11178	0.761179	0.0145782	0.155	0.00264308	0.0665991
11179	0.75818	0.0137063	0.15439	0.00738752	0.0663367
11180	0.758282	0.0177216	0.154411	0.00324028	0.0663456
11181	0.751688	0.0191526	0.153068	0.010323	0.0657687
11182	0.621204	0.128621	0.126497	0.0693251	0.0543521
11183	0.759653	0.0124708	0.15469	0.00672157	0.0664655
11184	0.706652	0.0741198	0.143897	0.013503	0.0618283
11185	0.770768	0.00410272	0.156953	0.000738676	0.067438
11186	0.710114	0.0540308	0.144602	0.0291218	0.0621312
11187	0.74814	0.0221295	0.152345	0.0119275	0.0654582
11188	0.764494	0.0084094	0.155675	0.00453255	0.0668891
11189	0.766145	0.00915296	0.156012	0.0016568	0.0670336
11190	5.56721e-06	0.649774	1.13366e-06	0.350219	4.87101e-07
11191	0.75913	0.0129088	0.154583	0.00695768	0.0664198
11192	0.000914631	0.649011	0.000186248	0.349808	8.00254e-05
11193	0.723536	0.042771	0.147335	0.023053	0.0633055
11194	0.75273	0.0182782	0.15328	0.00985171	0.0658599
11195	0.718603	0.0469088	0.146331	0.0252832	0.062874
11196	0.76049	0.0117683	0.15486	0.00634297	0.0665388
11197	0.742063	0.0272276	0.151108	0.0146753	0.0649265
11198	0.501057	0.229419	0.102031	0.123653	0.0438398
11199	2.76671e-08	0.649779	5.63391e-09	0.350221	2.42072e-09
11200	0.678405	0.0806331	0.138145	0.0434601	0.0593568
11201	0.668896	0.0886106	0.136209	0.0477598	0.0585248
11202	0.77151	0.00252304	0.157104	0.00135988	0.067503
11203	0.752294	0.0243144	0.153191	0.00437905	0.0658217
11204	0.000270162	0.649552	5.50137e-05	0.350099	2.36377e-05
11205	0.754904	0.0164546	0.153723	0.00886879	0.0660501
11206	0.737972	0.0306595	0.150275	0.016525	0.0645686
11207	9.57532e-29	7.75158e-24	1.94984e-29	1	8.37789e-30
11208	0.752785	0.0182319	0.153291	0.00982675	0.0658647
11209	0.74739	0.0227583	0.152193	0.0122664	0.0653926
11210	0.734621	0.0334706	0.149592	0.0180402	0.0642754
11211	0.757516	0.0142636	0.154254	0.00768786	0.0662786
11212	0.720894	0.0449874	0.146797	0.0242476	0.0630743
11213	0.635665	0.151945	0.129442	0.0273307	0.0556173
11214	0.770516	0.00437874	0.156902	0.000787198	0.067416
11215	0.729253	0.0379744	0.148499	0.0204677	0.0638057
11216	0.761959	0.010536	0.155159	0.00567878	0.0666673
11217	0.277522	0.416952	0.0565124	0.224731	0.0242817
11218	0.76838	0.00669877	0.156467	0.00122482	0.0672292
11219	0.736471	0.0319189	0.149969	0.0172038	0.0644373
11220	0.737034	0.0410046	0.150084	0.0073909	0.0644865
11221	0.658923	0.0969773	0.134178	0.0522694	0.0576523
11222	2.50762e-08	0.649779	5.10632e-09	0.350221	2.19404e-09
11223	0.689025	0.0717231	0.140308	0.0386578	0.060286
11224	0.632198	0.119399	0.128736	0.0643541	0.0553139
11225	0.767792	0.00734801	0.156347	0.001335	0.0671777
11226	0.733482	0.0344266	0.14936	0.0185555	0.0641757
11227	0.604263	0.178461	0.123047	0.0413586	0.0528698
11228	0.582137	0.161397	0.118542	0.0869906	0.0509339
11229	0.768215	0.00689384	0.156433	0.00124325	0.0672147
11230	0.7075	0.056224	0.14407	0.0303039	0.0619025
11231	0.762001	0.0105006	0.155168	0.00565966	0.066671
11232	0.704794	0.0763006	0.143519	0.0137213	0.0616657
11233	0.739362	0.0384746	0.150558	0.00691508	0.0646902
11234	0.713148	0.0671292	0.14522	0.0121062	0.0623967
11235	0.763573	0.0091814	0.155488	0.00494864	0.0668086
11236	0.773176	0.00112544	0.157443	0.000606595	0.0676488
11237	0.703085	0.0781695	0.143171	0.0140588	0.0615162
11238	0.701163	0.0615405	0.142779	0.0331694	0.061348
11239	0.666898	0.0902869	0.135802	0.0486634	0.05835
11240	0.741315	0.027855	0.150955	0.0150135	0.0648611
11241	0.740912	0.028193	0.150873	0.0151957	0.0648258
11242	0.57063	0.171051	0.116199	0.0921939	0.0499271
11243	0.741166	0.0279799	0.150925	0.0150808	0.0648481
11244	0.70938	0.0546463	0.144453	0.0294536	0.062067
11245	0.70025	0.0623061	0.142593	0.0335821	0.0612682
11246	0.764317	0.0111616	0.155639	0.00200794	0.0668737
11247	0.76387	0.010782	0.155548	0.00296497	0.0668345
11248	0.760729	0.0115676	0.154909	0.0062348	0.0665597
11249	0.722274	0.0571616	0.147078	0.0102917	0.0631951
11250	0.771209	0.00277529	0.157043	0.00149584	0.0674767
11251	0.744283	0.0253647	0.15156	0.0136712	0.0651208
11252	0.700213	0.0791919	0.142586	0.0167449	0.0612649
11253	1.12021e-10	0.649779	2.28112e-11	0.350221	9.80128e-12
11254	0.741392	0.0277901	0.150971	0.0149785	0.0648679
11255	0.748584	0.0217566	0.152436	0.0117265	0.0654971
11256	2.55929e-07	1.41973e-08	5.21154e-08	1	2.23924e-08
11257	0.742716	0.0347972	0.151241	0.0062621	0.0649837
11258	0.759434	0.0126539	0.154645	0.00682026	0.0664464
11259	0.127415	0.708015	0.0259459	0.127475	0.0111482
11260	0.761995	0.0135447	0.155167	0.00262309	0.0666705
11261	0.740577	0.0284744	0.150805	0.0153473	0.0647965
11262	0.647911	0.137419	0.131935	0.0260455	0.0566888
11263	0.724944	0.0415897	0.147622	0.0224162	0.0634287
11264	0.749058	0.0213594	0.152532	0.0115124	0.0655385
11265	0.760444	0.0118072	0.154851	0.00636391	0.0665347
11266	0.662075	0.0943328	0.13482	0.050844	0.0579281
11267	0.689386	0.0714203	0.140381	0.0384945	0.0603176
11268	0.00161368	0.648425	0.000328598	0.349492	0.000141189
11269	0.769781	0.00516008	0.156752	0.000954721	0.0673517
11270	1.71022e-09	0.649779	3.48255e-10	0.350221	1.49635e-10
11271	1.22588e-05	0.649768	2.49629e-06	0.350216	1.07258e-06
11272	0.0269609	0.62716	0.0054901	0.33803	0.00235893
11273	0.729595	0.0491575	0.148569	0.0088433	0.0638356
11274	0.732839	0.0349656	0.14923	0.018846	0.0641195
11275	0.754985	0.016387	0.153739	0.00883234	0.0660571
11276	0.720539	0.0590391	0.146725	0.0106541	0.0630433
11277	0.618937	0.130523	0.126035	0.0703502	0.0541537
11278	0.000145696	0.784171	2.96683e-05	0.215641	1.27476e-05
11279	0.739183	0.038661	0.150521	0.00696074	0.0646745
11280	0.486147	0.241927	0.0989952	0.130395	0.0425353
11281	0.744517	0.0251683	0.151608	0.0135654	0.0651413
11282	0.671342	0.11262	0.136707	0.0205918	0.0587389
11283	0.762994	0.00966772	0.15537	0.00521077	0.0667579
11284	0.758909	0.0130942	0.154538	0.00705758	0.0664005
11285	0.013552	0.82783	0.00275962	0.154673	0.00118573
11286	0.687116	0.0945374	0.139919	0.0183083	0.060119
11287	0.759287	0.0159641	0.154615	0.00369971	0.0664336
11288	0.763148	0.00953814	0.155401	0.00514092	0.0667714
11289	0.707156	0.0737026	0.144	0.0132698	0.0618723
11290	0.579913	0.163263	0.118089	0.0879964	0.0507393
11291	0.726336	0.0404213	0.147905	0.0217865	0.0635505
11292	5.63038e-18	0.847601	1.14653e-18	0.152399	4.92628e-19
11293	0.751157	0.0195982	0.15296	0.0105632	0.0657222
11294	0.0189315	0.826772	0.00385506	0.148786	0.0016564
11295	1.30527e-05	0.649768	2.65796e-06	0.350216	1.14204e-06
11296	0.748008	0.0222403	0.152318	0.0119872	0.0654467
11297	0.0016348	0.648407	0.000332897	0.349482	0.000143036
11298	2.36099e-23	0.649779	4.80773e-24	0.350221	2.06574e-24
11299	0.74509	0.0319408	0.151724	0.00605385	0.0651914
11300	0.716495	0.0486777	0.145901	0.0262366	0.0626895
11301	0.735463	0.0327644	0.149764	0.0176595	0.0643491
11302	0.756932	0.0189164	0.154136	0.00378844	0.0662275
11303	0.761461	0.014287	0.155058	0.00257019	0.0666238
11304	0.636109	0.151448	0.129532	0.0272546	0.0556561
11305	0.712685	0.0665123	0.145126	0.0133206	0.0623562
11306	0.699566	0.0759	0.142454	0.020872	0.0612083
11307	0.762074	0.0104393	0.155183	0.00562663	0.0666774
11308	0.00433427	0.646142	0.000882597	0.348262	0.000379226
11309	0.708094	0.0726987	0.144191	0.0130621	0.0619544
11310	0.175598	0.502461	0.0357574	0.27082	0.0153639
11311	0.586869	0.157427	0.119505	0.0848509	0.0513479
11312	0.736135	0.0419932	0.149901	0.007563	0.0644079
11313	0.762441	0.0101314	0.155257	0.00546066	0.0667095
11314	0.75137	0.0253107	0.153003	0.00457579	0.0657408
11315	0.769691	0.00525068	0.156734	0.000981043	0.0673438
11316	0.000607085	0.649269	0.000123622	0.349947	5.31167e-05
11317	4.83734e-08	0.847637	9.85037e-09	0.152363	4.23241e-09
11318	8.26834e-20	6.53666e-15	1.6837e-20	1	7.23436e-21
11319	0.582713	0.206323	0.118659	0.041321	0.0509842
11320	0.705973	0.0575052	0.143759	0.0309945	0.0617688
11321	0.496401	0.233325	0.101083	0.125759	0.0434324
11322	0.757814	0.0140135	0.154315	0.00755308	0.0663046
11323	6.68074e-06	0.649773	1.36041e-06	0.350218	5.84529e-07
11324	0.628776	0.122269	0.128039	0.0659014	0.0550145
11325	0.771882	0.00221132	0.15718	0.00119187	0.0675355
11326	8.16968e-07	0.649778	1.66361e-07	0.350221	7.14804e-08
11327	3.79963e-13	0.649779	7.73727e-14	0.350221	3.32447e-14
11328	0.492037	0.236986	0.100194	0.127732	0.0430506
11329	0.643851	0.109622	0.131109	0.0590849	0.0563335
11330	0.533616	0.262752	0.108661	0.0482812	0.0466886
11331	0.745942	0.0239733	0.151898	0.0129213	0.0652659
11332	0.761947	0.0105462	0.155157	0.00568428	0.0666662
11333	0.756761	0.0148966	0.154101	0.00802905	0.0662125
11334	0.631797	0.119735	0.128654	0.0645353	0.0552789
11335	0.00973625	0.64161	0.00198261	0.345819	0.000851869
11336	0.742641	0.0267426	0.151225	0.0144139	0.0649771
11337	0.77342	0.00120032	0.157493	0.000216258	0.0676701
11338	0.70541	0.0755316	0.143644	0.0136942	0.0617196
11339	0.759122	0.0129155	0.154582	0.00696125	0.0664192
11340	0.768047	0.00542801	0.156399	0.00292562	0.0672
11341	3.58228e-06	0.649776	7.29467e-07	0.35022	3.1343e-07
11342	0.761606	0.0108322	0.155087	0.00583841	0.0666364
11343	3.57352e-10	0.649779	7.27683e-11	0.350221	3.12664e-11
11344	0.709058	0.0549165	0.144387	0.0295992	0.0620388
11345	0.760479	0.0152719	0.154858	0.00285343	0.0665378
11346	0.720191	0.0594566	0.146654	0.0106854	0.0630129
11347	2.30986e-06	0.649777	4.70362e-07	0.35022	2.02101e-07
11348	0.761128	0.0112333	0.15499	0.00605459	0.0665946
11349	2.43409e-09	0.847664	4.95659e-10	0.152336	2.1297e-10
11350	0.759562	0.0162328	0.154671	0.00307666	0.0664576
11351	0.751615	0.0244083	0.153053	0.00516108	0.0657623
11352	0.1054	0.561353	0.0214629	0.302561	0.00922198
11353	0.673092	0.0850906	0.137063	0.0458626	0.0588919
11354	0.768748	0.00631465	0.156542	0.00113464	0.0672613
11355	8.44949e-05	0.649708	1.72059e-05	0.350183	7.39285e-06
11356	0.766734	0.0085182	0.156132	0.00153053	0.0670852
11357	0.761856	0.010622	0.155138	0.0057251	0.0666583
11358	0.516375	0.282527	0.10515	0.050767	0.0451801
11359	0.0848532	0.578591	0.0172788	0.311853	0.0074242
11360	0.771487	0.00254268	0.157099	0.00137047	0.0675009
11361	0.761209	0.011165	0.155007	0.00601776	0.0666017
11362	1.34575e-07	0.649778	2.74038e-08	0.350221	1.17746e-08
11363	0.411782	0.304315	0.0838521	0.164022	0.0360288
11364	0.723659	0.0556596	0.14736	0.0100048	0.0633163
11365	4.40839e-07	0.649778	8.97689e-08	0.350221	3.85711e-08
11366	0.749647	0.0208648	0.152652	0.0112458	0.0655901
11367	0.0796192	0.760311	0.016213	0.136891	0.00696626
11368	0.653728	0.131922	0.13312	0.0240333	0.0571977
11369	0.70803	0.0557797	0.144178	0.0300644	0.0619488
11370	0.710449	0.0701206	0.14467	0.0125996	0.0621605
11371	0.770589	0.00329531	0.156917	0.00177612	0.0674225
11372	0.738121	0.0305342	0.150305	0.0164575	0.0645817
11373	0.74541	0.0244195	0.151789	0.0131617	0.0652194
11374	0.761249	0.0111318	0.155015	0.00599989	0.0666052
11375	2.75564e-06	0.649776	5.61136e-07	0.35022	2.41104e-07
11376	0.74588	0.0240249	0.151885	0.0129491	0.0652605
11377	0.739733	0.029182	0.150633	0.0157287	0.0647227
11378	0.745375	0.0318845	0.151782	0.00574242	0.0652163
11379	4.68308e-06	0.649775	9.53625e-07	0.350219	4.09744e-07
11380	4.42941e-07	0.649778	9.01969e-08	0.350221	3.87549e-08
11381	0.754267	0.0169887	0.153593	0.00915664	0.0659944
11382	0.00155643	0.648473	0.000316939	0.349518	0.000136179
11383	0.762084	0.010431	0.155185	0.00562218	0.0666783
11384	0.000109019	0.847009	2.21997e-05	0.15285	9.53856e-06
11385	0.764276	0.00859202	0.155631	0.00463098	0.0668701
11386	0.768492	0.00505498	0.15649	0.00272456	0.0672389
11387	0.548173	0.246876	0.111626	0.0453638	0.0479622
11388	0.60013	0.146302	0.122206	0.0788545	0.0525082
11389	0.725634	0.0534995	0.147762	0.00961499	0.0634891
11390	0.768091	0.0070329	0.156408	0.00126412	0.0672039
11391	0.00127945	0.648705	0.000260536	0.349643	0.000111945
11392	0.761444	0.0109677	0.155054	0.00591141	0.0666223
11393	0.759947	0.0122236	0.15475	0.00658832	0.0664913
11394	2.25484e-08	0.649779	4.59157e-09	0.350221	1.97286e-09
11395	0.74594	0.0239747	0.151897	0.012922	0.0652658
11396	0.735811	0.0324722	0.149835	0.0175021	0.0643796
11397	0.64942	0.10495	0.132243	0.0565664	0.0568208
11398	0.742634	0.026748	0.151224	0.0144168	0.0649765
11399	0.000131841	0.649668	2.68471e-05	0.350162	1.15354e-05
11400	0.766376	0.00683005	0.156059	0.0036813	0.0670538
11401	0.402267	0.312298	0.0819145	0.168324	0.0351962
11402	0.743803	0.0335009	0.151462	0.00615584	0.0650787
11403	0.691214	0.0698873	0.140753	0.0376683	0.0604775
11404	0.527614	0.270179	0.107439	0.0486044	0.0461634
11405	0.762528	0.0100586	0.155275	0.00542145	0.0667171
11406	0.705566	0.0754495	0.143676	0.0135753	0.0617333
11407	0.584877	0.159098	0.1191	0.0857514	0.0511736
11408	0.648853	0.105426	0.132127	0.0568229	0.0567712
11409	0.621177	0.128644	0.126492	0.0693373	0.0543497
11410	0.0173052	0.63526	0.00352389	0.342396	0.00151411
11411	0.688021	0.0725655	0.140103	0.0391118	0.0601982
11412	0.505408	0.294529	0.102917	0.0529246	0.0442205
11413	0.703647	0.0775046	0.143285	0.0139976	0.0615654
11414	0.722904	0.0433005	0.147206	0.0233384	0.0632503
11415	0.70839	0.0723702	0.144251	0.0130086	0.0619803
11416	0.696036	0.0658417	0.141735	0.0354877	0.0608994
11417	0.520044	0.213489	0.105898	0.115068	0.0455011
11418	1.66111e-10	0.649779	3.38254e-11	0.350221	1.45338e-11
11419	0.646516	0.140079	0.131651	0.0251864	0.0565667
11420	0.766147	0.00915812	0.156012	0.00164888	0.0670338
11421	0.710582	0.0536382	0.144697	0.0289102	0.0621721
11422	0.7052	0.0758635	0.143601	0.0136343	0.0617012
11423	0.738069	0.0398845	0.150294	0.0071751	0.0645771
11424	0.531463	0.203909	0.108223	0.109904	0.0465002
11425	0.759591	0.0125227	0.154677	0.00674955	0.0664601
11426	0.761251	0.0111299	0.155015	0.00599887	0.0666054
11427	0.765173	0.0078391	0.155814	0.00422517	0.0669486
11428	0.720518	0.0453027	0.146721	0.0244175	0.0630415
11429	0.760791	0.0143885	0.154921	0.00333456	0.0665651
11430	7.13037e-05	0.649719	1.45197e-05	0.350189	6.23869e-06
11431	0.395595	0.317895	0.0805559	0.171341	0.0346125
11432	4.93175e-07	0.649778	1.00426e-07	0.350221	4.31502e-08
11433	0.730595	0.0368489	0.148772	0.019861	0.0639231
11434	0.736601	0.0414901	0.149995	0.00746515	0.0644486
11435	0.656318	0.129344	0.133647	0.0232654	0.0574244
11436	4.96872e-09	0.649779	1.01179e-09	0.350221	4.34737e-10
11437	1.87575e-06	0.649777	3.81962e-07	0.350221	1.64118e-07
11438	0.71421	0.0505943	0.145436	0.0272696	0.0624896
11439	0.710438	0.0537589	0.144668	0.0289753	0.0621595
11440	0.754014	0.0172013	0.153541	0.00927126	0.0659722
11441	0.70657	0.0570044	0.14388	0.0307246	0.0618211
11442	0.721933	0.057534	0.147009	0.0103587	0.0631653
11443	0.752524	0.0184511	0.153238	0.0099449	0.0658418
11444	1.4171e-39	2.42879e-31	2.88567e-40	1	1.23989e-40
11445	0.000766329	0.649136	0.000156049	0.349875	6.70497e-05
11446	0.688925	0.0718076	0.140287	0.0387033	0.0602772
11447	0.000114423	0.847529	2.33002e-05	0.152323	1.00114e-05
11448	0.756033	0.0155078	0.153952	0.00835847	0.0661488
11449	0.572899	0.169147	0.116661	0.0911677	0.0501256
11450	6.43047e-07	0.649778	1.30945e-07	0.350221	5.62631e-08
11451	0.762598	0.00999957	0.155289	0.00538963	0.0667233
11452	0.763506	0.00923796	0.155474	0.00497913	0.0668027
11453	0.206565	0.476482	0.0420632	0.256817	0.0180733
11454	0.76269	0.012837	0.155308	0.00243304	0.0667313
11455	0.754759	0.0165761	0.153693	0.00893427	0.0660374
11456	1.59876e-07	0.649778	3.25559e-08	0.350221	1.39883e-08
11457	0.578644	0.21436	0.117831	0.038537	0.0506283
11458	1.06917e-07	0.649778	2.17717e-08	0.350221	9.35467e-09
11459	0.637164	0.115232	0.129747	0.0621084	0.0557485
11460	0.767407	0.00777424	0.156269	0.00140546	0.0671441
11461	0.760738	0.01156	0.154911	0.00623066	0.0665605
11462	0.756825	0.019353	0.154114	0.00349016	0.0662181
11463	0.735576	0.0326694	0.149787	0.0176084	0.064359
11464	0.76719	0.0080181	0.156225	0.00144191	0.0671251
11465	0.558759	0.23613	0.113781	0.0424413	0.0488884
11466	0.586644	0.205606	0.11946	0.0369613	0.0513283
11467	0.74461	0.0250909	0.151626	0.0135236	0.0651494
11468	0.727863	0.0510549	0.148216	0.00918129	0.0636842
11469	0.628633	0.159652	0.12801	0.0287035	0.055002
11470	2.58159e-08	0.649779	5.25694e-09	0.350221	2.25875e-09
11471	0.760391	0.0118516	0.15484	0.00638784	0.0665301
11472	6.07718e-06	0.649773	1.23751e-06	0.350219	5.31721e-07
11473	0.766282	0.00899385	0.15604	0.00163848	0.0670456
11474	0.682332	0.0773385	0.138945	0.0416844	0.0597004
11475	0.763591	0.00916693	0.155492	0.00494084	0.0668101
11476	0.0180763	0.827256	0.00368091	0.149406	0.00158158
11477	0.769647	0.00408603	0.156725	0.00220231	0.06734
11478	0.5946	0.150941	0.12108	0.0813553	0.0520243
11479	0.707499	0.0562245	0.14407	0.0303042	0.0619024
11480	0.445505	0.276024	0.0907191	0.148773	0.0389793
11481	0.764026	0.00880172	0.15558	0.004744	0.0668482
11482	0.710141	0.0540084	0.144607	0.0291098	0.0621335
11483	0.673753	0.084536	0.137198	0.0455637	0.0589498
11484	0.649175	0.105156	0.132193	0.0566774	0.0567993
11485	0.716315	0.0488284	0.145865	0.0263178	0.0626738
11486	0.758475	0.0134585	0.15445	0.00725395	0.0663625
11487	0.693419	0.0887597	0.141202	0.0159479	0.0606705
11488	2.99236e-11	0.649779	6.0934e-12	0.350221	2.61815e-12
11489	0.762559	0.0130728	0.155282	0.00236634	0.0667199
11490	0.592343	0.152834	0.12062	0.0823754	0.0518269
11491	0.00182122	0.648251	0.000370858	0.349398	0.000159347
11492	0.621669	0.128231	0.126592	0.0691148	0.0543928
11493	0.744797	0.0249339	0.151665	0.013439	0.0651657
11494	0.773372	0.000960848	0.157483	0.000517883	0.0676659
11495	0.772635	0.00157955	0.157333	0.000851353	0.0676014
11496	0.578097	0.164786	0.117719	0.0888173	0.0505804
11497	2.31885e-06	0.847676	4.72193e-07	0.152321	2.02887e-07
11498	0.650589	0.103969	0.132481	0.0560378	0.0569231
11499	2.2071e-06	0.649777	4.49437e-07	0.35022	1.9311e-07
11500	0.750936	0.0197836	0.152915	0.0106631	0.0657029
11501	0.743295	0.0261941	0.151359	0.0141183	0.0650343
11502	3.20081e-05	0.649752	6.51788e-06	0.350207	2.80054e-06
11503	0.654619	0.131189	0.133301	0.023614	0.0572757
11504	0.754982	0.0210138	0.153739	0.0042085	0.0660569
11505	0.762413	0.0101548	0.155252	0.0054733	0.0667071
11506	0.125237	0.709818	0.0255022	0.128486	0.0109575
11507	0.76203	0.0104761	0.155174	0.00564644	0.0666736
11508	0.63643	0.151125	0.129598	0.0271627	0.0556843
11509	0.762479	0.0131736	0.155265	0.00236956	0.0667128
11510	0.761784	0.0106824	0.155124	0.00575764	0.066652
11511	0.000202241	0.649609	4.11827e-05	0.35013	1.7695e-05
11512	0.760111	0.012086	0.154783	0.00651417	0.0665057
11513	0.77375	0.000643734	0.15756	0.000346963	0.067699
11514	0.731402	0.0361714	0.148937	0.0194959	0.0639938
11515	0.75874	0.0132361	0.154504	0.00713408	0.0663857
11516	0.769231	0.00443526	0.15664	0.00239054	0.0673036
11517	0.765564	0.00751165	0.155893	0.00404867	0.0669827
11518	0.761024	0.0113199	0.154969	0.00610126	0.0665856
11519	0.759731	0.0161724	0.154706	0.00291846	0.0664724
11520	2.64951e-15	0.649779	5.39524e-16	0.350221	2.31818e-16
11521	0.750572	0.0262032	0.152841	0.00471267	0.0656711
11522	0.767472	0.00591079	0.156282	0.00318583	0.0671497
11523	0.621867	0.167003	0.126632	0.0300883	0.05441
11524	0.766556	0.00667882	0.156095	0.00359979	0.0670696
11525	0.77434	0.000193525	0.15768	3.50305e-05	0.0677506
11526	0.506585	0.224781	0.103157	0.121154	0.0443235
11527	0.75088	0.0198308	0.152903	0.0106885	0.0656979
11528	0.730686	0.0367725	0.148791	0.0198199	0.0639311
11529	0.747993	0.0290072	0.152315	0.00523882	0.0654454
11530	0.754342	0.0220772	0.153608	0.00397108	0.0660009
11531	0.75553	0.015929	0.15385	0.00858552	0.0661049
11532	0.761461	0.0142511	0.155058	0.00260573	0.0666238
11533	6.64896e-05	0.649723	1.35394e-05	0.350191	5.81749e-06
11534	0.701732	0.0796528	0.142895	0.0143228	0.0613978
11535	0.765573	0.00978851	0.155895	0.00175986	0.0669835
11536	0.583699	0.160086	0.11886	0.0862842	0.0510706
11537	0.762681	0.00992977	0.155306	0.005352	0.0667305
11538	0.768741	0.00484586	0.15654	0.00261185	0.0672607
11539	0.230008	0.456814	0.046837	0.246216	0.0201245
11540	0.438632	0.367606	0.0893195	0.066065	0.0383779
11541	0.750528	0.026231	0.152832	0.00474216	0.0656672
11542	0.613414	0.175951	0.124911	0.0320544	0.0536704
11543	0.759847	0.0123079	0.154729	0.0066338	0.0664825
11544	0.680377	0.0986788	0.138546	0.022869	0.0595293
11545	0.701349	0.0797193	0.142817	0.0147497	0.0613643
11546	0.689552	0.071281	0.140415	0.0384194	0.0603322
11547	0.161529	0.670142	0.0328925	0.121304	0.0141329
11548	0.0723504	0.58908	0.0147329	0.317506	0.00633028
11549	0.731808	0.0465331	0.14902	0.00860959	0.0640293
11550	1.3475e-06	0.649777	2.74394e-07	0.350221	1.17899e-07
11551	0.761416	0.0140928	0.155049	0.00282242	0.0666198
11552	0.717672	0.0476904	0.146141	0.0257044	0.0627924
11553	0.755478	0.0159732	0.153839	0.00860931	0.0661003
11554	0.0733457	0.588245	0.0149355	0.317056	0.00641735
11555	1.41434e-05	0.649767	2.88006e-06	0.350215	1.23748e-06
11556	0.736167	0.0321735	0.149907	0.0173411	0.0644107
11557	0.735444	0.0327804	0.14976	0.0176682	0.0643474
11558	0.730396	0.0480714	0.148732	0.00889421	0.0639058
11559	6.9266e-13	0.649779	1.41048e-13	0.350221	6.06041e-14
11560	0.464502	0.339275	0.0945875	0.0609939	0.0406415
11561	0.744148	0.0254783	0.151532	0.0137324	0.065109
11562	0.721429	0.0445381	0.146906	0.0240054	0.0631212
11563	0.772412	0.00176584	0.157288	0.000951765	0.067582
11564	0.769758	0.005191	0.156747	0.000953854	0.0673497
11565	0.0131332	0.638761	0.00267434	0.344283	0.00114908
11566	0.770659	0.00421959	0.156931	0.000762075	0.0674285
11567	0.757804	0.014022	0.154313	0.00755766	0.0663038
11568	0.753645	0.0175104	0.153466	0.00943786	0.0659399
11569	2.15801e-06	0.847508	4.3944e-07	0.152489	1.88814e-07
11570	0.737239	0.0312745	0.150125	0.0168565	0.0645045
11571	0.751012	0.01972	0.15293	0.0106288	0.0657095
11572	0.724076	0.055207	0.147445	0.00991895	0.0633528
11573	0.734366	0.0439099	0.14954	0.00793029	0.0642531
11574	0.00641709	0.839715	0.00130673	0.151999	0.000561461
11575	0.362131	0.451304	0.0737414	0.0811392	0.0316845
11576	1.9708e-05	0.649762	4.01319e-06	0.350213	1.72435e-06
11577	0.772874	0.00137866	0.157382	0.000743079	0.0676223
11578	0.748811	0.021566	0.152482	0.0116238	0.065517
11579	0.433227	0.286324	0.0882189	0.154325	0.0379051
11580	0.765843	0.00727754	0.15595	0.00392249	0.0670071
11581	0.760691	0.0151286	0.154901	0.00272314	0.0665564
11582	0.721047	0.0448588	0.146828	0.0241783	0.0630878
11583	0.675411	0.0831452	0.137535	0.0448141	0.0590948
11584	0.744016	0.0255894	0.151505	0.0137923	0.0650974
11585	0.60744	0.140169	0.123694	0.0755493	0.0531477
11586	1.22559e-06	0.649778	2.49569e-07	0.350221	1.07232e-07
11587	0.693932	0.0676069	0.141307	0.0364392	0.0607153
11588	0.599863	0.191126	0.122151	0.0343742	0.0524848
11589	0.565484	0.228671	0.115151	0.041217	0.0494769
11590	0.704416	0.0588113	0.143442	0.0316984	0.0616326
11591	0.747	0.0230858	0.152113	0.0124429	0.0653585
11592	0.729234	0.0493905	0.148495	0.00907558	0.0638041
11593	0.769787	0.00511642	0.156753	0.000990855	0.0673523
11594	0.769476	0.00422968	0.15669	0.00227974	0.067325
11595	0.701681	0.061106	0.142885	0.0329353	0.0613933
11596	6.52599e-09	1.88853e-06	1.3289e-09	0.999998	5.70989e-10
11597	0.763322	0.0093921	0.155437	0.00506221	0.0667866
11598	0.754051	0.0171702	0.153549	0.00925451	0.0659754
11599	0.724763	0.0544383	0.147585	0.00980138	0.0634128
11600	0.744402	0.0252648	0.151584	0.0136174	0.0651312
11601	0.730313	0.0370851	0.148715	0.0199883	0.0638985
11602	0.750093	0.0204908	0.152743	0.0110442	0.0656291
11603	0.75173	0.0191171	0.153076	0.0103038	0.0657724
11604	0.76863	0.00493894	0.156518	0.00266202	0.067251
11605	0.000352345	0.649483	7.17487e-05	0.350062	3.08283e-05
11606	1.16135e-14	1.82234e-13	2.36488e-15	1	1.01612e-15
11607	0.729617	0.0376688	0.148573	0.020303	0.0638376
11608	3.01492e-06	0.649776	6.13935e-07	0.35022	2.6379e-07
11609	0.00151258	0.64851	0.00030801	0.349537	0.000132343
11610	0.743569	0.0259636	0.151415	0.013994	0.0650584
11611	0.000390922	0.649451	7.96042e-05	0.350045	3.42035e-05
11612	0.770658	0.00323755	0.156931	0.00174499	0.0674285
11613	0.000618959	0.846054	0.00012604	0.153147	5.41556e-05
11614	0.410547	0.305351	0.0836006	0.16458	0.0359207
11615	0.725264	0.0413209	0.147687	0.0222714	0.0634567
11616	0.764293	0.00857746	0.155635	0.00462313	0.0668716
11617	0.753975	0.0218933	0.153533	0.00462928	0.0659688
11618	0.598945	0.147296	0.121964	0.0793902	0.0524045
11619	0.749969	0.0205945	0.152718	0.0111001	0.0656183
11620	1.52185e-07	0.649778	3.09897e-08	0.350221	1.33154e-08
11621	0.480202	0.246915	0.0977845	0.133084	0.0420151
11622	0.241029	0.447568	0.0490812	0.241233	0.0210887
11623	0.000449792	0.649401	9.15921e-05	0.350018	3.93544e-05
11624	0.726264	0.0404819	0.147891	0.0218192	0.0635442
11625	0.755541	0.0159199	0.153852	0.00858058	0.0661058
11626	0.767623	0.00578357	0.156313	0.00311726	0.0671629
11627	0.770903	0.0039493	0.156981	0.000717516	0.0674499
11628	0.621261	0.128574	0.126509	0.0692996	0.054357
11629	0.0171632	0.63538	0.00349498	0.342461	0.00150169
11630	0.662219	0.0942123	0.134849	0.0507791	0.0579406
11631	5.86505e-23	1.0343e-22	1.19431e-23	1	5.13161e-24
11632	0.0343762	0.620939	0.0070001	0.334677	0.00300774
11633	0.759973	0.0122016	0.154755	0.00657651	0.0664936
11634	0.727094	0.0397857	0.14806	0.0214439	0.0636168
11635	0.00966975	0.641666	0.00196907	0.345849	0.000846052
11636	2.69377e-09	0.649779	5.48538e-10	0.350221	2.3569e-10
11637	0.0437746	0.793153	0.0089139	0.150329	0.00383004
11638	0.584315	0.159569	0.118985	0.0860057	0.0511244
11639	0.733881	0.034092	0.149442	0.0183751	0.0642106
11640	0.741078	0.0365857	0.150907	0.00658911	0.0648403
11641	0.732972	0.0454693	0.149257	0.00817128	0.0641311
11642	0.765252	0.0101376	0.15583	0.00182476	0.0669555
11643	0.207287	0.475876	0.0422103	0.25649	0.0181365
11644	0.749738	0.0207885	0.152671	0.0112047	0.0655981
11645	0.766082	0.00920714	0.155999	0.00168346	0.0670281
11646	0.668782	0.115026	0.136185	0.0214916	0.0585149
11647	0.599066	0.147194	0.121989	0.0793354	0.0524151
11648	0.768951	0.00466998	0.156583	0.00251705	0.0672791
11649	0.741962	0.0356284	0.151087	0.00640397	0.0649177
11650	0.76876	0.00482975	0.156544	0.00260316	0.0672624
11651	0.750536	0.0262338	0.152833	0.00472853	0.0656679
11652	1.60617e-07	3.23268e-09	3.27069e-08	1	1.40532e-08
11653	0.691005	0.0903308	0.140711	0.0174936	0.0604593
11654	0.60618	0.141226	0.123438	0.0761187	0.0530375
11655	0.000156433	0.649647	3.18547e-05	0.350151	1.3687e-05
11656	0.654819	0.100421	0.133342	0.0541253	0.0572931
11657	9.3971e-09	0.649779	1.91355e-09	0.350221	8.22196e-10
11658	0.758712	0.0132601	0.154498	0.007147	0.0663832
11659	0.000238233	0.845636	4.85118e-05	0.154056	2.08441e-05
11660	0.12984	0.54085	0.0264395	0.29151	0.0113603
11661	0.77107	0.00289217	0.157015	0.00155884	0.0674645
11662	0.764408	0.0110493	0.155658	0.00200328	0.0668816
11663	0.751797	0.0190613	0.15309	0.0102738	0.0657782
11664	0.763316	0.00939714	0.155436	0.00506492	0.0667861
11665	0.650085	0.104392	0.132378	0.0562659	0.056879
11666	0.745337	0.0319286	0.151774	0.00574712	0.065213
11667	0.74932	0.021139	0.152586	0.0113936	0.0655615
11668	0.762779	0.0126263	0.155326	0.00252871	0.0667391
11669	0.703227	0.0598085	0.1432	0.0322359	0.0615286
11670	0.706524	0.0570427	0.143871	0.0307452	0.0618171
11671	1.59963e-15	2.96666e-15	3.25736e-16	1	1.39959e-16
11672	0.736834	0.0316144	0.150043	0.0170397	0.064469
11673	3.98731e-10	0.649779	8.11944e-11	0.350221	3.48868e-11
11674	8.7655e-08	6.61902e-05	1.78494e-08	0.999934	7.66934e-09
11675	0.764884	0.0104795	0.155755	0.001958	0.0669233
11676	0.751292	0.0194849	0.152987	0.0105021	0.065734
11677	1.0354e-31	2.97816e-33	2.1084e-32	1	9.05917e-33
11678	0.73248	0.0352668	0.149156	0.0190083	0.0640881
11679	0.689581	0.0712574	0.140421	0.0384067	0.0603346
11680	0.539779	0.196933	0.109916	0.106144	0.0472277
11681	0.665425	0.0915226	0.135502	0.0493294	0.0582211
11682	0.761319	0.0110728	0.155029	0.00596808	0.0666113
11683	0.74317	0.026299	0.151333	0.0141748	0.0650234
11684	3.51689e-09	0.649779	7.16151e-10	0.350221	3.07709e-10
11685	0.276551	0.545005	0.0563146	0.0979331	0.0241967
11686	0.752702	0.0183018	0.153274	0.00986439	0.0658574
11687	0.00532283	0.645313	0.0010839	0.347815	0.000465719
11688	0.668279	0.116276	0.136083	0.0208911	0.0584708
11689	0.700335	0.0811788	0.142611	0.0146001	0.0612756
11690	0.684939	0.0751516	0.139475	0.0405056	0.0599285
11691	0.767299	0.00605608	0.156247	0.00326414	0.0671345
11692	0.708233	0.0556089	0.144219	0.0299724	0.0619666
11693	0.584666	0.159275	0.119057	0.0858471	0.0511551
11694	0.587866	0.204284	0.119708	0.0367055	0.0514352
11695	0.736835	0.0316134	0.150043	0.0170392	0.0644691
11696	0.63612	0.116108	0.129534	0.0625804	0.0556571
11697	6.36996e-09	0.846731	1.29713e-09	0.153269	5.57337e-10
11698	0.765525	0.00754437	0.155885	0.00406631	0.0669793
11699	0.75649	0.0197078	0.154046	0.00356737	0.0661889
11700	0.757003	0.0191675	0.15415	0.00344523	0.0662337
11701	0.767822	0.0056167	0.156353	0.00302732	0.0671804
11702	0.735725	0.042344	0.149817	0.00774231	0.064372
11703	0.753767	0.0174083	0.153491	0.00938285	0.0659506
11704	0.747331	0.0228079	0.152181	0.0122931	0.0653875
11705	0.772443	0.00173996	0.157294	0.000937812	0.0675847
11706	0.758176	0.0137091	0.154389	0.00738903	0.0663364
11707	0.574507	0.167798	0.116988	0.0904409	0.0502662
11708	0.764477	0.00842298	0.155672	0.00453987	0.0668877
11709	0.218309	0.00750127	0.0444547	0.710634	0.0191009
11710	0.758758	0.0172485	0.154507	0.00309925	0.0663872
11711	0.767184	0.00615202	0.156223	0.00331585	0.0671245
11712	0.0350841	0.00587553	0.00714424	0.948826	0.00306967
11713	0.672744	0.0853826	0.136992	0.04602	0.0588615
11714	0.725542	0.0410873	0.147744	0.0221455	0.0634811
11715	0.631742	0.119781	0.128643	0.0645601	0.0552741
11716	1.71133e-12	0.649779	3.48482e-13	0.350221	1.49732e-13
11717	0.768232	0.00527323	0.156437	0.0028422	0.0672162
11718	0.000135202	0.649665	2.75315e-05	0.35016	1.18295e-05
11719	2.06057e-09	0.649779	4.19598e-10	0.350221	1.80289e-10
11720	9.69459e-08	0.649778	1.97413e-08	0.350221	8.48225e-09
11721	0.0261091	0.627874	0.00531665	0.338415	0.00228441
11722	0.742331	0.0351523	0.151162	0.00640399	0.06495
11723	0.758687	0.0173261	0.154493	0.00311324	0.066381
11724	0.736348	0.0320219	0.149944	0.0172594	0.0644265
11725	0.601081	0.145504	0.122399	0.0784246	0.0525913
11726	0.763141	0.00954437	0.1554	0.00514428	0.0667707
11727	0.762323	0.0132356	0.155233	0.00250858	0.0666992
11728	0.0005489	0.649318	0.000111774	0.349973	4.80259e-05
11729	0.76949	0.00421763	0.156693	0.00227324	0.0673263
11730	0.766756	0.00849404	0.156136	0.00152687	0.067087
11731	0.707074	0.0565812	0.143983	0.0304964	0.0618652
11732	0.753178	0.0233453	0.153371	0.00420604	0.0658991
11733	0.735542	0.0326979	0.14978	0.0176237	0.064356
11734	0.641731	0.111401	0.130677	0.0600435	0.056148
11735	0.657327	0.0983162	0.133853	0.052991	0.0575126
11736	0.718877	0.0466789	0.146386	0.0251593	0.0628979
11737	0.681743	0.0778324	0.138825	0.0419505	0.0596489
11738	0.760739	0.0115593	0.154911	0.00623028	0.0665606
11739	0.361237	0.452229	0.0735595	0.0813678	0.0316063
11740	0.00375362	0.646629	0.000764358	0.348524	0.000328422
11741	0.760412	0.0118334	0.154844	0.00637801	0.066532
11742	0.755027	0.0163512	0.153748	0.00881304	0.0660608
11743	0.746675	0.0301159	0.152047	0.00583229	0.0653301
11744	0.769929	0.00500435	0.156782	0.000919558	0.0673647
11745	0.755607	0.0206254	0.153866	0.00378996	0.0661116
11746	0.751897	0.0189775	0.15311	0.0102286	0.0657869
11747	0.76164	0.0134978	0.155094	0.00312813	0.0666395
11748	0.59915	0.147123	0.122006	0.0792975	0.0524225
11749	0.761073	0.0112793	0.154979	0.00607938	0.0665898
11750	0.597758	0.148292	0.121723	0.0799271	0.0523006
11751	0.750776	0.0259771	0.152882	0.00467586	0.0656889
11752	0.677948	0.0810162	0.138052	0.0436666	0.0593169
11753	0.00312571	0.647156	0.000636496	0.348808	0.000273483
11754	0.675065	0.108556	0.137465	0.0198488	0.0590646
11755	0.756524	0.0196665	0.154052	0.00356561	0.0661918
11756	0.748552	0.0217834	0.152429	0.011741	0.0654943
11757	0.741594	0.0276208	0.151012	0.0148872	0.0648855
11758	3.81063e-08	0.649779	7.75966e-09	0.350221	3.3341e-09
11759	0.770109	0.0036983	0.156819	0.00199333	0.0673804
11760	0.00807396	0.838066	0.00164412	0.15151	0.000706428
11761	0.772708	0.00151756	0.157348	0.000817945	0.0676079
11762	0.758191	0.013697	0.154392	0.00738247	0.0663377
11763	5.31219e-10	0.649779	1.08173e-10	0.350221	4.64788e-11
11764	0.772654	0.00203885	0.157337	0.000367493	0.0676031
11765	0.736161	0.0419791	0.149906	0.0075442	0.0644101
11766	0.740387	0.0286332	0.150767	0.0154329	0.0647799
11767	0.741212	0.0279413	0.150935	0.01506	0.0648521
11768	0.760475	0.0117811	0.154857	0.00634985	0.0665375
11769	9.95028e-09	0.847689	2.0262e-09	0.152311	8.70596e-10
11770	0.750025	0.0205481	0.152729	0.0110751	0.0656231
11771	0.765593	0.00748704	0.155899	0.00403541	0.0669853
11772	0.536263	0.260739	0.1092	0.0468779	0.0469201
11773	0.654307	0.121731	0.133238	0.0334752	0.0572484
11774	0.767304	0.00605132	0.156248	0.00326157	0.067135
11775	0.63809	0.114455	0.129936	0.0616896	0.0558295
11776	0.709463	0.0711709	0.144469	0.0128226	0.0620742
11777	0.484453	0.317381	0.0986502	0.0571283	0.0423871
11778	0.0342793	0.62102	0.00698036	0.334721	0.00299925
11779	0.769562	0.00415759	0.156707	0.00224088	0.0673325
11780	7.41164e-06	0.649772	1.50925e-06	0.350218	6.48479e-07
11781	0.764727	0.00821396	0.155723	0.00442721	0.0669095
11782	0.677857	0.0978834	0.138033	0.0269172	0.0593089
11783	0.000928535	0.649	0.000189079	0.349802	8.12418e-05
11784	0.752367	0.018583	0.153206	0.010016	0.0658281
11785	0.717042	0.0482189	0.146013	0.0259893	0.0627373
11786	1.27956e-14	0.649779	2.6056e-15	0.350221	1.11955e-15
11787	0.76855	0.00500625	0.156501	0.0026983	0.067244
11788	0.0157755	0.636544	0.0032124	0.343088	0.00138027
11789	0.646117	0.107721	0.13157	0.0580599	0.0565318
11790	0.748281	0.0283784	0.152374	0.00549582	0.0654706
11791	5.92575e-06	0.649774	1.20667e-06	0.350219	5.18471e-07
11792	0.760824	0.014863	0.154928	0.00281704	0.066568
11793	0.743575	0.0338553	0.151416	0.0060955	0.0650588
11794	6.13211e-09	5.44912e-08	1.24869e-09	1	5.36526e-10
11795	0.737837	0.0401285	0.150247	0.00722981	0.0645568
11796	0.709423	0.0546107	0.144461	0.0294344	0.0620707
11797	0.771072	0.00289028	0.157015	0.00155782	0.0674647
11798	0.713474	0.051212	0.145286	0.0276025	0.0624252
11799	0.73399	0.0340001	0.149464	0.0183256	0.0642202
11800	0.764576	0.0108652	0.155692	0.0019699	0.0668963
11801	0.758782	0.0132015	0.154512	0.00711541	0.0663893
11802	0.591632	0.153431	0.120475	0.0826972	0.0517646
11803	0.761887	0.0105959	0.155145	0.00571102	0.0666611
11804	0.663418	0.0932065	0.135093	0.050237	0.0580455
11805	0.00101847	4.75565e-05	0.000207393	0.998637	8.91105e-05
11806	0.569937	0.171632	0.116057	0.0925074	0.0498664
11807	0.770412	0.00449023	0.156881	0.000810302	0.0674069
11808	0.768718	0.004865	0.156536	0.00262217	0.0672587
11809	0.768938	0.00468113	0.15658	0.00252306	0.0672779
11810	0.754884	0.0214869	0.153718	0.00386285	0.0660483
11811	0.685442	0.0747291	0.139578	0.0402779	0.0599725
11812	0.552875	0.185946	0.112583	0.100222	0.0483736
11813	0.753926	0.0172747	0.153524	0.00931081	0.0659645
11814	0.758963	0.0130495	0.154549	0.0070335	0.0664052
11815	0.000198358	0.649612	4.0392e-05	0.350132	1.73552e-05
11816	0.00034268	0.845047	6.97806e-05	0.154511	2.99827e-05
11817	0.708348	0.072353	0.144242	0.0130803	0.0619766
11818	0.0221699	0.761868	0.00451449	0.209508	0.00193974
11819	0.000362067	0.649475	7.37284e-05	0.350058	3.16789e-05
11820	0.00344208	0.646891	0.000700918	0.348665	0.000301164
11821	0.759045	0.016644	0.154566	0.00333334	0.0664123
11822	0.771145	0.00367426	0.15703	0.000679815	0.0674711
11823	0.66421	0.0925421	0.135254	0.0498789	0.0581148
11824	0.694862	0.0668267	0.141496	0.0360186	0.0607967
11825	0.754312	0.0169509	0.153602	0.00913627	0.0659983
11826	0.747456	0.0227034	0.152206	0.0122368	0.0653984
11827	0.761614	0.0140743	0.155089	0.00258617	0.0666371
11828	0.740279	0.0287244	0.150744	0.0154821	0.0647704
11829	0.743659	0.0337705	0.151433	0.00607154	0.0650662
11830	0.763077	0.0124947	0.155387	0.00227627	0.0667651
11831	0.764702	0.00823471	0.155718	0.00443839	0.0669073
11832	0.766343	0.00894345	0.156052	0.00161072	0.0670509
11833	0.462331	0.261908	0.0941454	0.141164	0.0404515
11834	0.652693	0.132732	0.132909	0.0245582	0.0571072
11835	0.745867	0.0312911	0.151882	0.00570056	0.0652593
11836	0.764092	0.0105574	0.155594	0.00290321	0.066854
11837	0.615819	0.133139	0.125401	0.0717602	0.0538809
11838	0.75997	0.0122047	0.154754	0.00657816	0.0664933
11839	0.739397	0.0294642	0.150565	0.0158808	0.0646933
11840	0.74709	0.0300017	0.152131	0.00541055	0.0653664
11841	0.756055	0.0202015	0.153957	0.00363546	0.0661508
11842	0.766854	0.00642917	0.156156	0.00346523	0.0670956
11843	0.730584	0.0480767	0.14877	0.00864662	0.0639222
11844	0.563571	0.176973	0.114761	0.0953858	0.0493094
11845	1.86351e-08	0.649779	3.7947e-09	0.350221	1.63047e-09
11846	0.742717	0.0347901	0.151241	0.00626801	0.0649838
11847	0.77167	0.0023885	0.157137	0.00128737	0.067517
11848	0.000677119	0.846387	0.000137883	0.152738	5.92443e-05
11849	0.76995	0.00498877	0.156786	0.000908844	0.0673665
11850	0.729195	0.0380229	0.148487	0.0204938	0.0638007
11851	0.750474	0.0201712	0.152821	0.010872	0.0656624
11852	0.595563	0.150133	0.121276	0.0809196	0.0521086
11853	0.761237	0.0111413	0.155012	0.006005	0.0666042
11854	0.767364	0.00600161	0.15626	0.00323478	0.0671402
11855	1.42697e-08	0.649779	2.90577e-09	0.350221	1.24853e-09
11856	2.41312e-08	0.649779	4.91388e-09	0.350221	2.11135e-09
11857	0.766839	0.00840361	0.156153	0.00151031	0.0670943
11858	0.742017	0.0355426	0.151098	0.00641913	0.0649225
11859	0.728905	0.0382662	0.148428	0.0206249	0.0637753
11860	0.761112	0.0112467	0.154987	0.00606179	0.0665932
11861	0.755539	0.0159217	0.153852	0.00858158	0.0661056
11862	0.756287	0.0152939	0.154004	0.00824322	0.0661711
11863	0.753698	0.0174667	0.153477	0.00941429	0.0659445
11864	0.540171	0.256481	0.109996	0.0460893	0.0472621
11865	0.210267	0.473376	0.0428171	0.255143	0.0183972
11866	0.707566	0.0561682	0.144083	0.0302739	0.0619083
11867	2.34102e-07	0.649778	4.76707e-08	0.350221	2.04827e-08
11868	0.71064	0.0699046	0.144709	0.0125689	0.0621772
11869	0.73228	0.0354345	0.149116	0.0190987	0.0640706
11870	0.00577028	0.644938	0.00117501	0.347612	0.000504869
11871	0.772802	0.00143948	0.157367	0.000775862	0.067616
11872	0.755567	0.0158981	0.153858	0.00856885	0.0661081
11873	0.682917	0.0985338	0.139064	0.0197337	0.0597516
11874	0.679754	0.103496	0.13842	0.0188548	0.0594749
11875	0.76189	0.0105938	0.155145	0.0057099	0.0666613
11876	0.211655	0.472211	0.0430998	0.254515	0.0185187
11877	0.766961	0.00820201	0.156178	0.00155456	0.067105
11878	0.768824	0.00477604	0.156557	0.00257422	0.067268
11879	0.770664	0.00421698	0.156932	0.000758277	0.067429
11880	0.771996	0.00275474	0.157203	0.000500486	0.0675455
11881	8.77483e-09	0.649779	1.78684e-09	0.350221	7.67751e-10
11882	0.588413	0.156131	0.11982	0.0841526	0.051483
11883	0.184766	0.645384	0.0376242	0.116061	0.016166
11884	0.0638503	0.777786	0.013002	0.139776	0.00558656
11885	3.16184e-05	0.649752	6.43852e-06	0.350207	2.76644e-06
11886	0.766954	0.00634504	0.156176	0.00341988	0.0671044
11887	0.769644	0.00408868	0.156724	0.00220374	0.0673397
11888	0.538562	0.197954	0.109668	0.106695	0.0471213
11889	0.688809	0.0937662	0.140264	0.0168935	0.0602671
11890	0.748987	0.0214182	0.152518	0.0115441	0.0655324
11891	0.727299	0.039614	0.148101	0.0213514	0.0636347
11892	0.192641	0.636349	0.0392278	0.114927	0.016855
11893	0.75035	0.0202752	0.152795	0.010928	0.0656516
11894	0.000104668	0.649691	2.13137e-05	0.350174	9.15788e-06
11895	0.706976	0.0737243	0.143963	0.01348	0.0618566
11896	0.61666	0.132434	0.125572	0.07138	0.0539544
11897	0.753626	0.0175269	0.153462	0.00944673	0.0659382
11898	0.724354	0.0420846	0.147502	0.022683	0.0633771
11899	8.78781e-08	0.845896	1.78948e-08	0.154104	7.68886e-09
11900	0.701551	0.0612146	0.142858	0.0329938	0.061382
11901	0.76531	0.0100765	0.155842	0.00181106	0.0669605
11902	0.539086	0.197514	0.109775	0.106457	0.0471671
11903	0.761076	0.0112762	0.15498	0.00607772	0.0665901
11904	0.768398	0.00513354	0.156471	0.00276691	0.0672307
11905	0.75139	0.019403	0.153007	0.0104579	0.0657426
11906	0.620533	0.129185	0.12636	0.0696289	0.0542933
11907	0.571652	0.170193	0.116407	0.0917318	0.0500165
11908	0.749106	0.0213187	0.152542	0.0114905	0.0655428
11909	0.755789	0.0157125	0.153903	0.00846879	0.0661275
11910	0.546552	0.19125	0.111296	0.103081	0.0478204
11911	0.756212	0.0153571	0.153989	0.00827726	0.0661645
11912	0.648801	0.137591	0.132117	0.0247248	0.0567666
11913	0.765434	0.00993861	0.155867	0.0017894	0.0669714
11914	0.640723	0.112246	0.130472	0.0604992	0.0560598
11915	0.564196	0.176449	0.114888	0.0951033	0.0493641
11916	0.678659	0.104796	0.138197	0.0189695	0.059379
11917	0.0869842	0.576804	0.0177128	0.310889	0.00761065
11918	2.55096e-15	4.19824e-16	5.19457e-16	1	2.23195e-16
11919	0.744087	0.0308149	0.15152	0.00847388	0.0651037
11920	0.76372	0.00905853	0.155518	0.00488242	0.0668214
11921	0.642382	0.110855	0.130809	0.0597491	0.056205
11922	0.726698	0.0523356	0.147979	0.00940489	0.0635822
11923	0.00010483	0.847435	2.13467e-05	0.15243	9.17203e-06
11924	2.36597e-07	0.649778	4.81787e-08	0.350221	2.0701e-08
11925	0.716324	0.0636909	0.145867	0.0114439	0.0626745
11926	0.639804	0.147388	0.130285	0.0265446	0.0559794
11927	0.733501	0.0344101	0.149364	0.0185466	0.0641775
11928	0.762469	0.0131412	0.155263	0.00241472	0.066712
11929	1.71269e-08	0.649779	3.48759e-09	0.350221	1.49851e-09
11930	0.725815	0.0408589	0.147799	0.0220224	0.0635049
11931	0.762599	0.00999858	0.15529	0.00538909	0.0667234
11932	0.000223843	0.649591	4.55815e-05	0.35012	1.9585e-05
11933	5.41932e-06	0.649774	1.10355e-06	0.350219	4.74161e-07
11934	0.518187	0.268686	0.10552	0.0622684	0.0453386
11935	0.730822	0.0366581	0.148819	0.0197582	0.063943
11936	0.700228	0.0810284	0.142589	0.0148891	0.0612662
11937	0.172766	0.504837	0.0351808	0.2721	0.0151161
11938	0.396704	0.410081	0.0807816	0.0777241	0.0347095
11939	0.677715	0.0812118	0.138005	0.043772	0.0592965
11940	0.767798	0.0056371	0.156348	0.00303832	0.0671782
11941	0.761928	0.0137166	0.155153	0.00253785	0.0666646
11942	1.49588e-06	0.649777	3.0461e-07	0.350221	1.30882e-07
11943	0.743931	0.0256599	0.151488	0.0138303	0.06509
11944	2.55592e-06	0.847628	5.20466e-07	0.152368	2.23629e-07
11945	0.743866	0.0335467	0.151475	0.00602802	0.0650843
11946	0.768604	0.00646559	0.156512	0.00116888	0.0672488
11947	0.682031	0.101223	0.138883	0.0181886	0.0596741
11948	0.767563	0.00583412	0.1563	0.00314451	0.0671577
11949	0.771658	0.00239912	0.157134	0.00129309	0.0675159
11950	4.4374e-17	0.649779	9.03597e-18	0.350221	3.88249e-18
11951	0.751498	0.0193123	0.153029	0.0104091	0.065752
11952	0.638329	0.148956	0.129984	0.0268804	0.0558504
11953	0.00268878	0.842486	0.000547522	0.154043	0.000235254
11954	0.561512	0.232504	0.114342	0.0425119	0.0491293
11955	0.671107	0.11279	0.136659	0.0207254	0.0587183
11956	0.651526	0.103183	0.132672	0.0556141	0.0570051
11957	0.750336	0.0202865	0.152793	0.0109341	0.0656504
11958	0.750714	0.0199698	0.152869	0.0107634	0.0656835
11959	0.713329	0.0513334	0.145257	0.027668	0.0624125
11960	0.755675	0.0206204	0.15388	0.00370787	0.0661175
11961	0.708626	0.0552796	0.144299	0.0297949	0.062001
11962	0.736969	0.0315011	0.15007	0.0169786	0.0644808
11963	1.16366e-05	0.649769	2.36959e-06	0.350216	1.01814e-06
11964	2.27886e-15	3.29348e-07	4.64049e-16	1	1.99388e-16
11965	0.759638	0.0158581	0.154687	0.00335315	0.0664643
11966	0.649723	0.104696	0.132304	0.0564295	0.0568473
11967	0.760412	0.0118339	0.154844	0.00637828	0.066532
11968	0.752026	0.0246158	0.153137	0.00442315	0.0657983
11969	0.70194	0.0608887	0.142937	0.0328181	0.061416
11970	0.758984	0.016942	0.154554	0.00311312	0.0664071
11971	0.756905	0.019275	0.15413	0.00346468	0.0662251
11972	0.592943	0.152331	0.120742	0.0821041	0.0518794
11973	0.77107	0.00376953	0.157015	0.000680791	0.0674645
11974	0.745548	0.0243041	0.151817	0.0130996	0.0652314
11975	0.748993	0.0214135	0.152519	0.0115416	0.0655329
11976	0.74718	0.0229342	0.15215	0.0123612	0.0653743
11977	0.598726	0.190805	0.12192	0.036164	0.0523853
11978	0.328959	0.373799	0.0669867	0.201473	0.0287822
11979	0.753697	0.0227876	0.153477	0.00409455	0.0659444
11980	0.568191	0.173097	0.115702	0.0932968	0.0497136
11981	0.745648	0.031406	0.151838	0.00586793	0.0652402
11982	0.291291	0.489341	0.0593161	0.134565	0.0254864
11983	1.65696e-07	0.649778	3.3741e-08	0.350221	1.44975e-08
11984	0.745878	0.0240269	0.151885	0.0129502	0.0652603
11985	2.35329e-05	0.649759	4.79206e-06	0.350211	2.05901e-06
11986	0.747204	0.0298919	0.152155	0.00537358	0.0653763
11987	0.744692	0.025022	0.151643	0.0134865	0.0651565
11988	0.423223	0.294717	0.0861817	0.158848	0.0370297
11989	0.758753	0.0172176	0.154506	0.00313668	0.0663868
11990	0.691669	0.0695057	0.140846	0.0374626	0.0605173
11991	0.0186054	0.63417	0.00378865	0.341808	0.00162787
11992	0.752799	0.0182201	0.153294	0.00982039	0.0658659
11993	5.50985e-06	0.649774	1.12198e-06	0.350219	4.82082e-07
11994	0.74672	0.0233202	0.152056	0.0125692	0.065334
11995	0.737483	0.0405336	0.150175	0.00728298	0.0645258
11996	6.19149e-15	2.29715e-16	1.26079e-15	1	5.41723e-16
11997	0.556286	0.183084	0.113278	0.0986797	0.0486721
11998	0.769778	0.00518015	0.156751	0.000939182	0.0673514
11999	0.768633	0.00643936	0.156518	0.0011579	0.0672513
12000	0.308602	0.390878	0.0628413	0.210678	0.027001
12001	0.733973	0.0340145	0.14946	0.0183333	0.0642187
12002	0.63994	0.112903	0.130312	0.0608533	0.0559913
12003	0.73666	0.0317606	0.150007	0.0171185	0.0644538
12004	0.714548	0.050311	0.145505	0.0271169	0.0625191
12005	0.0800742	0.759986	0.0163057	0.136628	0.00700606
12006	0.769418	0.00558056	0.156678	0.00100356	0.0673199
12007	0.768525	0.00655216	0.156496	0.00118453	0.0672418
12008	0.763758	0.00902671	0.155526	0.00486527	0.0668247
12009	0.73649	0.0319027	0.149973	0.0171951	0.064439
12010	7.52342e-14	0.847666	1.53201e-14	0.152334	6.58259e-15
12011	0.746583	0.0305497	0.152028	0.0055174	0.065322
12012	0.731901	0.0465786	0.149038	0.0084449	0.0640374
12013	0.662774	0.122205	0.134962	0.0220707	0.0579891
12014	7.92346e-07	0.649778	1.61347e-07	0.350221	6.9326e-08
12015	0.677244	0.081607	0.137909	0.043985	0.0592552
12016	0.707902	0.0558868	0.144151	0.0301222	0.0619376
12017	0.761232	0.0111453	0.155011	0.00600718	0.0666038
12018	0.528641	0.206277	0.107648	0.11118	0.0462533
12019	0.711037	0.0532568	0.14479	0.0287046	0.0622119
12020	0.701717	0.0796738	0.142892	0.0143203	0.0613965
12021	9.84299e-09	0.649779	2.00435e-09	0.350221	8.61209e-10
12022	0.76265	0.012967	0.1553	0.00235586	0.0667278
12023	0.747639	0.029417	0.152243	0.00528634	0.0654144
12024	0.262563	0.429503	0.0534662	0.231496	0.0229728
12025	0.510062	0.221864	0.103865	0.119581	0.0446277
12026	0.757201	0.0189373	0.15419	0.00342014	0.066251
12027	0.68603	0.0742357	0.139698	0.040012	0.060024
12028	0.466636	0.336066	0.0950221	0.0614474	0.0408282
12029	0.760502	0.0153331	0.154863	0.00276251	0.0665399
12030	0.69105	0.0700248	0.14072	0.0377424	0.0604632
12031	0.345049	0.360301	0.070263	0.194197	0.0301899
12032	0.721097	0.0584587	0.146838	0.0105138	0.0630921
12033	0.0421211	0.801521	0.00857721	0.144095	0.00368537
12034	0.00598526	0.644757	0.00121879	0.347515	0.000523678
12035	0.73007	0.037289	0.148666	0.0200982	0.0638772
12036	0.745032	0.0247368	0.151712	0.0133328	0.0651863
12037	0.587926	0.204146	0.119721	0.0367668	0.0514404
12038	0.6518	0.102953	0.132727	0.0554905	0.057029
12039	0.755256	0.0161591	0.153794	0.00870952	0.0660809
12040	0.737997	0.03997	0.15028	0.00718276	0.0645708
12041	0.710948	0.0533309	0.144772	0.0287446	0.0622042
12042	0.0417701	0.801889	0.00850572	0.14418	0.00365466
12043	0.773556	0.000806434	0.157521	0.000434656	0.067682
12044	0.765657	0.00969253	0.155912	0.00174704	0.0669909
12045	0.772073	0.00205084	0.157219	0.00110537	0.0675522
12046	0.415843	0.392508	0.084679	0.0705855	0.0363841
12047	0.000239759	0.847427	4.88226e-05	0.152264	2.09776e-05
12048	0.773289	0.00134324	0.157467	0.000242114	0.0676587
12049	0.537487	0.257274	0.10945	0.048762	0.0470273
12050	0.754207	0.0221988	0.153581	0.00402473	0.0659891
12051	0.756658	0.01952	0.15408	0.00353906	0.0662035
12052	7.64646e-08	0.649779	1.55706e-08	0.350221	6.69024e-09
12053	6.2515e-09	0.649779	1.273e-09	0.350221	5.46973e-10
12054	1.56261e-05	0.649765	3.18198e-06	0.350214	1.3672e-06
12055	0.758222	0.0165016	0.154398	0.00453783	0.0663404
12056	0.76015	0.0120538	0.154791	0.00649684	0.066509
12057	0.7171	0.0624626	0.146025	0.0116706	0.0627424
12058	0.766618	0.00662677	0.156108	0.00357173	0.067075
12059	0.745824	0.0314023	0.151874	0.00564458	0.0652556
12060	0.73594	0.0421743	0.149861	0.00763409	0.0643908
12061	0.0256521	0.628258	0.0052236	0.338622	0.00224443
12062	0.755129	0.0162658	0.153768	0.00876706	0.0660697
12063	0.555423	0.239522	0.113102	0.0433566	0.0485965
12064	0.709323	0.0546948	0.144441	0.0294797	0.0620619
12065	0.2369	0.451032	0.0482405	0.2431	0.0207275
12066	4.85931e-13	0.649779	9.8951e-14	0.350221	4.25163e-14
12067	0.761758	0.013849	0.155118	0.00262485	0.0666498
12068	0.758678	0.0173257	0.154491	0.00312454	0.0663803
12069	0.0001376	0.846978	2.80197e-05	0.152845	1.20392e-05
12070	0.501837	0.228764	0.10219	0.123301	0.0439081
12071	0.725083	0.0414726	0.14765	0.0223531	0.0634409
12072	0.766845	0.00643634	0.156154	0.0034691	0.0670949
12073	0.764178	0.00867385	0.155611	0.00467508	0.0668615
12074	0.745178	0.0320248	0.151742	0.00585552	0.0651991
12075	0.746617	0.0305299	0.152035	0.00549312	0.065325
12076	5.54651e-10	1.82342e-10	1.12945e-10	1	4.8529e-11
12077	0.737071	0.0408427	0.150091	0.0075049	0.0644898
12078	0.737168	0.0405389	0.150111	0.00768347	0.0644983
12079	6.54599e-07	1.80337e-07	1.33297e-07	0.999999	5.72739e-08
12080	0.766478	0.00879147	0.15608	0.00158777	0.0670628
12081	0.74458	0.025116	0.15162	0.0135372	0.0651467
12082	4.04704e-07	0.84673	8.24107e-08	0.153269	3.54094e-08
12083	0.682208	0.077443	0.138919	0.0417407	0.0596895
12084	8.8626e-12	3.20173e-08	1.80471e-12	1	7.7543e-13
12085	5.54777e-06	0.847683	1.1297e-06	0.15231	4.854e-07
12086	0.603677	0.143326	0.122928	0.0772505	0.0528185
12087	2.49305e-08	0.649779	5.07664e-09	0.350221	2.18128e-09
12088	0.55232	0.243138	0.11247	0.0437469	0.048325
12089	0.533618	0.202101	0.108662	0.10893	0.0466887
12090	0.766282	0.00901169	0.15604	0.00162118	0.0670456
12091	0.0047422	0.6458	0.000965665	0.348077	0.000414917
12092	0.00874088	0.642445	0.00177992	0.346269	0.00076478
12093	0.767647	0.00576398	0.156317	0.0031067	0.067165
12094	0.758014	0.0138456	0.154356	0.0074626	0.0663221
12095	0.694045	0.0675124	0.14133	0.0363882	0.0607252
12096	0.000106163	0.847165	2.16182e-05	0.152698	9.28868e-06
12097	0.688506	0.0941246	0.140202	0.0169266	0.0602406
12098	0.723354	0.042923	0.147298	0.0231349	0.0632896
12099	0.724215	0.0422006	0.147473	0.0227455	0.063365
12100	0.63767	0.114807	0.12985	0.0618795	0.0557928
12101	0.627202	0.123589	0.127718	0.066613	0.0548768
12102	1.16832e-07	0.649778	2.37907e-08	0.350221	1.02222e-08
12103	0.756293	0.0152888	0.154006	0.00824047	0.0661716
12104	1.35529e-06	0.649777	2.7598e-07	0.350221	1.18581e-07
12105	0.729811	0.0452721	0.148613	0.0124495	0.0638546
12106	0.768208	0.00529359	0.156432	0.00285317	0.067214
12107	0.12955	0.705731	0.0263805	0.127003	0.0113349
12108	0.694475	0.087209	0.141417	0.0161355	0.0607629
12109	0.274812	0.546873	0.0559606	0.0983098	0.0240446
12110	0.756415	0.0151872	0.15403	0.00818567	0.0661822
12111	9.81032e-07	0.825458	1.9977e-07	0.174541	8.58351e-08
12112	0.757276	0.0144649	0.154206	0.00779637	0.0662576
12113	0.759474	0.0126206	0.154653	0.0068023	0.0664499
12114	0.765053	0.00794009	0.155789	0.0042796	0.066938
12115	0.76635	0.0089376	0.156053	0.00160727	0.0670515
12116	0.719681	0.0460043	0.14655	0.0247957	0.0629683
12117	0.636514	0.115778	0.129615	0.0624025	0.0556916
12118	0.771479	0.00254864	0.157098	0.00137368	0.0675003
12119	0.761596	0.0108404	0.155085	0.00584284	0.0666356
12120	0.749551	0.0209455	0.152633	0.0112893	0.0655817
12121	3.98184e-05	0.649745	8.10829e-06	0.350203	3.48389e-06
12122	0.754679	0.0166434	0.153677	0.00897056	0.0660304
12123	0.636509	0.115782	0.129614	0.0624047	0.0556911
12124	0.657362	0.0982867	0.13386	0.0529751	0.0575157
12125	0.772132	0.00260541	0.157231	0.000474649	0.0675574
12126	3.05327e-07	0.649778	6.21744e-08	0.350221	2.67145e-08
12127	0.743217	0.0262592	0.151343	0.0141533	0.0650275
12128	0.000430898	0.649417	8.77447e-05	0.350027	3.77013e-05
12129	0.527207	0.20748	0.107356	0.111829	0.0461278
12130	0.761563	0.0108681	0.155079	0.00585775	0.0666327
12131	0.769383	0.00557309	0.156671	0.00105629	0.0673169
12132	1.26562e-06	0.845419	2.57722e-07	0.154579	1.10735e-07
12133	0.746753	0.0232925	0.152063	0.0125543	0.0653369
12134	0.716923	0.0630251	0.145988	0.0113365	0.0627269
12135	0.761573	0.0108593	0.155081	0.00585299	0.0666336
12136	0.688068	0.0946168	0.140113	0.017	0.0602023
12137	0.766457	0.00676226	0.156075	0.00364476	0.0670609
12138	0.0015835	0.64845	0.000322451	0.349505	0.000138548
12139	0.761268	0.0111159	0.155018	0.00599131	0.0666068
12140	0.708374	0.0554906	0.144248	0.0299086	0.0619789
12141	0.614232	0.175263	0.125077	0.0316849	0.053742
12142	0.643054	0.143882	0.130946	0.0258547	0.0562638
12143	0.116772	0.551813	0.0237785	0.29742	0.0102169
12144	0.0495137	0.608239	0.0100826	0.327832	0.00433218
12145	0.0151423	0.637075	0.00308346	0.343374	0.00132487
12146	0.678474	0.0805756	0.138159	0.0434291	0.0593628
12147	0.692597	0.0895581	0.141035	0.0162112	0.0605986
12148	0.769582	0.00414064	0.156712	0.00223174	0.0673343
12149	0.463769	0.260701	0.0944382	0.140514	0.0405773
12150	0.636867	0.115481	0.129687	0.0622427	0.0557225
12151	0.650104	0.136039	0.132382	0.0245938	0.0568806
12152	0.623567	0.126639	0.126978	0.0682568	0.0545588
12153	0.755173	0.0209236	0.153777	0.0040521	0.0660736
12154	0.000142753	0.649659	2.90692e-05	0.350157	1.24902e-05
12155	0.693881	0.0882413	0.141296	0.0158703	0.0607109
12156	0.746709	0.0233294	0.152054	0.0125742	0.0653331
12157	1.91415e-06	0.649777	3.89782e-07	0.350221	1.67478e-07
12158	0.760528	0.0152904	0.154868	0.00277221	0.0665421
12159	0.708772	0.0551566	0.144329	0.0297286	0.0620138
12160	0.560897	0.223917	0.114217	0.0518932	0.0490755
12161	0.724806	0.0417051	0.147594	0.0224785	0.0634167
12162	0.7402	0.0375492	0.150728	0.00675882	0.0647635
12163	0.724922	0.0416078	0.147617	0.022426	0.0634268
12164	0.0533521	0.605019	0.0108642	0.326097	0.00466802
12165	0.773135	0.00115945	0.157435	0.000624925	0.0676452
12166	0.71052	0.0536906	0.144685	0.0289385	0.0621667
12167	0.00335663	0.646963	0.000683518	0.348704	0.000293687
12168	0.732988	0.0348407	0.14926	0.0187786	0.0641325
12169	0.00111668	0.648842	0.000227392	0.349716	9.77036e-05
12170	0.73147	0.0471069	0.148951	0.0084722	0.0639997
12171	0.445724	0.359246	0.0907636	0.0652684	0.0389984
12172	0.731785	0.0467684	0.149015	0.00840384	0.0640273
12173	0.532947	0.202664	0.108525	0.109233	0.04663
12174	0.00155592	0.782743	0.000316836	0.215249	0.000136135
12175	0.769663	0.00531137	0.156728	0.000956581	0.0673414
12176	1.94558e-07	0.649778	3.96182e-08	0.350221	1.70228e-08
12177	0.650502	0.1357	0.132463	0.0244205	0.0569154
12178	0.751584	0.0192395	0.153047	0.0103698	0.0657596
12179	0.76717	0.00616381	0.15622	0.00332221	0.0671233
12180	0.649998	0.133944	0.13236	0.0268255	0.0568714
12181	0.755677	0.0205853	0.15388	0.00373996	0.0661177
12182	0.728353	0.0387297	0.148316	0.0208748	0.063727
12183	0.00481115	0.645742	0.000979705	0.348046	0.00042095
12184	0.724611	0.0536843	0.147554	0.0107515	0.0633996
12185	0.76688	0.00640719	0.156161	0.00345338	0.0670979
12186	0.750165	0.02043	0.152758	0.0110115	0.0656355
12187	0.71348	0.0667518	0.145287	0.0120556	0.0624257
12188	0.487946	0.240418	0.0993615	0.129582	0.0426927
12189	1.21659e-06	2.79006e-05	2.47737e-07	0.999971	1.06445e-07
12190	0.762422	0.0132359	0.155254	0.00238024	0.0667079
12191	0.318426	0.382636	0.0648418	0.206235	0.0278606
12192	0.000357059	0.649479	7.27086e-05	0.35006	3.12407e-05
12193	0.748588	0.0217532	0.152437	0.0117247	0.0654975
12194	0.744342	0.0253154	0.151572	0.0136446	0.065126
12195	0.763856	0.00894422	0.155546	0.0048208	0.0668333
12196	1.77817e-06	0.649777	3.62092e-07	0.350221	1.5558e-07
12197	0.758942	0.0130672	0.154545	0.00704306	0.0664033
12198	0.751091	0.0196535	0.152946	0.010593	0.0657164
12199	5.12415e-08	0.649779	1.04344e-08	0.350221	4.48336e-09
12200	0.768262	0.00524828	0.156443	0.00282875	0.0672188
12201	0.751447	0.025248	0.153019	0.00453929	0.0657476
12202	0.75561	0.015862	0.153866	0.00854939	0.0661119
12203	0.00759015	0.839325	0.0015456	0.150876	0.000664097
12204	0.487815	0.240528	0.0993348	0.129641	0.0426812
12205	0.729519	0.0377516	0.148553	0.0203476	0.063829
12206	0.662878	0.122173	0.134983	0.0219669	0.0579983
12207	0.730514	0.0369165	0.148756	0.0198975	0.0639161
12208	0.769904	0.00504792	0.156777	0.000908251	0.0673625
12209	0.00429065	0.842816	0.000873714	0.151644	0.000375409
12210	3.8948e-05	0.649746	7.93107e-06	0.350204	3.40774e-06
12211	0.766414	0.00679802	0.156067	0.00366404	0.0670572
12212	0.701711	0.0795949	0.142891	0.0144077	0.0613959
12213	2.33608e-06	0.846249	4.757e-07	0.153748	2.04394e-07
12214	0.743025	0.0335635	0.151304	0.00709691	0.0650107
12215	1.62328e-11	0.846252	3.30552e-12	0.153748	1.42028e-12
12216	0.723033	0.0431926	0.147233	0.0232802	0.0632615
12217	0.00217288	0.647956	0.000442467	0.349239	0.000190115
12218	0.747158	0.0296963	0.152145	0.00562843	0.0653723
12219	0.737912	0.0307096	0.150263	0.016552	0.0645634
12220	3.4661e-06	0.649776	7.05809e-07	0.35022	3.03265e-07
12221	7.45465e-07	0.649778	1.518e-07	0.350221	6.52242e-08
12222	0.40837	0.307178	0.0831571	0.165565	0.0357302
12223	0.72363	0.0426918	0.147354	0.0230103	0.0633137
12224	0.767309	0.00788827	0.156249	0.00141908	0.0671354
12225	0.769571	0.00415009	0.156709	0.00223684	0.0673333
12226	3.88614e-05	0.649746	7.91343e-06	0.350204	3.40017e-06
12227	0.754021	0.0171953	0.153543	0.00926802	0.0659728
12228	0.709046	0.054927	0.144384	0.0296049	0.0620377
12229	0.742823	0.0332223	0.151263	0.00769933	0.064993
12230	0.756409	0.0151921	0.154029	0.00818833	0.0661817
12231	0.748164	0.022109	0.15235	0.0119165	0.0654603
12232	0.756215	0.015355	0.15399	0.00827614	0.0661647
12233	0.624609	0.125765	0.12719	0.0677855	0.05465
12234	0.606551	0.183759	0.123513	0.0331071	0.05307
12235	0.758603	0.0174174	0.154476	0.00312962	0.0663737
12236	0.392794	0.320246	0.0799853	0.172608	0.0343673
12237	0.765168	0.0078438	0.155813	0.00422769	0.0669481
12238	0.766857	0.00642664	0.156157	0.00346387	0.0670959
12239	0.771587	0.00245825	0.15712	0.00132496	0.0675098
12240	0.768886	0.00472406	0.15657	0.0025462	0.0672734
12241	0.690125	0.0708008	0.140532	0.0381606	0.0603822
12242	0.764772	0.00817556	0.155732	0.00440651	0.0669135
12243	0.163729	0.512419	0.0333404	0.276187	0.0143254
12244	0.761761	0.0107018	0.155119	0.00576814	0.06665
12245	0.624802	0.125603	0.12723	0.0676985	0.0546668
12246	1.28911e-07	0.649778	2.62504e-08	0.350221	1.1279e-08
12247	0.726341	0.0404171	0.147906	0.0217843	0.063551
12248	0.756557	0.0150678	0.154059	0.00812132	0.0661947
12249	0.757515	0.014264	0.154254	0.00768809	0.0662785
12250	0.56688	0.174197	0.115435	0.0938896	0.0495989
12251	0.699658	0.0805261	0.142473	0.0161272	0.0612163
12252	0.751123	0.0196269	0.152953	0.0105786	0.0657192
12253	0.75169	0.0191509	0.153068	0.010322	0.0657689
12254	0.0806966	0.759371	0.0164324	0.136439	0.00706052
12255	0.723831	0.0425232	0.147395	0.0229194	0.0633313
12256	0.746868	0.0231966	0.152086	0.0125026	0.0653469
12257	0.741112	0.0365518	0.150914	0.00657929	0.0648433
12258	0.756165	0.0153963	0.15398	0.00829837	0.0661604
12259	0.734299	0.0440163	0.149527	0.00791049	0.0642472
12260	0.551351	0.187225	0.112273	0.100912	0.0482402
12261	0.671176	0.111779	0.136673	0.0216474	0.0587243
12262	0.627112	0.160776	0.1277	0.0295428	0.054869
12263	0.728868	0.0499417	0.148421	0.00899782	0.063772
12264	0.407255	0.308114	0.0829301	0.166069	0.0356326
12265	0.609741	0.18031	0.124163	0.0324372	0.0533491
12266	0.459133	0.264591	0.0934941	0.142611	0.0401716
12267	0.767125	0.00620148	0.156211	0.00334251	0.0671194
12268	0.673085	0.0850959	0.137062	0.0458655	0.0588914
12269	0.748891	0.0280413	0.152498	0.00504535	0.065524
12270	0.713382	0.0512891	0.145267	0.0276441	0.0624171
12271	0.741606	0.0276107	0.151015	0.0148818	0.0648866
12272	1.12075e-06	0.649778	2.28221e-07	0.350221	9.80599e-08
12273	0.738578	0.0393036	0.150398	0.00709839	0.0646216
12274	0.708995	0.0549698	0.144374	0.0296279	0.0620333
12275	0.750889	0.0198229	0.152905	0.0106842	0.0656988
12276	0.772702	0.00152278	0.157347	0.000820755	0.0676073
12277	0.742076	0.0272165	0.15111	0.0146693	0.0649277
12278	0.756233	0.0153399	0.153993	0.00826799	0.0661663
12279	0.764317	0.0111536	0.155639	0.0020164	0.0668736
12280	0.768505	0.00504423	0.156492	0.00271877	0.0672401
12281	0.498523	0.301556	0.101515	0.0547873	0.0436181
12282	0.655981	0.0994453	0.133579	0.0535996	0.0573949
12283	0.765477	0.00758417	0.155876	0.00408776	0.0669752
12284	0.704688	0.0764256	0.143497	0.0137324	0.0616565
12285	0.761711	0.0107438	0.155109	0.00579074	0.0666456
12286	0.769911	0.00386467	0.156778	0.002083	0.0673631
12287	0.762098	0.010419	0.155188	0.0056157	0.0666795
12288	0.754877	0.0164773	0.153717	0.00888101	0.0660477
12289	0.74304	0.0264079	0.151307	0.0142335	0.065012
12290	0.773156	0.00148632	0.157439	0.000270775	0.0676471
12291	7.5229e-06	0.649772	1.5319e-06	0.350218	6.58214e-07
12292	0.731017	0.0364947	0.148858	0.0196701	0.0639601
12293	1.78619e-09	0.649779	3.63726e-10	0.350221	1.56282e-10
12294	0.00158178	0.648452	0.000322101	0.349506	0.000138397
12295	0.756593	0.0150373	0.154067	0.00810488	0.0661979
12296	8.07409e-07	0.649778	1.64414e-07	0.350221	7.06439e-08
12297	0.506258	0.293409	0.10309	0.0529482	0.0442949
12298	0.745458	0.0243789	0.151799	0.0131399	0.0652236
12299	0.631266	0.156519	0.128546	0.0284366	0.0552324
12300	0.75486	0.0164913	0.153714	0.0088886	0.0660462
12301	0.233515	0.453872	0.0475512	0.24463	0.0204314
12302	0.748989	0.0279377	0.152518	0.00502288	0.0655325
12303	2.9281e-06	0.844769	5.96254e-07	0.155228	2.56193e-07
12304	1.37953e-07	0.649778	2.80916e-08	0.350221	1.20701e-08
12305	0.729451	0.0378084	0.14854	0.0203782	0.063823
12306	0.719901	0.0458206	0.146595	0.0246966	0.0629874
12307	0.000545554	0.845926	0.000111092	0.15337	4.77331e-05
12308	0.000135528	0.649665	2.75978e-05	0.35016	1.18579e-05
12309	0.742811	0.0346094	0.15126	0.0063281	0.0649919
12310	0.768746	0.00484219	0.156541	0.00260987	0.0672611
12311	0.719082	0.0606156	0.146428	0.0109584	0.0629158
12312	0.721141	0.0447797	0.146847	0.0241356	0.063096
12313	0.437122	0.283056	0.0890121	0.152563	0.0382459
12314	0.767455	0.00592514	0.156278	0.00319357	0.0671482
12315	0.72112	0.0447973	0.146843	0.0241451	0.0630942
12316	0.765688	0.00740704	0.155919	0.00399229	0.0669936
12317	0.713577	0.0511254	0.145307	0.0275559	0.0624342
12318	0.676381	0.0823308	0.137733	0.0443751	0.0591798
12319	0.493911	0.299062	0.100576	0.063236	0.0432146
12320	0.767669	0.00749083	0.156322	0.00135179	0.0671669
12321	0.717038	0.0482219	0.146012	0.0259909	0.062737
12322	0.772243	0.00190816	0.157253	0.00102847	0.0675671
12323	0.656274	0.0992	0.133638	0.0534674	0.0574204
12324	0.76576	0.00734716	0.155933	0.00396002	0.0669999
12325	0.711598	0.067058	0.144904	0.0141793	0.062261
12326	0.749503	0.0273764	0.152623	0.00492071	0.0655775
12327	0.616135	0.132875	0.125465	0.0716176	0.0539085
12328	0.738755	0.0300023	0.150434	0.0161708	0.0646372
12329	0.766695	0.00656226	0.156124	0.00353696	0.0670817
12330	0.478167	0.248622	0.09737	0.134004	0.041837
12331	0.770603	0.00428195	0.156919	0.000772214	0.0674236
12332	0.773002	0.00163034	0.157408	0.000326513	0.0676335
12333	0.7423	0.0270284	0.151156	0.0145679	0.0649473
12334	0.439324	0.366618	0.0894604	0.0661595	0.0384385
12335	0.753381	0.0177325	0.153412	0.00955755	0.0659168
12336	0.751747	0.0249192	0.15308	0.00448049	0.0657738
12337	0.753959	0.0172472	0.15353	0.00929599	0.0659674
12338	0.293266	0.526607	0.0597183	0.0947502	0.0256592
12339	4.44133e-05	0.649741	9.04397e-06	0.350201	3.88593e-06
12340	4.18828e-06	0.649775	8.52869e-07	0.35022	3.66453e-07
12341	0.713962	0.0508024	0.145386	0.0273818	0.0624679
12342	6.29061e-08	0.649779	1.28097e-08	0.350221	5.50395e-09
12343	0.682819	0.098639	0.139044	0.0197547	0.059743
12344	0.759138	0.0129022	0.154585	0.00695409	0.0664205
12345	0.745518	0.0314764	0.151811	0.00596582	0.0652288
12346	0.738504	0.0377489	0.150383	0.00874836	0.0646152
12347	5.7167e-06	0.649774	1.1641e-06	0.350219	5.00181e-07
12348	0.753641	0.0175142	0.153465	0.00943991	0.0659395
12349	0.710225	0.0539382	0.144624	0.0290719	0.0621408
12350	0.000365467	0.649472	7.44209e-05	0.350056	3.19764e-05
12351	0.765112	0.00789035	0.155801	0.00425279	0.0669432
12352	0.768196	0.00530352	0.156429	0.00285852	0.067213
12353	0.731027	0.0364858	0.148861	0.0196653	0.063961
12354	0.759972	0.0122026	0.154755	0.00657701	0.0664935
12355	0.770361	0.00449577	0.15687	0.000870657	0.0674025
12356	0.768155	0.00533803	0.156421	0.00287712	0.0672094
12357	0.00141198	0.648594	0.000287525	0.349583	0.000123541
12358	0.73076	0.03671	0.148806	0.0197862	0.0639376
12359	0.758191	0.0178656	0.154392	0.00321352	0.0663377
12360	0.757827	0.0140025	0.154318	0.00754713	0.0663058
12361	0.497859	0.302453	0.10138	0.0547479	0.04356
12362	0.750791	0.0199052	0.152885	0.0107286	0.0656902
12363	0.752782	0.0182347	0.153291	0.00982824	0.0658644
12364	0.730873	0.0366154	0.148829	0.0197352	0.0639475
12365	8.80033e-08	0.649778	1.79203e-08	0.350221	7.69982e-09
12366	0.589914	0.154872	0.120125	0.083474	0.0516143
12367	0.757735	0.0140792	0.154299	0.0075885	0.0662978
12368	0.72903	0.0381618	0.148454	0.0205687	0.0637862
12369	0.768998	0.00463065	0.156593	0.00249585	0.0672832
12370	1.69529e-09	0.649779	3.45215e-10	0.350221	1.48329e-10
12371	0.651643	0.134478	0.132695	0.0241686	0.0570153
12372	0.746797	0.0232562	0.152072	0.0125348	0.0653407
12373	0.000661319	0.846701	0.000134666	0.152445	5.78619e-05
12374	0.731932	0.0357264	0.149045	0.019256	0.0640402
12375	0.758245	0.0136517	0.154403	0.00735807	0.0663424
12376	0.453565	0.269262	0.0923604	0.145128	0.0396845
12377	0.76098	0.0147498	0.15496	0.00272902	0.0665816
12378	0.706981	0.07376	0.143964	0.0134375	0.0618571
12379	0.441646	0.279262	0.0899332	0.150518	0.0386416
12380	0.740085	0.0376336	0.150705	0.00682312	0.0647535
12381	0.752027	0.0246081	0.153137	0.00442943	0.0657984
12382	3.74464e-07	0.649778	7.62528e-08	0.350221	3.27636e-08
12383	0.765742	0.00736221	0.15593	0.00396813	0.0669983
12384	0.660524	0.095634	0.134504	0.0515454	0.0577923
12385	0.555638	0.183628	0.113146	0.0989728	0.0486154
12386	0.752531	0.0184451	0.153239	0.00994165	0.0658425
12387	0.75509	0.0210869	0.15376	0.00399668	0.0660663
12388	0.750282	0.020332	0.152781	0.0109586	0.0656457
12389	0.7669	0.00833656	0.156165	0.0014983	0.0670997
12390	0.196425	0.484988	0.0399985	0.261402	0.0171862
12391	0.769825	0.00393664	0.156761	0.0021218	0.0673556
12392	0.753406	0.0231053	0.153418	0.00415173	0.065919
12393	0.72551	0.0535767	0.147737	0.00969806	0.0634782
12394	0.759455	0.0164849	0.154649	0.00296235	0.0664483
12395	0.756088	0.0201658	0.153964	0.00362903	0.0661536
12396	0.762462	0.0101137	0.155262	0.00545113	0.0667114
12397	0.638221	0.114345	0.129962	0.0616304	0.055841
12398	2.45244e-06	0.649777	4.99394e-07	0.35022	2.14575e-07
12399	5.14005e-07	0.649778	1.04668e-07	0.350221	4.49727e-08
12400	0.683827	0.076084	0.139249	0.0410082	0.0598312
12401	0.765664	0.00960976	0.155914	0.00182137	0.0669915
12402	0.750104	0.0204816	0.152745	0.0110393	0.0656301
12403	0.759175	0.0167166	0.154592	0.00309291	0.0664237
12404	0.741925	0.0273431	0.15108	0.0147375	0.0649145
12405	0.755612	0.0158607	0.153867	0.00854869	0.066112
12406	0.698076	0.0829701	0.142151	0.0157256	0.0610779
12407	0.09855	0.5671	0.0200679	0.305659	0.0086226
12408	0.768069	0.00705082	0.156403	0.00127468	0.0672019
12409	0.71249	0.0520378	0.145086	0.0280476	0.062339
12410	5.64949e-07	0.649778	1.15042e-07	0.350221	4.943e-08
12411	0.771456	0.00256795	0.157093	0.00138409	0.0674983
12412	0.738074	0.0305737	0.150296	0.0164788	0.0645776
12413	0.713704	0.0510194	0.145333	0.0274987	0.0624453
12414	0.770537	0.00333967	0.156906	0.00180003	0.0674178
12415	2.14286e-08	0.649779	4.36355e-09	0.350221	1.87489e-09
12416	9.4827e-05	0.649699	1.93098e-05	0.350179	8.29685e-06
12417	0.736727	0.0317043	0.150021	0.0170881	0.0644597
12418	0.771822	0.00226162	0.157168	0.00121898	0.0675303
12419	0.733486	0.0448894	0.149361	0.00808757	0.0641761
12420	0.764703	0.00823358	0.155718	0.00443778	0.0669074
12421	0.758115	0.0179037	0.154377	0.00327357	0.066331
12422	0.727896	0.0510223	0.148223	0.00917167	0.063687
12423	0.681398	0.101913	0.138754	0.0183164	0.0596187
12424	0.763077	0.00959807	0.155387	0.00517322	0.0667651
12425	0.564289	0.226142	0.114907	0.0452901	0.0493722
12426	0.731473	0.0361123	0.148951	0.019464	0.0639999
12427	0.366432	0.342361	0.0746174	0.184528	0.0320609
12428	8.96162e-09	3.20173e-08	1.82487e-09	1	7.84094e-10
12429	0.598867	0.147361	0.121948	0.0794257	0.0523976
12430	2.06622e-06	0.649777	4.20749e-07	0.35022	1.80784e-07
12431	0.739545	0.0293396	0.150595	0.0158136	0.0647063
12432	0.761957	0.0105377	0.155159	0.00567965	0.0666671
12433	0.753909	0.0172892	0.15352	0.00931865	0.065963
12434	0.751371	0.0194183	0.153003	0.0104662	0.065741
12435	0.733315	0.04509	0.149326	0.00810724	0.0641612
12436	0.750664	0.0200116	0.152859	0.010786	0.0656791
12437	0.728435	0.0504022	0.148333	0.00909554	0.0637342
12438	0.711904	0.0525295	0.144966	0.0283126	0.0622878
12439	0.67976	0.0794961	0.138421	0.0428473	0.0594754
12440	5.6992e-09	0.649779	1.16054e-09	0.350221	4.9865e-10
12441	3.26523e-19	1.11612e-20	6.64904e-20	1	2.8569e-20
12442	0.633319	0.118458	0.128964	0.0638469	0.0554121
12443	0.759399	0.0165332	0.154638	0.00298597	0.0664434
12444	0.758704	0.0132669	0.154496	0.00715065	0.0663825
12445	0.752881	0.0181514	0.153311	0.00978335	0.0658731
12446	0.765214	0.00780541	0.155822	0.004207	0.0669521
12447	0.0101159	0.641292	0.00205993	0.345647	0.000885091
12448	0.277549	0.41693	0.0565179	0.224719	0.0242841
12449	0.752059	0.0245658	0.153143	0.00443024	0.0658012
12450	0.749169	0.0277422	0.152555	0.00498586	0.0655483
12451	0.445868	0.275719	0.090793	0.148609	0.0390111
12452	0.5253	0.20908	0.106968	0.112691	0.0459609
12453	0.736146	0.0321916	0.149903	0.0173508	0.0644088
12454	0.709507	0.0545406	0.144478	0.0293966	0.062078
12455	0.767491	0.00589463	0.156286	0.00317712	0.0671514
12456	0.770889	0.00304425	0.156978	0.00164081	0.0674486
12457	0.704321	0.0588912	0.143422	0.0317415	0.0616243
12458	0.746155	0.0237948	0.151941	0.0128251	0.0652845
12459	0.686103	0.0967667	0.139712	0.0173878	0.0600303
12460	5.11178e-05	0.846466	1.04092e-05	0.153468	4.47254e-06
12461	0.000119453	0.649678	2.43244e-05	0.350167	1.04515e-05
12462	0.181487	0.497521	0.0369566	0.268157	0.0158792
12463	0.00197915	0.648118	0.000403018	0.349326	0.000173165
12464	0.762671	0.00993871	0.155304	0.00535682	0.0667296
12465	0.748154	0.0221178	0.152348	0.0119212	0.0654594
12466	3.29605e-05	0.649751	6.71181e-06	0.350207	2.88387e-06
12467	0.000120651	0.649677	2.45684e-05	0.350167	1.05563e-05
12468	0.771409	0.00260734	0.157084	0.00140532	0.0674942
12469	0.732419	0.0353179	0.149144	0.0190359	0.0640828
12470	0.00525789	0.645367	0.00107068	0.347844	0.000460038
12471	0.737246	0.0407876	0.150127	0.00733424	0.0645051
12472	0.760468	0.0117868	0.154856	0.00635294	0.0665369
12473	5.21789e-05	0.649735	1.06253e-05	0.350198	4.56538e-06
12474	0.750301	0.0203161	0.152785	0.0109501	0.0656473
12475	0.432642	0.372886	0.0880997	0.0685185	0.0378538
12476	0.447917	0.356699	0.0912103	0.0649828	0.0391904
12477	0.743112	0.0340872	0.151321	0.00646066	0.0650184
12478	0.735126	0.0330468	0.149695	0.0178118	0.0643196
12479	0.570462	0.171192	0.116164	0.09227	0.0499123
12480	5.37343e-08	0.649779	1.0942e-08	0.350221	4.70146e-09
12481	0.762785	0.00984318	0.155327	0.00530534	0.0667396
12482	0.698835	0.0828172	0.142305	0.0148986	0.0611443
12483	2.47409e-11	0.649779	5.03803e-12	0.350221	2.16469e-12
12484	0.415815	0.300932	0.0846732	0.162198	0.0363815
12485	0.653491	0.101534	0.133072	0.0547255	0.057177
12486	0.770253	0.00466732	0.156848	0.000838682	0.067393
12487	0.000764488	0.649137	0.000155674	0.349876	6.68886e-05
12488	0.772154	0.00198248	0.157235	0.00106853	0.0675594
12489	0.728132	0.0389149	0.148271	0.0209746	0.0637077
12490	0.578635	0.164335	0.117829	0.0885743	0.0506274
12491	0.688774	0.0719344	0.140256	0.0387716	0.060264
12492	0.66563	0.0913503	0.135544	0.0492365	0.0582391
12493	0.718054	0.0615185	0.146219	0.0113822	0.0628259
12494	0.765075	0.0103258	0.155794	0.00186488	0.06694
12495	0.60511	0.142124	0.12322	0.0766029	0.0529438
12496	0.704925	0.0583843	0.143545	0.0314683	0.0616772
12497	0.707612	0.0561298	0.144093	0.0302531	0.0619123
12498	4.92256e-05	0.649737	1.00239e-05	0.350199	4.30697e-06
12499	0.735602	0.0425435	0.149792	0.00770092	0.0643613
12500	0.738893	0.0383211	0.150462	0.00767468	0.0646492
12501	0.211183	0.472607	0.0430037	0.254728	0.0184774
12502	2.46985e-09	0.847695	5.0294e-10	0.152305	2.16098e-10
12503	0.645762	0.130385	0.131498	0.035855	0.0565007
12504	0.767223	0.00797701	0.156231	0.00144068	0.0671279
12505	0.763992	0.0115195	0.155573	0.00207048	0.0668452
12506	1.43005e-07	0.649778	2.91203e-08	0.350221	1.25121e-08
12507	0.756338	0.0152519	0.154015	0.00822054	0.0661755
12508	0.592963	0.152314	0.120746	0.0820951	0.0518811
12509	5.58301e-09	0.649779	1.13688e-09	0.350221	4.88484e-10
12510	0.44402	0.27727	0.0904167	0.149444	0.0388494
12511	0.722168	0.0572824	0.147057	0.0103066	0.0631859
12512	0.00401962	0.646406	0.000818524	0.348404	0.000351695
12513	0.724338	0.0420975	0.147498	0.02269	0.0633757
12514	0.744176	0.0254549	0.151538	0.0137198	0.0651114
12515	0.721444	0.0445257	0.146909	0.0239987	0.0631225
12516	0.740427	0.0372992	0.150775	0.00671556	0.0647834
12517	0.754982	0.0163892	0.153738	0.00883356	0.0660569
12518	0.0292599	0.625231	0.00595824	0.336991	0.00256008
12519	0.729216	0.038005	0.148492	0.0204842	0.0638025
12520	0.764649	0.008279	0.155707	0.00446226	0.0669027
12521	0.205006	0.477789	0.0417459	0.257522	0.017937
12522	0.762193	0.0133308	0.155207	0.00258166	0.0666878
12523	0.749045	0.0213696	0.15253	0.0115179	0.0655375
12524	0.753993	0.0172188	0.153537	0.00928069	0.0659704
12525	0.315881	0.501274	0.0643235	0.0908831	0.0276379
12526	0.753024	0.0180318	0.15334	0.0097189	0.0658856
12527	0.0401044	0.616133	0.00816654	0.332087	0.00350892
12528	0.689561	0.071274	0.140417	0.0384157	0.0603329
12529	0.0105681	0.836066	0.002152	0.15029	0.00092465
12530	0.748914	0.0214797	0.152503	0.0115773	0.065526
12531	0.607309	0.183004	0.123668	0.0328828	0.0531363
12532	0.747085	0.030016	0.15213	0.00540285	0.0653659
12533	0.740499	0.0285396	0.150789	0.0153824	0.0647897
12534	0.708129	0.0726434	0.144198	0.0130729	0.0619575
12535	0.14663	0.635832	0.0298586	0.174849	0.0128294
12536	0.692521	0.0687909	0.141019	0.0370773	0.0605918
12537	0.750843	0.0198611	0.152896	0.0107049	0.0656948
12538	1.9199e-08	0.649779	3.90954e-09	0.350221	1.67981e-09
12539	0.745866	0.0240369	0.151882	0.0129556	0.0652593
12540	0.76756	0.00760946	0.1563	0.00137319	0.0671574
12541	0.516457	0.216499	0.105167	0.11669	0.0451872
12542	0.492645	0.308153	0.100318	0.0557796	0.0431038
12543	0.749054	0.0213622	0.152531	0.0115139	0.0655382
12544	0.643697	0.109751	0.131077	0.0591542	0.0563201
12545	0.77201	0.00210356	0.157206	0.00113379	0.0675467
12546	0.748639	0.0217101	0.152447	0.0117014	0.065502
12547	0.713507	0.0511848	0.145293	0.0275879	0.062428
12548	0.754236	0.0170148	0.153587	0.00917076	0.0659916
12549	0.745817	0.0314117	0.151872	0.00564438	0.065255
12550	0.702644	0.0602976	0.143081	0.0324996	0.0614776
12551	0.747654	0.0225366	0.152246	0.0121469	0.0654158
12552	0.727558	0.0393962	0.148154	0.021234	0.0636575
12553	0.659046	0.0968744	0.134203	0.0522139	0.057663
12554	0.684903	0.0978178	0.139468	0.0178853	0.0599254
12555	0.750487	0.0201603	0.152823	0.0108661	0.0656636
12556	0.37814	0.33254	0.0770013	0.179234	0.0330852
12557	0.763801	0.0117277	0.155534	0.00210806	0.0668285
12558	0.758551	0.0133949	0.154465	0.00721965	0.0663692
12559	0.761222	0.0145421	0.155009	0.00262426	0.0666028
12560	0.771896	0.00219935	0.157183	0.00118542	0.0675368
12561	0.762198	0.0103349	0.155208	0.00557037	0.0666883
12562	0.722735	0.0434424	0.147172	0.0234149	0.0632355
12563	0.753456	0.0176695	0.153428	0.00952359	0.0659234
12564	0.000424184	0.649423	8.63774e-05	0.35003	3.71138e-05
12565	0.694007	0.0675442	0.141322	0.0364054	0.0607219
12566	0.431333	0.375504	0.0878332	0.0675904	0.0377393
12567	0.708611	0.0721136	0.144296	0.0129804	0.0619996
12568	0.769045	0.00459063	0.156602	0.00247429	0.0672874
12569	0.000323092	0.649508	6.57919e-05	0.350075	2.82688e-05
12570	0.760487	0.0153235	0.154859	0.00279161	0.0665385
12571	0.000104342	0.847224	2.12473e-05	0.152641	9.12932e-06
12572	0.747457	0.0227024	0.152206	0.0122363	0.0653985
12573	0.406565	0.308692	0.0827896	0.166381	0.0355723
12574	0.764158	0.0104908	0.155607	0.00288491	0.0668597
12575	0.730837	0.0478048	0.148822	0.00859201	0.0639443
12576	0.73662	0.0414748	0.149999	0.0074551	0.0644503
12577	2.74007e-07	0.847458	5.57967e-08	0.152542	2.39742e-08
12578	0.697694	0.0644504	0.142073	0.0347379	0.0610445
12579	0.708594	0.0553057	0.144293	0.029809	0.0619982
12580	0.715281	0.0496964	0.145654	0.0267857	0.0625832
12581	0.752701	0.0183031	0.153274	0.00986511	0.0658573
12582	0.0359547	0.808318	0.00732153	0.14526	0.00314584
12583	0.465652	0.337905	0.0948216	0.0608792	0.040742
12584	0.738987	0.0298082	0.150481	0.0160662	0.0646574
12585	0.664372	0.120525	0.135288	0.0216857	0.058129
12586	0.491094	0.310202	0.100002	0.0557341	0.0429681
12587	0.000103889	0.649691	2.11552e-05	0.350174	9.08975e-06
12588	0.754191	0.0170528	0.153577	0.00919121	0.0659877
12589	0.759062	0.0129666	0.154569	0.00698879	0.0664138
12590	0.580587	0.162697	0.118226	0.0876913	0.0507983
12591	0.757602	0.0185128	0.154272	0.00332693	0.0662861
12592	0.741282	0.0278828	0.150949	0.0150284	0.0648582
12593	0.761963	0.0105321	0.15516	0.00567665	0.0666677
12594	0.76248	0.0131741	0.155265	0.00236712	0.066713
12595	0.494399	0.235004	0.100675	0.126664	0.0432573
12596	0.750932	0.019787	0.152914	0.0106649	0.0657025
12597	0.75822	0.0176894	0.154398	0.00335274	0.0663402
12598	0.274698	0.419322	0.0559372	0.226009	0.0240346
12599	0.755867	0.0156467	0.153919	0.00843336	0.0661343
12600	0.628086	0.122848	0.127898	0.0662134	0.0549542
12601	0.61322	0.163339	0.124871	0.044917	0.0536534
12602	0.000252062	0.649567	5.13279e-05	0.350107	2.20541e-05
12603	1.7805e-07	0.649778	3.62568e-08	0.350221	1.55785e-08
12604	0.68707	0.0733639	0.139909	0.0395421	0.0601149
12605	0.759567	0.0162888	0.154672	0.00301376	0.0664581
12606	0.632916	0.118796	0.128882	0.0640291	0.0553768
12607	0.768133	0.00686735	0.156417	0.00137535	0.0672075
12608	0.772469	0.00171881	0.157299	0.000926416	0.0675869
12609	0.769613	0.00411418	0.156718	0.00221749	0.0673371
12610	0.754975	0.0163952	0.153737	0.00883681	0.0660562
12611	0.740773	0.0283095	0.150845	0.0152584	0.0648137
12612	0.669453	0.114988	0.136322	0.0206635	0.0585735
12613	0.770892	0.00304176	0.156978	0.00163946	0.0674489
12614	0.582096	0.210565	0.118533	0.0378748	0.0509303
12615	0.716982	0.0482695	0.146	0.0260166	0.062732
12616	0.546858	0.190994	0.111358	0.102943	0.0478472
12617	0.772798	0.00188009	0.157366	0.000339552	0.0676157
12618	0.181077	0.497865	0.036873	0.268342	0.0158432
12619	0.767251	0.00609621	0.156237	0.00328577	0.0671303
12620	0.00136827	0.648631	0.000278623	0.349603	0.000119716
12621	0.683968	0.0990878	0.139278	0.0178231	0.0598435
12622	0.000752478	0.846801	0.000153229	0.152227	6.58378e-05
12623	7.93105e-05	0.649712	1.61502e-05	0.350186	6.93924e-06
12624	0.759205	0.0166202	0.154598	0.00315008	0.0664264
12625	0.000369848	0.649468	7.53129e-05	0.350054	3.23597e-05
12626	0.732093	0.0355921	0.149077	0.0191836	0.0640542
12627	0.757358	0.0187777	0.154222	0.00337718	0.0662648
12628	0.757181	0.0145445	0.154186	0.00783926	0.0662493
12629	0.721947	0.0441041	0.147011	0.0237715	0.0631665
12630	0.748802	0.0281438	0.15248	0.00505805	0.0655162
12631	0.586137	0.158041	0.119356	0.0851819	0.0512838
12632	0.596622	0.149245	0.121491	0.0804408	0.0522012
12633	0.727817	0.0391788	0.148207	0.0211168	0.0636801
12634	0.765343	0.00769713	0.155848	0.00414865	0.0669634
12635	0.387697	0.423347	0.0789476	0.0760865	0.0339214
12636	0.000203219	0.649608	4.1382e-05	0.35013	1.77806e-05
12637	0.764734	0.00820796	0.155724	0.00442397	0.0669101
12638	0.571221	0.222433	0.116319	0.0400481	0.0499788
12639	0.756678	0.0149666	0.154084	0.00806678	0.0662052
12640	0.635707	0.150145	0.12945	0.0290773	0.0556209
12641	0.0345364	0.620804	0.00703271	0.334605	0.00302175
12642	0.74309	0.0263661	0.151317	0.0142109	0.0650164
12643	0.686656	0.0961276	0.139825	0.0173126	0.0600787
12644	0.178478	0.651918	0.0363439	0.117644	0.0156159
12645	0.748047	0.0277467	0.152326	0.00643034	0.0654501
12646	2.09677e-05	0.649761	4.2697e-06	0.350212	1.83456e-06
12647	4.31714e-07	0.649778	8.79108e-08	0.350221	3.77727e-08
12648	1.38314e-06	0.649777	2.81652e-07	0.350221	1.21018e-07
12649	0.745057	0.0247156	0.151717	0.0133213	0.0651885
12650	0.653341	0.101661	0.133041	0.0547936	0.0571638
12651	0.764132	0.0113664	0.155602	0.00204283	0.0668574
12652	0.74391	0.0334952	0.151484	0.00602247	0.0650882
12653	0.739963	0.028989	0.15068	0.0156246	0.0647428
12654	0.595925	0.149829	0.121349	0.0807559	0.0521403
12655	0.747028	0.023062	0.152119	0.0124301	0.065361
12656	0.753518	0.0229438	0.15344	0.00416847	0.0659288
12657	0.769934	0.00384541	0.156783	0.00207262	0.0673651
12658	0.669613	0.0880089	0.136355	0.0474356	0.0585876
12659	0.745853	0.0240478	0.15188	0.0129614	0.0652582
12660	0.687659	0.0728695	0.140029	0.0392756	0.0601665
12661	0.673238	0.0849677	0.137093	0.0457964	0.0589047
12662	0.751931	0.0247151	0.153117	0.00444689	0.0657899
12663	7.61954e-06	0.649772	1.55158e-06	0.350218	6.66669e-07
12664	0.609364	0.138555	0.124086	0.0746792	0.0533161
12665	0.659451	0.0965348	0.134285	0.0520309	0.0576984
12666	0.750134	0.0246921	0.152751	0.00679015	0.0656327
12667	0.720527	0.0452949	0.146722	0.0244133	0.0630423
12668	0.594819	0.150758	0.121124	0.0812562	0.0520434
12669	0.0680722	0.59267	0.0138617	0.319441	0.00595595
12670	0.765559	0.00751575	0.155892	0.00405088	0.0669823
12671	0.75942	0.016514	0.154642	0.00297817	0.0664452
12672	0.174345	0.656824	0.0355022	0.118075	0.0152542
12673	0.764095	0.0114065	0.155594	0.00205062	0.0668542
12674	0.743458	0.0337879	0.151392	0.00631298	0.0650486
12675	0.0885984	0.575449	0.0180415	0.310159	0.00775189
12676	0.751967	0.0189187	0.153125	0.0101969	0.0657931
12677	6.03102e-06	0.649774	1.22811e-06	0.350219	5.27682e-07
12678	0.66454	0.0922654	0.135322	0.0497297	0.0581437
12679	0.0128343	0.832988	0.00261348	0.150441	0.00112293
12680	0.153458	0.521035	0.031249	0.280831	0.0134268
12681	0.771762	0.00231144	0.157156	0.00124583	0.0675251
12682	0.713559	0.0511406	0.145304	0.0275641	0.0624326
12683	0.754868	0.0164849	0.153715	0.00888514	0.0660469
12684	0.649838	0.104599	0.132328	0.0563775	0.0568574
12685	0.766084	0.00707515	0.155999	0.00381341	0.0670282
12686	0.118505	0.550359	0.0241314	0.296636	0.0103685
12687	0.754594	0.0167143	0.15366	0.00900877	0.066023
12688	0.752917	0.0181216	0.153318	0.0097673	0.0658762
12689	1.41082e-07	0.840666	2.87289e-08	0.159334	1.23439e-08
12690	4.00066e-24	6.46976e-18	8.14662e-25	1	3.50036e-25
12691	0.75667	0.0195109	0.154082	0.00353173	0.0662046
12692	0.676635	0.0821183	0.137785	0.0442606	0.0592019
12693	0.738916	0.0389287	0.150467	0.00703771	0.0646512
12694	0.71431	0.050511	0.145456	0.0272247	0.0624983
12695	0.762448	0.0101254	0.155259	0.00545742	0.0667101
12696	0.000537465	0.649328	0.000109445	0.349978	4.70253e-05
12697	5.07323e-22	7.75158e-24	1.03307e-22	1	4.43881e-23
12698	0.558411	0.181302	0.11371	0.0977192	0.0488579
12699	0.00349029	0.843606	0.000710736	0.151888	0.000305382
12700	0.0114525	0.640171	0.00233209	0.345043	0.00100203
12701	0.708346	0.0723744	0.144242	0.0130606	0.0619765
12702	0.729735	0.0484386	0.148597	0.00938071	0.0638479
12703	0.717116	0.0481563	0.146028	0.0259555	0.0627439
12704	0.00711251	0.643812	0.00144833	0.347005	0.000622306
12705	3.36023e-12	0.649779	6.8425e-13	0.350221	2.94002e-13
12706	0.540474	0.196349	0.110058	0.10583	0.0472886
12707	0.0088563	0.642349	0.00180343	0.346217	0.000774879
12708	0.724411	0.0420362	0.147513	0.0226569	0.0633821
12709	3.1943e-06	0.649776	6.50462e-07	0.35022	2.79484e-07
12710	0.727596	0.0393643	0.148162	0.0212168	0.0636608
12711	4.55308e-07	0.649778	9.27152e-08	0.350221	3.9837e-08
12712	0.756555	0.0196437	0.154059	0.00354773	0.0661945
12713	0.771116	0.0028534	0.157024	0.00153794	0.0674685
12714	0.73484	0.0332871	0.149637	0.0179413	0.0642946
12715	0.731865	0.0466561	0.149031	0.00841403	0.0640342
12716	0.74397	0.0256272	0.151496	0.0138127	0.0650934
12717	0.709038	0.0716537	0.144383	0.0128885	0.062037
12718	0.000283844	0.64954	5.77998e-05	0.350093	2.48348e-05
12719	0.577862	0.211541	0.117671	0.0423661	0.0505598
12720	0.766856	0.00642723	0.156157	0.00346418	0.0670958
12721	0.671492	0.086433	0.136737	0.0465861	0.0587519
12722	0.517716	0.215443	0.105423	0.116121	0.0452973
12723	0.74218	0.0271289	0.151132	0.0146221	0.0649368
12724	0.00106575	0.648884	0.000217021	0.34974	9.32477e-05
12725	0.762079	0.0104351	0.155184	0.0056244	0.0666778
12726	0.734336	0.03371	0.149534	0.0181692	0.0642505
12727	3.18452e-08	0.84759	6.48471e-09	0.15241	2.78629e-09
12728	0.736129	0.0419916	0.149899	0.00757283	0.0644073
12729	0.0191254	0.826742	0.00389455	0.148564	0.00167337
12730	0.767887	0.00556278	0.156366	0.00299826	0.067186
12731	0.768894	0.00471748	0.156571	0.00254266	0.0672741
12732	0.744362	0.0252986	0.151576	0.0136356	0.0651277
12733	0.758472	0.0134612	0.154449	0.00725541	0.0663622
12734	0.565224	0.22905	0.115098	0.0411737	0.0494541
12735	0.714142	0.0506515	0.145422	0.0273004	0.0624836
12736	0.667729	0.116679	0.135971	0.0211985	0.0584227
12737	0.765517	0.00755109	0.155884	0.00406993	0.0669786
12738	0.76392	0.0115958	0.155559	0.00208678	0.0668389
12739	0.729115	0.0459764	0.148471	0.0126432	0.0637937
12740	0.741785	0.0274607	0.151051	0.0148009	0.0649022
12741	0.746114	0.0310841	0.151933	0.00558763	0.065281
12742	0.759607	0.012509	0.15468	0.00674217	0.0664615
12743	0.737377	0.0311585	0.150154	0.016794	0.0645166
12744	0.0739366	0.58775	0.0150559	0.316789	0.00646906
12745	0.717337	0.0625735	0.146073	0.0112539	0.0627631
12746	0.773938	0.000634133	0.157598	0.000114435	0.0677154
12747	0.000156153	0.649648	3.17977e-05	0.350151	1.36625e-05
12748	0.755778	0.0157212	0.153901	0.00847351	0.0661265
12749	0.69839	0.0638664	0.142215	0.0344231	0.0611054
12750	0.719107	0.0464864	0.146433	0.0250555	0.062918
12751	0.000149166	0.649653	3.0375e-05	0.350154	1.30512e-05
12752	0.290528	0.406041	0.0591608	0.218851	0.0254196
12753	0.72978	0.0375322	0.148607	0.0202293	0.0638518
12754	0.480481	0.246681	0.0978413	0.132958	0.0420395
12755	0.37039	0.339041	0.0754233	0.182738	0.0324071
12756	0.767238	0.00610659	0.156234	0.00329137	0.0671293
12757	0.690459	0.091999	0.1406	0.0165308	0.0604115
12758	0.553303	0.185587	0.11267	0.100029	0.048411
12759	0.749976	0.026849	0.152719	0.00483729	0.0656189
12760	0.0139929	0.638039	0.0028494	0.343894	0.0012243
12761	0.76899	0.0046369	0.156591	0.00249922	0.0672825
12762	0.694167	0.0674094	0.141355	0.0363327	0.0607359
12763	0.748781	0.0215916	0.152476	0.0116376	0.0655143
12764	0.578764	0.164226	0.117855	0.0885156	0.0506388
12765	0.708493	0.0720683	0.144272	0.0131772	0.0619894
12766	0.613201	0.135336	0.124867	0.072944	0.0536518
12767	0.749949	0.0206112	0.152714	0.0111091	0.0656166
12768	0.345079	0.360276	0.0702691	0.194184	0.0301925
12769	0.74538	0.0244449	0.151783	0.0131754	0.0652167
12770	0.760771	0.0115324	0.154917	0.0062158	0.0665634
12771	0.290215	0.406303	0.0590972	0.218992	0.0253923
12772	0.757871	0.0139658	0.154327	0.00752735	0.0663096
12773	0.739762	0.0379746	0.150639	0.00689929	0.0647252
12774	0.774412	8.83654e-05	0.157695	4.76277e-05	0.0677569
12775	1.68374e-16	1.11493e-12	3.42864e-17	1	1.47319e-17
12776	0.592072	0.198995	0.120565	0.0365656	0.0518031
12777	0.711544	0.0528313	0.144893	0.0284753	0.0622563
12778	0.763123	0.00955898	0.155396	0.00515215	0.0667692
12779	0.417069	0.391198	0.0849286	0.0703128	0.0364913
12780	0.473344	0.326895	0.0963881	0.0619575	0.0414151
12781	0.729993	0.0373537	0.14865	0.0201331	0.0638705
12782	1.76942e-05	0.649764	3.60311e-06	0.350213	1.54815e-06
12783	0.500966	0.229495	0.102013	0.123694	0.0438319
12784	0.760984	0.0146387	0.154961	0.00283495	0.066582
12785	0.00675709	0.64411	0.00137596	0.347166	0.000591209
12786	0.372112	0.43949	0.075774	0.0800656	0.0325578
12787	0.00508561	0.645512	0.00103559	0.347922	0.000444964
12788	0.680068	0.0792383	0.138484	0.0427083	0.0595023
12789	0.740241	0.0287563	0.150737	0.0154992	0.0647671
12790	0.739255	0.0385281	0.150536	0.00699985	0.0646809
12791	0.0733744	0.588221	0.0149414	0.317043	0.00641987
12792	0.000121054	0.649677	2.46505e-05	0.350167	1.05916e-05
12793	0.76704	0.00815513	0.156194	0.00149852	0.0671119
12794	0.762172	0.0103571	0.155203	0.00558234	0.066686
12795	0.00319861	0.647095	0.000651339	0.348775	0.000279861
12796	0.489985	0.238707	0.0997766	0.12866	0.0428711
12797	0.598442	0.192709	0.121862	0.0346269	0.0523604
12798	0.764638	0.00828831	0.155705	0.00446728	0.0669017
12799	0.765702	0.00964536	0.155921	0.00173616	0.0669948
12800	3.64352e-14	0.846894	7.41938e-15	0.153106	3.18789e-15
12801	0.764505	0.00839986	0.155678	0.0045274	0.0668901
12802	0.756257	0.0199847	0.153998	0.00359126	0.0661685
12803	0.751296	0.0194816	0.152988	0.0105003	0.0657344
12804	2.09704e-11	0.847128	4.27024e-12	0.152872	1.8348e-12
12805	0.0071094	0.643814	0.0014477	0.347007	0.000622034
12806	2.79153e-32	4.33995e-31	5.68444e-33	1	2.44244e-33
12807	0.0005712	0.844149	0.000116315	0.155114	4.99769e-05
12808	0.750687	0.0260377	0.152864	0.00473057	0.0656811
12809	0.66446	0.120376	0.135305	0.0217229	0.0581367
12810	0.698524	0.0637539	0.142242	0.0343625	0.0611172
12811	0.764026	0.0114821	0.15558	0.002064	0.0668482
12812	0.756982	0.0147108	0.154146	0.00792893	0.0662319
12813	0.00544147	0.645213	0.00110806	0.347761	0.000476099
12814	0.768452	0.00663328	0.156481	0.001198	0.0672354
12815	0.764703	0.00823369	0.155718	0.00443784	0.0669074
12816	0.309501	0.390124	0.0630243	0.210271	0.0270797
12817	0.749806	0.0207312	0.152685	0.0111738	0.065604
12818	0.74358	0.0259552	0.151417	0.0139895	0.0650592
12819	0.751558	0.0192621	0.153041	0.010382	0.0657573
12820	0.675594	0.108249	0.137573	0.0194736	0.0591109
12821	0.0408249	0.615529	0.00831325	0.331761	0.00357196
12822	0.727832	0.0391668	0.14821	0.0211103	0.0636814
12823	0.316473	0.384275	0.064444	0.207119	0.0276897
12824	0.764134	0.00871082	0.155602	0.00469501	0.0668577
12825	0.764694	0.0107509	0.155716	0.0019324	0.0669066
12826	1.09426e-08	0.649779	2.22827e-09	0.350221	9.57421e-10
12827	0.763053	0.00961799	0.155382	0.00518396	0.0667631
12828	0.617351	0.131854	0.125712	0.0710676	0.0540149
12829	0.711413	0.0529415	0.144866	0.0285347	0.0622448
12830	0.762212	0.0134626	0.155211	0.00242552	0.0666894
12831	0.752426	0.0185333	0.153218	0.00998919	0.0658333
12832	0.752954	0.0180903	0.153326	0.00975041	0.0658795
12833	0.756865	0.0148096	0.154122	0.00798219	0.0662216
12834	0.757004	0.0146929	0.15415	0.00791929	0.0662338
12835	0.0426544	0.613994	0.00868581	0.330934	0.00373204
12836	0.717438	0.0478863	0.146093	0.02581	0.062772
12837	0.751688	0.0191525	0.153068	0.0103229	0.0657687
12838	0.000206595	0.846296	4.20693e-05	0.153437	1.80759e-05
12839	0.625715	0.160066	0.127416	0.032057	0.0547467
12840	0.73913	0.0387004	0.150511	0.00698944	0.0646699
12841	0.761712	0.0107431	0.155109	0.00579039	0.0666457
12842	0.765428	0.00994687	0.155866	0.00178876	0.0669708
12843	0.732005	0.0356658	0.14906	0.0192233	0.0640465
12844	0.280197	0.414708	0.0570571	0.223522	0.0245158
12845	0.773424	0.000916916	0.157494	0.000494205	0.0676705
12846	8.79967e-06	0.649771	1.7919e-06	0.350217	7.69924e-07
12847	0.709858	0.054246	0.14455	0.0292378	0.0621087
12848	0.000896847	0.846697	0.000182627	0.152145	7.84693e-05
12849	0.723483	0.0428152	0.147324	0.0230768	0.0633009
12850	0.693108	0.0889495	0.141139	0.0161605	0.0606432
12851	0.640577	0.146202	0.130442	0.026732	0.0560471
12852	0.638304	0.114276	0.129979	0.0615931	0.0558482
12853	0.76784	0.00560229	0.156357	0.00301955	0.0671819
12854	0.71709	0.0612047	0.146022	0.0129416	0.0627415
12855	1.04964e-05	0.64977	2.1374e-06	0.350217	9.18379e-07
12856	0.00522654	0.645394	0.00106429	0.347858	0.000457294
12857	2.42776e-05	0.649758	4.9437e-06	0.35021	2.12416e-06
12858	0.0031555	0.647131	0.00064256	0.348795	0.000276089
12859	0.00190116	0.648184	0.000387137	0.349362	0.000166341
12860	0.000290107	0.649535	5.9075e-05	0.35009	2.53828e-05
12861	0.748825	0.0215547	0.152485	0.0116177	0.0655182
12862	0.760334	0.0118993	0.154828	0.00641355	0.0665251
12863	0.639589	0.113198	0.130241	0.0610119	0.0559606
12864	0.748504	0.0284663	0.152419	0.00511969	0.0654901
12865	0.540983	0.195923	0.110162	0.105599	0.0473331
12866	0.763784	0.00900434	0.155531	0.00485321	0.0668271
12867	0.747582	0.0225973	0.152232	0.0121796	0.0654094
12868	0.346853	0.358788	0.0706303	0.193381	0.0303478
12869	0.725923	0.040768	0.147821	0.0219734	0.0635144
12870	0.76213	0.013535	0.155194	0.00245906	0.0666823
12871	0.510254	0.288455	0.103904	0.0527421	0.0446445
12872	0.00472888	0.645811	0.000962952	0.348083	0.000413752
12873	1.50672e-07	0.847024	3.06816e-08	0.152976	1.3183e-08
12874	0.770611	0.00409485	0.156921	0.000948989	0.0674243
12875	0.769121	0.0059055	0.156618	0.0010613	0.067294
12876	0.404055	0.310798	0.0822786	0.167516	0.0353527
12877	0.641019	0.111998	0.130532	0.0603652	0.0560858
12878	0.598991	0.192017	0.121974	0.0346102	0.0524085
12879	0.766172	0.00912129	0.156017	0.00165373	0.0670359
12880	0.734298	0.044012	0.149527	0.00791654	0.0642471
12881	0.700951	0.0744977	0.142736	0.0204863	0.0613294
12882	0.763825	0.0117026	0.155539	0.00210285	0.0668306
12883	0.728602	0.0385203	0.148367	0.0207619	0.0637488
12884	0.765943	0.0071931	0.155971	0.00387698	0.0670159
12885	0.766445	0.00677246	0.156073	0.00365026	0.0670598
12886	1.52022e-06	0.649777	3.09565e-07	0.350221	1.33011e-07
12887	0.000313916	0.649515	6.39233e-05	0.350079	2.7466e-05
12888	1.39511e-11	1.12534e-05	2.84089e-12	0.999989	1.22065e-12
12889	0.761584	0.0108505	0.155083	0.00584827	0.0666345
12890	0.646312	0.140288	0.13161	0.0252414	0.0565489
12891	0.0256348	0.784981	0.00522006	0.181921	0.00224291
12892	0.689961	0.0709386	0.140498	0.0382349	0.0603679
12893	0.702917	0.0778916	0.143136	0.0145534	0.0615015
12894	0.13097	0.539902	0.0266697	0.290999	0.0114592
12895	0.666654	0.117962	0.135752	0.0213043	0.0583286
12896	0.702342	0.0605514	0.143019	0.0326363	0.0614512
12897	9.62116e-06	0.847202	1.95918e-06	0.152786	8.418e-07
12898	0.699631	0.0819507	0.142467	0.0147373	0.0612139
12899	0.574798	0.167554	0.117047	0.090309	0.0502918
12900	2.24603e-07	0.649778	4.57364e-08	0.350221	1.96516e-08
12901	0.753846	0.0173419	0.153507	0.00934702	0.0659575
12902	0.700022	0.0624974	0.142547	0.0336852	0.0612482
12903	0.763661	0.0118814	0.155506	0.00213504	0.0668163
12904	0.455078	0.349602	0.0926685	0.0628344	0.0398169
12905	0.657766	0.0979482	0.133942	0.0527927	0.057551
12906	0.560906	0.179209	0.114218	0.0965909	0.0490763
12907	0.736004	0.0323109	0.149874	0.0174151	0.0643964
12908	0.756095	0.0201615	0.153965	0.00362389	0.0661543
12909	0.760931	0.0148664	0.15495	0.00267593	0.0665773
12910	0.76704	0.00627349	0.156194	0.00338132	0.0671119
12911	0.225107	0.601293	0.0458391	0.108065	0.0196957
12912	0.298199	0.521221	0.0607228	0.0937662	0.0260908
12913	0.720369	0.0454274	0.14669	0.0244847	0.0630284
12914	0.762572	0.0130742	0.155284	0.00234909	0.0667209
12915	4.77319e-05	0.649739	9.71975e-06	0.3502	4.17629e-06
12916	0.754807	0.0165358	0.153703	0.00891259	0.0660416
12917	0.734454	0.0336109	0.149558	0.0181158	0.0642608
12918	0.591311	0.200239	0.12041	0.0363041	0.0517365
12919	0.754263	0.0169924	0.153592	0.00915865	0.065994
12920	0.745853	0.0240482	0.151879	0.0129616	0.0652581
12921	0.702132	0.060727	0.142977	0.032731	0.0614328
12922	0.753816	0.0223911	0.153501	0.0043363	0.0659549
12923	5.29584e-06	0.649774	1.0784e-06	0.350219	4.63358e-07
12924	0.0101652	0.64125	0.00206997	0.345625	0.000889403
12925	1.33773e-08	3.85367e-10	2.72404e-09	1	1.17044e-09
12926	0.746274	0.0236949	0.151965	0.0127712	0.065295
12927	2.03878e-06	0.649777	4.15162e-07	0.350221	1.78383e-07
12928	0.737097	0.0313939	0.150096	0.0169209	0.064492
12929	0.742392	0.0269512	0.151175	0.0145263	0.0649554
12930	0.766796	0.00838038	0.156144	0.00158836	0.0670906
12931	0.405545	0.403564	0.0825819	0.0728267	0.035483
12932	0.748576	0.0217635	0.152434	0.0117302	0.0654964
12933	1.69916e-06	0.649777	3.46003e-07	0.350221	1.48667e-07
12934	0.639901	0.112936	0.130304	0.0608707	0.0559879
12935	1.07343e-35	3.13319e-29	2.18585e-36	1	9.39193e-37
12936	0.655724	0.0996613	0.133526	0.053716	0.0573723
12937	0.221015	0.464358	0.0450058	0.250283	0.0193377
12938	0.139255	0.532951	0.0283569	0.287253	0.0121841
12939	0.705434	0.0754497	0.143649	0.0137453	0.0617217
12940	0.679429	0.103928	0.138354	0.0188426	0.0594464
12941	0.684556	0.0754727	0.139398	0.0406787	0.059895
12942	0.772828	0.00141726	0.157373	0.000763882	0.0676183
12943	0.765584	0.00977694	0.155898	0.00175667	0.0669845
12944	7.54852e-09	0.784318	1.53712e-09	0.215682	6.60455e-10
12945	0.191784	0.637789	0.0390533	0.114593	0.0167801
12946	0.767912	0.00554172	0.156371	0.00298691	0.0671882
12947	0.396673	0.316991	0.0807753	0.170854	0.0347067
12948	0.50695	0.224474	0.103231	0.120989	0.0443554
12949	2.72716e-08	0.846894	5.55338e-09	0.153106	2.38612e-09
12950	0.755034	0.0213236	0.153749	0.00383134	0.0660615
12951	0.000175593	0.649631	3.57563e-05	0.350142	1.53634e-05
12952	0.772977	0.00129234	0.157403	0.000696552	0.0676313
12953	4.23401e-06	0.649775	8.6218e-07	0.35022	3.70453e-07
12954	0.635409	0.116705	0.12939	0.0629022	0.0555949
12955	0.759755	0.0123848	0.15471	0.00667522	0.0664745
12956	0.760643	0.0150595	0.154891	0.00285427	0.0665522
12957	6.55517e-05	0.649724	1.33484e-05	0.350192	5.73542e-06
12958	0.536841	0.199397	0.109318	0.107472	0.0469708
12959	0.75681	0.0148555	0.154111	0.00800688	0.0662168
12960	0.725275	0.0537497	0.147689	0.00982777	0.0634577
12961	1.94502e-06	0.649777	3.96069e-07	0.350221	1.70179e-07
12962	0.766026	0.00712386	0.155987	0.00383966	0.0670232
12963	0.764767	0.00817997	0.155731	0.00440889	0.066913
12964	0.753204	0.0233091	0.153376	0.00420971	0.0659013
12965	3.39454e-05	0.64975	6.91237e-06	0.350206	2.97004e-06
12966	9.05117e-07	0.784317	1.84311e-07	0.215682	7.91929e-08
12967	0.687954	0.0726216	0.14009	0.039142	0.0601923
12968	0.680555	0.0788294	0.138583	0.0424879	0.0595449
12969	0.65478	0.131002	0.133334	0.0235936	0.0572897
12970	0.764053	0.0114291	0.155586	0.00208212	0.0668505
12971	0.75002	0.0205522	0.152728	0.0110774	0.0656227
12972	0.771537	0.00326008	0.15711	0.000587928	0.0675054
12973	0.29175	0.405016	0.0594097	0.218298	0.0255266
12974	0.767275	0.00792165	0.156242	0.00142953	0.0671324
12975	0.766075	0.00708269	0.155997	0.00381747	0.0670275
12976	0.702328	0.0786526	0.143017	0.0145524	0.06145
12977	0.700953	0.0617168	0.142736	0.0332645	0.0613296
12978	0.364789	0.34374	0.0742828	0.185271	0.0319171
12979	0.768668	0.00490716	0.156525	0.00264489	0.0672544
12980	0.684489	0.0755287	0.139384	0.0407089	0.0598892
12981	0.770205	0.00361784	0.156838	0.00194997	0.0673888
12982	0.697792	0.0643688	0.142093	0.0346939	0.061053
12983	0.769247	0.0044218	0.156643	0.00238329	0.067305
12984	0.681447	0.0780812	0.138764	0.0420847	0.0596229
12985	0.768058	0.00541937	0.156401	0.00292096	0.0672009
12986	0.478953	0.247963	0.0975302	0.133648	0.0419058
12987	0.701721	0.0796736	0.142893	0.0143163	0.0613968
12988	0.755637	0.0158396	0.153872	0.00853731	0.0661142
12989	0.264274	0.428067	0.0538147	0.230722	0.0231226
12990	4.31397e-08	0.649779	8.78463e-09	0.350221	3.77449e-09
12991	0.536988	0.199274	0.109348	0.107406	0.0469836
12992	0.765071	0.00792479	0.155793	0.00427135	0.0669396
12993	0.760698	0.011594	0.154902	0.00624899	0.066557
12994	0.572714	0.220848	0.116623	0.0397059	0.0501094
12995	0.769214	0.00444958	0.156637	0.00239826	0.0673021
12996	0.694967	0.086766	0.141518	0.0159434	0.0608059
12997	0.737444	0.0311027	0.150167	0.0167639	0.0645224
12998	4.69833e-06	0.847506	9.56731e-07	0.152488	4.11079e-07
12999	0.264014	0.428285	0.0537617	0.230839	0.0230998
13000	0.767053	0.00816268	0.156197	0.00147421	0.0671131
13001	0.772823	0.00185148	0.157371	0.000336381	0.0676179
13002	0.000889483	0.649032	0.000181127	0.349819	7.7825e-05
13003	0.741489	0.0361477	0.150991	0.00649597	0.0648763
13004	0.00113413	0.648827	0.000230945	0.349709	9.92302e-05
13005	0.756951	0.0177887	0.154139	0.00489178	0.0662292
13006	0.694912	0.0667845	0.141506	0.0359959	0.0608011
13007	0.737511	0.0310465	0.150181	0.0167336	0.0645283
13008	0.76808	0.00704433	0.156406	0.00126658	0.0672029
13009	0.717376	0.0620215	0.146081	0.0117551	0.0627666
13010	0.738682	0.030064	0.150419	0.0162041	0.0646307
13011	0.722937	0.0432729	0.147213	0.0233235	0.0632531
13012	0.311583	0.388377	0.0634483	0.20933	0.0272619
13013	0.771276	0.00271959	0.157056	0.00146582	0.0674825
13014	0.592561	0.152651	0.120664	0.0822769	0.051846
13015	0.742011	0.0272708	0.151097	0.0146986	0.064922
13016	0.500693	0.229724	0.101957	0.123818	0.043808
13017	0.759378	0.0127009	0.154634	0.00684559	0.0664415
13018	0.692785	0.0685687	0.141073	0.0369576	0.060615
13019	0.769328	0.00435339	0.15666	0.00234642	0.0673121
13020	0.739457	0.029414	0.150577	0.0158537	0.0646985
13021	0.760657	0.0116282	0.154894	0.00626746	0.0665534
13022	0.764235	0.0112429	0.155623	0.00203255	0.0668665
13023	6.65989e-05	0.649723	1.35617e-05	0.350191	5.82705e-06
13024	0.750848	0.0256023	0.152897	0.00495818	0.0656952
13025	0.751451	0.0252418	0.15302	0.00453928	0.065748
13026	0.769439	0.00514278	0.156682	0.00141423	0.0673218
13027	0.773253	0.00138352	0.157459	0.000248932	0.0676555
13028	2.75917e-09	4.3929e-05	5.61855e-10	0.999956	2.41413e-10
13029	0.579289	0.212709	0.117962	0.0393557	0.0506847
13030	0.618974	0.130493	0.126043	0.0703338	0.0541569
13031	0.768638	0.00643119	0.156519	0.00115981	0.0672517
13032	0.764288	0.00858222	0.155633	0.00462569	0.0668711
13033	0.734893	0.0332429	0.149648	0.0179175	0.0642992
13034	0.6737	0.110324	0.137187	0.0198442	0.0589451
13035	0.727858	0.0391445	0.148215	0.0210984	0.0636837
13036	0.769454	0.00424818	0.156685	0.00228971	0.0673231
13037	0.588457	0.195029	0.119829	0.0451982	0.0514869
13038	0.766992	0.00823199	0.156184	0.00148378	0.0671077
13039	5.53872e-07	0.649778	1.12786e-07	0.350221	4.84608e-08
13040	0.734312	0.0439903	0.149529	0.00792026	0.0642483
13041	0.75028	0.026216	0.152781	0.00507704	0.0656455
13042	0.752635	0.0183581	0.153261	0.00989477	0.0658515
13043	0.69294	0.0891838	0.141105	0.0161434	0.0606285
13044	0.717425	0.047897	0.146091	0.0258158	0.0627709
13045	0.464083	0.260438	0.0945022	0.140372	0.0406048
13046	4.0906e-09	0.847642	8.32976e-10	0.152358	3.57905e-10
13047	0.715029	0.0499077	0.145603	0.0268995	0.0625612
13048	3.94692e-09	0.649779	8.03719e-10	0.350221	3.45334e-10
13049	0.530222	0.267319	0.10797	0.0480976	0.0463916
13050	0.745351	0.0244694	0.151777	0.0131886	0.0652142
13051	0.76773	0.0056944	0.156334	0.0030692	0.0671722
13052	1.24321e-07	0.842573	2.53158e-08	0.157427	1.08774e-08
13053	4.66975e-07	0.00395388	9.50911e-08	0.996046	4.08578e-08
13054	5.81989e-06	0.825453	1.18512e-06	0.17454	5.09209e-07
13055	0.604683	0.142482	0.123133	0.0767955	0.0529066
13056	0.000830635	0.649082	0.000169144	0.349846	7.26761e-05
13057	0.617405	0.171956	0.125723	0.030897	0.0540196
13058	0.705169	0.0758855	0.143595	0.0136516	0.0616985
13059	0.67877	0.0803272	0.138219	0.0432952	0.0593887
13060	3.56823e-07	0.847128	7.26605e-08	0.152872	3.12201e-08
13061	0.769156	0.00449776	0.156625	0.00242423	0.067297
13062	0.763732	0.00904849	0.15552	0.00487701	0.0668224
13063	0.745438	0.0304806	0.151795	0.00706393	0.0652219
13064	0.668272	0.0891339	0.136082	0.0480419	0.0584702
13065	0.485257	0.316567	0.0988138	0.0569054	0.0424574
13066	0.0012747	0.648709	0.00025957	0.349645	0.000111529
13067	0.000352925	0.649482	7.18668e-05	0.350062	3.0879e-05
13068	2.10148e-06	0.649777	4.27928e-07	0.35022	1.83868e-07
13069	0.113093	0.5549	0.0230293	0.299083	0.00989501
13070	0.768805	0.00479214	0.156553	0.0025829	0.0672663
13071	0.75615	0.0154096	0.153976	0.00830554	0.066159
13072	0.766299	0.00899306	0.156043	0.00161809	0.067047
13073	1.62094e-15	1.01128e-16	3.30075e-16	1	1.41824e-16
13074	0.41431	0.302195	0.0843667	0.162879	0.0362499
13075	0.77039	0.00346292	0.156876	0.00186646	0.067405
13076	0.761242	0.0111369	0.155013	0.00600263	0.0666046
13077	0.000884802	0.836801	0.000180174	0.162056	7.74154e-05
13078	0.577619	0.21546	0.117622	0.0387607	0.0505385
13079	0.754267	0.0169891	0.153593	0.00915686	0.0659943
13080	0.755035	0.0163449	0.153749	0.00880965	0.0660615
13081	0.721324	0.044626	0.146885	0.0240528	0.063112
13082	0.723713	0.0426224	0.147371	0.0229729	0.063321
13083	0.771018	0.00382743	0.157004	0.000690694	0.0674599
13084	0.717291	0.04801	0.146063	0.0258767	0.0627591
13085	0.736671	0.0413834	0.15001	0.00748148	0.0644547
13086	0.756073	0.0199504	0.153961	0.00386363	0.0661523
13087	0.0125533	0.639247	0.00255625	0.344545	0.00109835
13088	0.00220939	0.647925	0.000449902	0.349222	0.000193309
13089	0.652366	0.102478	0.132843	0.0552343	0.0570786
13090	1.80738e-07	0.649778	3.6804e-08	0.350221	1.58136e-08
13091	0.74019	0.0287988	0.150726	0.0155221	0.0647627
13092	0.771673	0.00238637	0.157137	0.00128622	0.0675172
13093	1.51213e-05	0.649766	3.07919e-06	0.350215	1.32304e-06
13094	0.762386	0.0132322	0.155246	0.00243143	0.0667047
13095	4.47112e-11	0.649779	9.10463e-12	0.350221	3.91199e-12
13096	5.77418e-07	0.649778	1.17581e-07	0.350221	5.0521e-08
13097	0.761783	0.0139179	0.155123	0.00252337	0.066652
13098	0.729837	0.0488969	0.148618	0.00879109	0.0638568
13099	1.33288e-05	0.649767	2.71417e-06	0.350215	1.1662e-06
13100	0.57916	0.212042	0.117936	0.040189	0.0506734
13101	0.722285	0.0438204	0.14708	0.0236186	0.063196
13102	0.771316	0.00268536	0.157065	0.00144737	0.0674861
13103	0.00281728	0.647415	0.000573689	0.348948	0.000246497
13104	0.750337	0.0244867	0.152793	0.00673367	0.0656504
13105	0.760645	0.0116381	0.154892	0.00627278	0.0665524
13106	0.652713	0.102187	0.132913	0.0550775	0.0571089
13107	0.769368	0.00432011	0.156668	0.00232848	0.0673156
13108	0.655429	0.130217	0.133466	0.0235413	0.0573465
13109	0.740005	0.0377209	0.150689	0.00683896	0.0647465
13110	0.00238962	0.647774	0.000486603	0.349141	0.000209079
13111	0.73761	0.0309636	0.150201	0.016689	0.0645369
13112	0.435012	0.371566	0.0885824	0.0667783	0.0380612
13113	0.757624	0.014173	0.154276	0.00763906	0.066288
13114	0.760538	0.0117278	0.15487	0.00632109	0.066543
13115	0.733788	0.0341701	0.149423	0.0184172	0.0642025
13116	0.763927	0.0115897	0.15556	0.00208419	0.0668395
13117	0.662271	0.122712	0.13486	0.0222125	0.0579451
13118	0.731632	0.0359786	0.148984	0.0193919	0.0640139
13119	0.514617	0.284443	0.104793	0.0511205	0.0450263
13120	0.718234	0.0472184	0.146256	0.0254501	0.0628417
13121	6.14706e-05	0.847482	1.25174e-05	0.152439	5.37835e-06
13122	0.725952	0.040744	0.147827	0.0219604	0.0635169
13123	0.731059	0.0475508	0.148867	0.00855911	0.0639638
13124	0.76296	0.00969622	0.155363	0.00522612	0.0667549
13125	0.678605	0.104829	0.138186	0.019006	0.0593743
13126	0.76439	0.0110828	0.155654	0.00199255	0.0668801
13127	0.628339	0.159945	0.12795	0.02879	0.0549763
13128	0.76904	0.00459554	0.156601	0.00247693	0.0672868
13129	0.770077	0.00372505	0.156812	0.00200775	0.0673776
13130	0.750866	0.0198422	0.1529	0.0106946	0.0656968
13131	0.29691	0.400687	0.0604603	0.215965	0.025978
13132	0.737706	0.0308825	0.150221	0.0166452	0.0645454
13133	0.000243418	0.649574	4.95677e-05	0.350111	2.12978e-05
13134	0.764063	0.00877066	0.155588	0.00472726	0.0668514
13135	3.92295e-11	0.649779	7.98838e-12	0.350221	3.43237e-12
13136	0.709997	0.0541291	0.144578	0.0291748	0.0621209
13137	0.58759	0.204588	0.119652	0.0367587	0.051411
13138	0.593546	0.151825	0.120865	0.0818315	0.0519321
13139	0.72866	0.0501865	0.148378	0.00902144	0.0637538
13140	0.725835	0.0530415	0.147803	0.00981377	0.0635067
13141	0.763555	0.009197	0.155484	0.00495705	0.066807
13142	0.766947	0.00828518	0.156175	0.00148862	0.0671038
13143	0.694639	0.0851317	0.141451	0.0180009	0.0607772
13144	0.713381	0.05129	0.145267	0.0276446	0.062417
13145	0.7644	0.00848819	0.155656	0.00457501	0.0668809
13146	0.625755	0.124804	0.127424	0.0672673	0.0547502
13147	0.763305	0.00940617	0.155433	0.00506979	0.0667851
13148	0.566773	0.174286	0.115413	0.0939379	0.0495896
13149	0.654413	0.13141	0.133259	0.0236598	0.0572576
13150	0.697507	0.0646079	0.142035	0.0348228	0.0610281
13151	0.768631	0.00493791	0.156518	0.00266146	0.0672511
13152	0.744062	0.0333327	0.151515	0.00598937	0.0651014
13153	0.754998	0.0163757	0.153742	0.00882627	0.0660583
13154	0.702236	0.06064	0.142998	0.0326841	0.0614419
13155	0.7131	0.0515257	0.14521	0.0277716	0.0623925
13156	2.12992e-07	0.649778	4.3372e-08	0.350221	1.86357e-08
13157	0.558869	0.218377	0.113804	0.0600521	0.0488981
13158	0.676629	0.107135	0.137783	0.0192506	0.0592014
13159	0.749749	0.020779	0.152673	0.0111996	0.0655991
13160	5.05082e-32	2.58916e-30	1.02851e-32	1	4.41919e-33
13161	0.723252	0.0430086	0.147277	0.023181	0.0632807
13162	0.562516	0.177858	0.114546	0.0958627	0.0492172
13163	0.639103	0.113606	0.130142	0.0612318	0.0559181
13164	0.610021	0.138004	0.12422	0.0743821	0.0533735
13165	0.699875	0.0816913	0.142517	0.0146813	0.0612353
13166	0.662587	0.122501	0.134924	0.0220155	0.0579728
13167	0.745781	0.0291004	0.151865	0.0080024	0.0652518
13168	0.771038	0.00291864	0.157008	0.00157311	0.0674617
13169	0.647832	0.106282	0.131919	0.0572846	0.0566818
13170	3.68991e-06	0.846518	7.51385e-07	0.153477	3.22848e-07
13171	8.37473e-06	0.82545	1.70536e-06	0.174539	7.32744e-07
13172	0.752321	0.0242862	0.153197	0.00437262	0.065824
13173	0.740037	0.0370904	0.150695	0.00742821	0.0647493
13174	0.000703041	0.82471	0.000143162	0.174383	6.15123e-05
13175	0.719333	0.0462966	0.146479	0.0249532	0.0629378
13176	0.661991	0.0944038	0.134803	0.0508823	0.0579207
13177	0.713553	0.0511462	0.145302	0.0275671	0.062432
13178	5.27599e-05	0.649734	1.07436e-05	0.350198	4.61621e-06
13179	0.741744	0.0274953	0.151043	0.0148196	0.0648986
13180	0.632475	0.119166	0.128792	0.0642288	0.0553382
13181	0.706972	0.0739039	0.143962	0.0133061	0.0618562
13182	0.366721	0.445378	0.0746762	0.0811382	0.0320862
13183	0.67318	0.108002	0.137081	0.0228368	0.0588997
13184	0.762571	0.010022	0.155284	0.00540174	0.0667209
13185	0.746908	0.0231626	0.152094	0.0124843	0.0653505
13186	1.50557e-09	0.649779	3.06582e-10	0.350221	1.31729e-10
13187	0.755522	0.015936	0.153849	0.00858926	0.0661041
13188	0.735837	0.0423191	0.14984	0.0076217	0.0643818
13189	0.747395	0.0227546	0.152193	0.0122644	0.065393
13190	0.711875	0.052554	0.14496	0.0283258	0.0622852
13191	1.06905e-06	0.649778	2.17693e-07	0.350221	9.35362e-08
13192	0.0262533	0.757733	0.00534601	0.208371	0.00229702
13193	0.687166	0.0732831	0.139929	0.0394986	0.0601233
13194	1.62398e-09	0.649779	3.30694e-10	0.350221	1.42089e-10
13195	1.78331e-08	0.649779	3.63138e-09	0.350221	1.5603e-09
13196	0.755762	0.0157345	0.153897	0.00848065	0.0661252
13197	0.732926	0.0348929	0.149247	0.0188068	0.0641271
13198	0.750969	0.0256845	0.152921	0.00471956	0.0657058
13199	0.762009	0.0104935	0.15517	0.00565586	0.0666717
13200	0.646286	0.140108	0.131604	0.0254551	0.0565465
13201	0.76759	0.00581135	0.156306	0.00313223	0.0671601
13202	0.755189	0.0162152	0.153781	0.00873975	0.066075
13203	1.28638e-06	0.649777	2.61948e-07	0.350221	1.12551e-07
13204	0.758669	0.0173215	0.154489	0.00314046	0.0663795
13205	4.67241e-08	0.649779	9.51453e-09	0.350221	4.08811e-09
13206	0.725034	0.0415135	0.14764	0.0223752	0.0634366
13207	0.101275	0.564814	0.0206229	0.304427	0.00886106
13208	0.769318	0.00436176	0.156658	0.00235093	0.0673112
13209	0.750697	0.0199841	0.152866	0.0107711	0.065682
13210	1.3734e-08	0.847212	2.79669e-09	0.152788	1.20165e-09
13211	0.630528	0.157528	0.128396	0.0283812	0.0551678
13212	0.00279498	0.843967	0.000569148	0.152424	0.000244546
13213	1.94878e-09	2.60534e-05	3.96834e-10	0.999974	1.70508e-10
13214	0.737016	0.0314614	0.15008	0.0169572	0.064485
13215	6.92086e-09	0.649779	1.40931e-09	0.350221	6.05538e-10
13216	0.722701	0.0567015	0.147165	0.0102004	0.0632324
13217	0.762266	0.0102781	0.155222	0.00553973	0.0666942
13218	5.27232e-06	3.45392e-07	1.07361e-06	0.999993	4.613e-07
13219	0.515007	0.284026	0.104872	0.0510345	0.0450604
13220	0.589664	0.200641	0.120074	0.0380283	0.0515924
13221	0.46697	0.258016	0.0950901	0.139067	0.0408574
13222	0.313111	0.387095	0.0637595	0.208639	0.0273956
13223	0.746402	0.0235872	0.151991	0.0127132	0.0653062
13224	0.733587	0.0343384	0.149382	0.0185079	0.0641849
13225	0.72657	0.0402249	0.147953	0.0216807	0.063571
13226	0.72987	0.0374567	0.148625	0.0201887	0.0638597
13227	0.694084	0.0674792	0.141338	0.0363703	0.0607286
13228	4.90775e-24	3.03836e-25	9.99374e-25	1	4.29401e-25
13229	0.716266	0.0488694	0.145855	0.0263399	0.0626695
13230	0.718757	0.04678	0.146362	0.0252137	0.0628874
13231	0.632387	0.155471	0.128774	0.0280378	0.0553305
13232	0.72655	0.0402422	0.147949	0.02169	0.0635692
13233	0.710994	0.0532928	0.144781	0.0287241	0.0622082
13234	0.711305	0.0691385	0.144844	0.0124767	0.0622354
13235	0.770618	0.00327093	0.156923	0.00176298	0.067425
13236	1.43141e-05	0.649767	2.91482e-06	0.350215	1.25241e-06
13237	0.764514	0.00839234	0.15568	0.00452335	0.0668909
13238	0.768042	0.0054325	0.156398	0.00292804	0.0671996
13239	1.35128e-07	0.649778	2.75165e-08	0.350221	1.1823e-08
13240	0.737857	0.0307561	0.150251	0.0165771	0.0645585
13241	0.768641	0.0063932	0.15652	0.00119451	0.0672519
13242	0.649625	0.136663	0.132284	0.0245892	0.0568387
13243	0.758764	0.0132161	0.154509	0.00712327	0.0663878
13244	0.747721	0.0271356	0.15226	0.0074621	0.0654216
13245	0.718412	0.0470695	0.146292	0.0253698	0.0628572
13246	0.763523	0.00922346	0.155478	0.00497132	0.0668042
13247	0.767653	0.00575846	0.156319	0.00310373	0.0671656
13248	0.201383	0.480829	0.0410081	0.25916	0.01762
13249	0.409004	0.398974	0.0832864	0.0729496	0.0357857
13250	0.772796	0.00188343	0.157366	0.000338736	0.0676155
13251	0.705008	0.0583148	0.143562	0.0314309	0.0616844
13252	0.515535	0.217272	0.104979	0.117107	0.0451066
13253	2.00569e-07	0.649778	4.08423e-08	0.350221	1.75487e-08
13254	0.623589	0.165187	0.126983	0.0296803	0.0545607
13255	0.704916	0.0761495	0.143543	0.0137146	0.0616764
13256	9.43908e-06	0.649771	1.9221e-06	0.350217	8.25869e-07
13257	0.752037	0.0188598	0.153139	0.0101652	0.0657992
13258	0.768305	0.0067876	0.156452	0.00123318	0.0672226
13259	0.562305	0.178035	0.114503	0.0959581	0.0491987
13260	0.760433	0.0118158	0.154849	0.00636857	0.0665338
13261	0.665145	0.0917575	0.135445	0.049456	0.0581966
13262	4.80669e-08	0.649779	9.78796e-09	0.350221	4.2056e-09
13263	0.687946	0.0726291	0.140088	0.039146	0.0601916
13264	0.766325	0.00889154	0.156048	0.00168524	0.0670494
13265	0.261285	0.430575	0.0532059	0.232074	0.022861
13266	0.649245	0.137104	0.132207	0.024638	0.0568055
13267	0.754586	0.0218103	0.153658	0.00392361	0.0660222
13268	0.000398735	0.649444	8.11953e-05	0.350041	3.48872e-05
13269	0.735994	0.0421571	0.149872	0.00758119	0.0643956
13270	0.704311	0.0767088	0.14342	0.0139366	0.0616234
13271	0.651117	0.135039	0.132588	0.0242868	0.0569693
13272	4.23913e-12	8.39995e-13	8.63223e-13	1	3.70901e-13
13273	0.754645	0.0166717	0.15367	0.00898578	0.0660274
13274	0.771544	0.00249451	0.157111	0.00134451	0.067506
13275	0.748252	0.0220351	0.152368	0.0118766	0.0654681
13276	0.769078	0.00570204	0.156609	0.00132146	0.0672902
13277	0.768469	0.00507418	0.156485	0.00273491	0.0672369
13278	0.250889	0.572977	0.051089	0.103093	0.0219514
13279	0.69356	0.067919	0.141231	0.0366074	0.0606828
13280	0.755143	0.0162544	0.153771	0.00876089	0.0660709
13281	0.754916	0.0164443	0.153725	0.00886325	0.0660511
13282	0.747453	0.0288442	0.152205	0.00609904	0.0653982
13283	0.763578	0.0091773	0.155489	0.00494643	0.066809
13284	0.37591	0.33441	0.0765473	0.180242	0.0328901
13285	0.543613	0.193717	0.110697	0.10441	0.0475632
13286	0.631806	0.119727	0.128656	0.0645313	0.0552796
13287	1.4155e-08	2.582e-09	2.88242e-09	1	1.23849e-09
13288	1.59011e-07	0.846251	3.23796e-08	0.153748	1.39126e-08
13289	0.761639	0.010804	0.155094	0.00582322	0.0666394
13290	0.766831	0.00841186	0.156151	0.00151153	0.0670937
13291	0.413046	0.303255	0.0841095	0.16345	0.0361394
13292	0.00111431	0.648844	0.00022691	0.349718	9.74964e-05
13293	4.76294e-08	0.649779	9.69887e-09	0.350221	4.16732e-09
13294	0.769153	0.00562319	0.156624	0.00130318	0.0672968
13295	0.736648	0.0317701	0.150005	0.0171236	0.0644528
13296	0.723042	0.043185	0.147235	0.0232761	0.0632623
13297	0.366407	0.342383	0.0746122	0.18454	0.0320586
13298	0.645661	0.108103	0.131477	0.0582662	0.0564919
13299	0.724711	0.0544896	0.147574	0.00981719	0.0634083
13300	4.8104e-07	0.649778	9.79552e-08	0.350221	4.20884e-08
13301	0.286527	0.409398	0.0583461	0.22066	0.0250696
13302	4.79461e-06	0.649775	9.76336e-07	0.350219	4.19503e-07
13303	0.606669	0.17594	0.123537	0.0407743	0.0530803
13304	0.763161	0.00952711	0.155404	0.00513497	0.0667725
13305	0.766526	0.00670415	0.156089	0.00361344	0.0670669
13306	0.673283	0.0849301	0.137102	0.0457761	0.0589087
13307	2.63498e-06	0.649776	5.36567e-07	0.35022	2.30547e-07
13308	0.755237	0.0161754	0.15379	0.00871832	0.0660792
13309	0.762135	0.0103885	0.155195	0.00559926	0.0666827
13310	0.768467	0.00507575	0.156485	0.00273576	0.0672368
13311	0.768062	0.0054159	0.156402	0.00291909	0.0672013
13312	0.773375	0.000958754	0.157484	0.000516755	0.0676661
13313	0.766233	0.00694983	0.15603	0.00374586	0.0670413
13314	0.00697709	0.643925	0.00142076	0.347067	0.000610458
13315	0.772956	0.00170835	0.157399	0.000307327	0.0676295
13316	0.422567	0.295267	0.0860482	0.159145	0.0369724
13317	0.761223	0.011153	0.155009	0.00601129	0.066603
13318	0.685123	0.074997	0.139513	0.0404223	0.0599446
13319	0.694474	0.0671517	0.141417	0.0361938	0.0607628
13320	0.636193	0.116046	0.129549	0.0625473	0.0556635
13321	0.765955	0.0071831	0.155973	0.00387159	0.067017
13322	0.749692	0.0271671	0.152661	0.00488506	0.0655941
13323	0.744351	0.0330165	0.151574	0.0059321	0.0651267
13324	0.749235	0.0212104	0.152568	0.0114321	0.0655541
13325	1.29848e-05	0.649768	2.64412e-06	0.350216	1.1361e-06
13326	0.151346	0.681988	0.0308189	0.122606	0.013242
13327	0.635404	0.116709	0.129389	0.0629043	0.0555945
13328	0.76621	0.00696962	0.156025	0.00375652	0.0670393
13329	0.754423	0.0168579	0.153625	0.00908615	0.066008
13330	1.59838e-08	0.649779	3.25481e-09	0.350221	1.3985e-09
13331	0.768018	0.00711138	0.156393	0.00128004	0.0671975
13332	0.699386	0.0822176	0.142417	0.0147869	0.0611925
13333	0.71566	0.0493781	0.145731	0.0266141	0.0626164
13334	0.000171571	0.649635	3.49374e-05	0.350144	1.50116e-05
13335	0.613954	0.17494	0.125021	0.0323675	0.0537177
13336	0.764028	0.0114714	0.155581	0.00207178	0.0668484
13337	0.767442	0.00774405	0.156276	0.0013914	0.067147
13338	0.71302	0.0515931	0.145194	0.0278079	0.0623854
13339	0.749908	0.0206459	0.152705	0.0111279	0.0656129
13340	0.00240402	0.843625	0.000489536	0.153271	0.000210339
13341	0.432602	0.286848	0.0880917	0.154607	0.0378504
13342	0.722573	0.0567554	0.147139	0.0103114	0.0632213
13343	0.687657	0.0728713	0.140029	0.0392766	0.0601663
13344	0.767426	0.00767017	0.156273	0.00148542	0.0671457
13345	0.756384	0.0152127	0.154024	0.00819943	0.0661796
13346	0.701104	0.0803478	0.142767	0.0144376	0.0613429
13347	0.75745	0.0143187	0.154241	0.00771756	0.0662728
13348	0.771994	0.00211653	0.157203	0.00114078	0.0675454
13349	0.768824	0.00623029	0.156557	0.0011199	0.067268
13350	0.562688	0.21451	0.114581	0.0589887	0.0492322
13351	0.409142	0.399867	0.0833143	0.0718794	0.0357977
13352	0.72918	0.0380353	0.148484	0.0205005	0.0637994
13353	0.50201	0.298085	0.102225	0.0537571	0.0439232
13354	0.35744	0.0215744	0.0727862	0.516926	0.0312741
13355	0.748117	0.0288616	0.152341	0.00522432	0.0654563
13356	0.774418	0.000106985	0.157696	2.07189e-05	0.0677575
13357	0.741612	0.027606	0.151016	0.0148792	0.0648871
13358	0.740224	0.0287702	0.150733	0.0155067	0.0647656
13359	0.647937	0.137914	0.131941	0.025517	0.056691
